code,name,time_key,open,close,high,low,pe_ratio,turnover_rate,volume,turnover,change_rate,last_close
HK.00288,万洲国际,2018-01-02 00:00:00,5.57327,5.69327,5.73327,5.57327,15.306,0.00113,16593646.0,148944365.0,3.2648500798981317,5.51327
HK.00288,万洲国际,2018-01-03 00:00:00,5.69327,5.89327,5.91327,5.69327,15.646,0.002,29313502.0,268139495.0,3.5129196402067735,5.69327
HK.00288,万洲国际,2018-01-04 00:00:00,5.95327,5.63327,5.95327,5.60327,15.204,0.00214,31309265.0,282960325.0,-4.4118121178904035,5.89327
HK.00288,万洲国际,2018-01-05 00:00:00,5.76327,5.74327,5.76327,5.58327,15.391,0.00126,18446007.0,166404498.0,1.9526846751531424,5.63327
HK.00288,万洲国际,2018-01-08 00:00:00,5.85327,5.72327,5.85327,5.67327,15.357,0.00164,23969285.0,216814918.0,-0.3482336717584159,5.74327
HK.00288,万洲国际,2018-01-09 00:00:00,5.85327,5.56327,5.85327,5.55327,15.085,0.00219,32101579.0,286891388.0,-2.7956046106509063,5.72327
HK.00288,万洲国际,2018-01-10 00:00:00,5.52327,5.85327,5.88327,5.47327,15.578,0.00333,48850480.0,438837866.0,5.212761559298759,5.56327
HK.00288,万洲国际,2018-01-11 00:00:00,5.77327,5.81327,5.86327,5.71327,15.51,0.00201,29528324.0,269032540.0,-0.6833786925940549,5.85327
HK.00288,万洲国际,2018-01-12 00:00:00,5.87327,5.64327,5.89327,5.58327,15.221,0.00206,30177060.0,271553274.0,-2.9243437858554637,5.81327
HK.00288,万洲国际,2018-01-15 00:00:00,5.64327,5.59327,5.67327,5.54327,15.136,0.00187,27471429.0,244778993.0,-0.8860111247556793,5.64327
HK.00288,万洲国际,2018-01-16 00:00:00,5.47327,5.65327,5.71327,5.47327,15.238,0.00146,21438924.0,191982329.0,1.0727177482939247,5.59327
HK.00288,万洲国际,2018-01-17 00:00:00,5.57327,5.57327,5.63327,5.41327,15.102,0.00217,31826626.0,281593056.0,-1.4151101928618317,5.65327
HK.00288,万洲国际,2018-01-18 00:00:00,5.56327,5.45327,5.58327,5.45327,14.897,0.00228,33407484.0,294055866.0,-2.153134515284566,5.57327
HK.00288,万洲国际,2018-01-19 00:00:00,5.40327,5.68327,5.68327,5.40327,15.289,0.00165,24216056.0,214378750.0,4.217652894501839,5.45327
HK.00288,万洲国际,2018-01-22 00:00:00,5.66327,5.68327,5.76327,5.54327,15.289,0.00151,22085606.0,197561832.0,0.0,5.68327
HK.00288,万洲国际,2018-01-23 00:00:00,5.64327,5.75327,5.75327,5.61327,15.408,0.00134,19579766.0,176291508.0,1.2316852797773006,5.68327
HK.00288,万洲国际,2018-01-24 00:00:00,5.79327,5.83327,5.87327,5.67327,15.544,0.00173,25317421.0,230298168.0,1.39051356880522,5.75327
HK.00288,万洲国际,2018-01-25 00:00:00,5.89327,5.93327,6.17327,5.78327,15.714,0.0022,32334096.0,299852817.0,1.7143043267326994,5.83327
HK.00288,万洲国际,2018-01-26 00:00:00,6.06327,5.97327,6.06327,5.82327,15.782,0.00196,28728429.0,265988561.0,0.6741644995087032,5.93327
HK.00288,万洲国际,2018-01-29 00:00:00,5.96327,5.95327,6.04327,5.79327,15.748,0.00143,20998717.0,194234956.0,-0.3348249786130622,5.97327
HK.00288,万洲国际,2018-01-30 00:00:00,5.99327,5.99327,6.16327,5.91327,15.816,0.00209,30578689.0,285027684.0,0.6718996450690131,5.95327
HK.00288,万洲国际,2018-01-31 00:00:00,6.08327,6.38327,6.55327,6.03327,16.479,0.00592,86770634.0,835704013.0,6.507299020401226,5.99327
HK.00288,万洲国际,2018-02-01 00:00:00,6.44327,6.43327,6.57327,6.35327,16.564,0.0108,158368844.0,1524594268.0,0.7832975888533591,6.38327
HK.00288,万洲国际,2018-02-02 00:00:00,6.37327,6.29327,6.41327,6.25327,16.326,0.00301,44202512.0,426189126.0,-2.1761872267136395,6.43327
HK.00288,万洲国际,2018-02-05 00:00:00,5.99327,6.02327,6.15327,5.94327,15.867,0.00368,54010347.0,505176264.0,-4.290297412950653,6.29327
HK.00288,万洲国际,2018-02-06 00:00:00,5.83327,5.81327,6.08327,5.69327,15.51,0.00757,111099023.0,1017922533.0,-3.4864782750897763,6.02327
HK.00288,万洲国际,2018-02-07 00:00:00,5.69327,5.73327,5.88327,5.65327,15.374,0.00493,72410223.0,655871857.0,-1.3761617815790435,5.81327
HK.00288,万洲国际,2018-02-08 00:00:00,6.05327,5.76327,6.05327,5.68327,15.425,0.00188,27631440.0,251359371.0,0.5232615941687772,5.73327
HK.00288,万洲国际,2018-02-09 00:00:00,5.41327,5.32327,5.63327,5.20327,14.676,0.00626,91893689.0,796883310.0,-7.634554688570905,5.76327
HK.00288,万洲国际,2018-02-12 00:00:00,5.31327,5.40327,5.52327,5.26327,14.812,0.00336,49307293.0,430082325.0,1.5028356630417032,5.32327
HK.00288,万洲国际,2018-02-13 00:00:00,5.52327,5.79327,5.81327,5.44327,15.476,0.00299,43812420.0,392344357.0,7.217851412200384,5.40327
HK.00288,万洲国际,2018-02-14 00:00:00,5.69327,5.74327,5.88327,5.69327,15.391,0.00145,21279822.0,192826209.0,-0.8630704248205214,5.79327
HK.00288,万洲国际,2018-02-15 00:00:00,5.79327,5.68327,5.87327,5.59327,15.289,0.00131,19217457.0,172484934.0,-1.0447010152752634,5.74327
HK.00288,万洲国际,2018-02-20 00:00:00,5.79327,5.74327,5.80327,5.53327,15.391,0.00249,36525174.0,328762929.0,1.055730239809117,5.68327
HK.00288,万洲国际,2018-02-21 00:00:00,5.79327,6.04327,6.05327,5.78327,15.901,0.00131,19184126.0,178545353.0,5.223505076376347,5.74327
HK.00288,万洲国际,2018-02-22 00:00:00,5.85327,6.07327,6.09327,5.75327,15.952,0.00355,52131883.0,485233557.0,0.4964199845447953,6.04327
HK.00288,万洲国际,2018-02-23 00:00:00,6.04327,6.08327,6.14327,5.98327,15.969,0.00183,26781821.0,250351543.0,0.16465594317393736,6.07327
HK.00288,万洲国际,2018-02-26 00:00:00,6.13327,6.34327,6.37327,5.97327,16.411,0.00229,33666354.0,319785729.0,4.274017099356114,6.08327
HK.00288,万洲国际,2018-02-27 00:00:00,6.57327,6.16327,6.59327,6.10327,16.105,0.00422,61974570.0,598878157.0,-2.8376531347396625,6.34327
HK.00288,万洲国际,2018-02-28 00:00:00,6.29327,6.39327,6.39327,5.98327,16.496,0.00266,39065042.0,375487914.0,3.731785237382111,6.16327
HK.00288,万洲国际,2018-03-01 00:00:00,5.91327,6.29327,6.33327,5.91327,16.326,0.00247,36266403.0,346629717.0,-1.5641447960120645,6.39327
HK.00288,万洲国际,2018-03-02 00:00:00,6.03327,6.17327,6.22327,6.00327,16.122,0.00247,36217379.0,342885831.0,-1.906798850200295,6.29327
HK.00288,万洲国际,2018-03-05 00:00:00,6.29327,5.96327,6.31327,5.92327,15.765,0.00439,64394171.0,606119984.0,-3.4017627610650427,6.17327
HK.00288,万洲国际,2018-03-06 00:00:00,5.98327,5.94327,6.16327,5.94327,15.731,0.00265,38890172.0,362517869.0,-0.3353864574302283,5.96327
HK.00288,万洲国际,2018-03-07 00:00:00,5.80327,5.89327,6.20327,5.79327,15.646,0.00271,39720213.0,368165626.0,-0.8412877086183166,5.94327
HK.00288,万洲国际,2018-03-08 00:00:00,5.95327,6.02327,6.09327,5.89327,15.867,0.00144,21179616.0,197660522.0,2.2059060589452018,5.89327
HK.00288,万洲国际,2018-03-09 00:00:00,6.17327,6.22327,6.35327,6.13327,16.207,0.00098,14445611.0,138195032.0,3.320455500085505,6.02327
HK.00288,万洲国际,2018-03-12 00:00:00,6.54327,6.29327,6.54327,6.21327,16.326,0.00118,17347849.0,167018633.0,1.1248105899310072,6.22327
HK.00288,万洲国际,2018-03-13 00:00:00,6.29327,6.12327,6.29327,6.03327,16.037,0.00138,20304087.0,191174127.0,-2.701298371117081,6.29327
HK.00288,万洲国际,2018-03-14 00:00:00,6.07327,5.99327,6.10327,5.94327,15.816,0.00163,23987028.0,223110645.0,-2.1230486325117117,6.12327
HK.00288,万洲国际,2018-03-15 00:00:00,6.05327,6.26327,6.32327,5.94327,16.275,0.00195,28659726.0,272203708.0,4.505053167970081,5.99327
HK.00288,万洲国际,2018-03-16 00:00:00,6.19327,6.13327,6.25327,5.99327,16.054,0.00345,50684014.0,478979922.0,-2.0755931007285313,6.26327
HK.00288,万洲国际,2018-03-19 00:00:00,5.97327,6.12327,6.18327,5.97327,16.037,0.00117,17237177.0,161775623.0,-0.16304516187939996,6.13327
HK.00288,万洲国际,2018-03-20 00:00:00,6.04327,6.12327,6.21327,6.00327,16.037,0.00123,18117753.0,170443195.0,0.0,6.12327
HK.00288,万洲国际,2018-03-21 00:00:00,6.13327,6.27327,6.37327,6.09327,16.292,0.00152,22323375.0,214018787.0,2.449671499051983,6.12327
HK.00288,万洲国际,2018-03-22 00:00:00,6.20327,6.16327,6.34327,6.12327,16.105,0.00128,18722011.0,177776571.0,-1.753471475004269,6.27327
HK.00288,万洲国际,2018-03-23 00:00:00,5.50327,5.72327,5.79327,5.19327,15.357,0.0067,98376048.0,869871884.0,-7.139067410644017,6.16327
HK.00288,万洲国际,2018-03-26 00:00:00,5.52327,5.34327,5.62327,5.28327,14.71,0.0033,48479752.0,420975820.0,-6.639560950295895,5.72327
HK.00288,万洲国际,2018-03-27 00:00:00,5.19327,5.07327,5.39327,5.063269999,14.251,0.00442,64862772.0,551704979.0,-5.053085470133466,5.34327
HK.00288,万洲国际,2018-03-28 00:00:00,5.24327,5.11327,5.34327,5.07327,13.825,0.00285,41800738.0,355522267.0,0.7884461106938924,5.07327
HK.00288,万洲国际,2018-03-29 00:00:00,5.19327,5.053269999,5.32327,4.93327,13.727,0.00243,35727214.0,298723824.0,-1.173417421728164,5.11327
HK.00288,万洲国际,2018-04-03 00:00:00,4.893269999,5.10327,5.17327,4.883269999,13.809,0.00172,25266779.0,211856754.0,0.989458331137946,5.053269999
HK.00288,万洲国际,2018-04-04 00:00:00,5.03327,5.01327,5.223269999,5.00327,13.661,0.0018,26401175.0,221120255.0,-1.7635751194822116,5.10327
HK.00288,万洲国际,2018-04-06 00:00:00,4.99327,4.733269999,5.17327,4.65327,13.201,0.00283,41459229.0,337352402.0,-5.585176960347245,5.01327
HK.00288,万洲国际,2018-04-09 00:00:00,4.74327,5.04327,5.17327,4.733269999,13.711,0.00242,35509493.0,295712443.0,6.549383429753501,4.733269999
HK.00288,万洲国际,2018-04-10 00:00:00,4.94327,5.35327,5.44327,4.93327,14.22,0.00256,37498108.0,323032667.0,6.14680554481518,5.04327
HK.00288,万洲国际,2018-04-11 00:00:00,5.26327,5.18327,5.39327,5.18327,13.94,0.0013,19046958.0,162793510.0,-3.175629101465084,5.35327
HK.00288,万洲国际,2018-04-12 00:00:00,5.38327,5.37327,5.38327,5.20327,14.252,0.00098,14390218.0,124423089.0,3.665639644471531,5.18327
HK.00288,万洲国际,2018-04-13 00:00:00,5.29327,5.12327,5.32327,5.08327,13.842,0.00185,27100621.0,230426207.0,-4.652660298105251,5.37327
HK.00288,万洲国际,2018-04-16 00:00:00,5.00327,4.973269999,5.08327,4.87327,13.596,0.00125,18303550.0,151779856.0,-2.9278176047719437,5.12327
HK.00288,万洲国际,2018-04-17 00:00:00,5.00327,4.82327,5.17327,4.82327,13.349,0.00117,17098300.0,141011275.0,-3.016124180472034,4.973269999
HK.00288,万洲国际,2018-04-18 00:00:00,4.85327,4.68327,4.96327,4.59327,13.119,0.00224,32866190.0,263862494.0,-2.9025951273720874,4.82327
HK.00288,万洲国际,2018-04-19 00:00:00,4.92327,5.15327,5.26327,4.87327,13.891,0.00304,44681877.0,377561796.0,10.03572290301434,4.68327
HK.00288,万洲国际,2018-04-20 00:00:00,5.18327,4.96327,5.26327,4.93327,13.579,0.00168,24719809.0,206906461.0,-3.6869793354510896,5.15327
HK.00288,万洲国际,2018-04-23 00:00:00,4.87327,5.053269999,5.12327,4.87327,13.727,0.0019,27846701.0,232438490.0,1.8133206333727698,4.96327
HK.00288,万洲国际,2018-04-24 00:00:00,5.04327,5.31327,5.48327,5.04327,14.154,0.00197,28916576.0,248656499.0,5.1451832388028285,5.053269999
HK.00288,万洲国际,2018-04-25 00:00:00,5.21327,4.49327,5.21327,4.47327,12.807,0.00801,117562300.0,927714349.0,-15.433057232175296,5.31327
HK.00288,万洲国际,2018-04-26 00:00:00,4.58327,4.59327,4.69327,4.51327,12.972,0.00259,38040146.0,300431933.0,2.225550656871288,4.49327
HK.00288,万洲国际,2018-04-27 00:00:00,4.78327,4.93327,4.94327,4.67327,13.53,0.00341,49983707.0,403294742.0,7.402133991687836,4.59327
HK.00288,万洲国际,2018-04-30 00:00:00,5.053269999,4.883269999,5.053269999,4.813269999,13.448,0.00203,29861684.0,244453669.0,-1.0135265452732145,4.93327
HK.00288,万洲国际,2018-05-02 00:00:00,5.21327,4.87327,5.21327,4.75327,13.431,0.00224,32816808.0,268135679.0,-0.20478079242082456,4.883269999
HK.00288,万洲国际,2018-05-03 00:00:00,4.87327,4.75327,4.87327,4.67327,13.234,0.00307,45091852.0,362975718.0,-2.462412302211864,4.87327
HK.00288,万洲国际,2018-05-04 00:00:00,4.78327,4.723269999,4.79327,4.60327,13.185,0.00212,31050078.0,248533885.0,-0.6311444752770081,4.75327
HK.00288,万洲国际,2018-05-07 00:00:00,4.79327,4.66327,4.803269999,4.63327,13.087,0.00103,15138076.0,120766711.0,-1.2703063558234755,4.723269999
HK.00288,万洲国际,2018-05-08 00:00:00,4.79327,4.70327,4.79327,4.67327,13.152,0.00199,29219735.0,234939363.0,0.8577671891183661,4.66327
HK.00288,万洲国际,2018-05-09 00:00:00,4.64327,4.62327,4.71327,4.57327,13.021,0.00209,30618683.0,242396938.0,-1.7009442366693828,4.70327
HK.00288,万洲国际,2018-05-10 00:00:00,4.69327,4.60327,4.78327,4.60327,12.988,0.0019,27829975.0,221752291.0,-0.4325942460639239,4.62327
HK.00288,万洲国际,2018-05-11 00:00:00,4.74327,4.66327,4.74327,4.60327,13.087,0.00162,23820310.0,190029731.0,1.3034212635800118,4.60327
HK.00288,万洲国际,2018-05-14 00:00:00,4.74327,4.92327,4.93327,4.71327,13.513,0.00182,26669928.0,217102132.0,5.575486729269371,4.66327
HK.00288,万洲国际,2018-05-15 00:00:00,5.02327,4.87327,5.02327,4.85327,13.431,0.00154,22646517.0,185944760.0,-1.0155851700191099,4.92327
HK.00288,万洲国际,2018-05-16 00:00:00,4.813269999,5.07327,5.21327,4.79327,13.76,0.00321,47121008.0,394900517.0,4.10402050368644,4.87327
HK.00288,万洲国际,2018-05-17 00:00:00,5.053269999,4.893269999,5.09327,4.82327,13.464,0.00301,44195317.0,365864661.0,-3.5480075178336614,5.07327
HK.00288,万洲国际,2018-05-18 00:00:00,4.93327,5.10327,5.19327,4.893269999,13.809,0.00217,31875061.0,266065590.0,4.2916087001721985,4.893269999
HK.00288,万洲国际,2018-05-21 00:00:00,5.44327,5.51327,5.72327,5.39327,14.482,0.00385,56430249.0,499210442.0,8.034064433196757,5.10327
HK.00288,万洲国际,2018-05-23 00:00:00,5.49327,5.38327,5.49327,5.33327,14.269,0.00208,30547541.0,266518052.0,-2.3579472799264303,5.51327
HK.00288,万洲国际,2018-05-24 00:00:00,5.233269999,5.10327,5.34327,5.07327,13.809,0.00276,40548068.0,345153704.0,-5.20129958185267,5.38327
HK.00288,万洲国际,2018-05-25 00:00:00,5.16327,5.26327,5.45327,5.143269999,14.072,0.00181,26498042.0,228557722.0,3.1352446568572723,5.10327
HK.00288,万洲国际,2018-05-28 00:00:00,5.143269999,5.19327,5.30327,5.143269999,13.957,0.00145,21246863.0,180899871.0,-1.3299716716034,5.26327
HK.00288,万洲国际,2018-05-29 00:00:00,5.07327,5.053269999,5.20327,4.983269999,13.727,0.0016,23433359.0,197464547.0,-2.6957966945681577,5.19327
HK.00288,万洲国际,2018-05-30 00:00:00,4.60327,4.803269999,4.87327,4.60327,13.316,0.00305,44764260.0,361854560.0,-4.947291556743908,5.053269999
HK.00288,万洲国际,2018-05-31 00:00:00,4.79327,4.74327,4.973269999,4.74327,13.218,0.00446,65427456.0,529973763.0,-1.249148996672931,4.803269999
HK.00288,万洲国际,2018-06-01 00:00:00,4.77327,4.69327,4.893269999,4.69327,13.136,0.00244,35794775.0,288861939.0,-1.0541251077842886,4.74327
HK.00288,万洲国际,2018-06-04 00:00:00,4.76327,4.92327,4.96327,4.76327,13.513,0.00139,20343745.0,166770457.0,4.900634312536878,4.69327
HK.00288,万洲国际,2018-06-05 00:00:00,4.87327,4.87327,4.983269999,4.79327,13.431,0.00142,20787392.0,170156671.0,-1.0155851700191099,4.92327
HK.00288,万洲国际,2018-06-06 00:00:00,4.87327,4.82327,4.983269999,4.82327,13.349,0.0023,33725272.0,276396625.0,-1.0260051259216056,4.87327
HK.00288,万洲国际,2018-06-07 00:00:00,5.00327,4.97327,5.04327,4.92327,13.234,0.00214,31455765.0,253557644.0,3.1099233507558224,4.82327
HK.00288,万洲国际,2018-06-08 00:00:00,4.953269999,4.79327,4.98327,4.77327,12.939,0.00158,23212259.0,184288437.0,-3.6193490399676795,4.97327
HK.00288,万洲国际,2018-06-11 00:00:00,4.66327,4.35327,4.71327,4.31327,12.216,0.00554,81360109.0,611294519.0,-9.179537142702154,4.79327
HK.00288,万洲国际,2018-06-12 00:00:00,4.21327,4.14327,4.29327,3.97327,11.871,0.00937,137549750.0,989682092.0,-4.8239599197844365,4.35327
HK.00288,万洲国际,2018-06-13 00:00:00,4.08327,4.10327,4.15327,4.07327,11.806,0.00426,62449821.0,449241923.0,-0.9654210321798973,4.14327
HK.00288,万洲国际,2018-06-14 00:00:00,4.06327,3.87327,4.07327,3.85327,11.428,0.00529,77579324.0,544592625.0,-5.605285540556677,4.10327
HK.00288,万洲国际,2018-06-15 00:00:00,3.78327,3.95327,4.00327,3.78327,11.559,0.0058,85113609.0,597733992.0,2.0654382472690935,3.87327
HK.00288,万洲国际,2018-06-19 00:00:00,3.55327,3.55327,3.61327,3.43327,10.903,0.00704,103284057.0,682956887.0,-10.118205940904616,3.95327
HK.00288,万洲国际,2018-06-20 00:00:00,3.49327,3.46327,3.53327,3.35327,10.755,0.00525,77097318.0,503617292.0,-2.5328781657459145,3.55327
HK.00288,万洲国际,2018-06-21 00:00:00,3.46327,3.31327,3.56327,3.31327,10.509,0.00247,36308877.0,236566659.0,-4.331166787458093,3.46327
HK.00288,万洲国际,2018-06-22 00:00:00,3.26327,3.34327,3.44327,3.13327,10.558,0.00412,60430742.0,387597439.0,0.9054499029659461,3.31327
HK.00288,万洲国际,2018-06-25 00:00:00,3.37327,3.10327,3.47327,3.10327,10.164,0.0027,39618444.0,249127682.0,-7.178600591636325,3.34327
HK.00288,万洲国际,2018-06-26 00:00:00,3.08327,3.03327,3.15327,2.91327,10.049,0.00323,47473534.0,290725607.0,-2.255685132134822,3.10327
HK.00288,万洲国际,2018-06-27 00:00:00,2.97327,2.95327,3.15327,2.94327,9.917,0.00227,33331091.0,204027138.0,-2.6374177043256974,3.03327
HK.00288,万洲国际,2018-06-28 00:00:00,2.97327,3.16327,3.16327,2.93327,10.262,0.00258,37854476.0,233509108.0,7.110761968936127,2.95327
HK.00288,万洲国际,2018-06-29 00:00:00,3.19327,3.30327,3.31327,3.09327,10.492,0.00362,53167298.0,336261355.0,4.42579988429695,3.16327
HK.00288,万洲国际,2018-07-03 00:00:00,3.22327,3.26327,3.29327,2.97327,10.426,0.00331,48589161.0,302912013.0,-1.210921299197463,3.30327
HK.00288,万洲国际,2018-07-04 00:00:00,3.11327,3.07327,3.19327,2.99327,10.114,0.00331,48529347.0,299429261.0,-5.822380618214243,3.26327
HK.00288,万洲国际,2018-07-05 00:00:00,3.04327,3.06327,3.17327,2.98327,10.098,0.00149,21794184.0,134394473.0,-0.3253863149023609,3.07327
HK.00288,万洲国际,2018-07-06 00:00:00,3.14327,3.11327,3.18327,2.95327,10.18,0.00349,51272416.0,316501547.0,1.6322426687820473,3.06327
HK.00288,万洲国际,2018-07-09 00:00:00,3.25327,3.31327,3.37327,3.15327,10.509,0.00185,27182638.0,173398311.0,6.424113552631162,3.11327
HK.00288,万洲国际,2018-07-10 00:00:00,3.43327,3.13327,3.47327,3.12327,10.213,0.00228,33525924.0,212564439.0,-5.432699417795717,3.31327
HK.00288,万洲国际,2018-07-11 00:00:00,2.95327,3.08327,3.09327,2.94327,10.131,0.00149,21853573.0,134137352.0,-1.5957769359167842,3.13327
HK.00288,万洲国际,2018-07-12 00:00:00,3.03327,3.04327,3.10327,3.00327,10.065,0.00161,23614013.0,144980950.0,-1.2973239450323855,3.08327
HK.00288,万洲国际,2018-07-13 00:00:00,3.11327,3.23327,3.33327,3.06327,10.377,0.00192,28166926.0,177268478.0,6.2432843618870475,3.04327
HK.00288,万洲国际,2018-07-16 00:00:00,3.28327,3.21327,3.28327,3.06327,10.344,0.0012,17595700.0,110169302.0,-0.6185688173273503,3.23327
HK.00288,万洲国际,2018-07-17 00:00:00,3.15327,3.00327,3.18327,2.96327,10.0,0.00245,36026503.0,219712269.0,-6.53539851926542,3.21327
HK.00288,万洲国际,2018-07-18 00:00:00,3.03327,3.21327,3.24327,2.97327,10.344,0.00279,40980110.0,254261918.0,6.992378307644666,3.00327
HK.00288,万洲国际,2018-07-19 00:00:00,3.31327,3.27327,3.40327,3.22327,10.443,0.00317,46587434.0,297462483.0,1.867256719790122,3.21327
HK.00288,万洲国际,2018-07-20 00:00:00,3.19327,3.17327,3.33327,3.10327,10.279,0.00239,35055892.0,220537627.0,-3.055048926608562,3.27327
HK.00288,万洲国际,2018-07-23 00:00:00,3.21327,3.06327,3.24327,3.05327,10.098,0.00122,17833944.0,110593952.0,-3.4664557380872054,3.17327
HK.00288,万洲国际,2018-07-24 00:00:00,3.00327,3.34327,3.39327,3.00327,10.558,0.00268,39274454.0,250177018.0,9.14055894517949,3.06327
HK.00288,万洲国际,2018-07-25 00:00:00,3.41327,3.25327,3.41327,3.19327,10.41,0.00201,29464068.0,187327337.0,-2.6919752218636206,3.34327
HK.00288,万洲国际,2018-07-26 00:00:00,3.30327,3.07327,3.34327,3.07327,10.114,0.00265,38842250.0,243217120.0,-5.532894595284135,3.25327
HK.00288,万洲国际,2018-07-27 00:00:00,3.12327,3.23327,3.31327,3.08327,10.377,0.0012,17575471.0,110808225.0,5.20618103843789,3.07327
HK.00288,万洲国际,2018-07-30 00:00:00,3.14327,3.28327,3.30327,3.13327,10.459,0.0009,13178220.0,83620423.0,1.5464220433183689,3.23327
HK.00288,万洲国际,2018-07-31 00:00:00,3.37327,3.21327,3.37327,3.16327,10.344,0.00214,31400499.0,198239173.0,-2.132020820706181,3.28327
HK.00288,万洲国际,2018-08-01 00:00:00,3.26327,3.38327,3.56327,3.26327,10.623,0.00269,39545518.0,257161959.0,5.2905607060720055,3.21327
HK.00288,万洲国际,2018-08-02 00:00:00,3.29327,3.26327,3.42327,3.17327,10.426,0.00218,31925088.0,202674328.0,-3.5468644240631133,3.38327
HK.00288,万洲国际,2018-08-03 00:00:00,3.24327,3.16327,3.30327,3.13327,10.262,0.00206,30190500.0,189838132.0,-3.064410851691711,3.26327
HK.00288,万洲国际,2018-08-06 00:00:00,3.21327,3.05327,3.23327,2.99327,10.082,0.00187,27424034.0,168678939.0,-3.477414194804739,3.16327
HK.00288,万洲国际,2018-08-07 00:00:00,2.98327,2.99327,3.04327,2.95327,9.983,0.00239,35100601.0,213547907.0,-1.9651062631211802,3.05327
HK.00288,万洲国际,2018-08-08 00:00:00,2.97327,2.96327,3.01327,2.93327,9.934,0.00246,36133282.0,219026532.0,-1.0022483771928294,2.99327
HK.00288,万洲国际,2018-08-09 00:00:00,2.93327,3.09327,3.12327,2.86327,10.147,0.0021,30883720.0,188125987.0,4.387045392421206,2.96327
HK.00288,万洲国际,2018-08-10 00:00:00,3.07327,3.05327,3.21327,3.00327,10.082,0.00151,22095973.0,136274868.0,-1.29312992399629,3.09327
HK.00288,万洲国际,2018-08-13 00:00:00,2.96327,2.95327,3.01327,2.91327,9.917,0.00113,16607009.0,100425394.0,-3.2751771052019665,3.05327
HK.00288,万洲国际,2018-08-14 00:00:00,3.03327,2.98327,3.03327,2.92327,9.967,0.00145,21251127.0,128515139.0,1.0158231384194554,2.95327
HK.00288,万洲国际,2018-08-15 00:00:00,3.16327,3.48327,3.49327,3.07327,10.788,0.0063,92496067.0,594388184.0,16.76013233800494,2.98327
HK.00288,万洲国际,2018-08-16 00:00:00,3.41327,2.99327,3.72327,2.72327,9.983,0.01042,152948920.0,964281182.0,-14.067241413958728,3.48327
HK.00288,万洲国际,2018-08-17 00:00:00,3.06327,3.02327,3.22327,2.96327,10.032,0.00494,72555133.0,446091111.0,1.0022483771928443,2.99327
HK.00288,万洲国际,2018-08-20 00:00:00,2.86327,2.66327,2.93327,2.59327,9.441,0.00546,80081032.0,467583549.0,-11.907636433398284,3.02327
HK.00288,万洲国际,2018-08-21 00:00:00,2.66327,2.70327,2.88327,2.59327,9.507,0.00603,88563576.0,516222082.0,1.5019130617624212,2.66327
HK.00288,万洲国际,2018-08-22 00:00:00,2.76327,2.94327,2.99327,2.75327,9.901,0.005,73429005.0,437448202.0,8.878136479153035,2.70327
HK.00288,万洲国际,2018-08-23 00:00:00,3.03327,3.04327,3.23327,2.94327,10.065,0.00497,72952564.0,448345710.0,3.397581601416115,2.94327
HK.00288,万洲国际,2018-08-24 00:00:00,2.97327,2.99327,3.00327,2.86327,9.983,0.00262,38520977.0,233480880.0,-1.6429695689176533,3.04327
HK.00288,万洲国际,2018-08-27 00:00:00,2.96327,3.14327,3.22327,2.96327,10.147,0.0022,32349470.0,199605468.0,5.011241885964177,2.99327
HK.00288,万洲国际,2018-08-28 00:00:00,3.21327,3.11327,3.41327,3.10327,10.098,0.00381,55984497.0,350802665.0,-0.9544200784533243,3.14327
HK.00288,万洲国际,2018-08-29 00:00:00,3.16327,3.04327,3.17327,2.98327,9.983,0.0024,35192328.0,214730662.0,-2.2484397434208994,3.11327
HK.00288,万洲国际,2018-08-30 00:00:00,3.09327,2.96327,3.09327,2.95327,9.852,0.00213,31214465.0,188845541.0,-2.628751310268233,3.04327
HK.00288,万洲国际,2018-08-31 00:00:00,2.90327,2.88327,2.98327,2.85327,9.72,0.00262,38405996.0,228107933.0,-2.699720241489978,2.96327
HK.00288,万洲国际,2018-09-03 00:00:00,2.96327,3.04327,3.06327,2.93327,9.983,0.00168,24616562.0,148557942.0,5.5492548391236385,2.88327
HK.00288,万洲国际,2018-09-04 00:00:00,3.04327,3.04327,3.06327,2.92327,9.983,0.00158,23179563.0,139871432.0,0.0,3.04327
HK.00288,万洲国际,2018-09-05 00:00:00,3.07327,2.88327,3.10327,2.86327,9.72,0.00205,30154392.0,179807343.0,-5.257502620536466,3.04327
HK.00288,万洲国际,2018-09-06 00:00:00,2.88327,2.72327,2.92327,2.63327,9.458,0.00255,37360981.0,216313639.0,-5.5492548391236385,2.88327
HK.00288,万洲国际,2018-09-07 00:00:00,2.69327,2.68327,2.84327,2.66327,9.392,0.00167,24531146.0,141167738.0,-1.4688224083546633,2.72327
HK.00288,万洲国际,2018-09-10 00:00:00,2.68327,2.57327,2.70327,2.49327,9.211,0.00209,30723647.0,172728190.0,-4.0994756397977055,2.68327
HK.00288,万洲国际,2018-09-11 00:00:00,2.59327,2.38327,2.59327,2.37327,8.899,0.0021,30867088.0,169007242.0,-7.383601409879256,2.57327
HK.00288,万洲国际,2018-09-12 00:00:00,2.23327,2.28327,2.28327,2.07327,8.735,0.00341,50017988.0,263301542.0,-4.195915695661847,2.38327
HK.00288,万洲国际,2018-09-13 00:00:00,2.36327,2.33327,2.45327,2.29327,8.817,0.00381,55937035.0,300223312.0,2.189841762034287,2.28327
HK.00288,万洲国际,2018-09-14 00:00:00,2.41327,2.47327,2.52327,2.34327,9.047,0.00252,36997500.0,203237593.0,6.000162861563371,2.33327
HK.00288,万洲国际,2018-09-17 00:00:00,2.31327,2.31327,2.40327,2.24327,8.784,0.00295,43273635.0,232029337.0,-6.469168347976553,2.47327
HK.00288,万洲国际,2018-09-18 00:00:00,2.29327,2.35327,2.39327,2.21327,8.85,0.00334,49066486.0,262232645.0,1.7291539681922141,2.31327
HK.00288,万洲国际,2018-09-19 00:00:00,2.33327,2.36327,2.40327,2.24327,8.866,0.00404,59337598.0,317338343.0,0.42494061454910764,2.35327
HK.00288,万洲国际,2018-09-20 00:00:00,2.41327,2.33327,2.41327,2.31327,8.817,0.00241,35300997.0,189392869.0,-1.269427530497988,2.36327
HK.00288,万洲国际,2018-09-21 00:00:00,2.46327,2.64327,2.69327,2.41327,9.326,0.00606,88916469.0,498115463.0,13.286074907747478,2.33327
HK.00288,万洲国际,2018-09-24 00:00:00,2.60327,2.45327,2.60327,2.41327,9.014,0.00375,54993937.0,303584182.0,-7.18806629667041,2.64327
HK.00288,万洲国际,2018-09-26 00:00:00,2.47327,2.59327,2.68327,2.33327,9.244,0.00423,62064666.0,347684743.0,5.7066690580327535,2.45327
HK.00288,万洲国际,2018-09-27 00:00:00,2.65327,2.46327,2.65327,2.44327,9.031,0.00159,23329420.0,129839629.0,-5.01297589529821,2.59327
HK.00288,万洲国际,2018-09-28 00:00:00,2.51327,2.47327,2.57327,2.43327,9.047,0.00242,35552309.0,196676807.0,0.40596442939668764,2.46327
HK.00288,万洲国际,2018-10-02 00:00:00,2.51327,2.52327,2.54327,2.43327,9.129,0.00379,55631096.0,307437343.0,2.0216151087426875,2.47327
HK.00288,万洲国际,2018-10-03 00:00:00,2.48327,2.58327,2.63327,2.48327,9.228,0.00172,25297178.0,141557994.0,2.377866815679656,2.52327
HK.00288,万洲国际,2018-10-04 00:00:00,2.63327,2.77327,2.80327,2.55327,9.54,0.00282,41318520.0,236200441.0,7.355019026272899,2.58327
HK.00288,万洲国际,2018-10-05 00:00:00,2.72327,2.89327,2.90327,2.65327,9.737,0.00343,50278758.0,294280246.0,4.327021891124906,2.77327
HK.00288,万洲国际,2018-10-08 00:00:00,2.86327,2.71327,2.90327,2.68327,9.441,0.00205,30073459.0,173883730.0,-6.22133433796361,2.89327
HK.00288,万洲国际,2018-10-09 00:00:00,2.82327,2.77327,2.85327,2.73327,9.54,0.00266,38978353.0,226244702.0,2.211353827669198,2.71327
HK.00288,万洲国际,2018-10-10 00:00:00,2.94327,2.87327,2.94327,2.81327,9.704,0.00354,51936936.0,305886216.0,3.605851575937434,2.77327
HK.00288,万洲国际,2018-10-11 00:00:00,2.81327,2.80327,2.85327,2.68327,9.589,0.00396,58140568.0,339421989.0,-2.4362485948066235,2.87327
HK.00288,万洲国际,2018-10-12 00:00:00,2.85327,2.93327,2.97327,2.79327,9.802,0.00269,39548647.0,235014194.0,4.637441273940787,2.80327
HK.00288,万洲国际,2018-10-15 00:00:00,2.94327,2.94327,3.05327,2.84327,9.819,0.00319,46851682.0,280873764.0,0.340916451605213,2.93327
HK.00288,万洲国际,2018-10-16 00:00:00,2.94327,2.73327,2.95327,2.67327,9.474,0.00301,44160199.0,256621446.0,-7.134921362973834,2.94327
HK.00288,万洲国际,2018-10-18 00:00:00,2.85327,2.79327,2.85327,2.73327,9.573,0.00216,31745775.0,184865441.0,2.1951728149798613,2.73327
HK.00288,万洲国际,2018-10-19 00:00:00,2.78327,2.86327,2.91327,2.70327,9.703,0.00266,39072316.0,229457374.0,2.5060234062586084,2.79327
HK.00288,万洲国际,2018-10-22 00:00:00,2.89327,3.03327,3.05327,2.79327,9.983,0.00243,35597435.0,213153257.0,5.937267529782379,2.86327
HK.00288,万洲国际,2018-10-23 00:00:00,2.95327,2.68327,2.98327,2.66327,9.407,0.00272,39924924.0,232771611.0,-11.538702456424918,3.03327
HK.00288,万洲国际,2018-10-24 00:00:00,2.80327,2.66327,2.88327,2.66327,9.375,0.00376,55202637.0,319470707.0,-0.7453592072359478,2.68327
HK.00288,万洲国际,2018-10-25 00:00:00,2.58327,2.77327,2.85327,2.53327,9.555,0.00286,41930830.0,241911064.0,4.130260919846667,2.66327
HK.00288,万洲国际,2018-10-26 00:00:00,2.71327,2.71327,2.85327,2.64327,9.457,0.00136,19896035.0,114895635.0,-2.163510945562461,2.77327
HK.00288,万洲国际,2018-10-29 00:00:00,2.85327,2.56327,2.85327,2.56327,9.195,0.00203,29824571.0,169248325.0,-5.528384569172987,2.71327
HK.00288,万洲国际,2018-10-30 00:00:00,2.56327,2.58327,2.68327,2.51327,9.228,0.00178,26130961.0,146881908.0,0.7802533482621814,2.56327
HK.00288,万洲国际,2018-10-31 00:00:00,2.51327,2.45327,2.58327,2.34327,9.014,0.00511,75031094.0,412488791.0,-5.032381439028841,2.58327
HK.00288,万洲国际,2018-11-01 00:00:00,2.55327,2.24327,2.58327,2.23327,8.669,0.00436,64043574.0,344810440.0,-8.56000358704912,2.45327
HK.00288,万洲国际,2018-11-02 00:00:00,2.46327,2.96327,2.96327,2.42327,9.852,0.01039,152516865.0,867235148.0,32.09600271032913,2.24327
HK.00288,万洲国际,2018-11-05 00:00:00,2.80327,2.75327,2.85327,2.67327,9.507,0.00232,34005436.0,197018154.0,-7.086765633911185,2.96327
HK.00288,万洲国际,2018-11-06 00:00:00,2.73327,2.82327,2.84327,2.64327,9.622,0.00268,39293428.0,228946691.0,2.5424313634332933,2.75327
HK.00288,万洲国际,2018-11-07 00:00:00,2.76327,2.92327,3.05327,2.74327,9.786,0.00314,46054130.0,274628684.0,3.5419920871896804,2.82327
HK.00288,万洲国际,2018-11-08 00:00:00,2.96327,3.06327,3.16327,2.93327,10.016,0.00343,50365251.0,307682317.0,4.789157347764665,2.92327
HK.00288,万洲国际,2018-11-09 00:00:00,3.11327,3.06327,3.13327,2.96327,10.016,0.00332,48763500.0,297199421.0,0.0,3.06327
HK.00288,万洲国际,2018-11-12 00:00:00,3.09327,3.05327,3.11327,3.01327,10.0,0.00078,11377500.0,69339867.0,-0.32644853375641814,3.06327
HK.00288,万洲国际,2018-11-13 00:00:00,3.02327,3.18327,3.20327,2.87327,10.213,0.00309,45354408.0,279698819.0,4.25773023676255,3.05327
HK.00288,万洲国际,2018-11-14 00:00:00,3.18327,3.17327,3.24327,3.07327,10.197,0.00179,26220698.0,162977671.0,-0.31414237560746616,3.18327
HK.00288,万洲国际,2018-11-15 00:00:00,3.26327,3.43327,3.44327,3.21327,10.623,0.00301,44186865.0,280163832.0,8.193440835478853,3.17327
HK.00288,万洲国际,2018-11-16 00:00:00,3.44327,3.39327,3.44327,3.20327,10.558,0.00193,28335814.0,180814152.0,-1.1650700352724963,3.43327
HK.00288,万洲国际,2018-11-19 00:00:00,3.46327,3.46327,3.52327,3.40327,10.673,0.00188,27570456.0,179203398.0,2.062906871542798,3.39327
HK.00288,万洲国际,2018-11-20 00:00:00,3.36327,3.23327,3.53327,3.23327,10.295,0.00296,43474267.0,277237626.0,-6.641122407435747,3.46327
HK.00288,万洲国际,2018-11-21 00:00:00,3.18327,3.09327,3.18327,3.03327,10.065,0.00198,29027975.0,178148604.0,-4.3299817212914515,3.23327
HK.00288,万洲国际,2018-11-22 00:00:00,3.22327,3.08327,3.22327,3.02327,10.049,0.0011,16204443.0,99134186.0,-0.32328248099906526,3.09327
HK.00288,万洲国际,2018-11-23 00:00:00,3.05327,2.95327,3.08327,2.89327,9.835,0.00096,14086151.0,84316527.0,-4.21630282135526,3.08327
HK.00288,万洲国际,2018-11-26 00:00:00,2.99327,3.01327,3.11327,2.86327,9.934,0.00197,28962803.0,175581213.0,2.0316462768388956,2.95327
HK.00288,万洲国际,2018-11-27 00:00:00,3.01327,2.96327,3.04327,2.93327,9.852,0.00167,24477998.0,147379358.0,-1.6593269106319655,3.01327
HK.00288,万洲国际,2018-11-28 00:00:00,2.92327,2.92327,2.96327,2.82327,9.786,0.00145,21307634.0,126627547.0,-1.349860120744989,2.96327
HK.00288,万洲国际,2018-11-29 00:00:00,2.96327,2.78327,3.00327,2.77327,9.556,0.00157,22998002.0,135543525.0,-4.789157347764665,2.92327
HK.00288,万洲国际,2018-11-30 00:00:00,2.74327,2.67327,2.82327,2.67327,9.376,0.00319,46849145.0,269364285.0,-3.952185738358114,2.78327
HK.00288,万洲国际,2018-12-03 00:00:00,2.97327,3.34327,3.50327,2.97327,10.476,0.00872,128032405.0,801467234.0,25.062937900025062,2.67327
HK.00288,万洲国际,2018-12-04 00:00:00,3.18327,3.30327,3.31327,3.17327,10.41,0.00265,38893801.0,244037438.0,-1.1964334319393897,3.34327
HK.00288,万洲国际,2018-12-05 00:00:00,3.16327,3.30327,3.30327,3.13327,10.41,0.00186,27229710.0,171069736.0,0.0,3.30327
HK.00288,万洲国际,2018-12-06 00:00:00,3.17327,2.97327,3.17327,2.92327,9.868,0.00262,38385351.0,232052111.0,-9.990100718379063,3.30327
HK.00288,万洲国际,2018-12-07 00:00:00,3.06327,2.85327,3.06327,2.83327,9.671,0.00297,43526285.0,260621331.0,-4.035960407228393,2.97327
HK.00288,万洲国际,2018-12-10 00:00:00,2.74327,2.77327,2.86327,2.66327,9.54,0.00237,34738398.0,201824873.0,-2.8038005516477607,2.85327
HK.00288,万洲国际,2018-12-11 00:00:00,2.74327,2.76327,2.86327,2.74327,9.523,0.00172,25265420.0,146901049.0,-0.3605851575937514,2.77327
HK.00288,万洲国际,2018-12-12 00:00:00,2.82327,3.09327,3.11327,2.82327,10.065,0.00411,60262681.0,364189337.0,11.942372623739269,2.76327
HK.00288,万洲国际,2018-12-13 00:00:00,3.15327,3.27327,3.27327,3.06327,10.361,0.00291,42671498.0,265958942.0,5.819084657983304,3.09327
HK.00288,万洲国际,2018-12-14 00:00:00,3.14327,2.88327,3.19327,2.82327,9.72,0.00317,46454233.0,277205929.0,-11.914690813773387,3.27327
HK.00288,万洲国际,2018-12-17 00:00:00,2.96327,2.98327,3.03327,2.86327,9.885,0.00281,41228031.0,247323205.0,3.468284274452274,2.88327
HK.00288,万洲国际,2018-12-18 00:00:00,2.92327,2.86327,3.01327,2.84327,9.688,0.00176,25873832.0,153594396.0,-4.022431761121189,2.98327
HK.00288,万洲国际,2018-12-19 00:00:00,2.93327,2.96327,3.01327,2.88327,9.852,0.00187,27506331.0,165237613.0,3.4925103116366985,2.86327
HK.00288,万洲国际,2018-12-20 00:00:00,2.84327,2.94327,3.03327,2.84327,9.819,0.00157,23027720.0,137490295.0,-0.6749300603724945,2.96327
HK.00288,万洲国际,2018-12-21 00:00:00,2.96327,2.97327,3.01327,2.83327,9.868,0.00229,33673948.0,201253947.0,1.0192744804248268,2.94327
HK.00288,万洲国际,2018-12-24 00:00:00,2.96327,2.92327,2.99327,2.85327,9.786,0.00099,14567910.0,86687067.0,-1.681650169678496,2.97327
HK.00288,万洲国际,2018-12-27 00:00:00,2.96327,2.87327,3.03327,2.84327,9.704,0.00089,13024255.0,77500542.0,-1.7104133384873728,2.92327
HK.00288,万洲国际,2018-12-28 00:00:00,2.97327,2.82327,2.97327,2.82327,9.622,0.00073,10652211.0,62796324.0,-1.740177567719019,2.87327
HK.00288,万洲国际,2018-12-31 00:00:00,2.96327,2.99327,3.05327,2.89327,9.901,0.00118,17377632.0,104560551.0,6.0213865482224485,2.82327
HK.00288,万洲国际,2019-01-02 00:00:00,3.06327,2.75327,3.06327,2.71327,9.507,0.00172,25280873.0,148154645.0,-8.01798701754268,2.99327
HK.00288,万洲国际,2019-01-03 00:00:00,2.79327,2.65327,2.90327,2.62327,9.343,0.00126,18428019.0,105829417.0,-3.6320448049047167,2.75327
HK.00288,万洲国际,2019-01-04 00:00:00,2.60327,2.81327,2.81327,2.54327,9.605,0.00121,17824982.0,102415250.0,6.030294692963782,2.65327
HK.00288,万洲国际,2019-01-07 00:00:00,2.85327,3.00327,3.04327,2.81327,9.917,0.00245,35909801.0,215681267.0,6.753706540787054,2.81327
HK.00288,万洲国际,2019-01-08 00:00:00,3.06327,3.21327,3.28327,3.02327,10.262,0.00373,54709652.0,339719066.0,6.992378307644666,3.00327
HK.00288,万洲国际,2019-01-09 00:00:00,3.34327,3.45327,3.58327,3.27327,10.656,0.00582,85378448.0,554586272.0,7.469026879160475,3.21327
HK.00288,万洲国际,2019-01-10 00:00:00,3.41327,3.47327,3.55327,3.20327,10.689,0.00178,26125114.0,169766246.0,0.5791612008328344,3.45327
HK.00288,万洲国际,2019-01-11 00:00:00,3.46327,3.51327,3.55327,3.38327,10.755,0.00144,21063427.0,137640225.0,1.1516524773484365,3.47327
HK.00288,万洲国际,2019-01-14 00:00:00,3.53327,3.44327,3.53327,3.27327,10.64,0.00159,23356279.0,149651665.0,-1.9924457841270338,3.51327
HK.00288,万洲国际,2019-01-15 00:00:00,3.57327,3.68327,3.69327,3.39327,11.034,0.00184,27033045.0,179586856.0,6.970118521057012,3.44327
HK.00288,万洲国际,2019-01-16 00:00:00,3.69327,3.77327,3.83327,3.60327,11.182,0.00228,33486143.0,226592982.0,2.4434809286313603,3.68327
HK.00288,万洲国际,2019-01-17 00:00:00,3.78327,3.63327,3.79327,3.59327,10.952,0.00143,20967404.0,140598593.0,-3.710309625338238,3.77327
HK.00288,万洲国际,2019-01-18 00:00:00,3.73327,3.64327,3.77327,3.60327,10.968,0.00125,18362724.0,122927132.0,0.2752341554577498,3.63327
HK.00288,万洲国际,2019-01-21 00:00:00,3.68327,3.82327,3.92327,3.58327,11.264,0.0028,41040150.0,279614720.0,4.940616534047715,3.64327
HK.00288,万洲国际,2019-01-22 00:00:00,3.77327,3.66327,3.84327,3.61327,11.001,0.0017,24908986.0,167452790.0,-4.184899313938073,3.82327
HK.00288,万洲国际,2019-01-23 00:00:00,3.61327,3.66327,3.71327,3.60327,11.001,0.00155,22688978.0,151905028.0,0.0,3.66327
HK.00288,万洲国际,2019-01-24 00:00:00,3.64327,3.80327,3.81327,3.57327,11.231,0.00214,31455772.0,212714402.0,3.821722122584471,3.66327
HK.00288,万洲国际,2019-01-25 00:00:00,3.84327,3.82327,3.85327,3.74327,11.264,0.00224,32884519.0,225242013.0,0.525863270291092,3.80327
HK.00288,万洲国际,2019-01-28 00:00:00,3.85327,3.81327,3.85327,3.76327,11.247,0.00146,21440681.0,146699749.0,-0.2615562071211237,3.82327
HK.00288,万洲国际,2019-01-29 00:00:00,3.81327,3.78327,3.84327,3.66327,11.198,0.00175,25700612.0,175109379.0,-0.786726352972652,3.81327
HK.00288,万洲国际,2019-01-30 00:00:00,3.75327,3.70327,3.79327,3.66327,11.067,0.00159,23306148.0,157228546.0,-2.1145728430696216,3.78327
HK.00288,万洲国际,2019-01-31 00:00:00,3.72327,3.68327,3.76327,3.56327,11.034,0.00197,28889137.0,193452397.0,-0.540063241405569,3.70327
HK.00288,万洲国际,2019-02-01 00:00:00,3.74327,4.06327,4.09327,3.65327,11.658,0.00291,42657689.0,298954598.0,10.316919476443497,3.68327
HK.00288,万洲国际,2019-02-04 00:00:00,3.96327,3.97327,4.13327,3.89327,11.51,0.00084,12310849.0,86571393.0,-2.214964794365137,4.06327
HK.00288,万洲国际,2019-02-08 00:00:00,3.86327,3.75327,3.86327,3.54327,11.149,0.00225,32963425.0,223966520.0,-5.537001009244269,3.97327
HK.00288,万洲国际,2019-02-11 00:00:00,3.71327,3.92327,3.96327,3.70327,11.428,0.00234,34407580.0,237701716.0,4.5293837107375685,3.75327
HK.00288,万洲国际,2019-02-12 00:00:00,3.86327,4.21327,4.25327,3.86327,11.904,0.00293,42985804.0,308328684.0,7.391793070576321,3.92327
HK.00288,万洲国际,2019-02-13 00:00:00,4.29327,4.52327,4.56327,4.27327,12.413,0.00462,67832516.0,506399732.0,7.357705535130683,4.21327
HK.00288,万洲国际,2019-02-14 00:00:00,4.42327,4.25327,4.50327,4.23327,11.97,0.00426,62499716.0,460065297.0,-5.969132950277133,4.52327
HK.00288,万洲国际,2019-02-15 00:00:00,4.11327,4.35327,4.39327,4.03327,12.134,0.00351,51558394.0,374266662.0,2.351132187705002,4.25327
HK.00288,万洲国际,2019-02-18 00:00:00,4.46327,4.54327,4.64327,4.42327,12.446,0.00303,44530888.0,337718563.0,4.364535165519242,4.35327
HK.00288,万洲国际,2019-02-19 00:00:00,4.63327,4.38327,4.63327,4.28327,12.183,0.00241,35430301.0,264108316.0,-3.5216925254277047,4.54327
HK.00288,万洲国际,2019-02-20 00:00:00,4.35327,4.44327,4.54327,4.29327,12.282,0.00296,43441949.0,324863379.0,1.3688410707074765,4.38327
HK.00288,万洲国际,2019-02-21 00:00:00,4.46327,4.59327,4.71327,4.28327,12.528,0.00565,82983648.0,633114000.0,3.375892079482011,4.44327
HK.00288,万洲国际,2019-02-22 00:00:00,4.49327,4.85327,4.92327,4.49327,12.955,0.00349,51204358.0,401861528.0,5.660455405408342,4.59327
HK.00288,万洲国际,2019-02-25 00:00:00,4.79327,4.74327,4.84327,4.58327,12.775,0.00335,49131300.0,381941721.0,-2.266513093234053,4.85327
HK.00288,万洲国际,2019-02-26 00:00:00,4.61327,4.32327,4.63327,4.22327,12.085,0.00417,61139086.0,452469105.0,-8.854650905388054,4.74327
HK.00288,万洲国际,2019-02-27 00:00:00,4.26327,4.01327,4.32327,3.99327,11.576,0.00482,70804944.0,504545211.0,-7.170498257106302,4.32327
HK.00288,万洲国际,2019-02-28 00:00:00,3.99327,3.93327,4.17327,3.93327,11.444,0.00432,63428616.0,445559786.0,-1.9933869388304426,4.01327
HK.00288,万洲国际,2019-03-01 00:00:00,3.88327,4.03327,4.08327,3.84327,11.609,0.00275,40316119.0,283702318.0,2.5424138185275886,3.93327
HK.00288,万洲国际,2019-03-04 00:00:00,4.19327,4.13327,4.29327,4.11327,11.773,0.00453,66433051.0,480017911.0,2.4793777753535107,4.03327
HK.00288,万洲国际,2019-03-05 00:00:00,4.09327,3.96327,4.10327,3.86327,11.494,0.00374,54814041.0,387121546.0,-4.112966247063472,4.13327
HK.00288,万洲国际,2019-03-06 00:00:00,4.01327,4.26327,4.30327,3.97327,11.986,0.00309,45338939.0,326519937.0,7.569506998009226,3.96327
HK.00288,万洲国际,2019-03-07 00:00:00,4.26327,4.20327,4.30327,4.12327,11.888,0.00194,28402083.0,205810028.0,-1.407370398778414,4.26327
HK.00288,万洲国际,2019-03-08 00:00:00,4.06327,4.07327,4.17327,3.98327,11.674,0.00211,30940411.0,220203822.0,-3.09283010608407,4.20327
HK.00288,万洲国际,2019-03-11 00:00:00,4.04327,4.23327,4.31327,4.04327,11.937,0.0025,36638235.0,265579402.0,3.9280479811060927,4.07327
HK.00288,万洲国际,2019-03-12 00:00:00,4.31327,4.70327,4.82327,4.30327,12.709,0.00546,80113663.0,614540593.0,11.102528305541574,4.23327
HK.00288,万洲国际,2019-03-13 00:00:00,4.76327,4.56327,4.79327,4.56327,12.479,0.00418,61358002.0,469559727.0,-2.97665241417141,4.70327
HK.00288,万洲国际,2019-03-14 00:00:00,4.56327,4.42327,4.62327,4.42327,12.249,0.00321,47125822.0,355713404.0,-3.067975377306199,4.56327
HK.00288,万洲国际,2019-03-15 00:00:00,4.44327,4.76327,5.003269999,4.39327,12.807,0.00677,99423627.0,777309702.0,7.68662098402315,4.42327
HK.00288,万洲国际,2019-03-18 00:00:00,4.86327,5.18327,5.36327,4.86327,16.341,0.01368,200835284.0,1647613561.0,8.817472030768776,4.76327
HK.00288,万洲国际,2019-03-19 00:00:00,5.27327,5.63327,5.70327,5.23327,17.236,0.0095,139477858.0,1184419541.0,8.681778105327336,5.18327
HK.00288,万洲国际,2019-03-20 00:00:00,5.46327,5.46327,5.65327,5.35327,16.898,0.00951,139514212.0,1190008399.0,-3.0177854070548866,5.63327
HK.00288,万洲国际,2019-03-21 00:00:00,5.76327,5.43327,5.78327,5.413269999,16.838,0.00753,110476541.0,951589872.0,-0.5491216798730314,5.46327
HK.00288,万洲国际,2019-03-22 00:00:00,5.51327,5.43327,5.63327,5.26327,16.838,0.00767,112561300.0,954930935.0,0.0,5.43327
HK.00288,万洲国际,2019-03-25 00:00:00,5.10327,5.31327,5.493269999,5.05327,16.6,0.00804,117947920.0,988700532.0,-2.2086147016437634,5.43327
HK.00288,万洲国际,2019-03-26 00:00:00,5.31327,5.38327,5.46327,5.243269999,16.739,0.00519,76141757.0,640373449.0,1.3174561051857008,5.31327
HK.00288,万洲国际,2019-03-27 00:00:00,5.403269999,5.55327,5.75327,5.403269999,17.077,0.0052,76334182.0,654862350.0,3.157931888981974,5.38327
HK.00288,万洲国际,2019-03-28 00:00:00,5.46327,5.47327,5.59327,5.39327,16.918,0.00439,64395871.0,549151008.0,-1.4405926598202512,5.55327
HK.00288,万洲国际,2019-03-29 00:00:00,5.36327,5.36327,5.45327,5.083269999,16.699,0.00722,105946573.0,883689510.0,-2.009767469903738,5.47327
HK.00288,万洲国际,2019-04-01 00:00:00,5.36327,5.66327,5.80327,5.31327,17.296,0.00703,103212563.0,896193793.0,5.593602410469729,5.36327
HK.00288,万洲国际,2019-04-02 00:00:00,5.61327,5.63327,5.81327,5.52327,17.236,0.00448,65700339.0,570168476.0,-0.5297292906748108,5.66327
HK.00288,万洲国际,2019-04-03 00:00:00,5.56327,5.70327,5.75327,5.51327,17.375,0.00442,64832202.0,564562774.0,1.2426175205519954,5.63327
HK.00288,万洲国际,2019-04-04 00:00:00,5.76327,5.84327,5.86327,5.69327,17.654,0.00433,63546301.0,561068231.0,2.454732109824725,5.70327
HK.00288,万洲国际,2019-04-08 00:00:00,5.86327,6.02327,6.16327,5.77327,18.011,0.00972,142597009.0,1293711140.0,3.0804669303318124,5.84327
HK.00288,万洲国际,2019-04-09 00:00:00,5.94327,5.79327,6.03327,5.71327,17.554,0.00429,62997484.0,557977084.0,-3.818523825098334,6.02327
HK.00288,万洲国际,2019-04-10 00:00:00,5.61327,5.65327,5.77327,5.56327,17.276,0.00474,69669132.0,607689408.0,-2.416597189497463,5.79327
HK.00288,万洲国际,2019-04-11 00:00:00,5.62327,5.55327,5.65327,5.42327,17.077,0.00589,86541027.0,744652005.0,-1.7688877410772816,5.65327
HK.00288,万洲国际,2019-04-12 00:00:00,5.503269999,5.88327,5.89327,5.46327,17.733,0.00462,67864105.0,599329557.0,5.942444721758532,5.55327
HK.00288,万洲国际,2019-04-15 00:00:00,6.01327,5.70327,6.08327,5.68327,17.375,0.00367,53894111.0,480190297.0,-3.059523020361136,5.88327
HK.00288,万洲国际,2019-04-16 00:00:00,5.75327,5.76327,5.83327,5.56327,17.495,0.00261,38270427.0,336467824.0,1.0520280470677437,5.70327
HK.00288,万洲国际,2019-04-17 00:00:00,5.77327,6.21327,6.26327,5.77327,18.389,0.00631,92719316.0,848197031.0,7.808067295129314,5.76327
HK.00288,万洲国际,2019-04-18 00:00:00,6.11327,6.17327,6.38327,6.06327,18.31,0.00355,52168810.0,483818586.0,-0.6437833862040445,6.21327
HK.00288,万洲国际,2019-04-23 00:00:00,6.19327,6.56327,6.91327,6.04327,19.085,0.00939,137924716.0,1324700566.0,6.317559413406519,6.17327
HK.00288,万洲国际,2019-04-24 00:00:00,6.66327,6.39327,6.71327,6.36327,18.747,0.00607,89144182.0,849091531.0,-2.59017227692903,6.56327
HK.00288,万洲国际,2019-04-25 00:00:00,6.24327,6.12327,6.60327,6.12327,18.21,0.00558,81949704.0,770634594.0,-4.22319094923256,6.39327
HK.00288,万洲国际,2019-04-26 00:00:00,6.12327,5.78327,6.16327,5.78327,17.534,0.00583,85626530.0,765409186.0,-5.552588731184479,6.12327
HK.00288,万洲国际,2019-04-29 00:00:00,5.87327,5.78327,5.99327,5.71327,17.534,0.00243,35636703.0,316093083.0,0.0,5.78327
HK.00288,万洲国际,2019-04-30 00:00:00,5.98327,6.26327,6.51327,5.83327,18.489,0.00667,97927995.0,906917517.0,8.299802706773166,5.78327
HK.00288,万洲国际,2019-05-02 00:00:00,6.17327,6.10327,6.39327,6.04327,18.17,0.00403,59132058.0,542313417.0,-2.5545761239735816,6.26327
HK.00288,万洲国际,2019-05-03 00:00:00,6.01327,6.02327,6.11327,5.93327,18.011,0.0027,39683710.0,359370856.0,-1.3107727496899213,6.10327
HK.00288,万洲国际,2019-05-06 00:00:00,4.96327,5.403269999,5.54327,4.96327,16.779,0.01057,155272297.0,1298426438.0,-10.293412066867337,6.02327
HK.00288,万洲国际,2019-05-07 00:00:00,5.53327,5.31327,5.56327,5.18327,16.6,0.00567,83303143.0,698799122.0,-1.665658000001043,5.403269999
HK.00288,万洲国际,2019-05-08 00:00:00,5.17327,5.06327,5.27327,4.93327,16.103,0.00687,101021975.0,824712299.0,-4.705200375663198,5.31327
HK.00288,万洲国际,2019-05-09 00:00:00,4.97327,4.59327,4.97327,4.35327,15.168,0.01319,194056566.0,1477694066.0,-9.282538754599296,5.06327
HK.00288,万洲国际,2019-05-10 00:00:00,4.96327,4.66327,4.993269999,4.41327,15.308,0.012,176530106.0,1372047146.0,1.523968762994542,4.59327
HK.00288,万洲国际,2019-05-14 00:00:00,4.11327,4.35327,4.44327,4.07327,14.691,0.00904,132925524.0,975554805.0,-6.647695715667325,4.66327
HK.00288,万洲国际,2019-05-15 00:00:00,4.56327,4.73327,4.82327,4.47327,15.447,0.00719,105717070.0,817333838.0,8.729070331038503,4.35327
HK.00288,万洲国际,2019-05-16 00:00:00,4.85327,4.76327,4.90327,4.67327,15.506,0.00545,80102295.0,626622906.0,0.6338112974751122,4.73327
HK.00288,万洲国际,2019-05-17 00:00:00,4.993269999,4.49327,4.993269999,4.44327,14.97,0.00458,67370050.0,514295492.0,-5.668374876922796,4.76327
HK.00288,万洲国际,2019-05-20 00:00:00,4.49327,4.10327,4.49327,4.08327,14.194,0.00573,84354000.0,609412200.0,-8.679647561797971,4.49327
HK.00288,万洲国际,2019-05-21 00:00:00,4.04327,4.22327,4.27327,4.03327,14.433,0.00483,71025346.0,514770449.0,2.924496803768704,4.10327
HK.00288,万洲国际,2019-05-22 00:00:00,4.27327,4.31327,4.42327,4.26327,14.612,0.00311,45684627.0,336961076.0,2.1310501104594275,4.22327
HK.00288,万洲国际,2019-05-23 00:00:00,4.67327,4.26327,4.67327,4.23327,14.512,0.00495,72797500.0,541217994.0,-1.1592133114782943,4.31327
HK.00288,万洲国际,2019-05-24 00:00:00,4.31327,4.36327,4.49327,4.30327,14.711,0.00403,59229498.0,439260259.0,2.345617331297329,4.26327
HK.00288,万洲国际,2019-05-27 00:00:00,4.40327,4.23327,4.46327,4.14327,14.453,0.00357,52504355.0,381663056.0,-2.979416813536634,4.36327
HK.00288,万洲国际,2019-05-28 00:00:00,4.25327,4.41327,4.41327,4.17327,14.811,0.00599,88094602.0,654657087.0,4.252032117015917,4.23327
HK.00288,万洲国际,2019-05-29 00:00:00,4.36327,4.37327,4.53327,4.29327,14.731,0.00238,35061046.0,260597467.0,-0.9063574175158111,4.41327
HK.00288,万洲国际,2019-05-30 00:00:00,4.41327,4.32327,4.41327,4.21327,14.632,0.00208,30532112.0,223752429.0,-1.1433092399966118,4.37327
HK.00288,万洲国际,2019-05-31 00:00:00,4.41327,4.17327,4.46327,4.10327,14.035,0.00339,49848745.0,355607697.0,-3.469595930857901,4.32327
HK.00288,万洲国际,2019-06-03 00:00:00,4.17327,3.97327,4.24327,3.90327,13.638,0.0037,54470886.0,374656570.0,-4.7924049965614435,4.17327
HK.00288,万洲国际,2019-06-04 00:00:00,4.06327,4.12327,4.16327,3.96327,13.936,0.00266,39122632.0,272577061.0,3.775227960848367,3.97327
HK.00288,万洲国际,2019-06-05 00:00:00,4.21327,4.38327,4.42327,4.13327,14.453,0.00385,56659842.0,408168814.0,6.305674864852427,4.12327
HK.00288,万洲国际,2019-06-06 00:00:00,4.50327,4.33327,4.50327,4.29327,14.353,0.00272,40067311.0,290624586.0,-1.140700892256254,4.38327
HK.00288,万洲国际,2019-06-10 00:00:00,4.58327,4.67327,4.80327,4.50327,15.029,0.00487,71593324.0,542106265.0,7.846268522386094,4.33327
HK.00288,万洲国际,2019-06-11 00:00:00,4.79327,4.77327,4.84327,4.71327,15.228,0.00259,38110896.0,292110373.0,2.139829284419701,4.67327
HK.00288,万洲国际,2019-06-12 00:00:00,4.81327,4.62327,4.81327,4.54327,14.93,0.00283,41676344.0,314144242.0,-3.1424997957375203,4.77327
HK.00288,万洲国际,2019-06-13 00:00:00,4.71327,4.61327,4.71327,4.51327,14.91,0.00256,37605530.0,281322868.0,-0.21629712303196194,4.62327
HK.00288,万洲国际,2019-06-14 00:00:00,4.50327,4.46327,4.68327,4.36327,14.612,0.0016,23478138.0,173265910.0,-3.251489724208649,4.61327
HK.00288,万洲国际,2019-06-17 00:00:00,4.40327,4.49327,4.63327,4.38327,14.671,0.00157,23150157.0,170960193.0,0.6721529282342374,4.46327
HK.00288,万洲国际,2019-06-18 00:00:00,4.49327,4.68327,4.72327,4.46327,15.049,0.00178,26155431.0,196543660.0,4.2285462480554346,4.49327
HK.00288,万洲国际,2019-06-19 00:00:00,5.61327,5.08327,5.61327,4.95327,15.844,0.00711,104614510.0,837947445.0,8.541040768522837,4.68327
HK.00288,万洲国际,2019-06-20 00:00:00,5.08327,5.18327,5.19327,4.89327,16.043,0.00438,64460649.0,513475039.0,1.9672376245999237,5.08327
HK.00288,万洲国际,2019-06-21 00:00:00,5.21327,5.16327,5.26327,5.05327,16.003,0.00349,51348474.0,413343161.0,-0.38585680468122363,5.18327
HK.00288,万洲国际,2019-06-24 00:00:00,5.06327,4.95327,5.10327,4.79327,15.586,0.00351,51627831.0,403201926.0,-4.067189978443893,5.16327
HK.00288,万洲国际,2019-06-25 00:00:00,4.90327,4.97327,5.07327,4.88327,15.626,0.00184,27023429.0,212294692.0,0.4037736687077519,4.95327
HK.00288,万洲国际,2019-06-26 00:00:00,5.01327,5.00327,5.09327,4.89327,15.685,0.00243,35691690.0,282018714.0,0.6032248399945983,4.97327
HK.00288,万洲国际,2019-06-27 00:00:00,5.04327,5.29327,5.303269999,5.01327,16.262,0.00294,43259583.0,350796658.0,5.79620927913145,5.00327
HK.00288,万洲国际,2019-06-28 00:00:00,5.32327,5.03327,5.32327,4.98327,15.745,0.00304,44745500.0,355740628.0,-4.911897560487181,5.29327
HK.00288,万洲国际,2019-07-02 00:00:00,5.41327,5.403269999,5.51327,5.21327,16.481,0.008,117735055.0,972173755.0,7.351085854722676,5.03327
HK.00288,万洲国际,2019-07-03 00:00:00,5.34327,5.26327,5.37327,5.18327,16.202,0.00254,37383708.0,304500143.0,-2.5910235658390164,5.403269999
HK.00288,万洲国际,2019-07-04 00:00:00,5.223269999,5.04327,5.33327,5.00327,15.765,0.00213,31270967.0,249857911.0,-4.1799109678963955,5.26327
HK.00288,万洲国际,2019-07-05 00:00:00,5.10327,5.11327,5.19327,5.05327,15.904,0.0009,13179728.0,105792107.0,1.3879883488292377,5.04327
HK.00288,万洲国际,2019-07-08 00:00:00,5.18327,4.93327,5.18327,4.85327,15.546,0.00157,23081134.0,180832183.0,-3.520252206513635,5.11327
HK.00288,万洲国际,2019-07-09 00:00:00,4.99327,4.68327,4.99327,4.61327,15.049,0.00258,37994148.0,288895440.0,-5.067632625013429,4.93327
HK.00288,万洲国际,2019-07-10 00:00:00,4.81327,4.76327,4.91327,4.61327,15.208,0.00247,36293842.0,276232403.0,1.7082081537045712,4.68327
HK.00288,万洲国际,2019-07-11 00:00:00,4.88327,4.92327,4.96327,4.79327,15.526,0.00219,32220607.0,251122100.0,3.359036964102376,4.76327
HK.00288,万洲国际,2019-07-12 00:00:00,4.86327,4.86327,4.89327,4.77327,15.407,0.00147,21691315.0,167577114.0,-1.2187022040229283,4.92327
HK.00288,万洲国际,2019-07-15 00:00:00,4.76327,5.00327,5.05327,4.63327,15.685,0.00186,27310422.0,213584562.0,2.8787215186489683,4.86327
HK.00288,万洲国际,2019-07-16 00:00:00,5.18327,5.06327,5.18327,4.76327,15.805,0.00159,23374550.0,186089539.0,1.199215712923758,5.00327
HK.00288,万洲国际,2019-07-17 00:00:00,5.06327,4.91327,5.06327,4.87327,15.506,0.00162,23758549.0,185759347.0,-2.9625123684891452,5.06327
HK.00288,万洲国际,2019-07-18 00:00:00,4.86327,4.85327,5.02327,4.79327,15.387,0.00189,27806603.0,215545072.0,-1.2211826339688152,4.91327
HK.00288,万洲国际,2019-07-19 00:00:00,4.89327,4.96327,4.99327,4.81327,15.606,0.00181,26569382.0,207363455.0,2.2665130932340345,4.85327
HK.00288,万洲国际,2019-07-22 00:00:00,4.95327,5.04327,5.19327,4.94327,15.765,0.00225,33165756.0,264238134.0,1.611840580907347,4.96327
HK.00288,万洲国际,2019-07-23 00:00:00,5.06327,5.19327,5.19327,4.95327,16.063,0.00206,30358945.0,243534405.0,2.9742607474912184,5.04327
HK.00288,万洲国际,2019-07-24 00:00:00,5.29327,5.13327,5.303269999,5.09327,15.944,0.00177,25991625.0,209910200.0,-1.1553414322767661,5.19327
HK.00288,万洲国际,2019-07-25 00:00:00,5.19327,5.26327,5.27327,5.03327,16.202,0.00201,29528357.0,238227858.0,2.5324987775823184,5.13327
HK.00288,万洲国际,2019-07-26 00:00:00,5.313269999,5.303269999,5.63327,5.26327,16.282,0.00412,60607865.0,502758812.0,0.7599837933452008,5.26327
HK.00288,万洲国际,2019-07-29 00:00:00,5.233269999,5.16327,5.28327,5.06327,16.003,0.00193,28384240.0,228134573.0,-2.639880659034884,5.303269999
HK.00288,万洲国际,2019-07-30 00:00:00,5.11327,5.11327,5.20327,5.08327,15.904,0.00186,27434500.0,219609310.0,-0.9683785662961617,5.16327
HK.00288,万洲国际,2019-07-31 00:00:00,5.01327,4.82327,5.04327,4.79327,15.328,0.00288,42346062.0,329517919.0,-5.671517443827532,5.11327
HK.00288,万洲国际,2019-08-01 00:00:00,4.70327,4.74327,4.90327,4.69327,15.168,0.00241,35497107.0,271009962.0,-1.6586257870697694,4.82327
HK.00288,万洲国际,2019-08-02 00:00:00,4.43327,4.23327,4.54327,4.14327,14.155,0.00618,90866736.0,653414695.0,-10.752076099399776,4.74327
HK.00288,万洲国际,2019-08-05 00:00:00,4.20327,4.11327,4.24327,4.01327,13.916,0.00265,38958169.0,272987360.0,-2.8346880780106183,4.23327
HK.00288,万洲国际,2019-08-06 00:00:00,3.83327,3.99327,4.01327,3.71327,13.677,0.00331,48642592.0,330127088.0,-2.9173868965567564,4.11327
HK.00288,万洲国际,2019-08-07 00:00:00,4.00327,3.99327,4.03327,3.81327,13.677,0.00175,25672298.0,175742297.0,0.0,3.99327
HK.00288,万洲国际,2019-08-08 00:00:00,4.03327,4.07327,4.17327,3.96327,13.836,0.00184,26997519.0,187979277.0,2.0033706711542187,3.99327
HK.00288,万洲国际,2019-08-09 00:00:00,4.29327,4.07327,4.29327,4.07327,13.836,0.00201,29545738.0,207706625.0,0.0,4.07327
HK.00288,万洲国际,2019-08-12 00:00:00,4.11327,3.97327,4.15327,3.95327,13.638,0.00125,18371209.0,126675692.0,-2.455029988191308,4.07327
HK.00288,万洲国际,2019-08-13 00:00:00,3.89327,3.83327,3.90327,3.68327,13.359,0.00237,34796830.0,233302527.0,-3.5235460967918035,3.97327
HK.00288,万洲国际,2019-08-14 00:00:00,3.94327,3.47327,4.07327,3.37327,12.644,0.00668,98218453.0,637177219.0,-9.391459511070192,3.83327
HK.00288,万洲国际,2019-08-15 00:00:00,3.28327,3.31327,3.36327,3.11327,12.326,0.00617,90791235.0,555909609.0,-4.6066099093937325,3.47327
HK.00288,万洲国际,2019-08-16 00:00:00,3.26327,3.48327,3.49327,3.21327,12.664,0.00728,107040141.0,676983310.0,5.130882783473726,3.31327
HK.00288,万洲国际,2019-08-19 00:00:00,3.47327,3.60327,3.61327,3.44327,12.902,0.00543,79884962.0,513173650.0,3.4450387136225475,3.48327
HK.00288,万洲国际,2019-08-20 00:00:00,3.60327,3.79327,3.80327,3.45327,13.28,0.00366,53854373.0,352726322.0,5.272988146877696,3.60327
HK.00288,万洲国际,2019-08-21 00:00:00,3.81327,3.78327,3.91327,3.66327,13.26,0.00204,30003660.0,200473136.0,-0.26362478811158263,3.79327
HK.00288,万洲国际,2019-08-22 00:00:00,3.78327,3.71327,3.78327,3.57327,13.121,0.0018,26411036.0,173024666.0,-1.850251237685913,3.78327
HK.00288,万洲国际,2019-08-23 00:00:00,3.51327,3.72327,3.73327,3.45327,13.141,0.00351,51575031.0,337497215.0,0.26930441363002927,3.71327
HK.00288,万洲国际,2019-08-26 00:00:00,3.23327,3.30327,3.37327,3.20327,12.206,0.00803,118101341.0,726848440.0,-11.280406739237282,3.72327
HK.00288,万洲国际,2019-08-27 00:00:00,3.38327,3.58327,3.58327,3.37327,12.763,0.00408,60017742.0,381946597.0,8.476449094382241,3.30327
HK.00288,万洲国际,2019-08-28 00:00:00,3.62327,3.48327,3.69327,3.43327,12.564,0.00319,46854551.0,296583787.0,-2.7907469992492917,3.58327
HK.00288,万洲国际,2019-08-29 00:00:00,3.47327,3.54327,3.58327,3.42327,12.683,0.00266,39098111.0,248307680.0,1.7225193568112738,3.48327
HK.00288,万洲国际,2019-08-30 00:00:00,3.59327,3.47327,3.73327,3.44327,12.544,0.00358,52714153.0,336287724.0,-1.9755762332534714,3.54327
HK.00288,万洲国际,2019-09-02 00:00:00,3.43327,3.43327,3.50327,3.35327,12.465,0.00255,37572322.0,237305246.0,-1.1516524773484365,3.47327
HK.00288,万洲国际,2019-09-03 00:00:00,3.37327,3.48327,3.58327,3.37327,12.564,0.00116,17023504.0,108072842.0,1.456337544090627,3.43327
HK.00288,万洲国际,2019-09-04 00:00:00,3.56327,3.98327,4.02327,3.56327,13.558,0.00503,73923508.0,496285600.0,14.354327973427267,3.48327
HK.00288,万洲国际,2019-09-05 00:00:00,3.85327,3.97327,4.09327,3.85327,13.538,0.00327,48071596.0,327685287.0,-0.2510500166948319,3.98327
HK.00288,万洲国际,2019-09-06 00:00:00,4.06327,4.13327,4.23327,3.99327,13.856,0.00262,38541352.0,268824351.0,4.026909824904942,3.97327
HK.00288,万洲国际,2019-09-09 00:00:00,4.12327,4.03327,4.16327,3.96327,13.658,0.0015,22091823.0,151780803.0,-2.419391910037344,4.13327
HK.00288,万洲国际,2019-09-10 00:00:00,3.96327,3.95327,4.02327,3.89327,13.499,0.00276,40657999.0,276397302.0,-1.9835022202827994,4.03327
HK.00288,万洲国际,2019-09-11 00:00:00,3.95327,4.11327,4.15327,3.82327,13.817,0.00237,34907192.0,239298366.0,4.047282376361851,3.95327
HK.00288,万洲国际,2019-09-12 00:00:00,4.26327,4.38327,4.43327,4.13327,14.353,0.00357,52501226.0,375423064.0,6.564120517252708,4.11327
HK.00288,万洲国际,2019-09-13 00:00:00,4.38327,4.60327,4.61327,4.32327,14.791,0.0032,47023746.0,345756282.0,5.019083925927441,4.38327
HK.00288,万洲国际,2019-09-16 00:00:00,4.95327,4.64327,4.95327,4.64327,14.87,0.0053,77955830.0,592065218.0,0.8689475090533475,4.60327
HK.00288,万洲国际,2019-09-17 00:00:00,4.59327,4.45327,4.61327,4.35327,14.493,0.00183,26852640.0,195207325.0,-4.091943824072267,4.64327
HK.00288,万洲国际,2019-09-18 00:00:00,4.42327,4.35327,4.45327,4.34327,14.294,0.00314,46145642.0,332847856.0,-2.2455409171238134,4.45327
HK.00288,万洲国际,2019-09-19 00:00:00,4.31327,4.35327,4.48327,4.27327,14.294,0.00258,37923810.0,272469107.0,0.0,4.35327
HK.00288,万洲国际,2019-09-20 00:00:00,4.41327,4.27327,4.47327,4.25327,14.135,0.00251,36989888.0,264125023.0,-1.83769901706074,4.35327
HK.00288,万洲国际,2019-09-23 00:00:00,4.24327,4.20327,4.29327,4.10327,13.996,0.00161,23674395.0,166118929.0,-1.638089800082847,4.27327
HK.00288,万洲国际,2019-09-24 00:00:00,4.20327,4.18327,4.29327,4.15327,13.956,0.0019,27937275.0,196733048.0,-0.47582001632061643,4.20327
HK.00288,万洲国际,2019-09-25 00:00:00,3.88327,4.02327,4.19327,3.88327,13.638,0.00282,41450088.0,285157032.0,-3.8247590999385674,4.18327
HK.00288,万洲国际,2019-09-26 00:00:00,4.03327,4.11327,4.20327,4.03327,13.817,0.00257,37789891.0,262404778.0,2.2369863320135077,4.02327
HK.00288,万洲国际,2019-09-27 00:00:00,4.11327,4.11327,4.20327,4.06327,13.817,0.00181,26645077.0,185333715.0,0.0,4.11327
HK.00288,万洲国际,2019-09-30 00:00:00,4.18327,4.18327,4.23327,3.93327,13.956,0.00284,41722700.0,290547208.0,1.7018090229914469,4.11327
HK.00288,万洲国际,2019-10-02 00:00:00,4.17327,4.19327,4.26327,4.02327,13.976,0.00232,34132657.0,239111097.0,0.2390474437461552,4.18327
HK.00288,万洲国际,2019-10-03 00:00:00,4.09327,4.27327,4.31327,4.04327,14.135,0.00184,27100524.0,191357715.0,1.907818957520028,4.19327
HK.00288,万洲国际,2019-10-04 00:00:00,4.41327,4.17327,4.41327,4.10327,13.936,0.00269,39566186.0,279569266.0,-2.3401282858326415,4.27327
HK.00288,万洲国际,2019-10-08 00:00:00,4.19327,4.19327,4.35327,4.13327,13.976,0.00292,42972497.0,303484702.0,0.47924049965615606,4.17327
HK.00288,万洲国际,2019-10-09 00:00:00,4.16327,4.21327,4.26327,4.01327,14.015,0.00201,29581526.0,207506671.0,0.4769547393799964,4.19327
HK.00288,万洲国际,2019-10-10 00:00:00,4.22327,4.49327,4.61327,4.17327,14.572,0.00544,80026788.0,584197701.0,6.645669515601902,4.21327
HK.00288,万洲国际,2019-10-11 00:00:00,4.56327,4.56327,4.67327,4.43327,14.711,0.00424,62351732.0,461514264.0,1.5578854598099,4.49327
HK.00288,万洲国际,2019-10-14 00:00:00,4.86327,4.88327,4.91327,4.74327,15.347,0.01056,155391506.0,1188804030.0,7.012515148128432,4.56327
HK.00288,万洲国际,2019-10-15 00:00:00,4.81327,4.72327,4.89327,4.66327,15.029,0.00296,43481634.0,329632126.0,-3.2764930057113393,4.88327
HK.00288,万洲国际,2019-10-16 00:00:00,4.77327,4.73327,4.81327,4.66327,15.049,0.00204,30009126.0,226843104.0,0.2117177294543777,4.72327
HK.00288,万洲国际,2019-10-17 00:00:00,4.69327,4.75327,4.78327,4.59327,15.089,0.00234,34411185.0,259933923.0,0.42254086498339566,4.73327
HK.00288,万洲国际,2019-10-18 00:00:00,4.77327,4.74327,4.84327,4.64327,15.069,0.00298,43768714.0,332090653.0,-0.21038148474628598,4.75327
HK.00288,万洲国际,2019-10-21 00:00:00,4.74327,4.86327,4.90327,4.66327,15.308,0.00237,34868057.0,268073382.0,2.529900258682304,4.74327
HK.00288,万洲国际,2019-10-22 00:00:00,4.94327,4.93327,4.96327,4.83327,15.447,0.0034,50058164.0,387628519.0,1.4393607593244933,4.86327
HK.00288,万洲国际,2019-10-23 00:00:00,4.98327,4.62327,4.99327,4.61327,14.831,0.00355,52166000.0,394487884.0,-6.283864455016662,4.93327
HK.00288,万洲国际,2019-10-24 00:00:00,4.72327,4.74327,4.83327,4.66327,15.069,0.00192,28246583.0,214328129.0,2.595565476383601,4.62327
HK.00288,万洲国际,2019-10-25 00:00:00,4.81327,4.81327,4.87327,4.71327,15.208,0.00165,24206771.0,185164480.0,1.4757751508980153,4.74327
HK.00288,万洲国际,2019-10-28 00:00:00,4.77327,4.98327,4.98327,4.71327,15.546,0.00319,46977613.0,362943713.0,3.531902428079038,4.81327
HK.00288,万洲国际,2019-10-29 00:00:00,5.62327,5.43327,5.68327,5.33327,16.441,0.0105,154501357.0,1294298913.0,9.030215099723678,4.98327
HK.00288,万洲国际,2019-10-30 00:00:00,5.56327,5.63327,5.75327,5.51327,16.838,0.00475,69835996.0,589533854.0,3.681024502739606,5.43327
HK.00288,万洲国际,2019-10-31 00:00:00,5.68327,5.48327,5.693269999,5.42327,16.54,0.00389,57298270.0,477584461.0,-2.6627518297543054,5.63327
HK.00288,万洲国际,2019-11-01 00:00:00,5.453269999,5.65327,5.703269999,5.443269999,16.878,0.00265,38997277.0,329844514.0,3.100339760763193,5.48327
HK.00288,万洲国际,2019-11-04 00:00:00,5.66327,5.80327,5.81327,5.65327,17.176,0.00238,34996797.0,300497420.0,2.653331611615938,5.65327
HK.00288,万洲国际,2019-11-05 00:00:00,5.82327,5.91327,5.97327,5.73327,17.395,0.00398,58579680.0,510686155.0,1.8954830638588147,5.80327
HK.00288,万洲国际,2019-11-06 00:00:00,6.04327,5.83327,6.04327,5.75327,17.236,0.00177,26026678.0,225529921.0,-1.3528893488712688,5.91327
HK.00288,万洲国际,2019-11-07 00:00:00,5.81327,5.90327,5.98327,5.63327,17.375,0.00275,40515432.0,350041334.0,1.200013028712888,5.83327
HK.00288,万洲国际,2019-11-08 00:00:00,5.98327,5.89327,6.04327,5.77327,17.355,0.00408,60004327.0,524981182.0,-0.1693976389357049,5.90327
HK.00288,万洲国际,2019-11-11 00:00:00,5.76327,5.56327,5.76327,5.443269999,16.699,0.00273,40173319.0,338344434.0,-5.599607688091671,5.89327
HK.00288,万洲国际,2019-11-12 00:00:00,5.62327,5.65327,5.72327,5.39327,16.878,0.00224,32965998.0,277793048.0,1.6177535873685773,5.56327
HK.00288,万洲国际,2019-11-13 00:00:00,5.613269999,5.63327,5.78327,5.54327,16.838,0.00283,41619641.0,352912976.0,-0.3537775482154501,5.65327
HK.00288,万洲国际,2019-11-14 00:00:00,5.56327,5.55327,5.75327,5.46327,16.679,0.00219,32271358.0,271670192.0,-1.420134309202294,5.63327
HK.00288,万洲国际,2019-11-15 00:00:00,5.68327,5.66327,5.80327,5.613269999,16.898,0.00201,29602800.0,252787322.0,1.9808149072528334,5.55327
HK.00288,万洲国际,2019-11-18 00:00:00,5.74327,5.55327,5.74327,5.46327,16.679,0.00195,28664320.0,240281375.0,-1.9423407324743378,5.66327
HK.00288,万洲国际,2019-11-19 00:00:00,5.58327,5.74327,5.74327,5.54327,17.057,0.00304,44731679.0,379960634.0,3.421407567073085,5.55327
HK.00288,万洲国际,2019-11-20 00:00:00,5.65327,5.47327,5.693269999,5.39327,16.52,0.00335,49348804.0,411230658.0,-4.701154568738708,5.74327
HK.00288,万洲国际,2019-11-21 00:00:00,5.32327,5.21327,5.34327,5.02327,16.003,0.00465,68430888.0,550282019.0,-4.750359474317924,5.47327
HK.00288,万洲国际,2019-11-22 00:00:00,5.26327,5.363269999,5.43327,5.26327,16.302,0.00276,40663132.0,332922058.0,2.8772727865619903,5.21327
HK.00288,万洲国际,2019-11-25 00:00:00,5.46327,5.51327,5.54327,5.37327,16.6,0.00243,35710310.0,296097974.0,2.7968012244016887,5.363269999
HK.00288,万洲国际,2019-11-26 00:00:00,5.603269999,5.32327,5.613269999,5.31327,16.222,0.00262,38562089.0,316364200.0,-3.4462306398924842,5.51327
HK.00288,万洲国际,2019-11-27 00:00:00,5.283269999,5.523269999,5.54327,5.283269999,16.62,0.00286,42037255.0,347515755.0,3.757089138818811,5.32327
HK.00288,万洲国际,2019-11-28 00:00:00,5.37327,5.443269999,5.47327,5.37327,16.461,0.00189,27778386.0,229364355.0,-1.4484173327482495,5.523269999
HK.00288,万洲国际,2019-11-29 00:00:00,5.37327,5.203269999,5.37327,5.15327,15.984,0.00208,30636648.0,246678434.0,-4.409114375074016,5.443269999
HK.00288,万洲国际,2019-12-02 00:00:00,5.32327,5.31327,5.38327,5.22327,16.202,0.00144,21172204.0,172550012.0,2.114055219528123,5.203269999
HK.00288,万洲国际,2019-12-03 00:00:00,5.22327,5.13327,5.24327,5.05327,15.844,0.00459,67480237.0,538722751.0,-3.387744270477497,5.31327
HK.00288,万洲国际,2019-12-04 00:00:00,4.97327,4.98327,5.06327,4.90327,15.546,0.00291,42857144.0,334822280.0,-2.922113974133454,5.13327
HK.00288,万洲国际,2019-12-05 00:00:00,5.08327,5.05327,5.11327,4.93327,15.685,0.00164,24148584.0,189589878.0,1.4047001266236885,4.98327
HK.00288,万洲国际,2019-12-06 00:00:00,5.11327,5.443269999,5.54327,4.94327,16.461,0.00646,95126227.0,775331794.0,7.717774807204039,5.05327
HK.00288,万洲国际,2019-12-09 00:00:00,5.443269999,5.14327,5.443269999,4.91327,15.864,0.00293,43187217.0,345842951.0,-5.511392950471199,5.443269999
HK.00288,万洲国际,2019-12-10 00:00:00,5.11327,5.11327,5.22327,5.08327,15.805,0.0016,23535999.0,187879378.0,-0.5832865083886369,5.14327
HK.00288,万洲国际,2019-12-11 00:00:00,5.24327,5.04327,5.24327,5.01327,15.666,0.00233,34368397.0,271599744.0,-1.3689869691997545,5.11327
HK.00288,万洲国际,2019-12-12 00:00:00,5.04327,5.13327,5.18327,5.00327,15.844,0.00179,26364831.0,209507503.0,1.7845564484947416,5.04327
HK.00288,万洲国际,2019-12-13 00:00:00,5.46327,5.31327,5.51327,5.16327,16.202,0.00381,56105540.0,457053413.0,3.506536768960131,5.13327
HK.00288,万洲国际,2019-12-16 00:00:00,5.26327,5.16327,5.33327,5.14327,15.904,0.00315,46379155.0,373026799.0,-2.8231202253979255,5.31327
HK.00288,万洲国际,2019-12-17 00:00:00,5.26327,5.25327,5.283269999,5.16327,16.083,0.00475,69861619.0,562347438.0,1.7430814193330944,5.16327
HK.00288,万洲国际,2019-12-18 00:00:00,5.17327,4.94327,5.23327,4.92327,15.467,0.00524,77198014.0,606276444.0,-5.901086370965125,5.25327
HK.00288,万洲国际,2019-12-19 00:00:00,4.92327,4.89327,5.02327,4.83327,15.367,0.00385,56706126.0,439637375.0,-1.0114762090680829,4.94327
HK.00288,万洲国际,2019-12-20 00:00:00,5.09327,4.93327,5.09327,4.86327,15.447,0.00295,43478870.0,338720951.0,0.817449272163605,4.89327
HK.00288,万洲国际,2019-12-23 00:00:00,4.93327,5.08327,5.08327,4.91327,15.745,0.00223,32877675.0,258214464.0,3.0405795750080467,4.93327
HK.00288,万洲国际,2019-12-24 00:00:00,5.09327,5.17327,5.17327,4.98327,15.924,0.00124,18281946.0,145182152.0,1.7705138621399192,5.08327
HK.00288,万洲国际,2019-12-27 00:00:00,5.16327,5.22327,5.25327,5.06327,16.023,0.00214,31490373.0,252914974.0,0.9665066775946493,5.17327
HK.00288,万洲国际,2019-12-30 00:00:00,5.22327,5.30327,5.39327,5.14327,16.182,0.00195,28775498.0,234097141.0,1.5316075944762584,5.22327
HK.00288,万洲国际,2019-12-31 00:00:00,5.29327,5.21327,5.29327,5.16327,16.003,0.0012,17686682.0,142302443.0,-1.6970661497529023,5.30327
HK.00288,万洲国际,2020-01-02 00:00:00,5.21327,5.42327,5.443269999,5.21327,16.421,0.00177,26071399.0,214184290.0,4.028181928041326,5.21327
HK.00288,万洲国际,2020-01-03 00:00:00,5.43327,5.31327,5.46327,5.22327,16.202,0.00165,24250583.0,197933379.0,-2.028296581213907,5.42327
HK.00288,万洲国际,2020-01-06 00:00:00,5.23327,5.33327,5.38327,5.18327,16.242,0.00248,36443713.0,296607784.0,0.3764160300530478,5.31327
HK.00288,万洲国际,2020-01-07 00:00:00,5.38327,5.33327,5.38327,5.24327,16.242,0.00196,28887920.0,235752532.0,0.0,5.33327
HK.00288,万洲国际,2020-01-08 00:00:00,5.193269999,5.51327,5.54327,5.14327,16.6,0.0034,50003268.0,410847324.0,3.375040078600945,5.33327
HK.00288,万洲国际,2020-01-09 00:00:00,5.58327,5.94327,5.95327,5.58327,17.455,0.0047,69131222.0,597544387.0,7.799364079756654,5.51327
HK.00288,万洲国际,2020-01-10 00:00:00,5.96327,5.89327,6.01327,5.87327,17.355,0.00277,40718008.0,356256578.0,-0.8412877086183166,5.94327
HK.00288,万洲国际,2020-01-13 00:00:00,5.99327,5.86327,5.99327,5.71327,17.296,0.00243,35707249.0,309822259.0,-0.5090552443719742,5.89327
HK.00288,万洲国际,2020-01-14 00:00:00,5.89327,5.84327,6.06327,5.81327,17.256,0.00315,46401940.0,404990119.0,-0.3411065838687213,5.86327
HK.00288,万洲国际,2020-01-15 00:00:00,5.84327,5.66327,5.85327,5.603269999,16.898,0.00218,32033718.0,272507110.0,-3.0804669303318275,5.84327
HK.00288,万洲国际,2020-01-16 00:00:00,5.71327,5.72327,5.85327,5.63327,17.017,0.00243,35718765.0,305867233.0,1.059458581349653,5.66327
HK.00288,万洲国际,2020-01-17 00:00:00,5.89327,5.93327,5.95327,5.77327,17.435,0.00169,24921555.0,217554342.0,3.669231051479311,5.72327
HK.00288,万洲国际,2020-01-20 00:00:00,5.83327,5.77327,5.89327,5.72327,17.117,0.00139,20493654.0,176743413.0,-2.6966579980348127,5.93327
HK.00288,万洲国际,2020-01-21 00:00:00,5.57327,5.353269999,5.67327,5.33327,16.282,0.00308,45300256.0,374848572.0,-7.274906612716883,5.77327
HK.00288,万洲国际,2020-01-22 00:00:00,5.41327,5.38327,5.46327,5.32327,16.341,0.00191,28148228.0,230953307.0,0.5604051543375242,5.353269999
HK.00288,万洲国际,2020-01-23 00:00:00,5.363269999,5.17327,5.39327,5.10327,15.924,0.00304,44740356.0,360747697.0,-3.9009746863895147,5.38327
HK.00288,万洲国际,2020-01-24 00:00:00,5.18327,5.12327,5.18327,5.03327,15.825,0.00176,25908682.0,206306093.0,-0.966506677594632,5.17327
HK.00288,万洲国际,2020-01-29 00:00:00,4.91327,4.94327,5.07327,4.89327,15.467,0.00251,36899973.0,287807724.0,-3.513381102303797,5.12327
HK.00288,万洲国际,2020-01-30 00:00:00,4.98327,4.62327,5.04327,4.58327,14.831,0.00326,48010892.0,362621631.0,-6.473447738035759,4.94327
HK.00288,万洲国际,2020-01-31 00:00:00,4.65327,4.62327,4.73327,4.55327,14.831,0.00188,27660525.0,206153669.0,0.0,4.62327
HK.00288,万洲国际,2020-02-03 00:00:00,4.54327,4.56327,4.70327,4.46327,14.711,0.00444,65387121.0,484030151.0,-1.297782738191791,4.62327
HK.00288,万洲国际,2020-02-04 00:00:00,4.44327,4.61327,4.65327,4.44327,14.811,0.00363,53448763.0,395814919.0,1.0957054918950624,4.56327
HK.00288,万洲国际,2020-02-05 00:00:00,4.61327,4.82327,4.90327,4.60327,15.228,0.00318,46782675.0,356635281.0,4.552085613892098,4.61327
HK.00288,万洲国际,2020-02-06 00:00:00,4.96327,5.07327,5.15327,4.76327,15.725,0.00303,44592953.0,349676573.0,5.183205584593025,4.82327
HK.00288,万洲国际,2020-02-07 00:00:00,5.05327,5.203269999,5.23327,4.98327,15.984,0.0029,42662049.0,340242786.0,2.5624498400439917,5.07327
HK.00288,万洲国际,2020-02-10 00:00:00,5.08327,5.09327,5.283269999,5.01327,15.765,0.00169,24914862.0,198541239.0,-2.1140551810907353,5.203269999
HK.00288,万洲国际,2020-02-11 00:00:00,5.13327,5.21327,5.39327,5.13327,16.003,0.0019,27991336.0,226474255.0,2.356050238844577,5.09327
HK.00288,万洲国际,2020-02-12 00:00:00,5.34327,5.38327,5.47327,5.29327,16.341,0.00204,30045184.0,247728527.0,3.260909179842993,5.21327
HK.00288,万洲国际,2020-02-13 00:00:00,5.51327,5.30327,5.51327,5.24327,16.182,0.00134,19792527.0,161411670.0,-1.4860855948150486,5.38327
HK.00288,万洲国际,2020-02-14 00:00:00,5.29327,5.38327,5.453269999,5.24327,16.341,0.0012,17671438.0,145125307.0,1.5085032442247908,5.30327
HK.00288,万洲国际,2020-02-17 00:00:00,5.46327,5.51327,5.57327,5.353269999,16.6,0.0013,19136608.0,159890175.0,2.41488909157445,5.38327
HK.00288,万洲国际,2020-02-18 00:00:00,5.47327,5.443269999,5.523269999,5.42327,16.461,0.00128,18866445.0,156479084.0,-1.2696639380984491,5.51327
HK.00288,万洲国际,2020-02-19 00:00:00,5.443269999,5.75327,5.82327,5.43327,17.077,0.00245,36073520.0,308624983.0,5.695106086175236,5.443269999
HK.00288,万洲国际,2020-02-20 00:00:00,5.75327,5.81327,5.84327,5.62327,17.196,0.00206,30405663.0,261157575.0,1.0428851766039227,5.75327
HK.00288,万洲国际,2020-02-21 00:00:00,5.81327,5.693269999,5.85327,5.67327,16.958,0.00157,23194237.0,198868718.0,-2.064242689570589,5.81327
HK.00288,万洲国际,2020-02-24 00:00:00,5.703269999,5.59327,5.703269999,5.533269999,16.759,0.00221,32593716.0,275342460.0,-1.7564598028472944,5.693269999
HK.00288,万洲国际,2020-02-25 00:00:00,5.58327,5.66327,5.71327,5.43327,16.898,0.0021,30927020.0,261194484.0,1.251504039676243,5.59327
HK.00288,万洲国际,2020-02-26 00:00:00,5.66327,5.64327,5.66327,5.51327,16.858,0.00151,22216276.0,187816344.0,-0.35315286044987393,5.66327
HK.00288,万洲国际,2020-02-27 00:00:00,5.62327,5.453269999,5.63327,5.363269999,16.481,0.00265,38970495.0,323397035.0,-3.3668422917918237,5.64327
HK.00288,万洲国际,2020-02-28 00:00:00,5.21327,5.08327,5.25327,5.02327,15.745,0.00377,55456738.0,440551542.0,-6.784919856670387,5.453269999
HK.00288,万洲国际,2020-03-02 00:00:00,4.99327,5.203269999,5.25327,4.99327,15.984,0.00241,35462438.0,282942319.0,2.36068512984752,5.08327
HK.00288,万洲国际,2020-03-03 00:00:00,5.24327,5.21327,5.353269999,5.16327,16.003,0.00174,25585528.0,206187451.0,0.19218685561044763,5.203269999
HK.00288,万洲国际,2020-03-04 00:00:00,5.21327,5.273269999,5.29327,5.08327,16.123,0.0012,17626196.0,141953473.0,1.1509091031157108,5.21327
HK.00288,万洲国际,2020-03-05 00:00:00,5.363269999,5.613269999,5.75327,5.33327,16.799,0.00361,53121761.0,449090357.0,6.447612203897695,5.273269999
HK.00288,万洲国际,2020-03-06 00:00:00,5.46327,5.47327,5.603269999,5.34327,16.52,0.00236,34691422.0,288242963.0,-2.494089880318255,5.613269999
HK.00288,万洲国际,2020-03-09 00:00:00,5.04327,5.04327,5.23327,5.00327,15.666,0.00223,32903878.0,261532853.0,-7.856363745987327,5.47327
HK.00288,万洲国际,2020-03-10 00:00:00,5.07327,5.08327,5.21327,4.89327,15.745,0.00274,40417980.0,320108661.0,0.7931361993309904,5.04327
HK.00288,万洲国际,2020-03-11 00:00:00,5.11327,5.00327,5.17327,4.93327,15.586,0.00209,30825177.0,241946988.0,-1.5737900996799319,5.08327
HK.00288,万洲国际,2020-03-12 00:00:00,4.81327,4.41327,4.84327,4.40327,14.413,0.00538,79285966.0,592318851.0,-11.792287843750184,5.00327
HK.00288,万洲国际,2020-03-13 00:00:00,3.56327,4.29327,4.38327,3.56327,14.174,0.00778,114557744.0,788835249.0,-2.7190722525474333,4.41327
HK.00288,万洲国际,2020-03-16 00:00:00,3.91327,3.88327,4.17327,3.86327,13.359,0.00348,51202621.0,349695083.0,-9.54983031581987,4.29327
HK.00288,万洲国际,2020-03-17 00:00:00,3.88327,3.82327,4.05327,3.62327,13.24,0.00256,37756158.0,251626161.0,-1.545089576568203,3.88327
HK.00288,万洲国际,2020-03-18 00:00:00,3.71327,3.36327,3.93327,3.24327,12.326,0.00627,92307223.0,594582043.0,-12.031585527571947,3.82327
HK.00288,万洲国际,2020-03-19 00:00:00,3.29327,3.15327,3.54327,3.08327,11.908,0.00623,91754519.0,560421864.0,-6.243923324621573,3.36327
HK.00288,万洲国际,2020-03-20 00:00:00,3.19327,3.48327,3.51327,3.09327,12.564,0.00367,54079168.0,337025778.0,10.465326470616219,3.15327
HK.00288,万洲国际,2020-03-23 00:00:00,3.16327,3.12327,3.31327,3.09327,11.848,0.00525,77382286.0,466002401.0,-10.33511614086763,3.48327
HK.00288,万洲国际,2020-03-24 00:00:00,3.38327,3.76327,3.84327,3.37327,13.121,0.00607,89384280.0,579653806.0,20.49134400804284,3.12327
HK.00288,万洲国际,2020-03-25 00:00:00,4.17327,4.50327,4.63327,4.14327,9.52,0.0109,160530868.0,1154000272.0,19.66374987710156,3.76327
HK.00288,万洲国际,2020-03-26 00:00:00,4.50327,4.50327,4.62327,4.35327,9.52,0.0041,60337447.0,442799304.0,0.0,4.50327
HK.00288,万洲国际,2020-03-27 00:00:00,4.76327,4.43327,4.77327,4.37327,9.429,0.00443,65296187.0,478961728.0,-1.5544260059911887,4.50327
HK.00288,万洲国际,2020-03-30 00:00:00,4.32327,4.20327,4.34327,4.05327,9.13,0.00369,54310563.0,382033750.0,-5.1880440397268925,4.43327
HK.00288,万洲国际,2020-03-31 00:00:00,4.70327,4.41327,4.70327,4.18327,9.403,0.00389,57263165.0,413268066.0,4.996110171366578,4.20327
HK.00288,万洲国际,2020-04-01 00:00:00,4.76327,4.33327,4.76327,4.22327,9.299,0.00362,53359734.0,385240743.0,-1.8127148350316222,4.41327
HK.00288,万洲国际,2020-04-02 00:00:00,4.28327,4.39327,4.39327,4.23327,9.377,0.00226,33220171.0,237944308.0,1.384635621597558,4.33327
HK.00288,万洲国际,2020-04-03 00:00:00,4.52327,4.45327,4.56327,4.37327,9.455,0.00199,29333161.0,213846217.0,1.3657253025650506,4.39327
HK.00288,万洲国际,2020-04-06 00:00:00,4.52327,4.64327,4.66327,4.43327,9.701,0.00272,40045136.0,295964119.0,4.266527742535269,4.45327
HK.00288,万洲国际,2020-04-07 00:00:00,4.79327,5.09327,5.16327,4.71327,10.285,0.0053,78054731.0,611705293.0,9.691445899118513,4.64327
HK.00288,万洲国际,2020-04-08 00:00:00,4.92327,4.90327,5.13327,4.88327,10.038,0.00276,40705733.0,317304503.0,-3.730412878170613,5.09327
HK.00288,万洲国际,2020-04-09 00:00:00,5.15327,4.98327,5.15327,4.93327,10.142,0.00282,41475836.0,325658753.0,1.6315642418222955,4.90327
HK.00288,万洲国际,2020-04-14 00:00:00,4.47327,4.92327,4.96327,4.36327,10.064,0.00646,95092404.0,711898842.0,-1.2040286799631668,4.98327
HK.00288,万洲国际,2020-04-15 00:00:00,5.05327,4.67327,5.05327,4.65327,9.74,0.00374,55151742.0,417175093.0,-5.077925850095567,4.92327
HK.00288,万洲国际,2020-04-16 00:00:00,4.69327,4.61327,4.77327,4.55327,9.662,0.00254,37420598.0,279951539.0,-1.2838975706518052,4.67327
HK.00288,万洲国际,2020-04-17 00:00:00,4.75327,4.71327,4.90327,4.64327,9.792,0.00328,48253006.0,365727005.0,2.167659816139087,4.61327
HK.00288,万洲国际,2020-04-20 00:00:00,4.59327,4.78327,4.93327,4.59327,9.883,0.00225,33133289.0,253061140.0,1.4851684711463653,4.71327
HK.00288,万洲国际,2020-04-21 00:00:00,4.69327,4.70327,4.83327,4.56327,9.779,0.00283,41714140.0,313136111.0,-1.6724960121423227,4.78327
HK.00288,万洲国际,2020-04-22 00:00:00,4.60327,4.82327,4.85327,4.56327,9.935,0.00328,48235777.0,363984879.0,2.5514163550040743,4.70327
HK.00288,万洲国际,2020-04-23 00:00:00,4.94327,4.94327,5.09327,4.84327,10.09,0.00294,43347583.0,337407555.0,2.487938680604654,4.82327
HK.00288,万洲国际,2020-04-24 00:00:00,4.87327,4.78327,4.95327,4.78327,9.883,0.00155,22792104.0,175179326.0,-3.2367238690178795,4.94327
HK.00288,万洲国际,2020-04-27 00:00:00,4.71327,4.91327,4.91327,4.71327,10.051,0.0026,38234670.0,293770528.0,2.7178060197312695,4.78327
HK.00288,万洲国际,2020-04-28 00:00:00,4.94327,5.00327,5.00327,4.84327,10.168,0.00216,31872100.0,247829260.0,1.8317739509532318,4.91327
HK.00288,万洲国际,2020-04-29 00:00:00,4.96327,4.64327,5.02327,4.57327,9.701,0.00569,83801757.0,629224117.0,-7.195294277542476,5.00327
HK.00288,万洲国际,2020-05-04 00:00:00,4.34327,4.29327,4.44327,4.22327,9.247,0.00472,69567169.0,498008218.0,-7.537791254869964,4.64327
HK.00288,万洲国际,2020-05-05 00:00:00,4.54327,4.41327,4.54327,4.29327,9.403,0.00281,41400412.0,298966122.0,2.7950722875570393,4.29327
HK.00288,万洲国际,2020-05-06 00:00:00,4.52327,4.41327,4.52327,4.35327,9.403,0.00356,52405347.0,379746528.0,0.0,4.41327
HK.00288,万洲国际,2020-05-07 00:00:00,4.37327,4.32327,4.39327,4.23327,9.286,0.00299,44029223.0,314081439.0,-2.03930418941057,4.41327
HK.00288,万洲国际,2020-05-08 00:00:00,4.32327,4.29327,4.36327,4.18327,9.247,0.00406,59831054.0,425723660.0,-0.6939191861715842,4.32327
HK.00288,万洲国际,2020-05-11 00:00:00,4.34327,4.37327,4.50327,4.34327,9.351,0.00244,36007879.0,261800766.0,1.8633815250380263,4.29327
HK.00288,万洲国际,2020-05-12 00:00:00,4.33327,4.30327,4.44327,4.24327,9.26,0.0027,39730154.0,283494985.0,-1.6006329359952485,4.37327
HK.00288,万洲国际,2020-05-13 00:00:00,4.25327,4.40327,4.41327,4.21327,9.39,0.00316,46529407.0,333218855.0,2.323814215701075,4.30327
HK.00288,万洲国际,2020-05-14 00:00:00,4.39327,4.28327,4.40327,4.21327,9.234,0.00317,46643378.0,331259764.0,-2.725247372975087,4.40327
HK.00288,万洲国际,2020-05-15 00:00:00,4.14327,3.96327,4.22327,3.96327,8.819,0.00486,71633450.0,493892915.0,-7.470927585699708,4.28327
HK.00288,万洲国际,2020-05-18 00:00:00,3.93327,4.08327,4.13327,3.92327,8.975,0.00392,57754632.0,399345602.0,3.027802799203679,3.96327
HK.00288,万洲国际,2020-05-19 00:00:00,4.25327,3.96327,4.26327,3.93327,8.819,0.00406,59860510.0,410411370.0,-2.938821091918969,4.08327
HK.00288,万洲国际,2020-05-20 00:00:00,3.96327,3.92327,4.17327,3.89327,8.767,0.00308,45392433.0,309527225.0,-1.0092675997345635,3.96327
HK.00288,万洲国际,2020-05-21 00:00:00,3.96327,3.81327,3.98327,3.79327,8.625,0.00257,37878595.0,254252271.0,-2.8037835784944667,3.92327
HK.00288,万洲国际,2020-05-22 00:00:00,3.76327,3.56327,3.77327,3.45327,8.3,0.00631,92971006.0,594995693.0,-6.556052941438713,3.81327
HK.00288,万洲国际,2020-05-25 00:00:00,3.38327,3.53327,3.59327,3.38327,8.261,0.00272,40117507.0,254152519.0,-0.8419232895626839,3.56327
HK.00288,万洲国际,2020-05-26 00:00:00,3.65327,3.62327,3.73327,3.60327,8.378,0.00226,33228938.0,215642424.0,2.547215468956528,3.53327
HK.00288,万洲国际,2020-05-27 00:00:00,3.72327,3.56327,3.73327,3.48327,8.3,0.00284,41841630.0,267346588.0,-1.6559627077198233,3.62327
HK.00288,万洲国际,2020-05-28 00:00:00,3.76327,3.57327,3.76327,3.46327,8.313,0.00318,46799506.0,300689503.0,0.28064109652088637,3.56327
HK.00288,万洲国际,2020-05-29 00:00:00,3.56327,3.84327,3.84327,3.48327,8.664,0.00513,75583767.0,497794300.0,7.556104072740095,3.57327
HK.00288,万洲国际,2020-06-01 00:00:00,4.04327,3.76327,4.05327,3.73327,8.56,0.00434,63882698.0,426291028.0,-2.081560754253541,3.84327
HK.00288,万洲国际,2020-06-02 00:00:00,3.61327,3.69327,3.86327,3.60327,8.469,0.00362,53296365.0,347257265.0,-1.8600844478339276,3.76327
HK.00288,万洲国际,2020-06-03 00:00:00,3.76327,3.79327,3.84327,3.72327,8.599,0.00344,50658402.0,334292005.0,2.707627657875002,3.69327
HK.00288,万洲国际,2020-06-04 00:00:00,4.02327,3.96327,4.02327,3.86327,8.819,0.00544,80071384.0,540789735.0,4.481621397896799,3.79327
HK.00288,万洲国际,2020-06-05 00:00:00,4.08827,4.17827,4.19827,3.95827,8.754,0.00497,73214064.0,488676508.0,5.424813348573282,3.96327
HK.00288,万洲国际,2020-06-08 00:00:00,4.19827,4.10827,4.29827,3.97827,8.664,0.00367,54087648.0,363566945.0,-1.6753345284053038,4.17827
HK.00288,万洲国际,2020-06-09 00:00:00,4.18827,4.34827,4.41827,4.09827,8.975,0.00634,93440099.0,644461537.0,5.8418750471609755,4.10827
HK.00288,万洲国际,2020-06-10 00:00:00,4.42827,4.26827,4.42827,4.23827,8.871,0.00184,27117034.0,186242435.0,-1.8398121551789575,4.34827
HK.00288,万洲国际,2020-06-11 00:00:00,4.28827,4.21827,4.36827,4.18827,8.806,0.00285,42030765.0,287512596.0,-1.171434796767773,4.26827
HK.00288,万洲国际,2020-06-12 00:00:00,4.10827,4.16827,4.16827,4.04827,8.741,0.00193,28478359.0,190679433.0,-1.1853200482662491,4.21827
HK.00288,万洲国际,2020-06-15 00:00:00,4.14827,4.05827,4.19827,4.00827,8.599,0.00326,47969838.0,319985709.0,-2.638984518757169,4.16827
HK.00288,万洲国际,2020-06-16 00:00:00,4.20827,4.32827,4.34827,4.20827,8.949,0.00253,37301940.0,255936734.0,6.653081239050127,4.05827
HK.00288,万洲国际,2020-06-17 00:00:00,4.37827,4.30827,4.37827,4.15827,8.923,0.00263,38807869.0,264916044.0,-0.4620783823559892,4.32827
HK.00288,万洲国际,2020-06-18 00:00:00,4.32827,4.24827,4.32827,4.18827,8.845,0.00213,31384352.0,213676410.0,-1.3926703758121124,4.30827
HK.00288,万洲国际,2020-06-19 00:00:00,4.17827,4.33827,4.33827,4.16827,8.962,0.00361,53112107.0,363622698.0,2.118509416774354,4.24827
HK.00288,万洲国际,2020-06-22 00:00:00,4.25827,4.16827,4.30827,4.10827,8.741,0.00201,29593953.0,199396507.0,-3.918612718894858,4.33827
HK.00288,万洲国际,2020-06-23 00:00:00,4.10827,4.28827,4.32827,3.99827,8.897,0.00311,45838216.0,311361698.0,2.878892202280565,4.16827
HK.00288,万洲国际,2020-06-24 00:00:00,4.35827,4.23827,4.39827,4.22827,8.832,0.00314,46283851.0,317943356.0,-1.1659713590795313,4.28827
HK.00288,万洲国际,2020-06-26 00:00:00,4.17827,4.12827,4.23827,4.12827,8.69,0.00211,31118154.0,209801826.0,-2.595398594237751,4.23827
HK.00288,万洲国际,2020-06-29 00:00:00,4.05827,3.94827,4.10827,3.92827,8.456,0.00346,50977652.0,335255651.0,-4.360179930091776,4.12827
HK.00288,万洲国际,2020-06-30 00:00:00,3.99827,4.06827,4.14827,3.94827,8.612,0.00244,35953666.0,238236039.0,3.039305822550132,3.94827
HK.00288,万洲国际,2020-07-02 00:00:00,4.17827,4.24827,4.25827,4.08827,8.845,0.00337,49617747.0,334908550.0,4.424485100546416,4.06827
HK.00288,万洲国际,2020-07-03 00:00:00,4.28827,4.36827,4.36827,4.19827,9.001,0.00354,52124137.0,358294436.0,2.8246792223658126,4.24827
HK.00288,万洲国际,2020-07-06 00:00:00,4.39827,4.82827,4.83827,4.34827,9.597,0.00602,88711007.0,642780776.0,10.530484608323203,4.36827
HK.00288,万洲国际,2020-07-07 00:00:00,4.90827,4.79827,4.99827,4.79827,9.559,0.00519,76396861.0,568912946.0,-0.621340562975978,4.82827
HK.00288,万洲国际,2020-07-08 00:00:00,4.87827,4.67827,4.90827,4.62827,9.403,0.00346,50986415.0,371885591.0,-2.500901366534172,4.79827
HK.00288,万洲国际,2020-07-09 00:00:00,4.64827,4.71827,4.72827,4.50827,9.455,0.00402,59265680.0,426743686.0,0.8550169186472785,4.67827
HK.00288,万洲国际,2020-07-10 00:00:00,4.72827,4.47827,4.72827,4.36827,9.143,0.00383,56411031.0,399630631.0,-5.086610134646813,4.71827
HK.00288,万洲国际,2020-07-13 00:00:00,4.43827,4.75827,4.85827,4.41827,9.507,0.0045,66292299.0,483495353.0,6.25241443682494,4.47827
HK.00288,万洲国际,2020-07-14 00:00:00,4.74827,4.84827,4.89827,4.62827,9.623,0.00271,39865708.0,294151976.0,1.89144373900598,4.75827
HK.00288,万洲国际,2020-07-15 00:00:00,4.89827,4.83827,4.93827,4.69827,9.61,0.00321,47223475.0,349489920.0,-0.2062591398581489,4.84827
HK.00288,万洲国际,2020-07-16 00:00:00,4.87827,4.58827,4.87827,4.57827,9.286,0.00272,40093454.0,291588377.0,-5.167136187108203,4.83827
HK.00288,万洲国际,2020-07-17 00:00:00,4.60827,4.78827,4.88827,4.57827,9.546,0.00223,32909915.0,241620941.0,4.358941387494637,4.58827
HK.00288,万洲国际,2020-07-20 00:00:00,4.78827,4.82827,4.92827,4.71827,9.597,0.00352,51825149.0,384547243.0,0.8353747804530662,4.78827
HK.00288,万洲国际,2020-07-21 00:00:00,4.87827,4.87827,4.96827,4.77827,9.662,0.00281,41334368.0,309249166.0,1.035567604959951,4.82827
HK.00288,万洲国际,2020-07-22 00:00:00,4.79827,4.64827,4.91827,4.63827,9.364,0.00198,29158129.0,214081115.0,-4.714786184446526,4.87827
HK.00288,万洲国际,2020-07-23 00:00:00,4.62827,4.40827,4.66827,4.36827,9.053,0.00478,70364348.0,494677311.0,-5.163211259242691,4.64827
HK.00288,万洲国际,2020-07-24 00:00:00,4.39827,4.21827,4.48827,4.18827,8.806,0.00356,52397702.0,360610790.0,-4.310080825357782,4.40827
HK.00288,万洲国际,2020-07-27 00:00:00,4.24827,4.12827,4.28827,4.04827,8.69,0.00188,27685978.0,186219824.0,-2.1335760868792355,4.21827
HK.00288,万洲国际,2020-07-28 00:00:00,4.17827,4.19827,4.24827,4.10827,8.78,0.00163,24053789.0,162682469.0,1.6956255283690331,4.12827
HK.00288,万洲国际,2020-07-29 00:00:00,4.24827,4.27827,4.32827,4.15827,8.884,0.0019,28032563.0,190673790.0,1.9055468085663874,4.19827
HK.00288,万洲国际,2020-07-30 00:00:00,4.27827,4.32827,4.53827,4.27827,8.949,0.00266,39112357.0,272588972.0,1.1686966928220945,4.27827
HK.00288,万洲国际,2020-07-31 00:00:00,4.29827,4.31827,4.37827,4.23827,8.936,0.00158,23208678.0,160066860.0,-0.2310391911779946,4.32827
HK.00288,万洲国际,2020-08-03 00:00:00,4.22827,4.45827,4.47827,4.22827,9.118,0.00175,25819104.0,180163987.0,3.242039057307664,4.31827
HK.00288,万洲国际,2020-08-04 00:00:00,4.54827,4.49827,4.58827,4.40827,9.169,0.00169,24887946.0,175523746.0,0.897209007081223,4.45827
HK.00288,万洲国际,2020-08-05 00:00:00,4.50827,4.56827,4.65827,4.49827,9.26,0.00159,23447736.0,167504482.0,1.5561538102426107,4.49827
HK.00288,万洲国际,2020-08-06 00:00:00,4.57827,4.55827,4.66827,4.45827,9.247,0.00176,25951259.0,184240372.0,-0.21890124708039996,4.56827
HK.00288,万洲国际,2020-08-07 00:00:00,4.43827,4.37827,4.51827,4.30827,9.014,0.00179,26301654.0,183183463.0,-3.948866565604946,4.55827
HK.00288,万洲国际,2020-08-10 00:00:00,4.37827,4.45827,4.53827,4.36827,9.118,0.00169,24937146.0,175489704.0,1.8272057228083254,4.37827
HK.00288,万洲国际,2020-08-11 00:00:00,4.52827,4.64827,4.77827,4.45827,9.364,0.00287,42259033.0,305451505.0,4.261742783635814,4.45827
HK.00288,万洲国际,2020-08-12 00:00:00,4.54827,4.13827,4.57827,4.03827,8.702,0.00716,105468997.0,711192550.0,-10.971823925890703,4.64827
HK.00288,万洲国际,2020-08-13 00:00:00,4.17827,4.30827,4.36827,4.15827,8.923,0.00299,44105529.0,302109021.0,4.107996819927165,4.13827
HK.00288,万洲国际,2020-08-14 00:00:00,4.23827,4.27827,4.39827,4.21827,8.884,0.00223,32919608.0,225761042.0,-0.6963351879060562,4.30827
HK.00288,万洲国际,2020-08-17 00:00:00,4.29827,4.30827,4.45827,4.24827,8.923,0.00328,48390279.0,334006297.0,0.701218015693265,4.27827
HK.00288,万洲国际,2020-08-18 00:00:00,4.29827,4.36827,4.40827,4.28827,9.001,0.00206,30365418.0,210432740.0,1.3926703758120917,4.30827
HK.00288,万洲国际,2020-08-19 00:00:00,4.38827,4.32827,4.41827,4.23827,8.949,0.00118,17436460.0,120445440.0,-0.9156943137672359,4.36827
HK.00288,万洲国际,2020-08-20 00:00:00,4.47827,4.20827,4.47827,4.12827,8.793,0.00344,50743892.0,343455459.0,-2.772470294135997,4.32827
HK.00288,万洲国际,2020-08-21 00:00:00,4.27827,4.25827,4.34827,4.12827,8.858,0.00183,26967856.0,183975127.0,1.1881366927502446,4.20827
HK.00288,万洲国际,2020-08-24 00:00:00,4.29827,4.31827,4.37827,4.24827,8.871,0.00163,23974614.0,164188470.0,1.4090229130609286,4.25827
HK.00288,万洲国际,2020-08-25 00:00:00,4.32827,4.28827,4.33827,4.24827,8.832,0.00193,28430105.0,193459390.0,-0.694722655137364,4.31827
HK.00288,万洲国际,2020-08-26 00:00:00,4.21827,4.16827,4.29827,4.14827,8.677,0.00379,55823719.0,375142162.0,-2.798331261790888,4.28827
HK.00288,万洲国际,2020-08-27 00:00:00,4.21827,4.13827,4.24827,4.08827,8.638,0.00326,48007593.0,320114707.0,-0.7197230505701253,4.16827
HK.00288,万洲国际,2020-08-28 00:00:00,4.08827,4.25827,4.35827,4.05827,8.793,0.00367,54008720.0,365123370.0,2.899762461125062,4.13827
HK.00288,万洲国际,2020-08-31 00:00:00,4.27827,4.16827,4.37827,4.14827,8.677,0.00326,48083431.0,325392691.0,-2.113534369591424,4.25827
HK.00288,万洲国际,2020-09-01 00:00:00,4.13827,4.16827,4.23827,4.09827,8.677,0.00179,26332008.0,176342409.0,0.0,4.16827
HK.00288,万洲国际,2020-09-02 00:00:00,4.10827,4.21827,4.23827,4.10827,8.741,0.00245,36123351.0,242436127.0,1.1995384176169182,4.16827
HK.00288,万洲国际,2020-09-03 00:00:00,4.16827,4.22827,4.27827,4.09827,8.754,0.00187,27622548.0,186342113.0,0.23706400965324137,4.21827
HK.00288,万洲国际,2020-09-04 00:00:00,4.17827,4.09827,4.20827,4.03827,8.586,0.00386,56873671.0,376613998.0,-3.074543489417655,4.22827
HK.00288,万洲国际,2020-09-07 00:00:00,4.03827,3.95827,4.10827,3.94827,8.404,0.00285,42076529.0,275712762.0,-3.4160755635914697,4.09827
HK.00288,万洲国际,2020-09-08 00:00:00,4.00827,3.95827,4.02827,3.89827,8.404,0.00125,18460900.0,119830481.0,0.0,3.95827
HK.00288,万洲国际,2020-09-09 00:00:00,3.86827,4.00827,4.01827,3.85827,8.469,0.00153,22500969.0,145576233.0,1.263178105586538,3.95827
HK.00288,万洲国际,2020-09-10 00:00:00,4.02827,3.94827,4.04827,3.91827,8.391,0.00109,16082316.0,104670366.0,-1.496905148605271,4.00827
HK.00288,万洲国际,2020-09-11 00:00:00,3.99827,4.09827,4.12827,3.90827,8.586,0.00144,21165850.0,139257162.0,3.799132278187671,3.94827
HK.00288,万洲国际,2020-09-14 00:00:00,4.09827,4.11827,4.16827,4.02827,8.612,0.00157,23144817.0,153525299.0,0.48801079479877046,4.09827
HK.00288,万洲国际,2020-09-15 00:00:00,4.11827,4.13827,4.19827,4.06827,8.638,0.0013,19198080.0,127813379.0,0.4856408151966836,4.11827
HK.00288,万洲国际,2020-09-16 00:00:00,4.12827,4.15827,4.19827,4.08827,8.664,0.00094,13837132.0,92303950.0,0.48329374352083293,4.13827
HK.00288,万洲国际,2020-09-17 00:00:00,4.15827,4.17827,4.19827,4.09827,8.69,0.00185,27220002.0,182128945.0,0.4809692492310615,4.15827
HK.00288,万洲国际,2020-09-18 00:00:00,4.19827,4.18827,4.20827,4.10827,8.702,0.00202,29841301.0,199855284.0,0.23933350405789441,4.17827
HK.00288,万洲国际,2020-09-21 00:00:00,4.10827,4.01827,4.18827,3.97827,8.482,0.00132,19438499.0,127506362.0,-4.058955129444852,4.18827
HK.00288,万洲国际,2020-09-22 00:00:00,4.07827,3.90827,4.07827,3.85827,8.339,0.00175,25796235.0,166603026.0,-2.737496484805658,4.01827
HK.00288,万洲国际,2020-09-23 00:00:00,3.89827,3.83827,3.94827,3.75827,8.249,0.0023,33827170.0,214691036.0,-1.7910737999165829,3.90827
HK.00288,万洲国际,2020-09-24 00:00:00,3.77827,3.84827,3.87827,3.75827,8.261,0.00142,20975228.0,133204968.0,0.2605340426806813,3.83827
HK.00288,万洲国际,2020-09-25 00:00:00,3.84827,3.78827,3.86827,3.73827,8.184,0.00149,21981585.0,138806937.0,-1.5591421599835784,3.84827
HK.00288,万洲国际,2020-09-28 00:00:00,3.75827,3.74827,3.79827,3.69827,8.132,0.00135,19944402.0,124945149.0,-1.0558909475829228,3.78827
HK.00288,万洲国际,2020-09-29 00:00:00,3.68827,3.76827,3.81827,3.67827,8.158,0.00114,16733785.0,104955060.0,0.5335794913386596,3.74827
HK.00288,万洲国际,2020-09-30 00:00:00,3.75827,3.75827,3.82827,3.70827,8.145,0.002,29533420.0,185575410.0,-0.26537376568026677,3.76827
HK.00288,万洲国际,2020-10-05 00:00:00,3.78827,3.84827,3.89827,3.73827,8.261,0.00171,25267847.0,160556903.0,2.3947188467033995,3.75827
HK.00288,万洲国际,2020-10-06 00:00:00,3.86827,4.01827,4.04827,3.86827,8.482,0.00134,19803752.0,129353829.0,4.417569453286811,3.84827
HK.00288,万洲国际,2020-10-07 00:00:00,4.02827,4.02827,4.07827,3.93827,8.495,0.00325,47914270.0,313336394.0,0.24886331680050836,4.01827
HK.00288,万洲国际,2020-10-08 00:00:00,3.99827,3.85827,4.02827,3.81827,8.274,0.00232,34184250.0,218415154.0,-4.2201739208146405,4.02827
HK.00288,万洲国际,2020-10-09 00:00:00,3.89827,3.72827,3.89827,3.65827,8.106,0.00253,37345257.0,233646544.0,-3.369385760975771,3.85827
HK.00288,万洲国际,2020-10-12 00:00:00,3.72827,3.73827,3.81827,3.61827,8.119,0.00388,57232001.0,356541050.0,0.2682209174764646,3.72827
HK.00288,万洲国际,2020-10-14 00:00:00,3.74827,3.66827,3.80827,3.62827,8.028,0.00333,49118435.0,305103620.0,-1.8725239214930929,3.73827
HK.00288,万洲国际,2020-10-15 00:00:00,3.57827,3.54827,3.63827,3.48827,7.872,0.00265,39107929.0,238451822.0,-3.271296823843395,3.66827
HK.00288,万洲国际,2020-10-16 00:00:00,3.48827,3.55827,3.57827,3.47827,7.885,0.00321,47275691.0,286034198.0,0.28182748212508596,3.54827
HK.00288,万洲国际,2020-10-19 00:00:00,3.57827,3.65827,3.73827,3.57827,8.015,0.00181,26637252.0,164985986.0,2.810354470009305,3.55827
HK.00288,万洲国际,2020-10-20 00:00:00,3.66827,3.69827,3.72827,3.64827,8.067,0.00231,34022500.0,211045010.0,1.093413006694422,3.65827
HK.00288,万洲国际,2020-10-21 00:00:00,3.73827,3.75827,3.82827,3.70827,8.145,0.00337,49746779.0,312622194.0,1.6223801939825933,3.69827
HK.00288,万洲国际,2020-10-22 00:00:00,3.66827,3.82827,3.85827,3.66827,8.236,0.00376,55431601.0,350261090.0,1.8625591029915318,3.75827
HK.00288,万洲国际,2020-10-23 00:00:00,3.87827,3.80827,3.95827,3.80827,8.21,0.00238,35015912.0,223877390.0,-0.522429191253491,3.82827
HK.00288,万洲国际,2020-10-27 00:00:00,3.84827,3.71827,3.91827,3.70827,8.093,0.00291,42954899.0,271016064.0,-2.3632778138104666,3.80827
HK.00288,万洲国际,2020-10-28 00:00:00,3.95827,4.14827,4.37827,3.93827,8.651,0.00889,130981638.0,885155776.0,11.564517907521513,3.71827
HK.00288,万洲国际,2020-10-29 00:00:00,4.13827,3.80827,4.13827,3.80827,8.21,0.00423,62409740.0,401112775.0,-8.196187808411706,4.14827
HK.00288,万洲国际,2020-10-30 00:00:00,3.80827,3.56827,3.86827,3.53827,7.898,0.00496,73080466.0,449996432.0,-6.302074170161248,3.80827
HK.00288,万洲国际,2020-11-02 00:00:00,3.66827,3.42827,3.67827,3.37827,7.717,0.00441,65063942.0,390461325.0,-3.9234699167944163,3.56827
HK.00288,万洲国际,2020-11-03 00:00:00,3.49827,3.51827,3.60827,3.45827,7.833,0.00361,53209694.0,320567618.0,2.6252308015412984,3.42827
HK.00288,万洲国际,2020-11-04 00:00:00,3.53827,3.57827,3.62827,3.47827,7.911,0.00355,52387566.0,318230377.0,1.705383611831953,3.51827
HK.00288,万洲国际,2020-11-05 00:00:00,3.73827,3.72827,3.79827,3.65827,8.106,0.00406,59806536.0,372354264.0,4.191969862531345,3.57827
HK.00288,万洲国际,2020-11-06 00:00:00,3.76827,3.88827,3.89827,3.73827,8.313,0.00386,56831522.0,360355647.0,4.291534679623517,3.72827
HK.00288,万洲国际,2020-11-09 00:00:00,3.98827,3.90827,4.08827,3.83827,8.339,0.00482,71116806.0,458408612.0,0.514367572210778,3.88827
HK.00288,万洲国际,2020-11-10 00:00:00,4.03827,4.12827,4.17827,3.82827,8.625,0.00717,105684511.0,695265863.0,5.629089085452125,3.90827
HK.00288,万洲国际,2020-11-11 00:00:00,4.27827,4.09827,4.27827,4.04827,8.586,0.00428,63048084.0,418377849.0,-0.7266966550152816,4.12827
HK.00288,万洲国际,2020-11-12 00:00:00,4.07827,4.02827,4.15827,3.88827,8.495,0.00356,52550346.0,340924389.0,-1.70803778179574,4.09827
HK.00288,万洲国际,2020-11-13 00:00:00,4.04827,4.17827,4.20827,3.93827,8.69,0.00393,57884782.0,382870977.0,3.7236828713070462,4.02827
HK.00288,万洲国际,2020-11-16 00:00:00,4.17827,4.18827,4.21827,4.08827,8.702,0.00334,49175182.0,327538266.0,0.23933350405789441,4.17827
HK.00288,万洲国际,2020-11-17 00:00:00,4.17827,4.19827,4.24827,4.09827,8.715,0.00264,38990208.0,260091917.0,0.23876206643792752,4.18827
HK.00288,万洲国际,2020-11-18 00:00:00,4.06827,4.21827,4.25827,4.06827,8.741,0.0028,41311845.0,276600583.0,0.47638670214160744,4.19827
HK.00288,万洲国际,2020-11-19 00:00:00,4.18827,4.19827,4.22827,4.09827,8.715,0.00247,36345177.0,242456909.0,-0.47412801930650383,4.21827
HK.00288,万洲国际,2020-11-20 00:00:00,4.24827,4.09827,4.25827,4.04827,8.586,0.00358,52704276.0,349136892.0,-2.3819335107079738,4.19827
HK.00288,万洲国际,2020-11-23 00:00:00,4.15827,4.14827,4.27827,4.10827,8.651,0.00242,35649609.0,238929506.0,1.220026986996948,4.09827
HK.00288,万洲国际,2020-11-24 00:00:00,4.21827,4.11827,4.22827,4.07827,8.612,0.00294,43408145.0,288377609.0,-0.7231930419186853,4.14827
HK.00288,万洲国际,2020-11-25 00:00:00,4.13827,4.09827,4.17827,4.03827,8.586,0.00267,39306560.0,260096739.0,-0.485640815196662,4.11827
HK.00288,万洲国际,2020-11-26 00:00:00,4.14827,3.93827,4.14827,3.90827,8.378,0.00205,30224766.0,196283995.0,-3.9040863583902503,4.09827
HK.00288,万洲国际,2020-11-27 00:00:00,3.88827,4.03827,4.06827,3.82827,8.508,0.00205,30196567.0,196113677.0,2.539185987756036,3.93827
HK.00288,万洲国际,2020-11-30 00:00:00,4.05827,3.80827,4.05827,3.80827,8.21,0.00396,58431049.0,373049274.0,-5.695508225056769,4.03827
HK.00288,万洲国际,2020-12-01 00:00:00,3.81827,3.88827,3.95827,3.81827,8.313,0.0022,32424294.0,207618791.0,2.1006913900537536,3.80827
HK.00288,万洲国际,2020-12-02 00:00:00,4.00827,3.98827,4.02827,3.88827,8.443,0.00253,37262594.0,241928105.0,2.57183786105389,3.88827
HK.00288,万洲国际,2020-12-03 00:00:00,3.98827,4.17827,4.22827,3.97827,8.69,0.00387,57110215.0,380235358.0,4.763970343030948,3.98827
HK.00288,万洲国际,2020-12-04 00:00:00,4.22827,4.24827,4.28827,4.16827,8.78,0.00318,46911624.0,317766469.0,1.6753345284052823,4.17827
HK.00288,万洲国际,2020-12-07 00:00:00,4.24827,4.22827,4.27827,4.18827,8.754,0.00156,22940395.0,154920958.0,-0.4707798703942917,4.24827
HK.00288,万洲国际,2020-12-08 00:00:00,4.20827,4.17827,4.26827,4.13827,8.69,0.00177,26111341.0,175111183.0,-1.182516726699095,4.22827
HK.00288,万洲国际,2020-12-09 00:00:00,4.20827,4.02827,4.20827,3.98827,8.495,0.00304,44829731.0,295874980.0,-3.5900025608685016,4.17827
HK.00288,万洲国际,2020-12-10 00:00:00,4.00827,3.96827,4.06827,3.92827,8.417,0.00217,32044219.0,209296538.0,-1.4894731485228163,4.02827
HK.00288,万洲国际,2020-12-11 00:00:00,4.02827,3.98827,4.05827,3.92827,8.443,0.00185,27293668.0,177554550.0,0.5039979638482265,3.96827
HK.00288,万洲国际,2020-12-14 00:00:00,3.97827,3.97827,4.03827,3.91827,8.43,0.00253,37364341.0,243151465.0,-0.2507352812121493,3.98827
HK.00288,万洲国际,2020-12-15 00:00:00,3.92827,3.94827,4.01827,3.79827,8.391,0.00292,43074009.0,279563267.0,-0.754096629942167,3.97827
HK.00288,万洲国际,2020-12-16 00:00:00,4.06827,4.00827,4.09827,3.99827,8.469,0.00179,26455678.0,173025237.0,1.5196529112750774,3.94827
HK.00288,万洲国际,2020-12-17 00:00:00,4.04827,4.00827,4.04827,3.92827,8.469,0.00212,31194899.0,203224866.0,0.0,4.00827
HK.00288,万洲国际,2020-12-18 00:00:00,4.00827,4.02827,4.06827,3.97827,8.495,0.00197,29067819.0,190052368.0,0.49896838286840883,4.00827
HK.00288,万洲国际,2020-12-21 00:00:00,3.97827,3.96827,4.02827,3.91827,8.417,0.00214,31523642.0,204625989.0,-1.4894731485228163,4.02827
HK.00288,万洲国际,2020-12-22 00:00:00,3.90827,3.85827,3.95827,3.77827,8.274,0.0019,27963136.0,177702641.0,-2.7719888011652403,3.96827
HK.00288,万洲国际,2020-12-23 00:00:00,3.84827,3.85827,3.85827,3.75827,8.274,0.00164,24138758.0,152730544.0,0.0,3.85827
HK.00288,万洲国际,2020-12-24 00:00:00,3.82827,3.83827,3.89827,3.77827,8.249,0.00111,16428041.0,104235065.0,-0.5183670401501196,3.85827
HK.00288,万洲国际,2020-12-28 00:00:00,3.83827,3.89827,3.92827,3.80827,8.326,0.00119,17498199.0,111983870.0,1.5632042560841226,3.83827
HK.00288,万洲国际,2020-12-29 00:00:00,3.92827,3.96827,4.01827,3.84827,8.417,0.00181,26631859.0,172256812.0,1.7956683349280536,3.89827
HK.00288,万洲国际,2020-12-30 00:00:00,3.99827,3.99827,4.07827,3.88827,8.456,0.00242,35607617.0,231248332.0,0.7559969457723453,3.96827
HK.00288,万洲国际,2020-12-31 00:00:00,3.99827,3.97827,4.02827,3.93827,8.43,0.00102,15025030.0,97688690.0,-0.5002163435685938,3.99827
HK.00288,万洲国际,2021-01-04 00:00:00,3.95827,4.19827,4.23827,3.92827,8.715,0.00201,29583344.0,197422870.0,5.530041952909173,3.97827
HK.00288,万洲国际,2021-01-05 00:00:00,4.23827,4.64827,4.64827,4.17827,9.299,0.00492,72586977.0,509813219.0,10.718700798185923,4.19827
HK.00288,万洲国际,2021-01-06 00:00:00,4.66827,4.53827,4.74827,4.46827,9.156,0.00357,52643258.0,374057328.0,-2.3664718271529046,4.64827
HK.00288,万洲国际,2021-01-07 00:00:00,4.43827,4.36827,4.52827,4.35827,8.936,0.00183,26909788.0,186528737.0,-3.7459208024203043,4.53827
HK.00288,万洲国际,2021-01-08 00:00:00,4.38827,4.31827,4.42827,4.24827,8.871,0.00234,34503084.0,235954449.0,-1.1446178922090398,4.36827
HK.00288,万洲国际,2021-01-11 00:00:00,4.32827,4.17827,4.33827,4.14827,8.69,0.00329,48578270.0,326966518.0,-3.242039057307664,4.31827
HK.00288,万洲国际,2021-01-12 00:00:00,4.25827,4.13827,4.26827,4.06827,8.649,0.00215,31712892.0,211658739.0,-0.957334016231599,4.17827
HK.00288,万洲国际,2021-01-13 00:00:00,4.13827,4.19827,4.22827,4.11827,8.727,0.00263,38791550.0,260418021.0,1.4498812305625202,4.13827
HK.00288,万洲国际,2021-01-14 00:00:00,4.18827,4.07827,4.18827,3.99827,8.571,0.00273,40272171.0,265744933.0,-2.858320212849581,4.19827
HK.00288,万洲国际,2021-01-15 00:00:00,4.07827,4.02827,4.10827,3.98827,8.506,0.00188,27793356.0,182186064.0,-1.226010048378352,4.07827
HK.00288,万洲国际,2021-01-18 00:00:00,4.03827,4.07827,4.10827,3.96827,8.571,0.00191,28170825.0,184575904.0,1.241227623769008,4.02827
HK.00288,万洲国际,2021-01-19 00:00:00,4.07827,4.40827,4.46827,4.07827,9.0,0.0041,60426960.0,415777926.0,8.091666319297156,4.07827
HK.00288,万洲国际,2021-01-20 00:00:00,4.41827,4.28827,4.41827,4.21827,8.844,0.00307,45273212.0,309445535.0,-2.7221563107522933,4.40827
HK.00288,万洲国际,2021-01-21 00:00:00,4.35827,4.25827,4.38827,4.20827,8.805,0.00349,51503143.0,349785380.0,-0.6995828154477065,4.28827
HK.00288,万洲国际,2021-01-22 00:00:00,4.21827,3.99827,4.22827,3.93827,8.467,0.004,58940736.0,384887235.0,-6.105765956597402,4.25827
HK.00288,万洲国际,2021-01-25 00:00:00,4.03827,3.97827,4.04827,3.86827,8.441,0.00309,45606544.0,294439236.0,-0.5002163435685938,3.99827
HK.00288,万洲国际,2021-01-26 00:00:00,3.96827,3.95827,3.99827,3.90827,8.415,0.0022,32463173.0,210060529.0,-0.5027310866281076,3.97827
HK.00288,万洲国际,2021-01-27 00:00:00,3.97827,3.92827,3.99827,3.87827,8.376,0.00269,39663417.0,255831541.0,-0.7579068633519251,3.95827
HK.00288,万洲国际,2021-01-28 00:00:00,3.92827,3.91827,4.05827,3.86827,8.363,0.00293,43153769.0,279021749.0,-0.2545649866226045,3.92827
HK.00288,万洲国际,2021-01-29 00:00:00,3.89827,3.77827,3.96827,3.73827,8.181,0.00357,52586646.0,331824087.0,-3.5730054335204082,3.91827
HK.00288,万洲国际,2021-02-01 00:00:00,3.77827,3.78827,3.85827,3.67827,8.194,0.00145,21308536.0,134526241.0,0.26467139722676747,3.77827
HK.00288,万洲国际,2021-02-02 00:00:00,3.78827,3.76827,3.81827,3.73827,8.168,0.0026,38284485.0,240812487.0,-0.5279454737914673,3.78827
HK.00288,万洲国际,2021-02-03 00:00:00,3.87827,3.90827,3.91827,3.73827,8.35,0.00278,41009378.0,261325039.0,3.7152327195238164,3.76827
HK.00288,万洲国际,2021-02-04 00:00:00,3.90827,3.74827,3.91827,3.65827,8.142,0.00269,39659209.0,248311972.0,-4.093882971237906,3.90827
HK.00288,万洲国际,2021-02-05 00:00:00,3.73827,3.82827,3.84827,3.71827,8.246,0.00183,27016786.0,170772137.0,2.1343179653546733,3.74827
HK.00288,万洲国际,2021-02-08 00:00:00,3.86827,3.77827,3.86827,3.71827,8.181,0.00165,24399494.0,153255543.0,-1.3060729781337215,3.82827
HK.00288,万洲国际,2021-02-09 00:00:00,3.75827,3.74827,3.77827,3.68827,8.142,0.00138,20314173.0,126916105.0,-0.7940141916803142,3.77827
HK.00288,万洲国际,2021-02-10 00:00:00,3.83827,3.77827,3.85827,3.74827,8.181,0.00124,18350651.0,115821018.0,0.8003692370080011,3.74827
HK.00288,万洲国际,2021-02-11 00:00:00,3.77827,3.90827,3.92827,3.73827,8.35,0.00156,23027184.0,147140759.0,3.440728163948047,3.77827
HK.00288,万洲国际,2021-02-16 00:00:00,3.97827,3.97827,3.99827,3.91827,8.441,0.00206,30415742.0,197170164.0,1.7910737999165944,3.90827
HK.00288,万洲国际,2021-02-17 00:00:00,4.00827,4.00827,4.01827,3.91827,8.48,0.00116,17138856.0,111420271.0,0.754096629942167,3.97827
HK.00288,万洲国际,2021-02-18 00:00:00,4.02827,3.98827,4.03827,3.87827,8.454,0.00294,43292278.0,280041802.0,-0.49896838286843104,4.00827
HK.00288,万洲国际,2021-02-19 00:00:00,3.98827,3.96827,3.99827,3.89827,8.428,0.00222,32676976.0,211649941.0,-0.5014705624243098,3.98827
HK.00288,万洲国际,2021-02-22 00:00:00,3.99827,4.27827,4.43827,3.97827,8.831,0.00708,104463853.0,707178927.0,7.811968439647505,3.96827
HK.00288,万洲国际,2021-02-23 00:00:00,4.28827,4.17827,4.35827,4.12827,8.701,0.00432,63686240.0,429998059.0,-2.337393385644189,4.27827
HK.00288,万洲国际,2021-02-24 00:00:00,4.17827,4.19827,4.31827,4.11827,8.727,0.00586,86476556.0,582118272.0,0.47866700811578883,4.17827
HK.00288,万洲国际,2021-02-25 00:00:00,4.18827,4.43827,4.60827,4.18827,9.038,0.0074,109056992.0,760539609.0,5.716640425699162,4.19827
HK.00288,万洲国际,2021-02-26 00:00:00,4.27827,4.43827,4.50827,4.20827,9.038,0.00565,83342321.0,574734309.0,0.0,4.43827
HK.00288,万洲国际,2021-03-01 00:00:00,4.43827,4.33827,4.50827,4.28827,8.909,0.00273,40216385.0,276795785.0,-2.253130161076287,4.43827
HK.00288,万洲国际,2021-03-02 00:00:00,4.47827,4.36827,4.56827,4.33827,8.948,0.00353,52003441.0,362230201.0,0.6915198915696869,4.33827
HK.00288,万洲国际,2021-03-03 00:00:00,4.39827,4.47827,4.47827,4.32827,9.09,0.00198,29171170.0,202426365.0,2.518159362859904,4.36827
HK.00288,万洲国际,2021-03-04 00:00:00,4.31827,4.49827,4.55827,4.31827,9.116,0.00317,46733870.0,326124374.0,0.44660103120177147,4.47827
HK.00288,万洲国际,2021-03-05 00:00:00,4.40827,4.47827,4.53827,4.20827,9.09,0.00339,49963539.0,346884385.0,-0.44461537435502035,4.49827
HK.00288,万洲国际,2021-03-08 00:00:00,4.47827,4.68827,4.89827,4.47827,9.363,0.00691,101931028.0,741206297.0,4.6893108276187,4.47827
HK.00288,万洲国际,2021-03-09 00:00:00,4.77827,4.63827,4.82827,4.56827,9.298,0.00285,42096097.0,302491472.0,-1.0664914776665981,4.68827
HK.00288,万洲国际,2021-03-10 00:00:00,4.56827,4.86827,4.86827,4.56827,9.597,0.00408,60221187.0,438739493.0,4.958745394295708,4.63827
HK.00288,万洲国际,2021-03-11 00:00:00,4.75827,4.90827,5.02827,4.72827,9.649,0.00324,47757988.0,354951729.0,0.8216471148888627,4.86827
HK.00288,万洲国际,2021-03-12 00:00:00,4.85827,4.70827,4.95827,4.68827,9.389,0.00247,36459354.0,265840674.0,-4.074755463737737,4.90827
HK.00288,万洲国际,2021-03-15 00:00:00,4.76827,4.69827,4.87827,4.64827,9.376,0.00178,26257071.0,189943214.0,-0.21239223748849975,4.70827
HK.00288,万洲国际,2021-03-16 00:00:00,4.67827,4.76827,4.80827,4.60827,9.467,0.00164,24253421.0,175672347.0,1.4899101158511598,4.69827
HK.00288,万洲国际,2021-03-17 00:00:00,4.76827,4.66827,4.76827,4.51827,9.337,0.00231,34084106.0,243643968.0,-2.0971966772015955,4.76827
HK.00288,万洲国际,2021-03-18 00:00:00,4.69827,4.65827,4.85827,4.60827,9.324,0.00229,33753174.0,243432923.0,-0.2142121171226126,4.66827
HK.00288,万洲国际,2021-03-19 00:00:00,4.51827,4.51827,4.60827,4.44827,9.142,0.00299,44028337.0,309923970.0,-3.0054075869367742,4.65827
HK.00288,万洲国际,2021-03-22 00:00:00,4.56827,4.55827,4.61827,4.42827,9.194,0.00138,20296922.0,143216473.0,0.8852945928419512,4.51827
HK.00288,万洲国际,2021-03-23 00:00:00,4.51827,4.46827,4.56827,4.42827,9.077,0.00154,22705612.0,159036437.0,-1.9744332828024636,4.55827
HK.00288,万洲国际,2021-03-24 00:00:00,4.48827,4.43827,4.51827,4.34827,9.038,0.00201,29605921.0,205850007.0,-0.6714007882245309,4.46827
HK.00288,万洲国际,2021-03-25 00:00:00,4.36827,4.49827,4.52827,4.30827,9.116,0.00233,34344247.0,239164340.0,1.3518780966457562,4.43827
HK.00288,万洲国际,2021-03-26 00:00:00,4.55827,4.56827,4.58827,4.49827,9.207,0.00152,22449755.0,158799383.0,1.5561538102426107,4.49827
HK.00288,万洲国际,2021-03-29 00:00:00,4.49827,4.51827,4.66827,4.47827,9.142,0.00195,28699787.0,202537090.0,-1.0945062354020192,4.56827
HK.00288,万洲国际,2021-03-30 00:00:00,4.62827,4.69827,4.74827,4.54827,9.376,0.00246,36315758.0,260994560.0,3.9838256677887713,4.51827
HK.00288,万洲国际,2021-03-31 00:00:00,4.34827,3.77827,4.35827,3.73827,14.416,0.01597,235520874.0,1510806760.0,-19.58167580832945,4.69827
HK.00288,万洲国际,2021-04-01 00:00:00,3.87827,4.17827,4.20827,3.81827,15.331,0.00604,89114605.0,585041713.0,10.586855889070932,3.77827
HK.00288,万洲国际,2021-04-07 00:00:00,4.20827,4.36827,4.48827,4.20827,15.766,0.00514,75786471.0,522546366.0,4.547336577100079,4.17827
HK.00288,万洲国际,2021-04-08 00:00:00,4.37827,4.48827,4.56827,4.32827,16.041,0.00263,38742551.0,270536027.0,2.747082941301708,4.36827
HK.00288,万洲国际,2021-04-09 00:00:00,4.53827,4.39827,4.53827,4.36827,15.835,0.00252,37170218.0,258190985.0,-2.0052269582712237,4.48827
HK.00288,万洲国际,2021-04-12 00:00:00,4.41827,4.26827,4.41827,4.22827,15.537,0.0029,42692182.0,291139668.0,-2.955707585027747,4.39827
HK.00288,万洲国际,2021-04-13 00:00:00,4.26827,4.11827,4.29827,4.10827,15.194,0.00337,49712614.0,333506910.0,-3.5143043903033395,4.26827
HK.00288,万洲国际,2021-04-14 00:00:00,4.07827,4.15827,4.23827,3.99827,15.286,0.00346,50974663.0,338552702.0,0.9712816303933457,4.11827
HK.00288,万洲国际,2021-04-15 00:00:00,4.17827,4.17827,4.26827,4.13827,15.331,0.00225,33124039.0,222188557.0,0.4809692492310615,4.15827
HK.00288,万洲国际,2021-04-16 00:00:00,4.19827,4.24827,4.35827,4.19827,15.491,0.0019,27982393.0,189929978.0,1.6753345284052823,4.17827
HK.00288,万洲国际,2021-04-19 00:00:00,4.24827,4.15827,4.27827,4.11827,15.286,0.00241,35607018.0,237986857.0,-2.118509416774354,4.24827
HK.00288,万洲国际,2021-04-20 00:00:00,4.14827,4.19827,4.23827,4.10827,15.377,0.00298,43897902.0,293601458.0,0.9619384984621017,4.15827
HK.00288,万洲国际,2021-04-21 00:00:00,4.21827,4.16827,4.27827,4.13827,15.308,0.00185,27337965.0,183528485.0,-0.7145800532124005,4.19827
HK.00288,万洲国际,2021-04-22 00:00:00,4.32827,4.18827,4.32827,4.07827,15.354,0.00215,31707978.0,212430017.0,0.4798153670467715,4.16827
HK.00288,万洲国际,2021-04-23 00:00:00,4.20827,4.15827,4.21827,4.08827,15.286,0.0027,39834570.0,265725233.0,-0.7162861993138038,4.18827
HK.00288,万洲国际,2021-04-26 00:00:00,4.14827,4.10827,4.17827,4.07827,15.171,0.00203,29928173.0,198666932.0,-1.2024231230776217,4.15827
HK.00288,万洲国际,2021-04-27 00:00:00,4.16827,4.13827,4.27827,4.10827,15.24,0.00192,28367000.0,189405573.0,0.7302343808951274,4.10827
HK.00288,万洲国际,2021-04-28 00:00:00,4.35827,4.34827,4.53827,4.31827,15.72,0.00645,95096802.0,657695046.0,5.074584306968853,4.13827
HK.00288,万洲国际,2021-04-29 00:00:00,4.37827,4.44827,4.47827,4.35827,15.949,0.00143,21109309.0,146951743.0,2.2997651939736867,4.34827
HK.00288,万洲国际,2021-04-30 00:00:00,4.36827,4.26827,4.37827,4.23827,15.537,0.00208,30662342.0,208974765.0,-4.046516960526221,4.44827
HK.00288,万洲国际,2021-05-03 00:00:00,4.22827,4.20827,4.25827,4.13827,15.4,0.00137,20216411.0,135442162.0,-1.405721756121344,4.26827
HK.00288,万洲国际,2021-05-04 00:00:00,4.24827,4.22827,4.24827,4.14827,15.446,0.00113,16719694.0,112455592.0,0.475254677100102,4.20827
HK.00288,万洲国际,2021-05-05 00:00:00,4.21827,4.30827,4.30827,4.20827,15.629,0.00101,14962723.0,101850010.0,1.8920267627185603,4.22827
HK.00288,万洲国际,2021-05-06 00:00:00,4.37827,4.36827,4.42827,4.30827,15.766,0.0021,31038874.0,213673313.0,1.3926703758120917,4.30827
HK.00288,万洲国际,2021-05-07 00:00:00,4.45827,4.34827,4.45827,4.30827,15.72,0.00183,27034415.0,186407404.0,-0.4578471568836078,4.36827
HK.00288,万洲国际,2021-05-10 00:00:00,4.37827,4.32827,4.37827,4.23827,15.675,0.00189,27938330.0,191241563.0,-0.45995303879474964,4.34827
HK.00288,万洲国际,2021-05-11 00:00:00,4.25827,4.23827,4.30827,4.11827,15.469,0.00212,31255684.0,211503096.0,-2.0793527206019924,4.32827
HK.00288,万洲国际,2021-05-12 00:00:00,4.19827,4.19827,4.22827,4.13827,15.377,0.00143,21113298.0,141532324.0,-0.9437813069955439,4.23827
HK.00288,万洲国际,2021-05-13 00:00:00,4.16827,4.21827,4.31827,4.14827,15.423,0.00209,30754655.0,207792510.0,0.47638670214160744,4.19827
HK.00288,万洲国际,2021-05-14 00:00:00,4.21827,4.21827,4.22827,4.14827,15.423,0.00116,17098070.0,114854658.0,0.0,4.21827
HK.00288,万洲国际,2021-05-17 00:00:00,4.17827,4.17827,4.22827,4.13827,15.331,0.00125,18467160.0,123695688.0,-0.9482560386129867,4.21827
HK.00288,万洲国际,2021-05-18 00:00:00,4.24827,4.27827,4.37827,4.20827,15.56,0.00131,19280084.0,130897426.0,2.393335040578987,4.17827
HK.00288,万洲国际,2021-05-20 00:00:00,4.16827,4.13827,4.25827,4.09827,15.24,0.00261,38556664.0,257661251.0,-3.2723507399018685,4.27827
HK.00288,万洲国际,2021-05-21 00:00:00,4.13827,4.15827,4.20827,4.10827,15.286,0.00189,27896589.0,186330991.0,0.48329374352083293,4.13827
HK.00288,万洲国际,2021-05-24 00:00:00,4.11827,4.13827,4.17827,4.08827,15.24,0.00169,24950328.0,166013477.0,-0.4809692492310402,4.15827
HK.00288,万洲国际,2021-05-25 00:00:00,4.11827,4.21827,4.24827,4.11827,15.423,0.00304,44760553.0,300199722.0,1.9331749740833748,4.13827
HK.00288,万洲国际,2021-05-26 00:00:00,4.19827,4.20827,4.30827,4.17827,15.4,0.00222,32712178.0,220804774.0,-0.23706400965326246,4.21827
HK.00288,万洲国际,2021-05-27 00:00:00,4.17827,4.29827,4.29827,4.13827,15.606,0.0029,42787288.0,290447934.0,2.1386460469504063,4.20827
HK.00288,万洲国际,2021-05-28 00:00:00,4.25827,4.16827,4.28827,4.14827,15.308,0.00247,36437205.0,245012422.0,-3.024472636665447,4.29827
HK.00288,万洲国际,2021-05-31 00:00:00,4.21827,4.10827,4.21827,4.08827,15.171,0.0012,17669593.0,117259709.0,-1.439446101140272,4.16827
HK.00288,万洲国际,2021-06-01 00:00:00,4.14827,4.12827,4.16827,4.08827,15.217,0.00145,21326198.0,141852017.0,0.48682292059673715,4.10827
HK.00288,万洲国际,2021-06-02 00:00:00,4.13827,4.40827,4.40827,4.12827,15.858,0.00212,31295610.0,212973742.0,6.782502113476112,4.12827
HK.00288,万洲国际,2021-06-07 00:00:00,5.11327,4.93327,5.14327,4.90327,16.773,0.01248,184025679.0,1354482217.0,11.909433859541279,4.40827
HK.00288,万洲国际,2021-06-08 00:00:00,4.96327,4.96327,5.03327,4.93327,16.842,0.00482,71043096.0,522706691.0,0.6081159150015985,4.93327
HK.00288,万洲国际,2021-06-09 00:00:00,4.97327,4.91327,5.00327,4.91327,16.727,0.00497,73296004.0,538036116.0,-1.0074003630670874,4.96327
HK.00288,万洲国际,2021-06-10 00:00:00,4.90327,4.82327,4.91327,4.81327,16.521,0.00282,41630626.0,301486573.0,-1.8317739509532318,4.91327
HK.00288,万洲国际,2021-06-11 00:00:00,4.85327,4.77327,4.87327,4.72327,16.407,0.00224,33058761.0,237329330.0,-1.0366411169186014,4.82327
HK.00288,万洲国际,2021-06-15 00:00:00,4.74327,4.70327,4.80327,4.65327,16.247,0.00421,62023207.0,440836618.0,-1.4664999046775122,4.77327
HK.00288,万洲国际,2021-06-16 00:00:00,4.69327,4.70327,4.74327,4.66327,16.247,0.00168,24739648.0,175761917.0,0.0,4.70327
HK.00288,万洲国际,2021-06-17 00:00:00,4.69327,4.67327,4.74327,4.65327,16.178,0.00197,28990303.0,205147258.0,-0.6378540887510232,4.70327
HK.00288,万洲国际,2021-06-18 00:00:00,4.65327,4.71327,4.71327,4.53327,16.27,0.00339,49954102.0,352701756.0,0.8559317137678765,4.67327
HK.00288,万洲国际,2021-06-21 00:00:00,4.60327,4.61327,4.63327,4.57327,16.041,0.00287,42351868.0,296658795.0,-2.1216692444947913,4.71327
HK.00288,万洲国际,2021-06-22 00:00:00,4.61327,4.59327,4.67327,4.55327,15.995,0.00244,35974404.0,252017480.0,-0.4335319632278096,4.61327
HK.00288,万洲国际,2021-06-23 00:00:00,4.57327,4.57327,4.64327,4.50327,15.949,0.00171,25207117.0,175582075.0,-0.43541964656988286,4.59327
HK.00288,万洲国际,2021-06-24 00:00:00,4.54327,4.54327,4.57327,4.49327,15.881,0.00144,21259407.0,147296945.0,-0.6559857607357591,4.57327
HK.00288,万洲国际,2021-06-25 00:00:00,4.52327,4.52327,4.56327,4.46327,15.835,0.00167,24665784.0,170773230.0,-0.4402115656784557,4.54327
HK.00288,万洲国际,2021-06-28 00:00:00,4.56327,4.60327,4.60327,4.52327,16.018,0.00208,30705752.0,213882924.0,1.768631985267297,4.52327
HK.00288,万洲国际,2021-06-29 00:00:00,4.55327,4.56327,4.67327,4.54327,15.926,0.00145,21388665.0,149213630.0,-0.8689475090533475,4.60327
HK.00288,万洲国际,2021-06-30 00:00:00,4.53327,4.58327,4.61327,4.47327,15.972,0.00127,18665089.0,129781624.0,0.4382821967580173,4.56327
HK.00288,万洲国际,2021-07-02 00:00:00,4.56327,4.49327,4.58327,4.49327,15.766,0.0021,30943009.0,213947778.0,-1.9636634978956042,4.58327
HK.00288,万洲国际,2021-07-05 00:00:00,4.51327,4.58327,4.65327,4.51327,15.972,0.00115,16944777.0,118279604.0,2.0029955911841455,4.49327
HK.00288,万洲国际,2021-07-06 00:00:00,4.55327,4.45327,4.58327,4.45327,15.675,0.00136,20024269.0,138122187.0,-2.836402830293653,4.58327
HK.00288,万洲国际,2021-07-07 00:00:00,4.44327,4.45327,4.48327,4.37327,15.711,0.00204,30109360.0,205675021.0,0.0,4.45327
HK.00288,万洲国际,2021-07-08 00:00:00,4.42327,4.30327,4.43327,4.22327,15.366,0.00319,47002137.0,314027710.0,-3.36831137568572,4.45327
HK.00288,万洲国际,2021-07-09 00:00:00,4.33327,4.21327,4.34327,4.15327,15.16,0.00317,46695425.0,309006348.0,-2.091432794130992,4.30327
HK.00288,万洲国际,2021-07-12 00:00:00,4.16327,4.14327,4.26327,4.01327,15.0,0.00297,43856543.0,286524812.0,-1.6614173789004598,4.21327
HK.00288,万洲国际,2021-07-13 00:00:00,4.16327,4.21327,4.27327,4.14327,15.16,0.00188,27704091.0,183074547.0,1.6894868063148043,4.14327
HK.00288,万洲国际,2021-07-14 00:00:00,4.22327,4.07327,4.22327,4.00327,14.839,0.00316,46606384.0,303023708.0,-3.322834757800941,4.21327
HK.00288,万洲国际,2021-07-15 00:00:00,4.04327,4.13327,4.18327,3.98327,14.977,0.00324,47783077.0,309598072.0,1.4730179929147955,4.07327
HK.00288,万洲国际,2021-07-16 00:00:00,4.13327,4.18327,4.25327,4.10327,15.091,0.00276,40630686.0,267170058.0,1.2096959550186612,4.13327
HK.00288,万洲国际,2021-07-19 00:00:00,4.11327,3.91327,4.15327,3.90327,14.472,0.0026,38269520.0,243377190.0,-6.454280981146339,4.18327
HK.00288,万洲国际,2021-07-20 00:00:00,3.94327,3.87327,3.94327,3.85327,14.38,0.00174,25694780.0,161850477.0,-1.0221630503389645,3.91327
HK.00288,万洲国际,2021-07-21 00:00:00,3.87327,3.80327,3.95327,3.73327,14.22,0.00208,30672888.0,191086812.0,-1.8072584663604725,3.87327
HK.00288,万洲国际,2021-07-22 00:00:00,3.85327,3.92327,3.96327,3.81327,14.495,0.00123,18125685.0,114558441.0,3.1551796217465524,3.80327
HK.00288,万洲国际,2021-07-23 00:00:00,4.00327,3.89327,4.00327,3.86327,14.426,0.00121,17895750.0,112630961.0,-0.7646682486803164,3.92327
HK.00288,万洲国际,2021-07-26 00:00:00,3.81327,3.81327,3.89327,3.74327,14.243,0.00276,40675881.0,252829916.0,-2.0548279466874795,3.89327
HK.00288,万洲国际,2021-07-27 00:00:00,3.75327,3.61327,3.87327,3.51327,13.784,0.00401,59174782.0,358900308.0,-5.2448423531509745,3.81327
HK.00288,万洲国际,2021-07-28 00:00:00,3.76327,3.61327,3.79327,3.58327,13.784,0.00352,51905599.0,314243228.0,0.0,3.61327
HK.00288,万洲国际,2021-07-29 00:00:00,3.73327,3.81327,3.83327,3.57327,14.243,0.00286,42137644.0,258285559.0,5.53515236890684,3.61327
HK.00288,万洲国际,2021-07-30 00:00:00,3.81327,4.04327,4.08327,3.78327,14.77,0.00452,66609004.0,426348969.0,6.031568706123603,3.81327
HK.00288,万洲国际,2021-08-02 00:00:00,4.05327,4.13327,4.20327,4.01327,14.977,0.00238,35122070.0,228427911.0,2.2259210985168134,4.04327
HK.00288,万洲国际,2021-08-03 00:00:00,4.23327,4.19327,4.27327,4.10327,15.114,0.0022,32502258.0,214607555.0,1.451635146022389,4.13327
HK.00288,万洲国际,2021-08-04 00:00:00,4.20327,4.02327,4.20327,4.00327,14.724,0.00181,26624037.0,172481009.0,-4.054115284730054,4.19327
HK.00288,万洲国际,2021-08-05 00:00:00,3.98327,4.00327,4.05327,3.91327,14.678,0.00144,21307167.0,136238406.0,-0.4971080737807918,4.02327
HK.00288,万洲国际,2021-08-06 00:00:00,4.04327,3.89327,4.05327,3.87327,14.426,0.0013,19230326.0,121804079.0,-2.747753711340976,4.00327
HK.00288,万洲国际,2021-08-09 00:00:00,3.85327,4.06327,4.09327,3.85327,14.816,0.00127,18780372.0,120249433.0,4.366509386710924,3.89327
HK.00288,万洲国际,2021-08-10 00:00:00,3.98327,4.00327,4.13327,3.91327,14.678,0.00134,19702120.0,126596610.0,-1.4766431962434319,4.06327
HK.00288,万洲国际,2021-08-11 00:00:00,3.97327,4.03327,4.05327,3.96327,14.747,0.00102,14974345.0,95953874.0,0.7493873758202733,4.00327
HK.00288,万洲国际,2021-08-12 00:00:00,4.00327,3.96327,4.06327,3.92327,14.587,0.00113,16682643.0,106373158.0,-1.7355644427474441,4.03327
HK.00288,万洲国际,2021-08-13 00:00:00,3.99327,4.17327,4.18327,3.98327,15.068,0.00138,20356428.0,132436887.0,5.298654898606442,3.96327
HK.00288,万洲国际,2021-08-16 00:00:00,4.20327,4.33327,4.39327,4.19327,15.435,0.00212,31214048.0,209770093.0,3.833923997249163,4.17327
HK.00288,万洲国际,2021-08-17 00:00:00,4.36327,4.31327,4.41327,4.26327,15.389,0.00373,55002987.0,369406825.0,-0.4615452071991723,4.33327
HK.00288,万洲国际,2021-08-18 00:00:00,4.24327,3.55327,4.26327,3.53327,13.646,0.01171,172728849.0,1064267467.0,-17.62004233447014,4.31327
HK.00288,万洲国际,2021-08-19 00:00:00,3.37327,3.17327,3.44327,3.12327,12.775,0.00482,71082400.0,403903559.0,-10.694374477593875,3.55327
HK.00288,万洲国际,2021-08-20 00:00:00,3.17327,3.44327,3.50327,3.04327,13.394,0.0054,79615175.0,457041226.0,8.50857317530497,3.17327
HK.00288,万洲国际,2021-08-23 00:00:00,3.52327,3.72327,3.80327,3.52327,14.036,0.00666,98144795.0,598151757.0,8.131804941233183,3.44327
HK.00288,万洲国际,2021-08-24 00:00:00,3.79327,3.67327,3.83327,3.67327,13.922,0.0043,63448262.0,389370779.0,-1.34290556419491,3.72327
HK.00288,万洲国际,2021-08-25 00:00:00,3.84327,3.82327,3.96327,3.69327,14.151,0.00487,71808870.0,443474215.0,4.083554979623058,3.67327
HK.00288,万洲国际,2021-08-26 00:00:00,3.77327,3.80327,3.80327,3.67327,14.105,0.00322,47534180.0,288859397.0,-0.5231124142422591,3.82327
HK.00288,万洲国际,2021-08-27 00:00:00,3.80327,3.91327,3.97327,3.71327,14.357,0.00178,26204207.0,162050851.0,2.8922479866010007,3.80327
HK.00288,万洲国际,2021-08-30 00:00:00,4.02327,3.96327,4.02327,3.83327,14.472,0.00063,9345000.0,58794365.0,1.2777038129237255,3.91327
HK.00288,万洲国际,2021-08-31 00:00:00,3.89327,4.40327,4.54327,3.85327,15.481,0.00305,45049594.0,297109119.0,11.101943597080187,3.96327
HK.00288,万洲国际,2021-09-01 00:00:00,4.40327,4.30327,4.42327,4.06327,15.252,0.00206,30409238.0,201668529.0,-2.271039477479229,4.40327
HK.00288,万洲国际,2021-09-02 00:00:00,4.34327,3.99327,4.45327,3.99327,14.541,0.00535,78887599.0,504997765.0,-7.203824068673368,4.30327
HK.00288,万洲国际,2021-09-03 00:00:00,3.95327,3.76327,3.99327,3.71327,14.013,0.00226,33325374.0,204751574.0,-5.759690679568374,3.99327
HK.00288,万洲国际,2021-09-06 00:00:00,3.68327,3.79327,3.80327,3.68327,14.082,0.00066,9766625.0,59608441.0,0.7971790490716916,3.76327
HK.00288,万洲国际,2021-09-07 00:00:00,3.79327,3.68327,3.79327,3.67327,13.83,0.00076,11268032.0,68081617.0,-2.8998726692273507,3.79327
HK.00288,万洲国际,2021-09-08 00:00:00,3.69327,3.41327,3.70327,3.34327,13.211,0.00343,50593256.0,293722869.0,-7.330442785894056,3.68327
HK.00288,万洲国际,2021-09-09 00:00:00,3.35327,3.50327,3.57327,3.28327,11.653,0.00412,52804463.0,307286267.0,2.6367676744002178,3.41327
HK.00288,万洲国际,2021-09-10 00:00:00,3.65327,3.63327,3.73327,3.57327,11.912,0.0033,42382940.0,253689662.0,3.7108187493398996,3.50327
HK.00288,万洲国际,2021-09-13 00:00:00,3.65327,3.53327,3.67327,3.52327,11.713,0.00168,21500862.0,126878739.0,-2.7523415545775594,3.63327
HK.00288,万洲国际,2021-09-14 00:00:00,3.52327,3.36327,3.61327,3.33327,11.374,0.00499,63977522.0,368152178.0,-4.811406996917868,3.53327
HK.00288,万洲国际,2021-09-15 00:00:00,3.40327,3.37327,3.57327,3.35327,11.394,0.0019,24373951.0,140687627.0,0.29732968212484373,3.36327
HK.00288,万洲国际,2021-09-16 00:00:00,3.37327,3.29327,3.39327,3.18327,11.235,0.00233,29873079.0,168238019.0,-2.371586027800919,3.37327
HK.00288,万洲国际,2021-09-17 00:00:00,3.31327,3.38327,3.38327,3.25327,11.414,0.00253,32428419.0,184857227.0,2.732846076999452,3.29327
HK.00288,万洲国际,2021-09-20 00:00:00,3.28327,3.23327,3.29327,3.15327,11.115,0.0022,28274280.0,158602949.0,-4.433580530078886,3.38327
HK.00288,万洲国际,2021-09-21 00:00:00,3.25327,3.20327,3.30327,3.15327,11.055,0.00137,17630643.0,97800783.0,-0.9278532259910321,3.23327
HK.00288,万洲国际,2021-09-23 00:00:00,3.44327,3.19327,3.44327,3.17327,11.035,0.00268,34370651.0,191689179.0,-0.3121809900507852,3.20327
HK.00288,万洲国际,2021-09-24 00:00:00,3.19327,3.15327,3.26327,3.11327,10.956,0.00187,24002731.0,132760664.0,-1.2526344468209714,3.19327
HK.00288,万洲国际,2021-09-27 00:00:00,3.18327,3.12327,3.29327,3.11327,10.896,0.00386,49479290.0,273103952.0,-0.9513933155105591,3.15327
HK.00288,万洲国际,2021-09-28 00:00:00,3.06327,3.15327,3.28327,3.06327,10.956,0.00307,39384157.0,216969648.0,0.9605317503770024,3.12327
HK.00288,万洲国际,2021-09-29 00:00:00,3.15327,3.23327,3.25327,3.09327,11.115,0.00187,23958481.0,132738236.0,2.5370488413615093,3.15327
HK.00288,万洲国际,2021-09-30 00:00:00,3.18327,3.20327,3.22327,3.13327,11.055,0.00263,33753587.0,187174800.0,-0.9278532259910321,3.23327
HK.00288,万洲国际,2021-10-04 00:00:00,3.12327,3.03327,3.16327,2.91327,10.717,0.00265,34059503.0,182782648.0,-5.307076830863459,3.20327
HK.00288,万洲国际,2021-10-05 00:00:00,2.95327,2.99327,3.06327,2.91327,10.637,0.00316,40579175.0,216813396.0,-1.3187088521628487,3.03327
HK.00288,万洲国际,2021-10-06 00:00:00,3.02327,2.81327,3.03327,2.78327,10.278,0.00379,48657160.0,254036628.0,-6.013490263157006,2.99327
HK.00288,万洲国际,2021-10-07 00:00:00,2.74327,2.95327,2.97327,2.73327,10.557,0.00346,44449835.0,232725011.0,4.9764153458430815,2.81327
HK.00288,万洲国际,2021-10-08 00:00:00,3.03327,3.03327,3.08327,2.98327,10.717,0.00194,24861400.0,133559671.0,2.7088617024518613,2.95327
HK.00288,万洲国际,2021-10-11 00:00:00,3.02327,2.93327,3.06327,2.90327,10.517,0.00202,25980772.0,137870472.0,-3.296772130407121,3.03327
HK.00288,万洲国际,2021-10-12 00:00:00,2.92327,2.75327,2.92327,2.73327,10.159,0.00311,39891878.0,205210498.0,-6.136496128893683,2.93327
HK.00288,万洲国际,2021-10-15 00:00:00,2.73327,2.75327,2.80327,2.65327,10.159,0.00456,58481419.0,296238482.0,0.0,2.75327
HK.00288,万洲国际,2021-10-18 00:00:00,2.74327,2.78327,2.80327,2.67327,10.219,0.00307,39370898.0,200635977.0,1.089613441471407,2.75327
HK.00288,万洲国际,2021-10-19 00:00:00,2.80327,2.91327,2.93327,2.79327,10.478,0.00263,33804966.0,176237017.0,4.670764963514136,2.78327
HK.00288,万洲国际,2021-10-20 00:00:00,2.88327,2.81327,2.89327,2.76327,10.278,0.00223,28559259.0,146720212.0,-3.4325689002392377,2.91327
HK.00288,万洲国际,2021-10-21 00:00:00,2.76327,2.80327,2.83327,2.72327,10.258,0.00368,47194638.0,242382813.0,-0.3554582389888006,2.81327
HK.00288,万洲国际,2021-10-22 00:00:00,2.75327,2.80327,2.81327,2.75327,10.258,0.00345,44227079.0,227341817.0,0.0,2.80327
HK.00288,万洲国际,2021-10-25 00:00:00,2.80327,2.92327,3.09327,2.80327,10.498,0.00436,55998263.0,294874413.0,4.280715022099195,2.80327
HK.00288,万洲国际,2021-10-26 00:00:00,2.95327,2.88327,2.96327,2.85327,10.418,0.00202,25939837.0,135826443.0,-1.3683306707899043,2.92327
HK.00288,万洲国际,2021-10-27 00:00:00,3.00327,2.93327,3.03327,2.85327,10.517,0.00422,54198491.0,286640520.0,1.7341421372261294,2.88327
HK.00288,万洲国际,2021-10-28 00:00:00,2.95327,2.95327,2.99327,2.85327,10.557,0.00343,44035791.0,232572739.0,0.6818329032104109,2.93327
HK.00288,万洲国际,2021-10-29 00:00:00,2.95327,3.11327,3.16327,2.94327,10.876,0.00465,59634627.0,324351623.0,5.417723404903723,2.95327
HK.00288,万洲国际,2021-11-01 00:00:00,3.14327,3.00327,3.17327,2.98327,10.657,0.0031,39739114.0,214032812.0,-3.533262453947132,3.11327
HK.00288,万洲国际,2021-11-02 00:00:00,3.08327,3.11327,3.18327,3.05327,10.876,0.00479,61394525.0,337229190.0,3.6626743516233926,3.00327
HK.00288,万洲国际,2021-11-03 00:00:00,3.11327,3.08327,3.17327,3.01327,10.816,0.00209,26868912.0,146114847.0,-0.9636170328946672,3.11327
HK.00288,万洲国际,2021-11-04 00:00:00,3.10327,3.09327,3.14327,3.04327,10.836,0.0024,30820105.0,167638026.0,0.3243309862580892,3.08327
HK.00288,万洲国际,2021-11-05 00:00:00,3.11327,3.12327,3.17327,3.08327,10.896,0.00193,24786423.0,135880963.0,0.9698474429972246,3.09327
HK.00288,万洲国际,2021-11-08 00:00:00,3.08327,3.05327,3.08327,3.01327,10.756,0.00133,17062877.0,92121411.0,-2.2412407508796957,3.12327
HK.00288,万洲国际,2021-11-09 00:00:00,3.11327,2.98327,3.11327,2.96327,10.617,0.00134,17176489.0,91878317.0,-2.2926239736413696,3.05327
HK.00288,万洲国际,2021-11-10 00:00:00,2.94327,2.97327,3.00327,2.87327,10.597,0.00176,22577425.0,119419778.0,-0.3352026467601066,2.98327
HK.00288,万洲国际,2021-11-11 00:00:00,3.00327,3.02327,3.10327,2.94327,10.697,0.00095,12239060.0,65965421.0,1.6816501696785113,2.97327
HK.00288,万洲国际,2021-11-12 00:00:00,3.01327,2.99327,3.09327,2.95327,10.637,0.00164,21029138.0,112394056.0,-0.992303036116531,3.02327
HK.00288,万洲国际,2021-11-15 00:00:00,3.00327,3.00327,3.05327,2.93327,10.657,0.00095,12166452.0,64988564.0,0.3340827923976197,2.99327
HK.00288,万洲国际,2021-11-16 00:00:00,3.03327,3.03327,3.09327,2.98327,10.717,0.00065,8306130.0,44690852.0,0.9989111868063745,3.00327
HK.00288,万洲国际,2021-11-17 00:00:00,2.98327,3.00327,3.03327,2.89327,10.657,0.00167,21409006.0,113742049.0,-0.9890316391221291,3.03327
HK.00288,万洲国际,2021-11-18 00:00:00,2.93327,2.94327,2.97327,2.90327,10.537,0.00126,16171011.0,85521221.0,-1.9978223736127638,3.00327
HK.00288,万洲国际,2021-11-19 00:00:00,2.85327,2.86327,2.88327,2.78327,10.378,0.00212,27185510.0,141224872.0,-2.7180652811328923,2.94327
HK.00288,万洲国际,2021-11-22 00:00:00,2.82327,2.86327,2.89327,2.82327,10.378,0.00087,11201846.0,58250225.0,0.0,2.86327
HK.00288,万洲国际,2021-11-23 00:00:00,2.84327,2.85327,2.89327,2.77327,10.358,0.00118,15147100.0,78768061.0,-0.3492510311636621,2.86327
HK.00288,万洲国际,2021-11-24 00:00:00,2.82327,2.84327,2.89327,2.78327,10.338,0.00152,19479284.0,100630558.0,-0.35047506895597785,2.85327
HK.00288,万洲国际,2021-11-25 00:00:00,2.82327,2.81327,2.86327,2.78327,10.278,0.0015,19228318.0,99192511.0,-1.0551231504570373,2.84327
HK.00288,万洲国际,2021-11-26 00:00:00,2.81327,2.76327,2.82327,2.71327,10.179,0.00193,24732214.0,126194784.0,-1.7772911949439714,2.81327
HK.00288,万洲国际,2021-11-29 00:00:00,2.76327,2.75327,2.77327,2.71327,10.159,0.00176,22634269.0,115347608.0,-0.3618900795072428,2.76327
HK.00288,万洲国际,2021-11-30 00:00:00,2.71327,2.54327,2.75327,2.51327,9.741,0.0073,93668409.0,461530334.0,-7.6272940902998965,2.75327
HK.00288,万洲国际,2021-12-01 00:00:00,2.53327,2.46327,2.58327,2.46327,9.581,0.00326,41769069.0,202426356.0,-3.1455567045575212,2.54327
HK.00288,万洲国际,2021-12-02 00:00:00,2.46327,2.44327,2.49327,2.41327,9.541,0.00261,33476487.0,160180443.0,-0.8119288587933933,2.46327
HK.00288,万洲国际,2021-12-03 00:00:00,2.36327,2.42327,2.46327,2.31327,9.501,0.00409,52496647.0,249415747.0,-0.8185751063124426,2.44327
HK.00288,万洲国际,2021-12-06 00:00:00,2.43327,2.52327,2.54327,2.38327,9.701,0.00198,25430585.0,123102118.0,4.126655304609065,2.42327
HK.00288,万洲国际,2021-12-07 00:00:00,2.48327,2.58327,2.59327,2.46327,9.82,0.00183,23416197.0,114044967.0,2.377866815679656,2.52327
HK.00288,万洲国际,2021-12-08 00:00:00,2.60327,2.57327,2.61327,2.51327,9.8,0.00097,12501538.0,61423998.0,-0.38710626454068797,2.58327
HK.00288,万洲国际,2021-12-09 00:00:00,2.54327,2.65327,2.69327,2.54327,9.96,0.00126,16131205.0,80580572.0,3.1088848041596906,2.57327
HK.00288,万洲国际,2021-12-10 00:00:00,2.58327,2.55327,2.64327,2.53327,9.76,0.00149,19123353.0,94240897.0,-3.768934183102364,2.65327
HK.00288,万洲国际,2021-12-13 00:00:00,2.58327,2.53327,2.61327,2.51327,9.721,0.00124,15884371.0,77961071.0,-0.7833092465740019,2.55327
HK.00288,万洲国际,2021-12-14 00:00:00,2.54327,2.53327,2.59327,2.49327,9.721,0.00146,18746618.0,91338269.0,0.0,2.53327
HK.00288,万洲国际,2021-12-15 00:00:00,2.52327,2.51327,2.57327,2.47327,9.681,0.00078,9985675.0,48507955.0,-0.7894934215460657,2.53327
HK.00288,万洲国际,2021-12-16 00:00:00,2.45327,2.46327,2.49327,2.36327,9.581,0.00206,26459743.0,126695625.0,-1.9894400522028999,2.51327
HK.00288,万洲国际,2021-12-17 00:00:00,2.43327,2.53327,2.55327,2.42327,9.721,0.00347,44500864.0,216572713.0,2.8417510057768673,2.46327
HK.00288,万洲国际,2021-12-20 00:00:00,2.53327,2.55327,2.61327,2.49327,9.76,0.00214,27457968.0,135034848.0,0.7894934215460657,2.53327
HK.00288,万洲国际,2021-12-21 00:00:00,2.58327,2.62327,2.75327,2.58327,9.9,0.00155,19841995.0,99226902.0,2.741582363009015,2.55327
HK.00288,万洲国际,2021-12-22 00:00:00,2.65327,2.65327,2.67327,2.57327,9.96,0.00134,17224078.0,85867437.0,1.1436108368562825,2.62327
HK.00288,万洲国际,2021-12-23 00:00:00,2.65327,2.63327,2.72327,2.60327,9.92,0.0011,14172633.0,70632508.0,-0.7537868366204727,2.65327
HK.00288,万洲国际,2021-12-24 00:00:00,2.63327,2.57327,2.65327,2.54327,9.8,0.00053,6829786.0,33625691.0,-2.278535812886641,2.63327
HK.00288,万洲国际,2021-12-28 00:00:00,2.64327,2.71327,2.72327,2.61327,10.079,0.00189,24288986.0,122349985.0,5.440548407279459,2.57327
HK.00288,万洲国际,2021-12-29 00:00:00,2.73327,2.70327,2.73327,2.63327,10.059,0.00088,11266156.0,56803628.0,-0.36855897127820786,2.71327
HK.00288,万洲国际,2021-12-30 00:00:00,2.76327,2.55327,2.76327,2.52327,9.76,0.00115,14800558.0,72967828.0,-5.548835299470638,2.70327
HK.00288,万洲国际,2021-12-31 00:00:00,2.54327,2.54327,2.57327,2.50327,9.741,0.00043,5562608.0,27294832.0,-0.3916546232869923,2.55327
HK.00288,万洲国际,2022-01-03 00:00:00,2.60327,2.58327,2.60327,2.52327,9.82,0.00081,10452561.0,51318258.0,1.5727783522787606,2.54327
HK.00288,万洲国际,2022-01-04 00:00:00,2.58327,2.70327,2.73327,2.55327,10.059,0.00211,27016510.0,135729697.0,4.645275174488135,2.58327
HK.00288,万洲国际,2022-01-05 00:00:00,2.70327,2.75327,2.83327,2.68327,10.159,0.00172,22040266.0,112194732.0,1.8496117664902236,2.70327
HK.00288,万洲国际,2022-01-06 00:00:00,2.75327,2.68327,2.75327,2.60327,10.019,0.00171,21934661.0,110310521.0,-2.5424313634333098,2.75327
HK.00288,万洲国际,2022-01-07 00:00:00,2.68327,2.69327,2.75327,2.61327,10.039,0.00141,18108798.0,90792608.0,0.37267960361798225,2.68327
HK.00288,万洲国际,2022-01-10 00:00:00,2.69327,2.90327,2.94327,2.68327,10.458,0.0021,26925162.0,140914272.0,7.7972130532772415,2.69327
HK.00288,万洲国际,2022-01-11 00:00:00,2.87327,2.75327,2.89327,2.71327,10.159,0.01274,163475548.0,822938387.0,-5.166588019715697,2.90327
HK.00288,万洲国际,2022-01-12 00:00:00,2.75327,2.63327,2.76327,2.57327,9.92,0.00327,41973202.0,209035036.0,-4.35845376588566,2.75327
HK.00288,万洲国际,2022-01-13 00:00:00,2.65327,2.58327,2.72327,2.56327,9.82,0.00191,24445073.0,121457931.0,-1.8987798440721924,2.63327
HK.00288,万洲国际,2022-01-14 00:00:00,2.60327,2.54327,2.62327,2.50327,9.741,0.00181,23208922.0,113615432.0,-1.5484250581627175,2.58327
HK.00288,万洲国际,2022-01-17 00:00:00,2.54327,2.47327,2.56327,2.46327,9.601,0.0015,19189587.0,92949407.0,-2.7523621164878396,2.54327
HK.00288,万洲国际,2022-01-18 00:00:00,2.49327,2.50327,2.51327,2.46327,9.661,0.00209,26772492.0,129540197.0,1.2129690652456162,2.47327
HK.00288,万洲国际,2022-01-19 00:00:00,2.55327,2.61327,2.65327,2.52327,9.88,0.00243,31184022.0,154160456.0,4.394252317968093,2.50327
HK.00288,万洲国际,2022-01-20 00:00:00,2.53327,2.78327,2.82327,2.53327,10.219,0.00429,55001250.0,278788691.0,6.505259693793597,2.61327
HK.00288,万洲国际,2022-01-21 00:00:00,2.77327,2.89327,2.90327,2.75327,10.438,0.00283,36259133.0,188455049.0,3.952185738358114,2.78327
HK.00288,万洲国际,2022-01-24 00:00:00,2.89327,2.88327,2.92327,2.80327,10.418,0.00244,31279044.0,163536864.0,-0.3456296854424159,2.89327
HK.00288,万洲国际,2022-01-25 00:00:00,2.88327,2.80327,2.88327,2.72327,10.258,0.00259,33177308.0,170891029.0,-2.7746274195618192,2.88327
HK.00288,万洲国际,2022-01-26 00:00:00,2.75327,2.79327,2.85327,2.74327,10.239,0.00157,20138705.0,103371399.0,-0.3567262518415917,2.80327
HK.00288,万洲国际,2022-01-27 00:00:00,2.69327,2.74327,2.74327,2.65327,10.139,0.00168,21568568.0,109085832.0,-1.7900167187561626,2.79327
HK.00288,万洲国际,2022-01-28 00:00:00,2.80327,2.75327,2.86327,2.72327,10.159,0.00225,28876984.0,147735302.0,0.3645284642051359,2.74327
HK.00288,万洲国际,2022-01-31 00:00:00,2.75327,2.85327,2.88327,2.70327,10.358,0.00161,20616151.0,106244820.0,3.6320448049047167,2.75327
HK.00288,万洲国际,2022-02-04 00:00:00,2.85327,2.80327,2.85327,2.70327,10.258,0.00299,38381567.0,197169181.0,-1.7523753447798582,2.85327
HK.00288,万洲国际,2022-02-07 00:00:00,2.78327,2.95327,2.98327,2.78327,10.557,0.00373,47851305.0,251530177.0,5.350893777623987,2.80327
HK.00288,万洲国际,2022-02-08 00:00:00,3.00327,3.15327,3.21327,2.99327,10.956,0.00534,68574049.0,377356734.0,6.772154256129652,2.95327
HK.00288,万洲国际,2022-02-09 00:00:00,3.25327,3.20327,3.30327,3.18327,11.055,0.00375,48160974.0,268415164.0,1.5856555258509364,3.15327
HK.00288,万洲国际,2022-02-10 00:00:00,3.31327,3.36327,3.39327,3.30327,11.374,0.00692,88742825.0,505153962.0,4.994895840812674,3.20327
HK.00288,万洲国际,2022-02-11 00:00:00,3.40327,3.31327,3.41327,3.27327,11.274,0.00467,59913021.0,340588203.0,-1.4866484106241789,3.36327
HK.00288,万洲国际,2022-02-14 00:00:00,3.34327,3.38327,3.39327,3.21327,11.414,0.0042,53914084.0,305825951.0,2.1127164402538834,3.31327
HK.00288,万洲国际,2022-02-15 00:00:00,3.40327,3.37327,3.43327,3.28327,11.394,0.0055,70624681.0,403307420.0,-0.2955720353385862,3.38327
HK.00288,万洲国际,2022-02-16 00:00:00,3.42327,3.31327,3.42327,3.27327,11.274,0.00202,25901563.0,146785667.0,-1.7786895208506892,3.37327
HK.00288,万洲国际,2022-02-17 00:00:00,3.33327,3.36327,3.36327,3.28327,11.374,0.00373,47876552.0,272107965.0,1.5090831716099147,3.31327
HK.00288,万洲国际,2022-02-18 00:00:00,3.37327,3.38327,3.41327,3.34327,11.414,0.00189,24252501.0,138932516.0,0.5946593642496742,3.36327
HK.00288,万洲国际,2022-02-21 00:00:00,3.38327,3.34327,3.38327,3.28327,11.334,0.00117,15014393.0,85175711.0,-1.182288141354371,3.38327
HK.00288,万洲国际,2022-02-22 00:00:00,3.34327,3.27327,3.34327,3.20327,11.195,0.00284,36424991.0,203685515.0,-2.0937585058939256,3.34327
HK.00288,万洲国际,2022-02-23 00:00:00,3.35327,3.31327,3.40327,3.22327,11.274,0.00123,15790430.0,89102931.0,1.222019570643425,3.27327
HK.00288,万洲国际,2022-02-24 00:00:00,3.19327,3.12327,3.31327,3.04327,10.896,0.00281,36080634.0,198038235.0,-5.734516052117695,3.31327
HK.00288,万洲国际,2022-02-25 00:00:00,3.15327,3.15327,3.17327,3.07327,10.956,0.00178,22787646.0,125041283.0,0.9605317503770024,3.12327
HK.00288,万洲国际,2022-02-28 00:00:00,3.14327,3.10327,3.15327,2.93327,10.856,0.0031,39834371.0,215844504.0,-1.5856555258509364,3.15327
HK.00288,万洲国际,2022-03-01 00:00:00,3.09327,3.14327,3.25327,3.07327,10.936,0.00119,15234291.0,83532169.0,1.288962932648451,3.10327
HK.00288,万洲国际,2022-03-02 00:00:00,3.07327,3.05327,3.16327,3.03327,10.756,0.00135,17282616.0,93804207.0,-2.863260235359987,3.14327
HK.00288,万洲国际,2022-03-03 00:00:00,3.09327,3.07327,3.16327,3.00327,10.796,0.00164,21104901.0,114760178.0,0.6550354210403934,3.05327
HK.00288,万洲国际,2022-03-04 00:00:00,3.04327,3.03327,3.13327,2.97327,10.717,0.00159,20349518.0,109490600.0,-1.3015452596094725,3.07327
HK.00288,万洲国际,2022-03-07 00:00:00,2.94327,2.92327,2.97327,2.82327,10.498,0.00253,32437740.0,170680839.0,-3.626449343447826,3.03327
HK.00288,万洲国际,2022-03-08 00:00:00,2.98327,2.78327,3.02327,2.75327,10.219,0.00228,29262796.0,151690406.0,-4.789157347764665,2.92327
HK.00288,万洲国际,2022-03-09 00:00:00,2.82327,2.72327,2.91327,2.64327,10.099,0.00241,30910233.0,157626786.0,-2.1557376754680666,2.78327
HK.00288,万洲国际,2022-03-10 00:00:00,2.84327,2.87327,2.92327,2.78327,10.398,0.00176,22581527.0,117239764.0,5.508084031329996,2.72327
HK.00288,万洲国际,2022-03-11 00:00:00,2.82327,2.75327,2.82327,2.63327,10.159,0.00244,31289759.0,159114812.0,-4.176426162525628,2.87327
HK.00288,万洲国际,2022-03-14 00:00:00,2.67327,2.51327,2.67327,2.50327,9.681,0.00239,30674143.0,150411870.0,-8.71690753177132,2.75327
HK.00288,万洲国际,2022-03-15 00:00:00,2.44327,1.99327,2.44327,1.94327,8.645,0.00453,58145114.0,260218777.0,-20.690176542910223,2.51327
HK.00288,万洲国际,2022-03-16 00:00:00,2.16327,2.14327,2.22327,1.93327,8.944,0.00517,66292257.0,295816123.0,7.525322710922238,1.99327
HK.00288,万洲国际,2022-03-17 00:00:00,2.28327,2.39327,2.39327,2.23327,9.442,0.0034,43667904.0,203679430.0,11.66441932187732,2.14327
HK.00288,万洲国际,2022-03-18 00:00:00,2.41327,2.45327,2.50327,2.30327,9.6,0.00282,36239055.0,173556706.0,2.5070301303237854,2.39327
HK.00288,万洲国际,2022-03-21 00:00:00,2.45327,2.34327,2.45327,2.29327,9.38,0.00176,22518219.0,106327648.0,-4.483811402740011,2.45327
HK.00288,万洲国际,2022-03-22 00:00:00,2.38327,2.43327,2.45327,2.28327,9.56,0.00238,30556020.0,144648158.0,3.84078659309426,2.34327
HK.00288,万洲国际,2022-03-23 00:00:00,2.49327,2.43327,2.53327,2.35327,9.56,0.00228,29193720.0,139403024.0,0.0,2.43327
HK.00288,万洲国际,2022-03-24 00:00:00,2.43327,2.46327,2.53327,2.39327,9.62,0.00194,24918594.0,119876126.0,1.232908801735946,2.43327
HK.00288,万洲国际,2022-03-25 00:00:00,2.43327,2.34327,2.52327,2.29327,9.38,0.00178,22841984.0,107924635.0,-4.871573152760359,2.46327
HK.00288,万洲国际,2022-03-28 00:00:00,2.37327,2.39327,2.47327,2.28327,9.48,0.00221,28318476.0,134279722.0,2.133770329496807,2.34327
HK.00288,万洲国际,2022-03-29 00:00:00,2.41327,2.46327,2.49327,2.32327,7.411,0.00284,36398615.0,173644029.0,2.924868485377759,2.39327
HK.00288,万洲国际,2022-03-30 00:00:00,2.47327,2.64327,2.70327,2.47327,7.688,0.00293,37566242.0,187198737.0,7.307359729140521,2.46327
HK.00288,万洲国际,2022-03-31 00:00:00,2.66327,2.60327,2.68327,2.54327,7.627,0.00174,22380913.0,110807086.0,-1.5132771150884925,2.64327
HK.00288,万洲国际,2022-04-01 00:00:00,2.55327,2.67327,2.67327,2.48327,7.734,0.00111,14237190.0,70672263.0,2.6889258509489924,2.60327
HK.00288,万洲国际,2022-04-04 00:00:00,2.71327,2.84327,2.85327,2.64327,7.996,0.00154,19793239.0,101276117.0,6.359252900006357,2.67327
HK.00288,万洲国际,2022-04-06 00:00:00,2.84327,2.75327,2.86327,2.71327,7.858,0.00256,32796823.0,168589372.0,-3.1653694513711277,2.84327
HK.00288,万洲国际,2022-04-07 00:00:00,2.76327,2.71327,2.88327,2.69327,7.796,0.00215,27598447.0,141085460.0,-1.4528179219618864,2.75327
HK.00288,万洲国际,2022-04-08 00:00:00,2.71327,2.78327,2.81327,2.70327,7.904,0.00156,20031504.0,102478102.0,2.57991279894739,2.71327
HK.00288,万洲国际,2022-04-11 00:00:00,2.77327,2.75327,2.79327,2.70327,7.858,0.00188,24091623.0,122772540.0,-1.0778688377340253,2.78327
HK.00288,万洲国际,2022-04-12 00:00:00,2.79327,2.81327,2.89327,2.71327,7.95,0.00193,24740152.0,127619821.0,2.17922688294283,2.75327
HK.00288,万洲国际,2022-04-13 00:00:00,2.82327,2.70327,2.83327,2.65327,7.781,0.00126,16187304.0,82228909.0,-3.910040628876728,2.81327
HK.00288,万洲国际,2022-04-14 00:00:00,2.73327,2.89327,2.90327,2.68327,8.073,0.00235,30110337.0,156336377.0,7.0285247126628105,2.70327
HK.00288,万洲国际,2022-04-19 00:00:00,2.92327,2.91327,2.98327,2.81327,8.104,0.00184,23661622.0,124006124.0,0.6912593708848472,2.89327
HK.00288,万洲国际,2022-04-20 00:00:00,2.92327,3.09327,3.09327,2.91327,8.382,0.003,38436939.0,206071905.0,6.1786240204306555,2.91327
HK.00288,万洲国际,2022-04-21 00:00:00,3.10327,3.09327,3.16327,3.02327,8.382,0.00303,38857484.0,211266636.0,0.0,3.09327
HK.00288,万洲国际,2022-04-22 00:00:00,3.09327,3.07327,3.11327,2.96327,8.351,0.00097,12381761.0,66942776.0,-0.646564961998145,3.09327
HK.00288,万洲国际,2022-04-25 00:00:00,3.06327,3.01327,3.13327,2.96327,8.258,0.00147,18886239.0,101849173.0,-1.9523178894142088,3.07327
HK.00288,万洲国际,2022-04-26 00:00:00,3.12327,3.12327,3.19327,3.02327,8.428,0.00306,39241869.0,213778667.0,3.6505192033903477,3.01327
HK.00288,万洲国际,2022-04-27 00:00:00,3.31327,3.03327,3.38327,2.92327,8.289,0.00367,47140296.0,255473745.0,-2.881595251131036,3.12327
HK.00288,万洲国际,2022-04-28 00:00:00,3.06327,3.25327,3.30327,3.06327,8.628,0.00296,37982259.0,211724282.0,7.2528986868956675,3.03327
HK.00288,万洲国际,2022-04-29 00:00:00,3.25327,3.10327,3.31327,3.06327,8.397,0.00336,43059404.0,237201911.0,-4.6107454960701055,3.25327
HK.00288,万洲国际,2022-05-03 00:00:00,3.12327,3.09327,3.22327,3.04327,8.382,0.00252,32350697.0,177386143.0,-0.32224073316212354,3.10327
HK.00288,万洲国际,2022-05-04 00:00:00,3.10327,3.08327,3.18327,3.03327,8.366,0.00182,23396055.0,127045162.0,-0.32328248099906526,3.09327
HK.00288,万洲国际,2022-05-05 00:00:00,3.15327,3.15327,3.22327,3.06327,8.474,0.00174,22301397.0,122613453.0,2.2703169038066675,3.08327
HK.00288,万洲国际,2022-05-06 00:00:00,3.05327,2.97327,3.13327,2.95327,8.197,0.00133,17071515.0,91227468.0,-5.708359893063396,3.15327
HK.00288,万洲国际,2022-05-10 00:00:00,2.80327,2.91327,2.93327,2.75327,8.104,0.00362,46461182.0,243031320.0,-2.0179802036142043,2.97327
HK.00288,万洲国际,2022-05-11 00:00:00,2.92327,3.00327,3.01327,2.87327,8.243,0.00253,32511421.0,172561147.0,3.0893120102153353,2.91327
HK.00288,万洲国际,2022-05-12 00:00:00,3.01327,2.98327,3.11327,2.94327,8.212,0.00233,29942447.0,160452532.0,-0.6659407912042545,3.00327
HK.00288,万洲国际,2022-05-13 00:00:00,3.06327,3.07327,3.09327,2.97327,8.351,0.00182,23376550.0,126318745.0,3.0168238208408846,2.98327
HK.00288,万洲国际,2022-05-16 00:00:00,3.07327,3.14327,3.16327,3.02327,8.459,0.0018,23053740.0,125938141.0,2.27770420431657,3.07327
HK.00288,万洲国际,2022-05-17 00:00:00,3.13327,3.30327,3.31327,3.13327,8.705,0.00309,39618389.0,222172911.0,5.090240418417767,3.14327
HK.00288,万洲国际,2022-05-18 00:00:00,3.30327,3.35327,3.35327,3.26327,8.782,0.00177,22763819.0,129048248.0,1.5136516239968356,3.30327
HK.00288,万洲国际,2022-05-19 00:00:00,3.30327,3.29327,3.31327,3.21327,8.69,0.00236,30331597.0,170725902.0,-1.789298207421414,3.35327
HK.00288,万洲国际,2022-05-20 00:00:00,3.36327,3.41327,3.46327,3.29327,8.875,0.00277,35536691.0,204288085.0,3.6437947693325987,3.29327
HK.00288,万洲国际,2022-05-23 00:00:00,3.43327,3.49327,3.50327,3.33327,8.998,0.00198,25437678.0,147403386.0,2.343793488355743,3.41327
HK.00288,万洲国际,2022-05-24 00:00:00,3.47327,3.45327,3.47327,3.36327,8.936,0.00119,15292795.0,88361367.0,-1.1450589275950624,3.49327
HK.00288,万洲国际,2022-05-25 00:00:00,3.46327,3.50327,3.53327,3.44327,9.013,0.00217,27832929.0,162571724.0,1.4479030020820924,3.45327
HK.00288,万洲国际,2022-05-26 00:00:00,3.55327,3.51327,3.55327,3.40327,9.029,0.00153,19623143.0,114282771.0,0.2854475961030633,3.50327
HK.00288,万洲国际,2022-05-27 00:00:00,3.57327,3.57327,3.57327,3.51327,9.121,0.00135,17308713.0,102271564.0,1.7078106721088917,3.51327
HK.00288,万洲国际,2022-05-30 00:00:00,3.57327,3.63327,3.65327,3.55327,9.214,0.00163,20917847.0,124701302.0,1.6791342383866894,3.57327
HK.00288,万洲国际,2022-05-31 00:00:00,3.64327,3.67327,3.73327,3.58327,9.275,0.00582,74608537.0,448018070.0,1.1009366218310237,3.63327
HK.00288,万洲国际,2022-06-01 00:00:00,3.74327,3.68327,3.74327,3.62327,9.291,0.00199,25484645.0,153594811.0,0.27223699864153156,3.67327
HK.00288,万洲国际,2022-06-02 00:00:00,3.80327,3.78327,4.03327,3.72327,9.445,0.00414,53121405.0,328827530.0,2.7149788095903937,3.68327
HK.00288,万洲国际,2022-06-06 00:00:00,3.93327,3.83327,3.93327,3.77327,9.522,0.00333,42778263.0,264734797.0,1.3216080269185193,3.78327
HK.00288,万洲国际,2022-06-07 00:00:00,3.83327,3.78327,3.83327,3.72327,9.229,0.00262,33659935.0,201099356.0,-1.3043693765375322,3.83327
HK.00288,万洲国际,2022-06-08 00:00:00,3.79327,3.67327,3.82327,3.64327,9.06,0.00354,45379358.0,267969243.0,-2.907537659220724,3.78327
HK.00288,万洲国际,2022-06-09 00:00:00,3.54327,3.55327,3.64327,3.50327,8.875,0.00278,35686077.0,206138275.0,-3.2668439836984517,3.67327
HK.00288,万洲国际,2022-06-10 00:00:00,3.49327,3.40327,3.51327,3.37327,8.644,0.00214,27462607.0,154861974.0,-4.221463609576529,3.55327
HK.00288,万洲国际,2022-06-13 00:00:00,3.36327,3.40327,3.42327,3.29327,8.644,0.00186,23814439.0,133113897.0,0.0,3.40327
HK.00288,万洲国际,2022-06-14 00:00:00,3.37327,3.38327,3.41327,3.29327,8.613,0.00136,17502032.0,97629695.0,-0.587670093762764,3.40327
HK.00288,万洲国际,2022-06-15 00:00:00,3.38327,3.46327,3.50327,3.31327,8.736,0.00143,18409405.0,103901466.0,2.364576282708742,3.38327
HK.00288,万洲国际,2022-06-16 00:00:00,3.52327,3.37327,3.52327,3.32327,8.597,0.0011,14130686.0,79324569.0,-2.5987000724748537,3.46327
HK.00288,万洲国际,2022-06-17 00:00:00,3.37327,3.41327,3.49327,3.32327,8.659,0.00292,37470679.0,210698328.0,1.1857930139004464,3.37327
HK.00288,万洲国际,2022-06-20 00:00:00,3.43327,3.40327,3.47327,3.38327,8.644,0.00087,11203357.0,63008815.0,-0.2929741860444614,3.41327
HK.00288,万洲国际,2022-06-21 00:00:00,3.37327,3.38327,3.42327,3.33327,8.613,0.00175,22447630.0,125220913.0,-0.587670093762764,3.40327
HK.00288,万洲国际,2022-06-22 00:00:00,3.59327,3.36327,3.62327,3.35327,8.582,0.00183,23500179.0,132979595.0,-0.5911440706771856,3.38327
HK.00288,万洲国际,2022-06-23 00:00:00,3.36327,3.37327,3.47327,3.31327,8.597,0.00097,12499243.0,69777081.0,0.29732968212484373,3.36327
HK.00288,万洲国际,2022-06-24 00:00:00,3.40327,3.39327,3.40327,3.25327,8.628,0.00161,20702158.0,115175940.0,0.5928965069502167,3.37327
HK.00288,万洲国际,2022-06-27 00:00:00,3.46327,3.57327,3.57327,3.39327,8.906,0.00137,17599737.0,100965428.0,5.304617669681463,3.39327
HK.00288,万洲国际,2022-06-28 00:00:00,3.63327,3.85327,3.85327,3.58327,9.337,0.00253,32466790.0,194420266.0,7.835959779137884,3.57327
HK.00288,万洲国际,2022-06-29 00:00:00,3.86327,3.85327,4.02327,3.82327,9.337,0.00315,40440089.0,246254989.0,0.0,3.85327
HK.00288,万洲国际,2022-06-30 00:00:00,3.82327,3.85327,3.87327,3.75327,9.337,0.0015,19300853.0,116734138.0,0.0,3.85327
HK.00288,万洲国际,2022-07-04 00:00:00,3.85327,3.87327,3.91327,3.75327,9.368,0.00105,13515460.0,82047197.0,0.5190396727973907,3.85327
HK.00288,万洲国际,2022-07-05 00:00:00,3.84327,3.84327,3.93327,3.79327,9.322,0.00109,13989745.0,84906657.0,-0.7745393427259202,3.87327
HK.00288,万洲国际,2022-07-06 00:00:00,3.68327,3.60327,3.71327,3.49327,8.952,0.00153,19646052.0,114217170.0,-6.244682262760612,3.84327
HK.00288,万洲国际,2022-07-07 00:00:00,3.58327,3.67327,3.68327,3.51327,9.06,0.00098,12624108.0,73554054.0,1.9426798435865156,3.60327
HK.00288,万洲国际,2022-07-08 00:00:00,3.67327,3.66327,3.72327,3.60327,9.044,0.0011,14058474.0,82495198.0,-0.27223699864154366,3.67327
HK.00288,万洲国际,2022-07-11 00:00:00,3.61327,3.63327,3.66327,3.55327,8.998,0.00059,7600010.0,44232911.0,-0.8189404548395233,3.66327
HK.00288,万洲国际,2022-07-12 00:00:00,3.54327,3.59327,3.64327,3.54327,8.936,0.00096,12334127.0,71539635.0,-1.1009366218310237,3.63327
HK.00288,万洲国际,2022-07-13 00:00:00,3.56327,3.67327,3.73327,3.52327,9.06,0.00205,26304813.0,153822770.0,2.226384324027977,3.59327
HK.00288,万洲国际,2022-07-14 00:00:00,3.68327,3.67327,3.76327,3.60327,9.06,0.00141,18085200.0,106750832.0,0.0,3.67327
HK.00288,万洲国际,2022-07-15 00:00:00,3.67327,3.55327,3.74327,3.51327,8.875,0.00151,19437069.0,112843013.0,-3.2668439836984517,3.67327
HK.00288,万洲国际,2022-07-18 00:00:00,3.61327,3.68327,3.73327,3.51327,9.075,0.00138,17694462.0,103495107.0,3.6586017949663234,3.55327
HK.00288,万洲国际,2022-07-19 00:00:00,3.63327,3.64327,3.74327,3.59327,9.013,0.001,12796375.0,74928011.0,-1.0859915238361575,3.68327
HK.00288,万洲国际,2022-07-20 00:00:00,3.70327,3.71327,3.75327,3.67327,9.121,0.00071,9101409.0,53849562.0,1.9213508743518952,3.64327
HK.00288,万洲国际,2022-07-21 00:00:00,3.71327,3.67327,3.78327,3.65327,9.06,0.00148,18926487.0,111931847.0,-1.0772176545201408,3.71327
HK.00288,万洲国际,2022-07-22 00:00:00,3.69327,3.69327,3.77327,3.66327,9.09,0.00066,8452298.0,49980318.0,0.5444739972830752,3.67327
HK.00288,万洲国际,2022-07-25 00:00:00,3.68327,3.67327,3.71327,3.61327,9.06,0.00094,12090985.0,71104042.0,-0.5415255315750004,3.69327
HK.00288,万洲国际,2022-07-26 00:00:00,3.72327,3.72327,3.74327,3.61327,9.137,0.00097,12431205.0,73496617.0,1.361184993207682,3.67327
HK.00288,万洲国际,2022-07-27 00:00:00,3.77327,3.80327,3.81327,3.71327,9.26,0.00173,22200262.0,132952696.0,2.1486489027118654,3.72327
HK.00288,万洲国际,2022-07-28 00:00:00,3.80327,3.77327,3.82327,3.72327,9.214,0.00097,12421351.0,74383639.0,-0.7887949054366322,3.80327
HK.00288,万洲国际,2022-07-29 00:00:00,3.81327,3.73327,3.81327,3.65327,9.152,0.00184,23606740.0,139844896.0,-1.0600884643823536,3.77327
HK.00288,万洲国际,2022-08-01 00:00:00,3.73327,3.61327,3.74327,3.54327,8.967,0.00104,13339974.0,77540708.0,-3.214340243271987,3.73327
HK.00288,万洲国际,2022-08-02 00:00:00,3.65327,3.58327,3.69327,3.51327,8.921,0.00145,18557306.0,107581746.0,-0.8302728553360198,3.61327
HK.00288,万洲国际,2022-08-03 00:00:00,3.56327,3.55327,3.63327,3.50327,8.875,0.00097,12464991.0,71752795.0,-0.8372240997747936,3.58327
HK.00288,万洲国际,2022-08-04 00:00:00,3.52327,3.44327,3.53327,3.42327,8.705,0.00123,15720775.0,89265048.0,-3.0957399803561194,3.55327
HK.00288,万洲国际,2022-08-05 00:00:00,3.44327,3.49327,3.50327,3.41327,8.782,0.00105,13514732.0,76688498.0,1.452108025220207,3.44327
HK.00288,万洲国际,2022-08-08 00:00:00,3.47327,3.44327,3.48327,3.37327,8.705,0.00108,13920252.0,78572153.0,-1.4313236594938217,3.49327
HK.00288,万洲国际,2022-08-09 00:00:00,3.42327,3.40327,3.47327,3.36327,8.644,0.00095,12152677.0,68330578.0,-1.1616864201761707,3.44327
HK.00288,万洲国际,2022-08-10 00:00:00,3.37327,3.30327,3.37327,3.26327,8.489,0.00121,15488201.0,85744483.0,-2.93835046881382,3.40327
HK.00288,万洲国际,2022-08-11 00:00:00,3.30327,3.30327,3.35327,3.17327,8.489,0.00151,19344849.0,105899276.0,0.0,3.30327
HK.00288,万洲国际,2022-08-12 00:00:00,3.26327,3.25327,3.29327,3.14327,8.412,0.0016,20507175.0,111608875.0,-1.513651623996822,3.30327
HK.00288,万洲国际,2022-08-15 00:00:00,3.22327,3.28327,3.37327,3.21327,8.459,0.00095,12206998.0,67159011.0,0.9221490992140156,3.25327
HK.00288,万洲国际,2022-08-16 00:00:00,3.21327,3.22327,3.28327,3.11327,8.366,0.00135,17320809.0,93800623.0,-1.8274464177481613,3.28327
HK.00288,万洲国际,2022-08-17 00:00:00,3.27327,3.30327,3.48327,3.24327,8.489,0.0023,29527982.0,163754748.0,2.481951558510459,3.22327
HK.00288,万洲国际,2022-08-18 00:00:00,3.35327,3.30327,3.51327,3.25327,8.489,0.00285,36571065.0,203079623.0,0.0,3.30327
HK.00288,万洲国际,2022-08-19 00:00:00,3.28327,3.25327,3.31327,3.06327,8.412,0.00201,25841387.0,140759083.0,-1.513651623996822,3.30327
HK.00288,万洲国际,2022-08-22 00:00:00,3.23327,3.21327,3.34327,3.18327,8.351,0.00222,28484711.0,155260446.0,-1.2295321322853632,3.25327
HK.00288,万洲国际,2022-08-23 00:00:00,3.22327,3.12327,3.25327,3.08327,8.212,0.00177,22661167.0,121326883.0,-2.800885079685176,3.21327
HK.00288,万洲国际,2022-08-24 00:00:00,3.14327,3.05327,3.17327,2.97327,8.104,0.00192,24576780.0,129222145.0,-2.2412407508796957,3.12327
HK.00288,万洲国际,2022-08-25 00:00:00,3.37327,3.24327,3.37327,3.13327,8.397,0.0012,15407924.0,82723222.0,6.22283649988373,3.05327
HK.00288,万洲国际,2022-08-26 00:00:00,3.24327,3.22327,3.29327,3.15327,8.366,0.00131,16809032.0,91190719.0,-0.6166615792086388,3.24327
HK.00288,万洲国际,2022-08-29 00:00:00,3.18327,3.27327,3.27327,3.14327,8.366,0.0009,11591920.0,62282698.0,1.5512197240690437,3.22327
HK.00288,万洲国际,2022-08-30 00:00:00,3.24327,3.24327,3.24327,3.10327,8.32,0.00098,12567252.0,67371499.0,-0.9165146779825755,3.27327
HK.00288,万洲国际,2022-08-31 00:00:00,3.20327,3.20327,3.28327,3.20327,8.258,0.00183,23501887.0,126243837.0,-1.2333231584172777,3.24327
HK.00288,万洲国际,2022-09-01 00:00:00,3.13327,3.11327,3.16327,3.08327,8.12,0.00139,17807939.0,93930281.0,-2.809628910457122,3.20327
HK.00288,万洲国际,2022-09-02 00:00:00,3.08327,3.06327,3.12327,2.97327,8.043,0.00173,22188371.0,116164578.0,-1.6060283881577833,3.11327
HK.00288,万洲国际,2022-09-05 00:00:00,3.02327,3.10327,3.12327,2.99327,8.104,0.00076,9778483.0,51094302.0,1.3057941350256437,3.06327
HK.00288,万洲国际,2022-09-06 00:00:00,3.11327,3.04327,3.12327,3.04327,8.012,0.00106,13542000.0,70744200.0,-1.9334443989726982,3.10327
HK.00288,万洲国际,2022-09-07 00:00:00,3.02327,3.10327,3.10327,2.94327,8.104,0.00095,12235044.0,63990763.0,1.971563482701175,3.04327
HK.00288,万洲国际,2022-09-08 00:00:00,3.13327,2.97327,3.14327,2.95327,7.904,0.00086,11001500.0,56680438.0,-4.189129531107519,3.10327
HK.00288,万洲国际,2022-09-09 00:00:00,2.95327,3.04327,3.07327,2.87327,8.012,0.00066,8421421.0,43571291.0,2.354310237549913,2.97327
HK.00288,万洲国际,2022-09-13 00:00:00,3.03327,3.26327,3.33327,3.03327,8.351,0.00195,25062451.0,135317178.0,7.229066103237628,3.04327
HK.00288,万洲国际,2022-09-14 00:00:00,3.13327,3.22327,3.25327,3.13327,8.289,0.00189,24268126.0,130315698.0,-1.2257643406766843,3.26327
HK.00288,万洲国际,2022-09-15 00:00:00,3.21327,3.20327,3.25327,3.17327,8.258,0.00132,16919206.0,90774745.0,-0.6204878896276147,3.22327
HK.00288,万洲国际,2022-09-16 00:00:00,3.17327,3.23327,3.25327,3.17327,8.305,0.00251,32229757.0,173412772.0,0.9365429701523833,3.20327
HK.00288,万洲国际,2022-09-19 00:00:00,3.23327,3.13327,3.30327,3.12327,8.151,0.00136,17488454.0,93274061.0,-3.092844086636751,3.23327
HK.00288,万洲国际,2022-09-20 00:00:00,3.22327,3.27327,3.31327,3.22327,8.366,0.00269,34542216.0,187177883.0,4.468175420567015,3.13327
HK.00288,万洲国际,2022-09-21 00:00:00,3.22327,3.22327,3.28327,3.19327,8.289,0.00143,18369186.0,99169468.0,-1.527524463304288,3.27327
HK.00288,万洲国际,2022-09-22 00:00:00,3.22327,3.31327,3.34327,3.20327,8.428,0.00184,23669595.0,128929200.0,2.7921955033242734,3.22327
HK.00288,万洲国际,2022-09-23 00:00:00,3.30327,3.09327,3.30327,3.09327,8.089,0.00166,21244379.0,112652811.0,-6.639965955083654,3.31327
HK.00288,万洲国际,2022-09-26 00:00:00,3.04327,2.97327,3.09327,2.93327,7.904,0.0013,16671813.0,85809173.0,-3.87938977198887,3.09327
HK.00288,万洲国际,2022-09-27 00:00:00,3.02327,3.06327,3.07327,2.95327,8.043,0.00166,21285956.0,110350795.0,3.0269703054213144,2.97327
HK.00288,万洲国际,2022-09-28 00:00:00,3.09327,2.81327,3.09327,2.78327,7.657,0.00156,20044635.0,101432094.0,-8.161213343910266,3.06327
HK.00288,万洲国际,2022-09-29 00:00:00,2.81327,2.75327,2.86327,2.70327,7.565,0.00106,13663033.0,67355975.0,-2.132749433932756,2.81327
HK.00288,万洲国际,2022-09-30 00:00:00,2.79327,2.79327,2.88327,2.75327,7.627,0.00157,20084242.0,99850767.0,1.4528179219618864,2.75327
HK.00288,万洲国际,2022-10-03 00:00:00,2.66327,2.71327,2.76327,2.64327,7.503,0.00129,16509796.0,80780210.0,-2.8640267500098475,2.79327
HK.00288,万洲国际,2022-10-05 00:00:00,3.09327,3.04327,3.09327,2.88327,8.012,0.0026,33412471.0,172425856.0,12.16244605218058,2.71327
HK.00288,万洲国际,2022-10-06 00:00:00,3.05327,2.96327,3.07327,2.94327,7.889,0.00122,15629483.0,80382383.0,-2.628751310268233,3.04327
HK.00288,万洲国际,2022-10-07 00:00:00,2.95327,2.95327,2.98327,2.92327,7.873,0.00128,16448514.0,84054249.0,-0.33746503018625473,2.96327
HK.00288,万洲国际,2022-10-10 00:00:00,2.86327,2.91327,2.97327,2.84327,7.812,0.00094,12121021.0,61546194.0,-1.3544308512259307,2.95327
HK.00288,万洲国际,2022-10-11 00:00:00,2.94327,2.85327,3.00327,2.83327,7.719,0.00152,19490514.0,98243008.0,-2.0595413401435367,2.91327
HK.00288,万洲国际,2022-10-12 00:00:00,2.86327,2.76327,2.91327,2.70327,7.58,0.00204,26169500.0,129154432.0,-3.154275620603739,2.85327
HK.00288,万洲国际,2022-10-13 00:00:00,2.73327,2.65327,2.73327,2.61327,7.411,0.00139,17866786.0,86187219.0,-3.980790874579751,2.76327
HK.00288,万洲国际,2022-10-14 00:00:00,2.68327,2.59327,2.75327,2.59327,7.318,0.00104,13303547.0,64150133.0,-2.2613605098614182,2.65327
HK.00288,万洲国际,2022-10-17 00:00:00,2.65327,2.65327,2.73327,2.63327,7.411,0.00132,16953518.0,81934486.0,2.3136811824453316,2.59327
HK.00288,万洲国际,2022-10-18 00:00:00,2.68327,2.59327,2.70327,2.55327,7.318,0.00096,12331123.0,58745674.0,-2.2613605098614182,2.65327
HK.00288,万洲国际,2022-10-19 00:00:00,2.56327,2.54327,2.69327,2.54327,7.241,0.00063,8060992.0,38242708.0,-1.9280676520377678,2.59327
HK.00288,万洲国际,2022-10-20 00:00:00,2.52327,2.44327,2.54327,2.42327,7.087,0.00159,20375991.0,93934102.0,-3.9319458806969014,2.54327
HK.00288,万洲国际,2022-10-21 00:00:00,2.49327,2.51327,2.56327,2.42327,7.195,0.00067,8572559.0,40015522.0,2.86501287209354,2.44327
HK.00288,万洲国际,2022-10-24 00:00:00,2.45327,2.30327,2.48327,2.29327,6.872,0.00158,20301622.0,91509843.0,-8.355648219252208,2.51327
HK.00288,万洲国际,2022-10-25 00:00:00,2.42327,2.34327,2.42327,2.22327,6.933,0.00163,20851722.0,93111449.0,1.7366613553773564,2.30327
HK.00288,万洲国际,2022-10-26 00:00:00,2.09327,2.10327,2.21327,1.97327,6.563,0.00447,57381886.0,241702849.0,-10.242097581584698,2.34327
HK.00288,万洲国际,2022-10-27 00:00:00,2.10327,2.063269999,2.17327,2.03327,6.502,0.00183,23444613.0,99536900.0,-1.9018005771964663,2.10327
HK.00288,万洲国际,2022-10-28 00:00:00,2.04327,1.85327,2.05327,1.85327,6.178,0.00228,29215466.0,119044508.0,-10.178018344752761,2.063269999
HK.00288,万洲国际,2022-10-31 00:00:00,1.84327,1.81327,1.92327,1.79327,6.117,0.00241,30900907.0,123621935.0,-2.158347137761904,1.85327
HK.00288,万洲国际,2022-11-01 00:00:00,1.82327,1.87327,1.92327,1.81327,6.209,0.00173,22214474.0,89592921.0,3.3089390989758862,1.81327
HK.00288,万洲国际,2022-11-02 00:00:00,1.863269999,1.97327,2.00327,1.81327,6.363,0.00157,20185819.0,82250884.0,5.338258766755464,1.87327
HK.00288,万洲国际,2022-11-03 00:00:00,1.903269999,1.85327,1.92327,1.82327,6.178,0.00217,27805599.0,111905628.0,-6.081276257177178,1.97327
HK.00288,万洲国际,2022-11-04 00:00:00,1.91327,2.113269999,2.18327,1.88327,6.579,0.00286,36661566.0,154982421.0,14.029256341493682,1.85327
HK.00288,万洲国际,2022-11-07 00:00:00,2.05327,2.19327,2.23327,2.04327,6.702,0.00154,19723642.0,85339472.0,3.7856024567545172,2.113269999
HK.00288,万洲国际,2022-11-08 00:00:00,2.20327,2.18327,2.26327,2.13327,6.687,0.00155,19898557.0,86255561.0,-0.4559402171187419,2.19327
HK.00288,万洲国际,2022-11-09 00:00:00,2.14327,2.10327,2.23327,2.07327,6.563,0.00139,17774805.0,76132583.0,-3.6642284280001847,2.18327
HK.00288,万洲国际,2022-11-10 00:00:00,2.09327,2.113269999,2.12327,2.00327,6.579,0.00187,23933573.0,101525745.0,0.4754500848678346,2.10327
HK.00288,万洲国际,2022-11-11 00:00:00,2.30327,2.41327,2.46327,2.28327,7.041,0.00258,33140686.0,149386641.0,14.196009082699323,2.113269999
HK.00288,万洲国际,2022-11-14 00:00:00,2.47327,2.33327,2.53327,2.27327,6.918,0.0037,47503600.0,214125195.0,-3.315004123036363,2.41327
HK.00288,万洲国际,2022-11-15 00:00:00,2.34327,2.41327,2.43327,2.27327,7.041,0.00145,18646736.0,84660197.0,3.428664492321918,2.33327
HK.00288,万洲国际,2022-11-16 00:00:00,2.36327,2.31327,2.44327,2.28327,6.887,0.00179,22994535.0,103796068.0,-4.143755153795458,2.41327
HK.00288,万洲国际,2022-11-17 00:00:00,2.27327,2.31327,2.34327,2.22327,6.887,0.00113,14437346.0,64091395.0,0.0,2.31327
HK.00288,万洲国际,2022-11-18 00:00:00,2.31327,2.17327,2.31327,2.14327,6.671,0.00277,35504580.0,154501167.0,-6.05203888867275,2.31327
HK.00288,万洲国际,2022-11-21 00:00:00,2.13327,2.18327,2.21327,2.063269999,6.687,0.00207,26540364.0,114458114.0,0.46013610826081375,2.17327
HK.00288,万洲国际,2022-11-22 00:00:00,2.16327,2.18327,2.26327,2.14327,6.687,0.00134,17240955.0,75098783.0,0.0,2.18327
HK.00288,万洲国际,2022-11-23 00:00:00,2.20327,2.22327,2.24327,2.14327,6.748,0.00232,29790562.0,129866408.0,1.8321142140001028,2.18327
HK.00288,万洲国际,2022-11-24 00:00:00,2.25327,2.23327,2.28327,2.20327,6.764,0.00074,9435226.0,41482772.0,0.449787924993376,2.22327
HK.00288,万洲国际,2022-11-25 00:00:00,2.24327,2.25327,2.26327,2.16327,6.795,0.00061,7879778.0,34679601.0,0.8955477841908958,2.23327
HK.00288,万洲国际,2022-11-28 00:00:00,2.16327,2.27327,2.32327,2.09327,6.825,0.00163,20922405.0,92087913.0,0.8875989118037348,2.25327
HK.00288,万洲国际,2022-11-29 00:00:00,2.22327,2.34327,2.36327,2.22327,6.933,0.00142,18186692.0,81421789.0,3.0792646715964156,2.27327
HK.00288,万洲国际,2022-11-30 00:00:00,2.25327,2.41327,2.43327,2.19327,7.041,0.00401,51412561.0,232889655.0,2.987278461295533,2.34327
HK.00288,万洲国际,2022-12-01 00:00:00,2.46327,2.34327,2.50327,2.32327,6.933,0.00251,32150474.0,146827470.0,-2.9006286076568246,2.41327
HK.00288,万洲国际,2022-12-02 00:00:00,2.36327,2.36327,2.38327,2.29327,6.964,0.002,25658973.0,115613251.0,0.8535081317987265,2.34327
HK.00288,万洲国际,2022-12-05 00:00:00,2.40327,2.34327,2.44327,2.32327,6.933,0.00235,30127214.0,136381321.0,-0.8462850203319984,2.36327
HK.00288,万洲国际,2022-12-06 00:00:00,2.31327,2.42327,2.47327,2.30327,7.057,0.0015,19256962.0,87959168.0,3.414032527194906,2.34327
HK.00288,万洲国际,2022-12-07 00:00:00,2.43327,2.30327,2.52327,2.30327,6.872,0.00163,20959215.0,95360674.0,-4.951986365530877,2.42327
HK.00288,万洲国际,2022-12-08 00:00:00,2.36327,2.36327,2.40327,2.29327,6.964,0.00148,18988040.0,85501048.0,2.6049920330660346,2.30327
HK.00288,万洲国际,2022-12-09 00:00:00,2.35327,2.47327,2.53327,2.35327,7.134,0.00145,18661494.0,86306773.0,4.654567611825982,2.36327
HK.00288,万洲国际,2022-12-12 00:00:00,2.47327,2.49327,2.55327,2.40327,7.164,0.00142,18184082.0,84130085.0,0.8086460434970714,2.47327
HK.00288,万洲国际,2022-12-13 00:00:00,2.48327,2.47327,2.52327,2.42327,7.134,0.00235,30159878.0,139972261.0,-0.802159413140174,2.49327
HK.00288,万洲国际,2022-12-14 00:00:00,2.44327,2.40327,2.48327,2.38327,7.026,0.00209,26782569.0,122741438.0,-2.8302611522397414,2.47327
HK.00288,万洲国际,2022-12-15 00:00:00,2.39327,2.34327,2.48327,2.30327,6.933,0.00178,22854923.0,103152647.0,-2.4965983847008473,2.40327
HK.00288,万洲国际,2022-12-16 00:00:00,2.34327,2.47327,2.47327,2.25327,7.134,0.00309,39703921.0,182463853.0,5.547802856691713,2.34327
HK.00288,万洲国际,2022-12-19 00:00:00,2.37327,2.33327,2.45327,2.29327,6.918,0.00321,41231561.0,187310795.0,-5.660522304479483,2.47327
HK.00288,万洲国际,2022-12-20 00:00:00,2.30327,2.33327,2.42327,2.28327,6.918,0.00211,27020995.0,121554003.0,0.0,2.33327
HK.00288,万洲国际,2022-12-21 00:00:00,2.35327,2.31327,2.41327,2.29327,6.887,0.00218,27989642.0,125754928.0,-0.8571661230804843,2.33327
HK.00288,万洲国际,2022-12-22 00:00:00,2.38327,2.42327,2.44327,2.38327,7.057,0.00204,26129028.0,118834885.0,4.755173412528579,2.31327
HK.00288,万洲国际,2022-12-23 00:00:00,2.34327,2.36327,2.44327,2.34327,6.964,0.00049,6259725.0,28365070.0,-2.4759931827654387,2.42327
HK.00288,万洲国际,2022-12-28 00:00:00,2.44327,2.47327,2.48327,2.40327,7.134,0.0012,15381264.0,70829156.0,4.654567611825982,2.36327
HK.00288,万洲国际,2022-12-29 00:00:00,2.39327,2.39327,2.45327,2.33327,7.01,0.00087,11194464.0,50775725.0,-3.2345841739882855,2.47327
HK.00288,万洲国际,2022-12-30 00:00:00,2.39327,2.38327,2.45327,2.36327,6.995,0.00096,12286181.0,55820075.0,-0.41783835505395495,2.39327
HK.00288,万洲国际,2023-01-03 00:00:00,2.32327,2.50327,2.50327,2.27327,7.18,0.00102,13134154.0,59883854.0,5.035098834794216,2.38327
HK.00288,万洲国际,2023-01-04 00:00:00,2.50327,2.54327,2.61327,2.49327,7.241,0.00165,21211966.0,99892870.0,1.5979099338065823,2.50327
HK.00288,万洲国际,2023-01-05 00:00:00,2.54327,2.52327,2.60327,2.51327,7.211,0.00262,33608615.0,158238598.0,-0.7863891761393803,2.54327
HK.00288,万洲国际,2023-01-06 00:00:00,2.58327,2.55327,2.58327,2.50327,7.257,0.00147,18912033.0,88936971.0,1.188933407839819,2.52327
HK.00288,万洲国际,2023-01-09 00:00:00,2.62327,2.61327,2.62327,2.56327,7.349,0.00111,14222335.0,67563385.0,2.349927739722006,2.55327
HK.00288,万洲国际,2023-01-10 00:00:00,2.62327,2.72327,2.75327,2.60327,7.519,0.00283,36360261.0,176774724.0,4.209285684219384,2.61327
HK.00288,万洲国际,2023-01-11 00:00:00,2.74327,2.66327,2.79327,2.64327,7.426,0.00285,36590169.0,178176810.0,-2.203233612531995,2.72327
HK.00288,万洲国际,2023-01-12 00:00:00,2.77327,2.73327,2.77327,2.70327,7.534,0.00228,29213451.0,143129598.0,2.6283478580842456,2.66327
HK.00288,万洲国际,2023-01-13 00:00:00,2.74327,2.75327,2.77327,2.69327,7.565,0.0012,15436213.0,75454404.0,0.7317242716599537,2.73327
HK.00288,万洲国际,2023-01-16 00:00:00,2.76327,2.73327,2.79327,2.70327,7.534,0.00118,15087720.0,73899039.0,-0.7264089609809432,2.75327
HK.00288,万洲国际,2023-01-17 00:00:00,2.73327,2.57327,2.74327,2.56327,7.288,0.00142,18255073.0,87119706.0,-5.8537941732796295,2.73327
HK.00288,万洲国际,2023-01-18 00:00:00,2.56327,2.55327,2.66327,2.53327,7.257,0.0009,11591334.0,54809736.0,-0.7772212010399226,2.57327
HK.00288,万洲国际,2023-01-19 00:00:00,2.49327,2.53327,2.55327,2.44327,7.226,0.00135,17326367.0,80876688.0,-0.7833092465740019,2.55327
HK.00288,万洲国际,2023-01-20 00:00:00,2.54327,2.60327,2.61327,2.50327,7.334,0.00087,11184819.0,52899643.0,2.763226975411239,2.53327
HK.00288,万洲国际,2023-01-26 00:00:00,2.66327,2.71327,2.74327,2.60327,7.503,0.00286,36683891.0,177711435.0,4.225454908634136,2.60327
HK.00288,万洲国际,2023-01-27 00:00:00,2.72327,2.75327,2.79327,2.68327,7.565,0.00135,17270334.0,84776547.0,1.4742358851127988,2.71327
HK.00288,万洲国际,2023-01-30 00:00:00,2.79327,2.75327,2.79327,2.73327,7.565,0.00151,19332329.0,95129097.0,0.0,2.75327
HK.00288,万洲国际,2023-01-31 00:00:00,2.75327,2.66327,2.81327,2.64327,7.426,0.00185,23751641.0,115073067.0,-3.268840324414253,2.75327
HK.00288,万洲国际,2023-02-01 00:00:00,2.72327,2.73327,2.76327,2.67327,7.534,0.00115,14718529.0,71831933.0,2.6283478580842456,2.66327
HK.00288,万洲国际,2023-02-02 00:00:00,2.77327,2.71327,2.79327,2.69327,7.503,0.00111,14263941.0,69734027.0,-0.7317242716599537,2.73327
HK.00288,万洲国际,2023-02-03 00:00:00,2.71327,2.65327,2.72327,2.56327,7.411,0.0018,23030728.0,110274120.0,-2.211353827669198,2.71327
HK.00288,万洲国际,2023-02-06 00:00:00,2.61327,2.58327,2.61327,2.54327,7.303,0.0008,10297382.0,48746871.0,-2.6382539281716464,2.65327
HK.00288,万洲国际,2023-02-07 00:00:00,2.57327,2.52327,2.59327,2.51327,7.211,0.00088,11324949.0,53137153.0,-2.3226375872440763,2.58327
HK.00288,万洲国际,2023-02-08 00:00:00,2.56327,2.58327,2.62327,2.53327,7.303,0.00134,17147502.0,81357752.0,2.377866815679656,2.52327
HK.00288,万洲国际,2023-02-09 00:00:00,2.54327,2.59327,2.60327,2.53327,7.318,0.00135,17303134.0,81976511.0,0.38710626454067076,2.58327
HK.00288,万洲国际,2023-02-10 00:00:00,2.54327,2.55327,2.65327,2.53327,7.257,0.00158,20259688.0,95870881.0,-1.5424541216302212,2.59327
HK.00288,万洲国际,2023-02-13 00:00:00,2.55327,2.53327,2.56327,2.50327,7.226,0.00074,9538021.0,44763100.0,-0.7833092465740019,2.55327
HK.00288,万洲国际,2023-02-14 00:00:00,2.58327,2.55327,2.62327,2.53327,7.257,0.00093,11899109.0,56051976.0,0.7894934215460657,2.53327
HK.00288,万洲国际,2023-02-15 00:00:00,2.55327,2.51327,2.57327,2.49327,7.195,0.00105,13423814.0,62802416.0,-1.5666184931480038,2.55327
HK.00288,万洲国际,2023-02-16 00:00:00,2.54327,2.46327,2.58327,2.44327,7.118,0.00104,13301899.0,62099235.0,-1.9894400522028999,2.51327
HK.00288,万洲国际,2023-02-17 00:00:00,2.47327,2.52327,2.59327,2.45327,7.211,0.00126,16193535.0,75769055.0,2.4357865763801794,2.46327
HK.00288,万洲国际,2023-02-20 00:00:00,2.52327,2.58327,2.63327,2.50327,7.303,0.00099,12691764.0,59904460.0,2.377866815679656,2.52327
HK.00288,万洲国际,2023-02-21 00:00:00,2.57327,2.56327,2.64327,2.54327,7.272,0.00094,12089240.0,57207797.0,-0.7742125290813587,2.58327
HK.00288,万洲国际,2023-02-22 00:00:00,2.56327,2.54327,2.58327,2.50327,7.241,0.00153,19586632.0,92067216.0,-0.7802533482621814,2.56327
HK.00288,万洲国际,2023-02-23 00:00:00,2.55327,2.57327,2.62327,2.53327,7.288,0.00127,16255800.0,76851389.0,1.1795837642090616,2.54327
HK.00288,万洲国际,2023-02-24 00:00:00,2.54327,2.54327,2.56327,2.47327,7.241,0.0012,15400855.0,72156143.0,-1.1658318015598754,2.57327
HK.00288,万洲国际,2023-02-27 00:00:00,2.52327,2.51327,2.56327,2.49327,7.195,0.00069,8813937.0,41235953.0,-1.1795837642090792,2.54327
HK.00288,万洲国际,2023-02-28 00:00:00,2.55327,2.40327,2.59327,2.40327,7.026,0.00221,28305082.0,130326654.0,-4.37676811484639,2.51327
HK.00288,万洲国际,2023-03-01 00:00:00,2.39327,2.60327,2.63327,2.39327,7.334,0.00105,13464129.0,63166697.0,8.32199461566949,2.40327
HK.00288,万洲国际,2023-03-02 00:00:00,2.57327,2.66327,2.70327,2.57327,7.426,0.00158,20333738.0,97893426.0,2.304793586527698,2.60327
HK.00288,万洲国际,2023-03-03 00:00:00,2.66327,2.59327,2.69327,2.58327,7.318,0.00083,10589594.0,50630409.0,-2.628347858084229,2.66327
HK.00288,万洲国际,2023-03-06 00:00:00,2.56327,2.62327,2.65327,2.56327,7.365,0.00068,8692251.0,41522225.0,1.1568405912226745,2.59327
HK.00288,万洲国际,2023-03-07 00:00:00,2.58327,2.63327,2.74327,2.58327,7.38,0.00104,13380585.0,64448439.0,0.3812036122854219,2.62327
HK.00288,万洲国际,2023-03-08 00:00:00,2.60327,2.45327,2.63327,2.44327,7.103,0.00084,10740459.0,49942458.0,-6.835607438659923,2.63327
HK.00288,万洲国际,2023-03-09 00:00:00,2.45327,2.43327,2.49327,2.41327,7.072,0.00084,10717208.0,49251609.0,-0.815238436861822,2.45327
HK.00288,万洲国际,2023-03-10 00:00:00,2.39327,2.31327,2.41327,2.30327,6.887,0.0012,15418415.0,69262742.0,-4.931635206943729,2.43327
HK.00288,万洲国际,2023-03-13 00:00:00,2.31327,2.43327,2.43327,2.30327,7.072,0.00074,9467780.0,43098772.0,5.187461904576623,2.31327
HK.00288,万洲国际,2023-03-14 00:00:00,2.42327,2.40327,2.52327,2.36327,7.026,0.00092,11833473.0,54309316.0,-1.2329088017359275,2.43327
HK.00288,万洲国际,2023-03-15 00:00:00,2.44327,2.41327,2.49327,2.36327,7.041,0.00138,17760221.0,81193211.0,0.4160997307834653,2.40327
HK.00288,万洲国际,2023-03-16 00:00:00,2.41327,2.29327,2.41327,2.27327,6.856,0.00096,12308085.0,55107071.0,-4.972506184554554,2.41327
HK.00288,万洲国际,2023-03-17 00:00:00,2.36327,2.36327,2.37327,2.27327,6.964,0.0018,23142740.0,104158066.0,3.052409877598357,2.29327
HK.00288,万洲国际,2023-03-20 00:00:00,2.40327,2.26327,2.40327,2.22327,6.81,0.00071,9144082.0,40557584.0,-4.231425101659992,2.36327
HK.00288,万洲国际,2023-03-21 00:00:00,2.26327,2.26327,2.28327,2.22327,6.81,0.00097,12434952.0,54878575.0,0.0,2.26327
HK.00288,万洲国际,2023-03-22 00:00:00,2.26327,2.28327,2.34327,2.25327,6.841,0.00076,9753372.0,43444250.0,0.883677157387321,2.26327
HK.00288,万洲国际,2023-03-23 00:00:00,2.33327,2.33327,2.34327,2.28327,6.918,0.00078,10011819.0,44817319.0,2.189841762034287,2.28327
HK.00288,万洲国际,2023-03-24 00:00:00,2.30327,2.30327,2.36327,2.27327,6.872,0.00067,8600719.0,38450184.0,-1.285749184620736,2.33327
HK.00288,万洲国际,2023-03-27 00:00:00,2.33327,2.32327,2.36327,2.20327,6.902,0.0009,11577912.0,51642085.0,0.8683306776886782,2.30327
HK.00288,万洲国际,2023-03-28 00:00:00,2.33327,2.31327,2.36327,2.27327,6.887,0.00079,10114646.0,45246902.0,-0.43042780219259,2.32327
HK.00288,万洲国际,2023-03-29 00:00:00,2.34327,2.32327,2.42327,2.29327,5.378,0.00143,18349082.0,82388142.0,0.4322884920480439,2.31327
HK.00288,万洲国际,2023-03-30 00:00:00,2.29327,2.39327,2.41327,2.29327,5.462,0.00118,15088641.0,68159467.0,3.012994615348188,2.32327
HK.00288,万洲国际,2023-03-31 00:00:00,2.41327,2.52327,2.59327,2.41327,5.618,0.00215,27581530.0,129034157.0,5.431898615701544,2.39327
HK.00288,万洲国际,2023-04-03 00:00:00,2.53327,2.51327,2.56327,2.48327,5.606,0.00136,17477093.0,81764695.0,-0.3963111359466181,2.52327
HK.00288,万洲国际,2023-04-04 00:00:00,2.54327,2.57327,2.58327,2.51327,5.678,0.00087,11121462.0,52368415.0,2.3873280626434905,2.51327
HK.00288,万洲国际,2023-04-06 00:00:00,2.57327,2.64327,2.65327,2.52327,5.762,0.00116,14850472.0,70849737.0,2.7202742036397205,2.57327
HK.00288,万洲国际,2023-04-11 00:00:00,2.73327,2.54327,2.73327,2.52327,5.642,0.00133,17068521.0,80799473.0,-3.783192787721256,2.64327
HK.00288,万洲国际,2023-04-12 00:00:00,2.58327,2.57327,2.60327,2.52327,5.678,0.00145,18652737.0,88061655.0,1.1795837642090616,2.54327
HK.00288,万洲国际,2023-04-13 00:00:00,2.54327,2.54327,2.58327,2.50327,5.642,0.00202,25962484.0,121949947.0,-1.1658318015598754,2.57327
HK.00288,万洲国际,2023-04-14 00:00:00,2.54327,2.51327,2.56327,2.49327,5.606,0.00128,16405533.0,76751196.0,-1.1795837642090792,2.54327
HK.00288,万洲国际,2023-04-17 00:00:00,2.49327,2.50327,2.53327,2.44327,5.594,0.00161,20644550.0,96114601.0,-0.3978880104405729,2.51327
HK.00288,万洲国际,2023-04-18 00:00:00,2.46327,2.53327,2.55327,2.35327,5.63,0.00214,27425637.0,126628583.0,1.198432450354928,2.50327
HK.00288,万洲国际,2023-04-19 00:00:00,2.54327,2.44327,2.54327,2.43327,5.522,0.00141,18098869.0,83669920.0,-3.5527203969572865,2.53327
HK.00288,万洲国际,2023-04-20 00:00:00,2.49327,2.47327,2.50327,2.43327,5.558,0.00081,10336515.0,47797125.0,1.2278626594686548,2.44327
HK.00288,万洲国际,2023-04-21 00:00:00,2.47327,2.43327,2.51327,2.37327,5.51,0.00217,27792468.0,127848420.0,-1.6172920869941427,2.47327
HK.00288,万洲国际,2023-04-24 00:00:00,2.44327,2.39327,2.46327,2.36327,5.462,0.00098,12528169.0,57186378.0,-1.6438784023145823,2.43327
HK.00288,万洲国际,2023-04-25 00:00:00,2.38327,2.29327,2.44327,2.29327,5.342,0.00163,20948303.0,94041426.0,-4.178383550539624,2.39327
HK.00288,万洲国际,2023-04-26 00:00:00,2.29327,2.27327,2.33327,2.22327,5.318,0.00395,50699403.0,224173101.0,-0.8721171078852474,2.29327
HK.00288,万洲国际,2023-04-27 00:00:00,2.26327,2.19327,2.28327,2.18327,5.222,0.00198,25433952.0,111052369.0,-3.519159624681629,2.27327
HK.00288,万洲国际,2023-04-28 00:00:00,2.19327,2.20327,2.24327,2.14327,5.234,0.00205,26300799.0,114598136.0,0.4559402171187217,2.19327
HK.00288,万洲国际,2023-05-02 00:00:00,2.20327,2.24327,2.27327,2.16327,5.282,0.00133,17004441.0,74538293.0,1.8154833497483303,2.20327
HK.00288,万洲国际,2023-05-03 00:00:00,2.19327,2.18327,2.23327,2.16327,5.21,0.00094,12075667.0,52481022.0,-2.674666892527429,2.24327
HK.00288,万洲国际,2023-05-04 00:00:00,2.18327,2.28327,2.29327,2.18327,5.33,0.00125,16068454.0,71066961.0,4.5802855350002565,2.18327
HK.00288,万洲国际,2023-05-05 00:00:00,2.28327,2.27327,2.32327,2.26327,5.318,0.0011,14082387.0,62527416.0,-0.43796835240684573,2.28327
HK.00288,万洲国际,2023-05-08 00:00:00,2.28327,2.29327,2.32327,2.25327,5.342,0.00138,17763261.0,78913027.0,0.8797899061704072,2.27327
HK.00288,万洲国际,2023-05-09 00:00:00,2.25327,2.21327,2.30327,2.20327,5.246,0.00119,15283248.0,67191333.0,-3.4884684315409897,2.29327
HK.00288,万洲国际,2023-05-10 00:00:00,2.24327,2.16327,2.24327,2.16327,5.186,0.00075,9676967.0,41937235.0,-2.2591007875225464,2.21327
HK.00288,万洲国际,2023-05-11 00:00:00,2.16327,2.10327,2.16327,2.09327,5.114,0.00132,16903124.0,72339518.0,-2.7735788875174907,2.16327
HK.00288,万洲国际,2023-05-12 00:00:00,2.10327,2.05327,2.14327,2.05327,5.054,0.00161,20629002.0,87685308.0,-2.377250662064322,2.10327
HK.00288,万洲国际,2023-05-15 00:00:00,2.063269999,2.14327,2.18327,2.063269999,5.162,0.00101,12933226.0,55333916.0,4.383252080827162,2.05327
HK.00288,万洲国际,2023-05-16 00:00:00,2.14327,2.10327,2.16327,2.09327,5.114,0.00145,18621561.0,79700192.0,-1.8663070915003521,2.14327
HK.00288,万洲国际,2023-05-17 00:00:00,2.09327,2.05327,2.113269999,2.04327,5.054,0.00111,14225547.0,60105061.0,-2.377250662064322,2.10327
HK.00288,万洲国际,2023-05-18 00:00:00,2.113269999,2.063269999,2.113269999,2.04327,5.066,0.00063,8143232.0,34405261.0,0.4870279602780028,2.05327
HK.00288,万洲国际,2023-05-19 00:00:00,2.05327,2.04327,2.08327,2.01327,5.042,0.00111,14295568.0,60093175.0,-0.9693350366017672,2.063269999
HK.00288,万洲国际,2023-05-22 00:00:00,2.063269999,2.16327,2.18327,2.063269999,5.186,0.00112,14406587.0,61858641.0,5.872938965481785,2.04327
HK.00288,万洲国际,2023-05-23 00:00:00,2.19327,2.17327,2.20327,2.14327,5.198,0.00113,14456389.0,62624024.0,0.4622631479195954,2.16327
HK.00288,万洲国际,2023-05-24 00:00:00,2.17327,2.14327,2.19327,2.113269999,5.162,0.00261,33437526.0,143821372.0,-1.380408324782482,2.17327
HK.00288,万洲国际,2023-05-25 00:00:00,2.113269999,2.023269999,2.12327,1.96327,5.018,0.00336,43071928.0,180624432.0,-5.5989213211587785,2.14327
HK.00288,万洲国际,2023-05-29 00:00:00,2.023269999,1.983269999,2.10327,1.97327,4.969,0.00112,14420696.0,60400077.0,-1.9769976335224666,2.023269999
HK.00288,万洲国际,2023-05-30 00:00:00,2.063269999,1.99327,2.063269999,1.943269999,4.981,0.00092,11828017.0,48899701.0,0.5042178324203094,1.983269999
HK.00288,万洲国际,2023-05-31 00:00:00,1.92327,1.93327,1.97327,1.87327,4.909,0.00315,40421771.0,165091895.0,-3.010129084368904,1.99327
HK.00288,万洲国际,2023-06-01 00:00:00,1.95327,1.83327,1.99327,1.79327,4.789,0.00425,54508753.0,218664895.0,-5.172583239795791,1.93327
HK.00288,万洲国际,2023-06-02 00:00:00,1.93327,2.00327,2.063269999,1.903269999,4.993,0.00336,43157730.0,179564290.0,9.27304761437214,1.83327
HK.00288,万洲国际,2023-06-05 00:00:00,2.04327,2.01327,2.08327,1.97327,5.006,0.0015,19244817.0,80205839.0,0.49918383443069514,2.00327
HK.00288,万洲国际,2023-06-06 00:00:00,2.023269999,2.04327,2.10327,2.00327,5.042,0.00102,13028045.0,54886158.0,1.4901130995842709,2.01327
HK.00288,万洲国际,2023-06-07 00:00:00,2.05327,2.063269999,2.09327,2.01327,5.066,0.00177,22738808.0,95699102.0,0.9788231119724723,2.04327
HK.00288,万洲国际,2023-06-08 00:00:00,2.03327,2.12327,2.15327,2.03327,5.138,0.00147,18914011.0,80652524.0,2.908005303672335,2.063269999
HK.00288,万洲国际,2023-06-09 00:00:00,2.13327,2.193269999,2.21327,2.12327,4.921,0.00132,16903248.0,69098040.0,3.296801584348658,2.12327
HK.00288,万洲国际,2023-06-12 00:00:00,2.20327,2.233269999,2.273269999,2.153269999,4.969,0.00083,10612050.0,43764299.0,1.823760869306453,2.193269999
HK.00288,万洲国际,2023-06-13 00:00:00,2.233269999,2.29327,2.30327,2.16327,5.042,0.00126,16166080.0,67321662.0,2.686643398553089,2.233269999
HK.00288,万洲国际,2023-06-14 00:00:00,2.30327,2.24327,2.363269999,2.24327,4.981,0.00077,9942921.0,41648261.0,-2.1802927697131285,2.29327
HK.00288,万洲国际,2023-06-15 00:00:00,2.273269999,2.313269999,2.32327,2.22327,5.066,0.0007,8984020.0,37680410.0,3.120444663370892,2.24327
HK.00288,万洲国际,2023-06-16 00:00:00,2.30327,2.40327,2.42327,2.30327,5.174,0.00192,24644468.0,105815616.0,3.890596473343185,2.313269999
HK.00288,万洲国际,2023-06-19 00:00:00,2.41327,2.35327,2.41327,2.32327,5.114,0.00068,8698114.0,37163713.0,-2.0804986539173633,2.40327
HK.00288,万洲国际,2023-06-20 00:00:00,2.313269999,2.32327,2.363269999,2.26327,5.078,0.0005,6471148.0,27409448.0,-1.2748218436473608,2.35327
HK.00288,万洲国际,2023-06-21 00:00:00,2.24327,2.30327,2.32327,2.22327,5.054,0.00098,12605952.0,52879623.0,-0.8608556043851993,2.32327
HK.00288,万洲国际,2023-06-23 00:00:00,2.29327,2.29327,2.313269999,2.21327,5.042,0.00119,15303499.0,63861959.0,-0.4341653388443295,2.30327
HK.00288,万洲国际,2023-06-26 00:00:00,2.32327,2.273269999,2.33327,2.24327,5.018,0.00125,15993766.0,67059524.0,-0.8721171514911065,2.29327
HK.00288,万洲国际,2023-06-27 00:00:00,2.25327,2.313269999,2.35327,2.24327,5.066,0.00121,15460959.0,65078644.0,1.7595798131148448,2.273269999
HK.00288,万洲国际,2023-06-28 00:00:00,2.313269999,2.33327,2.37327,2.29327,5.09,0.00102,13027832.0,55250200.0,0.8645770276987066,2.313269999
HK.00288,万洲国际,2023-06-29 00:00:00,2.33327,2.21327,2.35327,2.193269999,4.945,0.00165,21217205.0,88166567.0,-5.142996738482906,2.33327
HK.00288,万洲国际,2023-06-30 00:00:00,2.20327,2.24327,2.273269999,2.16327,4.981,0.00115,14691865.0,60825852.0,1.3554604725135118,2.21327
HK.00288,万洲国际,2023-07-03 00:00:00,2.24327,2.26327,2.28327,2.24327,5.006,0.0008,10260584.0,42757560.0,0.8915556308424764,2.24327
HK.00288,万洲国际,2023-07-04 00:00:00,2.273269999,2.273269999,2.29327,2.22327,5.018,0.00069,8830658.0,36851733.0,0.44183853450980876,2.26327
HK.00288,万洲国际,2023-07-05 00:00:00,2.29327,2.21327,2.29327,2.193269999,4.945,0.00077,9820695.0,40568072.0,-2.6393696756827683,2.273269999
HK.00288,万洲国际,2023-07-06 00:00:00,2.20327,2.08327,2.20327,2.05327,4.789,0.00208,26728879.0,107279755.0,-5.873662047558584,2.21327
HK.00288,万洲国际,2023-07-07 00:00:00,2.08327,2.07327,2.17327,2.06327,4.777,0.0012,15408059.0,61701086.0,-0.48001459244362127,2.08327
HK.00288,万洲国际,2023-07-10 00:00:00,2.17327,2.25327,2.28327,2.17327,4.993,0.00184,23595488.0,97228834.0,8.681937229593837,2.07327
HK.00288,万洲国际,2023-07-11 00:00:00,2.273269999,2.18327,2.28327,2.153269999,4.909,0.00113,14557105.0,59523866.0,-3.106596191313082,2.25327
HK.00288,万洲国际,2023-07-12 00:00:00,2.18327,2.14327,2.20327,2.10327,4.861,0.0009,11571440.0,46907739.0,-1.8321142140001028,2.18327
HK.00288,万洲国际,2023-07-13 00:00:00,2.16327,2.24327,2.24327,2.16327,4.981,0.00095,12128597.0,50078337.0,4.665767728750931,2.14327
HK.00288,万洲国际,2023-07-14 00:00:00,2.233269999,2.22327,2.26327,2.20327,4.957,0.00075,9686647.0,40073360.0,-0.8915556308424764,2.24327
HK.00288,万洲国际,2023-07-18 00:00:00,2.21327,2.14327,2.22327,2.12327,4.861,0.00116,14932922.0,60549819.0,-3.5983033999469285,2.22327
HK.00288,万洲国际,2023-07-19 00:00:00,2.08327,2.12327,2.14327,2.06327,4.837,0.00129,16525582.0,66233003.0,-0.9331535457501656,2.14327
HK.00288,万洲国际,2023-07-20 00:00:00,2.13327,2.113269999,2.16327,2.09327,4.825,0.00203,26089185.0,105008945.0,-0.4709717087323003,2.12327
HK.00288,万洲国际,2023-07-21 00:00:00,2.113269999,2.113269999,2.153269999,2.07327,4.825,0.00104,13387749.0,53785554.0,0.0,2.113269999
HK.00288,万洲国际,2023-07-24 00:00:00,2.09327,2.06327,2.113269999,2.03327,4.765,0.00096,12377122.0,49168632.0,-2.3660014585765072,2.113269999
HK.00288,万洲国际,2023-07-25 00:00:00,2.10327,2.18327,2.20327,2.09327,4.909,0.00132,16960868.0,69018818.0,5.8160105075923,2.06327
HK.00288,万洲国际,2023-07-26 00:00:00,2.193269999,2.20327,2.233269999,2.16327,4.933,0.00175,22455195.0,92289670.0,0.9160571070000514,2.18327
HK.00288,万洲国际,2023-07-27 00:00:00,2.22327,2.273269999,2.28327,2.20327,5.018,0.00081,10344986.0,43150525.0,3.1770958166725003,2.20327
HK.00288,万洲国际,2023-07-28 00:00:00,2.233269999,2.29327,2.33327,2.233269999,5.042,0.00101,13010968.0,54583206.0,0.8797899505469213,2.273269999
HK.00288,万洲国际,2023-07-31 00:00:00,2.33327,2.313269999,2.363269999,2.29327,5.066,0.00186,23910945.0,101098997.0,0.8721170642793886,2.29327
HK.00288,万洲国际,2023-08-01 00:00:00,2.33327,2.25327,2.34327,2.233269999,4.993,0.00129,16530569.0,69292187.0,-2.5937309101807084,2.313269999
HK.00288,万洲国际,2023-08-02 00:00:00,2.25327,2.193269999,2.25327,2.153269999,4.921,0.00092,11836163.0,48559224.0,-2.6627967797911536,2.25327
HK.00288,万洲国际,2023-08-03 00:00:00,2.16327,2.16327,2.21327,2.13327,4.885,0.00111,14300321.0,58365636.0,-1.3678206063858245,2.193269999
HK.00288,万洲国际,2023-08-04 00:00:00,2.22327,2.153269999,2.22327,2.14327,4.873,0.00075,9651151.0,39473841.0,-0.46226319414589356,2.16327
HK.00288,万洲国际,2023-08-07 00:00:00,2.153269999,2.20327,2.22327,2.13327,4.933,0.00089,11394485.0,46797948.0,2.3220497672479716,2.153269999
HK.00288,万洲国际,2023-08-08 00:00:00,2.14327,2.13327,2.193269999,2.113269999,4.849,0.0009,11611254.0,47012013.0,-3.177095862059568,2.20327
HK.00288,万洲国际,2023-08-09 00:00:00,2.13327,2.14327,2.16327,2.12327,4.861,0.00093,11962660.0,48431284.0,0.468763916428759,2.13327
HK.00288,万洲国际,2023-08-10 00:00:00,2.13327,2.193269999,2.20327,2.13327,4.921,0.00132,16918825.0,68854192.0,2.332883817717795,2.14327
HK.00288,万洲国际,2023-08-11 00:00:00,2.17327,2.12327,2.21327,2.12327,4.837,0.00072,9227436.0,37363140.0,-3.1915814756922574,2.193269999
HK.00288,万洲国际,2023-08-14 00:00:00,2.10327,2.12327,2.13327,2.06327,4.837,0.00108,13827844.0,55400320.0,0.0,2.12327
HK.00288,万洲国际,2023-08-15 00:00:00,2.08327,2.10327,2.12327,2.07327,4.813,0.00082,10574513.0,42368292.0,-0.9419433232702396,2.12327
HK.00288,万洲国际,2023-08-16 00:00:00,2.09327,2.03327,2.10327,2.03327,4.729,0.00117,15005998.0,59452760.0,-3.3281509268900464,2.10327
HK.00288,万洲国际,2023-08-17 00:00:00,2.02327,2.06327,2.08327,1.99327,4.765,0.00132,16877456.0,66714233.0,1.4754557928853644,2.03327
HK.00288,万洲国际,2023-08-18 00:00:00,2.06327,2.01327,2.08327,2.00327,4.705,0.00095,12142214.0,47729009.0,-2.4233377114968113,2.06327
HK.00288,万洲国际,2023-08-21 00:00:00,2.00327,2.01327,2.03327,1.97327,4.705,0.00109,13971904.0,54711885.0,0.0,2.01327
HK.00288,万洲国际,2023-08-22 00:00:00,1.99327,2.04327,2.08327,1.99327,4.741,0.00098,12552754.0,49533846.0,1.4901130995842709,2.01327
HK.00288,万洲国际,2023-08-23 00:00:00,2.02327,2.01327,2.05327,1.99327,4.705,0.0013,16680362.0,65617461.0,-1.4682347413704624,2.04327
HK.00288,万洲国际,2023-08-24 00:00:00,2.05327,2.06327,2.13327,2.04327,4.765,0.00112,14306080.0,56859357.0,2.4835218326404442,2.01327
HK.00288,万洲国际,2023-08-25 00:00:00,2.07327,2.06327,2.10327,2.05327,4.765,0.001,12828019.0,51067564.0,0.0,2.06327
HK.00288,万洲国际,2023-08-28 00:00:00,2.18327,2.17327,2.19327,2.12327,4.837,0.00121,15542869.0,62470032.0,5.331342965292951,2.06327
HK.00288,万洲国际,2023-08-29 00:00:00,2.23327,2.29327,2.323269999,2.21327,4.981,0.00175,22481472.0,92933295.0,5.5216332991298875,2.17327
HK.00288,万洲国际,2023-08-30 00:00:00,2.283269999,2.29327,2.34327,2.26327,4.981,0.00172,22079668.0,91909908.0,0.0,2.29327
HK.00288,万洲国际,2023-08-31 00:00:00,2.29327,2.18327,2.29327,2.163269999,4.849,0.00322,41300890.0,167787250.0,-4.7966440933688705,2.29327
HK.00288,万洲国际,2023-09-04 00:00:00,2.243269999,2.27327,2.323269999,2.22327,4.957,0.00322,41337635.0,170173164.0,4.12225698150024,2.18327
HK.00288,万洲国际,2023-09-05 00:00:00,2.23327,2.19327,2.29327,2.18327,4.861,0.00098,12602575.0,51395003.0,-3.519159624681629,2.27327
HK.00288,万洲国际,2023-09-06 00:00:00,2.17327,2.203269999,2.23327,2.14327,4.873,0.00077,9893915.0,40112218.0,0.4559401715247164,2.19327
HK.00288,万洲国际,2023-09-07 00:00:00,2.203269999,2.21327,2.243269999,2.19327,4.885,0.00089,11475975.0,46695002.0,0.45387088303015866,2.203269999
HK.00288,万洲国际,2023-09-11 00:00:00,2.19327,2.19327,2.27327,2.163269999,4.861,0.00289,37061185.0,150532303.0,-0.9036403150090145,2.21327
HK.00288,万洲国际,2023-09-12 00:00:00,2.19327,2.203269999,2.27327,2.163269999,4.873,0.00116,14932001.0,60872240.0,0.4559401715247164,2.19327
HK.00288,万洲国际,2023-09-13 00:00:00,2.23327,2.18327,2.25327,2.163269999,4.849,0.00111,14287279.0,57887386.0,-0.9077416298990951,2.203269999
HK.00288,万洲国际,2023-09-14 00:00:00,2.19327,2.21327,2.23327,2.17327,4.885,0.00104,13280467.0,53902414.0,1.374085660500087,2.18327
HK.00288,万洲国际,2023-09-15 00:00:00,2.243269999,2.25327,2.30327,2.19327,4.933,0.0023,29524403.0,121481899.0,1.807280630018029,2.21327
HK.00288,万洲国际,2023-09-18 00:00:00,2.27327,2.21327,2.27327,2.18327,4.885,0.00099,12712771.0,51871917.0,-1.7751978236074697,2.25327
HK.00288,万洲国际,2023-09-19 00:00:00,2.22327,2.26327,2.283269999,2.203269999,4.945,0.00094,12035316.0,49468614.0,2.2591007875225264,2.21327
HK.00288,万洲国际,2023-09-20 00:00:00,2.27327,2.243269999,2.29327,2.22327,4.921,0.00064,8197154.0,33696581.0,-0.8836772015711823,2.26327
HK.00288,万洲国际,2023-09-21 00:00:00,2.243269999,2.22327,2.26327,2.163269999,4.897,0.00108,13909518.0,56374755.0,-0.8915555866621269,2.243269999
HK.00288,万洲国际,2023-09-22 00:00:00,2.21327,2.29327,2.29327,2.18327,4.981,0.0007,9007608.0,37100623.0,3.1485154749535726,2.22327
HK.00288,万洲国际,2023-09-25 00:00:00,2.30327,2.25327,2.323269999,2.243269999,4.933,0.00083,10615204.0,43815802.0,-1.7442342157704949,2.29327
HK.00288,万洲国际,2023-09-26 00:00:00,2.25327,2.203269999,2.30327,2.18327,4.873,0.0015,19220254.0,78425254.0,-2.2189973238892766,2.25327
HK.00288,万洲国际,2023-09-27 00:00:00,2.21327,2.21327,2.22327,2.163269999,4.885,0.00158,20227707.0,82143728.0,0.45387088303015866,2.203269999
HK.00288,万洲国际,2023-09-28 00:00:00,2.19327,2.17327,2.23327,2.13327,4.837,0.00184,23606671.0,95052298.0,-1.807280630018029,2.21327
HK.00288,万洲国际,2023-09-29 00:00:00,2.21327,2.25327,2.29327,2.19327,4.933,0.00148,18936865.0,77650474.0,3.6810888660865917,2.17327
HK.00288,万洲国际,2023-10-03 00:00:00,2.18327,2.18327,2.23327,2.07327,4.849,0.00233,29859286.0,119669925.0,-3.106596191313082,2.25327
HK.00288,万洲国际,2023-10-04 00:00:00,2.15327,2.14327,2.18327,2.12327,4.801,0.00244,31313079.0,125879241.0,-1.8321142140001028,2.18327
HK.00288,万洲国际,2023-10-05 00:00:00,2.18327,2.27327,2.29327,2.18327,4.957,0.00075,9655766.0,39797403.0,6.065498047376222,2.14327
HK.00288,万洲国际,2023-10-06 00:00:00,2.29327,2.33327,2.38327,2.29327,5.03,0.00062,7989560.0,33471533.0,2.639369718511222,2.27327
HK.00288,万洲国际,2023-10-09 00:00:00,2.30327,2.29327,2.39327,2.27327,4.981,0.00048,6167469.0,25679041.0,-1.7143322461609687,2.33327
HK.00288,万洲国际,2023-10-10 00:00:00,2.35327,2.31327,2.39327,2.30327,5.006,0.00076,9763538.0,40901669.0,0.8721171078852474,2.29327
HK.00288,万洲国际,2023-10-11 00:00:00,2.34327,2.45327,2.46327,2.323269999,5.174,0.00211,27113553.0,115962023.0,6.0520388886727305,2.31327
HK.00288,万洲国际,2023-10-12 00:00:00,2.46327,2.51327,2.53327,2.46327,5.246,0.00124,15938659.0,69524093.0,2.4457153105854657,2.45327
HK.00288,万洲国际,2023-10-13 00:00:00,2.51327,2.48327,2.53327,2.40327,5.21,0.00161,20620034.0,89597495.0,-1.1936640313217366,2.51327
HK.00288,万洲国际,2023-10-16 00:00:00,2.48327,2.47327,2.54327,2.45327,5.198,0.00157,20134233.0,87473180.0,-0.40269483382798615,2.48327
HK.00288,万洲国际,2023-10-17 00:00:00,2.52327,2.44327,2.52327,2.42327,5.162,0.00094,12095191.0,52094545.0,-1.2129690652455982,2.47327
HK.00288,万洲国际,2023-10-18 00:00:00,2.44327,2.48327,2.53327,2.44327,5.21,0.00169,21712402.0,94232566.0,1.6371502126248851,2.44327
HK.00288,万洲国际,2023-10-19 00:00:00,2.48327,2.50327,2.54327,2.43327,5.234,0.00233,29863904.0,130161017.0,0.8053896676559544,2.48327
HK.00288,万洲国际,2023-10-20 00:00:00,2.46327,2.49327,2.53327,2.44327,5.222,0.0011,14105509.0,61378078.0,-0.39947748345165446,2.50327
HK.00288,万洲国际,2023-10-24 00:00:00,2.52327,2.58327,2.68327,2.48327,5.33,0.00229,29401905.0,130332570.0,3.609717359130792,2.49327
HK.00288,万洲国际,2023-10-25 00:00:00,2.48327,2.48327,2.56327,2.44327,5.21,0.00195,25067769.0,108988409.0,-3.871062645406794,2.58327
HK.00288,万洲国际,2023-10-26 00:00:00,2.52327,2.64327,2.69327,2.48327,5.402,0.00236,30223363.0,135587329.0,6.443117341247618,2.48327
HK.00288,万洲国际,2023-10-27 00:00:00,2.64327,2.72327,2.73327,2.63327,5.498,0.00213,27347169.0,124572532.0,3.0265542301770183,2.64327
HK.00288,万洲国际,2023-10-30 00:00:00,2.71327,2.80327,2.81327,2.67327,5.594,0.00128,16451637.0,76094296.0,2.9376448167093265,2.72327
HK.00288,万洲国际,2023-10-31 00:00:00,2.79327,2.81327,2.84327,2.75327,5.606,0.00177,22674665.0,105825334.0,0.3567262518416075,2.80327
HK.00288,万洲国际,2023-11-01 00:00:00,2.81327,2.84327,2.87327,2.76327,5.642,0.00131,16841687.0,78961522.0,1.0663747169663702,2.81327
HK.00288,万洲国际,2023-11-02 00:00:00,2.89327,2.87327,2.91327,2.82327,5.678,0.00113,14437967.0,68332824.0,1.0551231504570528,2.84327
HK.00288,万洲国际,2023-11-03 00:00:00,2.89327,2.84327,2.90327,2.80327,5.642,0.0018,23109239.0,108572526.0,-1.0441065406314147,2.87327
HK.00288,万洲国际,2023-11-06 00:00:00,2.82327,2.89327,2.89327,2.82327,5.702,0.00565,72522135.0,342607078.0,1.7585385840950676,2.84327
HK.00288,万洲国际,2023-11-07 00:00:00,2.89327,2.78327,2.89327,2.75327,5.57,0.0046,58980098.0,277118537.0,-3.801926539866652,2.89327
HK.00288,万洲国际,2023-11-08 00:00:00,2.79327,2.80327,2.86327,2.71327,5.594,0.00176,22585641.0,104752165.0,0.7185792251560222,2.78327
HK.00288,万洲国际,2023-11-09 00:00:00,2.80327,2.80327,2.83327,2.74327,5.594,0.00169,21620712.0,100604537.0,0.0,2.80327
HK.00288,万洲国际,2023-11-10 00:00:00,2.77327,2.76327,2.80327,2.72327,5.546,0.00137,17562350.0,81334118.0,-1.4269050073663985,2.80327
HK.00288,万洲国际,2023-11-13 00:00:00,2.67327,2.79327,2.81327,2.67327,5.582,0.00134,17182824.0,79200370.0,1.0856702385217605,2.76327
HK.00288,万洲国际,2023-11-14 00:00:00,2.82327,2.84327,2.88327,2.81327,5.642,0.00149,19175618.0,90139733.0,1.7900167187561469,2.79327
HK.00288,万洲国际,2023-11-15 00:00:00,2.93327,2.88327,2.93327,2.84327,5.69,0.00144,18490341.0,87565380.0,1.4068308672760603,2.84327
HK.00288,万洲国际,2023-11-16 00:00:00,2.88327,2.85327,2.89327,2.80327,5.654,0.00126,16206841.0,76299906.0,-1.0404852823356747,2.88327
HK.00288,万洲国际,2023-11-17 00:00:00,2.83327,2.83327,2.86327,2.82327,5.63,0.00092,11777757.0,55268227.0,-0.7009501379119402,2.85327
HK.00288,万洲国际,2023-11-20 00:00:00,2.86327,2.92327,2.93327,2.83327,5.738,0.00088,11237976.0,53480499.0,3.176541593282668,2.83327
HK.00288,万洲国际,2023-11-21 00:00:00,2.93327,2.98327,3.01327,2.90327,5.81,0.00116,14876003.0,71907475.0,2.0524960061848563,2.92327
HK.00288,万洲国际,2023-11-22 00:00:00,2.95327,2.94327,2.96327,2.90327,5.762,0.0016,20571573.0,99037318.0,-1.3408105870403964,2.98327
HK.00288,万洲国际,2023-11-23 00:00:00,2.94327,2.98327,2.99327,2.86327,5.81,0.00218,27938650.0,134049063.0,1.3590326405664461,2.94327
HK.00288,万洲国际,2023-11-24 00:00:00,2.94327,2.94327,2.99327,2.91327,5.762,0.00076,9720270.0,46741738.0,-1.3408105870403964,2.98327
HK.00288,万洲国际,2023-11-27 00:00:00,2.95327,2.96327,2.98327,2.91327,5.786,0.00079,10181041.0,48974206.0,0.6795163202832231,2.94327
HK.00288,万洲国际,2023-11-28 00:00:00,2.96327,2.94327,2.98327,2.91327,5.762,0.0018,23099402.0,111000925.0,-0.6749300603724945,2.96327
HK.00288,万洲国际,2023-11-29 00:00:00,2.95327,3.05327,3.06327,2.95327,5.894,0.00312,40088851.0,194787537.0,3.737339761557719,2.94327
HK.00288,万洲国际,2023-11-30 00:00:00,3.05327,3.16327,3.19327,3.02327,6.026,0.00502,64352157.0,322052285.0,3.6026948157221566,3.05327
HK.00288,万洲国际,2023-12-01 00:00:00,3.14327,3.10327,3.16327,3.04327,5.954,0.00282,36240990.0,180371371.0,-1.896771378984393,3.16327
HK.00288,万洲国际,2023-12-04 00:00:00,3.24327,3.16327,3.24327,3.07327,6.026,0.00236,30219714.0,151206760.0,1.933444398972684,3.10327
HK.00288,万洲国际,2023-12-05 00:00:00,3.16327,3.02327,3.19327,2.99327,5.858,0.00152,19440443.0,96032036.0,-4.425799884296936,3.16327
HK.00288,万洲国际,2023-12-06 00:00:00,2.90327,3.03327,3.13327,2.90327,5.87,0.00182,23348775.0,114254721.0,0.33076767870550056,3.02327
HK.00288,万洲国际,2023-12-07 00:00:00,3.03327,2.98327,3.05327,2.94327,5.81,0.00132,16872650.0,81777521.0,-1.6483860652035534,3.03327
HK.00288,万洲国际,2023-12-08 00:00:00,2.98327,2.96327,3.04327,2.94327,5.786,0.00113,14446533.0,69874308.0,-0.6704052935201982,2.98327
HK.00288,万洲国际,2023-12-11 00:00:00,2.90327,2.88327,2.94327,2.79327,5.69,0.00134,17231499.0,81305783.0,-2.699720241489978,2.96327
HK.00288,万洲国际,2023-12-12 00:00:00,2.88327,2.92327,2.93327,2.82327,5.738,0.00198,25420440.0,120659317.0,1.3873137097809096,2.88327
HK.00288,万洲国际,2023-12-13 00:00:00,2.92327,2.92327,2.98327,2.90327,5.738,0.00127,16247409.0,77683778.0,0.0,2.92327
HK.00288,万洲国际,2023-12-14 00:00:00,2.95327,3.11327,3.16327,2.92327,5.966,0.00346,44428052.0,218368212.0,6.499570686252038,2.92327
HK.00288,万洲国际,2023-12-15 00:00:00,3.18327,3.18327,3.21327,3.13327,6.05,0.00333,42750058.0,215017207.0,2.2484397434208994,3.11327
HK.00288,万洲国际,2023-12-18 00:00:00,3.13327,3.15327,3.18327,3.10327,6.014,0.00171,21942246.0,109733805.0,-0.9424271268224124,3.18327
HK.00288,万洲国际,2023-12-19 00:00:00,3.15327,3.15327,3.20327,3.11327,6.014,0.00274,35116714.0,176085230.0,0.0,3.15327
HK.00288,万洲国际,2023-12-20 00:00:00,3.14327,3.08327,3.17327,3.08327,5.93,0.00211,27129423.0,134882088.0,-2.219917736191314,3.15327
HK.00288,万洲国际,2023-12-21 00:00:00,3.15327,3.05327,3.15327,3.01327,5.894,0.0026,33356361.0,164106497.0,-0.9729929587742964,3.08327
HK.00288,万洲国际,2023-12-22 00:00:00,3.05327,3.12327,3.19327,3.05327,5.978,0.00379,48651885.0,240530050.0,2.2926239736413843,3.05327
HK.00288,万洲国际,2023-12-27 00:00:00,3.12327,3.10327,3.16327,2.99327,5.954,0.00094,12077467.0,59916377.0,-0.6403545002513397,3.12327
HK.00288,万洲国际,2023-12-28 00:00:00,3.09327,3.11327,3.17327,3.08327,5.966,0.00119,15241725.0,75710883.0,0.3222407331621092,3.10327
HK.00288,万洲国际,2023-12-29 00:00:00,3.11327,3.18327,3.18327,3.11327,6.05,0.00072,9240359.0,46334267.0,2.2484397434208994,3.11327
HK.00288,万洲国际,2024-01-02 00:00:00,3.18327,3.10327,3.21327,3.10327,5.954,0.00107,13716965.0,68431553.0,-2.513139004859771,3.18327
HK.00288,万洲国际,2024-01-03 00:00:00,3.10327,3.10327,3.14327,3.02327,5.954,0.00141,18093009.0,89344122.0,0.0,3.10327
HK.00288,万洲国际,2024-01-04 00:00:00,3.11327,3.17327,3.24327,3.08327,6.038,0.0017,21814241.0,109771345.0,2.2556851321348073,3.10327
HK.00288,万洲国际,2024-01-05 00:00:00,3.14327,3.14327,3.16327,3.08327,6.002,0.00092,11759535.0,58682254.0,-0.9453970194783378,3.17327
HK.00288,万洲国际,2024-01-08 00:00:00,3.14327,3.01327,3.14327,2.97327,5.846,0.00082,10491782.0,51128053.0,-4.135820339964429,3.14327
HK.00288,万洲国际,2024-01-09 00:00:00,3.01327,3.05327,3.09327,3.01327,5.894,0.0008,10300396.0,50549655.0,1.3274615285055782,3.01327
HK.00288,万洲国际,2024-01-10 00:00:00,3.09327,3.08327,3.12327,3.02327,5.93,0.00088,11232055.0,55492711.0,0.9825531315605974,3.05327
HK.00288,万洲国际,2024-01-11 00:00:00,3.27327,3.14327,3.30327,3.13327,6.002,0.00292,37462986.0,190870145.0,1.9459859175485639,3.08327
HK.00288,万洲国际,2024-01-12 00:00:00,3.14327,3.25327,3.25327,3.10327,6.134,0.0011,14132404.0,71859319.0,3.499540287662222,3.14327
HK.00288,万洲国际,2024-01-15 00:00:00,3.24327,3.21327,3.24327,3.16327,6.086,0.00059,7514582.0,37997435.0,-1.2295321322853632,3.25327
HK.00288,万洲国际,2024-01-16 00:00:00,3.21327,3.15327,3.21327,3.11327,6.014,0.00145,18631002.0,93274223.0,-1.867256719790122,3.21327
HK.00288,万洲国际,2024-01-17 00:00:00,3.11327,3.02327,3.14327,2.99327,5.858,0.00171,21900107.0,107679732.0,-4.122704367212446,3.15327
HK.00288,万洲国际,2024-01-18 00:00:00,3.02327,2.90327,3.11327,2.85327,5.714,0.00249,31925499.0,151920173.0,-3.9692121444660944,3.02327
HK.00288,万洲国际,2024-01-19 00:00:00,2.92327,2.91327,2.95327,2.88327,5.726,0.00098,12510761.0,59655032.0,0.34443920131437267,2.90327
HK.00288,万洲国际,2024-01-22 00:00:00,2.94327,2.86327,2.95327,2.82327,5.666,0.00117,15010343.0,71025747.0,-1.7162844501196188,2.91327
HK.00288,万洲国际,2024-01-23 00:00:00,2.89327,2.88327,2.93327,2.82327,5.69,0.00145,18570829.0,87875844.0,0.6985020623273396,2.86327
HK.00288,万洲国际,2024-01-24 00:00:00,2.91327,3.02327,3.04327,2.89327,5.858,0.00107,13762899.0,66347427.0,4.855597984233184,2.88327
HK.00288,万洲国际,2024-01-25 00:00:00,3.02327,2.99327,3.09327,2.95327,5.822,0.00132,16988485.0,82622712.0,-0.992303036116531,3.02327
HK.00288,万洲国际,2024-01-26 00:00:00,2.92327,2.80327,2.94327,2.77327,5.594,0.00158,20257027.0,94931498.0,-6.3475730555546255,2.99327
HK.00288,万洲国际,2024-01-29 00:00:00,2.80327,2.89327,2.92327,2.79327,5.702,0.00184,23587092.0,111402507.0,3.210536266574388,2.80327
HK.00288,万洲国际,2024-01-30 00:00:00,2.87327,2.78327,2.89327,2.76327,5.57,0.00132,16955585.0,79156280.0,-3.801926539866652,2.89327
HK.00288,万洲国际,2024-01-31 00:00:00,2.78327,2.74327,2.84327,2.70327,5.522,0.0027,34698129.0,160108782.0,-1.4371584503120445,2.78327
HK.00288,万洲国际,2024-02-01 00:00:00,2.74327,2.73327,2.81327,2.68327,5.51,0.00222,28517213.0,131183635.0,-0.3645284642051197,2.74327
HK.00288,万洲国际,2024-02-02 00:00:00,2.75327,2.75327,2.84327,2.71327,5.534,0.00131,16850971.0,77840994.0,0.7317242716599537,2.73327
HK.00288,万洲国际,2024-02-05 00:00:00,2.74327,2.70327,2.75327,2.66327,5.474,0.00111,14235946.0,64820948.0,-1.8160224024523663,2.75327
HK.00288,万洲国际,2024-02-06 00:00:00,2.65327,2.78327,2.81327,2.55327,5.57,0.00255,32768337.0,150567167.0,2.9593788263843446,2.70327
HK.00288,万洲国际,2024-02-07 00:00:00,2.83327,2.87327,2.91327,2.81327,5.678,0.00215,27610886.0,130424526.0,3.233606513202108,2.78327
HK.00288,万洲国际,2024-02-08 00:00:00,2.88327,2.80327,2.94327,2.79327,5.594,0.00146,18770353.0,88344324.0,-2.4362485948066235,2.87327
HK.00288,万洲国际,2024-02-09 00:00:00,2.79327,2.76327,2.79327,2.71327,5.546,0.00058,7386586.0,34111990.0,-1.4269050073663985,2.80327
HK.00288,万洲国际,2024-02-14 00:00:00,2.76327,2.73327,2.76327,2.62327,5.51,0.00188,24155930.0,110259546.0,-1.0856702385217445,2.76327
HK.00288,万洲国际,2024-02-15 00:00:00,2.73327,2.73327,2.76327,2.66327,5.51,0.00112,14332572.0,65633088.0,0.0,2.73327
HK.00288,万洲国际,2024-02-16 00:00:00,2.77327,2.88327,2.89327,2.75327,5.69,0.00105,13466371.0,63314589.0,5.487932037449645,2.73327
HK.00288,万洲国际,2024-02-19 00:00:00,2.88327,2.84327,2.93327,2.84327,5.642,0.00065,8339920.0,39415401.0,-1.3873137097809096,2.88327
HK.00288,万洲国际,2024-02-20 00:00:00,2.84327,2.89327,2.89327,2.78327,5.702,0.00135,17313316.0,81842109.0,1.7585385840950676,2.84327
HK.00288,万洲国际,2024-02-21 00:00:00,2.90327,2.96327,3.03327,2.86327,5.786,0.00207,26494800.0,127832678.0,2.419407798096973,2.89327
HK.00288,万洲国际,2024-02-22 00:00:00,2.96327,3.02327,3.03327,2.92327,5.858,0.00152,19443102.0,94105320.0,2.0247901811174835,2.96327
HK.00288,万洲国际,2024-02-23 00:00:00,3.00327,2.98327,3.04327,2.95327,5.81,0.00143,18381967.0,89186436.0,-1.3230707148220315,3.02327
HK.00288,万洲国际,2024-02-26 00:00:00,2.97327,2.97327,3.00327,2.94327,5.798,0.00059,7521187.0,36390583.0,-0.3352026467601066,2.98327
HK.00288,万洲国际,2024-02-27 00:00:00,2.97327,2.94327,2.97327,2.90327,5.762,0.00128,16405395.0,78799847.0,-1.0089901018070948,2.97327
HK.00288,万洲国际,2024-02-28 00:00:00,2.97327,2.91327,2.99327,2.90327,5.726,0.00113,14515293.0,69616880.0,-1.019274480424842,2.94327
HK.00288,万洲国际,2024-02-29 00:00:00,2.91327,2.86327,2.97327,2.84327,5.666,0.00384,49260141.0,233621049.0,-1.7162844501196188,2.91327
HK.00288,万洲国际,2024-03-01 00:00:00,2.85327,2.89327,2.96327,2.79327,5.702,0.00121,15564645.0,74153460.0,1.0477530934910018,2.86327
HK.00288,万洲国际,2024-03-04 00:00:00,2.91327,2.99327,3.00327,2.90327,5.822,0.0016,20476213.0,98941412.0,3.456296854424236,2.89327
HK.00288,万洲国际,2024-03-05 00:00:00,2.90327,2.88327,2.94327,2.80327,5.69,0.00131,16848255.0,79901688.0,-3.6749107163737276,2.99327
HK.00288,万洲国际,2024-03-06 00:00:00,2.86327,2.88327,2.89327,2.82327,5.69,0.00135,17373659.0,82205845.0,0.0,2.88327
HK.00288,万洲国际,2024-03-07 00:00:00,2.93327,2.97327,3.03327,2.91327,5.798,0.00141,18152841.0,87704057.0,3.1214558470070393,2.88327
HK.00288,万洲国际,2024-03-08 00:00:00,3.01327,3.16327,3.32327,3.01327,6.026,0.00244,31328383.0,157240152.0,6.390270644778306,2.97327
HK.00288,万洲国际,2024-03-11 00:00:00,3.16327,3.27327,3.36327,3.16327,6.158,0.00194,24908865.0,127803667.0,3.4774141948047537,3.16327
HK.00288,万洲国际,2024-03-12 00:00:00,3.31327,3.35327,3.38327,3.24327,6.254,0.00185,23714808.0,122590773.0,2.44403914128685,3.27327
HK.00288,万洲国际,2024-03-13 00:00:00,3.32327,3.47327,3.49327,3.32327,6.398,0.00164,21020595.0,111363295.0,3.578596414842815,3.35327
HK.00288,万洲国际,2024-03-14 00:00:00,3.51327,3.55327,3.67327,3.51327,6.494,0.00287,36858449.0,200630796.0,2.303304954696873,3.47327
HK.00288,万洲国际,2024-03-15 00:00:00,3.49327,3.49327,3.65327,3.35327,6.422,0.00949,121703320.0,655474612.0,-1.688585443830614,3.55327
HK.00288,万洲国际,2024-03-18 00:00:00,3.46327,3.34327,3.48327,3.30327,6.242,0.00169,21631881.0,113019953.0,-4.293970978481478,3.49327
HK.00288,万洲国际,2024-03-19 00:00:00,3.34327,3.31327,3.36327,3.27327,6.206,0.00137,17534724.0,90736856.0,-0.8973250739545358,3.34327
HK.00288,万洲国际,2024-03-20 00:00:00,3.28327,3.33327,3.39327,3.27327,6.23,0.00118,15105958.0,78565279.0,0.6036332686439686,3.31327
HK.00288,万洲国际,2024-03-21 00:00:00,3.35327,3.38327,3.43327,3.29327,6.29,0.00115,14762206.0,76930289.0,1.5000285005415048,3.33327
HK.00288,万洲国际,2024-03-22 00:00:00,3.38327,3.30327,3.41327,3.23327,6.194,0.00097,12470572.0,64319784.0,-2.364576282708742,3.38327
HK.00288,万洲国际,2024-03-25 00:00:00,3.27327,3.26327,3.33327,3.23327,6.146,0.00097,12452789.0,63917244.0,-1.210921299197463,3.30327
HK.00288,万洲国际,2024-03-26 00:00:00,3.32327,3.29327,3.35327,3.20327,6.182,0.00181,23269912.0,119612029.0,0.91932325550752,3.26327
HK.00288,万洲国际,2024-03-27 00:00:00,3.14327,3.41327,3.54327,3.12327,13.759,0.00315,40473545.0,212473126.0,3.6437947693325987,3.29327
HK.00288,万洲国际,2024-03-28 00:00:00,3.15327,3.30327,3.49327,3.14327,13.472,0.0029,37144662.0,193002281.0,-3.2227160464891402,3.41327
HK.00288,万洲国际,2024-04-02 00:00:00,3.44327,3.51327,3.54327,3.39327,14.02,0.00375,48085356.0,256252560.0,6.357336820786674,3.30327
HK.00288,万洲国际,2024-04-03 00:00:00,3.48327,3.41327,3.48327,3.36327,13.759,0.00234,30014422.0,158228047.0,-2.846351120181486,3.51327
HK.00288,万洲国际,2024-04-05 00:00:00,3.42327,3.29327,3.42327,3.18327,13.446,0.00219,28049294.0,144508546.0,-3.515690232533602,3.41327
HK.00288,万洲国际,2024-04-08 00:00:00,3.28327,3.44327,3.50327,3.28327,13.838,0.00238,30512783.0,161632398.0,4.554743461665757,3.29327
HK.00288,万洲国际,2024-04-09 00:00:00,3.49327,3.58327,3.60327,3.43327,14.203,0.00319,40922308.0,220802808.0,4.065902470616598,3.44327
HK.00288,万洲国际,2024-04-10 00:00:00,3.58327,3.64327,3.69327,3.55327,14.36,0.00438,56144771.0,306648985.0,1.6744481995495626,3.58327
HK.00288,万洲国际,2024-04-11 00:00:00,3.60327,3.77327,3.78327,3.58327,14.699,0.0043,55134278.0,306622399.0,3.5682230523678,3.64327
HK.00288,万洲国际,2024-04-12 00:00:00,3.77327,3.66327,3.77327,3.63327,14.412,0.00283,36368551.0,201968088.0,-2.9152432770514785,3.77327
HK.00288,万洲国际,2024-04-15 00:00:00,3.60327,3.55327,3.68327,3.54327,14.125,0.00081,10391359.0,56635231.0,-3.002781667744935,3.66327
HK.00288,万洲国际,2024-04-16 00:00:00,3.48327,3.50327,3.53327,3.42327,13.994,0.00119,15307326.0,81969301.0,-1.4071545365255054,3.55327
HK.00288,万洲国际,2024-04-17 00:00:00,3.49327,3.56327,3.59327,3.49327,14.151,0.00129,16549862.0,89483224.0,1.712685576618418,3.50327
HK.00288,万洲国际,2024-04-18 00:00:00,3.52327,3.55327,3.59327,3.47327,14.125,0.00146,18726761.0,101091634.0,-0.2806410965208988,3.56327
HK.00288,万洲国际,2024-04-19 00:00:00,3.52327,3.53327,3.59327,3.48327,14.073,0.00138,17657260.0,95123095.0,-0.5628618146102047,3.55327
HK.00288,万洲国际,2024-04-22 00:00:00,3.62327,3.62327,3.72327,3.58327,14.308,0.00179,22965749.0,126310192.0,2.547215468956528,3.53327
HK.00288,万洲国际,2024-04-23 00:00:00,3.70327,3.94327,3.96327,3.67327,15.143,0.0036,46193671.0,264972497.0,8.831801107839047,3.62327
HK.00288,万洲国际,2024-04-24 00:00:00,3.93327,3.97327,4.06327,3.90327,15.221,0.00438,56221903.0,327550697.0,0.7607899027964051,3.94327
HK.00288,万洲国际,2024-04-25 00:00:00,3.96327,3.94327,3.98327,3.86327,15.143,0.00142,18272304.0,105844925.0,-0.7550455921696689,3.97327
HK.00288,万洲国际,2024-04-26 00:00:00,3.96327,3.97327,4.03327,3.94327,15.221,0.00208,26748580.0,156269057.0,0.7607899027964051,3.94327
HK.00288,万洲国际,2024-04-29 00:00:00,3.98327,3.97327,4.06327,3.95327,15.221,0.00193,24709761.0,144811904.0,0.0,3.97327
HK.00288,万洲国际,2024-04-30 00:00:00,3.98327,3.86327,4.04327,3.86327,14.934,0.00303,38853554.0,224034296.0,-2.7685005046221347,3.97327
HK.00288,万洲国际,2024-05-02 00:00:00,3.81327,3.85327,3.92327,3.80327,14.908,0.00144,18517136.0,105835606.0,-0.2588480742997457,3.86327
HK.00288,万洲国际,2024-05-03 00:00:00,3.92327,3.80327,3.95327,3.80327,14.778,0.00197,25214679.0,143854469.0,-1.2975991819934827,3.85327
HK.00288,万洲国际,2024-05-06 00:00:00,3.79327,4.01327,4.02327,3.74327,15.326,0.00173,22136813.0,128520185.0,5.521564338056473,3.80327
HK.00288,万洲国际,2024-05-07 00:00:00,3.94327,3.89327,3.97327,3.87327,15.013,0.00137,17633493.0,101738715.0,-2.9900804082456585,4.01327
HK.00288,万洲国际,2024-05-08 00:00:00,3.87327,3.83327,3.94327,3.82327,14.856,0.00185,23681934.0,135377721.0,-1.5411209600156068,3.89327
HK.00288,万洲国际,2024-05-09 00:00:00,3.85327,3.83327,3.88327,3.75327,14.856,0.00142,18250562.0,103642593.0,0.0,3.83327
HK.00288,万洲国际,2024-05-10 00:00:00,3.78327,3.88327,3.92327,3.78327,14.986,0.00172,22108602.0,126976285.0,1.3043693765375206,3.83327
HK.00288,万洲国际,2024-05-13 00:00:00,3.90327,3.97327,3.97327,3.82327,15.221,0.00324,41612641.0,240301881.0,2.3176343648522986,3.88327
HK.00288,万洲国际,2024-05-14 00:00:00,4.07327,4.08327,4.12327,3.95327,14.856,0.00233,29909052.0,170238082.0,2.7685005046221347,3.97327
HK.00288,万洲国际,2024-05-16 00:00:00,4.14327,3.94327,4.14327,3.93327,14.49,0.00373,47843545.0,268598460.0,-3.4286246072387985,4.08327
HK.00288,万洲国际,2024-05-17 00:00:00,3.98327,4.02327,4.06327,3.89327,14.699,0.00211,27101043.0,151570956.0,2.028773074123762,3.94327
HK.00288,万洲国际,2024-05-20 00:00:00,4.02327,4.01327,4.07327,3.98327,14.673,0.00103,13192200.0,74293922.0,-0.24855403689038486,4.02327
HK.00288,万洲国际,2024-05-21 00:00:00,4.00327,3.99327,4.10327,3.98327,14.621,0.0017,21840689.0,122774024.0,-0.498346734707619,4.01327
HK.00288,万洲国际,2024-05-22 00:00:00,4.04327,4.01327,4.04327,3.91327,14.673,0.00082,10468915.0,58810524.0,0.5008426677885658,3.99327
HK.00288,万洲国际,2024-05-23 00:00:00,4.02327,4.02327,4.06327,3.98327,14.699,0.00133,17093470.0,96278583.0,0.24917336735379844,4.01327
HK.00288,万洲国际,2024-05-24 00:00:00,4.03327,4.02327,4.08327,3.99327,14.699,0.00123,15723606.0,88592178.0,0.0,4.02327
HK.00288,万洲国际,2024-05-27 00:00:00,4.01327,4.05327,4.08327,4.01327,14.778,0.00053,6756804.0,38259683.0,0.7456621106711766,4.02327
HK.00288,万洲国际,2024-05-28 00:00:00,4.03327,4.06327,4.09327,3.98327,14.804,0.00094,12023599.0,68152550.0,0.2467143812279909,4.05327
HK.00288,万洲国际,2024-05-29 00:00:00,4.05327,3.87327,4.07327,3.85327,14.308,0.0015,19205279.0,106238780.0,-4.676036788104161,4.06327
HK.00288,万洲国际,2024-05-30 00:00:00,3.86327,3.78327,3.94327,3.75327,14.073,0.00205,26305984.0,142814008.0,-2.3236180281777488,3.87327
HK.00288,万洲国际,2024-05-31 00:00:00,3.78327,3.71327,3.84327,3.66327,13.89,0.00388,49778807.0,265425051.0,-1.850251237685913,3.78327
HK.00288,万洲国际,2024-06-03 00:00:00,3.72327,3.71327,3.82327,3.67327,13.89,0.00177,22741113.0,121211684.0,0.0,3.71327
HK.00288,万洲国际,2024-06-04 00:00:00,3.66327,3.76327,3.84327,3.63327,14.02,0.00107,13697351.0,73545360.0,1.34652206815017,3.71327
HK.00288,万洲国际,2024-06-05 00:00:00,3.79327,3.84327,3.91327,3.77327,14.229,0.00165,21229058.0,115571446.0,2.1258107975244953,3.76327
HK.00288,万洲国际,2024-06-06 00:00:00,3.86327,3.76327,3.89327,3.73327,14.02,0.00102,13074832.0,70470414.0,-2.081560754253541,3.84327
HK.00288,万洲国际,2024-06-07 00:00:00,3.77327,3.71327,3.78327,3.68327,13.89,0.00183,23443383.0,124922545.0,-1.3286317484528036,3.76327
HK.00288,万洲国际,2024-06-11 00:00:00,3.71327,3.55327,3.71327,3.52327,13.472,0.00198,25382853.0,131663731.0,-4.308870618080563,3.71327
HK.00288,万洲国际,2024-06-12 00:00:00,3.55327,3.46327,3.61327,3.43327,13.237,0.00207,26590294.0,135147140.0,-2.5328781657459145,3.55327
HK.00288,万洲国际,2024-06-13 00:00:00,3.47327,3.56327,3.57327,3.44327,13.498,0.00154,19754289.0,101202518.0,2.8874445249720666,3.46327
HK.00288,万洲国际,2024-06-14 00:00:00,3.55327,3.56327,3.61327,3.49327,13.498,0.0013,16715834.0,86202186.0,0.0,3.56327
HK.00288,万洲国际,2024-06-17 00:00:00,3.56327,3.62327,3.66327,3.55327,13.655,0.00116,14841686.0,77502281.0,1.6838465791253552,3.56327
HK.00288,万洲国际,2024-06-18 00:00:00,3.68327,3.67327,3.75327,3.63327,13.785,0.0013,16713870.0,88285226.0,1.3799689230998466,3.62327
HK.00288,万洲国际,2024-06-19 00:00:00,3.67327,3.66327,3.69327,3.60327,13.759,0.00079,10087722.0,53023134.0,-0.27223699864154366,3.67327
HK.00288,万洲国际,2024-06-20 00:00:00,3.68327,3.59327,3.68327,3.57327,13.577,0.00088,11246501.0,58496171.0,-1.910861061292229,3.66327
HK.00288,万洲国际,2024-06-21 00:00:00,3.53327,3.46327,3.55327,3.43327,13.237,0.00198,25382493.0,128879319.0,-3.6178745265454557,3.59327
HK.00288,万洲国际,2024-06-24 00:00:00,3.47327,3.61327,3.62327,3.44327,13.629,0.00156,20030445.0,103607363.0,4.331166787458093,3.46327
HK.00288,万洲国际,2024-06-25 00:00:00,3.66327,3.57327,3.66327,3.52327,13.524,0.00108,13832523.0,71766100.0,-1.1070304737813679,3.61327
HK.00288,万洲国际,2024-06-26 00:00:00,3.56327,3.54327,3.58327,3.49327,13.446,0.00202,25872146.0,133140781.0,-0.8395671191933385,3.57327
HK.00288,万洲国际,2024-06-27 00:00:00,3.49327,3.47327,3.55327,3.42327,13.263,0.00146,18752383.0,95155739.0,-1.9755762332534714,3.54327
HK.00288,万洲国际,2024-06-28 00:00:00,3.47327,3.53327,3.58327,3.46327,13.42,0.00149,19145596.0,98417410.0,1.7274787160226548,3.47327
HK.00288,万洲国际,2024-07-02 00:00:00,3.49327,3.52327,3.64327,3.49327,13.394,0.00127,16312404.0,84072397.0,-0.28302394099516276,3.53327
HK.00288,万洲国际,2024-07-03 00:00:00,3.58327,3.61327,3.62327,3.48327,13.629,0.00162,20781748.0,107467144.0,2.5544451603198124,3.52327
HK.00288,万洲国际,2024-07-04 00:00:00,3.61327,3.63327,3.66327,3.53327,13.681,0.00112,14427317.0,75051507.0,0.5535152368906839,3.61327
HK.00288,万洲国际,2024-07-05 00:00:00,3.66327,3.48327,3.67327,3.45327,13.289,0.00142,18222975.0,93205896.0,-4.128512331866333,3.63327
HK.00288,万洲国际,2024-07-08 00:00:00,3.48327,3.45327,3.53327,3.36327,13.211,0.00135,17325628.0,87334927.0,-0.8612596784056433,3.48327
HK.00288,万洲国际,2024-07-09 00:00:00,3.44327,3.40327,3.49327,3.35327,13.08,0.00112,14367365.0,72283191.0,-1.4479030020820796,3.45327
HK.00288,万洲国际,2024-07-10 00:00:00,3.40327,3.31327,3.44327,3.28327,12.845,0.00224,28743239.0,142051620.0,-2.6445154219324314,3.40327
HK.00288,万洲国际,2024-07-11 00:00:00,3.32327,3.37327,3.39327,3.29327,13.002,0.00097,12453487.0,61834287.0,1.8108998059319057,3.31327
HK.00288,万洲国际,2024-07-12 00:00:00,3.44327,3.63327,3.67327,3.38327,13.681,0.00265,33984421.0,174000027.0,7.707654590352975,3.37327
HK.00288,万洲国际,2024-07-15 00:00:00,3.81327,3.62327,3.99327,3.57327,13.655,0.00371,47590577.0,252057977.0,-0.2752341554577498,3.63327
HK.00288,万洲国际,2024-07-16 00:00:00,3.59327,3.78327,3.83327,3.56327,14.073,0.00241,30919395.0,164871286.0,4.415900553919517,3.62327
HK.00288,万洲国际,2024-07-17 00:00:00,3.79327,3.74327,3.86327,3.73327,13.968,0.00181,23189770.0,124753327.0,-1.0572864215348108,3.78327
HK.00288,万洲国际,2024-07-18 00:00:00,3.69327,3.78327,3.92327,3.69327,14.073,0.00177,22685752.0,123185865.0,1.0685844195048724,3.74327
HK.00288,万洲国际,2024-07-19 00:00:00,3.69327,3.62327,3.77327,3.59327,13.655,0.00121,15536981.0,82090984.0,-4.229145686139232,3.78327
HK.00288,万洲国际,2024-07-22 00:00:00,3.63327,3.63327,3.73327,3.60327,13.681,0.0007,8938551.0,46862799.0,0.2759937846199645,3.62327
HK.00288,万洲国际,2024-07-23 00:00:00,3.64327,3.69327,3.83327,3.64327,13.838,0.00102,13060439.0,69302912.0,1.6514049327465357,3.63327
HK.00288,万洲国际,2024-07-24 00:00:00,3.71327,3.62327,3.72327,3.60327,13.655,0.00123,15793296.0,83046340.0,-1.8953393605124953,3.69327
HK.00288,万洲国际,2024-07-25 00:00:00,3.59327,3.52327,3.63327,3.51327,13.394,0.00141,18076620.0,93201375.0,-2.7599378461997057,3.62327
HK.00288,万洲国际,2024-07-26 00:00:00,3.53327,3.36327,3.57327,3.33327,12.976,0.00179,23000447.0,115503540.0,-4.541235840568566,3.52327
HK.00288,万洲国际,2024-07-29 00:00:00,3.47327,3.45327,3.49327,3.36327,13.211,0.00107,13756935.0,69520430.0,2.6759671391235273,3.36327
HK.00288,万洲国际,2024-07-30 00:00:00,3.40327,3.35327,3.45327,3.32327,12.95,0.00144,18503009.0,92047939.0,-2.895806004164159,3.45327
HK.00288,万洲国际,2024-07-31 00:00:00,3.35327,3.47327,3.47327,3.34327,13.263,0.00224,28753677.0,145349290.0,3.578596414842815,3.35327
HK.00288,万洲国际,2024-08-01 00:00:00,3.48327,3.41327,3.52327,3.36327,13.107,0.00147,18842564.0,95158523.0,-1.7274787160226548,3.47327
HK.00288,万洲国际,2024-08-02 00:00:00,3.32327,3.38327,3.44327,3.23327,13.028,0.00113,14514058.0,72416737.0,-0.8789225581333971,3.41327
HK.00288,万洲国际,2024-08-05 00:00:00,3.36327,3.53327,3.55327,3.30327,13.42,0.00343,43947243.0,223654362.0,4.433580530078886,3.38327
HK.00288,万洲国际,2024-08-06 00:00:00,3.55327,3.60327,3.71327,3.54327,13.603,0.00216,27726493.0,145205643.0,1.9811675869661896,3.53327
HK.00288,万洲国际,2024-08-07 00:00:00,3.62327,3.67327,3.69327,3.58327,13.785,0.00144,18421635.0,97025793.0,1.9426798435865156,3.60327
HK.00288,万洲国际,2024-08-08 00:00:00,3.63327,3.61327,3.65327,3.55327,13.629,0.00129,16582380.0,86699482.0,-1.6334219918492259,3.67327
HK.00288,万洲国际,2024-08-09 00:00:00,3.61327,3.65327,3.71327,3.60327,13.733,0.00072,9282457.0,48772203.0,1.1070304737813679,3.61327
HK.00288,万洲国际,2024-08-12 00:00:00,3.66327,3.65327,3.71327,3.62327,13.733,0.00125,16023465.0,84437158.0,0.0,3.65327
HK.00288,万洲国际,2024-08-13 00:00:00,3.62327,3.64327,3.66327,3.34327,13.707,0.00171,21898519.0,113489413.0,-0.2737273730110348,3.65327
HK.00288,万洲国际,2024-08-14 00:00:00,3.81327,4.08327,4.10327,3.81327,14.856,0.00581,74569870.0,418552280.0,12.07706263878329,3.64327
HK.00288,万洲国际,2024-08-15 00:00:00,4.11327,4.02327,4.13327,3.94327,14.699,0.00364,46711653.0,262042768.0,-1.4694105459594788,4.08327
HK.00288,万洲国际,2024-08-16 00:00:00,3.98327,4.02327,4.12327,3.95327,14.699,0.00267,34281913.0,193786095.0,0.0,4.02327
HK.00288,万洲国际,2024-08-19 00:00:00,4.04327,3.95327,4.06327,3.92327,14.516,0.00202,25921893.0,144686787.0,-1.7398782582327383,4.02327
HK.00288,万洲国际,2024-08-20 00:00:00,4.01327,3.96327,4.04327,3.90327,14.543,0.00228,29303126.0,162724415.0,0.2529551485226213,3.95327
HK.00288,万洲国际,2024-08-21 00:00:00,3.82327,3.93327,3.96327,3.82327,14.464,0.00094,12043742.0,66612711.0,-0.7569506998009282,3.96327
HK.00288,万洲国际,2024-08-22 00:00:00,3.94327,3.89327,3.99327,3.85327,14.36,0.00146,18708246.0,103032003.0,-1.0169655274110356,3.93327
HK.00288,万洲国际,2024-08-23 00:00:00,3.86327,3.96327,4.00327,3.84327,14.543,0.00259,33288890.0,185649652.0,1.7979744533515603,3.89327
HK.00288,万洲国际,2024-08-26 00:00:00,4.05327,3.96327,4.08327,3.94327,14.281,0.00074,9465694.0,51921240.0,0.0,3.96327
HK.00288,万洲国际,2024-08-27 00:00:00,3.90327,4.04327,4.07327,3.90327,14.49,0.0019,24330757.0,134610815.0,2.018535199469116,3.96327
HK.00288,万洲国际,2024-08-28 00:00:00,3.98327,3.94327,4.08327,3.91327,14.229,0.00106,13572956.0,74123327.0,-2.473245665018652,4.04327
HK.00288,万洲国际,2024-08-29 00:00:00,3.93327,4.06327,4.07327,3.88327,14.543,0.00104,13383104.0,74198877.0,3.0431596111856427,3.94327
HK.00288,万洲国际,2024-08-30 00:00:00,4.09327,4.17327,4.23327,4.06327,14.83,0.00321,41198289.0,234098720.0,2.707179193112922,4.06327
HK.00288,万洲国际,2024-09-02 00:00:00,4.17327,4.15327,4.17327,4.03327,14.778,0.00076,9722617.0,54809326.0,-0.47924049965613474,4.17327
HK.00288,万洲国际,2024-09-03 00:00:00,4.23327,4.09327,4.23327,4.06327,14.621,0.00074,9524045.0,53341497.0,-1.4446448220317871,4.15327
HK.00288,万洲国际,2024-09-04 00:00:00,4.06327,4.14327,4.16327,4.06327,14.751,0.00144,18412868.0,103518527.0,1.2215172710326907,4.09327
HK.00288,万洲国际,2024-09-05 00:00:00,4.17327,4.20327,4.24327,4.15327,14.908,0.0012,15388362.0,87732186.0,1.4481315482698354,4.14327
HK.00288,万洲国际,2024-09-09 00:00:00,4.17327,4.20327,4.27327,4.15327,14.908,0.00319,40974480.0,234261213.0,0.0,4.20327
HK.00288,万洲国际,2024-09-10 00:00:00,4.20327,4.23327,4.27327,4.14327,14.986,0.00168,21585486.0,123794985.0,0.7137300244809458,4.20327
HK.00288,万洲国际,2024-09-11 00:00:00,4.23327,4.24327,4.25327,4.15327,15.013,0.00174,22291730.0,127790625.0,0.23622400650087963,4.23327
HK.00288,万洲国际,2024-09-12 00:00:00,4.24327,4.25327,4.33327,4.23327,15.039,0.00131,16764293.0,96723871.0,0.23566730375393943,4.24327
HK.00288,万洲国际,2024-09-13 00:00:00,4.27327,4.35327,4.38327,4.27327,15.3,0.00166,21339619.0,124855015.0,2.351132187705002,4.25327
HK.00288,万洲国际,2024-09-16 00:00:00,4.32327,4.37327,4.37327,4.21327,15.352,0.00076,9743569.0,56922993.0,0.45942475426517476,4.35327
HK.00288,万洲国际,2024-09-17 00:00:00,4.34327,4.41327,4.44327,4.34327,15.456,0.00225,28905844.0,171150662.0,0.9146473919972935,4.37327
HK.00288,万洲国际,2024-09-19 00:00:00,4.40327,4.46327,4.50327,4.39327,15.587,0.00335,43011058.0,256458041.0,1.1329467718947588,4.41327
HK.00288,万洲国际,2024-09-20 00:00:00,4.45327,4.50327,4.50327,4.44327,15.691,0.00395,50734559.0,302569886.0,0.89620390431231,4.46327
HK.00288,万洲国际,2024-09-23 00:00:00,4.51327,4.55327,4.55327,4.48327,15.822,0.00207,26539408.0,160248442.0,1.1103042899937317,4.50327
HK.00288,万洲国际,2024-09-24 00:00:00,4.61327,4.62327,4.65327,4.57327,16.005,0.00346,44443963.0,272353705.0,1.5373566689434053,4.55327
HK.00288,万洲国际,2024-09-25 00:00:00,4.65327,4.61327,4.73327,4.59327,15.979,0.00347,44513049.0,274259988.0,-0.21629712303196194,4.62327
HK.00288,万洲国际,2024-09-26 00:00:00,4.69327,4.81327,4.81327,4.67327,16.501,0.00404,51866566.0,325572692.0,4.335319632278193,4.61327
HK.00288,万洲国际,2024-09-27 00:00:00,4.79327,4.64327,4.81327,4.49327,16.057,0.00469,60233670.0,368872372.0,-3.531902428079038,4.81327
HK.00288,万洲国际,2024-09-30 00:00:00,4.58327,4.65327,4.69327,4.44327,16.083,0.00456,58552962.0,358326424.0,0.21536546442485113,4.64327
HK.00288,万洲国际,2024-10-02 00:00:00,4.50327,4.86327,4.87327,4.50327,16.631,0.0043,55162752.0,347808598.0,4.512955405553513,4.65327
HK.00288,万洲国际,2024-10-03 00:00:00,4.86327,4.74327,4.89327,4.66327,16.318,0.00301,38644509.0,242259780.0,-2.467475587413409,4.86327
HK.00288,万洲国际,2024-10-04 00:00:00,4.75327,4.85327,4.89327,4.72327,16.605,0.00285,36528514.0,230963034.0,2.3190752371254497,4.74327
HK.00288,万洲国际,2024-10-07 00:00:00,4.87327,4.93327,4.93327,4.82327,16.814,0.00203,26079301.0,166721072.0,1.6483731587156714,4.85327
HK.00288,万洲国际,2024-10-08 00:00:00,4.93327,4.62327,4.93327,4.47327,16.005,0.00379,48585236.0,299705251.0,-6.283864455016662,4.93327
HK.00288,万洲国际,2024-10-09 00:00:00,4.65327,4.67327,4.74327,4.48327,16.135,0.00363,46555727.0,285620083.0,1.0814856151598289,4.62327
HK.00288,万洲国际,2024-10-10 00:00:00,4.69327,4.69327,4.86327,4.60327,16.187,0.00359,46079430.0,285552443.0,0.42796585688394767,4.67327
HK.00288,万洲国际,2024-10-14 00:00:00,4.83327,4.55327,4.85327,4.43327,15.822,0.00333,42674405.0,258997797.0,-2.9829947989354904,4.69327
HK.00288,万洲国际,2024-10-15 00:00:00,4.57327,4.43327,4.62327,4.36327,15.509,0.00277,35575467.0,212187457.0,-2.635468575331577,4.55327
HK.00288,万洲国际,2024-10-16 00:00:00,4.53327,4.49327,4.54327,4.43327,15.665,0.00184,23560045.0,141376959.0,1.3534027929722214,4.43327
HK.00288,万洲国际,2024-10-17 00:00:00,4.55327,4.51327,4.63327,4.46327,15.718,0.0026,33330424.0,201175627.0,0.4451101313742656,4.49327
HK.00288,万洲国际,2024-10-18 00:00:00,4.45327,4.59327,4.59327,4.44327,15.926,0.00206,26423837.0,159958327.0,1.7725507226467743,4.51327
HK.00288,万洲国际,2024-10-21 00:00:00,4.65327,4.66327,4.67327,4.57327,16.109,0.00275,35254202.0,216663887.0,1.523968762994542,4.59327
HK.00288,万洲国际,2024-10-22 00:00:00,4.59327,4.66327,4.68327,4.57327,16.109,0.00153,19669775.0,120934577.0,0.0,4.66327
HK.00288,万洲国际,2024-10-23 00:00:00,4.67327,4.68327,4.72327,4.60327,16.161,0.00087,11133986.0,68889698.0,0.4288835945591926,4.66327
HK.00288,万洲国际,2024-10-24 00:00:00,4.66327,4.76327,4.77327,4.62327,16.37,0.00149,19057786.0,118763342.0,1.7082081537045712,4.68327
HK.00288,万洲国际,2024-10-25 00:00:00,4.79327,4.77327,4.87327,4.76327,16.396,0.00155,19932437.0,125835316.0,0.20993981025639502,4.76327
HK.00288,万洲国际,2024-10-28 00:00:00,4.78327,4.79327,4.81327,4.69327,16.449,0.00089,11374699.0,71527665.0,0.4189999727649928,4.77327
HK.00288,万洲国际,2024-10-29 00:00:00,4.83327,4.77327,4.84327,4.68327,16.396,0.00179,22946546.0,143873758.0,-0.4172516883046349,4.79327
HK.00288,万洲国际,2024-10-30 00:00:00,4.87327,4.87327,4.93327,4.70327,16.657,0.00244,31300922.0,199182163.0,2.0949998638250014,4.77327
HK.00288,万洲国际,2024-10-31 00:00:00,4.87327,4.55327,4.87327,4.50327,15.822,0.00251,32185596.0,196536960.0,-6.566432805898287,4.87327
HK.00288,万洲国际,2024-11-01 00:00:00,4.55327,4.59327,4.61327,4.50327,15.926,0.00105,13464890.0,81887561.0,0.8784895251105257,4.55327
HK.00288,万洲国际,2024-11-04 00:00:00,4.62327,4.58327,4.66327,4.54327,15.9,0.00174,22291914.0,135502026.0,-0.21770982328495112,4.59327
HK.00288,万洲国际,2024-11-05 00:00:00,4.57327,4.50327,4.58327,4.44327,15.691,0.0022,28182140.0,169107026.0,-1.745478664796097,4.58327
HK.00288,万洲国际,2024-11-06 00:00:00,4.50327,4.45327,4.53327,4.31327,15.561,0.00256,32851858.0,194681989.0,-1.110304289993712,4.50327
HK.00288,万洲国际,2024-11-07 00:00:00,4.38327,4.65327,4.67327,4.38327,16.083,0.00264,33829261.0,206727466.0,4.491081834247647,4.45327
HK.00288,万洲国际,2024-11-08 00:00:00,4.80327,4.71327,4.83327,4.66327,16.24,0.00262,33659879.0,209341088.0,1.2894158301581384,4.65327
HK.00288,万洲国际,2024-11-11 00:00:00,4.59327,4.65327,4.69327,4.56327,16.083,0.00124,15931080.0,97774765.0,-1.2730015466968712,4.71327
HK.00288,万洲国际,2024-11-12 00:00:00,4.65327,4.57327,4.73327,4.52327,15.874,0.00144,18493688.0,112619772.0,-1.7192211068775307,4.65327
HK.00288,万洲国际,2024-11-13 00:00:00,4.58327,4.71327,4.75327,4.54327,16.24,0.00173,22186563.0,137356319.0,3.06126688343351,4.57327
HK.00288,万洲国际,2024-11-14 00:00:00,4.70327,4.59327,4.75327,4.58327,15.926,0.00202,25929307.0,160145495.0,-2.5460030933937423,4.71327
HK.00288,万洲国际,2024-11-15 00:00:00,4.59327,4.66327,4.81327,4.59327,16.109,0.00174,22371991.0,138443619.0,1.523968762994542,4.59327
HK.00288,万洲国际,2024-11-18 00:00:00,4.68327,4.74327,4.78327,4.64327,16.318,0.00234,29966804.0,186780172.0,1.7155343782367323,4.66327
HK.00288,万洲国际,2024-11-19 00:00:00,4.79327,4.83327,4.85327,4.72327,16.553,0.00183,23449375.0,148166727.0,1.8974251940117233,4.74327
HK.00288,万洲国际,2024-11-20 00:00:00,4.83327,4.92327,4.97327,4.82327,16.788,0.00194,24842529.0,159711768.0,1.8620933653613365,4.83327
HK.00288,万洲国际,2024-11-21 00:00:00,4.91327,4.92327,4.99327,4.89327,16.788,0.00136,17435294.0,112223691.0,0.0,4.92327
HK.00288,万洲国际,2024-11-22 00:00:00,4.92327,4.78327,4.99327,4.73327,16.422,0.00165,21190098.0,133991154.0,-2.8436384760535107,4.92327
HK.00288,万洲国际,2024-11-25 00:00:00,4.86327,4.80327,4.88327,4.73327,16.475,0.0038,48721378.0,307621666.0,0.41812400303558994,4.78327
HK.00288,万洲国际,2024-11-26 00:00:00,4.73327,4.69327,4.82327,4.60327,16.187,0.00229,29375508.0,183498382.0,-2.290106531592026,4.80327
HK.00288,万洲国际,2024-11-27 00:00:00,4.69327,4.73327,4.74327,4.61327,16.292,0.00135,17334387.0,107427647.0,0.8522842282672857,4.69327
HK.00288,万洲国际,2024-11-28 00:00:00,4.73327,4.70327,4.83327,4.65327,16.214,0.00122,15703725.0,97792759.0,-0.6338112974751122,4.73327
HK.00288,万洲国际,2024-11-29 00:00:00,4.70327,4.66327,4.71327,4.60327,16.109,0.00153,19627702.0,121159296.0,-0.8504721183346914,4.70327
HK.00288,万洲国际,2024-12-02 00:00:00,4.70327,4.75327,4.78327,4.69327,16.344,0.00125,16049086.0,100182794.0,1.9299761755163192,4.66327
HK.00288,万洲国际,2024-12-03 00:00:00,4.65327,4.70327,4.70327,4.54327,16.214,0.00237,30424945.0,187085152.0,-1.0519074237314485,4.75327
HK.00288,万洲国际,2024-12-04 00:00:00,4.70327,4.84327,4.87327,4.64327,16.579,0.00185,23671985.0,149239842.0,2.9766524141714292,4.70327
HK.00288,万洲国际,2024-12-05 00:00:00,4.74327,4.86327,4.89327,4.74327,16.631,0.00128,16423358.0,104659990.0,0.4129441472393563,4.84327
HK.00288,万洲国际,2024-12-06 00:00:00,4.89327,4.74327,4.92327,4.70327,16.318,0.00252,32383508.0,203803978.0,-2.467475587413409,4.86327
HK.00288,万洲国际,2024-12-09 00:00:00,4.74327,4.74327,4.83327,4.63327,16.318,0.00304,38980591.0,242433656.0,0.0,4.74327
HK.00288,万洲国际,2024-12-10 00:00:00,4.86327,4.86327,4.96327,4.82327,16.631,0.00249,31991112.0,204443033.0,2.529900258682304,4.74327
HK.00288,万洲国际,2024-12-11 00:00:00,4.95327,4.96327,5.02327,4.88327,16.892,0.00243,31140865.0,201365645.0,2.0562296561778317,4.86327
HK.00288,万洲国际,2024-12-12 00:00:00,4.95327,5.09327,5.12327,4.94327,17.232,0.00231,29629438.0,194238987.0,2.6192409439744524,4.96327
HK.00288,万洲国际,2024-12-13 00:00:00,5.08327,5.00327,5.10327,4.93327,16.997,0.00294,37696039.0,245602033.0,-1.7670376791334592,5.09327
HK.00288,万洲国际,2024-12-16 00:00:00,5.00327,4.90327,5.03327,4.84327,16.736,0.0015,19271633.0,123416219.0,-1.9986928548729064,5.00327
HK.00288,万洲国际,2024-12-17 00:00:00,4.82327,4.75327,4.90327,4.71327,16.344,0.00246,31527215.0,198459414.0,-3.0591829534168085,4.90327
HK.00288,万洲国际,2024-12-18 00:00:00,4.80327,4.82327,4.85327,4.67327,16.527,0.00172,22098391.0,138940817.0,1.4726703932240393,4.75327
HK.00288,万洲国际,2024-12-19 00:00:00,4.65327,4.59327,4.73327,4.56327,15.926,0.00273,35019424.0,214647182.0,-4.768549137825573,4.82327
HK.00288,万洲国际,2024-12-20 00:00:00,4.60327,4.49327,4.65327,4.33327,15.665,0.00395,50687373.0,302846880.0,-2.1770982328493758,4.59327
HK.00288,万洲国际,2024-12-23 00:00:00,4.49327,4.41327,4.52327,4.38327,15.456,0.00135,17273283.0,102642660.0,-1.7804405254970228,4.49327
HK.00288,万洲国际,2024-12-24 00:00:00,4.41327,4.43327,4.45327,4.34327,15.509,0.00065,8349629.0,49546749.0,0.45317870875791566,4.41327
HK.00288,万洲国际,2024-12-27 00:00:00,4.41327,4.46327,4.49327,4.37327,15.587,0.00134,17224986.0,102560191.0,0.6767013964861007,4.43327
HK.00288,万洲国际,2024-12-30 00:00:00,4.47327,4.46327,4.53327,4.44327,15.587,0.00133,17102741.0,102310834.0,0.0,4.46327
HK.00288,万洲国际,2024-12-31 00:00:00,4.42327,4.50327,4.59327,4.42327,15.691,0.00105,13524281.0,81716395.0,0.89620390431231,4.46327
HK.00288,万洲国际,2025-01-02 00:00:00,4.47327,4.43327,4.49327,4.39327,15.509,0.00171,21984434.0,130949849.0,-1.5544260059911887,4.50327
HK.00288,万洲国际,2025-01-03 00:00:00,4.43327,4.47327,4.49327,4.40327,15.613,0.00172,22104191.0,131737174.0,0.9022685286481544,4.43327
HK.00288,万洲国际,2025-01-06 00:00:00,4.52327,4.37327,4.54327,4.34327,15.352,0.00178,22827522.0,135257539.0,-2.2355010987488018,4.47327
HK.00288,万洲国际,2025-01-07 00:00:00,4.37327,4.28327,4.48327,4.25327,15.117,0.00181,23260109.0,135552350.0,-2.057956631993905,4.37327
HK.00288,万洲国际,2025-01-08 00:00:00,4.24327,4.45327,4.45327,4.22327,15.561,0.00215,27554692.0,162853982.0,3.96893027990297,4.28327
HK.00288,万洲国际,2025-01-09 00:00:00,4.45327,4.34327,4.45327,4.31327,15.274,0.00089,11472838.0,67088602.0,-2.4700950088361906,4.45327
HK.00288,万洲国际,2025-01-10 00:00:00,4.38327,4.40327,4.45327,4.36327,15.43,0.00122,15672419.0,92459148.0,1.381447618959899,4.34327
HK.00288,万洲国际,2025-01-13 00:00:00,4.34327,4.29327,4.38327,4.25327,15.143,0.0012,15345101.0,89104612.0,-2.498143425227168,4.40327
HK.00288,万洲国际,2025-01-14 00:00:00,4.32327,4.44327,4.54327,4.27327,15.535,0.00263,33723668.0,200982960.0,3.4938403594463048,4.29327
HK.00288,万洲国际,2025-01-15 00:00:00,4.43327,4.48327,4.53327,4.42327,15.639,0.00188,24080801.0,144306665.0,0.9002378878618683,4.44327
HK.00288,万洲国际,2025-01-16 00:00:00,4.49327,4.45327,4.50327,4.36327,15.561,0.00134,17161459.0,101863288.0,-0.6691544341518635,4.48327
HK.00288,万洲国际,2025-01-17 00:00:00,4.45327,4.53327,4.53327,4.40327,15.77,0.00164,20981608.0,126023925.0,1.7964327336990586,4.45327
HK.00288,万洲国际,2025-01-20 00:00:00,4.55327,4.69327,4.77327,4.54327,16.187,0.00358,45869471.0,284093081.0,3.5294610733532337,4.53327
HK.00288,万洲国际,2025-01-21 00:00:00,4.75327,4.97327,4.97327,4.75327,16.919,0.00391,50110061.0,320960479.0,5.965989597870999,4.69327
HK.00288,万洲国际,2025-01-22 00:00:00,5.05327,4.96327,5.11327,4.92327,16.892,0.00306,39287910.0,255580057.0,-0.20107494666488393,4.97327
HK.00288,万洲国际,2025-01-23 00:00:00,4.98327,4.71327,4.98327,4.66327,16.24,0.00191,24560143.0,154486520.0,-5.037001815335454,4.96327
HK.00288,万洲国际,2025-01-24 00:00:00,4.70327,4.73327,5.09327,4.70327,16.292,0.0021,26963148.0,169820071.0,0.42433384889896963,4.71327
HK.00288,万洲国际,2025-01-27 00:00:00,4.73327,4.73327,4.83327,4.68327,16.292,0.00133,17127752.0,107043654.0,0.0,4.73327
HK.00288,万洲国际,2025-01-28 00:00:00,4.74327,4.56327,4.75327,4.53327,15.848,0.0018,23105794.0,140982380.0,-3.5915973523589386,4.73327
HK.00288,万洲国际,2025-02-03 00:00:00,4.52327,4.72327,4.90327,4.52327,16.266,0.00256,32826344.0,202476322.0,3.506257574064216,4.56327
HK.00288,万洲国际,2025-02-04 00:00:00,4.82327,4.69327,4.83327,4.62327,16.187,0.00208,26626497.0,165960568.0,-0.6351531883631519,4.72327
HK.00288,万洲国际,2025-02-05 00:00:00,4.75327,4.74327,4.80327,4.64327,16.318,0.00193,24706880.0,154258549.0,1.0653552853341024,4.69327
HK.00288,万洲国际,2025-02-06 00:00:00,4.73327,4.64327,4.74327,4.61327,16.057,0.00204,26189943.0,162243660.0,-2.108250215568577,4.74327
HK.00288,万洲国际,2025-02-07 00:00:00,4.62327,4.60327,4.65327,4.49327,15.953,0.00171,21891084.0,133600708.0,-0.8614618576994238,4.64327
HK.00288,万洲国际,2025-02-10 00:00:00,4.58327,4.57327,4.65327,4.53327,15.874,0.00167,21448416.0,130504667.0,-0.6517106317900155,4.60327
HK.00288,万洲国际,2025-02-11 00:00:00,4.54327,4.46327,4.61327,4.40327,15.587,0.00236,30267731.0,180971470.0,-2.4052811226977706,4.57327
HK.00288,万洲国际,2025-02-12 00:00:00,4.64327,4.67327,4.69327,4.53327,16.135,0.00266,34137421.0,209999933.0,4.705070497639623,4.46327
HK.00288,万洲国际,2025-02-13 00:00:00,4.67327,4.59327,4.67327,4.45327,15.926,0.00237,30427715.0,185025340.0,-1.7118634275357338,4.67327
HK.00288,万洲国际,2025-02-14 00:00:00,4.45327,4.45327,4.55327,4.41327,15.561,0.00307,39443673.0,235377230.0,-3.047937525989122,4.59327
HK.00288,万洲国际,2025-02-17 00:00:00,4.38327,4.37327,4.45327,4.37327,15.352,0.00351,45005540.0,265941200.0,-1.7964327336990586,4.45327
HK.00288,万洲国际,2025-02-18 00:00:00,4.43,4.46,4.48,4.35,15.535,0.00315,40463354.0,239198565.0,1.9831842076981343,4.37327
HK.00288,万洲国际,2025-02-19 00:00:00,4.4,4.53,4.56,4.4,15.718,0.00393,50388333.0,302127462.0,1.5695067264574054,4.46
HK.00288,万洲国际,2025-02-20 00:00:00,4.51,4.57,4.62,4.48,15.822,0.00238,30593031.0,185303130.0,0.8830022075055195,4.53
HK.00288,万洲国际,2025-02-21 00:00:00,4.74,4.69,4.79,4.64,16.135,0.00357,45836690.0,284620647.0,2.6258205689277925,4.57
HK.00288,万洲国际,2025-02-24 00:00:00,4.79,4.68,4.82,4.64,16.109,0.00136,17455598.0,107863671.0,-0.21321961620470523,4.69
HK.00288,万洲国际,2025-02-25 00:00:00,4.54,4.79,4.83,4.54,16.396,0.00251,32185752.0,201392269.0,2.350427350427357,4.68
HK.00288,万洲国际,2025-02-26 00:00:00,4.79,4.76,4.87,4.67,16.318,0.00237,30400392.0,190227458.0,-0.6263048016701513,4.79
HK.00288,万洲国际,2025-02-27 00:00:00,4.73,4.9,4.93,4.71,16.684,0.00328,42141345.0,267299115.0,2.9411764705882475,4.76
HK.00288,万洲国际,2025-02-28 00:00:00,4.86,4.85,4.89,4.77,16.553,0.00456,58528549.0,370883433.0,-1.0204081632653206,4.9
HK.00288,万洲国际,2025-03-03 00:00:00,4.82,4.89,4.94,4.77,16.657,0.00347,44458939.0,283398231.0,0.8247422680412378,4.85
HK.00288,万洲国际,2025-03-04 00:00:00,4.83,5.01,5.03,4.81,16.971,0.00365,46795706.0,302963820.0,2.4539877300613524,4.89
HK.00288,万洲国际,2025-03-05 00:00:00,5.01,5.25,5.29,5.01,17.597,0.00415,53270503.0,354213408.0,4.790419161676651,5.01
HK.00288,万洲国际,2025-03-06 00:00:00,5.33,5.36,5.4,5.18,17.885,0.0024,30833575.0,209734246.0,2.0952380952381016,5.25
HK.00288,万洲国际,2025-03-07 00:00:00,5.41,5.42,5.46,5.28,18.041,0.0033,42365366.0,292282976.0,1.1194029850746194,5.36
HK.00288,万洲国际,2025-03-10 00:00:00,5.45,5.42,5.51,5.36,18.041,0.00261,33518762.0,232173126.0,0.0,5.42
HK.00288,万洲国际,2025-03-11 00:00:00,5.36,5.42,5.45,5.35,18.041,0.00487,62470048.0,431774885.0,0.0,5.42
HK.00288,万洲国际,2025-03-12 00:00:00,5.38,5.37,5.45,5.31,17.911,0.00325,41677962.0,286124035.0,-0.9225092250922476,5.42
HK.00288,万洲国际,2025-03-13 00:00:00,5.43,5.41,5.49,5.32,17.545,0.00391,50164852.0,337453716.0,0.7448789571694606,5.37
HK.00288,万洲国际,2025-03-14 00:00:00,5.39,5.24,5.41,5.15,17.101,0.00455,58324029.0,382770494.0,-3.142329020332716,5.41
HK.00288,万洲国际,2025-03-17 00:00:00,5.26,5.39,5.46,5.25,17.493,0.0034,43640864.0,292355924.0,2.862595419847318,5.24
HK.00288,万洲国际,2025-03-18 00:00:00,5.36,5.4,5.47,5.31,17.519,0.00238,30587190.0,205090892.0,0.18552875695734092,5.39
HK.00288,万洲国际,2025-03-19 00:00:00,5.37,5.51,5.53,5.35,17.806,0.00148,18987099.0,128857253.0,2.0370370370370265,5.4
HK.00288,万洲国际,2025-03-20 00:00:00,5.46,5.47,5.5,5.4,17.702,0.00087,11178717.0,75710464.0,-0.7259528130671513,5.51
HK.00288,万洲国际,2025-03-21 00:00:00,5.43,5.45,5.56,5.41,17.65,0.00483,62023075.0,419619659.0,-0.36563071297988253,5.47
HK.00288,万洲国际,2025-03-24 00:00:00,5.47,5.43,5.53,5.42,17.597,0.0021,26882754.0,181926095.0,-0.36697247706422864,5.45
HK.00288,万洲国际,2025-03-25 00:00:00,5.34,5.35,5.47,5.31,6.83,0.00254,32637287.0,217709314.0,-1.4732965009208117,5.43
HK.00288,万洲国际,2025-03-26 00:00:00,5.49,5.61,5.81,5.48,7.097,0.00372,47762860.0,333088464.0,4.8598130841121625,5.35
HK.00288,万洲国际,2025-03-27 00:00:00,5.62,5.65,5.67,5.43,7.138,0.00263,33698132.0,232508302.0,0.7130124777183606,5.61
HK.00288,万洲国际,2025-03-28 00:00:00,5.56,5.69,5.71,5.56,7.179,0.0028,35920503.0,250135288.0,0.707964601769912,5.65
HK.00288,万洲国际,2025-03-31 00:00:00,5.64,5.83,5.83,5.64,7.323,0.00331,42451237.0,301576128.0,2.460456942003509,5.69
HK.00288,万洲国际,2025-04-01 00:00:00,5.83,5.74,5.87,5.67,7.23,0.0049,62890749.0,443667067.0,-1.5437392795883338,5.83
HK.00288,万洲国际,2025-04-02 00:00:00,5.74,5.96,5.96,5.68,7.456,0.00377,48328533.0,347706298.0,3.8327526132404137,5.74
HK.00288,万洲国际,2025-04-03 00:00:00,5.89,5.98,6.06,5.82,7.476,0.00385,49391562.0,358120780.0,0.33557046979866545,5.96
HK.00288,万洲国际,2025-04-07 00:00:00,5.61,5.35,5.75,5.31,6.83,0.00708,90804678.0,617379657.0,-10.5351170568562,5.98
HK.00288,万洲国际,2025-04-08 00:00:00,5.41,5.42,5.47,5.31,6.902,0.00557,71417772.0,478000498.0,1.3084112149532765,5.35
HK.00288,万洲国际,2025-04-09 00:00:00,4.75,5.21,5.23,4.75,6.687,0.00726,93086937.0,598096663.0,-3.8745387453874534,5.42
HK.00288,万洲国际,2025-04-10 00:00:00,5.28,5.45,5.53,5.09,6.933,0.00376,48246216.0,325511104.0,4.606525911708258,5.21
HK.00288,万洲国际,2025-04-11 00:00:00,5.45,5.41,5.45,5.28,6.892,0.00357,45792174.0,306311675.0,-0.733944954128441,5.45
HK.00288,万洲国际,2025-04-14 00:00:00,5.57,5.54,5.67,5.49,7.025,0.0028,35982977.0,246553250.0,2.4029574861367817,5.41
HK.00288,万洲国际,2025-04-15 00:00:00,5.59,5.71,5.79,5.56,7.2,0.0031,39794072.0,278338314.0,3.0685920577617316,5.54
HK.00288,万洲国际,2025-04-16 00:00:00,5.71,5.66,5.73,5.57,7.148,0.0032,41069891.0,285328517.0,-0.8756567425569146,5.71
HK.00288,万洲国际,2025-04-17 00:00:00,5.55,5.45,5.56,5.37,6.933,0.00338,43387462.0,292934015.0,-3.710247349823321,5.66
HK.00288,万洲国际,2025-04-22 00:00:00,5.49,5.46,5.53,5.35,6.943,0.00144,18435614.0,124429425.0,0.1834862385321062,5.45
HK.00288,万洲国际,2025-04-23 00:00:00,5.49,5.63,5.66,5.49,7.117,0.00284,36418969.0,251411519.0,3.1135531135531123,5.46
HK.00288,万洲国际,2025-04-24 00:00:00,5.46,5.65,5.68,5.46,7.138,0.00196,25186969.0,174789864.0,0.3552397868561361,5.63
HK.00288,万洲国际,2025-04-25 00:00:00,5.69,5.55,5.71,5.52,7.035,0.00348,44613659.0,307772074.0,-1.7699115044247882,5.65
HK.00288,万洲国际,2025-04-28 00:00:00,5.55,5.61,5.66,5.55,7.097,0.00217,27828938.0,192467514.0,1.0810810810810902,5.55
HK.00288,万洲国际,2025-04-29 00:00:00,5.63,5.62,5.68,5.6,7.107,0.00221,28301609.0,196389712.0,0.17825311942958622,5.61
HK.00288,万洲国际,2025-04-30 00:00:00,5.69,5.63,5.79,5.57,7.117,0.00302,38742309.0,269424577.0,0.17793594306049443,5.62
HK.00288,万洲国际,2025-05-02 00:00:00,5.7,5.6,5.72,5.52,7.087,0.00214,27496509.0,189874914.0,-0.5328596802841963,5.63
HK.00288,万洲国际,2025-05-06 00:00:00,5.81,5.68,5.81,5.6,7.169,0.0018,23070280.0,161021288.0,1.42857142857143,5.6
HK.00288,万洲国际,2025-05-07 00:00:00,5.87,5.76,5.99,5.73,7.251,0.00336,43131906.0,307088081.0,1.4084507042253533,5.68
HK.00288,万洲国际,2025-05-08 00:00:00,5.92,5.88,5.92,5.78,7.374,0.0025,32024764.0,229171871.0,2.0833333333333353,5.76
HK.00288,万洲国际,2025-05-09 00:00:00,5.83,5.54,5.84,5.52,7.025,0.00246,31506913.0,217168003.0,-5.782312925170065,5.88
HK.00288,万洲国际,2025-05-12 00:00:00,5.72,5.53,5.72,5.44,7.015,0.00243,31165370.0,212903069.0,-0.18050541516245103,5.54
HK.00288,万洲国际,2025-05-13 00:00:00,5.57,5.5,5.57,5.44,6.984,0.00171,21918204.0,149061357.0,-0.5424954792043445,5.53
HK.00288,万洲国际,2025-05-14 00:00:00,5.59,5.78,5.83,5.56,6.861,0.00419,53706156.0,358873529.0,5.090909090909095,5.5
HK.00288,万洲国际,2025-05-15 00:00:00,5.78,5.79,5.8,5.7,6.871,0.00178,22814448.0,152516003.0,0.17301038062283366,5.78
HK.00288,万洲国际,2025-05-16 00:00:00,5.83,5.77,5.86,5.65,6.851,0.00232,29759127.0,198004763.0,-0.34542314335061247,5.79
HK.00288,万洲国际,2025-05-19 00:00:00,5.75,5.74,5.77,5.65,6.82,0.0017,21854026.0,145090443.0,-0.5199306759098676,5.77
HK.00288,万洲国际,2025-05-20 00:00:00,5.78,5.9,5.94,5.73,6.984,0.00348,44691186.0,302394297.0,2.7874564459930338,5.74
HK.00288,万洲国际,2025-05-21 00:00:00,5.95,5.91,5.95,5.83,6.994,0.0022,28216864.0,192050577.0,0.1694915254237252,5.9
HK.00288,万洲国际,2025-05-22 00:00:00,5.91,6.05,6.1,5.88,7.138,0.00405,51972797.0,359297099.0,2.3688663282571856,5.91
HK.00288,万洲国际,2025-05-23 00:00:00,6.02,6.2,6.21,5.98,7.292,0.00479,61423680.0,432309531.0,2.4793388429752126,6.05
HK.00288,万洲国际,2025-05-26 00:00:00,6.2,6.12,6.2,6.06,7.21,0.00197,25296140.0,177974619.0,-1.2903225806451624,6.2
HK.00288,万洲国际,2025-05-27 00:00:00,6.09,6.21,6.22,6.09,7.302,0.00136,17498896.0,124200046.0,1.4705882352941153,6.12
HK.00288,万洲国际,2025-05-28 00:00:00,6.24,6.22,6.4,6.16,7.312,0.00299,38387932.0,275282755.0,0.1610305958132011,6.21
HK.00288,万洲国际,2025-05-29 00:00:00,6.19,6.21,6.26,6.1,7.302,0.00237,30373449.0,215470013.0,-0.16077170418006087,6.22
HK.00288,万洲国际,2025-05-30 00:00:00,6.21,6.33,6.33,6.13,7.425,0.006,77000264.0,555054413.0,1.9323671497584558,6.21
HK.00288,万洲国际,2025-06-02 00:00:00,6.33,6.34,6.34,6.17,7.435,0.00159,20426307.0,147030548.0,0.15797788309636315,6.33
HK.00288,万洲国际,2025-06-03 00:00:00,6.39,6.37,6.44,6.34,7.466,0.00262,33634185.0,245423802.0,0.4731861198738209,6.34
HK.00288,万洲国际,2025-06-04 00:00:00,6.37,6.38,6.43,6.31,7.476,0.00259,33286770.0,242182412.0,0.1569858712715822,6.37
HK.00288,万洲国际,2025-06-05 00:00:00,6.46,6.36,6.54,6.33,7.456,0.00234,30030280.0,219953420.0,-0.3134796238244447,6.38
HK.00288,万洲国际,2025-06-06 00:00:00,6.46,6.44,6.48,6.4,7.538,0.00245,31379234.0,230674485.0,1.2578616352201268,6.36
HK.00288,万洲国际,2025-06-09 00:00:00,6.48,6.48,6.48,6.35,7.579,0.00167,21418895.0,157299574.0,0.6211180124223608,6.44
HK.00288,万洲国际,2025-06-10 00:00:00,6.54,6.56,6.59,6.44,7.661,0.00183,23541626.0,175283857.0,1.2345679012345552,6.48
HK.00288,万洲国际,2025-06-11 00:00:00,6.65,6.61,6.79,6.55,7.712,0.00249,31895701.0,240274363.0,0.7621951219512304,6.56
HK.00288,万洲国际,2025-06-12 00:00:00,6.66,6.66,6.77,6.63,7.764,0.00213,27386600.0,207744434.0,0.7564296520423573,6.61
HK.00288,万洲国际,2025-06-13 00:00:00,6.84,6.61,6.84,6.54,7.712,0.00237,30369237.0,228988083.0,-0.750750750750748,6.66
HK.00288,万洲国际,2025-06-16 00:00:00,6.53,6.65,6.69,6.53,7.753,0.00212,27231016.0,205553834.0,0.6051437216338886,6.61
HK.00288,万洲国际,2025-06-17 00:00:00,6.65,6.45,6.65,6.41,7.548,0.00258,33046801.0,243919693.0,-3.0075187969924837,6.65
HK.00288,万洲国际,2025-06-18 00:00:00,6.49,6.53,6.69,6.45,7.63,0.00346,44330854.0,331239747.0,1.240310077519381,6.45
HK.00288,万洲国际,2025-06-19 00:00:00,6.47,6.31,6.51,6.24,7.405,0.00217,27846840.0,201984821.0,-3.36906584992344,6.53
HK.00288,万洲国际,2025-06-20 00:00:00,6.33,6.41,6.42,6.25,7.507,0.00295,37881152.0,276718992.0,1.5847860538827343,6.31
HK.00288,万洲国际,2025-06-23 00:00:00,6.39,6.43,6.48,6.32,7.528,0.00084,10738186.0,78689864.0,0.3120124804992133,6.41
HK.00288,万洲国际,2025-06-24 00:00:00,6.44,6.61,6.62,6.44,7.712,0.00181,23283765.0,174378550.0,2.7993779160186723,6.43
HK.00288,万洲国际,2025-06-25 00:00:00,6.67,6.64,6.75,6.61,7.743,0.00144,18435862.0,139317088.0,0.4538577912254063,6.61
HK.00288,万洲国际,2025-06-26 00:00:00,6.61,6.62,6.74,6.5,7.723,0.00385,49333753.0,372570442.0,-0.301204819277102,6.64
HK.00288,万洲国际,2025-06-27 00:00:00,6.62,6.67,6.71,6.58,7.774,0.00138,17754619.0,134255605.0,0.7552870090634414,6.62
HK.00288,万洲国际,2025-06-30 00:00:00,6.63,6.64,6.68,6.52,7.743,0.00245,31380679.0,236385692.0,-0.4497751124437818,6.67
HK.00288,万洲国际,2025-07-02 00:00:00,6.75,6.69,6.84,6.65,7.794,0.00208,26732104.0,203912341.0,0.7530120481927818,6.64
HK.00288,万洲国际,2025-07-03 00:00:00,6.89,6.78,6.89,6.71,7.887,0.00191,24520483.0,188471529.0,1.3452914798206257,6.69
HK.00288,万洲国际,2025-07-04 00:00:00,6.65,6.68,6.69,6.6,7.784,0.00119,15218078.0,114960575.0,-1.4749262536873233,6.78
HK.00288,万洲国际,2025-07-07 00:00:00,6.69,6.68,6.72,6.65,7.784,0.00152,19453970.0,147470945.0,0.0,6.68
HK.00288,万洲国际,2025-07-08 00:00:00,6.7,6.61,6.74,6.55,7.712,0.00154,19768456.0,148799721.0,-1.0479041916167575,6.68
HK.00288,万洲国际,2025-07-09 00:00:00,6.61,6.51,6.61,6.49,7.61,0.00234,30070503.0,224101328.0,-1.5128593040847282,6.61
HK.00288,万洲国际,2025-07-10 00:00:00,6.5,6.58,6.62,6.49,7.682,0.00175,22495694.0,167949668.0,1.0752688172043054,6.51
HK.00288,万洲国际,2025-07-11 00:00:00,6.58,6.72,6.84,6.58,7.825,0.00303,38893455.0,297741044.0,2.12765957446808,6.58
HK.00288,万洲国际,2025-07-14 00:00:00,6.75,6.9,6.92,6.75,8.01,0.00139,17814703.0,138711109.0,2.6785714285714377,6.72
HK.00288,万洲国际,2025-07-15 00:00:00,6.9,6.73,6.97,6.7,7.835,0.00206,26470272.0,203905702.0,-2.4637681159420275,6.9
HK.00288,万洲国际,2025-07-16 00:00:00,6.78,6.82,6.88,6.74,7.928,0.00199,25552335.0,197032186.0,1.337295690936105,6.73
HK.00288,万洲国际,2025-07-17 00:00:00,6.82,6.83,6.87,6.75,7.938,0.00148,18963976.0,146626195.0,0.14662756598240156,6.82
HK.00288,万洲国际,2025-07-18 00:00:00,6.91,7.03,7.05,6.9,8.143,0.00189,24209502.0,190916678.0,2.92825768667643,6.83
HK.00288,万洲国际,2025-07-21 00:00:00,7.03,7.25,7.25,7.0,8.369,0.00185,23783143.0,192168377.0,3.129445234708389,7.03
HK.00288,万洲国际,2025-07-22 00:00:00,7.19,7.17,7.23,7.05,8.287,0.002,25718863.0,207327296.0,-1.1034482758620698,7.25
HK.00288,万洲国际,2025-07-23 00:00:00,7.07,7.1,7.25,7.0,8.215,0.0015,19247022.0,154144889.0,-0.9762900976290136,7.17
HK.00288,万洲国际,2025-07-24 00:00:00,7.08,7.06,7.15,7.01,8.174,0.00194,24872656.0,198305499.0,-0.5633802816901414,7.1
HK.00288,万洲国际,2025-07-25 00:00:00,7.0,7.01,7.08,6.91,8.123,0.00115,14691522.0,116276631.0,-0.7082152974504224,7.06
HK.00288,万洲国际,2025-07-28 00:00:00,6.99,7.06,7.119999999,6.99,8.174,0.001,12775145.0,101860304.0,0.713266761768899,7.01
HK.00288,万洲国际,2025-07-29 00:00:00,7.09,7.19,7.209999999,7.06,8.307,0.00155,19827773.0,159975524.0,1.8413597733711162,7.06
HK.00288,万洲国际,2025-07-30 00:00:00,7.11,7.14,7.19,7.03,8.256,0.00192,24685701.0,198457504.0,-0.6954102920723325,7.19
HK.00288,万洲国际,2025-07-31 00:00:00,7.14,7.0,7.16,6.99,8.112,0.00141,18070858.0,143340986.0,-1.9607843137254857,7.14
HK.00288,万洲国际,2025-08-01 00:00:00,7.04,7.06,7.22,7.0,8.174,0.00148,18966400.0,151557490.0,0.8571428571428517,7.0
HK.00288,万洲国际,2025-08-04 00:00:00,7.06,7.06,7.16,6.98,8.174,0.00177,22720219.0,181348885.0,0.0,7.06
HK.00288,万洲国际,2025-08-05 00:00:00,6.96,7.01,7.06,6.83,8.123,0.00169,21682377.0,170934639.0,-0.7082152974504224,7.06
HK.00288,万洲国际,2025-08-06 00:00:00,7.03,7.119999999,7.129999999,6.98,8.235,0.00131,16847687.0,134406450.0,1.5691868616262519,7.01
HK.00288,万洲国际,2025-08-07 00:00:00,7.25,7.18,7.25,7.14,8.297,0.00126,16193630.0,131210461.0,0.8426966433767789,7.119999999
HK.00288,万洲国际,2025-08-08 00:00:00,7.14,7.23,7.27,7.07,8.348,0.00096,12322728.0,100191904.0,0.6963788300835754,7.18
HK.00288,万洲国际,2025-08-11 00:00:00,7.289999999,7.08,7.3,7.05,8.194,0.00135,17347373.0,139208858.0,-2.0746887966805025,7.23
HK.00288,万洲国际,2025-08-12 00:00:00,7.06,6.96,7.06,6.87,8.071,0.0024,30772904.0,241997021.0,-1.6949152542372896,7.08
HK.00288,万洲国际,2025-08-13 00:00:00,7.1,7.449999999,7.459999999,7.1,8.574,0.00319,40912257.0,337020708.0,7.040229870689657,6.96
HK.00288,万洲国际,2025-08-14 00:00:00,7.449999999,7.31,7.47,7.25,8.43,0.00185,23799966.0,195802737.0,-1.8791946177019119,7.449999999
HK.00288,万洲国际,2025-08-15 00:00:00,7.199999999,7.14,7.279999999,7.05,8.256,0.00235,30193507.0,242599600.0,-2.3255813953488365,7.31
HK.00288,万洲国际,2025-08-18 00:00:00,7.15,7.07,7.27,7.07,8.184,0.00201,25847651.0,207416294.0,-0.9803921568627367,7.14
HK.00288,万洲国际,2025-08-19 00:00:00,7.14,7.32,7.36,7.129999999,8.441,0.00265,34005186.0,277834104.0,3.536067892503536,7.07
HK.00288,万洲国际,2025-08-20 00:00:00,7.279999999,7.369999999,7.4,7.19,8.492,0.00256,32856728.0,270553183.0,0.6830600956284117,7.32
HK.00288,万洲国际,2025-08-21 00:00:00,7.34,7.34,7.44,7.31,8.461,0.00163,20969486.0,173386508.0,-0.40705561742294055,7.369999999
HK.00288,万洲国际,2025-08-22 00:00:00,7.34,7.369999999,7.44,7.25,8.492,0.00207,26574064.0,219297250.0,0.40871933242507036,7.34
HK.00288,万洲国际,2025-08-25 00:00:00,7.489999999,7.5,7.64,7.42,8.42,0.00131,16808020.0,137777274.0,1.7639077478648446,7.369999999
HK.00288,万洲国际,2025-08-26 00:00:00,7.399999999,7.399999999,7.47,7.38,8.317,0.00273,35039520.0,284535672.0,-1.333333346666663,7.5
HK.00288,万洲国际,2025-08-27 00:00:00,7.5,7.47,7.579999999,7.399999999,8.389,0.0026,33356709.0,272613980.0,0.9459459595872829,7.399999999
HK.00288,万洲国际,2025-08-28 00:00:00,7.54,7.55,7.61,7.51,8.471,0.00212,27159126.0,224538143.0,1.070950468540831,7.47
HK.00288,万洲国际,2025-08-29 00:00:00,7.649999999,7.63,7.68,7.569999999,8.553,0.00233,29881309.0,249052107.0,1.0596026490066235,7.55
HK.00288,万洲国际,2025-09-01 00:00:00,7.729999999,7.69,7.77,7.649999999,8.615,0.00149,19162654.0,160935316.0,0.7863695937090498,7.63
HK.00288,万洲国际,2025-09-02 00:00:00,7.72,7.739999999,7.79,7.67,8.666,0.00199,25500072.0,215491604.0,0.6501950455136507,7.69
HK.00288,万洲国际,2025-09-03 00:00:00,7.76,7.68,7.86,7.59,8.605,0.00198,25370026.0,212829458.0,-0.7751937856298754,7.739999999
HK.00288,万洲国际,2025-09-04 00:00:00,7.659999999,7.7,7.739999999,7.56,8.625,0.00233,29848226.0,250170195.0,0.2604166666666727,7.68
HK.00288,万洲国际,2025-09-05 00:00:00,7.72,7.63,7.76,7.59,8.553,0.00199,25531168.0,213381483.0,-0.9090909090909127,7.7
HK.00288,万洲国际,2025-09-08 00:00:00,7.69,7.68,7.7,7.59,8.605,0.00146,18698193.0,156305560.0,0.6553079947575338,7.63
HK.00288,万洲国际,2025-09-09 00:00:00,7.69,7.819999999,7.84,7.69,8.748,0.0026,33403892.0,283212946.0,1.8229166536458397,7.68
HK.00288,万洲国际,2025-09-10 00:00:00,7.86,8.01,8.06,7.81,8.943,0.00188,24090339.0,209956863.0,2.4296675322800034,7.819999999
HK.00288,万洲国际,2025-09-11 00:00:00,8.07,8.17,8.23,7.99,9.107,0.00227,29103222.0,258062118.0,1.9975031210986285,8.01
HK.00288,万洲国际,2025-09-12 00:00:00,8.21,8.1,8.26,8.04,9.035,0.00171,21998837.0,194563866.0,-0.8567931456548383,8.17
HK.00288,万洲国际,2025-09-15 00:00:00,8.13,8.08,8.14,7.95,9.015,0.00148,18926388.0,165889100.0,-0.24691358024690832,8.1
HK.00288,万洲国际,2025-09-16 00:00:00,8.08,8.04,8.12,7.98,8.974,0.00158,20235805.0,176881805.0,-0.4950495049505065,8.08
HK.00288,万洲国际,2025-09-17 00:00:00,8.08,7.9,8.11,7.86,8.83,0.00157,20131633.0,173622574.0,-1.7412935323382936,8.04
HK.00288,万洲国际,2025-09-18 00:00:00,7.9,7.88,8.01,7.81,8.81,0.00251,32191184.0,276394476.0,-0.2531645569620311,7.9
HK.00288,万洲国际,2025-09-19 00:00:00,7.85,7.89,7.89,7.77,8.82,0.00294,37701911.0,323160159.0,0.12690355329948969,7.88
HK.00288,万洲国际,2025-09-22 00:00:00,7.85,7.88,7.9,7.739999999,8.81,0.00179,22905677.0,195793300.0,-0.12674271229404038,7.89
HK.00288,万洲国际,2025-09-23 00:00:00,7.85,7.78,7.91,7.75,8.707,0.0016,20546964.0,175260731.0,-1.2690355329949194,7.88
HK.00288,万洲国际,2025-09-24 00:00:00,7.77,7.77,7.8,7.649999999,8.697,0.00211,27033809.0,228803213.0,-0.1285347043701886,7.78
HK.00288,万洲国际,2025-09-25 00:00:00,7.93,7.69,7.93,7.61,8.615,0.00171,21876560.0,184423600.0,-1.0296010296010192,7.77
HK.00288,万洲国际,2025-09-26 00:00:00,7.6,7.81,7.86,7.55,8.738,0.00172,22073349.0,186828489.0,1.5604681404421223,7.69
HK.00288,万洲国际,2025-09-29 00:00:00,7.76,7.85,7.89,7.72,8.779,0.00143,18367796.0,157012873.0,0.5121638924455831,7.81
HK.00288,万洲国际,2025-09-30 00:00:00,7.85,7.72,7.85,7.67,8.646,0.00207,26578247.0,224370512.0,-1.6560509554140113,7.85
HK.00288,万洲国际,2025-10-02 00:00:00,7.64,7.8,7.84,7.64,8.728,0.00162,20794089.0,176227734.0,1.0362694300518145,7.72
HK.00288,万洲国际,2025-10-03 00:00:00,7.76,7.62,7.78,7.6,8.543,0.00145,18573558.0,155236315.0,-2.307692307692304,7.8
HK.00288,万洲国际,2025-10-06 00:00:00,7.59,7.45,7.69,7.42,8.061,0.00121,15539946.0,122520368.0,-2.230971128608923,7.62
HK.00288,万洲国际,2025-10-08 00:00:00,7.46,7.51,7.53,7.42,8.123,0.00161,20674762.0,163219607.0,0.8053691275167733,7.45
HK.00288,万洲国际,2025-10-09 00:00:00,7.58,7.45,7.709999999,7.44,8.061,0.00286,36730329.0,291406704.0,-0.7989347536617791,7.51
HK.00288,万洲国际,2025-10-10 00:00:00,7.46,7.31,7.5,7.27,7.917,0.00275,35240772.0,273437384.0,-1.8791946308724907,7.45
HK.00288,万洲国际,2025-10-13 00:00:00,7.2,7.24,7.24,7.1,7.846,0.00184,23544254.0,178999985.0,-0.9575923392612777,7.31
HK.00288,万洲国际,2025-10-14 00:00:00,7.24,6.94,7.25,6.9,7.538,0.00314,40293845.0,298162826.0,-4.143646408839777,7.24
HK.00288,万洲国际,2025-10-15 00:00:00,6.99,7.14,7.17,6.94,7.743,0.00177,22738556.0,171250054.0,2.8818443804034475,6.94
HK.00288,万洲国际,2025-10-16 00:00:00,7.09,6.98,7.14,6.93,7.579,0.00262,33650949.0,249397993.0,-2.240896358543407,7.14
HK.00288,万洲国际,2025-10-17 00:00:00,6.94,6.88,6.99,6.85,7.476,0.00177,22698864.0,165810278.0,-1.432664756446999,6.98
HK.00288,万洲国际,2025-10-20 00:00:00,6.92,6.96,7.05,6.92,7.558,0.00176,22581792.0,166647026.0,1.1627906976744196,6.88
HK.00288,万洲国际,2025-10-21 00:00:00,6.97,6.93,7.12,6.93,7.528,0.0023,29503743.0,218290486.0,-0.4310344827586242,6.96
HK.00288,万洲国际,2025-10-22 00:00:00,6.98,6.9,7.08,6.88,7.497,0.00255,32668015.0,240228408.0,-0.4329004329004237,6.93
HK.00288,万洲国际,2025-10-23 00:00:00,6.99,6.89,7.04,6.85,7.487,0.00126,16229358.0,118904555.0,-0.14492753623189383,6.9
HK.00288,万洲国际,2025-10-24 00:00:00,7.01,6.99,7.03,6.94,7.589,0.00135,17273275.0,127768737.0,1.4513788098693838,6.89
HK.00288,万洲国际,2025-10-27 00:00:00,7.06,6.98,7.14,6.98,7.579,0.00151,19430122.0,144204027.0,-0.14306151645207132,6.99
HK.00288,万洲国际,2025-10-28 00:00:00,6.96,6.94,7.02,6.89,7.538,0.00165,21108578.0,155032377.0,-0.5730659025787971,6.98
HK.00288,万洲国际,2025-10-30 00:00:00,6.86,6.93,7.11,6.86,7.528,0.00391,50125670.0,370199303.0,-0.14409221902018263,6.94
HK.00288,万洲国际,2025-10-31 00:00:00,6.92,7.05,7.13,6.92,7.651,0.00252,32290628.0,241239473.0,1.7316017316017334,6.93
HK.00288,万洲国际,2025-11-03 00:00:00,7.05,7.4,7.51,7.05,8.01,0.00446,57238467.0,443125314.0,4.964539007092206,7.05
HK.00288,万洲国际,2025-11-04 00:00:00,7.4,7.35,7.51,7.31,7.958,0.00242,30999126.0,241771126.0,-0.6756756756756852,7.4
HK.00288,万洲国际,2025-11-05 00:00:00,7.4,7.38,7.43,7.27,7.989,0.00231,29643836.0,230142629.0,0.40816326530612584,7.35
HK.00288,万洲国际,2025-11-06 00:00:00,7.38,7.55,7.57,7.36,8.164,0.00224,28683373.0,227252083.0,2.3035230352303513,7.38
HK.00288,万洲国际,2025-11-07 00:00:00,7.52,7.56,7.59,7.42,8.174,0.00208,26671407.0,211897953.0,0.132450331125825,7.55
HK.00288,万洲国际,2025-11-10 00:00:00,7.6,7.65,7.699999999,7.57,8.266,0.00239,30664363.0,247153547.0,1.1904761904762005,7.56
HK.00288,万洲国际,2025-11-11 00:00:00,7.709999999,7.77,7.81,7.66,8.389,0.00214,27484507.0,224094777.0,1.5686274509803817,7.65
HK.00288,万洲国际,2025-11-12 00:00:00,7.869999999,8.07,8.129999999,7.82,8.697,0.00373,47794912.0,403674054.0,3.8610038610038706,7.77
HK.00288,万洲国际,2025-11-13 00:00:00,8.08,8.129999999,8.19,8.08,8.758,0.00285,36621742.0,312739613.0,0.743494411400253,8.07
HK.00288,万洲国际,2025-11-14 00:00:00,8.18,8.27,8.38,8.14,8.902,0.00371,47645354.0,413428529.0,1.722017232684121,8.129999999
HK.00288,万洲国际,2025-11-17 00:00:00,8.22,8.37,8.49,8.19,9.005,0.00342,43883296.0,384818174.0,1.2091898428053163,8.27
HK.00288,万洲国际,2025-11-18 00:00:00,8.37,8.29,8.44,8.21,8.923,0.00284,36411805.0,316429006.0,-0.955794504181602,8.37
HK.00288,万洲国际,2025-11-19 00:00:00,8.22,8.33,8.44,8.22,8.964,0.00217,27855351.0,243724914.0,0.48250904704464326,8.29
HK.00288,万洲国际,2025-11-20 00:00:00,8.29,8.1,8.32,8.02,8.728,0.00285,36587858.0,311135365.0,-2.761104441776716,8.33
HK.00288,万洲国际,2025-11-21 00:00:00,8.05,7.99,8.06,7.94,8.615,0.00221,28345476.0,238375976.0,-1.3580246913580178,8.1
HK.00288,万洲国际,2025-11-24 00:00:00,8.07,7.879999999,8.07,7.879999999,8.502,0.00399,51190917.0,426030725.0,-1.3767209136420575,7.99
HK.00288,万洲国际,2025-11-25 00:00:00,7.83,7.77,7.869999999,7.709999999,8.389,0.00424,54398892.0,445055947.0,-1.3959390737812136,7.879999999
HK.00288,万洲国际,2025-11-26 00:00:00,7.709999999,7.699999999,7.77,7.68,8.317,0.00451,57914695.0,470979264.0,-0.9009009137709072,7.77
HK.00288,万洲国际,2025-11-27 00:00:00,7.64,7.76,7.81,7.64,8.379,0.00181,23204515.0,189379827.0,0.7792207923089857,7.699999999
HK.00288,万洲国际,2025-11-28 00:00:00,7.8,7.73,7.83,7.73,8.348,0.00134,17129225.0,139679942.0,-0.3865979381443217,7.76
HK.00288,万洲国际,2025-12-01 00:00:00,7.73,7.85,7.9,7.73,8.471,0.00191,24545317.0,202337446.0,1.5523932729624736,7.73
HK.00288,万洲国际,2025-12-02 00:00:00,7.85,7.91,7.98,7.82,8.533,0.00189,24267664.0,201947048.0,0.7643312101910892,7.85
HK.00288,万洲国际,2025-12-03 00:00:00,8.09,8.06,8.19,8.02,8.687,0.00312,40063000.0,339895912.0,1.896333754740839,7.91
HK.00288,万洲国际,2025-12-04 00:00:00,8.11,7.959999999,8.11,7.94,8.584,0.00152,19468718.0,163414911.0,-1.2406948014888413,8.06
HK.00288,万洲国际,2025-12-05 00:00:00,7.92,7.94,7.98,7.879999999,8.564,0.00151,19382788.0,161799633.0,-0.25125626887577956,7.959999999
HK.00288,万洲国际,2025-12-08 00:00:00,7.91,7.709999999,7.91,7.68,8.328,0.00199,25544828.0,208269179.0,-2.89672545340051,7.94
HK.00288,万洲国际,2025-12-09 00:00:00,7.72,7.77,7.86,7.72,8.389,0.00169,21688168.0,177755213.0,0.7782101298026173,7.709999999
HK.00288,万洲国际,2025-12-10 00:00:00,7.89,8.18,8.19,7.789999999,8.81,0.00617,79126924.0,668846290.0,5.276705276705279,7.77
HK.00288,万洲国际,2025-12-11 00:00:00,8.16,8.32,8.37,8.119999999,8.953,0.00332,42632144.0,370817535.0,1.711491442542794,8.18
HK.00288,万洲国际,2025-12-12 00:00:00,8.39,8.31,8.49,8.31,8.943,0.00527,67656942.0,594512487.0,-0.12019230769230511,8.32
HK.00288,万洲国际,2025-12-15 00:00:00,8.32,8.48,8.51,8.19,9.117,0.00362,46392724.0,410518662.0,2.045728038507821,8.31
HK.00288,万洲国际,2025-12-16 00:00:00,8.54,8.39,8.61,8.29,9.025,0.00324,41523447.0,365884095.0,-1.0613207547169794,8.48
HK.00288,万洲国际,2025-12-17 00:00:00,8.31,8.47,8.53,8.29,9.107,0.00263,33721376.0,299168014.0,0.9535160905840294,8.39
HK.00288,万洲国际,2025-12-18 00:00:00,8.53,8.56,8.6,8.39,9.2,0.00289,37059620.0,331660865.0,1.0625737898465155,8.47
HK.00288,万洲国际,2025-12-19 00:00:00,8.58,8.6,8.62,8.47,9.241,0.00277,35574765.0,320005332.0,0.46728971962615823,8.56
HK.00288,万洲国际,2025-12-22 00:00:00,8.6,8.49,8.64,8.42,9.128,0.00199,25524395.0,227208845.0,-1.2790697674418539,8.6
HK.00288,万洲国际,2025-12-23 00:00:00,8.35,8.51,8.58,8.35,9.148,0.00132,16875511.0,150490916.0,0.2355712603062376,8.49
HK.00288,万洲国际,2025-12-24 00:00:00,8.51,8.55,8.65,8.47,9.189,0.00076,9709608.0,87292289.0,0.4700352526439591,8.51
HK.00288,万洲国际,2025-12-29 00:00:00,8.65,8.35,8.65,8.32,8.984,0.00146,18719209.0,164882744.0,-2.33918128654972,8.55
HK.00288,万洲国际,2025-12-30 00:00:00,8.35,8.29,8.38,8.25,8.923,0.00158,20267820.0,176537903.0,-0.718562874251503,8.35
HK.00288,万洲国际,2025-12-31 00:00:00,8.26,8.26,8.32,8.19,8.892,0.00066,8479346.0,73367796.0,-0.3618817852834664,8.29
HK.00288,万洲国际,2026-01-02 00:00:00,8.26,8.29,8.3,8.15,8.923,0.00103,13173049.0,113981817.0,0.36319612590798256,8.26
HK.00288,万洲国际,2026-01-05 00:00:00,8.29,8.26,8.33,8.21,8.892,0.00136,17455862.0,151248709.0,-0.3618817852834664,8.29
HK.00288,万洲国际,2026-01-06 00:00:00,8.22,8.26,8.33,8.21,8.892,0.00149,19068777.0,165279662.0,0.0,8.26
HK.00288,万洲国际,2026-01-07 00:00:00,8.36,8.19,8.38,8.119999999,8.82,0.00193,24730100.0,213000937.0,-0.8474576271186476,8.26
HK.00288,万洲国际,2026-01-08 00:00:00,8.27,8.31,8.37,8.21,8.943,0.00263,33765559.0,294150204.0,1.4652014652014775,8.19
HK.00288,万洲国际,2026-01-09 00:00:00,8.33,8.14,8.34,8.05,8.769,0.00228,29272758.0,250532138.0,-2.045728038507821,8.31
HK.00288,万洲国际,2026-01-12 00:00:00,8.22,8.22,8.29,8.15,8.851,0.0015,19285679.0,166207640.0,0.9828009828009836,8.14
HK.00288,万洲国际,2026-01-13 00:00:00,8.21,8.19,8.36,8.15,8.82,0.00184,23635877.0,203890478.0,-0.36496350364964886,8.22
HK.00288,万洲国际,2026-01-14 00:00:00,8.26,8.14,8.28,8.07,8.769,0.00246,31575341.0,270167976.0,-0.6105006105005975,8.19
HK.00288,万洲国际,2026-01-15 00:00:00,8.19,8.22,8.28,8.1,8.851,0.00279,35735558.0,307243760.0,0.9828009828009836,8.14
HK.00288,万洲国际,2026-01-16 00:00:00,8.33,8.36,8.43,8.3,8.994,0.00162,20824157.0,182640921.0,1.7031630170316152,8.22
HK.00288,万洲国际,2026-01-19 00:00:00,8.36,8.27,8.49,8.26,8.902,0.00115,14738836.0,129019055.0,-1.0765550239234434,8.36
HK.00288,万洲国际,2026-01-20 00:00:00,8.29,8.2,8.31,8.14,8.83,0.00189,24224744.0,208901922.0,-0.8464328899637278,8.27
HK.00288,万洲国际,2026-01-21 00:00:00,8.28,8.27,8.34,8.15,8.902,0.00271,34791395.0,301036443.0,0.8536585365853694,8.2
HK.00288,万洲国际,2026-01-22 00:00:00,8.36,8.37,8.47,8.28,9.005,0.00275,35337079.0,310187808.0,1.2091898428053163,8.27
HK.00288,万洲国际,2026-01-23 00:00:00,8.5,8.38,8.62,8.37,9.015,0.00213,27286563.0,242106922.0,0.1194743130227188,8.37
HK.00288,万洲国际,2026-01-26 00:00:00,8.39,8.52,8.64,8.38,9.158,0.00129,16497014.0,147514188.0,1.6706443914081,8.38
HK.00288,万洲国际,2026-01-27 00:00:00,8.69,8.73,8.75,8.52,9.374,0.00221,28341906.0,258022218.0,2.4647887323943762,8.52
HK.00288,万洲国际,2026-01-28 00:00:00,8.79,8.76,8.86,8.7,9.405,0.00231,29673532.0,272713790.0,0.34364261168384147,8.73
HK.00288,万洲国际,2026-01-29 00:00:00,8.82,8.95,8.97,8.74,9.6,0.00255,32736268.0,304894399.0,2.168949771689492,8.76
HK.00288,万洲国际,2026-01-30 00:00:00,8.86,8.77,8.89,8.75,9.415,0.00255,32742608.0,302081515.0,-2.011173184357539,8.95
HK.00288,万洲国际,2026-02-02 00:00:00,9.07,8.74,9.07,8.66,9.384,0.00194,24951209.0,228915204.0,-0.3420752565564351,8.77
HK.00288,万洲国际,2026-02-03 00:00:00,8.8,9.0,9.02,8.8,9.651,0.00275,35278149.0,330959240.0,2.9748283752860387,8.74
HK.00288,万洲国际,2026-02-04 00:00:00,9.02,9.07,9.12,8.99,9.723,0.00207,26530595.0,250982346.0,0.777777777777781,9.0
HK.00288,万洲国际,2026-02-05 00:00:00,9.09,9.05,9.16,8.87,9.702,0.00293,37627510.0,354577803.0,-0.22050716648290597,9.07
HK.00288,万洲国际,2026-02-06 00:00:00,9.02,9.03,9.07,8.87,9.682,0.00152,19509234.0,183780032.0,-0.22099447513813644,9.05
HK.00288,万洲国际,2026-02-09 00:00:00,9.12,9.12,9.22,9.04,9.774,0.00158,20242862.0,192382411.0,0.9966777408637859,9.03
HK.00288,万洲国际,2026-02-10 00:00:00,9.09,9.29,9.29,9.09,9.948,0.00259,33291953.0,321374042.0,1.8640350877192977,9.12
HK.00288,万洲国际,2026-02-11 00:00:00,9.36,9.44,9.44,9.22,10.102,0.00272,34923551.0,341642381.0,1.6146393972012958,9.29
HK.00288,万洲国际,2026-02-12 00:00:00,9.42,9.39,9.42,9.25,10.051,0.00368,47230833.0,459657648.0,-0.5296610169491413,9.44
HK.00288,万洲国际,2026-02-13 00:00:00,9.34,9.48,9.48,9.23,10.143,0.00371,47539375.0,467256289.0,0.9584664536741198,9.39
HK.00288,万洲国际,2026-02-16 00:00:00,9.54,9.49,9.54,9.4,10.153,0.0005,6456828.0,63790262.0,0.10548523206750829,9.48
HK.00288,万洲国际,2026-02-20 00:00:00,9.75,9.48,9.75,9.42,10.143,0.00251,32175026.0,319492106.0,-0.10537407797681546,9.49
HK.00288,万洲国际,2026-02-23 00:00:00,9.53,9.54,9.55,9.26,10.205,0.0014,18022751.0,177610851.0,0.6329113924050498,9.48
HK.00288,万洲国际,2026-02-24 00:00:00,9.54,9.98,9.98,9.52,10.656,0.00246,31607573.0,325644215.0,4.612159329140475,9.54
HK.00288,万洲国际,2026-02-25 00:00:00,9.65,9.64,9.85,9.6,10.307,0.0019,24390555.0,246326380.0,-3.4068136272545075,9.98
HK.00288,万洲国际,2026-02-26 00:00:00,9.64,9.55,9.74,9.49,10.215,0.00142,18245475.0,182614839.0,-0.9336099585062225,9.64
HK.00288,万洲国际,2026-02-27 00:00:00,9.55,9.43,9.55,9.34,10.092,0.0036,46214905.0,454283633.0,-1.2565445026178113,9.55
HK.00288,万洲国际,2026-03-02 00:00:00,9.41,9.49,9.7,9.35,10.153,0.00195,24978109.0,247614736.0,0.6362672322375451,9.43
HK.00288,万洲国际,2026-03-03 00:00:00,9.64,9.48,9.68,9.43,10.143,0.00252,32283165.0,320641434.0,-0.10537407797681546,9.49
HK.00288,万洲国际,2026-03-04 00:00:00,9.34,9.21,9.38,9.08,9.866,0.00368,47254362.0,453552295.0,-2.84810126582278,9.48
HK.00288,万洲国际,2026-03-05 00:00:00,9.26,9.18,9.36,9.12,9.835,0.00339,43505225.0,417916706.0,-0.32573289902281366,9.21
HK.00288,万洲国际,2026-03-06 00:00:00,9.12,9.38,9.41,9.12,10.041,0.00238,30577022.0,298003980.0,2.1786492374727784,9.18
HK.00288,万洲国际,2026-03-09 00:00:00,9.07,9.09,9.2,8.9,9.743,0.00227,29069573.0,274148103.0,-3.091684434968027,9.38
HK.00288,万洲国际,2026-03-10 00:00:00,9.18,9.29,9.35,9.18,9.948,0.00237,30440175.0,294833513.0,2.2002200220021924,9.09
HK.00288,万洲国际,2026-03-11 00:00:00,9.22,9.32,9.34,9.17,9.979,0.00156,19998505.0,194120109.0,0.3229278794402706,9.29
HK.00288,万洲国际,2026-03-12 00:00:00,9.32,9.2,9.39,9.14,9.856,0.00173,22171391.0,213333126.0,-1.28755364806868,9.32
HK.00288,万洲国际,2026-03-13 00:00:00,9.19,9.09,9.26,9.05,9.743,0.00202,25970441.0,247386989.0,-1.1956521739130375,9.2
HK.00288,万洲国际,2026-03-16 00:00:00,9.09,9.27,9.32,8.93,9.928,0.00155,19929837.0,191350925.0,1.980198019801977,9.09
HK.00288,万洲国际,2026-03-17 00:00:00,9.35,9.16,9.35,9.11,9.815,0.00146,18700960.0,179318436.0,-1.186623516720598,9.27
HK.00288,万洲国际,2026-03-18 00:00:00,9.18,9.29,9.33,9.18,9.948,0.00145,18610957.0,179937287.0,1.4192139737991156,9.16
HK.00288,万洲国际,2026-03-19 00:00:00,9.25,9.08,9.25,9.03,9.733,0.00136,17459353.0,166356580.0,-2.2604951560817987,9.29
HK.00288,万洲国际,2026-03-20 00:00:00,9.17,9.05,9.2,9.02,9.702,0.00387,49650827.0,470322761.0,-0.3303964757709181,9.08
HK.00288,万洲国际,2026-03-23 00:00:00,8.93,8.73,8.95,8.63,9.374,0.00294,37714589.0,345198784.0,-3.5359116022099477,9.05
HK.00288,万洲国际,2026-03-24 00:00:00,8.9,9.0,9.05,8.79,9.905,0.0017,21773344.0,203822506.0,3.092783505154634,8.73
HK.00288,万洲国际,2026-03-25 00:00:00,9.47,9.67,9.74,9.29,10.61,0.00419,53788590.0,535604077.0,7.444444444444444,9.0
HK.00288,万洲国际,2026-03-26 00:00:00,9.68,9.49,9.68,9.35,10.421,0.00278,35677995.0,352095253.0,-1.8614270941054778,9.67
HK.00288,万洲国际,2026-03-27 00:00:00,9.49,9.89,9.96,9.44,10.842,0.00331,42441859.0,434685430.0,4.214963119072712,9.49
HK.00288,万洲国际,2026-03-30 00:00:00,9.59,9.79,9.95,9.57,10.736,0.0025,32087805.0,327985272.0,-1.0111223458038565,9.89
HK.00288,万洲国际,2026-03-31 00:00:00,9.98,9.85,9.99,9.74,10.8,0.00328,42138395.0,432653394.0,0.6128702757916292,9.79
HK.00288,万洲国际,2026-04-01 00:00:00,9.84,10.05,10.16,9.76,11.01,0.00216,27724925.0,289621715.0,2.030456852791889,9.85
HK.00288,万洲国际,2026-04-02 00:00:00,10.08,10.22,10.23,9.92,11.189,0.00195,25039604.0,264076329.0,1.6915422885572133,10.05
HK.00288,万洲国际,2026-04-08 00:00:00,10.25,10.04,10.36,10.02,11.0,0.00466,59829915.0,629409274.0,-1.7612524461839676,10.22
HK.00288,万洲国际,2026-04-09 00:00:00,10.02,10.03,10.11,9.87,10.989,0.00354,45377444.0,473904558.0,-0.09960159362549591,10.04
HK.00288,万洲国际,2026-04-10 00:00:00,10.34,10.42,10.43,10.12,11.4,0.0031,39758960.0,427130571.0,3.888334995014961,10.03
HK.00288,万洲国际,2026-04-13 00:00:00,10.28,10.26,10.38,10.09,11.231,0.00194,24944104.0,266014821.0,-1.5355086372360858,10.42
HK.00288,万洲国际,2026-04-14 00:00:00,10.29,10.28,10.35,10.2,11.252,0.00188,24076130.0,257191572.0,0.19493177387913815,10.26
HK.00288,万洲国际,2026-04-15 00:00:00,10.28,10.23,10.36,10.17,11.2,0.00211,27111360.0,288574470.0,-0.4863813229571881,10.28
HK.00288,万洲国际,2026-04-16 00:00:00,10.23,10.27,10.32,10.15,11.242,0.00201,25741161.0,274244976.0,0.3910068426197375,10.23
HK.00288,万洲国际,2026-04-17 00:00:00,10.09,10.13,10.27,10.02,11.094,0.00175,22394002.0,236095461.0,-1.3631937682570476,10.27
HK.00288,万洲国际,2026-04-20 00:00:00,10.24,10.18,10.3,10.09,11.147,0.00146,18695056.0,197607482.0,0.49358341559722535,10.13
HK.00288,万洲国际,2026-04-21 00:00:00,10.18,10.41,10.43,10.08,11.389,0.00165,21110204.0,226651723.0,2.259332023575643,10.18
HK.00288,万洲国际,2026-04-22 00:00:00,10.3,10.26,10.42,10.22,11.231,0.00163,20914359.0,223571654.0,-1.4409221902017326,10.41
HK.00288,万洲国际,2026-04-23 00:00:00,10.31,10.2,10.38,10.16,11.168,0.00156,20073374.0,213824778.0,-0.5847953216374318,10.26
HK.00288,万洲国际,2026-04-24 00:00:00,9.93,10.18,10.2,9.87,11.147,0.00236,30248657.0,317897210.0,-0.19607843137254485,10.2
HK.00288,万洲国际,2026-04-27 00:00:00,10.18,10.19,10.26,10.11,11.157,0.00093,11926937.0,126271277.0,0.0982318271119822,10.18
HK.00288,万洲国际,2026-04-28 00:00:00,10.19,10.16,10.42,10.13,11.126,0.00207,26562352.0,281781152.0,-0.29440628066731467,10.19
HK.00288,万洲国际,2026-04-29 00:00:00,9.64,9.55,9.87,9.32,10.484,0.00705,90457842.0,898832631.0,-6.0039370078740095,10.16
HK.00288,万洲国际,2026-04-30 00:00:00,9.43,9.11,9.43,9.04,10.021,0.00653,83722511.0,803963358.0,-4.60732984293195,9.55
HK.00288,万洲国际,2026-05-04 00:00:00,9.39,9.19,9.56,9.17,10.105,0.00154,19711718.0,190227347.0,0.8781558726673994,9.11
HK.00288,万洲国际,2026-05-05 00:00:00,9.19,9.16,9.26,8.97,10.073,0.00122,15616551.0,148762587.0,-0.32644178454841527,9.19
HK.00288,万洲国际,2026-05-06 00:00:00,9.18,9.42,9.44,9.18,10.347,0.0023,29553410.0,288802454.0,2.838427947598251,9.16
HK.00288,万洲国际,2026-05-07 00:00:00,9.61,9.53,9.66,9.49,10.463,0.00375,48092083.0,479263075.0,1.167728237791926,9.42
HK.00288,万洲国际,2026-05-08 00:00:00,9.49,9.39,9.6,9.35,10.315,0.00295,37803794.0,373251764.0,-1.469045120671551,9.53
HK.00288,万洲国际,2026-05-11 00:00:00,9.41,9.42,9.49,9.34,10.347,0.00224,28703193.0,281953054.0,0.31948881789136696,9.39
HK.00288,万洲国际,2026-05-12 00:00:00,9.86,9.34,9.86,9.3,10.263,0.0034,43635658.0,428916119.0,-0.8492569002123149,9.42
HK.00288,万洲国际,2026-05-13 00:00:00,9.4,9.36,9.42,9.18,9.852,0.00277,35524147.0,331788390.0,0.2141327623126293,9.34
HK.00288,万洲国际,2026-05-14 00:00:00,9.45,9.39,9.5,9.29,9.884,0.00192,24647740.0,231304467.0,0.3205128205128327,9.36
HK.00288,万洲国际,2026-05-15 00:00:00,9.39,9.41,9.46,9.28,9.905,0.00217,27897941.0,262149051.0,0.21299254526091133,9.39
HK.00288,万洲国际,2026-05-18 00:00:00,9.41,9.35,9.51,9.31,9.842,0.00141,18113206.0,169656117.0,-0.6376195536663177,9.41
HK.00288,万洲国际,2026-05-19 00:00:00,9.35,9.22,9.38,9.17,9.705,0.00206,26427619.0,244783827.0,-1.3903743315507917,9.35
HK.00288,万洲国际,2026-05-20 00:00:00,9.24,9.29,9.34,9.13,9.778,0.00178,22885775.0,211559284.0,0.759219088937077,9.22
HK.00288,万洲国际,2026-05-21 00:00:00,9.34,9.39,9.54,9.24,9.884,0.00324,41510666.0,390401522.0,1.0764262648008764,9.29
HK.00288,万洲国际,2026-05-22 00:00:00,9.4,9.19,9.43,9.16,9.673,0.00181,23232626.0,214336499.0,-2.1299254526091698,9.39
HK.00288,万洲国际,2026-05-26 00:00:00,9.19,8.72,9.19,8.65,9.178,0.00546,70088414.0,622508242.0,-5.114254624591936,9.19
HK.00288,万洲国际,2026-05-27 00:00:00,8.8,8.81,9.09,8.71,9.273,0.00487,62514328.0,550282524.0,1.0321100917431176,8.72
HK.00288,万洲国际,2026-05-28 00:00:00,8.72,8.79,8.97,8.63,9.252,0.00413,52962186.0,468290776.0,-0.22701475595915266,8.81
HK.00288,万洲国际,2026-05-29 00:00:00,8.73,9.05,9.18,8.66,9.526,0.00915,117424316.0,1059882694.0,2.957906712172942,8.79
HK.00288,万洲国际,2026-06-01 00:00:00,9.05,9.14,9.19,8.93,9.621,0.00508,65145526.0,592787283.0,0.9944751381215453,9.05
HK.00288,万洲国际,2026-06-02 00:00:00,9.1,9.1,9.22,9.03,9.578,0.00332,42532775.0,388484891.0,-0.43763676148797503,9.14
HK.00288,万洲国际,2026-06-03 00:00:00,9.2,9.0,9.23,8.94,9.473,0.00225,28905844.0,260899042.0,-1.098901098901095,9.1
HK.00288,万洲国际,2026-06-04 00:00:00,9.0,8.9,9.05,8.85,9.368,0.00192,24613577.0,219495398.0,-1.1111111111111072,9.0
HK.00288,万洲国际,2026-06-05 00:00:00,8.9,8.99,9.01,8.86,9.463,0.00305,39094500.0,350249319.0,1.0112359550561782,8.9
HK.00288,万洲国际,2026-06-08 00:00:00,8.99,8.97,9.07,8.85,9.442,0.00313,40207966.0,360303899.0,-0.22246941045605756,8.99
HK.00288,万洲国际,2026-06-09 00:00:00,8.99,8.79,9.07,8.78,9.252,0.00285,36586865.0,323677632.0,-2.0066889632107188,8.97
HK.00288,万洲国际,2026-06-10 00:00:00,8.86,8.75,8.93,8.64,9.21,0.00306,39249903.0,343377421.0,-0.4550625711035171,8.79
HK.00288,万洲国际,2026-06-11 00:00:00,8.62,8.83,8.9,8.62,9.294,0.00348,44621996.0,391879667.0,0.914285714285715,8.75
HK.00288,万洲国际,2026-06-12 00:00:00,8.91,8.82,8.99,8.76,9.284,0.00242,31006320.0,274232597.0,-0.1132502831257054,8.83
HK.00288,万洲国际,2026-06-15 00:00:00,8.93,8.85,8.98,8.82,9.315,0.00163,20949562.0,185725044.0,0.3401360544217614,8.82
HK.00288,万洲国际,2026-06-16 00:00:00,8.9,8.9,8.96,8.84,9.368,0.00197,25220574.0,224312851.0,0.5649717514124375,8.85
HK.00288,万洲国际,2026-06-17 00:00:00,8.87,8.88,8.94,8.8,9.347,0.00266,34153891.0,303626929.0,-0.22471910112359073,8.9
HK.00288,万洲国际,2026-06-18 00:00:00,8.88,8.57,8.88,8.45,9.021,0.00598,76739051.0,658357690.0,-3.4909909909909964,8.88
HK.00288,万洲国际,2026-06-22 00:00:00,9.2,8.61,9.2,8.52,9.063,0.00328,42126290.0,366701392.0,0.46674445740955833,8.57
HK.00288,万洲国际,2026-06-23 00:00:00,8.65,8.59,8.74,8.54,9.042,0.00419,53711200.0,465247604.0,-0.232288037166081,8.61
HK.00288,万洲国际,2026-06-24 00:00:00,8.58,8.58,8.71,8.52,9.031,0.00221,28395972.0,244040472.0,-0.11641443538998589,8.59
HK.00288,万洲国际,2026-06-25 00:00:00,8.63,8.44,8.69,8.42,8.884,0.00243,31188179.0,264905499.0,-1.6317016317016382,8.58
HK.00288,万洲国际,2026-06-26 00:00:00,8.52,8.5,8.57,8.39,8.947,0.00269,34528555.0,293208057.0,0.7109004739336553,8.44
HK.00288,万洲国际,2026-06-29 00:00:00,8.5,8.49,8.5,8.28,8.936,0.00275,35245748.0,297775628.0,-0.11764705882352691,8.5
HK.00288,万洲国际,2026-06-30 00:00:00,8.49,8.29,8.51,8.22,8.726,0.00624,80026318.0,663604901.0,-2.355712603062439,8.49
HK.00288,万洲国际,2026-07-02 00:00:00,8.34,8.54,8.63,8.29,8.989,0.00314,40226501.0,342705479.0,3.015681544028951,8.29
HK.00288,万洲国际,2026-07-03 00:00:00,8.54,8.82,8.82,8.51,9.284,0.00212,27259803.0,238243013.0,3.2786885245901773,8.54
HK.00288,万洲国际,2026-07-06 00:00:00,8.81,8.5,8.88,8.44,8.947,0.00274,35128208.0,303309781.0,-3.6281179138322024,8.82
HK.00288,万洲国际,2026-07-07 00:00:00,8.45,8.29,8.53,8.2,8.726,0.00355,45497151.0,378075147.0,-2.4705882352941275,8.5
HK.00288,万洲国际,2026-07-08 00:00:00,8.2,7.84,8.21,7.67,8.252,0.00691,88704439.0,692880199.0,-5.428226779252103,8.29
HK.00288,万洲国际,2026-07-09 00:00:00,7.95,7.76,8.0,7.67,8.168,0.00363,46541069.0,361619072.0,-1.020408163265307,7.84
HK.00288,万洲国际,2026-07-10 00:00:00,7.92,7.94,7.99,7.87,8.357,0.00354,45437635.0,360188238.0,2.319587628865987,7.76
HK.00288,万洲国际,2026-07-13 00:00:00,7.94,8.0,8.07,7.9,8.421,0.00188,24113175.0,192530199.0,0.7556675062972242,7.94
HK.00288,万洲国际,2026-07-14 00:00:00,8.03,8.11,8.11,7.95,8.536,0.00201,25804669.0,207692999.0,1.374999999999993,8.0
HK.00288,万洲国际,2026-07-15 00:00:00,8.17,8.12,8.17,7.98,8.547,0.00199,25559568.0,206874339.0,0.12330456226880132,8.11
HK.00288,万洲国际,2026-07-16 00:00:00,8.12,8.3,8.31,8.1,8.736,0.00176,22624307.0,186663958.0,2.216748768472925,8.12
HK.00288,万洲国际,2026-07-17 00:00:00,8.29,8.24,8.4,8.17,8.673,0.00255,32720723.0,269560618.0,-0.7228915662650661,8.3
HK.00288,万洲国际,2026-07-20 00:00:00,8.24,8.31,8.31,8.1,8.747,0.00214,27502314.0,227184582.0,0.8495145631067995,8.24
HK.00288,万洲国际,2026-07-21 00:00:00,8.35,8.23,8.38,8.15,8.663,0.00255,32738190.0,269955290.0,-0.9626955475330934,8.31
HK.00288,万洲国际,2026-07-22 00:00:00,8.15,8.35,8.44,8.1,8.789,0.00208,26673706.0,221903778.0,1.458080194410683,8.23
HK.00288,万洲国际,2026-07-23 00:00:00,8.35,8.4,8.48,8.32,8.842,0.0023,29477566.0,247326867.0,0.5988023952095893,8.35
HK.00288,万洲国际,2026-07-24 00:00:00,8.35,8.35,8.44,8.31,8.789,0.00214,27396648.0,229139993.0,-0.5952380952381037,8.4
HK.00288,万洲国际,2026-07-27 00:00:00,8.35,8.38,8.43,8.26,8.821,0.00191,24530500.0,205556066.0,0.3592814371257621,8.35
HK.00288,万洲国际,2026-07-28 00:00:00,8.35,8.4,8.52,8.3,8.842,0.00404,51845017.0,434016151.0,0.23866348448686842,8.38
HK.00288,万洲国际,2026-07-29 00:00:00,8.44,8.51,8.53,8.4,8.957,0.00254,32529890.0,276203899.0,1.3095238095238027,8.4
HK.00288,万洲国际,2026-07-30 00:00:00,8.52,8.62,8.68,8.51,9.073,0.0033,42309437.0,364299413.0,1.2925969447708512,8.51
HK.00288,万洲国际,2026-07-31 00:00:00,8.62,8.45,8.62,8.4,8.894,0.00582,74695956.0,632177382.0,-1.972157772621809,8.62
HK.00288,万洲国际,2026-08-03 00:00:00,8.43,8.415,8.52,8.365,8.857,0.00371,47662018.0,400980689.0,-0.4142011834319544,8.45
HK.00288,万洲国际,2026-08-04 00:00:00,8.42,8.205,8.485,8.185,8.636,0.00351,44992140.0,372368214.0,-2.4955436720142496,8.415
HK.00288,万洲国际,2026-08-05 00:00:00,8.205,8.275,8.31,8.115,8.71,0.00256,32840481.0,270517096.0,0.8531383302864142,8.205
HK.00288,万洲国际,2026-08-06 00:00:00,8.31,8.22,8.37,8.135,8.652,0.00329,42151461.0,346073733.0,-0.6646525679758274,8.275
HK.00288,万洲国际,2026-08-07 00:00:00,8.19,7.965,8.21,7.645,8.384,0.00624,80108576.0,632381777.0,-3.1021897810219072,8.22
HK.00288,万洲国际,2026-08-10 00:00:00,8.075,8.055,8.105,7.955,8.478,0.00321,41198687.0,331188814.0,1.129943502824857,7.965
HK.00288,万洲国际,2026-08-11 00:00:00,8.07,8.16,8.16,7.98,8.589,0.00242,31004628.0,251177923.0,1.3035381750465602,8.055
HK.00288,万洲国际,2026-08-12 00:00:00,8.05,7.925,8.05,7.685,8.342,0.00701,89998363.0,704652951.0,-2.8799019607843177,8.16
HK.00288,万洲国际,2026-08-13 00:00:00,7.92,7.855,8.01,7.82,8.268,0.00246,31538605.0,248886935.0,-0.8832807570977841,7.925
HK.00288,万洲国际,2026-08-14 00:00:00,7.855,7.885,7.905,7.765,8.3,0.00159,20453298.0,161106647.0,0.38192234245702555,7.855
HK.00288,万洲国际,2026-08-17 00:00:00,7.885,8.01,8.03,7.845,8.431,0.00173,22164335.0,176836926.0,1.5852885225110973,7.885
HK.00288,万洲国际,2026-08-18 00:00:00,8.0,8.145,8.155,7.91,8.573,0.00236,30218992.0,245262869.0,1.6853932584269637,8.01
HK.00288,万洲国际,2026-08-19 00:00:00,8.145,8.12,8.17,8.04,8.547,0.00212,27150258.0,220652117.0,-0.3069367710251732,8.145
HK.00288,万洲国际,2026-08-20 00:00:00,8.15,8.15,8.195,8.055,8.578,0.00239,30683993.0,249502802.0,0.36945812807883177,8.12
HK.00288,万洲国际,2026-08-21 00:00:00,8.18,8.205,8.28,8.135,8.636,0.00145,18572145.0,151994415.0,0.6748466257668676,8.15
