code,name,time_key,open,close,high,low,pe_ratio,turnover_rate,volume,turnover,change_rate,last_close
HK.02618,京东物流,2021-05-28 00:00:00,46.05,41.7,47.75,41.25,0.0,0.02605,158666916.0,7166974069.0,3.320118929633309,40.36
HK.02618,京东物流,2021-05-31 00:00:00,41.7,41.55,43.2,40.4,0.0,0.00391,23839000.0,998166022.0,-0.3597122302158409,41.7
HK.02618,京东物流,2021-06-01 00:00:00,43.15,45.8,46.05,42.2,0.0,0.00696,42380110.0,1877928517.0,10.22864019253911,41.55
HK.02618,京东物流,2021-06-02 00:00:00,46.0,45.4,48.15,45.0,0.0,0.0077,46880752.0,2187613236.0,-0.8733624454148442,45.8
HK.02618,京东物流,2021-06-03 00:00:00,45.5,47.0,47.0,45.5,0.0,0.00349,21285150.0,983273347.0,3.524229074889871,45.4
HK.02618,京东物流,2021-06-04 00:00:00,46.5,46.95,47.9,46.35,0.0,0.00328,19974835.0,944803274.0,-0.1063829787233982,47.0
HK.02618,京东物流,2021-06-07 00:00:00,47.5,45.9,47.5,45.5,0.0,0.00179,10892372.0,499762921.0,-2.2364217252396257,46.95
HK.02618,京东物流,2021-06-08 00:00:00,46.0,45.3,46.15,44.2,0.0,0.00213,12963544.0,581227441.0,-1.3071895424836633,45.9
HK.02618,京东物流,2021-06-09 00:00:00,45.4,44.65,45.7,44.5,0.0,0.00097,5893300.0,265120137.0,-1.4348785871964649,45.3
HK.02618,京东物流,2021-06-10 00:00:00,44.65,43.9,45.2,43.85,0.0,0.00127,7720218.0,342461590.0,-1.6797312430011198,44.65
HK.02618,京东物流,2021-06-11 00:00:00,45.5,42.75,45.8,42.75,0.0,0.00265,16151882.0,705895859.0,-2.6195899772209534,43.9
HK.02618,京东物流,2021-06-15 00:00:00,43.25,42.0,43.25,41.8,0.0,0.00137,8373600.0,353188332.0,-1.7543859649122806,42.75
HK.02618,京东物流,2021-06-16 00:00:00,42.0,41.6,42.45,41.25,0.0,0.00092,5603353.0,234435337.0,-0.952380952380949,42.0
HK.02618,京东物流,2021-06-17 00:00:00,41.6,42.0,43.65,40.85,0.0,0.00127,7761394.0,328308391.0,0.9615384615384581,41.6
HK.02618,京东物流,2021-06-18 00:00:00,42.1,41.9,43.0,41.6,0.0,0.00081,4950420.0,208375321.0,-0.2380952380952415,42.0
HK.02618,京东物流,2021-06-21 00:00:00,41.15,41.0,41.3,40.5,0.0,0.00121,7371500.0,301803434.0,-2.147971360381858,41.9
HK.02618,京东物流,2021-06-22 00:00:00,41.5,41.05,41.95,40.95,0.0,0.00082,4985237.0,206255139.0,0.12195121951218818,41.0
HK.02618,京东物流,2021-06-23 00:00:00,41.55,40.9,41.55,40.75,0.0,0.00075,4618220.0,189042490.0,-0.36540803897685403,41.05
HK.02618,京东物流,2021-06-24 00:00:00,41.05,40.85,41.4,40.45,0.0,0.00078,4841341.0,196945783.0,-0.12224938875304929,40.9
HK.02618,京东物流,2021-06-25 00:00:00,40.95,41.3,41.5,40.95,0.0,0.00075,4646820.0,191891712.0,1.1015911872704913,40.85
HK.02618,京东物流,2021-06-28 00:00:00,41.3,42.0,42.45,41.25,0.0,0.00055,3412711.0,143181169.0,1.6949152542372952,41.3
HK.02618,京东物流,2021-06-29 00:00:00,41.9,42.05,42.35,41.6,0.0,0.00049,3045512.0,127782277.0,0.11904761904761227,42.0
HK.02618,京东物流,2021-06-30 00:00:00,42.05,42.3,43.1,41.8,0.0,0.00114,7061868.0,300175554.0,0.5945303210463734,42.05
HK.02618,京东物流,2021-07-02 00:00:00,42.5,41.4,42.65,41.05,0.0,0.0007,4345350.0,180140805.0,-2.127659574468082,42.3
HK.02618,京东物流,2021-07-05 00:00:00,41.3,40.5,41.85,40.5,0.0,0.00075,4648000.0,189767230.0,-2.173913043478257,41.4
HK.02618,京东物流,2021-07-06 00:00:00,40.8,39.0,40.9,36.75,0.0,0.00224,13880676.0,534733265.0,-3.7037037037037033,40.5
HK.02618,京东物流,2021-07-07 00:00:00,38.55,39.25,39.35,37.7,0.0,0.00082,5068127.0,195963758.0,0.641025641025641,39.0
HK.02618,京东物流,2021-07-08 00:00:00,39.5,38.25,39.55,37.7,0.0,0.0009,5576583.0,212627922.0,-2.547770700636943,39.25
HK.02618,京东物流,2021-07-09 00:00:00,38.25,38.7,38.9,38.0,0.0,0.00049,3021607.0,116223481.0,1.1764705882353015,38.25
HK.02618,京东物流,2021-07-12 00:00:00,39.1,38.6,39.1,38.15,0.0,0.00035,2176900.0,83872982.0,-0.2583979328165411,38.7
HK.02618,京东物流,2021-07-13 00:00:00,38.6,39.6,39.8,38.45,0.0,0.00057,3511035.0,137488549.0,2.5906735751295336,38.6
HK.02618,京东物流,2021-07-14 00:00:00,40.0,39.15,40.0,39.0,0.0,0.0005,3084700.0,121658562.0,-1.1363636363636436,39.6
HK.02618,京东物流,2021-07-15 00:00:00,39.45,39.0,39.5,38.6,0.0,0.00035,2167500.0,84542289.0,-0.3831417624521037,39.15
HK.02618,京东物流,2021-07-16 00:00:00,38.9,38.0,39.05,37.8,0.0,0.00073,4540400.0,173679137.0,-2.564102564102564,39.0
HK.02618,京东物流,2021-07-19 00:00:00,37.9,37.15,37.95,36.65,0.0,0.00102,6321831.0,233847913.0,-2.2368421052631615,38.0
HK.02618,京东物流,2021-07-20 00:00:00,37.15,36.6,37.25,36.5,0.0,0.00088,5446300.0,199713866.0,-1.4804845222072602,37.15
HK.02618,京东物流,2021-07-21 00:00:00,36.95,34.55,37.25,34.5,0.0,0.00179,11058600.0,388098038.0,-5.601092896174875,36.6
HK.02618,京东物流,2021-07-22 00:00:00,34.75,34.8,35.55,34.6,0.0,0.00089,5503634.0,192717996.0,0.7235890014471781,34.55
HK.02618,京东物流,2021-07-23 00:00:00,34.9,34.2,35.15,34.0,0.0,0.00053,3248430.0,112402559.0,-1.7241379310344664,34.8
HK.02618,京东物流,2021-07-26 00:00:00,33.95,30.1,33.95,30.05,0.0,0.00282,17415389.0,540464243.0,-11.988304093567255,34.2
HK.02618,京东物流,2021-07-27 00:00:00,30.0,26.8,30.9,26.1,0.0,0.00372,22991845.0,630178388.0,-10.963455149501664,30.1
HK.02618,京东物流,2021-07-28 00:00:00,27.1,27.4,27.55,25.25,0.0,0.00216,13368280.0,353265744.0,2.2388059701492455,26.8
HK.02618,京东物流,2021-07-29 00:00:00,28.55,29.25,30.1,27.8,0.0,0.00167,10330775.0,301517614.0,6.751824817518254,27.4
HK.02618,京东物流,2021-07-30 00:00:00,28.6,28.05,29.05,27.2,0.0,0.00066,4063760.0,113025086.0,-4.1025641025641,29.25
HK.02618,京东物流,2021-08-02 00:00:00,28.05,29.2,29.4,27.15,0.0,0.00054,3308500.0,95194017.0,4.099821746880565,28.05
HK.02618,京东物流,2021-08-03 00:00:00,29.5,28.3,29.8,27.65,0.0,0.00072,4466200.0,125905680.0,-3.0821917808219133,29.2
HK.02618,京东物流,2021-08-04 00:00:00,28.3,29.4,29.55,28.15,0.0,0.0006,3739272.0,108713997.0,3.8869257950529956,28.3
HK.02618,京东物流,2021-08-05 00:00:00,29.5,28.8,29.65,28.5,0.0,0.00048,2978307.0,86402584.0,-2.040816326530605,29.4
HK.02618,京东物流,2021-08-06 00:00:00,29.3,28.65,29.5,28.0,0.0,0.00049,3034599.0,86750322.0,-0.5208333333333408,28.8
HK.02618,京东物流,2021-08-09 00:00:00,28.6,28.8,29.15,28.3,0.0,0.0003,1873700.0,54008989.0,0.5235602094240912,28.65
HK.02618,京东物流,2021-08-10 00:00:00,29.0,30.15,30.45,28.9,0.0,0.00065,3993200.0,118656899.0,4.687499999999992,28.8
HK.02618,京东物流,2021-08-11 00:00:00,30.2,31.05,31.3,29.75,0.0,0.00096,5950415.0,182471344.0,2.985074626865679,30.15
HK.02618,京东物流,2021-08-12 00:00:00,31.05,29.35,31.05,29.3,0.0,0.00091,5649285.0,168541729.0,-5.475040257648951,31.05
HK.02618,京东物流,2021-08-13 00:00:00,29.25,28.45,29.7,28.45,0.0,0.00064,3932149.0,113481517.0,-3.0664395229983037,29.35
HK.02618,京东物流,2021-08-16 00:00:00,28.4,27.3,28.45,26.9,0.0,0.00111,6857048.0,187905941.0,-4.042179261862913,28.45
HK.02618,京东物流,2021-08-17 00:00:00,26.9,27.05,28.25,26.8,0.0,0.00082,5083798.0,138525958.0,-0.9157509157509158,27.3
HK.02618,京东物流,2021-08-18 00:00:00,27.05,27.3,28.15,27.05,0.0,0.00061,3769520.0,103740764.0,0.9242144177449167,27.05
HK.02618,京东物流,2021-08-19 00:00:00,27.3,26.6,27.9,26.5,0.0,0.00062,3860113.0,104292007.0,-2.5641025641025617,27.3
HK.02618,京东物流,2021-08-20 00:00:00,26.6,25.05,26.95,25.0,0.0,0.00144,8902612.0,227185799.0,-5.827067669172934,26.6
HK.02618,京东物流,2021-08-23 00:00:00,25.05,24.95,26.3,24.9,0.0,0.00113,7001600.0,178407299.0,-0.3992015968063929,25.05
HK.02618,京东物流,2021-08-24 00:00:00,25.55,26.75,27.6,25.55,0.0,0.00181,11184212.0,296571168.0,7.214428857715434,24.95
HK.02618,京东物流,2021-08-25 00:00:00,27.7,28.35,28.7,27.3,0.0,0.0018,11101500.0,312574992.0,5.981308411214958,26.75
HK.02618,京东物流,2021-08-26 00:00:00,28.6,28.95,29.5,28.05,0.0,0.00184,11398190.0,328595533.0,2.1164021164021087,28.35
HK.02618,京东物流,2021-08-27 00:00:00,29.1,30.6,30.7,28.6,0.0,0.00215,13282300.0,399739159.0,5.699481865284982,28.95
HK.02618,京东物流,2021-08-30 00:00:00,31.0,33.15,33.3,30.8,0.0,0.00218,13503420.0,437244681.0,8.333333333333323,30.6
HK.02618,京东物流,2021-08-31 00:00:00,33.25,33.6,33.65,32.05,0.0,0.00131,8125750.0,267800367.0,1.357466063348425,33.15
HK.02618,京东物流,2021-09-01 00:00:00,33.9,33.2,33.9,32.2,0.0,0.00107,6608490.0,215870001.0,-1.1904761904761862,33.6
HK.02618,京东物流,2021-09-02 00:00:00,33.0,34.0,34.2,32.75,0.0,0.00133,8234385.0,274969475.0,2.4096385542168584,33.2
HK.02618,京东物流,2021-09-03 00:00:00,34.0,33.85,34.2,33.05,0.0,0.00291,17991039.0,606954946.0,-0.4411764705882311,34.0
HK.02618,京东物流,2021-09-06 00:00:00,33.85,35.0,35.2,33.7,0.0,0.00117,7218516.0,250629870.0,3.3973412112259926,33.85
HK.02618,京东物流,2021-09-07 00:00:00,35.0,35.0,36.0,34.9,0.0,0.00107,6620892.0,235273565.0,0.0,35.0
HK.02618,京东物流,2021-09-08 00:00:00,35.3,34.75,35.95,34.55,0.0,0.00078,4810620.0,169133885.0,-0.7142857142857143,35.0
HK.02618,京东物流,2021-09-09 00:00:00,34.75,33.5,34.75,33.15,0.0,0.00071,4361000.0,146772339.0,-3.597122302158273,34.75
HK.02618,京东物流,2021-09-10 00:00:00,33.95,35.7,36.0,33.8,0.0,0.00102,6301450.0,223732642.0,6.567164179104486,33.5
HK.02618,京东物流,2021-09-13 00:00:00,35.7,34.3,35.7,33.85,0.0,0.00097,6026100.0,207873525.0,-3.921568627450996,35.7
HK.02618,京东物流,2021-09-14 00:00:00,34.45,32.7,34.55,31.6,0.0,0.00143,8867300.0,288137391.0,-4.664723032069955,34.3
HK.02618,京东物流,2021-09-15 00:00:00,32.65,31.8,32.8,31.2,0.0,0.00077,4787100.0,152242312.0,-2.752293577981658,32.7
HK.02618,京东物流,2021-09-16 00:00:00,32.2,31.9,32.2,30.3,0.0,0.00073,4522915.0,140160322.0,0.3144654088050247,31.8
HK.02618,京东物流,2021-09-17 00:00:00,32.3,31.95,32.5,31.1,0.0,0.0005,3063299.0,98024883.0,0.15673981191222794,31.9
HK.02618,京东物流,2021-09-20 00:00:00,31.95,32.55,32.7,29.8,0.0,0.00057,3494625.0,109520137.0,1.8779342723004628,31.95
HK.02618,京东物流,2021-09-21 00:00:00,32.55,32.0,32.7,31.7,0.0,0.00038,2329600.0,74947037.0,-1.689708141321036,32.55
HK.02618,京东物流,2021-09-23 00:00:00,32.8,31.25,33.5,31.1,0.0,0.00079,4864680.0,155537134.0,-2.34375,32.0
HK.02618,京东物流,2021-09-24 00:00:00,31.9,31.65,32.15,31.25,0.0,0.00032,1968200.0,62368330.0,1.2799999999999954,31.25
HK.02618,京东物流,2021-09-27 00:00:00,31.65,31.85,32.3,31.6,0.0,0.00032,1997200.0,63757950.0,0.631911532385475,31.65
HK.02618,京东物流,2021-09-28 00:00:00,31.9,31.3,32.7,31.3,0.0,0.00071,4380800.0,139973914.0,-1.7268445839874433,31.85
HK.02618,京东物流,2021-09-29 00:00:00,31.0,31.65,32.65,30.4,0.0,0.0008,4977000.0,157935250.0,1.1182108626198015,31.3
HK.02618,京东物流,2021-09-30 00:00:00,31.55,32.4,32.95,31.35,0.0,0.00038,2358017.0,76615763.0,2.3696682464454977,31.65
HK.02618,京东物流,2021-10-04 00:00:00,32.4,32.1,32.9,31.7,0.0,0.00028,1755650.0,56330360.0,-0.9259259259259172,32.4
HK.02618,京东物流,2021-10-05 00:00:00,31.65,31.7,32.05,31.1,0.0,0.00029,1801100.0,57051540.0,-1.2461059190031218,32.1
HK.02618,京东物流,2021-10-06 00:00:00,31.7,31.25,31.95,30.8,0.0,0.00026,1598750.0,49671915.0,-1.419558359621449,31.7
HK.02618,京东物流,2021-10-07 00:00:00,32.05,31.9,32.5,31.75,0.0,0.00055,3411054.0,109583811.0,2.079999999999995,31.25
HK.02618,京东物流,2021-10-08 00:00:00,31.9,30.75,32.45,30.5,0.0,0.00076,4681917.0,146082887.0,-3.605015673981187,31.9
HK.02618,京东物流,2021-10-11 00:00:00,30.85,31.0,31.6,30.85,0.0,0.00045,2799600.0,87057585.0,0.8130081300813009,30.75
HK.02618,京东物流,2021-10-12 00:00:00,30.1,30.3,31.15,30.1,0.0,0.0004,2471000.0,75449260.0,-2.2580645161290303,31.0
HK.02618,京东物流,2021-10-15 00:00:00,30.6,29.9,30.85,29.6,0.0,0.00062,3823560.0,115034063.0,-1.320132013201327,30.3
HK.02618,京东物流,2021-10-18 00:00:00,29.9,29.75,29.95,28.7,0.0,0.00069,4260967.0,124487992.0,-0.5016722408026708,29.9
HK.02618,京东物流,2021-10-19 00:00:00,29.75,30.4,30.5,29.35,0.0,0.00041,2520875.0,75866895.0,2.1848739495798273,29.75
HK.02618,京东物流,2021-10-20 00:00:00,30.75,31.05,31.3,30.55,0.0,0.00075,4615616.0,143028974.0,2.138157894736849,30.4
HK.02618,京东物流,2021-10-21 00:00:00,31.0,31.9,32.35,30.85,0.0,0.00096,5945730.0,188841264.0,2.7375201288244697,31.05
HK.02618,京东物流,2021-10-22 00:00:00,32.3,32.6,33.0,31.75,0.0,0.00073,4485200.0,146067957.0,2.194357366771169,31.9
HK.02618,京东物流,2021-10-25 00:00:00,32.5,32.1,32.7,31.85,0.0,0.0004,2447900.0,78836950.0,-1.5337423312883436,32.6
HK.02618,京东物流,2021-10-26 00:00:00,32.1,32.65,32.85,32.1,0.0,0.00063,3870550.0,125926881.0,1.7133956386292746,32.1
HK.02618,京东物流,2021-10-27 00:00:00,32.45,31.7,32.45,31.65,0.0,0.00031,1926460.0,61526198.0,-2.9096477794793243,32.65
HK.02618,京东物流,2021-10-28 00:00:00,31.75,30.9,32.15,30.7,0.0,0.00042,2622100.0,81945327.0,-2.5236593059936934,31.7
HK.02618,京东物流,2021-10-29 00:00:00,31.0,30.75,31.2,30.3,0.0,0.00032,1969361.0,60417582.0,-0.48543689320387895,30.9
HK.02618,京东物流,2021-11-01 00:00:00,30.65,30.6,30.85,29.75,0.0,0.00042,2594520.0,78544815.0,-0.48780487804877587,30.75
HK.02618,京东物流,2021-11-02 00:00:00,31.4,31.3,32.45,31.2,0.0,0.00079,4912820.0,156136859.0,2.2875816993464024,30.6
HK.02618,京东物流,2021-11-03 00:00:00,31.0,30.55,31.35,30.15,0.0,0.00034,2112415.0,64627708.0,-2.3961661341853033,31.3
HK.02618,京东物流,2021-11-04 00:00:00,30.7,32.55,32.55,30.65,0.0,0.00107,6622600.0,211544417.0,6.546644844517173,30.55
HK.02618,京东物流,2021-11-05 00:00:00,31.8,32.0,32.45,31.4,0.0,0.00043,2672286.0,85724571.0,-1.689708141321036,32.55
HK.02618,京东物流,2021-11-08 00:00:00,31.2,31.8,32.45,31.2,0.0,0.00034,2082108.0,66490552.0,-0.6249999999999978,32.0
HK.02618,京东物流,2021-11-09 00:00:00,31.85,32.9,33.2,31.65,0.0,0.00145,8965799.0,291175872.0,3.459119496855339,31.8
HK.02618,京东物流,2021-11-10 00:00:00,32.8,32.75,33.15,32.3,0.0,0.00085,5237818.0,171258228.0,-0.45592705167172826,32.9
HK.02618,京东物流,2021-11-11 00:00:00,32.8,33.4,33.75,32.5,0.0,0.00121,7453280.0,247955876.0,1.9847328244274764,32.75
HK.02618,京东物流,2021-11-12 00:00:00,33.6,32.05,33.8,31.6,0.0,0.0014,8656537.0,277653110.0,-4.041916167664675,33.4
HK.02618,京东物流,2021-11-15 00:00:00,32.05,30.1,32.4,30.05,0.0,0.00133,8213404.0,251549856.0,-6.084243369734777,32.05
HK.02618,京东物流,2021-11-16 00:00:00,30.0,30.55,30.75,29.4,0.0,0.00097,6001400.0,181681545.0,1.4950166112956786,30.1
HK.02618,京东物流,2021-11-17 00:00:00,30.2,31.1,31.2,30.2,0.0,0.00061,3753004.0,115556018.0,1.800327332242228,30.55
HK.02618,京东物流,2021-11-18 00:00:00,30.8,30.7,31.3,30.6,0.0,0.00046,2849950.0,87790138.0,-1.2861736334405212,31.1
HK.02618,京东物流,2021-11-19 00:00:00,30.6,31.5,31.65,30.4,0.0,0.00102,6306140.0,195965169.0,2.605863192182413,30.7
HK.02618,京东物流,2021-11-22 00:00:00,31.45,29.9,31.45,29.7,0.0,0.00141,8690500.0,260746057.0,-5.079365079365084,31.5
HK.02618,京东物流,2021-11-23 00:00:00,29.75,28.3,29.75,28.1,0.0,0.00165,10220600.0,290585368.0,-5.351170568561866,29.9
HK.02618,京东物流,2021-11-24 00:00:00,27.8,27.65,28.2,27.5,0.0,0.00102,6306956.0,174690211.0,-2.296819787985873,28.3
HK.02618,京东物流,2021-11-25 00:00:00,27.7,27.3,27.9,27.05,0.0,0.00089,5506950.0,149783922.0,-1.265822784810119,27.65
HK.02618,京东物流,2021-11-26 00:00:00,27.05,26.15,27.3,26.1,0.0,0.0014,8627560.0,228602481.0,-4.212454212454221,27.3
HK.02618,京东物流,2021-11-29 00:00:00,26.2,25.0,26.6,25.0,0.0,0.00234,14480261.0,370982216.0,-4.397705544933073,26.15
HK.02618,京东物流,2021-11-30 00:00:00,25.2,24.75,25.5,24.55,0.0,0.00253,15649231.0,391034229.0,-1.0,25.0
HK.02618,京东物流,2021-12-01 00:00:00,25.45,24.9,25.45,24.7,0.0,0.00148,9128603.0,227264831.0,0.6060606060606003,24.75
HK.02618,京东物流,2021-12-02 00:00:00,24.8,26.3,27.1,24.6,0.0,0.00289,17843133.0,470194887.0,5.622489959839366,24.9
HK.02618,京东物流,2021-12-03 00:00:00,26.05,25.75,26.45,25.7,0.0,0.00155,9570216.0,249159756.0,-2.0912547528517136,26.3
HK.02618,京东物流,2021-12-06 00:00:00,25.35,25.15,26.3,25.05,0.0,0.00079,4875339.0,124699513.0,-2.3300970873786464,25.75
HK.02618,京东物流,2021-12-07 00:00:00,25.8,26.9,27.05,25.6,0.0,0.00129,7967636.0,211190606.0,6.958250497017893,25.15
HK.02618,京东物流,2021-12-08 00:00:00,27.0,27.2,27.6,26.95,0.0,0.00139,8610452.0,234599110.0,1.115241635687735,26.9
HK.02618,京东物流,2021-12-09 00:00:00,27.2,28.3,28.7,27.05,0.0,0.00136,8380399.0,236085560.0,4.044117647058829,27.2
HK.02618,京东物流,2021-12-10 00:00:00,28.35,28.0,28.5,27.7,0.0,0.00084,5192300.0,145735977.0,-1.0600706713780943,28.3
HK.02618,京东物流,2021-12-13 00:00:00,28.1,28.6,29.05,28.1,0.0,0.0011,6791047.0,194490552.0,2.142857142857148,28.0
HK.02618,京东物流,2021-12-14 00:00:00,28.2,27.45,28.35,27.3,0.0,0.0013,8021143.0,224176880.0,-4.020979020979029,28.6
HK.02618,京东物流,2021-12-15 00:00:00,27.95,26.95,27.95,26.7,0.0,0.00068,4205113.0,113742271.0,-1.8214936247723135,27.45
HK.02618,京东物流,2021-12-16 00:00:00,26.85,27.8,28.1,26.6,0.0,0.00069,4236710.0,116050855.0,3.1539888682745874,26.95
HK.02618,京东物流,2021-12-17 00:00:00,28.15,27.05,28.15,27.0,0.0,0.00296,18280990.0,496936688.0,-2.697841726618705,27.8
HK.02618,京东物流,2021-12-20 00:00:00,26.8,25.95,27.25,25.85,0.0,0.00055,3397964.0,89809540.0,-4.066543438077639,27.05
HK.02618,京东物流,2021-12-21 00:00:00,25.9,26.05,26.3,25.65,0.0,0.0006,3682458.0,95835580.0,0.3853564547206221,25.95
HK.02618,京东物流,2021-12-22 00:00:00,26.3,26.45,26.9,26.05,0.0,0.00053,3279369.0,86605056.0,1.535508637236079,26.05
HK.02618,京东物流,2021-12-23 00:00:00,26.35,26.35,26.75,26.0,0.0,0.00044,2700914.0,71581012.0,-0.37807183364838515,26.45
HK.02618,京东物流,2021-12-24 00:00:00,26.35,26.95,26.95,26.2,0.0,0.00018,1113500.0,29651854.0,2.2770398481973353,26.35
HK.02618,京东物流,2021-12-28 00:00:00,26.9,26.55,26.9,26.0,0.0,0.00028,1715331.0,45255696.0,-1.4842300556586219,26.95
HK.02618,京东物流,2021-12-29 00:00:00,26.55,26.85,26.9,26.1,0.0,0.00031,1943841.0,51697420.0,1.1299435028248614,26.55
HK.02618,京东物流,2021-12-30 00:00:00,26.85,26.45,27.0,26.35,0.0,0.00052,3201331.0,85297721.0,-1.4897579143389277,26.85
HK.02618,京东物流,2021-12-31 00:00:00,27.4,26.45,27.45,26.35,0.0,0.00026,1617315.0,43198680.0,0.0,26.45
HK.02618,京东物流,2022-01-03 00:00:00,26.7,26.7,26.95,26.35,0.0,0.00029,1788748.0,47604661.0,0.945179584120983,26.45
HK.02618,京东物流,2022-01-04 00:00:00,26.7,26.1,26.9,26.05,0.0,0.00063,3889250.0,102348893.0,-2.2471910112359472,26.7
HK.02618,京东物流,2022-01-05 00:00:00,26.0,25.3,26.2,25.2,0.0,0.00097,6025682.0,154543346.0,-3.065134099616861,26.1
HK.02618,京东物流,2022-01-06 00:00:00,25.0,23.85,25.25,23.15,0.0,0.00197,12167409.0,290256307.0,-5.731225296442685,25.3
HK.02618,京东物流,2022-01-07 00:00:00,23.85,24.1,24.45,23.8,0.0,0.00074,4571166.0,110237372.0,1.0482180293501047,23.85
HK.02618,京东物流,2022-01-10 00:00:00,24.05,25.0,25.25,24.0,0.0,0.00063,3874943.0,96564671.0,3.73443983402489,24.1
HK.02618,京东物流,2022-01-11 00:00:00,25.0,25.65,25.95,24.6,0.0,0.00116,7188492.0,182691922.0,2.5999999999999943,25.0
HK.02618,京东物流,2022-01-12 00:00:00,26.0,27.0,27.55,25.95,0.0,0.00141,8711212.0,233985331.0,5.263157894736848,25.65
HK.02618,京东物流,2022-01-13 00:00:00,27.0,26.55,27.4,26.15,0.0,0.00066,4068394.0,108229062.0,-1.6666666666666639,27.0
HK.02618,京东物流,2022-01-14 00:00:00,26.55,26.85,26.9,26.15,0.0,0.00072,4478400.0,119568532.0,1.1299435028248614,26.55
HK.02618,京东物流,2022-01-17 00:00:00,26.7,26.25,26.85,26.2,0.0,0.00038,2335951.0,62010788.0,-2.234636871508385,26.85
HK.02618,京东物流,2022-01-18 00:00:00,26.4,27.4,27.7,26.25,0.0,0.00116,7164661.0,195686794.0,4.380952380952376,26.25
HK.02618,京东物流,2022-01-19 00:00:00,27.4,26.8,27.55,26.55,0.0,0.00054,3347609.0,89965589.0,-2.1897810218978027,27.4
HK.02618,京东物流,2022-01-20 00:00:00,26.9,27.15,27.65,26.8,0.0,0.00102,6298065.0,170913898.0,1.3059701492537232,26.8
HK.02618,京东物流,2022-01-21 00:00:00,27.1,26.75,27.2,26.6,0.0,0.00087,5361999.0,143908279.0,-1.4732965009208052,27.15
HK.02618,京东物流,2022-01-24 00:00:00,26.7,26.3,26.75,26.1,0.0,0.00036,2242078.0,59244048.0,-1.682242990654203,26.75
HK.02618,京东物流,2022-01-25 00:00:00,25.8,25.4,26.15,25.25,0.0,0.00047,2926833.0,74960694.0,-3.4220532319391714,26.3
HK.02618,京东物流,2022-01-26 00:00:00,25.4,25.05,25.7,24.95,0.0,0.00042,2626025.0,66084354.0,-1.3779527559055034,25.4
HK.02618,京东物流,2022-01-27 00:00:00,24.3,24.3,24.8,24.1,0.0,0.00106,6546403.0,159224759.0,-2.9940119760479043,25.05
HK.02618,京东物流,2022-01-28 00:00:00,24.3,23.15,24.65,22.8,0.0,0.00159,9842140.0,228067342.0,-4.732510288065852,24.3
HK.02618,京东物流,2022-01-31 00:00:00,23.15,23.15,23.3,22.35,0.0,0.00066,4093700.0,93892869.0,0.0,23.15
HK.02618,京东物流,2022-02-04 00:00:00,23.6,23.8,24.0,22.8,0.0,0.00076,4722921.0,111600240.0,2.807775377969772,23.15
HK.02618,京东物流,2022-02-07 00:00:00,23.9,24.1,24.5,23.7,0.0,0.00059,3668928.0,88367440.0,1.2605042016806753,23.8
HK.02618,京东物流,2022-02-08 00:00:00,24.2,24.25,24.4,24.0,0.0,0.00078,4807933.0,116292865.0,0.6224066390041434,24.1
HK.02618,京东物流,2022-02-09 00:00:00,24.6,24.65,25.3,24.5,0.0,0.0007,4352744.0,107665741.0,1.6494845360824684,24.25
HK.02618,京东物流,2022-02-10 00:00:00,24.75,25.0,25.05,24.5,0.0,0.00067,4149397.0,102907673.0,1.4198782961460505,24.65
HK.02618,京东物流,2022-02-11 00:00:00,24.95,24.25,25.1,24.1,0.0,0.00064,3961950.0,96985005.0,-3.0,25.0
HK.02618,京东物流,2022-02-14 00:00:00,24.2,23.75,24.35,23.55,0.0,0.00088,5426780.0,129324330.0,-2.0618556701030926,24.25
HK.02618,京东物流,2022-02-15 00:00:00,23.5,24.5,24.65,23.5,0.0,0.00105,6478098.0,157153875.0,3.1578947368421053,23.75
HK.02618,京东物流,2022-02-16 00:00:00,24.65,24.8,24.95,24.4,0.0,0.00043,2656231.0,65614464.0,1.2244897959183703,24.5
HK.02618,京东物流,2022-02-17 00:00:00,25.0,24.8,25.1,24.5,0.0,0.00039,2432466.0,60393182.0,0.0,24.8
HK.02618,京东物流,2022-02-18 00:00:00,24.25,24.6,24.85,24.2,0.0,0.0006,3688898.0,90659679.0,-0.8064516129032229,24.8
HK.02618,京东物流,2022-02-21 00:00:00,25.0,26.7,26.7,24.9,0.0,0.00235,14515112.0,379540809.0,8.53658536585365,24.6
HK.02618,京东物流,2022-02-22 00:00:00,26.05,25.6,26.7,25.55,0.0,0.00153,9433775.0,244286571.0,-4.11985018726591,26.7
HK.02618,京东物流,2022-02-23 00:00:00,26.0,25.55,26.0,25.25,0.0,0.00092,5670549.0,145293657.0,-0.19531250000000278,25.6
HK.02618,京东物流,2022-02-24 00:00:00,25.25,24.8,25.85,24.3,0.0,0.00145,8941215.0,223768801.0,-2.935420743639922,25.55
HK.02618,京东物流,2022-02-25 00:00:00,25.1,25.15,25.4,24.8,0.0,0.00086,5287546.0,132639329.0,1.4112903225806364,24.8
HK.02618,京东物流,2022-02-28 00:00:00,25.15,24.7,25.15,24.3,0.0,0.00072,4470245.0,109726094.0,-1.7892644135188838,25.15
HK.02618,京东物流,2022-03-01 00:00:00,24.8,25.8,26.15,24.8,0.0,0.00072,4450398.0,113881061.0,4.453441295546565,24.7
HK.02618,京东物流,2022-03-02 00:00:00,26.0,25.5,26.1,25.45,0.0,0.00075,4650000.0,119708760.0,-1.1627906976744213,25.8
HK.02618,京东物流,2022-03-03 00:00:00,26.0,25.4,26.0,24.95,0.0,0.0008,4959312.0,125817332.0,-0.3921568627451036,25.5
HK.02618,京东物流,2022-03-04 00:00:00,24.8,24.3,24.9,24.05,0.0,0.00123,7613398.0,185428181.0,-4.330708661417314,25.4
HK.02618,京东物流,2022-03-07 00:00:00,23.35,23.65,23.9,22.3,0.0,0.00216,13359235.0,309312986.0,-2.6748971193415723,24.3
HK.02618,京东物流,2022-03-08 00:00:00,23.65,21.35,23.85,21.25,0.0,0.00169,10475050.0,232917652.0,-9.725158562367852,23.65
HK.02618,京东物流,2022-03-09 00:00:00,21.3,20.1,21.3,19.22,0.0,0.00306,18892493.0,376067050.0,-5.854800936768149,21.35
HK.02618,京东物流,2022-03-10 00:00:00,20.55,19.56,20.8,19.22,0.0,0.00186,11514166.0,226358098.0,-2.6865671641791176,20.1
HK.02618,京东物流,2022-03-11 00:00:00,18.72,19.0,19.12,17.78,0.0,0.00317,19630500.0,364630685.0,-2.8629856850715685,19.56
HK.02618,京东物流,2022-03-14 00:00:00,18.4,18.38,19.02,18.08,0.0,0.00214,13243072.0,246325533.0,-3.263157894736848,19.0
HK.02618,京东物流,2022-03-15 00:00:00,18.1,18.56,20.3,17.72,0.0,0.00522,32281102.0,614562387.0,0.9793253536452652,18.38
HK.02618,京东物流,2022-03-16 00:00:00,19.6,21.45,21.9,19.4,0.0,0.00426,26335353.0,542186837.0,15.571120689655176,18.56
HK.02618,京东物流,2022-03-17 00:00:00,23.65,23.5,23.95,22.5,0.0,0.00248,15358032.0,355719364.0,9.55710955710956,21.45
HK.02618,京东物流,2022-03-18 00:00:00,23.5,24.0,24.75,23.05,0.0,0.01211,74859461.0,1797762546.0,2.127659574468085,23.5
HK.02618,京东物流,2022-03-21 00:00:00,24.95,24.1,25.5,23.7,0.0,0.00171,10598372.0,257951642.0,0.41666666666667257,24.0
HK.02618,京东物流,2022-03-22 00:00:00,24.0,24.25,24.35,23.55,0.0,0.00088,5456536.0,131141990.0,0.6224066390041434,24.1
HK.02618,京东物流,2022-03-23 00:00:00,23.9,24.7,25.1,23.9,0.0,0.00175,10836604.0,268014635.0,1.8556701030927807,24.25
HK.02618,京东物流,2022-03-24 00:00:00,24.6,23.0,24.6,22.95,0.0,0.00117,7215526.0,170004780.0,-6.882591093117406,24.7
HK.02618,京东物流,2022-03-25 00:00:00,20.75,19.84,20.8,19.4,0.0,0.00856,52954960.0,1062809604.0,-13.73913043478261,23.0
HK.02618,京东物流,2022-03-28 00:00:00,19.68,18.4,19.72,18.24,0.0,0.00598,37007174.0,694720991.0,-7.258064516129038,19.84
HK.02618,京东物流,2022-03-29 00:00:00,18.52,18.7,19.08,18.42,0.0,0.0033,20407682.0,381491940.0,1.6304347826086998,18.4
HK.02618,京东物流,2022-03-30 00:00:00,19.1,19.7,19.74,18.86,0.0,0.00384,23764346.0,459697326.0,5.347593582887701,18.7
HK.02618,京东物流,2022-03-31 00:00:00,19.68,19.34,19.68,19.0,0.0,0.00181,11207617.0,216612650.0,-1.8274111675126874,19.7
HK.02618,京东物流,2022-04-01 00:00:00,19.0,18.9,19.06,18.4,0.0,0.00172,10638838.0,200050593.0,-2.275077559462261,19.34
HK.02618,京东物流,2022-04-04 00:00:00,18.94,18.88,19.18,18.72,0.0,0.00245,15548385.0,293652775.0,-0.10582010582010357,18.9
HK.02618,京东物流,2022-04-06 00:00:00,18.82,18.0,18.82,18.0,0.0,0.00416,26332214.0,480227061.0,-4.661016949152538,18.88
HK.02618,京东物流,2022-04-07 00:00:00,17.96,17.62,18.32,17.54,0.0,0.00185,11704801.0,208366713.0,-2.111111111111106,18.0
HK.02618,京东物流,2022-04-08 00:00:00,17.6,17.44,17.6,17.02,0.0,0.00129,8165677.0,141108931.0,-1.0215664018161164,17.62
HK.02618,京东物流,2022-04-11 00:00:00,18.06,17.44,18.36,17.38,0.0,0.0029,18392527.0,327155933.0,0.0,17.44
HK.02618,京东物流,2022-04-12 00:00:00,17.5,17.48,17.72,16.84,0.0,0.0024,15190098.0,262146249.0,0.22935779816513271,17.44
HK.02618,京东物流,2022-04-13 00:00:00,17.48,17.86,17.98,17.34,0.0,0.00184,11686165.0,207042552.0,2.1739130434782554,17.48
HK.02618,京东物流,2022-04-14 00:00:00,17.88,18.88,19.08,17.88,0.0,0.00226,14324340.0,266737722.0,5.711086226203805,17.86
HK.02618,京东物流,2022-04-19 00:00:00,19.0,18.4,19.08,18.2,0.0,0.00222,14079046.0,261067986.0,-2.5423728813559343,18.88
HK.02618,京东物流,2022-04-20 00:00:00,18.2,18.04,18.66,18.0,0.0,0.00098,6202207.0,112897627.0,-1.956521739130432,18.4
HK.02618,京东物流,2022-04-21 00:00:00,17.9,17.24,17.9,17.2,0.0,0.00174,11000499.0,191359073.0,-4.4345898004434625,18.04
HK.02618,京东物流,2022-04-22 00:00:00,17.1,17.08,17.34,16.68,0.0,0.00122,7727716.0,131394849.0,-0.928074245939676,17.24
HK.02618,京东物流,2022-04-25 00:00:00,16.8,16.14,16.8,16.04,0.0,0.00203,12831533.0,209939135.0,-5.503512880562048,17.08
HK.02618,京东物流,2022-04-26 00:00:00,16.54,16.12,16.68,16.0,0.0,0.00229,14485439.0,237784224.0,-0.12391573729863428,16.14
HK.02618,京东物流,2022-04-27 00:00:00,16.04,15.74,16.04,15.52,0.0,0.00279,17661223.0,278236715.0,-2.357320099255588,16.12
HK.02618,京东物流,2022-04-28 00:00:00,15.74,16.0,16.1,15.64,0.0,0.00194,12298590.0,195555949.0,1.651842439644217,15.74
HK.02618,京东物流,2022-04-29 00:00:00,16.0,16.44,16.92,15.68,0.0,0.00312,19776230.0,323625920.0,2.750000000000008,16.0
HK.02618,京东物流,2022-05-03 00:00:00,16.3,16.94,17.28,16.0,0.0,0.00142,9009066.0,151454432.0,3.041362530413625,16.44
HK.02618,京东物流,2022-05-04 00:00:00,16.86,16.22,16.92,16.1,0.0,0.00068,4286952.0,70320859.0,-4.2502951593860825,16.94
HK.02618,京东物流,2022-05-05 00:00:00,16.4,16.46,16.86,16.38,0.0,0.00152,9632550.0,159966887.0,1.4796547472256596,16.22
HK.02618,京东物流,2022-05-06 00:00:00,16.08,15.44,16.24,15.42,0.0,0.00166,10486934.0,163818661.0,-6.1968408262454515,16.46
HK.02618,京东物流,2022-05-10 00:00:00,14.98,14.86,15.44,14.74,0.0,0.00257,16271994.0,243865749.0,-3.7564766839378247,15.44
HK.02618,京东物流,2022-05-11 00:00:00,14.88,15.04,15.48,14.78,0.0,0.00146,9251360.0,140538677.0,1.2113055181695809,14.86
HK.02618,京东物流,2022-05-12 00:00:00,14.84,14.46,15.0,14.4,0.0,0.00181,11454198.0,166989063.0,-3.856382978723393,15.04
HK.02618,京东物流,2022-05-13 00:00:00,14.6,14.96,14.98,14.52,0.0,0.00199,12581266.0,185794677.0,3.457814661134163,14.46
HK.02618,京东物流,2022-05-16 00:00:00,15.3,15.4,15.48,15.0,0.0,0.0013,8242697.0,125687543.0,2.941176470588232,14.96
HK.02618,京东物流,2022-05-17 00:00:00,15.68,15.94,15.96,15.44,0.0,0.00143,9045925.0,142998368.0,3.506493506493501,15.4
HK.02618,京东物流,2022-05-18 00:00:00,15.96,14.94,15.98,14.68,0.0,0.00378,23918114.0,359796990.0,-6.273525721455458,15.94
HK.02618,京东物流,2022-05-19 00:00:00,14.66,14.42,14.7,14.1,0.0,0.0026,16445904.0,236895064.0,-3.480589022757695,14.94
HK.02618,京东物流,2022-05-20 00:00:00,14.8,15.24,15.3,14.58,0.0,0.00416,26373899.0,395234135.0,5.686546463245494,14.42
HK.02618,京东物流,2022-05-23 00:00:00,14.92,14.66,15.08,14.34,0.0,0.00247,15658803.0,228923861.0,-3.8057742782152237,15.24
HK.02618,京东物流,2022-05-24 00:00:00,14.68,14.12,14.8,14.1,0.0,0.00201,12748410.0,183091392.0,-3.683492496589365,14.66
HK.02618,京东物流,2022-05-25 00:00:00,14.36,14.18,14.44,14.04,0.0,0.00149,9423516.0,133586275.0,0.42492917847025846,14.12
HK.02618,京东物流,2022-05-26 00:00:00,14.32,14.2,14.36,13.9,0.0,0.00119,7544349.0,106498028.0,0.14104372355429884,14.18
HK.02618,京东物流,2022-05-27 00:00:00,14.6,14.5,14.88,14.36,0.0,0.00183,12076866.0,176747692.0,2.1126760563380333,14.2
HK.02618,京东物流,2022-05-30 00:00:00,14.66,15.2,15.28,14.64,0.0,0.00196,12957443.0,195733876.0,4.827586206896547,14.5
HK.02618,京东物流,2022-05-31 00:00:00,15.3,15.38,15.6,15.06,0.0,0.00151,9950732.0,152638718.0,1.1842105263157994,15.2
HK.02618,京东物流,2022-06-01 00:00:00,15.4,15.26,15.54,15.06,0.0,0.00095,6246510.0,95332337.0,-0.7802340702210727,15.38
HK.02618,京东物流,2022-06-02 00:00:00,15.18,15.16,15.2,14.88,0.0,0.0007,4620487.0,69438844.0,-0.6553079947575338,15.26
HK.02618,京东物流,2022-06-06 00:00:00,15.2,15.84,15.86,15.04,0.0,0.0016,10523512.0,164123379.0,4.4854881266490745,15.16
HK.02618,京东物流,2022-06-07 00:00:00,15.84,16.0,16.24,15.58,0.0,0.00157,10361632.0,166102341.0,1.010101010101011,15.84
HK.02618,京东物流,2022-06-08 00:00:00,16.38,17.0,17.1,16.2,0.0,0.00311,20543778.0,345272958.0,6.25,16.0
HK.02618,京东物流,2022-06-09 00:00:00,17.12,16.34,17.18,16.16,0.0,0.00245,16177933.0,266159174.0,-3.8823529411764715,17.0
HK.02618,京东物流,2022-06-10 00:00:00,15.96,16.32,16.48,15.74,0.0,0.00233,15337222.0,249061322.0,-0.12239902080783092,16.34
HK.02618,京东物流,2022-06-13 00:00:00,16.0,15.6,16.18,15.52,0.0,0.00178,11718332.0,185292575.0,-4.411764705882357,16.32
HK.02618,京东物流,2022-06-14 00:00:00,15.42,15.64,15.86,15.12,0.0,0.00157,10338717.0,159827218.0,0.2564102564102623,15.6
HK.02618,京东物流,2022-06-15 00:00:00,15.68,15.96,16.22,15.68,0.0,0.00149,9816412.0,156708540.0,2.0460358056266004,15.64
HK.02618,京东物流,2022-06-16 00:00:00,16.12,15.54,16.28,15.36,0.0,0.00132,8680578.0,137097390.0,-2.6315789473684315,15.96
HK.02618,京东物流,2022-06-17 00:00:00,15.28,15.8,15.9,15.28,0.0,0.00209,13790510.0,217094942.0,1.6731016731016832,15.54
HK.02618,京东物流,2022-06-20 00:00:00,15.98,16.12,16.14,15.68,0.0,0.0009,5910943.0,94346584.0,2.0253164556962044,15.8
HK.02618,京东物流,2022-06-21 00:00:00,16.02,16.68,16.7,15.9,0.0,0.0014,9257622.0,152145346.0,3.4739454094292723,16.12
HK.02618,京东物流,2022-06-22 00:00:00,16.5,16.38,16.86,16.34,0.0,0.00136,8998752.0,149164406.0,-1.798561151079141,16.68
HK.02618,京东物流,2022-06-23 00:00:00,16.58,16.66,16.88,16.4,0.0,0.00089,5838138.0,97296106.0,1.7094017094017164,16.38
HK.02618,京东物流,2022-06-24 00:00:00,16.72,17.0,17.26,16.62,0.0,0.00155,10233643.0,173925186.0,2.0408163265306114,16.66
HK.02618,京东物流,2022-06-27 00:00:00,17.4,17.5,17.78,17.18,0.0,0.00203,13378349.0,234376597.0,2.941176470588235,17.0
HK.02618,京东物流,2022-06-28 00:00:00,17.84,17.78,17.84,16.98,0.0,0.00139,9157856.0,159580227.0,1.6000000000000065,17.5
HK.02618,京东物流,2022-06-29 00:00:00,17.62,17.1,17.62,16.86,0.0,0.00201,13266367.0,227512847.0,-3.824521934758154,17.78
HK.02618,京东物流,2022-06-30 00:00:00,17.26,17.12,17.38,16.98,0.0,0.00102,6701350.0,114858613.0,0.11695906432748286,17.1
HK.02618,京东物流,2022-07-04 00:00:00,17.14,17.0,17.26,16.86,0.0,0.00075,4916613.0,83610950.0,-0.7009345794392582,17.12
HK.02618,京东物流,2022-07-05 00:00:00,17.08,17.14,17.36,16.88,0.0,0.00077,5086440.0,87155897.0,0.8235294117647093,17.0
HK.02618,京东物流,2022-07-06 00:00:00,17.26,16.54,17.26,16.3,0.0,0.00111,7327923.0,122059579.0,-3.50058343057177,17.14
HK.02618,京东物流,2022-07-07 00:00:00,16.6,16.42,16.6,16.22,0.0,0.00087,5718247.0,93381358.0,-0.7255139056831769,16.54
HK.02618,京东物流,2022-07-08 00:00:00,16.66,16.4,16.72,16.24,0.0,0.0007,4602221.0,75413680.0,-0.12180267965897153,16.42
HK.02618,京东物流,2022-07-11 00:00:00,16.4,15.6,16.4,15.5,0.0,0.00117,7748248.0,122097472.0,-4.8780487804877986,16.4
HK.02618,京东物流,2022-07-12 00:00:00,15.44,14.9,15.52,14.9,0.0,0.00138,9098755.0,137218795.0,-4.487179487179483,15.6
HK.02618,京东物流,2022-07-13 00:00:00,15.2,15.14,15.44,14.92,0.0,0.00101,6672666.0,101358181.0,1.6107382550335587,14.9
HK.02618,京东物流,2022-07-14 00:00:00,15.14,15.78,15.82,15.12,0.0,0.00109,7166464.0,111612339.0,4.227212681638036,15.14
HK.02618,京东物流,2022-07-15 00:00:00,15.72,15.2,15.76,15.2,0.0,0.00096,6329531.0,97696941.0,-3.6755386565272503,15.78
HK.02618,京东物流,2022-07-18 00:00:00,15.5,15.86,15.92,15.14,0.0,0.0007,4588942.0,71862422.0,4.342105263157896,15.2
HK.02618,京东物流,2022-07-19 00:00:00,15.78,16.48,16.72,15.68,0.0,0.0017,11226980.0,183033428.0,3.909205548549817,15.86
HK.02618,京东物流,2022-07-20 00:00:00,16.7,16.98,17.16,16.62,0.0,0.00161,10635601.0,180890496.0,3.033980582524272,16.48
HK.02618,京东物流,2022-07-21 00:00:00,16.98,16.96,17.16,16.8,0.0,0.00098,6459391.0,109491932.0,-0.1177856301531188,16.98
HK.02618,京东物流,2022-07-22 00:00:00,16.98,16.96,17.12,16.6,0.0,0.00066,4325454.0,72928638.0,0.0,16.96
HK.02618,京东物流,2022-07-25 00:00:00,16.96,16.8,17.04,16.68,0.0,0.00086,5660299.0,95272117.0,-0.9433962264150951,16.96
HK.02618,京东物流,2022-07-26 00:00:00,16.8,16.56,16.96,16.46,0.0,0.00043,2833874.0,47160959.0,-1.4285714285714404,16.8
HK.02618,京东物流,2022-07-27 00:00:00,16.6,16.2,16.64,16.12,0.0,0.00044,2891916.0,47059226.0,-2.1739130434782576,16.56
HK.02618,京东物流,2022-07-28 00:00:00,16.1,16.36,16.56,16.1,0.0,0.00038,2497078.0,40882670.0,0.9876543209876552,16.2
HK.02618,京东物流,2022-07-29 00:00:00,16.48,15.96,16.56,15.76,0.0,0.00079,5205066.0,83284543.0,-2.444987775061116,16.36
HK.02618,京东物流,2022-08-01 00:00:00,15.96,15.84,15.96,15.64,0.0,0.00046,3006466.0,47541593.0,-0.7518796992481265,15.96
HK.02618,京东物流,2022-08-02 00:00:00,15.84,15.2,15.84,14.9,0.0,0.00129,8535610.0,129273059.0,-4.040404040404044,15.84
HK.02618,京东物流,2022-08-03 00:00:00,15.18,15.52,15.6,15.18,0.0,0.00085,5612425.0,86755293.0,2.105263157894739,15.2
HK.02618,京东物流,2022-08-04 00:00:00,15.52,15.64,15.96,15.5,0.0,0.00054,3549516.0,55938044.0,0.7731958762886663,15.52
HK.02618,京东物流,2022-08-05 00:00:00,15.64,15.86,15.94,15.62,0.0,0.0005,3271408.0,51763269.0,1.4066496163682791,15.64
HK.02618,京东物流,2022-08-08 00:00:00,15.8,15.78,15.84,15.42,0.0,0.00061,4053633.0,63685026.0,-0.504413619167718,15.86
HK.02618,京东物流,2022-08-09 00:00:00,15.68,15.64,15.92,15.42,0.0,0.00055,3604066.0,56446230.0,-0.8871989860582941,15.78
HK.02618,京东物流,2022-08-10 00:00:00,15.46,15.02,15.46,14.82,0.0,0.00127,8369677.0,125820261.0,-3.964194373401541,15.64
HK.02618,京东物流,2022-08-11 00:00:00,15.04,15.16,15.28,14.96,0.0,0.00142,9376766.0,141292552.0,0.9320905459387522,15.02
HK.02618,京东物流,2022-08-12 00:00:00,15.04,14.4,15.04,14.1,0.0,0.00297,19574764.0,282882953.0,-5.0131926121372015,15.16
HK.02618,京东物流,2022-08-15 00:00:00,14.4,14.34,14.7,14.34,0.0,0.00076,5034633.0,72958349.0,-0.4166666666666701,14.4
HK.02618,京东物流,2022-08-16 00:00:00,14.34,14.3,14.56,14.14,0.0,0.00107,7049000.0,101240269.0,-0.27894002789399686,14.34
HK.02618,京东物流,2022-08-17 00:00:00,14.3,14.38,14.5,14.14,0.0,0.00062,4087500.0,58737422.0,0.5594405594405599,14.3
HK.02618,京东物流,2022-08-18 00:00:00,14.24,14.08,14.34,13.96,0.0,0.00113,7425298.0,104463190.0,-2.086230876216973,14.38
HK.02618,京东物流,2022-08-19 00:00:00,13.92,14.3,14.3,13.92,0.0,0.00061,3998984.0,56713823.0,1.5625000000000044,14.08
HK.02618,京东物流,2022-08-22 00:00:00,14.04,14.08,14.44,13.9,0.0,0.00075,4965715.0,70540696.0,-1.538461538461543,14.3
HK.02618,京东物流,2022-08-23 00:00:00,14.08,14.1,14.24,13.94,0.0,0.00104,6859282.0,96323535.0,0.1420454545454515,14.08
HK.02618,京东物流,2022-08-24 00:00:00,14.6,15.4,15.64,14.56,0.0,0.00472,31142430.0,476421197.0,9.219858156028375,14.1
HK.02618,京东物流,2022-08-25 00:00:00,15.42,15.98,16.1,15.34,0.0,0.00276,18227161.0,287782744.0,3.766233766233767,15.4
HK.02618,京东物流,2022-08-26 00:00:00,16.32,16.8,16.8,16.24,0.0,0.0033,21796799.0,362088729.0,5.131414267834796,15.98
HK.02618,京东物流,2022-08-29 00:00:00,16.66,17.06,17.08,16.38,0.0,0.00185,12175074.0,205865936.0,1.5476190476190357,16.8
HK.02618,京东物流,2022-08-30 00:00:00,17.02,17.24,17.44,16.9,0.0,0.00241,15869493.0,272276066.0,1.0550996483001156,17.06
HK.02618,京东物流,2022-08-31 00:00:00,16.88,16.84,17.06,16.68,0.0,0.00128,8441063.0,142364574.0,-2.32018561484918,17.24
HK.02618,京东物流,2022-09-01 00:00:00,16.66,16.36,17.0,16.24,0.0,0.00155,10244131.0,170024766.0,-2.8503562945368195,16.84
HK.02618,京东物流,2022-09-02 00:00:00,16.36,16.22,16.52,15.92,0.0,0.00286,18845166.0,304808185.0,-0.855745721271397,16.36
HK.02618,京东物流,2022-09-05 00:00:00,16.22,16.3,16.36,15.94,0.0,0.00071,4709199.0,76221190.0,0.49321824907522727,16.22
HK.02618,京东物流,2022-09-06 00:00:00,16.4,16.46,16.66,16.24,0.0,0.00074,4878948.0,80113526.0,0.9815950920245406,16.3
HK.02618,京东物流,2022-09-07 00:00:00,16.3,16.36,16.38,16.08,0.0,0.00076,5037101.0,81760669.0,-0.6075334143377972,16.46
HK.02618,京东物流,2022-09-08 00:00:00,16.28,16.42,16.58,16.18,0.0,0.00097,6381526.0,104639429.0,0.3667481662591826,16.36
HK.02618,京东物流,2022-09-09 00:00:00,16.38,16.82,16.9,16.26,0.0,0.0011,7281006.0,121911724.0,2.4360535931790412,16.42
HK.02618,京东物流,2022-09-13 00:00:00,16.82,16.54,17.12,16.48,0.0,0.00134,8839510.0,148728077.0,-1.664684898929852,16.82
HK.02618,京东物流,2022-09-14 00:00:00,16.2,15.9,16.3,15.8,0.0,0.00138,9090064.0,146017940.0,-3.8694074969770185,16.54
HK.02618,京东物流,2022-09-15 00:00:00,15.9,16.46,16.56,15.9,0.0,0.00108,7122613.0,116521971.0,3.5220125786163554,15.9
HK.02618,京东物流,2022-09-16 00:00:00,16.46,16.34,16.5,16.0,0.0,0.00149,9857307.0,160987305.0,-0.7290400972053522,16.46
HK.02618,京东物流,2022-09-19 00:00:00,16.1,14.92,16.16,14.9,0.0,0.00175,11543630.0,174981407.0,-8.69033047735618,16.34
HK.02618,京东物流,2022-09-20 00:00:00,15.02,15.08,15.16,14.62,0.0,0.00082,5377143.0,80164728.0,1.0723860589812342,14.92
HK.02618,京东物流,2022-09-21 00:00:00,15.08,14.9,15.16,14.76,0.0,0.00049,3219033.0,48134854.0,-1.1936339522546402,15.08
HK.02618,京东物流,2022-09-22 00:00:00,14.6,14.6,14.88,14.44,0.0,0.00071,4657069.0,68323722.0,-2.013422818791951,14.9
HK.02618,京东物流,2022-09-23 00:00:00,14.88,14.36,14.88,14.36,0.0,0.00057,3777645.0,54784056.0,-1.6438356164383578,14.6
HK.02618,京东物流,2022-09-26 00:00:00,14.28,14.56,14.7,14.24,0.0,0.00048,3179592.0,46299074.0,1.3927576601671383,14.36
HK.02618,京东物流,2022-09-27 00:00:00,14.6,14.58,14.68,14.24,0.0,0.00059,3868343.0,55945329.0,0.13736263736263443,14.56
HK.02618,京东物流,2022-09-28 00:00:00,14.58,14.1,14.58,14.1,0.0,0.00081,5374914.0,76391634.0,-3.292181069958851,14.58
HK.02618,京东物流,2022-09-29 00:00:00,14.3,14.0,14.58,13.7,0.0,0.00093,6149764.0,86620008.0,-0.7092198581560258,14.1
HK.02618,京东物流,2022-09-30 00:00:00,13.9,13.8,14.08,13.68,0.0,0.00088,5809152.0,80526162.0,-1.4285714285714235,14.0
HK.02618,京东物流,2022-10-03 00:00:00,13.8,13.7,14.02,13.52,0.0,0.00031,2015645.0,27602299.0,-0.7246376811594305,13.8
HK.02618,京东物流,2022-10-05 00:00:00,14.3,14.92,14.98,14.28,0.0,0.00134,8823511.0,130186710.0,8.9051094890511,13.7
HK.02618,京东物流,2022-10-06 00:00:00,14.76,14.34,14.78,14.3,0.0,0.00052,3397700.0,49036114.0,-3.887399463806971,14.92
HK.02618,京东物流,2022-10-07 00:00:00,14.26,14.08,14.34,14.02,0.0,0.00048,3195732.0,45148448.0,-1.8131101813110166,14.34
HK.02618,京东物流,2022-10-10 00:00:00,13.76,13.74,13.96,13.58,0.0,0.00078,5116602.0,70614570.0,-2.414772727272726,14.08
HK.02618,京东物流,2022-10-11 00:00:00,13.64,13.32,13.8,13.14,0.0,0.00071,4689032.0,62753635.0,-3.0567685589519646,13.74
HK.02618,京东物流,2022-10-12 00:00:00,13.26,13.0,13.34,12.6,0.0,0.00212,13963833.0,180361845.0,-2.4024024024024047,13.32
HK.02618,京东物流,2022-10-13 00:00:00,12.96,12.04,12.96,11.92,0.0,0.00235,15531714.0,190219149.0,-7.384615384615391,13.0
HK.02618,京东物流,2022-10-14 00:00:00,12.3,12.36,12.66,12.18,0.0,0.00325,21429000.0,265635223.0,2.657807308970102,12.04
HK.02618,京东物流,2022-10-17 00:00:00,12.3,12.84,13.0,12.08,0.0,0.0012,7921612.0,99806501.0,3.8834951456310716,12.36
HK.02618,京东物流,2022-10-18 00:00:00,13.04,13.36,13.4,12.8,0.0,0.0022,14535988.0,190532183.0,4.049844236760122,12.84
HK.02618,京东物流,2022-10-19 00:00:00,13.34,13.34,13.76,13.3,0.0,0.00162,10702874.0,144739972.0,-0.14970059880239203,13.36
HK.02618,京东物流,2022-10-20 00:00:00,13.0,12.74,13.0,12.44,0.0,0.00166,10970288.0,139168653.0,-4.497751124437778,13.34
HK.02618,京东物流,2022-10-21 00:00:00,12.74,12.86,12.98,12.68,0.0,0.00074,4889458.0,62764313.0,0.9419152276295072,12.74
HK.02618,京东物流,2022-10-24 00:00:00,12.5,11.62,12.78,11.46,0.0,0.00194,12776473.0,152294289.0,-9.642301710730951,12.86
HK.02618,京东物流,2022-10-25 00:00:00,12.56,11.56,12.56,11.36,0.0,0.00264,17434400.0,202847170.0,-0.5163511187607464,11.62
HK.02618,京东物流,2022-10-26 00:00:00,11.56,12.02,12.16,11.5,0.0,0.00161,10589091.0,125948132.0,3.979238754325251,11.56
HK.02618,京东物流,2022-10-27 00:00:00,12.38,12.02,12.54,11.96,0.0,0.0011,7275927.0,89141708.0,0.0,12.02
HK.02618,京东物流,2022-10-28 00:00:00,12.02,11.22,12.1,11.14,0.0,0.00169,11120532.0,127278340.0,-6.655574043261223,12.02
HK.02618,京东物流,2022-10-31 00:00:00,11.22,10.96,11.46,10.9,0.0,0.00177,11647420.0,129377415.0,-2.317290552584668,11.22
HK.02618,京东物流,2022-11-01 00:00:00,11.2,11.86,11.88,11.02,0.0,0.0021,13830440.0,159760006.0,8.211678832116775,10.96
HK.02618,京东物流,2022-11-02 00:00:00,11.84,12.34,12.56,11.54,0.0,0.00168,11097764.0,134721018.0,4.047217537942668,11.86
HK.02618,京东物流,2022-11-03 00:00:00,12.08,11.7,12.1,11.7,0.0,0.00129,8481266.0,100309624.0,-5.186385737439227,12.34
HK.02618,京东物流,2022-11-04 00:00:00,11.92,12.42,12.64,11.84,0.0,0.0023,15164115.0,187990071.0,6.1538461538461595,11.7
HK.02618,京东物流,2022-11-07 00:00:00,12.36,12.7,12.8,12.12,0.0,0.0027,17820565.0,224718120.0,2.254428341384858,12.42
HK.02618,京东物流,2022-11-08 00:00:00,12.8,12.5,12.84,12.24,0.0,0.00127,8367800.0,104220777.0,-1.5748031496062938,12.7
HK.02618,京东物流,2022-11-09 00:00:00,12.46,12.18,12.7,12.04,0.0,0.00119,7847656.0,96221346.0,-2.5600000000000023,12.5
HK.02618,京东物流,2022-11-10 00:00:00,11.98,11.62,11.98,11.54,0.0,0.00105,6955899.0,81190061.0,-4.5977011494252915,12.18
HK.02618,京东物流,2022-11-11 00:00:00,12.24,13.42,13.44,12.12,0.0,0.00495,32645731.0,418471887.0,15.490533562822725,11.62
HK.02618,京东物流,2022-11-14 00:00:00,13.92,14.2,14.64,13.64,0.0,0.00452,29833315.0,422048635.0,5.812220566318922,13.42
HK.02618,京东物流,2022-11-15 00:00:00,14.2,14.82,15.0,14.02,0.0,0.00206,13602387.0,200451499.0,4.366197183098599,14.2
HK.02618,京东物流,2022-11-16 00:00:00,14.8,14.78,14.86,14.4,0.0,0.00127,8353032.0,122393875.0,-0.269905533063434,14.82
HK.02618,京东物流,2022-11-17 00:00:00,14.7,14.4,14.8,13.9,0.0,0.00184,12161899.0,173629773.0,-2.5710419485791545,14.78
HK.02618,京东物流,2022-11-18 00:00:00,14.68,14.5,14.82,14.26,0.0,0.00199,13150567.0,191749148.0,0.694444444444442,14.4
HK.02618,京东物流,2022-11-21 00:00:00,14.5,13.76,14.5,13.62,0.0,0.00168,11065732.0,152993373.0,-5.10344827586207,14.5
HK.02618,京东物流,2022-11-22 00:00:00,13.78,13.34,13.9,13.28,0.0,0.00132,8678348.0,117144805.0,-3.0523255813953485,13.76
HK.02618,京东物流,2022-11-23 00:00:00,13.5,13.28,13.58,13.2,0.0,0.00108,7126931.0,95383737.0,-0.4497751124437818,13.34
HK.02618,京东物流,2022-11-24 00:00:00,13.42,12.92,13.54,12.76,0.0,0.00271,17867711.0,232117691.0,-2.710843373493972,13.28
HK.02618,京东物流,2022-11-25 00:00:00,12.84,12.7,12.9,12.56,0.0,0.00095,6291873.0,79973811.0,-1.7027863777089833,12.92
HK.02618,京东物流,2022-11-28 00:00:00,12.4,12.48,12.48,11.84,0.0,0.00179,11805798.0,144191650.0,-1.7322834645669205,12.7
HK.02618,京东物流,2022-11-29 00:00:00,12.58,13.68,13.68,12.58,0.0,0.00244,16089952.0,212881223.0,9.61538461538461,12.48
HK.02618,京东物流,2022-11-30 00:00:00,13.34,13.96,13.98,13.26,0.0,0.00258,17036164.0,232060860.0,2.0467836257310026,13.68
HK.02618,京东物流,2022-12-01 00:00:00,14.44,14.12,14.64,14.02,0.0,0.0022,14502553.0,208393846.0,1.1461318051575813,13.96
HK.02618,京东物流,2022-12-02 00:00:00,14.1,14.12,14.48,13.96,0.0,0.00128,8476252.0,120128200.0,0.0,14.12
HK.02618,京东物流,2022-12-05 00:00:00,14.62,15.68,15.68,14.48,0.0,0.00348,22965568.0,350161072.0,11.048158640226632,14.12
HK.02618,京东物流,2022-12-06 00:00:00,15.46,15.46,15.82,15.18,0.0,0.00246,16209380.0,251014745.0,-1.4030612244897886,15.68
HK.02618,京东物流,2022-12-07 00:00:00,15.36,14.92,16.14,14.88,0.0,0.00312,20573533.0,318090007.0,-3.4928848641655943,15.46
HK.02618,京东物流,2022-12-08 00:00:00,15.14,16.24,16.3,15.1,0.0,0.00338,22290929.0,355327136.0,8.847184986595165,14.92
HK.02618,京东物流,2022-12-09 00:00:00,16.34,16.26,16.6,15.88,0.0,0.0027,17816589.0,289140583.0,0.12315270935962516,16.24
HK.02618,京东物流,2022-12-12 00:00:00,15.96,15.56,16.14,15.46,0.0,0.00202,13299595.0,209354740.0,-4.305043050430511,16.26
HK.02618,京东物流,2022-12-13 00:00:00,15.56,15.66,16.18,15.46,0.0,0.00109,7223300.0,114288814.0,0.6426735218508974,15.56
HK.02618,京东物流,2022-12-14 00:00:00,15.96,15.6,15.98,15.42,0.0,0.00095,6299000.0,98825015.0,-0.38314176245211046,15.66
HK.02618,京东物流,2022-12-15 00:00:00,15.76,15.38,15.8,15.14,0.0,0.00106,6968506.0,107543894.0,-1.410256410256403,15.6
HK.02618,京东物流,2022-12-16 00:00:00,15.34,15.78,15.88,15.2,0.0,0.00118,7799395.0,121991605.0,2.6007802340702115,15.38
HK.02618,京东物流,2022-12-19 00:00:00,15.68,15.32,16.16,15.24,0.0,0.00091,5989182.0,93261317.0,-2.9150823827629853,15.78
HK.02618,京东物流,2022-12-20 00:00:00,15.3,15.26,15.56,15.0,0.0,0.00103,6763790.0,103082517.0,-0.3916449086161912,15.32
HK.02618,京东物流,2022-12-21 00:00:00,15.46,15.56,15.66,15.22,0.0,0.00062,4080507.0,63285646.0,1.9659239842726126,15.26
HK.02618,京东物流,2022-12-22 00:00:00,15.82,15.76,16.1,15.56,0.0,0.00115,7560188.0,120108430.0,1.2853470437017949,15.56
HK.02618,京东物流,2022-12-23 00:00:00,15.52,15.6,15.94,15.42,0.0,0.00067,4419626.0,69242914.0,-1.0152284263959401,15.76
HK.02618,京东物流,2022-12-28 00:00:00,15.82,15.78,16.02,15.62,0.0,0.00088,5808644.0,91981479.0,1.153846153846152,15.6
HK.02618,京东物流,2022-12-29 00:00:00,15.46,15.0,15.64,14.92,0.0,0.00128,8433572.0,128061729.0,-4.942965779467677,15.78
HK.02618,京东物流,2022-12-30 00:00:00,15.12,15.12,15.34,15.0,0.0,0.00057,3783430.0,57393647.0,0.7999999999999948,15.0
HK.02618,京东物流,2023-01-03 00:00:00,14.86,15.56,15.6,14.56,0.0,0.00132,8732193.0,132681969.0,2.9100529100529187,15.12
HK.02618,京东物流,2023-01-04 00:00:00,15.56,16.14,16.2,15.5,0.0,0.00188,12384538.0,198097508.0,3.7275064267352187,15.56
HK.02618,京东物流,2023-01-05 00:00:00,16.62,16.72,16.94,16.22,0.0,0.00279,18380641.0,305073747.0,3.59355638166046,16.14
HK.02618,京东物流,2023-01-06 00:00:00,16.92,16.28,16.92,16.22,0.0,0.00101,6670883.0,110203892.0,-2.631578947368408,16.72
HK.02618,京东物流,2023-01-09 00:00:00,16.28,16.8,17.0,16.28,0.0,0.00135,8927938.0,149661286.0,3.1941031941031914,16.28
HK.02618,京东物流,2023-01-10 00:00:00,16.76,16.52,16.9,16.44,0.0,0.00088,5837560.0,97087903.0,-1.6666666666666732,16.8
HK.02618,京东物流,2023-01-11 00:00:00,16.66,16.56,16.98,16.38,0.0,0.00131,8621605.0,144213656.0,0.24213075060532172,16.52
HK.02618,京东物流,2023-01-12 00:00:00,16.54,16.22,16.7,16.12,0.0,0.00101,6644114.0,108862666.0,-2.053140096618357,16.56
HK.02618,京东物流,2023-01-13 00:00:00,16.56,16.54,16.62,16.26,0.0,0.00087,5772480.0,95045244.0,1.9728729963008649,16.22
HK.02618,京东物流,2023-01-16 00:00:00,16.54,16.68,17.04,16.46,0.0,0.00116,7634134.0,128338393.0,0.8464328899637278,16.54
HK.02618,京东物流,2023-01-17 00:00:00,16.52,16.18,16.68,16.1,0.0,0.00066,4358734.0,70842649.0,-2.997601918465228,16.68
HK.02618,京东物流,2023-01-18 00:00:00,16.2,16.36,16.52,15.9,0.0,0.00123,8097396.0,131957524.0,1.1124845488257091,16.18
HK.02618,京东物流,2023-01-19 00:00:00,16.36,15.94,16.42,15.86,0.0,0.00058,3843229.0,61812850.0,-2.5672371638141804,16.36
HK.02618,京东物流,2023-01-20 00:00:00,15.94,16.28,16.38,15.9,0.0,0.00049,3215440.0,51987211.0,2.132998745294866,15.94
HK.02618,京东物流,2023-01-26 00:00:00,16.6,17.42,17.5,16.28,0.0,0.00132,8685281.0,148352744.0,7.002457002457005,16.28
HK.02618,京东物流,2023-01-27 00:00:00,17.42,17.42,17.74,17.12,0.0,0.00083,5506649.0,95992275.0,0.0,17.42
HK.02618,京东物流,2023-01-30 00:00:00,17.48,17.14,17.62,17.08,0.0,0.00179,11810365.0,205122446.0,-1.6073478760045987,17.42
HK.02618,京东物流,2023-01-31 00:00:00,17.34,17.32,18.02,17.1,0.0,0.00184,12159645.0,213899099.0,1.0501750291715268,17.14
HK.02618,京东物流,2023-02-01 00:00:00,17.36,17.84,18.0,17.3,0.0,0.00169,11154560.0,197787414.0,3.0023094688221685,17.32
HK.02618,京东物流,2023-02-02 00:00:00,17.86,17.42,17.98,17.42,0.0,0.00109,7168612.0,126438331.0,-2.3542600896860884,17.84
HK.02618,京东物流,2023-02-03 00:00:00,17.42,16.78,17.46,16.66,0.0,0.00158,10415114.0,175696586.0,-3.673938002296214,17.42
HK.02618,京东物流,2023-02-06 00:00:00,16.72,16.16,16.72,15.8,0.0,0.00128,8474400.0,136513463.0,-3.6948748510131164,16.78
HK.02618,京东物流,2023-02-07 00:00:00,16.2,15.92,16.36,15.88,0.0,0.0007,4649490.0,74672783.0,-1.4851485148514865,16.16
HK.02618,京东物流,2023-02-08 00:00:00,15.88,15.78,16.16,15.62,0.0,0.00083,5467859.0,86483975.0,-0.8793969849246267,15.92
HK.02618,京东物流,2023-02-09 00:00:00,15.54,15.96,16.04,15.52,0.0,0.00074,4872413.0,77466207.0,1.1406844106463974,15.78
HK.02618,京东物流,2023-02-10 00:00:00,15.98,15.76,15.98,15.54,0.0,0.00082,5394856.0,84768323.0,-1.253132832080207,15.96
HK.02618,京东物流,2023-02-13 00:00:00,15.74,15.76,15.9,15.42,0.0,0.00079,5226229.0,82154217.0,0.0,15.76
HK.02618,京东物流,2023-02-14 00:00:00,15.76,15.7,15.88,15.54,0.0,0.00067,4398569.0,69058809.0,-0.38071065989848035,15.76
HK.02618,京东物流,2023-02-15 00:00:00,15.7,14.92,15.76,14.9,0.0,0.0012,7921334.0,120567779.0,-4.9681528662420344,15.7
HK.02618,京东物流,2023-02-16 00:00:00,15.0,15.04,15.4,14.98,0.0,0.00146,9646599.0,146599678.0,0.8042895442359197,14.92
HK.02618,京东物流,2023-02-17 00:00:00,14.9,14.8,15.02,14.8,0.0,0.00071,4687105.0,69783058.0,-1.5957446808510536,15.04
HK.02618,京东物流,2023-02-20 00:00:00,14.76,15.12,15.18,14.56,0.0,0.00073,4820508.0,72023629.0,2.162162162162152,14.8
HK.02618,京东物流,2023-02-21 00:00:00,15.14,14.8,15.14,14.74,0.0,0.001,6589897.0,98070657.0,-2.1164021164021065,15.12
HK.02618,京东物流,2023-02-22 00:00:00,14.64,14.5,14.76,14.4,0.0,0.00116,7652290.0,111377730.0,-2.0270270270270316,14.8
HK.02618,京东物流,2023-02-23 00:00:00,14.5,14.54,14.74,14.42,0.0,0.00063,4187884.0,60982951.0,0.27586206896551135,14.5
HK.02618,京东物流,2023-02-24 00:00:00,14.56,14.0,14.62,14.0,0.0,0.00127,8356650.0,117960984.0,-3.713892709766157,14.54
HK.02618,京东物流,2023-02-27 00:00:00,13.96,13.92,14.02,13.56,0.0,0.00133,8784070.0,121373580.0,-0.571428571428572,14.0
HK.02618,京东物流,2023-02-28 00:00:00,13.98,14.0,14.3,13.84,0.0,0.00098,6449632.0,90777932.0,0.5747126436781614,13.92
HK.02618,京东物流,2023-03-01 00:00:00,14.0,14.62,14.74,14.0,0.0,0.00099,6552759.0,95053533.0,4.428571428571423,14.0
HK.02618,京东物流,2023-03-02 00:00:00,14.4,14.52,14.62,14.34,0.0,0.00068,4513519.0,65433009.0,-0.6839945280437733,14.62
HK.02618,京东物流,2023-03-03 00:00:00,14.64,14.86,14.96,14.64,0.0,0.00069,4551850.0,67649256.0,2.3415977961432497,14.52
HK.02618,京东物流,2023-03-06 00:00:00,14.86,14.86,14.96,14.6,0.0,0.00062,4109362.0,60980980.0,0.0,14.86
HK.02618,京东物流,2023-03-07 00:00:00,14.76,14.84,15.14,14.62,0.0,0.00085,5608624.0,83632485.0,-0.13458950201883968,14.86
HK.02618,京东物流,2023-03-08 00:00:00,14.68,14.38,14.72,14.3,0.0,0.00095,6304574.0,90789928.0,-3.099730458221018,14.84
HK.02618,京东物流,2023-03-09 00:00:00,14.44,14.0,14.54,14.0,0.0,0.00078,5130159.0,72692571.0,-2.6425591098748313,14.38
HK.02618,京东物流,2023-03-10 00:00:00,13.64,12.72,13.7,12.72,0.0,0.00544,35896682.0,467013689.0,-9.142857142857139,14.0
HK.02618,京东物流,2023-03-13 00:00:00,12.8,13.24,13.34,12.62,0.0,0.00166,10976430.0,143550146.0,4.088050314465405,12.72
HK.02618,京东物流,2023-03-14 00:00:00,13.24,13.18,13.46,12.92,0.0,0.00114,7513690.0,98951736.0,-0.45317220543807024,13.24
HK.02618,京东物流,2023-03-15 00:00:00,13.34,13.48,13.58,13.3,0.0,0.00115,7594466.0,102191822.0,2.2761760242792164,13.18
HK.02618,京东物流,2023-03-16 00:00:00,13.26,13.14,13.4,12.98,0.0,0.00103,6786915.0,89287037.0,-2.522255192878337,13.48
HK.02618,京东物流,2023-03-17 00:00:00,13.22,13.44,13.6,13.22,0.0,0.00155,10252356.0,137327530.0,2.2831050228310423,13.14
HK.02618,京东物流,2023-03-20 00:00:00,13.26,12.9,13.36,12.82,0.0,0.00116,7691274.0,99730032.0,-4.017857142857137,13.44
HK.02618,京东物流,2023-03-21 00:00:00,12.98,13.32,13.36,12.98,0.0,0.00098,6493832.0,85530849.0,3.255813953488371,12.9
HK.02618,京东物流,2023-03-22 00:00:00,13.36,13.36,13.64,13.28,0.0,0.00109,7178377.0,96306830.0,0.30030030030029387,13.32
HK.02618,京东物流,2023-03-23 00:00:00,13.46,13.74,13.78,13.12,0.0,0.0009,5920216.0,80015996.0,2.844311377245515,13.36
HK.02618,京东物流,2023-03-24 00:00:00,13.76,13.84,14.06,13.48,0.0,0.00107,7035387.0,97450288.0,0.7278020378457034,13.74
HK.02618,京东物流,2023-03-27 00:00:00,13.8,13.82,14.0,13.46,0.0,0.00078,5182000.0,71371008.0,-0.14450867052022812,13.84
HK.02618,京东物流,2023-03-28 00:00:00,13.86,14.18,14.34,13.78,0.0,0.00103,6791667.0,95888513.0,2.6049204052098367,13.82
HK.02618,京东物流,2023-03-29 00:00:00,14.42,13.94,14.66,13.76,0.0,0.00162,10679595.0,150831010.0,-1.6925246826516236,14.18
HK.02618,京东物流,2023-03-30 00:00:00,13.94,14.08,14.08,13.7,0.0,0.00139,9170351.0,127277289.0,1.0043041606886698,13.94
HK.02618,京东物流,2023-03-31 00:00:00,14.4,14.1,14.58,14.02,0.0,0.00116,7689044.0,109814796.0,0.1420454545454515,14.08
HK.02618,京东物流,2023-04-03 00:00:00,14.06,13.52,14.22,13.34,0.0,0.00203,13433564.0,182292987.0,-4.113475177304965,14.1
HK.02618,京东物流,2023-04-04 00:00:00,13.68,13.2,13.68,13.02,0.0,0.00141,9282143.0,122503867.0,-2.3668639053254457,13.52
HK.02618,京东物流,2023-04-06 00:00:00,12.96,13.26,13.28,12.96,0.0,0.00072,4776415.0,62675885.0,0.45454545454545836,13.2
HK.02618,京东物流,2023-04-11 00:00:00,13.42,13.56,13.58,13.22,0.0,0.00075,4960866.0,66750437.0,2.2624434389140324,13.26
HK.02618,京东物流,2023-04-12 00:00:00,13.56,13.04,13.68,13.04,0.0,0.00111,7351990.0,97156027.0,-3.8348082595870303,13.56
HK.02618,京东物流,2023-04-13 00:00:00,12.74,12.94,12.96,12.54,0.0,0.00122,8037240.0,102578437.0,-0.7668711656441691,13.04
HK.02618,京东物流,2023-04-14 00:00:00,13.08,13.3,13.5,13.02,0.0,0.00084,5544522.0,73848477.0,2.782071097372498,12.94
HK.02618,京东物流,2023-04-17 00:00:00,13.3,13.48,13.48,13.08,0.0,0.00085,5638353.0,75006918.0,1.3533834586466142,13.3
HK.02618,京东物流,2023-04-18 00:00:00,13.4,13.1,13.4,13.06,0.0,0.00084,5521617.0,72693427.0,-2.8189910979228543,13.48
HK.02618,京东物流,2023-04-19 00:00:00,12.98,12.7,13.1,12.64,0.0,0.00192,12658281.0,161404156.0,-3.0534351145038197,13.1
HK.02618,京东物流,2023-04-20 00:00:00,12.66,12.36,12.7,12.34,0.0,0.00179,11817588.0,147591938.0,-2.6771653543307075,12.7
HK.02618,京东物流,2023-04-21 00:00:00,12.36,12.0,12.42,11.92,0.0,0.00247,16320469.0,197518930.0,-2.9126213592232966,12.36
HK.02618,京东物流,2023-04-24 00:00:00,12.02,12.26,12.46,12.0,0.0,0.00137,9044025.0,110552860.0,2.166666666666665,12.0
HK.02618,京东物流,2023-04-25 00:00:00,12.26,11.96,12.26,11.86,0.0,0.00103,6774791.0,81124995.0,-2.446982055464918,12.26
HK.02618,京东物流,2023-04-26 00:00:00,11.96,12.12,12.28,11.84,0.0,0.00089,5869876.0,71108278.0,1.3377926421404545,11.96
HK.02618,京东物流,2023-04-27 00:00:00,12.12,12.02,12.14,11.88,0.0,0.00069,4576137.0,54968770.0,-0.8250825082508222,12.12
HK.02618,京东物流,2023-04-28 00:00:00,12.1,12.2,12.32,12.1,0.0,0.0008,5269650.0,64395763.0,1.4975041597337746,12.02
HK.02618,京东物流,2023-05-02 00:00:00,12.4,12.14,12.5,11.96,0.0,0.00039,2594532.0,31616562.0,-0.49180327868851414,12.2
HK.02618,京东物流,2023-05-03 00:00:00,12.06,12.06,12.14,11.88,0.0,0.00046,3007254.0,36116261.0,-0.6589785831960466,12.14
HK.02618,京东物流,2023-05-04 00:00:00,12.1,12.28,12.34,12.1,0.0,0.00071,4711864.0,57582795.0,1.8242122719734566,12.06
HK.02618,京东物流,2023-05-05 00:00:00,12.32,12.36,12.5,12.32,0.0,0.00066,4374393.0,54231731.0,0.6514657980456032,12.28
HK.02618,京东物流,2023-05-08 00:00:00,12.36,12.52,12.54,12.3,0.0,0.0009,5919390.0,73707263.0,1.294498381877024,12.36
HK.02618,京东物流,2023-05-09 00:00:00,12.5,12.22,12.66,12.22,0.0,0.0006,3945140.0,49024681.0,-2.396166134185295,12.52
HK.02618,京东物流,2023-05-10 00:00:00,12.34,12.62,12.72,12.2,0.0,0.00109,7175564.0,90117558.0,3.273322422258581,12.22
HK.02618,京东物流,2023-05-11 00:00:00,12.64,12.48,12.74,12.36,0.0,0.0018,11874892.0,148866293.0,-1.1093502377178985,12.62
HK.02618,京东物流,2023-05-12 00:00:00,13.2,13.16,13.38,12.86,0.0,0.00364,24009259.0,314568927.0,5.448717948717946,12.48
HK.02618,京东物流,2023-05-15 00:00:00,12.92,13.36,13.44,12.9,0.0,0.00165,10878741.0,144604929.0,1.5197568389057698,13.16
HK.02618,京东物流,2023-05-16 00:00:00,13.54,13.1,13.64,12.96,0.0,0.00199,13112104.0,173563992.0,-1.946107784431136,13.36
HK.02618,京东物流,2023-05-17 00:00:00,13.1,12.68,13.18,12.66,0.0,0.0017,11207555.0,144882412.0,-3.206106870229007,13.1
HK.02618,京东物流,2023-05-18 00:00:00,12.78,12.72,13.02,12.56,0.0,0.001,6602561.0,84190455.0,0.3154574132492186,12.68
HK.02618,京东物流,2023-05-19 00:00:00,12.72,12.46,12.72,12.42,0.0,0.00085,5644360.0,70570250.0,-2.0440251572327024,12.72
HK.02618,京东物流,2023-05-22 00:00:00,12.38,12.86,12.98,12.32,0.0,0.00081,5335927.0,68265336.0,3.21027287319421,12.46
HK.02618,京东物流,2023-05-23 00:00:00,12.74,12.46,12.86,12.34,0.0,0.00107,7092736.0,89152717.0,-3.1104199066873917,12.86
HK.02618,京东物流,2023-05-24 00:00:00,12.4,12.16,12.4,12.04,0.0,0.00113,7433994.0,90319406.0,-2.4077046548956718,12.46
HK.02618,京东物流,2023-05-25 00:00:00,12.0,11.82,12.16,11.74,0.0,0.00188,12402266.0,147476109.0,-2.796052631578946,12.16
HK.02618,京东物流,2023-05-29 00:00:00,11.86,11.86,12.02,11.74,0.0,0.00149,9848341.0,116937877.0,0.3384094754653058,11.82
HK.02618,京东物流,2023-05-30 00:00:00,11.86,12.12,12.36,11.8,0.0,0.00179,11795186.0,143244688.0,2.192242833052275,11.86
HK.02618,京东物流,2023-05-31 00:00:00,12.12,12.52,12.52,11.88,0.0,0.02601,171755024.0,2140916869.0,3.3003300330033034,12.12
HK.02618,京东物流,2023-06-01 00:00:00,12.2,12.2,12.54,12.16,0.0,0.00606,40013993.0,496104974.0,-2.5559105431309925,12.52
HK.02618,京东物流,2023-06-02 00:00:00,12.5,12.58,12.6,12.34,0.0,0.00216,14250080.0,178312667.0,3.1147540983606623,12.2
HK.02618,京东物流,2023-06-05 00:00:00,12.64,12.54,12.82,12.48,0.0,0.00093,6125322.0,77379512.0,-0.3179650238473841,12.58
HK.02618,京东物流,2023-06-06 00:00:00,12.54,12.48,12.84,12.34,0.0,0.00149,9830090.0,123379700.0,-0.47846889952152094,12.54
HK.02618,京东物流,2023-06-07 00:00:00,12.66,12.62,12.76,12.48,0.0,0.00109,7190729.0,90453344.0,1.121794871794862,12.48
HK.02618,京东物流,2023-06-08 00:00:00,12.62,12.5,12.62,12.4,0.0,0.00062,4070282.0,50886675.0,-0.9508716323296293,12.62
HK.02618,京东物流,2023-06-09 00:00:00,12.62,12.68,12.72,12.44,0.0,0.00087,5764612.0,72575594.0,1.4399999999999977,12.5
HK.02618,京东物流,2023-06-12 00:00:00,12.68,12.68,12.78,12.46,0.0,0.00058,3863373.0,48675469.0,0.0,12.68
HK.02618,京东物流,2023-06-13 00:00:00,12.72,12.84,12.84,12.58,0.0,0.00109,7219999.0,91986486.0,1.2618296529968467,12.68
HK.02618,京东物流,2023-06-14 00:00:00,12.88,12.7,12.92,12.62,0.0,0.00066,4364523.0,55498758.0,-1.0903426791277304,12.84
HK.02618,京东物流,2023-06-15 00:00:00,12.9,13.28,13.28,12.7,0.0,0.00104,6882275.0,89881662.0,4.5669291338582685,12.7
HK.02618,京东物流,2023-06-16 00:00:00,13.3,13.58,13.58,13.2,0.0,0.00172,11331890.0,152397044.0,2.2590361445783187,13.28
HK.02618,京东物流,2023-06-19 00:00:00,13.68,13.2,13.68,13.12,0.0,0.00071,4697804.0,62286181.0,-2.7982326951399172,13.58
HK.02618,京东物流,2023-06-20 00:00:00,13.2,12.9,13.2,12.7,0.0,0.00085,5584625.0,71830686.0,-2.272727272727265,13.2
HK.02618,京东物流,2023-06-21 00:00:00,12.66,12.5,12.8,12.42,0.0,0.00094,6208952.0,77623937.0,-3.1007751937984525,12.9
HK.02618,京东物流,2023-06-23 00:00:00,12.5,12.2,12.5,11.98,0.0,0.00055,3609410.0,43703359.0,-2.4000000000000057,12.5
HK.02618,京东物流,2023-06-26 00:00:00,12.3,12.24,12.38,12.08,0.0,0.00087,5733950.0,70125186.0,0.327868852459024,12.2
HK.02618,京东物流,2023-06-27 00:00:00,12.5,12.6,12.66,12.22,0.0,0.00063,4176289.0,52409575.0,2.9411764705882306,12.24
HK.02618,京东物流,2023-06-28 00:00:00,12.58,12.78,12.8,12.48,0.0,0.00119,7880737.0,99696355.0,1.4285714285714262,12.6
HK.02618,京东物流,2023-06-29 00:00:00,12.7,12.16,12.78,12.02,0.0,0.00114,7536678.0,92174296.0,-4.851330203442874,12.78
HK.02618,京东物流,2023-06-30 00:00:00,12.18,12.22,12.3,12.1,0.0,0.00052,3441303.0,41991923.0,0.493421052631583,12.16
HK.02618,京东物流,2023-07-03 00:00:00,12.4,12.34,12.56,12.26,0.0,0.00094,6194389.0,76323541.0,0.9819967266775713,12.22
HK.02618,京东物流,2023-07-04 00:00:00,12.34,12.46,12.48,12.26,0.0,0.00044,2880877.0,35733436.0,0.9724473257698621,12.34
HK.02618,京东物流,2023-07-05 00:00:00,12.46,12.28,12.46,12.18,0.0,0.00044,2898166.0,35529352.0,-1.4446227929374116,12.46
HK.02618,京东物流,2023-07-06 00:00:00,12.28,11.88,12.28,11.84,0.0,0.00101,6641530.0,79475064.0,-3.257328990228001,12.28
HK.02618,京东物流,2023-07-07 00:00:00,11.88,11.82,11.96,11.76,0.0,0.00062,4113969.0,48634471.0,-0.5050505050505092,11.88
HK.02618,京东物流,2023-07-10 00:00:00,11.96,11.94,12.1,11.86,0.0,0.00046,3035727.0,36241542.0,1.0152284263959324,11.82
HK.02618,京东物流,2023-07-11 00:00:00,11.94,12.08,12.16,11.94,0.0,0.00051,3357840.0,40499830.0,1.1725293132328356,11.94
HK.02618,京东物流,2023-07-12 00:00:00,12.14,12.1,12.3,12.04,0.0,0.00053,3484146.0,42296639.0,0.16556291390728123,12.08
HK.02618,京东物流,2023-07-13 00:00:00,12.3,12.34,12.4,12.2,0.0,0.00107,7098616.0,87475842.0,1.9834710743801671,12.1
HK.02618,京东物流,2023-07-14 00:00:00,12.46,12.6,12.62,12.36,0.0,0.00108,7123603.0,89338100.0,2.106969205834682,12.34
HK.02618,京东物流,2023-07-18 00:00:00,12.6,12.28,12.6,12.24,0.0,0.00069,4543900.0,55931162.0,-2.539682539682542,12.6
HK.02618,京东物流,2023-07-19 00:00:00,12.2,12.12,12.22,11.9,0.0,0.0009,5933391.0,71380059.0,-1.3029315960912065,12.28
HK.02618,京东物流,2023-07-20 00:00:00,12.12,11.94,12.26,11.88,0.0,0.00105,6908020.0,82978082.0,-1.485148514851483,12.12
HK.02618,京东物流,2023-07-21 00:00:00,11.98,11.96,12.08,11.84,0.0,0.00061,4059845.0,48517736.0,0.16750418760470143,11.94
HK.02618,京东物流,2023-07-24 00:00:00,11.92,11.66,11.94,11.58,0.0,0.00114,7521001.0,88131505.0,-2.5083612040133834,11.96
HK.02618,京东物流,2023-07-25 00:00:00,11.92,12.68,12.7,11.92,0.0,0.00225,14873771.0,183611730.0,8.747855917667234,11.66
HK.02618,京东物流,2023-07-26 00:00:00,12.54,12.64,12.66,12.38,0.0,0.00077,5085637.0,63667924.0,-0.3154574132492046,12.68
HK.02618,京东物流,2023-07-27 00:00:00,12.72,12.92,12.98,12.68,0.0,0.0012,7952824.0,102350857.0,2.2151898734177164,12.64
HK.02618,京东物流,2023-07-28 00:00:00,12.8,13.06,13.16,12.66,0.0,0.00101,6686256.0,86896835.0,1.0835913312693541,12.92
HK.02618,京东物流,2023-07-31 00:00:00,13.06,13.16,13.48,13.06,0.0,0.00149,9861746.0,130801167.0,0.7656967840735042,13.06
HK.02618,京东物流,2023-08-01 00:00:00,13.32,13.0,13.46,12.9,0.0,0.00091,6019503.0,79103784.0,-1.2158054711246211,13.16
HK.02618,京东物流,2023-08-02 00:00:00,13.0,12.66,13.1,12.6,0.0,0.00076,5036316.0,64328294.0,-2.615384615384614,13.0
HK.02618,京东物流,2023-08-03 00:00:00,12.66,12.7,12.9,12.52,0.0,0.00058,3812188.0,48539808.0,0.3159557661927263,12.66
HK.02618,京东物流,2023-08-04 00:00:00,12.8,12.7,13.14,12.56,0.0,0.00098,6465707.0,82549197.0,0.0,12.7
HK.02618,京东物流,2023-08-07 00:00:00,12.6,12.5,12.6,12.32,0.0,0.00062,4091666.0,51132335.0,-1.5748031496062938,12.7
HK.02618,京东物流,2023-08-08 00:00:00,12.4,12.06,12.48,12.04,0.0,0.00105,6913451.0,84078888.0,-3.519999999999996,12.5
HK.02618,京东物流,2023-08-09 00:00:00,12.1,12.1,12.22,11.98,0.0,0.00115,7613508.0,91839950.0,0.33167495854062307,12.06
HK.02618,京东物流,2023-08-10 00:00:00,12.04,12.1,12.16,11.92,0.0,0.00147,9680327.0,116548422.0,0.0,12.1
HK.02618,京东物流,2023-08-11 00:00:00,12.1,11.94,12.1,11.88,0.0,0.0009,5922300.0,70830968.0,-1.322314049586778,12.1
HK.02618,京东物流,2023-08-14 00:00:00,11.8,11.76,11.86,11.54,0.0,0.0013,8555863.0,99704350.0,-1.5075376884422087,11.94
HK.02618,京东物流,2023-08-15 00:00:00,11.76,11.46,11.76,11.36,0.0,0.00148,9757231.0,112214468.0,-2.5510204081632564,11.76
HK.02618,京东物流,2023-08-16 00:00:00,11.46,11.4,11.5,11.32,0.0,0.00079,5221743.0,59556909.0,-0.5235602094240881,11.46
HK.02618,京东物流,2023-08-17 00:00:00,11.44,11.16,11.44,11.06,0.0,0.00199,13168880.0,147398195.0,-2.1052631578947385,11.4
HK.02618,京东物流,2023-08-18 00:00:00,11.14,10.54,11.18,10.52,0.0,0.00252,16639832.0,179529514.0,-5.555555555555564,11.16
HK.02618,京东物流,2023-08-21 00:00:00,10.48,10.22,10.48,10.1,0.0,0.00185,12206081.0,125192687.0,-3.0360531309297776,10.54
HK.02618,京东物流,2023-08-22 00:00:00,10.32,10.64,10.7,10.32,0.0,0.0016,10600450.0,111277076.0,4.109589041095889,10.22
HK.02618,京东物流,2023-08-23 00:00:00,10.56,10.64,10.76,10.48,0.0,0.00084,5518296.0,58629666.0,0.0,10.64
HK.02618,京东物流,2023-08-24 00:00:00,10.7,10.76,10.98,10.62,0.0,0.00075,4984430.0,53840426.0,1.1278195488721732,10.64
HK.02618,京东物流,2023-08-25 00:00:00,10.74,10.6,10.74,10.54,0.0,0.00076,4991800.0,53024383.0,-1.4869888475836444,10.76
HK.02618,京东物流,2023-08-28 00:00:00,10.94,10.64,11.0,10.64,0.0,0.00075,4956236.0,53499535.0,0.3773584905660465,10.6
HK.02618,京东物流,2023-08-29 00:00:00,10.64,10.9,10.9,10.56,0.0,0.00111,7316500.0,78978614.0,2.4436090225563887,10.64
HK.02618,京东物流,2023-08-30 00:00:00,10.96,10.66,11.02,10.6,0.0,0.00087,5736505.0,61742871.0,-2.201834862385323,10.9
HK.02618,京东物流,2023-08-31 00:00:00,10.66,10.46,10.82,10.38,0.0,0.0023,15176411.0,159379707.0,-1.8761726078799181,10.66
HK.02618,京东物流,2023-09-04 00:00:00,10.52,11.0,11.08,10.52,0.0,0.00133,8771049.0,95748479.0,5.162523900573605,10.46
HK.02618,京东物流,2023-09-05 00:00:00,10.98,10.82,10.98,10.8,0.0,0.00057,3798661.0,41225952.0,-1.6363636363636338,11.0
HK.02618,京东物流,2023-09-06 00:00:00,10.78,10.52,10.78,10.46,0.0,0.00115,7609932.0,80153190.0,-2.772643253234757,10.82
HK.02618,京东物流,2023-09-07 00:00:00,10.44,10.3,10.52,10.28,0.0,0.00061,4044989.0,42029764.0,-2.0912547528517003,10.52
HK.02618,京东物流,2023-09-11 00:00:00,10.3,10.34,10.4,10.18,0.0,0.00085,5585572.0,57452151.0,0.3883495145630985,10.3
HK.02618,京东物流,2023-09-12 00:00:00,10.34,10.3,10.44,10.16,0.0,0.00056,3717615.0,38287557.0,-0.3868471953578254,10.34
HK.02618,京东物流,2023-09-13 00:00:00,10.36,10.44,10.5,10.26,0.0,0.00111,7338132.0,76310388.0,1.359223300970862,10.3
HK.02618,京东物流,2023-09-14 00:00:00,10.48,10.48,10.56,10.34,0.0,0.00064,4240605.0,44409174.0,0.3831417624521162,10.44
HK.02618,京东物流,2023-09-15 00:00:00,10.48,10.64,10.74,10.42,0.0,0.0016,10540103.0,111904903.0,1.5267175572519098,10.48
HK.02618,京东物流,2023-09-18 00:00:00,10.42,10.06,10.6,9.99,0.0,0.00519,34291379.0,354033182.0,-5.451127819548873,10.64
HK.02618,京东物流,2023-09-19 00:00:00,10.06,9.93,10.16,9.88,0.0,0.00141,9299922.0,93056394.0,-1.292246520874759,10.06
HK.02618,京东物流,2023-09-20 00:00:00,9.93,9.71,9.93,9.7,0.0,0.00085,5644868.0,55237062.0,-2.215508559919425,9.93
HK.02618,京东物流,2023-09-21 00:00:00,9.71,9.57,9.71,9.5,0.0,0.00076,4999899.0,47911216.0,-1.4418125643666382,9.71
HK.02618,京东物流,2023-09-22 00:00:00,9.5,9.97,9.98,9.42,0.0,0.00084,5570306.0,54414001.0,4.179728317659356,9.57
HK.02618,京东物流,2023-09-25 00:00:00,9.97,9.81,9.97,9.66,0.0,0.00079,5237635.0,51369924.0,-1.6048144433299913,9.97
HK.02618,京东物流,2023-09-26 00:00:00,9.65,9.6,9.8,9.57,0.0,0.00052,3461932.0,33416551.0,-2.1406727828746264,9.81
HK.02618,京东物流,2023-09-27 00:00:00,9.63,9.73,9.76,9.61,0.0,0.0004,2641606.0,25545870.0,1.354166666666675,9.6
HK.02618,京东物流,2023-09-28 00:00:00,9.73,9.53,9.73,9.53,0.0,0.00044,2915346.0,27925470.0,-2.055498458376167,9.73
HK.02618,京东物流,2023-09-29 00:00:00,9.53,9.95,10.02,9.53,0.0,0.00029,1923400.0,18993195.0,4.40713536201469,9.53
HK.02618,京东物流,2023-10-03 00:00:00,9.95,9.29,9.95,9.27,0.0,0.00054,3584049.0,33557159.0,-6.633165829145731,9.95
HK.02618,京东物流,2023-10-04 00:00:00,9.29,9.23,9.29,8.99,0.0,0.00041,2720895.0,24857880.0,-0.6458557588805031,9.29
HK.02618,京东物流,2023-10-05 00:00:00,9.3,9.29,9.4,9.15,0.0,0.00036,2407023.0,22393498.0,0.6500541711809179,9.23
HK.02618,京东物流,2023-10-06 00:00:00,9.29,9.47,9.48,9.29,0.0,0.00024,1574900.0,14842975.0,1.9375672766415664,9.29
HK.02618,京东物流,2023-10-09 00:00:00,9.0,9.48,9.56,8.97,0.0,0.00029,1930292.0,18185444.0,0.10559662090812867,9.47
HK.02618,京东物流,2023-10-10 00:00:00,9.6,9.57,9.77,9.48,0.0,0.00058,3813098.0,36502305.0,0.9493670886075934,9.48
HK.02618,京东物流,2023-10-11 00:00:00,9.6,9.67,9.88,9.6,0.0,0.00078,5149582.0,50032970.0,1.0449320794148342,9.57
HK.02618,京东物流,2023-10-12 00:00:00,9.68,9.89,9.93,9.68,0.0,0.00068,4464196.0,44051399.0,2.275077559462261,9.67
HK.02618,京东物流,2023-10-13 00:00:00,9.6,9.41,9.68,9.37,0.0,0.00132,8752012.0,83203647.0,-4.853387259858447,9.89
HK.02618,京东物流,2023-10-16 00:00:00,9.41,9.36,9.48,9.23,0.0,0.00067,4423670.0,41341132.0,-0.5313496280552679,9.41
HK.02618,京东物流,2023-10-17 00:00:00,9.44,9.5,9.58,9.36,0.0,0.00054,3553657.0,33750280.0,1.495726495726502,9.36
HK.02618,京东物流,2023-10-18 00:00:00,9.5,9.35,9.5,9.3,0.0,0.00055,3654005.0,34207603.0,-1.5789473684210564,9.5
HK.02618,京东物流,2023-10-19 00:00:00,9.26,9.02,9.28,9.01,0.0,0.00125,8246356.0,75068084.0,-3.529411764705883,9.35
HK.02618,京东物流,2023-10-20 00:00:00,8.81,8.86,8.99,8.8,0.0,0.00126,8310862.0,73924505.0,-1.7738359201773852,9.02
HK.02618,京东物流,2023-10-24 00:00:00,8.9,8.99,9.35,8.77,0.0,0.00156,10327042.0,93132673.0,1.4672686230248395,8.86
HK.02618,京东物流,2023-10-25 00:00:00,9.18,9.16,9.38,9.09,0.0,0.00072,4753484.0,43998792.0,1.8909899888765287,8.99
HK.02618,京东物流,2023-10-26 00:00:00,9.18,9.15,9.18,8.96,0.0,0.00049,3247362.0,29436194.0,-0.10917030567685357,9.16
HK.02618,京东物流,2023-10-27 00:00:00,9.2,9.39,9.45,9.1,0.0,0.00086,5674700.0,53035278.0,2.622950819672133,9.15
HK.02618,京东物流,2023-10-30 00:00:00,9.36,9.5,9.53,9.34,0.0,0.00081,5341795.0,50554600.0,1.171458998935031,9.39
HK.02618,京东物流,2023-10-31 00:00:00,9.5,9.26,9.5,9.19,0.0,0.00059,3866299.0,35891263.0,-2.5263157894736867,9.5
HK.02618,京东物流,2023-11-01 00:00:00,9.26,9.13,9.33,9.07,0.0,0.00034,2238700.0,20494832.0,-1.4038876889848706,9.26
HK.02618,京东物流,2023-11-02 00:00:00,9.32,9.24,9.37,9.18,0.0,0.00052,3427800.0,31732978.0,1.2048192771084274,9.13
HK.02618,京东物流,2023-11-03 00:00:00,9.25,9.47,9.57,9.25,0.0,0.00092,6089266.0,57642598.0,2.489177489177494,9.24
HK.02618,京东物流,2023-11-06 00:00:00,9.64,9.84,9.92,9.64,0.0,0.00089,5853596.0,57427992.0,3.907074973600836,9.47
HK.02618,京东物流,2023-11-07 00:00:00,9.8,9.69,9.88,9.65,0.0,0.00059,3896296.0,37850386.0,-1.5243902439024426,9.84
HK.02618,京东物流,2023-11-08 00:00:00,9.69,9.68,9.81,9.53,0.0,0.00041,2719549.0,26358854.0,-0.10319917440660255,9.69
HK.02618,京东物流,2023-11-09 00:00:00,9.89,9.52,9.89,9.48,0.0,0.00062,4110977.0,39545958.0,-1.6528925619834725,9.68
HK.02618,京东物流,2023-11-10 00:00:00,9.51,9.23,9.51,9.22,0.0,0.00058,3800015.0,35283508.0,-3.0462184873949494,9.52
HK.02618,京东物流,2023-11-13 00:00:00,9.23,9.25,9.28,9.01,0.0,0.00096,6351432.0,58039898.0,0.21668472372697264,9.23
HK.02618,京东物流,2023-11-14 00:00:00,9.35,9.14,9.39,9.1,0.0,0.00103,6825602.0,62774883.0,-1.189189189189183,9.25
HK.02618,京东物流,2023-11-15 00:00:00,9.41,9.91,9.91,9.34,0.0,0.00184,12134709.0,116646811.0,8.424507658643321,9.14
HK.02618,京东物流,2023-11-16 00:00:00,10.2,10.06,10.34,9.86,0.0,0.00287,18967392.0,191010807.0,1.5136226034308815,9.91
HK.02618,京东物流,2023-11-17 00:00:00,9.93,9.82,9.98,9.67,0.0,0.00088,5786949.0,56818713.0,-2.385685884691851,10.06
HK.02618,京东物流,2023-11-20 00:00:00,9.98,10.04,10.06,9.82,0.0,0.00137,9081859.0,90518874.0,2.2403258655804366,9.82
HK.02618,京东物流,2023-11-21 00:00:00,10.16,9.92,10.24,9.87,0.0,0.00092,6080432.0,60897724.0,-1.1952191235059684,10.04
HK.02618,京东物流,2023-11-22 00:00:00,9.88,9.84,9.9,9.78,0.0,0.00039,2573739.0,25328172.0,-0.8064516129032264,9.92
HK.02618,京东物流,2023-11-23 00:00:00,9.87,10.14,10.14,9.82,0.0,0.00083,5452739.0,54599015.0,3.048780487804885,9.84
HK.02618,京东物流,2023-11-24 00:00:00,10.0,9.92,10.0,9.9,0.0,0.00067,4456332.0,44269487.0,-2.1696252465483297,10.14
HK.02618,京东物流,2023-11-27 00:00:00,10.06,9.94,10.06,9.81,0.0,0.00052,3407365.0,33731109.0,0.20161290322580216,9.92
HK.02618,京东物流,2023-11-28 00:00:00,9.94,9.8,10.02,9.76,0.0,0.00066,4390481.0,43319485.0,-1.40845070422534,9.94
HK.02618,京东物流,2023-11-29 00:00:00,9.9,9.7,9.9,9.62,0.0,0.00098,6482507.0,63014653.0,-1.0204081632653206,9.8
HK.02618,京东物流,2023-11-30 00:00:00,9.71,9.59,9.92,9.44,0.0,0.00193,12721574.0,122077357.0,-1.1340206185566952,9.7
HK.02618,京东物流,2023-12-01 00:00:00,9.59,9.29,9.59,9.23,0.0,0.00117,7760778.0,72417240.0,-3.1282586027111647,9.59
HK.02618,京东物流,2023-12-04 00:00:00,9.29,9.34,9.5,9.17,0.0,0.00057,3778318.0,35418781.0,0.5382131324004382,9.29
HK.02618,京东物流,2023-12-05 00:00:00,9.34,9.15,9.34,9.12,0.0,0.00087,5736258.0,52802209.0,-2.034261241970016,9.34
HK.02618,京东物流,2023-12-06 00:00:00,9.12,9.38,9.48,9.09,0.0,0.00114,7503532.0,70056357.0,2.513661202185797,9.15
HK.02618,京东物流,2023-12-07 00:00:00,9.35,9.21,9.35,9.15,0.0,0.00069,4559462.0,41924306.0,-1.8123667377398713,9.38
HK.02618,京东物流,2023-12-08 00:00:00,9.25,9.16,9.33,9.15,0.0,0.00048,3194400.0,29462752.0,-0.5428881650380099,9.21
HK.02618,京东物流,2023-12-11 00:00:00,9.16,9.09,9.16,8.89,0.0,0.00074,4900678.0,44090352.0,-0.7641921397379944,9.16
HK.02618,京东物流,2023-12-12 00:00:00,9.12,9.22,9.24,9.04,0.0,0.00069,4543989.0,41716762.0,1.4301430143014386,9.09
HK.02618,京东物流,2023-12-13 00:00:00,9.22,8.94,9.22,8.9,0.0,0.00072,4769758.0,42794147.0,-3.036876355748385,9.22
HK.02618,京东物流,2023-12-14 00:00:00,9.11,9.11,9.19,9.04,0.0,0.00059,3878766.0,35279802.0,1.9015659955257262,8.94
HK.02618,京东物流,2023-12-15 00:00:00,9.29,9.43,9.58,9.23,0.0,0.00141,9322850.0,87790048.0,3.5126234906695974,9.11
HK.02618,京东物流,2023-12-18 00:00:00,9.35,9.19,9.36,9.11,0.0,0.00063,4181988.0,38429977.0,-2.545068928950162,9.43
HK.02618,京东物流,2023-12-19 00:00:00,9.17,9.1,9.17,9.0,0.0,0.00074,4873400.0,44245817.0,-0.9793253536452652,9.19
HK.02618,京东物流,2023-12-20 00:00:00,9.2,9.08,9.3,9.03,0.0,0.00057,3736786.0,33971498.0,-0.21978021978021509,9.1
HK.02618,京东物流,2023-12-21 00:00:00,9.08,9.25,9.27,8.92,0.0,0.00057,3793934.0,34670552.0,1.8722466960352415,9.08
HK.02618,京东物流,2023-12-22 00:00:00,9.29,9.19,9.31,9.11,0.0,0.00084,5518122.0,50719168.0,-0.648648648648654,9.25
HK.02618,京东物流,2023-12-27 00:00:00,9.2,9.31,9.32,9.11,0.0,0.00053,3528511.0,32570883.0,1.3057671381936997,9.19
HK.02618,京东物流,2023-12-28 00:00:00,9.2,9.72,9.73,9.19,0.0,0.00103,6775192.0,65137559.0,4.4038668098818485,9.31
HK.02618,京东物流,2023-12-29 00:00:00,9.79,9.78,9.81,9.6,0.0,0.0004,2672654.0,25953884.0,0.6172839506172707,9.72
HK.02618,京东物流,2024-01-02 00:00:00,9.81,9.49,9.82,9.4,0.0,0.00077,5087847.0,48477959.0,-2.965235173824122,9.78
HK.02618,京东物流,2024-01-03 00:00:00,9.49,9.36,9.49,9.25,0.0,0.00042,2804216.0,26167505.0,-1.3698630136986383,9.49
HK.02618,京东物流,2024-01-04 00:00:00,9.38,9.49,9.52,9.3,0.0,0.00039,2572487.0,24219804.0,1.3888888888888973,9.36
HK.02618,京东物流,2024-01-05 00:00:00,9.49,9.48,9.61,9.4,0.0,0.00063,4180727.0,39753163.0,-0.10537407797681546,9.49
HK.02618,京东物流,2024-01-08 00:00:00,9.33,9.1,9.57,9.03,0.0,0.00063,4137785.0,37716618.0,-4.008438818565409,9.48
HK.02618,京东物流,2024-01-09 00:00:00,9.13,8.98,9.17,8.94,0.0,0.00061,4051972.0,36555728.0,-1.3186813186813102,9.1
HK.02618,京东物流,2024-01-10 00:00:00,8.96,8.93,9.09,8.89,0.0,0.00042,2763277.0,24751887.0,-0.5567928730512328,8.98
HK.02618,京东物流,2024-01-11 00:00:00,8.95,8.94,9.09,8.9,0.0,0.00047,3132846.0,28117390.0,0.11198208286673894,8.93
HK.02618,京东物流,2024-01-12 00:00:00,8.89,8.81,9.0,8.8,0.0,0.00063,4187138.0,37127326.0,-1.4541387024608392,8.94
HK.02618,京东物流,2024-01-15 00:00:00,8.9,8.93,8.99,8.76,0.0,0.00035,2292201.0,20365941.0,1.3620885357548151,8.81
HK.02618,京东物流,2024-01-16 00:00:00,8.92,8.48,8.92,8.45,0.0,0.00086,5699875.0,48983030.0,-5.039193729003352,8.93
HK.02618,京东物流,2024-01-17 00:00:00,8.37,7.72,8.38,7.67,0.0,0.00198,13057006.0,103560344.0,-8.962264150943405,8.48
HK.02618,京东物流,2024-01-18 00:00:00,7.76,7.89,7.95,7.65,0.0,0.00102,6742425.0,52772404.0,2.2020725388601026,7.72
HK.02618,京东物流,2024-01-19 00:00:00,7.86,7.78,7.93,7.73,0.0,0.00095,6302574.0,49201413.0,-1.3941698352344667,7.89
HK.02618,京东物流,2024-01-22 00:00:00,7.85,7.22,7.85,7.12,0.0,0.00132,8737277.0,64005910.0,-7.197943444730083,7.78
HK.02618,京东物流,2024-01-23 00:00:00,7.22,7.42,7.56,7.14,0.0,0.00164,10831472.0,80231937.0,2.7700831024930777,7.22
HK.02618,京东物流,2024-01-24 00:00:00,7.58,7.68,7.73,7.3,0.0,0.00098,6506418.0,49137393.0,3.5040431266846332,7.42
HK.02618,京东物流,2024-01-25 00:00:00,7.73,7.76,7.79,7.5,0.0,0.00068,4467506.0,34447040.0,1.0416666666666676,7.68
HK.02618,京东物流,2024-01-26 00:00:00,7.71,7.47,7.77,7.46,0.0,0.00045,2996523.0,22693176.0,-3.737113402061856,7.76
HK.02618,京东物流,2024-01-29 00:00:00,7.5,7.5,7.68,7.41,0.0,0.00082,5434006.0,40743321.0,0.4016064257028146,7.47
HK.02618,京东物流,2024-01-30 00:00:00,7.41,7.14,7.41,7.11,0.0,0.00091,6024098.0,43394622.0,-4.800000000000004,7.5
HK.02618,京东物流,2024-01-31 00:00:00,7.15,6.8,7.23,6.71,0.0,0.00209,13809462.0,95235984.0,-4.76190476190476,7.14
HK.02618,京东物流,2024-02-01 00:00:00,6.87,7.18,7.23,6.78,0.0,0.0015,9936500.0,70677622.0,5.588235294117646,6.8
HK.02618,京东物流,2024-02-02 00:00:00,7.17,6.9,7.33,6.82,0.0,0.00102,6766676.0,47602655.0,-3.8997214484679574,7.18
HK.02618,京东物流,2024-02-05 00:00:00,6.75,6.82,6.93,6.61,0.0,0.00105,6924185.0,46896190.0,-1.1594202898550736,6.9
HK.02618,京东物流,2024-02-06 00:00:00,6.82,7.29,7.34,6.72,0.0,0.00104,6856346.0,49042804.0,6.891495601173017,6.82
HK.02618,京东物流,2024-02-07 00:00:00,7.35,7.35,7.56,7.28,0.0,0.00075,4945632.0,36529019.0,0.8230452674897066,7.29
HK.02618,京东物流,2024-02-08 00:00:00,7.36,7.47,7.55,7.22,0.0,0.00116,7694493.0,57189803.0,1.6326530612244914,7.35
HK.02618,京东物流,2024-02-09 00:00:00,7.6,7.23,7.63,7.12,0.0,0.00049,3261107.0,23991466.0,-3.2128514056224815,7.47
HK.02618,京东物流,2024-02-14 00:00:00,7.0,7.29,7.33,6.9,0.0,0.00021,1420200.0,10215223.0,0.8298755186721938,7.23
HK.02618,京东物流,2024-02-15 00:00:00,7.26,7.29,7.35,7.13,0.0,0.00026,1744454.0,12663115.0,0.0,7.29
HK.02618,京东物流,2024-02-16 00:00:00,7.29,7.77,7.81,7.24,0.0,0.00069,4561602.0,34947762.0,6.5843621399176895,7.29
HK.02618,京东物流,2024-02-19 00:00:00,7.75,7.47,7.75,7.41,0.0,0.0007,4632029.0,34677051.0,-3.8610038610038586,7.77
HK.02618,京东物流,2024-02-20 00:00:00,7.5,7.39,7.58,7.2,0.0,0.0009,5976325.0,43723286.0,-1.070950468540831,7.47
HK.02618,京东物流,2024-02-21 00:00:00,7.21,7.71,7.86,7.21,0.0,0.00102,6769718.0,51991538.0,4.330175913396485,7.39
HK.02618,京东物流,2024-02-22 00:00:00,7.67,7.87,7.87,7.57,0.0,0.00069,4559800.0,35296628.0,2.0752269779507153,7.71
HK.02618,京东物流,2024-02-23 00:00:00,7.87,7.83,7.87,7.67,0.0,0.00056,3697731.0,28732971.0,-0.5082592121982216,7.87
HK.02618,京东物流,2024-02-26 00:00:00,7.71,7.82,8.0,7.7,0.0,0.00056,3699247.0,29048542.0,-0.12771392081736638,7.83
HK.02618,京东物流,2024-02-27 00:00:00,7.82,7.95,7.95,7.63,0.0,0.00086,5659679.0,44129399.0,1.6624040920716097,7.82
HK.02618,京东物流,2024-02-28 00:00:00,8.0,7.65,8.0,7.63,0.0,0.00091,5993884.0,46762955.0,-3.773584905660375,7.95
HK.02618,京东物流,2024-02-29 00:00:00,7.64,7.77,7.82,7.63,0.0,0.00157,10399570.0,80523601.0,1.5686274509803817,7.65
HK.02618,京东物流,2024-03-01 00:00:00,7.65,7.74,7.84,7.32,0.0,0.00126,8308426.0,64024337.0,-0.3861003861003779,7.77
HK.02618,京东物流,2024-03-04 00:00:00,7.81,7.77,7.86,7.68,0.0,0.00055,3653364.0,28354551.0,0.3875968992247979,7.74
HK.02618,京东物流,2024-03-05 00:00:00,7.6,7.31,7.68,7.27,0.0,0.00128,8473696.0,62798789.0,-5.9202059202059205,7.77
HK.02618,京东物流,2024-03-06 00:00:00,7.3,7.69,7.75,7.3,0.0,0.00169,11190737.0,85104378.0,5.198358413132706,7.31
HK.02618,京东物流,2024-03-07 00:00:00,8.32,8.11,8.68,8.02,78.737,0.00454,30037391.0,249116507.0,5.461638491547451,7.69
HK.02618,京东物流,2024-03-08 00:00:00,8.13,7.92,8.16,7.86,76.893,0.00229,15127762.0,120511385.0,-2.342786683107269,8.11
HK.02618,京东物流,2024-03-11 00:00:00,7.99,8.2,8.33,7.99,79.611,0.00217,14368393.0,117945735.0,3.5353535353535275,7.92
HK.02618,京东物流,2024-03-12 00:00:00,8.23,8.59,8.61,8.14,83.398,0.00288,19070101.0,160605552.0,4.756097560975617,8.2
HK.02618,京东物流,2024-03-13 00:00:00,8.45,8.32,8.52,8.28,80.776,0.00146,9687023.0,81027766.0,-3.143189755529681,8.59
HK.02618,京东物流,2024-03-14 00:00:00,8.37,8.25,8.47,8.15,80.097,0.00105,6928044.0,57363265.0,-0.8413461538461573,8.32
HK.02618,京东物流,2024-03-15 00:00:00,8.22,8.04,8.22,7.93,78.058,0.00182,12078625.0,96953187.0,-2.545454545454556,8.25
HK.02618,京东物流,2024-03-18 00:00:00,8.1,8.17,8.25,8.0,79.32,0.0011,7267974.0,59289009.0,1.6169154228855822,8.04
HK.02618,京东物流,2024-03-19 00:00:00,8.1,8.0,8.14,7.9,77.669,0.00082,5419375.0,43510321.0,-2.0807833537331692,8.17
HK.02618,京东物流,2024-03-20 00:00:00,8.0,8.14,8.2,7.91,79.029,0.00087,5742027.0,46606328.0,1.750000000000007,8.0
HK.02618,京东物流,2024-03-21 00:00:00,8.33,8.29,8.39,8.22,80.485,0.0012,7966927.0,66112737.0,1.842751842751825,8.14
HK.02618,京东物流,2024-03-22 00:00:00,8.17,7.94,8.21,7.89,77.087,0.00108,7155500.0,57169984.0,-4.221954161640516,8.29
HK.02618,京东物流,2024-03-25 00:00:00,7.94,7.83,7.97,7.78,76.019,0.00069,4551294.0,35738641.0,-1.385390428211591,7.94
HK.02618,京东物流,2024-03-26 00:00:00,7.89,8.1,8.13,7.89,78.64,0.00109,7198297.0,57860059.0,3.44827586206896,7.83
HK.02618,京东物流,2024-03-27 00:00:00,8.02,7.73,8.05,7.7,75.048,0.00131,8685966.0,68263197.0,-4.567901234567892,8.1
HK.02618,京东物流,2024-03-28 00:00:00,7.8,7.97,8.1,7.8,77.378,0.00134,8888210.0,70921775.0,3.104786545924959,7.73
HK.02618,京东物流,2024-04-02 00:00:00,8.04,8.17,8.2,8.02,79.32,0.00111,7354094.0,59881599.0,2.509410288582185,7.97
HK.02618,京东物流,2024-04-03 00:00:00,8.17,7.93,8.17,7.89,76.99,0.001,6643477.0,52967515.0,-2.9375764993880074,8.17
HK.02618,京东物流,2024-04-05 00:00:00,7.93,7.85,8.2,7.64,76.213,0.00051,3345644.0,26107149.0,-1.008827238335436,7.93
HK.02618,京东物流,2024-04-08 00:00:00,7.83,7.81,7.88,7.71,75.825,0.00074,4918497.0,38376172.0,-0.509554140127389,7.85
HK.02618,京东物流,2024-04-09 00:00:00,7.96,8.0,8.06,7.87,77.669,0.00065,4282319.0,34326150.0,2.4327784891165223,7.81
HK.02618,京东物流,2024-04-10 00:00:00,8.05,8.1,8.13,8.02,78.64,0.00087,5771118.0,46662870.0,1.2499999999999956,8.0
HK.02618,京东物流,2024-04-11 00:00:00,7.92,7.96,8.06,7.81,77.281,0.00083,5507522.0,43677001.0,-1.7283950617283912,8.1
HK.02618,京东物流,2024-04-12 00:00:00,7.96,7.75,7.96,7.75,75.242,0.00095,6276972.0,48981710.0,-2.638190954773869,7.96
HK.02618,京东物流,2024-04-15 00:00:00,7.75,7.66,7.77,7.55,74.368,0.00067,4423367.0,33952157.0,-1.1612903225806432,7.75
HK.02618,京东物流,2024-04-16 00:00:00,7.55,7.55,7.61,7.47,73.3,0.00082,5457267.0,41177486.0,-1.4360313315926936,7.66
HK.02618,京东物流,2024-04-17 00:00:00,7.55,7.55,7.78,7.5,73.3,0.00081,5328551.0,40384247.0,0.0,7.55
HK.02618,京东物流,2024-04-18 00:00:00,7.51,7.69,7.79,7.51,74.66,0.00069,4584407.0,35279273.0,1.8543046357615969,7.55
HK.02618,京东物流,2024-04-19 00:00:00,7.51,7.58,7.64,7.46,73.592,0.00087,5780291.0,43646904.0,-1.4304291287386257,7.69
HK.02618,京东物流,2024-04-22 00:00:00,7.72,7.87,7.94,7.58,76.407,0.00109,7228827.0,56865541.0,3.8258575197889186,7.58
HK.02618,京东物流,2024-04-23 00:00:00,7.98,8.15,8.21,7.9,79.126,0.00172,11403528.0,92473909.0,3.557814485387551,7.87
HK.02618,京东物流,2024-04-24 00:00:00,8.16,8.16,8.2,8.08,79.223,0.00094,6224656.0,50692388.0,0.12269938650306486,8.15
HK.02618,京东物流,2024-04-25 00:00:00,8.16,8.24,8.36,8.09,80.0,0.00119,7846463.0,64682873.0,0.980392156862746,8.16
HK.02618,京东物流,2024-04-26 00:00:00,8.24,8.5,8.55,8.15,82.524,0.00162,10724447.0,90495534.0,3.15533980582524,8.24
HK.02618,京东物流,2024-04-29 00:00:00,8.57,8.61,8.75,8.44,83.592,0.00146,9690359.0,83566781.0,1.2941176470588167,8.5
HK.02618,京东物流,2024-04-30 00:00:00,8.61,8.55,8.75,8.48,83.009,0.0012,7975917.0,68473148.0,-0.696864111498243,8.61
HK.02618,京东物流,2024-05-02 00:00:00,8.47,9.21,9.25,8.43,89.417,0.00135,8968903.0,81362689.0,7.719298245614035,8.55
HK.02618,京东物流,2024-05-03 00:00:00,9.5,9.16,9.53,8.98,88.932,0.00104,6878634.0,62811110.0,-0.5428881650380099,9.21
HK.02618,京东物流,2024-05-06 00:00:00,9.1,9.01,9.14,8.82,87.475,0.00139,9187692.0,82542966.0,-1.6375545851528424,9.16
HK.02618,京东物流,2024-05-07 00:00:00,9.01,8.98,9.16,8.93,87.184,0.00074,4879798.0,44012110.0,-0.33296337402884973,9.01
HK.02618,京东物流,2024-05-08 00:00:00,8.98,8.77,9.05,8.75,85.145,0.0006,3951984.0,34984644.0,-2.3385300668151543,8.98
HK.02618,京东物流,2024-05-09 00:00:00,8.77,8.94,8.97,8.7,86.796,0.00069,4565926.0,40596605.0,1.9384264538198397,8.77
HK.02618,京东物流,2024-05-10 00:00:00,8.9,8.99,9.03,8.74,87.281,0.00109,7214501.0,64574176.0,0.5592841163311042,8.94
HK.02618,京东物流,2024-05-13 00:00:00,9.0,9.18,9.23,8.9,89.126,0.00159,10505046.0,95785046.0,2.1134593993325863,8.99
HK.02618,京东物流,2024-05-14 00:00:00,9.23,9.46,9.59,9.23,91.844,0.00273,18089714.0,171547477.0,3.050108932461886,9.18
HK.02618,京东物流,2024-05-16 00:00:00,9.55,9.8,9.82,9.34,95.145,0.00271,17937758.0,172291202.0,3.5940803382663833,9.46
HK.02618,京东物流,2024-05-17 00:00:00,10.12,10.22,10.28,9.94,99.223,0.00472,31265083.0,318485360.0,4.285714285714285,9.8
HK.02618,京东物流,2024-05-20 00:00:00,10.3,9.9,10.3,9.84,96.116,0.00252,16676296.0,166749969.0,-3.1311154598825857,10.22
HK.02618,京东物流,2024-05-21 00:00:00,9.9,9.72,9.92,9.63,94.368,0.00212,14057210.0,136884755.0,-1.8181818181818152,9.9
HK.02618,京东物流,2024-05-22 00:00:00,9.72,9.78,9.87,9.7,94.951,0.00131,8673136.0,84925156.0,0.6172839506172707,9.72
HK.02618,京东物流,2024-05-23 00:00:00,9.71,9.63,9.71,9.46,93.495,0.00151,10019271.0,96080661.0,-1.5337423312883292,9.78
HK.02618,京东物流,2024-05-24 00:00:00,9.49,9.11,9.54,8.97,88.446,0.0023,15242280.0,139451121.0,-5.3997923156801795,9.63
HK.02618,京东物流,2024-05-27 00:00:00,9.16,9.06,9.24,8.86,87.961,0.00138,9171391.0,82470900.0,-0.5488474204171123,9.11
HK.02618,京东物流,2024-05-28 00:00:00,9.01,9.02,9.3,8.97,87.572,0.00114,7531468.0,68327859.0,-0.4415011037527695,9.06
HK.02618,京东物流,2024-05-29 00:00:00,9.03,8.77,9.08,8.73,85.145,0.00181,11990036.0,106298061.0,-2.771618625277162,9.02
HK.02618,京东物流,2024-05-30 00:00:00,8.83,8.81,8.94,8.72,85.533,0.00166,11014505.0,96944510.0,0.4561003420752672,8.77
HK.02618,京东物流,2024-05-31 00:00:00,8.9,8.52,9.03,8.47,82.718,0.00244,16188489.0,140067702.0,-3.2917139614075017,8.81
HK.02618,京东物流,2024-06-03 00:00:00,8.64,8.68,8.88,8.6,84.271,0.0016,10562976.0,92276661.0,1.8779342723004713,8.52
HK.02618,京东物流,2024-06-04 00:00:00,8.68,8.62,8.8,8.55,83.689,0.00131,8688771.0,75026353.0,-0.6912442396313422,8.68
HK.02618,京东物流,2024-06-05 00:00:00,8.67,8.66,8.81,8.6,84.077,0.00086,5715442.0,49690818.0,0.46403712296984834,8.62
HK.02618,京东物流,2024-06-06 00:00:00,8.7,8.59,8.83,8.55,83.398,0.00078,5162163.0,44634379.0,-0.8083140877598186,8.66
HK.02618,京东物流,2024-06-07 00:00:00,8.59,8.5,8.64,8.44,82.524,0.0006,3999085.0,34067296.0,-1.0477299185098936,8.59
HK.02618,京东物流,2024-06-11 00:00:00,8.5,8.36,8.5,8.23,81.165,0.00078,5184528.0,43229560.0,-1.6470588235294186,8.5
HK.02618,京东物流,2024-06-12 00:00:00,8.36,8.31,8.41,8.2,80.679,0.00073,4821642.0,40018521.0,-0.5980861244019012,8.36
HK.02618,京东物流,2024-06-13 00:00:00,8.31,8.56,8.58,8.3,83.106,0.00148,9787578.0,82833585.0,3.0084235860409145,8.31
HK.02618,京东物流,2024-06-14 00:00:00,8.55,8.52,8.62,8.32,82.718,0.00122,8106887.0,69064126.0,-0.46728971962617905,8.56
HK.02618,京东物流,2024-06-17 00:00:00,8.52,8.57,8.65,8.37,83.203,0.00055,3644508.0,31290219.0,0.5868544600939051,8.52
HK.02618,京东物流,2024-06-18 00:00:00,8.58,8.68,8.74,8.57,84.271,0.00103,6801320.0,59076168.0,1.283547257876306,8.57
HK.02618,京东物流,2024-06-19 00:00:00,8.78,8.85,8.85,8.68,85.922,0.00068,4512373.0,39702962.0,1.958525345622119,8.68
HK.02618,京东物流,2024-06-20 00:00:00,8.85,8.47,8.85,8.42,82.233,0.00108,7137661.0,60983154.0,-4.293785310734452,8.85
HK.02618,京东物流,2024-06-21 00:00:00,8.4,8.34,8.5,8.32,80.97,0.00087,5757850.0,48192796.0,-1.5348288075560894,8.47
HK.02618,京东物流,2024-06-24 00:00:00,8.31,8.27,8.32,8.08,80.291,0.00059,3919797.0,32104112.0,-0.8393285371702672,8.34
HK.02618,京东物流,2024-06-25 00:00:00,8.3,8.2,8.34,8.16,79.611,0.00063,4148447.0,34136477.0,-0.8464328899637278,8.27
HK.02618,京东物流,2024-06-26 00:00:00,8.14,8.32,8.4,8.11,80.776,0.00074,4924081.0,40826936.0,1.4634146341463536,8.2
HK.02618,京东物流,2024-06-27 00:00:00,8.31,8.1,8.32,8.05,78.64,0.00071,4702750.0,38249105.0,-2.6442307692307767,8.32
HK.02618,京东物流,2024-06-28 00:00:00,8.12,8.38,8.4,8.09,81.359,0.0008,5272548.0,43981154.0,3.4567901234568046,8.1
HK.02618,京东物流,2024-07-02 00:00:00,8.3,8.24,8.44,8.2,80.0,0.00109,7250968.0,60396837.0,-1.670644391408121,8.38
HK.02618,京东物流,2024-07-03 00:00:00,8.24,8.59,8.65,8.2,83.398,0.0009,5962977.0,50873043.0,4.247572815533976,8.24
HK.02618,京东物流,2024-07-04 00:00:00,8.68,8.62,8.74,8.54,83.689,0.00055,3635852.0,31338376.0,0.34924330616995763,8.59
HK.02618,京东物流,2024-07-05 00:00:00,8.63,8.51,8.71,8.51,82.621,0.00056,3724735.0,31971011.0,-1.2761020881670468,8.62
HK.02618,京东物流,2024-07-08 00:00:00,8.45,8.29,8.63,8.29,80.485,0.00053,3511400.0,29399296.0,-2.5851938895417232,8.51
HK.02618,京东物流,2024-07-09 00:00:00,8.33,8.23,8.37,8.16,79.902,0.00084,5538319.0,45567091.0,-0.7237635705669327,8.29
HK.02618,京东物流,2024-07-10 00:00:00,8.29,8.21,8.48,8.18,79.708,0.00062,4117264.0,34104298.0,-0.24301336573511026,8.23
HK.02618,京东物流,2024-07-11 00:00:00,8.3,8.48,8.49,8.25,82.33,0.00051,3391057.0,28585450.0,3.2886723507917117,8.21
HK.02618,京东物流,2024-07-12 00:00:00,8.48,8.69,8.69,8.48,84.368,0.00073,4803348.0,41467590.0,2.4764150943396115,8.48
HK.02618,京东物流,2024-07-15 00:00:00,8.68,8.31,8.68,8.25,80.679,0.00101,6689357.0,55924185.0,-4.37284234752588,8.69
HK.02618,京东物流,2024-07-16 00:00:00,8.3,8.18,8.3,8.13,79.417,0.00095,6259911.0,51190831.0,-1.5643802647412848,8.31
HK.02618,京东物流,2024-07-17 00:00:00,8.15,8.32,8.36,8.15,80.776,0.00052,3426075.0,28460967.0,1.711491442542794,8.18
HK.02618,京东物流,2024-07-18 00:00:00,8.32,8.25,8.36,8.17,80.097,0.00045,2969927.0,24524851.0,-0.8413461538461573,8.32
HK.02618,京东物流,2024-07-19 00:00:00,8.26,8.15,8.28,8.13,79.126,0.00112,7438625.0,60775783.0,-1.2121212121212077,8.25
HK.02618,京东物流,2024-07-22 00:00:00,8.15,8.26,8.28,8.09,80.194,0.0005,3324572.0,27241935.0,1.3496932515337352,8.15
HK.02618,京东物流,2024-07-23 00:00:00,8.16,7.95,8.18,7.93,77.184,0.00128,8503932.0,68200690.0,-3.7530266343825622,8.26
HK.02618,京东物流,2024-07-24 00:00:00,7.93,7.84,8.04,7.83,76.116,0.00066,4391057.0,34589373.0,-1.3836477987421425,7.95
HK.02618,京东物流,2024-07-25 00:00:00,7.84,7.78,7.88,7.74,75.533,0.00109,7212447.0,56236900.0,-0.7653061224489747,7.84
HK.02618,京东物流,2024-07-26 00:00:00,7.9,7.9,8.08,7.88,76.699,0.00072,4744430.0,37716646.0,1.5424164524421609,7.78
HK.02618,京东物流,2024-07-29 00:00:00,7.9,8.01,8.1,7.9,77.766,0.00083,5478775.0,43928252.0,1.392405063291132,7.9
HK.02618,京东物流,2024-07-30 00:00:00,7.89,7.75,8.0,7.71,75.242,0.00091,6006156.0,46766586.0,-3.245942571785266,8.01
HK.02618,京东物流,2024-07-31 00:00:00,7.79,8.05,8.1,7.76,78.155,0.00099,6567626.0,52750027.0,3.870967741935493,7.75
HK.02618,京东物流,2024-08-01 00:00:00,8.01,7.94,8.01,7.87,77.087,0.00048,3153582.0,25040119.0,-1.3664596273291965,8.05
HK.02618,京东物流,2024-08-02 00:00:00,7.85,7.88,7.9,7.79,76.504,0.00037,2420504.0,19013172.0,-0.7556675062972354,7.94
HK.02618,京东物流,2024-08-05 00:00:00,7.86,7.83,8.03,7.72,76.019,0.00085,5607110.0,43867094.0,-0.6345177664974597,7.88
HK.02618,京东物流,2024-08-06 00:00:00,7.94,7.93,8.05,7.83,76.99,0.00054,3580958.0,28411030.0,1.2771392081736863,7.83
HK.02618,京东物流,2024-08-07 00:00:00,7.97,7.89,8.03,7.88,76.601,0.00052,3444795.0,27317838.0,-0.504413619167718,7.93
HK.02618,京东物流,2024-08-08 00:00:00,7.83,7.87,7.97,7.72,76.407,0.0005,3319580.0,26094959.0,-0.25348542458808077,7.89
HK.02618,京东物流,2024-08-09 00:00:00,7.91,7.94,8.05,7.91,77.087,0.0005,3323277.0,26518204.0,0.8894536213468905,7.87
HK.02618,京东物流,2024-08-12 00:00:00,7.91,7.97,8.0,7.86,77.378,0.0005,3336442.0,26508144.0,0.3778337531486065,7.94
HK.02618,京东物流,2024-08-13 00:00:00,7.97,7.98,8.06,7.88,77.475,0.0006,3946130.0,31466626.0,0.12547051442911764,7.97
HK.02618,京东物流,2024-08-14 00:00:00,7.98,8.01,8.08,7.96,77.766,0.00036,2393472.0,19200228.0,0.3759398496240521,7.98
HK.02618,京东物流,2024-08-15 00:00:00,7.94,7.78,7.98,7.68,75.533,0.00116,7699769.0,59898491.0,-2.87141073657927,8.01
HK.02618,京东物流,2024-08-16 00:00:00,8.51,9.49,9.49,8.46,92.135,0.00769,50949078.0,459711720.0,21.97943444730077,7.78
HK.02618,京东物流,2024-08-19 00:00:00,9.59,9.97,10.06,9.56,96.796,0.00476,31563416.0,312740803.0,5.057955742887254,9.49
HK.02618,京东物流,2024-08-20 00:00:00,9.99,9.74,9.99,9.66,94.563,0.00252,16665774.0,163126616.0,-2.3069207622868646,9.97
HK.02618,京东物流,2024-08-21 00:00:00,9.5,9.61,9.68,9.23,93.3,0.00258,17097060.0,162402294.0,-1.3347022587269073,9.74
HK.02618,京东物流,2024-08-22 00:00:00,9.7,9.7,9.97,9.57,94.174,0.00213,14126440.0,137410328.0,0.9365244536940672,9.61
HK.02618,京东物流,2024-08-23 00:00:00,9.51,9.42,9.63,9.33,91.456,0.00182,12028572.0,113744410.0,-2.8865979381443236,9.7
HK.02618,京东物流,2024-08-26 00:00:00,9.42,9.37,9.6,9.24,90.97,0.00121,8029868.0,75318697.0,-0.5307855626327039,9.42
HK.02618,京东物流,2024-08-27 00:00:00,9.37,9.48,9.49,9.25,92.038,0.00101,6700069.0,63125309.0,1.1739594450373663,9.37
HK.02618,京东物流,2024-08-28 00:00:00,9.41,9.21,9.42,9.04,89.417,0.00136,9022619.0,82804395.0,-2.84810126582278,9.48
HK.02618,京东物流,2024-08-29 00:00:00,9.1,9.47,9.48,9.04,91.941,0.00145,9635962.0,90116531.0,2.8230184581976085,9.21
HK.02618,京东物流,2024-08-30 00:00:00,9.47,9.55,9.68,9.33,92.718,0.002,13249719.0,126532599.0,0.8447729672650481,9.47
HK.02618,京东物流,2024-09-02 00:00:00,9.5,9.34,9.5,9.18,90.679,0.00101,6684754.0,62161633.0,-2.1989528795811606,9.55
HK.02618,京东物流,2024-09-03 00:00:00,9.34,9.64,9.65,9.28,93.592,0.00156,10368034.0,99104064.0,3.211991434689515,9.34
HK.02618,京东物流,2024-09-04 00:00:00,9.53,9.47,9.56,9.33,91.941,0.00106,6991358.0,65984776.0,-1.7634854771784225,9.64
HK.02618,京东物流,2024-09-05 00:00:00,9.5,9.5,9.53,9.36,92.233,0.00195,12910072.0,121952045.0,0.31678986272438603,9.47
HK.02618,京东物流,2024-09-09 00:00:00,9.42,9.52,9.52,9.27,92.427,0.00384,25422653.0,240799925.0,0.2105263157894692,9.5
HK.02618,京东物流,2024-09-10 00:00:00,9.52,9.88,9.95,9.4,95.922,0.00337,22303721.0,216346471.0,3.7815126050420296,9.52
HK.02618,京东物流,2024-09-11 00:00:00,9.82,9.91,10.1,9.77,96.213,0.00189,12522320.0,124627930.0,0.30364372469634976,9.88
HK.02618,京东物流,2024-09-12 00:00:00,9.9,9.93,10.04,9.82,96.407,0.00115,7635673.0,76006050.0,0.20181634712411275,9.91
HK.02618,京东物流,2024-09-13 00:00:00,9.94,9.9,10.04,9.87,96.116,0.00112,7407194.0,73676866.0,-0.30211480362537124,9.93
HK.02618,京东物流,2024-09-16 00:00:00,9.9,10.2,10.22,9.77,99.029,0.00102,6762330.0,68057444.0,3.030303030303019,9.9
HK.02618,京东物流,2024-09-17 00:00:00,10.04,10.24,10.32,10.02,99.417,0.00069,4575836.0,46789358.0,0.39215686274510714,10.2
HK.02618,京东物流,2024-09-19 00:00:00,10.04,10.3,10.38,10.04,100.0,0.00221,14667752.0,150480769.0,0.5859375000000049,10.24
HK.02618,京东物流,2024-09-20 00:00:00,10.22,10.2,10.4,10.06,99.029,0.00245,16224591.0,165301042.0,-0.9708737864077808,10.3
HK.02618,京东物流,2024-09-23 00:00:00,10.02,10.24,10.26,10.0,99.417,0.00124,8237232.0,83744233.0,0.39215686274510714,10.2
HK.02618,京东物流,2024-09-24 00:00:00,10.38,10.58,10.6,10.26,102.718,0.00258,17115085.0,179469977.0,3.3203124999999987,10.24
HK.02618,京东物流,2024-09-25 00:00:00,10.88,10.7,11.12,10.58,103.883,0.00299,19804011.0,213566360.0,1.1342155009451722,10.58
HK.02618,京东物流,2024-09-26 00:00:00,10.8,11.5,11.5,10.62,111.65,0.00302,19994258.0,223678734.0,7.4766355140186995,10.7
HK.02618,京东物流,2024-09-27 00:00:00,12.1,13.4,13.4,12.08,130.097,0.00874,57912159.0,743712062.0,16.521739130434785,11.5
HK.02618,京东物流,2024-09-30 00:00:00,14.26,14.0,14.38,13.66,135.922,0.00873,57828320.0,811067730.0,4.477611940298504,13.4
HK.02618,京东物流,2024-10-02 00:00:00,14.1,15.42,15.6,14.04,149.708,0.00623,41278101.0,618029936.0,10.142857142857142,14.0
HK.02618,京东物流,2024-10-03 00:00:00,15.42,14.4,15.46,13.72,139.805,0.00372,24651216.0,353675898.0,-6.614785992217896,15.42
HK.02618,京东物流,2024-10-04 00:00:00,14.42,14.98,14.98,14.22,145.436,0.00299,19783663.0,292646450.0,4.027777777777778,14.4
HK.02618,京东物流,2024-10-07 00:00:00,15.2,15.0,15.24,14.38,145.631,0.00261,17296670.0,256004826.0,0.13351134846461665,14.98
HK.02618,京东物流,2024-10-08 00:00:00,15.0,13.24,15.06,12.94,128.543,0.00511,33839881.0,464723679.0,-11.733333333333333,15.0
HK.02618,京东物流,2024-10-09 00:00:00,13.68,12.98,13.8,12.38,126.019,0.00353,23376586.0,306457165.0,-1.963746223564953,13.24
HK.02618,京东物流,2024-10-10 00:00:00,13.36,13.42,13.94,13.12,130.291,0.00293,19382550.0,261403250.0,3.389830508474572,12.98
HK.02618,京东物流,2024-10-14 00:00:00,13.4,14.0,14.12,12.96,135.922,0.00497,32912669.0,452741736.0,4.321907600596125,13.42
HK.02618,京东物流,2024-10-15 00:00:00,14.14,13.82,14.4,13.54,134.174,0.00329,21803197.0,303874206.0,-1.2857142857142836,14.0
HK.02618,京东物流,2024-10-16 00:00:00,13.42,14.38,14.5,13.42,139.611,0.00356,23591285.0,335443696.0,4.0520984081042,13.82
HK.02618,京东物流,2024-10-17 00:00:00,14.64,14.02,14.76,13.9,136.116,0.0025,16543427.0,236520509.0,-2.50347705146037,14.38
HK.02618,京东物流,2024-10-18 00:00:00,14.2,14.86,14.88,14.12,144.271,0.00298,19766510.0,287570549.0,5.991440798858772,14.02
HK.02618,京东物流,2024-10-21 00:00:00,14.6,14.86,14.98,14.4,144.271,0.00211,13983457.0,206781123.0,0.0,14.86
HK.02618,京东物流,2024-10-22 00:00:00,15.0,15.1,15.18,14.78,146.601,0.0028,18529082.0,278646852.0,1.6150740242261117,14.86
HK.02618,京东物流,2024-10-23 00:00:00,15.1,16.06,16.26,14.7,155.922,0.00468,31011565.0,484867461.0,6.357615894039729,15.1
HK.02618,京东物流,2024-10-24 00:00:00,16.12,16.0,16.3,15.74,155.339,0.00362,24008513.0,383443805.0,-0.3735990037359821,16.06
HK.02618,京东物流,2024-10-25 00:00:00,16.08,16.34,16.48,15.52,158.64,0.00387,25663264.0,412684460.0,2.124999999999999,16.0
HK.02618,京东物流,2024-10-28 00:00:00,16.48,16.08,16.84,16.06,156.116,0.0031,20545302.0,336715128.0,-1.5911872705018457,16.34
HK.02618,京东物流,2024-10-29 00:00:00,16.4,15.9,16.78,15.76,154.368,0.00282,18714303.0,302008033.0,-1.119402985074614,16.08
HK.02618,京东物流,2024-10-30 00:00:00,15.52,15.64,15.84,15.2,151.844,0.00264,17470374.0,271025806.0,-1.635220125786162,15.9
HK.02618,京东物流,2024-10-31 00:00:00,15.54,15.8,15.98,15.32,153.398,0.00257,17009804.0,268630891.0,1.0230179028133002,15.64
HK.02618,京东物流,2024-11-01 00:00:00,15.92,15.96,16.26,15.68,154.951,0.00128,8473258.0,135336723.0,1.0126582278481022,15.8
HK.02618,京东物流,2024-11-04 00:00:00,15.8,15.8,15.9,15.44,153.398,0.00155,10254748.0,160398712.0,-1.0025062656641612,15.96
HK.02618,京东物流,2024-11-05 00:00:00,15.8,15.84,15.94,15.48,153.786,0.00219,14543724.0,227990841.0,0.2531645569620199,15.8
HK.02618,京东物流,2024-11-06 00:00:00,15.9,15.62,16.1,15.36,151.65,0.0017,11251303.0,175757367.0,-1.388888888888893,15.84
HK.02618,京东物流,2024-11-07 00:00:00,15.6,15.8,15.9,15.06,153.398,0.00208,13814327.0,215515556.0,1.1523687580025703,15.62
HK.02618,京东物流,2024-11-08 00:00:00,16.1,16.02,16.4,15.82,155.533,0.00187,12365696.0,198713009.0,1.392405063291132,15.8
HK.02618,京东物流,2024-11-11 00:00:00,15.7,15.68,15.8,15.4,152.233,0.0012,7930196.0,123813264.0,-2.1223470661672903,16.02
HK.02618,京东物流,2024-11-12 00:00:00,15.46,15.34,16.0,15.2,148.932,0.00173,11476617.0,178409225.0,-2.168367346938775,15.68
HK.02618,京东物流,2024-11-13 00:00:00,15.06,15.82,15.82,15.04,153.592,0.00132,8765586.0,135812539.0,3.1290743155149965,15.34
HK.02618,京东物流,2024-11-14 00:00:00,15.54,14.92,15.64,14.44,144.854,0.00283,18750874.0,280421560.0,-5.689001264222505,15.82
HK.02618,京东物流,2024-11-15 00:00:00,15.66,14.16,15.66,13.84,137.475,0.00591,39137797.0,564664046.0,-5.093833780160857,14.92
HK.02618,京东物流,2024-11-18 00:00:00,14.38,14.88,15.16,14.38,144.466,0.00234,15512609.0,230937583.0,5.084745762711869,14.16
HK.02618,京东物流,2024-11-19 00:00:00,15.18,14.6,15.18,14.48,141.747,0.00156,10348454.0,152115507.0,-1.8817204301075345,14.88
HK.02618,京东物流,2024-11-20 00:00:00,14.66,14.44,14.78,14.28,140.194,0.00127,8431549.0,122122550.0,-1.0958904109589052,14.6
HK.02618,京东物流,2024-11-21 00:00:00,14.58,14.36,14.58,14.08,139.417,0.00146,9687241.0,138379043.0,-0.5540166204986154,14.44
HK.02618,京东物流,2024-11-22 00:00:00,14.34,13.92,14.46,13.68,135.145,0.00181,12026006.0,167858658.0,-3.064066852367685,14.36
HK.02618,京东物流,2024-11-25 00:00:00,13.92,14.2,14.2,13.8,137.864,0.00273,18068578.0,255221695.0,2.011494252873559,13.92
HK.02618,京东物流,2024-11-26 00:00:00,14.2,13.8,14.24,13.66,133.98,0.00127,8431486.0,116292551.0,-2.8169014084506943,14.2
HK.02618,京东物流,2024-11-27 00:00:00,13.8,14.24,14.26,13.52,138.252,0.00225,14894415.0,207464298.0,3.1884057971014457,13.8
HK.02618,京东物流,2024-11-28 00:00:00,14.3,14.06,14.3,13.96,136.504,0.00097,6432482.0,90515746.0,-1.2640449438202228,14.24
HK.02618,京东物流,2024-11-29 00:00:00,13.98,13.9,14.3,13.78,134.951,0.00167,11034908.0,153976570.0,-1.1379800853485074,14.06
HK.02618,京东物流,2024-12-02 00:00:00,13.88,14.1,14.2,13.66,136.893,0.00088,5848872.0,82217702.0,1.4388489208633042,13.9
HK.02618,京东物流,2024-12-03 00:00:00,14.34,14.56,14.6,13.94,141.359,0.00196,12980551.0,186764217.0,3.2624113475177365,14.1
HK.02618,京东物流,2024-12-04 00:00:00,14.5,14.5,14.68,14.3,140.776,0.00102,6760822.0,97645300.0,-0.4120879120879155,14.56
HK.02618,京东物流,2024-12-05 00:00:00,14.5,14.14,14.54,14.02,137.281,0.00077,5073734.0,71901024.0,-2.4827586206896513,14.5
HK.02618,京东物流,2024-12-06 00:00:00,14.18,14.36,14.36,13.8,139.417,0.0017,11239224.0,159261161.0,1.5558698727015479,14.14
HK.02618,京东物流,2024-12-09 00:00:00,14.4,14.76,14.76,14.1,143.3,0.00198,13150382.0,190199120.0,2.7855153203342646,14.36
HK.02618,京东物流,2024-12-10 00:00:00,15.38,14.5,15.48,14.48,140.776,0.00246,16283313.0,241027752.0,-1.7615176151761502,14.76
HK.02618,京东物流,2024-12-11 00:00:00,14.52,14.48,14.72,14.38,140.582,0.00103,6828077.0,99288605.0,-0.13793103448275568,14.5
HK.02618,京东物流,2024-12-12 00:00:00,14.32,14.08,14.48,14.08,136.699,0.00113,7509458.0,106826464.0,-2.7624309392265216,14.48
HK.02618,京东物流,2024-12-13 00:00:00,14.08,13.88,14.08,13.66,134.757,0.00164,10883558.0,150131127.0,-1.4204545454545403,14.08
HK.02618,京东物流,2024-12-16 00:00:00,13.84,13.92,14.04,13.78,135.145,0.00099,6536122.0,90959058.0,0.28818443804033966,13.88
HK.02618,京东物流,2024-12-17 00:00:00,13.92,13.7,13.92,13.5,133.009,0.0016,10575898.0,144555837.0,-1.5804597701149472,13.92
HK.02618,京东物流,2024-12-18 00:00:00,13.76,13.9,13.94,13.66,134.951,0.00065,4315349.0,59728522.0,1.4598540145985481,13.7
HK.02618,京东物流,2024-12-19 00:00:00,13.76,13.84,13.86,13.64,134.368,0.00092,6074312.0,83797591.0,-0.43165467625899634,13.9
HK.02618,京东物流,2024-12-20 00:00:00,13.9,13.42,13.9,13.42,130.291,0.00104,6887362.0,93055090.0,-3.034682080924855,13.84
HK.02618,京东物流,2024-12-23 00:00:00,13.42,13.5,13.66,13.3,131.067,0.00083,5500872.0,74140108.0,0.5961251862891213,13.42
HK.02618,京东物流,2024-12-24 00:00:00,13.48,13.38,13.48,13.26,129.902,0.00065,4315832.0,57629968.0,-0.8888888888888832,13.5
HK.02618,京东物流,2024-12-27 00:00:00,13.42,13.1,13.42,12.74,127.184,0.00227,15048036.0,195005366.0,-2.0926756352765405,13.38
HK.02618,京东物流,2024-12-30 00:00:00,13.06,13.04,13.14,12.84,126.601,0.0007,4615731.0,60000007.0,-0.45801526717557633,13.1
HK.02618,京东物流,2024-12-31 00:00:00,12.96,12.8,12.96,12.76,124.271,0.00048,3191360.0,40960768.0,-1.8404907975460003,13.04
HK.02618,京东物流,2025-01-02 00:00:00,12.8,12.68,12.98,12.54,123.106,0.00086,5724074.0,72503534.0,-0.9375000000000078,12.8
HK.02618,京东物流,2025-01-03 00:00:00,12.76,12.86,13.18,12.74,124.854,0.00106,7049881.0,91388832.0,1.419558359621449,12.68
HK.02618,京东物流,2025-01-06 00:00:00,12.86,12.08,12.88,11.94,117.281,0.00244,16140396.0,196726040.0,-6.0653188180404305,12.86
HK.02618,京东物流,2025-01-07 00:00:00,12.08,12.26,12.3,11.82,119.029,0.00152,10057396.0,121405336.0,1.4900662251655605,12.08
HK.02618,京东物流,2025-01-08 00:00:00,12.3,11.96,12.3,11.86,116.116,0.00216,14301162.0,171566022.0,-2.446982055464918,12.26
HK.02618,京东物流,2025-01-09 00:00:00,11.94,12.08,12.08,11.82,117.281,0.001,6627608.0,79597465.0,1.0033444816053445,11.96
HK.02618,京东物流,2025-01-10 00:00:00,12.08,11.82,12.1,11.66,114.757,0.00101,6694924.0,79001686.0,-2.1523178807947003,12.08
HK.02618,京东物流,2025-01-13 00:00:00,11.7,11.76,11.76,11.38,114.174,0.00173,11471551.0,134018748.0,-0.5076142131979737,11.82
HK.02618,京东物流,2025-01-14 00:00:00,11.74,12.1,12.12,11.54,117.475,0.00116,7711286.0,91777601.0,2.8911564625850326,11.76
HK.02618,京东物流,2025-01-15 00:00:00,12.1,11.98,12.1,11.84,116.31,0.00089,5927909.0,70944141.0,-0.9917355371900762,12.1
HK.02618,京东物流,2025-01-16 00:00:00,12.02,12.08,12.38,11.98,117.281,0.00136,9003233.0,108935391.0,0.8347245409014995,11.98
HK.02618,京东物流,2025-01-17 00:00:00,12.08,12.34,12.44,11.86,119.805,0.00109,7219573.0,88282155.0,2.1523178807947003,12.08
HK.02618,京东物流,2025-01-20 00:00:00,12.6,12.68,12.94,12.54,123.106,0.00194,12853171.0,163536962.0,2.7552674230145855,12.34
HK.02618,京东物流,2025-01-21 00:00:00,12.8,12.98,13.06,12.76,126.019,0.00124,8209929.0,106251927.0,2.365930599369091,12.68
HK.02618,京东物流,2025-01-22 00:00:00,12.92,12.66,12.92,12.54,122.912,0.00095,6278719.0,79406142.0,-2.465331278890603,12.98
HK.02618,京东物流,2025-01-23 00:00:00,12.66,12.62,12.9,12.56,122.524,0.00069,4594198.0,58171273.0,-0.3159557661927403,12.66
HK.02618,京东物流,2025-01-24 00:00:00,12.74,13.0,13.0,12.66,126.213,0.00146,9670581.0,124382544.0,3.0110935023771854,12.62
HK.02618,京东物流,2025-01-27 00:00:00,13.08,13.22,13.52,13.04,128.349,0.00136,8999838.0,119637950.0,1.6923076923076972,13.0
HK.02618,京东物流,2025-01-28 00:00:00,13.32,13.34,13.36,12.9,129.514,0.00046,3024320.0,39931195.0,0.9077155824508262,13.22
HK.02618,京东物流,2025-02-03 00:00:00,13.3,12.84,13.34,12.58,124.66,0.00097,6459909.0,82603651.0,-3.7481259370314843,13.34
HK.02618,京东物流,2025-02-04 00:00:00,12.9,13.3,13.3,12.82,129.126,0.00108,7187974.0,94076527.0,3.5825545171339632,12.84
HK.02618,京东物流,2025-02-05 00:00:00,13.18,13.0,13.24,12.88,126.213,0.00134,8886503.0,115720527.0,-2.255639097744366,13.3
HK.02618,京东物流,2025-02-06 00:00:00,12.92,13.0,13.12,12.76,126.213,0.00133,8826747.0,113993467.0,0.0,13.0
HK.02618,京东物流,2025-02-07 00:00:00,13.0,12.96,13.14,12.82,125.825,0.00133,8819039.0,114857920.0,-0.30769230769230116,13.0
HK.02618,京东物流,2025-02-10 00:00:00,12.9,13.52,13.6,12.84,131.262,0.00189,12499784.0,166175176.0,4.3209876543209775,12.96
HK.02618,京东物流,2025-02-11 00:00:00,13.7,13.82,14.06,13.4,134.174,0.002,13255386.0,183350876.0,2.218934911242609,13.52
HK.02618,京东物流,2025-02-12 00:00:00,14.14,14.5,14.68,14.12,140.776,0.00426,28249403.0,410107201.0,4.920405209840808,13.82
HK.02618,京东物流,2025-02-13 00:00:00,14.72,14.4,15.12,14.28,139.805,0.00291,19292444.0,283247371.0,-0.6896551724137907,14.5
HK.02618,京东物流,2025-02-14 00:00:00,14.62,14.9,15.0,14.5,144.66,0.00206,13672674.0,201933403.0,3.4722222222222223,14.4
HK.02618,京东物流,2025-02-17 00:00:00,15.02,14.28,15.06,14.02,138.64,0.00205,13561219.0,195338893.0,-4.161073825503362,14.9
HK.02618,京东物流,2025-02-18 00:00:00,14.34,14.44,14.56,14.16,140.194,0.00116,7718270.0,110866833.0,1.1204481792717098,14.28
HK.02618,京东物流,2025-02-19 00:00:00,14.36,13.94,14.36,13.82,135.339,0.00214,14179491.0,198161857.0,-3.4626038781163437,14.44
HK.02618,京东物流,2025-02-20 00:00:00,14.0,13.98,14.2,13.62,137.058,0.00163,10799219.0,150873023.0,0.286944045911054,13.94
HK.02618,京东物流,2025-02-21 00:00:00,14.24,14.76,14.86,14.2,144.705,0.0025,16604902.0,241534537.0,5.579399141630897,13.98
HK.02618,京东物流,2025-02-24 00:00:00,14.78,14.62,14.8,14.36,143.333,0.00151,10014724.0,145743844.0,-0.9485094850948549,14.76
HK.02618,京东物流,2025-02-25 00:00:00,13.8,14.32,14.66,13.8,140.392,0.00177,11785309.0,168759716.0,-2.0519835841313196,14.62
HK.02618,京东物流,2025-02-26 00:00:00,14.5,14.82,15.0,14.38,145.294,0.00203,13492881.0,199767385.0,3.4916201117318435,14.32
HK.02618,京东物流,2025-02-27 00:00:00,14.84,14.62,14.98,14.34,143.333,0.00164,10902221.0,159172811.0,-1.3495276653171462,14.82
HK.02618,京东物流,2025-02-28 00:00:00,14.6,13.92,14.6,13.74,136.47,0.00205,13613317.0,190579141.0,-4.787961696306424,14.62
HK.02618,京东物流,2025-03-03 00:00:00,13.94,14.06,14.38,13.9,137.843,0.00138,9158042.0,129223657.0,1.0057471264367857,13.92
HK.02618,京东物流,2025-03-04 00:00:00,13.88,14.56,14.64,13.72,142.745,0.00133,8839740.0,126447534.0,3.556187766714082,14.06
HK.02618,京东物流,2025-03-05 00:00:00,14.7,15.24,15.36,14.66,149.411,0.00289,19174092.0,290607719.0,4.670329670329668,14.56
HK.02618,京东物流,2025-03-06 00:00:00,15.5,15.46,15.64,15.14,15.352,0.00356,23672917.0,364658559.0,1.4435695538057784,15.24
HK.02618,京东物流,2025-03-07 00:00:00,14.8,13.2,14.8,13.2,13.108,0.01667,110761456.0,1529142034.0,-14.618369987063398,15.46
HK.02618,京东物流,2025-03-10 00:00:00,13.32,13.12,13.54,12.96,13.028,0.00491,32607977.0,431699808.0,-0.6060606060606066,13.2
HK.02618,京东物流,2025-03-11 00:00:00,12.88,13.74,13.82,12.82,13.644,0.0049,32523907.0,439621251.0,4.725609756097569,13.12
HK.02618,京东物流,2025-03-12 00:00:00,13.82,13.32,13.88,13.18,13.227,0.00246,16316398.0,220297862.0,-3.0567685589519646,13.74
HK.02618,京东物流,2025-03-13 00:00:00,13.38,13.36,13.4,13.04,13.267,0.00232,15388120.0,203225399.0,0.30030030030029387,13.32
HK.02618,京东物流,2025-03-14 00:00:00,13.44,13.46,13.54,13.32,13.366,0.00241,15982189.0,214933241.0,0.7485029940119867,13.36
HK.02618,京东物流,2025-03-17 00:00:00,13.58,13.52,13.68,13.2,13.426,0.00197,13100519.0,177363722.0,0.4457652303120261,13.46
HK.02618,京东物流,2025-03-18 00:00:00,13.86,13.82,13.86,13.58,13.723,0.00284,18836992.0,258837797.0,2.218934911242609,13.52
HK.02618,京东物流,2025-03-19 00:00:00,13.78,13.68,13.84,13.56,13.584,0.00147,9758312.0,133226761.0,-1.0130246020260534,13.82
HK.02618,京东物流,2025-03-20 00:00:00,13.68,13.34,13.68,13.32,13.247,0.00184,12248624.0,164616508.0,-2.4853801169590635,13.68
HK.02618,京东物流,2025-03-21 00:00:00,13.32,13.06,13.34,12.8,12.969,0.00272,18093495.0,235618429.0,-2.0989505247376266,13.34
HK.02618,京东物流,2025-03-24 00:00:00,13.1,13.06,13.16,12.78,12.969,0.00119,7907819.0,102143651.0,0.0,13.06
HK.02618,京东物流,2025-03-25 00:00:00,13.0,12.74,13.02,12.74,12.651,0.0013,8614087.0,110580445.0,-2.450229709035224,13.06
HK.02618,京东物流,2025-03-26 00:00:00,12.82,13.0,13.04,12.8,12.909,0.00116,7712662.0,99768592.0,2.0408163265306105,12.74
HK.02618,京东物流,2025-03-27 00:00:00,13.1,12.96,13.1,12.82,12.869,0.00078,5169253.0,67037784.0,-0.30769230769230116,13.0
HK.02618,京东物流,2025-03-28 00:00:00,13.0,12.86,13.14,12.72,12.77,0.00098,6501665.0,83854808.0,-0.7716049382716158,12.96
HK.02618,京东物流,2025-03-31 00:00:00,12.78,12.56,12.78,12.42,12.472,0.00136,9004272.0,113012079.0,-2.3328149300155436,12.86
HK.02618,京东物流,2025-04-01 00:00:00,12.64,12.76,12.88,12.54,12.671,0.00104,6876474.0,87636504.0,1.5923566878980837,12.56
HK.02618,京东物流,2025-04-02 00:00:00,12.8,12.68,12.84,12.52,12.591,0.00181,12051889.0,152368169.0,-0.6269592476489034,12.76
HK.02618,京东物流,2025-04-03 00:00:00,12.38,12.4,12.56,12.18,12.313,0.0014,9324636.0,115248297.0,-2.2082018927444746,12.68
HK.02618,京东物流,2025-04-07 00:00:00,11.5,10.3,11.62,10.08,10.228,0.00522,34652510.0,371408027.0,-16.935483870967737,12.4
HK.02618,京东物流,2025-04-08 00:00:00,10.34,10.86,10.86,10.34,10.784,0.00322,21363304.0,228399450.0,5.436893203883483,10.3
HK.02618,京东物流,2025-04-09 00:00:00,10.5,11.16,11.2,10.26,11.082,0.00265,17625934.0,189120776.0,2.762430939226526,10.86
HK.02618,京东物流,2025-04-10 00:00:00,11.58,11.38,11.58,11.2,11.3,0.00179,11860181.0,135481477.0,1.9713261648745577,11.16
HK.02618,京东物流,2025-04-11 00:00:00,11.22,11.62,11.7,11.2,11.539,0.00155,10319649.0,118852907.0,2.108963093145856,11.38
HK.02618,京东物流,2025-04-14 00:00:00,12.0,11.98,12.26,11.9,11.896,0.00152,10078032.0,121297510.0,3.0981067125645545,11.62
HK.02618,京东物流,2025-04-15 00:00:00,12.08,11.96,12.18,11.8,11.876,0.00091,6023760.0,71814163.0,-0.16694490818029692,11.98
HK.02618,京东物流,2025-04-16 00:00:00,11.9,11.6,11.9,11.4,11.519,0.0012,7998750.0,92564954.0,-3.0100334448160635,11.96
HK.02618,京东物流,2025-04-17 00:00:00,11.56,11.7,11.76,11.4,11.618,0.00084,5579625.0,65032227.0,0.8620689655172384,11.6
HK.02618,京东物流,2025-04-22 00:00:00,11.88,11.92,12.0,11.52,11.837,0.00139,9202272.0,109299858.0,1.8803418803418859,11.7
HK.02618,京东物流,2025-04-23 00:00:00,12.12,12.14,12.24,12.0,12.055,0.00169,11199142.0,135525132.0,1.8456375838926227,11.92
HK.02618,京东物流,2025-04-24 00:00:00,12.16,11.94,12.2,11.78,11.857,0.00101,6697959.0,80004331.0,-1.647446457990124,12.14
HK.02618,京东物流,2025-04-25 00:00:00,11.9,11.76,12.08,11.66,11.678,0.00121,8044885.0,95571758.0,-1.5075376884422087,11.94
HK.02618,京东物流,2025-04-28 00:00:00,11.72,11.9,12.0,11.72,11.817,0.00072,4756945.0,56608858.0,1.1904761904761954,11.76
HK.02618,京东物流,2025-04-29 00:00:00,11.9,11.96,12.08,11.78,11.876,0.00104,6886941.0,82367936.0,0.5042016806722731,11.9
HK.02618,京东物流,2025-04-30 00:00:00,12.0,12.24,12.24,11.86,12.154,0.00123,8141328.0,99024899.0,2.341137123745814,11.96
HK.02618,京东物流,2025-05-02 00:00:00,12.26,12.18,12.28,12.02,12.095,0.0005,3313310.0,40366076.0,-0.49019607843137664,12.24
HK.02618,京东物流,2025-05-06 00:00:00,12.26,12.24,12.44,12.2,12.154,0.00102,6772534.0,83190648.0,0.4926108374384277,12.18
HK.02618,京东物流,2025-05-07 00:00:00,12.48,12.28,12.54,12.24,12.194,0.0011,7333892.0,90561171.0,0.32679738562090804,12.24
HK.02618,京东物流,2025-05-08 00:00:00,12.3,12.2,12.38,12.14,12.115,0.00132,8795967.0,107427526.0,-0.6514657980456032,12.28
HK.02618,京东物流,2025-05-09 00:00:00,12.2,12.22,12.22,12.02,12.135,0.00088,5857247.0,71088384.0,0.1639344262295193,12.2
HK.02618,京东物流,2025-05-12 00:00:00,12.44,12.54,12.6,12.26,12.452,0.00216,14330683.0,177711354.0,2.6186579378068617,12.22
HK.02618,京东物流,2025-05-13 00:00:00,12.5,12.24,12.52,12.14,12.154,0.00147,9763696.0,119527701.0,-2.392344497607647,12.54
HK.02618,京东物流,2025-05-14 00:00:00,12.02,11.76,12.14,11.64,11.678,0.00494,32846159.0,387372773.0,-3.921568627450984,12.24
HK.02618,京东物流,2025-05-15 00:00:00,11.78,11.62,11.84,11.58,11.539,0.00211,14034717.0,163800756.0,-1.1904761904761954,11.76
HK.02618,京东物流,2025-05-16 00:00:00,11.58,11.64,11.68,11.42,11.559,0.00163,10858444.0,125115027.0,0.17211703958693073,11.62
HK.02618,京东物流,2025-05-19 00:00:00,11.66,11.76,11.84,11.52,11.678,0.00127,8462454.0,99373102.0,1.0309278350515396,11.64
HK.02618,京东物流,2025-05-20 00:00:00,11.84,11.92,11.96,11.62,11.837,0.00151,10015210.0,118596362.0,1.360544217687076,11.76
HK.02618,京东物流,2025-05-21 00:00:00,11.92,11.84,11.96,11.78,11.757,0.00111,7398138.0,87775930.0,-0.671140939597316,11.92
HK.02618,京东物流,2025-05-22 00:00:00,11.86,11.5,11.86,11.5,11.42,0.0016,10648285.0,123356233.0,-2.8716216216216206,11.84
HK.02618,京东物流,2025-05-23 00:00:00,11.58,11.56,11.7,11.5,11.479,0.00099,6572801.0,76131321.0,0.5217391304347869,11.5
HK.02618,京东物流,2025-05-26 00:00:00,11.56,11.78,11.8,11.5,11.698,0.00119,7935592.0,92818887.0,1.903114186851201,11.56
HK.02618,京东物流,2025-05-27 00:00:00,11.84,11.82,11.94,11.72,11.737,0.00086,5744479.0,67891852.0,0.3395585738539977,11.78
HK.02618,京东物流,2025-05-28 00:00:00,11.9,12.18,12.36,11.86,12.095,0.00257,17062657.0,207670771.0,3.0456852791878126,11.82
HK.02618,京东物流,2025-05-29 00:00:00,12.2,12.54,12.64,12.18,12.452,0.00238,15804084.0,196928595.0,2.9556650246305374,12.18
HK.02618,京东物流,2025-05-30 00:00:00,12.56,12.44,12.88,12.38,12.353,0.00308,20453243.0,257028494.0,-0.7974481658692156,12.54
HK.02618,京东物流,2025-06-02 00:00:00,12.44,12.0,12.44,11.76,11.916,0.00067,4478010.0,53413746.0,-3.5369774919614105,12.44
HK.02618,京东物流,2025-06-03 00:00:00,12.4,12.12,12.4,12.08,12.035,0.00122,8089717.0,98483100.0,0.9999999999999934,12.0
HK.02618,京东物流,2025-06-04 00:00:00,12.26,12.2,12.26,12.02,12.115,0.00112,7444142.0,90516147.0,0.6600660066006607,12.12
HK.02618,京东物流,2025-06-05 00:00:00,12.22,12.22,12.3,12.12,12.135,0.00094,6224532.0,75978107.0,0.1639344262295193,12.2
HK.02618,京东物流,2025-06-06 00:00:00,12.24,12.16,12.3,12.0,12.075,0.00101,6695364.0,81258074.0,-0.49099836333879293,12.22
HK.02618,京东物流,2025-06-09 00:00:00,12.22,12.38,12.48,12.14,12.293,0.00136,9041606.0,111530306.0,1.8092105263157947,12.16
HK.02618,京东物流,2025-06-10 00:00:00,12.56,12.4,12.58,12.2,12.313,0.00081,5417716.0,66904456.0,0.16155088852988345,12.38
HK.02618,京东物流,2025-06-11 00:00:00,12.42,12.5,12.52,12.32,12.413,0.00111,7380454.0,91944563.0,0.8064516129032229,12.4
HK.02618,京东物流,2025-06-12 00:00:00,12.52,12.58,12.64,12.32,12.492,0.00126,8384855.0,104869522.0,0.6400000000000006,12.5
HK.02618,京东物流,2025-06-13 00:00:00,12.38,12.26,12.5,12.14,12.174,0.00155,10301439.0,126455083.0,-2.5437201907790166,12.58
HK.02618,京东物流,2025-06-16 00:00:00,12.26,12.44,12.46,12.16,12.353,0.00113,7482602.0,92199391.0,1.4681892332789537,12.26
HK.02618,京东物流,2025-06-17 00:00:00,12.44,12.28,12.6,12.2,12.194,0.0009,5998248.0,73916266.0,-1.2861736334405156,12.44
HK.02618,京东物流,2025-06-18 00:00:00,12.2,11.96,12.22,11.86,11.876,0.00164,10894659.0,130177545.0,-2.6058631921823983,12.28
HK.02618,京东物流,2025-06-19 00:00:00,11.84,11.54,11.94,11.54,11.459,0.00114,7592744.0,88585716.0,-3.511705685618743,11.96
HK.02618,京东物流,2025-06-20 00:00:00,11.58,11.96,12.04,11.58,11.876,0.00282,18735743.0,223355829.0,3.639514731369166,11.54
HK.02618,京东物流,2025-06-23 00:00:00,11.94,12.0,12.0,11.74,11.916,0.00124,8260688.0,98408138.0,0.3344481605351099,11.96
HK.02618,京东物流,2025-06-24 00:00:00,12.06,12.3,12.36,12.04,12.214,0.00123,8154553.0,99976971.0,2.500000000000006,12.0
HK.02618,京东物流,2025-06-25 00:00:00,12.42,13.18,13.5,12.4,13.088,0.00845,56204997.0,741575377.0,7.154471544715439,12.3
HK.02618,京东物流,2025-06-26 00:00:00,13.22,12.66,13.24,12.6,12.571,0.00242,16089220.0,206365510.0,-3.945371775417296,13.18
HK.02618,京东物流,2025-06-27 00:00:00,12.86,13.08,13.32,12.68,12.989,0.00307,20412607.0,267125437.0,3.3175355450236963,12.66
HK.02618,京东物流,2025-06-30 00:00:00,13.32,13.14,13.5,13.02,13.048,0.00217,14453017.0,190393139.0,0.4587155963302791,13.08
HK.02618,京东物流,2025-07-02 00:00:00,13.24,13.0,13.34,12.94,12.909,0.00179,11878453.0,155153914.0,-1.0654490106544945,13.14
HK.02618,京东物流,2025-07-03 00:00:00,12.98,13.14,13.2,12.82,13.048,0.00139,9231944.0,120138378.0,1.0769230769230813,13.0
HK.02618,京东物流,2025-07-04 00:00:00,13.12,12.98,13.12,12.84,12.889,0.00089,5892591.0,76168663.0,-1.2176560121765612,13.14
HK.02618,京东物流,2025-07-07 00:00:00,12.98,12.84,13.0,12.7,12.75,0.00088,5851076.0,74953335.0,-1.0785824345146422,12.98
HK.02618,京东物流,2025-07-08 00:00:00,12.9,12.98,12.98,12.68,12.889,0.00147,9799654.0,125785458.0,1.0903426791277304,12.84
HK.02618,京东物流,2025-07-09 00:00:00,12.98,12.78,13.02,12.72,12.691,0.00113,7494340.0,96348578.0,-1.5408320493066336,12.98
HK.02618,京东物流,2025-07-10 00:00:00,12.78,13.16,13.2,12.72,13.068,0.00207,13787731.0,180402139.0,2.973395931142416,12.78
HK.02618,京东物流,2025-07-11 00:00:00,13.28,13.18,13.48,13.14,13.088,0.00241,15999992.0,213422851.0,0.15197568389057428,13.16
HK.02618,京东物流,2025-07-14 00:00:00,13.36,13.4,13.7,13.26,13.306,0.00202,13413182.0,179664744.0,1.6691957511380928,13.18
HK.02618,京东物流,2025-07-15 00:00:00,13.4,13.36,13.4,13.12,13.267,0.00143,9503212.0,125892223.0,-0.2985074626865741,13.4
HK.02618,京东物流,2025-07-16 00:00:00,13.26,13.36,13.82,13.26,13.267,0.00188,12467738.0,168619902.0,0.0,13.36
HK.02618,京东物流,2025-07-17 00:00:00,13.54,13.54,13.58,13.38,13.445,0.00103,6816190.0,92067695.0,1.3473053892215547,13.36
HK.02618,京东物流,2025-07-18 00:00:00,13.7,13.88,13.9,13.58,13.783,0.00199,13262271.0,182536719.0,2.511078286558358,13.54
HK.02618,京东物流,2025-07-21 00:00:00,13.9,14.02,14.02,13.74,13.922,0.00132,8798424.0,122820664.0,1.0086455331412016,13.88
HK.02618,京东物流,2025-07-22 00:00:00,14.04,13.78,14.04,13.66,13.684,0.00137,9128799.0,125687465.0,-1.7118402282453653,14.02
HK.02618,京东物流,2025-07-23 00:00:00,13.92,13.92,13.92,13.62,13.823,0.00168,11183936.0,154027806.0,1.0159651669085672,13.78
HK.02618,京东物流,2025-07-24 00:00:00,13.9,14.0,14.08,13.8,13.902,0.00132,8803792.0,122930507.0,0.5747126436781614,13.92
HK.02618,京东物流,2025-07-25 00:00:00,13.98,14.28,14.36,13.84,14.18,0.0023,15280479.0,217756662.0,1.9999999999999956,14.0
HK.02618,京东物流,2025-07-28 00:00:00,14.4,14.2,14.54,14.08,14.101,0.00134,8901299.0,127128491.0,-0.5602240896358549,14.28
HK.02618,京东物流,2025-07-29 00:00:00,14.24,14.5,14.5,14.02,14.399,0.00206,13707301.0,196016020.0,2.1126760563380333,14.2
HK.02618,京东物流,2025-07-30 00:00:00,14.56,14.1,14.56,13.92,14.001,0.00152,10119187.0,143962829.0,-2.758620689655175,14.5
HK.02618,京东物流,2025-07-31 00:00:00,14.1,13.66,14.14,13.56,13.565,0.00206,13702721.0,188327429.0,-3.1205673758865213,14.1
HK.02618,京东物流,2025-08-01 00:00:00,13.66,13.74,14.06,13.58,13.644,0.00203,13495552.0,187109574.0,0.5856515373352861,13.66
HK.02618,京东物流,2025-08-04 00:00:00,13.74,13.83,13.84,13.52,13.733,0.00084,5551281.0,76042254.0,0.6550218340611343,13.74
HK.02618,京东物流,2025-08-05 00:00:00,13.9,13.91,13.93,13.73,13.813,0.0005,3352089.0,46356627.0,0.5784526391901668,13.83
HK.02618,京东物流,2025-08-06 00:00:00,13.9,13.62,13.9,13.57,13.525,0.00126,8366755.0,114190150.0,-2.0848310567936803,13.91
HK.02618,京东物流,2025-08-07 00:00:00,13.62,14.08,14.17,13.62,13.982,0.00173,11527556.0,161437514.0,3.377386196769463,13.62
HK.02618,京东物流,2025-08-08 00:00:00,14.0,14.06,14.3,13.88,13.962,0.00156,10358551.0,146282693.0,-0.1420454545454515,14.08
HK.02618,京东物流,2025-08-11 00:00:00,14.04,13.86,14.22,13.76,13.763,0.00132,8798406.0,121741255.0,-1.4224751066856405,14.06
HK.02618,京东物流,2025-08-12 00:00:00,13.85,13.48,13.87,13.35,13.386,0.00191,12714645.0,171899745.0,-2.741702741702735,13.86
HK.02618,京东物流,2025-08-13 00:00:00,13.55,14.0,14.0,13.55,13.902,0.00196,13062327.0,181072665.0,3.8575667655786314,13.48
HK.02618,京东物流,2025-08-14 00:00:00,14.15,13.96,14.27,13.84,13.862,0.00172,11450818.0,160644628.0,-0.28571428571427965,14.0
HK.02618,京东物流,2025-08-15 00:00:00,13.71,13.33,13.71,12.96,13.25,0.00896,59632995.0,785375476.0,-4.512893982808029,13.96
HK.02618,京东物流,2025-08-18 00:00:00,13.31,13.33,13.55,13.03,13.25,0.00352,23397221.0,312349789.0,0.0,13.33
HK.02618,京东物流,2025-08-19 00:00:00,13.48,13.2,13.5,13.13,13.121,0.00193,12822401.0,170124199.0,-0.9752438109527439,13.33
HK.02618,京东物流,2025-08-20 00:00:00,13.2,13.13,13.29,13.03,13.051,0.00167,11140818.0,146377844.0,-0.5303030303030191,13.2
HK.02618,京东物流,2025-08-21 00:00:00,13.14,13.01,13.31,12.93,12.932,0.00215,14299091.0,186861543.0,-0.9139375476009215,13.13
HK.02618,京东物流,2025-08-22 00:00:00,13.03,12.99,13.06,12.84,12.912,0.00164,10882517.0,140720923.0,-0.15372790161413968,13.01
HK.02618,京东物流,2025-08-25 00:00:00,13.49,13.95,14.0,13.42,13.866,0.00627,41704519.0,574588219.0,7.390300230946875,12.99
HK.02618,京东物流,2025-08-26 00:00:00,13.85,13.82,14.0,13.66,13.737,0.0025,16668693.0,230893881.0,-0.931899641577054,13.95
HK.02618,京东物流,2025-08-27 00:00:00,13.82,13.29,13.82,13.2,13.21,0.00335,22261755.0,299411114.0,-3.8350217076700512,13.82
HK.02618,京东物流,2025-08-28 00:00:00,13.15,12.78,13.15,12.61,12.703,0.00469,31223390.0,401898455.0,-3.8374717832957095,13.29
HK.02618,京东物流,2025-08-29 00:00:00,12.93,12.83,13.06,12.83,12.753,0.00246,16389351.0,211845351.0,0.39123630672927,12.78
HK.02618,京东物流,2025-09-01 00:00:00,13.01,13.08,13.1,12.82,13.001,0.0019,12651788.0,164213870.0,1.9485580670303975,12.83
HK.02618,京东物流,2025-09-02 00:00:00,13.15,13.0,13.19,12.89,12.922,0.00129,8614618.0,112115414.0,-0.6116207951070342,13.08
HK.02618,京东物流,2025-09-03 00:00:00,12.94,12.83,13.08,12.78,12.753,0.00168,11150338.0,143517897.0,-1.307692307692307,13.0
HK.02618,京东物流,2025-09-04 00:00:00,12.83,12.7,12.9,12.65,12.624,0.00161,10738235.0,136711007.0,-1.0132501948558128,12.83
HK.02618,京东物流,2025-09-05 00:00:00,12.82,13.09,13.1,12.8,13.011,0.00671,44677183.0,583735955.0,3.0708661417322882,12.7
HK.02618,京东物流,2025-09-08 00:00:00,13.13,13.53,13.56,13.1,13.449,0.00582,38727173.0,514012697.0,3.3613445378151225,13.09
HK.02618,京东物流,2025-09-09 00:00:00,13.7,13.26,13.7,13.2,13.18,0.00253,16864367.0,225825100.0,-1.9955654101995532,13.53
HK.02618,京东物流,2025-09-10 00:00:00,13.26,13.85,14.2,13.25,13.767,0.00564,37564088.0,516500563.0,4.4494720965309185,13.26
HK.02618,京东物流,2025-09-11 00:00:00,13.71,13.64,13.73,13.46,13.558,0.00277,18441075.0,250453929.0,-1.5162454873646143,13.85
HK.02618,京东物流,2025-09-12 00:00:00,13.9,13.75,13.9,13.64,13.667,0.00223,14853864.0,204072739.0,0.8064516129032216,13.64
HK.02618,京东物流,2025-09-15 00:00:00,13.6,13.53,13.65,13.45,13.449,0.00207,13808478.0,186947533.0,-1.6000000000000045,13.75
HK.02618,京东物流,2025-09-16 00:00:00,13.64,13.66,13.9,13.51,13.578,0.00177,11765966.0,160928293.0,0.9608277900960885,13.53
HK.02618,京东物流,2025-09-17 00:00:00,13.67,13.95,13.99,13.67,13.866,0.00288,19174153.0,266475006.0,2.122986822840404,13.66
HK.02618,京东物流,2025-09-18 00:00:00,13.95,13.73,14.05,13.58,13.648,0.00338,22523316.0,311338837.0,-1.5770609318996334,13.95
HK.02618,京东物流,2025-09-19 00:00:00,13.73,13.87,14.2,13.6,13.787,0.00338,22495918.0,313808865.0,1.019664967225046,13.73
HK.02618,京东物流,2025-09-22 00:00:00,13.8,13.4,13.87,13.32,13.32,0.00256,17056182.0,229700692.0,-3.3886085075702876,13.87
HK.02618,京东物流,2025-09-23 00:00:00,13.44,12.98,13.44,12.92,12.902,0.00291,19373778.0,252715609.0,-3.134328358208954,13.4
HK.02618,京东物流,2025-09-24 00:00:00,12.95,12.97,12.99,12.85,12.892,0.00248,16534180.0,213702360.0,-0.07704160246532964,12.98
HK.02618,京东物流,2025-09-25 00:00:00,13.02,13.1,13.32,12.93,13.021,0.00241,16063528.0,210944643.0,1.0023130300693832,12.97
HK.02618,京东物流,2025-09-26 00:00:00,13.11,12.83,13.11,12.83,12.753,0.00163,10852655.0,140166963.0,-2.0610687022900733,13.1
HK.02618,京东物流,2025-09-29 00:00:00,12.9,13.02,13.1,12.83,12.942,0.00189,12548761.0,162647803.0,1.4809041309430984,12.83
HK.02618,京东物流,2025-09-30 00:00:00,13.1,13.1,13.12,12.91,13.021,0.00203,13524206.0,175905448.0,0.6144393241167441,13.02
HK.02618,京东物流,2025-10-02 00:00:00,12.8,12.98,13.18,12.8,12.902,0.00177,11789174.0,153628378.0,-0.9160305343511391,13.1
HK.02618,京东物流,2025-10-03 00:00:00,12.9,12.89,12.96,12.72,12.813,0.00127,8422221.0,108177016.0,-0.6933744221879804,12.98
HK.02618,京东物流,2025-10-06 00:00:00,12.89,12.67,12.89,12.67,12.594,0.00077,5150706.0,65504813.0,-1.7067494181536123,12.89
HK.02618,京东物流,2025-10-08 00:00:00,12.67,12.55,12.67,12.18,12.475,0.00149,9901770.0,123060151.0,-0.9471191791633718,12.67
HK.02618,京东物流,2025-10-09 00:00:00,12.67,12.99,13.12,12.67,12.912,0.00295,19634505.0,254937467.0,3.505976095617526,12.55
HK.02618,京东物流,2025-10-10 00:00:00,12.9,12.91,13.08,12.83,12.833,0.00132,8781511.0,113656123.0,-0.6158583525789074,12.99
HK.02618,京东物流,2025-10-13 00:00:00,12.5,12.52,12.58,12.14,12.445,0.00483,32134707.0,398190342.0,-3.0209140201394313,12.91
HK.02618,京东物流,2025-10-14 00:00:00,12.6,12.22,12.76,12.21,12.147,0.0029,19291191.0,239754820.0,-2.396166134185295,12.52
HK.02618,京东物流,2025-10-15 00:00:00,12.29,12.46,12.52,12.27,12.385,0.00164,10908471.0,135653179.0,1.9639934533551573,12.22
HK.02618,京东物流,2025-10-16 00:00:00,12.53,12.46,12.6,12.35,12.385,0.00141,9351606.0,116661588.0,0.0,12.46
HK.02618,京东物流,2025-10-17 00:00:00,12.43,12.07,12.48,12.04,11.998,0.00223,14837530.0,180870219.0,-3.1300160513643704,12.46
HK.02618,京东物流,2025-10-20 00:00:00,12.33,12.31,12.41,12.25,12.236,0.00144,9584295.0,118112042.0,1.988400994200499,12.07
HK.02618,京东物流,2025-10-21 00:00:00,12.32,12.54,12.66,12.32,12.465,0.00161,10696168.0,134462887.0,1.8683996750609149,12.31
HK.02618,京东物流,2025-10-22 00:00:00,12.44,12.42,12.52,12.37,12.345,0.00103,6863782.0,85321559.0,-0.9569377990430561,12.54
HK.02618,京东物流,2025-10-23 00:00:00,12.42,12.67,12.76,12.3,12.594,0.00187,12435258.0,156258510.0,2.0128824476650564,12.42
HK.02618,京东物流,2025-10-24 00:00:00,12.79,12.61,12.82,12.55,12.534,0.00103,6843236.0,86468263.0,-0.473559589581693,12.67
HK.02618,京东物流,2025-10-27 00:00:00,12.82,12.75,12.93,12.7,12.673,0.00148,9820576.0,125572912.0,1.1102299762093621,12.61
HK.02618,京东物流,2025-10-28 00:00:00,12.85,12.58,12.85,12.55,12.504,0.00119,7940040.0,100373423.0,-1.3333333333333328,12.75
HK.02618,京东物流,2025-10-30 00:00:00,12.71,12.57,12.75,12.47,12.495,0.00197,13104543.0,165461432.0,-0.0794912559618425,12.58
HK.02618,京东物流,2025-10-31 00:00:00,12.45,12.66,12.79,12.42,12.584,0.00228,15154335.0,191932694.0,0.7159904534606193,12.57
HK.02618,京东物流,2025-11-03 00:00:00,12.66,12.75,12.79,12.51,12.673,0.00118,7874863.0,99694655.0,0.7109004739336481,12.66
HK.02618,京东物流,2025-11-04 00:00:00,12.7,12.54,12.8,12.46,12.465,0.00103,6831122.0,86156144.0,-1.6470588235294186,12.75
HK.02618,京东物流,2025-11-05 00:00:00,12.44,12.41,12.45,12.19,12.335,0.00129,8554974.0,105644482.0,-1.0366826156299762,12.54
HK.02618,京东物流,2025-11-06 00:00:00,12.49,12.55,12.57,12.34,12.475,0.00106,7084128.0,88695519.0,1.1281224818694646,12.41
HK.02618,京东物流,2025-11-07 00:00:00,12.49,12.31,12.49,12.25,12.236,0.00144,9591470.0,118224903.0,-1.9123505976095634,12.55
HK.02618,京东物流,2025-11-10 00:00:00,12.4,12.77,12.83,12.36,12.693,0.00194,12915995.0,163642549.0,3.7367993501218444,12.31
HK.02618,京东物流,2025-11-11 00:00:00,12.77,12.92,12.92,12.69,12.842,0.00143,9510952.0,121988863.0,1.1746280344557585,12.77
HK.02618,京东物流,2025-11-12 00:00:00,12.99,13.0,13.14,12.92,12.922,0.00151,10065337.0,131122681.0,0.6191950464396291,12.92
HK.02618,京东物流,2025-11-13 00:00:00,13.01,12.9,13.12,12.81,12.823,0.00125,8314481.0,107567889.0,-0.7692307692307665,13.0
HK.02618,京东物流,2025-11-14 00:00:00,12.55,12.4,12.69,12.33,12.326,0.00331,22050341.0,274933007.0,-3.875968992248062,12.9
HK.02618,京东物流,2025-11-17 00:00:00,12.42,12.27,12.42,12.15,12.196,0.00173,11498125.0,140915067.0,-1.0483870967742,12.4
HK.02618,京东物流,2025-11-18 00:00:00,12.27,12.05,12.32,12.03,11.978,0.00145,9678128.0,117028819.0,-1.7929910350448157,12.27
HK.02618,京东物流,2025-11-19 00:00:00,12.09,12.14,12.21,12.07,12.067,0.00162,10751035.0,130464051.0,0.7468879668049779,12.05
HK.02618,京东物流,2025-11-20 00:00:00,12.14,12.12,12.22,12.06,12.047,0.00091,6066560.0,73582417.0,-0.16474464579902265,12.14
HK.02618,京东物流,2025-11-21 00:00:00,12.0,11.82,12.0,11.82,11.749,0.00133,8820354.0,104869502.0,-2.475247524752467,12.12
HK.02618,京东物流,2025-11-24 00:00:00,11.98,11.95,12.02,11.83,11.878,0.00153,10160353.0,121197501.0,1.0998307952622588,11.82
HK.02618,京东物流,2025-11-25 00:00:00,11.96,12.03,12.08,11.95,11.958,0.00094,6258077.0,75325133.0,0.6694560669456073,11.95
HK.02618,京东物流,2025-11-26 00:00:00,12.06,12.23,12.28,12.06,12.157,0.00081,5358940.0,65540911.0,1.662510390689951,12.03
HK.02618,京东物流,2025-11-27 00:00:00,12.24,12.22,12.29,12.17,12.147,0.0007,4652577.0,56949192.0,-0.0817661488143891,12.23
HK.02618,京东物流,2025-11-28 00:00:00,12.22,12.17,12.32,12.17,12.097,0.00059,3949249.0,48253723.0,-0.4091653027823298,12.22
HK.02618,京东物流,2025-12-01 00:00:00,12.19,12.44,12.44,12.19,12.365,0.00115,7620160.0,94195901.0,2.2185702547247295,12.17
HK.02618,京东物流,2025-12-02 00:00:00,12.38,12.48,12.49,12.35,12.405,0.00086,5754572.0,71552507.0,0.32154340836013606,12.44
HK.02618,京东物流,2025-12-03 00:00:00,12.45,12.29,12.45,12.23,12.216,0.0007,4646009.0,57075619.0,-1.5224358974359076,12.48
HK.02618,京东物流,2025-12-04 00:00:00,12.29,12.34,12.41,12.23,12.278,0.00063,4165252.0,51287417.0,0.4068348250610311,12.29
HK.02618,京东物流,2025-12-05 00:00:00,12.3,12.4,12.4,12.28,12.338,0.0008,5314092.0,65674188.0,0.4862236628849311,12.34
HK.02618,京东物流,2025-12-08 00:00:00,12.4,12.14,12.43,12.12,12.079,0.00096,6402454.0,78301973.0,-2.0967741935483852,12.4
HK.02618,京东物流,2025-12-09 00:00:00,12.14,12.01,12.18,11.97,11.95,0.00103,6865434.0,82486835.0,-1.0708401976935813,12.14
HK.02618,京东物流,2025-12-10 00:00:00,12.01,12.01,12.09,11.92,11.95,0.00077,5094067.0,61010338.0,0.0,12.01
HK.02618,京东物流,2025-12-11 00:00:00,12.01,12.04,12.18,11.97,11.98,0.00066,4406259.0,53084866.0,0.24979184013321698,12.01
HK.02618,京东物流,2025-12-12 00:00:00,12.04,12.16,12.19,12.0,12.099,0.0009,5970153.0,72284110.0,0.9966777408637957,12.04
HK.02618,京东物流,2025-12-15 00:00:00,12.04,12.0,12.06,11.95,11.94,0.00078,5163194.0,61972635.0,-1.3157894736842117,12.16
HK.02618,京东物流,2025-12-16 00:00:00,11.98,11.75,12.04,11.65,11.691,0.00146,9749547.0,114931518.0,-2.083333333333333,12.0
HK.02618,京东物流,2025-12-17 00:00:00,11.82,11.76,11.82,11.66,11.701,0.00079,5275263.0,61945118.0,0.0851063829787216,11.75
HK.02618,京东物流,2025-12-18 00:00:00,11.71,11.67,11.76,11.57,11.611,0.00102,6786135.0,78938053.0,-0.7653061224489783,11.76
HK.02618,京东物流,2025-12-19 00:00:00,11.69,11.83,11.84,11.65,11.771,0.00118,7863742.0,92648208.0,1.371036846615254,11.67
HK.02618,京东物流,2025-12-22 00:00:00,11.88,11.73,11.92,11.66,11.671,0.00084,5572829.0,65490346.0,-0.8453085376162269,11.83
HK.02618,京东物流,2025-12-23 00:00:00,11.81,11.8,11.85,11.75,11.741,0.00071,4747064.0,56036047.0,0.5967604433077602,11.73
HK.02618,京东物流,2025-12-24 00:00:00,11.8,11.79,11.82,11.69,11.731,0.00026,1701897.0,20023644.0,-0.08474576271187766,11.8
HK.02618,京东物流,2025-12-29 00:00:00,11.8,11.55,11.96,11.55,11.492,0.0014,9339088.0,109551141.0,-2.0356234096691983,11.79
HK.02618,京东物流,2025-12-30 00:00:00,11.58,11.61,11.67,11.48,11.552,0.00112,7444739.0,86266843.0,0.5194805194805083,11.55
HK.02618,京东物流,2025-12-31 00:00:00,11.66,11.42,11.66,11.41,11.363,0.00077,5148134.0,58989990.0,-1.6365202411714,11.61
HK.02618,京东物流,2026-01-02 00:00:00,11.53,11.82,11.83,11.42,11.761,0.00055,3681793.0,43203783.0,3.5026269702276736,11.42
HK.02618,京东物流,2026-01-05 00:00:00,11.68,11.65,11.84,11.63,11.592,0.00169,11262922.0,131986227.0,-1.4382402707275799,11.82
HK.02618,京东物流,2026-01-06 00:00:00,11.75,11.63,11.78,11.63,11.572,0.00156,10391189.0,121432052.0,-0.1716738197424856,11.65
HK.02618,京东物流,2026-01-07 00:00:00,11.66,11.55,11.66,11.47,11.492,0.00185,12314379.0,142047664.0,-0.6878761822871888,11.63
HK.02618,京东物流,2026-01-08 00:00:00,11.55,11.24,11.55,11.16,11.184,0.00324,21558987.0,243028510.0,-2.683982683982688,11.55
HK.02618,京东物流,2026-01-09 00:00:00,11.33,11.6,11.6,11.24,11.542,0.00203,13532131.0,155225968.0,3.2028469750889625,11.24
HK.02618,京东物流,2026-01-12 00:00:00,11.63,11.6,11.65,11.5,11.542,0.00172,11435243.0,132362948.0,0.0,11.6
HK.02618,京东物流,2026-01-13 00:00:00,11.68,11.82,11.9,11.68,11.761,0.00188,12514367.0,147655514.0,1.8965517241379366,11.6
HK.02618,京东物流,2026-01-14 00:00:00,11.8,11.63,11.8,11.57,11.572,0.00295,19642682.0,228868338.0,-1.6074450084602325,11.82
HK.02618,京东物流,2026-01-15 00:00:00,11.69,11.68,11.8,11.54,11.621,0.00149,9898630.0,115381450.0,0.4299226139294835,11.63
HK.02618,京东物流,2026-01-16 00:00:00,11.76,11.51,11.77,11.48,11.452,0.00152,10096105.0,116794785.0,-1.455479452054794,11.68
HK.02618,京东物流,2026-01-19 00:00:00,11.46,11.27,11.48,11.27,11.213,0.00158,10488259.0,119077597.0,-2.085143353605562,11.51
HK.02618,京东物流,2026-01-20 00:00:00,11.31,11.29,11.4,11.26,11.233,0.00093,6209103.0,70329895.0,0.17746228926352772,11.27
HK.02618,京东物流,2026-01-21 00:00:00,11.21,11.37,11.42,11.2,11.313,0.00113,7540723.0,85444376.0,0.7085916740478306,11.29
HK.02618,京东物流,2026-01-22 00:00:00,11.42,11.52,11.53,11.39,11.462,0.00158,10527619.0,120704991.0,1.3192612137203197,11.37
HK.02618,京东物流,2026-01-23 00:00:00,11.56,11.38,11.59,11.35,11.323,0.00111,7391913.0,84343999.0,-1.2152777777777675,11.52
HK.02618,京东物流,2026-01-26 00:00:00,11.42,11.29,11.45,11.21,11.233,0.00151,10077822.0,113561933.0,-0.7908611599297155,11.38
HK.02618,京东物流,2026-01-27 00:00:00,11.29,11.47,11.54,11.29,11.412,0.00261,17389356.0,199244369.0,1.5943312666076306,11.29
HK.02618,京东物流,2026-01-28 00:00:00,11.47,11.54,11.56,11.4,11.482,0.00125,8294121.0,95346458.0,0.6102877070618876,11.47
HK.02618,京东物流,2026-01-29 00:00:00,11.47,11.38,11.56,11.36,11.323,0.0024,15950424.0,182219475.0,-1.386481802426329,11.54
HK.02618,京东物流,2026-01-30 00:00:00,11.29,11.19,11.32,11.13,11.134,0.00203,13507441.0,151371780.0,-1.669595782073825,11.38
HK.02618,京东物流,2026-02-02 00:00:00,11.15,10.95,11.15,10.83,10.895,0.00232,15436787.0,168974488.0,-2.144772117962469,11.19
HK.02618,京东物流,2026-02-03 00:00:00,11.1,10.93,11.18,10.86,10.875,0.00118,7845784.0,86162518.0,-0.18264840182648012,10.95
HK.02618,京东物流,2026-02-04 00:00:00,11.02,11.04,11.14,10.9,10.985,0.00125,8306613.0,91465345.0,1.0064043915827945,10.93
HK.02618,京东物流,2026-02-05 00:00:00,11.04,11.25,11.27,10.94,11.194,0.00154,10251365.0,114553643.0,1.902173913043486,11.04
HK.02618,京东物流,2026-02-06 00:00:00,11.11,11.1,11.15,11.04,11.044,0.00111,7356081.0,81599769.0,-1.3333333333333366,11.25
HK.02618,京东物流,2026-02-09 00:00:00,11.27,11.29,11.38,11.2,11.233,0.00112,7436270.0,83952091.0,1.7117117117117073,11.1
HK.02618,京东物流,2026-02-10 00:00:00,11.3,11.48,11.57,11.3,11.422,0.00166,11040179.0,126759002.0,1.6829052258636075,11.29
HK.02618,京东物流,2026-02-11 00:00:00,11.6,11.52,11.63,11.46,11.462,0.00072,4768790.0,55002228.0,0.34843205574912145,11.48
HK.02618,京东物流,2026-02-12 00:00:00,11.52,11.32,11.52,11.31,11.263,0.00055,3684490.0,41805262.0,-1.736111111111105,11.52
HK.02618,京东物流,2026-02-13 00:00:00,11.23,11.3,11.35,11.17,11.243,0.0008,5307777.0,59799828.0,-0.1766784452296782,11.32
HK.02618,京东物流,2026-02-16 00:00:00,11.3,11.27,11.5,11.11,11.213,0.00028,1868417.0,20920573.0,-0.2654867256637269,11.3
HK.02618,京东物流,2026-02-20 00:00:00,11.26,11.14,11.26,11.08,11.084,0.00056,3731678.0,41634711.0,-1.153504880212946,11.27
HK.02618,京东物流,2026-02-23 00:00:00,11.24,11.52,11.64,11.21,11.462,0.00075,4994531.0,57590784.0,3.411131059245951,11.14
HK.02618,京东物流,2026-02-24 00:00:00,11.42,11.28,11.46,11.18,11.223,0.00144,9586581.0,107959696.0,-2.0833333333333353,11.52
HK.02618,京东物流,2026-02-25 00:00:00,11.33,11.29,11.48,11.27,11.233,0.00083,5550933.0,63093378.0,0.08865248226950166,11.28
HK.02618,京东物流,2026-02-26 00:00:00,11.35,11.07,11.44,11.07,11.014,0.00147,9794878.0,109288070.0,-1.9486271036315224,11.29
HK.02618,京东物流,2026-02-27 00:00:00,11.09,11.17,11.23,11.06,11.114,0.00173,11506777.0,128317283.0,0.9033423667569977,11.07
HK.02618,京东物流,2026-03-02 00:00:00,10.99,10.85,11.02,10.82,10.796,0.00168,11151699.0,121705246.0,-2.8648164726947205,11.17
HK.02618,京东物流,2026-03-03 00:00:00,10.9,10.71,11.0,10.65,10.656,0.00151,10038413.0,107914629.0,-1.2903225806451502,10.85
HK.02618,京东物流,2026-03-04 00:00:00,10.7,10.45,10.7,10.31,10.398,0.00214,14266478.0,148958810.0,-2.4276377217553833,10.71
HK.02618,京东物流,2026-03-05 00:00:00,10.51,10.27,10.58,10.2,9.31,0.00197,13116024.0,135731897.0,-1.7224880382775094,10.45
HK.02618,京东物流,2026-03-06 00:00:00,10.93,12.63,12.66,10.9,11.45,0.01718,114613462.0,1385900006.0,22.97955209347616,10.27
HK.02618,京东物流,2026-03-09 00:00:00,12.02,12.83,12.88,12.0,11.631,0.00556,37101020.0,466787234.0,1.5835312747426704,12.63
HK.02618,京东物流,2026-03-10 00:00:00,12.96,13.29,13.58,12.87,12.048,0.00675,45057993.0,600498887.0,3.5853468433359246,12.83
HK.02618,京东物流,2026-03-11 00:00:00,13.29,13.63,13.7,13.25,12.357,0.00481,32088883.0,436076438.0,2.5583145221971533,13.29
HK.02618,京东物流,2026-03-12 00:00:00,13.63,14.2,14.2,13.56,12.873,0.00544,36274085.0,509631370.0,4.181951577402777,13.63
HK.02618,京东物流,2026-03-13 00:00:00,14.0,13.64,14.25,13.52,12.366,0.00427,28493558.0,393818850.0,-3.943661971830977,14.2
HK.02618,京东物流,2026-03-16 00:00:00,13.58,13.54,13.87,13.38,12.275,0.00213,14210757.0,193530587.0,-0.7331378299120338,13.64
HK.02618,京东物流,2026-03-17 00:00:00,13.57,14.0,14.19,13.56,12.692,0.00325,21666931.0,303412994.0,3.3973412112260037,13.54
HK.02618,京东物流,2026-03-18 00:00:00,13.99,14.41,14.49,13.81,13.064,0.00324,21632415.0,311025244.0,2.9285714285714297,14.0
HK.02618,京东物流,2026-03-19 00:00:00,14.2,14.13,14.33,14.05,12.81,0.00206,13722308.0,194199013.0,-1.9430950728660608,14.41
HK.02618,京东物流,2026-03-20 00:00:00,14.11,13.94,14.17,13.79,12.638,0.0022,14655475.0,204833819.0,-1.3446567586695066,14.13
HK.02618,京东物流,2026-03-23 00:00:00,13.75,13.48,13.75,13.28,12.221,0.00287,19165761.0,257770264.0,-3.299856527977038,13.94
HK.02618,京东物流,2026-03-24 00:00:00,13.69,13.8,13.87,13.27,12.511,0.00179,11932442.0,162540069.0,2.373887240356085,13.48
HK.02618,京东物流,2026-03-25 00:00:00,14.0,13.83,14.14,13.56,12.538,0.00151,10071777.0,139878532.0,0.21739130434782145,13.8
HK.02618,京东物流,2026-03-26 00:00:00,14.0,13.86,14.0,13.73,12.565,0.00153,10230935.0,141716358.0,0.21691973969630773,13.83
HK.02618,京东物流,2026-03-27 00:00:00,13.78,13.99,14.18,13.6,12.683,0.00157,10504839.0,147423402.0,0.9379509379509435,13.86
HK.02618,京东物流,2026-03-30 00:00:00,13.66,13.6,13.77,13.46,12.33,0.00118,7887913.0,107053630.0,-2.7877055039313836,13.99
HK.02618,京东物流,2026-03-31 00:00:00,13.74,13.65,13.9,13.5,12.375,0.00163,10896323.0,148677532.0,0.36764705882353466,13.6
HK.02618,京东物流,2026-04-01 00:00:00,14.0,14.14,14.25,13.8,12.819,0.00249,16613169.0,234123020.0,3.5897435897435908,13.65
HK.02618,京东物流,2026-04-02 00:00:00,14.1,14.12,14.35,14.0,12.801,0.00202,13446526.0,189602702.0,-0.141442715700151,14.14
HK.02618,京东物流,2026-04-08 00:00:00,14.5,14.41,14.8,14.1,13.064,0.00357,23791730.0,343770519.0,2.053824362606239,14.12
HK.02618,京东物流,2026-04-09 00:00:00,14.41,14.45,14.6,14.21,13.1,0.00251,16749322.0,242094987.0,0.27758501040943195,14.41
HK.02618,京东物流,2026-04-10 00:00:00,14.45,14.44,14.58,14.28,13.091,0.00208,13902186.0,201314062.0,-0.06920415224913347,14.45
HK.02618,京东物流,2026-04-13 00:00:00,14.32,14.44,14.49,14.24,13.091,0.00084,5589961.0,80514468.0,0.0,14.44
HK.02618,京东物流,2026-04-14 00:00:00,15.0,15.27,15.6,14.96,13.844,0.00405,27017437.0,411856011.0,5.747922437673131,14.44
HK.02618,京东物流,2026-04-15 00:00:00,15.5,15.55,15.84,15.38,14.097,0.00259,17277952.0,270224371.0,1.8336607727570473,15.27
HK.02618,京东物流,2026-04-16 00:00:00,15.7,15.95,15.97,15.55,14.46,0.00296,19737028.0,313017792.0,2.5723472668810197,15.55
HK.02618,京东物流,2026-04-17 00:00:00,15.9,15.87,16.0,15.71,14.388,0.0019,12691379.0,200803702.0,-0.5015673981191228,15.95
HK.02618,京东物流,2026-04-20 00:00:00,15.78,15.43,15.8,15.38,13.989,0.00182,12168960.0,189501769.0,-2.7725267800882136,15.87
HK.02618,京东物流,2026-04-21 00:00:00,15.43,15.54,15.68,15.34,14.088,0.00228,15239180.0,236575692.0,0.7128969539857384,15.43
HK.02618,京东物流,2026-04-22 00:00:00,15.54,15.59,15.63,15.38,14.134,0.00128,8510783.0,132324685.0,0.3217503217503263,15.54
HK.02618,京东物流,2026-04-23 00:00:00,15.39,15.4,15.51,15.18,13.961,0.00162,10794821.0,165265852.0,-1.2187299550994195,15.59
HK.02618,京东物流,2026-04-24 00:00:00,15.42,15.14,15.42,15.0,13.726,0.00072,4815398.0,72732484.0,-1.6883116883116869,15.4
HK.02618,京东物流,2026-04-27 00:00:00,15.22,15.09,15.44,15.02,13.68,0.00089,5919692.0,89817262.0,-0.330250990752977,15.14
HK.02618,京东物流,2026-04-28 00:00:00,15.31,15.21,15.31,15.0,13.789,0.00108,7179731.0,108632327.0,0.795228628230623,15.09
HK.02618,京东物流,2026-04-29 00:00:00,15.38,15.43,15.5,15.21,13.989,0.00128,8563450.0,132117214.0,1.446416831032208,15.21
HK.02618,京东物流,2026-04-30 00:00:00,15.42,15.1,15.42,15.05,13.689,0.00147,9795131.0,148326879.0,-2.138690861957227,15.43
HK.02618,京东物流,2026-05-04 00:00:00,15.44,15.13,15.44,15.11,13.717,0.00063,4181936.0,63716236.0,0.19867549668874926,15.1
HK.02618,京东物流,2026-05-05 00:00:00,15.02,15.24,15.3,14.86,13.816,0.0007,4695923.0,71017162.0,0.7270323859880993,15.13
HK.02618,京东物流,2026-05-06 00:00:00,15.36,15.0,15.4,14.79,13.599,0.00152,10112082.0,151587694.0,-1.5748031496063006,15.24
HK.02618,京东物流,2026-05-07 00:00:00,15.21,15.09,15.38,15.04,13.68,0.00179,11934797.0,180723074.0,0.5999999999999991,15.0
HK.02618,京东物流,2026-05-08 00:00:00,14.75,14.59,15.07,14.47,13.227,0.00241,16050079.0,234237229.0,-3.313452617627568,15.09
HK.02618,京东物流,2026-05-11 00:00:00,14.59,15.25,15.5,14.26,13.825,0.0028,18659746.0,279430217.0,4.5236463331048675,14.59
HK.02618,京东物流,2026-05-12 00:00:00,15.25,14.98,15.49,14.95,13.581,0.00173,11510200.0,173821615.0,-1.7704918032786856,15.25
HK.02618,京东物流,2026-05-13 00:00:00,16.03,16.05,16.28,15.64,14.551,0.00402,26812139.0,430050802.0,7.142857142857145,14.98
HK.02618,京东物流,2026-05-14 00:00:00,16.67,15.14,16.76,15.08,13.726,0.00289,19262497.0,303459030.0,-5.6697819314641755,16.05
HK.02618,京东物流,2026-05-15 00:00:00,15.15,14.28,15.2,14.2,12.946,0.0018,12014865.0,172664717.0,-5.680317040951131,15.14
HK.02618,京东物流,2026-05-18 00:00:00,14.16,13.79,14.16,13.64,12.502,0.00158,10514211.0,144919021.0,-3.4313725490196094,14.28
HK.02618,京东物流,2026-05-19 00:00:00,13.81,13.93,14.14,13.81,12.629,0.00168,11194877.0,156092748.0,1.0152284263959432,13.79
HK.02618,京东物流,2026-05-20 00:00:00,13.93,13.69,13.93,13.53,12.411,0.00101,6756895.0,92105613.0,-1.7229002153625286,13.93
HK.02618,京东物流,2026-05-21 00:00:00,13.73,13.8,13.99,13.65,12.511,0.00125,8343963.0,115102469.0,0.8035062089116233,13.69
HK.02618,京东物流,2026-05-22 00:00:00,13.97,13.85,14.02,13.74,12.556,0.0016,10687394.0,148306773.0,0.3623188405797024,13.8
HK.02618,京东物流,2026-05-26 00:00:00,13.85,13.54,13.85,13.15,12.275,0.00221,14763740.0,199452303.0,-2.2382671480144443,13.85
HK.02618,京东物流,2026-05-27 00:00:00,13.52,13.32,13.65,13.09,12.076,0.00209,13971462.0,185953435.0,-1.6248153618906862,13.54
HK.02618,京东物流,2026-05-28 00:00:00,13.32,12.95,13.32,12.85,11.74,0.00217,14473113.0,187245618.0,-2.7777777777777852,13.32
HK.02618,京东物流,2026-05-29 00:00:00,12.84,12.89,13.15,12.68,11.686,0.00613,40929539.0,527293013.0,-0.4633204633204535,12.95
HK.02618,京东物流,2026-06-01 00:00:00,13.03,13.32,13.42,12.94,12.087,0.00195,13017868.0,171795878.0,3.33591931730023,12.89
HK.02618,京东物流,2026-06-02 00:00:00,13.34,13.57,13.75,13.28,12.313,0.00155,10358314.0,140185898.0,1.8768768768768769,13.32
HK.02618,京东物流,2026-06-03 00:00:00,13.35,13.2,13.42,13.02,11.978,0.00143,9554889.0,125610272.0,-2.726602800294775,13.57
HK.02618,京东物流,2026-06-04 00:00:00,13.19,13.16,13.35,13.1,11.941,0.00133,8848024.0,116778489.0,-0.30303030303029654,13.2
HK.02618,京东物流,2026-06-05 00:00:00,13.16,12.96,13.16,12.73,11.76,0.00144,9616206.0,124167887.0,-1.5197568389057698,13.16
HK.02618,京东物流,2026-06-08 00:00:00,12.96,12.68,12.96,12.58,11.506,0.0017,11330826.0,144220768.0,-2.1604938271605025,12.96
HK.02618,京东物流,2026-06-09 00:00:00,12.76,12.67,12.76,12.52,11.497,0.00133,8857685.0,112268544.0,-0.07886435331230116,12.68
HK.02618,京东物流,2026-06-10 00:00:00,12.67,12.89,12.92,12.54,11.696,0.00123,8197475.0,104787624.0,1.7363851617995314,12.67
HK.02618,京东物流,2026-06-11 00:00:00,12.89,12.74,13.0,12.58,11.56,0.00142,9458876.0,120142561.0,-1.1636927851047352,12.89
HK.02618,京东物流,2026-06-12 00:00:00,12.88,13.01,13.09,12.7,11.805,0.0015,10008092.0,129243673.0,2.1193092621664014,12.74
HK.02618,京东物流,2026-06-15 00:00:00,13.25,13.11,13.35,12.99,11.896,0.00118,7864257.0,103193016.0,0.7686395080707121,13.01
HK.02618,京东物流,2026-06-16 00:00:00,13.05,12.68,13.11,12.62,11.506,0.00165,11011107.0,140069257.0,-3.279938977879479,13.11
HK.02618,京东物流,2026-06-17 00:00:00,12.68,12.45,12.83,12.41,11.297,0.00118,7892418.0,98983092.0,-1.8138801261829687,12.68
HK.02618,京东物流,2026-06-18 00:00:00,12.5,12.14,12.5,12.02,11.016,0.00212,14156235.0,172147374.0,-2.48995983935742,12.45
HK.02618,京东物流,2026-06-22 00:00:00,12.11,12.18,12.27,11.66,11.052,0.00236,15787733.0,189615264.0,0.32948929159801604,12.14
HK.02618,京东物流,2026-06-23 00:00:00,12.15,11.76,12.45,11.66,10.671,0.00198,13202447.0,155714884.0,-3.448275862068965,12.18
HK.02618,京东物流,2026-06-24 00:00:00,11.63,11.72,11.8,11.44,10.635,0.00175,11712727.0,136329289.0,-0.3401360544217614,11.76
HK.02618,京东物流,2026-06-25 00:00:00,11.8,11.59,11.8,11.38,10.517,0.00251,16787649.0,193405324.0,-1.109215017064853,11.72
HK.02618,京东物流,2026-06-26 00:00:00,11.67,11.57,11.67,11.37,10.499,0.00161,10728461.0,123495834.0,-0.17256255392579442,11.59
HK.02618,京东物流,2026-06-29 00:00:00,11.63,11.86,12.16,11.63,10.762,0.00148,9880448.0,118031963.0,2.5064822817631733,11.57
HK.02618,京东物流,2026-06-30 00:00:00,11.86,11.75,11.86,11.53,10.662,0.00169,11295190.0,132243176.0,-0.9274873524451891,11.86
HK.02618,京东物流,2026-07-02 00:00:00,12.45,11.95,12.45,11.9,10.843,0.00167,11167425.0,134834271.0,1.7021276595744619,11.75
HK.02618,京东物流,2026-07-03 00:00:00,12.13,12.19,12.34,12.0,11.061,0.00071,4727625.0,57679408.0,2.008368200836822,11.95
HK.02618,京东物流,2026-07-06 00:00:00,12.24,12.39,12.52,11.9,11.243,0.00094,6245727.0,77243276.0,1.640689089417564,12.19
HK.02618,京东物流,2026-07-07 00:00:00,12.38,12.26,12.45,12.07,11.125,0.00104,6925711.0,84746877.0,-1.0492332526230894,12.39
HK.02618,京东物流,2026-07-08 00:00:00,12.26,12.53,12.59,12.19,11.37,0.00082,5454271.0,68015789.0,2.2022838499184303,12.26
HK.02618,京东物流,2026-07-09 00:00:00,12.53,12.48,12.56,12.27,11.324,0.00062,4110599.0,51239065.0,-0.39904229848363076,12.53
HK.02618,京东物流,2026-07-10 00:00:00,12.48,12.68,12.82,12.36,11.506,0.00097,6464156.0,81968742.0,1.6025641025640969,12.48
HK.02618,京东物流,2026-07-13 00:00:00,12.68,12.72,12.86,12.54,11.542,0.00071,4729994.0,60181113.0,0.3154574132492186,12.68
HK.02618,京东物流,2026-07-14 00:00:00,12.72,12.99,13.03,12.45,11.787,0.00089,5956339.0,76545067.0,2.122641509433959,12.72
HK.02618,京东物流,2026-07-15 00:00:00,13.03,13.27,13.34,12.83,12.041,0.00124,8255512.0,108802712.0,2.155504234026169,12.99
HK.02618,京东物流,2026-07-16 00:00:00,13.27,13.65,13.82,13.21,12.386,0.00111,7407046.0,100891119.0,2.8636021100226134,13.27
HK.02618,京东物流,2026-07-17 00:00:00,13.77,13.39,13.84,13.2,12.15,0.00165,11007205.0,147482725.0,-1.904761904761903,13.65
HK.02618,京东物流,2026-07-20 00:00:00,13.75,13.65,13.9,13.49,12.386,0.00097,6465612.0,88431778.0,1.9417475728155325,13.39
HK.02618,京东物流,2026-07-21 00:00:00,13.78,13.88,13.94,13.55,12.595,0.00117,7827370.0,108149757.0,1.684981684981688,13.65
HK.02618,京东物流,2026-07-22 00:00:00,13.7,13.76,13.86,13.55,12.385,0.00139,9210166.0,126760191.0,-0.8645533141210446,13.88
HK.02618,京东物流,2026-07-23 00:00:00,13.8,14.03,14.14,13.64,12.628,0.00103,6845215.0,96049163.0,1.9622093023255782,13.76
HK.02618,京东物流,2026-07-24 00:00:00,13.9,13.99,14.04,13.76,12.592,0.00068,4492144.0,62667885.0,-0.28510334996435605,14.03
HK.02618,京东物流,2026-07-27 00:00:00,13.99,13.87,14.17,13.86,12.484,0.00061,4037532.0,56559841.0,-0.8577555396712008,13.99
HK.02618,京东物流,2026-07-28 00:00:00,13.92,14.16,14.19,13.85,12.745,0.00133,8835937.0,124337267.0,2.0908435472242317,13.87
HK.02618,京东物流,2026-07-29 00:00:00,14.35,14.63,14.68,14.27,13.168,0.00147,9760225.0,141737709.0,3.3192090395480274,14.16
HK.02618,京东物流,2026-07-30 00:00:00,15.0,15.16,15.25,14.65,13.645,0.00307,20345860.0,307295789.0,3.6226930963773025,14.63
HK.02618,京东物流,2026-07-31 00:00:00,14.86,15.02,15.19,14.7,13.519,0.00141,9328643.0,139665895.0,-0.9234828496042254,15.16
HK.02618,京东物流,2026-08-03 00:00:00,15.02,15.24,15.46,14.98,13.717,0.00125,8290607.0,126490152.0,1.4647137150466087,15.02
HK.02618,京东物流,2026-08-04 00:00:00,15.4,15.09,15.47,14.97,13.582,0.00105,6957657.0,105121533.0,-0.9842519685039393,15.24
HK.02618,京东物流,2026-08-05 00:00:00,15.09,14.89,15.18,14.7,13.402,0.00127,8416120.0,125014990.0,-1.3253810470510223,15.09
HK.02618,京东物流,2026-08-06 00:00:00,14.6,14.73,14.82,14.57,13.258,0.00089,5910655.0,86811807.0,-1.0745466756212232,14.89
HK.02618,京东物流,2026-08-07 00:00:00,14.63,14.52,14.7,14.31,13.069,0.00093,6151833.0,88975962.0,-1.425661914460291,14.73
HK.02618,京东物流,2026-08-10 00:00:00,14.7,14.76,14.8,14.53,13.285,0.00073,4840866.0,70883664.0,1.6528925619834725,14.52
HK.02618,京东物流,2026-08-11 00:00:00,14.89,14.7,14.99,14.61,13.231,0.0015,9949054.0,146904824.0,-0.40650406504065373,14.76
HK.02618,京东物流,2026-08-12 00:00:00,14.51,14.46,14.62,14.3,13.015,0.00131,8697281.0,125551014.0,-1.6326530612244792,14.7
HK.02618,京东物流,2026-08-13 00:00:00,14.4,14.17,14.41,14.07,12.754,0.00188,12460366.0,177304182.0,-2.005532503457821,14.46
HK.02618,京东物流,2026-08-14 00:00:00,13.8,12.23,13.8,12.13,11.008,0.00582,38524438.0,480575805.0,-13.690896259703594,14.17
HK.02618,京东物流,2026-08-17 00:00:00,12.24,12.07,12.36,12.07,10.864,0.00555,36770169.0,448498653.0,-1.3082583810302546,12.23
HK.02618,京东物流,2026-08-18 00:00:00,12.07,11.66,12.07,11.57,10.495,0.00414,27439455.0,321544134.0,-3.3968516984258503,12.07
HK.02618,京东物流,2026-08-19 00:00:00,11.7,11.51,11.75,11.41,10.36,0.00295,19564081.0,225487125.0,-1.28644939965695,11.66
HK.02618,京东物流,2026-08-20 00:00:00,11.79,11.69,11.92,11.44,10.522,0.00352,23322544.0,273268643.0,1.563857515204168,11.51
HK.02618,京东物流,2026-08-21 00:00:00,11.69,11.81,11.86,11.62,10.63,0.00229,15154543.0,177565876.0,1.0265183917878613,11.69
