code,name,time_key,open,close,high,low,pe_ratio,turnover_rate,volume,turnover,change_rate,last_close
HK.01876,百威亚太,2019-09-30 00:00:00,25.1487,25.9487,26.6487,24.9987,49.823,0.01978,261975591.0,7332012560.0,4.848739529753075,24.7487
HK.01876,百威亚太,2019-10-02 00:00:00,25.9487,27.4487,27.5487,25.7487,52.473,0.00741,98097465.0,2865871761.0,5.780636409531113,25.9487
HK.01876,百威亚太,2019-10-03 00:00:00,27.2487,27.3487,27.7987,26.7987,52.296,0.00424,56170457.0,1667721090.0,-0.36431597853449477,27.4487
HK.01876,百威亚太,2019-10-04 00:00:00,27.3987,28.2487,28.5487,27.0487,53.886,0.00302,39929505.0,1208196330.0,3.2908328366613353,27.3487
HK.01876,百威亚太,2019-10-08 00:00:00,28.0487,29.3487,29.8487,27.7987,55.83,0.00619,81922852.0,2586041564.0,3.893984501941687,28.2487
HK.01876,百威亚太,2019-10-09 00:00:00,29.0987,30.2487,30.3987,28.9987,57.42,0.00207,27387084.0,878928092.0,3.066575350867325,29.3487
HK.01876,百威亚太,2019-10-10 00:00:00,30.2487,29.2487,30.3987,29.0987,55.653,0.00213,28226926.0,901315138.0,-3.305927196871271,30.2487
HK.01876,百威亚太,2019-10-11 00:00:00,29.4987,28.9987,29.7487,28.4487,55.212,0.00158,20950729.0,654495296.0,-0.8547388430938812,29.2487
HK.01876,百威亚太,2019-10-14 00:00:00,29.2987,29.798699999,30.1487,29.1487,56.625,0.00176,23357374.0,744060901.0,2.758744354057253,28.9987
HK.01876,百威亚太,2019-10-15 00:00:00,29.8487,29.7487,30.2487,29.2487,56.537,0.00816,108049063.0,3456500603.0,-0.16779255135854435,29.798699999
HK.01876,百威亚太,2019-10-16 00:00:00,29.6987,28.5487,29.6987,28.5487,54.416,0.00218,28864067.0,910145721.0,-4.033789711819337,29.7487
HK.01876,百威亚太,2019-10-17 00:00:00,29.2487,29.1487,29.2487,28.4487,55.477,0.00096,12671930.0,395456107.0,2.1016718799805294,28.5487
HK.01876,百威亚太,2019-10-18 00:00:00,29.0487,27.8987,29.1487,27.5987,53.268,0.00144,19036631.0,576797081.0,-4.288355912956667,29.1487
HK.01876,百威亚太,2019-10-21 00:00:00,28.2487,29.1987,29.4987,28.1987,55.565,0.00134,17809514.0,556916784.0,4.65971532723746,27.8987
HK.01876,百威亚太,2019-10-22 00:00:00,29.7487,29.1987,29.7487,28.7987,55.565,0.00091,12026936.0,378158016.0,0.0,29.1987
HK.01876,百威亚太,2019-10-23 00:00:00,28.9487,28.7987,29.1987,28.4487,54.858,0.00068,8985202.0,279157131.0,-1.3699240034659028,29.1987
HK.01876,百威亚太,2019-10-24 00:00:00,28.8987,28.2487,29.1987,27.8987,53.886,0.00135,17880204.0,547561015.0,-1.9098084288526935,28.7987
HK.01876,百威亚太,2019-10-25 00:00:00,26.6487,27.4487,27.8487,25.8987,52.473,0.00338,44762051.0,1310391826.0,-2.831988728684862,28.2487
HK.01876,百威亚太,2019-10-28 00:00:00,27.4487,26.2487,27.4487,26.0987,50.353,0.0016,21216438.0,608635377.0,-4.371791742414028,27.4487
HK.01876,百威亚太,2019-10-29 00:00:00,26.2487,25.5487,26.4487,25.1987,49.116,0.00194,25749692.0,719121911.0,-2.666798736699339,26.2487
HK.01876,百威亚太,2019-10-30 00:00:00,25.4487,26.3987,26.3987,25.4487,50.618,0.00427,56561860.0,1586743105.0,3.3269794549233485,25.5487
HK.01876,百威亚太,2019-10-31 00:00:00,26.5487,26.3987,26.5487,25.9487,50.618,0.00086,11446335.0,326191623.0,0.0,26.3987
HK.01876,百威亚太,2019-11-01 00:00:00,26.1987,26.5987,26.6487,26.1987,50.971,0.00059,7803379.0,224151306.0,0.7576130642796777,26.3987
HK.01876,百威亚太,2019-11-04 00:00:00,26.5987,27.0487,27.3987,26.4987,51.766,0.00102,13506850.0,395609569.0,1.691812005849907,26.5987
HK.01876,百威亚太,2019-11-05 00:00:00,27.2987,27.0987,27.3487,26.8987,51.855,0.00093,12266024.0,359784465.0,0.1848517673677504,27.0487
HK.01876,百威亚太,2019-11-06 00:00:00,27.0487,26.9987,27.1487,26.7987,51.678,0.00047,6210270.0,181502978.0,-0.3690213921701093,27.0987
HK.01876,百威亚太,2019-11-07 00:00:00,27.0487,27.0487,27.0987,26.8487,51.766,0.00043,5662131.0,165637251.0,0.18519410193824412,26.9987
HK.01876,百威亚太,2019-11-08 00:00:00,27.1987,26.2987,27.1987,26.2487,50.441,0.00058,7645565.0,220138946.0,-2.7727765105162168,27.0487
HK.01876,百威亚太,2019-11-11 00:00:00,26.1487,25.9487,26.1487,25.7487,49.823,0.00072,9592462.0,270285167.0,-1.3308642632525616,26.2987
HK.01876,百威亚太,2019-11-12 00:00:00,26.0987,26.4987,26.5487,25.9487,50.795,0.00047,6227164.0,177648825.0,2.119566683494744,25.9487
HK.01876,百威亚太,2019-11-13 00:00:00,26.4987,26.3487,26.5487,26.0987,50.53,0.00042,5612165.0,160373625.0,-0.5660655051002449,26.4987
HK.01876,百威亚太,2019-11-14 00:00:00,26.2487,26.2487,26.5987,26.0487,50.353,0.00041,5427000.0,155075517.0,-0.37952536557781374,26.3487
HK.01876,百威亚太,2019-11-15 00:00:00,26.5487,27.3987,27.8987,26.3487,52.385,0.00093,12303100.0,362660782.0,4.381169353148926,26.2487
HK.01876,百威亚太,2019-11-18 00:00:00,27.4487,27.0987,27.8487,26.9987,51.855,0.00068,9025610.0,266762440.0,-1.0949424607736888,27.3987
HK.01876,百威亚太,2019-11-19 00:00:00,27.0487,27.3987,27.3987,26.7487,52.385,0.00032,4285796.0,126267437.0,1.1070641765103149,27.0987
HK.01876,百威亚太,2019-11-20 00:00:00,27.2487,27.0487,27.2487,26.7487,51.766,0.00058,7646008.0,223642418.0,-1.277432870902639,27.3987
HK.01876,百威亚太,2019-11-21 00:00:00,27.0487,26.9487,27.0987,26.5487,51.59,0.00037,4865884.0,141633977.0,-0.3697035347355008,27.0487
HK.01876,百威亚太,2019-11-22 00:00:00,26.9487,27.0487,27.0987,26.7987,51.766,0.00028,3750412.0,109695506.0,0.3710754136563227,26.9487
HK.01876,百威亚太,2019-11-25 00:00:00,27.0987,26.7487,27.2487,26.6987,51.236,0.00078,10356500.0,302365686.0,-1.1091106042064895,27.0487
HK.01876,百威亚太,2019-11-26 00:00:00,26.8487,26.8487,27.0987,26.4487,51.413,0.00123,16307813.0,473056925.0,0.37384994410943867,26.7487
HK.01876,百威亚太,2019-11-27 00:00:00,26.7487,26.3487,26.9987,26.1987,50.53,0.00043,5682561.0,163071812.0,-1.8622875595466448,26.8487
HK.01876,百威亚太,2019-11-28 00:00:00,26.4987,25.9987,26.4987,25.7487,49.911,0.00064,8536819.0,241735170.0,-1.3283387795223347,26.3487
HK.01876,百威亚太,2019-11-29 00:00:00,25.9487,25.6487,26.0487,25.6487,49.293,0.00055,7326880.0,206177571.0,-1.3462211572116987,25.9987
HK.01876,百威亚太,2019-12-02 00:00:00,26.1987,25.9487,26.2987,25.7487,49.823,0.00044,5794384.0,163694734.0,1.1696499237778022,25.6487
HK.01876,百威亚太,2019-12-03 00:00:00,26.3487,26.4987,26.4987,25.8987,50.795,0.00021,2743931.0,78418037.0,2.119566683494744,25.9487
HK.01876,百威亚太,2019-12-04 00:00:00,26.2487,25.9487,26.5487,25.8987,49.823,0.00017,2253059.0,64057525.0,-2.07557351870092,26.4987
HK.01876,百威亚太,2019-12-05 00:00:00,26.2487,25.9987,26.3987,25.9487,49.911,0.00012,1551951.0,43925352.0,0.1926878803177065,25.9487
HK.01876,百威亚太,2019-12-06 00:00:00,26.2987,26.6487,26.6487,26.1987,51.06,0.00032,4226437.0,121370710.0,2.500125006250321,25.9987
HK.01876,百威亚太,2019-12-09 00:00:00,26.8487,26.4987,26.8487,26.3987,50.795,0.00016,2142281.0,61662992.0,-0.5628792398878825,26.6487
HK.01876,百威亚太,2019-12-10 00:00:00,26.4487,26.2487,26.4987,26.1487,50.353,0.00016,2074831.0,59143102.0,-0.943442508500417,26.4987
HK.01876,百威亚太,2019-12-11 00:00:00,26.3987,26.1487,26.3987,25.9487,50.176,0.00021,2769417.0,78446694.0,-0.3809712480998978,26.2487
HK.01876,百威亚太,2019-12-12 00:00:00,26.1987,25.7487,26.1987,25.7487,49.469,0.00031,4121841.0,115869077.0,-1.5297127581868397,26.1487
HK.01876,百威亚太,2019-12-13 00:00:00,26.0487,25.7487,26.1487,25.6987,49.469,0.00053,6973732.0,195285752.0,0.0,25.7487
HK.01876,百威亚太,2019-12-16 00:00:00,25.7487,25.4487,25.8987,25.2487,48.939,0.00059,7848077.0,217471999.0,-1.1651073646436547,25.7487
HK.01876,百威亚太,2019-12-17 00:00:00,25.6487,25.7487,25.7987,24.8987,49.469,0.00078,10345885.0,285708701.0,1.1788421412488683,25.4487
HK.01876,百威亚太,2019-12-18 00:00:00,25.7987,25.2987,25.8987,25.2487,48.674,0.00043,5665618.0,156819912.0,-1.7476610469654752,25.7487
HK.01876,百威亚太,2019-12-19 00:00:00,25.4987,25.7487,25.8987,25.3987,49.469,0.00046,6101233.0,170331175.0,1.7787475245763587,25.2987
HK.01876,百威亚太,2019-12-20 00:00:00,25.6487,25.3987,25.8487,25.3987,48.851,0.00047,6289837.0,174371225.0,-1.3592919254175855,25.7487
HK.01876,百威亚太,2019-12-23 00:00:00,25.4487,25.3987,25.4987,25.2487,48.851,0.00017,2237356.0,61828036.0,0.0,25.3987
HK.01876,百威亚太,2019-12-24 00:00:00,25.4987,25.1487,25.5487,25.0987,48.409,0.00013,1662960.0,45699397.0,-0.9843023461830722,25.3987
HK.01876,百威亚太,2019-12-27 00:00:00,25.2487,25.2487,25.4987,25.2487,48.586,0.00028,3721054.0,102628783.0,0.3976348678062797,25.1487
HK.01876,百威亚太,2019-12-30 00:00:00,25.2487,25.0987,25.2487,24.9987,48.321,0.00037,4920700.0,134592325.0,-0.5940899927520965,25.2487
HK.01876,百威亚太,2019-12-31 00:00:00,25.1487,24.0487,25.3487,24.0487,46.466,0.00073,9613698.0,256766654.0,-4.183483606720669,25.0987
HK.01876,百威亚太,2020-01-02 00:00:00,24.0487,24.2487,24.5987,23.8987,46.819,0.00074,9841900.0,261437242.0,0.8316457854270679,24.0487
HK.01876,百威亚太,2020-01-03 00:00:00,24.4487,24.5487,24.6987,24.1487,47.349,0.00063,8397400.0,224077598.0,1.237179725098668,24.2487
HK.01876,百威亚太,2020-01-06 00:00:00,24.2987,24.0487,24.3987,23.8487,46.466,0.00055,7314019.0,192536709.0,-2.036767731081483,24.5487
HK.01876,百威亚太,2020-01-07 00:00:00,24.1987,24.3987,24.5987,24.0487,47.084,0.00052,6845818.0,182375925.0,1.45538012449738,24.0487
HK.01876,百威亚太,2020-01-08 00:00:00,24.0987,24.0987,24.4487,24.0487,46.554,0.00022,2969182.0,78515754.0,-1.2295737067958568,24.3987
HK.01876,百威亚太,2020-01-09 00:00:00,24.3987,24.0487,24.3987,23.9487,46.466,0.00042,5615108.0,147755969.0,-0.2074800715391316,24.0987
HK.01876,百威亚太,2020-01-10 00:00:00,24.1987,23.2987,24.2487,23.2487,45.141,0.00113,14936051.0,386748953.0,-3.118671695351516,24.0487
HK.01876,百威亚太,2020-01-13 00:00:00,23.2487,22.3487,23.2487,22.1487,43.462,0.00231,30641310.0,756045088.0,-4.077480717808286,23.2987
HK.01876,百威亚太,2020-01-14 00:00:00,22.5487,23.9487,23.9487,22.4487,46.289,0.00351,46473246.0,1179499842.0,7.1592531109191935,22.3487
HK.01876,百威亚太,2020-01-15 00:00:00,24.0487,23.8487,24.6487,23.5487,46.113,0.00096,12649693.0,333148315.0,-0.41755919945549397,23.9487
HK.01876,百威亚太,2020-01-16 00:00:00,23.8487,23.3987,23.8987,23.0987,45.318,0.00078,10332279.0,265878778.0,-1.886895302469314,23.8487
HK.01876,百威亚太,2020-01-17 00:00:00,23.4487,23.6487,23.6487,22.9987,45.759,0.00123,16330341.0,417758553.0,1.0684354258997295,23.3987
HK.01876,百威亚太,2020-01-20 00:00:00,23.7487,23.7987,23.8487,23.4487,46.024,0.00052,6929600.0,179314538.0,0.6342843369825766,23.6487
HK.01876,百威亚太,2020-01-21 00:00:00,23.7987,22.5987,23.7987,22.4487,43.904,0.00076,10085020.0,252073107.0,-5.042292226045957,23.7987
HK.01876,百威亚太,2020-01-22 00:00:00,22.5987,23.0987,23.1487,22.2487,44.787,0.00037,4884175.0,122446650.0,2.212516649187785,22.5987
HK.01876,百威亚太,2020-01-23 00:00:00,22.7487,22.6487,23.1487,22.3987,43.992,0.00073,9642073.0,239462061.0,-1.9481615848510923,23.0987
HK.01876,百威亚太,2020-01-24 00:00:00,22.5487,22.4487,22.5487,22.2487,43.639,0.00017,2263603.0,55769954.0,-0.8830528904528863,22.6487
HK.01876,百威亚太,2020-01-29 00:00:00,21.7487,21.9987,22.1987,21.6987,42.844,0.00103,13660509.0,331299442.0,-2.004570420558871,22.4487
HK.01876,百威亚太,2020-01-30 00:00:00,22.2487,21.2987,22.2487,21.1987,41.607,0.00143,18987203.0,455723798.0,-3.1820062094578287,21.9987
HK.01876,百威亚太,2020-01-31 00:00:00,21.2987,21.3487,21.8487,20.9987,41.696,0.00065,8641001.0,203898082.0,0.234756111875376,21.2987
HK.01876,百威亚太,2020-02-03 00:00:00,20.9487,21.4487,21.7487,20.8987,41.872,0.00057,7588841.0,179538874.0,0.46841259655153644,21.3487
HK.01876,百威亚太,2020-02-04 00:00:00,21.7487,22.1487,22.1487,21.5987,43.109,0.00052,6936252.0,167228880.0,3.2636010574067558,21.4487
HK.01876,百威亚太,2020-02-05 00:00:00,22.1987,21.2987,22.1987,21.1987,41.607,0.00064,8537367.0,201666876.0,-3.837697020592637,22.1487
HK.01876,百威亚太,2020-02-06 00:00:00,21.4487,21.7987,22.2487,21.2987,42.491,0.00068,9030794.0,217158302.0,2.3475611187537266,21.2987
HK.01876,百威亚太,2020-02-07 00:00:00,21.8987,21.1487,21.8987,20.9487,41.342,0.00092,12158311.0,286837151.0,-2.9818291916490365,21.7987
HK.01876,百威亚太,2020-02-10 00:00:00,21.0487,21.1487,21.2987,20.8487,41.342,0.00036,4743800.0,110835785.0,0.0,21.1487
HK.01876,百威亚太,2020-02-11 00:00:00,21.3987,21.0487,21.3987,20.8987,41.166,0.00061,8113181.0,189346038.0,-0.47284230236374536,21.1487
HK.01876,百威亚太,2020-02-12 00:00:00,21.2987,21.5487,21.7487,21.0987,42.049,0.00077,10200319.0,242365537.0,2.375443614094932,21.0487
HK.01876,百威亚太,2020-02-13 00:00:00,21.7487,21.2487,21.7487,21.1987,41.519,0.00032,4258936.0,100501242.0,-1.3921953528519155,21.5487
HK.01876,百威亚太,2020-02-14 00:00:00,21.1487,21.0987,21.3987,20.8987,41.254,0.00071,9401900.0,219766212.0,-0.7059255389741423,21.2487
HK.01876,百威亚太,2020-02-17 00:00:00,21.2487,21.6987,21.7487,21.0987,42.314,0.00138,18329073.0,431265468.0,2.8437771047505196,21.0987
HK.01876,百威亚太,2020-02-18 00:00:00,21.8487,21.8487,22.6987,21.7487,42.579,0.00199,26298243.0,632463305.0,0.6912856530575664,21.6987
HK.01876,百威亚太,2020-02-19 00:00:00,22.4487,22.6487,22.7487,21.9987,43.992,0.0011,14557900.0,361146399.0,3.661545080485341,21.8487
HK.01876,百威亚太,2020-02-20 00:00:00,22.5487,22.5987,22.6487,21.9987,43.904,0.00054,7145162.0,175667544.0,-0.22076322261322157,22.6487
HK.01876,百威亚太,2020-02-21 00:00:00,22.2487,22.3487,22.5987,22.2487,43.462,0.00058,7644455.0,188183795.0,-1.1062583245938924,22.5987
HK.01876,百威亚太,2020-02-24 00:00:00,22.0987,21.2987,22.2487,21.1487,41.607,0.00104,13754852.0,326312822.0,-4.69825985404073,22.3487
HK.01876,百威亚太,2020-02-25 00:00:00,21.0487,21.3487,21.3987,20.7987,41.696,0.00066,8796927.0,206260655.0,0.234756111875376,21.2987
HK.01876,百威亚太,2020-02-26 00:00:00,20.8487,22.0487,22.0987,20.8487,42.932,0.00097,12841991.0,307498510.0,3.2788881758608217,21.3487
HK.01876,百威亚太,2020-02-27 00:00:00,21.3987,21.7487,21.7487,21.0987,42.402,0.00141,18638109.0,441157345.0,-1.3606244359077893,22.0487
HK.01876,百威亚太,2020-02-28 00:00:00,21.0487,21.1487,21.3487,20.8487,44.318,0.00178,23639398.0,551479686.0,-2.7587855825865355,21.7487
HK.01876,百威亚太,2020-03-02 00:00:00,20.9987,20.9487,21.2987,20.7987,43.939,0.00093,12318033.0,285841092.0,-0.9456846047274907,21.1487
HK.01876,百威亚太,2020-03-03 00:00:00,21.2487,21.0487,21.2487,20.7487,44.128,0.00072,9489528.0,219643557.0,0.4773565901464121,20.9487
HK.01876,百威亚太,2020-03-04 00:00:00,20.8487,21.5487,21.5987,20.8487,45.075,0.00049,6467850.0,153152894.0,2.375443614094932,21.0487
HK.01876,百威亚太,2020-03-05 00:00:00,21.7487,22.2987,22.4487,21.5487,46.496,0.00084,11177985.0,272360055.0,3.48048838212978,21.5487
HK.01876,百威亚太,2020-03-06 00:00:00,21.9487,21.8487,22.3487,21.5487,45.643,0.00061,8065002.0,195134391.0,-2.0180548641849048,22.2987
HK.01876,百威亚太,2020-03-09 00:00:00,21.0487,21.1987,21.6987,20.8987,44.412,0.0006,7884853.0,184993352.0,-2.975005377894347,21.8487
HK.01876,百威亚太,2020-03-10 00:00:00,21.5487,21.4987,21.6487,21.2487,44.981,0.00045,5942371.0,140851733.0,1.41518111959696,21.1987
HK.01876,百威亚太,2020-03-11 00:00:00,21.5487,21.2487,21.7487,21.0487,44.507,0.00056,7415637.0,175409499.0,-1.162861010200617,21.4987
HK.01876,百威亚太,2020-03-12 00:00:00,20.8487,20.0487,20.8987,19.8487,42.234,0.00129,17142599.0,384672721.0,-5.6474043117931885,21.2487
HK.01876,百威亚太,2020-03-13 00:00:00,18.2487,20.4487,20.4487,18.2487,42.992,0.00158,20960908.0,451473253.0,1.9951418296448076,20.0487
HK.01876,百威亚太,2020-03-16 00:00:00,20.2487,19.7487,20.4487,19.6487,41.666,0.00082,10892937.0,241950796.0,-3.4232004968530974,20.4487
HK.01876,百威亚太,2020-03-17 00:00:00,19.7487,20.0487,20.3487,19.5987,42.234,0.00106,14023241.0,310681075.0,1.5190873323307394,19.7487
HK.01876,百威亚太,2020-03-18 00:00:00,19.7987,19.4487,20.2987,19.2987,41.098,0.00126,16675552.0,366821739.0,-2.9927127444672292,20.0487
HK.01876,百威亚太,2020-03-19 00:00:00,19.3987,18.7987,19.6987,18.2487,39.867,0.00114,15081998.0,318623234.0,-3.3421256947765077,19.4487
HK.01876,百威亚太,2020-03-20 00:00:00,18.7987,18.9487,19.0987,18.0987,40.151,0.00119,15746742.0,330095461.0,0.7979275162644149,18.7987
HK.01876,百威亚太,2020-03-23 00:00:00,18.6487,17.6487,18.6487,17.5887,37.689,0.00053,7002560.0,142107477.0,-6.860628961353535,18.9487
HK.01876,百威亚太,2020-03-24 00:00:00,17.9987,18.3487,18.8987,17.9487,39.015,0.00138,18273760.0,379279433.0,3.966297800971172,17.6487
HK.01876,百威亚太,2020-03-25 00:00:00,19.1487,19.4487,19.6987,18.6487,41.098,0.00094,12407508.0,267194622.0,5.994975120853237,18.3487
HK.01876,百威亚太,2020-03-26 00:00:00,19.7487,19.2987,19.7487,18.8987,40.814,0.00047,6259565.0,134598520.0,-0.7712597757176499,19.4487
HK.01876,百威亚太,2020-03-27 00:00:00,18.9487,18.8987,19.2487,18.6487,40.056,0.00096,12663324.0,268113540.0,-2.0726784705705494,19.2987
HK.01876,百威亚太,2020-03-30 00:00:00,18.7987,17.7287,18.8487,17.4487,37.84,0.00099,13115152.0,263348267.0,-6.19090201971565,18.8987
HK.01876,百威亚太,2020-03-31 00:00:00,17.8487,17.7487,18.0487,17.6087,37.878,0.00089,11841914.0,236898436.0,0.11281143005409068,17.7287
HK.01876,百威亚太,2020-04-01 00:00:00,17.9987,17.1087,17.9987,16.8887,36.666,0.00054,7206120.0,140774573.0,-3.6058978967473703,17.7487
HK.01876,百威亚太,2020-04-02 00:00:00,17.0487,17.1487,17.3487,16.7687,36.742,0.00044,5817530.0,112420085.0,0.23379917819590446,17.1087
HK.01876,百威亚太,2020-04-03 00:00:00,17.2487,16.5487,17.2487,16.0887,35.606,0.00085,11255995.0,210770935.0,-3.4988074897805745,17.1487
HK.01876,百威亚太,2020-04-06 00:00:00,16.5687,16.5087,16.6287,15.7487,35.53,0.00068,8940191.0,165416940.0,-0.2417108292494223,16.5487
HK.01876,百威亚太,2020-04-07 00:00:00,16.6487,17.2687,17.5287,16.6487,36.969,0.00272,36049967.0,700223136.0,4.603633235808986,16.5087
HK.01876,百威亚太,2020-04-08 00:00:00,16.9487,17.7287,17.7287,16.9487,37.84,0.00165,21821151.0,427343548.0,2.663778975834897,17.2687
HK.01876,百威亚太,2020-04-09 00:00:00,18.2487,18.5487,18.7987,17.8987,39.393,0.00121,16003883.0,331598122.0,4.625268632217818,17.7287
HK.01876,百威亚太,2020-04-14 00:00:00,18.9487,18.8487,19.0987,18.5987,39.962,0.0009,11933130.0,251051555.0,1.6173640201200121,18.5487
HK.01876,百威亚太,2020-04-15 00:00:00,19.2487,18.6987,19.5987,18.5487,39.678,0.00135,17940272.0,379580123.0,-0.7958108516767848,18.8487
HK.01876,百威亚太,2020-04-16 00:00:00,18.5487,18.9987,19.1987,18.5487,40.246,0.00064,8473630.0,178252851.0,1.6043896099728898,18.6987
HK.01876,百威亚太,2020-04-17 00:00:00,19.7487,19.2487,20.2987,19.0487,40.719,0.00094,12481523.0,270973694.0,1.315879507545253,18.9987
HK.01876,百威亚太,2020-04-20 00:00:00,19.7487,19.5487,19.7487,19.1987,41.287,0.00096,12717033.0,276306708.0,1.5585468109534708,19.2487
HK.01876,百威亚太,2020-04-21 00:00:00,19.3487,18.9987,19.3987,18.5487,40.246,0.00115,15198764.0,327266983.0,-2.8134863187833496,19.5487
HK.01876,百威亚太,2020-04-22 00:00:00,18.3987,19.1987,19.2987,18.3987,40.625,0.00123,16321227.0,345079357.0,1.0527036060361987,18.9987
HK.01876,百威亚太,2020-04-23 00:00:00,19.1487,18.7487,19.3987,18.5987,39.772,0.00064,8444370.0,178804162.0,-2.3439087021517047,19.1987
HK.01876,百威亚太,2020-04-24 00:00:00,18.1487,18.4987,18.7487,18.1487,39.299,0.00016,2144671.0,44469539.0,-1.3334257841877037,18.7487
HK.01876,百威亚太,2020-04-27 00:00:00,18.4987,18.5987,18.7987,18.0987,39.488,0.00047,6289600.0,130767897.0,0.5405785271397526,18.4987
HK.01876,百威亚太,2020-04-28 00:00:00,18.7487,18.3487,18.8987,18.0987,39.015,0.00048,6405700.0,131877677.0,-1.3441799695677654,18.5987
HK.01876,百威亚太,2020-04-29 00:00:00,18.6987,18.8987,18.9987,18.4987,40.056,0.00062,8238450.0,173373544.0,2.9974875604266282,18.3487
HK.01876,百威亚太,2020-05-04 00:00:00,18.5487,19.9987,19.9987,18.3487,42.14,0.00122,16152025.0,349560212.0,5.820506172382216,18.8987
HK.01876,百威亚太,2020-05-05 00:00:00,20.4487,19.8487,20.4987,19.3487,41.856,0.00141,18682900.0,411618251.0,-0.7500487531689488,19.9987
HK.01876,百威亚太,2020-05-06 00:00:00,19.9487,19.4987,19.9487,19.4487,41.193,0.00135,17873188.0,390829517.0,-1.7633396645624217,19.8487
HK.01876,百威亚太,2020-05-07 00:00:00,19.6987,18.9487,19.6987,18.5487,40.151,0.00227,30067453.0,637239113.0,-2.8207008672373064,19.4987
HK.01876,百威亚太,2020-05-08 00:00:00,19.1487,20.0987,20.1987,18.7487,42.329,0.00351,46488459.0,1011720606.0,6.069017927351228,18.9487
HK.01876,百威亚太,2020-05-11 00:00:00,20.3987,20.9987,21.4487,20.1987,44.034,0.00198,26201166.0,604538148.0,4.477901555822011,20.0987
HK.01876,百威亚太,2020-05-12 00:00:00,21.3487,20.6487,21.3487,20.2987,43.371,0.00129,17035940.0,392622313.0,-1.666769847657226,20.9987
HK.01876,百威亚太,2020-05-13 00:00:00,20.4487,21.4487,21.7987,20.4487,44.886,0.00162,21419141.0,505434267.0,3.874335914609622,20.6487
HK.01876,百威亚太,2020-05-14 00:00:00,21.3987,20.6487,21.4487,20.4987,43.371,0.00112,14796631.0,340130532.0,-3.7298297798934072,21.4487
HK.01876,百威亚太,2020-05-15 00:00:00,20.8987,20.9987,21.0987,20.2987,44.034,0.00092,12227961.0,280624152.0,1.6950219626417056,20.6487
HK.01876,百威亚太,2020-05-18 00:00:00,20.7487,20.2487,20.9987,20.0987,42.613,0.00119,15718324.0,358368567.0,-3.57164967355122,20.9987
HK.01876,百威亚太,2020-05-19 00:00:00,20.9026,20.1026,21.0026,20.0526,41.95,0.00069,9111087.0,204920846.0,-0.7215278017848087,20.2487
HK.01876,百威亚太,2020-05-20 00:00:00,20.3526,19.6526,20.3526,19.4526,41.098,0.00065,8649534.0,188848236.0,-2.238516410812528,20.1026
HK.01876,百威亚太,2020-05-21 00:00:00,19.9526,19.5026,20.1526,19.4526,40.814,0.00046,6144850.0,133244197.0,-0.7632577877736207,19.6526
HK.01876,百威亚太,2020-05-22 00:00:00,18.9526,18.1526,19.2526,17.8326,38.257,0.00111,14674932.0,298595839.0,-6.922153969214367,19.5026
HK.01876,百威亚太,2020-05-25 00:00:00,17.6526,18.8526,18.9526,17.6526,39.583,0.00079,10472524.0,215875300.0,3.8561969084318464,18.1526
HK.01876,百威亚太,2020-05-26 00:00:00,18.9526,19.1026,19.3526,18.5526,40.056,0.00095,12532811.0,265134154.0,1.3260770397717025,18.8526
HK.01876,百威亚太,2020-05-27 00:00:00,19.4526,19.2026,19.4526,18.8526,40.246,0.00059,7785746.0,164701941.0,0.5234889491482909,19.1026
HK.01876,百威亚太,2020-05-28 00:00:00,19.4026,19.2026,19.7026,18.9026,40.246,0.00091,12102230.0,257790053.0,0.0,19.2026
HK.01876,百威亚太,2020-05-29 00:00:00,19.1526,19.6526,19.9026,18.9026,41.098,0.00311,41173620.0,891829052.0,2.3434326601605995,19.2026
HK.01876,百威亚太,2020-06-01 00:00:00,20.3026,20.2026,20.3026,19.6526,42.14,0.00116,15393422.0,339148498.0,2.798611888503306,19.6526
HK.01876,百威亚太,2020-06-02 00:00:00,20.1526,21.0026,21.0026,19.9026,43.655,0.00077,10210828.0,230753691.0,3.9598863512617224,20.2026
HK.01876,百威亚太,2020-06-03 00:00:00,21.0026,22.7526,22.7526,20.9526,46.969,0.00169,22436014.0,541384691.0,8.332301715025759,21.0026
HK.01876,百威亚太,2020-06-04 00:00:00,22.9526,23.4526,23.5526,22.3526,48.295,0.00135,17852293.0,447228516.0,3.076571468755216,22.7526
HK.01876,百威亚太,2020-06-05 00:00:00,23.4026,22.7526,23.4026,22.6026,46.969,0.00062,8167647.0,203207629.0,-2.9847436957949194,23.4526
HK.01876,百威亚太,2020-06-08 00:00:00,23.1526,22.7526,23.1526,22.2026,46.969,0.00067,8862732.0,218298991.0,0.0,22.7526
HK.01876,百威亚太,2020-06-09 00:00:00,23.1026,23.3526,23.6026,22.9526,48.106,0.0007,9275457.0,234874756.0,2.6370612589330356,22.7526
HK.01876,百威亚太,2020-06-10 00:00:00,23.3026,22.5526,23.4526,22.1526,46.59,0.00071,9410312.0,232207998.0,-3.4257427438486387,23.3526
HK.01876,百威亚太,2020-06-11 00:00:00,22.4026,21.8526,22.5526,21.8526,45.265,0.00057,7545705.0,181878047.0,-3.103854987894978,22.5526
HK.01876,百威亚太,2020-06-12 00:00:00,21.1026,21.5026,21.7526,20.9526,44.602,0.00064,8434779.0,198939382.0,-1.6016400794413381,21.8526
HK.01876,百威亚太,2020-06-15 00:00:00,21.0526,20.2526,21.3026,20.1526,42.234,0.00118,15645875.0,356697336.0,-5.8132504906383415,21.5026
HK.01876,百威亚太,2020-06-16 00:00:00,20.9026,20.9526,21.2026,20.6026,43.56,0.0007,9273500.0,212077557.0,3.456346345654381,20.2526
HK.01876,百威亚太,2020-06-17 00:00:00,20.9526,20.8026,21.1026,20.1526,43.276,0.00053,7022354.0,158649632.0,-0.7159016064831981,20.9526
HK.01876,百威亚太,2020-06-18 00:00:00,20.7026,20.8526,21.2026,20.6526,43.371,0.00039,5106318.0,116835754.0,0.2403545710632188,20.8026
HK.01876,百威亚太,2020-06-19 00:00:00,20.6526,21.1526,21.2026,20.4026,43.939,0.00091,12046296.0,277766485.0,1.43866951842936,20.8526
HK.01876,百威亚太,2020-06-22 00:00:00,20.9026,20.4526,21.0526,20.2526,42.613,0.0005,6667602.0,150471897.0,-3.309285856112248,21.1526
HK.01876,百威亚太,2020-06-23 00:00:00,20.5026,21.0526,21.3526,20.3026,43.75,0.00045,5952540.0,136567807.0,2.9336123524637525,20.4526
HK.01876,百威亚太,2020-06-24 00:00:00,21.1026,20.6526,21.1026,20.5026,42.992,0.00048,6320706.0,143518671.0,-1.900002850004285,21.0526
HK.01876,百威亚太,2020-06-26 00:00:00,20.8526,20.2526,20.8526,20.2526,42.234,0.00041,5431059.0,121848192.0,-1.9368021459767708,20.6526
HK.01876,百威亚太,2020-06-29 00:00:00,20.0526,19.9526,20.3026,19.8026,41.666,0.00045,5967000.0,131335091.0,-1.48129129099474,20.2526
HK.01876,百威亚太,2020-06-30 00:00:00,19.9526,20.5026,20.5526,19.9526,42.708,0.00053,7046505.0,157515067.0,2.7565329831701164,19.9526
HK.01876,百威亚太,2020-07-02 00:00:00,21.1026,20.5526,21.1026,20.2526,42.803,0.00065,8664553.0,195826827.0,0.24387150897935245,20.5026
HK.01876,百威亚太,2020-07-03 00:00:00,20.6526,20.5526,20.8526,20.3526,42.803,0.0004,5249393.0,118688299.0,0.0,20.5526
HK.01876,百威亚太,2020-07-06 00:00:00,20.6026,21.2026,21.5526,20.5526,44.034,0.00056,7395300.0,171500421.0,3.162616895186003,20.5526
HK.01876,百威亚太,2020-07-07 00:00:00,21.6526,21.1526,21.8526,20.8026,43.939,0.00075,9880068.0,228004733.0,-0.23582013526643295,21.2026
HK.01876,百威亚太,2020-07-08 00:00:00,21.3026,21.7526,22.6026,21.2026,45.075,0.00107,14172821.0,338588550.0,2.8365307338105072,21.1526
HK.01876,百威亚太,2020-07-09 00:00:00,21.9026,21.6526,22.1026,21.3526,44.886,0.00074,9856251.0,233665550.0,-0.459715160486569,21.7526
HK.01876,百威亚太,2020-07-10 00:00:00,21.6526,21.0026,21.6526,20.5526,43.655,0.00055,7265928.0,166799520.0,-3.0019489576309475,21.6526
HK.01876,百威亚太,2020-07-13 00:00:00,21.0526,21.7026,21.7026,20.6526,44.981,0.00084,11186545.0,260122479.0,3.3329206860103002,21.0026
HK.01876,百威亚太,2020-07-14 00:00:00,21.4026,22.5526,22.5526,21.3526,46.59,0.00098,13033539.0,313426653.0,3.9165814234239282,21.7026
HK.01876,百威亚太,2020-07-15 00:00:00,22.9526,22.1526,23.3526,21.9526,45.833,0.00136,17959574.0,441425418.0,-1.7736314216542752,22.5526
HK.01876,百威亚太,2020-07-16 00:00:00,22.2526,20.9526,22.4526,20.8026,43.56,0.00097,12782364.0,297609661.0,-5.416971371306299,22.1526
HK.01876,百威亚太,2020-07-17 00:00:00,20.9526,21.6526,21.6526,20.7526,44.886,0.00037,4917089.0,114790642.0,3.3408741635882864,20.9526
HK.01876,百威亚太,2020-07-20 00:00:00,21.6526,21.9026,21.9026,20.8526,45.359,0.00054,7186649.0,169150874.0,1.1545957529349824,21.6526
HK.01876,百威亚太,2020-07-21 00:00:00,21.9526,22.5026,22.7026,21.7526,46.496,0.00095,12538118.0,305597025.0,2.739400801731308,21.9026
HK.01876,百威亚太,2020-07-22 00:00:00,22.3526,21.4526,22.4526,21.4526,44.507,0.00048,6407620.0,152993235.0,-4.666127469714613,22.5026
HK.01876,百威亚太,2020-07-23 00:00:00,21.6526,22.1526,22.5526,21.4526,45.833,0.0005,6653022.0,160351498.0,3.2630077473126766,21.4526
HK.01876,百威亚太,2020-07-24 00:00:00,21.7526,21.7026,22.2026,21.6026,44.981,0.00032,4237835.0,101006484.0,-2.03136426423986,22.1526
HK.01876,百威亚太,2020-07-27 00:00:00,21.8026,21.9026,22.2526,21.5026,45.359,0.00054,7101076.0,169708315.0,0.92154857021739,21.7026
HK.01876,百威亚太,2020-07-28 00:00:00,22.6526,23.2526,23.2526,22.2026,47.916,0.00148,19543709.0,489995967.0,6.163651803895434,21.9026
HK.01876,百威亚太,2020-07-29 00:00:00,23.4526,23.4526,23.6026,22.7026,48.295,0.00093,12351120.0,312797026.0,0.8601188684276136,23.2526
HK.01876,百威亚太,2020-07-30 00:00:00,24.9526,24.7026,26.0526,24.4526,50.662,0.00296,39178640.0,1060808310.0,5.329899456776648,23.4526
HK.01876,百威亚太,2020-07-31 00:00:00,25.4526,26.0526,26.8026,25.3526,53.219,0.00166,21936326.0,613222830.0,5.46501178013651,24.7026
HK.01876,百威亚太,2020-08-03 00:00:00,25.9026,25.6026,26.0026,24.7526,52.367,0.00113,14967616.0,411598836.0,-1.7272748209391877,26.0526
HK.01876,百威亚太,2020-08-04 00:00:00,25.9026,24.8526,26.1026,24.6026,50.946,0.00107,14195351.0,385325085.0,-2.9293899838297675,25.6026
HK.01876,百威亚太,2020-08-05 00:00:00,25.1026,25.1526,25.6526,24.7026,51.515,0.0011,14594475.0,398408772.0,1.2071171627918236,24.8526
HK.01876,百威亚太,2020-08-06 00:00:00,25.3526,24.7526,25.4026,24.2026,50.757,0.00063,8407300.0,223830151.0,-1.590292852428769,25.1526
HK.01876,百威亚太,2020-08-07 00:00:00,24.8526,24.2026,25.2026,24.1026,49.715,0.00059,7792539.0,206187441.0,-2.221988801176445,24.7526
HK.01876,百威亚太,2020-08-10 00:00:00,23.7526,24.0026,24.5026,23.3026,49.337,0.00074,9837484.0,254492746.0,-0.8263574987811196,24.2026
HK.01876,百威亚太,2020-08-11 00:00:00,24.7526,25.2026,25.5526,24.4526,51.609,0.00112,14884086.0,404920471.0,4.999458392007529,24.0026
HK.01876,百威亚太,2020-08-12 00:00:00,25.3526,25.5026,25.6026,24.5526,52.178,0.00088,11593166.0,315044028.0,1.1903533762389622,25.2026
HK.01876,百威亚太,2020-08-13 00:00:00,25.9526,25.2026,25.9526,25.1526,51.609,0.0007,9248430.0,254319543.0,-1.1763506466007414,25.5026
HK.01876,百威亚太,2020-08-14 00:00:00,25.5026,25.7526,26.1526,25.0026,52.651,0.00059,7829333.0,217759593.0,2.1823145231047616,25.2026
HK.01876,百威亚太,2020-08-17 00:00:00,25.5026,25.3526,25.7526,25.1526,51.893,0.00053,7037587.0,193555874.0,-1.5532412261286321,25.7526
HK.01876,百威亚太,2020-08-18 00:00:00,25.7526,25.4526,25.7526,25.1526,52.083,0.00032,4194713.0,115158462.0,0.3944368624914266,25.3526
HK.01876,百威亚太,2020-08-19 00:00:00,25.3526,25.9526,26.1026,25.3526,53.03,0.00043,5735886.0,159842542.0,1.9644358533116457,25.4526
HK.01876,百威亚太,2020-08-20 00:00:00,25.8026,24.8526,25.8026,24.5526,50.946,0.00064,8529816.0,229171094.0,-4.238496335627264,25.9526
HK.01876,百威亚太,2020-08-21 00:00:00,25.1526,25.1026,25.3026,24.6526,51.42,0.00025,3300837.0,89405216.0,1.005930968993184,24.8526
HK.01876,百威亚太,2020-08-24 00:00:00,25.1526,25.6026,25.6526,25.1526,52.367,0.00026,3474131.0,95663953.0,1.9918255479512081,25.1026
HK.01876,百威亚太,2020-08-25 00:00:00,25.8526,25.3526,25.8526,25.0526,51.893,0.00027,3553490.0,97157476.0,-0.9764633279432559,25.6026
HK.01876,百威亚太,2020-08-26 00:00:00,25.4526,24.9026,25.5526,24.7526,51.041,0.00027,3610736.0,97752968.0,-1.774965881211392,25.3526
HK.01876,百威亚太,2020-08-27 00:00:00,25.2026,24.7526,25.2026,24.5526,50.757,0.00037,4965354.0,133253422.0,-0.6023467429103732,24.9026
HK.01876,百威亚太,2020-08-28 00:00:00,24.9526,24.7526,25.0026,24.1026,50.757,0.00042,5554360.0,148834634.0,0.0,24.7526
HK.01876,百威亚太,2020-08-31 00:00:00,24.8526,24.1026,25.0026,23.8026,49.526,0.00067,8863669.0,232944093.0,-2.625986765026713,24.7526
HK.01876,百威亚太,2020-09-01 00:00:00,24.0526,23.5526,24.0526,23.3526,48.484,0.0008,10571426.0,270622138.0,-2.2819114950254216,24.1026
HK.01876,百威亚太,2020-09-02 00:00:00,23.4526,24.2026,24.2526,22.8526,49.715,0.0009,11954359.0,308326092.0,2.759780236576847,23.5526
HK.01876,百威亚太,2020-09-03 00:00:00,23.9026,23.8526,24.1526,23.4526,49.053,0.00048,6358348.0,164752217.0,-1.4461256228669706,24.2026
HK.01876,百威亚太,2020-09-04 00:00:00,23.3026,23.2526,23.7526,22.8526,47.916,0.00089,11749703.0,297273925.0,-2.515449049579492,23.8526
HK.01876,百威亚太,2020-09-07 00:00:00,23.3026,22.7526,23.4026,22.2526,46.969,0.0007,9258414.0,229215069.0,-2.1502971710690417,23.2526
HK.01876,百威亚太,2020-09-08 00:00:00,23.0526,23.1026,23.3526,22.7526,47.632,0.00048,6406200.0,160643385.0,1.5382857343776002,22.7526
HK.01876,百威亚太,2020-09-09 00:00:00,22.7526,23.1026,23.2526,22.6026,47.632,0.00035,4665757.0,116929495.0,0.0,23.1026
HK.01876,百威亚太,2020-09-10 00:00:00,23.4026,22.4026,23.4526,22.3026,46.306,0.00046,6145623.0,152378999.0,-3.0299619956195376,23.1026
HK.01876,百威亚太,2020-09-11 00:00:00,22.7526,23.0026,23.1026,22.1526,47.443,0.00039,5194445.0,128756027.0,2.6782605590422603,22.4026
HK.01876,百威亚太,2020-09-14 00:00:00,23.0026,23.3526,23.5526,22.8026,48.106,0.00042,5589236.0,141654496.0,1.5215671271943076,23.0026
HK.01876,百威亚太,2020-09-15 00:00:00,23.3526,22.7526,23.3526,22.6026,46.969,0.00036,4809163.0,119801576.0,-2.569307057886479,23.3526
HK.01876,百威亚太,2020-09-16 00:00:00,22.6526,23.2526,23.3526,22.6026,47.916,0.00028,3703439.0,93398591.0,2.1975510491108707,22.7526
HK.01876,百威亚太,2020-09-17 00:00:00,23.2526,22.5026,23.4526,22.4526,46.496,0.00058,7736094.0,190886321.0,-3.225445756603562,23.2526
HK.01876,百威亚太,2020-09-18 00:00:00,22.7026,22.4526,23.0026,22.2526,46.401,0.00194,25741280.0,630744671.0,-0.2221965461768894,22.5026
HK.01876,百威亚太,2020-09-21 00:00:00,22.2526,21.7526,22.3526,21.6526,45.075,0.00045,5983020.0,143636600.0,-3.117679021583243,22.4526
HK.01876,百威亚太,2020-09-22 00:00:00,21.6526,21.0526,21.7526,21.0526,43.75,0.00066,8803172.0,205931904.0,-3.2180061234059343,21.7526
HK.01876,百威亚太,2020-09-23 00:00:00,21.0026,21.2026,21.5026,21.0026,44.034,0.00038,5087560.0,118350154.0,0.7125010687515962,21.0526
HK.01876,百威亚太,2020-09-24 00:00:00,20.9526,21.1526,21.5026,20.9526,43.939,0.00049,6500032.0,150804971.0,-0.23582013526643295,21.2026
HK.01876,百威亚太,2020-09-25 00:00:00,21.0526,21.0026,21.3026,20.7526,43.655,0.00046,6114712.0,141166597.0,-0.7091326834526185,21.1526
HK.01876,百威亚太,2020-09-28 00:00:00,20.9026,20.7526,21.3026,20.7526,43.181,0.00045,6015232.0,137878684.0,-1.1903288164322512,21.0026
HK.01876,百威亚太,2020-09-29 00:00:00,21.3026,20.6026,21.3026,20.5526,42.897,0.00025,3306721.0,75367119.0,-0.7228009984291227,20.7526
HK.01876,百威亚太,2020-09-30 00:00:00,20.4026,20.4526,21.0026,20.3526,42.613,0.00056,7411694.0,168368077.0,-0.7280634483026346,20.6026
HK.01876,百威亚太,2020-10-05 00:00:00,20.6026,20.7526,20.9026,20.2026,43.181,0.00038,5071409.0,114608187.0,1.4668061762318763,20.4526
HK.01876,百威亚太,2020-10-06 00:00:00,20.8526,22.3526,22.6026,20.7526,46.212,0.00074,9745250.0,233889537.0,7.709877316577189,20.7526
HK.01876,百威亚太,2020-10-07 00:00:00,22.3526,22.5526,22.6026,21.7526,46.59,0.00069,9156350.0,223567959.0,0.8947504988234158,22.3526
HK.01876,百威亚太,2020-10-08 00:00:00,22.6526,23.1026,23.1526,22.5526,47.632,0.0006,7957000.0,198188958.0,2.438743204774603,22.5526
HK.01876,百威亚太,2020-10-09 00:00:00,23.4526,23.8026,24.0526,23.0026,48.958,0.00094,12478605.0,321046731.0,3.029961995619553,23.1026
HK.01876,百威亚太,2020-10-12 00:00:00,23.5026,22.9526,23.9026,22.7526,47.348,0.00118,15675700.0,396192780.0,-3.571038457983587,23.8026
HK.01876,百威亚太,2020-10-14 00:00:00,21.7526,21.8026,22.3026,21.7526,45.17,0.00107,14114702.0,338600490.0,-5.010325627597738,22.9526
HK.01876,百威亚太,2020-10-15 00:00:00,21.9526,21.4026,21.9526,20.9526,44.412,0.00097,12896400.0,301961510.0,-1.8346435746195506,21.8026
HK.01876,百威亚太,2020-10-16 00:00:00,21.3026,21.5526,21.8026,21.2526,44.696,0.00043,5644432.0,133136269.0,0.7008494295085743,21.4026
HK.01876,百威亚太,2020-10-19 00:00:00,21.6026,21.9526,22.1026,21.5526,45.454,0.00041,5412600.0,129479661.0,1.855924575225256,21.5526
HK.01876,百威亚太,2020-10-20 00:00:00,22.0026,22.7026,22.7026,21.9526,46.875,0.00056,7389721.0,181077087.0,3.416451809808405,21.9526
HK.01876,百威亚太,2020-10-21 00:00:00,22.7026,22.7026,22.8526,22.5026,46.875,0.00033,4357149.0,107879940.0,0.0,22.7026
HK.01876,百威亚太,2020-10-22 00:00:00,22.7526,22.7026,22.7526,22.1026,46.875,0.00019,2569752.0,63102776.0,0.0,22.7026
HK.01876,百威亚太,2020-10-23 00:00:00,22.4526,22.6026,22.9526,22.3526,46.685,0.00028,3768318.0,93238362.0,-0.4404781831155965,22.7026
HK.01876,百威亚太,2020-10-27 00:00:00,22.7026,22.1026,22.8026,21.6526,45.738,0.00058,7698863.0,185549018.0,-2.212134887136878,22.6026
HK.01876,百威亚太,2020-10-28 00:00:00,21.7026,21.7526,22.0026,21.5026,45.075,0.00062,8191784.0,195112400.0,-1.583524110285658,22.1026
HK.01876,百威亚太,2020-10-29 00:00:00,21.7526,21.1526,21.8526,20.9026,43.939,0.00117,15447752.0,360947335.0,-2.7582909629193813,21.7526
HK.01876,百威亚太,2020-10-30 00:00:00,20.7526,20.7526,21.2526,20.4526,43.181,0.00071,9339929.0,214618706.0,-1.891020489206994,21.1526
HK.01876,百威亚太,2020-11-02 00:00:00,20.7526,19.8026,20.8026,19.5526,41.382,0.00098,13037907.0,286720903.0,-4.577739656717709,20.7526
HK.01876,百威亚太,2020-11-03 00:00:00,20.2026,20.4526,20.4526,19.6026,42.613,0.00061,8037827.0,178398933.0,3.282397260965724,19.8026
HK.01876,百威亚太,2020-11-04 00:00:00,20.4526,20.2026,20.6026,20.0526,42.14,0.00047,6283300.0,141050621.0,-1.2223384801932273,20.4526
HK.01876,百威亚太,2020-11-05 00:00:00,20.5026,20.9026,20.9026,20.1026,43.465,0.00071,9427784.0,212928969.0,3.4649005573540004,20.2026
HK.01876,百威亚太,2020-11-06 00:00:00,20.9526,20.5026,21.4026,20.4526,42.708,0.00077,10261797.0,234565564.0,-1.913637537913937,20.9026
HK.01876,百威亚太,2020-11-09 00:00:00,20.6526,20.7026,20.8026,20.4526,43.087,0.00066,8700464.0,197851324.0,0.9754860359173924,20.5026
HK.01876,百威亚太,2020-11-10 00:00:00,22.8026,23.4026,23.7526,21.7026,48.2,0.00252,33424035.0,827057756.0,13.041840155342804,20.7026
HK.01876,百威亚太,2020-11-11 00:00:00,23.4026,22.2526,23.4526,22.0526,46.022,0.00082,10882313.0,268229125.0,-4.913983916316984,23.4026
HK.01876,百威亚太,2020-11-12 00:00:00,22.2026,22.6526,22.8526,22.0026,46.78,0.00075,9995821.0,246018302.0,1.7975427590483744,22.2526
HK.01876,百威亚太,2020-11-13 00:00:00,22.7526,22.6526,22.9526,22.3026,46.78,0.00073,9669908.0,238654027.0,0.0,22.6526
HK.01876,百威亚太,2020-11-16 00:00:00,24.7526,24.1026,24.7526,23.5526,49.526,0.00298,39490926.0,1034043754.0,6.401031228203383,22.6526
HK.01876,百威亚太,2020-11-17 00:00:00,24.1526,23.3026,24.2026,23.1526,48.011,0.00112,14865064.0,378339158.0,-3.3191439927642543,24.1026
HK.01876,百威亚太,2020-11-18 00:00:00,23.2026,23.5526,23.9526,23.2026,48.484,0.00079,10475763.0,268227936.0,1.0728416571541373,23.3026
HK.01876,百威亚太,2020-11-19 00:00:00,23.6026,24.9526,25.2026,23.5026,51.136,0.00205,27115024.0,725471097.0,5.9441420480116784,23.5526
HK.01876,百威亚太,2020-11-20 00:00:00,24.9526,25.4526,25.8526,24.7526,52.083,0.00216,28644174.0,786299498.0,2.0037992032894367,24.9526
HK.01876,百威亚太,2020-11-23 00:00:00,25.8526,27.1026,27.2526,25.8026,55.208,0.00194,25650633.0,741231768.0,6.482638315928425,25.4526
HK.01876,百威亚太,2020-11-24 00:00:00,27.2526,26.2026,27.4526,26.1526,53.503,0.00097,12782092.0,363587670.0,-3.3207146177857423,27.1026
HK.01876,百威亚太,2020-11-25 00:00:00,26.2026,25.3526,26.6526,25.2026,51.893,0.00086,11387931.0,314752122.0,-3.24395289017121,26.2026
HK.01876,百威亚太,2020-11-26 00:00:00,26.0526,25.6026,26.6526,25.4026,52.367,0.00096,12723022.0,354353775.0,0.9860921562285525,25.3526
HK.01876,百威亚太,2020-11-27 00:00:00,25.6026,25.7026,26.0026,25.3526,52.556,0.0004,5345029.0,148601356.0,0.39058533117730787,25.6026
HK.01876,百威亚太,2020-11-30 00:00:00,25.5526,24.6526,25.6526,24.4526,50.568,0.00129,17114634.0,460880593.0,-4.085189825153878,25.7026
HK.01876,百威亚太,2020-12-01 00:00:00,25.1526,25.4026,25.5026,24.8026,51.988,0.00083,11043432.0,301703843.0,3.042275459789231,24.6526
HK.01876,百威亚太,2020-12-02 00:00:00,25.4026,25.9026,25.9026,25.0526,52.935,0.00094,12503441.0,345928193.0,1.9683024572287877,25.4026
HK.01876,百威亚太,2020-12-03 00:00:00,25.9026,25.6026,26.3526,25.4526,52.367,0.00079,10411206.0,289878224.0,-1.1581848926362632,25.9026
HK.01876,百威亚太,2020-12-04 00:00:00,25.8026,25.0026,26.1526,24.9526,51.231,0.00397,52524322.0,1429062325.0,-2.3435119870638057,25.6026
HK.01876,百威亚太,2020-12-07 00:00:00,24.9526,24.8026,25.6026,24.5026,50.852,0.00212,28120171.0,759116256.0,-0.7999168086518973,25.0026
HK.01876,百威亚太,2020-12-08 00:00:00,24.7526,24.1026,24.9526,24.0026,49.526,0.00079,10521604.0,276982955.0,-2.822284760468672,24.8026
HK.01876,百威亚太,2020-12-09 00:00:00,23.9526,24.3526,24.5026,23.9526,50.0,0.00058,7703514.0,202959028.0,1.0372324977388332,24.1026
HK.01876,百威亚太,2020-12-10 00:00:00,24.0026,24.4026,24.5026,23.8526,50.094,0.00041,5365754.0,141475737.0,0.20531688608198184,24.3526
HK.01876,百威亚太,2020-12-11 00:00:00,24.6526,24.7526,25.2026,24.5026,50.757,0.0006,7967680.0,213460806.0,1.4342733970970365,24.4026
HK.01876,百威亚太,2020-12-14 00:00:00,25.0526,24.6026,25.0526,24.4026,50.473,0.00067,8891393.0,238091698.0,-0.6059969457754019,24.7526
HK.01876,百威亚太,2020-12-15 00:00:00,24.4026,24.5526,24.7026,24.3526,50.378,0.00069,9142141.0,243451514.0,-0.20323055286838448,24.6026
HK.01876,百威亚太,2020-12-16 00:00:00,24.5526,24.9526,24.9526,24.5026,51.136,0.0007,9228522.0,247050643.0,1.6291553644013201,24.5526
HK.01876,百威亚太,2020-12-17 00:00:00,24.4526,23.9026,24.4526,23.3526,49.147,0.00122,16183340.0,419232540.0,-4.20797832690782,24.9526
HK.01876,百威亚太,2020-12-18 00:00:00,23.5526,23.7526,23.8026,23.0026,48.863,0.00084,11077060.0,284093859.0,-0.6275467940726054,23.9026
HK.01876,百威亚太,2020-12-21 00:00:00,23.5026,23.5526,24.0526,23.3526,48.484,0.00063,8379713.0,216120909.0,-0.842013084883336,23.7526
HK.01876,百威亚太,2020-12-22 00:00:00,23.5526,23.1026,23.5526,22.7526,47.632,0.00072,9500467.0,238932665.0,-1.9106170868609103,23.5526
HK.01876,百威亚太,2020-12-23 00:00:00,23.3526,22.7526,23.4026,22.5026,46.969,0.0005,6572810.0,163668345.0,-1.5149809978097613,23.1026
HK.01876,百威亚太,2020-12-24 00:00:00,22.9526,23.1526,23.2526,22.7526,47.727,0.00022,2854700.0,71588503.0,1.7580408392886901,22.7526
HK.01876,百威亚太,2020-12-28 00:00:00,23.1526,22.7026,23.4526,22.7026,46.875,0.00038,4970300.0,123901770.0,-1.9436262018088653,23.1526
HK.01876,百威亚太,2020-12-29 00:00:00,22.7026,22.4026,22.7026,22.1526,46.306,0.00032,4198207.0,102338728.0,-1.3214345493467738,22.7026
HK.01876,百威亚太,2020-12-30 00:00:00,22.4026,23.3026,23.4026,22.3526,48.011,0.00043,5743300.0,144432805.0,4.017390838563391,22.4026
HK.01876,百威亚太,2020-12-31 00:00:00,23.4526,23.5526,23.7526,23.3026,48.484,0.0003,3929274.0,100713053.0,1.0728416571541373,23.3026
HK.01876,百威亚太,2021-01-04 00:00:00,23.9026,23.1026,23.9026,22.9526,47.632,0.00048,6346900.0,160168570.0,-1.9106170868609103,23.5526
HK.01876,百威亚太,2021-01-05 00:00:00,22.9026,24.2526,24.3026,22.5526,49.81,0.00108,14290957.0,367553351.0,4.977794707089255,23.1026
HK.01876,百威亚太,2021-01-06 00:00:00,24.5526,23.8526,25.1526,23.7526,49.053,0.00096,12682357.0,334992462.0,-1.649307703091636,24.2526
HK.01876,百威亚太,2021-01-07 00:00:00,23.8526,23.4526,24.0026,23.4526,48.295,0.00061,8134682.0,209559792.0,-1.6769660330529945,23.8526
HK.01876,百威亚太,2021-01-08 00:00:00,23.4526,24.3026,24.4526,23.3026,49.905,0.00081,10749909.0,280812866.0,3.6243316306081264,23.4526
HK.01876,百威亚太,2021-01-11 00:00:00,24.3026,23.6026,24.4026,23.4526,48.579,0.00046,6140724.0,157848531.0,-2.8803502505904834,24.3026
HK.01876,百威亚太,2021-01-12 00:00:00,23.6026,23.5526,23.7026,23.2026,48.484,0.00031,4045337.0,103131489.0,-0.2118410683568639,23.6026
HK.01876,百威亚太,2021-01-13 00:00:00,23.5526,22.8526,23.5526,22.8026,47.159,0.0005,6677868.0,167767934.0,-2.972071024005854,23.5526
HK.01876,百威亚太,2021-01-14 00:00:00,22.8526,22.7026,22.9026,22.4526,46.875,0.00045,6009903.0,148561135.0,-0.6563804556155475,22.8526
HK.01876,百威亚太,2021-01-15 00:00:00,22.9026,22.3526,22.9026,22.2026,46.212,0.00079,10417026.0,254336084.0,-1.5416736409045724,22.7026
HK.01876,百威亚太,2021-01-18 00:00:00,22.1526,22.3526,22.4526,21.5526,46.212,0.00105,13863559.0,333981432.0,0.0,22.3526
HK.01876,百威亚太,2021-01-19 00:00:00,22.2526,23.0026,23.3526,22.0526,47.443,0.0013,17261958.0,430448967.0,2.90793912117607,22.3526
HK.01876,百威亚太,2021-01-20 00:00:00,22.8026,23.0526,23.6526,22.6526,47.537,0.00054,7119600.0,179493027.0,0.2173667324563341,23.0026
HK.01876,百威亚太,2021-01-21 00:00:00,23.3526,22.4026,23.4026,22.3026,46.306,0.00069,9174811.0,225892058.0,-2.819638565714939,23.0526
HK.01876,百威亚太,2021-01-22 00:00:00,22.3026,22.1026,22.3526,21.9026,45.738,0.00056,7454946.0,179833827.0,-1.3391302795211302,22.4026
HK.01876,百威亚太,2021-01-25 00:00:00,22.1026,22.7026,22.7526,21.5526,46.875,0.00086,11323724.0,275444055.0,2.714612760489723,22.1026
HK.01876,百威亚太,2021-01-26 00:00:00,22.7026,22.8526,23.1526,22.3026,47.159,0.00083,11038266.0,274098189.0,0.6607172746733792,22.7026
HK.01876,百威亚太,2021-01-27 00:00:00,23.3526,23.7026,24.0526,23.3526,48.768,0.00095,12568938.0,322579931.0,3.719489248488143,22.8526
HK.01876,百威亚太,2021-01-28 00:00:00,23.7026,24.9526,25.9526,23.5026,51.136,0.00239,31598988.0,852374355.0,5.273683055867289,23.7026
HK.01876,百威亚太,2021-01-29 00:00:00,24.9526,24.0026,24.9526,23.6526,49.337,0.00134,17767456.0,464975762.0,-3.8072184862499268,24.9526
HK.01876,百威亚太,2021-02-01 00:00:00,23.8026,23.6026,23.9526,23.4526,48.579,0.00052,6923486.0,178166741.0,-1.6664861306691863,24.0026
HK.01876,百威亚太,2021-02-02 00:00:00,23.6026,23.8526,24.4526,23.3526,49.053,0.00086,11404186.0,296402091.0,1.0592053417843796,23.6026
HK.01876,百威亚太,2021-02-03 00:00:00,23.8526,23.1526,23.9026,22.8526,47.727,0.00058,7727700.0,195103800.0,-2.934690557842748,23.8526
HK.01876,百威亚太,2021-02-04 00:00:00,23.1526,22.7026,23.1526,22.4526,46.875,0.00101,13320743.0,331349172.0,-1.9436262018088653,23.1526
HK.01876,百威亚太,2021-02-05 00:00:00,22.5026,22.4026,22.9026,22.2026,46.306,0.00049,6515533.0,159767548.0,-1.3214345493467738,22.7026
HK.01876,百威亚太,2021-02-08 00:00:00,22.5026,22.3026,22.8026,22.2026,46.117,0.00057,7545740.0,184199707.0,-0.4463767598403661,22.4026
HK.01876,百威亚太,2021-02-09 00:00:00,22.2026,23.4526,23.5526,22.1526,48.295,0.0007,9239978.0,231946857.0,5.156349483916667,22.3026
HK.01876,百威亚太,2021-02-10 00:00:00,23.4526,24.1026,24.7026,23.1026,49.526,0.00096,12672003.0,331084218.0,2.7715477175238505,23.4526
HK.01876,百威亚太,2021-02-11 00:00:00,23.7526,24.1526,24.3526,23.7526,49.621,0.00024,3215488.0,84134357.0,0.20744649954776959,24.1026
HK.01876,百威亚太,2021-02-16 00:00:00,24.2526,24.6526,24.9526,24.1526,50.568,0.00082,10897742.0,289764465.0,2.0701704992423178,24.1526
HK.01876,百威亚太,2021-02-17 00:00:00,24.6526,24.9026,25.1026,24.0026,51.041,0.0006,7901830.0,211169663.0,1.0140918199297437,24.6526
HK.01876,百威亚太,2021-02-18 00:00:00,25.1026,24.5526,25.1526,24.1026,50.378,0.00044,5798856.0,154200100.0,-1.405475733457542,24.9026
HK.01876,百威亚太,2021-02-19 00:00:00,25.0526,25.1526,25.4026,24.6026,51.515,0.00058,7655000.0,207491702.0,2.4437330466019804,24.5526
HK.01876,百威亚太,2021-02-22 00:00:00,25.7526,25.2026,25.9526,25.0526,51.609,0.00093,12336039.0,338849959.0,0.19878660655359967,25.1526
HK.01876,百威亚太,2021-02-23 00:00:00,25.3526,25.0026,25.3526,24.7026,51.231,0.00044,5785388.0,156701015.0,-0.7935689174926368,25.2026
HK.01876,百威亚太,2021-02-24 00:00:00,25.2526,25.1526,25.6026,24.8526,51.515,0.00107,14177441.0,386074569.0,0.5999376064889195,25.0026
HK.01876,百威亚太,2021-02-25 00:00:00,24.7526,23.1526,25.7026,22.9026,47.727,0.00133,17618000.0,455458627.0,-7.951464262143874,25.1526
HK.01876,百威亚太,2021-02-26 00:00:00,23.0526,21.6526,23.0526,21.5526,78.737,0.0013,17281848.0,416894569.0,-6.47875400602956,23.1526
HK.01876,百威亚太,2021-03-01 00:00:00,21.7026,21.8526,21.9526,21.1526,79.401,0.00118,15577649.0,368289881.0,0.9236766023479827,21.6526
HK.01876,百威亚太,2021-03-02 00:00:00,21.7026,21.3526,21.9026,21.2026,77.74,0.00067,8893669.0,208959865.0,-2.288057256344783,21.8526
HK.01876,百威亚太,2021-03-03 00:00:00,21.6526,21.5026,21.7026,21.1526,78.239,0.0005,6683470.0,156560243.0,0.7024905632101109,21.3526
HK.01876,百威亚太,2021-03-04 00:00:00,21.0026,20.6526,21.2026,20.4526,75.415,0.00057,7549784.0,171950675.0,-3.9530103336340785,21.5026
HK.01876,百威亚太,2021-03-05 00:00:00,20.5026,21.0526,21.2026,20.1526,76.744,0.00086,11447121.0,261954009.0,1.9368021459767883,20.6526
HK.01876,百威亚太,2021-03-08 00:00:00,21.1026,20.3526,21.1526,20.2026,74.418,0.00067,8872469.0,199613774.0,-3.3250049875074947,21.0526
HK.01876,百威亚太,2021-03-09 00:00:00,20.7526,21.1026,21.4026,20.3026,76.91,0.00066,8701781.0,201085579.0,3.685032870493205,20.3526
HK.01876,百威亚太,2021-03-10 00:00:00,21.1026,21.5026,21.5026,20.9526,78.239,0.00053,6987609.0,163460511.0,1.8955010283093183,21.1026
HK.01876,百威亚太,2021-03-11 00:00:00,21.5026,21.5026,21.8526,21.2026,78.239,0.00036,4779072.0,112613768.0,0.0,21.5026
HK.01876,百威亚太,2021-03-12 00:00:00,21.7026,21.1026,21.8526,21.0026,76.91,0.00056,7459880.0,174249033.0,-1.8602401570042792,21.5026
HK.01876,百威亚太,2021-03-15 00:00:00,20.9526,20.8026,21.3026,20.6526,75.913,0.00029,3892731.0,88947530.0,-1.4216257712319675,21.1026
HK.01876,百威亚太,2021-03-16 00:00:00,21.0526,20.9026,21.2026,20.7026,76.245,0.00034,4452984.0,102421626.0,0.4807091421264547,20.8026
HK.01876,百威亚太,2021-03-17 00:00:00,20.8526,21.9526,22.0526,20.6526,79.734,0.00064,8443737.0,200953252.0,5.023298537024106,20.9026
HK.01876,百威亚太,2021-03-18 00:00:00,22.2026,22.4026,22.7526,21.9526,81.229,0.00077,10203282.0,249194706.0,2.04987108588504,21.9526
HK.01876,百威亚太,2021-03-19 00:00:00,22.3026,22.5526,22.5526,21.7026,81.727,0.00074,9762038.0,237847364.0,0.669565139760573,22.4026
HK.01876,百威亚太,2021-03-22 00:00:00,22.1526,21.6026,22.5526,21.5526,78.571,0.00033,4405399.0,105071418.0,-4.212374626428894,22.5526
HK.01876,百威亚太,2021-03-23 00:00:00,21.5026,22.0526,22.0526,21.3026,80.066,0.00043,5655899.0,134749543.0,2.0830825919102463,21.6026
HK.01876,百威亚太,2021-03-24 00:00:00,21.6026,21.2026,21.9026,21.1526,77.242,0.00042,5580634.0,130522008.0,-3.854420793919997,22.0526
HK.01876,百威亚太,2021-03-25 00:00:00,21.1026,21.3526,21.5026,20.7526,77.74,0.00042,5541605.0,128996698.0,0.707460405799282,21.2026
HK.01876,百威亚太,2021-03-26 00:00:00,21.3026,21.5026,21.6526,21.1526,78.239,0.00036,4708150.0,110725369.0,0.7024905632101109,21.3526
HK.01876,百威亚太,2021-03-29 00:00:00,21.0526,21.3526,21.7026,21.0026,77.74,0.0002,2619062.0,61129689.0,-0.6975900588766109,21.5026
HK.01876,百威亚太,2021-03-30 00:00:00,21.3026,21.4026,21.8526,21.1526,77.906,0.00033,4344144.0,102378439.0,0.234163521070037,21.3526
HK.01876,百威亚太,2021-03-31 00:00:00,21.5026,21.1526,21.6026,21.0526,77.076,0.00035,4688399.0,109213450.0,-1.168082382514274,21.4026
HK.01876,百威亚太,2021-04-01 00:00:00,21.2526,21.4026,21.4526,20.6026,77.906,0.00049,6478276.0,150635236.0,1.1818878057543754,21.1526
HK.01876,百威亚太,2021-04-07 00:00:00,21.7526,22.0026,22.5026,21.6526,79.9,0.00085,11223201.0,270120615.0,2.803397718034264,21.4026
HK.01876,百威亚太,2021-04-08 00:00:00,22.0026,22.8526,22.9526,21.9526,82.724,0.00061,8135716.0,201791911.0,3.8631798060229148,22.0026
HK.01876,百威亚太,2021-04-09 00:00:00,23.0026,22.5526,23.3526,22.4526,81.727,0.00054,7096062.0,176484020.0,-1.312760911231095,22.8526
HK.01876,百威亚太,2021-04-12 00:00:00,22.7526,22.0026,22.7526,21.7026,79.9,0.00032,4284555.0,102707326.0,-2.4387432047746187,22.5526
HK.01876,百威亚太,2021-04-13 00:00:00,22.0026,21.8526,22.3526,21.5526,79.401,0.00043,5648459.0,135555307.0,-0.6817376128275846,22.0026
HK.01876,百威亚太,2021-04-14 00:00:00,22.1526,22.1026,22.4026,21.9526,80.232,0.00023,3004342.0,72663903.0,1.1440286281723915,21.8526
HK.01876,百威亚太,2021-04-15 00:00:00,22.2526,21.8526,22.4526,21.7526,79.401,0.00024,3115301.0,74616201.0,-1.1310886502040485,22.1026
HK.01876,百威亚太,2021-04-16 00:00:00,21.8526,22.3026,22.3526,21.8026,80.897,0.00027,3542449.0,85732316.0,2.0592515307103176,21.8526
HK.01876,百威亚太,2021-04-19 00:00:00,22.3026,22.4526,22.5526,22.0026,81.395,0.00036,4783406.0,116565897.0,0.6725673239891249,22.3026
HK.01876,百威亚太,2021-04-20 00:00:00,22.2026,22.5026,22.6026,22.0526,81.561,0.00036,4731947.0,115531995.0,0.22269135868452075,22.4526
HK.01876,百威亚太,2021-04-21 00:00:00,22.4526,22.4526,22.5026,21.9026,81.395,0.00029,3802427.0,92371376.0,-0.2221965461768894,22.5026
HK.01876,百威亚太,2021-04-22 00:00:00,22.4526,23.0526,23.2026,22.1026,83.388,0.0005,6683926.0,165149312.0,2.6722963042142176,22.4526
HK.01876,百威亚太,2021-04-23 00:00:00,23.1526,23.7026,24.2526,22.9026,85.548,0.00065,8613407.0,222848200.0,2.8196385657149237,23.0526
HK.01876,百威亚太,2021-04-26 00:00:00,23.5526,23.0026,23.6526,22.7026,83.222,0.00037,4897781.0,122938256.0,-2.9532625112856787,23.7026
HK.01876,百威亚太,2021-04-27 00:00:00,23.0026,22.5526,23.1526,22.5026,81.727,0.00027,3521757.0,87345462.0,-1.956300592106976,23.0026
HK.01876,百威亚太,2021-04-28 00:00:00,22.6526,22.3026,22.7526,22.2026,80.897,0.00037,4839423.0,118538800.0,-1.1085196385339162,22.5526
HK.01876,百威亚太,2021-04-29 00:00:00,22.3026,23.3526,23.7026,22.3026,84.385,0.0004,5242746.0,132591973.0,4.707971267923907,22.3026
HK.01876,百威亚太,2021-04-30 00:00:00,23.3026,22.5026,23.5026,22.4526,81.561,0.00034,4448682.0,109665591.0,-3.6398516653391826,23.3526
HK.01876,百威亚太,2021-05-03 00:00:00,22.5526,22.3526,22.6026,22.1026,81.063,0.00027,3581762.0,87473456.0,-0.6665896385306681,22.5026
HK.01876,百威亚太,2021-05-04 00:00:00,22.3026,22.2526,22.4526,22.0526,80.73,0.00013,1761010.0,42759905.0,-0.44737524941169204,22.3526
HK.01876,百威亚太,2021-05-05 00:00:00,22.3026,22.2526,22.7526,22.1526,80.73,0.00019,2515697.0,61317551.0,0.0,22.2526
HK.01876,百威亚太,2021-05-06 00:00:00,23.9526,23.4526,24.4526,22.9526,84.717,0.00157,20735293.0,533449770.0,5.392628277145139,22.2526
HK.01876,百威亚太,2021-05-07 00:00:00,23.6526,24.0526,24.6526,23.5526,86.71,0.00088,11674291.0,306241828.0,2.558351739252797,23.4526
HK.01876,百威亚太,2021-05-10 00:00:00,24.3026,24.2026,24.4526,23.8026,87.209,0.00041,5422924.0,142232526.0,0.6236332038947913,24.0526
HK.01876,百威亚太,2021-05-11 00:00:00,24.1026,24.1526,24.4526,23.6026,87.043,0.00046,6097701.0,159246526.0,-0.2065893746952836,24.2026
HK.01876,百威亚太,2021-05-12 00:00:00,24.2026,24.5026,24.6026,23.7526,88.205,0.00051,6735838.0,177750487.0,1.4491193494696282,24.1526
HK.01876,百威亚太,2021-05-13 00:00:00,24.5026,24.6526,24.7526,24.1026,88.704,0.00041,5456075.0,144615230.0,0.6121799319255857,24.5026
HK.01876,百威亚太,2021-05-14 00:00:00,24.9026,25.4026,25.7526,24.8026,91.196,0.0011,14586757.0,399323189.0,3.042275459789231,24.6526
HK.01876,百威亚太,2021-05-17 00:00:00,25.1722,24.8722,25.3222,24.5722,88.704,0.00052,6914701.0,185307247.0,-2.0879752466282984,25.4026
HK.01876,百威亚太,2021-05-18 00:00:00,25.1222,25.1222,25.3222,24.6222,89.534,0.00036,4805776.0,128887123.0,1.0051382668199838,24.8722
HK.01876,百威亚太,2021-05-20 00:00:00,24.6722,24.3222,24.9222,24.0722,86.877,0.00061,8095576.0,212004403.0,-3.1844344842410326,25.1222
HK.01876,百威亚太,2021-05-21 00:00:00,24.3222,24.0722,24.3722,23.8722,86.046,0.00056,7457733.0,193163441.0,-1.0278675448766972,24.3222
HK.01876,百威亚太,2021-05-24 00:00:00,24.1722,24.6222,24.6222,23.9722,87.873,0.0004,5338379.0,139791277.0,2.284793246981999,24.0722
HK.01876,百威亚太,2021-05-25 00:00:00,24.4722,25.4222,25.4722,24.4722,90.531,0.00047,6232109.0,168654236.0,3.249100405325279,24.6222
HK.01876,百威亚太,2021-05-26 00:00:00,25.2222,25.2722,25.6222,25.0722,90.033,0.00044,5813324.0,158169407.0,-0.5900354808002398,25.4222
HK.01876,百威亚太,2021-05-27 00:00:00,25.4222,25.1722,25.5722,24.9722,89.7,0.00097,12799717.0,345772801.0,-0.395691708675942,25.2722
HK.01876,百威亚太,2021-05-28 00:00:00,25.1722,24.8722,25.2222,24.6722,88.704,0.00028,3674007.0,98312115.0,-1.1917909439778833,25.1722
HK.01876,百威亚太,2021-05-31 00:00:00,24.7722,24.5222,24.7722,24.3222,87.541,0.00046,6058293.0,159325851.0,-1.4071935735479686,24.8722
HK.01876,百威亚太,2021-06-01 00:00:00,24.6222,24.4722,25.0722,24.2722,87.375,0.00035,4591292.0,121052135.0,-0.203896877115433,24.5222
HK.01876,百威亚太,2021-06-02 00:00:00,24.3722,24.3722,24.5222,24.1222,87.043,0.00034,4466180.0,116771249.0,-0.4086269317838258,24.4722
HK.01876,百威亚太,2021-06-03 00:00:00,24.2222,24.2222,24.5222,23.9222,86.544,0.00041,5386242.0,140038757.0,-0.6154553138411739,24.3722
HK.01876,百威亚太,2021-06-04 00:00:00,24.1722,23.9222,24.2222,23.1722,85.548,0.00093,12349756.0,314696935.0,-1.2385332463607794,24.2222
HK.01876,百威亚太,2021-06-07 00:00:00,24.1722,24.4722,24.5722,23.7222,87.375,0.00041,5375182.0,140082895.0,2.2991196461863908,23.9222
HK.01876,百威亚太,2021-06-08 00:00:00,24.9722,23.8222,25.2222,23.7222,85.215,0.0008,10583434.0,274919709.0,-2.6560750565948386,24.4722
HK.01876,百威亚太,2021-06-09 00:00:00,23.7722,24.1222,24.2722,23.7222,86.212,0.00045,5905767.0,153222619.0,1.259329532956657,23.8222
HK.01876,百威亚太,2021-06-10 00:00:00,24.2222,23.9222,24.4722,23.8222,85.548,0.00037,4847938.0,125598527.0,-0.8291117725580557,24.1222
HK.01876,百威亚太,2021-06-11 00:00:00,24.3722,24.4222,24.4722,23.9722,87.209,0.00036,4728977.0,123510492.0,2.090108769260352,23.9222
HK.01876,百威亚太,2021-06-15 00:00:00,24.2222,24.2722,24.4722,23.8722,86.71,0.00028,3773423.0,98366962.0,-0.6141952813423793,24.4222
HK.01876,百威亚太,2021-06-16 00:00:00,23.8722,23.0722,24.1722,23.0222,82.724,0.00078,10328108.0,259833588.0,-4.943927620899641,24.2722
HK.01876,百威亚太,2021-06-17 00:00:00,22.6722,23.3222,23.6722,22.6722,83.554,0.00051,6789295.0,170789068.0,1.0835551009439932,23.0722
HK.01876,百威亚太,2021-06-18 00:00:00,23.3222,22.8222,23.5222,22.7222,81.893,0.00055,7336074.0,181804448.0,-2.1438800799238495,23.3222
HK.01876,百威亚太,2021-06-21 00:00:00,22.5222,22.5222,23.0222,22.4222,80.897,0.00056,7441498.0,182391131.0,-1.314509556484463,22.8222
HK.01876,百威亚太,2021-06-22 00:00:00,22.5222,22.2222,22.7222,22.1722,79.9,0.0005,6596040.0,159872220.0,-1.3320190745131502,22.5222
HK.01876,百威亚太,2021-06-23 00:00:00,22.2222,22.4222,22.6722,21.9722,80.564,0.00049,6537531.0,158121064.0,0.9000009000008968,22.2222
HK.01876,百威亚太,2021-06-24 00:00:00,22.5222,22.6722,22.9222,22.4722,81.395,0.00038,5013438.0,122866047.0,1.1149664172115137,22.4222
HK.01876,百威亚太,2021-06-25 00:00:00,22.9722,23.7222,24.0222,22.9722,84.883,0.00063,8342557.0,212743693.0,4.631222378066534,22.6722
HK.01876,百威亚太,2021-06-28 00:00:00,23.7722,23.2722,24.1222,23.1722,83.388,0.00025,3279295.0,82925012.0,-1.8969572805220394,23.7222
HK.01876,百威亚太,2021-06-29 00:00:00,23.0722,22.9722,23.6722,22.8722,82.392,0.00032,4226147.0,105320879.0,-1.2890917059839666,23.2722
HK.01876,百威亚太,2021-06-30 00:00:00,23.0722,22.6722,23.3222,22.5722,81.395,0.00022,2962900.0,72865762.0,-1.305926293519997,22.9722
HK.01876,百威亚太,2021-07-02 00:00:00,22.0722,22.2222,22.2722,21.6722,79.9,0.00071,9401742.0,224273555.0,-1.9848095905999386,22.6722
HK.01876,百威亚太,2021-07-05 00:00:00,21.9222,22.3222,22.4222,21.9222,80.232,0.00018,2320542.0,55976610.0,0.45000045000044037,22.2222
HK.01876,百威亚太,2021-07-06 00:00:00,22.4222,22.3222,22.4722,22.0222,80.232,0.00031,4042900.0,97417697.0,0.0,22.3222
HK.01876,百威亚太,2021-07-07 00:00:00,22.2222,22.4222,22.4722,21.9222,80.564,0.00049,6460467.0,155281927.0,0.44798451765507624,22.3222
HK.01876,百威亚太,2021-07-08 00:00:00,22.3722,21.9222,22.6222,21.7222,78.903,0.00044,5844971.0,138813681.0,-2.2299328344230274,22.4222
HK.01876,百威亚太,2021-07-09 00:00:00,21.9222,21.7722,21.9722,21.3722,78.405,0.0005,6568295.0,154166677.0,-0.6842378958316162,21.9222
HK.01876,百威亚太,2021-07-12 00:00:00,21.7722,22.1722,22.2222,21.6222,79.734,0.00085,11284211.0,268515734.0,1.837205243383758,21.7722
HK.01876,百威亚太,2021-07-13 00:00:00,22.5722,22.3722,22.7722,22.0222,80.398,0.00067,8841665.0,213904797.0,0.9020304705892932,22.1722
HK.01876,百威亚太,2021-07-14 00:00:00,22.4222,22.7722,23.1222,22.1722,81.727,0.00036,4831883.0,118623189.0,1.7879332385728812,22.3722
HK.01876,百威亚太,2021-07-15 00:00:00,22.7722,22.5222,22.8722,22.2222,80.897,0.00053,6987190.0,169365181.0,-1.0978298100315296,22.7722
HK.01876,百威亚太,2021-07-16 00:00:00,22.5222,22.6722,23.1722,22.2222,81.395,0.00041,5455683.0,133952668.0,0.6660095372565672,22.5222
HK.01876,百威亚太,2021-07-19 00:00:00,22.6222,22.3222,22.6222,22.1722,80.232,0.00123,16261265.0,395343012.0,-1.5437407926888498,22.6722
HK.01876,百威亚太,2021-07-20 00:00:00,22.3222,22.3722,22.6222,22.0722,80.398,0.00019,2560709.0,61780426.0,0.22399225882753812,22.3222
HK.01876,百威亚太,2021-07-21 00:00:00,22.2222,22.5222,22.6222,22.0722,80.897,0.00108,14269522.0,344888352.0,0.6704749644648365,22.3722
HK.01876,百威亚太,2021-07-22 00:00:00,22.5722,22.4722,22.9222,22.4222,80.73,0.00038,5012578.0,122401223.0,-0.22200317908552766,22.5222
HK.01876,百威亚太,2021-07-23 00:00:00,22.4722,22.3722,22.4722,21.9722,80.398,0.0004,5331018.0,127913290.0,-0.44499425957405775,22.4722
HK.01876,百威亚太,2021-07-26 00:00:00,21.9722,21.9722,22.1722,21.6722,79.069,0.00049,6520765.0,154722507.0,-1.7879332385728655,22.3722
HK.01876,百威亚太,2021-07-27 00:00:00,22.3722,20.8722,22.6722,20.5722,75.415,0.00107,14163724.0,331761786.0,-5.006326175803977,21.9722
HK.01876,百威亚太,2021-07-28 00:00:00,21.1222,21.1722,21.4222,20.8722,76.411,0.00119,15820355.0,362806145.0,1.4373185385345135,20.8722
HK.01876,百威亚太,2021-07-29 00:00:00,21.1722,20.4722,21.1722,19.4222,74.086,0.00215,28447093.0,626292941.0,-3.3062223103881476,21.1722
HK.01876,百威亚太,2021-07-30 00:00:00,19.9222,19.8722,20.3722,19.1722,72.093,0.00126,16705818.0,359292735.0,-2.9308037240746057,20.4722
HK.01876,百威亚太,2021-08-02 00:00:00,19.8722,19.8722,20.0222,18.9722,72.093,0.00097,12903756.0,276812000.0,0.0,19.8722
HK.01876,百威亚太,2021-08-03 00:00:00,19.6222,19.9222,20.0722,19.2722,72.259,0.00049,6522894.0,140426476.0,0.251607773673779,19.8722
HK.01876,百威亚太,2021-08-04 00:00:00,19.8722,19.5222,19.9222,19.3722,70.93,0.00043,5726118.0,122814124.0,-2.00781038238748,19.9222
HK.01876,百威亚太,2021-08-05 00:00:00,19.5222,19.1722,19.6222,19.0722,69.767,0.00053,6999285.0,147929961.0,-1.7928307260452274,19.5222
HK.01876,百威亚太,2021-08-06 00:00:00,19.1722,19.2722,19.4222,18.7722,70.099,0.00029,3778466.0,79289609.0,0.5215885500881559,19.1722
HK.01876,百威亚太,2021-08-09 00:00:00,18.8222,19.5722,19.6222,18.8222,71.096,0.00029,3903921.0,82763427.0,1.556646361079675,19.2722
HK.01876,百威亚太,2021-08-10 00:00:00,19.4722,19.8222,20.0722,19.2722,71.926,0.00039,5223991.0,112738663.0,1.277321915778502,19.5722
HK.01876,百威亚太,2021-08-11 00:00:00,19.3722,19.6222,19.6722,19.2222,71.262,0.00039,5165503.0,109966358.0,-1.0089697409974638,19.8222
HK.01876,百威亚太,2021-08-12 00:00:00,19.3722,19.4722,19.7222,19.2722,70.764,0.00036,4803541.0,102482647.0,-0.7644402768292984,19.6222
HK.01876,百威亚太,2021-08-13 00:00:00,19.1722,19.1722,19.5222,18.8722,69.767,0.00038,5011646.0,104997167.0,-1.5406579636610178,19.4722
HK.01876,百威亚太,2021-08-16 00:00:00,19.1722,19.5222,19.6222,19.1222,70.93,0.00027,3608042.0,76722141.0,1.8255599253085268,19.1722
HK.01876,百威亚太,2021-08-17 00:00:00,19.7722,18.9722,19.7722,18.8722,69.102,0.00046,6115309.0,127524928.0,-2.817305426642492,19.5222
HK.01876,百威亚太,2021-08-18 00:00:00,18.8722,19.1722,19.4722,18.8722,69.767,0.00024,3123122.0,65748805.0,1.05417400196076,18.9722
HK.01876,百威亚太,2021-08-19 00:00:00,19.3222,18.2722,19.3222,18.0922,66.777,0.00052,6842048.0,138545489.0,-4.694296950793329,19.1722
HK.01876,百威亚太,2021-08-20 00:00:00,18.2722,17.7322,18.3722,17.6322,64.983,0.00056,7441588.0,146104935.0,-2.9553091581747277,18.2722
HK.01876,百威亚太,2021-08-23 00:00:00,18.1722,17.7322,18.2222,17.6122,64.983,0.00047,6169735.0,121132580.0,0.0,17.7322
HK.01876,百威亚太,2021-08-24 00:00:00,17.7322,17.7722,17.8322,17.4522,65.116,0.00084,11175187.0,218247602.0,0.22557832643441142,17.7322
HK.01876,百威亚太,2021-08-25 00:00:00,17.6722,17.9122,18.3722,17.6722,65.581,0.00082,10876895.0,214757179.0,0.7877471556700747,17.7722
HK.01876,百威亚太,2021-08-26 00:00:00,17.8522,17.5122,18.0722,17.3322,64.252,0.00066,8794003.0,170757043.0,-2.23311486026283,17.9122
HK.01876,百威亚太,2021-08-27 00:00:00,17.3722,17.5522,17.7522,17.3722,64.385,0.00071,9357994.0,180561637.0,0.2284121926428384,17.5122
HK.01876,百威亚太,2021-08-30 00:00:00,17.3722,17.5322,17.5722,17.1722,64.318,0.00044,5789432.0,111658424.0,-0.11394583015234315,17.5522
HK.01876,百威亚太,2021-08-31 00:00:00,17.1922,17.6322,17.6922,17.0122,64.651,0.00153,20211218.0,387977610.0,0.5703790739325437,17.5322
HK.01876,百威亚太,2021-09-01 00:00:00,17.5322,17.8522,17.9322,17.3522,65.382,0.00151,20039785.0,391537565.0,1.247717244586602,17.6322
HK.01876,百威亚太,2021-09-02 00:00:00,17.8922,17.8522,18.0522,17.6322,65.382,0.00046,6120800.0,120266171.0,0.0,17.8522
HK.01876,百威亚太,2021-09-03 00:00:00,17.7722,17.8522,17.9922,17.4722,65.382,0.00074,9781088.0,192296819.0,0.0,17.8522
HK.01876,百威亚太,2021-09-06 00:00:00,17.6122,18.0922,18.2222,17.6122,66.179,0.00038,5080523.0,100769812.0,1.344372122203417,17.8522
HK.01876,百威亚太,2021-09-07 00:00:00,17.9722,17.6322,18.0322,17.5722,64.651,0.00027,3543592.0,69279431.0,-2.5425321409225927,18.0922
HK.01876,百威亚太,2021-09-08 00:00:00,17.3922,17.6322,17.6522,17.3922,64.651,0.00046,6067339.0,117751088.0,0.0,17.6322
HK.01876,百威亚太,2021-09-09 00:00:00,17.3922,16.9522,17.4322,16.8522,62.392,0.00057,7518099.0,142186137.0,-3.8565805741767885,17.6322
HK.01876,百威亚太,2021-09-10 00:00:00,17.0522,17.3122,17.4122,16.7122,63.588,0.00081,10685943.0,202082888.0,2.1236181734524098,16.9522
HK.01876,百威亚太,2021-09-13 00:00:00,17.2722,16.7322,17.3322,16.5322,61.661,0.00059,7795964.0,145345675.0,-3.350238560090583,17.3122
HK.01876,百威亚太,2021-09-14 00:00:00,16.7322,16.6722,17.0522,16.6322,61.461,0.00058,7684873.0,143255537.0,-0.35859002402552403,16.7322
HK.01876,百威亚太,2021-09-15 00:00:00,16.7322,16.5122,17.0122,16.3522,60.93,0.00062,8226397.0,151884944.0,-0.959681385779922,16.6722
HK.01876,百威亚太,2021-09-16 00:00:00,16.8722,16.7322,17.1322,16.4922,61.661,0.00048,6358372.0,118193044.0,1.3323482031467573,16.5122
HK.01876,百威亚太,2021-09-17 00:00:00,16.7322,17.3522,17.3522,16.6722,63.72,0.0009,11890746.0,225732366.0,3.705430248263833,16.7322
HK.01876,百威亚太,2021-09-20 00:00:00,17.1722,17.1122,17.3322,16.9922,62.923,0.00041,5438697.0,103146713.0,-1.3831099226610946,17.3522
HK.01876,百威亚太,2021-09-21 00:00:00,16.9722,17.1522,17.2922,16.7522,63.056,0.00036,4751562.0,90090485.0,0.23375135867976732,17.1122
HK.01876,百威亚太,2021-09-23 00:00:00,17.3922,17.3722,17.5322,16.9922,63.787,0.00063,8292040.0,158392365.0,1.2826342976411123,17.1522
HK.01876,百威亚太,2021-09-24 00:00:00,17.3722,17.4122,17.6522,17.2722,63.92,0.00063,8279334.0,159725332.0,0.23025293284672724,17.3722
HK.01876,百威亚太,2021-09-27 00:00:00,17.4522,17.6722,17.9322,17.2922,64.784,0.00086,11418994.0,221909578.0,1.493205913095425,17.4122
HK.01876,百威亚太,2021-09-28 00:00:00,17.6922,17.5922,17.7922,17.4122,64.518,0.00063,8298722.0,161113010.0,-0.45268840325484005,17.6722
HK.01876,百威亚太,2021-09-29 00:00:00,17.3522,17.9922,18.0322,17.2722,65.847,0.00044,5762421.0,112939364.0,2.273734950716807,17.5922
HK.01876,百威亚太,2021-09-30 00:00:00,17.8722,17.9122,18.0922,17.7322,65.581,0.00072,9530586.0,187903831.0,-0.4446371205300177,17.9922
HK.01876,百威亚太,2021-10-04 00:00:00,17.8722,17.9922,18.2722,17.6322,65.847,0.00058,7680543.0,152161639.0,0.44662297205257784,17.9122
HK.01876,百威亚太,2021-10-05 00:00:00,17.7522,18.1722,18.3722,17.7122,66.445,0.00134,17779216.0,351995832.0,1.0004335211925153,17.9922
HK.01876,百威亚太,2021-10-06 00:00:00,18.1722,18.0922,18.3722,17.8322,66.179,0.00058,7627874.0,151548369.0,-0.44023288319522047,18.1722
HK.01876,百威亚太,2021-10-07 00:00:00,18.4222,18.8222,18.9722,18.2722,68.604,0.00049,6521900.0,134137573.0,4.034887962768488,18.0922
HK.01876,百威亚太,2021-10-08 00:00:00,18.8222,18.5222,19.3722,18.4722,67.607,0.00033,4415592.0,90906236.0,-1.5938625665437471,18.8222
HK.01876,百威亚太,2021-10-11 00:00:00,18.6222,18.2722,18.8722,18.1322,66.777,0.00054,7092788.0,143098767.0,-1.3497316733433393,18.5222
HK.01876,百威亚太,2021-10-12 00:00:00,18.0122,18.3722,18.4722,17.5322,67.109,0.00193,25503345.0,510296933.0,0.5472794737360464,18.2722
HK.01876,百威亚太,2021-10-15 00:00:00,18.1722,17.6522,18.1722,17.4722,64.717,0.00167,22168165.0,432603108.0,-3.918964522485053,18.3722
HK.01876,百威亚太,2021-10-18 00:00:00,17.6522,17.4122,17.6522,17.0922,63.92,0.00033,4349939.0,83628506.0,-1.35960390206321,17.6522
HK.01876,百威亚太,2021-10-19 00:00:00,17.4122,17.7922,17.9122,17.4122,65.182,0.00113,15005492.0,292936104.0,2.1823778729856227,17.4122
HK.01876,百威亚太,2021-10-20 00:00:00,18.3222,17.9122,18.3222,17.6722,65.581,0.00035,4676781.0,92197959.0,0.6744528501253214,17.7922
HK.01876,百威亚太,2021-10-21 00:00:00,17.8322,17.5922,17.8722,17.4122,64.518,0.00078,10276521.0,199376298.0,-1.7864918882102718,17.9122
HK.01876,百威亚太,2021-10-22 00:00:00,17.4722,17.4722,17.6322,17.3722,64.119,0.00035,4675776.0,90245721.0,-0.682120485215024,17.5922
HK.01876,百威亚太,2021-10-25 00:00:00,17.4522,16.7522,17.4522,16.7122,61.727,0.00095,12549387.0,234395464.0,-4.120831950183734,17.4722
HK.01876,百威亚太,2021-10-26 00:00:00,16.8722,17.4522,18.3222,16.7722,64.053,0.00152,20127866.0,389220226.0,4.1785556523919425,16.7522
HK.01876,百威亚太,2021-10-27 00:00:00,17.2122,17.1922,17.5122,17.1722,63.189,0.00057,7496150.0,143588393.0,-1.4897835229942444,17.4522
HK.01876,百威亚太,2021-10-28 00:00:00,17.3722,18.8222,19.2722,17.0122,68.604,0.00205,27098945.0,549224759.0,9.481043729132974,17.1922
HK.01876,百威亚太,2021-10-29 00:00:00,19.2222,19.6222,19.9222,18.6222,71.262,0.00121,16017300.0,341480404.0,4.250300177450036,18.8222
HK.01876,百威亚太,2021-11-01 00:00:00,19.6222,19.5722,19.8222,19.1722,71.096,0.00057,7518777.0,160510862.0,-0.25481342560977216,19.6222
HK.01876,百威亚太,2021-11-02 00:00:00,19.8722,19.2722,19.8722,19.1722,70.099,0.00041,5459889.0,115976708.0,-1.5327862989341883,19.5722
HK.01876,百威亚太,2021-11-03 00:00:00,19.2722,19.0722,19.2722,18.4722,69.435,0.00054,7172234.0,148251908.0,-1.037764240719808,19.2722
HK.01876,百威亚太,2021-11-04 00:00:00,19.4722,19.0722,20.0222,18.8222,69.435,0.00048,6416513.0,135480454.0,0.0,19.0722
HK.01876,百威亚太,2021-11-05 00:00:00,18.8222,19.2222,19.3722,18.6222,69.933,0.00034,4519287.0,94730175.0,0.7864850410545304,19.0722
HK.01876,百威亚太,2021-11-08 00:00:00,19.2722,19.0222,19.4722,18.7722,69.269,0.00031,4158419.0,86766742.0,-1.0404636305937889,19.2222
HK.01876,百威亚太,2021-11-09 00:00:00,19.2222,18.8222,19.3222,18.5222,68.604,0.00016,2145646.0,44232381.0,-1.05140309743354,19.0222
HK.01876,百威亚太,2021-11-10 00:00:00,18.8722,18.9722,18.9722,18.1122,69.102,0.00051,6757726.0,138035750.0,0.7969312832718924,18.8222
HK.01876,百威亚太,2021-11-11 00:00:00,18.6222,18.7722,18.8722,18.3722,68.438,0.0004,5238133.0,107226179.0,-1.05417400196076,18.9722
HK.01876,百威亚太,2021-11-12 00:00:00,18.5722,19.1222,19.5222,18.5722,69.601,0.00033,4373845.0,91785398.0,1.8644591470365637,18.7722
HK.01876,百威亚太,2021-11-15 00:00:00,19.5722,19.3222,19.6222,18.9722,70.265,0.00016,2134825.0,45046484.0,1.0459047599125586,19.1222
HK.01876,百威亚太,2021-11-16 00:00:00,19.3222,19.6222,19.8722,19.2722,71.262,0.00031,4079448.0,87397605.0,1.5526182318783615,19.3222
HK.01876,百威亚太,2021-11-17 00:00:00,19.4722,19.7222,19.7222,19.1722,71.594,0.00021,2797033.0,59914308.0,0.5096268512195443,19.6222
HK.01876,百威亚太,2021-11-18 00:00:00,19.6722,19.3722,19.7722,19.1722,70.431,0.00021,2782160.0,59110443.0,-1.7746498869294574,19.7222
HK.01876,百威亚太,2021-11-19 00:00:00,19.1722,18.9222,19.2222,18.7222,68.936,0.00022,2927173.0,60651816.0,-2.322916344039393,19.3722
HK.01876,百威亚太,2021-11-22 00:00:00,18.9222,19.0222,19.1222,18.5222,69.269,0.00024,3232500.0,66603175.0,0.5284797750790152,18.9222
HK.01876,百威亚太,2021-11-23 00:00:00,18.9222,18.7722,18.9222,18.6222,68.438,0.00019,2514644.0,51741639.0,-1.3142538717919061,19.0222
HK.01876,百威亚太,2021-11-24 00:00:00,18.8222,19.0722,19.2222,18.7722,69.435,0.00039,5180372.0,108403397.0,1.5981078403170492,18.7722
HK.01876,百威亚太,2021-11-25 00:00:00,19.1722,18.6222,19.4222,18.5222,67.94,0.00024,3236912.0,66728020.0,-2.359455123163554,19.0722
HK.01876,百威亚太,2021-11-26 00:00:00,18.6222,18.2722,18.6222,17.7122,66.777,0.0012,15895023.0,317104635.0,-1.8794771831469852,18.6222
HK.01876,百威亚太,2021-11-29 00:00:00,18.3722,18.3722,18.5222,17.8922,67.109,0.00031,4063441.0,81661505.0,0.5472794737360464,18.2722
HK.01876,百威亚太,2021-11-30 00:00:00,18.0722,17.9722,18.1322,17.5922,65.78,0.00071,9385505.0,184980528.0,-2.1772025124916916,18.3722
HK.01876,百威亚太,2021-12-01 00:00:00,17.7322,17.5922,17.9122,17.2522,64.518,0.00098,12990618.0,252907753.0,-2.1143766483791775,17.9722
HK.01876,百威亚太,2021-12-02 00:00:00,17.4122,17.6322,17.7722,17.3722,64.651,0.00059,7820467.0,152099968.0,0.22737349507169485,17.5922
HK.01876,百威亚太,2021-12-03 00:00:00,17.5922,17.6722,17.7722,17.3322,64.784,0.00059,7847194.0,152728613.0,0.22685768083392396,17.6322
HK.01876,百威亚太,2021-12-06 00:00:00,17.9722,17.6522,18.3722,17.6122,64.717,0.00034,4544283.0,89457950.0,-0.11317210081370499,17.6722
HK.01876,百威亚太,2021-12-07 00:00:00,17.6522,18.2222,18.2222,17.4922,66.611,0.00028,3727293.0,73874626.0,3.229059267400099,17.6522
HK.01876,百威亚太,2021-12-08 00:00:00,18.1722,18.2222,18.2722,17.8522,66.611,0.00027,3641470.0,72700864.0,0.0,18.2222
HK.01876,百威亚太,2021-12-09 00:00:00,18.3722,18.7222,19.0722,18.3722,68.272,0.0004,5358752.0,110295296.0,2.7439057852509574,18.2222
HK.01876,百威亚太,2021-12-10 00:00:00,18.4222,18.7722,18.8222,18.4222,68.438,0.00035,4604432.0,94162636.0,0.2670626315283498,18.7222
HK.01876,百威亚太,2021-12-13 00:00:00,19.0222,18.3222,19.0222,18.2722,66.943,0.00038,5092002.0,103101039.0,-2.397161760475612,18.7722
HK.01876,百威亚太,2021-12-14 00:00:00,18.3222,18.4722,18.8722,18.1722,67.441,0.00042,5539459.0,112151359.0,0.8186789795985315,18.3222
HK.01876,百威亚太,2021-12-15 00:00:00,18.5722,18.9722,19.0222,18.4222,69.102,0.00035,4697954.0,96381069.0,2.706770173558103,18.4722
HK.01876,百威亚太,2021-12-16 00:00:00,18.8222,18.8722,19.0722,18.6722,68.77,0.00048,6294418.0,130104075.0,-0.5270870009803893,18.9722
HK.01876,百威亚太,2021-12-17 00:00:00,19.0722,19.5222,19.5222,18.8722,70.93,0.00066,8685601.0,183809583.0,3.4442195398522806,18.8722
HK.01876,百威亚太,2021-12-20 00:00:00,19.1722,18.9722,19.3222,18.7722,69.102,0.00037,4941495.0,102825618.0,-2.817305426642492,19.5222
HK.01876,百威亚太,2021-12-21 00:00:00,19.0222,19.0222,19.2722,18.8722,69.269,0.00027,3541239.0,73802913.0,0.26354350049019465,18.9722
HK.01876,百威亚太,2021-12-22 00:00:00,18.7722,19.2222,19.3222,18.4722,69.933,0.00048,6382059.0,132755153.0,1.0514030974335211,19.0222
HK.01876,百威亚太,2021-12-23 00:00:00,19.0722,19.1722,19.3722,18.7722,69.767,0.00017,2246901.0,46968195.0,-0.2601159076484518,19.2222
HK.01876,百威亚太,2021-12-24 00:00:00,19.2722,19.1722,19.3722,19.0722,69.767,3e-05,431813.0,9067591.0,0.0,19.1722
HK.01876,百威亚太,2021-12-28 00:00:00,19.1722,19.3722,19.5222,19.0722,70.431,0.0002,2648226.0,56090688.0,1.0431771001762933,19.1722
HK.01876,百威亚太,2021-12-29 00:00:00,19.3722,19.0722,19.3722,18.7722,69.435,0.00014,1818046.0,37930654.0,-1.5486108960262681,19.3722
HK.01876,百威亚太,2021-12-30 00:00:00,18.9722,18.7722,19.0222,18.5722,68.438,0.00025,3339874.0,68828887.0,-1.5729700821090233,19.0722
HK.01876,百威亚太,2021-12-31 00:00:00,19.0722,18.6222,19.2722,18.4722,67.94,0.00032,4185035.0,86561989.0,-0.7990539201585436,18.7722
HK.01876,百威亚太,2022-01-03 00:00:00,18.6222,18.7722,19.2722,18.5722,68.438,0.00025,3323241.0,68502673.0,0.8054902213487243,18.6222
HK.01876,百威亚太,2022-01-04 00:00:00,18.9722,18.4722,18.9722,17.9522,67.441,0.00037,4884620.0,98418691.0,-1.5981078403170683,18.7722
HK.01876,百威亚太,2022-01-05 00:00:00,18.2722,18.3222,18.6222,18.0522,66.943,0.00031,4110913.0,82873370.0,-0.8120310520674425,18.4722
HK.01876,百威亚太,2022-01-06 00:00:00,18.6722,18.5222,18.6722,18.1122,67.607,0.0003,3993755.0,80561900.0,1.091571972798042,18.3222
HK.01876,百威亚太,2022-01-07 00:00:00,18.4722,19.5722,19.6222,18.3722,71.096,0.00078,10269682.0,215032857.0,5.668873028042009,18.5222
HK.01876,百威亚太,2022-01-10 00:00:00,19.5722,19.1722,19.9222,19.1222,69.767,0.00047,6252441.0,132724171.0,-2.043715065245596,19.5722
HK.01876,百威亚太,2022-01-11 00:00:00,19.1222,18.8222,19.3222,18.7722,68.604,0.0004,5249330.0,108794922.0,-1.8255599253085268,19.1722
HK.01876,百威亚太,2022-01-12 00:00:00,18.8722,18.8722,18.9722,18.5722,68.77,0.00039,5143826.0,105882861.0,0.2656437610906308,18.8222
HK.01876,百威亚太,2022-01-13 00:00:00,18.9222,18.3722,18.9222,18.2722,67.109,0.00043,5701024.0,115794690.0,-2.6493996460402074,18.8722
HK.01876,百威亚太,2022-01-14 00:00:00,18.1722,18.2722,18.4222,17.7322,66.777,0.00082,10826231.0,216258680.0,-0.5443006281229134,18.3722
HK.01876,百威亚太,2022-01-17 00:00:00,18.2722,18.0122,18.2722,17.8522,65.913,0.00038,5059286.0,100595795.0,-1.4229266317137592,18.2722
HK.01876,百威亚太,2022-01-18 00:00:00,17.9922,17.9522,18.1122,17.4722,65.714,0.00064,8496408.0,166997727.0,-0.33310756043125617,18.0122
HK.01876,百威亚太,2022-01-19 00:00:00,17.9922,17.7122,18.1122,17.5722,64.916,0.00058,7680164.0,150927387.0,-1.3368835017435299,17.9522
HK.01876,百威亚太,2022-01-20 00:00:00,17.7722,18.6222,18.6722,17.7322,67.94,0.00065,8595341.0,172861865.0,5.137701697135308,17.7122
HK.01876,百威亚太,2022-01-21 00:00:00,18.6222,19.2722,19.7722,18.6222,70.099,0.00072,9562881.0,202704433.0,3.4904576258444333,18.6222
HK.01876,百威亚太,2022-01-24 00:00:00,19.5722,19.7722,19.8722,19.4722,71.76,0.00088,11696855.0,252174748.0,2.594410601799483,19.2722
HK.01876,百威亚太,2022-01-25 00:00:00,19.3722,19.7222,19.7722,19.1222,71.594,0.00086,11421400.0,244364524.0,-0.2528803066932395,19.7722
HK.01876,百威亚太,2022-01-26 00:00:00,19.6722,20.0722,20.5722,19.6722,72.757,0.00086,11363528.0,249579991.0,1.7746498869294394,19.7222
HK.01876,百威亚太,2022-01-27 00:00:00,19.8722,19.7722,20.0722,19.5722,71.76,0.0006,7895770.0,170752204.0,-1.4946044778350016,20.0722
HK.01876,百威亚太,2022-01-28 00:00:00,19.8722,19.6222,19.9722,19.2222,71.262,0.0007,9315312.0,200930043.0,-0.7586409200797186,19.7722
HK.01876,百威亚太,2022-01-31 00:00:00,19.8722,18.7222,19.8722,18.7222,68.272,0.00036,4720723.0,98524824.0,-4.586641660975826,19.6222
HK.01876,百威亚太,2022-02-04 00:00:00,18.9722,19.7722,19.8722,18.8722,71.76,0.0005,6588610.0,141182723.0,5.60831526209527,18.7222
HK.01876,百威亚太,2022-02-07 00:00:00,19.7722,19.8722,19.9222,19.3222,72.093,0.00035,4628600.0,99508049.0,0.5057606133864612,19.7722
HK.01876,百威亚太,2022-02-08 00:00:00,19.8722,19.5722,20.2722,19.5222,71.096,0.00038,5015261.0,108153222.0,-1.5096466420426562,19.8722
HK.01876,百威亚太,2022-02-09 00:00:00,19.5722,20.0722,20.1722,19.5722,72.757,0.00031,4113196.0,89436894.0,2.554643831557004,19.5722
HK.01876,百威亚太,2022-02-10 00:00:00,20.0222,20.2722,20.3222,19.7722,73.421,0.00032,4203421.0,92148965.0,0.996402985223358,20.0722
HK.01876,百威亚太,2022-02-11 00:00:00,20.3222,21.0722,21.1222,19.8722,76.079,0.00065,8667426.0,195477650.0,3.946290979765379,20.2722
HK.01876,百威亚太,2022-02-14 00:00:00,21.1222,21.2222,21.5222,20.8722,76.578,0.00074,9836280.0,226473053.0,0.7118383462571641,21.0722
HK.01876,百威亚太,2022-02-15 00:00:00,21.0222,21.0222,21.2222,20.8222,75.913,0.00048,6347406.0,144931779.0,-0.9424093637794352,21.2222
HK.01876,百威亚太,2022-02-16 00:00:00,21.1722,21.4722,21.5722,21.1222,77.408,0.00033,4431000.0,102829195.0,2.1405942289579554,21.0222
HK.01876,百威亚太,2022-02-17 00:00:00,21.5222,21.3222,21.6222,21.1222,76.91,0.0004,5269220.0,122123862.0,-0.698577695811338,21.4722
HK.01876,百威亚太,2022-02-18 00:00:00,21.3722,21.2722,21.6722,21.2222,76.744,0.00051,6740564.0,156292843.0,-0.23449737831929707,21.3222
HK.01876,百威亚太,2022-02-21 00:00:00,21.1222,21.1222,21.3722,20.8722,76.245,0.00021,2748417.0,62899173.0,-0.7051456830981381,21.2722
HK.01876,百威亚太,2022-02-22 00:00:00,20.3722,21.1722,21.3222,20.3722,76.411,0.00069,9148756.0,208727117.0,0.23671776614178786,21.1222
HK.01876,百威亚太,2022-02-23 00:00:00,21.0722,21.0222,21.1722,20.1722,75.913,0.0005,6656787.0,151179440.0,-0.7084762093688827,21.1722
HK.01876,百威亚太,2022-02-24 00:00:00,21.5222,22.1222,22.6222,21.0722,79.568,0.00364,48197035.0,1136575482.0,5.23256367078611,21.0222
HK.01876,百威亚太,2022-02-25 00:00:00,22.5222,23.0222,23.3222,22.3222,44.375,0.0011,14528727.0,359873246.0,4.068311469926147,22.1222
HK.01876,百威亚太,2022-02-28 00:00:00,23.0722,22.4222,23.0722,22.3222,43.303,0.00065,8574143.0,208751344.0,-2.6061801217954903,23.0222
HK.01876,百威亚太,2022-03-01 00:00:00,22.4222,22.7722,23.3722,22.3722,43.928,0.00127,16851978.0,415828305.0,1.5609529840961254,22.4222
HK.01876,百威亚太,2022-03-02 00:00:00,22.6722,22.6722,22.8722,22.3222,43.75,0.00085,11312523.0,277424662.0,-0.439131924012618,22.7722
HK.01876,百威亚太,2022-03-03 00:00:00,22.8222,23.2722,23.4722,22.8222,44.821,0.00133,17551995.0,439333459.0,2.6464127874665953,22.6722
HK.01876,百威亚太,2022-03-04 00:00:00,23.5222,23.2722,23.5722,23.0222,44.821,0.00098,12967360.0,325287107.0,0.0,23.2722
HK.01876,百威亚太,2022-03-07 00:00:00,22.8222,22.3222,22.8222,21.9722,43.125,0.00068,9055770.0,218256664.0,-4.082123735615896,23.2722
HK.01876,百威亚太,2022-03-08 00:00:00,22.0222,21.2222,22.5722,20.8222,41.16,0.00116,15323748.0,356853266.0,-4.927829694205759,22.3222
HK.01876,百威亚太,2022-03-09 00:00:00,21.4722,20.5222,21.5722,20.1722,39.91,0.00112,14866825.0,333869564.0,-3.2984327732280314,21.2222
HK.01876,百威亚太,2022-03-10 00:00:00,20.9722,20.3222,21.0722,19.8222,39.553,0.00177,23413276.0,519340117.0,-0.9745543850074692,20.5222
HK.01876,百威亚太,2022-03-11 00:00:00,19.4722,20.1222,20.2222,19.1222,39.196,0.00159,21011690.0,452588121.0,-0.9841454173268607,20.3222
HK.01876,百威亚太,2022-03-14 00:00:00,19.9722,19.0722,19.9722,18.4222,37.321,0.00152,20104000.0,418908631.0,-5.218117303276982,20.1222
HK.01876,百威亚太,2022-03-15 00:00:00,18.8222,18.2222,18.8722,17.6722,35.803,0.00141,18723731.0,375548595.0,-4.456748565975597,19.0722
HK.01876,百威亚太,2022-03-16 00:00:00,18.9222,18.7222,19.3722,18.0722,36.696,0.00116,15352047.0,312856751.0,2.7439057852509574,18.2222
HK.01876,百威亚太,2022-03-17 00:00:00,18.9722,19.8222,19.8222,18.7222,38.66,0.00167,22157234.0,469320092.0,5.875377893623601,18.7222
HK.01876,百威亚太,2022-03-18 00:00:00,19.8222,19.8222,20.3222,19.0722,38.729,0.00105,13915776.0,301962116.0,0.0,19.8222
HK.01876,百威亚太,2022-03-21 00:00:00,20.1722,19.5222,20.1722,19.3222,38.193,0.00063,8387088.0,179437347.0,-1.513454611496187,19.8222
HK.01876,百威亚太,2022-03-22 00:00:00,19.8722,19.6222,20.1722,19.3722,38.372,0.00036,4811808.0,103319067.0,0.5122373502986234,19.5222
HK.01876,百威亚太,2022-03-23 00:00:00,19.6222,19.3722,19.9722,19.1722,37.924,0.00068,9008419.0,192065814.0,-1.2740671280488427,19.6222
HK.01876,百威亚太,2022-03-24 00:00:00,19.3722,19.0722,19.5722,18.5722,37.388,0.00091,12092273.0,253046246.0,-1.5486108960262681,19.3722
HK.01876,百威亚太,2022-03-25 00:00:00,19.0722,18.4722,19.2222,18.1322,36.314,0.0013,17216447.0,349788720.0,-3.1459401642180653,19.0722
HK.01876,百威亚太,2022-03-28 00:00:00,18.4722,18.1722,18.4722,17.5922,35.778,0.00116,15330443.0,304378890.0,-1.6240621041348657,18.4722
HK.01876,百威亚太,2022-03-29 00:00:00,18.5722,18.4222,18.6722,18.1322,36.225,0.00044,5880392.0,118990394.0,1.3757277599850322,18.1722
HK.01876,百威亚太,2022-03-30 00:00:00,18.6722,19.1722,19.3722,18.6722,37.567,0.00074,9766533.0,203945170.0,4.071174995386002,18.4222
HK.01876,百威亚太,2022-03-31 00:00:00,19.1722,19.0222,19.2222,18.8722,37.298,0.00072,9547283.0,199651600.0,-0.7823828251322152,19.1722
HK.01876,百威亚太,2022-04-01 00:00:00,18.6722,19.3222,19.3722,18.5722,37.835,0.00126,16645576.0,348651120.0,1.5771046461502725,19.0222
HK.01876,百威亚太,2022-04-04 00:00:00,19.2222,18.6222,19.3722,18.5722,36.583,0.00075,9910230.0,205533740.0,-3.622775874382831,19.3222
HK.01876,百威亚太,2022-04-06 00:00:00,18.5222,18.5722,18.8222,18.0922,36.493,0.00075,9946968.0,202208959.0,-0.2684967404495748,18.6222
HK.01876,百威亚太,2022-04-07 00:00:00,18.2722,17.7922,18.3722,17.3722,35.098,0.00109,14407153.0,282302623.0,-4.199825545708088,18.5722
HK.01876,百威亚太,2022-04-08 00:00:00,17.8722,18.1722,18.2222,17.7122,35.778,0.00094,12412789.0,246864537.0,2.135767358730224,17.7922
HK.01876,百威亚太,2022-04-11 00:00:00,18.1722,17.6322,18.1722,17.2922,34.812,0.00092,12146098.0,237338022.0,-2.9715719615676646,18.1722
HK.01876,百威亚太,2022-04-12 00:00:00,17.5322,18.1522,18.8722,17.4522,35.742,0.00138,18331744.0,364205265.0,2.949149850841072,17.6322
HK.01876,百威亚太,2022-04-13 00:00:00,18.1522,18.3222,18.6222,17.7922,36.046,0.00063,8394785.0,168450201.0,0.93652560020272,18.1522
HK.01876,百威亚太,2022-04-14 00:00:00,18.2722,18.5722,18.9722,18.2722,36.493,0.00056,7413692.0,151831682.0,1.3644649659975332,18.3222
HK.01876,百威亚太,2022-04-19 00:00:00,18.0122,18.0922,18.3722,17.8722,35.635,0.00033,4342114.0,86339710.0,-2.584508028128065,18.5722
HK.01876,百威亚太,2022-04-20 00:00:00,17.9922,18.4722,18.9722,17.9322,36.314,0.00067,8847649.0,179814318.0,2.1003526381534727,18.0922
HK.01876,百威亚太,2022-04-21 00:00:00,18.4722,18.5722,18.7222,18.1722,36.493,0.00034,4476079.0,90999572.0,0.5413540347116091,18.4722
HK.01876,百威亚太,2022-04-22 00:00:00,18.1722,18.7222,18.8722,17.8922,36.762,0.00051,6696326.0,136306402.0,0.807658758790031,18.5722
HK.01876,百威亚太,2022-04-25 00:00:00,18.1722,17.9722,18.7722,17.8322,35.42,0.00055,7280616.0,144909058.0,-4.00593947292519,18.7222
HK.01876,百威亚太,2022-04-26 00:00:00,18.1722,18.1322,18.5222,17.8922,35.706,0.00054,7140934.0,143049048.0,0.8902638519491222,17.9722
HK.01876,百威亚太,2022-04-27 00:00:00,17.9522,18.1722,18.6722,17.8722,35.778,0.00062,8173585.0,164357721.0,0.22060202292054545,18.1322
HK.01876,百威亚太,2022-04-28 00:00:00,18.0722,17.9522,18.2222,17.7922,35.384,0.0004,5262834.0,104484164.0,-1.210640428786822,18.1722
HK.01876,百威亚太,2022-04-29 00:00:00,17.9522,17.9522,18.1322,17.5922,35.384,0.00066,8703920.0,171469468.0,0.0,17.9522
HK.01876,百威亚太,2022-05-03 00:00:00,17.9522,18.1122,18.4222,17.8322,35.67,0.00055,7333124.0,146323452.0,0.8912556678290132,17.9522
HK.01876,百威亚太,2022-05-04 00:00:00,18.0922,17.8322,18.2222,17.7322,35.169,0.00044,5814918.0,114904877.0,-1.5459193250957979,18.1122
HK.01876,百威亚太,2022-05-05 00:00:00,18.4222,19.1722,20.0722,18.2722,37.567,0.00158,20936577.0,438578535.0,7.514496248359707,17.8322
HK.01876,百威亚太,2022-05-06 00:00:00,18.8222,17.5722,18.8722,17.4922,34.704,0.00127,16879613.0,331345990.0,-8.345416801410382,19.1722
HK.01876,百威亚太,2022-05-10 00:00:00,16.9922,17.4722,17.6722,16.6922,34.525,0.00085,11226610.0,215712285.0,-0.5690807070258583,17.5722
HK.01876,百威亚太,2022-05-11 00:00:00,17.3522,18.1322,18.3722,17.2722,35.706,0.00098,13003341.0,257514034.0,3.777429287668411,17.4722
HK.01876,百威亚太,2022-05-12 00:00:00,17.9322,17.9922,18.2722,17.7722,35.456,0.00047,6244888.0,124290598.0,-0.7721070802219288,18.1322
HK.01876,百威亚太,2022-05-13 00:00:00,18.3722,18.0122,18.3722,17.7722,35.491,0.00048,6309409.0,124795664.0,0.11115928013249948,17.9922
HK.01876,百威亚太,2022-05-16 00:00:00,18.089,18.049,18.269,17.809,35.134,0.00038,5034806.0,98645008.0,0.20430597039783868,18.0122
HK.01876,百威亚太,2022-05-17 00:00:00,17.969,18.229,18.559,17.969,35.456,0.00048,6324119.0,125250093.0,0.9972851681533588,18.049
HK.01876,百威亚太,2022-05-18 00:00:00,18.229,18.229,18.389,18.089,35.456,0.00042,5603931.0,111159938.0,0.0,18.229
HK.01876,百威亚太,2022-05-19 00:00:00,17.769,17.569,17.929,17.249,34.275,0.00068,8977497.0,171877055.0,-3.6206045312414297,18.229
HK.01876,百威亚太,2022-05-20 00:00:00,17.769,18.459,18.559,17.669,35.867,0.00144,19025465.0,371880245.0,5.065740793443,17.569
HK.01876,百威亚太,2022-05-23 00:00:00,18.329,18.049,18.459,17.989,35.134,0.00046,6070063.0,119656638.0,-2.2211387399100717,18.459
HK.01876,百威亚太,2022-05-24 00:00:00,18.209,17.829,18.209,17.729,34.74,0.00029,3795835.0,73709457.0,-1.2189040944096563,18.049
HK.01876,百威亚太,2022-05-25 00:00:00,17.989,17.809,18.009,17.629,34.704,0.00024,3152224.0,61348445.0,-0.11217679062201791,17.829
HK.01876,百威亚太,2022-05-26 00:00:00,17.989,17.609,17.989,17.509,34.347,0.00032,4231186.0,81531917.0,-1.1230276826323728,17.809
HK.01876,百威亚太,2022-05-27 00:00:00,17.909,18.249,18.459,17.829,35.491,0.00047,6172912.0,122222371.0,3.6345050826281837,17.609
HK.01876,百威亚太,2022-05-30 00:00:00,18.389,18.759,18.909,18.349,36.404,0.00057,7554181.0,153418693.0,2.794673680749639,18.249
HK.01876,百威亚太,2022-05-31 00:00:00,18.759,19.259,19.309,18.759,37.298,0.00097,12860857.0,266621321.0,2.665387280771896,18.759
HK.01876,百威亚太,2022-06-01 00:00:00,19.259,19.909,20.009,19.159,38.461,0.0008,10599056.0,225575029.0,3.3750454333039026,19.259
HK.01876,百威亚太,2022-06-02 00:00:00,19.909,20.109,20.209,19.709,38.819,0.00056,7433670.0,160410321.0,1.0045707971269418,19.909
HK.01876,百威亚太,2022-06-06 00:00:00,20.409,20.559,20.609,19.559,39.624,0.00078,10303283.0,224591127.0,2.2378039683723667,20.109
HK.01876,百威亚太,2022-06-07 00:00:00,20.559,20.459,20.709,20.059,39.445,0.0006,7938022.0,174808360.0,-0.4864049807870101,20.559
HK.01876,百威亚太,2022-06-08 00:00:00,20.459,20.709,21.009,20.209,39.892,0.00067,8835088.0,196377435.0,1.2219561073366245,20.459
HK.01876,百威亚太,2022-06-09 00:00:00,20.659,19.959,20.659,19.759,38.55,0.00097,12794241.0,277417578.0,-3.621613791105317,20.709
HK.01876,百威亚太,2022-06-10 00:00:00,19.959,19.709,20.009,19.509,38.103,0.00041,5461437.0,116601877.0,-1.252567763916028,19.959
HK.01876,百威亚太,2022-06-13 00:00:00,19.309,19.059,19.309,18.559,36.94,0.00083,10947682.0,225674417.0,-3.297985691815915,19.709
HK.01876,百威亚太,2022-06-14 00:00:00,18.409,19.009,19.059,18.329,36.851,0.00041,5406069.0,110298672.0,-0.2623432499081836,19.059
HK.01876,百威亚太,2022-06-15 00:00:00,18.609,18.859,19.159,18.509,36.583,0.00059,7837887.0,160475340.0,-0.7890999000473384,19.009
HK.01876,百威亚太,2022-06-16 00:00:00,18.859,18.759,19.209,18.559,36.404,0.00035,4582629.0,93539609.0,-0.5302508086324906,18.859
HK.01876,百威亚太,2022-06-17 00:00:00,18.759,18.659,19.059,18.409,36.225,0.00062,8191165.0,166465637.0,-0.5330774561543867,18.759
HK.01876,百威亚太,2022-06-20 00:00:00,18.659,19.109,19.209,18.509,37.03,0.00039,5181281.0,106587076.0,2.411704807331598,18.659
HK.01876,百威亚太,2022-06-21 00:00:00,19.009,19.359,19.509,19.009,37.477,0.00018,2359516.0,49459344.0,1.308284054633942,19.109
HK.01876,百威亚太,2022-06-22 00:00:00,19.359,18.909,19.659,18.859,36.672,0.00033,4359353.0,90373185.0,-2.324500232450038,19.359
HK.01876,百威亚太,2022-06-23 00:00:00,19.359,19.559,19.609,19.009,37.835,0.00057,7572028.0,159059574.0,3.4375165265217738,18.909
HK.01876,百威亚太,2022-06-24 00:00:00,19.709,21.009,21.109,19.709,40.429,0.00117,15553696.0,345304288.0,7.413466946162887,19.559
HK.01876,百威亚太,2022-06-27 00:00:00,21.159,20.809,21.409,20.559,40.071,0.00062,8238920.0,185668586.0,-0.9519729639678198,21.009
HK.01876,百威亚太,2022-06-28 00:00:00,20.909,21.759,21.809,20.709,41.771,0.00067,8907264.0,205635829.0,4.565332308135899,20.809
HK.01876,百威亚太,2022-06-29 00:00:00,21.709,21.259,21.809,21.159,40.876,0.00073,9633504.0,221595512.0,-2.297899719656234,21.759
HK.01876,百威亚太,2022-06-30 00:00:00,21.059,21.909,22.209,21.009,42.039,0.00137,18129964.0,423662043.0,3.057528576132455,21.259
HK.01876,百威亚太,2022-07-04 00:00:00,21.409,21.559,21.709,21.109,41.413,0.00062,8146576.0,188018861.0,-1.5975170021452274,21.909
HK.01876,百威亚太,2022-07-05 00:00:00,21.909,21.559,22.209,21.259,41.413,0.00038,5039183.0,116682129.0,0.0,21.559
HK.01876,百威亚太,2022-07-06 00:00:00,21.409,21.209,21.609,20.809,40.787,0.00078,10283790.0,234553396.0,-1.6234519226309263,21.559
HK.01876,百威亚太,2022-07-07 00:00:00,21.209,21.659,21.709,20.609,41.592,0.00077,10138805.0,231688324.0,2.121740770427645,21.209
HK.01876,百威亚太,2022-07-08 00:00:00,21.859,21.509,21.959,21.259,41.323,0.00033,4349510.0,100342983.0,-0.6925527494344087,21.659
HK.01876,百威亚太,2022-07-11 00:00:00,21.309,21.009,21.359,20.959,40.429,0.00033,4422181.0,100223750.0,-2.32460830350086,21.509
HK.01876,百威亚太,2022-07-12 00:00:00,20.959,20.909,21.059,20.559,40.25,0.00064,8536263.0,191317784.0,-0.4759864819839184,21.009
HK.01876,百威亚太,2022-07-13 00:00:00,20.609,20.859,21.109,20.509,40.161,0.00069,9076335.0,203784389.0,-0.2391314744846581,20.909
HK.01876,百威亚太,2022-07-14 00:00:00,20.909,20.859,21.309,20.709,40.161,0.00033,4328993.0,97455594.0,0.0,20.859
HK.01876,百威亚太,2022-07-15 00:00:00,20.809,20.809,21.159,20.659,40.071,0.00041,5463441.0,122483837.0,-0.23970468382952542,20.859
HK.01876,百威亚太,2022-07-18 00:00:00,20.709,20.859,21.109,20.459,40.161,0.00044,5893216.0,131890667.0,0.24028064779662983,20.809
HK.01876,百威亚太,2022-07-19 00:00:00,20.809,20.609,20.959,20.459,39.713,0.00035,4678121.0,103985932.0,-1.19852341914761,20.859
HK.01876,百威亚太,2022-07-20 00:00:00,20.759,20.809,21.109,20.659,40.071,0.00035,4576144.0,102503987.0,0.9704498034839113,20.609
HK.01876,百威亚太,2022-07-21 00:00:00,20.809,21.059,21.309,20.609,40.518,0.00038,5086840.0,115057249.0,1.2014032389831322,20.809
HK.01876,百威亚太,2022-07-22 00:00:00,21.209,21.209,21.659,21.009,40.787,0.00055,7259805.0,166399887.0,0.7122845339284798,21.059
HK.01876,百威亚太,2022-07-25 00:00:00,20.909,21.359,21.459,20.709,41.055,0.00067,8918927.0,203491034.0,0.707246923475893,21.209
HK.01876,百威亚太,2022-07-26 00:00:00,21.559,21.659,21.809,21.459,41.592,0.00058,7687776.0,178521516.0,1.4045601385832536,21.359
HK.01876,百威亚太,2022-07-27 00:00:00,21.509,21.709,21.709,21.409,41.681,0.00059,7769250.0,180351558.0,0.2308509164781417,21.659
HK.01876,百威亚太,2022-07-28 00:00:00,22.059,22.109,22.659,21.659,42.397,0.00092,12148544.0,288068036.0,1.84255377953845,21.709
HK.01876,百威亚太,2022-07-29 00:00:00,21.459,20.159,21.959,19.809,38.908,0.00169,22414796.0,493123425.0,-8.819937581980202,22.109
HK.01876,百威亚太,2022-08-01 00:00:00,20.209,21.359,21.809,20.209,41.055,0.00092,12213443.0,278574509.0,5.952676224019063,20.159
HK.01876,百威亚太,2022-08-02 00:00:00,21.359,21.209,21.559,20.909,40.787,0.00076,10048943.0,228487916.0,-0.7022800692916434,21.359
HK.01876,百威亚太,2022-08-03 00:00:00,21.309,20.759,21.309,20.609,39.982,0.00043,5699658.0,128202635.0,-2.121740770427645,21.209
HK.01876,百威亚太,2022-08-04 00:00:00,20.659,21.359,21.459,20.659,41.055,0.00051,6752762.0,153537765.0,2.8903126354834114,20.759
HK.01876,百威亚太,2022-08-05 00:00:00,21.359,21.309,21.609,21.159,40.966,0.00029,3800729.0,87075279.0,-0.23409335643054782,21.359
HK.01876,百威亚太,2022-08-08 00:00:00,21.309,21.409,21.809,21.059,41.144,0.0004,5327926.0,122579796.0,0.4692852785208028,21.309
HK.01876,百威亚太,2022-08-09 00:00:00,21.409,21.459,21.609,21.159,41.234,0.0004,5299323.0,122055674.0,0.23354663926386435,21.409
HK.01876,百威亚太,2022-08-10 00:00:00,21.409,20.959,21.659,20.809,40.339,0.00018,2319893.0,52532688.0,-2.3300246982618016,21.459
HK.01876,百威亚太,2022-08-11 00:00:00,21.409,21.409,21.509,21.109,41.144,0.00027,3585523.0,82213287.0,2.1470490004294063,20.959
HK.01876,百威亚太,2022-08-12 00:00:00,21.509,21.059,21.509,21.009,40.518,0.00024,3176993.0,72110240.0,-1.6348264748470172,21.409
HK.01876,百威亚太,2022-08-15 00:00:00,21.109,21.059,21.209,20.659,40.518,0.00027,3526522.0,79496402.0,0.0,21.059
HK.01876,百威亚太,2022-08-16 00:00:00,21.109,20.959,21.359,20.659,40.339,0.00022,2874816.0,64674668.0,-0.4748563559523311,21.059
HK.01876,百威亚太,2022-08-17 00:00:00,21.059,21.209,21.409,20.909,40.787,0.00034,4527883.0,103210990.0,1.192805000238561,20.959
HK.01876,百威亚太,2022-08-18 00:00:00,21.359,21.509,22.209,21.259,41.323,0.0006,7889958.0,183238596.0,1.4144938469517692,21.209
HK.01876,百威亚太,2022-08-19 00:00:00,21.359,21.659,21.709,21.209,41.592,0.0003,3965154.0,91665983.0,0.6973824910502514,21.509
HK.01876,百威亚太,2022-08-22 00:00:00,21.509,21.109,21.609,21.009,40.608,0.00025,3342842.0,76287422.0,-2.5393600812595096,21.659
HK.01876,百威亚太,2022-08-23 00:00:00,21.109,20.909,21.109,20.709,40.25,0.00032,4280753.0,96241329.0,-0.9474631673693819,21.109
HK.01876,百威亚太,2022-08-24 00:00:00,20.859,20.609,21.059,20.259,39.713,0.00032,4301553.0,95491522.0,-1.4347888469080166,20.909
HK.01876,百威亚太,2022-08-25 00:00:00,21.359,21.159,21.359,20.759,40.697,0.00019,2533854.0,57095588.0,2.6687369595807517,20.609
HK.01876,百威亚太,2022-08-26 00:00:00,20.809,21.609,21.759,20.809,41.502,0.00034,4509526.0,104216997.0,2.1267545725223447,21.159
HK.01876,百威亚太,2022-08-29 00:00:00,21.209,21.359,21.659,21.109,41.055,0.00023,3022453.0,69342373.0,-1.156925355176084,21.609
HK.01876,百威亚太,2022-08-30 00:00:00,21.059,21.309,21.409,20.859,40.966,0.00023,3090500.0,70302795.0,-0.23409335643054782,21.359
HK.01876,百威亚太,2022-08-31 00:00:00,20.909,21.559,21.709,20.909,41.413,0.00063,8337947.0,192344681.0,1.173213196302032,21.309
HK.01876,百威亚太,2022-09-01 00:00:00,21.159,20.259,21.159,20.209,39.087,0.00067,8828504.0,196482844.0,-6.029964284057705,21.559
HK.01876,百威亚太,2022-09-02 00:00:00,20.259,20.709,20.759,20.209,39.892,0.00047,6236576.0,137889283.0,2.221235006663701,20.259
HK.01876,百威亚太,2022-09-05 00:00:00,20.459,20.109,20.709,19.759,38.819,0.0009,11865466.0,259313549.0,-2.897291032884243,20.709
HK.01876,百威亚太,2022-09-06 00:00:00,20.259,20.209,20.409,19.809,38.998,0.00017,2283399.0,49561378.0,0.49728977074940506,20.109
HK.01876,百威亚太,2022-09-07 00:00:00,19.659,19.559,19.959,19.359,37.835,0.00029,3875448.0,82064953.0,-3.2163887376911204,20.209
HK.01876,百威亚太,2022-09-08 00:00:00,19.559,19.459,19.709,19.209,37.656,0.00032,4183921.0,88040503.0,-0.5112735824939998,19.559
HK.01876,百威亚太,2022-09-09 00:00:00,19.659,19.809,20.009,19.609,38.282,0.0003,4037718.0,86511277.0,1.79865357932063,19.459
HK.01876,百威亚太,2022-09-13 00:00:00,19.609,20.259,20.459,19.359,39.087,0.0004,5280506.0,114567250.0,2.2716946842344354,19.809
HK.01876,百威亚太,2022-09-14 00:00:00,19.609,19.809,20.059,19.509,38.282,0.00041,5481591.0,117030234.0,-2.221235006663701,20.259
HK.01876,百威亚太,2022-09-15 00:00:00,19.759,20.209,20.309,19.709,38.998,0.00033,4320023.0,93671374.0,2.0192841637639387,19.809
HK.01876,百威亚太,2022-09-16 00:00:00,20.209,20.909,20.909,20.059,40.25,0.00066,8773731.0,196505577.0,3.463803255975057,20.209
HK.01876,百威亚太,2022-09-19 00:00:00,21.009,20.909,21.059,20.609,40.25,0.00035,4592234.0,103256195.0,0.0,20.909
HK.01876,百威亚太,2022-09-20 00:00:00,20.859,21.109,21.359,20.709,40.608,0.00042,5569964.0,126431722.0,0.9565258979387004,20.909
HK.01876,百威亚太,2022-09-21 00:00:00,20.709,20.659,21.009,20.459,39.803,0.00026,3454598.0,77192729.0,-2.1317921265810926,21.109
HK.01876,百威亚太,2022-09-22 00:00:00,20.159,21.009,21.109,20.059,40.429,0.00042,5525098.0,123576430.0,1.6941768720654509,20.659
HK.01876,百威亚太,2022-09-23 00:00:00,20.809,20.509,21.259,20.459,39.534,0.00024,3229900.0,72031403.0,-2.3799324099195585,21.009
HK.01876,百威亚太,2022-09-26 00:00:00,20.409,20.159,20.459,19.709,38.908,0.00085,11286999.0,245272049.0,-1.7065678482617457,20.509
HK.01876,百威亚太,2022-09-27 00:00:00,20.159,19.809,20.159,18.559,38.282,0.00105,13922950.0,291958447.0,-1.7361972320055454,20.159
HK.01876,百威亚太,2022-09-28 00:00:00,19.559,19.209,20.009,19.059,37.209,0.00064,8451321.0,177630179.0,-3.0289262456459256,19.809
HK.01876,百威亚太,2022-09-29 00:00:00,19.459,19.209,19.909,18.959,37.209,0.00052,6884310.0,144480921.0,0.0,19.209
HK.01876,百威亚太,2022-09-30 00:00:00,19.709,18.959,19.859,18.759,36.762,0.00054,7126821.0,147980856.0,-1.3014732677390806,19.209
HK.01876,百威亚太,2022-10-03 00:00:00,18.609,19.009,19.109,18.329,36.851,0.00024,3237334.0,65760360.0,0.2637269898201419,18.959
HK.01876,百威亚太,2022-10-05 00:00:00,19.709,20.159,20.259,19.559,38.908,0.00041,5396975.0,116382345.0,6.049765900362979,19.009
HK.01876,百威亚太,2022-10-06 00:00:00,20.009,20.409,20.509,19.609,39.355,0.00039,5102750.0,111716119.0,1.2401408800039684,20.159
HK.01876,百威亚太,2022-10-07 00:00:00,20.409,20.109,20.659,20.009,38.819,0.00031,4131716.0,90675545.0,-1.4699397324709549,20.409
HK.01876,百威亚太,2022-10-10 00:00:00,19.659,19.209,19.809,19.159,37.209,0.00037,4923765.0,103343160.0,-4.475607936744751,20.109
HK.01876,百威亚太,2022-10-11 00:00:00,19.209,18.909,19.359,18.709,36.672,0.00025,3251320.0,66776532.0,-1.5617679212869005,19.209
HK.01876,百威亚太,2022-10-12 00:00:00,18.609,18.149,18.959,17.569,35.313,0.00099,13056221.0,257252868.0,-4.0192500925485115,18.909
HK.01876,百威亚太,2022-10-13 00:00:00,18.009,17.909,18.309,17.769,34.883,0.00038,4991293.0,97930030.0,-1.322386908369618,18.149
HK.01876,百威亚太,2022-10-14 00:00:00,18.129,17.489,18.189,17.409,34.132,0.00047,6256771.0,121490812.0,-2.3451895694901905,17.909
HK.01876,百威亚太,2022-10-17 00:00:00,17.489,17.329,17.609,16.989,33.846,0.0006,7949818.0,149912107.0,-0.9148607696266232,17.489
HK.01876,百威亚太,2022-10-18 00:00:00,17.409,17.589,17.669,17.029,34.311,0.00036,4746211.0,90181406.0,1.500375093773432,17.329
HK.01876,百威亚太,2022-10-19 00:00:00,17.589,17.349,17.629,17.289,33.881,0.00043,5724803.0,108955125.0,-1.3644891693672092,17.589
HK.01876,百威亚太,2022-10-20 00:00:00,17.029,16.449,17.069,16.349,32.271,0.00043,5640343.0,102586081.0,-5.187618882932726,17.349
HK.01876,百威亚太,2022-10-21 00:00:00,16.409,15.488999999,16.409,15.369,30.554,0.00096,12756340.0,220856261.0,-5.836221052951553,16.449
HK.01876,百威亚太,2022-10-24 00:00:00,15.488999999,14.988999999,15.529,14.749,29.66,0.00093,12266362.0,204916954.0,-3.228097359624772,15.488999999
HK.01876,百威亚太,2022-10-25 00:00:00,15.049,14.869,15.128999999,14.309,29.445,0.00072,9560434.0,156046797.0,-0.8005870905864753,14.988999999
HK.01876,百威亚太,2022-10-26 00:00:00,14.869,15.209,15.769,14.709,30.053,0.00092,12182600.0,205499108.0,2.286636626538435,14.869
HK.01876,百威亚太,2022-10-27 00:00:00,15.849,16.349,16.409,15.729,32.093,0.00165,21885125.0,387631565.0,7.4955618383851705,15.209
HK.01876,百威亚太,2022-10-28 00:00:00,16.809,15.189,16.809,15.089,30.017,0.00082,10896432.0,186900217.0,-7.095235182579975,16.349
HK.01876,百威亚太,2022-10-31 00:00:00,15.049,14.929,15.329,14.628999999,29.552,0.00059,7808589.0,129996129.0,-1.7117650931595219,15.189
HK.01876,百威亚太,2022-11-01 00:00:00,15.069,16.009,16.209,15.009,31.484,0.00086,11342315.0,196549853.0,7.23424207917476,14.929
HK.01876,百威亚太,2022-11-02 00:00:00,16.009,16.609,16.729,15.809,32.558,0.00049,6469643.0,116094352.0,3.7478918108564017,16.009
HK.01876,百威亚太,2022-11-03 00:00:00,16.789,16.469,16.789,16.049,32.307,0.00091,12117176.0,217264708.0,-0.8429164910590677,16.609
HK.01876,百威亚太,2022-11-04 00:00:00,16.469,17.469,17.889,16.449,34.096,0.0012,15951842.0,301357693.0,6.072014087072682,16.469
HK.01876,百威亚太,2022-11-07 00:00:00,17.869,17.949,18.109,17.509,34.955,0.00085,11255814.0,219322192.0,2.7477245406148056,17.469
HK.01876,百威亚太,2022-11-08 00:00:00,17.969,17.369,18.109,16.989,33.917,0.00106,14027197.0,267527978.0,-3.231377792634697,17.949
HK.01876,百威亚太,2022-11-09 00:00:00,17.129,17.089,17.309,16.849,33.416,0.00058,7742381.0,144431918.0,-1.6120674765386676,17.369
HK.01876,百威亚太,2022-11-10 00:00:00,16.969,17.509,17.589,16.789,34.168,0.0007,9319433.0,175732824.0,2.4577213412136567,17.089
HK.01876,百威亚太,2022-11-11 00:00:00,18.509,18.409,18.909,17.809,35.778,0.00098,12938420.0,256563094.0,5.140213604431998,17.509
HK.01876,百威亚太,2022-11-14 00:00:00,19.059,19.109,19.759,18.809,37.03,0.00147,19491680.0,404537384.0,3.8024879135205762,18.409
HK.01876,百威亚太,2022-11-15 00:00:00,19.259,19.359,19.459,18.859,37.477,0.00061,8107162.0,168851841.0,1.308284054633942,19.109
HK.01876,百威亚太,2022-11-16 00:00:00,19.609,20.309,20.509,19.359,39.177,0.00108,14318731.0,311790701.0,4.907278268505601,19.359
HK.01876,百威亚太,2022-11-17 00:00:00,20.409,20.259,20.609,19.759,39.087,0.00134,17692831.0,385946819.0,-0.2461962676645857,20.309
HK.01876,百威亚太,2022-11-18 00:00:00,20.409,20.809,21.009,20.359,40.071,0.00106,14067635.0,314262143.0,2.7148427859223094,20.259
HK.01876,百威亚太,2022-11-21 00:00:00,20.059,19.409,20.159,19.059,37.567,0.00125,16569940.0,347921899.0,-6.7278581383055505,20.809
HK.01876,百威亚太,2022-11-22 00:00:00,19.409,18.959,19.709,18.809,36.762,0.00052,6823764.0,141389773.0,-2.31851203050131,19.409
HK.01876,百威亚太,2022-11-23 00:00:00,18.759,18.709,18.909,18.349,36.314,0.00083,11011281.0,222495244.0,-1.318634949100691,18.959
HK.01876,百威亚太,2022-11-24 00:00:00,18.959,18.809,19.159,18.609,36.493,0.0003,3964481.0,81238588.0,0.5345021112833472,18.709
HK.01876,百威亚太,2022-11-25 00:00:00,18.859,18.409,18.959,18.389,35.778,0.00029,3889062.0,78277706.0,-2.126641501408911,18.809
HK.01876,百威亚太,2022-11-28 00:00:00,17.669,18.909,19.209,17.429,36.672,0.00051,6738430.0,134190526.0,2.7160627953718293,18.409
HK.01876,百威亚太,2022-11-29 00:00:00,19.109,19.709,19.909,19.059,38.103,0.00046,6151977.0,130458849.0,4.230789571103711,18.909
HK.01876,百威亚太,2022-11-30 00:00:00,19.709,20.809,20.809,19.209,40.071,0.00138,18332738.0,405278320.0,5.581206555380798,19.709
HK.01876,百威亚太,2022-12-01 00:00:00,20.859,21.859,22.809,20.759,41.949,0.00153,20206163.0,469607650.0,5.045893603729159,20.809
HK.01876,百威亚太,2022-12-02 00:00:00,22.309,22.159,22.559,21.809,42.486,0.00085,11209070.0,266328946.0,1.3724324077039074,21.859
HK.01876,百威亚太,2022-12-05 00:00:00,22.859,22.609,22.909,22.209,43.291,0.00108,14357955.0,346113627.0,2.0307775621643707,22.159
HK.01876,百威亚太,2022-12-06 00:00:00,22.409,23.009,23.559,22.059,44.007,0.00074,9825725.0,241236898.0,1.769206952983319,22.609
HK.01876,百威亚太,2022-12-07 00:00:00,22.959,22.309,23.459,22.259,42.754,0.00083,10952075.0,268856932.0,-3.0422878004259175,23.009
HK.01876,百威亚太,2022-12-08 00:00:00,22.309,22.509,22.709,21.959,43.112,0.00065,8568689.0,205440284.0,0.8964991707382639,22.309
HK.01876,百威亚太,2022-12-09 00:00:00,22.609,22.909,23.059,21.809,43.828,0.00093,12380400.0,299030941.0,1.7770669509973727,22.509
HK.01876,百威亚太,2022-12-12 00:00:00,22.559,22.409,22.959,22.309,42.933,0.00066,8679238.0,210357274.0,-2.1825483434458075,22.909
HK.01876,百威亚太,2022-12-13 00:00:00,22.409,22.959,23.059,22.209,43.917,0.00069,9099058.0,221761226.0,2.454371011647109,22.409
HK.01876,百威亚太,2022-12-14 00:00:00,23.059,23.159,23.359,22.759,44.275,0.00072,9569526.0,235855501.0,0.8711180800557485,22.959
HK.01876,百威亚太,2022-12-15 00:00:00,23.309,22.459,23.309,22.359,43.023,0.00026,3451689.0,83510646.0,-3.0225830130834637,23.159
HK.01876,百威亚太,2022-12-16 00:00:00,22.609,22.859,22.859,21.909,43.738,0.00051,6782707.0,163926907.0,1.7810231978271611,22.459
HK.01876,百威亚太,2022-12-19 00:00:00,22.459,23.159,23.209,22.459,44.275,0.00034,4523425.0,111154926.0,1.3123933680388344,22.859
HK.01876,百威亚太,2022-12-20 00:00:00,22.859,22.659,23.009,22.359,43.381,0.00022,2956908.0,71719517.0,-2.1589878664881903,23.159
HK.01876,百威亚太,2022-12-21 00:00:00,22.659,22.409,22.959,22.259,42.933,0.00042,5496035.0,132634159.0,-1.1033143563264045,22.659
HK.01876,百威亚太,2022-12-22 00:00:00,22.909,23.159,23.259,22.359,44.275,0.00032,4248998.0,104022943.0,3.3468695613369635,22.409
HK.01876,百威亚太,2022-12-23 00:00:00,23.059,23.109,23.509,22.909,44.186,0.00017,2229511.0,55236445.0,-0.21589878664880677,23.159
HK.01876,百威亚太,2022-12-28 00:00:00,23.359,23.809,24.459,23.159,45.438,0.00063,8342850.0,213289299.0,3.02912285256826,23.109
HK.01876,百威亚太,2022-12-29 00:00:00,23.809,23.409,23.809,23.259,44.722,0.00025,3358275.0,84032320.0,-1.6800369608131467,23.809
HK.01876,百威亚太,2022-12-30 00:00:00,23.809,22.959,23.959,22.809,43.917,0.00023,3008072.0,74291184.0,-1.922337562475968,23.409
HK.01876,百威亚太,2023-01-03 00:00:00,22.209,23.359,23.759,22.059,44.633,0.00033,4322360.0,107296787.0,1.7422361601115124,22.959
HK.01876,百威亚太,2023-01-04 00:00:00,23.759,23.959,24.009,23.059,45.706,0.00032,4301031.0,108883491.0,2.5686031080097513,23.359
HK.01876,百威亚太,2023-01-05 00:00:00,23.959,24.859,25.509,23.959,47.316,0.0008,10654842.0,283561776.0,3.7564172127384374,23.959
HK.01876,百威亚太,2023-01-06 00:00:00,25.459,25.309,25.809,25.009,48.121,0.00057,7565745.0,203653142.0,1.810209582042718,24.859
HK.01876,百威亚太,2023-01-09 00:00:00,25.559,25.409,25.809,25.109,48.3,0.0006,7925843.0,213881212.0,0.3951163617685324,25.309
HK.01876,百威亚太,2023-01-10 00:00:00,25.409,24.759,25.409,24.609,47.137,0.00049,6480902.0,171819387.0,-2.5581486874729373,25.409
HK.01876,百威亚太,2023-01-11 00:00:00,24.709,23.809,24.709,23.609,45.438,0.00065,8623452.0,220421265.0,-3.8369885698129944,24.759
HK.01876,百威亚太,2023-01-12 00:00:00,23.809,23.859,24.159,22.959,45.527,0.0005,6669550.0,168425067.0,0.21000462010164522,23.809
HK.01876,百威亚太,2023-01-13 00:00:00,23.959,24.259,24.459,23.159,46.243,0.00051,6756670.0,171386252.0,1.67651619933777,23.859
HK.01876,百威亚太,2023-01-16 00:00:00,24.609,24.109,24.609,23.859,45.974,0.00026,3425449.0,87883913.0,-0.6183272187641641,24.259
HK.01876,百威亚太,2023-01-17 00:00:00,23.909,23.759,24.659,23.609,45.348,0.00047,6169796.0,157834222.0,-1.451740014102623,24.109
HK.01876,百威亚太,2023-01-18 00:00:00,23.559,23.209,23.659,22.809,44.364,0.0006,7929100.0,196681513.0,-2.3149122437813068,23.759
HK.01876,百威亚太,2023-01-19 00:00:00,22.609,23.259,23.659,22.459,44.454,0.00061,8128831.0,201676054.0,0.215433667973634,23.209
HK.01876,百威亚太,2023-01-20 00:00:00,23.109,23.409,23.509,23.059,44.722,0.00047,6165841.0,153280233.0,0.6449116471043406,23.259
HK.01876,百威亚太,2023-01-26 00:00:00,23.609,23.859,23.859,22.909,45.527,0.00066,8727162.0,219543125.0,1.922337562475983,23.409
HK.01876,百威亚太,2023-01-27 00:00:00,23.759,23.659,24.109,23.409,45.169,0.00019,2495570.0,63021948.0,-0.8382580996689,23.859
HK.01876,百威亚太,2023-01-30 00:00:00,23.509,23.459,23.909,23.259,44.812,0.00046,6110036.0,153276399.0,-0.8453442664525098,23.659
HK.01876,百威亚太,2023-01-31 00:00:00,23.409,23.109,23.509,22.759,44.186,0.00064,8418143.0,207640801.0,-1.4919647043778417,23.459
HK.01876,百威亚太,2023-02-01 00:00:00,22.909,23.159,23.159,22.709,44.275,0.00039,5164293.0,126973550.0,0.21636591804057795,23.109
HK.01876,百威亚太,2023-02-02 00:00:00,23.209,23.009,23.509,22.759,44.007,0.00045,5897521.0,145051235.0,-0.647696359946451,23.159
HK.01876,百威亚太,2023-02-03 00:00:00,23.159,22.859,23.359,22.359,43.738,0.00036,4813168.0,117406873.0,-0.6519188143769767,23.009
HK.01876,百威亚太,2023-02-06 00:00:00,22.759,22.359,23.009,22.109,42.844,0.0006,7901486.0,189721557.0,-2.1873222800647447,22.859
HK.01876,百威亚太,2023-02-07 00:00:00,22.359,21.959,22.509,21.909,42.128,0.00079,10492192.0,248845147.0,-1.788988774095452,22.359
HK.01876,百威亚太,2023-02-08 00:00:00,21.809,21.859,22.059,21.409,41.949,0.00086,11364640.0,265514395.0,-0.4553941436313032,21.959
HK.01876,百威亚太,2023-02-09 00:00:00,21.609,22.109,22.209,21.609,42.397,0.00076,10099648.0,238366091.0,1.1436936730866003,21.859
HK.01876,百威亚太,2023-02-10 00:00:00,21.909,21.309,21.959,21.209,40.966,0.00076,10043195.0,231745984.0,-3.6184359310687984,22.109
HK.01876,百威亚太,2023-02-13 00:00:00,21.209,22.009,22.159,20.709,42.218,0.00112,14770830.0,341701240.0,3.284996949645686,21.309
HK.01876,百威亚太,2023-02-14 00:00:00,22.109,22.109,22.259,21.659,42.397,0.00041,5488758.0,128908291.0,0.4543595801717544,22.009
HK.01876,百威亚太,2023-02-15 00:00:00,22.109,21.759,22.309,21.509,41.771,0.0002,2655579.0,62036091.0,-1.5830657198426044,22.109
HK.01876,百威亚太,2023-02-16 00:00:00,21.909,21.959,22.209,21.609,42.128,0.00047,6160815.0,144885882.0,0.9191598878624905,21.759
HK.01876,百威亚太,2023-02-17 00:00:00,21.959,21.709,22.109,21.559,41.681,0.00025,3306762.0,77404959.0,-1.1384853590782822,21.959
HK.01876,百威亚太,2023-02-20 00:00:00,21.709,21.659,22.109,21.409,41.592,0.00021,2768092.0,64440435.0,-0.23031922244230835,21.709
HK.01876,百威亚太,2023-02-21 00:00:00,21.659,21.409,22.109,21.359,41.144,0.00035,4683300.0,108913970.0,-1.1542545823906922,21.659
HK.01876,百威亚太,2023-02-22 00:00:00,21.259,21.459,21.859,21.259,41.234,0.00021,2738027.0,63336365.0,0.23354663926386435,21.409
HK.01876,百威亚太,2023-02-23 00:00:00,21.409,21.609,22.009,21.409,41.502,0.00025,3322976.0,77525135.0,0.6990074094785503,21.459
HK.01876,百威亚太,2023-02-24 00:00:00,21.609,21.559,21.909,21.409,41.413,0.00034,4491714.0,104114280.0,-0.23138507103522007,21.609
HK.01876,百威亚太,2023-02-27 00:00:00,21.259,22.109,22.109,21.209,42.397,0.00055,7247036.0,170102068.0,2.551138735562877,21.559
HK.01876,百威亚太,2023-02-28 00:00:00,22.159,21.909,22.809,21.859,42.039,0.0009,11893367.0,282340567.0,-0.9046089827672117,22.109
HK.01876,百威亚太,2023-03-01 00:00:00,22.109,23.559,23.709,22.059,44.991,0.00118,15591615.0,386451685.0,7.531151581541843,21.909
HK.01876,百威亚太,2023-03-02 00:00:00,22.909,23.059,23.359,22.059,45.817,0.00064,8454495.0,205994120.0,-2.122331168555541,23.559
HK.01876,百威亚太,2023-03-03 00:00:00,23.159,22.159,23.309,21.909,44.144,0.00067,8874028.0,213163130.0,-3.9030313543518895,23.059
HK.01876,百威亚太,2023-03-06 00:00:00,21.959,22.509,22.609,21.959,44.795,0.00031,4054919.0,97087764.0,1.5794936594611735,22.159
HK.01876,百威亚太,2023-03-07 00:00:00,22.509,21.859,22.659,21.759,43.587,0.00051,6792420.0,160740053.0,-2.887733795370734,22.509
HK.01876,百威亚太,2023-03-08 00:00:00,21.659,21.709,21.959,21.459,43.308,0.00031,4134717.0,96334766.0,-0.68621620385197,21.859
HK.01876,百威亚太,2023-03-09 00:00:00,21.709,22.009,22.159,21.409,43.866,0.00055,7253964.0,170644440.0,1.3819153346538335,21.709
HK.01876,百威亚太,2023-03-10 00:00:00,22.009,21.559,22.059,21.409,43.029,0.00061,8063321.0,187147545.0,-2.0446181107728627,22.009
HK.01876,百威亚太,2023-03-13 00:00:00,21.609,22.409,22.909,21.559,44.609,0.00048,6314776.0,151422554.0,3.942668954960795,21.559
HK.01876,百威亚太,2023-03-14 00:00:00,22.509,21.709,22.559,21.659,43.308,0.00022,2927612.0,68752486.0,-3.123744923914496,22.409
HK.01876,百威亚太,2023-03-15 00:00:00,22.009,22.109,22.559,21.959,44.052,0.00037,4866622.0,115869272.0,1.84255377953845,21.709
HK.01876,百威亚太,2023-03-16 00:00:00,21.659,21.409,21.659,20.909,42.75,0.00053,6963482.0,160567979.0,-3.1661314396852087,22.109
HK.01876,百威亚太,2023-03-17 00:00:00,21.759,21.959,22.059,21.609,43.773,0.0006,7937163.0,186431316.0,2.5690130319024744,21.409
HK.01876,百威亚太,2023-03-20 00:00:00,21.959,20.859,21.959,20.759,41.728,0.00047,6274077.0,142853751.0,-5.009335579944432,21.959
HK.01876,百威亚太,2023-03-21 00:00:00,20.859,21.609,21.659,20.859,43.122,0.00037,4877665.0,112003369.0,3.59557025744283,20.859
HK.01876,百威亚太,2023-03-22 00:00:00,21.609,21.759,22.259,21.459,43.401,0.0003,4011561.0,94347996.0,0.6941552131056438,21.609
HK.01876,百威亚太,2023-03-23 00:00:00,22.059,22.209,22.209,21.459,44.237,0.00033,4376664.0,103061642.0,2.0681097476906074,21.759
HK.01876,百威亚太,2023-03-24 00:00:00,22.009,22.209,22.559,21.959,44.237,0.00023,3003972.0,71763998.0,0.0,22.209
HK.01876,百威亚太,2023-03-27 00:00:00,22.059,22.459,22.909,21.859,44.702,0.00039,5110210.0,123021986.0,1.1256697735152417,22.209
HK.01876,百威亚太,2023-03-28 00:00:00,22.959,22.959,23.159,22.559,45.631,0.00096,12713983.0,311805418.0,2.2262789972839396,22.459
HK.01876,百威亚太,2023-03-29 00:00:00,22.959,22.809,23.609,22.609,45.353,0.00059,7845677.0,192943577.0,-0.6533385600418075,22.959
HK.01876,百威亚太,2023-03-30 00:00:00,22.659,23.059,23.109,22.609,45.817,0.00031,4158364.0,101745228.0,1.0960585733701609,22.809
HK.01876,百威亚太,2023-03-31 00:00:00,23.009,22.359,23.459,22.309,44.516,0.00087,11511492.0,279583547.0,-3.035691053384792,23.059
HK.01876,百威亚太,2023-04-03 00:00:00,22.359,22.559,22.609,22.109,44.888,0.00042,5518111.0,131913721.0,0.894494387047718,22.359
HK.01876,百威亚太,2023-04-04 00:00:00,22.759,22.809,23.259,22.659,45.353,0.00063,8302285.0,202909096.0,1.1082051509375417,22.559
HK.01876,百威亚太,2023-04-06 00:00:00,22.759,23.009,23.409,22.659,45.724,0.0003,3971508.0,97639239.0,0.8768468586961256,22.809
HK.01876,百威亚太,2023-04-11 00:00:00,23.059,22.709,23.259,22.309,45.167,0.00044,5832707.0,141781959.0,-1.3038376287539688,23.009
HK.01876,百威亚太,2023-04-12 00:00:00,22.859,22.459,22.859,22.359,44.702,0.00038,5065736.0,122147095.0,-1.1008851116297502,22.709
HK.01876,百威亚太,2023-04-13 00:00:00,22.459,22.459,22.509,21.859,44.702,0.00034,4555614.0,108916589.0,0.0,22.459
HK.01876,百威亚太,2023-04-14 00:00:00,22.609,23.209,23.259,22.559,46.096,0.00038,5010119.0,123021356.0,3.3394184959259094,22.459
HK.01876,百威亚太,2023-04-17 00:00:00,23.209,22.859,23.209,22.659,45.446,0.00035,4697082.0,115074144.0,-1.5080356758154072,23.209
HK.01876,百威亚太,2023-04-18 00:00:00,22.859,22.809,23.009,22.609,45.353,0.00022,2891300.0,70633495.0,-0.2187322280064776,22.859
HK.01876,百威亚太,2023-04-19 00:00:00,22.809,22.259,22.809,22.209,44.33,0.00055,7278142.0,174652459.0,-2.411328861414357,22.809
HK.01876,百威亚太,2023-04-20 00:00:00,22.259,22.059,22.509,21.909,43.959,0.00046,6116788.0,145226321.0,-0.8985129610494599,22.259
HK.01876,百威亚太,2023-04-21 00:00:00,22.059,21.909,22.209,21.759,43.68,0.00025,3265600.0,76867433.0,-0.6799945600435292,22.059
HK.01876,百威亚太,2023-04-24 00:00:00,21.909,21.609,21.959,21.309,43.122,0.00022,2904424.0,67046659.0,-1.3693002875530476,21.909
HK.01876,百威亚太,2023-04-25 00:00:00,21.459,20.709,21.609,20.409,41.449,0.00074,9839805.0,219695884.0,-4.164931278633912,21.609
HK.01876,百威亚太,2023-04-26 00:00:00,20.859,21.309,21.309,20.659,42.565,0.00048,6383895.0,145133347.0,2.89729103288426,20.709
HK.01876,百威亚太,2023-04-27 00:00:00,20.909,20.759,21.159,20.709,41.542,0.00041,5481348.0,123311798.0,-2.5810690318644736,21.309
HK.01876,百威亚太,2023-04-28 00:00:00,20.759,21.009,21.359,20.659,42.007,0.00036,4780954.0,108020428.0,1.2042969314514187,20.759
HK.01876,百威亚太,2023-05-02 00:00:00,21.059,21.059,21.459,20.709,42.1,0.00037,4842021.0,109587066.0,0.2379932409919592,21.009
HK.01876,百威亚太,2023-05-03 00:00:00,20.709,21.709,22.009,20.709,43.308,0.00052,6922561.0,159480906.0,3.086566313690102,21.059
HK.01876,百威亚太,2023-05-04 00:00:00,21.359,20.709,21.409,20.209,41.449,0.00117,15447810.0,344253246.0,-4.606384448846101,21.709
HK.01876,百威亚太,2023-05-05 00:00:00,20.909,20.559,21.009,19.959,41.171,0.00071,9411597.0,208368059.0,-0.7243227582210564,20.709
HK.01876,百威亚太,2023-05-08 00:00:00,20.559,20.559,21.009,20.509,41.171,0.00034,4503888.0,100169995.0,0.0,20.559
HK.01876,百威亚太,2023-05-09 00:00:00,20.459,20.259,20.709,20.209,40.613,0.00074,9856026.0,217404614.0,-1.4592149423610132,20.559
HK.01876,百威亚太,2023-05-10 00:00:00,20.159,19.659,20.359,19.559,39.498,0.00081,10727468.0,229680343.0,-2.9616466755516138,20.259
HK.01876,百威亚太,2023-05-11 00:00:00,19.709,19.359,19.809,19.109,38.94,0.00066,8800596.0,184239763.0,-1.5260186174271182,19.659
HK.01876,百威亚太,2023-05-12 00:00:00,19.309,19.409,19.659,19.209,39.033,0.00046,6050819.0,126973160.0,0.2582778036055434,19.359
HK.01876,百威亚太,2023-05-15 00:00:00,19.5551,20.1051,20.3551,19.4551,39.776,0.00042,5614011.0,119745674.0,3.5864804987377057,19.409
HK.01876,百威亚太,2023-05-16 00:00:00,20.1051,19.8551,20.2051,19.7051,39.312,0.00031,4062049.0,86235139.0,-1.2434655883333086,20.1051
HK.01876,百威亚太,2023-05-17 00:00:00,19.9051,19.3051,19.9051,19.1051,38.289,0.00055,7256587.0,151396727.0,-2.770069150998991,19.8551
HK.01876,百威亚太,2023-05-18 00:00:00,19.3051,19.1051,19.5051,18.9551,37.918,0.00038,4984835.0,102269638.0,-1.0359956695380976,19.3051
HK.01876,百威亚太,2023-05-19 00:00:00,18.7551,19.5051,19.7551,18.7551,38.661,0.00046,6069960.0,125728296.0,2.09368179177287,19.1051
HK.01876,百威亚太,2023-05-22 00:00:00,19.6051,19.6551,20.0051,19.2551,38.94,0.00029,3826510.0,80474379.0,0.769029638402275,19.5051
HK.01876,百威亚太,2023-05-23 00:00:00,19.6551,19.5551,19.8551,19.3551,38.754,0.00059,7860012.0,163794183.0,-0.5087738042543737,19.6551
HK.01876,百威亚太,2023-05-24 00:00:00,19.5551,18.9551,19.8051,18.9551,37.639,0.00063,8382005.0,171896286.0,-3.068253294536964,19.5551
HK.01876,百威亚太,2023-05-25 00:00:00,18.8051,18.8551,18.9551,18.3651,37.453,0.00074,9837513.0,198230725.0,-0.5275625029675465,18.9551
HK.01876,百威亚太,2023-05-29 00:00:00,18.8051,18.5651,18.8551,18.3451,36.914,0.00048,6412687.0,127308822.0,-1.5380454094648086,18.8551
HK.01876,百威亚太,2023-05-30 00:00:00,18.5651,18.7051,18.9551,18.5051,37.174,0.00042,5556455.0,110999236.0,0.7541031289893432,18.5651
HK.01876,百威亚太,2023-05-31 00:00:00,18.7051,18.3851,18.8551,18.2651,36.579,0.00113,14954764.0,295053458.0,-1.7107633746946034,18.7051
HK.01876,百威亚太,2023-06-01 00:00:00,18.3051,18.0851,18.7551,18.0651,36.022,0.00043,5651743.0,110999536.0,-1.6317561503608937,18.3851
HK.01876,百威亚太,2023-06-02 00:00:00,18.2051,18.8051,18.9551,18.2051,37.36,0.00074,9855122.0,197001626.0,3.981177875709832,18.0851
HK.01876,百威亚太,2023-06-05 00:00:00,18.8051,18.3851,19.0051,18.1451,36.579,0.00053,6994871.0,138235067.0,-2.23343667409372,18.8051
HK.01876,百威亚太,2023-06-06 00:00:00,18.5251,19.0051,19.1551,18.3651,37.732,0.00043,5634900.0,114001009.0,3.3722960440791585,18.3851
HK.01876,百威亚太,2023-06-07 00:00:00,19.1051,19.2551,19.4551,19.0551,38.197,0.00039,5180785.0,106515736.0,1.315436382865652,19.0051
HK.01876,百威亚太,2023-06-08 00:00:00,19.5051,19.7051,19.9551,19.2551,39.033,0.00093,12329102.0,259173131.0,2.337043172977564,19.2551
HK.01876,百威亚太,2023-06-09 00:00:00,19.7051,19.7551,19.9551,19.5551,39.126,0.00079,10464612.0,220090265.0,0.25374141719654886,19.7051
HK.01876,百威亚太,2023-06-12 00:00:00,19.7551,20.1551,20.4051,19.7551,39.869,0.00073,9705600.0,207097900.0,2.024793597602655,19.7551
HK.01876,百威亚太,2023-06-13 00:00:00,20.0051,20.4051,20.5051,19.9051,40.334,0.00034,4563328.0,98484972.0,1.24038084653512,20.1551
HK.01876,百威亚太,2023-06-14 00:00:00,20.3551,19.9551,20.3551,19.7051,39.498,0.00068,9016305.0,192551728.0,-2.2053310201861263,20.4051
HK.01876,百威亚太,2023-06-15 00:00:00,20.1551,20.5051,20.6051,19.9551,40.52,0.00037,4891038.0,105789802.0,2.756187641254602,19.9551
HK.01876,百威亚太,2023-06-16 00:00:00,20.6051,20.9051,21.2051,20.4551,41.263,0.00054,7195793.0,159986047.0,1.9507342075873912,20.5051
HK.01876,百威亚太,2023-06-19 00:00:00,20.6551,20.3551,20.8551,20.1051,40.241,0.00044,5814685.0,125960885.0,-2.630936948400154,20.9051
HK.01876,百威亚太,2023-06-20 00:00:00,20.0551,20.4051,20.5551,20.0551,40.334,0.0002,2632255.0,57019368.0,0.2456386851452496,20.3551
HK.01876,百威亚太,2023-06-21 00:00:00,20.4051,20.0051,20.4551,19.9551,39.591,0.0003,4010500.0,86012987.0,-1.9602942401654593,20.4051
HK.01876,百威亚太,2023-06-23 00:00:00,19.8551,19.4551,19.8551,19.0051,38.568,0.00043,5698281.0,117407992.0,-2.7492989287731486,20.0051
HK.01876,百威亚太,2023-06-26 00:00:00,19.4551,19.5551,19.7051,19.2051,38.754,0.00032,4238656.0,87930408.0,0.5140040400717439,19.4551
HK.01876,百威亚太,2023-06-27 00:00:00,19.4551,19.5551,19.8551,19.3551,38.754,0.00026,3481245.0,72589311.0,0.0,19.5551
HK.01876,百威亚太,2023-06-28 00:00:00,19.3051,19.5051,19.6551,19.3051,38.661,0.00027,3538932.0,73660301.0,-0.25568777454475156,19.5551
HK.01876,百威亚太,2023-06-29 00:00:00,19.5051,18.6251,19.5051,18.0051,37.026,0.00129,17144885.0,340309322.0,-4.511640545293277,19.5051
HK.01876,百威亚太,2023-06-30 00:00:00,18.5451,18.9051,19.2051,18.3451,37.546,0.00076,10044254.0,203037023.0,1.5033476330328488,18.6251
HK.01876,百威亚太,2023-07-03 00:00:00,18.9051,19.2551,19.5051,18.8551,38.197,0.00072,9493523.0,194497060.0,1.8513522806015192,18.9051
HK.01876,百威亚太,2023-07-04 00:00:00,19.2051,19.1051,19.3051,18.9551,37.918,0.00023,3106399.0,63483478.0,-0.7790143909925089,19.2551
HK.01876,百威亚太,2023-07-05 00:00:00,19.0051,18.9551,19.2051,18.8551,37.639,0.00036,4771590.0,96806415.0,-0.7851306719148216,19.1051
HK.01876,百威亚太,2023-07-06 00:00:00,18.5251,17.9651,18.8051,17.6851,35.799,0.00137,18102239.0,350019377.0,-5.222868779378647,18.9551
HK.01876,百威亚太,2023-07-07 00:00:00,17.8451,17.5851,17.9051,17.3851,35.092,0.00074,9764310.0,184884535.0,-2.115212272684255,17.9651
HK.01876,百威亚太,2023-07-10 00:00:00,17.7451,17.3251,18.0051,17.1051,34.609,0.00049,6506998.0,121236149.0,-1.4785244326162579,17.5851
HK.01876,百威亚太,2023-07-11 00:00:00,17.3851,17.3851,17.5851,17.1851,34.721,0.0013,17193447.0,320522362.0,0.3463183473688595,17.3251
HK.01876,百威亚太,2023-07-12 00:00:00,17.3851,17.3651,17.6851,17.2251,34.684,0.0007,9293200.0,173696537.0,-0.11504104089133552,17.3851
HK.01876,百威亚太,2023-07-13 00:00:00,17.4251,17.6451,17.8251,17.4251,35.204,0.0011,14612837.0,276357069.0,1.6124295281915886,17.3651
HK.01876,百威亚太,2023-07-14 00:00:00,17.6451,17.5651,17.8451,17.4451,35.055,0.00073,9705351.0,183444024.0,-0.4533836589194638,17.6451
HK.01876,百威亚太,2023-07-18 00:00:00,17.4251,16.9851,17.6051,16.8251,33.977,0.00107,14150310.0,259076584.0,-3.302002265856738,17.5651
HK.01876,百威亚太,2023-07-19 00:00:00,16.8451,16.7651,17.0451,16.4451,33.568,0.00106,14039948.0,251793625.0,-1.2952528981283529,16.9851
HK.01876,百威亚太,2023-07-20 00:00:00,16.7651,16.9851,17.2051,16.7251,33.977,0.00114,15047657.0,273582442.0,1.3122498523718849,16.7651
HK.01876,百威亚太,2023-07-21 00:00:00,16.8851,17.0051,17.1051,16.8051,34.014,0.00041,5375879.0,98187269.0,0.117750263466212,16.9851
HK.01876,百威亚太,2023-07-24 00:00:00,16.7851,17.1051,17.3251,16.7851,34.2,0.00064,8439852.0,154806711.0,0.588058876454719,17.0051
HK.01876,百威亚太,2023-07-25 00:00:00,17.7451,17.3851,17.8051,17.3451,34.721,0.0011,14566368.0,274409822.0,1.6369386907998267,17.1051
HK.01876,百威亚太,2023-07-26 00:00:00,17.2651,17.1451,17.5451,17.0651,34.275,0.00067,8866441.0,164158638.0,-1.3804924906960672,17.3851
HK.01876,百威亚太,2023-07-27 00:00:00,17.2251,17.5251,17.5651,17.1851,34.981,0.00081,10667791.0,199200751.0,2.216376690716292,17.1451
HK.01876,百威亚太,2023-07-28 00:00:00,17.3051,17.2851,17.4851,17.1251,34.535,0.00065,8645933.0,160404579.0,-1.36946436824896,17.5251
HK.01876,百威亚太,2023-07-31 00:00:00,17.5851,17.6051,17.9851,17.4451,35.13,0.00104,13740829.0,261128436.0,1.8513054596155087,17.2851
HK.01876,百威亚太,2023-08-01 00:00:00,17.6451,17.3851,17.7451,17.2051,34.721,0.00056,7400800.0,138283138.0,-1.2496378890207887,17.6051
HK.01876,百威亚太,2023-08-02 00:00:00,17.1251,16.9451,17.2851,16.7651,33.903,0.00059,7816746.0,143202698.0,-2.530902899609443,17.3851
HK.01876,百威亚太,2023-08-03 00:00:00,15.9451,16.2051,16.5251,15.6251,32.527,0.00205,27088283.0,471454509.0,-4.3670441602587085,16.9451
HK.01876,百威亚太,2023-08-04 00:00:00,16.2051,16.4251,16.4851,16.0251,32.936,0.00135,17909304.0,315786094.0,1.357597299615546,16.2051
HK.01876,百威亚太,2023-08-07 00:00:00,16.4051,17.0851,17.2051,16.3651,34.163,0.0008,10593440.0,193712185.0,4.018240376009888,16.4251
HK.01876,百威亚太,2023-08-08 00:00:00,16.8651,16.6851,17.0851,16.5651,33.42,0.00104,13709334.0,247321192.0,-2.341221298090161,17.0851
HK.01876,百威亚太,2023-08-09 00:00:00,16.5051,16.9651,16.9851,16.4651,33.94,0.00051,6710962.0,121789219.0,1.6781439727661278,16.6851
HK.01876,百威亚太,2023-08-10 00:00:00,16.8051,16.9651,17.0051,16.6051,33.94,0.00034,4497957.0,81525993.0,0.0,16.9651
HK.01876,百威亚太,2023-08-11 00:00:00,16.8051,16.6451,16.9451,16.4251,33.345,0.00057,7505977.0,134447042.0,-1.8862252506616544,16.9651
HK.01876,百威亚太,2023-08-14 00:00:00,16.3051,16.4451,16.4651,16.1251,32.973,0.00052,6936965.0,122441540.0,-1.2015548119266288,16.6451
HK.01876,百威亚太,2023-08-15 00:00:00,16.1051,15.8651,16.4051,15.585099999,31.895,0.00296,39170852.0,671320764.0,-3.5268864281761743,16.4451
HK.01876,百威亚太,2023-08-16 00:00:00,15.7051,15.6251,15.8051,15.3851,31.449,0.00075,9933716.0,167998904.0,-1.5127544106245798,15.8651
HK.01876,百威亚太,2023-08-17 00:00:00,15.605099999,16.0451,16.0651,15.265099999,32.23,0.00071,9451853.0,162112862.0,2.6879827969101107,15.6251
HK.01876,百威亚太,2023-08-18 00:00:00,15.8451,15.765099999,16.1251,15.7051,31.71,0.0006,7910907.0,135806298.0,-1.7450810590149093,16.0451
HK.01876,百威亚太,2023-08-21 00:00:00,15.4651,15.6451,15.8651,15.4051,31.486,0.00031,4064497.0,68926867.0,-0.7611749941808975,15.765099999
HK.01876,百威亚太,2023-08-22 00:00:00,15.6451,15.605099999,15.9651,15.4651,31.412,0.00024,3215795.0,54316149.0,-0.2556711110826983,15.6451
HK.01876,百威亚太,2023-08-23 00:00:00,15.5051,15.605099999,15.785099999,15.425099999,31.412,0.00027,3611800.0,61028295.0,0.0,15.605099999
HK.01876,百威亚太,2023-08-24 00:00:00,15.8051,15.6651,15.9451,15.6451,31.524,0.00047,6255880.0,106649561.0,0.3844896924969752,15.605099999
HK.01876,百威亚太,2023-08-25 00:00:00,15.605099999,15.445099999,15.6451,15.3051,31.115,0.00032,4233786.0,71137539.0,-1.4043957651084302,15.6651
HK.01876,百威亚太,2023-08-28 00:00:00,15.9251,15.4651,16.0851,15.4051,31.152,0.0005,6598460.0,111921361.0,0.12949091298401802,15.445099999
HK.01876,百威亚太,2023-08-29 00:00:00,15.7251,15.8451,15.9051,15.425099999,31.858,0.00035,4668137.0,79595513.0,2.45714544361175,15.4651
HK.01876,百威亚太,2023-08-30 00:00:00,16.1851,15.8651,16.3051,15.785099999,31.895,0.00066,8695426.0,150849070.0,0.12622198660784453,15.8451
HK.01876,百威亚太,2023-08-31 00:00:00,15.8651,15.7051,16.0251,15.5451,31.598,0.0007,9336132.0,158773355.0,-1.0085029404163866,15.8651
HK.01876,百威亚太,2023-09-04 00:00:00,16.0251,15.8451,16.0251,15.5251,31.858,0.0006,7945088.0,135456871.0,0.8914301723643948,15.7051
HK.01876,百威亚太,2023-09-05 00:00:00,15.6451,15.5451,15.7451,15.5251,31.301,0.00035,4600954.0,77794416.0,-1.893329799117713,15.8451
HK.01876,百威亚太,2023-09-06 00:00:00,15.5651,15.4651,15.5651,15.265099999,31.152,0.00036,4792906.0,80028351.0,-0.5146316202533279,15.5451
HK.01876,百威亚太,2023-09-07 00:00:00,15.4851,15.445099999,15.5651,15.3651,31.115,0.00036,4712354.0,78825239.0,-0.12932345086678818,15.4651
HK.01876,百威亚太,2023-09-11 00:00:00,15.1451,15.425099999,15.4851,14.9051,31.078,0.00058,7649956.0,126554025.0,-0.12949090650947215,15.445099999
HK.01876,百威亚太,2023-09-12 00:00:00,15.425099999,15.5251,15.7251,15.3451,31.263,0.00034,4542178.0,76487184.0,0.6482940208263328,15.425099999
HK.01876,百威亚太,2023-09-13 00:00:00,15.7051,15.5051,15.785099999,15.445099999,31.226,0.00026,3401021.0,57309531.0,-0.12882364686861647,15.5251
HK.01876,百威亚太,2023-09-14 00:00:00,15.7051,15.585099999,15.7051,15.265099999,31.375,0.00033,4426866.0,74231757.0,0.5159592585665361,15.5051
HK.01876,百威亚太,2023-09-15 00:00:00,15.585099999,15.765099999,15.765099999,15.3051,31.71,0.00052,6873413.0,116895407.0,1.1549492785516244,15.585099999
HK.01876,百威亚太,2023-09-18 00:00:00,15.6451,15.5251,15.765099999,15.425099999,31.263,0.00038,5080343.0,85803086.0,-1.522349994704909,15.765099999
HK.01876,百威亚太,2023-09-19 00:00:00,15.3851,15.4851,15.5051,15.285099999,31.189,0.00028,3700970.0,61868448.0,-0.2576472937372443,15.5251
HK.01876,百威亚太,2023-09-20 00:00:00,15.5451,15.4651,15.6451,15.285099999,31.152,0.00038,4971178.0,83329422.0,-0.12915641487623314,15.4851
HK.01876,百威亚太,2023-09-21 00:00:00,15.445099999,15.2051,15.4851,14.8651,30.669,0.00067,8930284.0,146917359.0,-1.6812047772080347,15.4651
HK.01876,百威亚太,2023-09-22 00:00:00,15.105099999,15.4051,15.4051,14.8051,31.04,0.00061,8052952.0,132034389.0,1.3153481397688886,15.2051
HK.01876,百威亚太,2023-09-25 00:00:00,15.4051,14.8251,15.4051,14.8251,29.962,0.00045,6015500.0,98269649.0,-3.764986919916121,15.4051
HK.01876,百威亚太,2023-09-26 00:00:00,14.7051,14.5851,14.7251,14.1051,29.516,0.00089,11756919.0,184468495.0,-1.6188760952708596,14.8251
HK.01876,百威亚太,2023-09-27 00:00:00,14.5451,14.4051,14.5451,14.1651,29.182,0.00075,9926194.0,155408635.0,-1.2341362074994444,14.5851
HK.01876,百威亚太,2023-09-28 00:00:00,14.4051,14.0051,14.4851,13.9851,28.438,0.00064,8493453.0,131476132.0,-2.776794329785969,14.4051
HK.01876,百威亚太,2023-09-29 00:00:00,14.0051,14.1651,14.4251,13.9851,28.736,0.00122,16173700.0,250449645.0,1.1424409679331111,14.0051
HK.01876,百威亚太,2023-10-03 00:00:00,13.7051,13.9051,14.1051,13.5851,28.252,0.00066,8698029.0,132010742.0,-1.8354971020324709,14.1651
HK.01876,百威亚太,2023-10-04 00:00:00,13.7051,13.7651,13.7851,13.4251,27.992,0.00045,5902258.0,88377960.0,-1.0068248340536838,13.9051
HK.01876,百威亚太,2023-10-05 00:00:00,13.8651,14.5851,14.8251,13.8651,29.516,0.00066,8768158.0,137550717.0,5.957094390887101,13.7651
HK.01876,百威亚太,2023-10-06 00:00:00,14.5851,14.3051,14.8051,14.2251,28.996,0.00037,4889397.0,76816909.0,-1.9197674338880168,14.5851
HK.01876,百威亚太,2023-10-09 00:00:00,13.9051,14.0851,14.2051,13.7851,28.587,0.00024,3230291.0,49336174.0,-1.5379130519884436,14.3051
HK.01876,百威亚太,2023-10-10 00:00:00,14.3051,14.3851,14.785099999,14.2451,29.144,0.00037,4927138.0,77619888.0,2.1299103307750666,14.0851
HK.01876,百威亚太,2023-10-11 00:00:00,14.5451,14.2851,14.5851,14.2051,28.959,0.00063,8347680.0,130373342.0,-0.6951637458203255,14.3851
HK.01876,百威亚太,2023-10-12 00:00:00,14.5051,14.6651,14.6651,14.3651,29.665,0.00067,8918734.0,140592160.0,2.660114384918557,14.2851
HK.01876,百威亚太,2023-10-13 00:00:00,14.2851,13.9651,14.4851,13.8851,28.364,0.00051,6811767.0,104672473.0,-4.773237141240094,14.6651
HK.01876,百威亚太,2023-10-16 00:00:00,13.8051,13.6651,14.0051,13.6251,27.806,0.00049,6471015.0,97415474.0,-2.148212329306621,13.9651
HK.01876,百威亚太,2023-10-17 00:00:00,14.0451,13.8251,14.0451,13.7451,28.104,0.00036,4755821.0,72096889.0,1.1708659285332719,13.6651
HK.01876,百威亚太,2023-10-18 00:00:00,13.8251,13.6451,13.8251,13.3851,27.769,0.00071,9345300.0,139200711.0,-1.301979732515508,13.8251
HK.01876,百威亚太,2023-10-19 00:00:00,13.5251,13.2851,13.5251,13.2051,27.1,0.00043,5742409.0,84057274.0,-2.6383097229041885,13.6451
HK.01876,百威亚太,2023-10-20 00:00:00,13.2851,13.1251,13.3651,12.9451,26.802,0.00038,5033677.0,72787317.0,-1.2043567605814043,13.2851
HK.01876,百威亚太,2023-10-24 00:00:00,12.8851,12.9051,13.1451,12.7251,26.394,0.00048,6400439.0,91265891.0,-1.6761777053127265,13.1251
HK.01876,百威亚太,2023-10-25 00:00:00,13.3651,13.3251,13.7851,13.2451,27.174,0.00059,7806399.0,115240682.0,3.2545272799126064,12.9051
HK.01876,百威亚太,2023-10-26 00:00:00,13.4051,13.5451,13.6051,13.3851,27.583,0.0004,5295736.0,78384163.0,1.6510195045440472,13.3251
HK.01876,百威亚太,2023-10-27 00:00:00,13.5451,13.9051,13.9651,13.4451,28.252,0.00065,8578688.0,129240636.0,2.657787687060261,13.5451
HK.01876,百威亚太,2023-10-30 00:00:00,13.8851,14.1851,14.3451,13.8251,28.773,0.00056,7377426.0,114324601.0,2.0136496681073934,13.9051
HK.01876,百威亚太,2023-10-31 00:00:00,14.1851,13.5851,14.1851,13.4651,27.657,0.00059,7789765.0,116714037.0,-4.22979041388499,14.1851
HK.01876,百威亚太,2023-11-01 00:00:00,13.7051,13.6651,14.0651,13.6251,27.806,0.00086,11346901.0,170440269.0,0.5888804646266871,13.5851
HK.01876,百威亚太,2023-11-02 00:00:00,13.9051,13.7051,14.0251,13.6451,27.881,0.0004,5295675.0,79833834.0,0.2927164821333115,13.6651
HK.01876,百威亚太,2023-11-03 00:00:00,13.8851,14.0451,14.0651,13.6251,28.513,0.00052,6854041.0,104092674.0,2.480828304791646,13.7051
HK.01876,百威亚太,2023-11-06 00:00:00,14.2251,14.785099999,14.8851,14.1851,29.888,0.00088,11622325.0,185249543.0,5.268741404475583,14.0451
HK.01876,百威亚太,2023-11-07 00:00:00,14.785099999,14.3651,14.8251,14.3451,29.107,0.00069,9090138.0,144052753.0,-2.840697722899452,14.785099999
HK.01876,百威亚太,2023-11-08 00:00:00,14.3051,14.4651,14.5851,14.1251,29.293,0.00039,5208208.0,81961438.0,0.696131596717041,14.3651
HK.01876,百威亚太,2023-11-09 00:00:00,14.4651,14.0851,14.4651,13.9451,28.587,0.00058,7678523.0,118271853.0,-2.6270126027472953,14.4651
HK.01876,百威亚太,2023-11-10 00:00:00,14.0851,13.8251,14.0851,13.7251,28.104,0.00028,3714454.0,56160025.0,-1.8459222866717295,14.0851
HK.01876,百威亚太,2023-11-13 00:00:00,13.7851,13.9451,13.9651,12.9251,28.327,0.00058,7742914.0,114916699.0,0.867986488343659,13.8251
HK.01876,百威亚太,2023-11-14 00:00:00,13.9051,14.1051,14.2651,13.8051,28.624,0.00039,5167684.0,79731782.0,1.147356419100617,13.9451
HK.01876,百威亚太,2023-11-15 00:00:00,14.5851,14.7051,14.765099999,14.2451,29.739,0.00058,7688787.0,122224998.0,4.253780547461554,14.1051
HK.01876,百威亚太,2023-11-16 00:00:00,14.7051,14.1451,14.785099999,14.0651,28.698,0.0005,6586063.0,102514029.0,-3.808202596378131,14.7051
HK.01876,百威亚太,2023-11-17 00:00:00,14.1451,13.9251,14.2851,13.8651,28.289,0.00027,3625435.0,55468375.0,-1.5553089055573934,14.1451
HK.01876,百威亚太,2023-11-20 00:00:00,13.9251,14.6251,14.6851,13.9251,29.591,0.0005,6681797.0,105401817.0,5.02689388227014,13.9251
HK.01876,百威亚太,2023-11-21 00:00:00,14.7251,14.2651,14.9651,14.2051,28.921,0.00042,5576216.0,87636480.0,-2.4615216306213252,14.6251
HK.01876,百威亚太,2023-11-22 00:00:00,14.1851,14.2051,14.3451,14.0451,28.81,0.00042,5516868.0,85440757.0,-0.420606935808375,14.2651
HK.01876,百威亚太,2023-11-23 00:00:00,14.3251,14.2051,14.3251,13.8451,28.81,0.00042,5519048.0,84929426.0,0.0,14.2051
HK.01876,百威亚太,2023-11-24 00:00:00,14.2251,13.8051,14.2251,13.7651,28.066,0.00043,5661201.0,86542260.0,-2.8158900676517615,14.2051
HK.01876,百威亚太,2023-11-27 00:00:00,13.8251,13.3651,13.8251,13.2451,27.249,0.00048,6414874.0,94339707.0,-3.1872279085265554,13.8051
HK.01876,百威亚太,2023-11-28 00:00:00,13.3651,12.8451,13.3851,12.8051,26.282,0.00061,8037220.0,114910468.0,-3.8907303349769142,13.3651
HK.01876,百威亚太,2023-11-29 00:00:00,12.7251,12.3251,12.8051,12.0051,25.315,0.00131,17331501.0,236687484.0,-4.048236292438358,12.8451
HK.01876,百威亚太,2023-11-30 00:00:00,12.3251,12.5251,12.7851,12.3251,25.687,0.00144,19043744.0,262370740.0,1.6227048867757605,12.3251
HK.01876,百威亚太,2023-12-01 00:00:00,12.5451,12.3651,12.6451,12.1851,25.39,0.00195,25843888.0,353419789.0,-1.2774349106993168,12.5251
HK.01876,百威亚太,2023-12-04 00:00:00,12.4651,12.1051,12.6451,11.9651,24.907,0.00135,17925829.0,241830735.0,-2.1026922548139506,12.3651
HK.01876,百威亚太,2023-12-05 00:00:00,12.0651,11.6251,12.0651,11.1251,24.014,0.00198,26253646.0,336343565.0,-3.965270836259101,12.1051
HK.01876,百威亚太,2023-12-06 00:00:00,11.4051,11.5251,11.7051,11.2651,23.828,0.0013,17254321.0,221085438.0,-0.8602076541277034,11.6251
HK.01876,百威亚太,2023-12-07 00:00:00,11.5251,11.6851,11.7051,11.4051,24.126,0.00067,8850496.0,114169763.0,1.3882742882925105,11.5251
HK.01876,百威亚太,2023-12-08 00:00:00,11.6851,11.6451,11.8051,11.5251,24.052,0.00051,6725333.0,87150950.0,-0.34231628312980567,11.6851
HK.01876,百威亚太,2023-12-11 00:00:00,11.4251,11.5051,11.6251,11.3451,23.791,0.00053,7043578.0,89923966.0,-1.2022223939682684,11.6451
HK.01876,百威亚太,2023-12-12 00:00:00,11.5051,11.5451,11.6451,11.3651,23.866,0.00067,8848635.0,113315317.0,0.3476719020260506,11.5051
HK.01876,百威亚太,2023-12-13 00:00:00,11.5451,11.3451,11.7251,11.1851,23.494,0.00083,11050265.0,139792217.0,-1.7323366623069467,11.5451
HK.01876,百威亚太,2023-12-14 00:00:00,11.5851,11.8651,11.8651,11.5851,24.46,0.00097,12837553.0,167330047.0,4.5834765669760476,11.3451
HK.01876,百威亚太,2023-12-15 00:00:00,12.0851,12.5451,12.5451,12.0251,25.724,0.00153,20300572.0,278847813.0,5.7310937118102645,11.8651
HK.01876,百威亚太,2023-12-18 00:00:00,12.3651,12.6451,12.7251,12.3651,25.91,0.0011,14593756.0,203145454.0,0.7971239766920921,12.5451
HK.01876,百威亚太,2023-12-19 00:00:00,12.6451,12.7051,12.8051,12.5651,26.022,0.00091,12048483.0,168105532.0,0.47449209575250884,12.6451
HK.01876,百威亚太,2023-12-20 00:00:00,12.9051,12.9251,13.1251,12.7051,26.431,0.00076,10003628.0,142482219.0,1.7315881024155704,12.7051
HK.01876,百威亚太,2023-12-21 00:00:00,12.9251,13.1651,13.2651,12.7451,26.877,0.00104,13724910.0,197478535.0,1.8568521713565094,12.9251
HK.01876,百威亚太,2023-12-22 00:00:00,13.1051,13.1051,13.2851,12.7451,26.765,0.00069,9115190.0,131183687.0,-0.4557504310639531,13.1651
HK.01876,百威亚太,2023-12-27 00:00:00,13.1051,12.8851,13.1051,12.7451,26.356,0.00044,5844039.0,83120543.0,-1.6787357593608645,13.1051
HK.01876,百威亚太,2023-12-28 00:00:00,12.9251,13.2651,13.3051,12.7451,27.063,0.0006,8001700.0,115438480.0,2.9491428083600497,12.8851
HK.01876,百威亚太,2023-12-29 00:00:00,13.2651,13.3251,13.3851,13.0251,27.174,0.00038,4987036.0,72689077.0,0.4523147205825851,13.2651
HK.01876,百威亚太,2024-01-02 00:00:00,13.3251,12.7051,13.5451,12.4051,26.022,0.00072,9472487.0,131942920.0,-4.652873149169619,13.3251
HK.01876,百威亚太,2024-01-03 00:00:00,12.3651,12.6251,12.6651,12.2251,25.873,0.00057,7574002.0,104395189.0,-0.629668400878388,12.7051
HK.01876,百威亚太,2024-01-04 00:00:00,12.5851,12.3851,12.6651,12.2451,25.427,0.00042,5608481.0,76635099.0,-1.900975041781849,12.6251
HK.01876,百威亚太,2024-01-05 00:00:00,12.2251,12.4651,12.5051,12.2251,25.576,0.00046,6054324.0,83222061.0,0.6459374571057164,12.3851
HK.01876,百威亚太,2024-01-08 00:00:00,12.4651,12.2651,12.5651,12.1051,25.204,0.00064,8516918.0,115242626.0,-1.6044797073428958,12.4651
HK.01876,百威亚太,2024-01-09 00:00:00,12.2851,12.3051,12.4451,12.2051,25.278,0.00054,7214796.0,98374368.0,0.32612860881688,12.2651
HK.01876,百威亚太,2024-01-10 00:00:00,12.3051,11.8451,12.3051,11.7451,24.423,0.00051,6793850.0,89804345.0,-3.738287376778727,12.3051
HK.01876,百威亚太,2024-01-11 00:00:00,11.7651,11.9251,11.9851,11.7051,24.572,0.00083,10994044.0,144870579.0,0.6753847582544686,11.8451
HK.01876,百威亚太,2024-01-12 00:00:00,11.9251,11.8851,12.1651,11.7651,24.498,0.00115,15217965.0,200832102.0,-0.33542695658737387,11.9251
HK.01876,百威亚太,2024-01-15 00:00:00,11.8851,11.6851,11.9451,11.6251,24.126,0.00044,5856965.0,76313514.0,-1.6827792782559616,11.8851
HK.01876,百威亚太,2024-01-16 00:00:00,11.6251,11.1251,11.6651,11.0251,23.085,0.00075,9880053.0,123354316.0,-4.792427963817173,11.6851
HK.01876,百威亚太,2024-01-17 00:00:00,10.9851,10.6451,11.0651,10.4651,22.193,0.00113,15003876.0,179354948.0,-4.314567958939699,11.1251
HK.01876,百威亚太,2024-01-18 00:00:00,10.6451,10.8651,10.8851,10.5451,22.602,0.00129,17039023.0,204889393.0,2.0666785657250815,10.6451
HK.01876,百威亚太,2024-01-19 00:00:00,10.7851,10.7851,11.1651,10.6451,22.453,0.00078,10348783.0,125202085.0,-0.7363024730559321,10.8651
HK.01876,百威亚太,2024-01-22 00:00:00,10.6051,10.2451,10.7851,9.7451,21.449,0.00145,19209329.0,219201619.0,-5.0069076781856365,10.7851
HK.01876,百威亚太,2024-01-23 00:00:00,10.2451,10.0451,10.6451,9.8651,21.078,0.00108,14240991.0,163508902.0,-1.9521527364301086,10.2451
HK.01876,百威亚太,2024-01-24 00:00:00,10.1651,10.2451,10.2851,9.8651,21.449,0.00166,21926902.0,250525051.0,1.991020497556033,10.0451
HK.01876,百威亚太,2024-01-25 00:00:00,10.5051,10.6251,10.8251,10.3651,22.156,0.00159,21115820.0,249662712.0,3.709090199217177,10.2451
HK.01876,百威亚太,2024-01-26 00:00:00,10.7051,10.5651,10.9251,10.4651,22.044,0.00149,19713653.0,234405383.0,-0.564700567524075,10.6251
HK.01876,百威亚太,2024-01-29 00:00:00,10.5651,11.3451,11.4251,10.5651,23.494,0.00155,20565248.0,257233631.0,7.382798080472511,10.5651
HK.01876,百威亚太,2024-01-30 00:00:00,11.3251,11.3051,11.4251,11.0051,23.42,0.00129,17030613.0,214206728.0,-0.35257512053662743,11.3451
HK.01876,百威亚太,2024-01-31 00:00:00,11.5051,10.9851,11.5051,10.8051,22.825,0.00138,18297100.0,224597626.0,-2.8305808882716677,11.3051
HK.01876,百威亚太,2024-02-01 00:00:00,10.9851,11.3651,11.8451,10.9651,23.531,0.00137,18082212.0,231509848.0,3.4592311403628626,10.9851
HK.01876,百威亚太,2024-02-02 00:00:00,11.3651,11.2051,11.7051,11.0051,23.234,0.00138,18265596.0,228523471.0,-1.4078186729549247,11.3651
HK.01876,百威亚太,2024-02-05 00:00:00,10.9051,11.2251,11.2251,10.8251,23.271,0.00112,14799264.0,183531616.0,0.1784901518058703,11.2051
HK.01876,百威亚太,2024-02-06 00:00:00,11.1651,11.7051,11.7051,11.1451,24.163,0.00095,12622195.0,161239088.0,4.276131170323653,11.2251
HK.01876,百威亚太,2024-02-07 00:00:00,11.6651,11.8051,11.9651,11.6451,24.349,0.00111,14657540.0,191673062.0,0.8543284551178516,11.7051
HK.01876,百威亚太,2024-02-08 00:00:00,11.8851,11.5451,12.0451,11.4451,23.866,0.00076,10059078.0,129800552.0,-2.202437929369508,11.8051
HK.01876,百威亚太,2024-02-09 00:00:00,11.3051,11.5051,11.7051,11.1251,23.791,0.00058,7685657.0,98394745.0,-0.34646733246138317,11.5451
HK.01876,百威亚太,2024-02-14 00:00:00,11.4051,11.6051,11.7651,10.8451,23.977,0.00119,15793509.0,199924291.0,0.869179755065142,11.5051
HK.01876,百威亚太,2024-02-15 00:00:00,11.6051,11.6051,11.7251,11.3451,23.977,0.00081,10717978.0,137437963.0,0.0,11.6051
HK.01876,百威亚太,2024-02-16 00:00:00,11.6051,12.0851,12.1651,11.3251,24.869,0.00105,13858533.0,182291898.0,4.13611257119715,11.6051
HK.01876,百威亚太,2024-02-19 00:00:00,11.8851,11.7851,12.0851,11.6251,24.312,0.00085,11247542.0,146895284.0,-2.482395677321666,12.0851
HK.01876,百威亚太,2024-02-20 00:00:00,11.7051,11.8851,11.8851,11.4851,24.498,0.00074,9789699.0,126908623.0,0.8485290748487467,11.7851
HK.01876,百威亚太,2024-02-21 00:00:00,11.8251,12.1251,12.3251,11.5651,24.944,0.00067,8921720.0,119419335.0,2.019335133907163,11.8851
HK.01876,百威亚太,2024-02-22 00:00:00,11.9651,12.3051,12.3451,11.9251,25.278,0.00079,10500338.0,141165302.0,1.4845238389786453,12.1251
HK.01876,百威亚太,2024-02-23 00:00:00,12.3051,12.4851,12.5651,12.2251,25.613,0.00081,10718236.0,146731751.0,1.4628081039568936,12.3051
HK.01876,百威亚太,2024-02-26 00:00:00,12.3651,12.1651,12.4851,12.0251,25.018,0.00143,18972122.0,256094538.0,-2.5630551617527972,12.4851
HK.01876,百威亚太,2024-02-27 00:00:00,12.1451,12.0851,12.1651,11.8051,24.869,0.00182,24098448.0,320103506.0,-0.6576189262726987,12.1651
HK.01876,百威亚太,2024-02-28 00:00:00,12.1251,12.2851,12.7851,12.1251,25.241,0.00263,34775005.0,475469921.0,1.6549304515477679,12.0851
HK.01876,百威亚太,2024-02-29 00:00:00,12.2251,11.3851,12.2251,11.1651,25.208,0.01488,197089646.0,2507241451.0,-7.325947692733477,12.2851
HK.01876,百威亚太,2024-03-01 00:00:00,11.2251,11.6251,11.7651,11.1251,25.685,0.00565,74779788.0,951964607.0,2.1080183748935033,11.3851
HK.01876,百威亚太,2024-03-04 00:00:00,11.6851,11.6051,11.7051,11.4451,25.646,0.00082,10898077.0,140586495.0,-0.1720415308255376,11.6251
HK.01876,百威亚太,2024-03-05 00:00:00,11.5851,11.1851,11.7851,11.0251,24.811,0.00102,13462920.0,168570040.0,-3.6190984997975026,11.6051
HK.01876,百威亚太,2024-03-06 00:00:00,11.0851,11.4451,11.6451,11.0251,25.328,0.00095,12621224.0,159808579.0,2.324521014564016,11.1851
HK.01876,百威亚太,2024-03-07 00:00:00,11.3651,10.7651,11.3851,10.7651,23.976,0.00121,15987841.0,195469690.0,-5.941407239779466,11.4451
HK.01876,百威亚太,2024-03-08 00:00:00,10.8051,10.6651,11.0251,10.6651,23.777,0.00084,11152654.0,134532608.0,-0.9289277387112024,10.7651
HK.01876,百威亚太,2024-03-11 00:00:00,10.7051,11.0651,11.2251,10.7051,24.572,0.00041,5411221.0,66905393.0,3.7505508621578656,10.6651
HK.01876,百威亚太,2024-03-12 00:00:00,11.4051,11.6651,11.7451,11.0451,25.765,0.00076,10085783.0,129772669.0,5.422454383602511,11.0651
HK.01876,百威亚太,2024-03-13 00:00:00,11.5651,11.7651,11.8851,11.5251,25.964,0.00086,11355467.0,148344727.0,0.8572579746423061,11.6651
HK.01876,百威亚太,2024-03-14 00:00:00,11.7651,11.2251,11.7651,11.0851,24.89,0.00062,8253156.0,103755005.0,-4.589846240150963,11.7651
HK.01876,百威亚太,2024-03-15 00:00:00,10.9451,10.9851,11.2251,10.9051,24.413,0.00055,7290150.0,89769523.0,-2.1380655851618267,11.2251
HK.01876,百威亚太,2024-03-18 00:00:00,11.0051,11.0051,11.0651,10.7651,24.453,0.00034,4501320.0,55171454.0,0.18206479686121518,10.9851
HK.01876,百威亚太,2024-03-19 00:00:00,10.8851,10.6851,11.0051,10.6051,23.817,0.001,13225691.0,158988129.0,-2.9077427738048747,11.0051
HK.01876,百威亚太,2024-03-20 00:00:00,10.7051,10.4651,10.7251,10.4051,23.379,0.00064,8491876.0,100332964.0,-2.0589418910445447,10.6851
HK.01876,百威亚太,2024-03-21 00:00:00,10.5451,10.6851,11.0851,10.5451,23.817,0.00137,18147400.0,220113432.0,2.1022254923507724,10.4651
HK.01876,百威亚太,2024-03-22 00:00:00,10.6051,10.2451,10.6051,10.1251,22.942,0.00092,12175582.0,142781995.0,-4.117883782089073,10.6851
HK.01876,百威亚太,2024-03-25 00:00:00,10.2451,10.3251,10.3851,10.1051,23.101,0.00078,10280376.0,118951646.0,0.7808610945720399,10.2451
HK.01876,百威亚太,2024-03-26 00:00:00,10.2851,10.4651,10.6051,10.2851,23.379,0.00055,7277897.0,85513497.0,1.355919071001722,10.3251
HK.01876,百威亚太,2024-03-27 00:00:00,10.5851,10.1651,10.5851,10.0651,22.783,0.00063,8320725.0,95328115.0,-2.8666711259328523,10.4651
HK.01876,百威亚太,2024-03-28 00:00:00,10.0451,10.2251,10.4251,10.0051,22.902,0.00091,12073000.0,139019011.0,0.5902548917374026,10.1651
HK.01876,百威亚太,2024-04-02 00:00:00,10.2451,10.3251,10.5051,10.2251,23.101,0.00088,11655840.0,135668972.0,0.9779855453736533,10.2251
HK.01876,百威亚太,2024-04-03 00:00:00,10.1051,10.0851,10.1451,9.9251,22.624,0.0006,7966069.0,90421301.0,-2.324432693145831,10.3251
HK.01876,百威亚太,2024-04-05 00:00:00,10.0251,9.9251,10.0851,9.7251,22.306,0.0008,10654232.0,119289281.0,-1.5864988944085845,10.0851
HK.01876,百威亚太,2024-04-08 00:00:00,9.8851,9.2851,9.8851,9.1051,21.033,0.00189,25038500.0,265389090.0,-6.448297750148618,9.9251
HK.01876,百威亚太,2024-04-09 00:00:00,9.3451,9.6451,9.7651,9.3451,21.749,0.00179,23683118.0,258281885.0,3.877179567263674,9.2851
HK.01876,百威亚太,2024-04-10 00:00:00,9.7051,9.5451,9.7051,9.4051,21.55,0.00063,8365417.0,90560552.0,-1.0367958859939208,9.6451
HK.01876,百威亚太,2024-04-11 00:00:00,9.2051,9.4651,9.5451,9.2051,21.391,0.00135,17920063.0,192143917.0,-0.8381263685032118,9.5451
HK.01876,百威亚太,2024-04-12 00:00:00,9.5051,9.0451,9.6051,9.0251,20.556,0.00102,13472227.0,140665558.0,-4.437354069159332,9.4651
HK.01876,百威亚太,2024-04-15 00:00:00,8.8251,9.0051,9.1251,8.8251,20.477,0.00101,13349574.0,137106283.0,-0.4422283888514129,9.0451
HK.01876,百威亚太,2024-04-16 00:00:00,8.9451,8.7251,9.0851,8.6651,19.92,0.00116,15354638.0,155015721.0,-3.10934914659472,9.0051
HK.01876,百威亚太,2024-04-17 00:00:00,8.7251,8.5851,8.8651,8.4351,19.642,0.00135,17883300.0,175916514.0,-1.6045661367777884,8.7251
HK.01876,百威亚太,2024-04-18 00:00:00,8.5851,8.7251,8.8451,8.5151,19.92,0.0014,18579663.0,186018080.0,1.630732315290431,8.5851
HK.01876,百威亚太,2024-04-19 00:00:00,8.7051,8.7451,8.8451,8.4351,19.96,0.00088,11719500.0,116779287.0,0.22922373382541578,8.7251
HK.01876,百威亚太,2024-04-22 00:00:00,8.7051,9.0851,9.1251,8.7051,20.636,0.00106,14045415.0,144408238.0,3.88789150495706,8.7451
HK.01876,百威亚太,2024-04-23 00:00:00,9.1851,9.2451,9.4051,9.1651,20.954,0.00111,14722440.0,155639081.0,1.7611253591044693,9.0851
HK.01876,百威亚太,2024-04-24 00:00:00,9.2651,9.4251,9.4851,9.1451,21.312,0.0005,6653769.0,71007085.0,1.9469773177142453,9.2451
HK.01876,百威亚太,2024-04-25 00:00:00,9.5051,9.4251,9.5651,9.3051,21.312,0.00058,7692100.0,82793204.0,0.0,9.4251
HK.01876,百威亚太,2024-04-26 00:00:00,9.4651,9.6451,9.6851,9.4251,21.749,0.00065,8566155.0,93414553.0,2.3341927406605643,9.4251
HK.01876,百威亚太,2024-04-29 00:00:00,9.6451,9.8651,10.0451,9.5851,22.186,0.00116,15372000.0,171425043.0,2.28095094918664,9.6451
HK.01876,百威亚太,2024-04-30 00:00:00,9.9851,9.7051,10.1251,9.6651,21.868,0.00107,14145600.0,157386252.0,-1.6218791497298573,9.8651
HK.01876,百威亚太,2024-05-02 00:00:00,9.7051,9.9451,10.0651,9.5851,22.345,0.00061,8136952.0,90733265.0,2.47292660559912,9.7051
HK.01876,百威亚太,2024-05-03 00:00:00,10.2451,10.0451,10.2451,9.8451,22.544,0.00081,10719718.0,121083675.0,1.005520306482586,9.9451
HK.01876,百威亚太,2024-05-06 00:00:00,10.0451,10.1251,10.1651,9.8851,22.703,0.00068,8988308.0,101970395.0,0.7964081990224097,10.0451
HK.01876,百威亚太,2024-05-07 00:00:00,10.1251,10.1451,10.2451,10.0251,22.743,0.00066,8690262.0,99367238.0,0.1975289132946793,10.1251
HK.01876,百威亚太,2024-05-08 00:00:00,10.0851,9.7051,10.1251,9.5651,21.868,0.0022,29090216.0,319968622.0,-4.337069126967695,10.1451
HK.01876,百威亚太,2024-05-09 00:00:00,9.6851,10.1451,10.2051,9.5651,22.743,0.0013,17171800.0,194562102.0,4.533698776931711,9.7051
HK.01876,百威亚太,2024-05-10 00:00:00,10.1451,10.0251,10.2051,9.9251,22.504,0.0007,9328917.0,105595210.0,-1.1828370346275465,10.1451
HK.01876,百威亚太,2024-05-13 00:00:00,10.0651,10.0651,10.1451,9.6651,22.584,0.00085,11273956.0,126951284.0,0.39899851373052786,10.0251
HK.01876,百威亚太,2024-05-14 00:00:00,10.0651,9.9051,10.1451,9.9051,22.266,0.0006,7908376.0,89195580.0,-1.5896513695840095,10.0651
HK.01876,百威亚太,2024-05-16 00:00:00,9.9851,10.0051,10.0851,9.7651,22.465,0.00098,12937623.0,145766701.0,1.0095809229588943,9.9051
HK.01876,百威亚太,2024-05-17 00:00:00,10.0051,10.2851,10.3251,9.8851,23.021,0.00097,12898300.0,147217686.0,2.79857272790876,10.0051
HK.01876,百威亚太,2024-05-20 00:00:00,10.3851,10.3651,10.5451,10.2851,23.18,0.00092,12212300.0,142218795.0,0.7778242311693622,10.2851
HK.01876,百威亚太,2024-05-21 00:00:00,10.3651,10.0051,10.3651,9.9851,22.465,0.00098,13012290.0,147902198.0,-3.4731936980829845,10.3651
HK.01876,百威亚太,2024-05-22 00:00:00,10.2179,9.8379,10.2179,9.7379,21.312,0.00074,9792059.0,105322054.0,-1.6711477146655318,10.0051
HK.01876,百威亚太,2024-05-23 00:00:00,9.7379,9.7379,9.8979,9.6179,21.113,0.00076,10043443.0,107017657.0,-1.0164770936886902,9.8379
HK.01876,百威亚太,2024-05-24 00:00:00,9.7379,9.4779,9.7379,9.2779,20.596,0.00111,14735100.0,152013734.0,-2.6699801805317347,9.7379
HK.01876,百威亚太,2024-05-27 00:00:00,9.4979,9.5979,9.6579,9.4179,20.834,0.00045,5896690.0,61587093.0,1.266103250720088,9.4779
HK.01876,百威亚太,2024-05-28 00:00:00,9.5779,9.6379,9.6779,9.4779,20.914,0.00056,7359200.0,77289691.0,0.4167578324425231,9.5979
HK.01876,百威亚太,2024-05-29 00:00:00,9.5779,9.4579,9.6379,9.3979,20.556,0.00087,11569817.0,119723021.0,-1.867626765166683,9.6379
HK.01876,百威亚太,2024-05-30 00:00:00,9.3779,9.2379,9.4179,9.2179,20.119,0.00114,15033550.0,153127535.0,-2.326097759544937,9.4579
HK.01876,百威亚太,2024-05-31 00:00:00,9.2579,8.9979,9.2779,8.9179,19.642,0.00235,31164862.0,309582402.0,-2.5979930503685926,9.2379
HK.01876,百威亚太,2024-06-03 00:00:00,9.0879,9.0379,9.3579,9.0279,19.721,0.00284,37644400.0,367052378.0,0.44454817235133665,8.9979
HK.01876,百威亚太,2024-06-04 00:00:00,9.0379,9.0879,9.2179,9.0379,19.821,0.00046,6114405.0,61065854.0,0.5532258599895875,9.0379
HK.01876,百威亚太,2024-06-05 00:00:00,9.1579,8.8979,9.3179,8.8879,19.443,0.00082,10826330.0,107288321.0,-2.090692019058303,9.0879
HK.01876,百威亚太,2024-06-06 00:00:00,8.9879,8.9979,9.3379,8.9379,19.642,0.0016,21170600.0,211234205.0,1.123860686229331,8.8979
HK.01876,百威亚太,2024-06-07 00:00:00,9.0379,8.7979,9.0379,8.7679,19.244,0.00125,16538792.0,160810435.0,-2.222740861756624,8.9979
HK.01876,百威亚太,2024-06-11 00:00:00,8.7179,8.5179,8.7979,8.1779,18.687,0.00282,37390657.0,348134462.0,-3.182577660578105,8.7979
HK.01876,百威亚太,2024-06-12 00:00:00,8.4179,8.3379,8.5279,8.2979,18.33,0.00229,30378380.0,281860619.0,-2.1131969147325016,8.5179
HK.01876,百威亚太,2024-06-13 00:00:00,8.4679,8.4279,8.5779,8.3679,18.508,0.00148,19554540.0,182171037.0,1.0794084841506837,8.3379
HK.01876,百威亚太,2024-06-14 00:00:00,8.4279,8.3479,8.4479,8.2879,18.349,0.00081,10703290.0,98994994.0,-0.9492281588533333,8.4279
HK.01876,百威亚太,2024-06-17 00:00:00,8.3379,8.2479,8.3379,8.0579,18.151,0.00091,12087530.0,110252280.0,-1.1979060602067544,8.3479
HK.01876,百威亚太,2024-06-18 00:00:00,8.3079,8.1579,8.3079,8.0979,17.972,0.00201,26609884.0,241228493.0,-1.0911868475611959,8.2479
HK.01876,百威亚太,2024-06-19 00:00:00,8.2279,8.2379,8.2779,8.1579,18.131,0.00123,16265802.0,148103023.0,0.9806445286164341,8.1579
HK.01876,百威亚太,2024-06-20 00:00:00,8.2379,7.9179,8.2379,7.8079,17.495,0.00182,24102400.0,212324288.0,-3.884485123635871,8.2379
HK.01876,百威亚太,2024-06-21 00:00:00,7.9179,7.8879,8.0179,7.7979,17.435,0.00251,33281735.0,292175725.0,-0.3788883416057319,7.9179
HK.01876,百威亚太,2024-06-24 00:00:00,7.9579,8.1679,8.1879,7.7979,17.992,0.00179,23723348.0,209391050.0,3.5497407421493596,7.8879
HK.01876,百威亚太,2024-06-25 00:00:00,8.4079,8.2679,8.4079,8.0979,18.19,0.00124,16465110.0,150072919.0,1.224304900892514,8.1679
HK.01876,百威亚太,2024-06-26 00:00:00,8.1479,8.6779,8.7779,8.1479,19.005,0.00162,21511089.0,203814180.0,4.95893757786137,8.2679
HK.01876,百威亚太,2024-06-27 00:00:00,8.6179,8.5479,8.6779,8.4579,18.747,0.00209,27648963.0,260794311.0,-1.4980582859908391,8.6779
HK.01876,百威亚太,2024-06-28 00:00:00,8.5479,8.3179,8.7279,8.3179,18.29,0.00089,11831273.0,110354067.0,-2.6907193579709685,8.5479
HK.01876,百威亚太,2024-07-02 00:00:00,8.2679,8.5379,8.6379,8.2579,18.727,0.00127,16831363.0,157836618.0,2.644898351747444,8.3179
HK.01876,百威亚太,2024-07-03 00:00:00,8.4979,8.7179,8.7479,8.4979,19.085,0.00098,12996375.0,123517257.0,2.1082467585706053,8.5379
HK.01876,百威亚太,2024-07-04 00:00:00,8.7179,8.5479,8.7879,8.5279,18.747,0.001,13270297.0,126142907.0,-1.9500108971197183,8.7179
HK.01876,百威亚太,2024-07-05 00:00:00,8.5279,8.6179,8.6879,8.4979,18.886,0.00077,10140724.0,96098467.0,0.8189145872085574,8.5479
HK.01876,百威亚太,2024-07-08 00:00:00,8.5979,8.4879,8.5979,8.3579,18.628,0.00097,12858800.0,119988460.0,-1.5084881467643019,8.6179
HK.01876,百威亚太,2024-07-09 00:00:00,8.4279,8.5879,8.6179,8.4279,18.827,0.00068,9014632.0,84937672.0,1.178147716160648,8.4879
HK.01876,百威亚太,2024-07-10 00:00:00,8.5879,8.7579,8.8379,8.5479,19.165,0.00073,9695293.0,93275651.0,1.9795293377892142,8.5879
HK.01876,百威亚太,2024-07-11 00:00:00,8.7679,8.8979,8.9179,8.6779,19.443,0.00037,4923105.0,47932481.0,1.5985567316365863,8.7579
HK.01876,百威亚太,2024-07-12 00:00:00,8.9379,9.1079,9.1779,8.9379,19.86,0.00053,6952800.0,69263314.0,2.360107441081613,8.8979
HK.01876,百威亚太,2024-07-15 00:00:00,8.9279,8.8779,9.1079,8.8279,19.403,0.00066,8774425.0,85920292.0,-2.5252802512104924,9.1079
HK.01876,百威亚太,2024-07-16 00:00:00,8.7479,8.8279,8.8479,8.6479,19.304,0.00053,7014070.0,68005626.0,-0.5631962513657589,8.8779
HK.01876,百威亚太,2024-07-17 00:00:00,8.8279,9.0779,9.1179,8.8279,19.801,0.00032,4290128.0,42619873.0,2.8319305837175324,8.8279
HK.01876,百威亚太,2024-07-18 00:00:00,9.0779,9.3379,9.4779,9.0679,20.318,0.00094,12383086.0,126311540.0,2.864098524989257,9.0779
HK.01876,百威亚太,2024-07-19 00:00:00,9.3379,9.1179,9.4779,9.0279,19.88,0.00073,9710458.0,97321730.0,-2.3559901048415477,9.3379
HK.01876,百威亚太,2024-07-22 00:00:00,9.1379,9.2579,9.3179,9.0779,20.159,0.0004,5351991.0,54038203.0,1.5354412748549424,9.1179
HK.01876,百威亚太,2024-07-23 00:00:00,9.1579,9.1079,9.3179,9.0579,19.86,0.00038,4992864.0,49988941.0,-1.6202378509164994,9.2579
HK.01876,百威亚太,2024-07-24 00:00:00,9.1379,8.5979,9.1379,8.5279,18.846,0.00182,24109600.0,230523742.0,-5.5995344700754455,9.1079
HK.01876,百威亚太,2024-07-25 00:00:00,8.5979,8.6179,8.6979,8.4879,18.886,0.00116,15298176.0,144499959.0,0.23261494085766699,8.5979
HK.01876,百威亚太,2024-07-26 00:00:00,8.6279,8.7279,8.8179,8.5379,19.105,0.00118,15637000.0,149466193.0,1.2764130472620874,8.6179
HK.01876,百威亚太,2024-07-29 00:00:00,8.7779,8.5079,8.8179,8.4779,18.667,0.00136,17979149.0,170931371.0,-2.520652161459236,8.7279
HK.01876,百威亚太,2024-07-30 00:00:00,8.4279,8.3279,8.5779,8.2879,18.31,0.00116,15385100.0,142695367.0,-2.1156807202717443,8.5079
HK.01876,百威亚太,2024-07-31 00:00:00,8.3579,8.6279,8.8379,8.3579,18.906,0.00142,18802179.0,178486437.0,3.602348731372864,8.3279
HK.01876,百威亚太,2024-08-01 00:00:00,8.6279,8.5079,8.6279,7.9279,18.667,0.00213,28240832.0,260170349.0,-1.3908367041806349,8.6279
HK.01876,百威亚太,2024-08-02 00:00:00,8.4479,8.7779,8.7779,8.2779,19.204,0.00102,13532092.0,128459121.0,3.1735210804076375,8.5079
HK.01876,百威亚太,2024-08-05 00:00:00,8.7779,9.0679,9.2379,8.6979,19.781,0.00125,16554078.0,164419508.0,3.303751466751719,8.7779
HK.01876,百威亚太,2024-08-06 00:00:00,9.1179,8.6479,9.1179,8.6179,18.946,0.00123,16297894.0,156996891.0,-4.631722890636199,9.0679
HK.01876,百威亚太,2024-08-07 00:00:00,8.6579,8.7179,8.8079,8.5279,19.085,0.0008,10574215.0,101175885.0,0.8094450675886664,8.6479
HK.01876,百威亚太,2024-08-08 00:00:00,8.7779,8.6979,8.7979,8.5179,19.045,0.00075,9908720.0,94464583.0,-0.22941304671996207,8.7179
HK.01876,百威亚太,2024-08-09 00:00:00,8.7779,8.6179,8.8679,8.4579,18.886,0.00159,21096400.0,199591370.0,-0.9197622414605832,8.6979
HK.01876,百威亚太,2024-08-12 00:00:00,8.6179,8.4179,8.7579,8.3379,18.489,0.00094,12453438.0,115628575.0,-2.3207509950220016,8.6179
HK.01876,百威亚太,2024-08-13 00:00:00,8.3979,8.2479,8.4179,8.1979,18.151,0.00076,10129868.0,92632672.0,-2.0195060525784334,8.4179
HK.01876,百威亚太,2024-08-14 00:00:00,8.3279,8.2479,8.4179,8.1879,18.151,0.00067,8916400.0,81529307.0,0.0,8.2479
HK.01876,百威亚太,2024-08-15 00:00:00,8.2479,8.2679,8.3779,8.0579,18.19,0.00068,8981405.0,81903960.0,0.24248596612470538,8.2479
HK.01876,百威亚太,2024-08-16 00:00:00,8.4979,8.5979,8.6179,8.4279,18.846,0.00084,11123400.0,104839790.0,3.991340001693297,8.2679
HK.01876,百威亚太,2024-08-19 00:00:00,8.6179,8.4279,8.6179,8.3679,18.508,0.00063,8403000.0,78369853.0,-1.9772269972900354,8.5979
HK.01876,百威亚太,2024-08-20 00:00:00,8.6279,8.0879,8.6279,7.9979,17.833,0.00129,17061000.0,153453323.0,-4.0342196751266615,8.4279
HK.01876,百威亚太,2024-08-21 00:00:00,8.0079,7.9979,8.1079,7.9179,17.654,0.00088,11642700.0,103460559.0,-1.1127734022428548,8.0879
HK.01876,百威亚太,2024-08-22 00:00:00,8.0679,8.0079,8.1179,7.9579,17.673,0.00102,13457956.0,119747924.0,0.12503282111554018,7.9979
HK.01876,百威亚太,2024-08-23 00:00:00,7.9179,7.8179,8.0079,7.7879,17.296,0.0009,11954409.0,104181982.0,-2.372657001211298,8.0079
HK.01876,百威亚太,2024-08-26 00:00:00,7.8179,7.7579,8.0779,7.7179,17.176,0.00139,18349650.0,159693653.0,-0.7674695250642706,7.8179
HK.01876,百威亚太,2024-08-27 00:00:00,7.7579,8.1679,8.1679,7.6279,17.992,0.00314,41591594.0,365371487.0,5.284935356217523,7.7579
HK.01876,百威亚太,2024-08-28 00:00:00,8.1679,8.0479,8.1679,7.9379,17.753,0.00075,9914995.0,88509095.0,-1.4691658810710124,8.1679
HK.01876,百威亚太,2024-08-29 00:00:00,8.0079,8.0079,8.0879,7.9179,17.673,0.00081,10759886.0,95786283.0,-0.49702406839052327,8.0479
HK.01876,百威亚太,2024-08-30 00:00:00,8.0079,8.0779,8.1579,7.8679,17.813,0.00153,20295206.0,181645761.0,0.8741367899199576,8.0079
HK.01876,百威亚太,2024-09-02 00:00:00,8.0779,7.6679,8.1279,7.5979,16.998,0.00057,7505054.0,64531611.0,-5.075576573119242,8.0779
HK.01876,百威亚太,2024-09-03 00:00:00,7.6679,7.567899999,7.7679,7.5279,16.799,0.00043,5690484.0,48229117.0,-1.3041380430104803,7.6679
HK.01876,百威亚太,2024-09-04 00:00:00,7.567899999,7.5879,7.6279,7.4379,16.838,0.00039,5224505.0,43909932.0,0.26427411835044445,7.567899999
HK.01876,百威亚太,2024-09-05 00:00:00,7.6179,7.6279,7.657899999,7.477899999,16.918,0.00067,8814537.0,74435984.0,0.527155075844437,7.5879
HK.01876,百威亚太,2024-09-09 00:00:00,7.487899999,7.397899999,7.5979,7.307899999,16.461,0.00132,17456914.0,144185078.0,-3.015246673396354,7.6279
HK.01876,百威亚太,2024-09-10 00:00:00,7.397899999,7.2879,7.4979,7.2879,16.242,0.00089,11796002.0,97299808.0,-1.4869084336753582,7.397899999
HK.01876,百威亚太,2024-09-11 00:00:00,7.2879,7.147899999,7.2879,6.9679,15.964,0.00129,17088574.0,136340388.0,-1.9209923434734255,7.2879
HK.01876,百威亚太,2024-09-12 00:00:00,7.1079,7.0479,7.237899999,6.9479,15.765,0.0009,11921530.0,94622768.0,-1.3990122835236878,7.147899999
HK.01876,百威亚太,2024-09-13 00:00:00,7.0679,6.7579,7.1079,6.7479,15.188,0.00179,23691544.0,184136212.0,-4.114700832872203,7.0479
HK.01876,百威亚太,2024-09-16 00:00:00,6.7879,6.9779,6.9779,6.7779,15.626,0.00122,16187700.0,125904246.0,3.2554491779990786,6.7579
HK.01876,百威亚太,2024-09-17 00:00:00,6.9779,6.9479,7.0379,6.8779,15.566,0.00127,16753200.0,131055492.0,-0.4299287751329232,6.9779
HK.01876,百威亚太,2024-09-19 00:00:00,6.9379,7.0379,7.227899999,6.8679,15.745,0.00154,20335522.0,161855532.0,1.295355431137464,6.9479
HK.01876,百威亚太,2024-09-20 00:00:00,7.1079,7.1079,7.227899999,7.0279,15.884,0.00137,18099970.0,144825791.0,0.9946148709132026,7.0379
HK.01876,百威亚太,2024-09-23 00:00:00,7.157899999,7.157899999,7.2179,7.0479,15.984,0.00062,8211841.0,66084964.0,0.7034426342520258,7.1079
HK.01876,百威亚太,2024-09-24 00:00:00,7.227899999,7.5979,7.5979,7.1779,16.858,0.00369,48866997.0,408698366.0,6.147054318465905,7.157899999
HK.01876,百威亚太,2024-09-25 00:00:00,7.8579,7.6379,8.0279,7.6079,16.938,0.00188,24883587.0,216095990.0,0.5264612590321014,7.5979
HK.01876,百威亚太,2024-09-26 00:00:00,7.6979,8.4679,8.4879,7.647899999,18.588,0.00492,65214992.0,591821812.0,10.866861310045955,7.6379
HK.01876,百威亚太,2024-09-27 00:00:00,8.8179,9.2579,9.2579,8.7179,20.159,0.00503,66679409.0,661560542.0,9.329349661663448,8.4679
HK.01876,百威亚太,2024-09-30 00:00:00,9.7979,9.5779,9.8579,9.4579,20.795,0.00602,79723162.0,839474411.0,3.4565074152885678,9.2579
HK.01876,百威亚太,2024-10-02 00:00:00,9.7779,9.9379,10.1179,9.7179,21.51,0.00288,38106116.0,412052037.0,3.7586527318096996,9.5779
HK.01876,百威亚太,2024-10-03 00:00:00,10.0779,9.4579,10.0979,9.1379,20.556,0.00347,46000183.0,479702134.0,-4.829994264381815,9.9379
HK.01876,百威亚太,2024-10-04 00:00:00,9.4379,9.4579,9.4779,9.0479,20.556,0.00231,30604755.0,312228786.0,0.0,9.4579
HK.01876,百威亚太,2024-10-07 00:00:00,9.7379,9.5579,9.7579,9.3979,20.755,0.00223,29565404.0,308140403.0,1.0573171634295102,9.4579
HK.01876,百威亚太,2024-10-08 00:00:00,9.5779,8.4979,9.6979,8.3079,18.648,0.00507,67185232.0,650838478.0,-11.09030226304942,9.5579
HK.01876,百威亚太,2024-10-09 00:00:00,8.4979,8.1979,8.7079,7.9079,18.051,0.00312,41361920.0,379673641.0,-3.5302839525059007,8.4979
HK.01876,百威亚太,2024-10-10 00:00:00,8.3379,8.4979,8.6579,8.3179,18.648,0.00162,21407110.0,199471057.0,3.6594737676721953,8.1979
HK.01876,百威亚太,2024-10-14 00:00:00,8.3879,7.9979,8.4279,7.7979,17.654,0.00336,44498519.0,397015519.0,-5.883806587509856,8.4979
HK.01876,百威亚太,2024-10-15 00:00:00,8.0179,7.647899999,8.1679,7.4979,16.958,0.00277,36664056.0,317431596.0,-4.3761487515472774,7.9979
HK.01876,百威亚太,2024-10-16 00:00:00,7.647899999,7.4279,7.647899999,7.3879,16.52,0.00205,27135080.0,226443809.0,-2.876606637492197,7.647899999
HK.01876,百威亚太,2024-10-17 00:00:00,7.5179,7.4479,7.8179,7.3779,16.56,0.00104,13740340.0,116018717.0,0.26925510574993705,7.4279
HK.01876,百威亚太,2024-10-18 00:00:00,7.4479,7.6679,7.7379,7.317899999,16.998,0.00146,19285296.0,162641816.0,2.9538527638663337,7.4479
HK.01876,百威亚太,2024-10-21 00:00:00,7.6679,7.5179,7.7479,7.4479,16.699,0.00142,18743245.0,157624778.0,-1.9562070449536422,7.6679
HK.01876,百威亚太,2024-10-22 00:00:00,7.4379,7.557899999,7.6079,7.4379,16.779,0.00061,8085600.0,68134269.0,0.5320634618710005,7.5179
HK.01876,百威亚太,2024-10-23 00:00:00,7.557899999,7.6279,7.7079,7.4379,16.918,0.00069,9152615.0,77641774.0,0.926183212390508,7.557899999
HK.01876,百威亚太,2024-10-24 00:00:00,7.6179,7.4679,7.6179,7.3579,16.6,0.00069,9168600.0,76370316.0,-2.097562894112405,7.6279
HK.01876,百威亚太,2024-10-25 00:00:00,7.4679,7.3879,7.557899999,7.317899999,16.441,0.00119,15768066.0,130948593.0,-1.071251623615743,7.4679
HK.01876,百威亚太,2024-10-28 00:00:00,7.317899999,7.6379,7.6779,7.317899999,16.938,0.00106,14080510.0,118971278.0,3.383911531016933,7.3879
HK.01876,百威亚太,2024-10-29 00:00:00,7.6879,7.557899999,7.7679,7.487899999,16.779,0.00043,5643977.0,47707158.0,-1.04740833213318,7.6379
HK.01876,百威亚太,2024-10-30 00:00:00,7.5979,7.3779,7.5979,7.3579,16.421,0.00101,13370405.0,110991028.0,-2.381613927464187,7.557899999
HK.01876,百威亚太,2024-10-31 00:00:00,7.317899999,7.227899999,7.3779,7.1879,16.123,0.00096,12720145.0,103705646.0,-2.0330988628200495,7.3779
HK.01876,百威亚太,2024-11-01 00:00:00,7.147899999,7.0879,7.2079,6.9079,15.844,0.0016,21152484.0,167991996.0,-1.9369387930016877,7.227899999
HK.01876,百威亚太,2024-11-04 00:00:00,7.0379,7.1379,7.1979,7.0179,15.944,0.00069,9148793.0,73065710.0,0.7054275596438976,7.0879
HK.01876,百威亚太,2024-11-05 00:00:00,7.0979,7.657899999,7.6979,6.9679,16.978,0.00169,22333792.0,184916428.0,7.285055814735419,7.1379
HK.01876,百威亚太,2024-11-06 00:00:00,7.5279,7.2879,7.6179,7.2179,16.242,0.0011,14502800.0,119586920.0,-4.831611787152041,7.657899999
HK.01876,百威亚太,2024-11-07 00:00:00,7.3379,7.7279,7.7479,7.227899999,17.117,0.00142,18758001.0,159287134.0,6.037404464935035,7.2879
HK.01876,百威亚太,2024-11-08 00:00:00,7.8779,7.7779,7.9579,7.6779,17.216,0.00169,22343669.0,194598627.0,0.6470063018413776,7.7279
HK.01876,百威亚太,2024-11-11 00:00:00,7.5979,7.7379,7.7579,7.4379,17.137,0.00129,17046600.0,145156228.0,-0.5142776327800568,7.7779
HK.01876,百威亚太,2024-11-12 00:00:00,7.7379,7.147899999,7.8779,7.1179,15.964,0.00157,20804534.0,171634619.0,-7.624807777303919,7.7379
HK.01876,百威亚太,2024-11-13 00:00:00,7.1179,7.0779,7.1679,7.0079,15.825,0.00088,11697163.0,93294886.0,-0.9793085942695517,7.147899999
HK.01876,百威亚太,2024-11-14 00:00:00,7.0279,6.7979,7.0779,6.7779,15.268,0.00135,17842354.0,138405737.0,-3.955975642492821,7.0779
HK.01876,百威亚太,2024-11-15 00:00:00,6.7979,6.7679,6.9179,6.7479,15.208,0.0007,9223251.0,71035208.0,-0.4413127583518476,6.7979
HK.01876,百威亚太,2024-11-18 00:00:00,6.8279,6.6679,6.8679,6.6379,15.009,0.00067,8824294.0,66990997.0,-1.477563202765993,6.7679
HK.01876,百威亚太,2024-11-19 00:00:00,6.8379,6.7179,6.8979,6.7079,15.109,0.00066,8685872.0,66516317.0,0.7498612756639994,6.6679
HK.01876,百威亚太,2024-11-20 00:00:00,6.6879,6.6779,6.7879,6.6279,15.029,0.00053,7084000.0,53649406.0,-0.5954241652897487,6.7179
HK.01876,百威亚太,2024-11-21 00:00:00,6.6779,6.5579,6.6879,6.5279,14.791,0.00073,9643821.0,72085356.0,-1.7969721020081177,6.6779
HK.01876,百威亚太,2024-11-22 00:00:00,6.5579,6.4279,6.5779,6.3679,14.532,0.00093,12279341.0,89924558.0,-1.9823419082328166,6.5579
HK.01876,百威亚太,2024-11-25 00:00:00,6.4279,6.3779,6.4879,6.2879,14.433,0.00105,13945178.0,101000583.0,-0.7778590208310618,6.4279
HK.01876,百威亚太,2024-11-26 00:00:00,6.4179,6.5279,6.6079,6.4079,14.731,0.00091,12049674.0,89244293.0,2.351871305602149,6.3779
HK.01876,百威亚太,2024-11-27 00:00:00,6.4179,6.6479,6.6679,6.3679,14.97,0.00056,7438086.0,55156572.0,1.8382634537906541,6.5279
HK.01876,百威亚太,2024-11-28 00:00:00,6.6679,6.4879,6.6679,6.4579,14.652,0.00048,6353700.0,46965602.0,-2.406775071827196,6.6479
HK.01876,百威亚太,2024-11-29 00:00:00,6.4879,6.5179,6.6279,6.4679,14.711,0.00049,6546772.0,48491600.0,0.46239923549993445,6.4879
HK.01876,百威亚太,2024-12-02 00:00:00,6.6079,6.5879,6.7079,6.5279,14.85,0.00054,7194100.0,53867370.0,1.0739655410485016,6.5179
HK.01876,百威亚太,2024-12-03 00:00:00,6.5779,6.6279,6.6379,6.5179,14.93,0.00028,3720670.0,27787821.0,0.6071737579501819,6.5879
HK.01876,百威亚太,2024-12-04 00:00:00,6.6279,6.4879,6.6379,6.4479,14.652,0.00094,12456510.0,92012348.0,-2.112282925210105,6.6279
HK.01876,百威亚太,2024-12-05 00:00:00,6.5079,6.4679,6.5179,6.4079,14.612,0.00045,5924500.0,43578806.0,-0.3082661569999472,6.4879
HK.01876,百威亚太,2024-12-06 00:00:00,6.4679,6.5779,6.6179,6.4479,14.831,0.00068,9018961.0,66994186.0,1.7007065662734338,6.4679
HK.01876,百威亚太,2024-12-09 00:00:00,6.5779,6.7779,6.7779,6.4379,15.228,0.00142,18771041.0,139965567.0,3.0404840450599764,6.5779
HK.01876,百威亚太,2024-12-10 00:00:00,7.0179,6.6779,7.2079,6.6179,15.029,0.00226,29866578.0,230617727.0,-1.4753832307941936,6.7779
HK.01876,百威亚太,2024-12-11 00:00:00,6.6879,6.4979,6.9479,6.4779,14.671,0.00164,21771333.0,163664786.0,-2.6954581530121833,6.6779
HK.01876,百威亚太,2024-12-12 00:00:00,6.5079,6.8879,6.9979,6.4779,15.447,0.00345,45671677.0,349838453.0,6.001939088013059,6.4979
HK.01876,百威亚太,2024-12-13 00:00:00,6.8379,6.4179,6.8379,6.3979,14.512,0.00298,39400525.0,291029677.0,-6.823560156215969,6.8879
HK.01876,百威亚太,2024-12-16 00:00:00,6.4379,6.4479,6.5879,6.4379,14.572,0.00147,19473500.0,143849013.0,0.4674426214182109,6.4179
HK.01876,百威亚太,2024-12-17 00:00:00,6.4179,6.3379,6.4579,6.2479,14.353,0.00185,24483392.0,177169241.0,-1.7059817925215874,6.4479
HK.01876,百威亚太,2024-12-18 00:00:00,6.4579,6.4579,6.5079,6.4079,14.592,0.00107,14179141.0,103756091.0,1.8933716215150145,6.3379
HK.01876,百威亚太,2024-12-19 00:00:00,6.4579,6.4979,6.5579,6.3179,14.671,0.00121,16012594.0,118321559.0,0.6193963982099312,6.4579
HK.01876,百威亚太,2024-12-20 00:00:00,6.4779,6.5379,6.6179,6.4779,14.751,0.00134,17808181.0,132097925.0,0.6155834962064672,6.4979
HK.01876,百威亚太,2024-12-23 00:00:00,6.5379,6.4679,6.5679,6.4179,14.612,0.00054,7130733.0,52501398.0,-1.0706801878278867,6.5379
HK.01876,百威亚太,2024-12-24 00:00:00,6.4279,6.4279,6.5279,6.4279,14.532,0.00053,6965771.0,51162813.0,-0.6184387513721615,6.4679
HK.01876,百威亚太,2024-12-27 00:00:00,6.4279,6.5379,6.5979,6.3879,14.751,0.00095,12617803.0,93060609.0,1.7112898458283332,6.4279
HK.01876,百威亚太,2024-12-30 00:00:00,6.5579,6.5179,6.5879,6.4479,14.711,0.00062,8188333.0,60595964.0,-0.305908625093678,6.5379
HK.01876,百威亚太,2024-12-31 00:00:00,6.5179,6.6079,6.6979,6.5179,14.89,0.00059,7804335.0,58592854.0,1.3808128384909228,6.5179
HK.01876,百威亚太,2025-01-02 00:00:00,6.5479,6.3479,6.5979,6.2879,14.373,0.00164,21726100.0,158061083.0,-3.9346842415896095,6.6079
HK.01876,百威亚太,2025-01-03 00:00:00,6.3779,6.3379,6.4379,6.2879,14.353,0.00123,16242732.0,117328665.0,-0.1575324122938261,6.3479
HK.01876,百威亚太,2025-01-06 00:00:00,6.3379,6.1279,6.3379,6.1179,13.936,0.00219,29054064.0,204865369.0,-3.313400337651272,6.3379
HK.01876,百威亚太,2025-01-07 00:00:00,6.1279,6.2179,6.2979,6.0979,14.115,0.00118,15563500.0,110327543.0,1.4686923742228146,6.1279
HK.01876,百威亚太,2025-01-08 00:00:00,6.2479,6.1179,6.2479,6.0479,13.916,0.00099,13125421.0,91873105.0,-1.6082600234806048,6.2179
HK.01876,百威亚太,2025-01-09 00:00:00,6.1179,6.0679,6.1679,6.0579,13.817,0.00074,9735190.0,67928281.0,-0.817273901175237,6.1179
HK.01876,百威亚太,2025-01-10 00:00:00,6.1679,6.0579,6.1779,5.9779,13.797,0.0008,10531115.0,73003322.0,-0.16480166120074138,6.0679
HK.01876,百威亚太,2025-01-13 00:00:00,6.0279,6.0979,6.1079,5.9579,13.876,0.00088,11701257.0,81228197.0,0.6602948216378619,6.0579
HK.01876,百威亚太,2025-01-14 00:00:00,6.1079,6.1279,6.1979,5.9979,13.936,0.00163,21622948.0,151244177.0,0.49197264632086857,6.0979
HK.01876,百威亚太,2025-01-15 00:00:00,6.1579,6.0879,6.1879,6.0679,13.856,0.00081,10723805.0,75030547.0,-0.6527521663212525,6.1279
HK.01876,百威亚太,2025-01-16 00:00:00,6.2179,6.1779,6.3379,6.0779,14.035,0.00124,16451639.0,115869324.0,1.478342285517171,6.0879
HK.01876,百威亚太,2025-01-17 00:00:00,6.2279,6.3079,6.4179,6.1379,14.294,0.00116,15325000.0,110200266.0,2.1042749154243334,6.1779
HK.01876,百威亚太,2025-01-20 00:00:00,6.3179,6.2579,6.4079,6.2579,14.194,0.00111,14655774.0,105641298.0,-0.7926568271532495,6.3079
HK.01876,百威亚太,2025-01-21 00:00:00,6.3779,6.1879,6.3779,6.1479,14.055,0.00144,19084866.0,135199280.0,-1.1185861071605536,6.2579
HK.01876,百威亚太,2025-01-22 00:00:00,6.1879,6.0679,6.1879,6.0479,13.817,0.00082,10837749.0,75680905.0,-1.9392685725367267,6.1879
HK.01876,百威亚太,2025-01-23 00:00:00,6.1179,6.1079,6.1979,6.0479,13.896,0.00091,12022926.0,83932766.0,0.6592066448029802,6.0679
HK.01876,百威亚太,2025-01-24 00:00:00,6.1379,6.2279,6.2679,6.0979,14.135,0.00072,9545253.0,67557000.0,1.9646687077391594,6.1079
HK.01876,百威亚太,2025-01-27 00:00:00,6.2479,6.2879,6.3779,6.2479,14.254,0.00079,10455671.0,75220695.0,0.9634066057579539,6.2279
HK.01876,百威亚太,2025-01-28 00:00:00,6.2879,6.2179,6.2879,6.1579,14.115,0.00059,7766180.0,55111711.0,-1.1132492565085228,6.2879
HK.01876,百威亚太,2025-02-03 00:00:00,6.0679,6.3979,6.4379,6.0679,14.473,0.00102,13519625.0,96818887.0,2.8948680422650686,6.2179
HK.01876,百威亚太,2025-02-04 00:00:00,6.5279,6.5279,6.6979,6.3779,14.731,0.00121,15998700.0,118828851.0,2.0319167226746258,6.3979
HK.01876,百威亚太,2025-02-05 00:00:00,6.4679,6.3379,6.4779,6.3179,14.353,0.00074,9834555.0,71409915.0,-2.9105838018351924,6.5279
HK.01876,百威亚太,2025-02-06 00:00:00,6.3379,6.4079,6.4979,6.3379,14.493,0.00078,10339300.0,75588251.0,1.1044667792170813,6.3379
HK.01876,百威亚太,2025-02-07 00:00:00,6.4479,6.5279,6.5979,6.3679,14.731,0.00097,12904453.0,95514704.0,1.8726884002559359,6.4079
HK.01876,百威亚太,2025-02-10 00:00:00,6.5179,6.5179,6.5579,6.3879,14.711,0.00067,8870488.0,65569296.0,-0.15318862114921777,6.5279
HK.01876,百威亚太,2025-02-11 00:00:00,6.5379,6.3579,6.5479,6.3079,14.393,0.00115,15191906.0,110567125.0,-2.4547783795394245,6.5179
HK.01876,百威亚太,2025-02-12 00:00:00,6.4279,6.4979,6.6179,6.3879,14.671,0.00143,18881900.0,139310431.0,2.201984932131674,6.3579
HK.01876,百威亚太,2025-02-13 00:00:00,6.5579,6.5879,6.7479,6.4779,14.85,0.0027,35773685.0,268559132.0,1.3850628664645617,6.4979
HK.01876,百威亚太,2025-02-14 00:00:00,6.6379,6.7279,6.7579,6.5979,15.129,0.0023,30401906.0,230604834.0,2.12510815282563,6.5879
HK.01876,百威亚太,2025-02-17 00:00:00,6.7279,6.7679,6.8179,6.6179,15.208,0.0019,25196153.0,191848091.0,0.5945391578352834,6.7279
HK.01876,百威亚太,2025-02-18 00:00:00,6.7979,7.0379,7.0679,6.7279,15.745,0.00349,46207128.0,361819524.0,3.9894206474681893,6.7679
HK.01876,百威亚太,2025-02-19 00:00:00,7.0079,7.3479,7.397899999,6.9479,16.361,0.00308,40733781.0,332461808.0,4.404722999758458,7.0379
HK.01876,百威亚太,2025-02-20 00:00:00,7.3479,6.9679,7.3679,6.9479,15.606,0.00202,26704169.0,214225720.0,-5.171545611671361,7.3479
HK.01876,百威亚太,2025-02-21 00:00:00,7.0279,7.0479,7.0679,6.8679,15.765,0.00125,16590158.0,130332911.0,1.1481221027856323,6.9679
HK.01876,百威亚太,2025-02-24 00:00:00,7.0179,7.237899999,7.2779,6.8679,16.143,0.00161,21290368.0,171583095.0,2.6958384625207428,7.0479
HK.01876,百威亚太,2025-02-25 00:00:00,7.1779,6.9579,7.1779,6.9079,15.586,0.00161,21339718.0,168133717.0,-3.868525387732416,7.237899999
HK.01876,百威亚太,2025-02-26 00:00:00,7.1279,7.7779,8.0179,7.1279,20.328,0.00513,67932698.0,591368724.0,11.785165064171652,6.9579
HK.01876,百威亚太,2025-02-27 00:00:00,7.9179,8.0279,8.1479,7.7879,20.915,0.00354,46839379.0,415964847.0,3.2142352048753633,7.7779
HK.01876,百威亚太,2025-02-28 00:00:00,7.9279,7.4479,7.9479,7.3679,19.553,0.00304,40220539.0,338860867.0,-7.224803497801428,8.0279
HK.01876,百威亚太,2025-03-03 00:00:00,7.4479,7.3379,7.5179,7.2779,19.295,0.00246,32597360.0,268830164.0,-1.4769263819331548,7.4479
HK.01876,百威亚太,2025-03-04 00:00:00,7.397899999,7.7079,7.8879,7.3379,20.164,0.00195,25800600.0,220425205.0,5.042314558661198,7.3379
HK.01876,百威亚太,2025-03-05 00:00:00,7.7079,7.7679,7.9279,7.5779,20.305,0.0018,23780649.0,204800956.0,0.7784221383256088,7.7079
HK.01876,百威亚太,2025-03-06 00:00:00,7.9579,7.8879,7.9579,7.7679,20.586,0.00172,22754099.0,199100210.0,1.5448190630672396,7.7679
HK.01876,百威亚太,2025-03-07 00:00:00,7.9279,7.9379,8.0979,7.8079,20.704,0.00192,25416493.0,224564141.0,0.6338822753838135,7.8879
HK.01876,百威亚太,2025-03-10 00:00:00,8.0379,7.8579,8.0379,7.7179,20.516,0.00145,19246846.0,167784446.0,-1.0078232278058437,7.9379
HK.01876,百威亚太,2025-03-11 00:00:00,7.8579,7.9679,7.9879,7.7179,20.774,0.00134,17755237.0,155840350.0,1.399865103908173,7.8579
HK.01876,百威亚太,2025-03-12 00:00:00,7.9079,7.7879,8.1079,7.7079,20.352,0.0012,15957445.0,139074067.0,-2.2590644962913764,7.9679
HK.01876,百威亚太,2025-03-13 00:00:00,7.8279,7.7579,7.9779,7.6079,20.281,0.00136,17996089.0,155801229.0,-0.3852129585639179,7.7879
HK.01876,百威亚太,2025-03-14 00:00:00,7.8779,8.1879,8.3679,7.7679,21.291,0.00331,43820920.0,395494921.0,5.5427370809110785,7.7579
HK.01876,百威亚太,2025-03-17 00:00:00,8.2679,8.5079,8.5079,8.2579,22.042,0.00251,33293776.0,309899472.0,3.9082060113093524,8.1879
HK.01876,百威亚太,2025-03-18 00:00:00,8.6079,8.2679,8.6079,8.2179,21.478,0.00208,27533051.0,252848359.0,-2.820907627028999,8.5079
HK.01876,百威亚太,2025-03-19 00:00:00,8.3479,8.8579,8.9479,8.2879,22.863,0.00395,52323088.0,504011821.0,7.1360321242395495,8.2679
HK.01876,百威亚太,2025-03-20 00:00:00,8.8579,8.5779,8.8579,8.4679,22.206,0.00403,53372274.0,504711919.0,-3.1610201063457604,8.8579
HK.01876,百威亚太,2025-03-21 00:00:00,8.5779,8.5679,8.8779,8.5179,22.183,0.00406,53784020.0,511761639.0,-0.1165786497860757,8.5779
HK.01876,百威亚太,2025-03-24 00:00:00,8.5879,8.5279,8.6079,8.3579,22.089,0.00264,34922631.0,327581787.0,-0.466858856896079,8.5679
HK.01876,百威亚太,2025-03-25 00:00:00,8.5279,8.6979,8.7179,8.3879,22.488,0.00182,24153544.0,229544153.0,1.9934567713036027,8.5279
HK.01876,百威亚太,2025-03-26 00:00:00,8.6979,8.3179,8.6979,8.2779,21.596,0.00238,31506258.0,291197122.0,-4.368870646937776,8.6979
HK.01876,百威亚太,2025-03-27 00:00:00,8.3179,8.5679,8.6379,8.3179,22.183,0.00161,21333760.0,201612491.0,3.0055663088039046,8.3179
HK.01876,百威亚太,2025-03-28 00:00:00,8.7079,8.6079,8.9179,8.5779,22.276,0.00131,17347687.0,166403637.0,0.4668588568960997,8.5679
HK.01876,百威亚太,2025-03-31 00:00:00,8.4979,8.4979,8.7979,8.3679,22.018,0.0018,23817672.0,225290751.0,-1.2778958863369834,8.6079
HK.01876,百威亚太,2025-04-01 00:00:00,8.4479,8.3979,8.6079,8.3279,21.784,0.00244,32330349.0,300524160.0,-1.176761317501967,8.4979
HK.01876,百威亚太,2025-04-02 00:00:00,8.3979,8.4879,8.6079,8.1479,21.995,0.00144,19037509.0,178627679.0,1.071696495552458,8.3979
HK.01876,百威亚太,2025-04-03 00:00:00,8.4179,8.2279,8.4179,8.0379,21.384,0.00362,47907135.0,434747504.0,-3.0631840620176933,8.4879
HK.01876,百威亚太,2025-04-07 00:00:00,7.567899999,7.5179,8.0579,7.4579,19.718,0.00705,93359474.0,801464895.0,-8.629176339041553,8.2279
HK.01876,百威亚太,2025-04-08 00:00:00,7.5179,7.7679,7.9379,7.5079,20.305,0.0038,50279613.0,434099105.0,3.325396719828676,7.5179
HK.01876,百威亚太,2025-04-09 00:00:00,7.5479,7.5779,7.6179,7.2779,19.859,0.00377,49945257.0,414660927.0,-2.445963516523132,7.7679
HK.01876,百威亚太,2025-04-10 00:00:00,7.6179,7.7079,7.9579,7.5879,20.164,0.00331,43829945.0,378622421.0,1.7155148523997517,7.5779
HK.01876,百威亚太,2025-04-11 00:00:00,7.6179,7.6079,7.7779,7.567899999,19.929,0.0024,31762361.0,270810741.0,-1.2973702305426968,7.7079
HK.01876,百威亚太,2025-04-14 00:00:00,7.7679,7.7879,7.8679,7.7079,20.352,0.00156,20697698.0,179276580.0,2.365961697708957,7.6079
HK.01876,百威亚太,2025-04-15 00:00:00,7.7979,7.7279,7.8879,7.6379,20.211,0.00113,14930908.0,128234191.0,-0.7704259171278472,7.7879
HK.01876,百威亚太,2025-04-16 00:00:00,7.647899999,7.487899999,7.7079,7.3779,19.647,0.00127,16759187.0,140169267.0,-3.1056302617787535,7.7279
HK.01876,百威亚太,2025-04-17 00:00:00,7.5279,7.557899999,7.6379,7.4379,19.812,0.00116,15376285.0,129820950.0,0.934841544483082,7.487899999
HK.01876,百威亚太,2025-04-22 00:00:00,7.557899999,7.5479,7.5879,7.2979,19.788,0.00166,21921276.0,183620601.0,-0.13231187236299533,7.557899999
HK.01876,百威亚太,2025-04-23 00:00:00,7.6179,7.5279,7.7079,7.477899999,19.741,0.00103,13647580.0,115005113.0,-0.2649743637303152,7.5479
HK.01876,百威亚太,2025-04-24 00:00:00,7.487899999,7.2979,7.5479,7.237899999,19.201,0.00203,26902728.0,220453037.0,-3.0553009471432873,7.5279
HK.01876,百威亚太,2025-04-25 00:00:00,7.317899999,7.2779,7.407899999,7.2179,19.154,0.00116,15299338.0,125446745.0,-0.27405143945519206,7.2979
HK.01876,百威亚太,2025-04-28 00:00:00,7.2779,7.2879,7.317899999,7.237899999,19.178,0.00071,9350097.0,76419142.0,0.13740227263358645,7.2779
HK.01876,百威亚太,2025-04-29 00:00:00,7.2879,7.2079,7.2979,7.157899999,18.99,0.00112,14783274.0,119732730.0,-1.0977099027154487,7.2879
HK.01876,百威亚太,2025-04-30 00:00:00,7.2479,7.3379,7.4279,7.2479,19.295,0.00106,13983725.0,115002561.0,1.8035766311963246,7.2079
HK.01876,百威亚太,2025-05-02 00:00:00,7.3379,7.557899999,7.5879,7.3279,19.812,0.00116,15322106.0,128752726.0,2.9981329671976953,7.3379
HK.01876,百威亚太,2025-05-06 00:00:00,7.557899999,7.6379,7.6879,7.3879,20.0,0.00154,20436144.0,173440085.0,1.0584950979846928,7.557899999
HK.01876,百威亚太,2025-05-07 00:00:00,7.7979,7.5779,7.8379,7.557899999,19.859,0.00101,13389686.0,114091031.0,-0.785556239280437,7.6379
HK.01876,百威亚太,2025-05-08 00:00:00,7.5479,7.4279,7.557899999,7.407899999,19.507,0.00152,20120742.0,167831813.0,-1.9794402143073868,7.5779
HK.01876,百威亚太,2025-05-09 00:00:00,7.397899999,7.4479,7.4679,7.3279,19.553,0.00111,14656301.0,121607123.0,0.26925510574993705,7.4279
HK.01876,百威亚太,2025-05-12 00:00:00,7.5179,7.6879,7.7379,7.4179,20.117,0.00183,24271172.0,205820767.0,3.222384833308721,7.4479
HK.01876,百威亚太,2025-05-13 00:00:00,7.6879,7.7579,8.0479,7.567899999,20.281,0.0028,37113137.0,323536082.0,0.9105217289506924,7.6879
HK.01876,百威亚太,2025-05-14 00:00:00,7.8879,8.0179,8.0179,7.7779,20.892,0.00162,21461520.0,189273648.0,3.3514224210159824,7.7579
HK.01876,百威亚太,2025-05-15 00:00:00,7.9879,7.9279,7.9879,7.8879,20.68,0.00091,12104970.0,106685822.0,-1.1224884321330895,8.0179
HK.01876,百威亚太,2025-05-16 00:00:00,7.9279,7.7279,7.9679,7.6879,20.211,0.0016,21241754.0,183501788.0,-2.5227361596387463,7.9279
HK.01876,百威亚太,2025-05-19 00:00:00,7.6979,7.4979,7.6979,7.4979,19.671,0.00179,23735000.0,200864160.0,-2.9762289884703534,7.7279
HK.01876,百威亚太,2025-05-20 00:00:00,7.5179,7.647899999,7.6879,7.4479,20.023,0.00148,19662864.0,166591644.0,2.0005601435068523,7.4979
HK.01876,百威亚太,2025-05-21 00:00:00,7.7075,7.5475,7.7875,7.5175,18.755,0.00194,25661890.0,206761953.0,-1.3127786583653984,7.647899999
HK.01876,百威亚太,2025-05-22 00:00:00,7.4775,7.2175,7.4875,7.1975,17.981,0.00269,35625449.0,275748085.0,-4.372308711493873,7.5475
HK.01876,百威亚太,2025-05-23 00:00:00,7.2675,7.3675,7.4075,7.2475,18.333,0.00105,13910857.0,108174075.0,2.0782819535850288,7.2175
HK.01876,百威亚太,2025-05-26 00:00:00,7.3075,7.4375,7.4575,7.3075,18.497,0.00064,8537603.0,66991804.0,0.9501187648456095,7.3675
HK.01876,百威亚太,2025-05-27 00:00:00,7.4575,7.5375,7.7075,7.4275,18.732,0.00131,17408000.0,139862743.0,1.3445378151260456,7.4375
HK.01876,百威亚太,2025-05-28 00:00:00,7.667499999,7.8675,7.8875,7.6275,19.507,0.00152,20112272.0,165748058.0,4.37810945273632,7.5375
HK.01876,百威亚太,2025-05-29 00:00:00,7.8975,7.997499999,8.0175,7.757499999,19.812,0.00116,15331804.0,128104251.0,1.6523673212583503,7.8675
HK.01876,百威亚太,2025-05-30 00:00:00,7.997499999,7.7375,7.997499999,7.7075,19.201,0.00079,10477997.0,86052118.0,-3.251015930384629,7.997499999
HK.01876,百威亚太,2025-06-02 00:00:00,7.7075,7.8075,7.8575,7.5175,19.366,0.00089,11786186.0,96093567.0,0.9046849757673704,7.7375
HK.01876,百威亚太,2025-06-03 00:00:00,7.8075,7.9475,7.9875,7.7775,19.694,0.00099,13087713.0,109426712.0,1.7931476144732588,7.8075
HK.01876,百威亚太,2025-06-04 00:00:00,7.9575,7.9675,7.997499999,7.8975,19.741,0.0018,23864653.0,199965685.0,0.25165146272413286,7.9475
HK.01876,百威亚太,2025-06-05 00:00:00,8.0575,8.1775,8.2975,8.007499999,20.234,0.00141,18671689.0,161131148.0,2.6357075619705044,7.9675
HK.01876,百威亚太,2025-06-06 00:00:00,8.2575,8.2975,8.3175,8.1275,20.516,0.00247,32775849.0,284887806.0,1.4674411494955575,8.1775
HK.01876,百威亚太,2025-06-09 00:00:00,8.3375,8.1175,8.4075,8.0675,20.093,0.00202,26723470.0,230767618.0,-2.1693281108767666,8.2975
HK.01876,百威亚太,2025-06-10 00:00:00,8.1875,8.2075,8.3175,8.1375,20.305,0.00112,14849114.0,128880032.0,1.1087157376039405,8.1175
HK.01876,百威亚太,2025-06-11 00:00:00,8.2675,8.1675,8.3775,8.097499999,20.211,0.00128,16932158.0,146687778.0,-0.48735912275356863,8.2075
HK.01876,百威亚太,2025-06-12 00:00:00,8.1275,7.6175,8.1275,7.6075,18.92,0.00437,57889581.0,476715012.0,-6.734006734006742,8.1675
HK.01876,百威亚太,2025-06-13 00:00:00,7.6075,7.4975,7.6475,7.4375,18.638,0.00245,32469491.0,258554961.0,-1.5753199868723349,7.6175
HK.01876,百威亚太,2025-06-16 00:00:00,7.4575,7.587499999,7.597499999,7.4275,18.849,0.00136,17992947.0,143800577.0,1.2004001200400223,7.4975
HK.01876,百威亚太,2025-06-17 00:00:00,7.587499999,7.4775,7.587499999,7.4575,18.591,0.0012,15885863.0,126131777.0,-1.4497528700428042,7.587499999
HK.01876,百威亚太,2025-06-18 00:00:00,7.5275,7.5375,7.6975,7.4575,18.732,0.00193,25540187.0,204284423.0,0.8024072216649898,7.4775
HK.01876,百威亚太,2025-06-19 00:00:00,7.5375,7.4775,7.6475,7.4575,18.591,0.00145,19209496.0,152844815.0,-0.7960199004975074,7.5375
HK.01876,百威亚太,2025-06-20 00:00:00,7.4775,7.5675,7.6175,7.4775,18.802,0.00202,26727584.0,213973973.0,1.2036108324974906,7.4775
HK.01876,百威亚太,2025-06-23 00:00:00,7.5175,7.5375,7.5375,7.3875,18.732,0.00111,14733718.0,116763202.0,-0.39643211100099435,7.5675
HK.01876,百威亚太,2025-06-24 00:00:00,7.5575,7.6375,7.677499999,7.5375,18.967,0.00097,12858217.0,103581283.0,1.3266998341625278,7.5375
HK.01876,百威亚太,2025-06-25 00:00:00,7.7275,7.8175,7.8275,7.677499999,19.389,0.00137,18083240.0,148902956.0,2.356792144026183,7.6375
HK.01876,百威亚太,2025-06-26 00:00:00,7.8175,7.587499999,7.8175,7.5775,18.849,0.00182,24117942.0,195208722.0,-2.94211705788295,7.8175
HK.01876,百威亚太,2025-06-27 00:00:00,7.587499999,7.3875,7.587499999,7.3775,18.38,0.00296,39216552.0,307987917.0,-2.635914319952016,7.587499999
HK.01876,百威亚太,2025-06-30 00:00:00,7.3875,7.3275,7.4675,7.3175,18.239,0.00137,18097916.0,141458053.0,-0.8121827411167579,7.3875
HK.01876,百威亚太,2025-07-02 00:00:00,7.3775,7.5275,7.5475,7.3575,18.708,0.00295,39109819.0,309424326.0,2.729443875810306,7.3275
HK.01876,百威亚太,2025-07-03 00:00:00,7.5275,7.5575,7.6275,7.4875,18.779,0.00124,16369868.0,130969533.0,0.39853869146463294,7.5275
HK.01876,百威亚太,2025-07-04 00:00:00,7.5475,7.4875,7.5475,7.4275,18.615,0.00059,7842340.0,62065251.0,-0.9262322196493586,7.5575
HK.01876,百威亚太,2025-07-07 00:00:00,7.4875,7.597499999,7.6175,7.4775,18.873,0.00105,13922100.0,111599436.0,1.469115178631055,7.4875
HK.01876,百威亚太,2025-07-08 00:00:00,7.597499999,7.6875,7.6975,7.587499999,19.084,0.00111,14654576.0,118821611.0,1.1846002107515095,7.597499999
HK.01876,百威亚太,2025-07-09 00:00:00,7.6875,7.6075,7.7775,7.5775,18.896,0.00088,11614928.0,94557211.0,-1.0406504065040658,7.6875
HK.01876,百威亚太,2025-07-10 00:00:00,7.6075,7.667499999,7.677499999,7.5175,19.037,0.00078,10359465.0,83227925.0,0.7886953532698049,7.6075
HK.01876,百威亚太,2025-07-11 00:00:00,7.667499999,7.7775,7.8875,7.6575,19.295,0.00157,20781055.0,171881375.0,1.4346266842431792,7.667499999
HK.01876,百威亚太,2025-07-14 00:00:00,7.7775,7.997499999,8.0275,7.7675,19.812,0.00108,14319593.0,119912314.0,2.828672439729998,7.7775
HK.01876,百威亚太,2025-07-15 00:00:00,7.997499999,7.9675,8.1375,7.917499999,19.741,0.0014,18546333.0,156868155.0,-0.3751172116755403,7.997499999
HK.01876,百威亚太,2025-07-16 00:00:00,7.9875,7.7975,7.997499999,7.7775,19.342,0.00076,10007967.0,83021050.0,-2.1336680263570744,7.9675
HK.01876,百威亚太,2025-07-17 00:00:00,7.7975,7.9775,8.0375,7.7975,19.765,0.0011,14556173.0,122350824.0,2.3084321898044204,7.7975
HK.01876,百威亚太,2025-07-18 00:00:00,7.9775,7.9075,8.0775,7.7975,19.6,0.0011,14562758.0,121082269.0,-0.8774678784080262,7.9775
HK.01876,百威亚太,2025-07-21 00:00:00,7.9075,7.927499999,8.0175,7.8975,19.647,0.00093,12274095.0,102817065.0,0.25292442617768424,7.9075
HK.01876,百威亚太,2025-07-22 00:00:00,7.927499999,8.1675,8.1775,7.9075,20.211,0.00133,17552853.0,149880952.0,3.027436153015133,7.927499999
HK.01876,百威亚太,2025-07-23 00:00:00,8.1575,8.3275,8.3675,8.1575,20.586,0.00156,20723002.0,180987704.0,1.9589837771655971,8.1675
HK.01876,百威亚太,2025-07-24 00:00:00,8.3475,8.4175,8.4375,8.3075,20.798,0.00112,14880309.0,131455923.0,1.0807565295706978,8.3275
HK.01876,百威亚太,2025-07-25 00:00:00,8.4375,8.3275,8.6375,8.2875,20.586,0.00154,20422270.0,181371673.0,-1.0692010692010674,8.4175
HK.01876,百威亚太,2025-07-28 00:00:00,8.3275,8.3875,8.5175,8.1675,20.727,0.00211,27904962.0,247555007.0,0.7205043530471176,8.3275
HK.01876,百威亚太,2025-07-29 00:00:00,8.3175,8.4075,8.4575,8.2075,20.774,0.00131,17286823.0,151610846.0,0.2384500745156644,8.3875
HK.01876,百威亚太,2025-07-30 00:00:00,8.3975,8.3275,8.6175,8.2675,20.586,0.00163,21612557.0,191313595.0,-0.9515313707998818,8.4075
HK.01876,百威亚太,2025-07-31 00:00:00,8.2275,7.8175,8.9775,7.757499999,19.389,0.00583,77183270.0,673778390.0,-6.1242870009006385,8.3275
HK.01876,百威亚太,2025-08-01 00:00:00,7.7675,7.6475,7.8675,7.6075,18.99,0.0029,38390648.0,311864657.0,-2.1746082507195386,7.8175
HK.01876,百威亚太,2025-08-04 00:00:00,7.6475,7.6875,7.7375,7.597499999,19.084,0.00158,20878118.0,169464601.0,0.5230467473030407,7.6475
HK.01876,百威亚太,2025-08-05 00:00:00,7.6875,7.6975,7.7675,7.6375,19.107,0.00175,23200300.0,189057728.0,0.13008130081300534,7.6875
HK.01876,百威亚太,2025-08-06 00:00:00,7.7175,7.757499999,7.8575,7.677499999,19.248,0.00111,14761077.0,121425173.0,0.7794738421565498,7.6975
HK.01876,百威亚太,2025-08-07 00:00:00,7.8675,7.927499999,7.9775,7.7675,19.647,0.00104,13760159.0,114807874.0,2.191427650943141,7.757499999
HK.01876,百威亚太,2025-08-08 00:00:00,7.927499999,8.0275,8.0475,7.8975,19.882,0.00093,12350531.0,104130826.0,1.2614317377813187,7.927499999
HK.01876,百威亚太,2025-08-11 00:00:00,8.0275,7.9775,8.0675,7.9475,19.765,0.00043,5645290.0,47575025.0,-0.6228589224540619,8.0275
HK.01876,百威亚太,2025-08-12 00:00:00,7.9575,7.997499999,8.0675,7.9475,19.812,0.00076,10111255.0,85613220.0,0.2507050955813272,7.9775
HK.01876,百威亚太,2025-08-13 00:00:00,8.0275,8.097499999,8.1075,7.9575,20.046,0.00088,11706623.0,99308062.0,1.2503907472648146,7.997499999
HK.01876,百威亚太,2025-08-14 00:00:00,8.0575,8.0575,8.1575,8.007499999,19.953,0.00058,7683810.0,65529673.0,-0.493979611052061,8.097499999
HK.01876,百威亚太,2025-08-15 00:00:00,8.0575,8.0475,8.2575,7.9575,19.929,0.0015,19846413.0,169631229.0,-0.12410797393732284,8.0575
HK.01876,百威亚太,2025-08-18 00:00:00,8.0775,8.007499999,8.1275,8.007499999,19.835,0.00095,12626822.0,107330302.0,-0.49704878533705166,8.0475
HK.01876,百威亚太,2025-08-19 00:00:00,8.0375,8.0675,8.1875,7.927499999,19.976,0.00151,19969132.0,169814473.0,0.7492975461441593,8.007499999
HK.01876,百威亚太,2025-08-20 00:00:00,8.0675,8.1275,8.1475,7.9575,20.117,0.00115,15259660.0,130015355.0,0.7437248218159122,8.0675
HK.01876,百威亚太,2025-08-21 00:00:00,8.1575,7.9875,8.1675,7.9575,19.788,0.00117,15518345.0,131386138.0,-1.7225469086434904,8.1275
HK.01876,百威亚太,2025-08-22 00:00:00,8.0575,7.9675,8.1475,7.8875,19.741,0.00099,13091213.0,110210888.0,-0.25039123630672394,7.9875
HK.01876,百威亚太,2025-08-25 00:00:00,8.0375,8.1275,8.1875,8.007499999,20.117,0.00161,21302026.0,182285048.0,2.0081581424537087,7.9675
HK.01876,百威亚太,2025-08-26 00:00:00,8.1575,8.1575,8.3475,8.0675,20.187,0.00118,15623697.0,135063764.0,0.36911719470933424,8.1275
HK.01876,百威亚太,2025-08-27 00:00:00,8.1575,8.097499999,8.4075,8.0375,20.046,0.00127,16847700.0,145201092.0,-0.7355194728777269,8.1575
HK.01876,百威亚太,2025-08-28 00:00:00,8.087499999,7.8575,8.097499999,7.7375,19.483,0.0012,15887115.0,132068643.0,-2.9638777280597584,8.097499999
HK.01876,百威亚太,2025-08-29 00:00:00,7.927499999,7.9575,8.0675,7.927499999,19.718,0.00094,12384355.0,104505982.0,1.272669424117081,7.8575
HK.01876,百威亚太,2025-09-01 00:00:00,7.9575,8.2775,8.2775,7.9575,20.469,0.00137,18159157.0,156215437.0,4.021363493559539,7.9575
HK.01876,百威亚太,2025-09-02 00:00:00,8.2775,8.3775,8.4575,8.2475,20.704,0.00182,24086909.0,212116778.0,1.2080942313500411,8.2775
HK.01876,百威亚太,2025-09-03 00:00:00,8.4575,8.1775,8.6575,8.1575,20.234,0.00167,22161623.0,193346989.0,-2.3873470605789233,8.3775
HK.01876,百威亚太,2025-09-04 00:00:00,8.2375,8.087499999,8.3075,8.0275,20.023,0.00072,9497520.0,81208297.0,-1.1005808743503507,8.1775
HK.01876,百威亚太,2025-09-05 00:00:00,8.097499999,7.9675,8.097499999,7.837499999,19.741,0.00159,21065036.0,177057607.0,-1.4837712397506984,8.087499999
HK.01876,百威亚太,2025-09-08 00:00:00,7.9575,7.9575,7.9775,7.8275,19.718,0.00136,18040000.0,150928172.0,-0.12550988390336587,7.9675
HK.01876,百威亚太,2025-09-09 00:00:00,7.9575,7.7975,7.9575,7.7175,19.342,0.00182,24150161.0,199439307.0,-2.010681746779758,7.9575
HK.01876,百威亚太,2025-09-10 00:00:00,7.7975,7.8575,7.9075,7.7975,19.483,0.00098,12985007.0,107809105.0,0.7694773966014699,7.7975
HK.01876,百威亚太,2025-09-11 00:00:00,7.8575,7.917499999,7.9475,7.757499999,19.624,0.00112,14865889.0,123481260.0,0.7636016417435624,7.8575
HK.01876,百威亚太,2025-09-12 00:00:00,8.007499999,7.757499999,8.0175,7.7075,19.248,0.0025,33078772.0,273905680.0,-2.0208399118434928,7.917499999
HK.01876,百威亚太,2025-09-15 00:00:00,7.6475,7.6575,7.7875,7.5575,19.014,0.00177,23434921.0,189243314.0,-1.2890750758993386,7.757499999
HK.01876,百威亚太,2025-09-16 00:00:00,7.6975,7.7875,7.7875,7.6575,19.319,0.001,13265905.0,108533191.0,1.6976820111002273,7.6575
HK.01876,百威亚太,2025-09-17 00:00:00,7.7975,7.837499999,7.8875,7.7375,19.436,0.00098,12996644.0,107165787.0,0.6420545617977609,7.7875
HK.01876,百威亚太,2025-09-18 00:00:00,7.837499999,7.7875,7.9575,7.6975,19.319,0.00149,19725900.0,162995875.0,-0.6379585200176103,7.837499999
HK.01876,百威亚太,2025-09-19 00:00:00,7.747499999,7.7175,7.7775,7.6175,19.154,0.00182,24072086.0,195606792.0,-0.8988764044943743,7.7875
HK.01876,百威亚太,2025-09-22 00:00:00,7.7175,7.6375,7.7175,7.4775,18.967,0.0024,31772429.0,254188585.0,-1.0366051182377722,7.7175
HK.01876,百威亚太,2025-09-23 00:00:00,7.6375,7.5575,7.6575,7.5075,18.779,0.00118,15590751.0,124763710.0,-1.0474631751227506,7.6375
HK.01876,百威亚太,2025-09-24 00:00:00,7.5575,7.6975,7.7175,7.5475,19.107,0.00136,18003498.0,145548740.0,1.8524644392987055,7.5575
HK.01876,百威亚太,2025-09-25 00:00:00,7.6975,7.6075,7.6975,7.587499999,18.896,0.00108,14300700.0,115645919.0,-1.1692107827216611,7.6975
HK.01876,百威亚太,2025-09-26 00:00:00,7.6075,7.6075,7.7075,7.5275,18.896,0.00127,16823695.0,135631534.0,0.0,7.6075
HK.01876,百威亚太,2025-09-29 00:00:00,7.6075,7.7275,7.757499999,7.2475,19.178,0.00177,23385526.0,188501719.0,1.577390732829446,7.6075
HK.01876,百威亚太,2025-09-30 00:00:00,7.6375,7.837499999,7.847499999,7.6375,19.436,0.00173,22847800.0,188416652.0,1.423487531543193,7.7275
HK.01876,百威亚太,2025-10-02 00:00:00,7.837499999,7.8975,8.0175,7.7775,19.577,0.00143,18873508.0,157662364.0,0.7655502520912942,7.837499999
HK.01876,百威亚太,2025-10-03 00:00:00,7.9875,7.7675,7.9875,7.7275,19.272,0.00075,9877900.0,81291460.0,-1.6460905349794226,7.8975
HK.01876,百威亚太,2025-10-06 00:00:00,7.757499999,7.6175,7.757499999,7.587499999,18.92,0.00039,5160300.0,41597563.0,-1.9311232700354084,7.7675
HK.01876,百威亚太,2025-10-08 00:00:00,7.6075,7.6375,7.6475,7.5375,18.967,0.00047,6191721.0,49796048.0,0.262553331145395,7.6175
HK.01876,百威亚太,2025-10-09 00:00:00,7.6375,7.8675,7.9575,7.6375,19.507,0.00104,13741749.0,113898964.0,3.011456628477899,7.6375
HK.01876,百威亚太,2025-10-10 00:00:00,7.847499999,7.9375,7.9775,7.757499999,19.671,0.00089,11843136.0,98954393.0,0.8897362567524664,7.8675
HK.01876,百威亚太,2025-10-13 00:00:00,7.757499999,7.9575,7.9575,7.747499999,19.718,0.00111,14636511.0,121419535.0,0.2519685039370025,7.9375
HK.01876,百威亚太,2025-10-14 00:00:00,7.9575,7.747499999,7.9575,7.6875,19.225,0.00084,11092714.0,91139211.0,-2.639019805215195,7.9575
HK.01876,百威亚太,2025-10-15 00:00:00,7.757499999,7.8175,7.847499999,7.747499999,19.389,0.0006,8000766.0,65920713.0,0.9035172766574333,7.747499999
HK.01876,百威亚太,2025-10-16 00:00:00,7.8175,7.8275,7.8775,7.757499999,19.413,0.00062,8247756.0,68111398.0,0.1279181323952643,7.8175
HK.01876,百威亚太,2025-10-17 00:00:00,7.8175,7.677499999,7.8575,7.667499999,19.061,0.00093,12315026.0,100834357.0,-1.9163206770999623,7.8275
HK.01876,百威亚太,2025-10-20 00:00:00,7.8075,7.7975,7.8075,7.6875,19.342,0.00039,5229936.0,42977320.0,1.5630088051531135,7.677499999
HK.01876,百威亚太,2025-10-21 00:00:00,7.7975,7.7775,7.8775,7.7675,19.295,0.00054,7126797.0,58819133.0,-0.25649246553383087,7.7975
HK.01876,百威亚太,2025-10-22 00:00:00,7.7775,7.6875,7.7975,7.667499999,19.084,0.00058,7716317.0,62956824.0,-1.1571841851494677,7.7775
HK.01876,百威亚太,2025-10-23 00:00:00,7.6875,7.6975,7.757499999,7.6575,19.107,0.0004,5233244.0,42615317.0,0.13008130081300534,7.6875
HK.01876,百威亚太,2025-10-24 00:00:00,7.7075,7.667499999,7.7975,7.667499999,19.037,0.0004,5318800.0,43226023.0,-0.3897369405651113,7.6975
HK.01876,百威亚太,2025-10-27 00:00:00,7.7075,7.9075,7.917499999,7.7075,19.6,0.0013,17219974.0,142795669.0,3.130094568389962,7.667499999
HK.01876,百威亚太,2025-10-28 00:00:00,7.9475,7.9575,8.0375,7.8775,19.718,0.00166,22032173.0,185036511.0,0.6323110970597512,7.9075
HK.01876,百威亚太,2025-10-30 00:00:00,7.9075,7.5575,7.9075,7.5175,18.779,0.00278,36850205.0,297531979.0,-5.026704366949413,7.9575
HK.01876,百威亚太,2025-10-31 00:00:00,7.5575,7.4375,7.5775,7.4075,18.497,0.0014,18585948.0,146671186.0,-1.5878266622560384,7.5575
HK.01876,百威亚太,2025-11-03 00:00:00,7.4175,7.4075,7.4675,7.3775,18.427,0.00154,20458954.0,160572006.0,-0.4033613445378185,7.4375
HK.01876,百威亚太,2025-11-04 00:00:00,7.4075,7.3175,7.4675,7.3075,18.215,0.00126,16705690.0,130674636.0,-1.2149848126898395,7.4075
HK.01876,百威亚太,2025-11-05 00:00:00,7.2975,7.3675,7.3775,7.2175,18.333,0.00107,14117300.0,109598326.0,0.6832934745473157,7.3175
HK.01876,百威亚太,2025-11-06 00:00:00,7.3775,7.3975,7.4275,7.3375,18.403,0.00097,12903433.0,100933696.0,0.40719375636240585,7.3675
HK.01876,百威亚太,2025-11-07 00:00:00,7.3775,7.3375,7.4475,7.3275,18.262,0.00119,15767800.0,123148280.0,-0.8110848259547091,7.3975
HK.01876,百威亚太,2025-11-10 00:00:00,7.3375,7.4975,7.5175,7.3375,18.638,0.0019,25208032.0,199257798.0,2.180579216354334,7.3375
HK.01876,百威亚太,2025-11-11 00:00:00,7.4975,7.5075,7.5275,7.4375,18.661,0.00153,20226568.0,160334624.0,0.1333777925975415,7.4975
HK.01876,百威亚太,2025-11-12 00:00:00,7.5575,7.6375,7.667499999,7.5275,18.967,0.00209,27733113.0,222926878.0,1.7316017316017303,7.5075
HK.01876,百威亚太,2025-11-13 00:00:00,7.6375,7.7775,7.8075,7.6275,19.295,0.00092,12143613.0,99528169.0,1.8330605564648075,7.6375
HK.01876,百威亚太,2025-11-14 00:00:00,7.747499999,7.7975,7.7975,7.6575,19.342,0.00075,9929124.0,81557025.0,0.25715204114433254,7.7775
HK.01876,百威亚太,2025-11-17 00:00:00,7.7875,7.7075,7.7875,7.6175,19.131,0.00078,10383299.0,84357689.0,-1.1542160949022218,7.7975
HK.01876,百威亚太,2025-11-18 00:00:00,7.677499999,7.5075,7.677499999,7.4575,18.661,0.00108,14315816.0,114129606.0,-2.5948751216347623,7.7075
HK.01876,百威亚太,2025-11-19 00:00:00,7.5075,7.4175,7.5475,7.3875,18.45,0.00093,12271909.0,96722948.0,-1.1988011988011968,7.5075
HK.01876,百威亚太,2025-11-20 00:00:00,7.4175,7.5275,7.5575,7.3975,18.708,0.0009,11943410.0,94650694.0,1.4829794405122942,7.4175
HK.01876,百威亚太,2025-11-21 00:00:00,7.4575,7.3975,7.5275,7.3975,18.403,0.00063,8300470.0,65536542.0,-1.7270009963467274,7.5275
HK.01876,百威亚太,2025-11-24 00:00:00,7.4775,7.4975,7.5375,7.4275,18.638,0.00087,11578581.0,91819739.0,1.3518080432578525,7.3975
HK.01876,百威亚太,2025-11-25 00:00:00,7.5375,7.5275,7.5775,7.4975,18.708,0.0006,7935972.0,63268478.0,0.40013337779260083,7.4975
HK.01876,百威亚太,2025-11-26 00:00:00,7.6175,7.5375,7.6175,7.4975,18.732,0.00139,18344286.0,146477656.0,0.13284623048820707,7.5275
HK.01876,百威亚太,2025-11-27 00:00:00,7.5275,7.6275,7.7375,7.5175,18.943,0.0016,21134830.0,171050131.0,1.1940298507462785,7.5375
HK.01876,百威亚太,2025-11-28 00:00:00,7.6075,7.5675,7.757499999,7.5675,18.802,0.00084,11073218.0,89510184.0,-0.7866273352999081,7.6275
HK.01876,百威亚太,2025-12-01 00:00:00,7.5675,7.6575,7.6575,7.5675,19.014,0.0005,6566723.0,52983483.0,1.1892963330029713,7.5675
HK.01876,百威亚太,2025-12-02 00:00:00,7.6575,7.847499999,7.847499999,7.587499999,19.46,0.00127,16795270.0,138464559.0,2.481227541625861,7.6575
HK.01876,百威亚太,2025-12-03 00:00:00,7.7775,7.7275,7.847499999,7.667499999,19.178,0.00049,6532431.0,53395117.0,-1.5291493980922781,7.847499999
HK.01876,百威亚太,2025-12-04 00:00:00,7.7175,7.6575,7.7975,7.597499999,19.014,0.00039,5131809.0,41523158.0,-0.9058557101261765,7.7275
HK.01876,百威亚太,2025-12-05 00:00:00,7.6375,7.4775,7.6375,7.4375,18.591,0.00185,24553725.0,194763122.0,-2.350636630754159,7.6575
HK.01876,百威亚太,2025-12-08 00:00:00,7.4575,7.3575,7.4975,7.3275,18.309,0.0016,21187590.0,165767916.0,-1.6048144433299913,7.4775
HK.01876,百威亚太,2025-12-09 00:00:00,7.3775,7.4275,7.4275,7.2775,18.474,0.00138,18337087.0,143030344.0,0.9514101257220562,7.3575
HK.01876,百威亚太,2025-12-10 00:00:00,7.4275,7.3475,7.4275,7.3175,18.286,0.00079,10400846.0,81325952.0,-1.0770784247728047,7.4275
HK.01876,百威亚太,2025-12-11 00:00:00,7.3475,7.4175,7.4275,7.3375,18.45,0.00066,8786955.0,68825211.0,0.9527050017012628,7.3475
HK.01876,百威亚太,2025-12-12 00:00:00,7.5475,7.3675,7.5475,7.3675,18.333,0.00088,11638680.0,91681358.0,-0.6740815638692378,7.4175
HK.01876,百威亚太,2025-12-15 00:00:00,7.3575,7.3875,7.4675,7.3175,18.38,0.00046,6068958.0,47683255.0,0.2714625042416079,7.3675
HK.01876,百威亚太,2025-12-16 00:00:00,7.3775,7.3975,7.4575,7.3375,18.403,0.0008,10600328.0,82943528.0,0.13536379018612232,7.3875
HK.01876,百威亚太,2025-12-17 00:00:00,7.3975,7.4675,7.4675,7.3875,18.568,0.00053,6969272.0,54874521.0,0.9462656302805039,7.3975
HK.01876,百威亚太,2025-12-18 00:00:00,7.4375,7.4375,7.4575,7.3875,18.497,0.00016,2054116.0,16157410.0,-0.40174087713425166,7.4675
HK.01876,百威亚太,2025-12-19 00:00:00,7.4375,7.4075,7.4575,7.3375,18.427,0.00129,17029327.0,133695887.0,-0.4033613445378185,7.4375
HK.01876,百威亚太,2025-12-22 00:00:00,7.4575,7.3975,7.4775,7.3475,18.403,0.00052,6871150.0,53821190.0,-0.13499831252109062,7.4075
HK.01876,百威亚太,2025-12-23 00:00:00,7.3875,7.4275,7.4775,7.3675,18.474,0.00092,12143352.0,95767269.0,0.4055424129773606,7.3975
HK.01876,百威亚太,2025-12-24 00:00:00,7.4075,7.3875,7.4775,7.3675,18.38,0.00025,3260022.0,25611465.0,-0.5385392123864023,7.4275
HK.01876,百威亚太,2025-12-29 00:00:00,7.4075,7.3275,7.4975,7.3175,18.239,0.00059,7800983.0,61197940.0,-0.8121827411167579,7.3875
HK.01876,百威亚太,2025-12-30 00:00:00,7.3275,7.1975,7.3475,7.1675,17.934,0.00124,16467334.0,126381934.0,-1.774138519276696,7.3275
HK.01876,百威亚太,2025-12-31 00:00:00,7.1975,7.1475,7.2475,7.1375,17.816,0.00041,5446255.0,41495536.0,-0.6946856547412271,7.1975
HK.01876,百威亚太,2026-01-02 00:00:00,7.1475,7.3275,7.3475,7.1475,18.239,0.00143,18884634.0,145275609.0,2.5183630640083905,7.1475
HK.01876,百威亚太,2026-01-05 00:00:00,7.3275,7.4175,7.4275,7.2475,18.45,0.00134,17715109.0,138688486.0,1.2282497441146467,7.3275
HK.01876,百威亚太,2026-01-06 00:00:00,7.4175,7.3975,7.4875,7.3675,18.403,0.00095,12516359.0,98168221.0,-0.26963262554769746,7.4175
HK.01876,百威亚太,2026-01-07 00:00:00,7.3975,7.5475,7.5475,7.3775,18.755,0.00136,17986264.0,142607981.0,2.027712064886791,7.3975
HK.01876,百威亚太,2026-01-08 00:00:00,7.4675,7.3575,7.5075,7.3275,18.309,0.00087,11527419.0,90146420.0,-2.5173898641934467,7.5475
HK.01876,百威亚太,2026-01-09 00:00:00,7.3675,7.3375,7.4275,7.3175,18.262,0.00066,8751990.0,68291707.0,-0.2718314644920092,7.3575
HK.01876,百威亚太,2026-01-12 00:00:00,7.3675,7.4075,7.4275,7.2975,18.427,0.00115,15205890.0,118830339.0,0.9540034071550173,7.3375
HK.01876,百威亚太,2026-01-13 00:00:00,7.3875,7.3275,7.4575,7.2775,18.239,0.00136,17988371.0,140153782.0,-1.079986500168749,7.4075
HK.01876,百威亚太,2026-01-14 00:00:00,7.3275,7.2575,7.3375,7.2175,18.075,0.00081,10763164.0,83007664.0,-0.955305356533598,7.3275
HK.01876,百威亚太,2026-01-15 00:00:00,7.2975,7.2775,7.3475,7.2475,18.122,0.00057,7591899.0,58649003.0,0.2755769893213858,7.2575
HK.01876,百威亚太,2026-01-16 00:00:00,7.3075,7.2075,7.3375,7.1575,17.957,0.00102,13484965.0,103694214.0,-0.9618687736173175,7.2775
HK.01876,百威亚太,2026-01-19 00:00:00,7.2075,7.1575,7.2475,7.1575,17.84,0.00115,15191700.0,115952455.0,-0.6937218175511596,7.2075
HK.01876,百威亚太,2026-01-20 00:00:00,7.1775,7.2375,7.2775,7.1575,18.028,0.00104,13756586.0,105628835.0,1.1177086971708008,7.1575
HK.01876,百威亚太,2026-01-21 00:00:00,7.2375,7.1775,7.2375,7.0775,17.887,0.00169,22346395.0,169682871.0,-0.8290155440414454,7.2375
HK.01876,百威亚太,2026-01-22 00:00:00,7.1875,7.2775,7.2975,7.1775,18.122,0.00081,10780606.0,83101761.0,1.3932427725531125,7.1775
HK.01876,百威亚太,2026-01-23 00:00:00,7.2775,7.2375,7.3175,7.2075,18.028,0.00071,9396800.0,72331252.0,-0.5496392992098941,7.2775
HK.01876,百威亚太,2026-01-26 00:00:00,7.2375,7.2475,7.2675,7.1675,18.051,0.00047,6268588.0,47939235.0,0.13816925734023885,7.2375
HK.01876,百威亚太,2026-01-27 00:00:00,7.2475,7.2475,7.2875,7.2075,18.051,0.00035,4643679.0,35713403.0,0.0,7.2475
HK.01876,百威亚太,2026-01-28 00:00:00,7.2475,7.2575,7.2675,7.1775,18.075,0.00077,10235421.0,78511037.0,0.13797861331494551,7.2475
HK.01876,百威亚太,2026-01-29 00:00:00,7.2575,7.4975,7.5075,7.1775,18.638,0.00161,21344566.0,167614782.0,3.3069238718566907,7.2575
HK.01876,百威亚太,2026-01-30 00:00:00,7.4375,7.2575,7.5275,7.2575,18.075,0.00073,9635700.0,74686568.0,-3.2010670223407716,7.4975
HK.01876,百威亚太,2026-02-02 00:00:00,7.2575,7.3075,7.3575,7.1875,18.192,0.00068,8955500.0,69267296.0,0.6889424733034767,7.2575
HK.01876,百威亚太,2026-02-03 00:00:00,7.3975,7.3675,7.4275,7.2875,18.333,0.00068,8965522.0,70119197.0,0.8210742387957524,7.3075
HK.01876,百威亚太,2026-02-04 00:00:00,7.4075,7.5175,7.6275,7.3975,18.685,0.00122,16201130.0,129383868.0,2.035968781812017,7.3675
HK.01876,百威亚太,2026-02-05 00:00:00,7.5175,7.7075,7.757499999,7.4175,19.131,0.00202,26752803.0,217324498.0,2.5274359827070105,7.5175
HK.01876,百威亚太,2026-02-06 00:00:00,7.7075,7.757499999,7.7675,7.6275,19.248,0.00089,11792945.0,96225713.0,0.6487187674343254,7.7075
HK.01876,百威亚太,2026-02-09 00:00:00,7.7875,7.6575,7.8575,7.6275,19.014,0.00112,14801800.0,120976625.0,-1.2890750758993386,7.757499999
HK.01876,百威亚太,2026-02-10 00:00:00,7.677499999,7.7775,7.7775,7.6175,19.295,0.00063,8362334.0,68252107.0,1.5670910871694432,7.6575
HK.01876,百威亚太,2026-02-11 00:00:00,7.7775,7.8175,7.837499999,7.6975,19.389,0.00073,9715554.0,79994238.0,0.5143040822886537,7.7775
HK.01876,百威亚太,2026-02-12 00:00:00,7.6475,7.3875,7.6475,7.3075,27.282,0.00236,31189548.0,245599625.0,-5.500479692996478,7.8175
HK.01876,百威亚太,2026-02-13 00:00:00,7.3875,7.4975,7.5275,7.3175,27.665,0.00149,19697901.0,155718018.0,1.4890016920473697,7.3875
HK.01876,百威亚太,2026-02-16 00:00:00,7.4975,7.4575,7.4975,7.3975,27.526,0.00049,6544000.0,51621695.0,-0.5335111703901305,7.4975
HK.01876,百威亚太,2026-02-20 00:00:00,7.4375,7.2975,7.5175,7.2875,26.968,0.00068,8943529.0,69566280.0,-2.1454911163258363,7.4575
HK.01876,百威亚太,2026-02-23 00:00:00,7.3375,7.3875,7.4375,7.3375,27.282,0.00082,10851239.0,84873565.0,1.2332990750256918,7.2975
HK.01876,百威亚太,2026-02-24 00:00:00,7.3875,7.4375,7.5075,7.3475,27.456,0.0017,22573390.0,177827044.0,0.6768189509306236,7.3875
HK.01876,百威亚太,2026-02-25 00:00:00,7.4575,7.5175,7.6375,7.4475,27.735,0.00118,15643789.0,125253994.0,1.0756302521008412,7.4375
HK.01876,百威亚太,2026-02-26 00:00:00,7.5375,7.4575,7.6175,7.4375,27.526,0.00074,9858749.0,78350963.0,-0.7981376787495909,7.5175
HK.01876,百威亚太,2026-02-27 00:00:00,7.4575,7.3475,7.4575,7.3075,27.142,0.00128,17001992.0,132619859.0,-1.475025142474012,7.4575
HK.01876,百威亚太,2026-03-02 00:00:00,7.3075,7.2275,7.3875,7.2175,26.724,0.00112,14771423.0,113987997.0,-1.6332085743450167,7.3475
HK.01876,百威亚太,2026-03-03 00:00:00,7.2875,7.1975,7.3075,7.1775,26.62,0.00096,12776908.0,97952823.0,-0.41508128675199235,7.2275
HK.01876,百威亚太,2026-03-04 00:00:00,7.1975,7.0275,7.1975,6.9675,26.027,0.00139,18371917.0,137261500.0,-2.3619312261201797,7.1975
HK.01876,百威亚太,2026-03-05 00:00:00,7.0775,7.0375,7.1375,6.9875,26.062,0.00101,13439537.0,100816809.0,0.1422981145499792,7.0275
HK.01876,百威亚太,2026-03-06 00:00:00,7.0375,7.2675,7.2775,7.0175,26.864,0.00145,19246591.0,146521777.0,3.268206039076383,7.0375
HK.01876,百威亚太,2026-03-09 00:00:00,7.2575,7.1875,7.2575,7.0775,26.585,0.00087,11479835.0,87161120.0,-1.1007911936704518,7.2675
HK.01876,百威亚太,2026-03-10 00:00:00,7.2275,7.2675,7.3075,7.2275,26.864,0.00056,7434046.0,57343721.0,1.1130434782608705,7.1875
HK.01876,百威亚太,2026-03-11 00:00:00,7.2875,7.2775,7.3675,7.2775,26.898,0.0007,9213094.0,71381970.0,0.1375988992088034,7.2675
HK.01876,百威亚太,2026-03-12 00:00:00,7.2475,7.1175,7.2575,7.0775,26.341,0.00092,12212300.0,92353481.0,-2.1985571968395763,7.2775
HK.01876,百威亚太,2026-03-13 00:00:00,7.1175,7.0475,7.1175,7.0175,26.097,0.00079,10422051.0,78217910.0,-0.9834913944502902,7.1175
HK.01876,百威亚太,2026-03-16 00:00:00,7.1075,6.8975,7.1075,6.8675,25.574,0.00183,24205930.0,178725682.0,-2.128414331323169,7.0475
HK.01876,百威亚太,2026-03-17 00:00:00,6.9275,6.9375,7.0875,6.9275,25.714,0.00082,10916418.0,81227571.0,0.579920260964118,6.8975
HK.01876,百威亚太,2026-03-18 00:00:00,6.9675,6.8775,6.9675,6.8475,25.505,0.0009,11857976.0,86853310.0,-0.8648648648648591,6.9375
HK.01876,百威亚太,2026-03-19 00:00:00,6.8375,6.7075,6.8375,6.6775,24.912,0.00119,15703684.0,112651992.0,-2.471828426026911,6.8775
HK.01876,百威亚太,2026-03-20 00:00:00,6.6875,6.8775,6.8875,6.6575,25.505,0.00555,73449770.0,536130742.0,2.5344763324636723,6.7075
HK.01876,百威亚太,2026-03-23 00:00:00,6.6575,6.6075,6.7575,6.5075,24.564,0.0022,29090890.0,208567554.0,-3.9258451472191993,6.8775
HK.01876,百威亚太,2026-03-24 00:00:00,6.6575,6.6775,6.7075,6.5375,24.808,0.00118,15617227.0,110377626.0,1.0594021944759786,6.6075
HK.01876,百威亚太,2026-03-25 00:00:00,6.7175,6.7075,6.7775,6.6375,24.912,0.00071,9465360.0,67584918.0,0.4492699363534161,6.6775
HK.01876,百威亚太,2026-03-26 00:00:00,6.7075,6.6675,6.7275,6.6175,24.773,0.00068,9042513.0,64221449.0,-0.596347372344378,6.7075
HK.01876,百威亚太,2026-03-27 00:00:00,6.6675,6.6975,6.7675,6.6175,24.878,0.00081,10697966.0,76584190.0,0.4499437570303616,6.6675
HK.01876,百威亚太,2026-03-30 00:00:00,6.6975,6.6975,6.7575,6.6275,24.878,0.00058,7708247.0,55075124.0,0.0,6.6975
HK.01876,百威亚太,2026-03-31 00:00:00,6.7075,6.7575,6.8175,6.7075,25.087,0.0008,10649000.0,76547384.0,0.8958566629339381,6.6975
HK.01876,百威亚太,2026-04-01 00:00:00,6.8575,6.8975,6.9175,6.7675,25.574,0.00081,10753924.0,78569055.0,2.0717721050684377,6.7575
HK.01876,百威亚太,2026-04-02 00:00:00,6.8875,7.1075,7.1075,6.8475,26.306,0.00153,20289361.0,151010109.0,3.044581370061616,6.8975
HK.01876,百威亚太,2026-04-08 00:00:00,7.1975,7.4275,7.4475,7.1375,27.421,0.003,39772861.0,307987288.0,4.502286317270493,7.1075
HK.01876,百威亚太,2026-04-09 00:00:00,7.4175,7.2275,7.4175,7.2075,26.724,0.00099,13115487.0,100956215.0,-2.6926960619320117,7.4275
HK.01876,百威亚太,2026-04-10 00:00:00,7.2475,7.2775,7.2975,7.1875,26.898,0.0007,9282123.0,71411950.0,0.6918021445866457,7.2275
HK.01876,百威亚太,2026-04-13 00:00:00,7.2775,7.2075,7.2775,7.1675,26.655,0.00039,5099236.0,38968608.0,-0.9618687736173175,7.2775
HK.01876,百威亚太,2026-04-14 00:00:00,7.2075,7.0875,7.2575,7.0775,26.236,0.00043,5685675.0,42990388.0,-1.664932362122778,7.2075
HK.01876,百威亚太,2026-04-15 00:00:00,7.1275,7.0875,7.1475,7.0575,26.236,0.00054,7214551.0,54369795.0,0.0,7.0875
HK.01876,百威亚太,2026-04-16 00:00:00,7.0875,7.0375,7.0975,6.9675,26.062,0.00081,10784500.0,80526777.0,-0.7054673721340489,7.0875
HK.01876,百威亚太,2026-04-17 00:00:00,7.0375,6.9575,7.0375,6.8875,25.783,0.00091,12030222.0,88783505.0,-1.1367673179396105,7.0375
HK.01876,百威亚太,2026-04-20 00:00:00,7.0175,7.0675,7.0775,6.9575,26.167,0.00063,8380623.0,62593378.0,1.5810276679841944,6.9575
HK.01876,百威亚太,2026-04-21 00:00:00,7.1075,7.1575,7.1775,7.0775,26.48,0.00062,8231150.0,62432941.0,1.273434736469754,7.0675
HK.01876,百威亚太,2026-04-22 00:00:00,7.1475,7.1275,7.1575,7.0675,26.376,0.00044,5826876.0,43948910.0,-0.41914076143904105,7.1575
HK.01876,百威亚太,2026-04-23 00:00:00,7.1375,7.1475,7.1875,7.0575,26.445,0.00055,7321349.0,55513782.0,0.28060329708873477,7.1275
HK.01876,百威亚太,2026-04-24 00:00:00,7.1275,7.1075,7.1275,7.0275,26.306,0.00053,6977484.0,52405832.0,-0.5596362364463104,7.1475
HK.01876,百威亚太,2026-04-27 00:00:00,7.1275,7.0975,7.1675,7.0575,26.271,0.00049,6470482.0,48788890.0,-0.14069644741469978,7.1075
HK.01876,百威亚太,2026-04-28 00:00:00,7.0075,7.1375,7.1475,7.0075,26.411,0.00042,5605545.0,42229402.0,0.5635787249031354,7.0975
HK.01876,百威亚太,2026-04-29 00:00:00,7.1575,7.2675,7.3075,7.1575,26.864,0.00062,8153737.0,62752016.0,1.8213660245183874,7.1375
HK.01876,百威亚太,2026-04-30 00:00:00,7.2175,7.2275,7.2775,7.0975,26.724,0.00094,12429600.0,94921179.0,-0.5503955968352259,7.2675
HK.01876,百威亚太,2026-05-04 00:00:00,7.4175,7.4875,7.5775,7.3175,27.63,0.00156,20691518.0,163788364.0,3.5973711518505675,7.2275
HK.01876,百威亚太,2026-05-05 00:00:00,7.4875,7.6875,7.6975,7.3475,28.327,0.00122,16163501.0,129222527.0,2.6711185308848107,7.4875
HK.01876,百威亚太,2026-05-06 00:00:00,7.6575,7.5675,7.667499999,7.4675,27.909,0.00142,18791598.0,150425409.0,-1.560975609756099,7.6875
HK.01876,百威亚太,2026-05-07 00:00:00,7.677499999,7.597499999,7.747499999,7.5775,28.013,0.00108,14267135.0,115345930.0,0.39643209778658955,7.5675
HK.01876,百威亚太,2026-05-08 00:00:00,7.4475,7.587499999,7.6075,7.4475,27.979,0.00068,9031362.0,72251184.0,-0.13162224417658452,7.597499999
HK.01876,百威亚太,2026-05-11 00:00:00,7.5775,7.597499999,7.6275,7.4975,28.013,0.00118,15687253.0,125751397.0,0.13179571665657652,7.587499999
HK.01876,百威亚太,2026-05-12 00:00:00,7.597499999,7.6175,7.667499999,7.5175,28.083,0.00097,12874648.0,103208053.0,0.2632445015153946,7.597499999
HK.01876,百威亚太,2026-05-13 00:00:00,7.6375,7.4475,7.667499999,7.4275,27.491,0.00109,14460812.0,114548208.0,-2.231703314735805,7.6175
HK.01876,百威亚太,2026-05-14 00:00:00,7.5575,7.4175,7.5675,7.3875,27.386,0.0007,9282221.0,73372574.0,-0.4028197381671616,7.4475
HK.01876,百威亚太,2026-05-15 00:00:00,7.4875,7.3175,7.4875,7.2475,27.038,0.00067,8838641.0,68419598.0,-1.3481631277384636,7.4175
HK.01876,百威亚太,2026-05-18 00:00:00,7.3575,7.1475,7.3575,7.1175,26.445,0.00078,10267065.0,78068583.0,-2.3231978134608804,7.3175
HK.01876,百威亚太,2026-05-19 00:00:00,7.1575,7.0775,7.1675,7.0775,26.202,0.00092,12238707.0,92487097.0,-0.9793634137810463,7.1475
HK.01876,百威亚太,2026-05-20 00:00:00,7.08,7.2,7.28,7.05,25.087,0.00124,16425885.0,118209836.0,1.7308371600141363,7.0775
HK.01876,百威亚太,2026-05-21 00:00:00,7.24,7.26,7.28,7.16,25.296,0.00099,13109218.0,94779427.0,0.8333333333333279,7.2
HK.01876,百威亚太,2026-05-22 00:00:00,7.32,7.1,7.32,7.06,24.738,0.00145,19259208.0,137001255.0,-2.203856749311297,7.26
HK.01876,百威亚太,2026-05-26 00:00:00,7.2,7.19,7.27,7.14,25.052,0.00093,12352159.0,88648133.0,1.2676056338028274,7.1
HK.01876,百威亚太,2026-05-27 00:00:00,7.25,7.13,7.25,7.08,24.843,0.0008,10602125.0,75549231.0,-0.8344923504867942,7.19
HK.01876,百威亚太,2026-05-28 00:00:00,7.13,7.07,7.2,7.03,24.634,0.0009,11869322.0,83983042.0,-0.8415147265077085,7.13
HK.01876,百威亚太,2026-05-29 00:00:00,7.07,6.99,7.1,6.96,24.355,0.00113,14916501.0,104687901.0,-1.1315417256011324,7.07
HK.01876,百威亚太,2026-06-01 00:00:00,6.99,7.18,7.18,6.88,25.017,0.00131,17404900.0,122676902.0,2.7181688125894063,6.99
HK.01876,百威亚太,2026-06-02 00:00:00,7.06,7.11,7.22,7.03,24.773,0.00116,15310096.0,109043824.0,-0.9749303621169834,7.18
HK.01876,百威亚太,2026-06-03 00:00:00,7.11,7.08,7.15,7.01,24.668,0.00122,16155600.0,114387920.0,-0.4219409282700457,7.11
HK.01876,百威亚太,2026-06-04 00:00:00,7.07,7.01,7.14,6.96,24.425,0.00094,12459986.0,87610672.0,-0.9887005649717555,7.08
HK.01876,百威亚太,2026-06-05 00:00:00,7.09,7.01,7.11,6.89,24.425,0.00515,68241785.0,478353906.0,0.0,7.01
HK.01876,百威亚太,2026-06-08 00:00:00,7.01,7.05,7.14,6.89,24.564,0.00206,27330385.0,191825822.0,0.5706134094151218,7.01
HK.01876,百威亚太,2026-06-09 00:00:00,7.05,6.87,7.05,6.81,23.937,0.00105,13861842.0,95547665.0,-2.5531914893616983,7.05
HK.01876,百威亚太,2026-06-10 00:00:00,6.88,6.95,6.95,6.82,24.216,0.00112,14890948.0,102888019.0,1.1644832605531306,6.87
HK.01876,百威亚太,2026-06-11 00:00:00,6.9,6.99,7.01,6.85,24.355,0.00112,14779714.0,102744723.0,0.5755395683453243,6.95
HK.01876,百威亚太,2026-06-12 00:00:00,7.0,7.23,7.33,6.99,25.191,0.00261,34559292.0,248490629.0,3.433476394849788,6.99
HK.01876,百威亚太,2026-06-15 00:00:00,7.3,7.03,7.3,7.01,24.494,0.0011,14557167.0,103434935.0,-2.7662517289073327,7.23
HK.01876,百威亚太,2026-06-16 00:00:00,7.07,6.82,7.07,6.77,23.763,0.00152,20145297.0,137740883.0,-2.9871977240398286,7.03
HK.01876,百威亚太,2026-06-17 00:00:00,6.84,6.65,6.84,6.61,23.17,0.00107,14202800.0,94832887.0,-2.4926686217008784,6.82
HK.01876,百威亚太,2026-06-18 00:00:00,6.65,6.45,6.65,6.41,22.473,0.00208,27494671.0,177929885.0,-3.0075187969924837,6.65
HK.01876,百威亚太,2026-06-22 00:00:00,6.45,6.46,6.49,6.35,22.508,0.00139,18370644.0,118215658.0,0.15503875968991915,6.45
HK.01876,百威亚太,2026-06-23 00:00:00,6.5,6.4,6.5,6.29,22.299,0.00084,11151101.0,71052930.0,-0.9287925696594366,6.46
HK.01876,百威亚太,2026-06-24 00:00:00,6.4,6.38,6.44,6.32,22.229,0.00099,13159516.0,83809308.0,-0.3125000000000072,6.4
HK.01876,百威亚太,2026-06-25 00:00:00,6.47,6.47,6.53,6.34,22.543,0.00077,10244622.0,66199552.0,1.4106583072100292,6.38
HK.01876,百威亚太,2026-06-26 00:00:00,6.47,6.32,6.47,6.21,22.02,0.0018,23833134.0,149714401.0,-2.318392581143732,6.47
HK.01876,百威亚太,2026-06-29 00:00:00,6.4,6.37,6.44,6.25,22.195,0.00152,20101889.0,128049487.0,0.7911392405063262,6.32
HK.01876,百威亚太,2026-06-30 00:00:00,6.36,6.1,6.37,6.05,21.254,0.00154,20336780.0,124518026.0,-4.238618524332817,6.37
HK.01876,百威亚太,2026-07-02 00:00:00,6.1,6.11,6.21,6.0,21.289,0.00237,31399888.0,191160711.0,0.1639344262295193,6.1
HK.01876,百威亚太,2026-07-03 00:00:00,6.15,6.1,6.24,6.08,21.254,0.00134,17697330.0,108655922.0,-0.16366612111294065,6.11
HK.01876,百威亚太,2026-07-06 00:00:00,6.15,6.23,6.29,6.07,21.707,0.00159,21038405.0,130543725.0,2.1311475409836196,6.1
HK.01876,百威亚太,2026-07-07 00:00:00,6.23,6.1,6.29,6.08,21.254,0.00154,20388216.0,124959030.0,-2.0866773675762564,6.23
HK.01876,百威亚太,2026-07-08 00:00:00,6.1,6.17,6.19,6.08,21.498,0.00122,16216910.0,99597017.0,1.1475409836065622,6.1
HK.01876,百威亚太,2026-07-09 00:00:00,6.18,6.21,6.22,6.09,21.637,0.00099,13099246.0,80879402.0,0.6482982171799033,6.17
HK.01876,百威亚太,2026-07-10 00:00:00,6.18,6.25,6.31,6.12,21.777,0.00112,14780697.0,92182968.0,0.6441223832528187,6.21
HK.01876,百威亚太,2026-07-13 00:00:00,6.25,6.29,6.31,6.21,21.916,0.00051,6716409.0,42057398.0,0.6400000000000006,6.25
HK.01876,百威亚太,2026-07-14 00:00:00,6.29,6.35,6.36,6.18,22.125,0.00062,8205115.0,51667755.0,0.9538950715421243,6.29
HK.01876,百威亚太,2026-07-15 00:00:00,6.42,6.35,6.47,6.34,22.125,0.00064,8528213.0,54238532.0,0.0,6.35
HK.01876,百威亚太,2026-07-16 00:00:00,6.31,6.49,6.52,6.31,22.613,0.00062,8215321.0,53121657.0,2.204724409448828,6.35
HK.01876,百威亚太,2026-07-17 00:00:00,6.58,6.54,6.73,6.51,22.787,0.00104,13757601.0,90593624.0,0.77041602465331,6.49
HK.01876,百威亚太,2026-07-20 00:00:00,6.72,6.73,6.74,6.58,23.449,0.00105,13942320.0,93320116.0,2.9051987767584158,6.54
HK.01876,百威亚太,2026-07-21 00:00:00,6.7,6.81,6.85,6.69,23.728,0.00081,10663997.0,72525100.0,1.1887072808320829,6.73
HK.01876,百威亚太,2026-07-22 00:00:00,6.82,6.69,6.82,6.62,23.31,0.00072,9535368.0,63677836.0,-1.7621145374449227,6.81
HK.01876,百威亚太,2026-07-23 00:00:00,6.69,6.58,6.71,6.54,22.926,0.00087,11455600.0,75697618.0,-1.6442451420029942,6.69
HK.01876,百威亚太,2026-07-24 00:00:00,6.57,6.45,6.58,6.43,22.473,0.00073,9657273.0,62454768.0,-1.9756838905775058,6.58
HK.01876,百威亚太,2026-07-27 00:00:00,6.43,6.59,6.63,6.43,22.961,0.0012,15951500.0,105012711.0,2.1705426356589097,6.45
HK.01876,百威亚太,2026-07-28 00:00:00,6.59,6.79,6.79,6.59,23.658,0.00082,10838056.0,72843317.0,3.0349013657056174,6.59
HK.01876,百威亚太,2026-07-29 00:00:00,6.84,6.93,7.07,6.84,24.146,0.00137,18199094.0,126707014.0,2.061855670103088,6.79
HK.01876,百威亚太,2026-07-30 00:00:00,6.99,7.05,7.64,6.94,24.564,0.00816,108055933.0,783564641.0,1.7316017316017334,6.93
HK.01876,百威亚太,2026-07-31 00:00:00,6.98,6.58,7.0,6.53,22.926,0.00443,58673950.0,389942098.0,-6.666666666666663,7.05
HK.01876,百威亚太,2026-08-03 00:00:00,6.505,6.565,6.685,6.505,22.874,0.00192,25363397.0,166941441.0,-0.22796352583586138,6.58
HK.01876,百威亚太,2026-08-04 00:00:00,6.64,6.57,6.64,6.445,22.891,0.00149,19668845.0,128625919.0,0.07616146230007453,6.565
HK.01876,百威亚太,2026-08-05 00:00:00,6.565,6.5,6.57,6.395,22.648,0.00139,18406710.0,119554977.0,-1.0654490106544945,6.57
HK.01876,百威亚太,2026-08-06 00:00:00,6.48,6.475,6.53,6.42,22.56,0.00081,10721871.0,69287194.0,-0.3846153846153901,6.5
HK.01876,百威亚太,2026-08-07 00:00:00,6.465,6.465,6.515,6.42,22.526,0.00109,14430875.0,93277839.0,-0.15444015444015116,6.475
HK.01876,百威亚太,2026-08-10 00:00:00,6.48,6.465,6.58,6.445,22.526,0.0006,7977900.0,52012412.0,0.0,6.465
HK.01876,百威亚太,2026-08-11 00:00:00,6.465,6.405,6.525,6.405,22.317,0.00058,7675485.0,49484916.0,-0.928074245939669,6.465
HK.01876,百威亚太,2026-08-12 00:00:00,6.405,6.355,6.405,6.31,22.142,0.00093,12257391.0,77866053.0,-0.7806401249024172,6.405
HK.01876,百威亚太,2026-08-13 00:00:00,6.335,6.345,6.355,6.275,22.108,0.00066,8777110.0,55496329.0,-0.15735641227381075,6.355
HK.01876,百威亚太,2026-08-14 00:00:00,6.355,6.42,6.475,6.23,22.369,0.00072,9536924.0,61296002.0,1.1820330969267168,6.345
HK.01876,百威亚太,2026-08-17 00:00:00,6.5,6.37,6.5,6.37,22.195,0.00053,6983942.0,44902218.0,-0.7788161993769442,6.42
HK.01876,百威亚太,2026-08-18 00:00:00,6.37,6.405,6.425,6.32,22.317,0.00043,5635880.0,36021303.0,0.5494505494505517,6.37
HK.01876,百威亚太,2026-08-19 00:00:00,6.4,6.335,6.475,6.33,22.073,0.00054,7215927.0,46060340.0,-1.0928961748633923,6.405
HK.01876,百威亚太,2026-08-20 00:00:00,6.355,6.33,6.46,6.315,22.055,0.00167,22088176.0,141013760.0,-0.07892659826361316,6.335
HK.01876,百威亚太,2026-08-21 00:00:00,6.38,6.3,6.4,6.25,21.951,0.00073,9711076.0,61141207.0,-0.4739336492891035,6.33
