code,name,time_key,open,close,high,low,pe_ratio,turnover_rate,volume,turnover,change_rate,last_close
HK.01772,赣锋锂业,2018-10-11 00:00:00,7.636942854,5.108371426,7.636942854,4.608371426,5.21,0.20373,57096340.0,539861200.0,-39.85966706946973,8.494085711
HK.01772,赣锋锂业,2018-10-12 00:00:00,5.62265714,5.951228569,6.22265714,5.479799997,5.733,0.06374,17865120.0,163343272.0,16.499527397520932,5.108371426
HK.01772,赣锋锂业,2018-10-15 00:00:00,6.051228569,5.92265714,6.351228569,5.62265714,5.715,0.02617,7335160.0,68065058.0,-0.4800929533916598,5.951228569
HK.01772,赣锋锂业,2018-10-16 00:00:00,5.994085712,5.965514283,6.051228569,5.72265714,5.742,0.01046,2930830.0,26829886.0,0.7236134388154027,5.92265714
HK.01772,赣锋锂业,2018-10-18 00:00:00,5.92265714,5.836942854,6.051228569,5.794085712,5.662,0.0108,3027640.0,27963644.0,-2.155244676328939,5.965514283
HK.01772,赣锋锂业,2018-10-19 00:00:00,5.82265714,5.808371426,6.151228569,5.494085712,5.644,0.01498,4197480.0,38705988.0,-0.4894930225403956,5.836942854
HK.01772,赣锋锂业,2018-10-22 00:00:00,5.92265714,6.636942854,6.72265714,5.836942854,6.158,0.02119,5937960.0,56723444.0,14.265124717938452,5.808371426
HK.01772,赣锋锂业,2018-10-23 00:00:00,6.651228568,6.051228569,6.651228568,5.82265714,5.795,0.00571,1599360.0,15102116.0,-8.825061445978813,6.636942854
HK.01772,赣锋锂业,2018-10-24 00:00:00,6.051228569,5.994085712,6.279799997,5.836942854,5.759,0.00975,2732240.0,25529572.0,-0.9443182710489292,6.051228569
HK.01772,赣锋锂业,2018-10-25 00:00:00,5.779799997,5.851228569,6.051228569,5.651228569,5.671,0.00415,1163400.0,10584988.0,-2.3833016387137125,5.994085712
HK.01772,赣锋锂业,2018-10-26 00:00:00,5.979799997,5.536942855,5.979799997,5.536942855,5.476,0.00497,1392160.0,12579478.0,-5.371277335927287,5.851228569
HK.01772,赣锋锂业,2018-10-29 00:00:00,5.636942855,5.72265714,5.779799997,5.479799997,5.591,0.00362,1014159.0,9071240.0,3.354094305529897,5.536942855
HK.01772,赣锋锂业,2018-10-30 00:00:00,5.636942855,5.794085712,5.936942854,5.494085712,5.635,0.00557,1559880.0,14153048.0,1.2481714394652743,5.72265714
HK.01772,赣锋锂业,2018-10-31 00:00:00,5.636942855,5.736942854,5.965514283,5.636942855,5.6,0.00429,1201480.0,10931424.0,-0.9862273504455301,5.794085712
HK.01772,赣锋锂业,2018-11-01 00:00:00,5.751228569,5.536942855,5.879799997,5.465514283,5.476,0.01191,3339000.0,29962608.0,-3.486177291456758,5.736942854
HK.01772,赣锋锂业,2018-11-02 00:00:00,5.636942855,6.208371426,6.608371426,5.636942855,5.892,0.03303,9257080.0,88474453.0,12.12634098966152,5.536942855
HK.01772,赣锋锂业,2018-11-05 00:00:00,6.008371426,6.708371426,7.12265714,6.008371426,6.202,0.02068,5795300.0,58186448.0,8.053641860183381,6.208371426
HK.01772,赣锋锂业,2018-11-06 00:00:00,7.051228568,7.008371425,7.094085711,6.579799997,6.389,0.01586,4445644.0,45154908.0,4.472024280547041,6.708371426
HK.01772,赣锋锂业,2018-11-07 00:00:00,7.165514282,7.065514283,7.922657139,7.036942854,6.424,0.03264,9147880.0,98601948.0,0.8153514494988362,7.008371425
HK.01772,赣锋锂业,2018-11-08 00:00:00,7.32265714,6.979799997,7.351228568,6.894085711,6.371,0.01114,3121160.0,32572008.0,-1.2131358393292484,7.065514283
HK.01772,赣锋锂业,2018-11-09 00:00:00,7.094085711,6.908371425,7.094085711,6.765514283,6.326,0.00537,1505000.0,15363004.0,-1.0233613001905535,6.979799997
HK.01772,赣锋锂业,2018-11-12 00:00:00,6.765514283,6.851228568,7.051228568,6.494085711,6.291,0.00494,1385720.0,14003296.0,-0.8271538034740299,6.908371425
HK.01772,赣锋锂业,2018-11-13 00:00:00,6.836942854,6.651228568,6.92265714,6.565514283,6.167,0.01017,2851240.0,28545540.0,-2.919184464727089,6.851228568
HK.01772,赣锋锂业,2018-11-14 00:00:00,6.636942854,6.894085711,7.194085711,6.636942854,6.318,0.00702,1967279.0,20116992.0,3.651312543496403,6.651228568
HK.01772,赣锋锂业,2018-11-15 00:00:00,6.794085711,7.036942854,7.208371425,6.708371426,6.406,0.00716,2005639.0,20669876.0,2.072169523103867,6.894085711
HK.01772,赣锋锂业,2018-11-16 00:00:00,7.036942854,7.651228568,7.736942854,6.979799997,6.787,0.01452,4069602.0,43508828.0,8.729440138210325,7.036942854
HK.01772,赣锋锂业,2018-11-19 00:00:00,7.779799997,7.32265714,7.779799997,7.308371425,6.583,0.0082,2297680.0,24564096.0,-4.294361684268535,7.651228568
HK.01772,赣锋锂业,2018-11-20 00:00:00,7.136942854,7.551228568,7.779799997,7.079799997,6.725,0.0123,3447920.0,37323864.0,3.1214274221775242,7.32265714
HK.01772,赣锋锂业,2018-11-21 00:00:00,7.522657139,7.765514282,7.908371425,7.294085711,6.858,0.00891,2496760.0,27622232.0,2.837759605212891,7.551228568
HK.01772,赣锋锂业,2018-11-22 00:00:00,7.765514282,7.479799997,8.079799996,7.479799997,6.681,0.00952,2668400.0,29545928.0,-3.6792706139536535,7.765514282
HK.01772,赣锋锂业,2018-11-23 00:00:00,7.42265714,7.208371425,7.551228568,7.108371425,6.513,0.00477,1336440.0,14144148.0,-3.628821253360574,7.479799997
HK.01772,赣锋锂业,2018-11-26 00:00:00,7.208371425,7.365514282,7.608371425,7.065514283,6.61,0.00723,2025519.0,21752684.0,2.180004993291535,7.208371425
HK.01772,赣锋锂业,2018-11-27 00:00:00,7.436942854,7.579799997,7.736942854,7.279799997,6.743,0.00741,2077928.0,22419967.0,2.909310969957331,7.365514282
HK.01772,赣锋锂业,2018-11-28 00:00:00,7.508371425,7.551228568,7.651228568,7.351228568,6.725,0.00608,1703520.0,18459788.0,-0.3769417268438292,7.579799997
HK.01772,赣锋锂业,2018-11-29 00:00:00,7.594085711,7.551228568,7.694085711,7.408371425,6.725,0.00497,1392720.0,15096320.0,0.0,7.551228568
HK.01772,赣锋锂业,2018-11-30 00:00:00,7.351228568,7.636942854,8.122657139,7.351228568,6.778,0.01382,3872679.0,43046428.0,1.1351038473823083,7.551228568
HK.01772,赣锋锂业,2018-12-03 00:00:00,7.879799996,7.894085711,8.036942854,7.765514282,6.938,0.01054,2953160.0,32956720.0,3.367091543251711,7.636942854
HK.01772,赣锋锂业,2018-12-04 00:00:00,8.036942854,7.965514282,8.065514282,7.808371425,6.982,0.00295,826280.0,9244324.0,0.904836527179686,7.894085711
HK.01772,赣锋锂业,2018-12-05 00:00:00,7.851228568,8.008371425,8.094085711,7.565514282,7.009,0.00637,1785280.0,20085312.0,0.5380335968619884,7.965514282
HK.01772,赣锋锂业,2018-12-06 00:00:00,7.822657139,7.836942854,7.951228568,7.722657139,6.902,0.0041,1149400.0,12778588.0,-2.1406171355245287,8.008371425
HK.01772,赣锋锂业,2018-12-07 00:00:00,7.779799997,7.808371425,7.994085711,7.736942854,6.885,0.00411,1152480.0,12807432.0,-0.36457365496058664,7.836942854
HK.01772,赣锋锂业,2018-12-10 00:00:00,7.894085711,7.608371425,7.894085711,7.551228568,6.761,0.00541,1517600.0,16573604.0,-2.561353566758643,7.808371425
HK.01772,赣锋锂业,2018-12-11 00:00:00,7.536942854,7.579799997,7.794085711,7.522657139,6.743,0.00192,537880.0,5884384.0,-0.3755261987620346,7.608371425
HK.01772,赣锋锂业,2018-12-12 00:00:00,7.579799997,7.42265714,7.794085711,7.279799997,6.645,0.00456,1277360.0,13788884.0,-2.0731794646586397,7.579799997
HK.01772,赣锋锂业,2018-12-13 00:00:00,7.494085711,7.508371425,7.536942854,7.279799997,6.699,0.00606,1697920.0,18280008.0,1.154765515681624,7.42265714
HK.01772,赣锋锂业,2018-12-14 00:00:00,7.42265714,7.294085711,7.579799997,7.251228568,6.566,0.00701,1963919.0,21101620.0,-2.853957294740515,7.508371425
HK.01772,赣锋锂业,2018-12-17 00:00:00,7.465514282,7.565514282,7.565514282,7.236942854,6.734,0.00379,1063160.0,11434576.0,3.72121444351368,7.294085711
HK.01772,赣锋锂业,2018-12-18 00:00:00,7.494085711,7.465514282,7.565514282,7.32265714,6.672,0.00319,894040.0,9595964.0,-1.3217872080146797,7.565514282
HK.01772,赣锋锂业,2018-12-19 00:00:00,7.42265714,6.636942854,7.451228568,6.636942854,6.158,0.00715,2004239.0,20842872.0,-11.098651703041508,7.465514282
HK.01772,赣锋锂业,2018-12-20 00:00:00,6.72265714,6.294085711,6.808371425,6.279799997,5.945,0.00568,1591800.0,15593340.0,-5.165889635366745,6.636942854
HK.01772,赣锋锂业,2018-12-21 00:00:00,6.208371426,6.008371426,6.308371426,5.82265714,5.768,0.00657,1842665.0,17165864.0,-4.5394088691970795,6.294085711
HK.01772,赣锋锂业,2018-12-24 00:00:00,5.765514283,5.92265714,6.279799997,5.765514283,5.715,0.0009,250879.0,2320284.0,-1.4265810137683717,6.008371426
HK.01772,赣锋锂业,2018-12-27 00:00:00,6.036942854,5.608371426,6.12265714,5.579799997,5.502,0.00314,880880.0,8140952.0,-5.306498528800544,5.92265714
HK.01772,赣锋锂业,2018-12-28 00:00:00,5.636942855,5.52265714,5.894085712,5.308371426,5.467,0.00441,1236200.0,11033928.0,-1.5283275569559251,5.608371426
HK.01772,赣锋锂业,2018-12-31 00:00:00,5.736942854,5.765514283,5.879799997,5.636942855,5.618,0.00021,59079.0,532660.0,4.397469132041758,5.52265714
HK.01772,赣锋锂业,2019-01-02 00:00:00,5.736942854,5.279799998,5.82265714,5.265514283,5.316,0.0044,1232560.0,10764414.0,-8.424474576919547,5.765514283
HK.01772,赣锋锂业,2019-01-03 00:00:00,5.308371426,5.365514283,5.52265714,5.279799998,5.369,0.00189,530880.0,4610376.0,1.6234381043310269,5.279799998
HK.01772,赣锋锂业,2019-01-04 00:00:00,5.32265714,5.508371426,5.508371426,5.308371426,5.458,0.00387,1083600.0,9471788.0,2.6625060612106775,5.365514283
HK.01772,赣锋锂业,2019-01-07 00:00:00,5.708371426,5.52265714,6.079799997,5.436942855,5.467,0.00768,2153340.0,19087140.0,0.25934551059084066,5.508371426
HK.01772,赣锋锂业,2019-01-08 00:00:00,5.551228569,5.536942855,5.665514283,5.52265714,5.476,0.00285,798560.0,7088904.0,0.2586746676075684,5.52265714
HK.01772,赣锋锂业,2019-01-09 00:00:00,5.551228569,5.651228569,5.82265714,5.52265714,5.547,0.00608,1705060.0,15196170.0,2.064058036950777,5.536942855
HK.01772,赣锋锂业,2019-01-10 00:00:00,5.594085712,5.708371426,5.879799997,5.594085712,5.582,0.00236,661900.0,5967355.0,1.0111581278708062,5.651228569
HK.01772,赣锋锂业,2019-01-11 00:00:00,5.808371426,5.665514283,5.808371426,5.579799997,5.556,0.00172,481599.0,4314580.0,-0.7507770570919395,5.708371426
HK.01772,赣锋锂业,2019-01-14 00:00:00,5.608371426,5.636942855,5.808371426,5.551228569,5.538,0.00164,459759.0,4101496.0,-0.5043042268154181,5.665514283
HK.01772,赣锋锂业,2019-01-15 00:00:00,5.52265714,5.72265714,5.779799997,5.52265714,5.591,0.00169,473199.0,4262692.0,1.5205810526173924,5.636942855
HK.01772,赣锋锂业,2019-01-16 00:00:00,5.594085712,5.679799997,5.808371426,5.594085712,5.564,0.00235,658840.0,5896836.0,-0.7489028601842812,5.72265714
HK.01772,赣锋锂业,2019-01-17 00:00:00,5.636942855,5.62265714,5.908371426,5.579799997,5.529,0.00303,847840.0,7641052.0,-1.006071640377862,5.679799997
HK.01772,赣锋锂业,2019-01-18 00:00:00,5.608371426,5.694085712,5.808371426,5.608371426,5.573,0.00184,514919.0,4623816.0,1.2703703999991613,5.62265714
HK.01772,赣锋锂业,2019-01-21 00:00:00,5.779799997,5.851228569,6.079799997,5.779799997,5.671,0.00383,1072820.0,9901148.0,2.759755735127582,5.694085712
HK.01772,赣锋锂业,2019-01-22 00:00:00,5.92265714,5.651228569,5.92265714,5.608371426,5.547,0.00165,462839.0,4171260.0,-3.4180855805156325,5.851228569
HK.01772,赣锋锂业,2019-01-23 00:00:00,5.636942855,5.736942854,5.851228569,5.608371426,5.6,0.00117,327040.0,2946744.0,1.5167371829585592,5.651228569
HK.01772,赣锋锂业,2019-01-24 00:00:00,5.808371426,5.808371426,5.879799997,5.665514283,5.644,0.00151,422240.0,3824690.0,1.245063334563247,5.736942854
HK.01772,赣锋锂业,2019-01-25 00:00:00,5.808371426,5.994085712,6.279799997,5.679799997,5.759,0.00605,1694840.0,15734144.0,3.1973555473516733,5.808371426
HK.01772,赣锋锂业,2019-01-28 00:00:00,5.994085712,5.965514283,6.179799997,5.92265714,5.742,0.00153,428400.0,3987468.0,-0.47666033441599065,5.994085712
HK.01772,赣锋锂业,2019-01-29 00:00:00,5.836942854,5.794085712,5.951228569,5.694085712,5.635,0.00445,1246280.0,11335368.0,-2.873659551675569,5.965514283
HK.01772,赣锋锂业,2019-01-30 00:00:00,5.894085712,5.92265714,5.994085712,5.708371426,5.715,0.00368,1031799.0,9479884.0,2.21901149535497,5.794085712
HK.01772,赣锋锂业,2019-01-31 00:00:00,5.92265714,5.765514283,5.994085712,5.708371426,5.618,0.00165,463679.0,4251892.0,-2.653249264400272,5.92265714
HK.01772,赣锋锂业,2019-02-01 00:00:00,5.851228569,5.994085712,6.479799997,5.694085712,5.759,0.00242,677040.0,6291213.0,3.9644586376961803,5.765514283
HK.01772,赣锋锂业,2019-02-04 00:00:00,5.994085712,5.994085712,6.008371426,5.851228569,5.759,0.00051,142800.0,1316516.0,0.0,5.994085712
HK.01772,赣锋锂业,2019-02-08 00:00:00,5.994085712,5.936942854,6.008371426,5.794085712,5.724,0.00179,501199.0,4640536.0,-0.9533206688319813,5.994085712
HK.01772,赣锋锂业,2019-02-11 00:00:00,5.908371426,6.536942854,6.551228568,5.879799997,6.096,0.01095,3067960.0,29228484.0,10.106211475418734,5.936942854
HK.01772,赣锋锂业,2019-02-12 00:00:00,6.536942854,6.451228568,6.565514283,6.279799997,6.043,0.00614,1721440.0,16775276.0,-1.3112289324596254,6.536942854
HK.01772,赣锋锂业,2019-02-13 00:00:00,6.565514283,6.965514283,7.065514283,6.565514283,6.362,0.01158,3245200.0,32895752.0,7.971903484415494,6.451228568
HK.01772,赣锋锂业,2019-02-14 00:00:00,6.951228568,7.065514283,7.179799997,6.779799997,6.424,0.00399,1117200.0,11481118.0,1.435644174100097,6.965514283
HK.01772,赣锋锂业,2019-02-15 00:00:00,7.179799997,7.065514283,7.365514282,6.851228568,6.424,0.00489,1371160.0,14182132.0,0.0,7.065514283
HK.01772,赣锋锂业,2019-02-18 00:00:00,7.32265714,7.451228568,7.522657139,6.994085711,6.663,0.00723,2026063.0,21373817.0,5.459111248675126,7.065514283
HK.01772,赣锋锂业,2019-02-19 00:00:00,7.536942854,7.165514282,7.536942854,7.036942854,6.486,0.00397,1111600.0,11667828.0,-3.8344587525744003,7.451228568
HK.01772,赣锋锂业,2019-02-20 00:00:00,7.622657139,7.379799997,7.622657139,7.136942854,6.619,0.00897,2513280.0,26953704.0,2.9905141008272422,7.165514282
HK.01772,赣锋锂业,2019-02-21 00:00:00,7.508371425,7.294085711,7.551228568,7.265514282,6.566,0.00567,1589560.0,17065584.0,-1.16147166637096,7.379799997
HK.01772,赣锋锂业,2019-02-22 00:00:00,7.408371425,7.12265714,7.408371425,6.965514283,6.459,0.00684,1917999.0,19913768.0,-2.3502406990018416,7.294085711
HK.01772,赣锋锂业,2019-02-25 00:00:00,7.12265714,7.894085711,7.894085711,7.065514283,6.938,0.02108,5906600.0,64476821.0,10.830629017192866,7.12265714
HK.01772,赣锋锂业,2019-02-26 00:00:00,7.965514282,8.036942854,8.579799996,7.665514282,7.027,0.02016,5648720.0,64068900.0,1.8096730670270733,7.894085711
HK.01772,赣锋锂业,2019-02-27 00:00:00,8.136942854,7.622657139,8.265514282,7.508371425,6.77,0.00757,2121484.0,23820160.0,-5.154767459791114,8.036942854
HK.01772,赣锋锂业,2019-02-28 00:00:00,7.622657139,7.32265714,7.994085711,7.279799997,6.583,0.00666,1865359.0,20452952.0,-3.9356354815580357,7.622657139
HK.01772,赣锋锂业,2019-03-01 00:00:00,7.622657139,7.365514282,7.679799997,7.136942854,6.61,0.0035,981959.0,10374316.0,0.5852676314161118,7.32265714
HK.01772,赣锋锂业,2019-03-04 00:00:00,7.551228568,7.394085711,7.851228568,7.208371425,6.628,0.0054,1514800.0,16481216.0,0.38790813385323125,7.365514282
HK.01772,赣锋锂业,2019-03-05 00:00:00,7.42265714,7.365514282,7.579799997,7.279799997,6.61,0.0067,1877399.0,20050564.0,-0.3864092210548008,7.394085711
HK.01772,赣锋锂业,2019-03-06 00:00:00,7.365514282,7.465514282,7.636942854,7.32265714,6.672,0.00621,1740200.0,18757864.0,1.3576784481211552,7.365514282
HK.01772,赣锋锂业,2019-03-07 00:00:00,7.42265714,7.236942854,7.551228568,7.136942854,6.53,0.00602,1687000.0,17898720.0,-3.06169701598597,7.465514282
HK.01772,赣锋锂业,2019-03-08 00:00:00,7.279799997,6.62265714,7.279799997,6.494085711,6.149,0.00763,2138360.0,21432496.0,-8.488193514758398,7.236942854
HK.01772,赣锋锂业,2019-03-11 00:00:00,6.708371426,6.894085711,6.951228568,6.551228568,6.318,0.00339,951439.0,9525108.0,4.09848441889896,6.62265714
HK.01772,赣锋锂业,2019-03-12 00:00:00,7.151228568,6.779799997,7.151228568,6.694085711,6.247,0.00243,681520.0,6973920.0,-1.6577356126810157,6.894085711
HK.01772,赣锋锂业,2019-03-13 00:00:00,6.794085711,7.251228568,7.508371425,6.694085711,6.539,0.00814,2280040.0,23703068.0,6.953428880034861,6.779799997
HK.01772,赣锋锂业,2019-03-14 00:00:00,7.551228568,7.308371425,7.936942854,7.251228568,6.575,0.01292,3621800.0,39558204.0,0.7880437978768683,7.251228568
HK.01772,赣锋锂业,2019-03-15 00:00:00,7.42265714,7.351228568,7.565514282,7.294085711,6.601,0.00494,1384320.0,14859036.0,0.586411671051598,7.308371425
HK.01772,赣锋锂业,2019-03-18 00:00:00,7.408371425,7.479799997,7.636942854,7.351228568,6.681,0.00339,951439.0,10260212.0,1.7489787973628408,7.351228568
HK.01772,赣锋锂业,2019-03-19 00:00:00,7.479799997,7.294085711,7.479799997,7.294085711,6.566,0.0044,1233400.0,13138412.0,-2.482877698260461,7.479799997
HK.01772,赣锋锂业,2019-03-20 00:00:00,7.436942854,6.936942854,7.436942854,6.651228568,6.344,0.00507,1421700.0,14538422.0,-4.896334799869482,7.294085711
HK.01772,赣锋锂业,2019-03-21 00:00:00,6.965514283,6.908371425,7.02265714,6.736942854,6.326,0.00199,556920.0,5700224.0,-0.41187349530383527,6.936942854
HK.01772,赣锋锂业,2019-03-22 00:00:00,6.908371425,6.565514283,6.979799997,6.565514283,6.114,0.00533,1492960.0,14826581.0,-4.962922820844142,6.908371425
HK.01772,赣锋锂业,2019-03-25 00:00:00,6.465514283,6.251228569,6.551228568,6.236942854,5.919,0.00317,887320.0,8589024.0,-4.786916918508203,6.565514283
HK.01772,赣锋锂业,2019-03-26 00:00:00,6.465514283,6.194085711,6.465514283,6.179799997,5.883,0.00339,950459.0,9071911.0,-0.9141060412248162,6.251228569
HK.01772,赣锋锂业,2019-03-27 00:00:00,6.208371426,6.065514283,6.294085711,5.779799997,5.804,0.00522,1463000.0,13579804.0,-2.075712768579735,6.194085711
HK.01772,赣锋锂业,2019-03-28 00:00:00,6.12265714,6.079799997,6.12265714,5.894085712,5.813,0.00272,763280.0,7079696.0,0.2355235406837564,6.065514283
HK.01772,赣锋锂业,2019-03-29 00:00:00,6.008371426,6.051228569,6.208371426,5.936942854,5.795,0.00533,1493520.0,13963622.0,-0.46994026142469225,6.079799997
HK.01772,赣锋锂业,2019-04-01 00:00:00,6.065514283,6.351228569,6.436942854,6.065514283,5.981,0.00748,2096359.0,20156132.0,4.957670935401082,6.051228569
HK.01772,赣锋锂业,2019-04-02 00:00:00,6.351228569,6.851228568,6.894085711,6.351228569,6.291,0.00794,2226140.0,22148196.0,7.8724925983686465,6.351228569
HK.01772,赣锋锂业,2019-04-03 00:00:00,6.894085711,6.851228568,6.951228568,6.72265714,11.639,0.00358,1003798.0,10158679.0,0.0,6.851228568
HK.01772,赣锋锂业,2019-04-04 00:00:00,6.979799997,6.608371426,7.108371425,6.551228568,11.36,0.00441,1236480.0,12412520.0,-3.544723980372101,6.851228568
HK.01772,赣锋锂业,2019-04-08 00:00:00,7.265514282,7.251228568,7.579799997,6.979799997,12.098,0.01281,3590160.0,37962176.0,9.727920853097649,6.608371426
HK.01772,赣锋锂业,2019-04-09 00:00:00,7.308371425,7.065514283,7.379799997,7.051228568,11.885,0.00431,1208480.0,12669700.0,-2.561142339652152,7.251228568
HK.01772,赣锋锂业,2019-04-10 00:00:00,7.136942854,7.008371425,7.136942854,6.851228568,11.819,0.00232,649600.0,6689856.0,-0.8087572356549965,7.065514283
HK.01772,赣锋锂业,2019-04-11 00:00:00,7.051228568,6.92265714,7.42265714,6.92265714,11.721,0.00455,1275400.0,13335472.0,-1.223027145710958,7.008371425
HK.01772,赣锋锂业,2019-04-12 00:00:00,6.979799997,6.736942854,6.979799997,6.651228568,11.508,0.0026,727440.0,7322864.0,-2.6827023532180956,6.92265714
HK.01772,赣锋锂业,2019-04-15 00:00:00,6.92265714,6.72265714,7.065514283,6.651228568,11.491,0.00138,387240.0,3930748.0,-0.21205039599701603,6.736942854
HK.01772,赣锋锂业,2019-04-16 00:00:00,6.751228568,6.851228568,7.02265714,6.72265714,11.639,0.00166,464799.0,4740408.0,1.912509076730929,6.72265714
HK.01772,赣锋锂业,2019-04-17 00:00:00,6.865514283,7.136942854,7.136942854,6.82265714,11.967,0.00248,695520.0,7157380.0,4.17026352520896,6.851228568
HK.01772,赣锋锂业,2019-04-18 00:00:00,7.136942854,6.779799997,7.208371425,6.679799997,11.557,0.00288,806400.0,8177716.0,-5.004143430962666,7.136942854
HK.01772,赣锋锂业,2019-04-23 00:00:00,6.708371426,6.594085711,6.779799997,6.351228569,11.344,0.00267,748440.0,7329640.0,-2.739229565506011,6.779799997
HK.01772,赣锋锂业,2019-04-24 00:00:00,6.836942854,6.551228568,6.836942854,6.436942854,11.295,0.00277,775320.0,7583468.0,-0.649933059385433,6.594085711
HK.01772,赣锋锂业,2019-04-25 00:00:00,6.436942854,6.408371426,6.52265714,6.408371426,11.131,0.00403,1128680.0,10980620.0,-2.1806160557089505,6.551228568
HK.01772,赣锋锂业,2019-04-26 00:00:00,6.351228569,6.165514283,6.365514283,6.094085711,10.852,0.00276,773080.0,7305894.0,-3.7896858165037353,6.408371426
HK.01772,赣锋锂业,2019-04-29 00:00:00,6.136942854,6.179799997,6.336942854,5.779799997,10.868,0.00293,822080.0,7616364.0,0.23170352616632925,6.165514283
HK.01772,赣锋锂业,2019-04-30 00:00:00,6.051228569,6.336942854,6.336942854,5.851228569,11.049,0.00171,478239.0,4488756.0,2.5428469703920125,6.179799997
HK.01772,赣锋锂业,2019-05-02 00:00:00,6.279799997,6.12265714,6.279799997,6.12265714,10.803,0.00149,417480.0,3947620.0,-3.381531425121478,6.336942854
HK.01772,赣锋锂业,2019-05-03 00:00:00,6.42265714,6.265514283,6.42265714,6.12265714,10.967,0.00162,453320.0,4308124.0,2.3332540061193043,6.12265714
HK.01772,赣锋锂业,2019-05-06 00:00:00,6.179799997,5.82265714,6.208371426,5.765514283,10.459,0.00891,2496760.0,22872933.0,-7.0681690759462334,6.265514283
HK.01772,赣锋锂业,2019-05-07 00:00:00,6.194085711,5.765514283,6.379799997,5.765514283,10.393,0.0041,1148560.0,10493308.0,-0.9813879750439789,5.82265714
HK.01772,赣锋锂业,2019-05-08 00:00:00,5.708371426,5.565514283,5.794085712,5.565514283,10.163,0.00291,814800.0,7291804.0,-3.468901301479963,5.765514283
HK.01772,赣锋锂业,2019-05-09 00:00:00,5.608371426,5.32265714,5.608371426,5.294085712,9.885,0.00626,1753640.0,15271886.0,-4.3636064997948765,5.565514283
HK.01772,赣锋锂业,2019-05-10 00:00:00,5.394085712,5.351228569,5.479799997,5.12265714,9.918,0.00757,2120720.0,18294824.0,0.536788830249553,5.32265714
HK.01772,赣锋锂业,2019-05-14 00:00:00,4.922657141,5.051228569,5.194085712,4.922657141,9.573,0.00576,1615040.0,13485124.0,-5.606189235457414,5.351228569
HK.01772,赣锋锂业,2019-05-15 00:00:00,5.02265714,5.079799998,5.208371426,4.979799998,9.606,0.00308,862400.0,7234004.0,0.5656332634667658,5.051228569
HK.01772,赣锋锂业,2019-05-16 00:00:00,5.094085712,5.279799998,5.294085712,5.036942855,9.836,0.00402,1126720.0,9603912.0,3.937162881978474,5.079799998
HK.01772,赣锋锂业,2019-05-17 00:00:00,5.294085712,5.008371426,5.308371426,4.936942855,9.524,0.00525,1472520.0,12269836.0,-5.140887384045179,5.279799998
HK.01772,赣锋锂业,2019-05-20 00:00:00,5.065514283,4.694085712,5.065514283,4.651228569,9.163,0.00551,1545600.0,12394936.0,-6.275207792466158,5.008371426
HK.01772,赣锋锂业,2019-05-21 00:00:00,4.765514283,4.851228569,4.908371426,4.651228569,9.344,0.00496,1391320.0,11191700.0,3.347677623318187,4.694085712
HK.01772,赣锋锂业,2019-05-22 00:00:00,5.12265714,4.751228569,5.136942855,4.751228569,9.229,0.00208,583632.0,4786993.0,-2.061333507124629,4.851228569
HK.01772,赣锋锂业,2019-05-23 00:00:00,4.851228569,4.479799998,4.851228569,4.465514284,8.918,0.00467,1308160.0,10306960.0,-5.7128081096954775,4.751228569
HK.01772,赣锋锂业,2019-05-24 00:00:00,4.522657141,4.536942855,4.651228569,4.422657141,8.983,0.00148,414563.0,3247546.0,1.2755671464242129,4.479799998
HK.01772,赣锋锂业,2019-05-27 00:00:00,4.536942855,4.679799998,4.736942855,4.436942855,9.147,0.00157,439040.0,3469164.0,3.148753413161507,4.536942855
HK.01772,赣锋锂业,2019-05-28 00:00:00,4.736942855,4.779799998,4.865514283,4.708371426,9.262,0.00197,551320.0,4473312.0,2.13684345576171,4.679799998
HK.01772,赣锋锂业,2019-05-29 00:00:00,4.922657141,4.879799998,4.922657141,4.822657141,9.377,0.00122,343280.0,2810228.0,2.0921377472246387,4.779799998
HK.01772,赣锋锂业,2019-05-30 00:00:00,4.894085712,4.965514283,5.094085712,4.851228569,9.475,0.00198,554400.0,4566980.0,1.7565122553205077,4.879799998
HK.01772,赣锋锂业,2019-05-31 00:00:00,4.879799998,4.936942855,4.994085712,4.851228569,9.442,0.00209,586040.0,4814740.0,-0.5753971567017288,4.965514283
HK.01772,赣锋锂业,2019-06-03 00:00:00,4.936942855,4.836942855,4.994085712,4.708371426,9.327,0.00101,281680.0,2288772.0,-2.0255450171703404,4.936942855
HK.01772,赣锋锂业,2019-06-04 00:00:00,4.865514283,4.608371426,4.865514283,4.594085712,9.065,0.00226,632240.0,5045392.0,-4.725535030121841,4.836942855
HK.01772,赣锋锂业,2019-06-05 00:00:00,4.908371426,4.636942855,4.922657141,4.551228569,9.098,0.00297,832160.0,6603488.0,0.6199897178166454,4.608371426
HK.01772,赣锋锂业,2019-06-06 00:00:00,4.636942855,4.665514283,4.751228569,4.579799998,9.131,0.00084,235479.0,1873636.0,0.6161695085198593,4.636942855
HK.01772,赣锋锂业,2019-06-10 00:00:00,4.565514284,4.794085712,4.879799998,4.565514284,9.278,0.00147,413280.0,3339528.0,2.755782561174081,4.665514283
HK.01772,赣锋锂业,2019-06-11 00:00:00,4.851228569,5.136942855,5.265514283,4.851228569,9.672,0.00481,1346800.0,11299568.0,7.151669027147335,4.794085712
HK.01772,赣锋锂业,2019-06-12 00:00:00,5.136942855,5.036942855,5.208371426,4.951228569,9.557,0.00134,376320.0,3163856.0,-1.94668313085604,5.136942855
HK.01772,赣锋锂业,2019-06-13 00:00:00,4.994085712,4.894085712,5.008371426,4.579799998,9.393,0.00085,239119.0,1943828.0,-2.83618748738019,5.036942855
HK.01772,赣锋锂业,2019-06-14 00:00:00,5.023664283,4.809378569,5.052235711,4.752235711,9.016,0.00228,639520.0,5082560.0,-1.7308062830265398,4.894085712
HK.01772,赣锋锂业,2019-06-17 00:00:00,5.023664283,4.837949997,5.023664283,4.823664283,9.049,0.00044,122079.0,966027.0,0.5940773343184961,4.809378569
HK.01772,赣锋锂业,2019-06-18 00:00:00,4.909378568,4.809378569,4.909378568,4.809378569,9.016,0.00274,767200.0,6045050.0,-0.5905688983498651,4.837949997
HK.01772,赣锋锂业,2019-06-19 00:00:00,4.952235711,4.923664283,5.08080714,4.852235711,9.147,0.00179,501199.0,4028484.0,2.3763093788593834,4.809378569
HK.01772,赣锋锂业,2019-06-20 00:00:00,4.966521426,4.88080714,5.023664283,4.88080714,9.098,0.0012,336840.0,2689752.0,-0.8704318681509908,4.923664283
HK.01772,赣锋锂业,2019-06-21 00:00:00,4.952235711,4.952235711,5.052235711,4.895092854,9.18,0.00121,338786.0,2713752.0,1.4634581730266896,4.88080714
HK.01772,赣锋锂业,2019-06-24 00:00:00,4.952235711,4.88080714,5.009378568,4.837949997,9.098,0.00106,297080.0,2357729.0,-1.4423499842978338,4.952235711
HK.01772,赣锋锂业,2019-06-25 00:00:00,4.909378568,4.68080714,4.909378568,4.609378569,8.868,0.00241,676760.0,5262475.0,-4.097682909060819,4.88080714
HK.01772,赣锋锂业,2019-06-26 00:00:00,4.68080714,4.68080714,4.88080714,4.652235711,8.868,0.00181,508199.0,3966180.0,0.0,4.68080714
HK.01772,赣锋锂业,2019-06-27 00:00:00,4.709378569,4.752235711,4.866521426,4.652235711,8.95,0.00315,883680.0,6867828.0,1.5259883362765556,4.68080714
HK.01772,赣锋锂业,2019-06-28 00:00:00,4.752235711,4.595092854,4.752235711,4.523664283,8.77,0.00393,1102080.0,8429360.0,-3.306714282632522,4.752235711
HK.01772,赣锋锂业,2019-07-02 00:00:00,4.68080714,4.895092854,4.952235711,4.68080714,9.114,0.0054,1513960.0,11957648.0,6.528703761423486,4.595092854
HK.01772,赣锋锂业,2019-07-03 00:00:00,4.952235711,4.923664283,5.023664283,4.766521426,9.147,0.00244,682920.0,5417812.0,0.5836749138814256,4.895092854
HK.01772,赣锋锂业,2019-07-04 00:00:00,4.923664283,4.923664283,4.98080714,4.823664283,9.147,0.00119,332360.0,2656452.0,0.0,4.923664283
HK.01772,赣锋锂业,2019-07-05 00:00:00,4.937949997,4.909378568,4.995092854,4.866521426,9.131,0.00133,373240.0,2982696.0,-0.2901439695903766,4.923664283
HK.01772,赣锋锂业,2019-07-08 00:00:00,4.809378569,4.695092854,4.809378569,4.623664283,8.885,0.00104,292320.0,2261912.0,-4.364823592882884,4.909378568
HK.01772,赣锋锂业,2019-07-09 00:00:00,4.723664283,4.852235711,4.852235711,4.695092854,9.065,0.00093,260119.0,2033656.0,3.3469595146796918,4.695092854
HK.01772,赣锋锂业,2019-07-10 00:00:00,4.809378569,4.923664283,4.937949997,4.752235711,9.147,0.00082,229879.0,1827224.0,1.4720754772500437,4.852235711
HK.01772,赣锋锂业,2019-07-11 00:00:00,4.98080714,5.009378568,5.066521426,4.866521426,9.245,0.00275,771160.0,6204571.0,1.7408637159919031,4.923664283
HK.01772,赣锋锂业,2019-07-12 00:00:00,5.023664283,4.966521426,5.052235711,4.966521426,9.196,0.00102,287000.0,2311000.0,-0.8555380955588403,5.009378568
HK.01772,赣锋锂业,2019-07-15 00:00:00,4.68080714,4.852235711,4.88080714,4.652235711,9.065,0.00332,931839.0,7270968.0,-2.3011219563396743,4.966521426
HK.01772,赣锋锂业,2019-07-16 00:00:00,4.966521426,4.866521426,4.966521426,4.809378569,9.081,0.00037,104440.0,827368.0,0.2944151078154547,4.852235711
HK.01772,赣锋锂业,2019-07-17 00:00:00,4.88080714,4.837949997,4.966521426,4.709378569,9.049,0.00087,244999.0,1928552.0,-0.5871016789806756,4.866521426
HK.01772,赣锋锂业,2019-07-18 00:00:00,4.752235711,4.737949997,4.766521426,4.695092854,8.934,0.00173,484959.0,3770600.0,-2.0669911855643273,4.837949997
HK.01772,赣锋锂业,2019-07-19 00:00:00,4.752235711,4.609378569,4.852235711,4.523664283,8.786,0.00288,807520.0,6242564.0,-2.713651011121042,4.737949997
HK.01772,赣锋锂业,2019-07-22 00:00:00,4.58080714,4.195092854,4.623664283,4.109378569,8.311,0.00449,1257200.0,9170760.0,-8.987886518721739,4.609378569
HK.01772,赣锋锂业,2019-07-23 00:00:00,4.237949997,4.337949997,4.352235712,4.237949997,8.475,0.00081,225960.0,1661476.0,3.4053392373374063,4.195092854
HK.01772,赣锋锂业,2019-07-24 00:00:00,4.337949997,4.337949997,4.537949997,4.223664283,8.475,0.0026,729120.0,5407372.0,0.0,4.337949997
HK.01772,赣锋锂业,2019-07-25 00:00:00,4.18080714,4.337949997,4.38080714,4.18080714,8.475,0.00206,576690.0,4231556.0,0.0,4.337949997
HK.01772,赣锋锂业,2019-07-26 00:00:00,4.337949997,4.295092854,4.409378569,4.166521426,8.426,0.00163,455560.0,3363594.0,-0.9879584372719543,4.337949997
HK.01772,赣锋锂业,2019-07-29 00:00:00,4.295092854,4.18080714,4.295092854,4.152235712,8.295,0.00144,402640.0,2916384.0,-2.6608438486624673,4.295092854
HK.01772,赣锋锂业,2019-07-30 00:00:00,4.266521426,4.266521426,4.323664283,4.166521426,8.393,0.0011,309586.0,2270857.0,2.0501851228660115,4.18080714
HK.01772,赣锋锂业,2019-07-31 00:00:00,4.266521426,4.137949997,4.266521426,4.123664283,8.245,0.00106,295680.0,2132212.0,-3.0134954489268737,4.266521426
HK.01772,赣锋锂业,2019-08-01 00:00:00,4.109378569,4.409378569,4.495092854,4.095092855,8.557,0.00335,939679.0,6992096.0,6.5594937637425605,4.137949997
HK.01772,赣锋锂业,2019-08-02 00:00:00,4.309378569,4.137949997,4.366521426,4.095092855,8.245,0.00289,811160.0,5857052.0,-6.1557103286225106,4.409378569
HK.01772,赣锋锂业,2019-08-05 00:00:00,4.137949997,3.845092855,4.295092854,3.845092855,7.909,0.00397,1113840.0,7830584.0,-7.077348498950456,4.137949997
HK.01772,赣锋锂业,2019-08-06 00:00:00,3.845092855,3.68080714,3.845092855,3.545092855,7.721,0.00348,975519.0,6515840.0,-4.272607221601145,3.845092855
HK.01772,赣锋锂业,2019-08-07 00:00:00,3.737949998,3.759378569,3.845092855,3.58080714,7.811,0.00419,1173760.0,7977426.0,2.1346249888006814,3.68080714
HK.01772,赣锋锂业,2019-08-08 00:00:00,3.873664283,3.809378569,3.895092855,3.766521426,7.868,0.00137,383979.0,2638647.0,1.330007049896556,3.759378569
HK.01772,赣锋锂业,2019-08-09 00:00:00,3.859378569,3.659378569,3.959378569,3.637949998,7.696,0.00108,301280.0,2049886.0,-3.937650125421293,3.809378569
HK.01772,赣锋锂业,2019-08-12 00:00:00,3.659378569,3.787949997,3.787949997,3.637949998,7.844,0.00083,231839.0,1561938.0,3.5134770993408067,3.659378569
HK.01772,赣锋锂业,2019-08-13 00:00:00,3.702235712,3.587949998,3.702235712,3.552235712,7.614,0.00176,493919.0,3287576.0,-5.279900715648229,3.787949997
HK.01772,赣锋锂业,2019-08-14 00:00:00,3.737949998,3.566521426,3.737949998,3.559378569,7.59,0.00101,284200.0,1888388.0,-0.5972371970608503,3.587949998
HK.01772,赣锋锂业,2019-08-15 00:00:00,3.652235712,3.58080714,3.652235712,3.387949998,7.606,0.00157,441280.0,2891436.0,0.4005503484671934,3.566521426
HK.01772,赣锋锂业,2019-08-16 00:00:00,3.58080714,3.587949998,3.702235712,3.495092855,7.614,0.00086,242199.0,1612968.0,0.19947619965927343,3.58080714
HK.01772,赣锋锂业,2019-08-19 00:00:00,3.602235712,3.645092855,3.737949998,3.602235712,7.68,0.00063,175280.0,1178548.0,1.5926324790438202,3.587949998
HK.01772,赣锋锂业,2019-08-20 00:00:00,3.645092855,3.709378569,3.759378569,3.645092855,7.754,0.00089,248919.0,1686236.0,1.7636234948533276,3.645092855
HK.01772,赣锋锂业,2019-08-21 00:00:00,3.759378569,3.573664283,3.759378569,3.523664283,7.598,0.00138,387520.0,2577512.0,-3.658679842876944,3.709378569
HK.01772,赣锋锂业,2019-08-22 00:00:00,3.687949998,3.752235712,3.845092855,3.58080714,7.803,0.00215,601440.0,4066464.0,4.996871973941942,3.573664283
HK.01772,赣锋锂业,2019-08-23 00:00:00,3.752235712,3.587949998,3.78080714,3.573664283,7.614,0.00122,342440.0,2313386.0,-4.378342050170222,3.752235712
HK.01772,赣锋锂业,2019-08-26 00:00:00,3.459378569,3.687949998,3.695092855,3.459378569,7.729,0.00189,528640.0,3510058.0,2.78710684529445,3.587949998
HK.01772,赣锋锂业,2019-08-27 00:00:00,3.695092855,3.537949998,3.737949998,3.53080714,7.557,0.00086,240735.0,1605371.0,-4.067300263868705,3.687949998
HK.01772,赣锋锂业,2019-08-28 00:00:00,3.53080714,3.595092855,3.702235712,3.53080714,7.622,0.00091,254799.0,1694370.0,1.6151403222855738,3.537949998
HK.01772,赣锋锂业,2019-08-29 00:00:00,3.573664283,3.509378569,3.573664283,3.423664283,7.524,0.00287,805382.0,5271014.0,-2.3842022850895175,3.595092855
HK.01772,赣锋锂业,2019-08-30 00:00:00,3.587949998,3.48080714,3.645092855,3.423664283,7.491,0.00271,759080.0,4969076.0,-0.8141449672139909,3.509378569
HK.01772,赣锋锂业,2019-09-02 00:00:00,3.559378569,3.566521426,3.623664283,3.502235712,7.59,0.0025,699440.0,4632466.0,2.4624830550077523,3.48080714
HK.01772,赣锋锂业,2019-09-03 00:00:00,2.809378569,3.416521426,3.523664283,2.809378569,7.418,0.00186,519959.0,3378116.0,-4.205778743021069,3.566521426
HK.01772,赣锋锂业,2019-09-04 00:00:00,3.445092855,3.502235712,3.53080714,3.43080714,7.516,0.002,560000.0,3660704.0,2.5088174582400518,3.416521426
HK.01772,赣锋锂业,2019-09-05 00:00:00,3.509378569,3.63080714,3.709378569,3.502235712,7.663,0.00358,1003519.0,6698466.0,3.6711243494966643,3.502235712
HK.01772,赣锋锂业,2019-09-06 00:00:00,3.63080714,3.63080714,3.737949998,3.552235712,7.663,0.00221,619640.0,4133574.0,0.0,3.63080714
HK.01772,赣锋锂业,2019-09-09 00:00:00,3.63080714,3.702235712,3.737949998,3.595092855,7.745,0.00408,1142680.0,7684594.0,1.9672918237127808,3.63080714
HK.01772,赣锋锂业,2019-09-10 00:00:00,3.737949998,3.802235712,3.98080714,3.716521426,7.86,0.00501,1404760.0,9717736.0,2.7010705902887713,3.702235712
HK.01772,赣锋锂业,2019-09-11 00:00:00,3.823664283,3.852235712,4.095092855,3.823664283,7.918,0.00209,584591.0,4069067.0,1.3150157903729738,3.802235712
HK.01772,赣锋锂业,2019-09-12 00:00:00,3.852235712,3.723664283,4.002235712,3.58080714,7.77,0.00175,490559.0,3304184.0,-3.3375794892168833,3.852235712
HK.01772,赣锋锂业,2019-09-13 00:00:00,3.723664283,3.787949997,3.823664283,3.666521426,7.844,0.00047,130479.0,885082.0,1.7264100389900787,3.723664283
HK.01772,赣锋锂业,2019-09-16 00:00:00,3.945092855,4.237949997,4.452235712,3.845092855,8.36,0.01127,3157560.0,22851616.0,11.879776669607399,3.787949997
HK.01772,赣锋锂业,2019-09-17 00:00:00,4.352235712,5.023664283,5.18080714,4.309378569,9.262,0.02662,7460039.0,58975392.0,18.53996122078359,4.237949997
HK.01772,赣锋锂业,2019-09-18 00:00:00,5.137949997,4.852235711,5.137949997,4.68080714,9.065,0.00719,2014599.0,15972080.0,-3.4124209410272797,5.023664283
HK.01772,赣锋锂业,2019-09-19 00:00:00,4.937949997,5.166521426,5.595092854,4.923664283,9.426,0.01768,4954040.0,41118464.0,6.477132062803874,4.852235711
HK.01772,赣锋锂业,2019-09-20 00:00:00,5.309378568,5.495092854,5.58080714,5.095092854,9.803,0.00931,2608102.0,22045804.0,6.359625769603845,5.166521426
HK.01772,赣锋锂业,2019-09-23 00:00:00,5.509378568,6.095092854,6.095092854,5.437949997,10.491,0.01173,3288110.0,28852831.0,10.918832783021061,5.495092854
HK.01772,赣锋锂业,2019-09-24 00:00:00,6.095092854,6.837949996,6.837949996,5.909378568,11.344,0.01665,4666200.0,43757604.0,12.187790404415061,6.095092854
HK.01772,赣锋锂业,2019-09-25 00:00:00,6.723664282,6.666521425,7.209378568,5.88080714,11.147,0.03127,8764140.0,86861826.0,-2.5070170314243385,6.837949996
HK.01772,赣锋锂业,2019-09-26 00:00:00,6.780807139,6.309378568,6.952235711,5.937949997,10.737,0.01327,3718819.0,34822940.0,-5.3572595695963035,6.666521425
HK.01772,赣锋锂业,2019-09-27 00:00:00,6.309378568,5.637949997,6.309378568,5.566521425,9.967,0.0019,533400.0,4737780.0,-10.641754394091382,6.309378568
HK.01772,赣锋锂业,2019-09-30 00:00:00,5.88080714,5.652235711,5.88080714,5.237949997,9.983,0.00119,334880.0,2839484.0,0.2533849006749281,5.637949997
HK.01772,赣锋锂业,2019-10-02 00:00:00,5.652235711,5.38080714,5.652235711,4.995092854,9.672,0.00094,263200.0,2160524.0,-4.802145290433738,5.652235711
HK.01772,赣锋锂业,2019-10-03 00:00:00,5.309378568,5.552235711,5.666521425,5.166521426,9.868,0.00103,287280.0,2428896.0,3.1859266935183235,5.38080714
HK.01772,赣锋锂业,2019-10-04 00:00:00,5.523664283,5.523664283,5.737949997,5.066521426,9.836,0.00176,494654.0,4207945.0,-0.5145932105042835,5.552235711
HK.01772,赣锋锂业,2019-10-08 00:00:00,5.523664283,6.166521425,6.309378568,5.523664283,10.573,0.01006,2818698.0,25947887.0,11.638237030054501,5.523664283
HK.01772,赣锋锂业,2019-10-09 00:00:00,6.266521425,6.337949996,6.695092853,6.109378568,10.77,0.00555,1555820.0,14861621.0,2.7799882492097217,6.166521425
HK.01772,赣锋锂业,2019-10-10 00:00:00,6.380807139,6.666521425,6.880807139,6.380807139,11.147,0.00835,2339120.0,22903564.0,5.184190932515526,6.337949996
HK.01772,赣锋锂业,2019-10-11 00:00:00,6.737949996,6.595092854,6.809378568,6.337949996,11.065,0.00517,1449070.0,13937456.0,-1.0714519079191323,6.666521425
HK.01772,赣锋锂业,2019-10-14 00:00:00,6.795092853,7.295092853,7.366521425,6.623664282,11.868,0.01147,3214964.0,32825181.0,10.613952138299949,6.595092854
HK.01772,赣锋锂业,2019-10-15 00:00:00,7.209378568,6.937949996,7.237949996,6.695092853,11.459,0.0081,2271360.0,22755636.0,-4.89565882431681,7.295092853
HK.01772,赣锋锂业,2019-10-16 00:00:00,6.752235711,6.809378568,7.009378568,6.666521425,11.311,0.00423,1184960.0,11715560.0,-1.8531616410341272,6.937949996
HK.01772,赣锋锂业,2019-10-17 00:00:00,6.523664282,6.895092853,7.223664282,6.523664282,11.409,0.00632,1771280.0,17779128.0,1.2587680967365595,6.809378568
HK.01772,赣锋锂业,2019-10-18 00:00:00,7.109378568,6.995092853,7.309378568,6.937949996,11.524,0.00706,1978199.0,20214936.0,1.4503067925545112,6.895092853
HK.01772,赣锋锂业,2019-10-21 00:00:00,6.980807139,6.509378568,7.066521425,6.509378568,12.163,0.00356,998195.0,9888240.0,-6.943643139657409,6.995092853
HK.01772,赣锋锂业,2019-10-22 00:00:00,6.609378568,6.709378568,6.937949996,6.523664282,12.418,0.0041,1150464.0,11305011.0,3.072489914524206,6.509378568
HK.01772,赣锋锂业,2019-10-23 00:00:00,6.666521425,6.609378568,6.752235711,6.509378568,12.29,0.00174,488039.0,4723172.0,-1.4904510005881018,6.709378568
HK.01772,赣锋锂业,2019-10-24 00:00:00,6.723664282,7.009378568,7.023664282,6.637949996,12.8,0.00363,1018718.0,10179121.0,6.052006189154325,6.609378568
HK.01772,赣锋锂业,2019-10-25 00:00:00,6.695092853,7.223664282,7.223664282,6.695092853,13.072,0.00465,1303960.0,13300076.0,3.057128558846586,7.009378568
HK.01772,赣锋锂业,2019-10-28 00:00:00,7.223664282,7.095092853,7.323664282,6.509378568,12.909,0.00326,913820.0,9309715.0,-1.7798644009574969,7.223664282
HK.01772,赣锋锂业,2019-10-29 00:00:00,6.837949996,7.209378568,7.380807139,6.837949996,13.054,0.00656,1839039.0,18677880.0,1.6107712382041224,7.095092853
HK.01772,赣锋锂业,2019-10-30 00:00:00,7.35223571,7.209378568,7.35223571,7.137949996,13.054,0.00242,678066.0,6971593.0,0.0,7.209378568
HK.01772,赣锋锂业,2019-10-31 00:00:00,6.995092853,7.137949996,7.25223571,6.966521425,12.963,0.00182,509039.0,5177224.0,-0.9907729400845676,7.209378568
HK.01772,赣锋锂业,2019-11-01 00:00:00,7.137949996,6.966521425,7.137949996,6.723664282,12.745,0.00715,2003119.0,20019588.0,-2.4016499288460396,7.137949996
HK.01772,赣锋锂业,2019-11-04 00:00:00,7.137949996,8.309378567,8.395092853,6.552235711,14.454,0.01716,4809000.0,51179236.0,19.27586323327786,6.966521425
HK.01772,赣锋锂业,2019-11-05 00:00:00,8.480807138,8.55223571,8.795092853,8.223664281,14.763,0.01108,3105760.0,35863524.0,2.9226871906460845,8.309378567
HK.01772,赣锋锂业,2019-11-06 00:00:00,8.666521424,8.295092853,9.223664281,8.109378567,14.436,0.01579,4424280.0,52399556.0,-3.0067325751946545,8.55223571
HK.01772,赣锋锂业,2019-11-07 00:00:00,8.380807139,8.466521424,8.623664281,8.109378567,14.654,0.00478,1338876.0,15309285.0,2.0666263059129117,8.295092853
HK.01772,赣锋锂业,2019-11-08 00:00:00,8.680807138,8.480807138,8.823664281,8.309378567,14.672,0.00305,855960.0,10012432.0,0.1687318000460501,8.466521424
HK.01772,赣锋锂业,2019-11-11 00:00:00,8.680807138,7.737949996,8.680807138,7.595092853,13.727,0.00328,918679.0,10162084.0,-8.759274086914147,8.480807138
HK.01772,赣锋锂业,2019-11-12 00:00:00,7.95223571,7.723664282,8.095092853,7.55223571,13.709,0.0063,1766520.0,19025316.0,-0.18461884617224605,7.737949996
HK.01772,赣锋锂业,2019-11-13 00:00:00,7.595092853,7.680807139,7.85223571,7.595092853,13.654,0.00268,750890.0,8091305.0,-0.554880966277607,7.723664282
HK.01772,赣锋锂业,2019-11-14 00:00:00,7.737949996,7.680807139,7.937949996,7.666521425,13.654,0.00175,489719.0,5319052.0,0.0,7.680807139
HK.01772,赣锋锂业,2019-11-15 00:00:00,7.680807139,7.923664282,8.037949996,7.680807139,13.963,0.00119,333480.0,3656340.0,3.1618700822062156,7.680807139
HK.01772,赣锋锂业,2019-11-18 00:00:00,7.666521425,7.995092853,8.237949996,6.995092853,14.054,0.00267,747320.0,8176804.0,0.901458825839742,7.923664282
HK.01772,赣锋锂业,2019-11-19 00:00:00,7.666521425,8.75223571,8.866521424,7.666521425,15.018,0.00664,1862279.0,21709016.0,9.470094605791825,7.995092853
HK.01772,赣锋锂业,2019-11-20 00:00:00,8.75223571,8.866521424,9.009378567,8.509378567,15.163,0.00669,1874758.0,22169149.0,1.3057888039900527,8.75223571
HK.01772,赣锋锂业,2019-11-21 00:00:00,8.85223571,9.009378567,9.295092852,8.437949996,15.345,0.00722,2022231.0,24372590.0,1.611197178335499,8.866521424
HK.01772,赣锋锂业,2019-11-22 00:00:00,8.809378567,9.323664281,9.880807138,8.809378567,15.745,0.01137,3186400.0,39792732.0,3.4884283268013614,9.009378567
HK.01772,赣锋锂业,2019-11-25 00:00:00,9.323664281,9.023664281,9.552235709,8.980807138,15.363,0.00395,1107400.0,13663644.0,-3.2176190707697034,9.323664281
HK.01772,赣锋锂业,2019-11-26 00:00:00,9.095092853,9.795092852,9.795092852,9.037949995,16.345,0.00604,1692600.0,21130124.0,8.548950259866162,9.023664281
HK.01772,赣锋锂业,2019-11-27 00:00:00,9.709378567,9.980807138,10.166521424,9.380807138,16.581,0.0095,2663640.0,34603164.0,1.8959931141651176,9.795092852
HK.01772,赣锋锂业,2019-11-28 00:00:00,9.809378567,9.05223571,10.180807138,9.009378567,15.4,0.00786,2203320.0,27763268.0,-9.303570494460743,9.980807138
HK.01772,赣锋锂业,2019-11-29 00:00:00,9.25223571,9.566521424,9.666521424,8.809378567,16.054,0.00645,1807120.0,22454788.0,5.681311561870495,9.05223571
HK.01772,赣锋锂业,2019-12-02 00:00:00,9.595092852,9.523664281,9.609378567,9.05223571,16.0,0.00408,1143240.0,14310076.0,-0.4479908746399845,9.566521424
HK.01772,赣锋锂业,2019-12-03 00:00:00,9.509378567,9.566521424,9.723664281,9.309378567,16.054,0.0058,1625960.0,20362256.0,0.4500068643274249,9.523664281
HK.01772,赣锋锂业,2019-12-04 00:00:00,9.523664281,10.109378566,10.166521424,9.309378567,16.745,0.00869,2436700.0,31696114.0,5.674551050898277,9.566521424
HK.01772,赣锋锂业,2019-12-05 00:00:00,10.166521424,9.995092852,10.237949995,9.923664281,16.6,0.00417,1169560.0,15370396.0,-1.1304919808262655,10.109378566
HK.01772,赣锋锂业,2019-12-06 00:00:00,10.095092852,9.952235709,10.109378566,9.737949995,16.545,0.00408,1142680.0,14785728.0,-0.428781839594669,9.995092852
HK.01772,赣锋锂业,2019-12-09 00:00:00,9.852235709,9.880807138,10.137949995,9.695092852,16.454,0.00424,1188040.0,15323524.0,-0.7177138191713645,9.952235709
HK.01772,赣锋锂业,2019-12-10 00:00:00,9.895092852,9.895092852,10.066521424,9.823664281,16.472,0.00453,1270920.0,16479704.0,0.14458043559072323,9.880807138
HK.01772,赣锋锂业,2019-12-11 00:00:00,9.923664281,9.809378567,9.937949995,9.680807138,16.363,0.00214,599760.0,7681592.0,-0.8662302242335735,9.895092852
HK.01772,赣锋锂业,2019-12-12 00:00:00,10.166521424,9.395092852,10.209378566,9.380807138,15.836,0.03314,9288440.0,114445828.0,-4.223363510444077,9.809378567
HK.01772,赣锋锂业,2019-12-13 00:00:00,9.466521424,9.495092852,9.809378567,9.437949995,15.963,0.00753,2110129.0,26797702.0,1.064385435836472,9.395092852
HK.01772,赣锋锂业,2019-12-16 00:00:00,10.095092852,9.523664281,10.095092852,9.223664281,16.0,0.01083,3036600.0,38253020.0,0.3009073154453806,9.495092852
HK.01772,赣锋锂业,2019-12-17 00:00:00,9.666521424,10.523664281,10.952235709,9.566521424,17.272,0.08738,24488800.0,328445132.0,10.500160132639602,9.523664281
HK.01772,赣锋锂业,2019-12-18 00:00:00,10.680807138,10.309378566,10.752235709,10.266521423,17.0,0.02258,6328560.0,85598694.0,-2.03622720450028,10.523664281
HK.01772,赣锋锂业,2019-12-19 00:00:00,10.495092852,10.309378566,10.509378566,9.895092852,17.0,0.00992,2781559.0,36645116.0,0.0,10.309378566
HK.01772,赣锋锂业,2019-12-20 00:00:00,10.395092852,10.252235709,10.609378566,10.166521424,16.927,0.01818,5094915.0,68580123.0,-0.5542803247952702,10.309378566
HK.01772,赣锋锂业,2019-12-23 00:00:00,10.223664281,10.695092852,10.852235709,10.166521424,17.49,0.0164,4596760.0,62890292.0,4.319615307042093,10.252235709
HK.01772,赣锋锂业,2019-12-24 00:00:00,10.666521423,11.02366428,11.309378566,10.666521423,17.909,0.01186,3322578.0,47048162.0,3.0721699432329537,10.695092852
HK.01772,赣锋锂业,2019-12-27 00:00:00,11.309378566,11.037949995,12.452235708,10.995092852,17.927,0.05042,14131247.0,208756949.0,0.1295913467350237,11.02366428
HK.01772,赣锋锂业,2019-12-30 00:00:00,11.237949995,10.309378566,11.345092852,10.280807138,17.0,0.02581,7232680.0,99619740.0,-6.600604544594156,11.037949995
HK.01772,赣锋锂业,2019-12-31 00:00:00,10.380807138,10.809378566,11.02366428,10.380807138,17.636,0.01008,2825760.0,39167589.0,4.849952854083601,10.309378566
HK.01772,赣锋锂业,2020-01-02 00:00:00,10.809378566,10.580807138,11.452235709,10.395092852,17.345,0.01895,5311040.0,72509846.0,-2.114565852277124,10.809378566
HK.01772,赣锋锂业,2020-01-03 00:00:00,10.72366428,10.952235709,11.009378566,10.395092852,17.818,0.01186,3322760.0,45835330.0,3.510399217712299,10.580807138
HK.01772,赣锋锂业,2020-01-06 00:00:00,10.952235709,12.202235708,12.845092851,10.952235709,19.409,0.04114,11531240.0,173966668.0,11.413194823526418,10.952235709
HK.01772,赣锋锂业,2020-01-07 00:00:00,12.309378566,11.845092851,12.702235708,11.27366428,18.954,0.01992,5582171.0,84119336.0,-2.926864105451187,12.202235708
HK.01772,赣锋锂业,2020-01-08 00:00:00,11.809378566,11.666521423,12.52366428,11.22366428,18.727,0.03696,10357480.0,153603336.0,-1.5075561690081993,11.845092851
HK.01772,赣锋锂业,2020-01-09 00:00:00,12.166521423,12.309378566,12.559378565,11.595092852,19.545,0.02195,6150564.0,92362617.0,5.510272682760741,11.666521423
HK.01772,赣锋锂业,2020-01-10 00:00:00,12.666521423,11.987949994,12.666521423,11.809378566,19.136,0.01225,3434200.0,52153383.0,-2.611249384171392,12.309378566
HK.01772,赣锋锂业,2020-01-13 00:00:00,12.345092851,11.952235709,12.52366428,11.595092852,19.09,0.01162,3255840.0,48813220.0,-0.29791820134280067,11.987949994
HK.01772,赣锋锂业,2020-01-14 00:00:00,12.309378566,13.130807137,13.380807137,12.309378566,20.59,0.03716,10415441.0,166360411.0,9.860677589486782,11.952235709
HK.01772,赣锋锂业,2020-01-15 00:00:00,13.380807137,12.52366428,13.380807137,12.166521423,19.818,0.02578,7224560.0,111604210.0,-4.62380454350892,13.130807137
HK.01772,赣锋锂业,2020-01-16 00:00:00,12.52366428,12.27366428,12.595092851,12.095092851,19.5,0.01663,4661493.0,71704037.0,-1.9962208696319348,12.52366428
HK.01772,赣锋锂业,2020-01-17 00:00:00,12.487949994,12.487949994,12.52366428,12.166521423,19.772,0.00996,2792386.0,43040211.0,1.7458984465558394,12.27366428
HK.01772,赣锋锂业,2020-01-20 00:00:00,12.559378565,13.059378565,13.202235708,12.380807137,20.5,0.01479,4145399.0,66208300.0,4.575839679647585,12.487949994
HK.01772,赣锋锂业,2020-01-21 00:00:00,12.952235708,12.77366428,13.166521422,12.380807137,20.136,0.01794,5028814.0,80074218.0,-2.187809194579384,13.059378565
HK.01772,赣锋锂业,2020-01-22 00:00:00,12.77366428,13.666521422,13.737949994,12.130807137,21.272,0.02971,8326429.0,136631475.0,6.98982783975281,12.77366428
HK.01772,赣锋锂业,2020-01-23 00:00:00,13.737949994,12.880807137,14.273664279,12.309378566,20.272,0.02313,6481045.0,105647585.0,-5.749190015062495,13.666521422
HK.01772,赣锋锂业,2020-01-24 00:00:00,12.666521423,12.880807137,12.987949994,12.202235708,20.272,0.00756,2118940.0,33258934.0,0.0,12.880807137
HK.01772,赣锋锂业,2020-01-29 00:00:00,12.095092851,11.52366428,12.809378565,11.380807137,18.545,0.01741,4879701.0,73459136.0,-10.536163165595571,12.880807137
HK.01772,赣锋锂业,2020-01-30 00:00:00,11.452235709,11.309378566,12.380807137,10.880807138,18.272,0.02331,6534150.0,94762717.0,-1.8595275668686932,11.52366428
HK.01772,赣锋锂业,2020-01-31 00:00:00,11.702235709,11.209378566,12.237949994,11.080807137,18.145,0.01925,5395962.0,78630734.0,-0.8842218820106976,11.309378566
HK.01772,赣锋锂业,2020-02-03 00:00:00,11.209378566,12.059378566,12.095092851,10.709378566,19.227,0.03797,10642732.0,156476632.0,7.58293597629219,11.209378566
HK.01772,赣锋锂业,2020-02-04 00:00:00,12.916521422,13.345092851,14.309378565,12.559378565,20.863,0.06381,17884440.0,296602380.0,10.661530177225892,12.059378566
HK.01772,赣锋锂业,2020-02-05 00:00:00,14.237949993,16.773664278,17.595092849,14.059378565,25.227,0.10496,29416322.0,556776126.0,25.691626617218187,13.345092851
HK.01772,赣锋锂业,2020-02-06 00:00:00,15.666521421,16.559378564,18.16652142,15.237949993,24.954,0.06187,17338526.0,342177569.0,-1.2775128346943954,16.773664278
HK.01772,赣锋锂业,2020-02-07 00:00:00,16.59509285,16.59509285,17.452235706,15.880807136,25.0,0.04552,12756198.0,251883479.0,0.21567407171694053,16.559378564
HK.01772,赣锋锂业,2020-02-10 00:00:00,16.237949993,19.273664277,19.595092848,15.952235707,28.409,0.076,21298900.0,458755051.0,16.140743840429923,16.59509285
HK.01772,赣锋锂业,2020-02-11 00:00:00,19.809378563,18.809378563,21.023664276,18.66652142,27.818,0.05559,15580193.0,354854243.0,-2.4089125312515294,19.273664277
HK.01772,赣锋锂业,2020-02-12 00:00:00,18.630807134,21.416521419,21.845092847,18.630807134,31.136,0.0749,20991906.0,494685309.0,13.860866520750026,18.809378563
HK.01772,赣锋锂业,2020-02-13 00:00:00,21.237949991,21.166521419,24.237949989,20.880807134,30.818,0.12004,33642680.0,851253664.0,-1.1673230918734012,21.416521419
HK.01772,赣锋锂业,2020-02-14 00:00:00,22.023664276,21.380807133,22.595092847,20.380807134,31.09,0.06482,18165953.0,448319676.0,1.0123803990184719,21.166521419
HK.01772,赣锋锂业,2020-02-17 00:00:00,21.380807133,22.809378561,22.845092847,21.166521419,32.909,0.04854,13604081.0,339190445.0,6.681559864010386,21.380807133
HK.01772,赣锋锂业,2020-02-18 00:00:00,22.666521419,20.952235705,22.73794999,20.273664277,30.545,0.0721,20206884.0,494633637.0,-8.142014264147402,22.809378561
HK.01772,赣锋锂业,2020-02-19 00:00:00,20.345092848,20.452235705,22.309378562,20.237949991,29.909,0.04125,11559875.0,278229222.0,-2.386380179374753,20.952235705
HK.01772,赣锋锂业,2020-02-20 00:00:00,21.237949991,20.487949991,21.237949991,20.416521419,29.954,0.0266,7455279.0,177524870.0,0.1746228946074091,20.452235705
HK.01772,赣锋锂业,2020-02-21 00:00:00,20.487949991,19.66652142,21.237949991,19.095092849,28.909,0.04999,14009028.0,327270450.0,-4.009325341778173,20.487949991
HK.01772,赣锋锂业,2020-02-24 00:00:00,19.095092849,19.237949991,20.059378562,18.523664277,28.363,0.06731,18865436.0,419484997.0,-2.179192851889707,19.66652142
HK.01772,赣锋锂业,2020-02-25 00:00:00,18.595092849,21.416521419,21.559378562,18.523664277,31.136,0.09193,25764760.0,604853020.0,11.324342921252985,19.237949991
HK.01772,赣锋锂业,2020-02-26 00:00:00,20.845092848,20.273664277,21.309378562,19.91652142,29.681,0.06495,18203938.0,431938934.0,-5.33633413027614,21.416521419
HK.01772,赣锋锂业,2020-02-27 00:00:00,20.16652142,19.737949991,20.773664276,19.095092849,29.0,0.03175,8897840.0,202554940.0,-2.6424147045177047,20.273664277
HK.01772,赣锋锂业,2020-02-28 00:00:00,18.595092849,18.559378563,19.595092848,18.023664278,27.5,0.06658,18658332.0,406082179.0,-5.971093393880316,19.737949991
HK.01772,赣锋锂业,2020-03-02 00:00:00,17.987949992,19.809378563,20.737949991,17.987949992,29.09,0.0349,9781240.0,221143730.0,6.7351393030583555,18.559378563
HK.01772,赣锋锂业,2020-03-03 00:00:00,20.666521419,20.309378562,22.023664276,20.059378562,29.727,0.05091,14268165.0,336449278.0,2.524056963270423,19.809378563
HK.01772,赣锋锂业,2020-03-04 00:00:00,19.987949991,20.380807134,20.702235705,19.880807134,29.818,0.02123,5951311.0,139343351.0,0.3517024008486847,20.309378562
HK.01772,赣锋锂业,2020-03-05 00:00:00,20.523664277,19.702235705,20.702235705,18.952235706,28.954,0.03116,8733760.0,198795180.0,-3.329462982199484,20.380807134
HK.01772,赣锋锂业,2020-03-06 00:00:00,19.66652142,19.380807134,20.345092848,19.237949991,28.545,0.01401,3925879.0,89553279.0,-1.6314319644365378,19.702235705
HK.01772,赣锋锂业,2020-03-09 00:00:00,18.380807135,17.345092849,18.952235706,17.309378564,25.954,0.03988,11175920.0,235109611.0,-10.503764218512453,19.380807134
HK.01772,赣锋锂业,2020-03-10 00:00:00,16.952235707,18.095092849,18.487949992,16.737949992,26.909,0.04989,13982920.0,290438165.0,4.323989537151656,17.345092849
HK.01772,赣锋锂业,2020-03-11 00:00:00,18.595092849,18.095092849,18.809378563,18.095092849,26.909,0.02113,5921020.0,127111115.0,0.0,18.095092849
HK.01772,赣锋锂业,2020-03-12 00:00:00,17.523664278,16.737949992,18.095092849,16.630807135,25.181,0.02664,7466479.0,149936190.0,-7.500060200437159,18.095092849
HK.01772,赣锋锂业,2020-03-13 00:00:00,15.166521422,17.023664278,17.309378564,14.809378565,25.545,0.03798,10644951.0,205329424.0,1.7069849422214562,16.737949992
HK.01772,赣锋锂业,2020-03-16 00:00:00,16.309378564,14.095092851,16.630807135,13.880807136,21.818,0.0453,12696320.0,231008202.0,-17.202943967736992,17.023664278
HK.01772,赣锋锂业,2020-03-17 00:00:00,14.416521422,14.773664279,15.09509285,12.630807137,22.681,0.0411,11518920.0,195871005.0,4.814238793409987,14.095092851
HK.01772,赣锋锂业,2020-03-18 00:00:00,14.809378565,13.702235708,16.166521421,13.273664279,21.318,0.03663,10264800.0,183082167.0,-7.2522872509224445,14.773664279
HK.01772,赣锋锂业,2020-03-19 00:00:00,14.095092851,14.416521422,14.666521422,12.845092851,22.227,0.03365,9432080.0,158117206.0,5.212913638487241,13.702235708
HK.01772,赣锋锂业,2020-03-20 00:00:00,15.059378564,13.880807136,15.416521421,13.880807136,21.545,0.02597,7278969.0,127371770.0,-3.7159746815378543,14.416521422
HK.01772,赣锋锂业,2020-03-23 00:00:00,12.987949994,11.666521423,13.916521422,11.666521423,18.727,0.03511,9841195.0,154602503.0,-15.95213946354192,13.880807136
HK.01772,赣锋锂业,2020-03-24 00:00:00,12.595092851,13.130807137,13.237949994,12.095092851,20.59,0.029,8126621.0,128068274.0,12.551176661050208,11.666521423
HK.01772,赣锋锂业,2020-03-25 00:00:00,14.023664279,15.059378564,15.202235707,13.987949993,23.045,0.03165,8870820.0,156816800.0,14.687379129693173,13.130807137
HK.01772,赣锋锂业,2020-03-26 00:00:00,14.737949993,14.737949993,15.130807136,14.34509285,22.636,0.02275,6377280.0,113147940.0,-2.134407934789456,15.059378564
HK.01772,赣锋锂业,2020-03-27 00:00:00,15.309378564,14.273664279,15.380807136,14.237949993,22.045,0.01679,4706520.0,83141090.0,-3.1502733705876316,14.737949993
HK.01772,赣锋锂业,2020-03-30 00:00:00,13.737949994,13.880807136,14.487949993,13.523664279,21.545,0.01055,2955374.0,50323393.0,-2.752321585551007,14.273664279
HK.01772,赣锋锂业,2020-03-31 00:00:00,14.416521422,14.702235707,14.987949993,14.166521422,22.59,0.01855,5197920.0,92212400.0,5.917729156178662,13.880807136
HK.01772,赣锋锂业,2020-04-01 00:00:00,15.059378564,14.809378565,16.416521421,14.452235708,22.727,0.0489,13705720.0,253961030.0,0.7287521444713807,14.702235707
HK.01772,赣锋锂业,2020-04-02 00:00:00,14.84509285,15.952235707,15.952235707,14.487949993,24.181,0.00913,2558640.0,47362890.0,7.717117480547034,14.809378565
HK.01772,赣锋锂业,2020-04-03 00:00:00,16.309378564,15.309378564,16.34509285,15.09509285,23.363,0.00822,2302720.0,42685600.0,-4.029887439024665,15.952235707
HK.01772,赣锋锂业,2020-04-06 00:00:00,15.666521421,15.523664279,15.666521421,14.737949993,84.69,0.0055,1541680.0,28233580.0,1.3997022420223746,15.309378564
HK.01772,赣锋锂业,2020-04-07 00:00:00,15.880807136,16.166521421,16.202235707,15.34509285,87.622,0.02194,6147680.0,115610120.0,4.141143034571024,15.523664279
HK.01772,赣锋锂业,2020-04-08 00:00:00,15.880807136,15.666521421,15.952235707,15.380807136,85.342,0.01232,3454080.0,64734786.0,-3.0928112918002753,16.166521421
HK.01772,赣锋锂业,2020-04-09 00:00:00,15.952235707,15.416521421,15.987949993,14.952235707,84.201,0.01063,2977773.0,54854039.0,-1.5957594751371578,15.666521421
HK.01772,赣锋锂业,2020-04-14 00:00:00,15.523664279,17.059378564,17.095092849,15.487949993,91.693,0.03931,11016040.0,215309730.0,10.656471055540063,15.416521421
HK.01772,赣锋锂业,2020-04-15 00:00:00,16.702235707,15.773664278,17.702235706,15.773664278,85.83,0.04703,13179670.0,264351510.0,-7.536700596545829,17.059378564
HK.01772,赣锋锂业,2020-04-16 00:00:00,15.773664278,16.34509285,16.737949992,15.666521421,88.436,0.01583,4436040.0,86045580.0,3.6226748707780523,15.773664278
HK.01772,赣锋锂业,2020-04-17 00:00:00,16.845092849,16.59509285,17.273664278,16.416521421,89.576,0.02084,5841640.0,116510840.0,1.52951104220861,16.34509285
HK.01772,赣锋锂业,2020-04-20 00:00:00,16.59509285,16.702235707,16.737949992,16.130807135,90.065,0.00932,2610720.0,50645850.0,0.6456297531351232,16.59509285
HK.01772,赣锋锂业,2020-04-21 00:00:00,16.237949993,14.737949993,16.452235707,14.59509285,81.107,0.02712,7599278.0,138758608.0,-11.76061545567074,16.702235707
HK.01772,赣锋锂业,2020-04-22 00:00:00,14.487949993,15.059378564,15.09509285,14.237949993,82.573,0.01376,3855039.0,68490080.0,2.1809584857640685,14.737949993
HK.01772,赣锋锂业,2020-04-23 00:00:00,15.202235707,14.523664279,15.380807136,14.380807136,80.13,0.01378,3860639.0,68892810.0,-3.557346557982439,15.059378564
HK.01772,赣锋锂业,2020-04-24 00:00:00,14.630807136,14.666521422,15.452235707,14.452235708,80.781,0.01296,3632053.0,65585632.0,0.9836163949793302,14.523664279
HK.01772,赣锋锂业,2020-04-27 00:00:00,14.702235707,14.773664279,15.09509285,14.416521422,81.27,0.00785,2200520.0,39256180.0,0.7305267139847053,14.666521422
HK.01772,赣锋锂业,2020-04-28 00:00:00,15.166521422,15.130807136,15.309378564,14.559378565,82.899,0.00576,1613640.0,29222970.0,2.4174290836408105,14.773664279
HK.01772,赣锋锂业,2020-04-29 00:00:00,15.237949993,15.023664279,15.59509285,14.916521422,82.41,0.0057,1597400.0,29246550.0,-0.7081106515797141,15.130807136
HK.01772,赣锋锂业,2020-05-04 00:00:00,15.023664279,14.380807136,15.059378564,14.380807136,79.478,0.00341,956524.0,16856191.0,-4.2789637139228605,15.023664279
HK.01772,赣锋锂业,2020-05-05 00:00:00,14.559378565,15.487949993,15.487949993,14.559378565,84.527,0.00647,1812809.0,32941148.0,7.698753251675631,14.380807136
HK.01772,赣锋锂业,2020-05-06 00:00:00,15.666521421,16.59509285,17.023664278,15.59509285,89.576,0.03309,9273880.0,182004692.0,7.148414460922126,15.487949993
HK.01772,赣锋锂业,2020-05-07 00:00:00,16.666521421,17.809378563,17.880807135,16.630807135,95.114,0.02413,6762350.0,139026317.0,7.317137204206717,16.59509285
HK.01772,赣锋锂业,2020-05-08 00:00:00,18.237949992,17.345092849,18.237949992,17.237949992,92.996,0.0179,5017957.0,104078135.0,-2.6069731313622535,17.809378563
HK.01772,赣锋锂业,2020-05-11 00:00:00,17.666521421,17.416521421,17.952235706,16.916521421,93.322,0.0153,4286660.0,87954290.0,0.41180853064223644,17.345092849
HK.01772,赣锋锂业,2020-05-12 00:00:00,17.023664278,17.166521421,17.630807135,16.702235707,92.182,0.01176,3294480.0,66421290.0,-1.4354186691870747,17.416521421
HK.01772,赣锋锂业,2020-05-13 00:00:00,17.095092849,16.952235707,18.023664278,16.845092849,91.205,0.01802,5051060.0,103270440.0,-1.248276856707037,17.166521421
HK.01772,赣锋锂业,2020-05-14 00:00:00,16.880807135,16.630807135,17.202235706,16.380807135,89.739,0.01186,3323880.0,65730535.0,-1.8960836644530177,16.952235707
HK.01772,赣锋锂业,2020-05-15 00:00:00,16.952235707,17.380807135,17.809378563,16.666521421,93.159,0.01609,4509680.0,92027520.0,4.509702950144878,16.630807135
HK.01772,赣锋锂业,2020-05-18 00:00:00,18.023664278,17.202235706,18.023664278,16.952235707,92.345,0.00742,2078182.0,42367882.0,-1.0274058483763364,17.380807135
HK.01772,赣锋锂业,2020-05-19 00:00:00,17.595092849,17.595092849,17.809378563,17.202235706,94.136,0.01163,3259200.0,67166685.0,2.2837563076930465,17.202235706
HK.01772,赣锋锂业,2020-05-20 00:00:00,17.845092849,17.702235706,19.202235706,17.630807135,94.625,0.05166,14476840.0,312289450.0,0.6089360136913903,17.595092849
HK.01772,赣锋锂业,2020-05-21 00:00:00,17.487949992,16.702235707,18.023664278,16.380807135,90.065,0.01677,4699800.0,95356460.0,-5.649003976718374,17.702235706
HK.01772,赣锋锂业,2020-05-22 00:00:00,16.09509285,16.023664278,16.487949992,15.559378564,86.97,0.02065,5788020.0,109909775.0,-4.0627580696613474,16.702235707
HK.01772,赣锋锂业,2020-05-25 00:00:00,15.380807136,16.059378564,16.09509285,15.380807136,87.133,0.01113,3118640.0,58677450.0,0.22288463724889482,16.023664278
HK.01772,赣锋锂业,2020-05-26 00:00:00,16.487949992,16.630807135,16.809378564,16.059378564,89.739,0.01192,3340960.0,65190730.0,3.5582234313908168,16.059378564
HK.01772,赣锋锂业,2020-05-27 00:00:00,16.952235707,16.952235707,17.095092849,16.202235707,91.205,0.01327,3719251.0,73365830.0,1.9327298392123315,16.630807135
HK.01772,赣锋锂业,2020-05-28 00:00:00,16.916521421,16.452235707,17.130807135,16.059378564,88.925,0.00952,2669002.0,52203620.0,-2.9494634727945503,16.952235707
HK.01772,赣锋锂业,2020-05-29 00:00:00,16.309378564,16.773664278,17.380807135,16.237949993,90.39,0.00864,2421720.0,48161700.0,1.9537075490794173,16.452235707
HK.01772,赣锋锂业,2020-06-01 00:00:00,16.987949992,18.237949992,18.345092849,16.809378564,97.068,0.01941,5440120.0,112895080.0,8.729671047014637,16.773664278
HK.01772,赣锋锂业,2020-06-02 00:00:00,18.380807135,17.487949992,18.773664277,17.416521421,93.648,0.01029,2883160.0,60480120.0,-4.112304290388911,18.237949992
HK.01772,赣锋锂业,2020-06-03 00:00:00,17.91652142,17.095092849,17.91652142,16.916521421,91.856,0.01206,3379600.0,68473390.0,-2.2464447987312184,17.487949992
HK.01772,赣锋锂业,2020-06-04 00:00:00,17.416521421,17.737949992,17.91652142,17.166521421,94.788,0.01776,4977000.0,102472430.0,3.7604776334256953,17.095092849
HK.01772,赣锋锂业,2020-06-05 00:00:00,17.595092849,17.559378563,17.773664278,17.309378564,93.973,0.00599,1679854.0,34690024.0,-1.0067196552055853,17.737949992
HK.01772,赣锋锂业,2020-06-08 00:00:00,17.630807135,17.380807135,17.880807135,17.237949992,93.159,0.00857,2402680.0,49481598.0,-1.0169575612218544,17.559378563
HK.01772,赣锋锂业,2020-06-09 00:00:00,17.666521421,18.809378563,19.309378563,17.666521421,99.674,0.03118,8739472.0,189394387.0,8.219246763996715,17.380807135
HK.01772,赣锋锂业,2020-06-10 00:00:00,19.273664277,19.023664277,19.345092848,18.380807135,100.651,0.0125,3503214.0,76526372.0,1.1392493020557564,18.809378563
HK.01772,赣锋锂业,2020-06-11 00:00:00,19.737949991,19.059378563,21.059378562,18.66652142,100.814,0.03921,10989455.0,252199140.0,0.18773610320266632,19.023664277
HK.01772,赣锋锂业,2020-06-12 00:00:00,18.095092849,19.023664277,19.559378563,17.809378563,100.651,0.01842,5163200.0,113458070.0,-0.18738431519131316,19.059378563
HK.01772,赣锋锂业,2020-06-15 00:00:00,19.023664277,18.987949991,20.237949991,18.702235706,100.488,0.01988,5570600.0,124976700.0,-0.187736103202685,19.023664277
HK.01772,赣锋锂业,2020-06-16 00:00:00,20.273664277,22.666521419,22.666521419,19.987949991,117.263,0.04259,11937240.0,288147657.0,19.373188942163765,18.987949991
HK.01772,赣锋锂业,2020-06-17 00:00:00,22.952235704,22.416521419,23.273664275,21.345092848,116.123,0.0363,10174360.0,256770750.0,-1.102948244146717,22.666521419
HK.01772,赣锋锂业,2020-06-18 00:00:00,22.416521419,23.702235704,24.309378561,21.98794999,121.986,0.02804,7857639.0,207965572.0,5.735565572231219,22.416521419
HK.01772,赣锋锂业,2020-06-19 00:00:00,23.666521418,22.952235704,24.487949989,22.952235704,118.566,0.02312,6478278.0,172575942.0,-3.164258466442597,23.702235704
HK.01772,赣锋锂业,2020-06-22 00:00:00,22.773664276,23.380807133,24.309378561,22.73794999,120.521,0.01826,5118514.0,136965376.0,1.8672317351869663,22.952235704
HK.01772,赣锋锂业,2020-06-23 00:00:00,23.73794999,23.416521418,23.73794999,22.23794999,120.684,0.00889,2491594.0,65374664.0,0.15275043670151897,23.380807133
HK.01772,赣锋锂业,2020-06-24 00:00:00,23.48794999,22.273664276,23.595092847,22.273664276,115.472,0.01257,3524113.0,90915424.0,-4.8805589933673765,23.416521418
HK.01772,赣锋锂业,2020-06-26 00:00:00,22.202235704,21.702235705,22.880807133,21.380807133,112.866,0.00985,2759680.0,69261830.0,-2.5654897367548073,22.273664276
HK.01772,赣锋锂业,2020-06-29 00:00:00,21.900942848,22.365228562,23.008085705,21.043799991,114.82,0.01808,5067160.0,126300420.0,3.0549518769038686,21.702235705
HK.01772,赣锋锂业,2020-06-30 00:00:00,22.365228562,22.79379999,23.329514276,22.329514276,116.775,0.01262,3536685.0,90648131.0,1.9162398757157022,22.365228562
HK.01772,赣锋锂业,2020-07-02 00:00:00,24.758085704,24.365228561,24.758085704,23.329514276,123.941,0.02304,6457808.0,173923264.0,6.894105290427261,22.79379999
HK.01772,赣锋锂业,2020-07-03 00:00:00,24.79379999,25.150942847,26.008085703,24.579514275,127.524,0.03024,8474200.0,238233530.0,3.2247359553098884,24.365228561
HK.01772,赣锋锂业,2020-07-06 00:00:00,25.579514275,24.686657133,26.293799989,24.54379999,125.407,0.02812,7881999.0,220366180.0,-1.8459972527645376,25.150942847
HK.01772,赣锋锂业,2020-07-07 00:00:00,26.543799989,28.258085703,30.115228559,26.543799989,141.693,0.06676,18709840.0,590669637.0,14.467040032025539,24.686657133
HK.01772,赣锋锂业,2020-07-08 00:00:00,29.472371416,29.365228559,29.93665713,27.686657131,146.742,0.01807,5063800.0,160897801.0,3.9179683565134784,28.258085703
HK.01772,赣锋锂业,2020-07-09 00:00:00,29.222371416,29.508085702,30.329514273,28.472371417,147.394,0.01465,4106759.0,132464860.0,0.48648401531414937,29.365228559
HK.01772,赣锋锂业,2020-07-10 00:00:00,30.400942845,28.61522856,30.400942845,28.008085703,143.322,0.01751,4908657.0,155958936.0,-3.02580503193904,29.508085702
HK.01772,赣锋锂业,2020-07-13 00:00:00,29.686657131,33.543799986,34.329514272,29.650942845,165.798,0.03032,8497451.0,296838472.0,17.22359622487672,28.61522856
HK.01772,赣锋锂业,2020-07-14 00:00:00,31.472371416,30.043799988,32.293799987,29.508085702,149.837,0.0347,9724523.0,327922412.0,-10.434118971198194,33.543799986
HK.01772,赣锋锂业,2020-07-15 00:00:00,31.472371416,29.900942845,32.615228558,28.079514274,149.185,0.02488,6973120.0,229199270.0,-0.4754962523284673,30.043799988
HK.01772,赣锋锂业,2020-07-16 00:00:00,30.043799988,26.758085703,31.472371416,26.008085703,134.853,0.02977,8344320.0,256550304.0,-10.510896456649846,29.900942845
HK.01772,赣锋锂业,2020-07-17 00:00:00,26.758085703,27.36522856,29.079514274,26.472371418,137.622,0.02106,5901560.0,179597100.0,2.269007072250797,26.758085703
HK.01772,赣锋锂业,2020-07-20 00:00:00,28.972371417,30.579514273,30.615228559,27.36522856,152.28,0.02378,6665400.0,215174565.0,11.745875631743683,27.36522856
HK.01772,赣锋锂业,2020-07-21 00:00:00,31.68665713,29.686657131,32.686657129,29.436657131,148.208,0.0257,7203128.0,240044343.0,-2.919788502946704,30.579514273
HK.01772,赣锋锂业,2020-07-22 00:00:00,29.900942845,29.115228559,31.18665713,29.115228559,145.602,0.01564,4382019.0,145613537.0,-1.9248666816153355,29.686657131
HK.01772,赣锋锂业,2020-07-23 00:00:00,29.222371416,31.043799987,31.150942844,28.972371417,154.397,0.01998,5598320.0,185446670.0,6.623926802057848,29.115228559
HK.01772,赣锋锂业,2020-07-24 00:00:00,29.900942845,28.186657131,30.758085702,26.758085703,141.368,0.03147,8818836.0,274193431.0,-9.203586085454955,31.043799987
HK.01772,赣锋锂业,2020-07-27 00:00:00,29.329514274,26.793799989,29.329514274,26.400942846,135.016,0.01559,4370100.0,131230470.0,-4.941547823591044,28.186657131
HK.01772,赣锋锂业,2020-07-28 00:00:00,27.61522856,28.008085703,28.793799988,27.079514274,140.553,0.0197,5520060.0,169761170.0,4.531965284873795,26.793799989
HK.01772,赣锋锂业,2020-07-29 00:00:00,27.758085703,29.008085702,29.186657131,27.329514274,145.114,0.01053,2950690.0,92248414.0,3.57039752592905,28.008085703
HK.01772,赣锋锂业,2020-07-30 00:00:00,29.436657131,27.972371417,29.472371416,27.722371417,140.39,0.01317,3691799.0,114783130.0,-3.5704330704200475,29.008085702
HK.01772,赣锋锂业,2020-07-31 00:00:00,27.758085703,27.900942846,28.793799988,27.186657132,140.065,0.013,3644345.0,112099249.0,-0.25535400604823877,27.972371417
HK.01772,赣锋锂业,2020-08-03 00:00:00,28.11522856,28.436657131,28.650942845,27.400942846,142.508,0.00773,2165856.0,66860582.0,1.9200579993188411,27.900942846
HK.01772,赣锋锂业,2020-08-04 00:00:00,29.079514274,30.043799988,31.043799987,28.936657131,149.837,0.02032,5694080.0,187564660.0,5.651658876767147,28.436657131
HK.01772,赣锋锂业,2020-08-05 00:00:00,30.329514273,30.043799988,30.758085702,29.043799988,149.837,0.01195,3349640.0,109822429.0,0.0,30.043799988
HK.01772,赣锋锂业,2020-08-06 00:00:00,30.722371416,29.686657131,30.758085702,29.115228559,148.208,0.00779,2182790.0,70996811.0,-1.1887406291569254,30.043799988
HK.01772,赣锋锂业,2020-08-07 00:00:00,29.722371416,28.436657131,29.900942845,27.972371417,142.508,0.01242,3481800.0,109312670.0,-4.210645861822885,29.686657131
HK.01772,赣锋锂业,2020-08-10 00:00:00,28.258085703,26.86522856,28.436657131,26.472371418,135.342,0.01604,4495400.0,134795944.0,-5.526066456267539,28.436657131
HK.01772,赣锋锂业,2020-08-11 00:00:00,27.258085703,27.079514274,28.258085703,26.829514275,136.319,0.00776,2174144.0,65828738.0,0.7976322014957855,26.86522856
HK.01772,赣锋锂业,2020-08-12 00:00:00,27.400942846,28.11522856,28.400942845,26.150942846,141.042,0.0192,5381754.0,162763300.0,3.82471515375157,27.079514274
HK.01772,赣锋锂业,2020-08-13 00:00:00,28.829514274,27.186657132,29.329514274,27.150942846,136.807,0.01142,3200197.0,98645237.0,-3.302734765318934,28.11522856
HK.01772,赣锋锂业,2020-08-14 00:00:00,27.543799989,26.508085703,27.86522856,26.400942846,133.713,0.00939,2631720.0,78135607.0,-2.495972291500636,27.186657132
HK.01772,赣锋锂业,2020-08-17 00:00:00,26.472371418,26.829514275,27.222371417,26.115228561,135.179,0.00774,2168600.0,63827020.0,1.2125680277381368,26.508085703
HK.01772,赣锋锂业,2020-08-18 00:00:00,27.543799989,26.543799989,27.758085703,26.293799989,133.876,0.01021,2861320.0,84573180.0,-1.064925302304978,26.829514275
HK.01772,赣锋锂业,2020-08-19 00:00:00,26.436657132,26.258085703,26.543799989,25.936657132,132.573,0.00741,2077319.0,60256650.0,-1.0763880307959062,26.543799989
HK.01772,赣锋锂业,2020-08-20 00:00:00,26.258085703,26.472371418,26.543799989,25.686657132,133.55,0.00787,2205180.0,63550436.0,0.816075160328692,26.258085703
HK.01772,赣锋锂业,2020-08-21 00:00:00,26.936657132,26.436657132,26.972371417,26.008085703,133.387,0.00924,2590840.0,76004240.0,-0.134911547726763,26.472371418
HK.01772,赣锋锂业,2020-08-24 00:00:00,27.186657132,26.650942846,27.329514274,26.293799989,134.364,0.01066,2986291.0,88116013.0,0.8105628216534942,26.436657132
HK.01772,赣锋锂业,2020-08-25 00:00:00,26.472371418,27.043799989,27.472371417,26.150942846,136.156,0.00805,2254803.0,67317506.0,1.4740834696546725,26.650942846
HK.01772,赣锋锂业,2020-08-26 00:00:00,25.900942846,24.615228561,26.543799989,23.472371419,125.081,0.03727,10444103.0,291038901.0,-8.980141211618992,27.043799989
HK.01772,赣锋锂业,2020-08-27 00:00:00,24.329514276,25.329514275,25.329514275,24.329514276,128.338,0.00932,2610720.0,72484205.0,2.901804109719729,24.615228561
HK.01772,赣锋锂业,2020-08-28 00:00:00,25.329514275,25.722371418,26.258085703,24.865228561,130.13,0.00591,1655360.0,47044195.0,1.550985694928019,25.329514275
HK.01772,赣锋锂业,2020-08-31 00:00:00,25.722371418,25.222371418,26.579514275,25.04379999,127.85,0.00865,2423680.0,69845210.0,-1.9438332176873474,25.722371418
HK.01772,赣锋锂业,2020-09-01 00:00:00,25.936657132,27.508085703,27.722371417,25.04379999,138.273,0.01562,4377842.0,129835726.0,9.062249727116429,25.222371418
HK.01772,赣锋锂业,2020-09-02 00:00:00,28.11522856,27.186657132,28.329514274,27.008085703,136.807,0.01028,2880983.0,86936203.0,-1.1684876020469277,27.508085703
HK.01772,赣锋锂业,2020-09-03 00:00:00,27.186657132,26.150942846,27.36522856,26.008085703,132.084,0.00696,1950759.0,56990640.0,-3.8096419172510756,27.186657132
HK.01772,赣锋锂业,2020-09-04 00:00:00,25.04379999,25.615228561,25.758085704,24.365228561,129.641,0.00575,1612562.0,45138145.0,-2.0485467317746933,26.150942846
HK.01772,赣锋锂业,2020-09-07 00:00:00,25.615228561,24.54379999,25.722371418,24.329514276,124.755,0.00774,2170280.0,60506610.0,-4.182779663466609,25.615228561
HK.01772,赣锋锂业,2020-09-08 00:00:00,24.54379999,24.29379999,25.04379999,23.508085704,123.615,0.00626,1754200.0,47330730.0,-1.0185871792544705,24.54379999
HK.01772,赣锋锂业,2020-09-09 00:00:00,23.579514276,23.900942847,24.008085704,22.758085705,121.824,0.00836,2343880.0,61305340.0,-1.6171086580185536,24.29379999
HK.01772,赣锋锂业,2020-09-10 00:00:00,24.686657133,22.972371419,24.79379999,22.900942848,117.589,0.00432,1209600.0,32044650.0,-3.8850828352009987,23.900942847
HK.01772,赣锋锂业,2020-09-11 00:00:00,22.722371419,23.650942847,24.258085704,22.650942848,120.684,0.00469,1315720.0,34727980.0,2.9538588577701854,22.972371419
HK.01772,赣锋锂业,2020-09-14 00:00:00,24.329514276,25.04379999,26.008085703,24.186657133,127.035,0.00789,2209900.0,62191735.0,5.889224594598677,23.650942847
HK.01772,赣锋锂业,2020-09-15 00:00:00,25.400942847,25.758085704,26.329514275,25.150942847,130.293,0.01517,4252413.0,121891329.0,2.8521458975283847,25.04379999
HK.01772,赣锋锂业,2020-09-16 00:00:00,24.900942847,25.900942846,27.11522856,24.615228561,130.944,0.0475,13312374.0,380888075.0,0.5546108652702246,25.758085704
HK.01772,赣锋锂业,2020-09-17 00:00:00,25.900942846,25.758085704,26.579514275,24.686657133,130.293,0.01762,4938150.0,141532270.0,-0.5515518985134648,25.900942846
HK.01772,赣锋锂业,2020-09-18 00:00:00,26.008085703,28.650942845,29.258085702,26.008085703,143.485,0.03953,11078984.0,343138759.0,11.230870081897296,25.758085704
HK.01772,赣锋锂业,2020-09-21 00:00:00,29.293799988,26.686657132,29.472371416,26.650942846,134.527,0.0332,9304117.0,283591324.0,-6.855919973128545,28.650942845
HK.01772,赣锋锂业,2020-09-22 00:00:00,27.222371417,25.900942846,27.472371417,25.615228561,130.944,0.02802,7853687.0,229382492.0,-2.9442214591120526,26.686657132
HK.01772,赣锋锂业,2020-09-23 00:00:00,25.508085704,24.508085704,25.793799989,24.222371418,124.592,0.03088,8653960.0,241589357.0,-5.377631039462742,25.900942846
HK.01772,赣锋锂业,2020-09-24 00:00:00,23.829514276,23.186657133,23.865228561,23.04379999,122.147,0.03932,11018560.0,289395165.0,-5.39180655298723,24.508085704
HK.01772,赣锋锂业,2020-09-25 00:00:00,23.758085704,23.400942847,24.365228561,23.150942847,123.154,0.00954,3208240.0,84929696.0,0.9241768348530957,23.186657133
HK.01772,赣锋锂业,2020-09-28 00:00:00,23.579514276,23.615228562,24.150942847,23.400942847,124.161,0.00446,1501080.0,39883019.0,0.9157140222983386,23.400942847
HK.01772,赣锋锂业,2020-09-29 00:00:00,24.329514276,24.222371418,24.829514275,23.972371419,127.013,0.01017,3421404.0,93010781.0,2.5709802232317815,23.615228562
HK.01772,赣锋锂业,2020-09-30 00:00:00,24.54379999,24.150942847,24.686657133,23.865228561,126.677,0.00462,1552432.0,42074424.0,-0.2948867795286236,24.222371418
HK.01772,赣锋锂业,2020-10-05 00:00:00,24.686657133,24.29379999,24.829514275,23.900942847,127.348,0.00274,921479.0,24965093.0,0.5915178711863254,24.150942847
HK.01772,赣锋锂业,2020-10-06 00:00:00,24.936657132,26.400942846,26.543799989,24.900942847,137.248,0.0206,6928734.0,199626647.0,8.673582794241156,24.29379999
HK.01772,赣锋锂业,2020-10-07 00:00:00,26.36522856,27.900942846,27.900942846,25.436657132,144.295,0.01069,3595333.0,106728833.0,5.681615269385216,26.400942846
HK.01772,赣锋锂业,2020-10-08 00:00:00,28.472371417,28.293799988,28.686657131,27.293799989,146.14,0.01121,3769961.0,116648556.0,1.4080425316391132,27.900942846
HK.01772,赣锋锂业,2020-10-09 00:00:00,28.293799988,28.186657131,28.865228559,27.686657131,145.637,0.02136,7182560.0,223339720.0,-0.37867962962006174,28.293799988
HK.01772,赣锋锂业,2020-10-12 00:00:00,28.865228559,28.008085703,29.329514274,27.36522856,144.798,0.02268,7627003.0,236580988.0,-0.6335317706178312,28.186657131
HK.01772,赣锋锂业,2020-10-14 00:00:00,28.472371417,27.579514274,28.472371417,26.900942846,142.785,0.02057,6918940.0,210580318.0,-1.530170371315641,28.008085703
HK.01772,赣锋锂业,2020-10-15 00:00:00,28.11522856,28.61522856,30.293799987,28.11522856,147.651,0.02946,9908312.0,319041067.0,3.75537536923337,27.579514274
HK.01772,赣锋锂业,2020-10-16 00:00:00,29.472371416,28.11522856,29.793799988,27.543799989,145.302,0.01942,6532680.0,206781210.0,-1.747321357058558,28.61522856
HK.01772,赣锋锂业,2020-10-19 00:00:00,28.11522856,28.150942845,28.936657131,27.61522856,145.469,0.01698,5711440.0,176114190.0,0.1270282577421841,28.11522856
HK.01772,赣锋锂业,2020-10-20 00:00:00,28.11522856,28.900942845,29.150942845,27.329514274,148.993,0.00993,3339705.0,104014123.0,2.6642091674496453,28.150942845
HK.01772,赣锋锂业,2020-10-21 00:00:00,28.936657131,28.61522856,29.043799988,27.758085703,147.651,0.00868,2918398.0,91181509.0,-0.9885984915174865,28.900942845
HK.01772,赣锋锂业,2020-10-22 00:00:00,29.043799988,29.508085702,29.615228559,27.829514274,151.845,0.01317,4429143.0,139092354.0,3.1202167060377324,28.61522856
HK.01772,赣锋锂业,2020-10-23 00:00:00,29.758085702,28.36522856,32.150942844,28.043799988,146.476,0.0385,12948320.0,427069764.0,-3.873030441695308,29.508085702
HK.01772,赣锋锂业,2020-10-27 00:00:00,28.758085702,31.472371416,31.472371416,28.61522856,161.073,0.03288,11059126.0,370854178.0,10.954055418335763,28.36522856
HK.01772,赣锋锂业,2020-10-28 00:00:00,32.258085701,31.650942844,32.508085701,30.829514273,161.912,0.01718,5776960.0,198616430.0,0.5673910797494445,31.472371416
HK.01772,赣锋锂业,2020-10-29 00:00:00,30.758085702,30.115228559,31.400942844,29.93665713,154.697,0.02262,7608315.0,252814546.0,-4.85203329508752,31.650942844
HK.01772,赣锋锂业,2020-10-30 00:00:00,29.329514274,29.186657131,30.93665713,28.508085702,150.335,0.02653,8921554.0,287146460.0,-3.083394921545407,30.115228559
HK.01772,赣锋锂业,2020-11-02 00:00:00,29.758085702,31.400942844,31.93665713,29.186657131,160.738,0.02042,6866804.0,232432645.0,7.586636945305194,29.186657131
HK.01772,赣锋锂业,2020-11-03 00:00:00,32.079514272,31.865228558,32.508085701,31.18665713,162.919,0.019,6389880.0,221086507.0,1.4785725266485537,31.400942844
HK.01772,赣锋锂业,2020-11-04 00:00:00,31.900942844,35.472371414,35.7580857,31.472371416,179.865,0.0447,15032865.0,560344651.0,11.319996809168982,31.865228558
HK.01772,赣锋锂业,2020-11-05 00:00:00,35.936657128,36.722371413,38.900942841,35.615228557,185.738,0.04546,15290064.0,609610408.0,3.523869279589959,35.472371414
HK.01772,赣锋锂业,2020-11-06 00:00:00,37.900942842,38.972371413,40.758085698,37.543799985,196.308,0.04152,13965280.0,581706135.0,6.127055289254776,36.722371413
HK.01772,赣锋锂业,2020-11-09 00:00:00,40.436657126,39.758085698,41.043799983,37.650942842,200.0,0.03075,10341223.0,438226614.0,2.016080255095573,38.972371413
HK.01772,赣锋锂业,2020-11-10 00:00:00,40.043799984,38.400942841,40.365228555,36.900942842,193.624,0.02473,8318619.0,344222208.0,-3.41350151339975,39.758085698
HK.01772,赣锋锂业,2020-11-11 00:00:00,36.650942842,35.615228557,38.793799984,35.293799985,180.536,0.01778,5979559.0,237722732.0,-7.254286165666077,38.400942841
HK.01772,赣锋锂业,2020-11-12 00:00:00,36.793799985,38.293799984,38.543799984,36.793799985,193.12,0.01475,4962133.0,201390922.0,7.520859855533739,35.615228557
HK.01772,赣锋锂业,2020-11-13 00:00:00,39.32951427,39.579514269,40.972371412,39.008085698,199.161,0.02152,7236768.0,308773036.0,3.3574998708333914,38.293799984
HK.01772,赣锋锂业,2020-11-16 00:00:00,40.258085698,41.865228554,43.043799982,39.579514269,209.899,0.0277,9315871.0,409194343.0,5.774993269157538,39.579514269
HK.01772,赣锋锂业,2020-11-17 00:00:00,42.90094284,41.472371412,43.829514268,40.543799983,208.053,0.01812,6095146.0,275252347.0,-0.9383852795483223,41.865228554
HK.01772,赣锋锂业,2020-11-18 00:00:00,41.829514269,40.115228555,42.90094284,38.82951427,201.677,0.02121,7133148.0,305701013.0,-3.2724023507546787,41.472371412
HK.01772,赣锋锂业,2020-11-19 00:00:00,40.615228555,40.043799984,40.972371412,39.043799984,201.342,0.01012,3403950.0,144803565.0,-0.1780584919317268,40.115228555
HK.01772,赣锋锂业,2020-11-20 00:00:00,40.543799983,41.15094284,41.293799983,39.900942841,206.543,0.01371,4611097.0,201149247.0,2.7648296526362843,40.043799984
HK.01772,赣锋锂业,2020-11-23 00:00:00,41.686657126,45.97237141,45.97237141,41.15094284,229.194,0.03131,10530949.0,494494617.0,11.716447394039834,41.15094284
HK.01772,赣锋锂业,2020-11-24 00:00:00,47.900942838,46.47237141,48.615228552,45.650942838,231.543,0.03424,11515826.0,572224498.0,1.0876097635703843,45.97237141
HK.01772,赣锋锂业,2020-11-25 00:00:00,46.829514267,43.758085696,47.508085695,43.543799982,218.791,0.01991,6695495.0,319511487.0,-5.840643874299762,46.47237141
HK.01772,赣锋锂业,2020-11-26 00:00:00,45.043799982,45.329514267,48.258085695,43.972371411,226.174,0.01853,6230987.0,302192937.0,3.5911730278083103,43.758085696
HK.01772,赣锋锂业,2020-11-27 00:00:00,46.043799981,43.829514268,46.043799981,43.150942839,219.127,0.00994,3341590.0,155971615.0,-3.309102299584991,45.329514267
HK.01772,赣锋锂业,2020-11-30 00:00:00,43.972371411,45.329514267,45.758085696,43.222371411,226.174,0.01521,5116764.0,243603700.0,3.422351408751879,43.829514268
HK.01772,赣锋锂业,2020-12-01 00:00:00,45.758085696,44.47237141,45.936657124,43.793799982,222.147,0.00959,3224536.0,152846518.0,-1.8909156007083043,45.329514267
HK.01772,赣锋锂业,2020-12-02 00:00:00,44.758085696,43.722371411,44.758085696,42.543799983,218.624,0.01368,4602360.0,213355220.0,-1.6864403116388784,44.47237141
HK.01772,赣锋锂业,2020-12-03 00:00:00,44.686657125,43.972371411,44.865228553,43.150942839,220.538,0.00648,2178092.0,101775583.0,0.571789662664782,43.722371411
HK.01772,赣锋锂业,2020-12-04 00:00:00,44.686657125,46.258085695,46.650942838,43.650942839,231.313,0.01248,4195632.0,203297320.0,5.198069175382734,43.972371411
HK.01772,赣锋锂业,2020-12-07 00:00:00,45.758085696,47.186657124,47.615228552,45.758085696,235.69,0.0148,4978324.0,247990290.0,2.0073710683197814,46.258085695
HK.01772,赣锋锂业,2020-12-08 00:00:00,47.900942838,50.508085694,51.436657122,47.508085695,251.346,0.01692,5690664.0,299006162.0,7.038914753532439,47.186657124
HK.01772,赣锋锂业,2020-12-09 00:00:00,51.722371407,49.079514266,52.829514264,48.186657123,244.612,0.01629,5477691.0,291569857.0,-2.828401449730076,50.508085694
HK.01772,赣锋锂业,2020-12-10 00:00:00,49.829514265,48.79379998,49.829514265,47.186657124,243.265,0.00737,2479801.0,127294098.0,-0.5821457083937024,49.079514266
HK.01772,赣锋锂业,2020-12-11 00:00:00,49.686657123,48.79379998,50.758085694,47.900942838,243.265,0.00795,2672817.0,138468474.0,0.0,48.79379998
HK.01772,赣锋锂业,2020-12-14 00:00:00,48.79379998,50.686657122,51.829514265,47.615228552,252.188,0.01687,5673920.0,303209737.0,3.879298482134731,48.79379998
HK.01772,赣锋锂业,2020-12-15 00:00:00,50.615228551,50.722371408,51.472371408,49.472371408,252.356,0.00959,3226225.0,172088060.0,0.07046092212007336,50.686657122
HK.01772,赣锋锂业,2020-12-16 00:00:00,51.472371408,51.258085693,51.579514265,50.115228551,254.882,0.00735,2471746.0,133131316.0,1.0561696350725114,50.722371408
HK.01772,赣锋锂业,2020-12-17 00:00:00,51.400942836,51.758085693,52.686657121,51.115228551,257.239,0.00821,2759652.0,150346789.0,0.9754558587978677,51.258085693
HK.01772,赣锋锂业,2020-12-18 00:00:00,52.186657122,56.293799977,56.293799977,52.11522855,278.619,0.01856,6241300.0,358850041.0,8.763296059485894,51.758085693
HK.01772,赣锋锂业,2020-12-21 00:00:00,56.650942834,59.75808569,59.936657118,55.865228549,294.949,0.02122,7136920.0,435304730.0,6.153938292343755,56.293799977
HK.01772,赣锋锂业,2020-12-22 00:00:00,61.186657118,58.972371405,62.82951426,56.829514263,291.245,0.01997,6715098.0,419495941.0,-1.314825058279079,59.75808569
HK.01772,赣锋锂业,2020-12-23 00:00:00,60.043799976,62.865228546,62.865228546,59.400942833,309.595,0.01624,5463290.0,351705615.0,6.601154147703042,58.972371405
HK.01772,赣锋锂业,2020-12-24 00:00:00,64.186657117,64.686657117,66.258085687,61.758085689,318.181,0.00976,3280831.0,221890232.0,2.897354568061763,62.865228546
HK.01772,赣锋锂业,2020-12-28 00:00:00,68.686657115,66.115228545,72.043799971,64.32951426,324.915,0.0296,9956240.0,694334226.0,2.2084483750893376,64.686657117
HK.01772,赣锋锂业,2020-12-29 00:00:00,66.722371401,59.900942833,67.115228544,57.686657119,295.622,0.04532,15240336.0,968909290.0,-9.399174515097325,66.115228545
HK.01772,赣锋锂业,2020-12-30 00:00:00,61.472371404,64.686657117,64.686657117,61.293799975,318.181,0.02642,8884425.0,589351706.0,7.989380563411597,59.900942833
HK.01772,赣锋锂业,2020-12-31 00:00:00,65.436657116,63.32951426,65.972371402,62.186657118,311.784,0.01626,5467008.0,363072504.0,-2.0980259569532276,64.686657117
HK.01772,赣锋锂业,2021-01-04 00:00:00,64.829514259,71.900942828,72.900942828,63.615228546,352.188,0.03103,10436868.0,746731686.0,13.534650736163714,63.32951426
HK.01772,赣锋锂业,2021-01-05 00:00:00,72.186657114,71.329514257,75.615228541,69.615228543,349.494,0.02545,8558037.0,645230921.0,-0.7947441973980208,71.900942828
HK.01772,赣锋锂业,2021-01-06 00:00:00,75.758085684,71.4723714,78.258085683,70.543799971,350.168,0.03273,11008495.0,836829609.0,0.2002777454579134,71.329514257
HK.01772,赣锋锂业,2021-01-07 00:00:00,74.900942827,74.115228541,74.972371398,71.4723714,362.626,0.02435,8190624.0,627359194.0,3.6977325492798654,71.4723714
HK.01772,赣锋锂业,2021-01-08 00:00:00,75.04379997,73.115228542,76.115228541,68.758085686,357.912,0.02818,9476345.0,705142121.0,-1.3492503749709195,74.115228541
HK.01772,赣锋锂业,2021-01-11 00:00:00,75.186657112,75.329514255,82.900942824,72.043799971,368.35,0.04519,15198999.0,1213825133.0,3.0284877133743002,73.115228542
HK.01772,赣锋锂业,2021-01-12 00:00:00,75.686657112,78.972371397,79.329514254,70.400942829,386.824,0.03725,12529168.0,988126525.0,4.835896232741474,75.329514255
HK.01772,赣锋锂业,2021-01-13 00:00:00,81.472371396,77.258085683,82.472371395,75.186657112,378.716,0.04208,14152202.0,1153359652.0,-2.1707410878953564,78.972371397
HK.01772,赣锋锂业,2021-01-14 00:00:00,78.758085682,73.758085684,78.758085682,72.186657114,362.162,0.03801,12781958.0,981572278.0,-4.530270156266837,77.258085683
HK.01772,赣锋锂业,2021-01-15 00:00:00,74.258085684,78.186657111,78.758085682,72.543799971,383.108,0.02696,9065833.0,717452495.0,6.004184335766564,73.758085684
HK.01772,赣锋锂业,2021-01-18 00:00:00,78.61522854,77.972371397,79.900942825,75.615228541,382.094,0.01914,6436983.0,520619355.0,-0.27406941531696627,78.186657111
HK.01772,赣锋锂业,2021-01-19 00:00:00,79.329514254,73.615228542,80.829514253,71.258085685,361.486,0.0508,17083640.0,1321080671.0,-5.588059946022942,77.972371397
HK.01772,赣锋锂业,2021-01-20 00:00:00,75.758085684,79.329514254,79.329514254,75.758085684,388.513,0.03373,11343525.0,915179233.0,7.762369043980908,73.615228542
HK.01772,赣锋锂业,2021-01-21 00:00:00,79.900942825,83.472371395,86.115228537,78.472371397,408.108,0.02764,9296630.0,793442747.0,5.22234023485288,79.329514254
HK.01772,赣锋锂业,2021-01-22 00:00:00,84.329514252,90.043799964,92.043799963,83.615228538,439.189,0.02613,8787765.0,807822052.0,7.872579224930987,83.472371395
HK.01772,赣锋锂业,2021-01-25 00:00:00,91.90094282,92.472371391,96.47237139,90.615228535,450.675,0.03121,10496890.0,1011703467.0,2.6971001090257745,90.043799964
HK.01772,赣锋锂业,2021-01-26 00:00:00,93.615228534,92.472371391,96.758085675,90.758085678,450.675,0.02381,8008424.0,769579661.0,0.0,92.472371391
HK.01772,赣锋锂业,2021-01-27 00:00:00,93.115228534,88.043799964,93.972371391,82.472371395,429.729,0.03195,10746540.0,976164860.0,-4.789075223641351,92.472371391
HK.01772,赣锋锂业,2021-01-28 00:00:00,84.472371394,80.829514253,87.186657108,79.686657111,395.608,0.0356,11974312.0,1022343566.0,-8.193973583545727,88.043799964
HK.01772,赣锋锂业,2021-01-29 00:00:00,82.115228538,75.258085684,84.900942823,72.615228542,369.256,0.04663,15682239.0,1255358551.0,-6.89281461170382,80.829514253
HK.01772,赣锋锂业,2021-02-01 00:00:00,77.329514254,78.472371397,80.758085682,74.686657113,384.459,0.02193,7374991.0,595140904.0,4.271017105718612,75.258085684
HK.01772,赣锋锂业,2021-02-02 00:00:00,81.043799967,85.615228537,87.043799965,80.18665711,418.243,0.0251,8440465.0,736794834.0,9.102384715588014,78.472371397
HK.01772,赣锋锂业,2021-02-03 00:00:00,86.186657108,89.258085678,90.543799963,84.329514252,436.949,0.03065,10306636.0,942550167.0,4.254917265595674,85.615228537
HK.01772,赣锋锂业,2021-02-04 00:00:00,91.472371392,82.829514252,91.472371392,80.400942825,406.44,0.03425,11517849.0,993038120.0,-7.2022286576828245,89.258085678
HK.01772,赣锋锂业,2021-02-05 00:00:00,83.615228538,76.900942826,84.25808568,74.329514256,378.305,0.03691,12413835.0,1000606876.0,-7.157559089339752,82.829514252
HK.01772,赣锋锂业,2021-02-08 00:00:00,78.61522854,82.543799967,84.329514252,75.829514255,405.084,0.02868,9645613.0,813045994.0,7.337825693200941,76.900942826
HK.01772,赣锋锂业,2021-02-09 00:00:00,84.329514252,87.543799965,88.615228536,83.75808568,428.813,0.01568,5272148.0,473282443.0,6.0573901371138055,82.543799967
HK.01772,赣锋锂业,2021-02-10 00:00:00,88.972371393,89.400942821,89.686657107,85.186657108,437.627,0.01611,5419519.0,493379792.0,2.1213870733763915,87.543799965
HK.01772,赣锋锂业,2021-02-11 00:00:00,88.32951425,88.82951425,89.115228535,85.829514251,434.915,0.00455,1530284.0,138296016.0,-0.6391751059539963,89.400942821
HK.01772,赣锋锂业,2021-02-16 00:00:00,91.258085677,100.758085674,102.329514244,91.258085677,491.525,0.02404,8084281.0,815841096.0,13.428612691079753,88.82951425
HK.01772,赣锋锂业,2021-02-17 00:00:00,101.758085673,102.758085673,103.043799958,98.329514246,501.016,0.00977,3287082.0,341266765.0,1.9849523595266996,100.758085674
HK.01772,赣锋锂业,2021-02-18 00:00:00,104.115228529,94.900942819,104.115228529,92.115228534,463.728,0.02839,9548439.0,933933561.0,-7.646252655001037,102.758085673
HK.01772,赣锋锂业,2021-02-19 00:00:00,95.686657104,91.543799963,95.686657104,86.615228536,447.796,0.03133,10536016.0,976337360.0,-3.5375231860477014,94.900942819
HK.01772,赣锋锂业,2021-02-22 00:00:00,93.615228534,90.115228535,95.686657104,88.900942821,441.016,0.02051,6896227.0,655095611.0,-1.5605332404569128,91.543799963
HK.01772,赣锋锂业,2021-02-23 00:00:00,88.615228536,81.972371395,91.472371392,80.615228539,402.372,0.03622,12182457.0,1060844170.0,-9.036050035469184,90.115228535
HK.01772,赣锋锂业,2021-02-24 00:00:00,82.18665711,78.043799968,84.186657109,73.400942827,383.728,0.03783,12723522.0,1028696387.0,-4.792555540536213,81.972371395
HK.01772,赣锋锂业,2021-02-25 00:00:00,82.115228538,77.043799969,82.400942824,74.615228541,378.983,0.03371,11336085.0,899893804.0,-1.281331764227296,78.043799968
HK.01772,赣锋锂业,2021-02-26 00:00:00,71.4723714,68.365228544,71.686657114,67.40094283,337.796,0.0592,19909240.0,1431349699.0,-11.264464406599863,77.043799969
HK.01772,赣锋锂业,2021-03-01 00:00:00,71.115228543,75.972371398,76.043799969,70.115228543,373.898,0.03116,10479096.0,797941558.0,11.127210448955099,68.365228544
HK.01772,赣锋锂业,2021-03-02 00:00:00,79.329514254,72.329514256,79.329514254,70.758085686,356.61,0.02839,9549349.0,726795051.0,-4.794976219599629,75.972371398
HK.01772,赣锋锂业,2021-03-03 00:00:00,73.615228542,76.472371398,77.900942826,71.329514257,377.551,0.0199,6692764.0,521786229.0,5.727754685780081,72.329514256
HK.01772,赣锋锂业,2021-03-04 00:00:00,72.900942828,69.329514258,73.54379997,66.936657116,343.537,0.0311,10460601.0,750164206.0,-9.340441533877701,76.472371398
HK.01772,赣锋锂业,2021-03-05 00:00:00,65.043799974,66.793799973,69.615228543,63.222371403,331.462,0.02376,7989402.0,554746610.0,-3.6574816831453547,69.329514258
HK.01772,赣锋锂业,2021-03-08 00:00:00,67.615228544,56.650942834,68.186657115,55.972371406,283.163,0.04869,16375759.0,1045898189.0,-15.185327295497553,66.793799973
HK.01772,赣锋锂业,2021-03-09 00:00:00,58.615228548,59.50808569,64.829514259,55.043799978,296.768,0.03617,12162939.0,767425379.0,5.04341624882056,56.650942834
HK.01772,赣锋锂业,2021-03-10 00:00:00,66.436657116,65.150942831,67.543799973,63.472371403,323.639,0.03584,12054000.0,824511700.0,9.482504899243034,59.50808569
HK.01772,赣锋锂业,2021-03-11 00:00:00,67.472371401,69.115228543,69.758085686,65.043799974,342.517,0.02354,7916882.0,562518396.0,6.084771055859114,65.150942831
HK.01772,赣锋锂业,2021-03-12 00:00:00,71.4723714,68.758085686,73.258085685,66.829514259,340.816,0.02552,8581154.0,625785225.0,-0.5167354062611589,69.115228543
HK.01772,赣锋锂业,2021-03-15 00:00:00,69.900942829,68.258085687,72.829514256,66.115228545,338.435,0.01817,6111788.0,443392336.0,-0.727187201347292,68.758085686
HK.01772,赣锋锂业,2021-03-16 00:00:00,69.4723714,68.258085687,70.758085686,65.043799974,338.435,0.01219,4100256.0,286428113.0,0.0,68.258085687
HK.01772,赣锋锂业,2021-03-17 00:00:00,68.400942829,70.258085686,71.543799971,66.472371402,349.146,0.02627,8833720.0,643983200.0,2.9300558005260666,68.258085687
HK.01772,赣锋锂业,2021-03-18 00:00:00,71.758085685,70.829514257,73.472371399,69.758085686,351.877,0.01611,5418473.0,404646912.0,0.8133278403767615,70.258085686
HK.01772,赣锋锂业,2021-03-19 00:00:00,68.615228544,69.043799972,69.329514258,66.472371402,343.344,0.01459,4906762.0,345851991.0,-2.5211443333080847,70.829514257
HK.01772,赣锋锂业,2021-03-22 00:00:00,69.758085686,68.329514258,70.186657114,66.936657116,339.931,0.01041,3502475.0,250020970.0,-1.0345399793894168,69.043799972
HK.01772,赣锋锂业,2021-03-23 00:00:00,69.329514258,65.472371402,69.329514258,64.293799974,326.279,0.01168,3928983.0,269428488.0,-4.181418362220388,68.329514258
HK.01772,赣锋锂业,2021-03-24 00:00:00,65.365228545,62.186657118,65.365228545,60.25808569,310.58,0.01749,5881442.0,379302677.0,-5.018474531532891,65.472371402
HK.01772,赣锋锂业,2021-03-25 00:00:00,60.043799976,62.293799975,63.436657117,57.972371405,311.092,0.01661,5587804.0,360418789.0,0.17229235653669966,62.186657118
HK.01772,赣锋锂业,2021-03-26 00:00:00,62.186657118,66.579514259,68.258085687,62.186657118,331.569,0.01638,5510120.0,381003630.0,6.879840828011726,62.293799975
HK.01772,赣锋锂业,2021-03-29 00:00:00,66.472371402,65.686657116,68.400942829,64.900942831,327.303,0.00832,2798880.0,194126240.0,-1.3410388359499137,66.579514259
HK.01772,赣锋锂业,2021-03-30 00:00:00,64.32951426,66.329514259,68.258085687,63.07951426,330.375,0.01904,6403427.0,440216380.0,0.9786723380742919,65.686657116
HK.01772,赣锋锂业,2021-03-31 00:00:00,68.222371401,64.972371402,70.329514257,63.258085689,323.89,0.01854,6235759.0,425924414.0,-2.046061805459201,66.329514259
HK.01772,赣锋锂业,2021-04-01 00:00:00,66.436657116,67.115228544,67.615228544,64.722371402,109.263,0.01652,5556740.0,383739580.0,3.2981051726458133,64.972371402
HK.01772,赣锋锂业,2021-04-07 00:00:00,71.4723714,69.329514258,71.4723714,67.793799972,112.723,0.01788,6012991.0,431736840.0,3.2992299393696287,67.115228544
HK.01772,赣锋锂业,2021-04-08 00:00:00,67.65094283,66.686657116,68.543799972,65.829514259,108.593,0.01179,3965359.0,276452290.0,-3.812023162552354,69.329514258
HK.01772,赣锋锂业,2021-04-09 00:00:00,67.186657116,68.079514258,70.4723714,66.293799973,110.77,0.01308,4399584.0,312861533.0,2.0886594143970236,66.686657116
HK.01772,赣锋锂业,2021-04-12 00:00:00,67.90094283,63.32951426,68.186657115,61.936657118,103.348,0.01956,6577715.0,438071016.0,-6.977135559456241,68.079514258
HK.01772,赣锋锂业,2021-04-13 00:00:00,63.972371403,63.186657117,64.436657117,61.829514261,103.125,0.01065,3583162.0,235605918.0,-0.2255775125852047,63.32951426
HK.01772,赣锋锂业,2021-04-14 00:00:00,63.900942831,68.579514258,69.543799972,63.57951426,111.551,0.02554,8589835.0,595987614.0,8.534803686503434,63.186657117
HK.01772,赣锋锂业,2021-04-15 00:00:00,69.686657115,68.900942829,69.900942829,67.258085687,112.053,0.02824,9498567.0,679827705.0,0.4686947326438709,68.579514258
HK.01772,赣锋锂业,2021-04-16 00:00:00,68.972371401,67.615228544,69.686657115,65.043799974,110.044,0.01306,4393184.0,306445850.0,-1.866032933962767,68.900942829
HK.01772,赣锋锂业,2021-04-19 00:00:00,67.615228544,69.400942829,73.758085684,66.793799973,112.834,0.0637,21421685.0,1580996700.0,2.640994230815858,67.615228544
HK.01772,赣锋锂业,2021-04-20 00:00:00,68.972371401,67.758085687,70.400942829,67.043799973,110.267,0.03472,11676093.0,836953820.0,-2.3671971518425967,69.400942829
HK.01772,赣锋锂业,2021-04-21 00:00:00,66.40094283,66.472371402,67.543799973,65.115228545,108.258,0.01674,5630129.0,388140956.0,-1.8975068022718466,67.758085687
HK.01772,赣锋锂业,2021-04-22 00:00:00,67.186657116,66.472371402,67.686657115,65.222371402,108.258,0.01376,4627599.0,321608416.0,0.0,66.472371402
HK.01772,赣锋锂业,2021-04-23 00:00:00,66.472371402,67.90094283,69.258085686,66.436657116,110.491,0.01959,6588612.0,466309820.0,2.1491206013405892,66.472371402
HK.01772,赣锋锂业,2021-04-26 00:00:00,67.972371401,66.579514259,69.686657115,65.793799973,108.426,0.02877,9675313.0,679546003.0,-1.9461122569511138,67.90094283
HK.01772,赣锋锂业,2021-04-27 00:00:00,67.40094283,65.400942831,67.543799973,64.222371402,106.584,0.01535,5163806.0,351739280.0,-1.7701712623124108,66.579514259
HK.01772,赣锋锂业,2021-04-28 00:00:00,66.329514259,67.40094283,68.043799972,64.472371402,109.709,0.02217,7456959.0,520961111.0,3.05805988786451,65.400942831
HK.01772,赣锋锂业,2021-04-29 00:00:00,67.758085687,70.258085686,70.758085686,66.186657116,114.174,0.02419,8136102.0,585740997.0,4.239025058160297,67.40094283
HK.01772,赣锋锂业,2021-04-30 00:00:00,69.043799972,71.900942828,72.758085685,68.043799972,116.741,0.02844,9563419.0,709898414.0,2.338317541616938,70.258085686
HK.01772,赣锋锂业,2021-05-03 00:00:00,72.615228542,67.329514258,73.258085685,66.829514259,109.598,0.01602,5387093.0,384770327.0,-6.357953581965782,71.900942828
HK.01772,赣锋锂业,2021-05-04 00:00:00,67.186657116,69.400942829,69.686657115,66.115228545,112.834,0.0114,3834319.0,273526738.0,3.0765535647004523,67.329514258
HK.01772,赣锋锂业,2021-05-05 00:00:00,68.043799972,68.008085687,70.258085686,67.329514258,110.658,0.00656,2204720.0,156299300.0,-2.0069714981133875,69.400942829
HK.01772,赣锋锂业,2021-05-06 00:00:00,68.829514258,67.615228544,69.829514257,66.043799973,110.044,0.0176,5920434.0,417058611.0,-0.5776624044500882,68.008085687
HK.01772,赣锋锂业,2021-05-07 00:00:00,68.329514258,65.936657116,69.400942829,65.400942831,107.421,0.02653,8922810.0,631250231.0,-2.4825345771148024,67.615228544
HK.01772,赣锋锂业,2021-05-10 00:00:00,67.115228544,68.543799972,69.329514258,66.508085687,113.393,0.02583,8687378.0,619057529.0,3.954011273900863,65.936657116
HK.01772,赣锋锂业,2021-05-11 00:00:00,67.008085687,63.293799974,67.543799973,61.615228546,105.051,0.03491,11741206.0,780541440.0,-7.659336074370861,68.543799972
HK.01772,赣锋锂业,2021-05-12 00:00:00,63.972371403,64.043799974,65.865228545,62.936657117,106.242,0.01862,6262193.0,418646260.0,1.1849501851809812,63.293799974
HK.01772,赣锋锂业,2021-05-13 00:00:00,61.900942832,59.686657119,62.258085689,59.615228547,99.318,0.02556,8595162.0,544281411.0,-6.803379650752878,64.043799974
HK.01772,赣锋锂业,2021-05-14 00:00:00,59.686657119,58.936657119,60.686657118,58.329514262,98.127,0.02017,6784521.0,422510254.0,-1.256562247245127,59.686657119
HK.01772,赣锋锂业,2021-05-17 00:00:00,58.686657119,62.186657118,63.008085689,58.650942833,103.291,0.02182,7338622.0,476045636.0,5.514394873869188,58.936657119
HK.01772,赣锋锂业,2021-05-18 00:00:00,63.472371403,63.472371403,64.472371402,62.686657117,105.334,0.01404,4722620.0,313667489.0,2.0675082800484637,62.186657118
HK.01772,赣锋锂业,2021-05-20 00:00:00,64.543799974,66.472371402,68.258085687,63.615228546,110.983,0.03628,12202624.0,843559540.0,4.726465913731722,63.472371403
HK.01772,赣锋锂业,2021-05-21 00:00:00,66.686657116,66.115228545,67.686657115,65.472371402,110.411,0.01428,4801472.0,332361830.0,-0.537280150335142,66.472371402
HK.01772,赣锋锂业,2021-05-24 00:00:00,66.115228545,67.579514258,68.472371401,65.972371402,112.757,0.0175,5885794.0,411672786.0,2.2147480167952125,66.115228545
HK.01772,赣锋锂业,2021-05-25 00:00:00,67.90094283,68.258085687,68.543799972,66.758085687,113.844,0.02215,7449936.0,527433921.0,1.0041081775305494,67.579514258
HK.01772,赣锋锂业,2021-05-26 00:00:00,68.615228544,68.615228544,69.686657115,67.686657115,114.416,0.02356,7922133.0,566630173.0,0.5232242501462631,68.258085687
HK.01772,赣锋锂业,2021-05-27 00:00:00,69.258085686,68.400942829,69.615228543,67.543799973,114.073,0.06886,23159022.0,1649886543.0,-0.3123005192099453,68.615228544
HK.01772,赣锋锂业,2021-05-28 00:00:00,69.329514258,71.543799971,73.615228542,69.258085686,119.107,0.04554,15316019.0,1148005905.0,4.594757048681378,68.400942829
HK.01772,赣锋锂业,2021-05-31 00:00:00,73.258085685,80.400942825,80.472371396,72.543799971,133.295,0.05115,17203662.0,1379713401.0,12.380028538587846,71.543799971
HK.01772,赣锋锂业,2021-06-01 00:00:00,85.043799966,79.043799968,85.043799966,77.61522854,131.121,0.0252,8475105.0,701565235.0,-1.6879688338405991,80.400942825
HK.01772,赣锋锂业,2021-06-02 00:00:00,79.400942825,82.400942824,82.900942824,78.829514254,136.498,0.03109,10457571.0,877699300.0,4.247193147797926,79.043799968
HK.01772,赣锋锂业,2021-06-03 00:00:00,82.829514252,81.329514253,83.186657109,79.115228539,134.782,0.01807,6077717.0,509917170.0,-1.3002625143361046,82.400942824
HK.01772,赣锋锂业,2021-06-04 00:00:00,79.900942825,79.115228539,82.543799967,77.900942826,131.235,0.02444,8218450.0,683764329.0,-2.722610277877469,81.329514253
HK.01772,赣锋锂业,2021-06-07 00:00:00,79.758085682,79.043799968,81.18665711,78.11522854,131.121,0.01125,3784002.0,311385267.0,-0.09028422507152033,79.115228539
HK.01772,赣锋锂业,2021-06-08 00:00:00,78.376128539,75.590414254,79.590414253,73.518985684,125.171,0.02233,7509486.0,586554106.0,-4.368952043548098,79.043799968
HK.01772,赣锋锂业,2021-06-09 00:00:00,75.37612854,75.161842826,77.94755711,74.447557112,124.485,0.01366,4593012.0,359127778.0,-0.5669653119771325,75.590414254
HK.01772,赣锋锂业,2021-06-10 00:00:00,74.947557112,73.661842826,76.947557111,73.518985684,122.082,0.02167,7289426.0,564598369.0,-1.995693484355495,75.161842826
HK.01772,赣锋锂业,2021-06-11 00:00:00,74.947557112,77.161842825,78.161842825,73.447557112,127.688,0.07295,24532608.0,1917445680.0,4.751442354310232,73.661842826
HK.01772,赣锋锂业,2021-06-15 00:00:00,79.090414253,75.661842826,79.661842824,74.233271398,125.286,0.02782,9356774.0,735725209.0,-1.9439660123228744,77.161842825
HK.01772,赣锋锂业,2021-06-16 00:00:00,75.733271397,71.233271399,76.590414254,69.661842828,118.192,0.02346,7890329.0,586248977.0,-5.8531107115437395,75.661842826
HK.01772,赣锋锂业,2021-06-17 00:00:00,71.018985685,72.661842827,74.233271398,69.947557114,120.48,0.01662,5590604.0,419699142.0,2.0054833927226494,71.233271399
HK.01772,赣锋锂业,2021-06-18 00:00:00,72.447557113,75.87612854,76.018985683,72.447557113,125.629,0.02023,6803153.0,526912389.0,4.42362261669149,72.661842827
HK.01772,赣锋锂业,2021-06-21 00:00:00,73.376128541,73.661842826,75.518985683,72.447557113,122.082,0.01725,5800260.0,442546733.0,-2.9182903195076473,75.87612854
HK.01772,赣锋锂业,2021-06-22 00:00:00,74.37612854,73.804699969,76.018985683,72.661842827,126.508,0.01987,6683495.0,516849815.0,0.1939364228742551,73.661842826
HK.01772,赣锋锂业,2021-06-23 00:00:00,75.233271397,79.518985681,80.876128538,74.447557112,135.976,0.03458,13957150.0,1131765659.0,7.742441490040827,73.804699969
HK.01772,赣锋锂业,2021-06-24 00:00:00,81.018985681,77.447557111,81.018985681,75.233271397,132.544,0.04781,19294969.0,1545787615.0,-2.6049484311957833,79.518985681
HK.01772,赣锋锂业,2021-06-25 00:00:00,79.590414253,79.376128538,80.447557109,77.018985682,135.739,0.0198,7991283.0,650667800.0,2.490164311103998,77.447557111
HK.01772,赣锋锂业,2021-06-28 00:00:00,79.590414253,77.804699968,80.661842824,75.947557111,133.136,0.01098,4430783.0,354325807.0,-1.9797243818054362,79.376128538
HK.01772,赣锋锂业,2021-06-29 00:00:00,78.804699967,78.161842825,78.804699967,76.018985683,133.727,0.01617,6524952.0,521541141.0,0.45902478532387814,77.804699968
HK.01772,赣锋锂业,2021-06-30 00:00:00,78.876128539,80.304699967,80.661842824,76.590414254,137.278,0.01973,7964405.0,650618729.0,2.7415642525186477,78.161842825
HK.01772,赣锋锂业,2021-07-02 00:00:00,80.304699967,77.161842825,80.304699967,75.590414254,132.071,0.01524,6150412.0,490197174.0,-3.913665256568445,80.304699967
HK.01772,赣锋锂业,2021-07-05 00:00:00,77.876128539,86.59041425,87.09041425,77.518985682,147.692,0.05738,23156204.0,2007299773.0,12.219214938118608,77.161842825
HK.01772,赣锋锂业,2021-07-06 00:00:00,87.09041425,86.304699964,88.876128535,81.304699966,147.218,0.03782,15262461.0,1339481716.0,-0.32996064111103507,86.59041425
HK.01772,赣锋锂业,2021-07-07 00:00:00,86.733271393,92.161842819,92.73327139,83.590414251,156.923,0.04029,16260708.0,1496489939.0,6.7865861968620225,86.304699964
HK.01772,赣锋锂业,2021-07-08 00:00:00,91.376128534,88.66184282,95.161842818,88.161842821,151.124,0.02945,11883888.0,1120079640.0,-3.7976671168281366,92.161842819
HK.01772,赣锋锂业,2021-07-09 00:00:00,88.161842821,92.090414248,94.661842818,85.09041425,156.804,0.03009,12144354.0,1137721384.0,3.867020263678293,88.66184282
HK.01772,赣锋锂业,2021-07-12 00:00:00,95.876128532,99.804699959,100.947557101,95.233271389,169.585,0.04065,16406697.0,1660195331.0,8.37686069065276,92.090414248
HK.01772,赣锋锂业,2021-07-13 00:00:00,100.87612853,99.518985673,102.376128529,97.661842817,169.112,0.02557,10318975.0,1061685491.0,-0.2862733780246553,99.804699959
HK.01772,赣锋锂业,2021-07-14 00:00:00,98.590414245,98.233271388,98.876128531,91.161842819,166.982,0.03412,13767976.0,1352059454.0,-1.2919286468861368,99.518985673
HK.01772,赣锋锂业,2021-07-15 00:00:00,100.947557101,102.018985672,108.876128527,99.590414245,173.254,0.03293,13291170.0,1413879011.0,3.8538004797246823,98.233271388
HK.01772,赣锋锂业,2021-07-16 00:00:00,102.018985672,102.233271386,107.590414241,98.233271388,173.609,0.02737,11046785.0,1178025043.0,0.21004493682082506,102.018985672
HK.01772,赣锋锂业,2021-07-19 00:00:00,100.947557101,104.233271386,110.661842812,100.447557101,176.923,0.02996,12091391.0,1310026762.0,1.9563102822452412,102.233271386
HK.01772,赣锋锂业,2021-07-20 00:00:00,103.304699957,102.376128529,105.518985671,99.590414245,173.846,0.01683,6792332.0,710557072.0,-1.781717902839841,104.233271386
HK.01772,赣锋锂业,2021-07-21 00:00:00,104.590414243,117.161842809,121.80469995,104.590414243,198.343,0.04459,17996237.0,2100464007.0,14.442540944309757,102.376128529
HK.01772,赣锋锂业,2021-07-22 00:00:00,118.23327138,120.876128522,124.161842806,116.518985666,204.497,0.04852,19582129.0,2405451307.0,3.170217900255386,117.161842809
HK.01772,赣锋锂业,2021-07-23 00:00:00,121.590414236,113.018985668,124.590414235,112.161842811,191.479,0.02902,11709705.0,1402233487.0,-6.500160908586651,120.876128522
HK.01772,赣锋锂业,2021-07-26 00:00:00,113.947557096,114.090414239,119.733271379,109.376128526,193.254,0.03561,14369682.0,1685713795.0,0.9480075977211331,113.018985668
HK.01772,赣锋锂业,2021-07-27 00:00:00,113.876128525,108.876128527,116.947557095,103.161842815,184.615,0.05357,21617832.0,2396639061.0,-4.570310088520628,114.090414239
HK.01772,赣锋锂业,2021-07-28 00:00:00,103.304699957,107.876128527,111.018985669,103.304699957,182.958,0.03552,14334150.0,1569079685.0,-0.918474980263476,108.876128527
HK.01772,赣锋锂业,2021-07-29 00:00:00,111.09041424,117.304699952,119.947557094,111.09041424,198.579,0.02662,10743712.0,1270873286.0,8.740183350795864,107.876128527
HK.01772,赣锋锂业,2021-07-30 00:00:00,119.590414237,116.518985666,123.661842806,113.018985668,197.278,0.02736,11041514.0,1325556821.0,-0.6698063132351116,117.304699952
HK.01772,赣锋锂业,2021-08-02 00:00:00,120.090414236,118.661842808,124.447557092,113.161842811,200.828,0.02841,11465335.0,1388743046.0,1.8390626469599263,116.518985666
HK.01772,赣锋锂业,2021-08-03 00:00:00,119.590414237,111.733271383,119.590414237,109.161842812,189.349,0.02507,10116622.0,1164477602.0,-5.8389211401433645,118.661842808
HK.01772,赣锋锂业,2021-08-04 00:00:00,111.661842811,122.376128521,122.447557093,111.018985669,206.982,0.02749,11093054.0,1340441677.0,9.525235416690114,111.733271383
HK.01772,赣锋锂业,2021-08-05 00:00:00,122.30469995,118.23327138,122.30469995,116.876128523,200.118,0.01572,6343890.0,769692905.0,-3.3853474456736636,122.376128521
HK.01772,赣锋锂业,2021-08-06 00:00:00,122.447557093,119.161842808,127.304699948,118.161842809,201.656,0.04155,16769545.0,2067481512.0,0.7853723551432346,118.23327138
HK.01772,赣锋锂业,2021-08-09 00:00:00,118.090414237,112.376128525,118.090414237,109.447557098,190.414,0.02555,10309383.0,1185651412.0,-5.694536206471323,119.161842808
HK.01772,赣锋锂业,2021-08-10 00:00:00,113.876128525,111.733271383,115.947557095,107.804699956,189.349,0.02,8069504.0,920015866.0,-0.5720584526605953,112.376128525
HK.01772,赣锋锂业,2021-08-11 00:00:00,112.09041424,111.518985668,113.376128525,109.733271383,188.994,0.01293,5216460.0,596534670.0,-0.19178326415009608,111.733271383
HK.01772,赣锋锂业,2021-08-12 00:00:00,111.233271383,112.447557097,112.733271382,108.804699955,190.532,0.01241,5006531.0,567936716.0,0.8326577070602356,111.518985668
HK.01772,赣锋锂业,2021-08-13 00:00:00,112.447557097,112.447557097,116.590414238,110.447557097,190.532,0.01569,6330202.0,733442358.0,0.0,112.447557097
HK.01772,赣锋锂业,2021-08-16 00:00:00,112.447557097,103.518985672,112.447557097,103.376128529,175.739,0.0253,10210015.0,1102421274.0,-7.940209334470466,112.447557097
HK.01772,赣锋锂业,2021-08-17 00:00:00,103.161842815,100.090414244,106.947557099,97.090414246,170.059,0.02706,10920569.0,1134029010.0,-3.312021853521082,103.518985672
HK.01772,赣锋锂业,2021-08-18 00:00:00,100.304699959,102.733271386,105.090414242,97.661842817,174.437,0.0155,6254290.0,656753965.0,2.640469781209268,100.090414244
HK.01772,赣锋锂业,2021-08-19 00:00:00,103.804699957,103.876128529,109.376128526,99.87612853,176.331,0.02165,8736492.0,943850006.0,1.1124508424402648,102.733271386
HK.01772,赣锋锂业,2021-08-20 00:00:00,103.233271386,101.447557101,106.733271385,98.590414245,172.307,0.02276,9185460.0,967808953.0,-2.337949500420583,103.876128529
HK.01772,赣锋锂业,2021-08-23 00:00:00,104.590414243,109.590414241,110.59041424,103.733271386,185.798,0.02045,8252582.0,907753127.0,8.026666558262285,101.447557101
HK.01772,赣锋锂业,2021-08-24 00:00:00,111.733271383,114.733271381,116.733271381,111.733271383,194.319,0.01962,7918538.0,925456781.0,4.692798339725539,109.590414241
HK.01772,赣锋锂业,2021-08-25 00:00:00,115.447557095,110.233271383,115.66184281,109.233271384,186.863,0.01278,5156793.0,585629135.0,-3.922140407778175,114.733271381
HK.01772,赣锋锂业,2021-08-26 00:00:00,110.947557097,108.876128527,112.09041424,107.447557099,184.615,0.00934,3768449.0,421381470.0,-1.2311553843709044,110.233271383
HK.01772,赣锋锂业,2021-08-27 00:00:00,108.876128527,113.518985668,114.233271382,105.161842814,192.307,0.01497,6043128.0,687144641.0,4.264348120946107,108.876128527
HK.01772,赣锋锂业,2021-08-30 00:00:00,115.304699953,121.876128521,123.376128521,115.304699953,206.153,0.02986,12051043.0,1484241723.0,7.361889999124441,113.518985668
HK.01772,赣锋锂业,2021-08-31 00:00:00,122.947557092,125.447557091,125.447557091,117.018985666,212.071,0.02466,9950210.0,1239546874.0,2.930375794948734,121.876128521
HK.01772,赣锋锂业,2021-09-01 00:00:00,125.87612852,118.090414237,129.590414233,115.66184281,199.881,0.02943,11876099.0,1470598122.0,-5.864715921620616,125.447557091
HK.01772,赣锋锂业,2021-09-02 00:00:00,119.590414237,116.447557095,120.590414236,114.590414239,197.159,0.0177,7142135.0,849337110.0,-1.3911858575607166,118.090414237
HK.01772,赣锋锂业,2021-09-03 00:00:00,117.23327138,110.733271383,117.23327138,108.947557098,187.692,0.02663,10749054.0,1221837361.0,-4.907175259450205,116.447557095
HK.01772,赣锋锂业,2021-09-06 00:00:00,111.447557097,114.804699953,114.804699953,109.090414241,194.437,0.01556,6279771.0,724926576.0,3.6767888450779114,110.733271383
HK.01772,赣锋锂业,2021-09-07 00:00:00,115.304699953,113.876128525,115.804699952,113.090414239,192.899,0.00961,3878912.0,453689976.0,-0.8088270152529876,114.804699953
HK.01772,赣锋锂业,2021-09-08 00:00:00,111.804699954,110.376128526,113.876128525,109.447557098,187.1,0.01537,6201578.0,705696521.0,-3.0735150942821328,113.876128525
HK.01772,赣锋锂业,2021-09-09 00:00:00,112.447557097,112.233271382,114.947557096,109.233271384,190.177,0.01539,6209324.0,712209944.0,1.6825584307049966,110.376128526
HK.01772,赣锋锂业,2021-09-10 00:00:00,114.090414239,110.733271383,114.090414239,108.804699955,187.692,0.02386,9628868.0,1088388424.0,-1.3365020733420114,112.233271382
HK.01772,赣锋锂业,2021-09-13 00:00:00,110.518985669,105.876128528,112.590414239,104.304699957,179.644,0.02609,10529100.0,1150147984.0,-4.386344586714419,110.733271383
HK.01772,赣锋锂业,2021-09-14 00:00:00,107.733271384,106.804699956,109.590414241,100.37612853,181.183,0.01507,6081278.0,661254462.0,0.8770356839733028,105.876128528
HK.01772,赣锋锂业,2021-09-15 00:00:00,108.804699955,108.947557098,111.733271383,105.090414242,184.733,0.02044,8249123.0,924117137.0,2.0063322521226103,106.804699956
HK.01772,赣锋锂业,2021-09-16 00:00:00,111.018985669,101.518985672,111.018985669,97.876128531,172.426,0.0273,11018187.0,1152778578.0,-6.818483703418784,108.947557098
HK.01772,赣锋锂业,2021-09-17 00:00:00,104.018985671,102.876128529,104.018985671,98.876128531,174.674,0.01861,7509749.0,781418298.0,1.336836502075408,101.518985672
HK.01772,赣锋锂业,2021-09-20 00:00:00,101.161842815,99.733271387,101.518985672,94.661842818,169.467,0.01461,5896955.0,590414080.0,-3.054991655439337,102.876128529
HK.01772,赣锋锂业,2021-09-21 00:00:00,96.80469996,99.518985673,100.161842816,95.447557103,169.112,0.00785,3167225.0,319448167.0,-0.21485880390757,99.733271387
HK.01772,赣锋锂业,2021-09-23 00:00:00,101.018985673,101.590414244,104.9475571,100.304699959,172.544,0.01553,6266955.0,655339229.0,2.081440598486714,99.518985673
HK.01772,赣锋锂业,2021-09-24 00:00:00,102.018985672,96.876128531,102.304699958,96.447557103,164.733,0.01131,4565223.0,460548733.0,-4.640482813346166,101.590414244
HK.01772,赣锋锂业,2021-09-27 00:00:00,97.447557103,94.661842818,98.518985674,91.804699962,161.065,0.01554,6272814.0,608181544.0,-2.2856876576064313,96.876128531
HK.01772,赣锋锂业,2021-09-28 00:00:00,94.590414247,94.304699961,95.590414246,92.161842819,160.473,0.01212,4890072.0,471544855.0,-0.37728280621649657,94.661842818
HK.01772,赣锋锂业,2021-09-29 00:00:00,92.304699962,90.804699962,93.518985676,88.947557106,154.674,0.01213,4894103.0,456355993.0,-3.7113738768560127,94.304699961
HK.01772,赣锋锂业,2021-09-30 00:00:00,91.161842819,96.30469996,97.447557103,91.161842819,163.786,0.01139,4598151.0,452131983.0,6.056955201990244,90.804699962
HK.01772,赣锋锂业,2021-10-04 00:00:00,98.518985674,94.161842818,100.161842816,93.73327139,160.236,0.00726,2928878.0,287925041.0,-2.225080544241381,96.30469996
HK.01772,赣锋锂业,2021-10-05 00:00:00,92.161842819,100.804699958,102.447557101,90.66184282,171.242,0.01343,5418310.0,555984662.0,7.0547229548593275,94.161842818
HK.01772,赣锋锂业,2021-10-06 00:00:00,101.090414244,98.947557102,101.518985672,97.233271388,168.165,0.00645,2601048.0,262723264.0,-1.8423177260323866,100.804699958
HK.01772,赣锋锂业,2021-10-07 00:00:00,98.876128531,102.018985672,102.447557101,98.876128531,173.254,0.00699,2819104.0,293188007.0,3.1040974228740335,98.947557102
HK.01772,赣锋锂业,2021-10-08 00:00:00,103.090414243,96.30469996,103.733271386,94.590414247,163.786,0.01524,6148461.0,611157963.0,-5.60119832044982,102.018985672
HK.01772,赣锋锂业,2021-10-11 00:00:00,97.447557103,95.233271389,98.090414245,93.090414247,162.011,0.01116,4504500.0,438234784.0,-1.1125402721206905,96.30469996
HK.01772,赣锋锂业,2021-10-12 00:00:00,97.376128531,91.733271391,97.376128531,89.590414249,156.213,0.01996,8053957.0,759775910.0,-3.675186147605409,95.233271389
HK.01772,赣锋锂业,2021-10-15 00:00:00,94.376128532,97.233271388,97.376128531,88.947557106,165.325,0.02993,12078245.0,1166113788.0,5.995643580132487,91.733271391
HK.01772,赣锋锂业,2021-10-18 00:00:00,97.518985674,100.661842816,100.87612853,96.090414246,171.005,0.0188,7587248.0,767132055.0,3.5261298720667473,97.233271388
HK.01772,赣锋锂业,2021-10-19 00:00:00,101.733271387,104.304699957,104.376128528,99.804699959,177.041,0.01444,5825974.0,611377096.0,3.618905673780262,100.661842816
HK.01772,赣锋锂业,2021-10-20 00:00:00,107.376128527,105.661842814,108.161842813,104.376128528,179.289,0.01545,6233474.0,678398760.0,1.3011329859148117,104.304699957
HK.01772,赣锋锂业,2021-10-21 00:00:00,106.733271385,103.304699957,106.733271385,101.733271387,175.384,0.00959,3868467.0,410962247.0,-2.2308364062411394,105.661842814
HK.01772,赣锋锂业,2021-10-22 00:00:00,103.876128529,105.876128528,106.376128528,101.447557101,179.644,0.01452,5860820.0,630547856.0,2.4891690039953085,103.304699957
HK.01772,赣锋锂业,2021-10-25 00:00:00,103.9475571,106.876128527,107.376128527,102.447557101,181.301,0.00793,3198483.0,346512774.0,0.9444999669926074,105.876128528
HK.01772,赣锋锂业,2021-10-26 00:00:00,110.304699955,107.01898567,112.447557097,106.233271385,181.538,0.01585,6395866.0,716210134.0,0.13366609079960326,106.876128527
HK.01772,赣锋锂业,2021-10-27 00:00:00,106.733271385,108.590414241,109.804699955,106.733271385,184.142,0.01285,5184037.0,576895312.0,1.4683642917767887,107.01898567
HK.01772,赣锋锂业,2021-10-28 00:00:00,109.233271384,102.447557101,109.804699955,102.233271386,173.964,0.01601,6459983.0,696821233.0,-5.656905522403535,108.590414241
HK.01772,赣锋锂业,2021-10-29 00:00:00,103.590414243,101.661842815,105.018985671,100.37612853,172.662,0.01202,4851810.0,506958010.0,-0.7669429200985132,102.447557101
HK.01772,赣锋锂业,2021-11-01 00:00:00,103.090414243,100.018985673,103.661842814,99.661842816,169.94,0.0116,4680550.0,487212887.0,-1.6160017333047956,101.661842815
HK.01772,赣锋锂业,2021-11-02 00:00:00,109.233271384,103.518985672,109.590414241,102.233271386,175.739,0.02824,11396746.0,1240277813.0,3.499335626580761,100.018985673
HK.01772,赣锋锂业,2021-11-03 00:00:00,104.590414243,100.590414244,106.161842813,98.447557102,170.887,0.01275,5145009.0,530437102.0,-2.829018666468757,103.518985672
HK.01772,赣锋锂业,2021-11-04 00:00:00,101.733271387,103.161842815,103.161842815,99.590414245,175.147,0.00777,3137442.0,327026753.0,2.5563356014843914,100.590414244
HK.01772,赣锋锂业,2021-11-05 00:00:00,101.733271387,104.304699957,107.447557099,101.161842815,177.041,0.01515,6115824.0,658068195.0,1.1078293202356622,103.161842815
HK.01772,赣锋锂业,2021-11-08 00:00:00,104.661842814,107.01898567,108.51898567,103.733271386,181.538,0.0269,10856241.0,1190119473.0,2.602265970870904,104.304699957
HK.01772,赣锋锂业,2021-11-09 00:00:00,108.947557098,105.233271385,109.018985669,104.4475571,178.579,0.013,5248320.0,569543648.0,-1.6685957858976328,107.01898567
HK.01772,赣锋锂业,2021-11-10 00:00:00,104.161842814,100.090414244,104.590414243,96.947557103,170.059,0.02377,9591237.0,975986808.0,-4.887101838908582,105.233271385
HK.01772,赣锋锂业,2021-11-11 00:00:00,99.590414245,98.876128531,99.947557102,97.447557103,168.047,0.00942,3802062.0,384158319.0,-1.213188817502358,100.090414244
HK.01772,赣锋锂业,2021-11-12 00:00:00,100.304699959,98.876128531,100.518985673,97.447557103,168.047,0.01268,5119065.0,518513410.0,0.0,98.876128531
HK.01772,赣锋锂业,2021-11-15 00:00:00,99.590414245,96.590414246,99.733271387,94.590414247,164.26,0.01179,4759358.0,469919159.0,-2.311694762890505,98.876128531
HK.01772,赣锋锂业,2021-11-16 00:00:00,97.161842817,96.876128531,97.590414245,95.376128532,164.733,0.00969,3911609.0,387992697.0,0.2957998340004465,96.590414246
HK.01772,赣锋锂业,2021-11-17 00:00:00,96.947557103,102.018985672,102.376128529,96.947557103,173.254,0.01676,6765277.0,699882876.0,5.308693915606153,96.876128531
HK.01772,赣锋锂业,2021-11-18 00:00:00,101.018985673,101.733271387,103.733271386,98.804699959,172.781,0.01235,4985400.0,517918585.0,-0.2800599154343623,102.018985672
HK.01772,赣锋锂业,2021-11-19 00:00:00,101.733271387,101.804699958,102.733271386,100.233271387,172.899,0.00859,3467121.0,359711333.0,0.07021161319808493,101.733271387
HK.01772,赣锋锂业,2021-11-22 00:00:00,101.804699958,107.090414242,107.090414242,101.304699958,181.656,0.01779,7180126.0,775208121.0,5.192014009353831,101.804699958
HK.01772,赣锋锂业,2021-11-23 00:00:00,105.947557099,101.661842815,106.661842813,101.090414244,172.662,0.01503,6066309.0,640537404.0,-5.069147846167311,107.090414242
HK.01772,赣锋锂业,2021-11-24 00:00:00,101.661842815,103.233271386,103.233271386,100.37612853,175.266,0.00678,2737324.0,286970300.0,1.5457407887634094,101.661842815
HK.01772,赣锋锂业,2021-11-25 00:00:00,103.733271386,103.161842815,104.9475571,101.876128529,175.147,0.00638,2574880.0,273374453.0,-0.06919142447101144,103.233271386
HK.01772,赣锋锂业,2021-11-26 00:00:00,103.376128529,102.518985672,106.018985671,102.447557101,174.082,0.01008,4066778.0,434098375.0,-0.6231539932384064,103.161842815
HK.01772,赣锋锂业,2021-11-29 00:00:00,101.018985673,101.590414244,104.518985671,100.304699959,172.544,0.00904,3647603.0,381526818.0,-0.9057555748462789,102.518985672
HK.01772,赣锋锂业,2021-11-30 00:00:00,103.090414243,106.090414242,108.161842813,103.018985672,180.0,0.02189,8833598.0,957834731.0,4.429551775615253,101.590414244
HK.01772,赣锋锂业,2021-12-01 00:00:00,105.804699956,102.661842815,106.090414242,102.304699958,174.319,0.01013,4086381.0,432372911.0,-3.2317447825014356,106.090414242
HK.01772,赣锋锂业,2021-12-02 00:00:00,102.447557101,101.090414244,103.876128529,100.804699958,171.715,0.00715,2887239.0,300756408.0,-1.5306841645456961,102.661842815
HK.01772,赣锋锂业,2021-12-03 00:00:00,101.018985673,100.304699959,101.733271387,98.447557102,170.414,0.00836,3372905.0,345405093.0,-0.7772391585057054,101.090414244
HK.01772,赣锋锂业,2021-12-06 00:00:00,98.876128531,91.733271391,99.518985673,91.733271391,156.213,0.02187,8825475.0,860007573.0,-8.545390765840096,100.304699959
HK.01772,赣锋锂业,2021-12-07 00:00:00,94.518985675,90.018985677,95.161842818,87.304699964,153.372,0.024,9685550.0,895349007.0,-1.8687720256842257,91.733271391
HK.01772,赣锋锂业,2021-12-08 00:00:00,92.447557105,94.804699961,94.947557104,90.304699963,161.301,0.01437,5799257.0,554726453.0,5.31633882342528,90.018985677
HK.01772,赣锋锂业,2021-12-09 00:00:00,95.947557103,96.733271389,97.161842817,94.590414247,164.497,0.00745,3005671.0,296603651.0,2.0342571927271096,94.804699961
HK.01772,赣锋锂业,2021-12-10 00:00:00,94.304699961,96.518985674,98.804699959,92.018985676,164.142,0.00862,3479576.0,344647210.0,-0.22152224557594755,96.733271389
HK.01772,赣锋锂业,2021-12-13 00:00:00,98.376128531,97.018985674,99.947557102,96.80469996,164.97,0.00728,2937590.0,296900110.0,0.518032795836445,96.518985674
HK.01772,赣锋锂业,2021-12-14 00:00:00,96.733271389,94.090414247,97.233271388,93.161842819,160.118,0.00741,2992033.0,290484110.0,-3.0185549834962173,97.018985674
HK.01772,赣锋锂业,2021-12-15 00:00:00,94.090414247,91.947557105,95.518985675,90.733271391,156.568,0.00624,2516593.0,241079621.0,-2.277444688865657,94.090414247
HK.01772,赣锋锂业,2021-12-16 00:00:00,91.090414248,93.73327139,93.73327139,90.447557105,159.526,0.00688,2776365.0,263004667.0,1.942100846638907,91.947557105
HK.01772,赣锋锂业,2021-12-17 00:00:00,92.304699962,90.518985677,93.090414247,90.518985677,154.201,0.01592,6425699.0,601357593.0,-3.429183325551693,93.73327139
HK.01772,赣锋锂业,2021-12-20 00:00:00,89.66184282,78.94755711,90.518985677,78.161842825,135.029,0.03448,13914842.0,1161115759.0,-12.783427123554464,90.518985677
HK.01772,赣锋锂业,2021-12-21 00:00:00,77.447557111,79.304699967,80.590414252,75.37612854,135.621,0.02467,9955265.0,801859590.0,0.45237987098496485,78.94755711
HK.01772,赣锋锂业,2021-12-22 00:00:00,80.090414252,82.01898568,83.447557108,80.090414252,140.118,0.01282,5171867.0,436994690.0,3.4226038483588668,79.304699967
HK.01772,赣锋锂业,2021-12-23 00:00:00,82.804699966,81.804699966,84.018985679,80.018985681,139.763,0.00716,2890132.0,243108548.0,-0.2612635504126353,82.01898568
HK.01772,赣锋锂业,2021-12-24 00:00:00,82.233271394,80.661842824,83.233271394,78.44755711,137.869,0.007,2825863.0,233686232.0,-1.3970556000755407,81.804699966
HK.01772,赣锋锂业,2021-12-28 00:00:00,80.733271395,83.590414251,85.304699965,80.661842824,142.721,0.01425,5749690.0,494882561.0,3.630677560132102,80.661842824
HK.01772,赣锋锂业,2021-12-29 00:00:00,84.518985679,84.447557108,86.304699964,83.447557108,144.142,0.00722,2913738.0,254090990.0,1.0254080742155736,83.590414251
HK.01772,赣锋锂业,2021-12-30 00:00:00,84.590414251,83.161842823,85.876128536,82.447557109,142.011,0.00481,1940794.0,167545082.0,-1.522500270026399,84.447557108
HK.01772,赣锋锂业,2021-12-31 00:00:00,86.018985679,85.09041425,86.59041425,84.376128536,145.207,0.00315,1270246.0,111719196.0,2.3190580698226313,83.161842823
HK.01772,赣锋锂业,2022-01-03 00:00:00,85.876128536,87.161842821,87.804699964,85.447557107,148.639,0.0052,2099305.0,187812271.0,2.4343853408846208,85.09041425
HK.01772,赣锋锂业,2022-01-04 00:00:00,89.590414249,82.590414251,90.876128534,80.876128538,141.065,0.02324,9380131.0,807722379.0,-5.244758970261923,87.161842821
HK.01772,赣锋锂业,2022-01-05 00:00:00,82.304699966,80.376128538,82.447557109,79.44755711,137.396,0.01064,4293753.0,355968266.0,-2.681044444541196,82.590414251
HK.01772,赣锋锂业,2022-01-06 00:00:00,82.733271394,82.090414252,82.733271394,76.161842825,140.236,0.01208,4876820.0,403423566.0,2.1328294173680233,80.376128538
HK.01772,赣锋锂业,2022-01-07 00:00:00,81.947557109,80.876128538,82.447557109,78.44755711,138.224,0.01312,5295722.0,437253762.0,-1.4792052459041096,82.090414252
HK.01772,赣锋锂业,2022-01-10 00:00:00,81.161842823,80.233271395,82.804699966,78.94755711,137.159,0.01257,5073350.0,423652260.0,-0.7948663649224397,80.876128538
HK.01772,赣锋锂业,2022-01-11 00:00:00,80.090414252,78.518985682,81.018985681,77.018985682,134.319,0.01654,6675978.0,540080312.0,-2.136626966835657,80.233271395
HK.01772,赣锋锂业,2022-01-12 00:00:00,79.804699967,82.876128537,83.01898568,79.733271395,141.538,0.01754,7078705.0,595372069.0,5.5491583559756235,78.518985682
HK.01772,赣锋锂业,2022-01-13 00:00:00,84.590414251,81.304699966,84.590414251,79.590414253,138.934,0.01476,5958702.0,498109482.0,-1.8961172520244294,82.876128537
HK.01772,赣锋锂业,2022-01-14 00:00:00,79.804699967,81.304699966,81.304699966,78.876128539,138.934,0.00982,3964045.0,327810606.0,0.0,81.304699966
HK.01772,赣锋锂业,2022-01-17 00:00:00,81.447557109,79.590414253,81.661842823,78.733271396,136.094,0.01033,4170014.0,343202068.0,-2.108470621891324,81.304699966
HK.01772,赣锋锂业,2022-01-18 00:00:00,79.804699967,80.018985681,80.947557109,78.94755711,136.804,0.00599,2417909.0,199506084.0,0.5384711614110537,79.590414253
HK.01772,赣锋锂业,2022-01-19 00:00:00,79.590414253,78.161842825,80.661842824,76.590414254,133.727,0.0118,4760697.0,382929275.0,-2.320877776936101,80.018985681
HK.01772,赣锋锂业,2022-01-20 00:00:00,78.661842824,79.161842824,79.44755711,76.661842825,135.384,0.01316,5312960.0,429698001.0,1.2793966504077376,78.161842825
HK.01772,赣锋锂业,2022-01-21 00:00:00,79.518985681,80.518985681,80.876128538,77.518985682,137.633,0.01054,4253029.0,349698258.0,1.7143901766123941,79.161842824
HK.01772,赣锋锂业,2022-01-24 00:00:00,77.804699968,86.804699964,87.733271392,77.804699968,148.047,0.03722,15019010.0,1295196289.0,7.806499584958414,80.518985681
HK.01772,赣锋锂业,2022-01-25 00:00:00,87.447557107,86.947557107,90.304699963,85.304699965,148.284,0.03053,12322598.0,1118197825.0,0.16457305083624138,86.804699964
HK.01772,赣锋锂业,2022-01-26 00:00:00,87.304699964,86.876128535,89.876128534,85.947557107,148.165,0.01344,5424608.0,488643992.0,-0.08215132704888528,86.947557107
HK.01772,赣锋锂业,2022-01-27 00:00:00,87.947557106,85.233271393,87.947557106,83.661842822,145.443,0.00992,4003743.0,351821176.0,-1.891034015561765,86.876128535
HK.01772,赣锋锂业,2022-01-28 00:00:00,85.447557107,83.01898568,86.018985679,80.304699967,141.775,0.00989,3989960.0,339440736.0,-2.5979123842263427,85.233271393
HK.01772,赣锋锂业,2022-01-31 00:00:00,83.161842823,84.876128536,85.661842822,82.447557109,144.852,0.00467,1885239.0,164140689.0,2.2370098126209674,83.01898568
HK.01772,赣锋锂业,2022-02-04 00:00:00,86.304699964,87.876128535,88.733271392,85.304699965,149.822,0.00794,3203328.0,288656271.0,3.5345627218701057,84.876128536
HK.01772,赣锋锂业,2022-02-07 00:00:00,89.018985677,85.304699965,89.376128534,84.590414251,145.562,0.015,6054034.0,537512047.0,-2.9261969238617973,87.876128535
HK.01772,赣锋锂业,2022-02-08 00:00:00,85.733271393,80.661842824,85.733271393,78.94755711,137.869,0.01617,6525036.0,543713300.0,-5.442674486757388,85.304699965
HK.01772,赣锋锂业,2022-02-09 00:00:00,82.376128537,83.51898568,83.804699965,80.447557109,142.603,0.01244,5019609.0,427639102.0,3.542124449393172,80.661842824
HK.01772,赣锋锂业,2022-02-10 00:00:00,84.233271394,83.447557108,84.947557108,81.804699966,142.485,0.01226,4948890.0,423503104.0,-0.08552375417210896,83.51898568
HK.01772,赣锋锂业,2022-02-11 00:00:00,83.161842823,82.733271394,86.447557107,81.947557109,141.301,0.0167,6738657.0,585719318.0,-0.8559695918666042,83.447557108
HK.01772,赣锋锂业,2022-02-14 00:00:00,81.733271395,84.161842822,85.876128536,80.518985681,143.668,0.00951,3836930.0,333612920.0,1.726719376533201,82.733271394
HK.01772,赣锋锂业,2022-02-15 00:00:00,83.376128537,85.018985679,85.161842822,81.947557109,145.088,0.0097,3913799.0,339364792.0,1.0184459230685254,84.161842822
HK.01772,赣锋锂业,2022-02-16 00:00:00,86.661842821,87.233271392,89.590414249,86.018985679,148.757,0.01244,5018995.0,452400374.0,2.6044602806252324,85.018985679
HK.01772,赣锋锂业,2022-02-17 00:00:00,87.161842821,94.090414247,94.733271389,85.518985679,160.118,0.02769,11175721.0,1059444912.0,7.860696664906743,87.233271392
HK.01772,赣锋锂业,2022-02-18 00:00:00,95.018985675,93.090414247,95.161842818,92.518985676,158.461,0.01348,5442054.0,522819144.0,-1.0628075218957644,94.090414247
HK.01772,赣锋锂业,2022-02-21 00:00:00,92.304699962,90.590414248,92.304699962,88.590414249,154.319,0.01534,6189460.0,572118044.0,-2.6855611495794403,93.090414247
HK.01772,赣锋锂业,2022-02-22 00:00:00,90.16184282,91.733271391,93.73327139,88.947557106,156.213,0.02381,9610970.0,898862173.0,1.2615652025514739,90.590414248
HK.01772,赣锋锂业,2022-02-23 00:00:00,91.733271391,92.018985676,92.23327139,88.876128535,156.686,0.01638,6611610.0,618832529.0,0.3114620035539569,91.733271391
HK.01772,赣锋锂业,2022-02-24 00:00:00,91.018985677,85.947557107,91.018985677,84.447557108,146.627,0.02178,8789482.0,788870339.0,-6.5980172726284785,92.018985676
HK.01772,赣锋锂业,2022-02-25 00:00:00,87.09041425,88.447557106,90.733271391,87.09041425,150.769,0.01386,5592336.0,510552144.0,2.9087505022250344,85.947557107
HK.01772,赣锋锂业,2022-02-28 00:00:00,88.876128535,91.376128534,91.376128534,88.447557106,155.621,0.01554,6272982.0,581038975.0,3.3110823224775454,88.447557106
HK.01772,赣锋锂业,2022-03-01 00:00:00,91.733271391,89.804699963,92.23327139,87.518985678,153.017,0.01496,6036258.0,555387690.0,-1.719736430303335,91.376128534
HK.01772,赣锋锂业,2022-03-02 00:00:00,89.947557106,90.233271391,91.590414248,89.590414249,153.727,0.00948,3825148.0,356116310.0,0.47722605629390397,89.804699963
HK.01772,赣锋锂业,2022-03-03 00:00:00,91.161842819,87.518985678,91.447557105,87.09041425,149.23,0.0112,4518672.0,413553712.0,-3.0080763682371847,90.233271391
HK.01772,赣锋锂业,2022-03-04 00:00:00,86.018985679,83.947557108,86.947557107,82.661842823,143.313,0.01673,6751724.0,587862192.0,-4.080747214255904,87.518985678
HK.01772,赣锋锂业,2022-03-07 00:00:00,81.447557109,79.661842824,83.090414251,79.304699967,136.213,0.01658,6689881.0,557482110.0,-5.105228111029303,83.947557108
HK.01772,赣锋锂业,2022-03-08 00:00:00,79.233271396,71.018985685,80.518985681,69.161842828,121.893,0.0295,11903607.0,900076976.0,-10.849431588087914,79.661842824
HK.01772,赣锋锂业,2022-03-09 00:00:00,72.447557113,71.518985684,72.876128541,67.447557115,122.721,0.01528,6166627.0,450055243.0,0.7040370883607282,71.018985685
HK.01772,赣锋锂业,2022-03-10 00:00:00,75.661842826,72.876128541,75.87612854,71.376128542,124.97,0.01543,6225797.0,470069441.0,1.8975980210295618,71.518985684
HK.01772,赣锋锂业,2022-03-11 00:00:00,70.80469997,70.518985685,72.733271398,68.268985686,121.065,0.01256,5068667.0,370380857.0,-3.2344512574839523,72.876128541
HK.01772,赣锋锂业,2022-03-14 00:00:00,71.447557113,61.947557117,71.447557113,61.126128546,106.863,0.02398,9677915.0,647868702.0,-12.154781417712902,70.518985685
HK.01772,赣锋锂业,2022-03-15 00:00:00,60.018985689,60.411842832,65.304699973,58.876128547,104.319,0.04161,16794118.0,1086618178.0,-2.479055440555161,61.947557117
HK.01772,赣锋锂业,2022-03-16 00:00:00,66.661842829,69.733271399,69.876128542,60.876128546,22.803,0.03664,14786895.0,1005298725.0,15.429803379648716,60.411842832
HK.01772,赣锋锂业,2022-03-17 00:00:00,74.304699969,74.090414255,75.947557111,71.733271399,24.177,0.03216,12978595.0,988168750.0,6.248298364018067,69.733271399
HK.01772,赣锋锂业,2022-03-18 00:00:00,72.447557113,73.161842827,74.804699969,71.233271399,24.074,0.01561,6299658.0,476425001.0,-1.2532949604035089,74.090414255
HK.01772,赣锋锂业,2022-03-21 00:00:00,73.161842827,71.518985684,75.018985683,70.518985685,23.552,0.01417,5718413.0,429506174.0,-2.2455108831590453,73.161842827
HK.01772,赣锋锂业,2022-03-22 00:00:00,71.876128541,74.518985683,74.733271397,71.090414256,24.506,0.00986,3977896.0,302810550.0,4.194690361319186,71.518985684
HK.01772,赣锋锂业,2022-03-23 00:00:00,74.733271397,75.87612854,76.733271397,74.733271397,24.937,0.01211,4886345.0,382120355.0,1.8212041462469934,74.518985683
HK.01772,赣锋锂业,2022-03-24 00:00:00,75.661842826,77.661842825,79.090414253,74.233271398,25.505,0.01214,4898373.0,389992298.0,2.353459934449098,75.87612854
HK.01772,赣锋锂业,2022-03-25 00:00:00,78.161842825,77.590414253,81.161842823,76.447557111,25.482,0.01384,5586105.0,452672554.0,-0.09197383090811027,77.661842825
HK.01772,赣锋锂业,2022-03-28 00:00:00,77.304699968,76.090414254,77.376128539,73.376128541,25.005,0.01024,4134432.0,323200380.0,-1.9332284966399875,77.590414253
HK.01772,赣锋锂业,2022-03-29 00:00:00,76.018985683,74.590414255,77.090414254,73.733271398,24.528,0.01021,4119357.0,318911613.0,-1.971338983637013,76.090414254
HK.01772,赣锋锂业,2022-03-30 00:00:00,76.018985683,78.518985682,78.590414253,75.661842826,25.777,0.01153,4652573.0,372935390.0,5.266858303762071,74.590414255
HK.01772,赣锋锂业,2022-03-31 00:00:00,80.304699967,77.447557111,80.804699966,75.447557111,25.437,0.00965,3894525.0,311322662.0,-1.3645471368405833,78.518985682
HK.01772,赣锋锂业,2022-04-01 00:00:00,76.733271397,78.44755711,78.804699967,75.37612854,25.755,0.00941,3798778.0,304873094.0,1.29119630922223,77.447557111
HK.01772,赣锋锂业,2022-04-04 00:00:00,79.161842824,79.44755711,81.018985681,78.161842825,25.815,0.00833,3363036.0,275429544.0,1.2747369540109315,78.44755711
HK.01772,赣锋锂业,2022-04-06 00:00:00,80.304699967,75.661842826,80.304699967,74.87612854,24.623,0.01374,5544781.0,436086652.0,-4.765048066561008,79.44755711
HK.01772,赣锋锂业,2022-04-07 00:00:00,75.304699969,75.590414254,77.018985682,75.090414254,24.6,0.00701,2830668.0,222269902.0,-0.09440501226525344,75.661842826
HK.01772,赣锋锂业,2022-04-08 00:00:00,75.018985683,75.37612854,76.37612854,73.161842827,24.533,0.00644,2599102.0,200048750.0,-0.28348265598856626,75.590414254
HK.01772,赣锋锂业,2022-04-11 00:00:00,74.233271398,63.66184283,74.233271398,62.983271402,20.845,0.04202,16956707.0,1153548771.0,-15.541108222059396,75.37612854
HK.01772,赣锋锂业,2022-04-12 00:00:00,64.233271402,66.876128543,67.518985686,63.876128545,21.857,0.01613,6511087.0,445001505.0,5.048998850980945,63.66184283
HK.01772,赣锋锂业,2022-04-13 00:00:00,66.126128544,67.518985686,69.161842828,66.126128544,22.059,0.01507,6080608.0,427390951.0,0.9612654874102894,66.876128543
HK.01772,赣锋锂业,2022-04-14 00:00:00,69.161842828,71.161842827,71.161842827,68.411842828,23.206,0.01816,7327236.0,530062666.0,5.395307858949887,67.518985686
HK.01772,赣锋锂业,2022-04-19 00:00:00,70.304699971,68.590414257,70.304699971,67.626128543,22.397,0.00971,3920039.0,280191892.0,-3.6134935069786467,71.161842827
HK.01772,赣锋锂业,2022-04-20 00:00:00,68.590414257,65.768985687,69.304699971,65.054699973,21.508,0.01446,5837153.0,405478793.0,-4.113444423047887,68.590414257
HK.01772,赣锋锂业,2022-04-21 00:00:00,64.304699973,61.161842831,65.554699972,60.661842832,20.058,0.02206,8902731.0,571218469.0,-7.0050386331420205,65.768985687
HK.01772,赣锋锂业,2022-04-22 00:00:00,60.447557117,61.554699974,61.59041426,58.447557118,20.182,0.01543,6228621.0,391260422.0,0.642323914414299,61.161842831
HK.01772,赣锋锂业,2022-04-25 00:00:00,60.304699975,53.94755712,60.304699975,53.626128549,17.787,0.02777,11207789.0,651921228.0,-12.358346084398384,61.554699974
HK.01772,赣锋锂业,2022-04-26 00:00:00,55.590414262,56.018985691,56.983271404,54.590414263,18.439,0.01822,7351576.0,427430424.0,3.839707822899838,53.94755712
HK.01772,赣锋锂业,2022-04-27 00:00:00,56.733271405,63.340414259,64.483271401,55.340414262,20.744,0.04117,16615829.0,1047900262.0,13.069548614080425,56.018985691
HK.01772,赣锋锂业,2022-04-28 00:00:00,63.304699973,63.447557116,65.447557115,60.304699975,20.778,0.02296,9265989.0,609657756.0,0.1691540199940761,63.340414259
HK.01772,赣锋锂业,2022-04-29 00:00:00,63.876128545,65.876128544,66.018985687,62.054699974,21.542,0.01474,5946946.0,397868669.0,3.827683110887761,63.447557116
HK.01772,赣锋锂业,2022-05-03 00:00:00,65.233271401,62.804699974,65.233271401,60.411842832,20.575,0.01464,5908225.0,384263854.0,-4.662430288307737,65.876128544
HK.01772,赣锋锂业,2022-05-04 00:00:00,62.661842831,61.59041426,63.447557116,61.09041426,20.193,0.0078,3146444.0,202293102.0,-1.933431279032765,62.804699974
HK.01772,赣锋锂业,2022-05-05 00:00:00,63.876128545,61.661842831,64.590414259,61.126128546,20.215,0.01803,7275550.0,472517011.0,0.11597351935070169,61.59041426
HK.01772,赣锋锂业,2022-05-06 00:00:00,58.876128547,59.018985689,60.661842832,58.733271404,19.383,0.01021,4118953.0,254588275.0,-4.286049557817186,61.661842831
HK.01772,赣锋锂业,2022-05-10 00:00:00,55.518985691,60.054699975,60.876128546,55.054699977,19.709,0.01345,5429915.0,332657427.0,1.7548832361465645,59.018985689
HK.01772,赣锋锂业,2022-05-11 00:00:00,59.626128546,63.376128545,64.804699973,59.626128546,20.755,0.01756,7087740.0,466957935.0,5.530672156188725,60.054699975
HK.01772,赣锋锂业,2022-05-12 00:00:00,61.268985688,60.447557117,62.840414259,60.126128546,19.833,0.01073,4329558.0,275595924.0,-4.620937717772672,63.376128545
HK.01772,赣锋锂业,2022-05-13 00:00:00,61.697557117,61.197557117,62.340414259,60.34041426,20.069,0.00803,3238816.0,205836426.0,1.2407449296062179,60.447557117
HK.01772,赣锋锂业,2022-05-16 00:00:00,62.447557117,61.661842831,63.376128545,61.233271403,20.215,0.00596,2404862.0,155365219.0,0.7586670708315342,61.197557117
HK.01772,赣锋锂业,2022-05-17 00:00:00,62.447557117,66.590414258,67.804699972,61.733271403,21.767,0.02429,9804464.0,667007088.0,7.9929032294866715,61.661842831
HK.01772,赣锋锂业,2022-05-18 00:00:00,67.697557114,68.768985685,69.518985685,66.661842829,22.453,0.02038,8223067.0,583984523.0,3.2715991502309665,66.590414258
HK.01772,赣锋锂业,2022-05-19 00:00:00,66.233271401,68.590414257,69.590414257,65.911842829,22.397,0.01189,4799197.0,338660887.0,-0.25966855003206507,68.768985685
HK.01772,赣锋锂业,2022-05-20 00:00:00,70.304699971,69.376128542,72.447557113,68.018985686,22.644,0.01151,4646087.0,336472091.0,1.1455161679823376,68.590414257
HK.01772,赣锋锂业,2022-05-23 00:00:00,70.161842828,70.161842828,72.376128541,68.947557114,22.891,0.01199,4839847.0,354280221.0,1.1325427095925842,69.376128542
HK.01772,赣锋锂业,2022-05-24 00:00:00,70.161842828,69.018985685,71.376128542,68.304699971,22.532,0.01215,4903493.0,353748802.0,-1.6288870088570593,70.161842828
HK.01772,赣锋锂业,2022-05-25 00:00:00,68.7332714,67.7332714,69.947557114,67.554699972,22.127,0.009,3634068.0,257349212.0,-1.8628414663581814,69.018985685
HK.01772,赣锋锂业,2022-05-26 00:00:00,69.018985685,69.447557114,71.30469997,68.161842829,22.666,0.01152,4650818.0,335730259.0,2.5309359470861152,67.7332714
HK.01772,赣锋锂业,2022-05-27 00:00:00,71.447557113,69.661842828,71.661842827,68.518985686,22.734,0.00616,2485268.0,180229381.0,0.30855759785508835,69.447557114
HK.01772,赣锋锂业,2022-05-30 00:00:00,70.518985685,70.090414256,70.876128542,68.2332714,22.869,0.01284,5182009.0,372473913.0,0.6152168972304838,69.661842828
HK.01772,赣锋锂业,2022-05-31 00:00:00,70.090414256,69.447557114,70.447557113,68.161842829,22.666,0.02449,9883447.0,706943506.0,-0.9171826830014289,70.090414256
HK.01772,赣锋锂业,2022-06-01 00:00:00,68.161842829,66.626128543,68.161842829,65.447557115,21.778,0.02306,9306479.0,643314959.0,-4.062675043225153,69.447557114
HK.01772,赣锋锂业,2022-06-02 00:00:00,64.947557116,65.66184283,66.304699972,64.447557116,21.475,0.0117,4722817.0,320963589.0,-1.447308637147741,66.626128543
HK.01772,赣锋锂业,2022-06-06 00:00:00,65.233271401,72.161842827,72.233271398,65.233271401,23.521,0.02752,11105193.0,810154630.0,9.899204342815432,65.66184283
HK.01772,赣锋锂业,2022-06-07 00:00:00,72.30469997,71.661842827,73.090414255,70.447557113,23.364,0.01131,4565881.0,338715762.0,-0.6928869613248299,72.161842827
HK.01772,赣锋锂业,2022-06-08 00:00:00,72.876128541,77.090414254,78.518985682,72.518985684,25.073,0.033,13317059.0,1055995477.0,7.575260714555157,71.661842827
HK.01772,赣锋锂业,2022-06-09 00:00:00,77.733271396,75.304699969,77.733271396,74.161842826,24.51,0.01268,5116587.0,399343023.0,-2.3163895307610725,77.090414254
HK.01772,赣锋锂业,2022-06-10 00:00:00,73.876128541,77.161842825,77.733271396,72.518985684,25.095,0.01534,6192172.0,487900875.0,2.4661712439788075,75.304699969
HK.01772,赣锋锂业,2022-06-13 00:00:00,74.161842826,77.161842825,79.590414253,72.80469997,25.095,0.01737,7011754.0,560085019.0,0.0,77.161842825
HK.01772,赣锋锂业,2022-06-14 00:00:00,74.947557112,75.733271397,77.233271396,73.804699969,24.645,0.01249,5039343.0,392816644.0,-1.851396202705969,77.161842825
HK.01772,赣锋锂业,2022-06-15 00:00:00,76.304699968,76.590414254,78.518985682,75.37612854,24.915,0.01061,4282083.0,340439918.0,1.1317916698815065,75.733271397
HK.01772,赣锋锂业,2022-06-16 00:00:00,77.447557111,74.447557112,78.44755711,73.661842826,24.241,0.0114,4600954.0,358814833.0,-2.7978137510701404,76.590414254
HK.01772,赣锋锂业,2022-06-17 00:00:00,75.0985,78.9485,82.5985,75.0985,18.27,0.02568,10363348.0,848363985.0,6.045789899094624,74.447557112
HK.01772,赣锋锂业,2022-06-20 00:00:00,80.3985,79.2985,80.6485,77.0485,19.825,0.013,5248188.0,426002377.0,0.4433269789799788,78.9485
HK.01772,赣锋锂业,2022-06-21 00:00:00,79.2485,78.6985,80.0485,77.9485,19.679,0.00912,3679103.0,298574665.0,-0.7566347408841384,79.2985
HK.01772,赣锋锂业,2022-06-22 00:00:00,79.7485,78.2485,79.7485,77.4985,19.569,0.00624,2517074.0,203415945.0,-0.5718025121190222,78.6985
HK.01772,赣锋锂业,2022-06-23 00:00:00,78.6985,78.4985,79.6985,75.4985,19.63,0.01399,5644259.0,449702054.0,0.3194949423950618,78.2485
HK.01772,赣锋锂业,2022-06-24 00:00:00,79.3985,78.9985,79.6985,78.1485,19.752,0.00752,3036848.0,247183178.0,0.6369548462709478,78.4985
HK.01772,赣锋锂业,2022-06-27 00:00:00,79.2985,85.9485,89.1485,79.1485,21.44,0.02458,9918041.0,874677263.0,8.797635398140455,78.9985
HK.01772,赣锋锂业,2022-06-28 00:00:00,85.9485,88.1985,88.6985,85.1985,22.019,0.01561,6298384.0,563268212.0,2.617846733799892,85.9485
HK.01772,赣锋锂业,2022-06-29 00:00:00,87.4985,82.3485,87.5985,82.2985,20.596,0.01709,6895186.0,595448497.0,-6.632765863365017,88.1985
HK.01772,赣锋锂业,2022-06-30 00:00:00,82.8485,84.0485,85.0485,81.7485,21.009,0.01282,5174445.0,445603410.0,2.064397044269177,82.3485
HK.01772,赣锋锂业,2022-07-04 00:00:00,77.1985,81.1985,82.6985,76.4985,26.332,0.03983,16076047.0,1329168137.0,-3.3908993021886276,84.0485
HK.01772,赣锋锂业,2022-07-05 00:00:00,82.6985,80.5985,84.3485,79.6485,26.143,0.01372,5535379.0,464311175.0,-0.7389299063406274,81.1985
HK.01772,赣锋锂业,2022-07-06 00:00:00,80.1985,80.5485,83.6985,79.6485,26.127,0.01907,7695289.0,641993828.0,-0.0620358939682465,80.5985
HK.01772,赣锋锂业,2022-07-07 00:00:00,80.6985,79.4985,80.8985,78.1985,25.796,0.01321,5331731.0,435868837.0,-1.3035624499525094,80.5485
HK.01772,赣锋锂业,2022-07-08 00:00:00,81.8985,80.7485,83.1985,79.2985,26.19,0.01683,6791003.0,566165952.0,1.5723567111329144,79.4985
HK.01772,赣锋锂业,2022-07-11 00:00:00,80.7485,75.4485,80.7485,74.3985,24.519,0.01797,7251554.0,566760803.0,-6.563589416521682,80.7485
HK.01772,赣锋锂业,2022-07-12 00:00:00,76.3985,73.5485,77.4485,71.3985,23.919,0.01639,6612724.0,504049698.0,-2.518274054487487,75.4485
HK.01772,赣锋锂业,2022-07-13 00:00:00,73.5485,74.0485,74.4985,70.9985,24.077,0.01259,5080672.0,382966293.0,0.6798235178147752,73.5485
HK.01772,赣锋锂业,2022-07-14 00:00:00,75.1985,74.5485,75.1985,72.1485,24.235,0.01051,4240111.0,323264372.0,0.6752331242361425,74.0485
HK.01772,赣锋锂业,2022-07-15 00:00:00,75.8485,74.7985,78.2985,74.3985,24.314,0.01246,5029480.0,394916936.0,0.3353521532961763,74.5485
HK.01772,赣锋锂业,2022-07-18 00:00:00,74.9985,75.6985,76.9985,74.0985,24.597,0.00752,3035681.0,236188894.0,1.2032326851474178,74.7985
HK.01772,赣锋锂业,2022-07-19 00:00:00,75.6985,74.5485,76.0985,74.2985,24.235,0.0044,1774945.0,137068461.0,-1.5191846601980112,75.6985
HK.01772,赣锋锂业,2022-07-20 00:00:00,75.8485,75.5485,77.0485,74.9985,24.55,0.00613,2475870.0,193417825.0,1.3414086131847052,74.5485
HK.01772,赣锋锂业,2022-07-21 00:00:00,75.6985,72.7985,75.7985,72.0985,23.683,0.01121,4522809.0,340622998.0,-3.640045798394409,75.5485
HK.01772,赣锋锂业,2022-07-22 00:00:00,73.6985,71.8985,73.7985,70.9985,23.399,0.00808,3259094.0,241965690.0,-1.236289209255693,72.7985
HK.01772,赣锋锂业,2022-07-25 00:00:00,72.5985,70.2485,72.5985,69.3485,22.879,0.00786,3171101.0,230438489.0,-2.2949018407894344,71.8985
HK.01772,赣锋锂业,2022-07-26 00:00:00,69.0485,72.0485,73.0985,69.0485,23.446,0.00685,2765055.0,205334262.0,2.562332291792703,70.2485
HK.01772,赣锋锂业,2022-07-27 00:00:00,71.5985,70.9985,71.7485,69.7985,23.115,0.00397,1604102.0,116910127.0,-1.4573516450724124,72.0485
HK.01772,赣锋锂业,2022-07-28 00:00:00,71.4485,69.9485,72.1485,69.3485,22.784,0.0064,2582091.0,187287794.0,-1.478904483897563,70.9985
HK.01772,赣锋锂业,2022-07-29 00:00:00,70.3985,68.6485,70.6985,67.7485,22.374,0.00702,2833290.0,201525527.0,-1.8585101896395166,69.9485
HK.01772,赣锋锂业,2022-08-01 00:00:00,68.5485,69.8985,71.2485,68.5485,22.768,0.00652,2631675.0,190206397.0,1.8208700845612067,68.6485
HK.01772,赣锋锂业,2022-08-02 00:00:00,69.6985,67.4985,69.6985,65.8485,22.011,0.01086,4382456.0,304460167.0,-3.4335500761818802,69.8985
HK.01772,赣锋锂业,2022-08-03 00:00:00,67.7985,67.3985,69.4485,66.7985,21.987,0.00586,2365641.0,165894531.0,-0.14815144040239192,67.4985
HK.01772,赣锋锂业,2022-08-04 00:00:00,68.1985,69.0485,69.5485,67.8985,22.507,0.00482,1947036.0,138271757.0,2.448125700126866,67.3985
HK.01772,赣锋锂业,2022-08-05 00:00:00,68.5985,69.5485,70.0985,67.3985,22.665,0.00924,3730645.0,265417804.0,0.724128692151169,69.0485
HK.01772,赣锋锂业,2022-08-08 00:00:00,69.5485,68.0985,69.5485,67.1985,22.208,0.01155,4662764.0,328139962.0,-2.0848760217689852,69.5485
HK.01772,赣锋锂业,2022-08-09 00:00:00,67.8985,70.3485,71.0985,67.8985,22.917,0.01088,4391286.0,316231653.0,3.3040375338663845,68.0985
HK.01772,赣锋锂业,2022-08-10 00:00:00,70.2985,69.4985,71.4985,68.1985,22.649,0.01083,4370177.0,314368897.0,-1.2082702545185673,70.3485
HK.01772,赣锋锂业,2022-08-11 00:00:00,70.6985,70.9985,70.9985,68.8985,23.123,0.00627,2530973.0,183664973.0,2.158319963740224,69.4985
HK.01772,赣锋锂业,2022-08-12 00:00:00,70.9985,71.4985,72.6985,70.6485,23.28,0.00979,3950407.0,291323310.0,0.7042402304274034,70.9985
HK.01772,赣锋锂业,2022-08-15 00:00:00,71.5485,72.5985,73.6985,71.2485,23.627,0.01355,5469387.0,411150121.0,1.538493814555542,71.4985
HK.01772,赣锋锂业,2022-08-16 00:00:00,73.0985,70.7485,73.0985,69.8485,23.044,0.00851,3435621.0,251948242.0,-2.5482620164328385,72.5985
HK.01772,赣锋锂业,2022-08-17 00:00:00,70.9985,68.6985,71.1485,68.0485,22.397,0.01184,4777914.0,339140712.0,-2.897587934726547,70.7485
HK.01772,赣锋锂业,2022-08-18 00:00:00,68.6985,69.0985,69.3485,68.1985,22.523,0.00499,2014320.0,143216789.0,0.5822543432535,68.6985
HK.01772,赣锋锂业,2022-08-19 00:00:00,69.3985,67.7985,69.3985,67.7485,22.113,0.00521,2103781.0,148648709.0,-1.8813722439705596,69.0985
HK.01772,赣锋锂业,2022-08-22 00:00:00,67.2485,69.6485,70.1985,65.9485,22.697,0.00805,3249868.0,231377379.0,2.7286739382139635,67.7985
HK.01772,赣锋锂业,2022-08-23 00:00:00,69.6985,70.6985,71.4985,69.6485,23.028,0.0097,3914625.0,285368564.0,1.5075701558540344,69.6485
HK.01772,赣锋锂业,2022-08-24 00:00:00,71.2985,68.1485,72.2985,67.7985,22.223,0.01111,4483301.0,320435252.0,-3.606865775087162,70.6985
HK.01772,赣锋锂业,2022-08-25 00:00:00,66.6985,67.6985,68.1485,64.548499999,22.082,0.01386,5594562.0,383726055.0,-0.6603226776818314,68.1485
HK.01772,赣锋锂业,2022-08-26 00:00:00,68.5985,71.0985,72.3985,67.5485,23.154,0.01653,6670206.0,487644477.0,5.0222678493615165,67.6985
HK.01772,赣锋锂业,2022-08-29 00:00:00,69.7485,70.2985,71.1485,68.8985,22.902,0.00472,1906772.0,138141672.0,-1.1251995471071783,71.0985
HK.01772,赣锋锂业,2022-08-30 00:00:00,70.2985,69.8985,70.4485,68.5985,22.776,0.0045,1815747.0,130287969.0,-0.5690021835458874,70.2985
HK.01772,赣锋锂业,2022-08-31 00:00:00,68.7985,67.0485,68.7985,65.4985,21.876,0.0182,7346149.0,507487793.0,-4.077340715465989,69.8985
HK.01772,赣锋锂业,2022-09-01 00:00:00,67.0985,64.798499999,67.4485,64.6485,21.167,0.009,3632682.0,246399151.0,-3.355779772851001,67.0485
HK.01772,赣锋锂业,2022-09-02 00:00:00,64.8485,62.6485,65.0985,61.7485,20.488,0.01256,5070060.0,331306595.0,-3.317978038123077,64.798499999
HK.01772,赣锋锂业,2022-09-05 00:00:00,62.048499999,60.6485,62.4985,60.2485,19.858,0.00931,3757045.0,238191956.0,-3.1924148223820206,62.6485
HK.01772,赣锋锂业,2022-09-06 00:00:00,60.8485,62.9485,63.3985,60.8485,20.59,0.00781,3152322.0,204960602.0,3.792344410826326,60.6485
HK.01772,赣锋锂业,2022-09-07 00:00:00,62.4985,63.4985,64.8985,61.4485,20.763,0.01045,4218928.0,277664238.0,0.87373011271118,62.9485
HK.01772,赣锋锂业,2022-09-08 00:00:00,64.2485,62.6985,64.4985,62.2485,20.511,0.00444,1792636.0,117324753.0,-1.259872280447565,63.4985
HK.01772,赣锋锂业,2022-09-09 00:00:00,62.7485,63.5985,64.1485,62.6485,20.795,0.00748,3017435.0,198068949.0,1.43544103925931,62.6985
HK.01772,赣锋锂业,2022-09-13 00:00:00,64.3985,65.1985,65.548499999,63.7485,21.3,0.00721,2907876.0,195232870.0,2.5157826049356418,63.5985
HK.01772,赣锋锂业,2022-09-14 00:00:00,63.5985,64.298499999,64.5985,62.7485,21.016,0.00434,1753183.0,116128167.0,-1.3803998573586742,65.1985
HK.01772,赣锋锂业,2022-09-15 00:00:00,64.7485,63.4985,66.1485,62.4985,20.763,0.01071,4323211.0,285757825.0,-1.2441969859521491,64.298499999
HK.01772,赣锋锂业,2022-09-16 00:00:00,63.4485,60.4485,63.4485,59.8985,19.801,0.02175,8779509.0,551521461.0,-4.803263069206355,63.4985
HK.01772,赣锋锂业,2022-09-19 00:00:00,60.1985,61.5985,62.9485,60.1985,20.164,0.00847,3417978.0,218495804.0,1.9024458836861107,60.4485
HK.01772,赣锋锂业,2022-09-20 00:00:00,61.8985,63.1985,64.798499999,61.8985,20.668,0.06021,24297919.0,1514106119.0,2.5974658473826495,61.5985
HK.01772,赣锋锂业,2022-09-21 00:00:00,62.6985,62.4485,62.798499999,61.4485,20.432,0.01186,4784788.0,307832180.0,-1.1867370269864,63.1985
HK.01772,赣锋锂业,2022-09-22 00:00:00,61.1985,60.5985,61.6985,59.7485,19.848,0.00826,3332095.0,209906992.0,-2.9624410514263775,62.4485
HK.01772,赣锋锂业,2022-09-23 00:00:00,59.7485,57.4485,61.6485,56.8485,18.854,0.015,6054696.0,363602840.0,-5.1981484690215085,60.5985
HK.01772,赣锋锂业,2022-09-26 00:00:00,55.9985,55.7485,57.2985,54.8985,18.318,0.00892,3601165.0,209759951.0,-2.959172128079937,57.4485
HK.01772,赣锋锂业,2022-09-27 00:00:00,55.4985,55.8485,56.0985,54.3485,18.349,0.00828,3339740.0,191767669.0,0.17937702359705,55.7485
HK.01772,赣锋锂业,2022-09-28 00:00:00,55.8485,52.5485,55.8485,51.7985,17.308,0.01942,7839287.0,434817871.0,-5.908842672587454,55.8485
HK.01772,赣锋锂业,2022-09-29 00:00:00,53.7485,50.1985,54.1485,49.5485,16.566,0.0201,8111390.0,434727517.0,-4.472059145360942,52.5485
HK.01772,赣锋锂业,2022-09-30 00:00:00,50.0985,49.9485,51.2485,49.6985,16.487,0.0093,3752920.0,197293009.0,-0.4980228492883253,50.1985
HK.01772,赣锋锂业,2022-10-03 00:00:00,49.9485,50.2485,51.3985,49.2985,16.582,0.0037,1492472.0,78257887.0,0.6006186371963065,49.9485
HK.01772,赣锋锂业,2022-10-05 00:00:00,53.1985,54.2485,55.1985,52.6985,17.844,0.0131,5287563.0,298387279.0,7.960436629949152,50.2485
HK.01772,赣锋锂业,2022-10-06 00:00:00,54.2985,54.2485,54.4485,53.2985,17.844,0.00651,2629159.0,147775017.0,0.0,54.2485
HK.01772,赣锋锂业,2022-10-07 00:00:00,53.0985,52.0985,53.3985,51.2985,17.166,0.00571,2303475.0,125394019.0,-3.963243223314928,54.2485
HK.01772,赣锋锂业,2022-10-10 00:00:00,50.9485,49.8985,51.2485,49.2485,16.472,0.00679,2740860.0,143223961.0,-4.222770329280119,52.0985
HK.01772,赣锋锂业,2022-10-11 00:00:00,50.2985,50.1485,51.3485,49.8985,16.55,0.00745,3005263.0,159077378.0,0.5010170646412216,49.8985
HK.01772,赣锋锂业,2022-10-12 00:00:00,49.7485,50.9485,51.9485,48.2485,16.803,0.0086,3469796.0,181788474.0,1.5952620716472163,50.1485
HK.01772,赣锋锂业,2022-10-13 00:00:00,50.6985,47.5985,50.8985,47.5985,15.746,0.00816,3292958.0,168547469.0,-6.575267181565701,50.9485
HK.01772,赣锋锂业,2022-10-14 00:00:00,48.9985,50.5985,51.8485,48.2985,16.692,0.01475,5952658.0,313133377.0,6.302719623517547,47.5985
HK.01772,赣锋锂业,2022-10-17 00:00:00,51.7485,51.2985,52.6485,50.1985,16.913,0.00948,3827465.0,205822522.0,1.3834402205598897,50.5985
HK.01772,赣锋锂业,2022-10-18 00:00:00,52.5485,52.4985,52.6485,51.3485,17.292,0.00729,2943181.0,159784955.0,2.339249685663329,51.2985
HK.01772,赣锋锂业,2022-10-19 00:00:00,52.3485,51.8985,54.1485,51.4985,17.103,0.00975,3933193.0,217243916.0,-1.1428897968513414,52.4985
HK.01772,赣锋锂业,2022-10-20 00:00:00,51.4985,51.5985,51.9485,49.4985,17.008,0.00615,2483576.0,132111496.0,-0.5780513887684561,51.8985
HK.01772,赣锋锂业,2022-10-21 00:00:00,51.1985,51.1485,52.2985,50.9485,16.866,0.00525,2119998.0,114390169.0,-0.8721183755341779,51.5985
HK.01772,赣锋锂业,2022-10-24 00:00:00,51.6985,50.4485,53.7485,49.7485,16.645,0.01619,6533230.0,350455552.0,-1.368564083013179,51.1485
HK.01772,赣锋锂业,2022-10-25 00:00:00,49.9485,51.2985,51.6985,48.8485,16.913,0.01004,4051075.0,213982399.0,1.6848865674896067,50.4485
HK.01772,赣锋锂业,2022-10-26 00:00:00,51.9985,53.0985,54.4985,51.6985,17.481,0.01241,5009162.0,278127301.0,3.5088745284949936,51.2985
HK.01772,赣锋锂业,2022-10-27 00:00:00,54.6485,53.2985,55.6485,52.5485,17.544,0.0115,4639863.0,261608029.0,0.3766584743448416,53.0985
HK.01772,赣锋锂业,2022-10-28 00:00:00,52.9985,50.1985,53.1985,49.5985,16.566,0.00842,3399037.0,182036736.0,-5.8162987701342335,53.2985
HK.01772,赣锋锂业,2022-10-31 00:00:00,50.7485,50.7985,52.4985,49.9985,16.756,0.01153,4654454.0,248649926.0,1.1952548382919694,50.1985
HK.01772,赣锋锂业,2022-11-01 00:00:00,51.7485,55.5985,56.5485,51.6985,18.27,0.02255,9099530.0,521394950.0,9.449097906434254,50.7985
HK.01772,赣锋锂业,2022-11-02 00:00:00,57.1985,57.5985,57.6985,55.3985,18.901,0.00944,3808283.0,225392154.0,3.5972193494428804,55.5985
HK.01772,赣锋锂业,2022-11-03 00:00:00,57.6985,55.8985,57.6985,54.9985,18.365,0.0145,5851818.0,343149493.0,-2.9514657499761325,57.5985
HK.01772,赣锋锂业,2022-11-04 00:00:00,56.4985,60.3985,61.9985,55.9985,19.785,0.02346,9467788.0,590233999.0,8.050305464368455,55.8985
HK.01772,赣锋锂业,2022-11-07 00:00:00,61.3985,61.7485,63.3985,60.7485,20.211,0.01919,7744436.0,498980479.0,2.2351548465607616,60.3985
HK.01772,赣锋锂业,2022-11-08 00:00:00,62.6985,63.6485,64.1985,61.8985,20.81,0.01456,5876682.0,383912089.0,3.0769978218094343,61.7485
HK.01772,赣锋锂业,2022-11-09 00:00:00,64.298499999,64.6485,66.1485,64.1485,21.126,0.01735,7002584.0,471463401.0,1.571128934696026,63.6485
HK.01772,赣锋锂业,2022-11-10 00:00:00,63.298499999,60.9485,63.298499999,60.4485,19.958,0.0142,5730522.0,364952192.0,-5.723257306820724,64.6485
HK.01772,赣锋锂业,2022-11-11 00:00:00,64.4485,64.6985,65.3985,62.6985,21.142,0.01405,5670968.0,375977916.0,6.152735506206048,60.9485
HK.01772,赣锋锂业,2022-11-14 00:00:00,65.8985,61.7485,66.048499999,61.5985,20.211,0.01984,8008337.0,525175842.0,-4.5596111192686015,64.6985
HK.01772,赣锋锂业,2022-11-15 00:00:00,61.3985,63.4985,63.8485,60.5485,20.763,0.01724,6956642.0,450387066.0,2.8340769411402706,61.7485
HK.01772,赣锋锂业,2022-11-16 00:00:00,64.4985,61.9485,64.4985,60.8985,20.274,0.01483,5983609.0,386238243.0,-2.4410025433671616,63.4985
HK.01772,赣锋锂业,2022-11-17 00:00:00,61.8985,60.6985,61.8985,59.4485,19.88,0.01115,4498939.0,282090458.0,-2.017805112311032,61.9485
HK.01772,赣锋锂业,2022-11-18 00:00:00,60.6985,60.1985,61.1485,59.4485,19.722,0.01154,4658750.0,291213786.0,-0.8237435850968311,60.6985
HK.01772,赣锋锂业,2022-11-21 00:00:00,60.1985,61.3985,61.5485,58.3485,20.1,0.0084,3389668.0,213782049.0,1.9934051512911377,60.1985
HK.01772,赣锋锂业,2022-11-22 00:00:00,61.8985,60.4985,62.0985,59.3985,19.816,0.00886,3577127.0,226048492.0,-1.4658338558759556,61.3985
HK.01772,赣锋锂业,2022-11-23 00:00:00,60.4485,60.6485,61.5485,59.6985,19.864,0.00818,3299324.0,206998389.0,0.24794003157102834,60.4985
HK.01772,赣锋锂业,2022-11-24 00:00:00,62.1985,61.2485,62.1985,60.6485,20.053,0.00737,2974198.0,188893259.0,0.9893072376068682,60.6485
HK.01772,赣锋锂业,2022-11-25 00:00:00,60.8485,61.0985,61.3985,60.1985,20.006,0.01169,4718260.0,298109186.0,-0.24490395683159355,61.2485
HK.01772,赣锋锂业,2022-11-28 00:00:00,59.4985,59.6985,59.6985,57.2485,19.564,0.0102,4118079.0,250533048.0,-2.2913819488203453,61.0985
HK.01772,赣锋锂业,2022-11-29 00:00:00,59.7485,61.3985,61.5985,59.4485,20.1,0.00836,3372620.0,212629576.0,2.84764273809224,59.6985
HK.01772,赣锋锂业,2022-11-30 00:00:00,61.6985,65.4985,65.4985,61.3985,21.394,0.02616,10558401.0,703367721.0,6.677687565657156,61.3985
HK.01772,赣锋锂业,2022-12-01 00:00:00,66.6985,66.4485,67.6985,65.9985,21.694,0.01525,6155181.0,425654921.0,1.450414894997578,65.4985
HK.01772,赣锋锂业,2022-12-02 00:00:00,65.6985,66.6985,67.1985,65.6485,21.773,0.0092,3714208.0,255722793.0,0.37623121665650844,66.4485
HK.01772,赣锋锂业,2022-12-05 00:00:00,67.4985,67.3985,68.0485,65.8485,21.994,0.01234,4980236.0,345164097.0,1.0494988642923049,66.6985
HK.01772,赣锋锂业,2022-12-06 00:00:00,65.6985,66.9485,67.8485,64.8485,21.852,0.01245,5025975.0,345549709.0,-0.6676706454891472,67.3985
HK.01772,赣锋锂业,2022-12-07 00:00:00,67.5985,65.3485,68.1985,65.0985,21.347,0.01446,5835269.0,403726530.0,-2.389896711651485,66.9485
HK.01772,赣锋锂业,2022-12-08 00:00:00,65.6985,66.298499999,68.1485,65.1985,21.647,0.01476,5958153.0,410328043.0,1.4537441548007977,65.3485
HK.01772,赣锋锂业,2022-12-09 00:00:00,66.6985,67.9485,68.1985,65.4985,22.167,0.01399,5645335.0,391081078.0,2.4887440907786487,66.298499999
HK.01772,赣锋锂业,2022-12-12 00:00:00,67.8985,66.048499999,67.8985,65.1485,21.568,0.00792,3194619.0,217703006.0,-2.796235385622928,67.9485
HK.01772,赣锋锂业,2022-12-13 00:00:00,66.1485,64.3985,66.1485,63.9985,21.047,0.00739,2982961.0,200132935.0,-2.498164226326084,66.048499999
HK.01772,赣锋锂业,2022-12-14 00:00:00,64.548499999,63.8485,65.5985,63.3985,20.874,0.00662,2673511.0,177689333.0,-0.8540571597164487,64.3985
HK.01772,赣锋锂业,2022-12-15 00:00:00,63.8485,62.9985,64.548499999,62.3985,20.605,0.01039,4194207.0,273837937.0,-1.3312763808076955,63.8485
HK.01772,赣锋锂业,2022-12-16 00:00:00,62.048499999,61.2985,62.5985,60.6985,20.069,0.03211,12958816.0,824454843.0,-2.698476947863843,62.9985
HK.01772,赣锋锂业,2022-12-19 00:00:00,62.1985,62.0985,64.2485,61.798499999,20.321,0.00955,3852205.0,250932884.0,1.3050890315423775,61.2985
HK.01772,赣锋锂业,2022-12-20 00:00:00,62.0985,60.3985,62.9985,59.1485,19.785,0.01024,4132974.0,258495817.0,-2.7375862540963194,62.0985
HK.01772,赣锋锂业,2022-12-21 00:00:00,59.6985,60.4485,60.8985,59.1985,19.801,0.00363,1464286.0,91182827.0,0.08278351283559073,60.3985
HK.01772,赣锋锂业,2022-12-22 00:00:00,61.2485,58.6985,61.2485,58.1985,19.248,0.00983,3968413.0,243590467.0,-2.895026344739737,60.4485
HK.01772,赣锋锂业,2022-12-23 00:00:00,58.2985,57.4485,59.1985,56.6985,18.854,0.00869,3506151.0,209351633.0,-2.129526308168011,58.6985
HK.01772,赣锋锂业,2022-12-28 00:00:00,57.4485,57.8985,58.2485,56.5985,18.996,0.01043,4210884.0,250500108.0,0.7833102691976217,57.4485
HK.01772,赣锋锂业,2022-12-29 00:00:00,57.2985,56.1985,58.1985,55.7985,18.46,0.00654,2639172.0,155280012.0,-2.9361727851325954,57.8985
HK.01772,赣锋锂业,2022-12-30 00:00:00,55.8985,55.9985,57.1485,55.4485,18.396,0.00459,1852714.0,108049568.0,-0.35588138473447306,56.1985
HK.01772,赣锋锂业,2023-01-03 00:00:00,55.5985,56.4485,56.6485,54.6985,18.538,0.00698,2816525.0,163925376.0,0.803592953382685,55.9985
HK.01772,赣锋锂业,2023-01-04 00:00:00,55.8985,53.6985,56.3985,53.0485,17.671,0.02502,10098274.0,569203531.0,-4.871697210731906,56.4485
HK.01772,赣锋锂业,2023-01-05 00:00:00,54.6485,56.2985,56.7485,54.4985,18.491,0.01459,5888370.0,341889603.0,4.841848468765411,53.6985
HK.01772,赣锋锂业,2023-01-06 00:00:00,56.3485,57.0985,59.1985,56.1485,18.744,0.01318,5317556.0,319511820.0,1.4209970070250617,56.2985
HK.01772,赣锋锂业,2023-01-09 00:00:00,58.6985,58.7985,59.5985,57.8985,19.28,0.00881,3554888.0,217185288.0,2.977311137770687,57.0985
HK.01772,赣锋锂业,2023-01-10 00:00:00,58.7985,59.3485,59.4485,57.3485,19.454,0.00802,3236068.0,197715409.0,0.9353980118540512,58.7985
HK.01772,赣锋锂业,2023-01-11 00:00:00,59.6985,58.1485,59.6985,58.0985,19.075,0.00613,2472694.0,151024317.0,-2.0219550620487508,59.3485
HK.01772,赣锋锂业,2023-01-12 00:00:00,58.7485,59.9485,61.6485,58.7485,19.643,0.00951,3836393.0,239867954.0,3.095522670404231,58.1485
HK.01772,赣锋锂业,2023-01-13 00:00:00,60.4985,60.6485,61.1985,59.4985,19.864,0.00756,3051318.0,190929376.0,1.1676689158194045,59.9485
HK.01772,赣锋锂业,2023-01-16 00:00:00,61.1485,63.1485,63.1485,60.3485,20.653,0.01177,4749508.0,306056371.0,4.122113490028608,60.6485
HK.01772,赣锋锂业,2023-01-17 00:00:00,63.298499999,61.4485,63.298499999,60.7985,20.116,0.00723,2917464.0,186944216.0,-2.692067111649518,63.1485
HK.01772,赣锋锂业,2023-01-18 00:00:00,61.2985,62.4985,64.4985,60.6985,20.448,0.00863,3484584.0,226905142.0,1.7087479759473334,61.4485
HK.01772,赣锋锂业,2023-01-19 00:00:00,62.298499999,62.4985,62.5985,60.6985,20.448,0.00629,2538213.0,162476474.0,0.0,62.4985
HK.01772,赣锋锂业,2023-01-20 00:00:00,63.4485,66.6485,66.6485,62.7485,21.757,0.01417,5716831.0,387203823.0,6.64015936382473,62.4985
HK.01772,赣锋锂业,2023-01-26 00:00:00,68.6985,72.3485,73.2485,67.7985,23.556,0.0168,6781665.0,497120817.0,8.552330510063996,66.6485
HK.01772,赣锋锂业,2023-01-27 00:00:00,71.6985,73.9485,74.0985,71.4985,24.061,0.00986,3980242.0,300733843.0,2.21151786146222,72.3485
HK.01772,赣锋锂业,2023-01-30 00:00:00,74.0985,69.9985,74.0985,69.0485,22.814,0.02098,8468776.0,622391603.0,-5.341555271574121,73.9485
HK.01772,赣锋锂业,2023-01-31 00:00:00,72.3985,68.9985,72.3985,68.1485,22.499,0.01253,5056031.0,361863722.0,-1.428602041472317,69.9985
HK.01772,赣锋锂业,2023-02-01 00:00:00,69.6985,70.8485,70.8985,69.1985,23.082,0.00957,3864153.0,280303397.0,2.681217707631317,68.9985
HK.01772,赣锋锂业,2023-02-02 00:00:00,70.2485,68.8985,70.6985,68.8985,22.467,0.00643,2596152.0,186858203.0,-2.7523518493687273,70.8485
HK.01772,赣锋锂业,2023-02-03 00:00:00,71.1985,69.2485,71.1985,67.8985,22.578,0.01136,4585426.0,327114953.0,0.5079936428224251,68.8985
HK.01772,赣锋锂业,2023-02-06 00:00:00,68.6985,66.298499999,68.6985,65.7485,21.647,0.01,4035021.0,276882990.0,-4.260020074081036,69.2485
HK.01772,赣锋锂业,2023-02-07 00:00:00,66.0985,66.0985,67.1985,65.4985,21.584,0.009,3633636.0,249087248.0,-0.3016659487062541,66.298499999
HK.01772,赣锋锂业,2023-02-08 00:00:00,66.6985,69.4985,71.0985,66.6985,22.656,0.01743,7036044.0,502392124.0,5.143838362443937,66.0985
HK.01772,赣锋锂业,2023-02-09 00:00:00,69.1485,70.4485,70.5485,68.0985,22.956,0.00838,3383144.0,242355695.0,1.3669359770354592,69.4985
HK.01772,赣锋锂业,2023-02-10 00:00:00,70.4485,67.4985,70.4485,67.1485,22.025,0.00651,2626243.0,184365624.0,-4.187456084941466,70.4485
HK.01772,赣锋锂业,2023-02-13 00:00:00,67.7485,66.7985,67.8985,66.1985,21.804,0.00485,1956978.0,135148655.0,-1.0370600828166594,67.4985
HK.01772,赣锋锂业,2023-02-14 00:00:00,66.5985,65.4985,67.0985,64.7485,21.394,0.00943,3804655.0,257396578.0,-1.9461514854375428,66.7985
HK.01772,赣锋锂业,2023-02-15 00:00:00,65.5985,63.8985,66.5485,63.4985,20.889,0.01066,4300920.0,286488102.0,-2.4428040336801735,65.4985
HK.01772,赣锋锂业,2023-02-16 00:00:00,63.9485,62.1985,65.1485,61.4985,20.353,0.01073,4329879.0,282989546.0,-2.660469338090872,63.8985
HK.01772,赣锋锂业,2023-02-17 00:00:00,62.8985,60.3485,63.048499999,60.0485,19.769,0.01107,4467490.0,283837235.0,-2.974348255986883,62.1985
HK.01772,赣锋锂业,2023-02-20 00:00:00,59.3985,58.7985,59.5985,57.3985,19.28,0.01698,6851673.0,415227845.0,-2.5684151221654297,60.3485
HK.01772,赣锋锂业,2023-02-21 00:00:00,57.7485,58.1985,59.3985,57.5485,19.091,0.01348,5439906.0,329435436.0,-1.0204341947498565,58.7985
HK.01772,赣锋锂业,2023-02-22 00:00:00,57.8985,56.7485,58.1985,56.2985,18.633,0.0118,4761893.0,281790443.0,-2.4914731479333705,58.1985
HK.01772,赣锋锂业,2023-02-23 00:00:00,56.3485,56.5485,57.1485,56.0985,18.57,0.00761,3071378.0,180549877.0,-0.3524322228781428,56.7485
HK.01772,赣锋锂业,2023-02-24 00:00:00,56.9985,56.0485,57.4485,55.8985,18.412,0.01012,4084728.0,239770831.0,-0.8841967514611351,56.5485
HK.01772,赣锋锂业,2023-02-27 00:00:00,56.6985,54.9485,57.1985,54.2485,18.065,0.01031,4160064.0,239179929.0,-1.9625859746469476,56.0485
HK.01772,赣锋锂业,2023-02-28 00:00:00,54.7485,52.3985,54.8985,52.0985,17.26,0.01946,7853186.0,433294148.0,-4.640709027543981,54.9485
HK.01772,赣锋锂业,2023-03-01 00:00:00,52.8985,54.4985,54.4985,52.0985,17.923,0.01262,5094971.0,284944312.0,4.007748313405921,52.3985
HK.01772,赣锋锂业,2023-03-02 00:00:00,53.8985,53.6485,54.4485,52.9485,17.655,0.0066,2665482.0,148914606.0,-1.5596759543840681,54.4985
HK.01772,赣锋锂业,2023-03-03 00:00:00,54.1985,53.0985,54.1985,52.7485,17.481,0.00912,3680218.0,204329618.0,-1.0251917574582647,53.6485
HK.01772,赣锋锂业,2023-03-06 00:00:00,53.5485,54.2485,54.5485,52.1485,17.844,0.01031,4162637.0,232396264.0,2.165786227482883,53.0985
HK.01772,赣锋锂业,2023-03-07 00:00:00,53.6985,53.4485,54.6485,52.7985,17.592,0.00802,3238354.0,181352155.0,-1.474695152861364,54.2485
HK.01772,赣锋锂业,2023-03-08 00:00:00,53.2985,52.1485,53.2985,51.2985,17.182,0.01021,4120975.0,223839393.0,-2.4322478647670267,53.4485
HK.01772,赣锋锂业,2023-03-09 00:00:00,52.1485,52.1485,53.9485,52.1485,17.182,0.00676,2726748.0,150426562.0,0.0,52.1485
HK.01772,赣锋锂业,2023-03-10 00:00:00,51.1985,49.6485,51.2485,49.3985,16.393,0.01121,4522505.0,236107398.0,-4.794001745016635,52.1485
HK.01772,赣锋锂业,2023-03-13 00:00:00,49.5985,48.2485,49.5985,45.7485,15.951,0.02307,9308513.0,461728369.0,-2.819823358208201,49.6485
HK.01772,赣锋锂业,2023-03-14 00:00:00,47.6485,46.2985,48.6985,45.7485,15.336,0.01603,6469452.0,316006001.0,-4.04157642206494,48.2485
HK.01772,赣锋锂业,2023-03-15 00:00:00,47.6485,45.9485,47.6485,45.7485,15.225,0.00982,3962719.0,193547373.0,-0.7559640161128208,46.2985
HK.01772,赣锋锂业,2023-03-16 00:00:00,45.4985,43.4985,45.6485,43.0985,14.452,0.0161,6496358.0,300785322.0,-5.332056541562843,45.9485
HK.01772,赣锋锂业,2023-03-17 00:00:00,44.0985,44.7485,44.8985,43.9985,4.139,0.01998,8061649.0,376646413.0,2.8736623101946046,43.4985
HK.01772,赣锋锂业,2023-03-20 00:00:00,44.0985,43.6985,44.9985,43.1985,4.047,0.013,5245333.0,243503177.0,-2.346447366950841,44.7485
HK.01772,赣锋锂业,2023-03-21 00:00:00,43.7985,45.4985,45.5985,43.0985,4.205,0.01446,5833668.0,272152869.0,4.119134524068325,43.6985
HK.01772,赣锋锂业,2023-03-22 00:00:00,45.8485,46.1985,48.0485,45.8485,4.267,0.0209,8435900.0,412122009.0,1.5385122586458957,45.4985
HK.01772,赣锋锂业,2023-03-23 00:00:00,45.5985,47.0985,47.1985,45.5485,4.346,0.00948,3826369.0,187084561.0,1.948115198545404,46.1985
HK.01772,赣锋锂业,2023-03-24 00:00:00,47.1485,46.4485,47.7485,46.2985,4.289,0.0077,3107186.0,152888361.0,-1.3800864146416523,47.0985
HK.01772,赣锋锂业,2023-03-27 00:00:00,46.4485,46.0985,46.7485,45.6985,4.258,0.00515,2079298.0,100978385.0,-0.7535227187099721,46.4485
HK.01772,赣锋锂业,2023-03-28 00:00:00,46.5985,45.5985,47.2985,45.5985,4.214,0.00536,2162155.0,104073895.0,-1.0846339902599869,46.0985
HK.01772,赣锋锂业,2023-03-29 00:00:00,46.1985,45.9985,47.2485,45.4985,4.249,0.00842,3397289.0,165023087.0,0.8772218384376647,45.5985
HK.01772,赣锋锂业,2023-03-30 00:00:00,46.6985,47.1485,47.1485,45.2485,4.345,0.01275,5147139.0,249466145.0,2.5000815243975314,45.9985
HK.01772,赣锋锂业,2023-03-31 00:00:00,47.5485,46.4985,48.4485,46.4985,4.288,0.00793,3201349.0,158806134.0,-1.3786228618089624,47.1485
HK.01772,赣锋锂业,2023-04-03 00:00:00,46.9985,47.5985,48.3485,46.2985,4.384,0.00983,3967123.0,197576484.0,2.3656677097110688,46.4985
HK.01772,赣锋锂业,2023-04-04 00:00:00,47.5985,44.7485,47.5985,44.4985,4.134,0.01674,6755725.0,321260569.0,-5.987583642341673,47.5985
HK.01772,赣锋锂业,2023-04-06 00:00:00,44.2485,42.7485,44.4485,41.6485,3.958,0.02407,9715054.0,435318887.0,-4.469423556096853,44.7485
HK.01772,赣锋锂业,2023-04-11 00:00:00,43.4985,45.4485,46.2485,43.0985,4.195,0.02791,11262751.0,531256297.0,6.316011088108361,42.7485
HK.01772,赣锋锂业,2023-04-12 00:00:00,45.8985,45.5485,46.2985,44.6985,4.204,0.0125,5044585.0,241378781.0,0.2200292638920851,45.4485
HK.01772,赣锋锂业,2023-04-13 00:00:00,45.2485,45.5985,46.4485,44.4985,4.209,0.00957,3861451.0,185897763.0,0.10977309900436737,45.5485
HK.01772,赣锋锂业,2023-04-14 00:00:00,45.6485,49.5985,49.9985,45.6485,4.56,0.02571,10376307.0,532835983.0,8.772218384376679,45.5985
HK.01772,赣锋锂业,2023-04-17 00:00:00,49.7485,49.5485,50.3985,48.3485,4.556,0.01652,6667216.0,345558174.0,-0.10080950028731567,49.5985
HK.01772,赣锋锂业,2023-04-18 00:00:00,49.7985,50.7985,52.0485,49.7985,4.666,0.01569,6333888.0,338589303.0,2.522780709809581,49.5485
HK.01772,赣锋锂业,2023-04-19 00:00:00,51.9985,51.5485,52.5485,50.3985,4.731,0.02665,10755558.0,581395442.0,1.476421547880351,50.7985
HK.01772,赣锋锂业,2023-04-20 00:00:00,51.9485,49.6485,51.9485,49.5985,4.565,0.01758,7096442.0,372857181.0,-3.685849248765723,51.5485
HK.01772,赣锋锂业,2023-04-21 00:00:00,49.6485,49.1485,51.1485,48.6985,4.521,0.00832,3359731.0,175053676.0,-1.007079770788644,49.6485
HK.01772,赣锋锂业,2023-04-24 00:00:00,49.1485,49.7985,51.1985,48.1485,4.578,0.01689,6815306.0,355996860.0,1.3225225591828818,49.1485
HK.01772,赣锋锂业,2023-04-25 00:00:00,50.2985,46.1985,50.2985,45.1985,4.261,0.0202,8153837.0,397704435.0,-7.229133407632748,49.7985
HK.01772,赣锋锂业,2023-04-26 00:00:00,46.0985,48.9985,49.6985,44.2985,4.507,0.01657,6685631.0,336386106.0,6.060802839919038,46.1985
HK.01772,赣锋锂业,2023-04-27 00:00:00,49.1985,50.9485,51.5485,48.2985,4.679,0.02159,8713136.0,459907068.0,3.979713664704027,48.9985
HK.01772,赣锋锂业,2023-04-28 00:00:00,50.6985,49.1485,51.4985,46.5985,4.521,0.01527,6160972.0,320198772.0,-3.5329793811397865,50.9485
HK.01772,赣锋锂业,2023-05-02 00:00:00,50.4985,51.8485,52.4485,49.3985,4.758,0.01573,6348032.0,340739555.0,5.493555245836603,49.1485
HK.01772,赣锋锂业,2023-05-03 00:00:00,51.3485,51.5485,52.0485,51.2485,4.731,0.00889,3586476.0,193197139.0,-0.578608831499473,51.8485
HK.01772,赣锋锂业,2023-05-04 00:00:00,51.2485,51.5485,52.3485,51.0985,4.731,0.01158,4675224.0,251578515.0,0.0,51.5485
HK.01772,赣锋锂业,2023-05-05 00:00:00,52.0985,52.0485,52.5985,50.6985,4.775,0.01065,4296835.0,232355836.0,0.9699603286225594,51.5485
HK.01772,赣锋锂业,2023-05-08 00:00:00,52.7985,52.2985,53.3985,51.3485,4.797,0.01003,4047985.0,221305085.0,0.48032123884453926,52.0485
HK.01772,赣锋锂业,2023-05-09 00:00:00,52.3485,49.6985,52.4985,49.3985,4.569,0.01305,5266280.0,277032284.0,-4.971461896612703,52.2985
HK.01772,赣锋锂业,2023-05-10 00:00:00,49.7985,52.1985,52.3985,49.5985,4.789,0.01313,5299905.0,285083554.0,5.030332907431814,49.6985
HK.01772,赣锋锂业,2023-05-11 00:00:00,52.8985,53.7985,54.4985,52.3985,4.929,0.02221,8965219.0,499059577.0,3.0652221807139943,52.1985
HK.01772,赣锋锂业,2023-05-12 00:00:00,54.3985,52.3985,54.6985,51.7985,4.806,0.01014,4091213.0,224641979.0,-2.602303038188795,53.7985
HK.01772,赣锋锂业,2023-05-15 00:00:00,52.8985,55.9985,56.7485,52.7985,5.123,0.02264,9136388.0,526756130.0,6.870425680124434,52.3985
HK.01772,赣锋锂业,2023-05-16 00:00:00,56.7485,56.0985,56.7485,55.1985,5.131,0.01102,4449356.0,258817281.0,0.1785762118628203,55.9985
HK.01772,赣锋锂业,2023-05-17 00:00:00,55.4985,53.1985,55.4985,53.1985,4.876,0.01381,5574081.0,312911238.0,-5.169478684813317,56.0985
HK.01772,赣锋锂业,2023-05-18 00:00:00,53.4985,53.8985,54.4985,52.8985,4.938,0.00576,2322970.0,129532944.0,1.3158265740575312,53.1985
HK.01772,赣锋锂业,2023-05-19 00:00:00,53.8985,52.0985,53.8985,51.4985,4.78,0.01053,4251224.0,231222371.0,-3.339610564301413,53.8985
HK.01772,赣锋锂业,2023-05-22 00:00:00,51.4985,51.3985,52.0985,50.9985,4.718,0.00646,2606409.0,140408576.0,-1.343608741134587,52.0985
HK.01772,赣锋锂业,2023-05-23 00:00:00,50.8485,50.8985,52.3985,50.4485,4.674,0.00575,2321055.0,124465234.0,-0.9727910347578237,51.3985
HK.01772,赣锋锂业,2023-05-24 00:00:00,50.8985,49.5985,51.1985,49.2485,4.56,0.01232,4973102.0,259537124.0,-2.554102773166198,50.8985
HK.01772,赣锋锂业,2023-05-25 00:00:00,49.7485,48.6985,49.7485,48.3985,4.481,0.00603,2432411.0,124512790.0,-1.8145710051715245,49.5985
HK.01772,赣锋锂业,2023-05-29 00:00:00,48.6985,48.4985,48.8985,47.1485,4.463,0.00764,3084434.0,155551725.0,-0.41069026766738775,48.6985
HK.01772,赣锋锂业,2023-05-30 00:00:00,48.4985,48.2485,49.0985,47.2985,4.442,0.00463,1870174.0,94274681.0,-0.515479860201862,48.4985
HK.01772,赣锋锂业,2023-05-31 00:00:00,47.9985,47.2485,48.2485,46.6985,4.354,0.01162,4689727.0,232517434.0,-2.072603293366633,48.2485
HK.01772,赣锋锂业,2023-06-01 00:00:00,47.1985,47.2985,48.9485,46.8485,4.358,0.00521,2104414.0,105028307.0,0.10582346529518855,47.2485
HK.01772,赣锋锂业,2023-06-02 00:00:00,48.1985,51.0485,51.0485,47.9985,4.688,0.00881,3554114.0,186994584.0,7.928369821453112,47.2985
HK.01772,赣锋锂业,2023-06-05 00:00:00,51.6985,51.3485,51.6985,50.3985,4.714,0.00587,2367673.0,126609410.0,0.587676425360205,51.0485
HK.01772,赣锋锂业,2023-06-06 00:00:00,51.2985,51.0485,51.3985,50.2485,4.688,0.0047,1895600.0,100884826.0,-0.5842429671752909,51.3485
HK.01772,赣锋锂业,2023-06-07 00:00:00,51.1985,50.4985,51.4485,49.3985,4.64,0.00552,2229381.0,117181168.0,-1.0774067798270217,51.0485
HK.01772,赣锋锂业,2023-06-08 00:00:00,50.8485,51.4485,51.7985,50.6485,4.723,0.00649,2617952.0,140131935.0,1.8812439973464614,50.4985
HK.01772,赣锋锂业,2023-06-09 00:00:00,51.5985,52.1985,52.8485,51.2485,4.789,0.00939,3791131.0,206830884.0,1.4577684480597102,51.4485
HK.01772,赣锋锂业,2023-06-12 00:00:00,51.3985,51.4485,51.9985,50.6485,4.723,0.00451,1819897.0,97300490.0,-1.4368228972096897,52.1985
HK.01772,赣锋锂业,2023-06-13 00:00:00,51.7485,51.6485,51.9985,50.7985,4.741,0.00667,2691532.0,144187112.0,0.3887382528159144,51.4485
HK.01772,赣锋锂业,2023-06-14 00:00:00,52.1485,51.0485,52.1485,50.6985,4.688,0.00541,2182791.0,116786465.0,-1.161698790865178,51.6485
HK.01772,赣锋锂业,2023-06-15 00:00:00,51.3485,53.5985,53.6985,50.2985,4.912,0.01098,4431437.0,242523729.0,4.99524961556168,51.0485
HK.01772,赣锋锂业,2023-06-16 00:00:00,54.2485,54.0985,54.6985,53.4485,4.956,0.0136,5488676.0,309155711.0,0.932861927106169,53.5985
HK.01772,赣锋锂业,2023-06-19 00:00:00,52.9985,53.4485,54.1485,52.7985,4.899,0.00525,2117649.0,118091655.0,-1.2015120567113664,54.0985
HK.01772,赣锋锂业,2023-06-20 00:00:00,53.4985,51.6485,53.4985,51.2985,4.741,0.00726,2929000.0,159183965.0,-3.367727812754341,53.4485
HK.01772,赣锋锂业,2023-06-21 00:00:00,50.6985,50.3985,52.0985,49.8985,4.631,0.00725,2926846.0,155259348.0,-2.4202058143024483,51.6485
HK.01772,赣锋锂业,2023-06-23 00:00:00,50.6985,49.7985,50.6985,48.9985,4.578,0.00318,1284089.0,66659502.0,-1.190511622369716,50.3985
HK.01772,赣锋锂业,2023-06-26 00:00:00,49.8485,49.4485,50.9485,48.7485,4.547,0.00436,1759620.0,91126568.0,-0.7028324146309514,49.7985
HK.01772,赣锋锂业,2023-06-27 00:00:00,49.6985,49.7985,50.0985,48.9485,4.578,0.00247,998576.0,51865725.0,0.7078071124503156,49.4485
HK.01772,赣锋锂业,2023-06-28 00:00:00,49.6985,48.1985,49.6985,47.3985,4.437,0.01013,4086732.0,205765488.0,-3.212948181170104,49.7985
HK.01772,赣锋锂业,2023-06-29 00:00:00,48.1985,47.3985,48.2985,46.7985,4.367,0.00706,2849059.0,141469245.0,-1.6598026909551213,48.1985
HK.01772,赣锋锂业,2023-06-30 00:00:00,47.3985,48.7985,49.4985,47.0985,4.49,0.00748,3017458.0,154357219.0,2.9536799687753805,47.3985
HK.01772,赣锋锂业,2023-07-03 00:00:00,48.98669,50.48669,50.88669,48.98669,4.543,0.00594,2397562.0,123691611.0,3.4595120751662574,48.7985
HK.01772,赣锋锂业,2023-07-04 00:00:00,50.33669,50.73669,50.93669,50.18669,4.565,0.0022,888179.0,45994519.0,0.49518001675293033,50.48669
HK.01772,赣锋锂业,2023-07-05 00:00:00,50.73669,50.83669,51.48669,50.33669,4.574,0.00337,1361920.0,71032634.0,0.19709602656380285,50.73669
HK.01772,赣锋锂业,2023-07-06 00:00:00,51.23669,49.58669,51.23669,48.83669,4.464,0.00381,1537441.0,77859335.0,-2.45885402845858,50.83669
HK.01772,赣锋锂业,2023-07-07 00:00:00,49.13669,49.28669,49.78669,48.63669,4.437,0.00305,1231099.0,62083252.0,-0.605001059760184,49.58669
HK.01772,赣锋锂业,2023-07-10 00:00:00,50.13669,49.83669,51.58669,49.53669,4.486,0.00519,2092626.0,107939982.0,1.1159199370052992,49.28669
HK.01772,赣锋锂业,2023-07-11 00:00:00,49.83669,50.28669,50.63669,49.53669,4.525,0.00218,878810.0,45068463.0,0.9029492127185871,49.83669
HK.01772,赣锋锂业,2023-07-12 00:00:00,50.48669,50.68669,51.28669,50.23669,4.561,0.00311,1257050.0,65440439.0,0.7954391112240605,50.28669
HK.01772,赣锋锂业,2023-07-13 00:00:00,51.33669,50.88669,51.53669,50.43669,4.578,0.0049,1978325.0,102956013.0,0.3945809047700744,50.68669
HK.01772,赣锋锂业,2023-07-14 00:00:00,51.08669,51.83669,52.03669,50.63669,4.662,0.005,2019592.0,106042302.0,1.8668928947824976,50.88669
HK.01772,赣锋锂业,2023-07-18 00:00:00,51.18669,50.78669,51.18669,49.53669,4.569,0.00498,2008084.0,103487911.0,-2.025592297656346,51.83669
HK.01772,赣锋锂业,2023-07-19 00:00:00,51.18669,50.03669,51.18669,49.58669,4.503,0.00319,1285862.0,65987529.0,-1.4767648767816923,50.78669
HK.01772,赣锋锂业,2023-07-20 00:00:00,50.58669,50.48669,51.18669,49.88669,4.543,0.00407,1641793.0,85067520.0,0.899340064260851,50.03669
HK.01772,赣锋锂业,2023-07-21 00:00:00,50.28669,48.28669,50.28669,48.18669,4.35,0.01184,4779764.0,238399652.0,-4.357584147425793,50.48669
HK.01772,赣锋锂业,2023-07-24 00:00:00,48.28669,45.73669,48.28669,44.53669,4.126,0.01546,6237281.0,291940499.0,-5.280958375900268,48.28669
HK.01772,赣锋锂业,2023-07-25 00:00:00,47.63669,47.43669,48.13669,46.63669,4.275,0.00709,2862747.0,139023886.0,3.716928356643202,45.73669
HK.01772,赣锋锂业,2023-07-26 00:00:00,47.58669,48.03669,48.68669,47.48669,4.328,0.00478,1929117.0,95175181.0,1.2648437317190584,47.43669
HK.01772,赣锋锂业,2023-07-27 00:00:00,48.53669,48.08669,48.63669,47.78669,4.332,0.00454,1832863.0,90699161.0,0.10408710508571085,48.03669
HK.01772,赣锋锂业,2023-07-28 00:00:00,48.08669,49.03669,49.33669,47.38669,4.416,0.00511,2063466.0,103066969.0,1.9755986531824148,48.08669
HK.01772,赣锋锂业,2023-07-31 00:00:00,49.78669,48.68669,50.48669,48.53669,4.385,0.00888,3583459.0,180955027.0,-0.713751274810762,49.03669
HK.01772,赣锋锂业,2023-08-01 00:00:00,49.23669,48.73669,49.78669,48.58669,4.389,0.00362,1459682.0,73220953.0,0.10269747234820084,48.68669
HK.01772,赣锋锂业,2023-08-02 00:00:00,49.23669,47.98669,49.23669,47.28669,4.323,0.00573,2311774.0,113345558.0,-1.5388816926221291,48.73669
HK.01772,赣锋锂业,2023-08-03 00:00:00,46.88669,47.58669,47.98669,46.88669,4.288,0.00525,2117435.0,103063473.0,-0.8335644738155635,47.98669
HK.01772,赣锋锂业,2023-08-04 00:00:00,47.58669,47.18669,48.58669,47.13669,4.253,0.00479,1934733.0,94502685.0,-0.8405711765201542,47.58669
HK.01772,赣锋锂业,2023-08-07 00:00:00,46.98669,47.18669,47.43669,46.28669,4.253,0.00333,1345588.0,64953524.0,0.0,47.18669
HK.01772,赣锋锂业,2023-08-08 00:00:00,47.38669,46.13669,47.38669,45.78669,4.161,0.00661,2668746.0,126428267.0,-2.225203759789036,47.18669
HK.01772,赣锋锂业,2023-08-09 00:00:00,46.13669,45.88669,46.18669,45.28669,4.139,0.0039,1572703.0,73675967.0,-0.5418680880661356,46.13669
HK.01772,赣锋锂业,2023-08-10 00:00:00,45.68669,45.68669,46.18669,45.23669,4.121,0.00399,1608620.0,75343357.0,-0.4358562363073101,45.88669
HK.01772,赣锋锂业,2023-08-11 00:00:00,45.68669,44.78669,45.68669,44.43669,4.042,0.00444,1792795.0,82497158.0,-1.9699391660897267,45.68669
HK.01772,赣锋锂业,2023-08-14 00:00:00,44.73669,43.73669,44.73669,42.78669,3.95,0.00632,2550754.0,113340624.0,-2.3444465308778057,44.78669
HK.01772,赣锋锂业,2023-08-15 00:00:00,43.18669,42.68669,43.63669,42.33669,3.857,0.00576,2323526.0,102339069.0,-2.4007303707710945,43.73669
HK.01772,赣锋锂业,2023-08-16 00:00:00,42.58669,41.43669,42.68669,40.88669,3.748,0.00924,3728487.0,158806919.0,-2.9283132517419364,42.68669
HK.01772,赣锋锂业,2023-08-17 00:00:00,39.18669,41.18669,41.28669,39.18669,3.726,0.00915,3691390.0,153027136.0,-0.6033300439779336,41.43669
HK.01772,赣锋锂业,2023-08-18 00:00:00,41.08669,39.83669,41.08669,39.58669,3.607,0.0039,1572140.0,64930644.0,-3.2777579358768607,41.18669
HK.01772,赣锋锂业,2023-08-21 00:00:00,39.48669,38.78669,39.78669,38.53669,3.515,0.00745,3004990.0,120494586.0,-2.635761153850878,39.83669
HK.01772,赣锋锂业,2023-08-22 00:00:00,38.78669,39.28669,39.58669,38.68669,3.559,0.0064,2584481.0,104351834.0,1.2891020089623528,38.78669
HK.01772,赣锋锂业,2023-08-23 00:00:00,39.28669,38.28669,39.28669,37.73669,3.471,0.00837,3375921.0,133373287.0,-2.5453913271899467,39.28669
HK.01772,赣锋锂业,2023-08-24 00:00:00,38.28669,37.93669,38.83669,37.88669,3.44,0.0103,4155759.0,164292791.0,-0.9141558071486499,38.28669
HK.01772,赣锋锂业,2023-08-25 00:00:00,37.73669,37.78669,38.28669,37.48669,3.427,0.00615,2482989.0,96885984.0,-0.39539559197177876,37.93669
HK.01772,赣锋锂业,2023-08-28 00:00:00,38.98669,37.78669,39.48669,37.48669,3.427,0.00678,2736600.0,108145950.0,0.0,37.78669
HK.01772,赣锋锂业,2023-08-29 00:00:00,37.78669,38.93669,39.08669,37.53669,3.528,0.01075,4337474.0,173118221.0,3.043399673271193,37.78669
HK.01772,赣锋锂业,2023-08-30 00:00:00,39.23669,38.93669,40.03669,38.43669,3.528,0.00974,3930960.0,159217420.0,0.0,38.93669
HK.01772,赣锋锂业,2023-08-31 00:00:00,38.88669,36.28669,38.88669,35.58669,3.295,0.02951,11908362.0,452785451.0,-6.805920071788328,38.93669
HK.01772,赣锋锂业,2023-09-04 00:00:00,35.98669,38.18669,38.58669,35.88669,3.462,0.01251,5050347.0,196169493.0,5.236079675495335,36.28669
HK.01772,赣锋锂业,2023-09-05 00:00:00,37.98669,38.03669,38.43669,37.38669,3.449,0.00525,2120598.0,83105734.0,-0.3928070225515712,38.18669
HK.01772,赣锋锂业,2023-09-06 00:00:00,37.73669,37.53669,37.78669,36.78669,3.405,0.00582,2349400.0,90242794.0,-1.3145202697711078,38.03669
HK.01772,赣锋锂业,2023-09-07 00:00:00,37.58669,36.28669,37.58669,36.08669,3.295,0.00486,1959457.0,73628901.0,-3.3300751877696197,37.53669
HK.01772,赣锋锂业,2023-09-11 00:00:00,36.18669,36.18669,36.23669,34.58669,3.286,0.00983,3967348.0,145527397.0,-0.27558314081554813,36.28669
HK.01772,赣锋锂业,2023-09-12 00:00:00,36.18669,36.83669,37.83669,35.78669,3.343,0.00719,2900515.0,110542435.0,1.7962405514292648,36.18669
HK.01772,赣锋锂业,2023-09-13 00:00:00,36.83669,36.08669,36.83669,35.83669,3.277,0.0061,2461216.0,92179143.0,-2.036013550620319,36.83669
HK.01772,赣锋锂业,2023-09-14 00:00:00,36.63669,35.08669,36.63669,34.88669,3.19,0.00759,3064174.0,111734278.0,-2.7711048034607777,36.08669
HK.01772,赣锋锂业,2023-09-15 00:00:00,35.08669,34.63669,35.13669,34.03669,3.15,0.01185,4781426.0,171202535.0,-1.2825376232411656,35.08669
HK.01772,赣锋锂业,2023-09-18 00:00:00,34.58669,34.58669,35.83669,33.83669,3.146,0.00808,3261448.0,117852760.0,-0.1443555951795748,34.63669
HK.01772,赣锋锂业,2023-09-19 00:00:00,34.78669,34.28669,35.13669,33.98669,3.119,0.00486,1963000.0,69714984.0,-0.8673856908539012,34.58669
HK.01772,赣锋锂业,2023-09-20 00:00:00,33.98669,33.98669,34.38669,33.78669,3.093,0.00579,2334730.0,82534532.0,-0.874975099666947,34.28669
HK.01772,赣锋锂业,2023-09-21 00:00:00,33.83669,33.086689999,33.83669,32.336689999,3.014,0.01272,5135011.0,174953809.0,-2.6480954779650565,33.98669
HK.01772,赣锋锂业,2023-09-22 00:00:00,32.73669,33.23669,33.53669,32.43669,3.027,0.00918,3702869.0,127133992.0,0.4533545090322899,33.086689999
HK.01772,赣锋锂业,2023-09-25 00:00:00,33.28669,31.73669,33.38669,31.63669,2.895,0.00807,3255327.0,108271758.0,-4.513084786722154,33.23669
HK.01772,赣锋锂业,2023-09-26 00:00:00,31.78669,30.836689999,32.03669,30.58669,2.816,0.00963,3887904.0,125056292.0,-2.8358344899861914,31.73669
HK.01772,赣锋锂业,2023-09-27 00:00:00,30.78669,30.38669,31.48669,30.28669,2.777,0.01205,4862866.0,155062013.0,-1.459300589702047,30.836689999
HK.01772,赣锋锂业,2023-09-28 00:00:00,30.43669,30.33669,31.586689999,30.28669,2.772,0.00794,3206060.0,102326582.0,-0.16454572709301576,30.38669
HK.01772,赣锋锂业,2023-09-29 00:00:00,30.43669,30.93669,31.28669,30.38669,2.825,0.00491,1981572.0,63585812.0,1.977803115633241,30.33669
HK.01772,赣锋锂业,2023-10-03 00:00:00,29.78669,28.48669,30.63669,28.28669,2.61,0.00817,3297111.0,98296768.0,-7.919399263463542,30.93669
HK.01772,赣锋锂业,2023-10-04 00:00:00,28.48669,27.38669,28.48669,26.88669,2.513,0.00623,2515758.0,71814960.0,-3.86145248886409,28.48669
HK.01772,赣锋锂业,2023-10-05 00:00:00,27.78669,27.83669,28.28669,26.88669,2.552,0.00463,1869143.0,54168999.0,1.6431339457232665,27.38669
HK.01772,赣锋锂业,2023-10-06 00:00:00,27.98669,27.93669,28.43669,27.38669,2.561,0.00795,3209331.0,93657735.0,0.3592381134394853,27.83669
HK.01772,赣锋锂业,2023-10-09 00:00:00,27.88669,27.93669,28.63669,27.28669,2.561,0.00755,3046310.0,89023804.0,0.0,27.93669
HK.01772,赣锋锂业,2023-10-10 00:00:00,28.38669,29.38669,30.18669,28.33669,2.689,0.01272,5132532.0,157651447.0,5.190307083623733,27.93669
HK.01772,赣锋锂业,2023-10-11 00:00:00,29.78669,29.58669,30.13669,29.18669,2.706,0.01062,4285237.0,131752628.0,0.6805802218623441,29.38669
HK.01772,赣锋锂业,2023-10-12 00:00:00,29.53669,32.78669,33.28669,29.53669,2.987,0.03354,13535019.0,449767685.0,10.815674210261436,29.58669
HK.01772,赣锋锂业,2023-10-13 00:00:00,32.78669,31.88669,32.78669,31.43669,2.908,0.01155,4662408.0,155322052.0,-2.7450163465723394,32.78669
HK.01772,赣锋锂业,2023-10-16 00:00:00,31.98669,29.43669,32.03669,29.23669,2.693,0.01655,6677144.0,208498799.0,-7.683456639745306,31.88669
HK.01772,赣锋锂业,2023-10-17 00:00:00,30.03669,30.98669,31.78669,29.73669,2.829,0.0134,5407858.0,173422123.0,5.2655376674483465,29.43669
HK.01772,赣锋锂业,2023-10-18 00:00:00,30.98669,29.58669,30.98669,29.43669,2.706,0.00893,3605242.0,112222600.0,-4.518068886996315,30.98669
HK.01772,赣锋锂业,2023-10-19 00:00:00,29.18669,28.73669,29.43669,28.38669,2.632,0.00863,3480918.0,104259778.0,-2.872913462100699,29.58669
HK.01772,赣锋锂业,2023-10-20 00:00:00,28.73669,29.93669,31.086689999,28.23669,2.737,0.01454,5867228.0,184227550.0,4.175846278746785,28.73669
HK.01772,赣锋锂业,2023-10-24 00:00:00,29.73669,30.13669,31.03669,29.18669,2.755,0.01657,6685408.0,210152164.0,0.6680765308389233,29.93669
HK.01772,赣锋锂业,2023-10-25 00:00:00,30.88669,29.88669,31.086689999,29.63669,2.733,0.01247,5033540.0,158798156.0,-0.8295536105657256,30.13669
HK.01772,赣锋锂业,2023-10-26 00:00:00,29.28669,29.08669,29.73669,28.48669,2.662,0.00817,3296975.0,99643587.0,-2.6767768528398452,29.88669
HK.01772,赣锋锂业,2023-10-27 00:00:00,29.23669,30.43669,30.98669,28.63669,2.781,0.01099,4437257.0,140042366.0,4.641298133269883,29.08669
HK.01772,赣锋锂业,2023-10-30 00:00:00,30.03669,30.73669,30.98669,30.03669,2.807,0.00688,2776160.0,88696741.0,0.9856525134631944,30.43669
HK.01772,赣锋锂业,2023-10-31 00:00:00,28.73669,26.83669,28.73669,26.38669,2.465,0.03958,15972117.0,452919544.0,-12.688418954675987,30.73669
HK.01772,赣锋锂业,2023-11-01 00:00:00,26.78669,26.33669,26.78669,26.08669,2.421,0.00972,3922384.0,108339886.0,-1.8631209735626861,26.83669
HK.01772,赣锋锂业,2023-11-02 00:00:00,26.33669,26.18669,26.83669,26.08669,2.407,0.00771,3111976.0,85867313.0,-0.5695476538623575,26.33669
HK.01772,赣锋锂业,2023-11-03 00:00:00,26.48669,27.38669,27.58669,26.23669,2.513,0.01101,4441776.0,125959379.0,4.5824806418833495,26.18669
HK.01772,赣锋锂业,2023-11-06 00:00:00,27.68669,28.63669,29.08669,27.68669,2.623,0.01148,4633622.0,137644717.0,4.5642609603424145,27.38669
HK.01772,赣锋锂业,2023-11-07 00:00:00,28.58669,27.88669,28.58669,27.68669,2.557,0.00625,2522618.0,73495394.0,-2.6190177705593767,28.63669
HK.01772,赣锋锂业,2023-11-08 00:00:00,27.58669,27.53669,28.13669,27.03669,2.526,0.011,4439513.0,127310433.0,-1.2550790359128365,27.88669
HK.01772,赣锋锂业,2023-11-09 00:00:00,27.53669,27.73669,27.98669,27.33669,2.544,0.00704,2841418.0,82150609.0,0.7263037060736033,27.53669
HK.01772,赣锋锂业,2023-11-10 00:00:00,27.58669,26.73669,27.83669,26.63669,2.456,0.00934,3768200.0,107151469.0,-3.6053328641593505,27.73669
HK.01772,赣锋锂业,2023-11-13 00:00:00,26.68669,26.73669,26.88669,26.28669,2.456,0.00621,2504299.0,69430598.0,0.0,26.73669
HK.01772,赣锋锂业,2023-11-14 00:00:00,26.53669,25.73669,26.88669,25.68669,2.368,0.00985,3977184.0,108752750.0,-3.740178758103565,26.73669
HK.01772,赣锋锂业,2023-11-15 00:00:00,27.28669,27.53669,27.78669,26.53669,2.526,0.01729,6976850.0,199090436.0,6.993906364804491,25.73669
HK.01772,赣锋锂业,2023-11-16 00:00:00,27.58669,27.88669,28.48669,27.23669,2.557,0.01054,4254211.0,123462479.0,1.2710314856288154,27.53669
HK.01772,赣锋锂业,2023-11-17 00:00:00,27.38669,26.68669,27.88669,26.63669,2.451,0.00885,3569876.0,100597517.0,-4.303128123129718,27.88669
HK.01772,赣锋锂业,2023-11-20 00:00:00,26.98669,27.03669,27.28669,26.53669,2.482,0.00495,1997512.0,56141698.0,1.3115152160121821,26.68669
HK.01772,赣锋锂业,2023-11-21 00:00:00,27.53669,26.53669,27.73669,26.43669,2.438,0.01047,4225544.0,119099842.0,-1.849338805896728,27.03669
HK.01772,赣锋锂业,2023-11-22 00:00:00,26.53669,25.63669,26.53669,25.48669,2.359,0.01119,4517800.0,121959546.0,-3.391530744791451,26.53669
HK.01772,赣锋锂业,2023-11-23 00:00:00,25.63669,26.08669,26.08669,25.38669,2.399,0.0079,3188060.0,85955550.0,1.7552968031364395,25.63669
HK.01772,赣锋锂业,2023-11-24 00:00:00,26.08669,25.23669,26.08669,25.08669,2.324,0.00977,3943045.0,105055678.0,-3.258366622979003,26.08669
HK.01772,赣锋锂业,2023-11-27 00:00:00,25.23669,24.78669,25.28669,24.08669,2.284,0.00991,3997788.0,102794736.0,-1.783118150597401,25.23669
HK.01772,赣锋锂业,2023-11-28 00:00:00,24.38669,24.68669,24.93669,24.23669,2.276,0.00886,3574624.0,92513685.0,-0.40344233134799934,24.78669
HK.01772,赣锋锂业,2023-11-29 00:00:00,24.78669,23.93669,25.18669,23.63669,2.21,0.00902,3642035.0,92154573.0,-3.0380743631487253,24.68669
HK.01772,赣锋锂业,2023-11-30 00:00:00,23.93669,23.78669,24.03669,23.08669,2.197,0.02316,9348525.0,232955914.0,-0.6266530585473538,23.93669
HK.01772,赣锋锂业,2023-12-01 00:00:00,23.73669,22.78669,23.73669,22.33669,2.109,0.01475,5950774.0,143134755.0,-4.204031750529393,23.78669
HK.01772,赣锋锂业,2023-12-04 00:00:00,23.08669,22.48669,23.18669,22.38669,2.082,0.01363,5498862.0,131930098.0,-1.316558043313885,22.78669
HK.01772,赣锋锂业,2023-12-05 00:00:00,22.43669,23.03669,23.63669,22.13669,2.131,0.01846,7450074.0,180370025.0,2.445891325046064,22.48669
HK.01772,赣锋锂业,2023-12-06 00:00:00,22.93669,24.73669,25.63669,22.73669,2.28,0.02851,11505435.0,298172051.0,7.379532389418789,23.03669
HK.01772,赣锋锂业,2023-12-07 00:00:00,24.73669,25.38669,25.93669,23.88669,2.337,0.01678,6771967.0,178564476.0,2.627675731878445,24.73669
HK.01772,赣锋锂业,2023-12-08 00:00:00,26.08669,25.58669,26.23669,25.23669,2.355,0.013,5247142.0,141116236.0,0.7878144019562978,25.38669
HK.01772,赣锋锂业,2023-12-11 00:00:00,25.58669,25.38669,25.58669,24.43669,2.337,0.01153,4652224.0,122079167.0,-0.7816564002612267,25.58669
HK.01772,赣锋锂业,2023-12-12 00:00:00,25.33669,24.38669,25.48669,24.18669,2.249,0.01295,5227748.0,135285702.0,-3.939072009781503,25.38669
HK.01772,赣锋锂业,2023-12-13 00:00:00,24.43669,24.18669,24.48669,23.18669,2.232,0.0098,3954602.0,99091762.0,-0.8201194996123,24.38669
HK.01772,赣锋锂业,2023-12-14 00:00:00,24.78669,24.93669,25.38669,24.48669,2.298,0.01339,5405470.0,140971227.0,3.1008790371894626,24.18669
HK.01772,赣锋锂业,2023-12-15 00:00:00,25.53669,26.58669,26.93669,25.38669,2.443,0.02263,9133786.0,252719955.0,6.616756273587241,24.93669
HK.01772,赣锋锂业,2023-12-18 00:00:00,26.13669,25.78669,26.98669,25.48669,2.372,0.00704,2842752.0,77267843.0,-3.009024440424892,26.58669
HK.01772,赣锋锂业,2023-12-19 00:00:00,25.78669,25.83669,26.43669,25.48669,2.377,0.00903,3645760.0,98805596.0,0.19389848018493538,25.78669
HK.01772,赣锋锂业,2023-12-20 00:00:00,26.33669,25.83669,26.33669,25.63669,2.377,0.00479,1934950.0,52446522.0,0.0,25.83669
HK.01772,赣锋锂业,2023-12-21 00:00:00,25.68669,25.83669,26.28669,24.98669,2.377,0.00892,3600846.0,96837143.0,0.0,25.83669
HK.01772,赣锋锂业,2023-12-22 00:00:00,25.88669,25.68669,26.68669,25.03669,2.364,0.01306,5271567.0,142620852.0,-0.5805697246822333,25.83669
HK.01772,赣锋锂业,2023-12-27 00:00:00,25.68669,26.28669,26.58669,25.08669,2.416,0.01,4036820.0,109809575.0,2.335840079044834,25.68669
HK.01772,赣锋锂业,2023-12-28 00:00:00,26.08669,28.28669,28.63669,25.98669,2.592,0.01416,5712677.0,166894930.0,7.6084132311827775,26.28669
HK.01772,赣锋锂业,2023-12-29 00:00:00,28.28669,28.28669,28.98669,28.03669,2.592,0.0074,2985190.0,88321572.0,0.0,28.28669
HK.01772,赣锋锂业,2024-01-02 00:00:00,28.43669,27.73669,28.48669,27.28669,2.544,0.00573,2313719.0,66878510.0,-1.9443773732451577,28.28669
HK.01772,赣锋锂业,2024-01-03 00:00:00,27.73669,27.38669,27.83669,26.98669,2.513,0.00764,3084127.0,88293424.0,-1.261866502455765,27.73669
HK.01772,赣锋锂业,2024-01-04 00:00:00,27.58669,26.88669,27.58669,26.33669,2.469,0.00945,3815260.0,106586489.0,-1.8257043841369658,27.38669
HK.01772,赣锋锂业,2024-01-05 00:00:00,26.88669,27.18669,28.58669,26.73669,2.495,0.01271,5131232.0,148153074.0,1.1157937254455537,26.88669
HK.01772,赣锋锂业,2024-01-08 00:00:00,27.18669,27.43669,28.43669,27.08669,2.517,0.01117,4506471.0,129767188.0,0.9195676266584861,27.18669
HK.01772,赣锋锂业,2024-01-09 00:00:00,27.43669,27.18669,27.63669,26.28669,2.495,0.011,4440735.0,125725470.0,-0.9111886309901085,27.43669
HK.01772,赣锋锂业,2024-01-10 00:00:00,27.38669,26.48669,27.58669,26.38669,2.434,0.01094,4413216.0,123449636.0,-2.574789354643759,27.18669
HK.01772,赣锋锂业,2024-01-11 00:00:00,26.48669,27.43669,28.08669,25.83669,2.517,0.026,10493684.0,298195947.0,3.5867071347910944,26.48669
HK.01772,赣锋锂业,2024-01-12 00:00:00,27.43669,27.48669,28.28669,27.23669,2.522,0.01228,4955573.0,143290240.0,0.1822377261980243,27.43669
HK.01772,赣锋锂业,2024-01-15 00:00:00,27.48669,26.38669,27.48669,26.08669,2.425,0.01217,4910938.0,136199172.0,-4.001936937477732,27.48669
HK.01772,赣锋锂业,2024-01-16 00:00:00,26.33669,25.88669,26.93669,25.68669,2.381,0.00908,3663490.0,100128227.0,-1.8948947367024813,26.38669
HK.01772,赣锋锂业,2024-01-17 00:00:00,25.88669,23.93669,25.93669,23.63669,2.21,0.01731,6986383.0,178033208.0,-7.532828646690645,25.88669
HK.01772,赣锋锂业,2024-01-18 00:00:00,23.88669,24.13669,24.38669,23.28669,2.227,0.01435,5791882.0,145305625.0,0.8355374113964916,23.93669
HK.01772,赣锋锂业,2024-01-19 00:00:00,24.13669,23.13669,25.08669,22.98669,2.139,0.01136,4585891.0,113879217.0,-4.14307015584987,24.13669
HK.01772,赣锋锂业,2024-01-22 00:00:00,23.13669,21.88669,23.13669,21.38669,2.03,0.01893,7639189.0,176864457.0,-5.402674280547477,23.13669
HK.01772,赣锋锂业,2024-01-23 00:00:00,21.83669,22.13669,22.53669,21.18669,2.052,0.01009,4071056.0,94701593.0,1.1422467262066578,21.88669
HK.01772,赣锋锂业,2024-01-24 00:00:00,22.58669,22.93669,23.08669,21.68669,2.122,0.00945,3813450.0,89961241.0,3.6139097579628987,22.13669
HK.01772,赣锋锂业,2024-01-25 00:00:00,23.03669,23.38669,23.38669,22.03669,2.161,0.01389,5606387.0,134814640.0,1.9619221430816864,22.93669
HK.01772,赣锋锂业,2024-01-26 00:00:00,23.33669,22.73669,23.58669,22.63669,2.104,0.00766,3092625.0,75026139.0,-2.7793586865007494,23.38669
HK.01772,赣锋锂业,2024-01-29 00:00:00,22.98669,21.98669,23.23669,21.73669,2.038,0.0083,3351604.0,78365537.0,-3.2986331783562166,22.73669
HK.01772,赣锋锂业,2024-01-30 00:00:00,21.98669,20.78669,21.98669,20.68669,1.933,0.0089,3591124.0,80477113.0,-5.457847452254065,21.98669
HK.01772,赣锋锂业,2024-01-31 00:00:00,20.68669,19.68669,20.68669,19.33669,1.836,0.01922,7756824.0,162441162.0,-5.291847812229852,20.78669
HK.01772,赣锋锂业,2024-02-01 00:00:00,19.58669,20.13669,20.53669,19.13669,1.876,0.01083,4370987.0,92845248.0,2.285808330399894,19.68669
HK.01772,赣锋锂业,2024-02-02 00:00:00,20.13669,19.43669,20.78669,18.98669,1.814,0.00989,3991462.0,83695373.0,-3.476241626602996,20.13669
HK.01772,赣锋锂业,2024-02-05 00:00:00,19.33669,18.48669,19.33669,18.00669,1.731,0.01534,6189243.0,122240591.0,-4.887663485912464,19.43669
HK.01772,赣锋锂业,2024-02-06 00:00:00,18.48669,19.48669,19.98669,18.32669,1.819,0.01347,5436202.0,111658713.0,5.409297175427294,18.48669
HK.01772,赣锋锂业,2024-02-07 00:00:00,19.78669,19.58669,20.68669,19.33669,1.827,0.018,7265259.0,153147873.0,0.5131707847766933,19.48669
HK.01772,赣锋锂业,2024-02-08 00:00:00,19.58669,19.93669,20.28669,19.58669,1.858,0.0075,3025036.0,63882144.0,1.7869277555319345,19.58669
HK.01772,赣锋锂业,2024-02-09 00:00:00,19.93669,20.13669,20.28669,19.13669,1.876,0.00459,1853533.0,38912702.0,1.0031755522105368,19.93669
HK.01772,赣锋锂业,2024-02-14 00:00:00,19.78669,18.40669,20.03669,17.40669,1.724,0.01102,4445401.0,86047376.0,-8.591282877175942,20.13669
HK.01772,赣锋锂业,2024-02-15 00:00:00,18.48669,18.88669,18.98669,17.76669,1.766,0.00554,2237646.0,43987656.0,2.6077475091936706,18.40669
HK.01772,赣锋锂业,2024-02-16 00:00:00,18.88669,20.13669,20.33669,18.88669,1.876,0.00529,2135224.0,45206515.0,6.618417520486649,18.88669
HK.01772,赣锋锂业,2024-02-19 00:00:00,20.18669,20.03669,20.93669,19.93669,1.867,0.00829,3346590.0,72138789.0,-0.4966059466575759,20.13669
HK.01772,赣锋锂业,2024-02-20 00:00:00,19.98669,20.43669,20.43669,19.63669,1.902,0.00415,1676726.0,35730503.0,1.9963377184554862,20.03669
HK.01772,赣锋锂业,2024-02-21 00:00:00,20.13669,21.33669,21.93669,19.98669,1.981,0.01437,5798827.0,130614518.0,4.403844262451513,20.43669
HK.01772,赣锋锂业,2024-02-22 00:00:00,21.33669,21.23669,21.38669,20.48669,1.972,0.00816,3291384.0,73163437.0,-0.46867625672023827,21.33669
HK.01772,赣锋锂业,2024-02-23 00:00:00,21.23669,21.88669,22.08669,21.08669,2.03,0.00995,4014921.0,91387438.0,3.0607406333096265,21.23669
HK.01772,赣锋锂业,2024-02-26 00:00:00,21.68669,21.73669,22.43669,21.53669,2.016,0.0078,3148886.0,72988761.0,-0.6853480357240045,21.88669
HK.01772,赣锋锂业,2024-02-27 00:00:00,21.68669,22.78669,23.03669,21.48669,2.109,0.00808,3260375.0,76872017.0,4.830542276675983,21.73669
HK.01772,赣锋锂业,2024-02-28 00:00:00,23.13669,22.58669,24.03669,22.43669,2.091,0.01929,7786484.0,190675708.0,-0.8777053622092514,22.78669
HK.01772,赣锋锂业,2024-02-29 00:00:00,22.83669,24.78669,25.18669,22.43669,2.284,0.02789,11255343.0,286604679.0,9.740249678018333,22.58669
HK.01772,赣锋锂业,2024-03-01 00:00:00,24.63669,25.58669,25.63669,24.43669,2.355,0.02331,9406220.0,248603673.0,3.2275386507839516,24.78669
HK.01772,赣锋锂业,2024-03-04 00:00:00,26.08669,24.88669,26.73669,24.68669,2.293,0.01654,6677021.0,176560924.0,-2.7357974009143007,25.58669
HK.01772,赣锋锂业,2024-03-05 00:00:00,24.88669,23.33669,24.88669,23.23669,2.157,0.01806,7286989.0,182355424.0,-6.228228824323366,24.88669
HK.01772,赣锋锂业,2024-03-06 00:00:00,23.13669,23.73669,24.18669,22.68669,2.192,0.01138,4593213.0,113165205.0,1.7140391375126403,23.33669
HK.01772,赣锋锂业,2024-03-07 00:00:00,23.98669,23.28669,24.33669,22.93669,2.153,0.00763,3079128.0,76340751.0,-1.8957992879377845,23.73669
HK.01772,赣锋锂业,2024-03-08 00:00:00,23.63669,23.93669,24.03669,23.33669,2.21,0.00642,2591888.0,64805245.0,2.7912940825853676,23.28669
HK.01772,赣锋锂业,2024-03-11 00:00:00,23.88669,26.28669,26.38669,23.88669,2.416,0.01791,7229267.0,194053539.0,9.817564583908641,23.93669
HK.01772,赣锋锂业,2024-03-12 00:00:00,27.03669,26.78669,27.18669,25.88669,2.46,0.01527,6163782.0,171451152.0,1.9021033077956944,26.28669
HK.01772,赣锋锂业,2024-03-13 00:00:00,26.83669,26.48669,27.28669,26.28669,2.434,0.01083,4372062.0,121978525.0,-1.1199592036194121,26.78669
HK.01772,赣锋锂业,2024-03-14 00:00:00,26.43669,25.88669,27.73669,25.43669,2.381,0.01337,5394736.0,148548605.0,-2.2652887167101587,26.48669
HK.01772,赣锋锂业,2024-03-15 00:00:00,25.53669,25.43669,25.78669,24.88669,2.342,0.01397,5637079.0,149658873.0,-1.7383450723132343,25.88669
HK.01772,赣锋锂业,2024-03-18 00:00:00,25.43669,25.68669,26.03669,25.28669,2.364,0.00726,2931317.0,78344838.0,0.9828322788853424,25.43669
HK.01772,赣锋锂业,2024-03-19 00:00:00,25.68669,24.83669,25.68669,24.53669,2.289,0.00751,3032657.0,79403602.0,-3.309106778646832,25.68669
HK.01772,赣锋锂业,2024-03-20 00:00:00,24.78669,24.68669,24.98669,24.23669,2.276,0.00529,2134796.0,54959315.0,-0.6039452117009236,24.83669
HK.01772,赣锋锂业,2024-03-21 00:00:00,24.93669,25.08669,25.58669,24.93669,2.311,0.0065,2624492.0,69316799.0,1.6203063270126623,24.68669
HK.01772,赣锋锂业,2024-03-22 00:00:00,24.78669,23.58669,25.23669,23.13669,2.179,0.00919,3709806.0,92045244.0,-5.9792662961913265,25.08669
HK.01772,赣锋锂业,2024-03-25 00:00:00,23.53669,22.63669,23.53669,22.48669,2.095,0.0089,3593376.0,86172227.0,-4.027695280685841,23.58669
HK.01772,赣锋锂业,2024-03-26 00:00:00,22.63669,22.98669,23.38669,22.08669,2.126,0.0083,3349246.0,80264222.0,1.5461624468948325,22.63669
HK.01772,赣锋锂业,2024-03-27 00:00:00,22.98669,22.38669,22.98669,22.03669,2.073,0.0061,2461731.0,57936450.0,-2.610206167134102,22.98669
HK.01772,赣锋锂业,2024-03-28 00:00:00,22.48669,22.73669,23.13669,22.18669,2.104,0.00584,2358888.0,56462817.0,1.5634289839185598,22.38669
HK.01772,赣锋锂业,2024-04-02 00:00:00,24.13669,24.63669,24.93669,23.88669,9.482,0.01544,6231192.0,159497691.0,8.35653738516909,22.73669
HK.01772,赣锋锂业,2024-04-03 00:00:00,24.63669,24.68669,25.33669,24.28669,9.501,0.01184,4779157.0,124369070.0,0.2029493410031833,24.63669
HK.01772,赣锋锂业,2024-04-05 00:00:00,24.88669,22.73669,24.88669,22.08669,8.785,0.0127,5124511.0,123292792.0,-7.8989933441866835,24.68669
HK.01772,赣锋锂业,2024-04-08 00:00:00,23.28669,23.88669,24.63669,23.23669,9.207,0.01005,4055772.0,102003859.0,5.057904206812874,22.73669
HK.01772,赣锋锂业,2024-04-09 00:00:00,23.98669,26.13669,26.28669,23.98669,10.033,0.01859,7501208.0,201620698.0,9.419471680672373,23.88669
HK.01772,赣锋锂业,2024-04-10 00:00:00,26.48669,26.43669,26.73669,25.78669,10.143,0.01308,5279800.0,145383492.0,1.14781175428104,26.13669
HK.01772,赣锋锂业,2024-04-11 00:00:00,25.93669,25.73669,26.28669,25.28669,9.886,0.00964,3891777.0,105221589.0,-2.6478352622813195,26.43669
HK.01772,赣锋锂业,2024-04-12 00:00:00,25.88669,24.18669,25.98669,24.03669,9.317,0.01378,5559925.0,143431640.0,-6.0225304808038675,25.73669
HK.01772,赣锋锂业,2024-04-15 00:00:00,23.58669,23.78669,24.63669,23.33669,9.17,0.0113,4559353.0,113951401.0,-1.6538021531677074,24.18669
HK.01772,赣锋锂业,2024-04-16 00:00:00,23.78669,21.98669,23.78669,21.83669,8.51,0.01542,6223507.0,146346616.0,-7.567257150952909,23.78669
HK.01772,赣锋锂业,2024-04-17 00:00:00,21.93669,22.18669,22.73669,21.88669,8.584,0.00988,3988007.0,93685399.0,0.9096412420423414,21.98669
HK.01772,赣锋锂业,2024-04-18 00:00:00,22.03669,21.83669,22.58669,21.43669,8.455,0.01267,5113876.0,118705489.0,-1.5775223794085458,22.18669
HK.01772,赣锋锂业,2024-04-19 00:00:00,21.88669,20.98669,21.88669,20.63669,8.143,0.00942,3803559.0,84462311.0,-3.8925313314426377,21.83669
HK.01772,赣锋锂业,2024-04-22 00:00:00,21.18669,21.18669,21.73669,20.83669,8.217,0.00643,2596425.0,58557414.0,0.9529849633267529,20.98669
HK.01772,赣锋锂业,2024-04-23 00:00:00,21.18669,21.03669,21.38669,20.93669,8.162,0.00714,2881477.0,64371335.0,-0.7079916683540401,21.18669
HK.01772,赣锋锂业,2024-04-24 00:00:00,20.43669,20.03669,20.48669,19.53669,7.795,0.02649,10691863.0,225678557.0,-4.753599544415019,21.03669
HK.01772,赣锋锂业,2024-04-25 00:00:00,20.23669,20.53669,20.88669,19.93669,7.978,0.01369,5526327.0,120041835.0,2.4954221480693666,20.03669
HK.01772,赣锋锂业,2024-04-26 00:00:00,20.73669,21.23669,21.28669,20.63669,8.235,0.01034,4171502.0,92931563.0,3.4085337023639117,20.53669
HK.01772,赣锋锂业,2024-04-29 00:00:00,21.48669,22.13669,22.53669,21.33669,8.565,0.01547,6244250.0,145704159.0,4.237948569197941,21.23669
HK.01772,赣锋锂业,2024-04-30 00:00:00,22.28669,21.98669,22.68669,21.63669,8.51,0.01026,4140435.0,96110385.0,-0.6776080796180555,22.13669
HK.01772,赣锋锂业,2024-05-02 00:00:00,21.73669,23.53669,23.63669,21.43669,9.079,0.00959,3871109.0,93550030.0,7.049719625828176,21.98669
HK.01772,赣锋锂业,2024-05-03 00:00:00,24.08669,24.58669,25.18669,23.63669,9.464,0.00949,3829513.0,99021306.0,4.461120064036194,23.53669
HK.01772,赣锋锂业,2024-05-06 00:00:00,24.43669,24.23669,24.43669,23.58669,9.336,0.01048,4227755.0,106874143.0,-1.4235344407889041,24.58669
HK.01772,赣锋锂业,2024-05-07 00:00:00,24.38669,24.38669,24.68669,23.93669,9.391,0.00979,3952743.0,100988523.0,0.6188963922053801,24.23669
HK.01772,赣锋锂业,2024-05-08 00:00:00,24.38669,23.73669,24.68669,23.48669,9.152,0.00714,2881059.0,72232568.0,-2.665388373739946,24.38669
HK.01772,赣锋锂业,2024-05-09 00:00:00,23.73669,25.63669,25.73669,23.73669,9.849,0.02139,8631537.0,228243997.0,8.004485882404001,23.73669
HK.01772,赣锋锂业,2024-05-10 00:00:00,25.88669,25.68669,26.43669,24.83669,9.867,0.01289,5200509.0,139004012.0,0.19503297812626028,25.63669
HK.01772,赣锋锂业,2024-05-13 00:00:00,25.58669,24.93669,25.58669,24.38669,9.592,0.00975,3936660.0,102882305.0,-2.9198000988060353,25.68669
HK.01772,赣锋锂业,2024-05-14 00:00:00,25.13669,24.98669,25.38669,24.83669,9.611,0.00956,3857417.0,101423403.0,0.2005077658662826,24.93669
HK.01772,赣锋锂业,2024-05-16 00:00:00,24.78669,24.03669,24.88669,23.53669,9.262,0.01603,6470005.0,162869805.0,-3.8020241976828433,24.98669
HK.01772,赣锋锂业,2024-05-17 00:00:00,24.38669,24.13669,24.73669,23.68669,9.299,0.0148,5972445.0,151630624.0,0.4160306597955102,24.03669
HK.01772,赣锋锂业,2024-05-20 00:00:00,24.38669,25.23669,26.13669,24.23669,9.702,0.01827,7375130.0,196898524.0,4.557377171434848,24.13669
HK.01772,赣锋锂业,2024-05-21 00:00:00,25.23669,24.13669,25.33669,23.88669,9.299,0.00904,3646772.0,93072778.0,-4.358733257015868,25.23669
HK.01772,赣锋锂业,2024-05-22 00:00:00,24.13669,24.48669,24.93669,23.88669,9.427,0.00804,3244616.0,83480286.0,1.4500745545474456,24.13669
HK.01772,赣锋锂业,2024-05-23 00:00:00,24.23669,22.58669,24.38669,22.28669,8.73,0.021,8474456.0,203209854.0,-7.759317408763694,24.48669
HK.01772,赣锋锂业,2024-05-24 00:00:00,22.33669,22.43669,22.73669,22.23669,8.675,0.00591,2387100.0,56512877.0,-0.6641079325921687,22.58669
HK.01772,赣锋锂业,2024-05-27 00:00:00,22.43669,22.78669,22.78669,21.88669,8.804,0.00548,2213350.0,52214910.0,1.5599448938323854,22.43669
HK.01772,赣锋锂业,2024-05-28 00:00:00,22.83669,22.63669,23.48669,22.43669,8.749,0.00701,2830677.0,68174362.0,-0.6582790216569347,22.78669
HK.01772,赣锋锂业,2024-05-29 00:00:00,22.48669,22.63669,23.68669,22.08669,8.749,0.01086,4380866.0,106095672.0,0.0,22.63669
HK.01772,赣锋锂业,2024-05-30 00:00:00,22.83669,21.88669,22.98669,21.58669,8.473,0.01268,5115699.0,119451692.0,-3.3132052433460895,22.63669
HK.01772,赣锋锂业,2024-05-31 00:00:00,22.18669,20.33669,22.23669,20.28669,7.905,0.02293,9254398.0,204657803.0,-7.081929702481283,21.88669
HK.01772,赣锋锂业,2024-06-03 00:00:00,20.58669,20.28669,20.78669,20.08669,7.887,0.01082,4365352.0,94665810.0,-0.245861052118121,20.33669
HK.01772,赣锋锂业,2024-06-04 00:00:00,20.38669,20.48669,20.68669,20.08669,7.96,0.00872,3519377.0,76015888.0,0.9858680740919258,20.28669
HK.01772,赣锋锂业,2024-06-05 00:00:00,20.48669,20.03669,20.68669,19.98669,7.795,0.00993,4007996.0,86130577.0,-2.1965481002543568,20.48669
HK.01772,赣锋锂业,2024-06-06 00:00:00,20.18669,19.88669,20.73669,19.63669,7.74,0.01907,7695043.0,163494529.0,-0.7486266444208028,20.03669
HK.01772,赣锋锂业,2024-06-07 00:00:00,20.03669,19.43669,20.03669,19.13669,7.575,0.01543,6225287.0,128692364.0,-2.262820006748246,19.88669
HK.01772,赣锋锂业,2024-06-11 00:00:00,19.13669,18.83669,19.23669,18.58669,7.355,0.01517,6121324.0,122357857.0,-3.0869453595236527,19.43669
HK.01772,赣锋锂业,2024-06-12 00:00:00,18.88669,18.30669,18.93669,18.22669,7.16,0.01588,6408419.0,125789835.0,-2.8136578135542982,18.83669
HK.01772,赣锋锂业,2024-06-13 00:00:00,18.52669,18.24669,18.64669,18.20669,7.138,0.01131,4565640.0,89245324.0,-0.32774903600814087,18.30669
HK.01772,赣锋锂业,2024-06-14 00:00:00,18.22669,17.84669,18.22669,17.66669,6.991,0.01384,5586592.0,106429800.0,-2.1921784170170158,18.24669
HK.01772,赣锋锂业,2024-06-17 00:00:00,17.82669,17.62669,17.96669,17.54669,6.911,0.00976,3938478.0,74604701.0,-1.2327215859075207,17.84669
HK.01772,赣锋锂业,2024-06-18 00:00:00,17.68669,17.28669,17.74669,17.28669,6.786,0.01542,6222098.0,115802503.0,-1.9288930593321825,17.62669
HK.01772,赣锋锂业,2024-06-19 00:00:00,17.32669,17.52669,17.52669,17.18669,6.874,0.01303,5260097.0,97904492.0,1.3883513847937254,17.28669
HK.01772,赣锋锂业,2024-06-20 00:00:00,17.56669,16.78669,17.56669,16.74669,6.603,0.02138,8628671.0,156619880.0,-4.222132073996851,17.52669
HK.01772,赣锋锂业,2024-06-21 00:00:00,16.58669,15.88669,16.78669,15.846689999,6.272,0.02594,10470577.0,180844863.0,-5.361390482578759,16.78669
HK.01772,赣锋锂业,2024-06-24 00:00:00,15.866689999,15.346689999,15.88669,14.94669,6.074,0.02534,10225321.0,168754995.0,-3.399071807909635,15.88669
HK.01772,赣锋锂业,2024-06-25 00:00:00,15.346689999,15.44669,15.62669,15.186689999,6.111,0.0139,5609779.0,93111064.0,0.6516063138469324,15.346689999
HK.01772,赣锋锂业,2024-06-26 00:00:00,15.44669,16.58669,16.94669,15.006689999,6.529,0.03862,15587675.0,272822535.0,7.380221911619904,15.44669
HK.01772,赣锋锂业,2024-06-27 00:00:00,16.70407,15.66407,16.78407,15.56407,5.869,0.03043,12281601.0,199595751.0,-5.562411789211712,16.58669
HK.01772,赣锋锂业,2024-06-28 00:00:00,15.54407,14.88407,15.64407,14.88407,5.583,0.02655,10713455.0,165844572.0,-4.979548737971683,15.66407
HK.01772,赣锋锂业,2024-07-02 00:00:00,15.06407,14.70407,15.40407,14.58407,5.517,0.02156,8701436.0,133665889.0,-1.2093466370421513,14.88407
HK.01772,赣锋锂业,2024-07-03 00:00:00,14.74407,15.94407,15.96407,14.74407,5.972,0.02482,10016792.0,159349195.0,8.433039287761826,14.70407
HK.01772,赣锋锂业,2024-07-04 00:00:00,15.98407,15.58407,16.32407,15.54407,5.84,0.01779,7179025.0,116765490.0,-2.257892746331391,15.94407
HK.01772,赣锋锂业,2024-07-05 00:00:00,15.58407,15.724069999,15.884069999,15.40407,5.891,0.00953,3844767.0,61548181.0,0.8983532478999307,15.58407
HK.01772,赣锋锂业,2024-07-08 00:00:00,15.78407,15.22407,15.78407,14.88407,5.707,0.0111,4480203.0,69240235.0,-3.1798382927053765,15.724069999
HK.01772,赣锋锂业,2024-07-09 00:00:00,15.22407,15.14407,15.50407,14.76407,5.678,0.00815,3289231.0,50776309.0,-0.5254836584435048,15.22407
HK.01772,赣锋锂业,2024-07-10 00:00:00,14.82407,15.42407,16.52407,14.68407,5.781,0.02363,9537388.0,154950343.0,1.8489085166669275,15.14407
HK.01772,赣锋锂业,2024-07-11 00:00:00,15.66407,16.82407,16.92407,15.66407,6.294,0.02761,11142485.0,188857053.0,9.076722291846435,15.42407
HK.01772,赣锋锂业,2024-07-12 00:00:00,16.94407,17.28407,17.34407,16.724069999,6.463,0.02412,9732590.0,168919087.0,2.7341778772912906,16.82407
HK.01772,赣锋锂业,2024-07-15 00:00:00,17.28407,16.66407,17.56407,16.564069999,6.236,0.01087,4387500.0,75373652.0,-3.5871180804058365,17.28407
HK.01772,赣锋锂业,2024-07-16 00:00:00,16.46407,17.14407,17.16407,16.36407,6.412,0.01053,4249909.0,73443810.0,2.8804487739189795,16.66407
HK.01772,赣锋锂业,2024-07-17 00:00:00,17.34407,17.10407,17.62407,16.94407,6.397,0.01014,4091715.0,72226756.0,-0.233316826167877,17.14407
HK.01772,赣锋锂业,2024-07-18 00:00:00,17.10407,17.26407,17.38407,16.564069999,6.456,0.00636,2566014.0,44517711.0,0.9354498666106964,17.10407
HK.01772,赣锋锂业,2024-07-19 00:00:00,17.34407,17.40407,17.76407,16.62407,6.507,0.01318,5320517.0,93863781.0,0.8109327638268413,17.26407
HK.01772,赣锋锂业,2024-07-22 00:00:00,17.40407,17.72407,18.06407,17.22407,6.625,0.0102,4117323.0,74459357.0,1.838650384651408,17.40407
HK.01772,赣锋锂业,2024-07-23 00:00:00,17.72407,16.86407,17.88407,16.86407,6.309,0.00744,3001174.0,52673208.0,-4.852158674615929,17.72407
HK.01772,赣锋锂业,2024-07-24 00:00:00,16.66407,16.26407,16.94407,16.224069999,6.089,0.0116,4680306.0,78500023.0,-3.5578599946513587,16.86407
HK.01772,赣锋锂业,2024-07-25 00:00:00,16.14407,16.34407,16.82407,15.744069999,6.118,0.01569,6334000.0,106190807.0,0.4918817983444383,16.26407
HK.01772,赣锋锂业,2024-07-26 00:00:00,16.44407,16.48407,17.22407,16.44407,6.17,0.01425,5749588.0,98499854.0,0.8565797870420315,16.34407
HK.01772,赣锋锂业,2024-07-29 00:00:00,16.564069999,15.30407,16.564069999,15.26407,5.737,0.01773,7155219.0,113841121.0,-7.158426286711958,16.48407
HK.01772,赣锋锂业,2024-07-30 00:00:00,15.34407,15.46407,15.54407,14.88407,5.796,0.00968,3908074.0,60628368.0,1.045473524363128,15.30407
HK.01772,赣锋锂业,2024-07-31 00:00:00,15.66407,16.08407,16.12407,15.40407,6.023,0.01112,4486485.0,73151441.0,4.0092938016964546,15.46407
HK.01772,赣锋锂业,2024-08-01 00:00:00,16.12407,15.744069999,16.244069999,15.48407,5.898,0.00937,3780191.0,60627578.0,-2.1138928206604417,16.08407
HK.01772,赣锋锂业,2024-08-02 00:00:00,15.62407,16.08407,16.14407,15.28407,6.023,0.01061,4282563.0,69225527.0,2.1595432503894822,15.744069999
HK.01772,赣锋锂业,2024-08-05 00:00:00,16.044069999,15.724069999,16.724069999,15.44407,5.891,0.01234,4979102.0,80941246.0,-2.2382394568041626,16.08407
HK.01772,赣锋锂业,2024-08-06 00:00:00,15.96407,16.42407,16.50407,15.744069999,6.148,0.01529,6171501.0,102609937.0,4.451773625050759,15.724069999
HK.01772,赣锋锂业,2024-08-07 00:00:00,16.32407,16.90407,16.90407,15.904069999,6.324,0.01057,4265346.0,72326966.0,2.92253990636913,16.42407
HK.01772,赣锋锂业,2024-08-08 00:00:00,16.96407,17.18407,17.44407,16.564069999,6.426,0.00776,3132245.0,54789571.0,1.6564058241594928,16.90407
HK.01772,赣锋锂业,2024-08-09 00:00:00,17.44407,17.42407,17.66407,17.08407,6.515,0.00809,3263586.0,57660278.0,1.3966423553907894,17.18407
HK.01772,赣锋锂业,2024-08-12 00:00:00,17.42407,16.90407,17.48407,16.64407,6.324,0.00689,2780332.0,47840649.0,-2.984377358447249,17.42407
HK.01772,赣锋锂业,2024-08-13 00:00:00,16.78407,17.20407,17.28407,16.32407,6.434,0.01137,4590608.0,79123345.0,1.7747205258851904,16.90407
HK.01772,赣锋锂业,2024-08-14 00:00:00,17.06407,16.404069999,17.58407,16.384069999,6.14,0.01533,6186102.0,105704333.0,-4.650062461963946,17.20407
HK.01772,赣锋锂业,2024-08-15 00:00:00,16.20407,16.34407,16.60407,15.884069999,6.118,0.01869,7542974.0,125448497.0,-0.365762880819576,16.404069999
HK.01772,赣锋锂业,2024-08-16 00:00:00,16.58407,16.62407,16.96407,16.44407,6.221,0.00904,3647840.0,62155250.0,1.713159574084063,16.34407
HK.01772,赣锋锂业,2024-08-19 00:00:00,16.86407,17.40407,17.54407,16.78407,6.507,0.01845,7446981.0,131615393.0,4.691991792623594,16.62407
HK.01772,赣锋锂业,2024-08-20 00:00:00,17.56407,18.14407,18.48407,17.34407,6.779,0.02965,11965234.0,221814244.0,4.251879014506367,17.40407
HK.01772,赣锋锂业,2024-08-21 00:00:00,17.90407,18.76407,19.12407,17.88407,7.006,0.02612,10541124.0,200952826.0,3.417094400539686,18.14407
HK.01772,赣锋锂业,2024-08-22 00:00:00,18.92407,18.30407,19.04407,17.92407,6.837,0.01117,4508082.0,83857974.0,-2.4514937324365174,18.76407
HK.01772,赣锋锂业,2024-08-23 00:00:00,18.28407,17.66407,18.28407,17.16407,6.603,0.01248,5038220.0,89922849.0,-3.4964901248738705,18.30407
HK.01772,赣锋锂业,2024-08-26 00:00:00,17.86407,18.22407,18.46407,17.86407,6.808,0.00938,3785045.0,70060793.0,3.170277291700057,17.66407
HK.01772,赣锋锂业,2024-08-27 00:00:00,18.20407,18.16407,18.30407,17.68407,6.786,0.00792,3197186.0,58883708.0,-0.3292349074603108,18.22407
HK.01772,赣锋锂业,2024-08-28 00:00:00,18.16407,18.32407,18.52407,17.88407,6.845,0.0111,4478874.0,83434231.0,0.8808598513438901,18.16407
HK.01772,赣锋锂业,2024-08-29 00:00:00,17.86407,17.36407,17.86407,17.18407,6.493,0.02716,10959534.0,196046308.0,-5.239010765621378,18.32407
HK.01772,赣锋锂业,2024-08-30 00:00:00,17.34407,16.98407,18.38407,16.98407,6.353,0.12048,48621740.0,851183234.0,-2.1884270220058,17.36407
HK.01772,赣锋锂业,2024-09-02 00:00:00,16.96407,15.96407,17.48407,15.58407,5.979,0.04624,18660611.0,313041657.0,-6.005627626358109,16.98407
HK.01772,赣锋锂业,2024-09-03 00:00:00,15.96407,16.564069999,16.80407,15.76407,6.199,0.01804,7282206.0,122709864.0,3.7584400406663296,15.96407
HK.01772,赣锋锂业,2024-09-04 00:00:00,16.404069999,16.16407,16.62407,16.044069999,6.052,0.01191,4805356.0,79889462.0,-2.414865422714047,16.564069999
HK.01772,赣锋锂业,2024-09-05 00:00:00,16.32407,16.36407,16.80407,16.224069999,6.126,0.00745,3007055.0,50470495.0,1.2373121373515634,16.16407
HK.01772,赣锋锂业,2024-09-09 00:00:00,16.26407,16.00407,16.26407,15.78407,5.994,0.00968,3906700.0,63600742.0,-2.199941701544927,16.36407
HK.01772,赣锋锂业,2024-09-10 00:00:00,16.16407,15.20407,16.18407,15.12407,5.7,0.01671,6741999.0,105560944.0,-4.998728448450919,16.00407
HK.01772,赣锋锂业,2024-09-11 00:00:00,16.34407,16.60407,17.12407,15.76407,6.214,0.04778,19284413.0,326181669.0,9.20806073636862,15.20407
HK.01772,赣锋锂业,2024-09-12 00:00:00,16.92407,15.884069999,17.14407,15.76407,5.95,0.02341,9449598.0,156660600.0,-4.33628622982197,16.60407
HK.01772,赣锋锂业,2024-09-13 00:00:00,16.064069999,15.52407,16.10407,15.20407,5.818,0.01989,8025150.0,126834196.0,-2.2664216351518442,15.884069999
HK.01772,赣锋锂业,2024-09-16 00:00:00,15.54407,15.46407,15.70407,15.10407,5.796,0.0065,2622650.0,41059894.0,-0.3864965824039733,15.52407
HK.01772,赣锋锂业,2024-09-17 00:00:00,15.46407,15.66407,15.76407,15.18407,5.869,0.00774,3122487.0,49562171.0,1.2933205811924098,15.46407
HK.01772,赣锋锂业,2024-09-19 00:00:00,15.66407,16.48407,16.62407,15.48407,6.17,0.01913,7720303.0,128010444.0,5.234910211713804,15.66407
HK.01772,赣锋锂业,2024-09-20 00:00:00,16.48407,16.60407,16.66407,16.26407,6.214,0.01435,5793278.0,97527946.0,0.7279755545808833,16.48407
HK.01772,赣锋锂业,2024-09-23 00:00:00,16.46407,16.82407,17.22407,16.36407,6.294,0.01236,4987557.0,86293108.0,1.3249763461609043,16.60407
HK.01772,赣锋锂业,2024-09-24 00:00:00,17.06407,18.14407,18.54407,17.06407,6.779,0.02919,11781500.0,214915180.0,7.8459017348358655,16.82407
HK.01772,赣锋锂业,2024-09-25 00:00:00,18.84407,18.06407,18.90407,18.00407,6.749,0.02245,9059382.0,170686911.0,-0.44091540652123973,18.14407
HK.01772,赣锋锂业,2024-09-26 00:00:00,18.06407,19.22407,19.28407,17.96407,7.175,0.02271,9165923.0,175581329.0,6.421587161697226,18.06407
HK.01772,赣锋锂业,2024-09-27 00:00:00,19.64407,20.66407,21.91407,19.64407,7.703,0.07689,31031749.0,657857886.0,7.49060942870057,19.22407
HK.01772,赣锋锂业,2024-09-30 00:00:00,21.71407,22.06407,22.76407,20.96407,8.217,0.06828,27557936.0,615627245.0,6.775044799983751,20.66407
HK.01772,赣锋锂业,2024-10-02 00:00:00,23.61407,24.21407,25.11407,22.61407,9.005,0.03843,15509487.0,375732578.0,9.74434907068369,22.06407
HK.01772,赣锋锂业,2024-10-03 00:00:00,24.26407,22.21407,24.61407,21.26407,8.272,0.02742,11065135.0,251654682.0,-8.259660602286191,24.21407
HK.01772,赣锋锂业,2024-10-04 00:00:00,22.21407,24.06407,24.16407,22.06407,8.95,0.02744,11074352.0,261388393.0,8.328055147030696,22.21407
HK.01772,赣锋锂业,2024-10-07 00:00:00,25.26407,27.31407,27.36407,25.26407,10.143,0.05176,20888665.0,562625436.0,13.505612309139725,24.06407
HK.01772,赣锋锂业,2024-10-08 00:00:00,27.66407,23.11407,27.96407,22.86407,8.602,0.08632,34836900.0,867466306.0,-15.376690474909083,27.31407
HK.01772,赣锋锂业,2024-10-09 00:00:00,23.46407,21.31407,23.51407,20.21407,7.942,0.06968,28121589.0,621992298.0,-7.787464518364791,23.11407
HK.01772,赣锋锂业,2024-10-10 00:00:00,22.16407,21.46407,22.26407,20.86407,7.997,0.03231,13039197.0,286112692.0,0.7037604737152434,21.31407
HK.01772,赣锋锂业,2024-10-14 00:00:00,20.96407,20.81407,21.06407,19.86407,7.758,0.03019,12184715.0,254111829.0,-3.028316624013985,21.46407
HK.01772,赣锋锂业,2024-10-15 00:00:00,20.71407,19.66407,20.71407,19.38407,7.336,0.02819,11377422.0,231264267.0,-5.525108736542166,20.81407
HK.01772,赣锋锂业,2024-10-16 00:00:00,19.60407,19.40407,19.81407,19.02407,7.241,0.0174,7021980.0,138941238.0,-1.322208474644354,19.66407
HK.01772,赣锋锂业,2024-10-17 00:00:00,20.21407,19.08407,20.26407,18.76407,7.123,0.0144,5811416.0,115426544.0,-1.649138557014071,19.40407
HK.01772,赣锋锂业,2024-10-18 00:00:00,19.06407,19.81407,20.31407,18.82407,7.391,0.02161,8720797.0,173149523.0,3.8251798489525575,19.08407
HK.01772,赣锋锂业,2024-10-21 00:00:00,20.06407,19.76407,20.56407,19.71407,7.373,0.01788,7216556.0,147487082.0,-0.25234593397520405,19.81407
HK.01772,赣锋锂业,2024-10-22 00:00:00,20.06407,20.21407,20.46407,19.76407,7.538,0.01056,4262618.0,87417548.0,2.276858966801875,19.76407
HK.01772,赣锋锂业,2024-10-23 00:00:00,20.56407,21.06407,21.46407,20.21407,7.85,0.02691,10861148.0,230594998.0,4.204991869524552,20.21407
HK.01772,赣锋锂业,2024-10-24 00:00:00,21.41407,20.16407,21.41407,19.96407,7.52,0.01531,6179514.0,128449161.0,-4.272678546928501,21.06407
HK.01772,赣锋锂业,2024-10-25 00:00:00,20.26407,21.96407,22.61407,20.26407,8.18,0.04628,18676068.0,415089652.0,8.92676924847018,20.16407
HK.01772,赣锋锂业,2024-10-28 00:00:00,22.06407,21.96407,22.76407,21.76407,8.18,0.02514,10147577.0,228913453.0,0.0,21.96407
HK.01772,赣锋锂业,2024-10-29 00:00:00,22.26407,21.16407,22.96407,20.91407,7.887,0.03004,12122360.0,266663588.0,-3.6423121944157013,21.96407
HK.01772,赣锋锂业,2024-10-30 00:00:00,21.11407,20.16407,21.31407,19.96407,7.52,0.02732,11025288.0,229638253.0,-4.724989097087659,21.16407
HK.01772,赣锋锂业,2024-10-31 00:00:00,20.46407,21.06407,21.66407,20.26407,7.85,0.02177,8786167.0,188530626.0,4.463384624235099,20.16407
HK.01772,赣锋锂业,2024-11-01 00:00:00,21.21407,21.81407,22.86407,21.06407,8.125,0.0289,11661840.0,260060881.0,3.5605654557737414,21.06407
HK.01772,赣锋锂业,2024-11-04 00:00:00,21.91407,22.06407,22.51407,21.76407,8.217,0.01439,5807741.0,130090336.0,1.1460493158773213,21.81407
HK.01772,赣锋锂业,2024-11-05 00:00:00,22.11407,22.61407,23.06407,21.56407,8.418,0.02301,9286784.0,212553885.0,2.4927404599423437,22.06407
HK.01772,赣锋锂业,2024-11-06 00:00:00,22.46407,22.46407,23.86407,22.16407,8.363,0.03332,13445680.0,314231273.0,-0.6633038634796926,22.61407
HK.01772,赣锋锂业,2024-11-07 00:00:00,22.16407,22.26407,22.61407,21.61407,8.29,0.02211,8922622.0,200620118.0,-0.8903106160192668,22.46407
HK.01772,赣锋锂业,2024-11-08 00:00:00,22.76407,22.31407,23.41407,22.11407,8.308,0.01976,7973500.0,183747761.0,0.2245770876573812,22.26407
HK.01772,赣锋锂业,2024-11-11 00:00:00,22.01407,23.81407,24.41407,21.76407,8.859,0.05849,23604656.0,560994276.0,6.72221607263937,22.31407
HK.01772,赣锋锂业,2024-11-12 00:00:00,24.36407,23.96407,26.21407,23.86407,8.914,0.09007,36350911.0,920800594.0,0.6298797307642019,23.81407
HK.01772,赣锋锂业,2024-11-13 00:00:00,24.51407,25.51407,25.76407,23.51407,9.482,0.05832,23537951.0,591166105.0,6.468016493024768,23.96407
HK.01772,赣锋锂业,2024-11-14 00:00:00,26.16407,23.16407,26.36407,23.01407,8.62,0.06301,25430733.0,634937384.0,-9.210604188198909,25.51407
HK.01772,赣锋锂业,2024-11-15 00:00:00,23.11407,22.51407,23.81407,22.46407,8.382,0.02682,10825510.0,252498136.0,-2.8060699177648774,23.16407
HK.01772,赣锋锂业,2024-11-18 00:00:00,22.56407,23.01407,23.71407,22.56407,8.565,0.01774,7157745.0,167952104.0,2.2208334610312574,22.51407
HK.01772,赣锋锂业,2024-11-19 00:00:00,23.46407,26.11407,26.36407,23.36407,9.702,0.07849,31674831.0,813360327.0,13.470020730796428,23.01407
HK.01772,赣锋锂业,2024-11-20 00:00:00,25.41407,25.46407,27.11407,25.16407,9.464,0.07087,28602060.0,749161224.0,-2.4890796417410312,26.11407
HK.01772,赣锋锂业,2024-11-21 00:00:00,25.46407,24.91407,25.81407,24.66407,9.262,0.02053,8284516.0,210741015.0,-2.15990609513719,25.46407
HK.01772,赣锋锂业,2024-11-22 00:00:00,24.81407,23.66407,25.26407,23.36407,8.804,0.02992,12074392.0,296315261.0,-5.017245275460814,24.91407
HK.01772,赣锋锂业,2024-11-25 00:00:00,23.96407,24.86407,25.36407,23.76407,9.244,0.03053,12319962.0,309909755.0,5.070978914447104,23.66407
HK.01772,赣锋锂业,2024-11-26 00:00:00,25.06407,23.46407,25.11407,23.16407,8.73,0.02881,11628659.0,279097154.0,-5.630614778674618,24.86407
HK.01772,赣锋锂业,2024-11-27 00:00:00,23.41407,24.16407,24.26407,22.91407,8.987,0.01626,6561081.0,158345696.0,2.9832846560720254,23.46407
HK.01772,赣锋锂业,2024-11-28 00:00:00,23.91407,24.36407,24.96407,23.76407,9.06,0.01863,7519500.0,185909109.0,0.8276751391632406,24.16407
HK.01772,赣锋锂业,2024-11-29 00:00:00,24.46407,24.81407,25.56407,24.06407,9.225,0.01952,7878752.0,199019456.0,1.8469820518492979,24.36407
HK.01772,赣锋锂业,2024-12-02 00:00:00,25.21407,24.91407,25.51407,24.81407,9.262,0.01432,5779922.0,147044709.0,0.4029971705568569,24.81407
HK.01772,赣锋锂业,2024-12-03 00:00:00,24.96407,24.76407,24.96407,24.36407,9.207,0.0092,3714852.0,92929647.0,-0.602069433055292,24.91407
HK.01772,赣锋锂业,2024-12-04 00:00:00,24.66407,23.86407,25.01407,23.76407,8.877,0.01429,5765160.0,141840296.0,-3.6342975932469845,24.76407
HK.01772,赣锋锂业,2024-12-05 00:00:00,23.66407,22.66407,23.71407,22.21407,8.437,0.03465,13983118.0,322446189.0,-5.028480053905318,23.86407
HK.01772,赣锋锂业,2024-12-06 00:00:00,22.46407,22.51407,23.11407,22.16407,8.382,0.0276,11140511.0,256094482.0,-0.6618405255543183,22.66407
HK.01772,赣锋锂业,2024-12-09 00:00:00,22.51407,22.81407,22.81407,21.76407,8.492,0.02489,10043391.0,226287626.0,1.3325000766187576,22.51407
HK.01772,赣锋锂业,2024-12-10 00:00:00,23.51407,22.31407,23.76407,21.96407,8.308,0.02708,10929400.0,253560596.0,-2.191629989738788,22.81407
HK.01772,赣锋锂业,2024-12-11 00:00:00,22.31407,21.96407,22.66407,21.86407,8.18,0.01394,5625947.0,126688185.0,-1.5685170836158595,22.31407
HK.01772,赣锋锂业,2024-12-12 00:00:00,21.76407,22.26407,22.71407,21.71407,8.29,0.01574,6352821.0,143782094.0,1.36586707290589,21.96407
HK.01772,赣锋锂业,2024-12-13 00:00:00,22.16407,21.31407,22.16407,21.06407,7.942,0.02242,9046973.0,196274499.0,-4.266964665490179,22.26407
HK.01772,赣锋锂业,2024-12-16 00:00:00,21.16407,20.81407,21.41407,20.66407,7.758,0.01298,5240308.0,111247896.0,-2.3458682457175,21.31407
HK.01772,赣锋锂业,2024-12-17 00:00:00,20.81407,20.56407,20.96407,20.41407,7.666,0.01179,4759664.0,99707858.0,-1.2011105949004686,20.81407
HK.01772,赣锋锂业,2024-12-18 00:00:00,20.71407,20.61407,20.96407,20.31407,7.685,0.00771,3113302.0,65268575.0,0.24314252966460775,20.56407
HK.01772,赣锋锂业,2024-12-19 00:00:00,20.31407,20.11407,20.36407,19.91407,7.501,0.01352,5457027.0,111435504.0,-2.4255278069784376,20.61407
HK.01772,赣锋锂业,2024-12-20 00:00:00,20.06407,20.36407,20.66407,20.06407,7.593,0.01561,6299763.0,130332856.0,1.2429110567876118,20.11407
HK.01772,赣锋锂业,2024-12-23 00:00:00,20.41407,20.36407,20.71407,20.21407,7.593,0.00715,2885668.0,59894299.0,0.0,20.36407
HK.01772,赣锋锂业,2024-12-24 00:00:00,20.36407,20.36407,20.76407,20.21407,7.593,0.00848,3422919.0,71306294.0,0.0,20.36407
HK.01772,赣锋锂业,2024-12-27 00:00:00,20.31407,20.11407,20.51407,19.91407,7.501,0.01333,5377894.0,110003116.0,-1.2276524290085429,20.36407
HK.01772,赣锋锂业,2024-12-30 00:00:00,20.11407,20.21407,20.46407,19.81407,7.538,0.01137,4586920.0,93942020.0,0.4971644227150341,20.11407
HK.01772,赣锋锂业,2024-12-31 00:00:00,20.11407,19.76407,20.31407,19.66407,7.373,0.00623,2515088.0,50773135.0,-2.226172166218873,20.21407
HK.01772,赣锋锂业,2025-01-02 00:00:00,19.76407,19.62407,19.91407,19.08407,7.322,0.01278,5158439.0,102294663.0,-0.7083561230050317,19.76407
HK.01772,赣锋锂业,2025-01-03 00:00:00,19.62407,19.04407,19.71407,18.90407,7.109,0.0126,5083495.0,99419730.0,-2.95555407211653,19.62407
HK.01772,赣锋锂业,2025-01-06 00:00:00,19.54407,19.66407,20.01407,19.42407,7.336,0.0127,5124790.0,102538706.0,3.255606600899899,19.04407
HK.01772,赣锋锂业,2025-01-07 00:00:00,19.66407,20.41407,20.51407,19.58407,7.611,0.0152,6134243.0,126037609.0,3.8140629076279735,19.66407
HK.01772,赣锋锂业,2025-01-08 00:00:00,20.41407,20.16407,20.41407,19.71407,7.52,0.00926,3736904.0,76167315.0,-1.224645550838221,20.41407
HK.01772,赣锋锂业,2025-01-09 00:00:00,20.06407,20.16407,20.46407,20.01407,7.52,0.00653,2635520.0,54055312.0,0.0,20.16407
HK.01772,赣锋锂业,2025-01-10 00:00:00,20.06407,19.56407,20.36407,19.48407,7.3,0.00933,3763920.0,75622839.0,-2.9755897494900476,20.16407
HK.01772,赣锋锂业,2025-01-13 00:00:00,19.36407,20.01407,20.41407,19.22407,7.465,0.01009,4073530.0,83043665.0,2.3001348901327754,19.56407
HK.01772,赣锋锂业,2025-01-14 00:00:00,20.26407,20.26407,20.51407,20.06407,7.556,0.01014,4093910.0,84627462.0,1.249121243205405,20.01407
HK.01772,赣锋锂业,2025-01-15 00:00:00,20.26407,20.41407,20.76407,19.76407,7.611,0.01316,5312217.0,110040546.0,0.7402264204574825,20.26407
HK.01772,赣锋锂业,2025-01-16 00:00:00,20.56407,20.66407,21.16407,20.51407,7.703,0.01253,5056030.0,106864996.0,1.224645550838221,20.41407
HK.01772,赣锋锂业,2025-01-17 00:00:00,20.76407,20.86407,21.41407,20.76407,7.776,0.01457,5881198.0,126040388.0,0.9678635428548337,20.66407
HK.01772,赣锋锂业,2025-01-20 00:00:00,20.91407,21.06407,21.36407,20.86407,7.85,0.01066,4302002.0,92184142.0,0.9585857409412415,20.86407
HK.01772,赣锋锂业,2025-01-21 00:00:00,21.06407,20.56407,21.31407,20.46407,7.666,0.01212,4892097.0,102960568.0,-2.3737103038491614,21.06407
HK.01772,赣锋锂业,2025-01-22 00:00:00,20.66407,20.16407,20.71407,19.76407,7.52,0.01179,4760102.0,97285836.0,-1.9451402373168452,20.56407
HK.01772,赣锋锂业,2025-01-23 00:00:00,20.16407,19.96407,20.46407,19.76407,7.446,0.0062,2503440.0,51223287.0,-0.991863249830016,20.16407
HK.01772,赣锋锂业,2025-01-24 00:00:00,19.76407,20.11407,20.26407,19.54407,7.501,0.01006,4059344.0,82329718.0,0.751349799915559,19.96407
HK.01772,赣锋锂业,2025-01-27 00:00:00,19.71407,19.91407,20.46407,19.71407,7.428,0.00885,3570148.0,72913043.0,-0.9943288454301036,20.11407
HK.01772,赣锋锂业,2025-01-28 00:00:00,19.86407,18.98407,19.86407,18.90407,7.087,0.00673,2715370.0,52726072.0,-4.670064933988883,19.91407
HK.01772,赣锋锂业,2025-02-03 00:00:00,18.84407,18.88407,19.04407,17.80407,7.05,0.00748,3018142.0,56812409.0,-0.5267574339959654,18.98407
HK.01772,赣锋锂业,2025-02-04 00:00:00,19.16407,19.16407,19.34407,18.84407,7.153,0.00524,2116547.0,41263092.0,1.4827312120745029,18.88407
HK.01772,赣锋锂业,2025-02-05 00:00:00,19.16407,19.30407,19.60407,19.16407,7.204,0.00845,3408300.0,67192698.0,0.730533754051204,19.16407
HK.01772,赣锋锂业,2025-02-06 00:00:00,19.30407,20.06407,20.36407,19.02407,7.483,0.01769,7140706.0,144491290.0,3.9369935977231827,19.30407
HK.01772,赣锋锂业,2025-02-07 00:00:00,20.21407,20.46407,20.91407,20.06407,7.63,0.0195,7868651.0,164668649.0,1.9936134592831791,20.06407
HK.01772,赣锋锂业,2025-02-10 00:00:00,20.46407,20.81407,20.96407,20.46407,7.758,0.01091,4401725.0,92785080.0,1.7103147125669595,20.46407
HK.01772,赣锋锂业,2025-02-11 00:00:00,21.11407,20.16407,21.11407,20.06407,7.52,0.01158,4673882.0,96761293.0,-3.1228875467412287,20.81407
HK.01772,赣锋锂业,2025-02-12 00:00:00,20.11407,21.21407,21.76407,20.06407,7.905,0.03022,12196203.0,259391501.0,5.207282061607605,20.16407
HK.01772,赣锋锂业,2025-02-13 00:00:00,21.56407,20.56407,21.66407,20.36407,7.666,0.01933,7800395.0,167778964.0,-3.064004219840882,21.21407
HK.01772,赣锋锂业,2025-02-14 00:00:00,21.16407,21.31407,21.56407,20.66407,7.942,0.02054,8287479.0,178414590.0,3.647137944969065,20.56407
HK.01772,赣锋锂业,2025-02-17 00:00:00,21.56407,21.21407,22.06407,21.01407,7.905,0.01946,7855500.0,170977167.0,-0.46917364914350673,21.31407
HK.01772,赣锋锂业,2025-02-18 00:00:00,21.66407,21.86407,22.56407,21.41407,8.143,0.03701,14936751.0,334286965.0,3.0640042198408985,21.21407
HK.01772,赣锋锂业,2025-02-19 00:00:00,21.96407,22.11407,22.41407,21.61407,8.235,0.0169,6818530.0,153056492.0,1.1434284650570548,21.86407
HK.01772,赣锋锂业,2025-02-20 00:00:00,21.91407,21.46407,22.26407,21.41407,7.997,0.01317,5316880.0,117522497.0,-2.939305157304838,22.11407
HK.01772,赣锋锂业,2025-02-21 00:00:00,21.66407,21.81407,21.96407,21.26407,8.125,0.02002,8078590.0,177336182.0,1.6306320283152331,21.46407
HK.01772,赣锋锂业,2025-02-24 00:00:00,22.31407,21.66407,22.51407,21.36407,8.07,0.01872,7554225.0,167966775.0,-0.6876295895264025,21.81407
HK.01772,赣锋锂业,2025-02-25 00:00:00,21.21407,21.56407,22.31407,21.21407,8.033,0.01681,6785827.0,150156956.0,-0.46159378177783705,21.66407
HK.01772,赣锋锂业,2025-02-26 00:00:00,21.81407,22.26407,22.36407,21.56407,8.29,0.02134,8612630.0,193117314.0,3.2461404549326693,21.56407
HK.01772,赣锋锂业,2025-02-27 00:00:00,22.51407,23.21407,23.86407,22.06407,8.639,0.05689,22959366.0,538883606.0,4.266964665490179,22.26407
HK.01772,赣锋锂业,2025-02-28 00:00:00,23.16407,21.51407,23.56407,21.26407,8.015,0.05079,20497777.0,462600687.0,-7.323144971993275,23.21407
HK.01772,赣锋锂业,2025-03-03 00:00:00,21.66407,23.06407,23.66407,21.66407,8.584,0.06054,24432891.0,572362123.0,7.20458750947636,21.51407
HK.01772,赣锋锂业,2025-03-04 00:00:00,22.56407,22.41407,22.76407,21.91407,8.345,0.03004,12122700.0,275205099.0,-2.818236330361476,23.06407
HK.01772,赣锋锂业,2025-03-05 00:00:00,22.76407,22.76407,22.96407,21.96407,8.473,0.01939,7827253.0,177993204.0,1.561519170770866,22.41407
HK.01772,赣锋锂业,2025-03-06 00:00:00,23.16407,23.21407,23.51407,22.51407,8.639,0.03295,13298840.0,310601663.0,1.9767994036215812,22.76407
HK.01772,赣锋锂业,2025-03-07 00:00:00,23.41407,23.21407,24.21407,22.81407,8.639,0.03302,13324776.0,318314112.0,0.0,23.21407
HK.01772,赣锋锂业,2025-03-10 00:00:00,23.21407,22.66407,23.66407,22.31407,8.437,0.01936,7814017.0,180281054.0,-2.3692527850566516,23.21407
HK.01772,赣锋锂业,2025-03-11 00:00:00,22.06407,22.06407,22.21407,21.66407,8.217,0.0295,11906615.0,265065549.0,-2.6473621022172886,22.66407
HK.01772,赣锋锂业,2025-03-12 00:00:00,22.36407,21.81407,22.61407,21.41407,8.125,0.02225,8978541.0,199995363.0,-1.1330638454283366,22.06407
HK.01772,赣锋锂业,2025-03-13 00:00:00,21.96407,21.76407,22.11407,21.41407,8.107,0.01858,7498017.0,165574475.0,-0.22920986317546752,21.81407
HK.01772,赣锋锂业,2025-03-14 00:00:00,22.01407,22.36407,22.51407,21.61407,8.327,0.02106,8499669.0,191473159.0,2.7568373011114256,21.76407
HK.01772,赣锋锂业,2025-03-17 00:00:00,22.36407,23.06407,23.81407,22.31407,8.584,0.03172,12801233.0,302059992.0,3.130020608949977,22.36407
HK.01772,赣锋锂业,2025-03-18 00:00:00,23.51407,23.41407,23.76407,23.16407,8.712,0.0217,8757899.0,208128753.0,1.5175118701946269,23.06407
HK.01772,赣锋锂业,2025-03-19 00:00:00,23.26407,23.61407,23.61407,22.91407,8.785,0.01591,6420227.0,152052560.0,0.854187247240667,23.41407
HK.01772,赣锋锂业,2025-03-20 00:00:00,23.51407,22.71407,23.51407,22.56407,8.455,0.0165,6660194.0,154652604.0,-3.8112870843526854,23.61407
HK.01772,赣锋锂业,2025-03-21 00:00:00,22.86407,21.76407,22.91407,21.56407,8.107,0.02589,10446795.0,233357056.0,-4.182429657036363,22.71407
HK.01772,赣锋锂业,2025-03-24 00:00:00,21.81407,21.96407,22.01407,21.41407,8.18,0.014,5649094.0,124411078.0,0.9189457670371364,21.76407
HK.01772,赣锋锂业,2025-03-25 00:00:00,22.06407,21.81407,22.26407,21.46407,8.125,0.01104,4456950.0,98468626.0,-0.6829335364529369,21.96407
HK.01772,赣锋锂业,2025-03-26 00:00:00,22.01407,21.51407,22.01407,21.36407,8.015,0.00932,3759300.0,82462966.0,-1.3752591790527888,21.81407
HK.01772,赣锋锂业,2025-03-27 00:00:00,21.46407,21.76407,21.86407,21.01407,8.107,0.00843,3404020.0,74219300.0,1.1620302434639285,21.51407
HK.01772,赣锋锂业,2025-03-28 00:00:00,21.76407,21.36407,21.81407,21.16407,0.0,0.00834,3364537.0,73231142.0,-1.8378915340742727,21.76407
HK.01772,赣锋锂业,2025-03-31 00:00:00,21.16407,20.71407,21.21407,20.21407,0.0,0.01687,6807903.0,142777646.0,-3.0424914353866193,21.36407
HK.01772,赣锋锂业,2025-04-01 00:00:00,20.76407,20.36407,21.01407,20.36407,0.0,0.01082,4364995.0,91367052.0,-1.6896727683164046,20.71407
HK.01772,赣锋锂业,2025-04-02 00:00:00,20.31407,20.51407,20.71407,20.06407,0.0,0.00727,2933710.0,60923159.0,0.7365914574051187,20.36407
HK.01772,赣锋锂业,2025-04-03 00:00:00,20.16407,20.26407,20.56407,19.86407,0.0,0.01061,4281360.0,87610425.0,-1.2186757674123174,20.51407
HK.01772,赣锋锂业,2025-04-07 00:00:00,17.76407,16.94407,18.82407,16.42407,0.0,0.04867,19642711.0,347826958.0,-16.38367810612577,20.26407
HK.01772,赣锋锂业,2025-04-08 00:00:00,17.12407,16.86407,17.32407,16.14407,0.0,0.03215,12975438.0,219732115.0,-0.4721415810959132,16.94407
HK.01772,赣锋锂业,2025-04-09 00:00:00,16.044069999,16.64407,16.80407,15.884069999,0.0,0.02503,10100136.0,169228357.0,-1.3045486647055093,16.86407
HK.01772,赣锋锂业,2025-04-10 00:00:00,17.66407,17.52407,18.14407,17.34407,0.0,0.02576,10397768.0,188432045.0,5.287168342839216,16.64407
HK.01772,赣锋锂业,2025-04-11 00:00:00,17.56407,17.92407,18.16407,17.42407,0.0,0.01434,5786106.0,105252620.0,2.28257476716312,17.52407
HK.01772,赣锋锂业,2025-04-14 00:00:00,18.46407,18.70407,19.02407,18.26407,0.0,0.01702,6870280.0,131456726.0,4.35169021321609,17.92407
HK.01772,赣锋锂业,2025-04-15 00:00:00,18.70407,18.52407,18.94407,18.44407,0.0,0.00747,3014400.0,57233720.0,-0.9623573906641882,18.70407
HK.01772,赣锋锂业,2025-04-16 00:00:00,18.52407,18.04407,18.52407,17.84407,0.0,0.00846,3413217.0,62747502.0,-2.5912232031081555,18.52407
HK.01772,赣锋锂业,2025-04-17 00:00:00,18.02407,17.96407,18.20407,17.88407,0.0,0.00584,2358598.0,43275735.0,-0.4433589539388943,18.04407
HK.01772,赣锋锂业,2025-04-22 00:00:00,17.94407,18.04407,18.08407,17.48407,0.0,0.0097,3914703.0,71028728.0,0.44533337935112616,17.96407
HK.01772,赣锋锂业,2025-04-23 00:00:00,18.24407,18.40407,18.58407,18.18407,0.0,0.0103,4157514.0,77742957.0,1.995115292724975,18.04407
HK.01772,赣锋锂业,2025-04-24 00:00:00,19.00407,18.88407,19.44407,18.54407,0.0,0.02199,8875513.0,171611691.0,2.6081187476465826,18.40407
HK.01772,赣锋锂业,2025-04-25 00:00:00,19.10407,18.46407,19.10407,18.44407,0.0,0.00872,3520063.0,67245007.0,-2.2240968181117826,18.88407
HK.01772,赣锋锂业,2025-04-28 00:00:00,18.46407,18.42407,18.62407,18.12407,0.0,0.00601,2424859.0,45371979.0,-0.21663696032347768,18.46407
HK.01772,赣锋锂业,2025-04-29 00:00:00,18.64407,18.80407,18.84407,18.36407,0.0,0.00681,2747490.0,52326300.0,2.062519302195438,18.42407
HK.01772,赣锋锂业,2025-04-30 00:00:00,18.62407,18.60407,18.88407,18.16407,0.0,0.01427,5757800.0,109106347.0,-1.0635995292508447,18.80407
HK.01772,赣锋锂业,2025-05-02 00:00:00,18.60407,18.84407,18.94407,18.32407,0.0,0.00357,1442578.0,27518130.0,1.2900402976337888,18.60407
HK.01772,赣锋锂业,2025-05-06 00:00:00,18.96407,19.06407,19.20407,18.66407,0.0,0.00754,3044681.0,58996789.0,1.1674760282677914,18.84407
HK.01772,赣锋锂业,2025-05-07 00:00:00,19.36407,19.02407,19.46407,18.88407,0.0,0.00808,3262071.0,63337339.0,-0.20981878476108565,19.06407
HK.01772,赣锋锂业,2025-05-08 00:00:00,19.06407,19.08407,19.32407,18.78407,0.0,0.00631,2545320.0,49512485.0,0.31538992444835556,19.02407
HK.01772,赣锋锂业,2025-05-09 00:00:00,19.06407,19.08407,19.14407,18.84407,0.0,0.0054,2178791.0,42207356.0,0.0,19.08407
HK.01772,赣锋锂业,2025-05-12 00:00:00,19.36407,19.71407,19.81407,19.08407,0.0,0.02366,9549663.0,189544786.0,3.3011826093700085,19.08407
HK.01772,赣锋锂业,2025-05-13 00:00:00,19.76407,19.48407,19.96407,19.42407,0.0,0.01269,5121100.0,102528559.0,-1.1666794325068361,19.71407
HK.01772,赣锋锂业,2025-05-14 00:00:00,19.54407,19.86407,20.11407,19.54407,0.0,0.00982,3962413.0,79774506.0,1.950311202946831,19.48407
HK.01772,赣锋锂业,2025-05-15 00:00:00,19.71407,19.00407,19.86407,18.86407,0.0,0.01488,6005202.0,117310978.0,-4.329424936581491,19.86407
HK.01772,赣锋锂业,2025-05-16 00:00:00,18.86407,18.84407,19.06407,18.76407,0.0,0.00724,2923611.0,56231749.0,-0.8419249139789537,19.00407
HK.01772,赣锋锂业,2025-05-19 00:00:00,18.78407,18.78407,18.84407,18.38407,0.0,0.00598,2412432.0,45780496.0,-0.31840255316393284,18.84407
HK.01772,赣锋锂业,2025-05-20 00:00:00,18.78407,18.86407,18.88407,18.52407,0.0,0.00611,2464860.0,46949453.0,0.42589279107244515,18.78407
HK.01772,赣锋锂业,2025-05-21 00:00:00,18.88407,19.52407,19.76407,18.76407,0.0,0.01433,5782700.0,114503784.0,3.4987147524367566,18.86407
HK.01772,赣锋锂业,2025-05-22 00:00:00,19.52407,19.38407,19.86407,19.34407,0.0,0.01161,4686198.0,93247205.0,-0.7170636040538527,19.52407
HK.01772,赣锋锂业,2025-05-23 00:00:00,19.40407,19.42407,20.46407,19.40407,0.0,0.0154,6215090.0,125667929.0,0.20635501213109086,19.38407
HK.01772,赣锋锂业,2025-05-26 00:00:00,19.42407,18.90407,19.42407,18.88407,0.0,0.00763,3080853.0,59858740.0,-2.6770908465630505,19.42407
HK.01772,赣锋锂业,2025-05-27 00:00:00,18.96407,18.90407,19.34407,18.76407,0.0,0.00604,2436900.0,47052108.0,0.0,18.90407
HK.01772,赣锋锂业,2025-05-28 00:00:00,18.90407,18.66407,18.96407,18.46407,0.0,0.00893,3602126.0,68493437.0,-1.269567876124041,18.90407
HK.01772,赣锋锂业,2025-05-29 00:00:00,18.66407,19.10407,19.18407,18.56407,0.0,0.00787,3177360.0,61430489.0,2.3574707981699667,18.66407
HK.01772,赣锋锂业,2025-05-30 00:00:00,19.10407,18.86407,19.10407,18.80407,0.0,0.00379,1528640.0,29427950.0,-1.2562768038433612,19.10407
HK.01772,赣锋锂业,2025-06-02 00:00:00,18.76407,18.36407,18.84407,17.78407,0.0,0.0053,2137909.0,39393032.0,-2.650541479118769,18.86407
HK.01772,赣锋锂业,2025-06-03 00:00:00,18.42407,18.48407,18.74407,18.28407,0.0,0.01062,4284660.0,80772257.0,0.6534499160588989,18.36407
HK.01772,赣锋锂业,2025-06-04 00:00:00,18.70407,19.34407,19.66407,18.60407,0.0,0.01843,7438812.0,146322665.0,4.652654961813061,18.48407
HK.01772,赣锋锂业,2025-06-05 00:00:00,19.56407,19.64407,19.91407,19.24407,0.0,0.0124,5006247.0,99608578.0,1.550862874255525,19.34407
HK.01772,赣锋锂业,2025-06-06 00:00:00,19.76407,19.91407,20.16407,19.54407,0.0,0.01133,4571984.0,92501868.0,1.3744605878517007,19.64407
HK.01772,赣锋锂业,2025-06-09 00:00:00,20.11407,20.06407,20.51407,19.66407,0.0,0.01215,4902682.0,99920518.0,0.7532362796756371,19.91407
HK.01772,赣锋锂业,2025-06-10 00:00:00,19.96407,20.21407,20.46407,19.86407,0.0,0.01176,4744637.0,97509796.0,0.7476050472311878,20.06407
HK.01772,赣锋锂业,2025-06-11 00:00:00,20.21407,20.91407,21.31407,20.21407,0.0,0.01903,7680594.0,163899907.0,3.4629344807849156,20.21407
HK.01772,赣锋锂业,2025-06-12 00:00:00,20.91407,21.16407,21.56407,20.61407,0.0,0.01821,7349580.0,158859647.0,1.1953675205256558,20.91407
HK.01772,赣锋锂业,2025-06-13 00:00:00,21.06407,20.86407,21.56407,20.51407,0.0,0.01287,5192052.0,110296528.0,-1.417496729126284,21.16407
HK.01772,赣锋锂业,2025-06-16 00:00:00,20.66407,20.66407,20.86407,20.26407,0.0,0.00749,3022958.0,63083281.0,-0.9585857409412585,20.86407
HK.01772,赣锋锂业,2025-06-17 00:00:00,20.86407,20.51407,21.01407,20.46407,0.0,0.00627,2531066.0,53302682.0,-0.7258976571411081,20.66407
HK.01772,赣锋锂业,2025-06-18 00:00:00,20.31407,20.16407,20.46407,19.86407,0.0,0.01009,4071716.0,83038043.0,-1.7061460743772512,20.51407
HK.01772,赣锋锂业,2025-06-19 00:00:00,20.16407,20.11407,20.86407,19.66407,0.0,0.0106,4277735.0,87614244.0,-0.24796581245749078,20.16407
HK.01772,赣锋锂业,2025-06-20 00:00:00,20.21407,20.01407,20.56407,19.76407,0.0,0.01242,5013468.0,102009127.0,-0.4971644227150518,20.11407
HK.01772,赣锋锂业,2025-06-23 00:00:00,19.76407,20.46407,20.56407,19.71407,0.0,0.00715,2886576.0,59604577.0,2.2484182377697253,20.01407
HK.01772,赣锋锂业,2025-06-24 00:00:00,20.66407,21.71407,21.96407,20.51407,0.0,0.02619,10570818.0,229691660.0,6.10826683059626,20.46407
HK.01772,赣锋锂业,2025-06-25 00:00:00,22.01407,22.16407,22.41407,21.71407,0.0,0.02236,9024429.0,202592800.0,2.0723890086013323,21.71407
HK.01772,赣锋锂业,2025-06-26 00:00:00,22.31407,22.26407,23.81407,22.06407,0.0,0.03948,15931650.0,369484871.0,0.451180672141901,22.16407
HK.01772,赣锋锂业,2025-06-27 00:00:00,22.82827,22.87827,23.72827,22.57827,0.0,0.03826,15439721.0,359821829.0,2.758704944783233,22.26407
HK.01772,赣锋锂业,2025-06-30 00:00:00,23.22827,22.62827,23.27827,22.32827,0.0,0.01668,6732829.0,152969541.0,-1.092739966789447,22.87827
HK.01772,赣锋锂业,2025-07-02 00:00:00,22.72827,23.52827,23.82827,22.32827,0.0,0.03342,13485780.0,315864810.0,3.9773257080634026,22.62827
HK.01772,赣锋锂业,2025-07-03 00:00:00,23.77827,24.82827,25.27827,23.57827,0.0,0.04905,19795827.0,488152344.0,5.525268113635217,23.52827
HK.01772,赣锋锂业,2025-07-04 00:00:00,25.02827,24.52827,25.02827,23.92827,0.0,0.02222,8967008.0,219835155.0,-1.2083000547359954,24.82827
HK.01772,赣锋锂业,2025-07-07 00:00:00,24.67827,24.52827,24.72827,23.77827,0.0,0.0176,7101780.0,173936691.0,0.0,24.52827
HK.01772,赣锋锂业,2025-07-08 00:00:00,24.67827,25.17827,25.47827,24.37827,0.0,0.02501,10093674.0,254737094.0,2.6500034450044874,24.52827
HK.01772,赣锋锂业,2025-07-09 00:00:00,25.12827,24.82827,25.42827,24.52827,0.0,0.01885,7607792.0,190852757.0,-1.3900875636014762,25.17827
HK.01772,赣锋锂业,2025-07-10 00:00:00,24.67827,24.57827,24.97827,24.12827,0.0,0.01706,6883437.0,169710094.0,-1.0069167122799938,24.82827
HK.01772,赣锋锂业,2025-07-11 00:00:00,24.82827,24.62827,25.47827,24.47827,0.0,0.02242,9046185.0,228102429.0,0.2034317305489797,24.57827
HK.01772,赣锋锂业,2025-07-14 00:00:00,25.32827,25.67827,27.12827,25.07827,0.0,0.04794,19345709.0,512723499.0,4.263393246866308,24.62827
HK.01772,赣锋锂业,2025-07-15 00:00:00,25.52827,24.72827,25.62827,23.92827,0.0,0.03748,15124720.0,374311609.0,-3.6996261819818965,25.67827
HK.01772,赣锋锂业,2025-07-16 00:00:00,24.57827,23.82827,24.62827,23.62827,0.0,0.02666,10759987.0,259928778.0,-3.639559095723229,24.72827
HK.01772,赣锋锂业,2025-07-17 00:00:00,23.97827,25.02827,25.22827,23.62827,0.0,0.0421,16992126.0,421931838.0,5.036034928259581,23.82827
HK.01772,赣锋锂业,2025-07-18 00:00:00,25.22827,25.57827,26.52827,25.02827,0.0,0.04131,16672854.0,431708737.0,2.197515049981484,25.02827
HK.01772,赣锋锂业,2025-07-21 00:00:00,25.87827,26.12827,26.32827,25.37827,0.0,0.03133,12643539.0,330244993.0,2.150262703458837,25.57827
HK.01772,赣锋锂业,2025-07-22 00:00:00,26.17827,28.47827,28.62827,25.97827,0.0,0.07278,29370701.0,820860269.0,8.994089543624579,26.12827
HK.01772,赣锋锂业,2025-07-23 00:00:00,28.62827,27.72827,29.22827,27.47827,0.0,0.04339,17511980.0,498343789.0,-2.633586941903423,28.47827
HK.01772,赣锋锂业,2025-07-24 00:00:00,27.82827,30.62827,32.02827,27.47827,0.0,0.12719,51331435.0,1567909429.0,10.458640225300757,27.72827
HK.01772,赣锋锂业,2025-07-25 00:00:00,31.77827,30.62827,31.77827,29.87827,0.0,0.0797,32164902.0,998359326.0,0.0,30.62827
HK.01772,赣锋锂业,2025-07-28 00:00:00,29.27827,28.57827,29.82827,28.32827,0.0,0.05453,22006151.0,640042247.0,-6.69316288513847,30.62827
HK.01772,赣锋锂业,2025-07-29 00:00:00,28.17827,28.12827,28.77827,27.72827,0.0,0.03558,14357869.0,407782432.0,-1.5746229565330556,28.57827
HK.01772,赣锋锂业,2025-07-30 00:00:00,28.62827,27.12827,28.82827,26.82827,0.0,0.04637,18715559.0,519595586.0,-3.555142211021154,28.12827
HK.01772,赣锋锂业,2025-07-31 00:00:00,27.07827,25.92827,27.07827,25.57827,0.0,0.044,17758601.0,468152453.0,-4.423429875919103,27.12827
HK.01772,赣锋锂业,2025-08-01 00:00:00,25.82827,26.12827,26.72827,25.82827,0.0,0.02411,9732053.0,257463299.0,0.7713588295709636,25.92827
HK.01772,赣锋锂业,2025-08-04 00:00:00,25.62827,26.04827,26.34827,25.62827,0.0,0.01383,5580980.0,145783934.0,-0.30618177169786537,26.12827
HK.01772,赣锋锂业,2025-08-05 00:00:00,26.30827,26.06827,26.32827,25.80827,0.0,0.01579,6371589.0,166827552.0,0.07678053091433548,26.04827
HK.01772,赣锋锂业,2025-08-06 00:00:00,26.02827,26.18827,26.32827,25.64827,0.0,0.01892,7636038.0,200362875.0,0.46032974186626496,26.06827
HK.01772,赣锋锂业,2025-08-07 00:00:00,26.40827,27.26827,27.40827,25.56827,0.0,0.05127,20690329.0,555258324.0,4.123983753031422,26.18827
HK.01772,赣锋锂业,2025-08-08 00:00:00,27.56827,27.94827,28.72827,26.92827,0.0,0.05334,21526810.0,603758585.0,2.4937408937200622,27.26827
HK.01772,赣锋锂业,2025-08-11 00:00:00,31.10827,33.82827,34.16827,29.88827,0.0,0.16022,64661756.0,2107810268.0,21.038869311052178,27.94827
HK.01772,赣锋锂业,2025-08-12 00:00:00,34.02827,33.46827,34.04827,31.52827,0.0,0.09593,38715324.0,1278123808.0,-1.0641986717027105,33.82827
HK.01772,赣锋锂业,2025-08-13 00:00:00,33.628269999,33.16827,33.86827,32.42827,0.0,0.03407,13749144.0,457088005.0,-0.8963713989399429,33.46827
HK.01772,赣锋锂业,2025-08-14 00:00:00,33.46827,32.46827,33.72827,31.96827,0.0,0.02587,10440958.0,342178356.0,-2.1104507410244877,33.16827
HK.01772,赣锋锂业,2025-08-15 00:00:00,32.36827,33.86827,33.88827,32.28827,0.0,0.04063,16396980.0,550494177.0,4.311902050833031,32.46827
HK.01772,赣锋锂业,2025-08-18 00:00:00,34.72827,33.60827,35.60827,33.60827,0.0,0.04231,17073993.0,589523544.0,-0.7676801915185072,33.86827
HK.01772,赣锋锂业,2025-08-19 00:00:00,33.28827,33.18827,33.90827,32.96827,0.0,0.02309,9318959.0,312827527.0,-1.2496924120164312,33.60827
HK.01772,赣锋锂业,2025-08-20 00:00:00,32.78827,31.54827,32.78827,30.72827,0.0,0.04073,16437963.0,520745037.0,-4.941504935328067,33.18827
HK.01772,赣锋锂业,2025-08-21 00:00:00,31.44827,31.04827,31.90827,30.64827,0.0,0.02025,8173133.0,255594280.0,-1.5848729581685463,31.54827
HK.01772,赣锋锂业,2025-08-22 00:00:00,31.04827,30.62827,31.34827,30.28827,0.0,0.0286,11543800.0,356101133.0,-1.3527323744607933,31.04827
HK.01772,赣锋锂业,2025-08-25 00:00:00,31.26827,30.80827,31.60827,30.16827,0.0,0.04353,17568670.0,545836423.0,0.587692350890206,30.62827
HK.01772,赣锋锂业,2025-08-26 00:00:00,30.20827,29.90827,30.70827,29.00827,0.0,0.06096,24601613.0,740590994.0,-2.9212935357941183,30.80827
HK.01772,赣锋锂业,2025-08-27 00:00:00,30.20827,30.12827,31.10827,29.76827,0.0,0.03975,16042049.0,489398248.0,0.7355824994223967,29.90827
HK.01772,赣锋锂业,2025-08-28 00:00:00,30.08827,29.90827,30.16827,29.06827,0.0,0.03007,12135518.0,361801762.0,-0.7302111936729153,30.12827
HK.01772,赣锋锂业,2025-08-29 00:00:00,30.22827,31.18827,31.68827,30.02827,0.0,0.05141,20749108.0,646419569.0,4.27975272391214,29.90827
HK.01772,赣锋锂业,2025-09-01 00:00:00,31.28827,31.52827,32.128269999,30.72827,0.0,0.03881,15663423.0,496137610.0,1.0901534455101225,31.18827
HK.01772,赣锋锂业,2025-09-02 00:00:00,31.80827,30.34827,32.18827,30.24827,0.0,0.03315,14703228.0,458373144.0,-3.7426728456715184,31.52827
HK.01772,赣锋锂业,2025-09-03 00:00:00,30.32827,30.26827,31.52827,29.86827,0.0,0.03329,14767781.0,454844366.0,-0.26360645928086934,30.34827
HK.01772,赣锋锂业,2025-09-04 00:00:00,30.24827,30.90827,31.88827,30.20827,0.0,0.04788,21239656.0,662295923.0,2.114425436273697,30.26827
HK.01772,赣锋锂业,2025-09-05 00:00:00,31.12827,34.80827,35.04827,30.84827,0.0,0.12037,53396624.0,1801484311.0,12.617982177585477,30.90827
HK.01772,赣锋锂业,2025-09-08 00:00:00,35.82827,36.64827,37.60827,34.32827,0.0,0.10989,48747955.0,1770960545.0,5.286100113564955,34.80827
HK.01772,赣锋锂业,2025-09-09 00:00:00,36.64827,36.28827,37.78827,35.92827,0.0,0.07184,31867817.0,1176781880.0,-0.9823110340542663,36.64827
HK.01772,赣锋锂业,2025-09-10 00:00:00,33.128269999,33.72827,34.60827,33.128269999,0.0,0.08197,36359960.0,1238793941.0,-7.054621231599069,36.28827
HK.01772,赣锋锂业,2025-09-11 00:00:00,33.72827,33.90827,34.26827,32.90827,0.0,0.04328,19200632.0,651548203.0,0.533676942220872,33.72827
HK.01772,赣锋锂业,2025-09-12 00:00:00,34.44827,33.60827,34.62827,33.32827,0.0,0.0352,15615445.0,531984388.0,-0.8847399174301851,33.90827
HK.01772,赣锋锂业,2025-09-15 00:00:00,33.86827,34.46827,36.08827,33.86827,0.0,0.06506,28858625.0,1017032044.0,2.5588939865098665,33.60827
HK.01772,赣锋锂业,2025-09-16 00:00:00,34.88827,33.32827,35.32827,32.90827,0.0,0.04658,20663852.0,698080594.0,-3.307389665915909,34.46827
HK.01772,赣锋锂业,2025-09-17 00:00:00,33.448269999,34.34827,34.96827,33.00827,0.0,0.03841,17039350.0,585127249.0,3.060464884615961,33.32827
HK.01772,赣锋锂业,2025-09-18 00:00:00,34.42827,33.88827,34.68827,33.32827,0.0,0.03697,16400221.0,560869974.0,-1.339223198140695,34.34827
HK.01772,赣锋锂业,2025-09-19 00:00:00,34.44827,37.12827,37.88827,34.44827,0.0,0.11533,51159102.0,1887547905.0,9.56083034040983,33.88827
HK.01772,赣锋锂业,2025-09-22 00:00:00,37.82827,36.78827,38.32827,35.54827,0.0,0.05194,23039979.0,840177719.0,-0.915744256330832,37.12827
HK.01772,赣锋锂业,2025-09-23 00:00:00,36.96827,36.26827,38.12827,35.20827,0.0,0.05479,24302883.0,892952191.0,-1.4134940294827565,36.78827
HK.01772,赣锋锂业,2025-09-24 00:00:00,36.72827,37.42827,38.70827,35.82827,0.0,0.06479,28739367.0,1074499359.0,3.1983880124417197,36.26827
HK.01772,赣锋锂业,2025-09-25 00:00:00,38.52827,37.90827,40.12827,37.64827,0.0,0.0778,34510827.0,1344088015.0,1.2824530762442508,37.42827
HK.01772,赣锋锂业,2025-09-26 00:00:00,38.10827,37.08827,38.80827,36.56827,0.0,0.04386,19454537.0,736043143.0,-2.1631163859495572,37.90827
HK.01772,赣锋锂业,2025-09-29 00:00:00,38.10827,39.52827,40.18827,38.04827,0.0,0.06489,28787397.0,1137622495.0,6.578899474146402,37.08827
HK.01772,赣锋锂业,2025-09-30 00:00:00,39.50827,42.96827,43.12827,39.34827,0.0,0.08174,36259244.0,1531286842.0,8.70263231859122,39.52827
HK.01772,赣锋锂业,2025-10-02 00:00:00,44.30827,47.90827,48.18827,43.12827,0.0,0.04278,18977132.0,890738677.0,11.496855703057175,42.96827
HK.01772,赣锋锂业,2025-10-03 00:00:00,47.80827,46.90827,47.80827,46.00827,0.0,0.01855,8228637.0,387077547.0,-2.0873222932074147,47.90827
HK.01772,赣锋锂业,2025-10-06 00:00:00,47.64827,47.20827,48.32827,46.12827,0.0,0.02397,10635102.0,506999404.0,0.6395460757772502,46.90827
HK.01772,赣锋锂业,2025-10-08 00:00:00,47.82827,49.16827,50.12827,46.72827,0.0,0.03445,15282015.0,746806652.0,4.151814925647563,47.20827
HK.01772,赣锋锂业,2025-10-09 00:00:00,49.16827,50.87827,51.62827,47.36827,0.0,0.09777,43369379.0,2180889361.0,3.4778526883292837,49.16827
HK.01772,赣锋锂业,2025-10-10 00:00:00,50.87827,45.38827,51.32827,44.98827,0.0,0.10088,44748288.0,2112510980.0,-10.790461232270676,50.87827
HK.01772,赣锋锂业,2025-10-13 00:00:00,43.00827,49.20827,49.64827,42.82827,0.0,0.11125,49348621.0,2306041502.0,8.416271428719359,45.38827
HK.01772,赣锋锂业,2025-10-14 00:00:00,49.82827,47.06827,51.62827,46.62827,0.0,0.07761,34425980.0,1681982585.0,-4.348862498112615,49.20827
HK.01772,赣锋锂业,2025-10-15 00:00:00,48.48827,45.56827,48.62827,43.90827,0.0,0.07907,35076905.0,1604624560.0,-3.1868602776350183,47.06827
HK.01772,赣锋锂业,2025-10-16 00:00:00,45.54827,45.20827,46.66827,44.44827,0.0,0.03714,16475357.0,749174539.0,-0.7900234088325044,45.56827
HK.01772,赣锋锂业,2025-10-17 00:00:00,46.02827,43.22827,46.42827,42.98827,0.0,0.04488,19908480.0,877034818.0,-4.37972963796225,45.20827
HK.01772,赣锋锂业,2025-10-20 00:00:00,44.08827,42.78827,44.56827,42.24827,0.0,0.0362,16058334.0,696936620.0,-1.0178524377681661,43.22827
HK.01772,赣锋锂业,2025-10-21 00:00:00,43.72827,42.74827,44.04827,42.24827,0.0,0.03494,15500479.0,671112055.0,-0.09348356453766218,42.78827
HK.01772,赣锋锂业,2025-10-22 00:00:00,42.74827,42.34827,42.94827,41.14827,0.0,0.02375,10537231.0,445503094.0,-0.9357103807943541,42.74827
HK.01772,赣锋锂业,2025-10-23 00:00:00,42.66827,45.74827,45.78827,41.34827,0.0,0.06034,26765114.0,1174987473.0,8.028663272431197,42.34827
HK.01772,赣锋锂业,2025-10-24 00:00:00,46.64827,46.58827,48.76827,46.02827,0.0,0.05896,26155576.0,1242169382.0,1.8361350057608812,45.74827
HK.01772,赣锋锂业,2025-10-27 00:00:00,47.36827,48.74827,49.24827,47.12827,0.0,0.05502,24407966.0,1188697386.0,4.636360182509453,46.58827
HK.01772,赣锋锂业,2025-10-28 00:00:00,48.32827,47.02827,48.90827,46.66827,0.0,0.0336,14904654.0,715138638.0,-3.528330338697146,48.74827
HK.01772,赣锋锂业,2025-10-30 00:00:00,50.62827,54.07827,54.57827,48.82827,0.0,0.1283,56912257.0,2973588751.0,14.990983083154036,47.02827
HK.01772,赣锋锂业,2025-10-31 00:00:00,53.82827,51.12827,57.22827,50.82827,0.0,0.10211,45298159.0,2436005914.0,-5.4550561621146585,54.07827
HK.01772,赣锋锂业,2025-11-03 00:00:00,51.92827,50.27827,53.02827,49.32827,0.0,0.04242,18818084.0,951488993.0,-1.6624853530150765,51.12827
HK.01772,赣锋锂业,2025-11-04 00:00:00,50.87827,47.32827,52.02827,47.06827,0.0,0.05001,22321457.0,1091895744.0,-5.867345873276856,50.27827
HK.01772,赣锋锂业,2025-11-05 00:00:00,45.26827,47.70827,48.96827,45.22827,0.0,0.07238,32305100.0,1525918664.0,0.8029027893899258,47.32827
HK.01772,赣锋锂业,2025-11-06 00:00:00,48.02827,50.62827,51.02827,47.80827,0.0,0.0517,23074400.0,1152532223.0,6.1205321425404895,47.70827
HK.01772,赣锋锂业,2025-11-07 00:00:00,51.07827,52.52827,53.32827,49.32827,0.0,0.05767,25739574.0,1335676218.0,3.752844013828635,50.62827
HK.01772,赣锋锂业,2025-11-10 00:00:00,53.82827,53.82827,57.77827,52.67827,0.0,0.08359,37307675.0,2062385667.0,2.4748578241773513,52.52827
HK.01772,赣锋锂业,2025-11-11 00:00:00,54.97827,54.32827,56.12827,53.12827,0.0,0.05452,24333951.0,1336180553.0,0.9288799361376465,53.82827
HK.01772,赣锋锂业,2025-11-12 00:00:00,53.62827,53.17827,54.82827,51.02827,0.0,0.04482,20003687.0,1061008260.0,-2.11676167858834,54.32827
HK.01772,赣锋锂业,2025-11-13 00:00:00,53.27827,59.62827,59.62827,53.12827,0.0,0.09644,43044912.0,2493691578.0,12.129014351162615,53.17827
HK.01772,赣锋锂业,2025-11-14 00:00:00,58.02827,57.32827,59.57827,57.02827,0.0,0.04502,20094618.0,1173535830.0,-3.857230806796838,59.62827
HK.01772,赣锋锂业,2025-11-17 00:00:00,59.77827,62.47827,62.97827,58.97827,0.0,0.08051,35935765.0,2222277091.0,8.983351494820964,57.32827
HK.01772,赣锋锂业,2025-11-18 00:00:00,62.02827,58.32827,63.17827,56.87827,0.0,0.08235,36756810.0,2181806190.0,-6.642309398131539,62.47827
HK.01772,赣锋锂业,2025-11-19 00:00:00,59.17827,59.12827,61.82827,58.82827,0.0,0.06801,30355387.0,1835449280.0,1.3715476217621354,58.32827
HK.01772,赣锋锂业,2025-11-20 00:00:00,59.82827,57.97827,62.27827,56.62827,0.0,0.07983,35628649.0,2126838704.0,-1.9449241454214685,59.12827
HK.01772,赣锋锂业,2025-11-21 00:00:00,54.42827,50.72827,54.72827,49.97827,0.0,0.09076,40511274.0,2115151817.0,-12.50468494489401,57.97827
HK.01772,赣锋锂业,2025-11-24 00:00:00,52.32827,47.84827,52.32827,46.12827,0.0,0.1692,75519254.0,3623610352.0,-5.677307741817338,50.72827
HK.01772,赣锋锂业,2025-11-25 00:00:00,47.92827,49.50827,50.27827,46.82827,0.0,0.08501,37943794.0,1848282699.0,3.469299934981983,47.84827
HK.01772,赣锋锂业,2025-11-26 00:00:00,51.02827,49.08827,51.42827,49.02827,0.0,0.04813,21480720.0,1080597909.0,-0.8483431152007568,49.50827
HK.01772,赣锋锂业,2025-11-27 00:00:00,48.88827,47.78827,50.57827,47.58827,0.0,0.04624,20639258.0,1013689890.0,-2.648290518284723,49.08827
HK.01772,赣锋锂业,2025-11-28 00:00:00,47.72827,48.80827,50.12827,47.72827,0.0,0.04319,19275836.0,947977292.0,2.1344149934701613,47.78827
HK.01772,赣锋锂业,2025-12-01 00:00:00,49.12827,48.44827,51.17827,47.92827,0.0,0.04599,20524617.0,1016159814.0,-0.737579922418884,48.80827
HK.01772,赣锋锂业,2025-12-02 00:00:00,48.68827,47.72827,48.68827,46.84827,0.0,0.02565,12337410.0,589703313.0,-1.4861211762566524,48.44827
HK.01772,赣锋锂业,2025-12-03 00:00:00,47.50827,47.26827,48.40827,45.98827,0.0,0.02919,14036425.0,661699717.0,-0.9637893852008481,47.72827
HK.01772,赣锋锂业,2025-12-04 00:00:00,47.22827,47.24827,47.82827,46.58827,0.0,0.01973,9488285.0,449155241.0,-0.042311681811082,47.26827
HK.01772,赣锋锂业,2025-12-05 00:00:00,46.82827,47.74827,48.38827,46.32827,0.0,0.02592,12464040.0,595993802.0,1.0582398043356933,47.24827
HK.01772,赣锋锂业,2025-12-08 00:00:00,48.32827,51.07827,51.22827,47.72827,0.0,0.04762,22898270.0,1146292126.0,6.974074662809785,47.74827
HK.01772,赣锋锂业,2025-12-09 00:00:00,50.82827,49.50827,51.32827,48.84827,0.0,0.02832,13617634.0,681924963.0,-3.0737141254000973,51.07827
HK.01772,赣锋锂业,2025-12-10 00:00:00,49.82827,50.77827,52.32827,48.82827,0.0,0.03857,18548187.0,945599501.0,2.5652279912022697,49.50827
HK.01772,赣锋锂业,2025-12-11 00:00:00,51.52827,51.47827,53.97827,51.02827,0.0,0.04432,21311411.0,1118947148.0,1.3785424355733327,50.77827
HK.01772,赣锋锂业,2025-12-12 00:00:00,52.67827,50.32827,53.07827,49.38827,0.0,0.04948,23854813.0,1215472177.0,-2.233952306478051,51.47827
HK.01772,赣锋锂业,2025-12-15 00:00:00,50.32827,49.97827,51.27827,49.04827,0.0,0.02258,10888875.0,547141500.0,-0.6954341963274346,50.32827
HK.01772,赣锋锂业,2025-12-16 00:00:00,50.47827,48.90827,50.72827,48.48827,0.0,0.0223,10753720.0,531604417.0,-2.1409304483728633,49.97827
HK.01772,赣锋锂业,2025-12-17 00:00:00,50.67827,51.72827,52.27827,50.22827,0.0,0.04377,21105195.0,1089173482.0,5.765896033533798,48.90827
HK.01772,赣锋锂业,2025-12-18 00:00:00,51.32827,50.52827,53.02827,50.22827,0.0,0.03303,15923045.0,821652410.0,-2.319814677738117,51.72827
HK.01772,赣锋锂业,2025-12-19 00:00:00,50.72827,51.47827,52.52827,49.72827,0.0,0.04387,21151633.0,1090789596.0,1.880135615171473,50.52827
HK.01772,赣锋锂业,2025-12-22 00:00:00,52.42827,53.77827,54.47827,52.17827,0.0,0.04407,21247569.0,1138259704.0,4.467904612956102,51.47827
HK.01772,赣锋锂业,2025-12-23 00:00:00,53.77827,55.97827,57.07827,53.12827,0.0,0.04516,21775692.0,1211582116.0,4.09087164760042,53.77827
HK.01772,赣锋锂业,2025-12-24 00:00:00,56.82827,55.87827,58.42827,55.72827,0.0,0.02721,13119886.0,748598961.0,-0.17864074756151166,55.97827
HK.01772,赣锋锂业,2025-12-29 00:00:00,58.07827,54.62827,58.12827,53.82827,0.0,0.03723,17949804.0,1004853365.0,-2.237005547952719,55.87827
HK.01772,赣锋锂业,2025-12-30 00:00:00,51.47827,54.42827,55.42827,51.42827,0.0,0.03839,18509878.0,995110148.0,-0.3661108067306595,54.62827
HK.01772,赣锋锂业,2025-12-31 00:00:00,54.72827,51.77827,54.72827,51.67827,0.0,0.02134,10286939.0,546120579.0,-4.868793367858282,54.42827
HK.01772,赣锋锂业,2026-01-02 00:00:00,51.77827,53.92827,54.22827,51.77827,0.0,0.00624,3010523.0,161786965.0,4.152321041239884,51.77827
HK.01772,赣锋锂业,2026-01-05 00:00:00,53.57827,53.12827,54.22827,51.62827,0.0,0.02903,14026350.0,742669416.0,-1.4834520002217708,53.92827
HK.01772,赣锋锂业,2026-01-06 00:00:00,54.57827,56.62827,56.82827,53.67827,0.0,0.04941,23870582.0,1332102420.0,6.587829793817868,53.12827
HK.01772,赣锋锂业,2026-01-07 00:00:00,56.82827,57.12827,57.92827,56.07827,0.0,0.02464,11905743.0,679379450.0,0.8829512185344881,56.62827
HK.01772,赣锋锂业,2026-01-08 00:00:00,57.52827,55.77827,58.72827,54.02827,0.0,0.03205,15483832.0,872889416.0,-2.3631032411798945,57.12827
HK.01772,赣锋锂业,2026-01-09 00:00:00,55.77827,56.32827,58.17827,54.82827,0.0,0.02411,11647322.0,664188692.0,0.9860470753216338,55.77827
HK.01772,赣锋锂业,2026-01-12 00:00:00,58.77827,58.97827,60.12827,57.27827,0.0,0.0455,21979895.0,1299028784.0,4.704564865919011,56.32827
HK.01772,赣锋锂业,2026-01-13 00:00:00,60.32827,61.32827,63.77827,59.07827,0.0,0.05927,28632181.0,1763880021.0,3.984518365832028,58.97827
HK.01772,赣锋锂业,2026-01-14 00:00:00,61.92827,61.87827,64.02827,59.82827,0.0,0.04843,23397890.0,1452781476.0,0.8968131662608405,61.32827
HK.01772,赣锋锂业,2026-01-15 00:00:00,61.32827,66.62827,67.37827,59.87827,0.0,0.05417,26171493.0,1721829357.0,7.676361992667216,61.87827
HK.01772,赣锋锂业,2026-01-16 00:00:00,66.62827,63.32827,67.678269999,62.62827,0.0,0.0411,19853302.0,1281856136.0,-4.952852595452346,66.62827
HK.01772,赣锋锂业,2026-01-19 00:00:00,63.32827,60.77827,63.32827,60.47827,0.0,0.02405,11620406.0,714631204.0,-4.026637708562076,63.32827
HK.01772,赣锋锂业,2026-01-20 00:00:00,61.72827,62.07827,62.32827,58.32827,0.0,0.03167,15299435.0,931978254.0,2.138922348398538,60.77827
HK.01772,赣锋锂业,2026-01-21 00:00:00,62.17827,65.52827,65.52827,61.82827,0.0,0.02987,14428781.0,926855241.0,5.557500233173383,62.07827
HK.01772,赣锋锂业,2026-01-22 00:00:00,65.82827,64.97827,67.02827,64.37827,0.0,0.02433,11754759.0,770411585.0,-0.8393323980627161,65.52827
HK.01772,赣锋锂业,2026-01-23 00:00:00,66.62827,69.82827,70.62827,65.77827,0.0,0.04186,20224646.0,1395871696.0,7.464033745435218,64.97827
HK.01772,赣锋锂业,2026-01-26 00:00:00,71.22827,69.27827,72.27827,68.52827,0.0,0.03894,18813533.0,1328525706.0,-0.7876466078853123,69.82827
HK.01772,赣锋锂业,2026-01-27 00:00:00,70.32827,69.02827,71.02827,66.47827,0.0,0.03592,17353865.0,1183444937.0,-0.3608635146345311,69.27827
HK.01772,赣锋锂业,2026-01-28 00:00:00,69.92827,68.52827,70.77827,65.97827,0.0,0.04675,22583619.0,1529579805.0,-0.7243409113396583,69.02827
HK.01772,赣锋锂业,2026-01-29 00:00:00,66.82827,67.72827,68.62827,65.32827,0.0,0.03052,14742874.0,992961351.0,-1.1674014242589392,68.52827
HK.01772,赣锋锂业,2026-01-30 00:00:00,66.928269999,60.32827,66.928269999,59.62827,0.0,0.06965,33645923.0,2063807863.0,-10.926013612927058,67.72827
HK.01772,赣锋锂业,2026-02-02 00:00:00,58.42827,58.82827,61.77827,58.02827,0.0,0.04052,19574314.0,1171439702.0,-2.4863965102927694,60.32827
HK.01772,赣锋锂业,2026-02-03 00:00:00,60.37827,62.17827,62.27827,58.97827,0.0,0.02996,14474466.0,883670590.0,5.6945410769346,58.82827
HK.01772,赣锋锂业,2026-02-04 00:00:00,62.17827,59.67827,62.17827,58.82827,0.0,0.0319,15412151.0,925968370.0,-4.020697262886214,62.17827
HK.01772,赣锋锂业,2026-02-05 00:00:00,58.27827,55.72827,58.32827,54.52827,0.0,0.04474,21613790.0,1206450823.0,-6.618824573835662,59.67827
HK.01772,赣锋锂业,2026-02-06 00:00:00,53.92827,57.12827,58.02827,53.02827,0.0,0.04882,23583645.0,1338277476.0,2.5121899531422716,55.72827
HK.01772,赣锋锂业,2026-02-09 00:00:00,58.67827,58.22827,58.87827,56.87827,0.0,0.01622,7837571.0,454650103.0,1.9254915298502848,57.12827
HK.01772,赣锋锂业,2026-02-10 00:00:00,58.57827,58.02827,58.67827,57.42827,0.0,0.00936,4519430.0,263186531.0,-0.3434757721635948,58.22827
HK.01772,赣锋锂业,2026-02-11 00:00:00,58.72827,61.02827,61.02827,58.07827,0.0,0.02515,12149168.0,732824736.0,5.169893915500152,58.02827
HK.01772,赣锋锂业,2026-02-12 00:00:00,61.02827,62.37827,62.82827,60.22827,0.0,0.02062,9959690.0,615944697.0,2.212089577502363,61.02827
HK.01772,赣锋锂业,2026-02-13 00:00:00,60.17827,60.32827,61.47827,59.87827,0.0,0.01804,8716045.0,528344673.0,-3.2864008572215884,62.37827
HK.01772,赣锋锂业,2026-02-16 00:00:00,60.32827,63.12827,63.82827,60.12827,0.0,0.00982,4742525.0,299386195.0,4.641273485879832,60.32827
HK.01772,赣锋锂业,2026-02-20 00:00:00,63.07827,61.12827,63.62827,60.12827,0.0,0.00822,3970958.0,244014641.0,-3.168152715098956,63.12827
HK.01772,赣锋锂业,2026-02-23 00:00:00,62.62827,66.32827,66.62827,62.32827,0.0,0.01944,9389899.0,617709141.0,8.50670238172944,61.12827
HK.01772,赣锋锂业,2026-02-24 00:00:00,65.72827,66.22827,66.428269999,64.27827,0.0,0.02249,10867111.0,712112502.0,-0.15076527700784073,66.32827
HK.01772,赣锋锂业,2026-02-25 00:00:00,67.428269999,67.32827,68.82827,66.178269999,0.0,0.02391,11548807.0,782121651.0,1.6609221409528117,66.22827
HK.01772,赣锋锂业,2026-02-26 00:00:00,71.02827,68.72827,71.12827,68.178269999,0.0,0.04554,21999259.0,1531919855.0,2.0793642848687353,67.32827
HK.01772,赣锋锂业,2026-02-27 00:00:00,67.178269999,68.62827,70.12827,66.928269999,0.0,0.03017,14574655.0,1004570307.0,-0.14550053420520306,68.72827
HK.01772,赣锋锂业,2026-03-02 00:00:00,67.428269999,66.178269999,68.72827,64.82827,0.0,0.02136,10317244.0,686965962.0,-3.5699573965655937,68.62827
HK.01772,赣锋锂业,2026-03-03 00:00:00,66.12827,58.97827,66.77827,58.62827,0.0,0.05361,25900766.0,1590158151.0,-10.879704167408411,66.178269999
HK.01772,赣锋锂业,2026-03-04 00:00:00,58.42827,59.07827,61.02827,57.62827,0.0,0.02658,12838639.0,761835978.0,0.16955397301413117,58.97827
HK.01772,赣锋锂业,2026-03-05 00:00:00,61.07827,58.92827,61.62827,58.02827,0.0,0.02266,10948470.0,655413088.0,-0.253900461201734,59.07827
HK.01772,赣锋锂业,2026-03-06 00:00:00,58.72827,58.77827,59.77827,58.22827,0.0,0.01278,6172329.0,364809669.0,-0.2545467565906798,58.92827
HK.01772,赣锋锂业,2026-03-09 00:00:00,56.57827,60.17827,60.22827,54.12827,0.0,0.03507,16942439.0,976794645.0,2.3818326058252457,58.77827
HK.01772,赣锋锂业,2026-03-10 00:00:00,61.47827,61.22827,62.12827,60.42827,0.0,0.01757,8490407.0,521321765.0,1.74481586127352,60.17827
HK.01772,赣锋锂业,2026-03-11 00:00:00,61.17827,61.47827,62.97827,60.02827,0.0,0.02331,11263091.0,696072748.0,0.4083081230287905,61.22827
HK.01772,赣锋锂业,2026-03-12 00:00:00,61.42827,60.22827,61.97827,58.97827,0.0,0.01372,6630034.0,400776538.0,-2.0332387362233844,61.47827
HK.01772,赣锋锂业,2026-03-13 00:00:00,60.47827,60.67827,64.22827,60.32827,0.0,0.02683,12961123.0,807673256.0,0.747157439521334,60.22827
HK.01772,赣锋锂业,2026-03-16 00:00:00,60.47827,63.07827,63.12827,59.92827,0.0,0.02711,13098933.0,815630583.0,3.9552874529877102,60.67827
HK.01772,赣锋锂业,2026-03-17 00:00:00,63.62827,61.82827,64.22827,61.77827,0.0,0.01235,5967696.0,375357777.0,-1.9816650012753994,63.07827
HK.01772,赣锋锂业,2026-03-18 00:00:00,61.87827,58.87827,62.17827,58.57827,0.0,0.02286,11041762.0,658259477.0,-4.771280192701498,61.82827
HK.01772,赣锋锂业,2026-03-19 00:00:00,57.82827,55.37827,58.27827,55.12827,0.0,0.02556,12349580.0,698081139.0,-5.944468137396021,58.87827
HK.01772,赣锋锂业,2026-03-20 00:00:00,56.02827,58.22827,60.57827,55.37827,0.0,0.04734,22867618.0,1330826559.0,5.146422956152298,55.37827
HK.01772,赣锋锂业,2026-03-23 00:00:00,56.37827,58.37827,60.27827,56.22827,0.0,0.03804,18374790.0,1077165245.0,0.25760682912269,58.22827
HK.01772,赣锋锂业,2026-03-24 00:00:00,59.97827,62.02827,62.17827,56.92827,0.0,0.03841,18555320.0,1121823339.0,6.252326422143032,58.37827
HK.01772,赣锋锂业,2026-03-25 00:00:00,63.62827,65.37827,65.37827,62.57827,0.0,0.03553,17162442.0,1103985689.0,5.400763232635702,62.02827
HK.01772,赣锋锂业,2026-03-26 00:00:00,65.37827,67.82827,69.57827,65.22827,0.0,0.0423,20434674.0,1392889955.0,3.7474224998611962,65.37827
HK.01772,赣锋锂业,2026-03-27 00:00:00,67.77827,74.12827,76.17827,66.928269999,0.0,0.07561,36529057.0,2659847769.0,9.288162590613025,67.82827
HK.01772,赣锋锂业,2026-03-30 00:00:00,75.82827,74.37827,76.02827,70.77827,0.0,0.04137,19986373.0,1467073597.0,0.33725325034565085,74.12827
HK.01772,赣锋锂业,2026-03-31 00:00:00,74.12827,72.57827,76.07827,71.32827,85.387,0.03091,14934936.0,1092981391.0,-2.4200616658602,74.37827
HK.01772,赣锋锂业,2026-04-01 00:00:00,73.72827,69.67827,74.12827,68.92827,81.983,0.03652,17643299.0,1250234772.0,-3.995686312170303,72.57827
HK.01772,赣锋锂业,2026-04-02 00:00:00,69.22827,72.92827,73.77827,69.02827,85.798,0.03183,15378993.0,1114189421.0,4.664294908584843,69.67827
HK.01772,赣锋锂业,2026-04-08 00:00:00,72.87827,76.87827,78.47827,71.67827,90.434,0.03387,16361423.0,1242218963.0,5.41628095661669,72.92827
HK.01772,赣锋锂业,2026-04-09 00:00:00,75.92827,77.27827,79.02827,74.42827,90.903,0.01925,9300526.0,716922713.0,0.5203030713360299,76.87827
HK.01772,赣锋锂业,2026-04-10 00:00:00,78.42827,78.87827,82.72827,76.82827,92.781,0.04126,19932414.0,1590203782.0,2.0704397238706225,77.27827
HK.01772,赣锋锂业,2026-04-13 00:00:00,79.12827,79.62827,80.77827,78.02827,93.661,0.01965,9492917.0,755359892.0,0.9508322127247466,78.87827
HK.01772,赣锋锂业,2026-04-14 00:00:00,80.72827,82.37827,83.32827,79.02827,96.889,0.02685,12969401.0,1054639178.0,3.4535473394059673,79.62827
HK.01772,赣锋锂业,2026-04-15 00:00:00,83.02827,78.27827,83.02827,77.12827,92.077,0.0241,11642548.0,919399253.0,-4.977040668613208,82.37827
HK.01772,赣锋锂业,2026-04-16 00:00:00,79.52827,83.97827,84.67827,78.62827,98.767,0.03454,16687613.0,1386668895.0,7.2817143250610785,78.27827
HK.01772,赣锋锂业,2026-04-17 00:00:00,84.82827,81.67827,87.32827,80.12827,96.068,0.02853,13780559.0,1146975003.0,-2.7388037405390673,83.97827
HK.01772,赣锋锂业,2026-04-20 00:00:00,81.67827,80.42827,82.27827,79.32827,94.6,0.01445,6978445.0,561807486.0,-1.5303948039056166,81.67827
HK.01772,赣锋锂业,2026-04-21 00:00:00,82.32827,80.22827,83.42827,79.92827,94.366,0.02296,11091221.0,904664440.0,-0.24866878275512186,80.42827
HK.01772,赣锋锂业,2026-04-22 00:00:00,79.32827,78.12827,80.02827,77.22827,91.901,0.02502,12086473.0,945723735.0,-2.6175312019067523,80.22827
HK.01772,赣锋锂业,2026-04-23 00:00:00,78.17827,74.97827,78.67827,74.87827,88.204,0.02246,10851275.0,825706267.0,-4.031831243671472,78.12827
HK.01772,赣锋锂业,2026-04-24 00:00:00,75.52827,81.87827,82.72827,75.02827,96.302,0.03736,18050319.0,1439434660.0,9.202666319188221,74.97827
HK.01772,赣锋锂业,2026-04-27 00:00:00,82.82827,79.82827,83.62827,77.32827,93.896,0.03269,15791250.0,1271824319.0,-2.503716798119937,81.87827
HK.01772,赣锋锂业,2026-04-28 00:00:00,81.12827,78.32827,81.82827,77.37827,92.136,0.01376,6646288.0,523873326.0,-1.879033580459654,79.82827
HK.01772,赣锋锂业,2026-04-29 00:00:00,77.42827,83.77827,84.27827,77.12827,98.532,0.03548,17138470.0,1417931149.0,6.957896555100736,78.32827
HK.01772,赣锋锂业,2026-04-30 00:00:00,84.02827,83.12827,87.17827,82.32827,97.769,0.03458,16706349.0,1412375184.0,-0.7758575105454023,83.77827
HK.01772,赣锋锂业,2026-05-04 00:00:00,83.82827,86.52827,89.57827,83.82827,101.76,0.01761,8508236.0,746466756.0,4.090064667531281,83.12827
HK.01772,赣锋锂业,2026-05-05 00:00:00,84.27827,86.32827,86.82827,84.27827,101.525,0.00658,3177684.0,273542830.0,-0.2311383320156555,86.52827
HK.01772,赣锋锂业,2026-05-06 00:00:00,87.42827,88.62827,89.27827,83.17827,104.225,0.02836,13701779.0,1196501707.0,2.6642489186914053,86.32827
HK.01772,赣锋锂业,2026-05-07 00:00:00,88.97827,88.82827,89.17827,84.47827,104.46,0.02714,13110149.0,1139720594.0,0.22566163144107726,88.62827
HK.01772,赣锋锂业,2026-05-08 00:00:00,87.82827,83.02827,91.02827,82.42827,97.652,0.02964,14319878.0,1218396092.0,-6.529452841983748,88.82827
HK.01772,赣锋锂业,2026-05-11 00:00:00,85.17827,84.42827,85.57827,81.42827,99.295,0.02551,12323834.0,1028650265.0,1.6861726734761444,83.02827
HK.01772,赣锋锂业,2026-05-12 00:00:00,84.82827,83.12827,86.27827,80.72827,97.769,0.02549,12312357.0,1021984428.0,-1.539768610679808,84.42827
HK.01772,赣锋锂业,2026-05-13 00:00:00,83.82827,79.82827,84.07827,78.92827,93.896,0.02928,14146172.0,1139197094.0,-3.9697686478979985,83.12827
HK.01772,赣锋锂业,2026-05-14 00:00:00,79.62827,76.92827,79.62827,75.47827,90.492,0.03448,16658135.0,1288976065.0,-3.6327982555553384,79.82827
HK.01772,赣锋锂业,2026-05-15 00:00:00,76.92827,73.02827,77.22827,72.42827,85.915,0.03637,17570003.0,1302581883.0,-5.069657747405461,76.92827
HK.01772,赣锋锂业,2026-05-18 00:00:00,72.62827,73.62827,75.67827,71.92827,86.619,0.01937,9357563.0,694905348.0,0.8215996353193008,73.02827
HK.01772,赣锋锂业,2026-05-19 00:00:00,73.02827,69.47827,73.27827,68.82827,81.748,0.02516,12153034.0,853138869.0,-5.636421988456344,73.62827
HK.01772,赣锋锂业,2026-05-20 00:00:00,68.97827,70.52827,71.22827,67.37827,82.981,0.03988,19267847.0,1339815367.0,1.511263881498505,69.47827
HK.01772,赣锋锂业,2026-05-21 00:00:00,72.17827,67.52827,72.32827,66.72827,79.46,0.02866,13845966.0,955050655.0,-4.253613480098122,70.52827
HK.01772,赣锋锂业,2026-05-22 00:00:00,67.5,68.2,68.8,66.7,80.046,0.01619,7823010.0,531943782.0,0.9947389441488677,67.52827
HK.01772,赣锋锂业,2026-05-26 00:00:00,67.1,66.8,67.7,64.2,78.403,0.02459,11881250.0,786736761.0,-2.052785923753674,68.2
HK.01772,赣锋锂业,2026-05-27 00:00:00,67.0,65.95,69.0,65.1,77.406,0.01814,8761888.0,586420846.0,-1.2724550898203508,66.8
HK.01772,赣锋锂业,2026-05-28 00:00:00,67.45,64.45,67.5,62.25,75.645,0.03132,15129320.0,969373076.0,-2.2744503411675514,65.95
HK.01772,赣锋锂业,2026-05-29 00:00:00,65.45,64.05,65.85,63.05,75.176,0.02545,12294004.0,790309439.0,-0.620636152055866,64.45
HK.01772,赣锋锂业,2026-06-01 00:00:00,65.2,63.35,66.15,62.8,74.354,0.01899,9174408.0,590691299.0,-1.0928961748633814,64.05
HK.01772,赣锋锂业,2026-06-02 00:00:00,62.75,61.6,63.15,59.8,72.3,0.03223,15572141.0,953697433.0,-2.7624309392265194,63.35
HK.01772,赣锋锂业,2026-06-03 00:00:00,61.0,60.55,61.6,59.5,71.068,0.01853,8951091.0,542795513.0,-1.7045454545454612,61.6
HK.01772,赣锋锂业,2026-06-04 00:00:00,60.0,57.6,60.05,57.05,67.605,0.02919,14102786.0,816779688.0,-4.872006606110645,60.55
HK.01772,赣锋锂业,2026-06-05 00:00:00,57.0,55.8,58.15,55.45,65.492,0.02808,13567434.0,768230510.0,-3.1250000000000075,57.6
HK.01772,赣锋锂业,2026-06-08 00:00:00,54.65,54.0,56.0,52.65,63.38,0.02084,10065844.0,545474702.0,-3.225806451612898,55.8
HK.01772,赣锋锂业,2026-06-09 00:00:00,54.75,55.95,57.9,53.1,65.669,0.04998,24143928.0,1349237528.0,3.6111111111111165,54.0
HK.01772,赣锋锂业,2026-06-10 00:00:00,55.75,55.0,57.9,53.45,64.553,0.03131,15125207.0,835329624.0,-1.6979445933869575,55.95
HK.01772,赣锋锂业,2026-06-11 00:00:00,54.5,58.25,59.75,54.45,68.368,0.04616,22298729.0,1288956566.0,5.909090909090909,55.0
HK.01772,赣锋锂业,2026-06-12 00:00:00,60.0,60.8,63.2,58.1,71.361,0.04005,19349014.0,1177328161.0,4.377682403433472,58.25
HK.01772,赣锋锂业,2026-06-15 00:00:00,62.8,61.85,63.4,60.25,72.593,0.02894,13982191.0,863283453.0,1.7269736842105334,60.8
HK.01772,赣锋锂业,2026-06-16 00:00:00,60.1,60.55,61.75,60.05,71.068,0.01916,9253895.0,562316207.0,-2.101859337105908,61.85
HK.01772,赣锋锂业,2026-06-17 00:00:00,61.0,60.55,63.45,60.05,71.068,0.02058,9943128.0,612962467.0,0.0,60.55
HK.01772,赣锋锂业,2026-06-18 00:00:00,59.5,56.0,60.2,55.7,65.727,0.03807,18392516.0,1048312543.0,-7.51445086705202,60.55
HK.01772,赣锋锂业,2026-06-22 00:00:00,53.85,57.25,58.1,52.8,67.194,0.03121,15077233.0,841031040.0,2.232142857142857,56.0
HK.01772,赣锋锂业,2026-06-23 00:00:00,57.5,55.1,58.45,54.5,64.671,0.01935,9349618.0,521722313.0,-3.7554585152838404,57.25
HK.01772,赣锋锂业,2026-06-24 00:00:00,55.1,56.05,57.5,53.15,65.786,0.02856,13797437.0,768847587.0,1.724137931034475,55.1
HK.01772,赣锋锂业,2026-06-25 00:00:00,56.0,52.75,56.0,51.8,61.913,0.02898,14000568.0,742016784.0,-5.88760035682426,56.05
HK.01772,赣锋锂业,2026-06-26 00:00:00,52.7,48.9,52.85,47.86,57.394,0.03775,18236520.0,899935505.0,-7.298578199052136,52.75
HK.01772,赣锋锂业,2026-06-29 00:00:00,48.84,49.28,50.5,47.68,57.84,0.02367,11435775.0,562829697.0,0.7770961145194327,48.9
HK.01772,赣锋锂业,2026-06-30 00:00:00,49.32,50.3,51.35,48.78,59.037,0.02468,11923185.0,596080913.0,2.0698051948051868,49.28
HK.01772,赣锋锂业,2026-07-02 00:00:00,51.4,48.08,51.4,47.7,56.431,0.02349,11346352.0,554303272.0,-4.413518886679919,50.3
HK.01772,赣锋锂业,2026-07-03 00:00:00,49.12,49.7,51.0,48.82,58.333,0.02073,10015761.0,500442968.0,3.369384359401008,48.08
HK.01772,赣锋锂业,2026-07-06 00:00:00,50.2,49.42,52.15,48.72,58.004,0.01521,7347004.0,369249568.0,-0.5633802816901431,49.7
HK.01772,赣锋锂业,2026-07-07 00:00:00,49.42,47.18,50.55,46.58,55.375,0.02219,10721430.0,513244967.0,-4.532577903682723,49.42
HK.01772,赣锋锂业,2026-07-08 00:00:00,46.52,43.8,46.82,43.7,51.408,0.03106,15006991.0,670881782.0,-7.164052564646043,47.18
HK.01772,赣锋锂业,2026-07-09 00:00:00,43.82,43.08,44.98,42.1,50.563,0.03703,17890168.0,772611462.0,-1.6438356164383536,43.8
HK.01772,赣锋锂业,2026-07-10 00:00:00,43.0,41.62,43.56,41.3,48.849,0.02683,12960042.0,547741788.0,-3.3890436397400205,43.08
HK.01772,赣锋锂业,2026-07-13 00:00:00,41.48,40.6,41.48,39.62,47.652,0.01883,9097209.0,368217773.0,-2.4507448342143108,41.62
HK.01772,赣锋锂业,2026-07-14 00:00:00,41.06,41.72,41.82,39.6,48.967,0.01959,9465169.0,386659004.0,2.758620689655166,40.6
HK.01772,赣锋锂业,2026-07-15 00:00:00,41.96,40.0,42.38,39.5,46.948,0.03088,14917870.0,597926973.0,-4.122722914669221,41.72
HK.01772,赣锋锂业,2026-07-16 00:00:00,39.76,39.84,40.9,38.48,46.76,0.02706,13074558.0,519583931.0,-0.39999999999999153,40.0
HK.01772,赣锋锂业,2026-07-17 00:00:00,40.0,37.82,40.5,36.92,44.389,0.03059,14778111.0,566161087.0,-5.070281124497999,39.84
HK.01772,赣锋锂业,2026-07-20 00:00:00,38.0,36.1,38.46,35.52,42.37,0.0325,15701311.0,571726368.0,-4.547858276044417,37.82
HK.01772,赣锋锂业,2026-07-21 00:00:00,35.8,36.7,37.24,34.86,43.075,0.02915,14084494.0,509926970.0,1.6620498614958488,36.1
HK.01772,赣锋锂业,2026-07-22 00:00:00,37.04,36.86,37.62,35.9,43.262,0.02037,9841783.0,361561004.0,0.43596730245230675,36.7
HK.01772,赣锋锂业,2026-07-23 00:00:00,37.44,40.5,41.52,36.86,47.535,0.06399,30912839.0,1236087883.0,9.875203472599026,36.86
HK.01772,赣锋锂业,2026-07-24 00:00:00,39.8,38.38,40.24,38.08,45.046,0.02913,14070720.0,547036337.0,-5.234567901234562,40.5
HK.01772,赣锋锂业,2026-07-27 00:00:00,39.0,38.38,39.42,37.24,45.046,0.0313,15120773.0,574574109.0,0.0,38.38
HK.01772,赣锋锂业,2026-07-28 00:00:00,38.36,36.44,38.68,36.04,42.769,0.02318,11198746.0,412858474.0,-5.054715997915594,38.38
HK.01772,赣锋锂业,2026-07-29 00:00:00,36.98,38.56,39.26,35.84,45.258,0.03606,17421689.0,659829378.0,5.817782656421527,36.44
HK.01772,赣锋锂业,2026-07-30 00:00:00,38.3,37.76,40.06,37.56,44.319,0.03522,17013440.0,657641705.0,-2.0746887966805088,38.56
HK.01772,赣锋锂业,2026-07-31 00:00:00,38.28,36.82,38.5,36.7,43.215,0.02842,13730394.0,512208603.0,-2.489406779661011,37.76
HK.01772,赣锋锂业,2026-08-03 00:00:00,36.74,37.78,38.38,36.02,44.342,0.01798,8688091.0,326098555.0,2.607278652906032,36.82
HK.01772,赣锋锂业,2026-08-04 00:00:00,38.12,39.26,39.48,38.0,46.079,0.02252,10877821.0,423716892.0,3.917416622551606,37.78
HK.01772,赣锋锂业,2026-08-05 00:00:00,39.78,41.32,41.4,38.9,48.497,0.0378,18263376.0,739653211.0,5.247070809984724,39.26
HK.01772,赣锋锂业,2026-08-06 00:00:00,41.44,39.34,41.56,38.78,46.173,0.02772,13393924.0,532640780.0,-4.791868344627292,41.32
HK.01772,赣锋锂业,2026-08-07 00:00:00,39.88,40.32,40.96,39.12,47.323,0.02325,11230641.0,452561320.0,2.491103202846967,39.34
HK.01772,赣锋锂业,2026-08-10 00:00:00,40.68,41.12,42.96,40.62,48.262,0.02664,12871629.0,535802213.0,1.984126984126977,40.32
HK.01772,赣锋锂业,2026-08-11 00:00:00,41.0,39.74,41.0,39.54,46.643,0.0212,10243623.0,410076622.0,-3.3560311284046587,41.12
HK.01772,赣锋锂业,2026-08-12 00:00:00,40.18,40.7,41.8,39.92,47.769,0.02297,11097872.0,452822032.0,2.4157020634121813,39.74
HK.01772,赣锋锂业,2026-08-13 00:00:00,40.44,39.4,40.48,38.9,46.244,0.02636,12736440.0,503494385.0,-3.1941031941032048,40.7
HK.01772,赣锋锂业,2026-08-14 00:00:00,39.7,39.58,40.76,38.84,46.455,0.02382,11507576.0,455772211.0,0.45685279187817185,39.4
HK.01772,赣锋锂业,2026-08-17 00:00:00,40.0,40.08,40.68,39.48,47.042,0.01953,9437234.0,378300857.0,1.2632642748863063,39.58
HK.01772,赣锋锂业,2026-08-18 00:00:00,40.48,39.0,41.1,38.38,45.774,0.0227,10967545.0,431568030.0,-2.6946107784431095,40.08
HK.01772,赣锋锂业,2026-08-19 00:00:00,38.48,37.34,38.54,36.98,43.826,0.02062,9960684.0,375138278.0,-4.256410256410248,39.0
HK.01772,赣锋锂业,2026-08-20 00:00:00,37.94,37.38,38.56,37.1,43.873,0.01773,8564393.0,322000397.0,0.10712372790572881,37.34
HK.01772,赣锋锂业,2026-08-21 00:00:00,37.64,40.6,41.4,37.44,47.652,0.04516,21818835.0,872004456.0,8.614232209737823,37.38
