code,name,time_key,open,close,high,low,pe_ratio,turnover_rate,volume,turnover,change_rate,last_close
HK.01880,中国中免,2022-08-25 00:00:00,115.38236,153.38236,154.68236,115.38236,28.9,0.06526,6705900.0,1053269400.0,0.0,153.38236
HK.01880,中国中免,2022-08-26 00:00:00,153.88236,159.78236,160.38236,152.48236,28.403,0.02721,2795933.0,448621383.0,4.172578906726957,153.38236
HK.01880,中国中免,2022-08-29 00:00:00,158.38236,169.18236,170.38236,157.48236,30.027,0.02952,3033100.0,517104465.0,5.883002353951949,159.78236
HK.01880,中国中免,2022-08-30 00:00:00,170.38236,165.38236,172.18236,163.38236,29.371,0.01306,1341600.0,228589263.0,-2.2460970517257137,169.18236
HK.01880,中国中免,2022-08-31 00:00:00,161.68236,177.38236,177.68236,158.38236,31.444,0.02468,2536626.0,450607674.0,7.255912903891322,165.38236
HK.01880,中国中免,2022-09-01 00:00:00,177.28236,166.38236,177.48236,164.48236,29.543,0.01008,1036184.0,181040256.0,-6.201293071081025,177.38236
HK.01880,中国中免,2022-09-02 00:00:00,163.88236,165.88236,167.38236,163.38236,29.457,0.00221,227058.0,38527064.0,-0.30051262645871835,166.38236
HK.01880,中国中免,2022-09-05 00:00:00,163.38236,167.38236,168.38236,158.38236,29.716,0.0034,349500.0,59061149.0,0.9042552806699881,165.88236
HK.01880,中国中免,2022-09-06 00:00:00,165.38236,166.38236,167.18236,163.38236,29.543,0.00523,537200.0,91285419.0,-0.5974345205791101,167.38236
HK.01880,中国中免,2022-09-07 00:00:00,162.88236,165.98236,169.38236,162.88236,29.474,0.00152,155802.0,26548668.0,-0.24041010116697806,166.38236
HK.01880,中国中免,2022-09-08 00:00:00,166.38236,168.38236,173.88236,166.18236,29.889,0.00302,310100.0,53828025.0,1.445936785089696,165.98236
HK.01880,中国中免,2022-09-09 00:00:00,170.28236,171.38236,172.08236,165.38236,30.407,0.00285,293300.0,51263276.0,1.7816593139566401,168.38236
HK.01880,中国中免,2022-09-13 00:00:00,171.38236,174.48236,174.78236,170.38236,30.943,0.00627,644800.0,114511061.0,1.8088209311623402,171.38236
HK.01880,中国中免,2022-09-14 00:00:00,171.38236,176.38236,179.28236,170.38236,31.271,0.00568,583700.0,105453732.0,1.0889352940893313,174.48236
HK.01880,中国中免,2022-09-15 00:00:00,177.38236,176.28236,178.68236,175.28236,31.254,0.00683,701900.0,127330333.0,-0.05669501190481538,176.38236
HK.01880,中国中免,2022-09-16 00:00:00,175.38236,175.48236,178.28236,173.98236,31.116,0.0075,771200.0,139099150.0,-0.4538173870601751,176.28236
HK.01880,中国中免,2022-09-19 00:00:00,176.38236,176.38236,177.88236,168.38236,31.271,0.00619,635600.0,112946643.0,0.5128720630381343,175.48236
HK.01880,中国中免,2022-09-20 00:00:00,178.18236,183.78236,184.98236,173.38236,32.55,0.00842,865091.0,158429318.0,4.195430880956579,176.38236
HK.01880,中国中免,2022-09-21 00:00:00,183.58236,173.38236,183.58236,167.58236,30.956,0.00826,961200.0,170102270.0,-5.658867368990149,183.78236
HK.01880,中国中免,2022-09-22 00:00:00,169.38236,176.38236,177.08236,167.78236,31.478,0.0019,221600.0,39727339.0,1.730279827774867,173.38236
HK.01880,中国中免,2022-09-23 00:00:00,176.38236,175.38236,179.18236,173.48236,31.304,0.00381,443600.0,80438677.0,-0.566950119048186,176.38236
HK.01880,中国中免,2022-09-26 00:00:00,174.38236,180.38236,181.88236,172.18236,32.173,0.01107,1288700.0,233711586.0,2.850913854734307,175.38236
HK.01880,中国中免,2022-09-27 00:00:00,179.38236,186.38236,189.18236,175.58236,33.217,0.00604,702400.0,131978000.0,3.3262676017765815,180.38236
HK.01880,中国中免,2022-09-28 00:00:00,189.18236,185.38236,191.28236,181.38236,33.043,0.01188,1382200.0,264876120.0,-0.5365314614537555,186.38236
HK.01880,中国中免,2022-09-29 00:00:00,185.48236,178.98236,189.28236,176.38236,31.93,0.00276,320770.0,59874565.0,-3.452324158566115,185.38236
HK.01880,中国中免,2022-09-30 00:00:00,178.88236,192.68236,192.68236,176.38236,34.313,0.00666,775368.0,147407751.0,7.654385605374737,178.98236
HK.01880,中国中免,2022-10-03 00:00:00,192.58236,204.18236,205.38236,191.88236,36.313,0.00412,479100.0,98273871.0,5.9683719879702535,192.68236
HK.01880,中国中免,2022-10-05 00:00:00,205.38236,205.18236,213.38236,200.58236,36.486,0.00959,1116627.0,235511842.0,0.48975827294777086,204.18236
HK.01880,中国中免,2022-10-06 00:00:00,203.38236,201.98236,207.38236,198.58236,35.93,0.00572,666056.0,138054883.0,-1.5595882609011753,205.18236
HK.01880,中国中免,2022-10-07 00:00:00,202.38236,194.38236,202.38236,190.98236,34.608,0.00381,443129.0,88716724.0,-3.7627048223419086,201.98236
HK.01880,中国中免,2022-10-10 00:00:00,191.48236,183.88236,192.38236,181.48236,32.782,0.00624,726308.0,138263607.0,-5.401724724404004,194.38236
HK.01880,中国中免,2022-10-11 00:00:00,183.88236,182.38236,183.88236,175.38236,32.521,0.00594,690759.0,127903343.0,-0.8157389322173154,183.88236
HK.01880,中国中免,2022-10-12 00:00:00,180.48236,177.38236,181.58236,172.68236,31.652,0.00435,506491.0,91586606.0,-2.7414932014258397,182.38236
HK.01880,中国中免,2022-10-13 00:00:00,175.38236,180.38236,184.28236,175.08236,32.173,0.00407,473525.0,87427478.0,1.6912617466584612,177.38236
HK.01880,中国中免,2022-10-14 00:00:00,182.38236,189.38236,189.98236,180.98236,33.739,0.00417,485026.0,91917389.0,4.989401402664873,180.38236
HK.01880,中国中免,2022-10-17 00:00:00,187.38236,188.78236,199.58236,182.58236,33.634,0.0067,779597.0,153836500.0,-0.31681937008282834,189.38236
HK.01880,中国中免,2022-10-18 00:00:00,190.38236,188.78236,194.38236,185.48236,33.634,0.00204,237000.0,46036029.0,0.0,188.78236
HK.01880,中国中免,2022-10-19 00:00:00,187.38236,176.48236,188.68236,175.58236,31.495,0.00353,411202.0,76720950.0,-6.5154392603207265,188.78236
HK.01880,中国中免,2022-10-20 00:00:00,174.38236,169.98236,175.18236,164.18236,30.365,0.00454,528608.0,91707549.0,-3.6830876468333718,176.48236
HK.01880,中国中免,2022-10-21 00:00:00,169.88236,171.38236,176.38236,168.88236,30.608,0.00222,257900.0,45563726.0,0.8236148739198618,169.98236
HK.01880,中国中免,2022-10-24 00:00:00,166.78236,168.88236,174.38236,165.78236,30.173,0.00341,397211.0,69167525.0,-1.458726557388987,171.38236
HK.01880,中国中免,2022-10-25 00:00:00,168.78236,176.88236,176.88236,166.88236,31.565,0.0019,221000.0,39185770.0,4.737025228685814,168.88236
HK.01880,中国中免,2022-10-26 00:00:00,175.68236,175.38236,181.18236,172.28236,31.304,0.00221,257705.0,46745103.0,-0.8480212498295477,176.88236
HK.01880,中国中免,2022-10-27 00:00:00,179.58236,172.58236,180.18236,172.48236,30.817,0.00092,107234.0,19319660.0,-1.5965117586512187,175.38236
HK.01880,中国中免,2022-10-28 00:00:00,173.38236,164.88236,173.48236,163.48236,29.478,0.00219,254939.0,44039232.0,-4.46163791015489,172.58236
HK.01880,中国中免,2022-10-31 00:00:00,164.18236,150.68236,164.18236,145.68236,27.008,0.00966,1124087.0,176486935.0,-8.612200844286809,164.88236
HK.01880,中国中免,2022-11-01 00:00:00,152.48236,158.88236,161.98236,140.08236,28.434,0.01117,1299908.0,206727010.0,5.441911050503866,150.68236
HK.01880,中国中免,2022-11-02 00:00:00,161.88236,169.58236,170.98236,157.18236,30.295,0.00622,723785.0,122771936.0,6.734542462737831,158.88236
HK.01880,中国中免,2022-11-03 00:00:00,163.38236,166.88236,169.38236,163.38236,29.826,0.00334,388800.0,66269791.0,-1.592146730355674,169.58236
HK.01880,中国中免,2022-11-04 00:00:00,166.88236,178.38236,183.58236,166.88236,31.826,0.00871,1013630.0,184089705.0,6.891081837529144,166.88236
HK.01880,中国中免,2022-11-07 00:00:00,178.38236,171.38236,180.08236,169.48236,30.608,0.00437,508017.0,91302795.0,-3.9241548323500144,178.38236
HK.01880,中国中免,2022-11-08 00:00:00,170.88236,172.98236,174.38236,168.88236,30.886,0.00174,202904.0,35969975.0,0.9335849967289481,171.38236
HK.01880,中国中免,2022-11-09 00:00:00,174.88236,173.78236,176.38236,170.58236,31.026,0.00132,154205.0,27404326.0,0.46247490206516517,172.98236
HK.01880,中国中免,2022-11-10 00:00:00,171.48236,164.18236,172.28236,160.78236,29.356,0.0027,314106.0,54147615.0,-5.524151012795557,173.78236
HK.01880,中国中免,2022-11-11 00:00:00,176.48236,176.38236,178.18236,168.08236,31.478,0.01717,1997936.0,358001549.0,7.4307617456589234,164.18236
HK.01880,中国中免,2022-11-14 00:00:00,178.38236,165.38236,178.38236,164.58236,29.565,0.00928,1080537.0,186472954.0,-6.236451309530046,176.38236
HK.01880,中国中免,2022-11-15 00:00:00,166.38236,170.38236,173.18236,165.98236,30.434,0.00642,747458.0,130748770.0,3.023297043288051,165.38236
HK.01880,中国中免,2022-11-16 00:00:00,172.88236,174.88236,180.08236,172.38236,31.217,0.01092,1271131.0,229453722.0,2.6411184819836984,170.38236
HK.01880,中国中免,2022-11-17 00:00:00,174.88236,172.78236,174.88236,168.48236,30.852,0.00489,569502.0,100164499.0,-1.200807216919988,174.88236
HK.01880,中国中免,2022-11-18 00:00:00,174.38236,174.18236,177.88236,172.98236,31.095,0.00409,475438.0,85340731.0,0.8102679000333004,172.78236
HK.01880,中国中免,2022-11-21 00:00:00,171.78236,169.68236,172.28236,167.58236,30.313,0.00607,706222.0,123352286.0,-2.5834992705346282,174.18236
HK.01880,中国中免,2022-11-22 00:00:00,169.88236,170.28236,170.58236,167.18236,30.417,0.00588,684696.0,119139969.0,0.3536018711668218,169.68236
HK.01880,中国中免,2022-11-23 00:00:00,169.38236,168.18236,169.58236,166.08236,30.052,0.00344,400392.0,68978693.0,-1.2332457689686838,170.28236
HK.01880,中国中免,2022-11-24 00:00:00,169.18236,168.08236,169.38236,165.98236,30.034,0.00276,321800.0,55420495.0,-0.059459267904193,168.18236
HK.01880,中国中免,2022-11-25 00:00:00,168.08236,163.38236,169.08236,161.58236,29.217,0.00327,381033.0,64486974.0,-2.7962482202177483,168.08236
HK.01880,中国中免,2022-11-28 00:00:00,160.38236,167.58236,168.08236,157.18236,29.947,0.00398,462900.0,77791232.0,2.5706569546430766,163.38236
HK.01880,中国中免,2022-11-29 00:00:00,167.98236,176.88236,176.88236,166.18236,31.565,0.01257,1462837.0,261469068.0,5.54951010356938,167.58236
HK.01880,中国中免,2022-11-30 00:00:00,174.88236,191.58236,191.58236,174.58236,34.121,0.05803,6753442.0,1312586652.0,8.310608248329562,176.88236
HK.01880,中国中免,2022-12-01 00:00:00,199.18236,196.38236,200.18236,192.68236,34.956,0.03192,3715280.0,738466767.0,2.505449875447829,191.58236
HK.01880,中国中免,2022-12-02 00:00:00,197.38236,190.38236,197.38236,189.68236,33.913,0.00692,805046.0,158075243.0,-3.055264230453285,196.38236
HK.01880,中国中免,2022-12-05 00:00:00,195.38236,200.18236,200.38236,190.98236,35.617,0.01397,1625867.0,324841473.0,5.147535727574751,190.38236
HK.01880,中国中免,2022-12-06 00:00:00,195.38236,195.28236,204.98236,193.88236,34.765,0.01631,1897930.0,385118632.0,-2.4477681250235923,200.18236
HK.01880,中国中免,2022-12-07 00:00:00,196.98236,195.38236,206.38236,193.68236,34.782,0.01583,1842519.0,379193799.0,0.05120790223960541,195.28236
HK.01880,中国中免,2022-12-08 00:00:00,197.38236,206.18236,207.18236,197.38236,36.66,0.01112,1293850.0,269463940.0,5.527622862166258,195.38236
HK.01880,中国中免,2022-12-09 00:00:00,207.98236,208.78236,210.38236,200.98236,37.113,0.01128,1312460.0,276883314.0,1.2610196138990857,206.18236
HK.01880,中国中免,2022-12-12 00:00:00,207.38236,207.38236,210.38236,203.58236,36.869,0.00564,656796.0,138637339.0,-0.670554734604976,208.78236
HK.01880,中国中免,2022-12-13 00:00:00,209.18236,203.98236,211.18236,203.38236,36.278,0.00506,589063.0,125025235.0,-1.6394837053643356,207.38236
HK.01880,中国中免,2022-12-14 00:00:00,205.38236,210.38236,211.18236,205.38236,37.391,0.00758,882733.0,188828418.0,3.1375262056973976,203.98236
HK.01880,中国中免,2022-12-15 00:00:00,213.18236,212.38236,213.58236,206.38236,37.739,0.00522,607089.0,131002734.0,0.9506500449942665,210.38236
HK.01880,中国中免,2022-12-16 00:00:00,209.38236,215.78236,215.78236,207.98236,38.33,0.00501,583358.0,127030647.0,1.6008862506283503,212.38236
HK.01880,中国中免,2022-12-19 00:00:00,215.78236,210.18236,217.98236,208.78236,37.356,0.0042,489148.0,106359020.0,-2.5952075044503276,215.78236
HK.01880,中国中免,2022-12-20 00:00:00,210.18236,207.98236,212.18236,203.38236,36.973,0.00371,431247.0,91243101.0,-1.0467101045016283,210.18236
HK.01880,中国中免,2022-12-21 00:00:00,208.38236,211.58236,211.98236,206.38236,37.6,0.00264,307067.0,66006234.0,1.7309160257629514,207.98236
HK.01880,中国中免,2022-12-22 00:00:00,212.58236,219.78236,219.98236,211.78236,39.026,0.00488,567599.0,126373949.0,3.8755593802810484,211.58236
HK.01880,中国中免,2022-12-23 00:00:00,216.38236,224.18236,226.58236,215.38236,39.791,0.00456,530975.0,121024328.0,2.001980504713835,219.78236
HK.01880,中国中免,2022-12-28 00:00:00,226.58236,223.78236,229.58236,220.98236,39.721,0.00758,881700.0,201298631.0,-0.1784261705514998,224.18236
HK.01880,中国中免,2022-12-29 00:00:00,223.38236,228.98236,229.58236,223.38236,40.626,0.00666,774569.0,179359176.0,2.323686281617545,223.78236
HK.01880,中国中免,2022-12-30 00:00:00,228.98236,225.38236,230.38236,221.38236,40.0,0.00601,699178.0,160655306.0,-1.5721735071644796,228.98236
HK.01880,中国中免,2023-01-03 00:00:00,221.38236,219.38236,225.18236,216.98236,38.956,0.00562,654553.0,147457576.0,-2.662142680554059,225.38236
HK.01880,中国中免,2023-01-04 00:00:00,219.58236,224.18236,224.18236,216.38236,39.791,0.00604,702470.0,158816257.0,2.1879607822616105,219.38236
HK.01880,中国中免,2023-01-05 00:00:00,229.38236,238.58236,241.38236,227.38236,42.295,0.0083,965746.0,230419519.0,6.423342139854362,224.18236
HK.01880,中国中免,2023-01-06 00:00:00,241.98236,235.98236,241.98236,233.78236,41.843,0.00746,867981.0,210397754.0,-1.089770425608999,238.58236
HK.01880,中国中免,2023-01-09 00:00:00,236.58236,239.38236,242.18236,236.58236,42.434,0.005,581872.0,141846663.0,1.440785658724663,235.98236
HK.01880,中国中免,2023-01-10 00:00:00,238.78236,246.78236,250.58236,238.38236,43.721,0.00872,1015314.0,254571142.0,3.091288764969986,239.38236
HK.01880,中国中免,2023-01-11 00:00:00,246.78236,239.98236,246.78236,237.18236,42.539,0.00804,935232.0,230786810.0,-2.755464369495458,246.78236
HK.01880,中国中免,2023-01-12 00:00:00,243.98236,227.38236,244.18236,225.78236,40.347,0.01404,1634394.0,385291063.0,-5.250385903363894,239.98236
HK.01880,中国中免,2023-01-13 00:00:00,228.78236,233.38236,234.98236,226.38236,41.391,0.01046,1217643.0,287287634.0,2.638727120256822,227.38236
HK.01880,中国中免,2023-01-16 00:00:00,236.38236,236.78236,240.98236,232.18236,41.982,0.00926,1077498.0,259222191.0,1.4568367549286954,233.38236
HK.01880,中国中免,2023-01-17 00:00:00,238.38236,236.58236,238.38236,228.38236,41.947,0.00478,556700.0,132912751.0,-0.08446575158724537,236.78236
HK.01880,中国中免,2023-01-18 00:00:00,238.98236,237.98236,240.38236,235.38236,42.191,0.00622,724272.0,175218959.0,0.5917600957231155,236.58236
HK.01880,中国中免,2023-01-19 00:00:00,237.38236,246.58236,246.58236,233.58236,43.686,0.00429,499573.0,122524866.0,3.6137132180721268,237.98236
HK.01880,中国中免,2023-01-20 00:00:00,246.58236,249.38236,250.18236,240.98236,44.173,0.00527,613068.0,153100957.0,1.1355232385641907,246.58236
HK.01880,中国中免,2023-01-26 00:00:00,252.58236,269.782359999,270.98236,251.98236,47.721,0.00774,901113.0,243510801.0,8.180209698472654,249.38236
HK.01880,中国中免,2023-01-27 00:00:00,271.78236,271.58236,275.38236,267.38236,48.034,0.00643,748671.0,205762060.0,0.6672044832755829,269.782359999
HK.01880,中国中免,2023-01-30 00:00:00,270.98236,233.58236,271.58236,233.38236,41.426,0.02685,3125181.0,775958608.0,-13.992072239154266,271.58236
HK.01880,中国中免,2023-01-31 00:00:00,240.98236,235.18236,240.98236,229.38236,41.704,0.01151,1340023.0,319090508.0,0.6849832324666958,233.58236
HK.01880,中国中免,2023-02-01 00:00:00,239.18236,233.18236,239.18236,229.38236,41.356,0.00835,972208.0,230347071.0,-0.8504039163481479,235.18236
HK.01880,中国中免,2023-02-02 00:00:00,233.58236,232.18236,235.78236,229.98236,41.182,0.0055,640383.0,151819795.0,-0.42884890606647946,233.18236
HK.01880,中国中免,2023-02-03 00:00:00,232.18236,224.38236,232.18236,219.18236,39.826,0.01181,1374091.0,313966597.0,-3.359428339000423,232.18236
HK.01880,中国中免,2023-02-06 00:00:00,219.38236,214.98236,219.38236,213.38236,80.764,0.00942,1096160.0,241878263.0,-4.189277624141223,224.38236
HK.01880,中国中免,2023-02-07 00:00:00,214.98236,212.98236,216.78236,211.18236,80.029,0.00646,751661.0,163747658.0,-0.9303088867384282,214.98236
HK.01880,中国中免,2023-02-08 00:00:00,212.98236,209.38236,213.98236,207.38236,78.705,0.00859,999439.0,214518493.0,-1.6902808288911788,212.98236
HK.01880,中国中免,2023-02-09 00:00:00,209.38236,214.98236,214.98236,207.58236,80.764,0.00957,1114352.0,241344134.0,2.6745328498542063,209.38236
HK.01880,中国中免,2023-02-10 00:00:00,214.98236,211.98236,215.38236,208.18236,79.661,0.00859,999642.0,215253887.0,-1.3954633301076425,214.98236
HK.01880,中国中免,2023-02-13 00:00:00,211.98236,216.58236,217.78236,203.38236,81.353,0.01402,1631845.0,353172269.0,2.1699918804564655,211.98236
HK.01880,中国中免,2023-02-14 00:00:00,216.78236,213.38236,216.98236,211.38236,80.176,0.0076,884604.0,192775869.0,-1.4774979827535302,216.58236
HK.01880,中国中免,2023-02-15 00:00:00,213.38236,209.18236,213.58236,208.58236,78.631,0.00697,811629.0,174314644.0,-1.968297660593883,213.38236
HK.01880,中国中免,2023-02-16 00:00:00,209.18236,213.38236,214.38236,209.18236,80.176,0.01109,1290400.0,280373150.0,2.0078174851837494,209.18236
HK.01880,中国中免,2023-02-17 00:00:00,213.38236,208.98236,215.18236,207.38236,78.558,0.00884,1028385.0,222390422.0,-2.062026120622157,213.38236
HK.01880,中国中免,2023-02-20 00:00:00,209.38236,210.38236,211.98236,206.78236,79.073,0.01006,1170945.0,250333658.0,0.6699130012695836,208.98236
HK.01880,中国中免,2023-02-21 00:00:00,210.38236,203.18236,210.98236,200.78236,76.425,0.00948,1102973.0,230568846.0,-3.4223401619793683,210.38236
HK.01880,中国中免,2023-02-22 00:00:00,202.98236,199.18236,202.98236,195.38236,74.954,0.00937,1090839.0,220743254.0,-1.9686748396858862,203.18236
HK.01880,中国中免,2023-02-23 00:00:00,195.38236,197.58236,199.38236,195.18236,74.365,0.00782,909769.0,184047341.0,-0.8032839855898857,199.18236
HK.01880,中国中免,2023-02-24 00:00:00,196.38236,199.78236,200.98236,196.38236,75.174,0.00867,1008640.0,205631850.0,1.1134597238336545,197.58236
HK.01880,中国中免,2023-02-27 00:00:00,194.58236,196.58236,200.38236,193.68236,73.997,0.01903,2215087.0,444127206.0,-1.6017430167508366,199.78236
HK.01880,中国中免,2023-02-28 00:00:00,194.88236,193.48236,199.18236,193.38236,72.857,0.00594,691436.0,138133556.0,-1.5769471889542859,196.58236
HK.01880,中国中免,2023-03-01 00:00:00,193.48236,198.98236,199.58236,193.48236,74.88,0.00897,1043437.0,210684459.0,2.842636403649408,193.48236
HK.01880,中国中免,2023-03-02 00:00:00,198.98236,200.78236,202.78236,198.98236,75.542,0.00913,1062649.0,218214695.0,0.9046027999667968,198.98236
HK.01880,中国中免,2023-03-03 00:00:00,202.18236,203.38236,204.58236,200.18236,76.498,0.00756,880291.0,182519218.0,1.2949344753194425,200.78236
HK.01880,中国中免,2023-03-06 00:00:00,205.18236,201.58236,205.18236,198.18236,75.836,0.00926,1077708.0,221267470.0,-0.8850325072439966,203.38236
HK.01880,中国中免,2023-03-07 00:00:00,201.58236,195.58236,203.18236,195.38236,73.63,0.00732,851793.0,173335136.0,-2.9764509156455956,201.58236
HK.01880,中国中免,2023-03-08 00:00:00,194.38236,193.28236,199.18236,192.38236,72.784,0.0059,686100.0,136504238.0,-1.175975174857274,195.58236
HK.01880,中国中免,2023-03-09 00:00:00,193.28236,191.98236,197.98236,191.68236,72.305,0.00624,726007.0,143764948.0,-0.6725911252325413,193.28236
HK.01880,中国中免,2023-03-10 00:00:00,190.38236,184.48236,190.48236,184.38236,69.547,0.00973,1132800.0,216218647.0,-3.9066089196944973,191.98236
HK.01880,中国中免,2023-03-13 00:00:00,184.38236,191.98236,194.38236,184.38236,72.305,0.01416,1648300.0,322209116.0,4.065429345114622,184.48236
HK.01880,中国中免,2023-03-14 00:00:00,191.88236,187.38236,191.88236,186.88236,70.614,0.00823,957985.0,185429863.0,-2.3960534707459553,191.98236
HK.01880,中国中免,2023-03-15 00:00:00,193.58236,187.58236,193.78236,186.18236,70.687,0.00792,921808.0,178572407.0,0.10673363277097622,187.38236
HK.01880,中国中免,2023-03-16 00:00:00,187.38236,186.38236,190.08236,184.48236,70.246,0.00463,538827.0,103554294.0,-0.6397190012962779,187.58236
HK.01880,中国中免,2023-03-17 00:00:00,186.68236,192.88236,195.28236,186.68236,72.636,0.03598,4187902.0,827101164.0,3.487454499449411,186.38236
HK.01880,中国中免,2023-03-20 00:00:00,194.38236,187.28236,194.38236,185.58236,70.577,0.00565,658095.0,126281881.0,-2.90332407795093,192.88236
HK.01880,中国中免,2023-03-21 00:00:00,188.08236,193.48236,193.88236,187.38236,72.857,0.00687,799575.0,156504465.0,3.310509329335656,187.28236
HK.01880,中国中免,2023-03-22 00:00:00,195.18236,188.68236,197.18236,188.48236,71.092,0.00654,761160.0,148543061.0,-2.480846315912216,193.48236
HK.01880,中国中免,2023-03-23 00:00:00,189.58236,190.38236,191.68236,188.68236,71.717,0.00587,683717.0,133081178.0,0.9009851265375401,188.68236
HK.01880,中国中免,2023-03-24 00:00:00,190.18236,191.38236,194.18236,189.08236,72.085,0.00732,852400.0,167394470.0,0.5252587477117102,190.38236
HK.01880,中国中免,2023-03-27 00:00:00,190.68236,187.28236,191.28236,186.78236,70.577,0.00541,629986.0,121353423.0,-2.1423082043716017,191.38236
HK.01880,中国中免,2023-03-28 00:00:00,187.68236,185.38236,188.98236,184.58236,69.878,0.00495,576600.0,109742197.0,-1.014510923506093,187.28236
HK.01880,中国中免,2023-03-29 00:00:00,185.58236,187.78236,188.38236,185.58236,70.761,0.00469,545359.0,104725412.0,1.294621559462295,185.38236
HK.01880,中国中免,2023-03-30 00:00:00,186.38236,196.18236,198.18236,185.38236,73.85,0.01963,2284503.0,449548064.0,4.473263622845073,187.78236
HK.01880,中国中免,2023-03-31 00:00:00,195.38236,189.48236,195.38236,187.38236,71.386,0.01344,1563979.0,305405540.0,-3.4151898264451446,196.18236
HK.01880,中国中免,2023-04-03 00:00:00,189.58236,189.18236,191.38236,187.48236,70.039,0.00676,786751.0,152967426.0,-0.15832608375788193,189.48236
HK.01880,中国中免,2023-04-04 00:00:00,189.18236,177.38236,189.38236,177.28236,65.775,0.0131,1525129.0,284709889.0,-6.2373680083068965,189.18236
HK.01880,中国中免,2023-04-06 00:00:00,177.38236,182.88236,182.88236,174.88236,67.762,0.00981,1141295.0,210793191.0,3.1006465355405126,177.38236
HK.01880,中国中免,2023-04-11 00:00:00,182.88236,182.18236,186.18236,180.38236,67.509,0.00546,635839.0,118979543.0,-0.38275971504305667,182.88236
HK.01880,中国中免,2023-04-12 00:00:00,182.98236,179.68236,182.98236,178.38236,66.606,0.00482,560988.0,103082879.0,-1.3722514078750545,182.18236
HK.01880,中国中免,2023-04-13 00:00:00,180.28236,181.78236,181.88236,175.88236,67.365,0.00609,709295.0,131066630.0,1.168729083923443,179.68236
HK.01880,中国中免,2023-04-14 00:00:00,182.58236,180.38236,183.58236,178.38236,66.859,0.00508,591253.0,109395866.0,-0.7701517352948909,181.78236
HK.01880,中国中免,2023-04-17 00:00:00,181.38236,186.18236,186.18236,179.28236,68.955,0.00785,913717.0,172930869.0,3.215392015050686,180.38236
HK.01880,中国中免,2023-04-18 00:00:00,185.38236,185.38236,186.48236,184.28236,68.666,0.00477,554690.0,105232104.0,-0.4296862495458662,186.18236
HK.01880,中国中免,2023-04-19 00:00:00,185.38236,182.88236,185.58236,182.38236,67.762,0.00555,645500.0,121371915.0,-1.3485641244398874,185.38236
HK.01880,中国中免,2023-04-20 00:00:00,182.88236,178.18236,184.18236,178.08236,66.064,0.00424,493877.0,90904898.0,-2.569958086717613,182.88236
HK.01880,中国中免,2023-04-21 00:00:00,182.88236,172.58236,182.88236,170.68236,64.04,0.00658,765480.0,136291344.0,-3.142847586034889,178.18236
HK.01880,中国中免,2023-04-24 00:00:00,172.58236,167.68236,172.58236,166.98236,62.269,0.00768,894201.0,154638257.0,-2.839224124644028,172.58236
HK.01880,中国中免,2023-04-25 00:00:00,164.08236,165.38236,166.58236,162.58236,61.438,0.03985,4638083.0,774815121.0,-1.371641000281713,167.68236
HK.01880,中国中免,2023-04-26 00:00:00,165.68236,167.38236,168.38236,163.98236,62.161,0.01658,1929633.0,330097864.0,1.2093188173152203,165.38236
HK.01880,中国中免,2023-04-27 00:00:00,167.38236,168.88236,169.48236,167.08236,62.703,0.01041,1211562.0,209164569.0,0.896151780868665,167.38236
HK.01880,中国中免,2023-04-28 00:00:00,168.68236,162.78236,169.88236,161.08236,60.498,0.0183,2129330.0,358842164.0,-3.6119817368729294,168.88236
HK.01880,中国中免,2023-05-02 00:00:00,162.78236,155.78236,162.98236,155.58236,57.968,0.00892,1038708.0,168355947.0,-4.3002202449946045,162.78236
HK.01880,中国中免,2023-05-03 00:00:00,155.08236,156.38236,157.88236,153.48236,58.185,0.00644,749754.0,120164947.0,0.3851527220411825,155.78236
HK.01880,中国中免,2023-05-04 00:00:00,157.88236,148.98236,158.78236,147.78236,55.511,0.02642,3074696.0,481656216.0,-4.731991511063017,156.38236
HK.01880,中国中免,2023-05-05 00:00:00,149.98236,149.78236,151.78236,148.38236,55.8,0.00991,1152997.0,178773436.0,0.536976323908422,148.98236
HK.01880,中国中免,2023-05-08 00:00:00,150.48236,148.38236,152.78236,146.48236,55.294,0.00856,996238.0,152119627.0,-0.9346895054931739,149.78236
HK.01880,中国中免,2023-05-09 00:00:00,151.88236,145.58236,151.88236,144.68236,54.282,0.00771,896855.0,135370787.0,-1.8870167585958406,148.38236
HK.01880,中国中免,2023-05-10 00:00:00,145.58236,141.58236,145.58236,141.38236,52.837,0.00723,841011.0,123594240.0,-2.747585627819195,145.58236
HK.01880,中国中免,2023-05-11 00:00:00,142.58236,144.78236,144.98236,142.18236,53.993,0.00744,866411.0,128391523.0,2.2601685690223112,141.58236
HK.01880,中国中免,2023-05-12 00:00:00,146.38236,137.78236,146.38236,137.68236,51.463,0.01016,1182718.0,171523189.0,-4.834843139730558,144.78236
HK.01880,中国中免,2023-05-15 00:00:00,138.58236,141.88236,142.18236,137.08236,52.945,0.00982,1142765.0,165191446.0,2.97570748534137,137.78236
HK.01880,中国中免,2023-05-16 00:00:00,141.38236,139.18236,142.18236,138.18236,51.969,0.00343,399523.0,57538303.0,-1.9029849799510081,141.88236
HK.01880,中国中免,2023-05-17 00:00:00,139.18236,134.08236,139.18236,133.68236,50.126,0.00848,987420.0,139154051.0,-3.6642574533152006,139.18236
HK.01880,中国中免,2023-05-18 00:00:00,134.58236,132.68236,135.98236,130.082359999,49.62,0.00747,869265.0,119389197.0,-1.0441343663700473,134.08236
HK.01880,中国中免,2023-05-19 00:00:00,133.28236,131.88236,133.28236,130.082359999,49.331,0.0036,419036.0,57128710.0,-0.6029437522817525,132.68236
HK.01880,中国中免,2023-05-22 00:00:00,130.38236,136.88236,137.08236,130.38236,51.138,0.0065,756082.0,105727176.0,3.7912576026088702,131.88236
HK.01880,中国中免,2023-05-23 00:00:00,137.48236,133.78236,137.78236,132.98236,50.018,0.00777,904024.0,125935159.0,-2.2647184049135287,136.88236
HK.01880,中国中免,2023-05-24 00:00:00,133.78236,130.38236,133.78236,130.18236,48.789,0.00606,704711.0,95612218.0,-2.5414411885094608,133.78236
HK.01880,中国中免,2023-05-25 00:00:00,127.68236,129.582359999,130.28236,125.38236,48.5,0.00691,803879.0,106942026.0,-0.6135799359667985,130.38236
HK.01880,中国中免,2023-05-29 00:00:00,129.582359999,124.48236,130.18236,123.38236,46.657,0.0084,977135.0,127327831.0,-3.9357208797859227,129.582359999
HK.01880,中国中免,2023-05-30 00:00:00,124.38236,124.082359999,126.78236,122.18236,46.512,0.00731,850540.0,109348962.0,-0.3213306696627499,124.48236
HK.01880,中国中免,2023-05-31 00:00:00,122.18236,119.98236,122.98236,119.38236,45.03,0.01775,2065658.0,257780242.0,-3.304256945977694,124.082359999
HK.01880,中国中免,2023-06-01 00:00:00,119.88236,116.68236,120.58236,115.88236,43.838,0.01345,1565586.0,191640071.0,-2.7504043094334842,119.98236
HK.01880,中国中免,2023-06-02 00:00:00,118.48236,120.88236,123.48236,117.18236,45.355,0.00843,980915.0,123208424.0,3.599515813701405,116.68236
HK.01880,中国中免,2023-06-05 00:00:00,120.98236,118.48236,123.08236,116.78236,44.488,0.008,931623.0,114510210.0,-1.9854013439181744,120.88236
HK.01880,中国中免,2023-06-06 00:00:00,117.38236,114.08236,119.78236,113.38236,42.898,0.00928,1080597.0,130184833.0,-3.7136329830027064,118.48236
HK.01880,中国中免,2023-06-07 00:00:00,117.08236,115.08236,117.08236,113.88236,43.259,0.00429,499422.0,59795113.0,0.8765597065137853,114.08236
HK.01880,中国中免,2023-06-08 00:00:00,115.38236,116.58236,116.88236,113.78236,43.801,0.00729,847883.0,101750051.0,1.3034143547282138,115.08236
HK.01880,中国中免,2023-06-09 00:00:00,118.38236,116.58236,118.38236,115.18236,43.801,0.0101,1175471.0,142394986.0,0.0,116.58236
HK.01880,中国中免,2023-06-12 00:00:00,117.28236,118.98236,120.38236,114.48236,44.669,0.01167,1357900.0,165929778.0,2.05863048234742,116.58236
HK.01880,中国中免,2023-06-13 00:00:00,120.08236,118.78236,120.08236,117.18236,44.597,0.00724,842736.0,103738172.0,-0.16809214407917514,118.98236
HK.01880,中国中免,2023-06-14 00:00:00,119.88236,119.78236,123.38236,118.38236,44.958,0.00975,1134868.0,142588709.0,0.8418758475585095,118.78236
HK.01880,中国中免,2023-06-15 00:00:00,121.98236,129.082359999,129.68236,118.98236,48.319,0.0155,1804114.0,235644413.0,7.764081454898708,119.78236
HK.01880,中国中免,2023-06-16 00:00:00,130.38236,129.582359999,131.38236,127.48236,48.5,0.036,4190039.0,560366061.0,0.3873495960283601,129.082359999
HK.01880,中国中免,2023-06-19 00:00:00,128.38236,127.68236,132.38236,125.582359999,47.813,0.00794,923875.0,122530949.0,-1.4662489547301534,129.582359999
HK.01880,中国中免,2023-06-20 00:00:00,127.38236,124.38236,127.38236,123.88236,46.62,0.00505,588224.0,76337338.0,-2.58453869430358,127.68236
HK.01880,中国中免,2023-06-21 00:00:00,124.38236,116.78236,125.38236,115.68236,43.874,0.01581,1840206.0,227413422.0,-6.110191187882275,124.38236
HK.01880,中国中免,2023-06-23 00:00:00,117.18236,114.88236,117.68236,109.38236,43.187,0.00775,902092.0,105472950.0,-1.626958044005954,116.78236
HK.01880,中国中免,2023-06-26 00:00:00,115.08236,110.88236,116.98236,110.18236,41.741,0.00988,1149422.0,135030902.0,-3.481822622724672,114.88236
HK.01880,中国中免,2023-06-27 00:00:00,112.18236,111.68236,114.18236,110.98236,42.031,0.00742,863948.0,100842986.0,0.7214853652104781,110.88236
HK.01880,中国中免,2023-06-28 00:00:00,111.88236,111.28236,111.88236,109.98236,41.886,0.00599,697224.0,80607379.0,-0.35815862057356745,111.68236
HK.01880,中国中免,2023-06-29 00:00:00,111.48236,102.48236,112.78236,100.18236,38.706,0.02588,3011446.0,326737935.0,-7.907812163581,111.28236
HK.01880,中国中免,2023-06-30 00:00:00,102.48236,101.38236,105.08236,100.18236,38.308,0.01883,2191807.0,234680032.0,-1.0733554535629295,102.48236
HK.01880,中国中免,2023-07-03 00:00:00,102.08236,105.48236,106.38236,101.38236,39.79,0.01739,2023879.0,220295410.0,4.0440960340635135,101.38236
HK.01880,中国中免,2023-07-04 00:00:00,105.78236,106.58236,106.78236,104.68236,40.187,0.00536,623300.0,68953470.0,1.0428283932972247,105.48236
HK.01880,中国中免,2023-07-05 00:00:00,106.88236,102.88236,106.88236,102.68236,38.85,0.00587,683200.0,73994280.0,-3.4714937818978573,106.58236
HK.01880,中国中免,2023-07-06 00:00:00,103.88236,100.48236,103.88236,99.58236,37.983,0.00661,769385.0,81224050.0,-2.3327614179923613,102.88236
HK.01880,中国中免,2023-07-07 00:00:00,100.88236,99.08236,101.18236,98.48236,37.477,0.00353,410837.0,42823044.0,-1.393279377594242,100.48236
HK.01880,中国中免,2023-07-10 00:00:00,101.88236,105.88236,111.28236,101.88236,39.934,0.02173,2529254.0,283069548.0,6.862977426052439,99.08236
HK.01880,中国中免,2023-07-11 00:00:00,107.38236,105.98236,107.48236,104.08236,39.971,0.01286,1497115.0,165084923.0,0.0944444381481432,105.88236
HK.01880,中国中免,2023-07-12 00:00:00,106.88236,105.88236,107.68236,104.68236,39.934,0.00619,720067.0,79555589.0,-0.09435532479178074,105.98236
HK.01880,中国中免,2023-07-13 00:00:00,107.75292,110.55292,111.15292,107.75292,41.308,0.01015,1181437.0,134237403.0,4.4110841503721625,105.88236
HK.01880,中国中免,2023-07-14 00:00:00,111.55292,109.05292,111.85292,107.35292,40.766,0.0076,884900.0,100121530.0,-1.3568162650068403,110.55292
HK.01880,中国中免,2023-07-18 00:00:00,108.45292,105.15292,108.45292,103.75292,39.356,0.00569,662277.0,72080930.0,-3.5762453678452677,109.05292
HK.01880,中国中免,2023-07-19 00:00:00,105.15292,104.45292,105.15292,103.35292,39.103,0.00319,371796.0,40149747.0,-0.6656971580056822,105.15292
HK.01880,中国中免,2023-07-20 00:00:00,103.55292,102.15292,106.15292,101.25292,38.272,0.00596,693199.0,74217382.0,-2.2019489737577573,104.45292
HK.01880,中国中免,2023-07-21 00:00:00,102.25292,102.55292,105.05292,101.05292,38.417,0.00583,678614.0,72585261.0,0.3915698151359802,102.15292
HK.01880,中国中免,2023-07-24 00:00:00,101.65292,98.95292,101.65292,98.55292,37.116,0.00642,747339.0,77358790.0,-3.510382737029813,102.55292
HK.01880,中国中免,2023-07-25 00:00:00,104.05292,107.95292,107.95292,103.25292,40.368,0.01153,1342400.0,146459099.0,9.09523438014765,98.95292
HK.01880,中国中免,2023-07-26 00:00:00,108.05292,110.65292,112.25292,106.25292,41.344,0.01664,1936957.0,219917554.0,2.501090290100526,107.95292
HK.01880,中国中免,2023-07-27 00:00:00,110.65292,114.25292,116.45292,110.55292,42.645,0.01261,1467247.0,172798407.0,3.253416177358906,110.65292
HK.01880,中国中免,2023-07-28 00:00:00,113.35292,122.05292,122.25292,112.25292,45.464,0.02209,2571376.0,316980707.0,6.826958995883866,114.25292
HK.01880,中国中免,2023-07-31 00:00:00,125.25292,120.55292,127.05292,119.35292,44.922,0.02362,2749186.0,351496821.0,-1.2289751035862149,122.05292
HK.01880,中国中免,2023-08-01 00:00:00,122.25292,116.75292,123.25292,116.35292,43.548,0.00856,995728.0,122620377.0,-3.1521426440769726,120.55292
HK.01880,中国中免,2023-08-02 00:00:00,116.75292,115.85292,119.65292,113.65292,43.223,0.00639,743687.0,88829797.0,-0.7708586646055667,116.75292
HK.01880,中国中免,2023-08-03 00:00:00,115.55292,116.45292,117.75292,113.65292,43.44,0.0041,477361.0,57051449.0,0.5178980383058178,115.85292
HK.01880,中国中免,2023-08-04 00:00:00,118.35292,121.65292,123.15292,118.35292,45.319,0.01062,1235752.0,154850567.0,4.465323840741811,116.45292
HK.01880,中国中免,2023-08-07 00:00:00,121.65292,117.75292,122.95292,117.55292,43.91,0.00684,796076.0,98633080.0,-3.2058416682476603,121.65292
HK.01880,中国中免,2023-08-08 00:00:00,117.75292,116.05292,118.75292,113.95292,43.295,0.0068,791400.0,95330550.0,-1.4437009290300424,117.75292
HK.01880,中国中免,2023-08-09 00:00:00,118.25292,116.25292,118.25292,115.55292,43.368,0.00527,612818.0,73812201.0,0.172335172609188,116.05292
HK.01880,中国中免,2023-08-10 00:00:00,118.05292,112.65292,118.05292,108.35292,42.067,0.01593,1854077.0,215093867.0,-3.0966964098622283,116.25292
HK.01880,中国中免,2023-08-11 00:00:00,112.75292,108.85292,113.65292,108.85292,40.693,0.00628,731136.0,83340028.0,-3.3731926345096044,112.65292
HK.01880,中国中免,2023-08-14 00:00:00,106.55292,106.55292,106.65292,103.15292,39.862,0.0168,1954780.0,213856955.0,-2.1129428590431907,108.85292
HK.01880,中国中免,2023-08-15 00:00:00,106.45292,104.95292,106.45292,102.65292,39.284,0.01348,1569424.0,170890415.0,-1.5016012700543488,106.55292
HK.01880,中国中免,2023-08-16 00:00:00,104.95292,107.35292,108.75292,102.75292,40.151,0.00761,885211.0,97528662.0,2.286739616201237,104.95292
HK.01880,中国中免,2023-08-17 00:00:00,107.15292,111.75292,112.95292,104.25292,41.741,0.00991,1153749.0,132594408.0,4.09863094548337,107.35292
HK.01880,中国中免,2023-08-18 00:00:00,112.15292,107.35292,112.65292,106.95292,40.151,0.00617,718159.0,81225396.0,-3.9372572994065886,111.75292
HK.01880,中国中免,2023-08-21 00:00:00,109.15292,108.35292,113.05292,106.55292,40.513,0.01882,2190057.0,249701180.0,0.9315070330644011,107.35292
HK.01880,中国中免,2023-08-22 00:00:00,108.35292,106.95292,109.55292,102.75292,40.007,0.00872,1015374.0,110969898.0,-1.29207408531306,108.35292
HK.01880,中国中免,2023-08-23 00:00:00,107.05292,103.85292,107.05292,103.65292,38.886,0.00508,591628.0,64097747.0,-2.898471589181491,106.95292
HK.01880,中国中免,2023-08-24 00:00:00,105.55292,105.05292,106.85292,103.95292,39.32,0.00538,625595.0,68107654.0,1.1554802695966593,103.85292
HK.01880,中国中免,2023-08-25 00:00:00,105.05292,102.05292,105.05292,100.45292,38.236,0.00728,846900.0,89411485.0,-2.8557035825372585,105.05292
HK.01880,中国中免,2023-08-28 00:00:00,106.95292,104.15292,108.65292,103.05292,38.995,0.00678,788999.0,86120466.0,2.057755917224117,102.05292
HK.01880,中国中免,2023-08-29 00:00:00,104.45292,106.35292,107.45292,103.05292,39.79,0.00406,472655.0,51854197.0,2.112278753202505,104.15292
HK.01880,中国中免,2023-08-30 00:00:00,106.35292,104.95292,107.15292,104.25292,39.284,0.00481,559282.0,61159984.0,-1.3163719435253791,106.35292
HK.01880,中国中免,2023-08-31 00:00:00,105.25292,101.55292,105.65292,100.45292,38.055,0.0077,895954.0,94798116.0,-3.2395477896184364,104.95292
HK.01880,中国中免,2023-09-04 00:00:00,102.05292,111.15292,111.25292,102.05292,41.525,0.01218,1417574.0,159863021.0,9.453199376246388,101.55292
HK.01880,中国中免,2023-09-05 00:00:00,111.15292,110.35292,111.15292,108.85292,41.235,0.00982,1142414.0,129821841.0,-0.7197291803040327,111.15292
HK.01880,中国中免,2023-09-06 00:00:00,110.35292,107.35292,110.35292,106.75292,40.151,0.00762,886990.0,98656904.0,-2.718550628293298,110.35292
HK.01880,中国中免,2023-09-07 00:00:00,106.35292,103.85292,106.35292,103.25292,38.886,0.00508,591770.0,64066346.0,-3.260274615725404,107.35292
HK.01880,中国中免,2023-09-11 00:00:00,103.85292,105.25292,105.75292,101.95292,39.392,0.00475,552600.0,59521171.0,1.348060314529438,103.85292
HK.01880,中国中免,2023-09-12 00:00:00,104.25292,103.65292,104.75292,101.55292,38.814,0.004,465956.0,49884327.0,-1.5201478495798582,105.25292
HK.01880,中国中免,2023-09-13 00:00:00,104.85292,102.25292,104.85292,101.55292,38.308,0.00246,286764.0,30430946.0,-1.3506614188968256,103.65292
HK.01880,中国中免,2023-09-14 00:00:00,102.25292,101.35292,102.95292,99.85292,37.983,0.01057,1229663.0,128989293.0,-0.8801704635916565,102.25292
HK.01880,中国中免,2023-09-15 00:00:00,103.65292,104.15292,104.45292,100.75292,38.995,0.01397,1625485.0,173187225.0,2.7626239086155557,101.35292
HK.01880,中国中免,2023-09-18 00:00:00,104.15292,107.45292,109.05292,101.85292,40.187,0.00913,1062567.0,117958660.0,3.168418129803765,104.15292
HK.01880,中国中免,2023-09-19 00:00:00,107.25292,104.35292,107.45292,104.15292,39.067,0.00381,443328.0,48299738.0,-2.8849844192228637,107.45292
HK.01880,中国中免,2023-09-20 00:00:00,104.35292,103.05292,105.05292,102.85292,38.597,0.00482,561251.0,60401882.0,-1.2457725188715345,104.35292
HK.01880,中国中免,2023-09-21 00:00:00,103.05292,98.25292,104.15292,97.35292,36.863,0.01105,1286333.0,132809272.0,-4.657801059882629,103.05292
HK.01880,中国中免,2023-09-22 00:00:00,98.25292,102.35292,102.45292,97.45292,38.344,0.00817,951158.0,99518390.0,4.172903970691145,98.25292
HK.01880,中国中免,2023-09-25 00:00:00,104.15292,100.55292,104.15292,100.25292,37.694,0.00218,254269.0,26812751.0,-1.7586210535078015,102.35292
HK.01880,中国中免,2023-09-26 00:00:00,99.25292,98.95292,101.95292,98.25292,37.116,0.00417,485156.0,50170297.0,-1.5912019263090462,100.55292
HK.01880,中国中免,2023-09-27 00:00:00,98.85292,99.75292,101.25292,97.85292,37.405,0.00402,468365.0,48542272.0,0.8084652782353436,98.95292
HK.01880,中国中免,2023-09-28 00:00:00,99.45292,96.95292,100.95292,96.45292,36.393,0.00782,909640.0,91972669.0,-2.8069353759268374,99.75292
HK.01880,中国中免,2023-09-29 00:00:00,97.55292,100.15292,100.75292,97.55292,37.549,0.00187,217551.0,22548382.0,3.300571040047054,96.95292
HK.01880,中国中免,2023-10-03 00:00:00,99.25292,92.35292,100.15292,91.30292,34.73,0.00707,823300.0,79945655.0,-7.7880904520806755,100.15292
HK.01880,中国中免,2023-10-04 00:00:00,92.80292,89.60292,92.90292,87.70292,33.736,0.00743,864707.0,80493635.0,-2.9777076891559036,92.35292
HK.01880,中国中免,2023-10-05 00:00:00,90.55292,91.60292,93.20292,89.90292,34.459,0.00345,401724.0,38283156.0,2.2320701155721263,89.60292
HK.01880,中国中免,2023-10-06 00:00:00,92.55292,94.75292,95.10292,92.30292,35.598,0.00432,502979.0,49060587.0,3.438755009119803,91.60292
HK.01880,中国中免,2023-10-09 00:00:00,94.95292,90.15292,94.95292,89.25292,33.935,0.00738,858875.0,81077900.0,-4.854731653652477,94.75292
HK.01880,中国中免,2023-10-10 00:00:00,91.55292,90.75292,94.05292,89.30292,34.152,0.0078,907300.0,86616728.0,0.6655358473136628,90.15292
HK.01880,中国中免,2023-10-11 00:00:00,93.25292,91.10292,93.45292,90.40292,34.279,0.00575,669600.0,63883615.0,0.3856625219331723,90.75292
HK.01880,中国中免,2023-10-12 00:00:00,92.40292,93.85292,94.30292,91.25292,35.272,0.00621,722908.0,70399883.0,3.0185640591981024,91.10292
HK.01880,中国中免,2023-10-13 00:00:00,91.75292,88.60292,91.75292,88.40292,33.375,0.00577,671688.0,62696984.0,-5.593858987019264,93.85292
HK.01880,中国中免,2023-10-16 00:00:00,88.55292,85.15292,89.25292,84.70292,32.128,0.00872,1014935.0,90983391.0,-3.893776864238789,88.60292
HK.01880,中国中免,2023-10-17 00:00:00,86.15292,87.10292,87.25292,85.40292,32.833,0.00455,530010.0,47920213.0,2.289997806299541,85.15292
HK.01880,中国中免,2023-10-18 00:00:00,87.40292,84.75292,87.40292,84.70292,31.984,0.00366,425768.0,38056032.0,-2.6979577722537824,87.10292
HK.01880,中国中免,2023-10-19 00:00:00,84.75292,83.05292,84.75292,82.25292,31.369,0.00664,772700.0,67084089.0,-2.005830595571224,84.75292
HK.01880,中国中免,2023-10-20 00:00:00,82.70292,82.05292,83.10292,81.60292,31.008,0.00365,424300.0,36507570.0,-1.2040515854228846,83.05292
HK.01880,中国中免,2023-10-24 00:00:00,82.25292,80.30292,82.25292,78.90292,30.375,0.00492,572986.0,48149999.0,-2.132769924580381,82.05292
HK.01880,中国中免,2023-10-25 00:00:00,81.75292,81.20292,84.55292,80.50292,30.701,0.00769,895249.0,77153646.0,1.120756256435016,80.30292
HK.01880,中国中免,2023-10-26 00:00:00,81.85292,78.60292,81.85292,76.75292,29.761,0.00991,1153784.0,95103997.0,-3.201855302740355,81.20292
HK.01880,中国中免,2023-10-27 00:00:00,79.25292,82.25292,83.75292,78.60292,31.08,0.0137,1594110.0,135689253.0,4.643593393222549,78.60292
HK.01880,中国中免,2023-10-30 00:00:00,81.35292,85.85292,85.85292,81.35292,32.381,0.00732,852219.0,75212380.0,4.376744314973856,82.25292
HK.01880,中国中免,2023-10-31 00:00:00,85.85292,84.60292,85.85292,83.50292,31.929,0.00365,424323.0,37416095.0,-1.4559784338144819,85.85292
HK.01880,中国中免,2023-11-01 00:00:00,84.60292,83.45292,87.15292,82.40292,31.514,0.00579,673900.0,58820675.0,-1.3592911450337548,84.60292
HK.01880,中国中免,2023-11-02 00:00:00,83.95292,83.70292,85.60292,82.60292,31.604,0.00294,342748.0,29970937.0,0.2995701049166404,83.45292
HK.01880,中国中免,2023-11-03 00:00:00,85.25292,86.80292,87.05292,83.80292,32.724,0.00475,552566.0,49650781.0,3.7035744989541515,83.70292
HK.01880,中国中免,2023-11-06 00:00:00,88.05292,88.50292,90.45292,88.00292,33.339,0.00762,887010.0,82230502.0,1.9584594619628037,86.80292
HK.01880,中国中免,2023-11-07 00:00:00,88.15292,88.35292,89.00292,86.40292,33.285,0.00663,771305.0,70616284.0,-0.16948593334548248,88.50292
HK.01880,中国中免,2023-11-08 00:00:00,88.35292,88.65292,90.45292,87.25292,33.393,0.00503,585337.0,54317682.0,0.33954735168910904,88.35292
HK.01880,中国中免,2023-11-09 00:00:00,88.65292,87.30292,88.85292,87.15292,32.905,0.00267,310258.0,28348575.0,-1.5227924810598392,88.65292
HK.01880,中国中免,2023-11-10 00:00:00,86.25292,85.60292,87.05292,84.85292,32.291,0.00524,609901.0,54322069.0,-1.947243001723199,87.30292
HK.01880,中国中免,2023-11-13 00:00:00,86.60292,87.75292,87.90292,85.65292,33.068,0.0031,361198.0,32693264.0,2.5115965670330005,85.60292
HK.01880,中国中免,2023-11-14 00:00:00,87.85292,88.05292,89.60292,87.45292,33.176,0.00453,527762.0,48619859.0,0.34186896572786085,87.75292
HK.01880,中国中免,2023-11-15 00:00:00,89.10292,90.90292,91.25292,89.10292,34.206,0.00754,877015.0,82385315.0,3.2366899360066586,88.05292
HK.01880,中国中免,2023-11-16 00:00:00,90.90292,86.90292,90.90292,86.80292,32.761,0.00612,712296.0,65756608.0,-4.400298692275232,90.90292
HK.01880,中国中免,2023-11-17 00:00:00,86.30292,85.55292,87.45292,84.10292,32.273,0.00679,790500.0,70393515.0,-1.5534575823228889,86.90292
HK.01880,中国中免,2023-11-20 00:00:00,85.60292,88.05292,88.65292,85.25292,33.176,0.00601,699234.0,63937229.0,2.922167940030568,85.55292
HK.01880,中国中免,2023-11-21 00:00:00,88.15292,88.35292,90.75292,87.95292,33.285,0.00316,367505.0,34277971.0,0.340704203790172,88.05292
HK.01880,中国中免,2023-11-22 00:00:00,88.35292,87.05292,88.70292,86.30292,32.815,0.00231,268646.0,24383493.0,-1.4713718573194832,88.35292
HK.01880,中国中免,2023-11-23 00:00:00,86.30292,89.75292,89.75292,86.15292,33.791,0.00385,447942.0,41124817.0,3.101561670763029,87.05292
HK.01880,中国中免,2023-11-24 00:00:00,89.35292,85.55292,89.75292,85.55292,32.273,0.00332,386100.0,34902196.0,-4.679513491037398,89.75292
HK.01880,中国中免,2023-11-27 00:00:00,87.55292,85.25292,87.55292,83.35292,32.164,0.0047,547329.0,48203572.0,-0.35066015280366486,85.55292
HK.01880,中国中免,2023-11-28 00:00:00,84.80292,83.95292,85.65292,83.55292,31.694,0.00487,567100.0,49973064.0,-1.524874455913061,85.25292
HK.01880,中国中免,2023-11-29 00:00:00,83.95292,81.45292,84.25292,80.35292,30.791,0.00628,730373.0,62388647.0,-2.9778594955363076,83.95292
HK.01880,中国中免,2023-11-30 00:00:00,82.85292,81.25292,82.95292,80.45292,30.719,0.01705,1984276.0,169001461.0,-0.24554061413636594,81.45292
HK.01880,中国中免,2023-12-01 00:00:00,81.25292,80.10292,81.50292,78.15292,30.303,0.00551,640773.0,53277789.0,-1.415333750467067,81.25292
HK.01880,中国中免,2023-12-04 00:00:00,79.55292,77.75292,79.95292,77.55292,29.454,0.00267,310789.0,25523162.0,-2.9337257618074277,80.10292
HK.01880,中国中免,2023-12-05 00:00:00,77.75292,75.80292,77.75292,75.30292,28.749,0.00505,587801.0,47028057.0,-2.5079443961718773,77.75292
HK.01880,中国中免,2023-12-06 00:00:00,75.70292,76.05292,77.05292,74.60292,28.839,0.00329,382599.0,30499664.0,0.32980259863340355,75.80292
HK.01880,中国中免,2023-12-07 00:00:00,75.85292,74.05292,76.25292,73.40292,28.117,0.00681,792829.0,61528725.0,-2.629747812444282,76.05292
HK.01880,中国中免,2023-12-08 00:00:00,74.00292,71.95292,74.65292,71.65292,27.358,0.00589,685031.0,52264963.0,-2.83580985057712,74.05292
HK.01880,中国中免,2023-12-11 00:00:00,71.25292,72.35292,72.60292,69.80292,27.502,0.0062,721845.0,54441998.0,0.555919064855174,71.95292
HK.01880,中国中免,2023-12-12 00:00:00,72.25292,71.45292,72.60292,71.25292,27.177,0.00394,459012.0,34689905.0,-1.2439028030934915,72.35292
HK.01880,中国中免,2023-12-13 00:00:00,70.95292,66.80292,71.15292,66.30292,25.496,0.00944,1099142.0,78140663.0,-6.50778162739886,71.45292
HK.01880,中国中免,2023-12-14 00:00:00,67.50292,66.50292,69.05292,65.85292,25.388,0.00798,928232.0,65651748.0,-0.44908216586939187,66.80292
HK.01880,中国中免,2023-12-15 00:00:00,66.95292,67.15292,69.00292,66.40292,25.623,0.00951,1106742.0,78800981.0,0.9774006915786426,66.50292
HK.01880,中国中免,2023-12-18 00:00:00,67.15292,66.60292,67.65292,66.25292,25.424,0.00348,405150.0,28532808.0,-0.8190261867987233,67.15292
HK.01880,中国中免,2023-12-19 00:00:00,66.10292,65.10292,66.25292,64.75292,24.882,0.00509,592506.0,40884694.0,-2.252153509185483,66.60292
HK.01880,中国中免,2023-12-20 00:00:00,65.30292,65.00292,66.55292,64.602919999,24.846,0.00498,579364.0,40133296.0,-0.15360294131199387,65.10292
HK.01880,中国中免,2023-12-21 00:00:00,64.75292,66.95292,67.95292,64.75292,25.551,0.00961,1118905.0,78823339.0,2.9998652368232115,65.00292
HK.01880,中国中免,2023-12-22 00:00:00,66.95292,65.45292,67.65292,65.15292,25.009,0.00504,586600.0,40893628.0,-2.2403802552599648,66.95292
HK.01880,中国中免,2023-12-27 00:00:00,65.45292,65.00292,67.00292,64.25292,24.846,0.00723,841955.0,58178171.0,-0.6875170733406589,65.45292
HK.01880,中国中免,2023-12-28 00:00:00,64.95292,72.60292,73.85292,64.75292,27.593,0.01751,2037624.0,151101029.0,11.691782461464799,65.00292
HK.01880,中国中免,2023-12-29 00:00:00,72.80292,72.90292,73.25292,71.40292,27.701,0.0083,965758.0,73645926.0,0.41320652117021905,72.60292
HK.01880,中国中免,2024-01-02 00:00:00,73.75292,69.20292,73.75292,68.55292,26.364,0.0099,1152626.0,84445974.0,-5.075242528008466,72.90292
HK.01880,中国中免,2024-01-03 00:00:00,70.15292,69.95292,70.15292,68.05292,26.635,0.00666,775085.0,56690308.0,1.0837692975961128,69.20292
HK.01880,中国中免,2024-01-04 00:00:00,69.95292,68.95292,70.35292,68.35292,26.273,0.00575,669376.0,48575387.0,-1.4295328915504883,69.95292
HK.01880,中国中免,2024-01-05 00:00:00,68.95292,68.20292,70.20292,67.65292,26.002,0.00613,713026.0,51774102.0,-1.0876986790407135,68.95292
HK.01880,中国中免,2024-01-08 00:00:00,68.25292,64.65292,68.25292,64.352919999,24.719,0.00688,801249.0,55174813.0,-5.205055736616571,68.20292
HK.01880,中国中免,2024-01-09 00:00:00,66.30292,67.50292,72.05292,66.30292,19.891,0.02078,2418900.0,175252040.0,4.4081535683152575,64.65292
HK.01880,中国中免,2024-01-10 00:00:00,67.50292,66.40292,69.55292,65.50292,19.584,0.0206,2397903.0,170358563.0,-1.629559136108495,67.50292
HK.01880,中国中免,2024-01-11 00:00:00,66.85292,68.65292,69.55292,66.25292,20.212,0.01382,1608396.0,116256289.0,3.388405208686606,66.40292
HK.01880,中国中免,2024-01-12 00:00:00,68.30292,68.40292,71.15292,67.80292,20.142,0.00798,929047.0,67940991.0,-0.3641505707259065,68.65292
HK.01880,中国中免,2024-01-15 00:00:00,68.40292,70.35292,73.05292,67.40292,20.686,0.0102,1187021.0,88418675.0,2.850755494063708,68.40292
HK.01880,中国中免,2024-01-16 00:00:00,70.35292,69.80292,70.35292,67.90292,20.533,0.00507,590600.0,43171532.0,-0.7817728105670628,70.35292
HK.01880,中国中免,2024-01-17 00:00:00,69.25292,64.30292,69.25292,63.852919999,18.997,0.01222,1422136.0,98427453.0,-7.879326538202126,69.80292
HK.01880,中国中免,2024-01-18 00:00:00,64.30292,67.25292,67.40292,63.15292,19.821,0.0244,2839841.0,197436850.0,4.587661026902048,64.30292
HK.01880,中国中免,2024-01-19 00:00:00,67.25292,67.70292,69.20292,66.60292,19.946,0.012,1397170.0,100159348.0,0.6691159283492863,67.25292
HK.01880,中国中免,2024-01-22 00:00:00,68.60292,64.102919999,68.65292,62.852919999,18.941,0.01168,1358807.0,93046146.0,-5.3173482044792335,67.70292
HK.01880,中国中免,2024-01-23 00:00:00,64.70292,64.80292,66.40292,63.25292,19.137,0.00903,1051016.0,72480772.0,1.0919939388266968,64.102919999
HK.01880,中国中免,2024-01-24 00:00:00,65.75292,66.35292,67.20292,62.95292,19.57,0.0183,2129724.0,146630169.0,2.3918675269571144,64.80292
HK.01880,中国中免,2024-01-25 00:00:00,66.35292,71.65292,72.05292,65.10292,21.049,0.02811,3271539.0,237584433.0,7.987591201713499,66.35292
HK.01880,中国中免,2024-01-26 00:00:00,71.65292,69.50292,72.25292,69.35292,20.449,0.01573,1830800.0,136301280.0,-3.000575552259408,71.65292
HK.01880,中国中免,2024-01-29 00:00:00,70.00292,70.20292,73.90292,69.85292,20.644,0.0126,1466800.0,110465215.0,1.0071519297318772,69.50292
HK.01880,中国中免,2024-01-30 00:00:00,70.05292,66.25292,70.05292,66.20292,19.542,0.00864,1005971.0,71417031.0,-5.626546588090641,70.20292
HK.01880,中国中免,2024-01-31 00:00:00,66.25292,64.55292,66.25292,63.25292,19.067,0.01417,1649200.0,111972158.0,-2.5659246415101444,66.25292
HK.01880,中国中免,2024-02-01 00:00:00,64.55292,67.35292,68.55292,64.20292,19.849,0.01652,1923200.0,135874143.0,4.337526482148286,64.55292
HK.01880,中国中免,2024-02-02 00:00:00,67.60292,65.25292,69.60292,64.102919999,19.262,0.012,1396234.0,97898674.0,-3.117904910432977,67.35292
HK.01880,中国中免,2024-02-05 00:00:00,65.25292,65.50292,66.85292,63.90292,19.332,0.00938,1092229.0,75680380.0,0.3831246172585073,65.25292
HK.01880,中国中免,2024-02-06 00:00:00,65.50292,69.20292,69.25292,65.50292,20.365,0.01321,1537756.0,110678335.0,5.648603146241424,65.50292
HK.01880,中国中免,2024-02-07 00:00:00,69.50292,69.65292,72.10292,68.40292,20.491,0.02154,2506856.0,185717344.0,0.6502615785576513,69.20292
HK.01880,中国中免,2024-02-08 00:00:00,70.70292,70.50292,71.05292,68.30292,20.728,0.00696,810602.0,60009864.0,1.2203364912770471,69.65292
HK.01880,中国中免,2024-02-09 00:00:00,70.50292,71.15292,71.50292,68.85292,20.91,0.00399,464534.0,34502724.0,0.9219476299704913,70.50292
HK.01880,中国中免,2024-02-14 00:00:00,71.15292,74.95292,75.05292,69.45292,21.97,0.01186,1380714.0,105904915.0,5.340610055075761,71.15292
HK.01880,中国中免,2024-02-15 00:00:00,75.25292,77.85292,78.30292,75.00292,22.78,0.01244,1447718.0,116568401.0,3.869095426835927,74.95292
HK.01880,中国中免,2024-02-16 00:00:00,78.25292,82.50292,83.15292,78.10292,24.078,0.01765,2053665.0,174566669.0,5.972801020180111,77.85292
HK.01880,中国中免,2024-02-19 00:00:00,81.30292,73.85292,81.30292,72.45292,21.663,0.03624,4217402.0,330798275.0,-10.484477397890894,82.50292
HK.01880,中国中免,2024-02-20 00:00:00,74.15292,72.50292,74.20292,71.05292,21.286,0.0148,1722354.0,130957435.0,-1.8279575133928279,73.85292
HK.01880,中国中免,2024-02-21 00:00:00,72.50292,76.30292,77.20292,71.65292,22.347,0.01912,2224954.0,175880516.0,5.241168217776604,72.50292
HK.01880,中国中免,2024-02-22 00:00:00,76.25292,77.05292,77.30292,75.05292,22.557,0.01252,1457146.0,116888305.0,0.982924375633331,76.30292
HK.01880,中国中免,2024-02-23 00:00:00,77.05292,77.40292,78.50292,76.05292,22.654,0.01022,1189612.0,96296906.0,0.454233272405503,77.05292
HK.01880,中国中免,2024-02-26 00:00:00,77.40292,75.25292,77.95292,74.25292,22.054,0.01224,1424860.0,112332161.0,-2.777672987013916,77.40292
HK.01880,中国中免,2024-02-27 00:00:00,75.25292,74.85292,75.45292,73.00292,21.943,0.01395,1623944.0,126183445.0,-0.5315408358904953,75.25292
HK.01880,中国中免,2024-02-28 00:00:00,74.90292,73.00292,77.15292,72.70292,21.426,0.00954,1109900.0,87461110.0,-2.4715134693476144,74.85292
HK.01880,中国中免,2024-02-29 00:00:00,73.95292,73.15292,74.75292,72.30292,21.468,0.01079,1256200.0,96953840.0,0.2054712332054546,73.00292
HK.01880,中国中免,2024-03-01 00:00:00,73.20292,73.55292,74.05292,71.85292,21.58,0.00543,632380.0,48668779.0,0.5467997723125826,73.15292
HK.01880,中国中免,2024-03-04 00:00:00,74.25292,71.25292,74.25292,71.05292,20.938,0.00947,1102100.0,83005555.0,-3.1270002604927134,73.55292
HK.01880,中国中免,2024-03-05 00:00:00,71.25292,69.25292,71.85292,69.05292,20.379,0.00765,890651.0,65651839.0,-2.8069025101006386,71.25292
HK.01880,中国中免,2024-03-06 00:00:00,69.65292,70.80292,71.20292,68.50292,20.812,0.00692,805371.0,59604195.0,2.2381727730758456,69.25292
HK.01880,中国中免,2024-03-07 00:00:00,71.05292,68.35292,71.75292,68.10292,20.128,0.00609,708833.0,51767118.0,-3.460309264081203,70.80292
HK.01880,中国中免,2024-03-08 00:00:00,68.35292,67.40292,69.65292,67.40292,19.863,0.00642,747700.0,53717377.0,-1.389845525253351,68.35292
HK.01880,中国中免,2024-03-11 00:00:00,67.45292,70.15292,70.15292,67.35292,20.63,0.01106,1286833.0,93637340.0,4.07994193723358,67.40292
HK.01880,中国中免,2024-03-12 00:00:00,70.15292,73.50292,73.95292,69.70292,21.566,0.01705,1984751.0,151367137.0,4.775282340350207,70.15292
HK.01880,中国中免,2024-03-13 00:00:00,74.00292,75.65292,75.80292,73.50292,22.166,0.01592,1852616.0,145444765.0,2.9250538618057504,73.50292
HK.01880,中国中免,2024-03-14 00:00:00,76.05292,75.10292,78.05292,74.30292,22.012,0.01404,1634510.0,129617833.0,-0.7270043244860835,75.65292
HK.01880,中国中免,2024-03-15 00:00:00,74.35292,76.85292,77.80292,74.25292,22.501,0.01933,2250084.0,179717766.0,2.330135765693265,75.10292
HK.01880,中国中免,2024-03-18 00:00:00,75.85292,77.75292,78.25292,75.85292,22.752,0.00769,894948.0,72724859.0,1.1710680609142836,76.85292
HK.01880,中国中免,2024-03-19 00:00:00,77.75292,74.65292,77.75292,74.60292,21.887,0.00885,1029431.0,81918830.0,-3.986988527247605,77.75292
HK.01880,中国中免,2024-03-20 00:00:00,77.25292,73.45292,77.25292,73.25292,21.552,0.00638,742897.0,57717510.0,-1.607438798107279,74.65292
HK.01880,中国中免,2024-03-21 00:00:00,74.00292,73.80292,75.50292,73.45292,21.649,0.00514,598200.0,46632147.0,0.47649569275121306,73.45292
HK.01880,中国中免,2024-03-22 00:00:00,73.25292,71.30292,73.80292,70.70292,20.951,0.01046,1217200.0,91481732.0,-3.3873998481360896,73.80292
HK.01880,中国中免,2024-03-25 00:00:00,71.30292,72.30292,72.75292,70.05292,21.231,0.00606,705400.0,53109040.0,1.4024671079389175,71.30292
HK.01880,中国中免,2024-03-26 00:00:00,72.30292,72.05292,73.00292,71.70292,21.161,0.00453,527300.0,40019962.0,-0.34576750150616326,72.30292
HK.01880,中国中免,2024-03-27 00:00:00,71.75292,68.95292,71.75292,68.55292,20.295,0.00702,817017.0,60360896.0,-4.3023932964826335,72.05292
HK.01880,中国中免,2024-03-28 00:00:00,70.25292,74.25292,75.95292,69.75292,21.535,0.0212,2467529.0,190970904.0,7.686403998554371,68.95292
HK.01880,中国中免,2024-04-02 00:00:00,75.40292,74.00292,75.75292,73.75292,21.466,0.01346,1565962.0,122961958.0,-0.3366870959418161,74.25292
HK.01880,中国中免,2024-04-03 00:00:00,73.75292,73.70292,74.75292,73.30292,21.383,0.00665,774200.0,60120083.0,-0.4053894089584535,74.00292
HK.01880,中国中免,2024-04-05 00:00:00,73.25292,72.15292,73.25292,70.40292,20.955,0.00593,690048.0,52249560.0,-2.1030374373227154,73.70292
HK.01880,中国中免,2024-04-08 00:00:00,72.00292,70.65292,73.30292,70.50292,20.541,0.00862,1003100.0,75536755.0,-2.078917942614104,72.15292
HK.01880,中国中免,2024-04-09 00:00:00,71.45292,71.15292,74.20292,71.05292,20.679,0.00818,952429.0,72431599.0,0.7076848345404549,70.65292
HK.01880,中国中免,2024-04-10 00:00:00,71.15292,68.75292,71.35292,68.65292,20.016,0.01633,1900700.0,139435123.0,-3.3730168768899316,71.15292
HK.01880,中国中免,2024-04-11 00:00:00,68.35292,67.90292,68.75292,67.35292,19.781,0.00832,968640.0,69513834.0,-1.2363111268583333,68.75292
HK.01880,中国中免,2024-04-12 00:00:00,67.90292,64.45292,67.95292,64.40292,18.829,0.01709,1988731.0,138982274.0,-5.080782976637807,67.90292
HK.01880,中国中免,2024-04-15 00:00:00,63.45292,64.30292,65.50292,62.55292,18.787,0.01501,1746528.0,118833220.0,-0.23272801294341,64.45292
HK.01880,中国中免,2024-04-16 00:00:00,64.30292,61.75292,64.30292,61.50292,18.083,0.01116,1299346.0,86179139.0,-3.965605294440746,64.30292
HK.01880,中国中免,2024-04-17 00:00:00,61.80292,62.45292,63.40292,61.75292,18.277,0.00663,772067.0,51279943.0,1.133549636195334,61.75292
HK.01880,中国中免,2024-04-18 00:00:00,62.25292,62.70292,63.65292,61.90292,18.346,0.00817,950717.0,63388702.0,0.40030153914340594,62.45292
HK.01880,中国中免,2024-04-19 00:00:00,62.30292,59.50292,62.55292,58.90292,17.462,0.01275,1484197.0,94451507.0,-5.103430589835363,62.70292
HK.01880,中国中免,2024-04-22 00:00:00,59.50292,60.352919999,60.65292,58.85292,17.697,0.00737,857226.0,54733272.0,1.4285013222880454,59.50292
HK.01880,中国中免,2024-04-23 00:00:00,60.352919999,60.852919999,61.25292,60.05292,17.835,0.00641,746178.0,48101765.0,0.8284603296879167,60.352919999
HK.01880,中国中免,2024-04-24 00:00:00,61.30292,62.602919999,62.65292,60.30292,18.318,0.00903,1051503.0,68945654.0,2.8757864043808543,60.852919999
HK.01880,中国中免,2024-04-25 00:00:00,62.55292,63.65292,63.80292,61.65292,18.608,0.01095,1274635.0,85019920.0,1.6772380601683967,62.602919999
HK.01880,中国中免,2024-04-26 00:00:00,64.25292,65.25292,65.55292,63.70292,19.05,0.01074,1249816.0,85685240.0,2.5136317391252456,63.65292
HK.01880,中国中免,2024-04-29 00:00:00,65.75292,66.45292,68.00292,64.65292,19.381,0.01365,1588404.0,112201012.0,1.8389981628408394,65.25292
HK.01880,中国中免,2024-04-30 00:00:00,66.95292,65.80292,67.25292,65.50292,19.202,0.00678,789009.0,55013724.0,-0.9781360999637121,66.45292
HK.01880,中国中免,2024-05-02 00:00:00,65.80292,67.95292,68.25292,64.602919999,19.795,0.00513,597615.0,42455721.0,3.2673322095736874,65.80292
HK.01880,中国中免,2024-05-03 00:00:00,68.75292,65.25292,68.75292,64.602919999,19.05,0.01159,1349400.0,93826084.0,-3.973339188367479,67.95292
HK.01880,中国中免,2024-05-06 00:00:00,65.20292,65.50292,67.55292,63.852919999,19.119,0.02651,3085756.0,214140163.0,0.3831246172585073,65.25292
HK.01880,中国中免,2024-05-07 00:00:00,65.50292,64.40292,65.50292,63.45292,18.815,0.01685,1960800.0,133250697.0,-1.6793144488825973,65.50292
HK.01880,中国中免,2024-05-08 00:00:00,64.30292,61.00292,64.30292,60.70292,17.876,0.01867,2173219.0,142648782.0,-5.279263735246774,64.40292
HK.01880,中国中免,2024-05-09 00:00:00,61.00292,62.852919999,63.25292,61.00292,18.387,0.01034,1202832.0,79877898.0,3.0326417145277595,61.00292
HK.01880,中国中免,2024-05-10 00:00:00,62.852919999,65.25292,65.55292,62.852919999,19.05,0.01304,1517731.0,103430955.0,3.8184383494644107,62.852919999
HK.01880,中国中免,2024-05-13 00:00:00,65.60292,64.40292,65.60292,63.45292,18.815,0.00744,866000.0,58880302.0,-1.302623698678938,65.25292
HK.01880,中国中免,2024-05-14 00:00:00,65.00292,64.55292,66.55292,64.45292,18.856,0.01053,1225468.0,84524946.0,0.232908694202073,64.40292
HK.01880,中国中免,2024-05-16 00:00:00,64.55292,67.05292,67.05292,63.65292,19.547,0.01708,1987916.0,137957280.0,3.872791501918116,64.55292
HK.01880,中国中免,2024-05-17 00:00:00,67.10292,70.85292,70.95292,66.40292,20.596,0.02348,2732300.0,198234710.0,5.667165576085273,67.05292
HK.01880,中国中免,2024-05-20 00:00:00,71.55292,72.25292,74.05292,70.75292,20.982,0.03192,3715293.0,283740166.0,1.9759242103218975,70.85292
HK.01880,中国中免,2024-05-21 00:00:00,72.30292,69.55292,73.65292,69.00292,20.237,0.02133,2482899.0,185035258.0,-3.7368731948826466,72.25292
HK.01880,中国中免,2024-05-22 00:00:00,70.25292,70.25292,71.40292,69.30292,20.43,0.01418,1649751.0,122586622.0,1.006427911294023,69.55292
HK.01880,中国中免,2024-05-23 00:00:00,70.55292,67.00292,70.55292,66.80292,19.533,0.01471,1712304.0,122495471.0,-4.626142230102322,70.25292
HK.01880,中国中免,2024-05-24 00:00:00,66.75292,65.00292,67.15292,64.20292,18.981,0.0106,1233251.0,85238180.0,-2.9849445367455627,67.00292
HK.01880,中国中免,2024-05-27 00:00:00,65.45292,64.65292,65.75292,63.05292,18.884,0.0091,1059130.0,72014951.0,-0.5384373501990504,65.00292
HK.01880,中国中免,2024-05-28 00:00:00,64.602919999,64.70292,66.75292,63.852919999,18.898,0.01213,1411700.0,97214545.0,0.07733602751432012,64.65292
HK.01880,中国中免,2024-05-29 00:00:00,64.80292,63.70292,65.10292,63.20292,18.622,0.00803,934600.0,63126522.0,-1.5455253024129467,64.70292
HK.01880,中国中免,2024-05-30 00:00:00,63.65292,60.20292,63.65292,59.45292,17.655,0.02641,3073900.0,198811900.0,-5.494253638608717,63.70292
HK.01880,中国中免,2024-05-31 00:00:00,60.70292,58.60292,61.15292,58.40292,17.214,0.02661,3097412.0,195611036.0,-2.657678398323539,60.20292
HK.01880,中国中免,2024-06-03 00:00:00,59.35292,57.60292,59.45292,57.40292,16.938,0.01444,1680481.0,104336483.0,-1.706399612852056,58.60292
HK.01880,中国中免,2024-06-04 00:00:00,58.25292,61.352919999,61.80292,57.80292,17.973,0.02228,2593256.0,165899229.0,6.510086639705078,57.60292
HK.01880,中国中免,2024-06-05 00:00:00,61.06486,62.56486,64.31486,61.06486,17.807,0.01244,1447784.0,94080599.0,1.9753583057167543,61.352919999
HK.01880,中国中免,2024-06-06 00:00:00,63.56486,61.16486,63.664859999,60.86486,17.421,0.01207,1404900.0,89892155.0,-2.2376778274577864,62.56486
HK.01880,中国中免,2024-06-07 00:00:00,61.91486,61.16486,62.86486,60.96486,17.421,0.00704,819205.0,51945954.0,0.0,61.16486
HK.01880,中国中免,2024-06-11 00:00:00,61.16486,58.21486,61.16486,58.16486,16.606,0.0167,1943908.0,118337158.0,-4.823030740199513,61.16486
HK.01880,中国中免,2024-06-12 00:00:00,58.31486,57.46486,58.51486,57.06486,16.399,0.03281,3818300.0,228102833.0,-1.2883308488588652,58.21486
HK.01880,中国中免,2024-06-13 00:00:00,57.81486,56.06486,57.96486,55.91486,16.013,0.01596,1857920.0,108816281.0,-2.4362714883495733,57.46486
HK.01880,中国中免,2024-06-14 00:00:00,55.86486,53.91486,56.06486,53.56486,15.419,0.03455,4021300.0,225835798.0,-3.8348441430157956,56.06486
HK.01880,中国中免,2024-06-17 00:00:00,54.06486,52.81486,54.11486,52.01486,15.115,0.02484,2891008.0,157894323.0,-2.0402538372537635,53.91486
HK.01880,中国中免,2024-06-18 00:00:00,53.36486,52.41486,54.31486,51.76486,15.005,0.02727,3173540.0,173984743.0,-0.7573626059029707,52.81486
HK.01880,中国中免,2024-06-19 00:00:00,52.86486,51.86486,52.86486,50.81486,14.853,0.02659,3095022.0,165143021.0,-1.0493207460632294,52.41486
HK.01880,中国中免,2024-06-20 00:00:00,51.86486,50.16486,51.86486,49.66486,14.384,0.02402,2795393.0,145973062.0,-3.277749134963447,51.86486
HK.01880,中国中免,2024-06-21 00:00:00,50.26486,50.36486,51.21486,50.06486,14.439,0.01238,1440767.0,75532217.0,0.3986854543200217,50.16486
HK.01880,中国中免,2024-06-24 00:00:00,50.56486,50.16486,50.61486,49.46486,14.384,0.01344,1564200.0,81140266.0,-0.39710226534929877,50.36486
HK.01880,中国中免,2024-06-25 00:00:00,50.66486,48.31486,51.31486,48.01486,13.873,0.02966,3452006.0,175775134.0,-3.6878404524601374,50.16486
HK.01880,中国中免,2024-06-26 00:00:00,48.31486,49.76486,50.01486,47.96486,14.273,0.02066,2404546.0,123217191.0,3.001147059103546,48.31486
HK.01880,中国中免,2024-06-27 00:00:00,50.06486,47.51486,50.06486,47.11486,13.652,0.02039,2372700.0,118604527.0,-4.5212625937257735,49.76486
HK.01880,中国中免,2024-06-28 00:00:00,46.91486,45.91486,47.41486,45.81486,13.21,0.0208,2420728.0,117096692.0,-3.3673675982629465,47.51486
HK.01880,中国中免,2024-07-02 00:00:00,46.26486,46.01486,47.26486,45.76486,13.238,0.01763,2051973.0,99141699.0,0.21779441339906386,45.91486
HK.01880,中国中免,2024-07-03 00:00:00,46.56486,51.86486,53.96486,46.56486,14.853,0.08052,9370839.0,502538487.0,12.713284360747815,46.01486
HK.01880,中国中免,2024-07-04 00:00:00,52.56486,50.41486,52.56486,49.21486,14.453,0.03817,4442580.0,230667578.0,-2.795727203351176,51.86486
HK.01880,中国中免,2024-07-05 00:00:00,50.66486,52.41486,54.81486,50.66486,15.005,0.04807,5594170.0,307313239.0,3.9670843080790075,50.41486
HK.01880,中国中免,2024-07-08 00:00:00,51.76486,49.86486,52.01486,49.26486,14.301,0.02469,2874050.0,149119491.0,-4.865032549929538,52.41486
HK.01880,中国中免,2024-07-09 00:00:00,50.21486,49.06486,50.21486,48.26486,14.08,0.03351,3899553.0,198640623.0,-1.6043361998810328,49.86486
HK.01880,中国中免,2024-07-10 00:00:00,49.71486,49.06486,51.56486,48.81486,14.08,0.01712,1992000.0,103365642.0,0.0,49.06486
HK.01880,中国中免,2024-07-11 00:00:00,49.96486,52.96486,53.51486,49.16486,15.157,0.03932,4576311.0,247579803.0,7.94866224014498,49.06486
HK.01880,中国中免,2024-07-12 00:00:00,52.96486,53.21486,54.76486,52.96486,15.226,0.02925,3404203.0,189639946.0,0.47201106544980953,52.96486
HK.01880,中国中免,2024-07-15 00:00:00,52.06486,51.46486,53.21486,51.31486,14.743,0.02277,2649860.0,143013627.0,-3.288555114116621,53.21486
HK.01880,中国中免,2024-07-16 00:00:00,51.81486,52.61486,54.16486,51.51486,15.06,0.03223,3750700.0,206032271.0,2.2345343988111472,51.46486
HK.01880,中国中免,2024-07-17 00:00:00,52.81486,55.06486,56.56486,51.51486,15.737,0.03619,4212300.0,238215355.0,4.656479177175426,52.61486
HK.01880,中国中免,2024-07-18 00:00:00,55.16486,53.91486,55.56486,53.26486,15.419,0.02968,3454200.0,193499885.0,-2.0884462432121063,55.06486
HK.01880,中国中免,2024-07-19 00:00:00,54.06486,54.16486,54.51486,52.21486,15.488,0.01387,1614734.0,89655818.0,0.4636940539213123,53.91486
HK.01880,中国中免,2024-07-22 00:00:00,54.71486,52.96486,54.71486,51.86486,15.157,0.01329,1546800.0,84855575.0,-2.215458509446892,54.16486
HK.01880,中国中免,2024-07-23 00:00:00,53.36486,50.86486,53.81486,50.51486,14.577,0.0153,1780400.0,95410257.0,-3.964892949778403,52.96486
HK.01880,中国中免,2024-07-24 00:00:00,51.06486,50.76486,51.66486,49.81486,14.549,0.01159,1348903.0,71055606.0,-0.19659938118379056,50.86486
HK.01880,中国中免,2024-07-25 00:00:00,50.76486,51.36486,53.01486,50.51486,14.715,0.01869,2174910.0,117103944.0,1.1819199343798081,50.76486
HK.01880,中国中免,2024-07-26 00:00:00,50.86486,53.11486,53.26486,50.76486,15.198,0.01431,1665950.0,89932675.0,3.4069984810627343,51.36486
HK.01880,中国中免,2024-07-29 00:00:00,52.86486,51.76486,53.56486,51.61486,14.826,0.00706,821483.0,44443558.0,-2.5416615990327402,53.11486
HK.01880,中国中免,2024-07-30 00:00:00,51.21486,50.21486,52.41486,49.91486,14.398,0.00958,1115500.0,59141160.0,-2.994309266942859,51.76486
HK.01880,中国中免,2024-07-31 00:00:00,50.51486,53.26486,53.46486,50.51486,15.24,0.02399,2792500.0,152754574.0,6.073899240185071,50.21486
HK.01880,中国中免,2024-08-01 00:00:00,53.36486,52.16486,53.36486,52.01486,14.936,0.00839,975932.0,53037550.0,-2.0651513962488615,53.26486
HK.01880,中国中免,2024-08-02 00:00:00,51.56486,52.21486,53.21486,50.66486,14.95,0.0083,965548.0,52301777.0,0.09584996489975103,52.16486
HK.01880,中国中免,2024-08-05 00:00:00,52.86486,51.01486,54.46486,50.51486,14.618,0.02427,2824817.0,153205326.0,-2.29819633721129,52.21486
HK.01880,中国中免,2024-08-06 00:00:00,52.06486,53.31486,53.56486,51.16486,15.254,0.01385,1611800.0,87561365.0,4.508490271266067,51.01486
HK.01880,中国中免,2024-08-07 00:00:00,53.81486,53.51486,53.81486,51.86486,15.309,0.00872,1014666.0,55467462.0,0.3751299356314463,53.31486
HK.01880,中国中免,2024-08-08 00:00:00,54.06486,53.41486,54.06486,52.41486,15.281,0.00742,863288.0,47596889.0,-0.1868639850688228,53.51486
HK.01880,中国中免,2024-08-09 00:00:00,54.06486,52.46486,54.06486,52.26486,15.019,0.00673,782900.0,42961907.0,-1.778531292602837,53.41486
HK.01880,中国中免,2024-08-12 00:00:00,52.81486,50.06486,53.11486,49.71486,14.356,0.01486,1728945.0,90548116.0,-4.5744904303566205,52.46486
HK.01880,中国中免,2024-08-13 00:00:00,50.26486,50.51486,50.76486,48.06486,14.48,0.06401,7449561.0,365278748.0,0.8988340324930415,50.06486
HK.01880,中国中免,2024-08-14 00:00:00,50.51486,48.81486,50.51486,48.61486,14.011,0.00944,1098376.0,56058689.0,-3.365346355508054,50.51486
HK.01880,中国中免,2024-08-15 00:00:00,49.06486,48.81486,49.71486,48.11486,14.011,0.01051,1222900.0,62037058.0,0.0,48.81486
HK.01880,中国中免,2024-08-16 00:00:00,49.46486,48.21486,49.56486,48.01486,13.845,0.00882,1026391.0,51777613.0,-1.2291339153692162,48.81486
HK.01880,中国中免,2024-08-19 00:00:00,48.86486,48.21486,49.06486,48.06486,13.845,0.0057,663800.0,33460240.0,0.0,48.21486
HK.01880,中国中免,2024-08-20 00:00:00,48.46486,47.51486,48.71486,46.86486,13.652,0.01221,1421100.0,70172182.0,-1.4518345588891117,48.21486
HK.01880,中国中免,2024-08-21 00:00:00,47.61486,47.66486,47.81486,46.26486,13.694,0.00682,794152.0,38906728.0,0.31569071233714796,47.51486
HK.01880,中国中免,2024-08-22 00:00:00,48.86486,47.21486,48.86486,46.26486,13.569,0.00769,894438.0,43676476.0,-0.9440917271130047,47.66486
HK.01880,中国中免,2024-08-23 00:00:00,46.91486,47.06486,47.56486,45.76486,13.528,0.00535,622675.0,30370049.0,-0.31769658959064706,47.21486
HK.01880,中国中免,2024-08-26 00:00:00,47.66486,47.76486,47.81486,46.41486,13.721,0.0112,1303500.0,64044004.0,1.487309215410384,47.06486
HK.01880,中国中免,2024-08-27 00:00:00,47.81486,47.06486,48.31486,46.86486,13.528,0.01028,1195895.0,58820235.0,-1.4655125127551838,47.76486
HK.01880,中国中免,2024-08-28 00:00:00,49.01486,46.81486,49.61486,46.56486,13.459,0.02324,2705180.0,135167947.0,-0.531181862646569,47.06486
HK.01880,中国中免,2024-08-29 00:00:00,46.26486,44.46486,46.26486,43.86486,12.81,0.02694,3135920.0,145843735.0,-5.019773635977981,46.81486
HK.01880,中国中免,2024-08-30 00:00:00,44.46486,43.81486,46.01486,43.36486,12.631,0.11118,12940081.0,596134307.0,-1.4618285090743535,44.46486
HK.01880,中国中免,2024-09-02 00:00:00,44.06486,41.76486,44.06486,41.66486,12.065,0.04126,4801463.0,215172185.0,-4.678777930592507,43.81486
HK.01880,中国中免,2024-09-03 00:00:00,42.06486,41.46486,43.01486,41.26486,11.982,0.01136,1321725.0,57981920.0,-0.7183072085001534,41.76486
HK.01880,中国中免,2024-09-04 00:00:00,41.56486,40.56486,41.56486,40.26486,11.733,0.01485,1728305.0,73650327.0,-2.1705125737793365,41.46486
HK.01880,中国中免,2024-09-05 00:00:00,40.96486,40.61486,41.31486,40.51486,11.747,0.00932,1085224.0,46365750.0,0.12325939248896003,40.56486
HK.01880,中国中免,2024-09-09 00:00:00,39.41486,38.71486,39.86486,38.46486,11.223,0.01893,2202798.0,90372847.0,-4.678090728368875,40.61486
HK.01880,中国中免,2024-09-10 00:00:00,38.86486,38.06486,38.91486,37.61486,11.043,0.01552,1805800.0,72113665.0,-1.6789418843307158,38.71486
HK.01880,中国中免,2024-09-11 00:00:00,37.81486,38.16486,38.61486,37.61486,11.071,0.01267,1474200.0,59081902.0,0.26270949111593817,38.06486
HK.01880,中国中免,2024-09-12 00:00:00,38.56486,38.16486,39.01486,38.06486,11.071,0.00894,1040900.0,42131050.0,0.0,38.16486
HK.01880,中国中免,2024-09-13 00:00:00,38.61486,37.91486,39.31486,37.91486,11.002,0.01025,1192400.0,48305380.0,-0.6550528418026426,38.16486
HK.01880,中国中免,2024-09-16 00:00:00,37.91486,37.71486,38.16486,35.91486,10.946,0.00842,980050.0,38376182.0,-0.5274976618666025,37.91486
HK.01880,中国中免,2024-09-17 00:00:00,37.76486,37.66486,38.01486,36.86486,10.933,0.0033,384400.0,15216583.0,-0.1325737388392911,37.71486
HK.01880,中国中免,2024-09-19 00:00:00,37.31486,39.26486,39.61486,37.31486,11.374,0.01779,2070373.0,84791814.0,4.247991363833561,37.66486
HK.01880,中国中免,2024-09-20 00:00:00,39.26486,39.41486,39.86486,38.56486,11.416,0.01476,1717411.0,70725761.0,0.38202097244202216,39.26486
HK.01880,中国中免,2024-09-23 00:00:00,39.61486,39.96486,40.31486,38.91486,11.568,0.01317,1533324.0,64234164.0,1.395412796087578,39.41486
HK.01880,中国中免,2024-09-24 00:00:00,40.36486,42.66486,42.76486,40.06486,12.313,0.02247,2614638.0,114074840.0,6.7559350889756535,39.96486
HK.01880,中国中免,2024-09-25 00:00:00,43.81486,42.76486,45.21486,42.56486,12.341,0.02797,3255021.0,149441179.0,0.23438492473666014,42.66486
HK.01880,中国中免,2024-09-26 00:00:00,42.96486,49.71486,49.81486,42.86486,14.26,0.06461,7520052.0,367265949.0,16.251660826201704,42.76486
HK.01880,中国中免,2024-09-27 00:00:00,51.66486,56.86486,57.01486,51.66486,16.234,0.09956,11587193.0,650129094.0,14.382017770944136,49.71486
HK.01880,中国中免,2024-09-30 00:00:00,63.06486,73.36486,75.56486,61.16486,20.789,0.16119,18759678.0,1332699487.0,29.016162178188765,56.86486
HK.01880,中国中免,2024-10-02 00:00:00,80.06486,75.46486,80.16486,72.71486,21.369,0.09005,10480112.0,827647445.0,2.8624057893656563,73.36486
HK.01880,中国中免,2024-10-03 00:00:00,77.31486,69.66486,77.31486,64.46486,19.768,0.06184,7197173.0,505910949.0,-7.685696362518922,75.46486
HK.01880,中国中免,2024-10-04 00:00:00,66.06486,73.36486,73.81486,66.06486,20.789,0.0434,5051620.0,373085599.0,5.31114251862415,69.66486
HK.01880,中国中免,2024-10-07 00:00:00,79.96486,76.36486,80.31486,70.06486,21.617,0.06695,7791812.0,588854705.0,4.089151127665207,73.36486
HK.01880,中国中免,2024-10-08 00:00:00,80.06486,62.06486,80.06486,60.21486,17.669,0.12905,15019300.0,1031888902.0,-18.725890416089275,76.36486
HK.01880,中国中免,2024-10-09 00:00:00,62.11486,58.46486,65.81486,57.06486,16.675,0.06963,8104177.0,507982025.0,-5.800383663154967,62.06486
HK.01880,中国中免,2024-10-10 00:00:00,60.06486,60.06486,62.06486,58.06486,17.117,0.03436,3999145.0,248500032.0,2.736686618252402,58.46486
HK.01880,中国中免,2024-10-14 00:00:00,59.06486,56.51486,59.06486,53.76486,16.137,0.04351,5064118.0,293058993.0,-5.910277656519975,60.06486
HK.01880,中国中免,2024-10-15 00:00:00,56.71486,51.91486,57.01486,51.66486,14.867,0.0382,4445500.0,247944130.0,-8.139452172402093,56.51486
HK.01880,中国中免,2024-10-16 00:00:00,50.06486,48.91486,50.56486,48.56486,14.039,0.04305,5009900.0,256818172.0,-5.778692266530239,51.91486
HK.01880,中国中免,2024-10-17 00:00:00,49.61486,46.96486,50.71486,46.76486,13.5,0.02488,2895800.0,146703744.0,-3.986518616224182,48.91486
HK.01880,中国中免,2024-10-18 00:00:00,47.36486,50.91486,52.46486,47.06486,14.591,0.03595,4184342.0,216845860.0,8.410543542554999,46.96486
HK.01880,中国中免,2024-10-21 00:00:00,52.16486,50.11486,52.31486,50.11486,14.37,0.02019,2349700.0,124495600.0,-1.5712505150755538,50.91486
HK.01880,中国中免,2024-10-22 00:00:00,50.11486,50.86486,51.86486,49.96486,14.577,0.01266,1473400.0,78307120.0,1.4965620975495093,50.11486
HK.01880,中国中免,2024-10-23 00:00:00,51.06486,54.06486,54.61486,50.26486,15.461,0.02499,2908579.0,159771733.0,6.291180197881214,50.86486
HK.01880,中国中免,2024-10-24 00:00:00,54.06486,51.81486,54.06486,51.46486,14.839,0.0129,1501000.0,81425010.0,-4.161668040941935,54.06486
HK.01880,中国中免,2024-10-25 00:00:00,52.16486,52.41486,53.46486,51.71486,15.005,0.01467,1707100.0,93320294.0,1.1579689687475645,51.81486
HK.01880,中国中免,2024-10-28 00:00:00,52.96486,54.01486,54.01486,51.86486,15.447,0.01486,1729900.0,95282940.0,3.0525694430930495,52.41486
HK.01880,中国中免,2024-10-29 00:00:00,54.16486,52.16486,54.96486,52.01486,14.936,0.0148,1722423.0,94412785.0,-3.424983421228901,54.01486
HK.01880,中国中免,2024-10-30 00:00:00,52.56486,51.51486,52.76486,50.96486,14.757,0.01073,1248626.0,67053522.0,-1.2460495436966545,52.16486
HK.01880,中国中免,2024-10-31 00:00:00,51.26486,51.11486,52.06486,50.36486,14.646,0.01229,1430181.0,76157890.0,-0.7764749821701905,51.51486
HK.01880,中国中免,2024-11-01 00:00:00,51.26486,51.56486,52.86486,50.71486,14.77,0.01071,1246200.0,66845225.0,0.8803702093676924,51.11486
HK.01880,中国中免,2024-11-04 00:00:00,52.31486,53.06486,53.26486,51.31486,15.184,0.01133,1318180.0,71772697.0,2.9089577669754165,51.56486
HK.01880,中国中免,2024-11-05 00:00:00,52.86486,55.76486,55.86486,51.76486,15.93,0.02275,2647329.0,150458263.0,5.088112924447545,53.06486
HK.01880,中国中免,2024-11-06 00:00:00,55.06486,54.71486,56.56486,54.01486,15.64,0.02038,2371950.0,135392580.0,-1.8829061885925962,55.76486
HK.01880,中国中免,2024-11-07 00:00:00,54.01486,59.71486,59.71486,53.21486,17.02,0.0492,5725511.0,344413719.0,9.138285284838524,54.71486
HK.01880,中国中免,2024-11-08 00:00:00,60.66486,56.81486,61.91486,56.56486,16.22,0.04332,5042244.0,304000306.0,-4.856412624931212,59.71486
HK.01880,中国中免,2024-11-11 00:00:00,55.66486,54.91486,56.06486,53.86486,15.695,0.02237,2603500.0,147270256.0,-3.344195515046602,56.81486
HK.01880,中国中免,2024-11-12 00:00:00,54.96486,53.06486,56.36486,52.41486,15.184,0.02628,3058410.0,171890020.0,-3.368851345519217,54.91486
HK.01880,中国中免,2024-11-13 00:00:00,52.66486,52.46486,53.61486,51.06486,15.019,0.01642,1911300.0,103238630.0,-1.1306917609883478,53.06486
HK.01880,中国中免,2024-11-14 00:00:00,52.56486,49.96486,52.56486,49.81486,14.329,0.01826,2124644.0,112492829.0,-4.765094198288149,52.46486
HK.01880,中国中免,2024-11-15 00:00:00,50.06486,50.86486,51.26486,49.36486,14.577,0.01383,1609360.0,84854801.0,1.8012659296953872,49.96486
HK.01880,中国中免,2024-11-18 00:00:00,50.56486,50.31486,51.81486,50.11486,14.425,0.00967,1125198.0,59630349.0,-1.0812965965108272,50.86486
HK.01880,中国中免,2024-11-19 00:00:00,51.06486,50.31486,51.31486,49.61486,14.425,0.00936,1089500.0,56803934.0,0.0,50.31486
HK.01880,中国中免,2024-11-20 00:00:00,50.31486,50.81486,51.11486,49.96486,14.563,0.00794,923599.0,48659723.0,0.9937422065767448,50.31486
HK.01880,中国中免,2024-11-21 00:00:00,50.56486,49.66486,50.76486,49.66486,14.246,0.00927,1078400.0,56122440.0,-2.2631175211345766,50.81486
HK.01880,中国中免,2024-11-22 00:00:00,49.66486,47.41486,50.26486,47.31486,13.625,0.01186,1380600.0,69471537.0,-4.530366138150797,49.66486
HK.01880,中国中免,2024-11-25 00:00:00,47.51486,48.31486,49.41486,47.51486,13.873,0.00997,1160200.0,58562522.0,1.8981391066007696,47.41486
HK.01880,中国中免,2024-11-26 00:00:00,47.56486,48.01486,49.01486,47.46486,13.79,0.00435,506006.0,25399031.0,-0.6209269777455719,48.31486
HK.01880,中国中免,2024-11-27 00:00:00,47.26486,49.21486,49.46486,47.11486,14.122,0.00782,909927.0,45828993.0,2.4992262811971186,48.01486
HK.01880,中国中免,2024-11-28 00:00:00,49.46486,48.16486,49.46486,48.11486,13.832,0.00515,598900.0,30292500.0,-2.1335019544909897,49.21486
HK.01880,中国中免,2024-11-29 00:00:00,48.21486,49.71486,50.56486,48.21486,14.26,0.00773,899900.0,46301401.0,3.2181137866901395,48.16486
HK.01880,中国中免,2024-12-02 00:00:00,50.01486,51.86486,52.01486,49.46486,14.853,0.01817,2115100.0,113141390.0,4.324662686367815,49.71486
HK.01880,中国中免,2024-12-03 00:00:00,51.86486,50.76486,51.91486,50.41486,14.549,0.01208,1406300.0,74383035.0,-2.1208964990939942,51.86486
HK.01880,中国中免,2024-12-04 00:00:00,50.91486,49.66486,50.96486,49.66486,14.246,0.00713,830000.0,43260070.0,-2.166853213029646,50.76486
HK.01880,中国中免,2024-12-05 00:00:00,49.66486,49.01486,49.71486,48.66486,14.066,0.00779,906700.0,46282870.0,-1.3087724399102276,49.66486
HK.01880,中国中免,2024-12-06 00:00:00,49.01486,50.16486,50.61486,48.76486,14.384,0.00731,850600.0,44236500.0,2.346227246186154,49.01486
HK.01880,中国中免,2024-12-09 00:00:00,50.56486,53.26486,53.66486,48.96486,15.24,0.02314,2693300.0,143299292.0,6.179624541960252,50.16486
HK.01880,中国中免,2024-12-10 00:00:00,56.16486,51.86486,57.71486,51.86486,14.853,0.03948,4595400.0,258217128.0,-2.628374504316727,53.26486
HK.01880,中国中免,2024-12-11 00:00:00,52.26486,51.36486,53.26486,51.06486,14.715,0.02014,2343600.0,126553733.0,-0.9640438632245417,51.86486
HK.01880,中国中免,2024-12-12 00:00:00,52.06486,55.41486,55.46486,51.16486,15.833,0.0429,4992527.0,281007926.0,7.884767913316608,51.36486
HK.01880,中国中免,2024-12-13 00:00:00,55.31486,52.41486,55.31486,52.16486,15.005,0.02543,2959100.0,162770215.0,-5.4137103296841325,55.41486
HK.01880,中国中免,2024-12-16 00:00:00,52.46486,52.91486,54.36486,52.01486,15.143,0.01588,1848400.0,102185665.0,0.9539279509665771,52.41486
HK.01880,中国中免,2024-12-17 00:00:00,54.01486,52.96486,54.06486,52.11486,15.157,0.01383,1610128.0,88950497.0,0.09449141507698265,52.91486
HK.01880,中国中免,2024-12-18 00:00:00,53.26486,53.46486,54.06486,52.96486,15.295,0.00885,1029673.0,57011504.0,0.9440221308996191,52.96486
HK.01880,中国中免,2024-12-19 00:00:00,52.06486,53.86486,54.56486,52.06486,15.405,0.01505,1751534.0,97561041.0,0.7481549563582484,53.46486
HK.01880,中国中免,2024-12-20 00:00:00,53.86486,53.31486,54.86486,53.11486,15.254,0.01103,1283931.0,71812037.0,-1.0210738503729466,53.86486
HK.01880,中国中免,2024-12-23 00:00:00,54.06486,53.51486,54.46486,53.31486,15.309,0.00599,696815.0,38744709.0,0.3751299356314463,53.31486
HK.01880,中国中免,2024-12-24 00:00:00,53.11486,54.66486,55.01486,53.11486,15.626,0.00688,800300.0,45155437.0,2.148935828291429,53.51486
HK.01880,中国中免,2024-12-27 00:00:00,54.66486,52.76486,54.96486,52.71486,15.102,0.01271,1479400.0,81929573.0,-3.4757246245577114,54.66486
HK.01880,中国中免,2024-12-30 00:00:00,53.81486,51.16486,53.81486,51.16486,14.66,0.0104,1210000.0,65028640.0,-3.032321131904835,52.76486
HK.01880,中国中免,2024-12-31 00:00:00,51.11486,51.16486,51.81486,50.66486,14.66,0.00346,402900.0,21414995.0,0.0,51.16486
HK.01880,中国中免,2025-01-02 00:00:00,51.06486,48.76486,51.16486,48.31486,13.997,0.0124,1443700.0,74017172.0,-4.690719372631917,51.16486
HK.01880,中国中免,2025-01-03 00:00:00,49.41486,47.86486,49.71486,47.66486,13.749,0.01198,1393774.0,70263793.0,-1.8455912720758318,48.76486
HK.01880,中国中免,2025-01-06 00:00:00,47.86486,47.31486,48.16486,46.96486,13.597,0.00639,744200.0,36773335.0,-1.149068439769796,47.86486
HK.01880,中国中免,2025-01-07 00:00:00,47.31486,47.61486,47.91486,46.81486,13.68,0.0053,616300.0,30340964.0,0.6340502751144084,47.31486
HK.01880,中国中免,2025-01-08 00:00:00,47.66486,46.06486,47.96486,45.41486,13.252,0.00937,1090600.0,52519245.0,-3.2552862698745666,47.61486
HK.01880,中国中免,2025-01-09 00:00:00,46.06486,45.66486,46.71486,45.61486,13.141,0.0038,442463.0,21223628.0,-0.8683408567832522,46.06486
HK.01880,中国中免,2025-01-10 00:00:00,45.66486,44.71486,46.36486,44.71486,12.879,0.00623,725400.0,34086535.0,-2.080374274661076,45.66486
HK.01880,中国中免,2025-01-13 00:00:00,44.66486,44.16486,44.81486,43.71486,12.727,0.00823,957404.0,44185760.0,-1.2300161512302716,44.71486
HK.01880,中国中免,2025-01-14 00:00:00,45.01486,45.81486,46.26486,44.06486,13.183,0.00859,999733.0,47562992.0,3.7360018802278683,44.16486
HK.01880,中国中免,2025-01-15 00:00:00,45.86486,45.51486,46.01486,45.06486,13.1,0.00639,743416.0,35247499.0,-0.654809378441851,45.81486
HK.01880,中国中免,2025-01-16 00:00:00,45.71486,46.66486,47.21486,45.66486,13.418,0.01373,1598400.0,77439400.0,2.526647341110131,45.51486
HK.01880,中国中免,2025-01-17 00:00:00,46.01486,45.46486,46.01486,43.56486,21.303,0.01774,2065099.0,96729397.0,-2.5715281263031664,46.66486
HK.01880,中国中免,2025-01-20 00:00:00,45.56486,46.36486,47.36486,45.56486,21.707,0.01884,2192210.0,105662344.0,1.9795508003323854,45.46486
HK.01880,中国中免,2025-01-21 00:00:00,47.11486,46.66486,47.36486,46.26486,21.842,0.00866,1007700.0,48983295.0,0.6470417467021299,46.36486
HK.01880,中国中免,2025-01-22 00:00:00,46.66486,44.86486,46.76486,44.71486,21.033,0.01006,1171100.0,55169505.0,-3.857292189454757,46.66486
HK.01880,中国中免,2025-01-23 00:00:00,45.76486,44.06486,46.06486,43.81486,20.674,0.01564,1820400.0,84920550.0,-1.7831327234722165,44.86486
HK.01880,中国中免,2025-01-24 00:00:00,44.11486,44.86486,44.91486,44.11486,21.033,0.01028,1196123.0,55753484.0,1.8155055978845664,44.06486
HK.01880,中国中免,2025-01-27 00:00:00,45.41486,45.51486,46.06486,45.06486,21.325,0.00939,1092660.0,51915992.0,1.4487953378211782,44.86486
HK.01880,中国中免,2025-01-28 00:00:00,43.56486,44.76486,44.96486,43.06486,20.988,0.00262,304800.0,14131325.0,-1.647813483332696,45.51486
HK.01880,中国中免,2025-02-03 00:00:00,44.76486,43.81486,44.76486,42.06486,20.561,0.01497,1742032.0,78736397.0,-2.1222003151579067,44.76486
HK.01880,中国中免,2025-02-04 00:00:00,43.21486,46.76486,47.96486,43.21486,21.887,0.01112,1293978.0,62778531.0,6.732875558657486,43.81486
HK.01880,中国中免,2025-02-05 00:00:00,46.06486,44.56486,46.06486,44.51486,20.898,0.01668,1941108.0,90995919.0,-4.70438701195726,46.76486
HK.01880,中国中免,2025-02-06 00:00:00,44.61486,45.66486,45.66486,44.21486,21.393,0.0091,1058790.0,49928941.0,2.4683124775888317,44.56486
HK.01880,中国中免,2025-02-07 00:00:00,45.76486,47.21486,47.51486,45.76486,22.089,0.01935,2251720.0,109884888.0,3.3942948691838852,45.66486
HK.01880,中国中免,2025-02-10 00:00:00,47.21486,48.21486,48.46486,46.61486,22.539,0.01582,1841475.0,91212485.0,2.117977263937667,47.21486
HK.01880,中国中免,2025-02-11 00:00:00,48.21486,45.86486,48.26486,45.81486,21.483,0.0164,1909100.0,93015521.0,-4.8740160191277155,48.21486
HK.01880,中国中免,2025-02-12 00:00:00,46.16486,45.66486,46.71486,45.16486,21.393,0.02175,2531082.0,120529721.0,-0.43606368797376216,45.86486
HK.01880,中国中免,2025-02-13 00:00:00,45.86486,45.06486,47.46486,44.86486,21.123,0.03773,4391724.0,211872294.0,-1.3139205945227783,45.66486
HK.01880,中国中免,2025-02-14 00:00:00,45.81486,47.01486,47.21486,45.66486,22.0,0.03588,4175422.0,203111860.0,4.327096544846685,45.06486
HK.01880,中国中免,2025-02-17 00:00:00,47.26486,46.26486,47.91486,45.66486,21.662,0.02823,3285790.0,159874510.0,-1.595240313381769,47.01486
HK.01880,中国中免,2025-02-18 00:00:00,46.76486,45.76486,46.76486,45.16486,21.438,0.01565,1821500.0,87257031.0,-1.080733844217836,46.26486
HK.01880,中国中免,2025-02-19 00:00:00,45.41486,45.96486,46.71486,44.76486,21.528,0.02318,2698101.0,128993097.0,0.4370165231577303,45.76486
HK.01880,中国中免,2025-02-20 00:00:00,45.96486,44.41486,45.96486,44.31486,20.831,0.02747,3197100.0,149535867.0,-3.3721412400690527,45.96486
HK.01880,中国中免,2025-02-21 00:00:00,45.21486,45.46486,46.76486,44.51486,21.303,0.03745,4358409.0,205517656.0,2.3640736456222182,44.41486
HK.01880,中国中免,2025-02-24 00:00:00,45.61486,45.36486,46.21486,44.31486,21.258,0.02787,3244100.0,153313000.0,-0.2199500889258241,45.46486
HK.01880,中国中免,2025-02-25 00:00:00,44.56486,43.71486,44.56486,43.41486,20.516,0.02847,3313027.0,152146729.0,-3.63717644009041,45.36486
HK.01880,中国中免,2025-02-26 00:00:00,43.76486,45.91486,46.16486,43.76486,21.505,0.03124,3636100.0,170511939.0,5.032613623834082,43.71486
HK.01880,中国中免,2025-02-27 00:00:00,46.11486,48.66486,49.86486,45.56486,22.741,0.06654,7744300.0,389703635.0,5.9893463684741715,45.91486
HK.01880,中国中免,2025-02-28 00:00:00,48.66486,45.06486,48.71486,44.71486,21.123,0.04443,5170500.0,249291950.0,-7.397534894788549,48.66486
HK.01880,中国中免,2025-03-03 00:00:00,45.76486,45.41486,47.01486,44.91486,21.28,0.01932,2248020.0,107668965.0,0.7766583542032401,45.06486
HK.01880,中国中免,2025-03-04 00:00:00,45.66486,45.91486,46.01486,44.51486,21.505,0.01164,1354900.0,63990245.0,1.1009612272282685,45.41486
HK.01880,中国中免,2025-03-05 00:00:00,46.56486,46.41486,46.91486,45.36486,21.73,0.01873,2180300.0,105048486.0,1.088972066995304,45.91486
HK.01880,中国中免,2025-03-06 00:00:00,47.56486,48.36486,49.51486,47.06486,22.606,0.04076,4743600.0,237941895.0,4.201240723337317,46.41486
HK.01880,中国中免,2025-03-07 00:00:00,48.21486,48.41486,50.11486,47.26486,22.629,0.03261,3794798.0,192576479.0,0.10338084303355197,48.36486
HK.01880,中国中免,2025-03-10 00:00:00,48.86486,47.66486,48.86486,46.81486,22.292,0.01723,2004871.0,99455857.0,-1.5491111613252626,48.41486
HK.01880,中国中免,2025-03-11 00:00:00,46.51486,49.96486,50.16486,46.46486,23.325,0.02591,3015395.0,152166570.0,4.825357716355412,47.66486
HK.01880,中国中免,2025-03-12 00:00:00,50.06486,49.66486,50.16486,48.56486,23.191,0.02493,2901318.0,148873231.0,-0.6004219765651385,49.96486
HK.01880,中国中免,2025-03-13 00:00:00,49.71486,49.21486,51.41486,48.31486,22.988,0.02482,2888423.0,149090890.0,-0.906073227630151,49.66486
HK.01880,中国中免,2025-03-14 00:00:00,50.31486,51.56486,52.46486,49.46486,24.044,0.05503,6404600.0,340934680.0,4.77498056481315,49.21486
HK.01880,中国中免,2025-03-17 00:00:00,53.56486,51.61486,54.06486,51.31486,24.067,0.0332,3863624.0,211182869.0,0.09696525889917504,51.56486
HK.01880,中国中免,2025-03-18 00:00:00,52.36486,51.11486,52.56486,50.66486,23.842,0.03662,4262436.0,227029840.0,-0.9687132736580124,51.61486
HK.01880,中国中免,2025-03-19 00:00:00,51.11486,50.66486,51.51486,50.21486,23.64,0.01661,1933644.0,101951006.0,-0.8803702093676924,51.11486
HK.01880,中国中免,2025-03-20 00:00:00,51.56486,49.46486,51.56486,49.26486,23.101,0.01634,1902000.0,98886104.0,-2.368505508551678,50.66486
HK.01880,中国中免,2025-03-21 00:00:00,49.46486,48.26486,49.91486,47.36486,22.561,0.03535,4114623.0,206504537.0,-2.42596461407149,49.46486
HK.01880,中国中免,2025-03-24 00:00:00,48.51486,48.86486,49.31486,47.91486,22.831,0.01426,1660131.0,83925978.0,1.2431404545667415,48.26486
HK.01880,中国中免,2025-03-25 00:00:00,48.76486,48.91486,49.56486,47.66486,22.853,0.02387,2778600.0,140153830.0,0.10232301903657794,48.86486
HK.01880,中国中免,2025-03-26 00:00:00,49.36486,48.36486,49.46486,48.06486,22.606,0.01241,1444300.0,73009537.0,-1.12440268662733,48.91486
HK.01880,中国中免,2025-03-27 00:00:00,49.16486,48.36486,49.51486,48.31486,22.606,0.01355,1576618.0,80219504.0,0.0,48.36486
HK.01880,中国中免,2025-03-28 00:00:00,48.66486,47.96486,48.86486,47.61486,22.426,0.01258,1464191.0,73405672.0,-0.8270467442684597,48.36486
HK.01880,中国中免,2025-03-31 00:00:00,47.06486,46.71486,47.06486,45.56486,21.555,0.02455,2857400.0,137473910.0,-2.606074530395794,47.96486
HK.01880,中国中免,2025-04-01 00:00:00,46.76486,47.21486,47.76486,46.66486,21.776,0.00973,1132838.0,55830122.0,1.0703232333351742,46.71486
HK.01880,中国中免,2025-04-02 00:00:00,47.56486,47.36486,47.76486,46.56486,21.843,0.00483,561922.0,27671049.0,0.31769658959064706,47.21486
HK.01880,中国中免,2025-04-03 00:00:00,46.41486,47.36486,47.46486,46.31486,21.843,0.01154,1343522.0,65763387.0,0.0,47.36486
HK.01880,中国中免,2025-04-07 00:00:00,44.66486,41.66486,44.96486,41.21486,19.317,0.04018,4676640.0,209503845.0,-12.03423804060648,47.36486
HK.01880,中国中免,2025-04-08 00:00:00,42.56486,43.91486,45.11486,42.46486,20.314,0.03651,4249100.0,193283562.0,5.400234154152924,41.66486
HK.01880,中国中免,2025-04-09 00:00:00,43.71486,54.76486,56.96486,42.76486,25.121,0.26931,31343072.0,1665861458.0,24.706898758188007,43.91486
HK.01880,中国中免,2025-04-10 00:00:00,56.26486,54.01486,60.06486,53.91486,24.789,0.26897,31303587.0,1858800851.0,-1.3694913124949102,54.76486
HK.01880,中国中免,2025-04-11 00:00:00,55.11486,52.06486,56.31486,51.06486,23.925,0.10965,12761652.0,696527078.0,-3.610117660214237,54.01486
HK.01880,中国中免,2025-04-14 00:00:00,52.11486,53.06486,54.81486,52.01486,24.368,0.08302,9662440.0,535623016.0,1.9206812425885713,52.06486
HK.01880,中国中免,2025-04-15 00:00:00,53.91486,50.41486,53.91486,50.06486,23.194,0.04587,5338347.0,283120020.0,-4.993888611031869,53.06486
HK.01880,中国中免,2025-04-16 00:00:00,50.56486,52.26486,54.16486,48.51486,24.014,0.10586,12320436.0,660699935.0,3.669552984973085,50.41486
HK.01880,中国中免,2025-04-17 00:00:00,52.36486,51.61486,52.46486,50.76486,23.726,0.03183,3704800.0,198180575.0,-1.2436654379252112,52.26486
HK.01880,中国中免,2025-04-22 00:00:00,51.06486,49.96486,51.46486,49.46486,22.995,0.03838,4467352.0,231970266.0,-3.1967538030714384,51.61486
HK.01880,中国中免,2025-04-23 00:00:00,50.11486,48.51486,50.66486,48.21486,22.352,0.04372,5088477.0,259727767.0,-2.902039553398134,49.96486
HK.01880,中国中免,2025-04-24 00:00:00,48.96486,48.26486,49.31486,47.56486,22.241,0.02421,2817500.0,142000755.0,-0.5153060320075128,48.51486
HK.01880,中国中免,2025-04-25 00:00:00,48.61486,48.91486,49.66486,48.31486,22.529,0.02596,3021200.0,154172465.0,1.3467354924472974,48.26486
HK.01880,中国中免,2025-04-28 00:00:00,51.31486,49.21486,52.06486,49.21486,22.662,0.03817,4442860.0,233207630.0,0.6133105563421919,48.91486
HK.01880,中国中免,2025-04-29 00:00:00,49.86486,49.16486,49.86486,48.71486,22.64,0.01982,2306600.0,118059782.0,-0.10159533116624585,49.21486
HK.01880,中国中免,2025-04-30 00:00:00,49.16486,50.91486,51.06486,48.86486,23.416,0.0326,3793754.0,197515453.0,3.5594528287073333,49.16486
HK.01880,中国中免,2025-05-02 00:00:00,51.76486,51.01486,51.76486,50.06486,23.46,0.00316,367600.0,19341808.0,0.19640631438444775,50.91486
HK.01880,中国中免,2025-05-06 00:00:00,50.96486,49.91486,50.96486,49.41486,22.972,0.02743,3192475.0,165289816.0,-2.156234477562031,51.01486
HK.01880,中国中免,2025-05-07 00:00:00,51.06486,49.06486,51.06486,48.76486,22.596,0.02671,3108100.0,159894285.0,-1.7028996976050708,49.91486
HK.01880,中国中免,2025-05-08 00:00:00,49.11486,48.76486,49.21486,48.36486,22.463,0.01262,1468178.0,74570907.0,-0.6114355569342381,49.06486
HK.01880,中国中免,2025-05-09 00:00:00,48.76486,48.76486,49.21486,48.41486,22.463,0.00893,1039776.0,52801939.0,0.0,48.76486
HK.01880,中国中免,2025-05-12 00:00:00,48.81486,49.16486,49.41486,47.16486,22.64,0.03148,3663895.0,184914550.0,0.8202627875892571,48.76486
HK.01880,中国中免,2025-05-13 00:00:00,49.76486,48.71486,49.81486,48.61486,22.441,0.01095,1274480.0,64964033.0,-0.9152878702390198,49.16486
HK.01880,中国中免,2025-05-14 00:00:00,49.06486,49.01486,49.06486,47.96486,22.574,0.01417,1648600.0,83142170.0,0.6158285172121959,48.71486
HK.01880,中国中免,2025-05-15 00:00:00,49.16486,48.51486,49.21486,48.06486,22.352,0.00689,802000.0,40495173.0,-1.0200988026896334,49.01486
HK.01880,中国中免,2025-05-16 00:00:00,48.16486,49.46486,50.91486,47.51486,22.773,0.0412,4795400.0,246599040.0,1.9581629216285545,48.51486
HK.01880,中国中免,2025-05-19 00:00:00,49.36486,48.81486,49.36486,48.16486,22.485,0.01259,1465661.0,74061042.0,-1.3140641659553844,49.46486
HK.01880,中国中免,2025-05-20 00:00:00,48.91486,49.06486,49.26486,48.46486,22.596,0.008,931600.0,47419270.0,0.5121391314038388,48.81486
HK.01880,中国中免,2025-05-21 00:00:00,49.06486,48.86486,49.26486,48.66486,22.507,0.00921,1072300.0,54558848.0,-0.4076237046228255,49.06486
HK.01880,中国中免,2025-05-22 00:00:00,48.66486,48.01486,48.86486,47.71486,22.131,0.01005,1169600.0,58604058.0,-1.7394913236219267,48.86486
HK.01880,中国中免,2025-05-23 00:00:00,47.91486,47.86486,48.26486,47.66486,22.064,0.00564,656000.0,32762530.0,-0.3124032851496361,48.01486
HK.01880,中国中免,2025-05-26 00:00:00,47.86486,47.51486,48.26486,47.06486,21.909,0.006,697800.0,34571408.0,-0.7312253707626042,47.86486
HK.01880,中国中免,2025-05-27 00:00:00,47.26486,48.01486,48.11486,47.26486,22.131,0.00625,727300.0,36244365.0,1.0523023744571698,47.51486
HK.01880,中国中免,2025-05-28 00:00:00,48.01486,48.51486,48.76486,47.81486,22.352,0.00684,796000.0,39981528.0,1.0413442838321303,48.01486
HK.01880,中国中免,2025-05-29 00:00:00,48.11486,49.01486,49.16486,48.11486,22.574,0.00785,913200.0,46296025.0,1.0306120640150256,48.51486
HK.01880,中国中免,2025-05-30 00:00:00,49.16486,47.86486,49.16486,47.86486,22.064,0.00543,631461.0,31657572.0,-2.346227246186154,49.01486
HK.01880,中国中免,2025-06-02 00:00:00,47.86486,47.56486,47.86486,46.36486,21.931,0.00299,348100.0,17049445.0,-0.6267646035107951,47.86486
HK.01880,中国中免,2025-06-03 00:00:00,47.66486,47.86486,48.16486,47.66486,22.064,0.00516,600500.0,29900685.0,0.6307177189210631,47.56486
HK.01880,中国中免,2025-06-04 00:00:00,48.31486,48.26486,48.86486,47.76486,22.241,0.0074,861000.0,43267957.0,0.8356861380143984,47.86486
HK.01880,中国中免,2025-06-05 00:00:00,48.56486,48.51486,48.81486,48.21486,22.352,0.00467,543500.0,27415385.0,0.5179751894028078,48.26486
HK.01880,中国中免,2025-06-06 00:00:00,48.61486,48.51486,49.86486,48.31486,22.352,0.01248,1452300.0,74109885.0,0.0,48.51486
HK.01880,中国中免,2025-06-09 00:00:00,48.36486,49.21486,49.46486,48.36486,22.662,0.00941,1095000.0,55921361.0,1.4428568896210416,48.51486
HK.01880,中国中免,2025-06-10 00:00:00,49.66486,49.26486,49.66486,48.51486,22.684,0.00821,955600.0,48881150.0,0.1015953311662314,49.21486
HK.01880,中国中免,2025-06-11 00:00:00,49.36486,49.61486,50.31486,49.11486,22.84,0.01195,1390952.0,72062520.0,0.7104455386658998,49.26486
HK.01880,中国中免,2025-06-12 00:00:00,50.00806,51.05806,51.05806,49.45806,22.972,0.01226,1426600.0,72989139.0,2.908805950475316,49.61486
HK.01880,中国中免,2025-06-13 00:00:00,51.10806,49.50806,51.10806,49.25806,22.286,0.01111,1292700.0,65365207.0,-3.035759682212754,51.05806
HK.01880,中国中免,2025-06-16 00:00:00,49.60806,49.90806,49.95806,49.15806,22.463,0.00661,769000.0,38723670.0,0.8079492510916376,49.50806
HK.01880,中国中免,2025-06-17 00:00:00,50.15806,50.80806,50.90806,49.55806,22.862,0.01129,1314300.0,67326636.0,1.8033159373455885,49.90806
HK.01880,中国中免,2025-06-18 00:00:00,51.00806,50.80806,51.20806,50.15806,22.862,0.00895,1041800.0,53693820.0,0.0,50.80806
HK.01880,中国中免,2025-06-19 00:00:00,50.80806,51.60806,52.50806,50.55806,23.216,0.02705,3147756.0,164855900.0,1.574553328743519,50.80806
HK.01880,中国中免,2025-06-20 00:00:00,51.90806,52.75806,54.70806,51.35806,23.726,0.05084,5917441.0,321496313.0,2.228334101301228,51.60806
HK.01880,中国中免,2025-06-23 00:00:00,52.20806,51.95806,52.35806,50.50806,23.371,0.01339,1558600.0,81140550.0,-1.5163559842799321,52.75806
HK.01880,中国中免,2025-06-24 00:00:00,51.90806,52.75806,53.00806,51.90806,23.726,0.00996,1159520.0,61833547.0,1.539703368447546,51.95806
HK.01880,中国中免,2025-06-25 00:00:00,53.20806,52.70806,53.55806,52.30806,23.704,0.0105,1221500.0,65409310.0,-0.0947722490174907,52.75806
HK.01880,中国中免,2025-06-26 00:00:00,52.70806,53.20806,54.55806,51.85806,23.925,0.01966,2288200.0,123475189.0,0.9486215201242466,52.70806
HK.01880,中国中免,2025-06-27 00:00:00,52.90806,51.50806,53.10806,51.20806,23.172,0.01755,2042900.0,107726292.0,-3.195004666586233,53.20806
HK.01880,中国中免,2025-06-30 00:00:00,52.20806,51.30806,52.20806,51.25806,23.083,0.00584,679500.0,35567510.0,-0.38828874548954634,51.50806
HK.01880,中国中免,2025-07-02 00:00:00,51.40806,52.50806,52.60806,50.85806,23.615,0.01165,1355400.0,71768830.0,2.3388138237929925,51.30806
HK.01880,中国中免,2025-07-03 00:00:00,52.30806,53.00806,53.40806,52.30806,23.836,0.0102,1186718.0,63840210.0,0.9522347616727794,52.50806
HK.01880,中国中免,2025-07-04 00:00:00,53.50806,53.15806,54.20806,52.80806,23.903,0.01605,1867526.0,101572269.0,0.28297583424105427,53.00806
HK.01880,中国中免,2025-07-07 00:00:00,53.10806,52.75806,53.10806,52.00806,23.726,0.00534,621700.0,33115765.0,-0.7524729081535304,53.15806
HK.01880,中国中免,2025-07-08 00:00:00,53.00806,53.20806,53.25806,51.95806,23.925,0.01114,1296350.0,69422020.0,0.8529502411574703,52.75806
HK.01880,中国中免,2025-07-09 00:00:00,53.20806,52.90806,54.10806,52.65806,23.792,0.00829,964850.0,52307087.0,-0.5638243529269894,53.20806
HK.01880,中国中免,2025-07-10 00:00:00,52.55806,53.35806,53.65806,52.30806,23.992,0.00785,913500.0,49354562.0,0.8505320361396786,52.90806
HK.01880,中国中免,2025-07-11 00:00:00,53.20806,53.75806,54.40806,53.20806,24.169,0.01361,1583768.0,86752739.0,0.7496524423863958,53.35806
HK.01880,中国中免,2025-07-14 00:00:00,54.00806,53.65806,54.40806,53.45806,24.124,0.00773,900200.0,49162815.0,-0.18601861748731524,53.75806
HK.01880,中国中免,2025-07-15 00:00:00,53.35806,52.80806,54.00806,51.90806,23.748,0.01511,1759100.0,94092767.0,-1.5841049788233146,53.65806
HK.01880,中国中免,2025-07-16 00:00:00,52.80806,52.00806,53.20806,51.65806,23.393,0.01491,1735300.0,92140570.0,-1.5149202602784446,52.80806
HK.01880,中国中免,2025-07-17 00:00:00,52.00806,52.45806,53.00806,52.00806,23.593,0.00793,922900.0,49092430.0,0.8652505015568795,52.00806
HK.01880,中国中免,2025-07-18 00:00:00,52.55806,53.05806,54.25806,52.50806,23.859,0.01873,2179674.0,117991388.0,1.1437708523723416,52.45806
HK.01880,中国中免,2025-07-21 00:00:00,53.00806,55.75806,56.00806,52.60806,25.055,0.03917,4558200.0,253325500.0,5.08876502457874,53.05806
HK.01880,中国中免,2025-07-22 00:00:00,57.40806,57.60806,58.20806,55.00806,25.875,0.0508,5912440.0,341363541.0,3.317905967316656,55.75806
HK.01880,中国中免,2025-07-23 00:00:00,58.30806,55.10806,58.40806,54.80806,24.767,0.06877,8003840.0,457640232.0,-4.3396705252702485,57.60806
HK.01880,中国中免,2025-07-24 00:00:00,56.00806,63.60806,65.808059999,55.80806,28.533,0.29926,34829171.0,2213056808.0,15.424241027537533,55.10806
HK.01880,中国中免,2025-07-25 00:00:00,63.65806,60.50806,63.70806,59.20806,27.159,0.10145,11806926.0,722778866.0,-4.8735962077761865,63.60806
HK.01880,中国中免,2025-07-28 00:00:00,59.85806,57.10806,59.95806,56.75806,25.653,0.06423,7475850.0,438139118.0,-5.619086118444383,60.50806
HK.01880,中国中免,2025-07-29 00:00:00,57.35806,57.25806,58.55806,56.50806,25.719,0.0339,3945238.0,229325348.0,0.2626599467745859,57.10806
HK.01880,中国中免,2025-07-30 00:00:00,57.30806,57.70806,58.70806,56.80806,25.919,0.03915,4556851.0,267454859.0,0.7859155549454572,57.25806
HK.01880,中国中免,2025-07-31 00:00:00,58.05806,56.10806,58.10806,55.45806,25.21,0.02946,3429200.0,195509438.0,-2.7725763090978996,57.70806
HK.01880,中国中免,2025-08-01 00:00:00,55.30806,55.50806,56.80806,55.30806,24.944,0.01338,1557000.0,88479240.0,-1.0693650787427,56.10806
HK.01880,中国中免,2025-08-04 00:00:00,55.30806,56.05806,56.40806,54.70806,25.188,0.0139,1617824.0,91541772.0,0.990847094998451,55.50806
HK.01880,中国中免,2025-08-05 00:00:00,56.20806,56.75806,57.05806,56.20806,25.498,0.01319,1534901.0,88204552.0,1.2487053601212794,56.05806
HK.01880,中国中免,2025-08-06 00:00:00,57.05806,57.15806,57.60806,56.15806,25.675,0.01384,1610767.0,92998365.0,0.7047457224577418,56.75806
HK.01880,中国中免,2025-08-07 00:00:00,57.10806,57.25806,57.50806,56.60806,25.719,0.01057,1230041.0,71243462.0,0.17495345363366324,57.15806
HK.01880,中国中免,2025-08-08 00:00:00,57.25806,57.90806,58.45806,56.95806,26.007,0.01614,1878113.0,110184244.0,1.1352113571434286,57.25806
HK.01880,中国中免,2025-08-11 00:00:00,57.90806,59.85806,60.05806,57.90806,26.871,0.02546,2963332.0,178179699.0,3.3674068860189803,57.90806
HK.01880,中国中免,2025-08-12 00:00:00,59.30806,59.25806,59.90806,58.75806,26.606,0.01198,1393900.0,83560386.0,-1.0023712763160073,59.85806
HK.01880,中国中免,2025-08-13 00:00:00,59.80806,59.30806,61.15806,59.10806,26.628,0.02068,2406600.0,145923254.0,0.08437670757361472,59.25806
HK.01880,中国中免,2025-08-14 00:00:00,59.30806,58.30806,60.15806,58.05806,26.185,0.01984,2309100.0,137900365.0,-1.6861114661312477,59.30806
HK.01880,中国中免,2025-08-15 00:00:00,58.20806,58.35806,58.65806,57.80806,26.207,0.01515,1763049.0,104125923.0,0.08575143813737632,58.30806
HK.01880,中国中免,2025-08-18 00:00:00,58.35806,59.20806,59.85806,58.00806,26.583,0.02061,2399032.0,143885494.0,1.4565254568092247,58.35806
HK.01880,中国中免,2025-08-19 00:00:00,60.00806,59.60806,60.20806,58.80806,26.761,0.01984,2308500.0,139270460.0,0.6755836958684317,59.20806
HK.01880,中国中免,2025-08-20 00:00:00,59.55806,60.35806,60.60806,58.70806,27.093,0.02475,2880500.0,175124315.0,1.2582191066107502,59.60806
HK.01880,中国中免,2025-08-21 00:00:00,60.25806,60.25806,61.80806,59.65806,27.049,0.02402,2795200.0,172144570.0,-0.16567795585212883,60.35806
HK.01880,中国中免,2025-08-22 00:00:00,60.45806,59.95806,60.60806,59.40806,26.916,0.01701,1980200.0,120001575.0,-0.49785870968962026,60.25806
HK.01880,中国中免,2025-08-25 00:00:00,59.80806,61.90806,62.00806,59.80806,27.78,0.03175,3694990.0,229485627.0,3.2522733390639984,59.95806
HK.01880,中国中免,2025-08-26 00:00:00,61.45806,64.15806,67.65806,61.30806,28.777,0.08011,9323869.0,612300735.0,3.6344217538071897,61.90806
HK.01880,中国中免,2025-08-27 00:00:00,64.058059999,60.80806,64.058059999,60.20806,27.292,0.04122,4796755.0,300542638.0,-5.221479577156804,64.15806
HK.01880,中国中免,2025-08-28 00:00:00,60.80806,61.75806,62.90806,59.80806,27.713,0.0375,4364200.0,270836845.0,1.5622928934092009,60.80806
HK.01880,中国中免,2025-08-29 00:00:00,61.75806,62.00806,64.00806,61.75806,27.824,0.02115,2461700.0,156657595.0,0.40480546182959765,61.75806
HK.01880,中国中免,2025-09-01 00:00:00,62.00806,62.20806,62.70806,60.75806,27.913,0.01975,2298782.0,144201843.0,0.3225387151283282,62.00806
HK.01880,中国中免,2025-09-02 00:00:00,62.20806,60.20806,63.10806,59.60806,27.027,0.02904,3379300.0,208510645.0,-3.2150174752274863,62.20806
HK.01880,中国中免,2025-09-03 00:00:00,60.25806,58.45806,60.95806,58.10806,26.251,0.02111,2456300.0,146896575.0,-2.9065875897678817,60.20806
HK.01880,中国中免,2025-09-04 00:00:00,58.70806,58.30806,59.35806,57.70806,26.185,0.01525,1775316.0,105200138.0,-0.25659421472420685,58.45806
HK.01880,中国中免,2025-09-05 00:00:00,58.35806,60.60806,61.50806,58.30806,27.204,0.02711,3155595.0,191783328.0,3.944566154318981,58.30806
HK.01880,中国中免,2025-09-08 00:00:00,60.60806,61.50806,62.40806,60.50806,27.603,0.02171,2526863.0,157974197.0,1.4849510114661295,60.60806
HK.01880,中国中免,2025-09-09 00:00:00,61.20806,60.85806,61.85806,60.35806,27.315,0.01441,1676600.0,103530565.0,-1.05677207182278,61.50806
HK.01880,中国中免,2025-09-10 00:00:00,60.85806,60.50806,61.65806,60.40806,27.159,0.01364,1587244.0,98059808.0,-0.5751087037608518,60.85806
HK.01880,中国中免,2025-09-11 00:00:00,60.35806,61.20806,61.20806,59.35806,27.47,0.0144,1676300.0,101974917.0,1.156870671444437,60.50806
HK.01880,中国中免,2025-09-12 00:00:00,61.70806,60.85806,63.00806,60.40806,27.315,0.0326,3794000.0,236447545.0,-0.5718201165009991,61.20806
HK.01880,中国中免,2025-09-15 00:00:00,60.85806,59.30806,61.40806,59.15806,26.628,0.02245,2613300.0,158010705.0,-2.5469099737980545,60.85806
HK.01880,中国中免,2025-09-16 00:00:00,60.25806,60.55806,60.90806,59.30806,27.182,0.01978,2301580.0,140106180.0,2.1076393326640597,59.30806
HK.01880,中国中免,2025-09-17 00:00:00,61.05806,61.45806,61.65806,60.50806,27.58,0.02462,2864900.0,177713665.0,1.4861770670989225,60.55806
HK.01880,中国中免,2025-09-18 00:00:00,62.20806,62.80806,65.15806,61.45806,28.178,0.06744,7848700.0,504544282.0,2.1966199388656173,61.45806
HK.01880,中国中免,2025-09-19 00:00:00,62.80806,65.40806,65.558059999,60.90806,29.33,0.06459,7516900.0,484940085.0,4.139596096424581,62.80806
HK.01880,中国中免,2025-09-22 00:00:00,65.70806,63.90806,65.70806,63.60806,28.666,0.01915,2229035.0,144760111.0,-2.2932953522853405,65.40806
HK.01880,中国中免,2025-09-23 00:00:00,64.20806,61.85806,64.20806,61.00806,27.758,0.02453,2854700.0,178872815.0,-3.207733109094529,63.90806
HK.01880,中国中免,2025-09-24 00:00:00,62.00806,61.70806,62.50806,61.20806,27.691,0.01831,2131400.0,133409895.0,-0.24249063097031912,61.85806
HK.01880,中国中免,2025-09-25 00:00:00,61.65806,61.25806,62.15806,61.00806,27.492,0.0191,2223101.0,138096334.0,-0.7292402321512017,61.70806
HK.01880,中国中免,2025-09-26 00:00:00,61.35806,60.70806,62.05806,59.75806,27.248,0.02635,3067100.0,189251389.0,-0.8978410351225572,61.25806
HK.01880,中国中免,2025-09-29 00:00:00,61.20806,62.60806,62.65806,60.00806,28.09,0.01967,2288876.0,142943418.0,3.1297326911780714,60.70806
HK.01880,中国中免,2025-09-30 00:00:00,62.80806,65.15806,65.15806,62.30806,29.22,0.03124,3635591.0,234373170.0,4.072958018504334,62.60806
HK.01880,中国中免,2025-10-02 00:00:00,65.15806,63.308059999,65.20806,62.55806,28.4,0.00801,932400.0,59674277.0,-2.8392496661195943,65.15806
HK.01880,中国中免,2025-10-03 00:00:00,63.40806,62.50806,63.40806,61.80806,28.046,0.00258,300700.0,18962700.0,-1.2636621608885776,63.308059999
HK.01880,中国中免,2025-10-06 00:00:00,62.50806,61.35806,62.50806,60.95806,27.536,0.00374,435000.0,26986250.0,-1.839762744196506,62.50806
HK.01880,中国中免,2025-10-08 00:00:00,61.30806,61.70806,61.95806,60.00806,27.691,0.00316,367805.0,22674780.0,0.5704222069602615,61.35806
HK.01880,中国中免,2025-10-09 00:00:00,62.00806,60.45806,63.00806,60.20806,27.137,0.02813,3273900.0,203356197.0,-2.025667311531103,61.70806
HK.01880,中国中免,2025-10-10 00:00:00,60.50806,58.35806,61.10806,58.10806,26.207,0.024,2793700.0,169073185.0,-3.473482278458821,60.45806
HK.01880,中国中免,2025-10-13 00:00:00,56.70806,57.75806,57.90806,56.25806,25.941,0.01856,2160400.0,125325370.0,-1.028135616571218,58.35806
HK.01880,中国中免,2025-10-14 00:00:00,58.20806,57.10806,58.80806,56.70806,25.653,0.01491,1734700.0,101670918.0,-1.125384058952116,57.75806
HK.01880,中国中免,2025-10-15 00:00:00,57.80806,58.35806,58.90806,57.50806,26.207,0.01681,1956369.0,115485812.0,2.1888328897882365,57.10806
HK.01880,中国中免,2025-10-16 00:00:00,58.40806,60.20806,60.95806,58.40806,27.027,0.03036,3533400.0,214900060.0,3.1700848177612504,58.35806
HK.01880,中国中免,2025-10-17 00:00:00,60.60806,61.45806,62.95806,59.25806,27.58,0.06245,7268670.0,452550530.0,2.076133992691344,60.20806
HK.01880,中国中免,2025-10-20 00:00:00,62.15806,60.55806,62.95806,60.20806,27.182,0.01851,2154000.0,133621690.0,-1.4644132925770934,61.45806
HK.01880,中国中免,2025-10-21 00:00:00,61.15806,60.90806,62.05806,60.10806,27.337,0.01866,2172000.0,134412653.0,0.5779577483162464,60.55806
HK.01880,中国中免,2025-10-22 00:00:00,60.90806,60.05806,61.10806,59.70806,26.96,0.00814,947200.0,57647753.0,-1.3955460081966187,60.90806
HK.01880,中国中免,2025-10-23 00:00:00,60.15806,60.00806,60.35806,58.50806,26.938,0.0107,1245100.0,75032530.0,-0.08325277240056898,60.05806
HK.01880,中国中免,2025-10-24 00:00:00,60.15806,60.15806,61.15806,59.70806,27.004,0.00937,1090200.0,66515168.0,0.24996642117741946,60.00806
HK.01880,中国中免,2025-10-27 00:00:00,60.15806,59.30806,60.20806,59.10806,26.628,0.01781,2072600.0,125307625.0,-1.412944499872505,60.15806
HK.01880,中国中免,2025-10-28 00:00:00,59.30806,59.50806,60.50806,59.10806,26.716,0.01038,1207600.0,73187337.0,0.33722229322625435,59.30806
HK.01880,中国中免,2025-10-30 00:00:00,60.40806,62.35806,63.00806,60.35806,27.979,0.04334,5044200.0,315972964.0,4.789267201787458,59.50806
HK.01880,中国中免,2025-10-31 00:00:00,62.15806,66.00806,67.70806,62.15806,29.596,0.12352,14375128.0,952395198.0,5.85329306267706,62.35806
HK.01880,中国中免,2025-11-03 00:00:00,66.40806,66.808059999,67.40806,64.308059999,29.951,0.03822,4447671.0,296805748.0,1.2119732029694459,66.00806
HK.01880,中国中免,2025-11-04 00:00:00,66.85806,63.60806,67.308059999,63.20806,28.533,0.03784,4404047.0,288330241.0,-4.7898412243191775,66.808059999
HK.01880,中国中免,2025-11-05 00:00:00,63.45806,66.15806,66.95806,62.95806,29.663,0.06918,8051386.0,535112780.0,4.0089259128481585,63.60806
HK.01880,中国中免,2025-11-06 00:00:00,65.90806,67.00806,67.20806,63.95806,30.039,0.044,5120500.0,338276006.0,1.2848018820382494,66.15806
HK.01880,中国中免,2025-11-07 00:00:00,66.20806,69.95806,71.55806,66.20806,31.346,0.10661,12407842.0,876518910.0,4.402455465805163,67.00806
HK.01880,中国中免,2025-11-10 00:00:00,70.00806,80.80806,81.00806,70.00806,36.154,0.17685,20582494.0,1613697503.0,15.509292281689907,69.95806
HK.01880,中国中免,2025-11-11 00:00:00,80.70806,79.85806,83.50806,78.50806,35.733,0.13902,16179315.0,1315188418.0,-1.1756253027235188,80.80806
HK.01880,中国中免,2025-11-12 00:00:00,80.00806,78.10806,82.70806,75.50806,34.957,0.08477,9865830.0,788255972.0,-2.191388070283701,79.85806
HK.01880,中国中免,2025-11-13 00:00:00,77.10806,78.20806,80.10806,76.55806,35.002,0.0795,9252548.0,729757579.0,0.128027760515379,78.10806
HK.01880,中国中免,2025-11-14 00:00:00,77.35806,76.30806,80.20806,76.00806,34.16,0.04708,5479410.0,429591016.0,-2.429417121457821,78.20806
HK.01880,中国中免,2025-11-17 00:00:00,77.20806,76.85806,78.10806,74.40806,34.404,0.04025,4684500.0,359401320.0,0.7207626560025208,76.30806
HK.01880,中国中免,2025-11-18 00:00:00,76.85806,72.25806,76.85806,71.80806,32.365,0.05017,5839314.0,432618456.0,-5.985058691307059,76.85806
HK.01880,中国中免,2025-11-19 00:00:00,72.30806,70.40806,73.00806,69.50806,31.546,0.03434,3996500.0,284747845.0,-2.5602680171596006,72.25806
HK.01880,中国中免,2025-11-20 00:00:00,71.75806,72.50806,73.50806,70.35806,32.476,0.04097,4768801.0,347644366.0,2.982613070151335,70.40806
HK.01880,中国中免,2025-11-21 00:00:00,70.95806,69.45806,73.20806,69.10806,31.125,0.02928,3407700.0,243137162.0,-4.206428912868441,72.50806
HK.01880,中国中免,2025-11-24 00:00:00,69.30806,69.35806,70.55806,68.40806,31.081,0.02164,2518365.0,176325046.0,-0.14397177231844444,69.45806
HK.01880,中国中免,2025-11-25 00:00:00,69.60806,71.00806,71.70806,69.60806,31.812,0.02351,2735695.0,195885504.0,2.3789592730823292,69.35806
HK.01880,中国中免,2025-11-26 00:00:00,71.45806,73.40806,74.00806,70.90806,32.875,0.03309,3850806.0,284204242.0,3.3798980003115218,71.00806
HK.01880,中国中免,2025-11-27 00:00:00,73.70806,72.95806,74.40806,72.25806,32.676,0.02929,3408500.0,252664157.0,-0.6130117047092687,73.40806
HK.01880,中国中免,2025-11-28 00:00:00,72.95806,72.00806,73.65806,70.40806,32.255,0.01897,2207420.0,159034457.0,-1.3021179565355807,72.95806
HK.01880,中国中免,2025-12-01 00:00:00,73.05806,75.90806,77.60806,71.80806,33.983,0.04828,5619234.0,429560240.0,5.416060368797612,72.00806
HK.01880,中国中免,2025-12-02 00:00:00,76.05806,75.15806,76.50806,74.30806,33.65,0.02044,2378634.0,180712604.0,-0.9880373704715941,75.90806
HK.01880,中国中免,2025-12-03 00:00:00,75.15806,74.85806,76.60806,74.40806,33.517,0.01767,2056825.0,156902485.0,-0.3991587861634685,75.15806
HK.01880,中国中免,2025-12-04 00:00:00,74.90806,74.05806,76.00806,72.80806,33.163,0.01118,1301095.0,97003686.0,-1.0686891965941907,74.85806
HK.01880,中国中免,2025-12-05 00:00:00,74.05806,73.40806,74.50806,72.40806,32.875,0.01215,1413522.0,104353407.0,-0.8776897477465538,74.05806
HK.01880,中国中免,2025-12-08 00:00:00,73.83256,74.53256,75.48256,72.93256,33.252,0.02164,2518560.0,187939595.0,1.5318481376568152,73.40806
HK.01880,中国中免,2025-12-09 00:00:00,74.58256,71.68256,74.93256,70.83256,31.989,0.02267,2638288.0,192086167.0,-3.823832161407053,74.53256
HK.01880,中国中免,2025-12-10 00:00:00,71.68256,73.93256,75.13256,71.33256,32.986,0.03732,4343140.0,321808082.0,3.1388387914717333,71.68256
HK.01880,中国中免,2025-12-11 00:00:00,74.38256,70.38256,74.38256,70.03256,31.413,0.02102,2446433.0,177513694.0,-4.801673308755976,73.93256
HK.01880,中国中免,2025-12-12 00:00:00,70.98256,70.88256,71.33256,68.53256,31.634,0.02663,3099813.0,218156078.0,0.7104032589891587,70.38256
HK.01880,中国中免,2025-12-15 00:00:00,70.88256,71.78256,72.43256,69.28256,32.033,0.02494,2902300.0,208211975.0,1.269705834552259,70.88256
HK.01880,中国中免,2025-12-16 00:00:00,71.78256,70.98256,73.48256,69.73256,31.679,0.02248,2616383.0,188711871.0,-1.1144768311411533,71.78256
HK.01880,中国中免,2025-12-17 00:00:00,71.78256,69.68256,71.78256,67.73256,31.103,0.02476,2882100.0,200811155.0,-1.8314357780277453,70.98256
HK.01880,中国中免,2025-12-18 00:00:00,68.28256,65.63256,69.53256,65.13256,29.308,0.03814,4438754.0,297821916.0,-5.812071198302699,69.68256
HK.01880,中国中免,2025-12-19 00:00:00,66.28256,70.18256,71.88256,65.832559999,31.324,0.06811,7926582.0,558627534.0,6.932534705335275,65.63256
HK.01880,中国中免,2025-12-22 00:00:00,72.78256,81.33256,81.43256,72.28256,36.264,0.13355,15543556.0,1219198923.0,15.887137773258777,70.18256
HK.01880,中国中免,2025-12-23 00:00:00,82.48256,77.73256,82.93256,76.53256,34.669,0.11351,13210578.0,1051320631.0,-4.426271594057773,81.33256
HK.01880,中国中免,2025-12-24 00:00:00,77.73256,75.43256,79.18256,75.23256,33.65,0.03077,3581300.0,276806940.0,-2.9588630555844437,77.73256
HK.01880,中国中免,2025-12-29 00:00:00,80.58256,77.73256,82.63256,77.68256,34.669,0.08134,9466082.0,756955205.0,3.0490811925248344,75.43256
HK.01880,中国中免,2025-12-30 00:00:00,77.28256,77.28256,78.43256,75.53256,34.47,0.03534,4112929.0,317741144.0,-0.5789079891360877,77.73256
HK.01880,中国中免,2025-12-31 00:00:00,76.98256,78.33256,78.88256,75.53256,34.935,0.02838,3303500.0,258088775.0,1.3586506451132014,77.28256
HK.01880,中国中免,2026-01-02 00:00:00,79.48256,80.08256,81.48256,78.78256,35.711,0.01122,1306025.0,105136717.0,2.2340646086378384,78.33256
HK.01880,中国中免,2026-01-05 00:00:00,79.48256,76.08256,79.53256,75.48256,33.938,0.04679,5445552.0,419321749.0,-4.994845319630142,80.08256
HK.01880,中国中免,2026-01-06 00:00:00,76.18256,77.78256,78.53256,74.93256,34.692,0.04076,4743500.0,365110412.0,2.234414825158358,76.08256
HK.01880,中国中免,2026-01-07 00:00:00,78.33256,82.48256,83.98256,77.48256,36.774,0.07149,8320036.0,688691616.0,6.042485616312966,77.78256
HK.01880,中国中免,2026-01-08 00:00:00,81.88256,80.48256,83.53256,80.03256,35.888,0.02674,3112063.0,255699620.0,-2.4247550027545217,82.48256
HK.01880,中国中免,2026-01-09 00:00:00,80.43256,84.68256,85.48256,80.23256,37.749,0.05273,6137170.0,517896859.0,5.21852187604369,80.48256
HK.01880,中国中免,2026-01-12 00:00:00,86.48256,87.58256,88.28256,84.33256,39.034,0.0578,6727104.0,585558321.0,3.4245540049804895,84.68256
HK.01880,中国中免,2026-01-13 00:00:00,88.28256,84.93256,88.28256,84.73256,37.859,0.03237,3766800.0,324754074.0,-3.0257165353467697,87.58256
HK.01880,中国中免,2026-01-14 00:00:00,86.08256,82.58256,86.08256,81.93256,36.818,0.03257,3790510.0,319061485.0,-2.7669011742964,84.93256
HK.01880,中国中免,2026-01-15 00:00:00,83.18256,82.08256,83.83256,81.73256,36.597,0.02195,2554829.0,212632617.0,-0.6054547110188883,82.58256
HK.01880,中国中免,2026-01-16 00:00:00,82.68256,81.43256,83.03256,80.38256,36.309,0.01535,1786513.0,145990259.0,-0.7918856331966324,82.08256
HK.01880,中国中免,2026-01-19 00:00:00,81.58256,86.88256,87.18256,81.53256,38.723,0.0351,4084820.0,350202418.0,6.692654633478308,81.43256
HK.01880,中国中免,2026-01-20 00:00:00,89.33256,90.13256,97.43256,88.98256,40.163,0.09515,11073498.0,1025556424.0,3.740681674204812,86.88256
HK.01880,中国中免,2026-01-21 00:00:00,90.18256,90.58256,91.48256,87.03256,40.363,0.02444,2844700.0,254589886.0,0.4992646386611041,90.13256
HK.01880,中国中免,2026-01-22 00:00:00,91.88256,89.03256,92.98256,87.83256,39.676,0.01527,1777011.0,159711650.0,-1.7111461632349507,90.58256
HK.01880,中国中免,2026-01-23 00:00:00,89.08256,91.08256,91.93256,88.68256,40.584,0.02444,2844233.0,259728246.0,2.3025284233094014,89.03256
HK.01880,中国中免,2026-01-26 00:00:00,90.83256,92.23256,94.53256,89.83256,41.094,0.02848,3315030.0,308025481.0,1.2625907747871883,91.08256
HK.01880,中国中免,2026-01-27 00:00:00,92.28256,89.58256,92.28256,88.33256,39.92,0.01987,2312906.0,208366890.0,-2.8731719037181724,92.23256
HK.01880,中国中免,2026-01-28 00:00:00,89.48256,89.13256,90.48256,87.83256,39.72,0.01616,1880810.0,168653090.0,-0.5023299177875725,89.58256
HK.01880,中国中免,2026-01-29 00:00:00,89.08256,96.28256,96.78256,87.53256,42.888,0.03813,4437643.0,414754012.0,8.021759949450576,89.13256
HK.01880,中国中免,2026-01-30 00:00:00,96.28256,90.18256,97.08256,89.23256,40.186,0.03689,4293720.0,393726570.0,-6.335519122050773,96.28256
HK.01880,中国中免,2026-02-02 00:00:00,88.98256,89.48256,92.48256,87.48256,39.875,0.02716,3161158.0,286660809.0,-0.7762032925212909,90.18256
HK.01880,中国中免,2026-02-03 00:00:00,89.68256,92.03256,92.23256,88.08256,41.005,0.01958,2279006.0,207421521.0,2.8497173080430387,89.48256
HK.01880,中国中免,2026-02-04 00:00:00,92.53256,91.23256,94.08256,90.23256,40.651,0.01262,1468495.0,135082240.0,-0.8692575757970843,92.03256
HK.01880,中国中免,2026-02-05 00:00:00,89.98256,91.63256,94.18256,89.78256,40.828,0.03293,3832986.0,355102768.0,0.4384399604702438,91.23256
HK.01880,中国中免,2026-02-06 00:00:00,90.53256,93.38256,94.33256,89.88256,41.603,0.02015,2345358.0,217933027.0,1.909801494141384,91.63256
HK.01880,中国中免,2026-02-09 00:00:00,94.48256,101.18256,102.88256,94.48256,45.059,0.05438,6329257.0,636354409.0,8.352737384796473,93.38256
HK.01880,中国中免,2026-02-10 00:00:00,101.18256,98.03256,101.18256,95.18256,43.664,0.03144,3659670.0,356682608.0,-3.113184722742725,101.18256
HK.01880,中国中免,2026-02-11 00:00:00,98.08256,101.08256,105.28256,97.58256,45.015,0.03336,3882614.0,398137272.0,3.111211213906887,98.03256
HK.01880,中国中免,2026-02-12 00:00:00,101.78256,99.18256,102.38256,98.88256,44.173,0.0191,2222848.0,222828132.0,-1.8796516431716863,101.08256
HK.01880,中国中免,2026-02-13 00:00:00,99.48256,102.98256,103.38256,98.08256,45.857,0.03148,3663909.0,373407106.0,3.831318731841577,99.18256
HK.01880,中国中免,2026-02-16 00:00:00,102.98256,106.08256,106.08256,99.98256,47.23,0.00352,409659.0,42779727.0,3.010218429217524,102.98256
HK.01880,中国中免,2026-02-20 00:00:00,105.48256,100.28256,106.48256,99.98256,44.661,0.01099,1279080.0,131020848.0,-5.46743969979608,106.08256
HK.01880,中国中免,2026-02-23 00:00:00,100.28256,91.33256,102.28256,90.03256,40.695,0.03442,4006400.0,370354886.0,-8.924782135597658,100.28256
HK.01880,中国中免,2026-02-24 00:00:00,90.58256,81.68256,91.98256,80.98256,36.42,0.08541,9940672.0,837201035.0,-10.565782892760266,91.33256
HK.01880,中国中免,2026-02-25 00:00:00,82.48256,81.78256,84.43256,80.38256,36.464,0.04347,5059489.0,419828991.0,0.12242515415776456,81.68256
HK.01880,中国中免,2026-02-26 00:00:00,81.83256,78.63256,82.33256,78.33256,35.068,0.04019,4677518.0,374226219.0,-3.8516769345444866,81.78256
HK.01880,中国中免,2026-02-27 00:00:00,78.68256,78.38256,79.83256,78.38256,34.957,0.01583,1842472.0,146327765.0,-0.31793445361565237,78.63256
HK.01880,中国中免,2026-03-02 00:00:00,76.08256,75.28256,76.83256,74.48256,33.584,0.04165,4847820.0,368222014.0,-3.9549614097829853,78.38256
HK.01880,中国中免,2026-03-03 00:00:00,75.48256,72.58256,75.48256,71.48256,32.388,0.03322,3866412.0,282138719.0,-3.586488025911981,75.28256
HK.01880,中国中免,2026-03-04 00:00:00,72.48256,72.83256,73.28256,70.38256,32.498,0.02243,2610056.0,189081386.0,0.3444353574743024,72.58256
HK.01880,中国中免,2026-03-05 00:00:00,74.48256,72.23256,74.48256,71.73256,32.233,0.01818,2116340.0,155758369.0,-0.8238073740645588,72.83256
HK.01880,中国中免,2026-03-06 00:00:00,72.13256,73.18256,73.48256,71.18256,32.653,0.00831,966616.0,70966395.0,1.3151963602009793,72.23256
HK.01880,中国中免,2026-03-09 00:00:00,70.68256,71.98256,72.43256,69.58256,32.122,0.01451,1689100.0,120428498.0,-1.6397349313825436,73.18256
HK.01880,中国中免,2026-03-10 00:00:00,72.98256,71.98256,73.53256,71.18256,32.122,0.00825,960310.0,69725634.0,0.0,71.98256
HK.01880,中国中免,2026-03-11 00:00:00,71.48256,70.58256,71.88256,70.03256,31.501,0.015,1745232.0,124332085.0,-1.9449155462100898,71.98256
HK.01880,中国中免,2026-03-12 00:00:00,70.58256,69.28256,70.58256,68.73256,30.926,0.01323,1540132.0,107576292.0,-1.8418147485724476,70.58256
HK.01880,中国中免,2026-03-13 00:00:00,68.53256,68.48256,69.53256,68.13256,30.571,0.01183,1377136.0,95132829.0,-1.154691743492153,69.28256
HK.01880,中国中免,2026-03-16 00:00:00,67.98256,72.23256,73.08256,67.98256,32.233,0.02773,3227283.0,232793849.0,5.475846697319726,68.48256
HK.01880,中国中免,2026-03-17 00:00:00,71.78256,70.78256,72.68256,70.53256,31.59,0.01197,1393204.0,100362091.0,-2.007404970833102,72.23256
HK.01880,中国中免,2026-03-18 00:00:00,70.88256,70.13256,71.18256,69.48256,31.302,0.008,931144.0,65597115.0,-0.9183053000626223,70.78256
HK.01880,中国中免,2026-03-19 00:00:00,69.13256,67.78256,69.93256,67.43256,30.396,0.00868,1087800.0,74829179.0,-3.3507974042299242,70.13256
HK.01880,中国中免,2026-03-20 00:00:00,67.88256,68.98256,70.48256,67.88256,30.93,0.0138,1730000.0,120475942.0,1.7703668908344607,67.78256
HK.01880,中国中免,2026-03-23 00:00:00,68.88256,66.23256,68.88256,65.53256,29.706,0.01248,1564360.0,104839186.0,-3.986514852449662,68.98256
HK.01880,中国中免,2026-03-24 00:00:00,67.78256,66.28256,67.78256,64.582559999,29.728,0.01331,1668012.0,110235780.0,0.07549157091315382,66.23256
HK.01880,中国中免,2026-03-25 00:00:00,67.28256,65.88256,67.28256,65.13256,29.55,0.01337,1675900.0,111632537.0,-0.6034769930431257,66.28256
HK.01880,中国中免,2026-03-26 00:00:00,65.68256,63.68256,66.03256,63.33256,28.571,0.01315,1647700.0,106593532.0,-3.339275219420733,65.88256
HK.01880,中国中免,2026-03-27 00:00:00,62.83256,64.582559999,65.18256,62.83256,28.971,0.01553,1946155.0,125895477.0,1.413259766881223,63.68256
HK.01880,中国中免,2026-03-30 00:00:00,63.38256,63.48256,64.18256,62.63256,32.955,0.00882,1104800.0,70484509.0,-1.7032461999292536,64.582559999
HK.01880,中国中免,2026-03-31 00:00:00,64.582559999,64.43256,67.48256,64.082559999,33.444,0.01846,2313316.0,152976493.0,1.4964739922271497,63.48256
HK.01880,中国中免,2026-04-01 00:00:00,65.88256,65.93256,66.73256,64.98256,34.217,0.0143,1792120.0,118829500.0,2.3280155250699335,64.43256
HK.01880,中国中免,2026-04-02 00:00:00,66.48256,66.03256,66.48256,64.48256,34.268,0.0108,1353700.0,89033197.0,0.15167013081246736,65.93256
HK.01880,中国中免,2026-04-08 00:00:00,66.73256,67.38256,67.93256,66.53256,34.963,0.01214,1521100.0,103181102.0,2.0444459521181586,66.03256
HK.01880,中国中免,2026-04-09 00:00:00,67.23256,64.332559999,67.23256,63.93256,33.393,0.01218,1526500.0,100137410.0,-4.526393774590934,67.38256
HK.01880,中国中免,2026-04-10 00:00:00,64.88256,64.43256,65.38256,63.18256,33.444,0.01748,2190354.0,141874779.0,0.15544228459360607,64.332559999
HK.01880,中国中免,2026-04-13 00:00:00,64.43256,64.082559999,64.78256,63.48256,33.264,0.00674,844100.0,54477610.0,-0.543203624068325,64.43256
HK.01880,中国中免,2026-04-14 00:00:00,64.93256,64.582559999,66.38256,64.082559999,33.522,0.0098,1227720.0,80388310.0,0.7802434859153605,64.082559999
HK.01880,中国中免,2026-04-15 00:00:00,65.48256,65.18256,66.582559999,64.78256,33.831,0.01168,1464300.0,96816997.0,0.9290433841725821,64.582559999
HK.01880,中国中免,2026-04-16 00:00:00,65.88256,66.53256,66.73256,65.28256,34.526,0.00898,1125600.0,74973397.0,2.0711061363653234,65.18256
HK.01880,中国中免,2026-04-17 00:00:00,66.082559999,65.13256,67.13256,64.38256,33.805,0.01805,2262200.0,148981990.0,-2.104232874851059,66.53256
HK.01880,中国中免,2026-04-20 00:00:00,65.48256,66.38256,67.43256,64.53256,34.449,0.01439,1803500.0,120319165.0,1.919163011556739,65.13256
HK.01880,中国中免,2026-04-21 00:00:00,66.88256,66.38256,68.23256,66.03256,34.449,0.0082,1027218.0,69191159.0,0.0,66.38256
HK.01880,中国中免,2026-04-22 00:00:00,66.48256,66.13256,66.73256,65.38256,34.32,0.00817,1024180.0,68120400.0,-0.37660493961064473,66.38256
HK.01880,中国中免,2026-04-23 00:00:00,66.48256,64.98256,66.48256,64.28256,33.728,0.00576,721540.0,47333216.0,-1.738931624603662,66.13256
HK.01880,中国中免,2026-04-24 00:00:00,64.68256,63.78256,64.68256,63.63256,33.11,0.00616,771821.0,49687325.0,-1.846649316370438,64.98256
HK.01880,中国中免,2026-04-27 00:00:00,64.48256,63.08256,64.48256,62.28256,32.749,0.01132,1418700.0,90102860.0,-1.0974786838283002,63.78256
HK.01880,中国中免,2026-04-28 00:00:00,63.08256,61.78256,63.08256,60.98256,32.08,0.01076,1348010.0,83702228.0,-2.060791445369377,63.08256
HK.01880,中国中免,2026-04-29 00:00:00,62.08256,64.832559999,64.98256,61.83256,33.65,0.01239,1553351.0,100119219.0,4.936668210252215,61.78256
HK.01880,中国中免,2026-04-30 00:00:00,66.13256,62.93256,66.28256,62.53256,32.672,0.01412,1770128.0,113277274.0,-2.9306262147126403,64.832559999
HK.01880,中国中免,2026-05-04 00:00:00,62.93256,62.63256,64.082559999,61.98256,32.518,0.00587,736050.0,46493441.0,-0.4767007730179803,62.93256
HK.01880,中国中免,2026-05-05 00:00:00,62.48256,59.83256,62.48256,58.08256,31.076,0.01881,2357200.0,140727953.0,-4.470518209697954,62.63256
HK.01880,中国中免,2026-05-06 00:00:00,59.83256,57.53256,60.03256,57.28256,29.891,0.03433,4301990.0,251366399.0,-3.8440608257443847,59.83256
HK.01880,中国中免,2026-05-07 00:00:00,57.88256,58.78256,58.88256,57.88256,30.535,0.0159,1992200.0,117461300.0,2.172682738261604,57.53256
HK.01880,中国中免,2026-05-08 00:00:00,58.78256,57.93256,58.78256,57.43256,30.097,0.01186,1486900.0,86819701.0,-1.4460071150354703,58.78256
HK.01880,中国中免,2026-05-11 00:00:00,57.58256,58.13256,58.38256,56.73256,30.2,0.00984,1233748.0,71880217.0,0.34522900420764374,57.93256
HK.01880,中国中免,2026-05-12 00:00:00,58.38256,57.73256,58.63256,57.58256,29.994,0.00902,1130936.0,66124675.0,-0.6880825478871024,58.13256
HK.01880,中国中免,2026-05-13 00:00:00,57.88256,56.78256,57.93256,56.23256,29.505,0.01289,1615622.0,92766153.0,-1.645518577385106,57.73256
HK.01880,中国中免,2026-05-14 00:00:00,57.48256,56.88256,58.18256,55.78256,29.557,0.03117,3906001.0,224625855.0,0.1761104113657458,56.78256
HK.01880,中国中免,2026-05-15 00:00:00,56.58256,56.58256,56.88256,55.33256,29.402,0.01356,1699800.0,95917847.0,-0.5274024235196115,56.88256
HK.01880,中国中免,2026-05-18 00:00:00,57.08256,55.53256,57.08256,54.78256,28.861,0.01568,1964885.0,109485320.0,-1.8556954651751427,56.58256
HK.01880,中国中免,2026-05-19 00:00:00,55.18256,55.43256,56.63256,55.13256,28.81,0.00791,991736.0,55804193.0,-0.18007453645211804,55.53256
HK.01880,中国中免,2026-05-20 00:00:00,55.63256,54.58256,55.63256,54.28256,28.372,0.00613,768100.0,42270140.0,-1.5333948134453854,55.43256
HK.01880,中国中免,2026-05-21 00:00:00,54.48256,54.08256,55.53256,53.88256,28.115,0.00701,878306.0,48424180.0,-0.9160435127996926,54.58256
HK.01880,中国中免,2026-05-22 00:00:00,54.53256,53.93256,54.53256,53.58256,28.038,0.00533,668071.0,36379595.0,-0.2773537347344478,54.08256
HK.01880,中国中免,2026-05-26 00:00:00,53.98256,53.73256,54.38256,53.18256,27.935,0.00702,879200.0,47688285.0,-0.37083350020841366,53.93256
HK.01880,中国中免,2026-05-27 00:00:00,53.98256,53.23256,54.43256,52.38256,27.677,0.01212,1518300.0,81788825.0,-0.9305344841191263,53.73256
HK.01880,中国中免,2026-05-28 00:00:00,53.33256,51.58256,53.33256,51.03256,26.828,0.01041,1304300.0,68022924.0,-3.0996067068726334,53.23256
HK.01880,中国中免,2026-05-29 00:00:00,51.58256,55.43256,57.93256,51.58256,28.81,0.09198,11527380.0,649727237.0,7.463762946236095,51.58256
HK.01880,中国中免,2026-06-01 00:00:00,55.43256,56.58256,56.78256,53.18256,29.402,0.02269,2844100.0,158546564.0,2.074592982896692,55.43256
HK.01880,中国中免,2026-06-02 00:00:00,56.58256,56.13256,56.63256,55.23256,29.17,0.01635,2049510.0,115573621.0,-0.7952980565036344,56.58256
HK.01880,中国中免,2026-06-03 00:00:00,56.13256,55.58256,56.13256,54.38256,28.887,0.01731,2169715.0,120510390.0,-0.9798234750027385,56.13256
HK.01880,中国中免,2026-06-04 00:00:00,55.58256,54.43256,56.68256,53.78256,28.295,0.00865,1083800.0,59863565.0,-2.0689943032490743,55.58256
HK.01880,中国中免,2026-06-05 00:00:00,54.98256,55.28256,58.38256,54.78256,28.733,0.03064,3839700.0,217766965.0,1.5615653572053092,54.43256
HK.01880,中国中免,2026-06-08 00:00:00,55.03256,53.98256,57.53256,53.08256,28.063,0.02914,3651560.0,203616086.0,-2.3515553548894936,55.28256
HK.01880,中国中免,2026-06-09 00:00:00,53.98256,53.53256,54.03256,52.73256,27.832,0.00723,906300.0,48806230.0,-0.8336025560847853,53.98256
HK.01880,中国中免,2026-06-10 00:00:00,54.28256,54.48256,55.33256,53.03256,28.321,0.01673,2096800.0,115530807.0,1.7746209036145533,53.53256
HK.01880,中国中免,2026-06-11 00:00:00,55.23256,53.78256,55.28256,53.23256,27.96,0.00857,1074210.0,58521825.0,-1.2848148104641244,54.48256
HK.01880,中国中免,2026-06-12 00:00:00,53.78256,55.33256,56.18256,53.33256,28.759,0.01227,1537200.0,85605330.0,2.881975123534477,53.78256
HK.01880,中国中免,2026-06-15 00:00:00,56.48256,56.23256,57.43256,55.53256,29.222,0.00996,1248100.0,71011505.0,1.626528756305507,55.33256
HK.01880,中国中免,2026-06-16 00:00:00,56.53256,54.88256,56.53256,54.48256,28.527,0.00753,943100.0,52298807.0,-2.4007443374443587,56.23256
HK.01880,中国中免,2026-06-17 00:00:00,54.83256,53.43256,54.88256,52.73256,27.78,0.00891,1116278.0,60003501.0,-2.642005037665874,54.88256
HK.01880,中国中免,2026-06-18 00:00:00,53.43256,51.18256,53.43256,50.93256,26.622,0.01295,1622471.0,84361944.0,-4.210915591541936,53.43256
HK.01880,中国中免,2026-06-22 00:00:00,51.18256,52.43256,52.83256,47.78256,27.265,0.01704,2135700.0,108570760.0,2.44223813736554,51.18256
HK.01880,中国中免,2026-06-23 00:00:00,50.98256,51.23256,52.98256,50.68256,26.647,0.0096,1203100.0,62675887.0,-2.288654225542302,52.43256
HK.01880,中国中免,2026-06-24 00:00:00,51.48256,49.63256,51.88256,49.04256,25.823,0.01259,1578000.0,79208787.0,-3.1230139583108896,51.23256
HK.01880,中国中免,2026-06-25 00:00:00,49.58256,49.22256,51.13256,48.60256,25.612,0.01634,2047238.0,102810937.0,-0.8260706278297888,49.63256
HK.01880,中国中免,2026-06-26 00:00:00,49.20256,47.22256,49.88256,46.88256,24.582,0.01251,1568200.0,75524792.0,-4.063177534853937,49.22256
HK.01880,中国中免,2026-06-29 00:00:00,47.24256,47.72256,48.20256,45.62256,24.84,0.01529,1916400.0,91595412.0,1.0588159557635164,47.22256
HK.01880,中国中免,2026-06-30 00:00:00,47.06256,47.04256,47.66256,46.08256,24.49,0.00831,1041737.0,49532805.0,-1.4249026037161454,47.72256
HK.01880,中国中免,2026-07-02 00:00:00,47.78256,47.50256,49.24256,47.06256,24.727,0.01139,1427900.0,69023983.0,0.9778379407923397,47.04256
HK.01880,中国中免,2026-07-03 00:00:00,47.14256,47.68256,48.74256,47.14256,24.819,0.00697,873400.0,42384555.0,0.37892694625300133,47.50256
HK.01880,中国中免,2026-07-06 00:00:00,47.7,48.0,48.7,47.36,24.716,0.00672,841800.0,40348983.0,0.6657360678621234,47.68256
HK.01880,中国中免,2026-07-07 00:00:00,47.98,46.52,47.98,46.0,23.954,0.01135,1422800.0,66255238.0,-3.083333333333327,48.0
HK.01880,中国中免,2026-07-08 00:00:00,46.94,48.0,48.32,46.46,24.716,0.01108,1388300.0,65827895.0,3.1814273430782394,46.52
HK.01880,中国中免,2026-07-09 00:00:00,48.9,46.9,48.9,46.46,24.15,0.0083,1039600.0,48858400.0,-2.2916666666666696,48.0
HK.01880,中国中免,2026-07-10 00:00:00,47.0,48.4,49.12,46.08,24.922,0.01011,1267200.0,61317007.0,3.1982942430703627,46.9
HK.01880,中国中免,2026-07-13 00:00:00,49.0,47.48,49.0,46.7,24.449,0.00668,836600.0,39516067.0,-1.9008264462809954,48.4
HK.01880,中国中免,2026-07-14 00:00:00,48.0,47.94,48.8,46.94,24.685,0.00523,654834.0,31171149.0,0.9688289806234223,47.48
HK.01880,中国中免,2026-07-15 00:00:00,48.1,50.55,51.55,47.8,26.029,0.0241,3019616.0,152280790.0,5.444305381727158,47.94
HK.01880,中国中免,2026-07-16 00:00:00,50.55,50.7,52.15,50.3,26.107,0.01507,1889000.0,96731203.0,0.29673590504452163,50.55
HK.01880,中国中免,2026-07-17 00:00:00,50.7,49.46,52.4,48.32,25.468,0.01513,1895500.0,94441046.0,-2.4457593688362955,50.7
HK.01880,中国中免,2026-07-20 00:00:00,49.9,50.8,51.45,49.12,26.158,0.01213,1519600.0,77016131.0,2.7092600080873357,49.46
HK.01880,中国中免,2026-07-21 00:00:00,50.95,50.15,51.15,49.58,25.823,0.00946,1185800.0,59409074.0,-1.2795275590551154,50.8
HK.01880,中国中免,2026-07-22 00:00:00,50.15,50.05,51.2,49.14,25.772,0.01114,1395944.0,70370787.0,-0.1994017946161544,50.15
HK.01880,中国中免,2026-07-23 00:00:00,50.9,50.05,50.9,49.32,25.772,0.00682,854200.0,42573979.0,0.0,50.05
HK.01880,中国中免,2026-07-24 00:00:00,49.9,48.84,49.9,48.38,25.149,0.00642,804500.0,39315291.0,-2.417582417582405,50.05
HK.01880,中国中免,2026-07-27 00:00:00,49.3,49.64,50.25,48.38,25.561,0.00517,647765.0,32098979.0,1.638001638001632,48.84
HK.01880,中国中免,2026-07-28 00:00:00,49.94,50.65,51.35,49.6,26.081,0.00985,1234300.0,62316283.0,2.034649476228844,49.64
HK.01880,中国中免,2026-07-29 00:00:00,51.2,52.8,53.65,50.8,27.188,0.02102,2634100.0,139265760.0,4.244817374136226,50.65
HK.01880,中国中免,2026-07-30 00:00:00,53.0,52.85,54.4,52.05,27.214,0.01649,2066455.0,110007406.0,0.09469696969697777,52.8
HK.01880,中国中免,2026-07-31 00:00:00,51.6,53.6,53.8,51.1,27.6,0.01434,1797700.0,94663184.0,1.4191106906338693,52.85
HK.01880,中国中免,2026-08-03 00:00:00,53.8,52.4,53.8,52.0,26.982,0.00978,1225348.0,64380735.0,-2.238805970149259,53.6
HK.01880,中国中免,2026-08-04 00:00:00,52.4,51.85,52.55,50.7,26.699,0.01138,1426000.0,73192382.0,-1.0496183206106817,52.4
HK.01880,中国中免,2026-08-05 00:00:00,51.85,51.8,52.15,50.95,26.673,0.00879,1101900.0,56698870.0,-0.09643201542913069,51.85
HK.01880,中国中免,2026-08-06 00:00:00,51.85,51.0,51.95,50.65,26.261,0.00916,1148200.0,58566180.0,-1.544401544401539,51.8
HK.01880,中国中免,2026-08-07 00:00:00,50.6,51.45,51.65,49.98,26.493,0.01154,1445700.0,73576696.0,0.8823529411764761,51.0
HK.01880,中国中免,2026-08-10 00:00:00,51.0,52.1,52.55,51.0,26.828,0.009,1127400.0,58779381.0,1.263362487852281,51.45
HK.01880,中国中免,2026-08-11 00:00:00,51.75,50.75,52.5,50.55,26.132,0.00672,842242.0,43124305.0,-2.591170825335895,52.1
HK.01880,中国中免,2026-08-12 00:00:00,50.7,50.7,51.05,50.0,26.107,0.00561,702764.0,35495631.0,-0.09852216748767913,50.75
HK.01880,中国中免,2026-08-13 00:00:00,51.15,50.45,51.15,49.8,25.978,0.00667,835700.0,42064003.0,-0.4930966469428008,50.7
HK.01880,中国中免,2026-08-14 00:00:00,50.8,49.7,50.8,49.36,25.592,0.0094,1178200.0,58455514.0,-1.4866204162537164,50.45
HK.01880,中国中免,2026-08-17 00:00:00,49.8,49.4,49.86,49.12,25.437,0.00494,619523.0,30619064.0,-0.6036217303823023,49.7
HK.01880,中国中免,2026-08-18 00:00:00,49.22,48.86,49.34,48.5,25.159,0.00695,870595.0,42536405.0,-1.093117408906881,49.4
HK.01880,中国中免,2026-08-19 00:00:00,49.4,48.42,49.4,48.08,24.933,0.00543,680748.0,32895133.0,-0.9005321326238186,48.86
HK.01880,中国中免,2026-08-20 00:00:00,48.68,49.08,49.56,48.46,25.272,0.00719,900500.0,44245522.0,1.3630731102849991,48.42
HK.01880,中国中免,2026-08-21 00:00:00,49.48,48.76,49.48,47.9,25.108,0.01022,1280200.0,61840338.0,-0.6519967400163005,49.08
