code,name,time_key,open,close,high,low,pe_ratio,turnover_rate,volume,turnover,change_rate,last_close
HK.00688,中国海外发展,2018-01-02 00:00:00,17.74,18.84,19.39,17.74,7.225,0.00426,46715507.0,1227773433.0,6.500847936687386,17.69
HK.00688,中国海外发展,2018-01-03 00:00:00,19.19,19.24,19.84,19.04,7.335,0.00442,48393777.0,1304078693.0,2.123142250530778,18.84
HK.00688,中国海外发展,2018-01-04 00:00:00,19.54,19.74,19.74,18.89,7.472,0.00245,26859702.0,721775127.0,2.598752598752599,19.24
HK.00688,中国海外发展,2018-01-05 00:00:00,19.74,20.49,20.74,19.59,7.678,0.00467,51185945.0,1421255657.0,3.7993920972644384,19.74
HK.00688,中国海外发展,2018-01-08 00:00:00,21.14,21.94,22.19,21.09,8.076,0.0058,63578991.0,1858877604.0,7.076622742801381,20.49
HK.00688,中国海外发展,2018-01-09 00:00:00,21.79,21.79,22.19,21.54,8.035,0.00479,52459567.0,1538037857.0,-0.6836827711941755,21.94
HK.00688,中国海外发展,2018-01-10 00:00:00,21.64,21.59,22.14,21.49,7.98,0.00311,34118165.0,998510333.0,-0.9178522257916443,21.79
HK.00688,中国海外发展,2018-01-11 00:00:00,21.54,21.74,21.99,21.34,8.021,0.002,21962467.0,639180551.0,0.6947660954145372,21.59
HK.00688,中国海外发展,2018-01-12 00:00:00,21.74,22.09,22.14,21.64,8.118,0.00246,26914785.0,790770032.0,1.6099356025759035,21.74
HK.00688,中国海外发展,2018-01-15 00:00:00,22.24,21.04,22.29,20.89,7.829,0.0024,26309030.0,758427382.0,-4.753282028067002,22.09
HK.00688,中国海外发展,2018-01-16 00:00:00,20.89,21.74,21.84,20.84,8.021,0.0023,25166440.0,727784606.0,3.3269961977186275,21.04
HK.00688,中国海外发展,2018-01-17 00:00:00,21.44,21.09,21.44,20.89,7.843,0.00202,22177057.0,633441622.0,-2.9898804047838023,21.74
HK.00688,中国海外发展,2018-01-18 00:00:00,21.14,20.74,21.54,20.64,7.747,0.0018,19751561.0,560412755.0,-1.6595542911332453,21.09
HK.00688,中国海外发展,2018-01-19 00:00:00,20.79,22.34,22.64,20.79,8.186,0.00355,38942573.0,1148563769.0,7.714561234329804,20.74
HK.00688,中国海外发展,2018-01-22 00:00:00,22.24,22.94,23.44,21.99,8.351,0.00346,37876108.0,1146069006.0,2.6857654431513045,22.34
HK.00688,中国海外发展,2018-01-23 00:00:00,23.24,23.54,24.04,22.49,8.516,0.00295,32326524.0,997469097.0,2.615518744550993,22.94
HK.00688,中国海外发展,2018-01-24 00:00:00,23.84,23.09,23.84,22.74,8.392,0.00202,22161233.0,677593673.0,-1.9116397621070491,23.54
HK.00688,中国海外发展,2018-01-25 00:00:00,23.09,22.89,23.34,22.44,8.337,0.00261,28551226.0,863156277.0,-0.8661758336942369,23.09
HK.00688,中国海外发展,2018-01-26 00:00:00,22.94,23.49,23.64,22.64,8.502,0.00222,24338277.0,750670865.0,2.6212319790301346,22.89
HK.00688,中国海外发展,2018-01-29 00:00:00,24.14,23.64,24.54,23.49,8.543,0.00284,31161480.0,974209867.0,0.6385696040868546,23.49
HK.00688,中国海外发展,2018-01-30 00:00:00,23.49,23.39,23.84,22.89,8.475,0.00195,21381441.0,659673166.0,-1.0575296108291032,23.64
HK.00688,中国海外发展,2018-01-31 00:00:00,23.09,22.84,23.19,22.24,8.324,0.00204,22398247.0,676694746.0,-2.351432235998293,23.39
HK.00688,中国海外发展,2018-02-01 00:00:00,23.74,24.04,24.74,23.39,8.653,0.00304,33357429.0,1055397249.0,5.253940455341503,22.84
HK.00688,中国海外发展,2018-02-02 00:00:00,23.59,23.54,24.19,23.24,8.516,0.00186,20332592.0,633756950.0,-2.079866888519135,24.04
HK.00688,中国海外发展,2018-02-05 00:00:00,22.34,23.44,23.64,22.24,8.489,0.00195,21382557.0,652902933.0,-0.4248088360237803,23.54
HK.00688,中国海外发展,2018-02-06 00:00:00,22.04,20.99,22.19,20.89,7.815,0.00327,35826681.0,1034766205.0,-10.45221843003414,23.44
HK.00688,中国海外发展,2018-02-07 00:00:00,22.04,19.59,22.09,19.34,7.431,0.00438,47950833.0,1339246522.0,-6.669842782277269,20.99
HK.00688,中国海外发展,2018-02-08 00:00:00,19.79,19.64,20.24,19.34,7.445,0.00212,23219646.0,630779681.0,0.2552322613578393,19.59
HK.00688,中国海外发展,2018-02-09 00:00:00,19.14,18.89,19.14,18.19,7.239,0.00379,41519743.0,1082343133.0,-3.818737270875763,19.64
HK.00688,中国海外发展,2018-02-12 00:00:00,19.39,18.69,19.44,18.64,7.184,0.00219,24000051.0,633838458.0,-1.0587612493382703,18.89
HK.00688,中国海外发展,2018-02-13 00:00:00,18.89,18.94,19.74,18.89,7.252,0.00371,40593736.0,1082316500.0,1.3376136971642587,18.69
HK.00688,中国海外发展,2018-02-14 00:00:00,19.54,20.54,20.59,19.14,7.692,0.003,32837108.0,901328792.0,8.447729672650462,18.94
HK.00688,中国海外发展,2018-02-15 00:00:00,21.39,21.19,21.49,20.64,7.87,0.00163,17808435.0,509157981.0,3.164556962025327,20.54
HK.00688,中国海外发展,2018-02-20 00:00:00,21.34,20.84,21.49,20.39,7.774,0.00118,12900948.0,367367435.0,-1.6517225106182227,21.19
HK.00688,中国海外发展,2018-02-21 00:00:00,20.89,21.29,21.39,20.74,7.898,0.00121,13276694.0,380156199.0,2.1593090211132404,20.84
HK.00688,中国海外发展,2018-02-22 00:00:00,20.84,20.39,21.14,20.39,7.651,0.00155,17020074.0,478078355.0,-4.227336777829961,21.29
HK.00688,中国海外发展,2018-02-23 00:00:00,20.94,20.89,21.09,20.44,7.788,0.00099,10820975.0,306385308.0,2.4521824423737124,20.39
HK.00688,中国海外发展,2018-02-26 00:00:00,21.14,21.19,21.49,20.44,7.87,0.0018,19741778.0,563513289.0,1.4360938247965567,20.89
HK.00688,中国海外发展,2018-02-27 00:00:00,21.69,21.04,21.69,20.69,7.829,0.00223,24425902.0,698663550.0,-0.7078810759792455,21.19
HK.00688,中国海外发展,2018-02-28 00:00:00,20.69,20.04,20.84,19.69,7.554,0.00247,27041202.0,743016126.0,-4.752851711026616,21.04
HK.00688,中国海外发展,2018-03-01 00:00:00,19.59,20.24,20.39,19.59,7.609,0.00085,9322634.0,257282306.0,0.9980039920159646,20.04
HK.00688,中国海外发展,2018-03-02 00:00:00,19.94,20.29,20.29,19.49,7.623,0.00123,13433409.0,369337745.0,0.24703557312253316,20.24
HK.00688,中国海外发展,2018-03-05 00:00:00,20.29,20.14,21.34,20.04,7.582,0.00103,11292994.0,316054625.0,-0.7392804337111808,20.29
HK.00688,中国海外发展,2018-03-06 00:00:00,20.69,20.14,20.69,19.54,7.582,0.00147,16136940.0,445265425.0,0.0,20.14
HK.00688,中国海外发展,2018-03-07 00:00:00,19.79,19.84,20.69,19.64,7.5,0.00175,19175072.0,527554563.0,-1.4895729890764682,20.14
HK.00688,中国海外发展,2018-03-08 00:00:00,19.84,20.04,20.19,19.74,7.554,0.00108,11872835.0,325689585.0,1.0080645161290287,19.84
HK.00688,中国海外发展,2018-03-09 00:00:00,20.29,20.59,20.84,20.19,7.706,0.00115,12629511.0,353095935.0,2.744510978043916,20.04
HK.00688,中国海外发展,2018-03-12 00:00:00,21.54,20.79,21.59,20.64,7.76,0.00109,11888715.0,337413382.0,0.97134531325886,20.59
HK.00688,中国海外发展,2018-03-13 00:00:00,20.54,20.29,20.89,20.09,7.623,0.00119,13061320.0,362748592.0,-2.405002405002405,20.79
HK.00688,中国海外发展,2018-03-14 00:00:00,19.94,20.29,20.34,19.79,7.623,0.00069,7576193.0,208173019.0,0.0,20.29
HK.00688,中国海外发展,2018-03-15 00:00:00,19.79,20.44,20.59,19.79,7.664,0.00066,7250133.0,201638270.0,0.7392804337111983,20.29
HK.00688,中国海外发展,2018-03-16 00:00:00,20.24,20.59,20.94,19.99,7.706,0.00181,19788629.0,555370777.0,0.7338551859099735,20.44
HK.00688,中国海外发展,2018-03-19 00:00:00,20.29,20.29,20.49,20.14,7.623,0.00061,6633734.0,184210698.0,-1.4570179698882988,20.59
HK.00688,中国海外发展,2018-03-20 00:00:00,20.09,20.34,20.44,19.89,7.637,0.00112,12236201.0,338487716.0,0.24642681123706608,20.29
HK.00688,中国海外发展,2018-03-21 00:00:00,20.34,21.54,22.44,20.34,7.967,0.0033,36195468.0,1054303271.0,5.899705014749259,20.34
HK.00688,中国海外发展,2018-03-22 00:00:00,22.09,21.64,22.14,21.44,7.994,0.00133,14537960.0,424988053.0,0.46425255338905025,21.54
HK.00688,中国海外发展,2018-03-23 00:00:00,20.19,20.19,20.89,19.84,7.596,0.0022,24126158.0,669187866.0,-6.700554528650643,21.64
HK.00688,中国海外发展,2018-03-26 00:00:00,20.09,19.64,20.24,19.29,7.445,0.00289,31627086.0,857067898.0,-2.7241208519068882,20.19
HK.00688,中国海外发展,2018-03-27 00:00:00,20.49,20.84,21.09,20.24,7.774,0.00278,30438219.0,859473271.0,6.109979633401219,19.64
HK.00688,中国海外发展,2018-03-28 00:00:00,20.59,19.84,20.74,19.74,7.338,0.00158,17313355.0,477723850.0,-4.798464491362764,20.84
HK.00688,中国海外发展,2018-03-29 00:00:00,19.99,19.79,20.14,19.34,7.325,0.00184,20156080.0,548176899.0,-0.25201612903226167,19.84
HK.00688,中国海外发展,2018-04-03 00:00:00,19.69,19.89,20.04,19.29,7.352,0.00094,10305509.0,279986120.0,0.5053057099545297,19.79
HK.00688,中国海外发展,2018-04-04 00:00:00,19.79,19.59,20.69,19.59,7.271,0.00111,12145464.0,335925402.0,-1.5082956259426883,19.89
HK.00688,中国海外发展,2018-04-06 00:00:00,20.04,19.69,20.19,19.44,7.298,0.00099,10811654.0,294136105.0,0.5104645227156785,19.59
HK.00688,中国海外发展,2018-04-09 00:00:00,20.14,20.24,20.44,19.49,7.446,0.00175,19146126.0,526390447.0,2.79329608938546,19.69
HK.00688,中国海外发展,2018-04-10 00:00:00,20.14,20.59,21.19,19.74,7.54,0.00235,25749699.0,722497711.0,1.7292490118577146,20.24
HK.00688,中国海外发展,2018-04-11 00:00:00,20.44,20.29,20.89,20.19,7.459,0.00186,20377187.0,570926021.0,-1.4570179698882988,20.59
HK.00688,中国海外发展,2018-04-12 00:00:00,20.44,19.94,20.59,19.69,7.365,0.0014,15377585.0,422133996.0,-1.7249876786594276,20.29
HK.00688,中国海外发展,2018-04-13 00:00:00,20.04,20.14,20.29,19.79,7.419,0.00138,15137166.0,417534199.0,1.00300902708124,19.94
HK.00688,中国海外发展,2018-04-16 00:00:00,20.14,19.24,20.14,19.09,7.177,0.00144,15826334.0,425641687.0,-4.468718967229405,20.14
HK.00688,中国海外发展,2018-04-17 00:00:00,19.14,18.74,19.34,18.44,7.043,0.00255,27952612.0,732122204.0,-2.598752598752599,19.24
HK.00688,中国海外发展,2018-04-18 00:00:00,19.34,18.64,19.34,18.44,7.016,0.00181,19809060.0,518592470.0,-0.5336179295624219,18.74
HK.00688,中国海外发展,2018-04-19 00:00:00,18.79,19.14,19.34,18.64,7.15,0.00143,15680398.0,415624536.0,2.682403433476395,18.64
HK.00688,中国海外发展,2018-04-20 00:00:00,19.04,18.59,19.04,18.39,7.002,0.00165,18123896.0,473332249.0,-2.8735632183908084,19.14
HK.00688,中国海外发展,2018-04-23 00:00:00,18.34,18.09,18.54,17.94,6.868,0.00144,15809587.0,405308744.0,-2.6896180742334588,18.59
HK.00688,中国海外发展,2018-04-24 00:00:00,18.14,18.94,19.14,18.14,7.096,0.00185,20231230.0,531129447.0,4.698728579325602,18.09
HK.00688,中国海外发展,2018-04-25 00:00:00,18.89,18.74,18.94,18.29,7.043,0.00155,16935280.0,442744590.0,-1.0559662090813244,18.94
HK.00688,中国海外发展,2018-04-26 00:00:00,18.59,18.24,18.69,18.09,6.908,0.00158,17288736.0,444929046.0,-2.6680896478121667,18.74
HK.00688,中国海外发展,2018-04-27 00:00:00,18.29,18.29,18.54,17.89,6.922,0.00105,11499805.0,295215356.0,0.27412280701754776,18.24
HK.00688,中国海外发展,2018-04-30 00:00:00,18.49,19.09,19.34,18.44,7.137,0.00115,12649749.0,334827460.0,4.373974849644618,18.29
HK.00688,中国海外发展,2018-05-02 00:00:00,18.89,19.04,19.09,18.59,7.123,0.00094,10285002.0,270833334.0,-0.2619172341540111,19.09
HK.00688,中国海外发展,2018-05-03 00:00:00,18.84,19.04,19.49,18.84,7.123,0.00154,16837903.0,448545146.0,0.0,19.04
HK.00688,中国海外发展,2018-05-04 00:00:00,18.89,18.69,19.19,18.54,7.029,0.00098,10712788.0,280770313.0,-1.838235294117636,19.04
HK.00688,中国海外发展,2018-05-07 00:00:00,18.54,18.74,18.89,18.19,7.043,0.00074,8065043.0,209783912.0,0.26752273943283655,18.69
HK.00688,中国海外发展,2018-05-08 00:00:00,18.84,18.99,19.24,18.84,7.11,0.00076,8273725.0,219280699.0,1.3340448239060834,18.74
HK.00688,中国海外发展,2018-05-09 00:00:00,19.09,19.34,19.44,18.94,7.204,0.00104,11371156.0,304439164.0,1.8430753027909503,18.99
HK.00688,中国海外发展,2018-05-10 00:00:00,19.14,19.44,19.54,18.99,7.231,0.00113,12370747.0,331313070.0,0.5170630816959743,19.34
HK.00688,中国海外发展,2018-05-11 00:00:00,19.69,19.59,19.84,19.44,7.271,0.00121,13276592.0,359667079.0,0.7716049382715976,19.44
HK.00688,中国海外发展,2018-05-14 00:00:00,19.84,20.14,20.29,19.69,7.419,0.00125,13665827.0,376472669.0,2.8075548749361956,19.59
HK.00688,中国海外发展,2018-05-15 00:00:00,20.29,19.99,20.29,19.74,7.379,0.00075,8227279.0,226005330.0,-0.744786494538243,20.14
HK.00688,中国海外发展,2018-05-16 00:00:00,19.99,20.04,20.14,19.49,7.392,0.00059,6461415.0,176826757.0,0.2501250625312692,19.99
HK.00688,中国海外发展,2018-05-17 00:00:00,20.34,19.54,20.34,19.44,7.258,0.00074,8067539.0,218682455.0,-2.4950099800399204,20.04
HK.00688,中国海外发展,2018-05-18 00:00:00,19.79,19.89,20.14,19.54,7.352,0.00068,7436485.0,203861838.0,1.7911975435005192,19.54
HK.00688,中国海外发展,2018-05-21 00:00:00,19.74,19.89,20.09,19.44,7.352,0.0009,9848788.0,268705064.0,0.0,19.89
HK.00688,中国海外发展,2018-05-23 00:00:00,19.54,19.19,19.59,19.14,7.163,0.0012,13114061.0,350788413.0,-3.5193564605329275,19.89
HK.00688,中国海外发展,2018-05-24 00:00:00,19.34,19.14,19.34,18.84,7.15,0.00085,9353076.0,248010987.0,-0.26055237102658,19.19
HK.00688,中国海外发展,2018-05-25 00:00:00,19.04,18.99,19.29,18.89,7.11,0.00064,6989460.0,185259477.0,-0.7836990595611395,19.14
HK.00688,中国海外发展,2018-05-28 00:00:00,18.89,19.14,19.44,18.74,7.15,0.00061,6696431.0,178461581.0,0.7898894154818438,18.99
HK.00688,中国海外发展,2018-05-29 00:00:00,19.09,18.74,19.09,18.59,7.043,0.00088,9618008.0,252027350.0,-2.089864158829687,19.14
HK.00688,中国海外发展,2018-05-30 00:00:00,18.29,18.29,18.39,17.84,6.922,0.0014,15305845.0,391963424.0,-2.4012806830309463,18.74
HK.00688,中国海外发展,2018-05-31 00:00:00,18.39,18.79,18.79,18.19,7.056,0.00203,22209954.0,579861344.0,2.733734281027884,18.29
HK.00688,中国海外发展,2018-06-01 00:00:00,18.94,18.79,19.14,18.64,7.056,0.00101,11013391.0,290174115.0,0.0,18.79
HK.00688,中国海外发展,2018-06-04 00:00:00,19.34,19.64,19.84,19.04,7.284,0.00177,19395339.0,525029443.0,4.5236828100053295,18.79
HK.00688,中国海外发展,2018-06-05 00:00:00,19.89,20.74,21.09,19.49,7.58,0.00304,33338731.0,935890320.0,5.600814663951109,19.64
HK.00688,中国海外发展,2018-06-06 00:00:00,20.79,20.99,21.34,20.79,7.647,0.00167,18310821.0,520959355.0,1.2054001928640308,20.74
HK.00688,中国海外发展,2018-06-07 00:00:00,21.34,21.54,21.54,20.84,7.795,0.00248,27122429.0,779116118.0,2.6202953787517904,20.99
HK.00688,中国海外发展,2018-06-08 00:00:00,21.74,21.34,21.74,21.04,7.741,0.00189,20694360.0,596216466.0,-0.9285051067780841,21.54
HK.00688,中国海外发展,2018-06-11 00:00:00,21.09,21.24,21.44,20.84,7.715,0.00113,12404628.0,355250766.0,-0.4686035613870732,21.34
HK.00688,中国海外发展,2018-06-12 00:00:00,21.04,21.69,21.94,21.04,7.836,0.00147,16111570.0,467972630.0,2.1186440677966236,21.24
HK.00688,中国海外发展,2018-06-13 00:00:00,21.94,21.84,22.14,21.59,7.755,0.00146,16038772.0,463683134.0,0.691562932226826,21.69
HK.00688,中国海外发展,2018-06-14 00:00:00,22.19,21.49,22.19,21.34,7.661,0.00186,20399479.0,584955638.0,-1.602564102564109,21.84
HK.00688,中国海外发展,2018-06-15 00:00:00,21.19,21.64,21.94,21.19,7.701,0.00179,19611237.0,562486483.0,0.6979990693345842,21.49
HK.00688,中国海外发展,2018-06-19 00:00:00,21.09,20.39,21.29,20.24,7.365,0.0026,28521251.0,786451655.0,-5.776340110905729,21.64
HK.00688,中国海外发展,2018-06-20 00:00:00,20.74,20.34,21.29,20.04,7.352,0.00136,14900545.0,409431317.0,-0.24521824423737473,20.39
HK.00688,中国海外发展,2018-06-21 00:00:00,20.89,19.89,20.89,19.84,7.231,0.00164,17981134.0,491113582.0,-2.21238938053097,20.34
HK.00688,中国海外发展,2018-06-22 00:00:00,19.99,19.84,20.34,19.29,7.217,0.00154,16906930.0,451847202.0,-0.25138260432378434,19.89
HK.00688,中国海外发展,2018-06-25 00:00:00,20.04,18.94,20.14,18.89,6.975,0.00199,21769288.0,570813235.0,-4.536290322580639,19.84
HK.00688,中国海外发展,2018-06-26 00:00:00,18.94,18.74,19.19,18.14,6.922,0.00217,23749585.0,608287112.0,-1.0559662090813244,18.94
HK.00688,中国海外发展,2018-06-27 00:00:00,18.54,17.79,18.94,17.64,6.666,0.00258,28258305.0,707392767.0,-5.069370330843113,18.74
HK.00688,中国海外发展,2018-06-28 00:00:00,17.59,17.64,17.94,17.29,6.626,0.0021,23017529.0,566336541.0,-0.8431703204047137,17.79
HK.00688,中国海外发展,2018-06-29 00:00:00,17.59,18.84,18.89,17.59,6.948,0.00273,29887339.0,761477635.0,6.802721088435369,17.64
HK.00688,中国海外发展,2018-07-03 00:00:00,19.09,18.44,19.09,17.54,6.841,0.00209,22870698.0,574284515.0,-2.123142250530778,18.84
HK.00688,中国海外发展,2018-07-04 00:00:00,18.29,17.94,18.44,17.49,6.706,0.00134,14668331.0,363516499.0,-2.7114967462039044,18.44
HK.00688,中国海外发展,2018-07-05 00:00:00,17.49,17.69,18.09,17.44,6.639,0.0013,14265159.0,352733593.0,-1.3935340022296543,17.94
HK.00688,中国海外发展,2018-07-06 00:00:00,17.89,17.69,18.19,17.14,6.639,0.00131,14344928.0,354084327.0,0.0,17.69
HK.00688,中国海外发展,2018-07-09 00:00:00,18.34,18.34,18.64,17.94,6.814,0.00151,16581960.0,420436086.0,3.6743923120406925,17.69
HK.00688,中国海外发展,2018-07-10 00:00:00,18.89,18.54,18.94,18.29,6.868,0.00104,11351209.0,290637897.0,1.0905125408942165,18.34
HK.00688,中国海外发展,2018-07-11 00:00:00,17.59,17.84,17.99,17.54,6.68,0.00131,14371442.0,355955890.0,-3.775620280474646,18.54
HK.00688,中国海外发展,2018-07-12 00:00:00,17.89,17.94,18.34,17.59,6.706,0.00101,11108316.0,277826594.0,0.5605381165919362,17.84
HK.00688,中国海外发展,2018-07-13 00:00:00,18.34,18.39,18.69,18.19,6.827,0.00136,14889963.0,379756512.0,2.508361204013374,17.94
HK.00688,中国海外发展,2018-07-16 00:00:00,18.59,18.19,18.64,18.09,6.774,0.00067,7342897.0,185737173.0,-1.0875475802066301,18.39
HK.00688,中国海外发展,2018-07-17 00:00:00,18.19,17.39,18.19,17.19,6.559,0.00221,24245823.0,591683459.0,-4.398020890599233,18.19
HK.00688,中国海外发展,2018-07-18 00:00:00,17.49,17.24,17.49,16.99,6.518,0.00167,18260475.0,441733631.0,-0.8625646923519387,17.39
HK.00688,中国海外发展,2018-07-19 00:00:00,17.14,16.64,17.34,16.54,6.357,0.00211,23092339.0,549410103.0,-3.48027842227377,17.24
HK.00688,中国海外发展,2018-07-20 00:00:00,16.69,16.39,16.69,15.79,6.29,0.00257,28198664.0,655288299.0,-1.502403846153846,16.64
HK.00688,中国海外发展,2018-07-23 00:00:00,16.24,16.79,16.89,16.19,6.397,0.00161,17631923.0,416570499.0,2.4405125076265928,16.39
HK.00688,中国海外发展,2018-07-24 00:00:00,17.19,17.59,17.84,16.79,6.612,0.0025,27401149.0,670561895.0,4.764740917212631,16.79
HK.00688,中国海外发展,2018-07-25 00:00:00,17.79,17.99,18.19,17.39,6.72,0.00233,25551678.0,636627116.0,2.27401932916429,17.59
HK.00688,中国海外发展,2018-07-26 00:00:00,18.04,17.94,18.34,17.74,6.706,0.00146,15947936.0,397713694.0,-0.2779321845469548,17.99
HK.00688,中国海外发展,2018-07-27 00:00:00,17.94,18.09,18.19,17.54,6.747,0.00099,10852995.0,271325731.0,0.8361204013377846,17.94
HK.00688,中国海外发展,2018-07-30 00:00:00,17.99,17.84,17.99,17.34,6.68,0.00116,12717085.0,314317393.0,-1.3819789939192924,18.09
HK.00688,中国海外发展,2018-07-31 00:00:00,17.74,17.64,17.79,17.29,6.626,0.00089,9709387.0,238574945.0,-1.1210762331838524,17.84
HK.00688,中国海外发展,2018-08-01 00:00:00,17.49,16.99,17.94,16.74,6.451,0.00191,20906775.0,502711672.0,-3.68480725623584,17.64
HK.00688,中国海外发展,2018-08-02 00:00:00,16.64,16.54,16.99,16.39,6.33,0.00138,15099371.0,355763183.0,-2.6486168334314266,16.99
HK.00688,中国海外发展,2018-08-03 00:00:00,16.49,16.54,16.79,16.39,6.33,0.00145,15899730.0,375390253.0,0.0,16.54
HK.00688,中国海外发展,2018-08-06 00:00:00,16.74,16.14,16.79,15.99,6.223,0.00145,15935191.0,369741306.0,-2.4183796856106325,16.54
HK.00688,中国海外发展,2018-08-07 00:00:00,16.29,16.79,16.94,16.29,6.397,0.00208,22834860.0,541181056.0,4.027261462205691,16.14
HK.00688,中国海外发展,2018-08-08 00:00:00,17.24,16.14,17.29,15.89,6.223,0.00292,31971402.0,745238594.0,-3.8713519952352513,16.79
HK.00688,中国海外发展,2018-08-09 00:00:00,15.99,16.19,16.54,15.89,6.236,0.00211,23153403.0,538350271.0,0.30978934324659674,16.14
HK.00688,中国海外发展,2018-08-10 00:00:00,16.59,16.79,17.39,16.24,6.397,0.00294,32219627.0,773157739.0,3.7059913526868304,16.19
HK.00688,中国海外发展,2018-08-13 00:00:00,16.09,16.34,16.54,16.09,6.276,0.00133,14579334.0,339966501.0,-2.6801667659320985,16.79
HK.00688,中国海外发展,2018-08-14 00:00:00,16.49,16.34,16.49,15.79,6.276,0.0017,18645718.0,431749372.0,0.0,16.34
HK.00688,中国海外发展,2018-08-15 00:00:00,16.24,15.74,16.24,15.64,6.115,0.00159,17441644.0,398724529.0,-3.671970624235004,16.34
HK.00688,中国海外发展,2018-08-16 00:00:00,15.49,15.79,16.09,15.49,6.129,0.00108,11807903.0,269008767.0,0.3176620076238814,15.74
HK.00688,中国海外发展,2018-08-17 00:00:00,15.94,16.19,16.34,15.94,6.236,0.0019,20846605.0,481898889.0,2.5332488917036233,15.79
HK.00688,中国海外发展,2018-08-20 00:00:00,16.19,16.69,16.74,16.19,6.37,0.00122,13381453.0,315351344.0,3.088326127239036,16.19
HK.00688,中国海外发展,2018-08-21 00:00:00,16.74,17.09,17.19,16.19,6.478,0.00209,22940322.0,549499185.0,2.396644697423598,16.69
HK.00688,中国海外发展,2018-08-22 00:00:00,16.94,17.14,17.39,16.64,6.491,0.00109,11953409.0,287727656.0,0.2925687536571136,17.09
HK.00688,中国海外发展,2018-08-23 00:00:00,16.99,17.44,17.84,16.44,6.572,0.00298,32626762.0,790091059.0,1.750291715285885,17.14
HK.00688,中国海外发展,2018-08-24 00:00:00,17.09,17.44,17.59,17.09,6.572,0.00131,14377667.0,351010425.0,0.0,17.44
HK.00688,中国海外发展,2018-08-27 00:00:00,17.79,18.34,18.49,17.74,6.814,0.00225,24621247.0,623239784.0,5.160550458715588,17.44
HK.00688,中国海外发展,2018-08-28 00:00:00,18.49,18.19,18.74,17.99,6.774,0.00132,14471342.0,365789160.0,-0.8178844056706575,18.34
HK.00688,中国海外发展,2018-08-29 00:00:00,18.04,18.09,18.44,17.89,6.747,0.00082,8982825.0,225586582.0,-0.5497526113249116,18.19
HK.00688,中国海外发展,2018-08-30 00:00:00,18.19,18.09,18.34,17.84,6.747,0.00112,12275993.0,307573464.0,0.0,18.09
HK.00688,中国海外发展,2018-08-31 00:00:00,17.89,17.84,18.09,17.59,6.68,0.00133,14593661.0,362761952.0,-1.3819789939192924,18.09
HK.00688,中国海外发展,2018-09-03 00:00:00,17.99,17.64,17.99,17.54,6.626,0.00075,8230541.0,202945368.0,-1.1210762331838524,17.84
HK.00688,中国海外发展,2018-09-04 00:00:00,17.54,17.64,17.79,17.29,6.626,0.0008,8814808.0,216628145.0,0.0,17.64
HK.00688,中国海外发展,2018-09-05 00:00:00,17.39,17.14,17.74,16.79,6.491,0.0019,20828325.0,503063755.0,-2.834467120181406,17.64
HK.00688,中国海外发展,2018-09-06 00:00:00,17.09,16.99,17.39,16.79,6.451,0.00093,10191135.0,244690624.0,-0.8751458576429529,17.14
HK.00688,中国海外发展,2018-09-07 00:00:00,16.79,16.89,17.29,16.59,6.424,0.00164,17961404.0,429161666.0,-0.5885815185403053,16.99
HK.00688,中国海外发展,2018-09-10 00:00:00,16.79,16.59,17.09,16.19,6.344,0.00136,14905351.0,351790229.0,-1.7761989342806435,16.89
HK.00688,中国海外发展,2018-09-11 00:00:00,16.44,16.09,16.54,15.94,6.209,0.00093,10210955.0,236486719.0,-3.0138637733574445,16.59
HK.00688,中国海外发展,2018-09-12 00:00:00,15.94,15.94,16.19,15.74,6.169,0.00076,8291639.0,190388223.0,-0.93225605966439,16.09
HK.00688,中国海外发展,2018-09-13 00:00:00,16.29,16.79,16.84,16.14,6.397,0.00164,18010602.0,422733740.0,5.332496863237137,15.94
HK.00688,中国海外发展,2018-09-14 00:00:00,16.89,17.14,17.34,16.59,6.491,0.00103,11280344.0,271754081.0,2.084574151280533,16.79
HK.00688,中国海外发展,2018-09-17 00:00:00,16.84,16.74,16.99,16.44,6.384,0.00049,5379402.0,127595892.0,-2.333722287047854,17.14
HK.00688,中国海外发展,2018-09-18 00:00:00,16.69,17.14,17.19,16.39,6.384,0.001,10918399.0,256386030.0,2.3894862604540155,16.74
HK.00688,中国海外发展,2018-09-19 00:00:00,16.99,18.44,18.44,16.94,6.733,0.00277,30313415.0,747255329.0,7.584597432905488,17.14
HK.00688,中国海外发展,2018-09-20 00:00:00,18.74,18.79,18.84,18.24,6.827,0.00238,26109818.0,656689143.0,1.8980477223427212,18.44
HK.00688,中国海外发展,2018-09-21 00:00:00,19.29,19.54,19.69,18.79,7.029,0.00307,33684452.0,874625853.0,3.991484832357637,18.79
HK.00688,中国海外发展,2018-09-24 00:00:00,19.19,18.69,19.24,18.44,6.801,0.0017,18639223.0,471425220.0,-4.35005117707266,19.54
HK.00688,中国海外发展,2018-09-26 00:00:00,18.69,18.54,18.84,18.09,6.76,0.00231,25293425.0,633810847.0,-0.8025682182985667,18.69
HK.00688,中国海外发展,2018-09-27 00:00:00,18.74,18.24,18.74,18.14,6.68,0.00134,14728289.0,366925184.0,-1.6181229773462824,18.54
HK.00688,中国海外发展,2018-09-28 00:00:00,18.69,17.89,18.69,17.69,6.586,0.00177,19441957.0,479235706.0,-1.9188596491227956,18.24
HK.00688,中国海外发展,2018-10-02 00:00:00,17.94,17.19,18.09,17.09,6.397,0.0017,18632862.0,444796681.0,-3.91280044717719,17.89
HK.00688,中国海外发展,2018-10-03 00:00:00,16.59,17.29,17.59,16.59,6.424,0.00115,12610068.0,300120887.0,0.5817335660267473,17.19
HK.00688,中国海外发展,2018-10-04 00:00:00,17.49,16.64,17.49,16.49,6.25,0.00143,15652924.0,365936303.0,-3.7593984962405935,17.29
HK.00688,中国海外发展,2018-10-05 00:00:00,16.84,16.89,17.04,16.54,6.317,0.00112,12242749.0,286412339.0,1.502403846153846,16.64
HK.00688,中国海外发展,2018-10-08 00:00:00,17.34,16.44,17.34,16.39,6.196,0.00117,12821853.0,298438184.0,-2.6642984014209548,16.89
HK.00688,中国海外发展,2018-10-09 00:00:00,16.59,16.39,17.04,15.94,6.182,0.00181,19883083.0,458519905.0,-0.3041362530413668,16.44
HK.00688,中国海外发展,2018-10-10 00:00:00,16.64,17.09,17.24,16.49,6.37,0.00172,18882576.0,446099628.0,4.270896888346548,16.39
HK.00688,中国海外发展,2018-10-11 00:00:00,16.39,15.99,16.49,15.79,6.075,0.00236,25835797.0,587090206.0,-6.436512580456405,17.09
HK.00688,中国海外发展,2018-10-12 00:00:00,16.14,16.59,16.64,15.79,6.236,0.00181,19826182.0,453374416.0,3.7523452157598474,15.99
HK.00688,中国海外发展,2018-10-15 00:00:00,16.14,16.09,16.54,15.89,6.102,0.00119,13081663.0,297625458.0,-3.0138637733574445,16.59
HK.00688,中国海外发展,2018-10-16 00:00:00,16.39,15.94,16.49,15.74,6.061,0.00158,17267696.0,389670419.0,-0.93225605966439,16.09
HK.00688,中国海外发展,2018-10-18 00:00:00,16.09,16.34,16.34,15.94,6.169,0.00131,14337560.0,327030265.0,2.509410288582185,15.94
HK.00688,中国海外发展,2018-10-19 00:00:00,15.99,16.84,17.09,15.84,6.303,0.00136,14879274.0,346935247.0,3.0599755201958385,16.34
HK.00688,中国海外发展,2018-10-22 00:00:00,17.19,17.69,17.84,17.14,6.532,0.00206,22601948.0,547419680.0,5.047505938242288,16.84
HK.00688,中国海外发展,2018-10-23 00:00:00,17.34,16.99,17.59,16.89,6.344,0.00108,11868058.0,282005781.0,-3.957037874505386,17.69
HK.00688,中国海外发展,2018-10-24 00:00:00,16.79,17.04,17.64,16.69,6.357,0.00106,11597020.0,276718258.0,0.2942907592701631,16.99
HK.00688,中国海外发展,2018-10-25 00:00:00,16.79,17.24,17.34,16.49,6.411,0.00123,13469927.0,318834046.0,1.1737089201877893,17.04
HK.00688,中国海外发展,2018-10-26 00:00:00,17.79,17.39,18.39,17.14,6.451,0.00323,35438203.0,857022147.0,0.8700696055684579,17.24
HK.00688,中国海外发展,2018-10-29 00:00:00,17.29,17.84,18.24,17.29,6.572,0.00221,24257618.0,594276025.0,2.587694077055775,17.39
HK.00688,中国海外发展,2018-10-30 00:00:00,18.19,17.54,18.19,17.09,6.491,0.00168,18365194.0,441933568.0,-1.681614349775789,17.84
HK.00688,中国海外发展,2018-10-31 00:00:00,17.74,17.94,17.94,17.44,6.599,0.00141,15415735.0,375547679.0,2.280501710376295,17.54
HK.00688,中国海外发展,2018-11-01 00:00:00,18.79,19.09,19.29,18.09,6.908,0.00303,33246253.0,847947704.0,6.410256410256402,17.94
HK.00688,中国海外发展,2018-11-02 00:00:00,19.54,19.94,19.94,19.14,7.137,0.00238,26037348.0,682802692.0,4.452592980618133,19.09
HK.00688,中国海外发展,2018-11-05 00:00:00,19.49,19.09,19.69,18.84,6.908,0.00145,15832304.0,407899064.0,-4.262788365095293,19.94
HK.00688,中国海外发展,2018-11-06 00:00:00,19.39,19.09,19.39,18.89,6.908,0.00147,16066621.0,412689442.0,0.0,19.09
HK.00688,中国海外发展,2018-11-07 00:00:00,19.19,19.04,19.64,18.94,6.895,0.00157,17168765.0,442440273.0,-0.2619172341540111,19.09
HK.00688,中国海外发展,2018-11-08 00:00:00,19.39,19.24,19.64,19.19,6.948,0.00126,13840093.0,359036048.0,1.0504201680672232,19.04
HK.00688,中国海外发展,2018-11-09 00:00:00,19.04,18.59,19.39,18.34,6.774,0.0014,15298017.0,387237643.0,-3.378378378378371,19.24
HK.00688,中国海外发展,2018-11-12 00:00:00,18.74,18.39,18.74,18.09,6.72,0.00098,10740868.0,268739947.0,-1.0758472296933796,18.59
HK.00688,中国海外发展,2018-11-13 00:00:00,17.94,18.44,18.49,17.94,6.733,0.00123,13504203.0,336447429.0,0.27188689505166236,18.39
HK.00688,中国海外发展,2018-11-14 00:00:00,18.79,18.69,18.84,18.39,6.801,0.00088,9641324.0,243428636.0,1.3557483731019522,18.44
HK.00688,中国海外发展,2018-11-15 00:00:00,18.89,19.44,19.49,18.64,7.002,0.00103,11262485.0,290210372.0,4.012841091492777,18.69
HK.00688,中国海外发展,2018-11-16 00:00:00,19.24,19.84,19.84,19.24,7.11,0.00175,19128083.0,500986323.0,2.0576131687242727,19.44
HK.00688,中国海外发展,2018-11-19 00:00:00,19.79,20.89,20.89,19.79,7.392,0.00211,23130078.0,624936171.0,5.292338709677423,19.84
HK.00688,中国海外发展,2018-11-20 00:00:00,20.69,19.84,20.69,19.84,7.11,0.00189,20668377.0,551588506.0,-5.02632838678794,20.89
HK.00688,中国海外发展,2018-11-21 00:00:00,19.54,20.04,20.14,19.39,7.163,0.00193,21136279.0,558710472.0,1.0080645161290287,19.84
HK.00688,中国海外发展,2018-11-22 00:00:00,20.09,19.69,20.09,19.29,7.069,0.0008,8723317.0,228902890.0,-1.7465069860279336,20.04
HK.00688,中国海外发展,2018-11-23 00:00:00,19.84,19.29,19.84,19.04,6.962,0.00101,11076153.0,286663671.0,-2.031488065007629,19.69
HK.00688,中国海外发展,2018-11-26 00:00:00,19.24,19.84,19.84,19.24,7.11,0.00115,12547715.0,329876097.0,2.85121824779679,19.29
HK.00688,中国海外发展,2018-11-27 00:00:00,19.94,19.39,19.94,19.19,6.989,0.00129,14159479.0,369325416.0,-2.2681451612903194,19.84
HK.00688,中国海外发展,2018-11-28 00:00:00,19.29,20.24,20.24,19.29,7.217,0.00137,15028944.0,397331923.0,4.3837029396596074,19.39
HK.00688,中国海外发展,2018-11-29 00:00:00,20.34,19.99,20.39,19.79,7.15,0.00129,14089491.0,375122833.0,-1.2351778656126484,20.24
HK.00688,中国海外发展,2018-11-30 00:00:00,20.19,20.69,20.69,20.04,7.338,0.00284,31136149.0,844833471.0,3.5017508754377333,19.99
HK.00688,中国海外发展,2018-12-03 00:00:00,21.29,20.89,21.29,20.64,7.392,0.00213,23340619.0,643485145.0,0.9666505558240661,20.69
HK.00688,中国海外发展,2018-12-04 00:00:00,20.89,20.39,20.99,20.09,7.258,0.00164,17930631.0,484767143.0,-2.3934897079942554,20.89
HK.00688,中国海外发展,2018-12-05 00:00:00,20.49,20.29,20.49,20.14,7.231,0.0014,15306978.0,411426754.0,-0.49043648847474947,20.39
HK.00688,中国海外发展,2018-12-06 00:00:00,19.69,19.59,19.94,19.44,7.043,0.0012,13125079.0,344105135.0,-3.4499753573188725,20.29
HK.00688,中国海外发展,2018-12-07 00:00:00,19.39,19.84,20.04,19.39,7.11,0.00093,10193650.0,269793262.0,1.2761613067891782,19.59
HK.00688,中国海外发展,2018-12-10 00:00:00,19.74,19.39,19.74,19.19,6.989,0.00056,6181772.0,160577177.0,-2.2681451612903194,19.84
HK.00688,中国海外发展,2018-12-11 00:00:00,19.09,19.14,19.64,19.09,6.922,0.00092,10026210.0,259650529.0,-1.2893243940175347,19.39
HK.00688,中国海外发展,2018-12-12 00:00:00,19.64,20.49,20.54,19.64,7.284,0.00145,15891570.0,425895069.0,7.053291536050145,19.14
HK.00688,中国海外发展,2018-12-13 00:00:00,20.74,21.29,21.54,20.39,7.5,0.00347,37985669.0,1055313005.0,3.9043435822352404,20.49
HK.00688,中国海外发展,2018-12-14 00:00:00,20.74,20.59,20.79,20.39,7.311,0.00142,15521837.0,421776567.0,-3.2879286049788603,21.29
HK.00688,中国海外发展,2018-12-17 00:00:00,20.84,20.64,21.04,20.39,7.325,0.00082,8943202.0,243316366.0,0.24283632831471935,20.59
HK.00688,中国海外发展,2018-12-18 00:00:00,20.24,19.94,20.64,19.79,7.137,0.00178,19469894.0,521055115.0,-3.3914728682170505,20.64
HK.00688,中国海外发展,2018-12-19 00:00:00,20.24,20.24,20.44,20.04,7.217,0.00075,8268347.0,221815847.0,1.5045135406218513,19.94
HK.00688,中国海外发展,2018-12-20 00:00:00,20.29,20.24,20.69,20.04,7.217,0.00113,12390374.0,333075049.0,0.0,20.24
HK.00688,中国海外发展,2018-12-21 00:00:00,19.84,19.94,19.99,19.39,7.137,0.00139,15202647.0,401035161.0,-1.482213438735164,20.24
HK.00688,中国海外发展,2018-12-24 00:00:00,19.64,19.44,19.69,19.19,7.002,0.00054,5893286.0,154032150.0,-2.507522567703109,19.94
HK.00688,中国海外发展,2018-12-27 00:00:00,19.59,19.24,19.84,19.19,6.948,0.00058,6318872.0,164787577.0,-1.0288065843621546,19.44
HK.00688,中国海外发展,2018-12-28 00:00:00,19.29,19.64,19.99,19.24,7.056,0.00048,5269208.0,138199475.0,2.07900207900209,19.24
HK.00688,中国海外发展,2018-12-31 00:00:00,19.99,20.29,20.29,19.74,7.231,0.00044,4817708.0,128838101.0,3.309572301425655,19.64
HK.00688,中国海外发展,2019-01-02 00:00:00,20.24,18.79,20.24,18.59,6.827,0.00137,14963276.0,382754348.0,-7.392804337111879,20.29
HK.00688,中国海外发展,2019-01-03 00:00:00,18.79,19.39,19.49,18.69,6.989,0.00137,14998610.0,387054996.0,3.193187865886117,18.79
HK.00688,中国海外发展,2019-01-04 00:00:00,19.24,19.89,19.94,19.14,7.123,0.00108,11817242.0,310533131.0,2.5786487880350695,19.39
HK.00688,中国海外发展,2019-01-07 00:00:00,20.39,20.14,20.39,19.94,7.19,0.00091,9920614.0,265533192.0,1.256913021618904,19.89
HK.00688,中国海外发展,2019-01-08 00:00:00,20.04,20.19,20.54,19.79,7.204,0.00155,16987080.0,454993415.0,0.24826216484608096,20.14
HK.00688,中国海外发展,2019-01-09 00:00:00,20.39,20.39,20.59,20.04,7.258,0.00225,24668011.0,664596847.0,0.9905894006934091,20.19
HK.00688,中国海外发展,2019-01-10 00:00:00,19.89,20.04,20.34,19.89,7.163,0.00167,18297749.0,488257146.0,-1.7165277096616058,20.39
HK.00688,中国海外发展,2019-01-11 00:00:00,20.89,20.84,20.89,20.24,7.379,0.00119,13045174.0,354989469.0,3.9920159680638756,20.04
HK.00688,中国海外发展,2019-01-14 00:00:00,20.89,20.89,21.04,20.59,7.392,0.00139,15222761.0,417187852.0,0.2399232245681416,20.84
HK.00688,中国海外发展,2019-01-15 00:00:00,20.99,21.34,21.39,20.84,7.513,0.00161,17630281.0,488685796.0,2.1541407371948265,20.89
HK.00688,中国海外发展,2019-01-16 00:00:00,21.34,21.44,21.69,20.99,7.54,0.00159,17384179.0,486703792.0,0.4686035613870732,21.34
HK.00688,中国海外发展,2019-01-17 00:00:00,21.39,20.54,21.39,20.39,7.298,0.00255,27906469.0,764969293.0,-4.1977611940298605,21.44
HK.00688,中国海外发展,2019-01-18 00:00:00,20.64,21.19,21.19,20.59,7.473,0.00175,19133706.0,526756581.0,3.164556962025327,20.54
HK.00688,中国海外发展,2019-01-21 00:00:00,21.34,20.74,21.39,20.59,7.352,0.00159,17462417.0,480791180.0,-2.1236432279377198,21.19
HK.00688,中国海外发展,2019-01-22 00:00:00,20.69,20.44,20.79,20.04,7.271,0.00129,14080223.0,379264637.0,-1.4464802314368235,20.74
HK.00688,中国海外发展,2019-01-23 00:00:00,20.39,20.79,20.79,20.14,7.365,0.00128,14002467.0,380485257.0,1.7123287671232772,20.44
HK.00688,中国海外发展,2019-01-24 00:00:00,20.94,20.84,20.94,20.29,7.379,0.0014,15301323.0,418418266.0,0.24050024050024393,20.79
HK.00688,中国海外发展,2019-01-25 00:00:00,20.94,21.59,21.59,20.79,7.58,0.00194,21204639.0,593103718.0,3.5988483685220727,20.84
HK.00688,中国海外发展,2019-01-28 00:00:00,21.89,21.74,21.99,20.99,7.62,0.00159,17418936.0,490134012.0,0.6947660954145372,21.59
HK.00688,中国海外发展,2019-01-29 00:00:00,21.19,21.59,21.64,21.04,7.58,0.00159,17429505.0,487743851.0,-0.6899724011039493,21.74
HK.00688,中国海外发展,2019-01-30 00:00:00,21.74,22.34,22.89,21.64,7.782,0.00244,26691687.0,769922522.0,3.4738304770727186,21.59
HK.00688,中国海外发展,2019-01-31 00:00:00,22.54,22.89,22.89,22.44,7.93,0.00189,20738369.0,609496059.0,2.4619516562220265,22.34
HK.00688,中国海外发展,2019-02-01 00:00:00,23.04,22.59,23.19,22.39,7.849,0.00102,11191371.0,327256914.0,-1.310615989515075,22.89
HK.00688,中国海外发展,2019-02-04 00:00:00,22.39,22.64,22.74,22.29,7.862,0.00055,6019263.0,175753096.0,0.22133687472333208,22.59
HK.00688,中国海外发展,2019-02-08 00:00:00,22.39,22.49,22.59,21.79,7.822,0.00123,13487345.0,390588931.0,-0.6625441696113168,22.64
HK.00688,中国海外发展,2019-02-11 00:00:00,22.44,22.34,22.44,21.79,7.782,0.00138,15126369.0,434667746.0,-0.6669630947087531,22.49
HK.00688,中国海外发展,2019-02-12 00:00:00,22.24,22.04,22.39,21.84,7.701,0.00128,14003860.0,401551130.0,-1.3428827215756522,22.34
HK.00688,中国海外发展,2019-02-13 00:00:00,22.29,22.29,22.44,21.89,7.768,0.00084,9187143.0,264664575.0,1.134301270417423,22.04
HK.00688,中国海外发展,2019-02-14 00:00:00,22.19,22.94,23.09,22.09,7.943,0.00168,18361344.0,538163307.0,2.9161058770749313,22.29
HK.00688,中国海外发展,2019-02-15 00:00:00,22.99,22.34,22.99,22.24,7.782,0.00139,15178691.0,440613530.0,-2.6155187445510086,22.94
HK.00688,中国海外发展,2019-02-18 00:00:00,22.64,22.29,22.89,22.14,7.768,0.00162,17712441.0,514347043.0,-0.22381378692927803,22.34
HK.00688,中国海外发展,2019-02-19 00:00:00,22.24,21.89,22.44,21.49,7.661,0.00193,21098499.0,599974103.0,-1.7945266935845607,22.29
HK.00688,中国海外发展,2019-02-20 00:00:00,21.94,22.19,22.34,21.79,7.741,0.00159,17401199.0,499764424.0,1.3704888076747406,21.89
HK.00688,中国海外发展,2019-02-21 00:00:00,22.09,22.39,22.64,22.09,7.795,0.00181,19817600.0,573711006.0,0.9013068949977434,22.19
HK.00688,中国海外发展,2019-02-22 00:00:00,22.34,22.54,22.59,22.19,7.836,0.00145,15933978.0,462366327.0,0.6699419383653353,22.39
HK.00688,中国海外发展,2019-02-25 00:00:00,22.74,22.44,23.09,22.34,7.809,0.00173,18935872.0,555146611.0,-0.4436557231588193,22.54
HK.00688,中国海外发展,2019-02-26 00:00:00,22.69,22.39,22.94,21.99,7.795,0.00163,17873489.0,518436133.0,-0.2228163992869907,22.44
HK.00688,中国海外发展,2019-02-27 00:00:00,22.29,21.99,22.39,21.84,7.688,0.00066,7195529.0,206407100.0,-1.7865118356409206,22.39
HK.00688,中国海外发展,2019-02-28 00:00:00,22.19,22.29,22.44,21.79,7.768,0.00129,14080434.0,406300280.0,1.3642564802182844,21.99
HK.00688,中国海外发展,2019-03-01 00:00:00,22.79,22.74,22.84,22.04,7.889,0.00171,18751003.0,546960724.0,2.0188425302826345,22.29
HK.00688,中国海外发展,2019-03-04 00:00:00,22.19,22.99,23.19,22.19,7.956,0.00213,23368195.0,687954290.0,1.0993843447669305,22.74
HK.00688,中国海外发展,2019-03-05 00:00:00,22.59,22.59,22.84,22.39,7.849,0.00131,14346966.0,419414371.0,-1.7398869073510161,22.99
HK.00688,中国海外发展,2019-03-06 00:00:00,22.34,22.44,22.84,22.24,7.809,0.00117,12853188.0,373733358.0,-0.6640106241699804,22.59
HK.00688,中国海外发展,2019-03-07 00:00:00,22.54,22.09,22.54,21.94,7.715,0.00095,10410475.0,299396137.0,-1.5597147950089187,22.44
HK.00688,中国海外发展,2019-03-08 00:00:00,21.54,21.19,21.84,21.09,7.473,0.00103,11234807.0,314724370.0,-4.074241738343135,22.09
HK.00688,中国海外发展,2019-03-11 00:00:00,21.49,21.29,21.49,20.69,7.5,0.00116,12695094.0,352527137.0,0.47192071731948027,21.19
HK.00688,中国海外发展,2019-03-12 00:00:00,21.54,21.79,21.94,21.29,7.634,0.00132,14458073.0,408305306.0,2.34852043212776,21.29
HK.00688,中国海外发展,2019-03-13 00:00:00,21.64,21.69,21.89,21.49,7.607,0.00069,7547428.0,213566716.0,-0.458926112895814,21.79
HK.00688,中国海外发展,2019-03-14 00:00:00,21.84,21.59,22.14,21.29,7.58,0.00092,10063142.0,284426694.0,-0.46104195481789495,21.69
HK.00688,中国海外发展,2019-03-15 00:00:00,21.44,21.84,22.14,21.44,7.647,0.00127,13877336.0,395531300.0,1.1579434923575729,21.59
HK.00688,中国海外发展,2019-03-18 00:00:00,21.79,23.84,23.89,21.74,8.185,0.00249,27287402.0,813590658.0,9.157509157509157,21.84
HK.00688,中国海外发展,2019-03-19 00:00:00,23.89,23.94,24.19,23.04,8.212,0.00182,19956736.0,606717626.0,0.41946308724832815,23.84
HK.00688,中国海外发展,2019-03-20 00:00:00,23.99,23.34,23.99,22.74,7.304,0.00202,22175801.0,661930234.0,-2.5062656641604066,23.94
HK.00688,中国海外发展,2019-03-21 00:00:00,23.29,22.39,23.29,22.29,7.073,0.00181,19810232.0,580425709.0,-4.070265638389029,23.34
HK.00688,中国海外发展,2019-03-22 00:00:00,22.54,21.99,22.59,21.74,6.975,0.00152,16689690.0,477708666.0,-1.7865118356409206,22.39
HK.00688,中国海外发展,2019-03-25 00:00:00,21.49,21.69,21.89,21.39,6.902,0.00128,14013251.0,395902476.0,-1.3642564802182682,21.99
HK.00688,中国海外发展,2019-03-26 00:00:00,21.99,21.69,22.14,21.29,6.902,0.00093,10206018.0,288777412.0,0.0,21.69
HK.00688,中国海外发展,2019-03-27 00:00:00,22.09,22.09,22.39,21.79,7.0,0.00123,13509715.0,388091497.0,1.8441678192715472,21.69
HK.00688,中国海外发展,2019-03-28 00:00:00,21.89,22.14,22.19,21.69,7.012,0.00124,13562014.0,388055303.0,0.22634676324128886,22.09
HK.00688,中国海外发展,2019-03-29 00:00:00,22.29,23.19,23.24,22.04,7.268,0.00201,22071120.0,651647534.0,4.742547425474258,22.14
HK.00688,中国海外发展,2019-04-01 00:00:00,23.64,24.34,24.39,23.44,7.548,0.00256,28070281.0,860395084.0,4.959034066407928,23.19
HK.00688,中国海外发展,2019-04-02 00:00:00,24.69,23.94,24.69,23.79,7.451,0.00168,18369253.0,563029995.0,-1.6433853738701667,24.34
HK.00688,中国海外发展,2019-04-03 00:00:00,23.94,23.79,24.59,23.49,7.414,0.00157,17152303.0,523348483.0,-0.6265664160401091,23.94
HK.00688,中国海外发展,2019-04-04 00:00:00,23.99,23.44,24.09,23.19,7.329,0.00108,11838675.0,356660654.0,-1.4712063892391671,23.79
HK.00688,中国海外发展,2019-04-08 00:00:00,23.99,23.44,24.04,23.29,7.329,0.00145,15858906.0,477939711.0,0.0,23.44
HK.00688,中国海外发展,2019-04-09 00:00:00,23.89,23.74,23.94,23.34,7.402,0.0013,14264794.0,432778924.0,1.2798634812286567,23.44
HK.00688,中国海外发展,2019-04-10 00:00:00,23.64,23.89,24.09,23.54,7.439,0.00124,13563392.0,412832229.0,0.6318449873631093,23.74
HK.00688,中国海外发展,2019-04-11 00:00:00,24.14,23.14,24.14,22.94,7.256,0.00136,14905118.0,445653576.0,-3.1393888656341566,23.89
HK.00688,中国海外发展,2019-04-12 00:00:00,23.14,23.39,23.44,22.99,7.317,0.00095,10442291.0,311472369.0,1.08038029386344,23.14
HK.00688,中国海外发展,2019-04-15 00:00:00,23.79,23.34,24.29,23.24,7.304,0.00136,14913251.0,453161402.0,-0.21376656690893844,23.39
HK.00688,中国海外发展,2019-04-16 00:00:00,23.29,23.14,23.39,22.79,7.256,0.00141,15495755.0,459348714.0,-0.8568980291345298,23.34
HK.00688,中国海外发展,2019-04-17 00:00:00,23.09,22.89,23.14,22.59,7.195,0.00113,12335278.0,364007218.0,-1.08038029386344,23.14
HK.00688,中国海外发展,2019-04-18 00:00:00,22.44,22.14,22.69,21.99,7.012,0.00186,20325854.0,586272176.0,-3.2765399737876804,22.89
HK.00688,中国海外发展,2019-04-23 00:00:00,21.74,21.64,21.79,20.79,6.89,0.00209,22900712.0,642998618.0,-2.2583559168925023,22.14
HK.00688,中国海外发展,2019-04-24 00:00:00,21.99,22.39,22.49,21.69,7.073,0.00231,25315060.0,729125937.0,3.465804066543438,21.64
HK.00688,中国海外发展,2019-04-25 00:00:00,22.29,22.09,22.74,21.94,7.0,0.00126,13787526.0,398976482.0,-1.3398838767306864,22.39
HK.00688,中国海外发展,2019-04-26 00:00:00,22.49,22.59,22.84,22.29,7.121,0.00153,16770866.0,488663949.0,2.263467632412856,22.09
HK.00688,中国海外发展,2019-04-29 00:00:00,22.89,22.99,23.24,22.54,7.219,0.00125,13730510.0,406021156.0,1.7706949977866249,22.59
HK.00688,中国海外发展,2019-04-30 00:00:00,23.14,22.74,23.19,22.69,7.158,0.00075,8261558.0,244051846.0,-1.087429317094389,22.99
HK.00688,中国海外发展,2019-05-02 00:00:00,22.39,22.74,22.94,22.39,7.158,0.0005,5489607.0,161030706.0,0.0,22.74
HK.00688,中国海外发展,2019-05-03 00:00:00,22.24,22.69,22.79,22.19,7.146,0.0005,5530434.0,160883779.0,-0.21987686895337363,22.74
HK.00688,中国海外发展,2019-05-06 00:00:00,21.99,22.09,22.24,21.74,7.0,0.00112,12298530.0,351988002.0,-2.6443367122080272,22.69
HK.00688,中国海外发展,2019-05-07 00:00:00,21.99,22.19,22.54,21.99,7.024,0.00099,10816999.0,312611111.0,0.4526935264825777,22.09
HK.00688,中国海外发展,2019-05-08 00:00:00,21.79,22.39,22.64,21.79,7.073,0.00226,24774107.0,717266195.0,0.9013068949977434,22.19
HK.00688,中国海外发展,2019-05-09 00:00:00,22.09,21.59,22.44,21.39,6.878,0.00201,22010835.0,624360569.0,-3.5730236712818253,22.39
HK.00688,中国海外发展,2019-05-10 00:00:00,21.94,22.29,22.74,21.89,7.048,0.00136,14857698.0,430095014.0,3.2422417786012008,21.59
HK.00688,中国海外发展,2019-05-14 00:00:00,21.69,21.79,21.99,21.49,6.926,0.0018,19721134.0,559755906.0,-2.243158366980709,22.29
HK.00688,中国海外发展,2019-05-15 00:00:00,21.59,21.79,22.09,21.54,6.926,0.00074,8112871.0,230458651.0,0.0,21.79
HK.00688,中国海外发展,2019-05-16 00:00:00,21.54,22.19,22.64,21.54,7.024,0.00115,12642016.0,365215977.0,1.835704451583305,21.79
HK.00688,中国海外发展,2019-05-17 00:00:00,22.24,21.89,22.49,21.89,6.951,0.00127,13901900.0,398314966.0,-1.3519603424966231,22.19
HK.00688,中国海外发展,2019-05-20 00:00:00,22.19,21.64,22.19,21.64,6.89,0.00101,11094999.0,314760538.0,-1.1420740063956145,21.89
HK.00688,中国海外发展,2019-05-21 00:00:00,21.94,21.54,21.94,21.44,6.865,0.0012,13123451.0,370746035.0,-0.4621072088724649,21.64
HK.00688,中国海外发展,2019-05-22 00:00:00,21.59,21.39,21.74,21.19,6.829,0.00119,13036431.0,364315416.0,-0.6963788300835588,21.54
HK.00688,中国海外发展,2019-05-23 00:00:00,21.14,20.94,21.44,20.59,6.719,0.00108,11808715.0,324673830.0,-2.103786816269281,21.39
HK.00688,中国海外发展,2019-05-24 00:00:00,21.34,20.79,21.34,20.59,6.682,0.00085,9341080.0,256338620.0,-0.7163323782235058,20.94
HK.00688,中国海外发展,2019-05-27 00:00:00,20.49,20.54,20.74,20.29,6.621,0.00083,9124565.0,247567055.0,-1.2025012025012025,20.79
HK.00688,中国海外发展,2019-05-28 00:00:00,20.74,20.89,21.14,20.64,6.707,0.00148,16198501.0,445970917.0,1.7039922103213312,20.54
HK.00688,中国海外发展,2019-05-29 00:00:00,20.99,20.79,21.24,20.74,6.682,0.00076,8328659.0,229051936.0,-0.47869794159885787,20.89
HK.00688,中国海外发展,2019-05-30 00:00:00,20.79,20.64,20.94,20.29,6.646,0.00152,16691392.0,453573613.0,-0.7215007215007148,20.79
HK.00688,中国海外发展,2019-05-31 00:00:00,20.69,20.59,20.99,20.44,6.634,0.00091,9931179.0,270982359.0,-0.2422480620155073,20.64
HK.00688,中国海外发展,2019-06-03 00:00:00,20.59,20.84,21.14,20.49,6.695,0.00089,9733598.0,266934717.0,1.2141816415735796,20.59
HK.00688,中国海外发展,2019-06-04 00:00:00,21.24,20.29,21.24,20.09,6.56,0.00109,11922772.0,322376615.0,-2.6391554702495235,20.84
HK.00688,中国海外发展,2019-06-05 00:00:00,20.49,20.49,20.84,20.34,6.609,0.001,10916563.0,296458083.0,0.9857072449482468,20.29
HK.00688,中国海外发展,2019-06-06 00:00:00,20.59,20.89,21.09,20.44,6.707,0.00104,11374603.0,312287405.0,1.9521717911176288,20.49
HK.00688,中国海外发展,2019-06-10 00:00:00,21.34,21.69,21.74,20.89,6.902,0.00112,12228175.0,343540462.0,3.8295835327908123,20.89
HK.00688,中国海外发展,2019-06-11 00:00:00,21.74,21.39,21.79,21.39,6.829,0.00084,9171982.0,258341443.0,-1.3831258644536686,21.69
HK.00688,中国海外发展,2019-06-12 00:00:00,21.39,20.84,21.39,20.74,6.695,0.00076,8300898.0,228666135.0,-2.5712949976624624,21.39
HK.00688,中国海外发展,2019-06-13 00:00:00,20.64,21.39,21.49,20.29,6.829,0.00109,11948881.0,330780284.0,2.6391554702495235,20.84
HK.00688,中国海外发展,2019-06-14 00:00:00,20.94,21.14,21.49,20.74,6.768,0.00088,9635820.0,266305512.0,-1.168770453482936,21.39
HK.00688,中国海外发展,2019-06-17 00:00:00,21.29,21.09,21.34,20.94,6.756,0.00075,8251991.0,228990441.0,-0.23651844843898157,21.14
HK.00688,中国海外发展,2019-06-18 00:00:00,21.14,21.19,21.44,20.64,6.658,0.0011,12076608.0,328425986.0,0.47415836889521773,21.09
HK.00688,中国海外发展,2019-06-19 00:00:00,21.84,21.54,21.94,21.34,6.743,0.00118,12914517.0,357271446.0,1.6517225106182059,21.19
HK.00688,中国海外发展,2019-06-20 00:00:00,21.54,21.99,22.04,21.39,6.853,0.0013,14206152.0,397195804.0,2.0891364902506933,21.54
HK.00688,中国海外发展,2019-06-21 00:00:00,22.04,21.69,22.19,21.64,6.78,0.00124,13615992.0,379417000.0,-1.3642564802182682,21.99
HK.00688,中国海外发展,2019-06-24 00:00:00,21.79,21.69,21.99,21.49,6.78,0.0009,9897602.0,275575349.0,0.0,21.69
HK.00688,中国海外发展,2019-06-25 00:00:00,21.84,21.49,21.84,21.29,6.731,0.00071,7771005.0,214800865.0,-0.9220839096357899,21.69
HK.00688,中国海外发展,2019-06-26 00:00:00,21.29,21.44,21.59,21.29,6.719,0.00055,6030527.0,166044649.0,-0.23266635644484485,21.49
HK.00688,中国海外发展,2019-06-27 00:00:00,21.64,21.99,22.04,21.49,6.853,0.00129,14087971.0,393889838.0,2.565298507462673,21.44
HK.00688,中国海外发展,2019-06-28 00:00:00,22.04,22.69,22.74,21.89,7.024,0.00141,15479381.0,443253550.0,3.1832651205093354,21.99
HK.00688,中国海外发展,2019-07-02 00:00:00,23.29,22.94,23.39,22.79,7.085,0.00114,12483493.0,363961920.0,1.1018069634200087,22.69
HK.00688,中国海外发展,2019-07-03 00:00:00,23.09,23.14,23.34,22.79,7.134,0.00098,10752608.0,314818011.0,0.8718395815169977,22.94
HK.00688,中国海外发展,2019-07-04 00:00:00,23.14,23.24,23.69,22.99,7.158,0.00072,7894045.0,233034932.0,0.43215211754536675,23.14
HK.00688,中国海外发展,2019-07-05 00:00:00,23.49,23.39,23.64,23.19,7.195,0.00045,4982633.0,147264767.0,0.6454388984509558,23.24
HK.00688,中国海外发展,2019-07-08 00:00:00,23.59,22.64,23.59,22.24,7.012,0.00122,13322912.0,382272808.0,-3.2064985036340317,23.39
HK.00688,中国海外发展,2019-07-09 00:00:00,22.79,22.34,22.89,22.24,6.939,0.00074,8077711.0,230871442.0,-1.325088339222618,22.64
HK.00688,中国海外发展,2019-07-10 00:00:00,22.59,22.29,22.74,22.19,6.926,0.00063,6883834.0,195828217.0,-0.22381378692927803,22.34
HK.00688,中国海外发展,2019-07-11 00:00:00,22.39,22.59,22.89,22.39,7.0,0.00075,8163535.0,234507225.0,1.3458950201884285,22.29
HK.00688,中国海外发展,2019-07-12 00:00:00,22.79,22.59,22.94,22.54,7.0,0.00061,6652828.0,191577079.0,0.0,22.59
HK.00688,中国海外发展,2019-07-15 00:00:00,22.44,22.79,23.14,22.09,7.048,0.00074,8126241.0,234168922.0,0.8853474988933124,22.59
HK.00688,中国海外发展,2019-07-16 00:00:00,22.69,22.44,22.84,22.24,6.963,0.00109,11979898.0,341989108.0,-1.5357612988152607,22.79
HK.00688,中国海外发展,2019-07-17 00:00:00,22.19,22.39,22.44,22.09,6.951,0.00066,7236566.0,205719627.0,-0.2228163992869907,22.44
HK.00688,中国海外发展,2019-07-18 00:00:00,22.29,22.34,22.69,22.19,6.939,0.00083,9140752.0,260273429.0,-0.22331397945511705,22.39
HK.00688,中国海外发展,2019-07-19 00:00:00,22.39,22.54,22.74,22.29,6.987,0.00095,10450793.0,298648797.0,0.8952551477170962,22.34
HK.00688,中国海外发展,2019-07-22 00:00:00,22.24,21.79,22.39,21.69,6.804,0.00152,16603164.0,464607749.0,-3.3274179236912156,22.54
HK.00688,中国海外发展,2019-07-23 00:00:00,21.79,21.74,21.99,21.49,6.792,0.00125,13728972.0,381363459.0,-0.22946305644791515,21.79
HK.00688,中国海外发展,2019-07-24 00:00:00,21.94,21.84,22.19,21.79,6.817,0.00085,9290123.0,260570594.0,0.4599816007359771,21.74
HK.00688,中国海外发展,2019-07-25 00:00:00,22.04,22.09,22.34,21.74,6.878,0.0009,9896910.0,278563327.0,1.1446886446886446,21.84
HK.00688,中国海外发展,2019-07-26 00:00:00,21.94,21.84,22.09,21.64,6.817,0.0008,8784065.0,245709609.0,-1.131733816206428,22.09
HK.00688,中国海外发展,2019-07-29 00:00:00,21.69,21.44,21.89,21.24,6.719,0.00089,9729428.0,268704022.0,-1.831501831501825,21.84
HK.00688,中国海外发展,2019-07-30 00:00:00,21.44,21.49,21.99,21.39,6.731,0.00064,7044134.0,194963696.0,0.2332089552238673,21.44
HK.00688,中国海外发展,2019-07-31 00:00:00,21.34,20.79,21.34,20.69,6.56,0.00116,12734641.0,343288813.0,-3.2573289902280096,21.49
HK.00688,中国海外发展,2019-08-01 00:00:00,20.69,20.44,20.94,20.19,6.475,0.00132,14513642.0,386521172.0,-1.6835016835016734,20.79
HK.00688,中国海外发展,2019-08-02 00:00:00,19.89,19.79,20.09,19.49,6.317,0.00164,18017733.0,465302011.0,-3.180039138943259,20.44
HK.00688,中国海外发展,2019-08-05 00:00:00,19.49,18.79,19.89,18.74,6.073,0.00151,16566445.0,414540022.0,-5.053057099545225,19.79
HK.00688,中国海外发展,2019-08-06 00:00:00,17.59,18.64,18.84,17.59,6.036,0.00206,22531583.0,549162516.0,-0.7982969664715199,18.79
HK.00688,中国海外发展,2019-08-07 00:00:00,19.19,19.04,19.19,18.79,6.134,0.00207,22673290.0,569026581.0,2.145922746781108,18.64
HK.00688,中国海外发展,2019-08-08 00:00:00,19.19,19.29,19.49,18.94,6.195,0.0007,7722803.0,195993866.0,1.3130252100840336,19.04
HK.00688,中国海外发展,2019-08-09 00:00:00,19.59,19.09,19.59,19.04,6.146,0.00098,10721733.0,271820219.0,-1.0368066355624639,19.29
HK.00688,中国海外发展,2019-08-12 00:00:00,19.09,18.99,19.44,18.99,6.121,0.00048,5305522.0,134089058.0,-0.5238344683080222,19.09
HK.00688,中国海外发展,2019-08-13 00:00:00,18.79,18.34,18.84,18.24,5.963,0.00109,11985374.0,294266525.0,-3.422854133754601,18.99
HK.00688,中国海外发展,2019-08-14 00:00:00,19.04,18.19,19.04,18.04,5.926,0.00126,13848724.0,337933854.0,-0.8178844056706575,18.34
HK.00688,中国海外发展,2019-08-15 00:00:00,17.89,18.59,18.64,17.64,6.024,0.00144,15829228.0,388107015.0,2.1990104452996073,18.19
HK.00688,中国海外发展,2019-08-16 00:00:00,18.44,18.69,18.99,18.19,6.048,0.00105,11457572.0,284078079.0,0.5379236148466994,18.59
HK.00688,中国海外发展,2019-08-19 00:00:00,18.79,19.59,19.74,18.79,6.268,0.00172,18801853.0,478770373.0,4.815409309791324,18.69
HK.00688,中国海外发展,2019-08-20 00:00:00,19.19,19.54,19.74,19.14,6.256,0.00089,9801698.0,251632487.0,-0.2552322613578393,19.59
HK.00688,中国海外发展,2019-08-21 00:00:00,19.44,19.79,20.04,19.29,6.317,0.00104,11341626.0,293858045.0,1.2794268167860798,19.54
HK.00688,中国海外发展,2019-08-22 00:00:00,19.99,19.24,20.04,19.14,6.182,0.00121,13247914.0,337894035.0,-2.7791814047498775,19.79
HK.00688,中国海外发展,2019-08-23 00:00:00,18.99,18.99,19.09,18.54,6.121,0.00105,11523170.0,288248863.0,-1.2993762993762994,19.24
HK.00688,中国海外发展,2019-08-26 00:00:00,18.29,18.34,18.44,17.89,5.963,0.00218,23851846.0,578669466.0,-3.422854133754601,18.99
HK.00688,中国海外发展,2019-08-27 00:00:00,18.44,18.49,19.14,18.44,6.0,0.00183,20018587.0,495601085.0,0.8178844056706575,18.34
HK.00688,中国海外发展,2019-08-28 00:00:00,18.89,18.79,19.04,18.59,6.073,0.00091,9989179.0,249114984.0,1.6224986479177976,18.49
HK.00688,中国海外发展,2019-08-29 00:00:00,18.69,18.74,18.94,18.29,6.06,0.00083,9056534.0,224017672.0,-0.26609898882384625,18.79
HK.00688,中国海外发展,2019-08-30 00:00:00,19.14,18.69,19.24,18.44,6.048,0.00133,14593011.0,364430775.0,-0.26680896478120153,18.74
HK.00688,中国海外发展,2019-09-02 00:00:00,18.44,18.69,18.84,18.44,6.048,0.00067,7342306.0,182109944.0,0.0,18.69
HK.00688,中国海外发展,2019-09-03 00:00:00,18.69,18.44,18.84,18.29,5.987,0.00047,5133554.0,126336466.0,-1.3376136971642587,18.69
HK.00688,中国海外发展,2019-09-04 00:00:00,18.39,19.54,19.69,18.39,6.256,0.00136,14916012.0,379145950.0,5.965292841648577,18.44
HK.00688,中国海外发展,2019-09-05 00:00:00,19.64,19.49,19.94,19.04,6.243,0.00115,12597714.0,322612590.0,-0.2558853633572196,19.54
HK.00688,中国海外发展,2019-09-06 00:00:00,20.14,19.59,20.14,19.34,6.268,0.00074,8077942.0,207683765.0,0.5130836326321264,19.49
HK.00688,中国海外发展,2019-09-09 00:00:00,19.49,19.24,19.64,18.99,6.182,0.00077,8438904.0,213924918.0,-1.786625829504857,19.59
HK.00688,中国海外发展,2019-09-10 00:00:00,19.44,19.44,19.59,19.14,6.231,0.00079,8702790.0,222141205.0,1.0395010395010542,19.24
HK.00688,中国海外发展,2019-09-11 00:00:00,19.54,19.99,20.09,19.44,6.365,0.00153,16711030.0,433599783.0,2.82921810699587,19.44
HK.00688,中国海外发展,2019-09-12 00:00:00,20.19,19.69,20.19,19.54,6.292,0.00079,8672679.0,224406699.0,-1.5007503751875797,19.99
HK.00688,中国海外发展,2019-09-13 00:00:00,20.09,20.34,20.44,19.74,6.451,0.00088,9637126.0,253623049.0,3.301168105637372,19.69
HK.00688,中国海外发展,2019-09-16 00:00:00,20.44,20.14,20.44,19.84,6.402,0.0009,9909935.0,259345179.0,-0.9832841691248736,20.34
HK.00688,中国海外发展,2019-09-17 00:00:00,20.09,19.74,20.09,19.44,6.195,0.00107,11711893.0,296497316.0,-1.9860973187686302,20.14
HK.00688,中国海外发展,2019-09-18 00:00:00,19.89,19.89,20.09,19.74,6.231,0.00097,10596619.0,270790101.0,0.7598784194528984,19.74
HK.00688,中国海外发展,2019-09-19 00:00:00,19.74,19.54,19.89,19.34,6.146,0.00084,9245382.0,233108061.0,-1.7596782302664724,19.89
HK.00688,中国海外发展,2019-09-20 00:00:00,19.79,19.54,19.79,19.34,6.146,0.00132,14477333.0,364492175.0,0.0,19.54
HK.00688,中国海外发展,2019-09-23 00:00:00,19.54,19.24,19.54,19.14,6.073,0.00072,7931082.0,197640820.0,-1.5353121801432996,19.54
HK.00688,中国海外发展,2019-09-24 00:00:00,19.49,19.24,19.54,18.99,6.073,0.00079,8655718.0,216083962.0,0.0,19.24
HK.00688,中国海外发展,2019-09-25 00:00:00,19.34,19.04,19.39,18.89,6.024,0.00061,6730690.0,166509353.0,-1.039501039501036,19.24
HK.00688,中国海外发展,2019-09-26 00:00:00,18.84,19.09,19.39,18.84,6.036,0.00068,7448923.0,184164385.0,0.26260504201681045,19.04
HK.00688,中国海外发展,2019-09-27 00:00:00,18.84,18.89,19.09,18.64,5.987,0.00063,6915346.0,169428027.0,-1.0476689366160257,19.09
HK.00688,中国海外发展,2019-09-30 00:00:00,18.59,18.99,19.14,18.54,6.012,0.00089,9713239.0,239193847.0,0.5293806246691258,18.89
HK.00688,中国海外发展,2019-10-02 00:00:00,19.04,18.94,19.09,18.59,6.0,0.00109,11976265.0,294056844.0,-0.26329647182726257,18.99
HK.00688,中国海外发展,2019-10-03 00:00:00,18.94,19.24,19.54,18.74,6.073,0.0012,13170297.0,326993538.0,1.583949313621949,18.94
HK.00688,中国海外发展,2019-10-04 00:00:00,19.44,19.39,19.74,19.09,6.109,0.00141,15455410.0,387415801.0,0.7796257796257908,19.24
HK.00688,中国海外发展,2019-10-08 00:00:00,19.34,19.54,19.79,19.24,6.146,0.00111,12183176.0,307377528.0,0.7735946364105135,19.39
HK.00688,中国海外发展,2019-10-09 00:00:00,19.64,19.49,20.04,19.29,6.134,0.00118,12889387.0,326287500.0,-0.2558853633572196,19.54
HK.00688,中国海外发展,2019-10-10 00:00:00,19.49,19.59,19.79,19.44,6.158,0.00095,10366744.0,261797717.0,0.5130836326321264,19.49
HK.00688,中国海外发展,2019-10-11 00:00:00,19.94,20.24,20.34,19.79,6.317,0.00167,18348660.0,473486395.0,3.318019397651856,19.59
HK.00688,中国海外发展,2019-10-14 00:00:00,20.39,20.34,20.59,20.14,6.341,0.00159,17427009.0,453492774.0,0.4940711462450663,20.24
HK.00688,中国海外发展,2019-10-15 00:00:00,20.24,20.09,20.34,19.99,6.28,0.00089,9793850.0,252589753.0,-1.2291052114060963,20.34
HK.00688,中国海外发展,2019-10-16 00:00:00,20.09,20.14,20.39,19.84,6.292,0.00177,19368401.0,499113146.0,0.24888003982080992,20.09
HK.00688,中国海外发展,2019-10-17 00:00:00,20.54,20.54,20.59,20.24,6.39,0.00137,14997279.0,391312162.0,1.9860973187686124,20.14
HK.00688,中国海外发展,2019-10-18 00:00:00,20.64,20.54,20.74,20.44,6.39,0.00133,14565223.0,382222965.0,0.0,20.54
HK.00688,中国海外发展,2019-10-21 00:00:00,20.69,20.94,21.04,20.34,6.49,0.00113,12421605.0,329766357.0,1.947419668938667,20.54
HK.00688,中国海外发展,2019-10-22 00:00:00,21.14,20.64,21.14,20.14,6.417,0.00286,31294021.0,818091826.0,-1.4326647564469948,20.94
HK.00688,中国海外发展,2019-10-23 00:00:00,20.54,20.09,20.59,19.84,6.283,0.00134,14636092.0,376309010.0,-2.664728682170546,20.64
HK.00688,中国海外发展,2019-10-24 00:00:00,19.94,19.49,20.14,19.49,6.137,0.00289,31690208.0,803253494.0,-2.9865604778496837,20.09
HK.00688,中国海外发展,2019-10-25 00:00:00,19.44,19.54,19.74,19.34,6.149,0.00111,12125954.0,305620144.0,0.2565418163160632,19.49
HK.00688,中国海外发展,2019-10-28 00:00:00,19.44,19.64,19.89,19.44,6.173,0.00091,9932995.0,251770030.0,0.5117707267144392,19.54
HK.00688,中国海外发展,2019-10-29 00:00:00,19.94,19.64,19.94,19.49,6.173,0.00095,10456329.0,264690603.0,0.0,19.64
HK.00688,中国海外发展,2019-10-30 00:00:00,19.49,19.19,19.54,19.04,6.063,0.00124,13630569.0,339003515.0,-2.2912423625254545,19.64
HK.00688,中国海外发展,2019-10-31 00:00:00,19.09,19.14,19.24,18.94,6.051,0.00165,18095791.0,447597479.0,-0.26055237102658,19.19
HK.00688,中国海外发展,2019-11-01 00:00:00,18.84,19.64,19.79,18.84,6.173,0.00125,13702092.0,344552874.0,2.612330198537095,19.14
HK.00688,中国海外发展,2019-11-04 00:00:00,19.94,20.39,20.49,19.84,6.356,0.00156,17143396.0,444526819.0,3.818737270875763,19.64
HK.00688,中国海外发展,2019-11-05 00:00:00,20.39,21.44,21.44,20.34,6.612,0.00228,24951188.0,668818829.0,5.1495831289847995,20.39
HK.00688,中国海外发展,2019-11-06 00:00:00,21.54,21.74,21.84,21.39,6.686,0.00183,20058167.0,547722479.0,1.3992537313432702,21.44
HK.00688,中国海外发展,2019-11-07 00:00:00,21.59,21.79,21.89,21.29,6.698,0.00131,14316443.0,389731603.0,0.22999080036798855,21.74
HK.00688,中国海外发展,2019-11-08 00:00:00,21.84,21.44,21.84,21.19,6.612,0.00129,14143184.0,383093577.0,-1.6062413951353736,21.79
HK.00688,中国海外发展,2019-11-11 00:00:00,21.44,20.64,21.44,20.49,6.417,0.00112,12245129.0,323649132.0,-3.7313432835820928,21.44
HK.00688,中国海外发展,2019-11-12 00:00:00,20.74,20.84,20.94,20.54,6.466,0.00043,4759612.0,125870491.0,0.968992248062012,20.64
HK.00688,中国海外发展,2019-11-13 00:00:00,20.44,20.24,20.64,20.09,6.32,0.00081,8836912.0,228801320.0,-2.879078694817665,20.84
HK.00688,中国海外发展,2019-11-14 00:00:00,20.19,20.04,20.39,19.84,6.271,0.00063,6886830.0,177320807.0,-0.9881422924901151,20.24
HK.00688,中国海外发展,2019-11-15 00:00:00,20.04,19.94,20.29,19.84,6.246,0.00102,11171580.0,286640286.0,-0.49900199600797346,20.04
HK.00688,中国海外发展,2019-11-18 00:00:00,19.84,20.44,20.54,19.84,6.368,0.001,10930473.0,284318912.0,2.507522567703109,19.94
HK.00688,中国海外发展,2019-11-19 00:00:00,20.24,20.84,20.84,20.14,6.466,0.00065,7110118.0,187208871.0,1.9569471624266075,20.44
HK.00688,中国海外发展,2019-11-20 00:00:00,20.99,20.94,21.39,20.74,6.49,0.00134,14699456.0,393265773.0,0.4798464491362832,20.84
HK.00688,中国海外发展,2019-11-21 00:00:00,20.69,20.54,20.69,20.24,6.393,0.00093,10225795.0,267701162.0,-1.9102196752626655,20.94
HK.00688,中国海外发展,2019-11-22 00:00:00,20.74,20.99,21.14,20.74,6.503,0.00089,9766481.0,259704936.0,2.1908471275559847,20.54
HK.00688,中国海外发展,2019-11-25 00:00:00,21.09,21.39,21.64,20.94,6.6,0.00153,16759937.0,453329244.0,1.9056693663649462,20.99
HK.00688,中国海外发展,2019-11-26 00:00:00,21.64,20.94,21.64,20.89,6.49,0.00264,28976358.0,774439079.0,-2.103786816269281,21.39
HK.00688,中国海外发展,2019-11-27 00:00:00,20.99,21.14,21.39,20.99,6.539,0.00049,5414343.0,145327719.0,0.9551098376313242,20.94
HK.00688,中国海外发展,2019-11-28 00:00:00,21.14,21.14,21.34,21.04,6.539,0.00053,5836213.0,156572997.0,0.0,21.14
HK.00688,中国海外发展,2019-11-29 00:00:00,20.74,20.59,20.74,20.39,6.405,0.00107,11707506.0,306868194.0,-2.601702932828764,21.14
HK.00688,中国海外发展,2019-12-02 00:00:00,20.84,21.29,21.39,20.74,6.576,0.00145,15913549.0,428004835.0,3.3997085964060187,20.59
HK.00688,中国海外发展,2019-12-03 00:00:00,21.24,21.89,22.09,21.09,6.722,0.00188,20597745.0,565353320.0,2.818224518553318,21.29
HK.00688,中国海外发展,2019-12-04 00:00:00,21.69,21.04,21.74,20.94,6.515,0.00113,12383361.0,332533899.0,-3.8830516217450954,21.89
HK.00688,中国海外发展,2019-12-05 00:00:00,21.14,21.24,21.24,20.74,6.564,0.00177,19342339.0,516271030.0,0.9505703422053199,21.04
HK.00688,中国海外发展,2019-12-06 00:00:00,21.39,21.54,21.64,21.19,6.637,0.00088,9631502.0,261184557.0,1.4124293785310769,21.24
HK.00688,中国海外发展,2019-12-09 00:00:00,21.59,22.09,22.29,21.54,6.771,0.00129,14163065.0,392694696.0,2.5533890436397435,21.54
HK.00688,中国海外发展,2019-12-10 00:00:00,21.89,22.79,22.79,21.79,6.942,0.00163,17885587.0,505335043.0,3.168854685377996,22.09
HK.00688,中国海外发展,2019-12-11 00:00:00,22.74,23.29,23.29,22.64,7.064,0.00147,16085687.0,462039212.0,2.1939447125932428,22.79
HK.00688,中国海外发展,2019-12-12 00:00:00,23.14,23.14,23.54,22.94,7.027,0.00126,13808725.0,397670844.0,-0.644053241734644,23.29
HK.00688,中国海外发展,2019-12-13 00:00:00,23.24,23.54,23.54,23.14,7.125,0.00125,13677441.0,396975300.0,1.7286084701814979,23.14
HK.00688,中国海外发展,2019-12-16 00:00:00,23.24,23.49,23.64,22.89,7.113,0.00105,11541675.0,335995413.0,-0.2124044180118977,23.54
HK.00688,中国海外发展,2019-12-17 00:00:00,23.64,23.39,23.64,23.04,7.088,0.00113,12392755.0,359279455.0,-0.4257130693912213,23.49
HK.00688,中国海外发展,2019-12-18 00:00:00,23.34,23.24,23.39,22.89,7.052,0.00112,12303032.0,354072412.0,-0.6412997007268154,23.39
HK.00688,中国海外发展,2019-12-19 00:00:00,23.34,23.34,23.39,22.74,7.076,0.00151,16538407.0,476508031.0,0.4302925989673039,23.24
HK.00688,中国海外发展,2019-12-20 00:00:00,23.34,23.94,24.04,23.34,7.223,0.00187,20508404.0,605837597.0,2.570694087403605,23.34
HK.00688,中国海外发展,2019-12-23 00:00:00,23.84,24.09,24.14,23.74,7.259,0.00102,11141716.0,329723326.0,0.6265664160400943,23.94
HK.00688,中国海外发展,2019-12-24 00:00:00,24.04,23.84,24.14,23.84,7.198,0.00038,4165999.0,123196139.0,-1.03777501037775,24.09
HK.00688,中国海外发展,2019-12-27 00:00:00,24.14,24.44,24.44,23.99,7.345,0.00067,7391367.0,221644163.0,2.516778523489939,23.84
HK.00688,中国海外发展,2019-12-30 00:00:00,24.39,24.44,24.59,24.29,7.345,0.00093,10194685.0,306760514.0,0.0,24.44
HK.00688,中国海外发展,2019-12-31 00:00:00,24.14,24.69,24.74,24.14,7.406,0.00063,6930120.0,208952185.0,1.0229132569558101,24.44
HK.00688,中国海外发展,2020-01-02 00:00:00,24.74,25.04,25.29,24.69,7.491,0.00099,10862400.0,333645578.0,1.4175779667881647,24.69
HK.00688,中国海外发展,2020-01-03 00:00:00,25.34,24.29,25.34,24.14,7.308,0.00099,10874522.0,327340065.0,-2.9952076677316293,25.04
HK.00688,中国海外发展,2020-01-06 00:00:00,23.84,23.84,24.14,23.34,7.198,0.00139,15246258.0,448643651.0,-1.8526142445450775,24.29
HK.00688,中国海外发展,2020-01-07 00:00:00,23.59,23.84,24.24,23.59,7.198,0.00084,9184473.0,271252091.0,0.0,23.84
HK.00688,中国海外发展,2020-01-08 00:00:00,23.09,24.24,24.39,23.09,7.296,0.0012,13095788.0,388253431.0,1.6778523489932826,23.84
HK.00688,中国海外发展,2020-01-09 00:00:00,24.34,24.29,24.59,23.94,7.308,0.00114,12509927.0,372810638.0,0.2062706270627092,24.24
HK.00688,中国海外发展,2020-01-10 00:00:00,24.19,24.04,24.19,23.54,7.247,0.00129,14105003.0,415988927.0,-1.029230135858378,24.29
HK.00688,中国海外发展,2020-01-13 00:00:00,24.24,23.99,24.24,23.79,7.235,0.00087,9484932.0,281315533.0,-0.20798668885191646,24.04
HK.00688,中国海外发展,2020-01-14 00:00:00,24.04,23.94,24.24,23.74,7.223,0.00094,10253626.0,303483986.0,-0.20842017507293523,23.99
HK.00688,中国海外发展,2020-01-15 00:00:00,24.09,23.79,24.19,23.59,7.186,0.00087,9586113.0,282937549.0,-0.6265664160401091,23.94
HK.00688,中国海外发展,2020-01-16 00:00:00,23.64,24.64,24.69,23.64,7.393,0.00158,17332687.0,520616329.0,3.572929802438005,23.79
HK.00688,中国海外发展,2020-01-17 00:00:00,24.44,23.99,24.59,23.84,7.235,0.00108,11875459.0,353539590.0,-2.6379870129870215,24.64
HK.00688,中国海外发展,2020-01-20 00:00:00,23.84,23.19,24.09,23.14,7.04,0.0011,12027884.0,350927906.0,-3.3347228011671413,23.99
HK.00688,中国海外发展,2020-01-21 00:00:00,22.74,22.19,22.99,22.14,6.795,0.00147,16100480.0,451602007.0,-4.3122035360068995,23.19
HK.00688,中国海外发展,2020-01-22 00:00:00,22.34,22.59,22.69,22.24,6.893,0.00145,15884349.0,447255698.0,1.8026137899954868,22.19
HK.00688,中国海外发展,2020-01-23 00:00:00,21.84,21.49,22.19,21.24,6.625,0.00239,26186448.0,715356014.0,-4.869411243913242,22.59
HK.00688,中国海外发展,2020-01-24 00:00:00,21.34,21.29,21.49,21.09,6.576,0.00113,12354491.0,332703716.0,-0.930665425779429,21.49
HK.00688,中国海外发展,2020-01-29 00:00:00,20.74,20.29,20.74,20.19,6.332,0.00201,21971229.0,571219189.0,-4.69704086425552,21.29
HK.00688,中国海外发展,2020-01-30 00:00:00,20.09,19.69,20.24,19.64,6.185,0.00246,26942396.0,690448057.0,-2.9571217348447405,20.29
HK.00688,中国海外发展,2020-01-31 00:00:00,20.44,19.59,20.44,19.59,6.161,0.00182,19901505.0,505952372.0,-0.5078720162519117,19.69
HK.00688,中国海外发展,2020-02-03 00:00:00,19.34,19.69,20.09,19.34,6.185,0.00148,16160985.0,411278256.0,0.5104645227156785,19.59
HK.00688,中国海外发展,2020-02-04 00:00:00,19.64,20.34,20.44,19.64,6.344,0.00186,20348523.0,524901799.0,3.301168105637372,19.69
HK.00688,中国海外发展,2020-02-05 00:00:00,21.04,20.54,21.04,20.39,6.393,0.00153,16742548.0,439763861.0,0.9832841691248736,20.34
HK.00688,中国海外发展,2020-02-06 00:00:00,20.94,21.69,21.74,20.74,6.673,0.00178,19467802.0,526904465.0,5.598831548198648,20.54
HK.00688,中国海外发展,2020-02-07 00:00:00,21.14,21.19,21.54,20.99,6.551,0.00112,12321644.0,331650585.0,-2.305209774089442,21.69
HK.00688,中国海外发展,2020-02-10 00:00:00,20.69,21.49,21.64,20.59,6.625,0.001,10942314.0,295786034.0,1.4157621519584576,21.19
HK.00688,中国海外发展,2020-02-11 00:00:00,21.69,22.49,22.54,21.54,6.869,0.00219,23995892.0,669587418.0,4.653327128897162,21.49
HK.00688,中国海外发展,2020-02-12 00:00:00,22.59,22.54,22.89,22.19,6.881,0.00147,16098560.0,454899091.0,0.22232103156958968,22.49
HK.00688,中国海外发展,2020-02-13 00:00:00,22.44,22.49,22.89,22.29,6.869,0.00109,11937726.0,336132256.0,-0.22182786157941753,22.54
HK.00688,中国海外发展,2020-02-14 00:00:00,22.19,22.99,23.14,22.19,6.991,0.00129,14088638.0,402388657.0,2.223210315695865,22.49
HK.00688,中国海外发展,2020-02-17 00:00:00,22.94,22.99,23.34,22.79,6.991,0.00145,15841064.0,454364368.0,0.0,22.99
HK.00688,中国海外发展,2020-02-18 00:00:00,22.39,22.39,22.74,22.24,6.844,0.00101,11101549.0,311694072.0,-2.609830361026524,22.99
HK.00688,中国海外发展,2020-02-19 00:00:00,22.24,22.49,22.89,22.24,6.869,0.00107,11743788.0,331039135.0,0.4466279589102183,22.39
HK.00688,中国海外发展,2020-02-20 00:00:00,22.84,22.09,22.84,21.74,6.771,0.00112,12305203.0,342527747.0,-1.7785682525566857,22.49
HK.00688,中国海外发展,2020-02-21 00:00:00,21.79,21.44,21.89,21.39,6.612,0.00176,19310032.0,524976328.0,-2.942507922136707,22.09
HK.00688,中国海外发展,2020-02-24 00:00:00,21.24,20.84,21.79,20.79,6.466,0.00154,16874098.0,450523962.0,-2.7985074626865734,21.44
HK.00688,中国海外发展,2020-02-25 00:00:00,20.34,20.94,20.99,20.29,6.49,0.00276,30188760.0,796748907.0,0.4798464491362832,20.84
HK.00688,中国海外发展,2020-02-26 00:00:00,20.29,21.09,21.44,20.24,6.527,0.00206,22519349.0,600497650.0,0.7163323782234889,20.94
HK.00688,中国海外发展,2020-02-27 00:00:00,20.94,21.09,21.34,20.59,6.527,0.00128,13992173.0,372581900.0,0.0,21.09
HK.00688,中国海外发展,2020-02-28 00:00:00,20.49,20.49,21.09,20.39,6.381,0.0022,24117240.0,633003305.0,-2.8449502133712725,21.09
HK.00688,中国海外发展,2020-03-02 00:00:00,20.74,20.99,21.34,20.59,6.503,0.00193,21175415.0,564348079.0,2.440214738897023,20.49
HK.00688,中国海外发展,2020-03-03 00:00:00,21.34,21.09,21.44,20.94,6.527,0.00139,15212907.0,408038267.0,0.4764173415912407,20.99
HK.00688,中国海外发展,2020-03-04 00:00:00,21.29,21.59,22.09,21.04,6.649,0.00169,18529182.0,506615115.0,2.370791844476055,21.09
HK.00688,中国海外发展,2020-03-05 00:00:00,21.89,21.89,21.99,21.29,6.722,0.00168,18407995.0,503451760.0,1.3895321908290907,21.59
HK.00688,中国海外发展,2020-03-06 00:00:00,21.39,21.34,21.64,21.14,6.588,0.00113,12387828.0,333985214.0,-2.512562814070355,21.89
HK.00688,中国海外发展,2020-03-09 00:00:00,20.29,19.89,20.54,19.74,6.234,0.00187,20518100.0,526734830.0,-6.794751640112462,21.34
HK.00688,中国海外发展,2020-03-10 00:00:00,20.29,20.09,20.49,19.59,6.283,0.00144,15829146.0,408213863.0,1.0055304172951196,19.89
HK.00688,中国海外发展,2020-03-11 00:00:00,20.14,20.74,20.89,19.94,6.442,0.00181,19865050.0,521797279.0,3.235440517670476,20.09
HK.00688,中国海外发展,2020-03-12 00:00:00,20.19,20.19,20.29,19.44,6.307,0.00191,20918059.0,537451585.0,-2.6518804243008542,20.74
HK.00688,中国海外发展,2020-03-13 00:00:00,17.94,19.59,20.14,17.94,6.161,0.00293,32067219.0,790656041.0,-2.9717682020802445,20.19
HK.00688,中国海外发展,2020-03-16 00:00:00,18.84,18.89,20.24,18.74,5.99,0.00252,27655797.0,689049282.0,-3.5732516590096948,19.59
HK.00688,中国海外发展,2020-03-17 00:00:00,18.34,18.74,19.19,18.04,5.954,0.00171,18698125.0,453942569.0,-0.794070937003717,18.89
HK.00688,中国海外发展,2020-03-18 00:00:00,18.04,17.39,18.84,17.29,5.624,0.00262,28681515.0,676880284.0,-7.203842049092839,18.74
HK.00688,中国海外发展,2020-03-19 00:00:00,16.94,16.34,17.29,16.14,5.368,0.00366,40138189.0,897290338.0,-6.037952846463488,17.39
HK.00688,中国海外发展,2020-03-20 00:00:00,16.84,18.29,18.54,16.79,5.844,0.00214,23478240.0,554672646.0,11.933904528763765,16.34
HK.00688,中国海外发展,2020-03-23 00:00:00,17.14,16.49,17.69,16.49,5.405,0.00179,19638542.0,445229902.0,-9.841443411700388,18.29
HK.00688,中国海外发展,2020-03-24 00:00:00,16.59,17.34,17.59,16.59,5.612,0.00199,21800913.0,498523242.0,5.154639175257741,16.49
HK.00688,中国海外发展,2020-03-25 00:00:00,18.04,18.39,18.64,17.69,5.868,0.00213,23283096.0,557824623.0,6.055363321799312,17.34
HK.00688,中国海外发展,2020-03-26 00:00:00,18.24,17.84,18.44,17.64,5.734,0.00156,17095920.0,403229168.0,-2.9907558455682475,18.39
HK.00688,中国海外发展,2020-03-27 00:00:00,18.54,17.89,18.54,17.79,5.651,0.00208,22751341.0,538033436.0,0.2802690582959681,17.84
HK.00688,中国海外发展,2020-03-30 00:00:00,17.09,17.89,18.34,17.04,5.651,0.00126,13751481.0,324574271.0,0.0,17.89
HK.00688,中国海外发展,2020-03-31 00:00:00,18.44,18.39,18.69,18.09,5.771,0.00153,16815973.0,404856319.0,2.794857462269424,17.89
HK.00688,中国海外发展,2020-04-01 00:00:00,17.84,18.29,18.74,17.84,5.747,0.00169,18569660.0,446127383.0,-0.5437737901033247,18.39
HK.00688,中国海外发展,2020-04-02 00:00:00,18.09,18.64,18.64,17.84,5.831,0.00108,11847087.0,284012694.0,1.913613996719527,18.29
HK.00688,中国海外发展,2020-04-03 00:00:00,18.69,19.34,19.39,18.49,5.999,0.002,21937353.0,544279186.0,3.755364806866949,18.64
HK.00688,中国海外发展,2020-04-06 00:00:00,20.09,19.79,20.09,19.09,6.107,0.00124,13534600.0,342028493.0,2.3267838676318475,19.34
HK.00688,中国海外发展,2020-04-07 00:00:00,20.14,20.44,20.64,19.94,6.263,0.00185,20254012.0,527089362.0,3.284487114704407,19.79
HK.00688,中国海外发展,2020-04-08 00:00:00,20.74,20.54,20.79,20.24,6.287,0.00126,13857231.0,363373002.0,0.48923679060664316,20.44
HK.00688,中国海外发展,2020-04-09 00:00:00,20.84,21.14,21.24,20.24,6.431,0.00154,16855365.0,447301322.0,2.9211295034079914,20.54
HK.00688,中国海外发展,2020-04-14 00:00:00,20.99,20.74,21.19,20.54,6.335,0.0019,20763346.0,549191852.0,-1.892147587511836,21.14
HK.00688,中国海外发展,2020-04-15 00:00:00,20.39,19.94,20.59,19.84,6.143,0.00229,25124185.0,649074699.0,-3.8572806171648857,20.74
HK.00688,中国海外发展,2020-04-16 00:00:00,19.64,19.99,20.29,19.64,6.155,0.00191,20960857.0,539012828.0,0.25075225677029667,19.94
HK.00688,中国海外发展,2020-04-17 00:00:00,20.59,20.49,20.89,20.44,6.275,0.00138,15160366.0,397681378.0,2.5012506253126565,19.99
HK.00688,中国海外发展,2020-04-20 00:00:00,20.34,20.54,20.89,20.09,6.287,0.00091,9967548.0,261462119.0,0.24402147388970577,20.49
HK.00688,中国海外发展,2020-04-21 00:00:00,20.44,20.09,20.49,19.84,6.179,0.00161,17598405.0,452889356.0,-2.1908471275559847,20.54
HK.00688,中国海外发展,2020-04-22 00:00:00,19.74,20.39,20.64,19.74,6.251,0.00209,22874958.0,591832144.0,1.4932802389248419,20.09
HK.00688,中国海外发展,2020-04-23 00:00:00,21.14,20.54,21.19,20.34,6.287,0.00153,16815005.0,440647442.0,0.7356547327121068,20.39
HK.00688,中国海外发展,2020-04-24 00:00:00,20.49,20.44,20.69,20.09,6.263,0.00111,12177516.0,317665237.0,-0.4868549172346537,20.54
HK.00688,中国海外发展,2020-04-27 00:00:00,20.74,21.29,21.59,20.69,6.467,0.00168,18360166.0,495522439.0,4.158512720156545,20.44
HK.00688,中国海外发展,2020-04-28 00:00:00,21.59,22.24,22.29,21.34,6.695,0.00186,20429274.0,564480028.0,4.46218882104274,21.29
HK.00688,中国海外发展,2020-04-29 00:00:00,22.84,22.79,22.84,22.29,6.827,0.00322,35308480.0,992476086.0,2.4730215827338164,22.24
HK.00688,中国海外发展,2020-05-04 00:00:00,22.79,21.24,22.79,20.94,6.455,0.00311,34078900.0,934564176.0,-6.801228609039056,22.79
HK.00688,中国海外发展,2020-05-05 00:00:00,21.34,21.04,21.69,20.84,6.407,0.00216,23643803.0,637333544.0,-0.9416195856873789,21.24
HK.00688,中国海外发展,2020-05-06 00:00:00,21.04,20.69,21.44,20.54,6.323,0.00196,21432160.0,566577741.0,-1.6634980988593056,21.04
HK.00688,中国海外发展,2020-05-07 00:00:00,20.69,19.99,20.69,19.94,6.155,0.00211,23151121.0,598169471.0,-3.3832769453842575,20.69
HK.00688,中国海外发展,2020-05-08 00:00:00,20.29,20.14,20.89,20.09,6.191,0.00116,12749628.0,330479270.0,0.7503751875938076,19.99
HK.00688,中国海外发展,2020-05-11 00:00:00,20.44,20.54,20.79,20.34,6.287,0.00168,18393164.0,482564993.0,1.9860973187686124,20.14
HK.00688,中国海外发展,2020-05-12 00:00:00,20.39,19.74,20.44,19.69,6.095,0.0014,15302715.0,390948771.0,-3.8948393378773165,20.54
HK.00688,中国海外发展,2020-05-13 00:00:00,19.74,19.84,20.24,19.44,6.119,0.00101,11017493.0,281551058.0,0.5065856129685989,19.74
HK.00688,中国海外发展,2020-05-14 00:00:00,19.69,19.19,19.74,19.04,5.963,0.00215,23518307.0,584728983.0,-3.276209677419348,19.84
HK.00688,中国海外发展,2020-05-15 00:00:00,19.04,18.69,19.19,18.49,5.843,0.00251,27466833.0,667918623.0,-2.605523710265763,19.19
HK.00688,中国海外发展,2020-05-18 00:00:00,18.69,19.04,19.54,18.59,5.927,0.00164,17943004.0,445805799.0,1.8726591760299511,18.69
HK.00688,中国海外发展,2020-05-19 00:00:00,19.94,19.39,19.94,19.29,6.011,0.00136,14953326.0,376939667.0,1.8382352941176547,19.04
HK.00688,中国海外发展,2020-05-20 00:00:00,19.64,19.14,19.64,18.94,5.951,0.00122,13397943.0,332315304.0,-1.2893243940175347,19.39
HK.00688,中国海外发展,2020-05-21 00:00:00,19.54,19.14,19.54,18.89,5.951,0.00095,10428589.0,259300582.0,0.0,19.14
HK.00688,中国海外发展,2020-05-22 00:00:00,18.64,17.99,18.79,17.64,5.675,0.00269,29461736.0,698205547.0,-6.008359456635329,19.14
HK.00688,中国海外发展,2020-05-25 00:00:00,17.99,18.44,18.59,17.64,5.783,0.00079,8660906.0,207087084.0,2.501389660922751,17.99
HK.00688,中国海外发展,2020-05-26 00:00:00,18.84,18.74,19.19,18.64,5.855,0.00095,10440016.0,256297598.0,1.6268980477223274,18.44
HK.00688,中国海外发展,2020-05-27 00:00:00,18.94,18.59,19.14,18.39,5.819,0.00108,11778052.0,284941287.0,-0.8004268943436424,18.74
HK.00688,中国海外发展,2020-05-28 00:00:00,18.04,18.39,18.64,17.94,5.771,0.00141,15431038.0,369397076.0,-1.0758472296933796,18.59
HK.00688,中国海外发展,2020-05-29 00:00:00,17.84,17.94,18.34,17.79,5.663,0.00251,27529503.0,651110326.0,-2.4469820554649226,18.39
HK.00688,中国海外发展,2020-06-01 00:00:00,18.94,19.04,19.54,18.59,5.927,0.00164,17921813.0,444977881.0,6.131549609810467,17.94
HK.00688,中国海外发展,2020-06-02 00:00:00,18.99,19.34,19.54,18.79,5.999,0.00106,11580811.0,287164299.0,1.575630252100844,19.04
HK.00688,中国海外发展,2020-06-03 00:00:00,19.54,19.24,19.74,19.09,5.975,0.00148,16195785.0,405324805.0,-0.5170630816959743,19.34
HK.00688,中国海外发展,2020-06-04 00:00:00,19.64,18.84,19.64,18.54,5.879,0.00184,20116277.0,492176553.0,-2.079002079002072,19.24
HK.00688,中国海外发展,2020-06-05 00:00:00,18.79,19.34,19.34,18.39,5.999,0.00157,17213810.0,422893943.0,2.6539278131634823,18.84
HK.00688,中国海外发展,2020-06-08 00:00:00,19.74,19.14,19.74,18.99,5.951,0.00132,14429000.0,359109685.0,-1.03412616339193,19.34
HK.00688,中国海外发展,2020-06-09 00:00:00,19.44,19.64,19.84,19.14,6.071,0.0014,15386173.0,388577039.0,2.612330198537095,19.14
HK.00688,中国海外发展,2020-06-10 00:00:00,19.84,19.74,19.89,19.34,6.095,0.00195,21334205.0,540846367.0,0.509164969450091,19.64
HK.00688,中国海外发展,2020-06-11 00:00:00,19.59,18.84,19.64,18.74,5.879,0.00139,15201138.0,376342211.0,-4.559270516717318,19.74
HK.00688,中国海外发展,2020-06-12 00:00:00,18.24,18.49,18.64,18.19,5.795,0.00145,15888749.0,383694279.0,-1.857749469214445,18.84
HK.00688,中国海外发展,2020-06-15 00:00:00,18.04,18.14,18.69,18.04,5.711,0.00117,12820131.0,306918480.0,-1.8929150892374143,18.49
HK.00688,中国海外发展,2020-06-16 00:00:00,18.74,19.09,19.14,18.69,5.939,0.00139,15250641.0,376335692.0,5.237045203969124,18.14
HK.00688,中国海外发展,2020-06-17 00:00:00,18.94,19.14,19.24,18.74,5.951,0.00082,8997383.0,222252848.0,0.2619172341540111,19.09
HK.00688,中国海外发展,2020-06-18 00:00:00,19.24,19.09,19.24,18.64,5.939,0.00088,9679755.0,239046953.0,-0.2612330198537132,19.14
HK.00688,中国海外发展,2020-06-19 00:00:00,19.24,19.64,19.69,19.04,6.071,0.00145,15879629.0,399896256.0,2.881089575694084,19.09
HK.00688,中国海外发展,2020-06-22 00:00:00,19.49,19.39,19.49,19.04,6.011,0.00096,10483756.0,261883009.0,-1.2729124236252545,19.64
HK.00688,中国海外发展,2020-06-23 00:00:00,19.19,19.49,19.69,18.99,6.035,0.0007,7675223.0,191880066.0,0.5157297576070029,19.39
HK.00688,中国海外发展,2020-06-24 00:00:00,19.59,19.19,19.64,19.09,5.963,0.00102,11213946.0,279382964.0,-1.5392508978963426,19.49
HK.00688,中国海外发展,2020-06-26 00:00:00,18.99,18.79,19.14,18.69,5.867,0.0012,13195224.0,323374704.0,-2.0844189682126215,19.19
HK.00688,中国海外发展,2020-06-29 00:00:00,18.94,18.54,18.94,18.29,5.807,0.00152,16659688.0,401910154.0,-1.3304949441192124,18.79
HK.00688,中国海外发展,2020-06-30 00:00:00,18.81,18.36,18.91,18.36,5.627,0.00075,8171871.0,193164235.0,-0.9708737864077656,18.54
HK.00688,中国海外发展,2020-07-02 00:00:00,18.61,19.96,19.96,18.61,6.011,0.0028,30656462.0,753515146.0,8.714596949891074,18.36
HK.00688,中国海外发展,2020-07-03 00:00:00,20.36,20.46,20.61,19.96,6.131,0.00164,17933876.0,457147976.0,2.5050100200400798,19.96
HK.00688,中国海外发展,2020-07-06 00:00:00,20.86,21.86,21.96,20.81,6.467,0.00227,24915527.0,663800535.0,6.842619745845544,20.46
HK.00688,中国海外发展,2020-07-07 00:00:00,21.66,20.91,21.91,20.71,6.239,0.00131,14345298.0,375536329.0,-4.345837145471177,21.86
HK.00688,中国海外发展,2020-07-08 00:00:00,20.91,20.46,21.41,20.31,6.131,0.00165,18039266.0,464420392.0,-2.152080344332852,20.91
HK.00688,中国海外发展,2020-07-09 00:00:00,20.66,20.41,20.91,20.31,6.119,0.00087,9542416.0,244393046.0,-0.24437927663734463,20.46
HK.00688,中国海外发展,2020-07-10 00:00:00,20.61,20.16,20.61,19.96,6.059,0.00093,10162964.0,257055392.0,-1.224889759921607,20.41
HK.00688,中国海外发展,2020-07-13 00:00:00,20.51,20.01,20.51,19.76,6.023,0.00055,6022596.0,151566969.0,-0.744047619047612,20.16
HK.00688,中国海外发展,2020-07-14 00:00:00,20.06,19.86,20.21,19.66,5.987,0.00069,7590298.0,189447622.0,-0.7496251874063075,20.01
HK.00688,中国海外发展,2020-07-15 00:00:00,20.01,19.56,20.11,19.46,5.915,0.00068,7401075.0,182862385.0,-1.5105740181268918,19.86
HK.00688,中国海外发展,2020-07-16 00:00:00,19.36,19.41,19.56,19.21,5.879,0.00077,8474368.0,206938560.0,-0.7668711656441646,19.56
HK.00688,中国海外发展,2020-07-17 00:00:00,19.26,19.21,19.36,19.06,5.831,0.00104,11373111.0,275969502.0,-1.0303967027305476,19.41
HK.00688,中国海外发展,2020-07-20 00:00:00,19.06,19.66,19.91,19.06,5.939,0.00086,9400221.0,232300150.0,2.3425299323269093,19.21
HK.00688,中国海外发展,2020-07-21 00:00:00,19.91,19.81,19.91,19.51,5.975,0.00153,16751940.0,416039527.0,0.7629704984740517,19.66
HK.00688,中国海外发展,2020-07-22 00:00:00,19.81,19.06,19.81,19.01,5.795,0.00134,14730181.0,359401876.0,-3.7859666834931853,19.81
HK.00688,中国海外发展,2020-07-23 00:00:00,19.01,19.01,19.11,18.76,5.783,0.00107,11674348.0,280439477.0,-0.26232948583419285,19.06
HK.00688,中国海外发展,2020-07-24 00:00:00,18.71,18.51,18.91,18.41,5.663,0.00114,12483405.0,295330580.0,-2.6301946344029457,19.01
HK.00688,中国海外发展,2020-07-27 00:00:00,18.91,18.31,18.96,18.26,5.615,0.00096,10478524.0,246762444.0,-1.0804970286331865,18.51
HK.00688,中国海外发展,2020-07-28 00:00:00,18.71,18.21,18.81,18.06,5.591,0.00139,15207156.0,354711391.0,-0.5461496450027191,18.31
HK.00688,中国海外发展,2020-07-29 00:00:00,18.01,18.31,18.71,18.01,5.615,0.00085,9286750.0,217813821.0,0.5491488193300267,18.21
HK.00688,中国海外发展,2020-07-30 00:00:00,18.31,18.26,18.66,18.06,5.603,0.00166,18180999.0,425787032.0,-0.27307482250134985,18.31
HK.00688,中国海外发展,2020-07-31 00:00:00,18.51,18.51,18.86,18.36,5.663,0.00162,17771525.0,419676917.0,1.3691128148959473,18.26
HK.00688,中国海外发展,2020-08-03 00:00:00,18.31,18.31,18.76,18.06,5.615,0.0008,8718954.0,203835728.0,-1.0804970286331865,18.51
HK.00688,中国海外发展,2020-08-04 00:00:00,18.41,18.36,18.66,18.06,5.627,0.00176,19327363.0,451998714.0,0.2730748225013693,18.31
HK.00688,中国海外发展,2020-08-05 00:00:00,18.36,18.26,18.66,18.11,5.603,0.0012,13195734.0,307793836.0,-0.5446623093681802,18.36
HK.00688,中国海外发展,2020-08-06 00:00:00,18.21,18.01,18.31,17.66,5.543,0.00176,19230992.0,443315247.0,-1.3691128148959473,18.26
HK.00688,中国海外发展,2020-08-07 00:00:00,18.01,17.81,18.21,17.71,5.495,0.00127,13889376.0,318855891.0,-1.1104941699056237,18.01
HK.00688,中国海外发展,2020-08-10 00:00:00,17.66,17.86,17.91,17.51,5.507,0.00087,9553760.0,218333492.0,0.2807411566535694,17.81
HK.00688,中国海外发展,2020-08-11 00:00:00,18.16,18.16,18.46,17.96,5.579,0.0011,12083947.0,281329268.0,1.679731243001124,17.86
HK.00688,中国海外发展,2020-08-12 00:00:00,18.01,18.16,18.21,17.71,5.579,0.00169,18540141.0,427020017.0,0.0,18.16
HK.00688,中国海外发展,2020-08-13 00:00:00,18.21,18.31,18.46,18.01,5.615,0.00084,9208035.0,214472768.0,0.825991189427305,18.16
HK.00688,中国海外发展,2020-08-14 00:00:00,18.11,18.56,18.66,18.11,5.675,0.00142,15542641.0,365876210.0,1.365374112506827,18.31
HK.00688,中国海外发展,2020-08-17 00:00:00,18.21,18.31,18.56,17.76,5.615,0.00157,17224253.0,401630356.0,-1.3469827586206897,18.56
HK.00688,中国海外发展,2020-08-18 00:00:00,18.36,18.31,18.36,18.01,5.615,0.00123,13430981.0,312120652.0,0.0,18.31
HK.00688,中国海外发展,2020-08-19 00:00:00,18.41,18.36,18.81,18.01,5.627,0.0008,8805893.0,205858670.0,0.2730748225013693,18.31
HK.00688,中国海外发展,2020-08-20 00:00:00,18.11,18.01,18.21,17.76,5.543,0.00109,11974337.0,275723939.0,-1.9063180827886594,18.36
HK.00688,中国海外发展,2020-08-21 00:00:00,18.01,18.16,18.21,17.96,5.579,0.00087,9485381.0,219968217.0,0.8328706274291979,18.01
HK.00688,中国海外发展,2020-08-24 00:00:00,18.31,18.36,19.06,18.11,5.627,0.00155,16998163.0,400349787.0,1.1013215859030798,18.16
HK.00688,中国海外发展,2020-08-25 00:00:00,18.36,17.86,18.36,17.71,5.507,0.0015,16451671.0,378293151.0,-2.7233115468409586,18.36
HK.00688,中国海外发展,2020-08-26 00:00:00,17.86,18.11,18.21,17.81,5.567,0.0016,17521877.0,404761265.0,1.3997760358342666,17.86
HK.00688,中国海外发展,2020-08-27 00:00:00,18.11,17.76,18.16,17.71,5.483,0.00134,14731968.0,337307212.0,-1.932633903920474,18.11
HK.00688,中国海外发展,2020-08-28 00:00:00,17.71,17.76,17.96,17.71,5.483,0.00139,15265508.0,349661461.0,0.0,17.76
HK.00688,中国海外发展,2020-08-31 00:00:00,17.81,17.36,18.01,17.36,5.387,0.00159,17385056.0,394520455.0,-2.252252252252264,17.76
HK.00688,中国海外发展,2020-09-01 00:00:00,17.41,16.71,17.51,16.71,5.231,0.00231,25323776.0,555123125.0,-3.7442396313363977,17.36
HK.00688,中国海外发展,2020-09-02 00:00:00,16.51,16.56,16.66,16.21,5.195,0.0023,25233461.0,543403359.0,-0.8976660682226338,16.71
HK.00688,中国海外发展,2020-09-03 00:00:00,16.61,16.36,16.86,16.31,5.147,0.00254,27849300.0,601321854.0,-1.2077294685990296,16.56
HK.00688,中国海外发展,2020-09-04 00:00:00,16.21,16.46,16.46,16.01,5.171,0.00265,29025388.0,621337111.0,0.6112469437652899,16.36
HK.00688,中国海外发展,2020-09-07 00:00:00,16.71,16.16,16.71,16.11,5.099,0.00112,12292854.0,262262657.0,-1.82260024301337,16.46
HK.00688,中国海外发展,2020-09-08 00:00:00,16.41,16.36,16.46,16.11,5.147,0.00094,10295368.0,220296806.0,1.2376237623762332,16.16
HK.00688,中国海外发展,2020-09-09 00:00:00,16.11,16.26,16.31,16.06,5.123,0.00112,12258965.0,260713040.0,-0.6112469437652682,16.36
HK.00688,中国海外发展,2020-09-10 00:00:00,16.41,16.16,16.41,16.11,5.099,0.00066,7225699.0,153812718.0,-0.6150061500615093,16.26
HK.00688,中国海外发展,2020-09-11 00:00:00,16.11,16.11,16.16,15.96,5.087,0.00097,10647997.0,225322297.0,-0.3094059405940638,16.16
HK.00688,中国海外发展,2020-09-14 00:00:00,15.96,16.11,16.26,15.96,5.087,0.00063,6870706.0,145828859.0,0.0,16.11
HK.00688,中国海外发展,2020-09-15 00:00:00,16.16,16.26,16.71,16.06,5.123,0.00176,19240780.0,412937144.0,0.9310986964618382,16.11
HK.00688,中国海外发展,2020-09-16 00:00:00,16.26,16.11,16.36,16.06,5.087,0.00235,25727725.0,546995385.0,-0.922509225092264,16.26
HK.00688,中国海外发展,2020-09-17 00:00:00,16.16,15.76,16.26,15.56,5.003,0.0036,39458573.0,824505822.0,-2.172563625077589,16.11
HK.00688,中国海外发展,2020-09-18 00:00:00,15.81,15.71,16.01,15.71,4.883,0.00445,48764413.0,1001978732.0,-0.3172588832487242,15.76
HK.00688,中国海外发展,2020-09-21 00:00:00,15.96,15.46,16.06,15.41,4.823,0.00139,15271696.0,309349654.0,-1.5913430935709738,15.71
HK.00688,中国海外发展,2020-09-22 00:00:00,15.36,15.1,15.46,14.92,4.737,0.0024,26303088.0,520550097.0,-2.3285899094437337,15.46
HK.00688,中国海外发展,2020-09-23 00:00:00,14.86,15.0,15.18,14.76,4.713,0.00154,16905127.0,331142450.0,-0.6622516556291367,15.1
HK.00688,中国海外发展,2020-09-24 00:00:00,14.92,15.04,15.14,14.66,4.722,0.00176,19335150.0,378975392.0,0.266666666666661,15.0
HK.00688,中国海外发展,2020-09-25 00:00:00,15.14,14.64,15.14,14.6,4.626,0.00177,19347023.0,376044965.0,-2.659574468085097,15.04
HK.00688,中国海外发展,2020-09-28 00:00:00,14.58,14.74,14.88,14.54,4.65,0.00135,14811966.0,286684416.0,0.683060109289615,14.64
HK.00688,中国海外发展,2020-09-29 00:00:00,14.84,14.5,14.86,14.38,4.593,0.00153,16759241.0,320993296.0,-1.628222523744913,14.74
HK.00688,中国海外发展,2020-09-30 00:00:00,14.7,14.76,15.12,14.64,4.655,0.00099,10847428.0,210857483.0,1.7931034482758605,14.5
HK.00688,中国海外发展,2020-10-05 00:00:00,15.14,14.7,15.14,14.62,4.641,0.00086,9471017.0,183341128.0,-0.40650406504065373,14.76
HK.00688,中国海外发展,2020-10-06 00:00:00,14.82,15.02,15.1,14.8,4.718,0.00114,12485096.0,245089545.0,2.1768707482993217,14.7
HK.00688,中国海外发展,2020-10-07 00:00:00,15.02,15.14,15.14,14.64,4.746,0.00114,12498370.0,245672975.0,0.7989347536617909,15.02
HK.00688,中国海外发展,2020-10-08 00:00:00,15.28,15.14,15.28,14.84,4.746,0.00101,11055710.0,217854857.0,0.0,15.14
HK.00688,中国海外发展,2020-10-09 00:00:00,15.28,15.26,15.32,15.04,4.775,0.00139,15235362.0,302319455.0,0.7926023778071282,15.14
HK.00688,中国海外发展,2020-10-12 00:00:00,15.26,15.61,15.76,15.24,4.859,0.00175,19158827.0,387778695.0,2.293577981651374,15.26
HK.00688,中国海外发展,2020-10-14 00:00:00,15.86,15.26,15.86,15.08,4.775,0.00178,19474368.0,387524570.0,-2.2421524663677106,15.61
HK.00688,中国海外发展,2020-10-15 00:00:00,15.12,14.78,15.16,14.72,4.66,0.00187,20520780.0,400659394.0,-3.145478374836176,15.26
HK.00688,中国海外发展,2020-10-16 00:00:00,14.76,14.94,15.18,14.76,4.698,0.00101,11021135.0,216752385.0,1.0825439783491213,14.78
HK.00688,中国海外发展,2020-10-19 00:00:00,15.06,15.04,15.34,14.94,4.722,0.0012,13099338.0,258866021.0,0.6693440428380164,14.94
HK.00688,中国海外发展,2020-10-20 00:00:00,14.88,14.88,15.04,14.74,4.684,0.00114,12456113.0,243070354.0,-1.0638297872340319,15.04
HK.00688,中国海外发展,2020-10-21 00:00:00,14.98,14.94,15.0,14.76,4.698,0.00103,11275802.0,219911223.0,0.40322580645160433,14.88
HK.00688,中国海外发展,2020-10-22 00:00:00,14.78,15.08,15.08,14.7,4.732,0.001,10926510.0,214199417.0,0.9370816599732301,14.94
HK.00688,中国海外发展,2020-10-23 00:00:00,15.06,14.98,15.2,14.98,4.708,0.001,10973851.0,215931430.0,-0.6631299734747986,15.08
HK.00688,中国海外发展,2020-10-27 00:00:00,15.04,14.48,15.08,14.42,4.588,0.00165,18084618.0,348004068.0,-3.337783711615487,14.98
HK.00688,中国海外发展,2020-10-28 00:00:00,14.64,14.44,14.64,14.24,4.578,0.00157,17188961.0,328234440.0,-0.2762430939226583,14.48
HK.00688,中国海外发展,2020-10-29 00:00:00,14.2,14.56,14.7,14.2,4.607,0.00175,19179524.0,367159483.0,0.8310249307479294,14.44
HK.00688,中国海外发展,2020-10-30 00:00:00,14.62,14.76,14.94,14.52,4.655,0.00194,21243363.0,411554479.0,1.3736263736263687,14.56
HK.00688,中国海外发展,2020-11-02 00:00:00,14.82,14.82,14.86,14.62,4.67,0.00111,12173671.0,236369279.0,0.40650406504065373,14.76
HK.00688,中国海外发展,2020-11-03 00:00:00,14.68,14.84,15.0,14.68,4.674,0.00129,14150711.0,275722666.0,0.134952766531711,14.82
HK.00688,中国海外发展,2020-11-04 00:00:00,14.8,14.68,14.94,14.58,4.636,0.00086,9388277.0,181679788.0,-1.078167115902966,14.84
HK.00688,中国海外发展,2020-11-05 00:00:00,14.78,15.3,15.56,14.78,4.785,0.0051,55896432.0,1102950158.0,4.223433242506819,14.68
HK.00688,中国海外发展,2020-11-06 00:00:00,15.36,15.61,15.76,15.36,4.859,0.0026,28470461.0,574600336.0,2.0261437908496647,15.3
HK.00688,中国海外发展,2020-11-09 00:00:00,15.96,15.61,15.96,15.41,4.859,0.00128,14014877.0,283598735.0,0.0,15.61
HK.00688,中国海外发展,2020-11-10 00:00:00,16.06,16.21,16.31,15.71,5.003,0.00287,31490605.0,651140350.0,3.84368994234466,15.61
HK.00688,中国海外发展,2020-11-11 00:00:00,16.31,17.21,17.26,16.16,5.243,0.00412,45184262.0,975836229.0,6.169031462060456,16.21
HK.00688,中国海外发展,2020-11-12 00:00:00,17.26,16.41,17.26,16.21,5.051,0.00283,31043651.0,655478177.0,-4.6484601975595625,17.21
HK.00688,中国海外发展,2020-11-13 00:00:00,16.31,16.11,16.31,15.81,4.979,0.00218,23936009.0,497716222.0,-1.8281535648994558,16.41
HK.00688,中国海外发展,2020-11-16 00:00:00,15.76,15.06,15.86,14.86,4.727,0.00451,49418795.0,978353398.0,-6.517690875232768,16.11
HK.00688,中国海外发展,2020-11-17 00:00:00,15.08,14.68,15.12,14.62,4.636,0.00476,52143646.0,1015706948.0,-2.5232403718459544,15.06
HK.00688,中国海外发展,2020-11-18 00:00:00,14.48,14.74,15.04,14.48,4.65,0.00478,52316336.0,1015261976.0,0.40871934604904975,14.68
HK.00688,中国海外发展,2020-11-19 00:00:00,14.64,14.36,14.66,14.3,4.559,0.00578,63293920.0,1206346465.0,-2.578018995929449,14.74
HK.00688,中国海外发展,2020-11-20 00:00:00,14.34,13.64,14.42,13.52,4.386,0.00751,82254325.0,1515649020.0,-5.013927576601664,14.36
HK.00688,中国海外发展,2020-11-23 00:00:00,13.64,13.0,13.68,12.92,4.233,0.00637,69775908.0,1245329474.0,-4.692082111436954,13.64
HK.00688,中国海外发展,2020-11-24 00:00:00,13.08,13.32,13.5,12.94,4.31,0.00478,52386133.0,939517036.0,2.4615384615384635,13.0
HK.00688,中国海外发展,2020-11-25 00:00:00,13.64,13.86,14.04,13.52,4.439,0.00385,42160867.0,779105863.0,4.054054054054047,13.32
HK.00688,中国海外发展,2020-11-26 00:00:00,13.86,14.14,14.26,13.86,4.506,0.00386,42273255.0,792024952.0,2.0202020202020283,13.86
HK.00688,中国海外发展,2020-11-27 00:00:00,14.16,14.76,14.86,14.16,4.655,0.00432,47302836.0,912081978.0,4.384724186704379,14.14
HK.00688,中国海外发展,2020-11-30 00:00:00,14.76,14.22,14.94,14.16,4.526,0.00422,46245874.0,879853444.0,-3.658536585365848,14.76
HK.00688,中国海外发展,2020-12-01 00:00:00,14.36,14.42,14.46,14.04,4.574,0.00162,17793862.0,337734574.0,1.4064697609001355,14.22
HK.00688,中国海外发展,2020-12-02 00:00:00,14.64,14.66,14.76,14.26,4.631,0.00242,26546488.0,511158441.0,1.664355062413316,14.42
HK.00688,中国海外发展,2020-12-03 00:00:00,14.48,14.44,14.6,14.22,4.578,0.00218,23887052.0,455228016.0,-1.5006821282401135,14.66
HK.00688,中国海外发展,2020-12-04 00:00:00,14.48,13.96,14.56,13.96,4.463,0.00584,63974223.0,1196691472.0,-3.32409972299168,14.44
HK.00688,中国海外发展,2020-12-07 00:00:00,14.04,13.9,14.04,13.58,4.449,0.00248,27133905.0,501567843.0,-0.429799426934101,13.96
HK.00688,中国海外发展,2020-12-08 00:00:00,13.76,13.16,13.86,13.16,4.271,0.00383,41954335.0,752989640.0,-5.323741007194246,13.9
HK.00688,中国海外发展,2020-12-09 00:00:00,13.22,13.0,13.3,12.98,4.233,0.00321,35167008.0,624388988.0,-1.2158054711246211,13.16
HK.00688,中国海外发展,2020-12-10 00:00:00,12.62,12.86,12.88,12.5,4.199,0.0029,31789161.0,554903615.0,-1.0769230769230813,13.0
HK.00688,中国海外发展,2020-12-11 00:00:00,12.98,12.92,12.98,12.76,4.214,0.002,21862124.0,382862317.0,0.4665629860031143,12.86
HK.00688,中国海外发展,2020-12-14 00:00:00,13.0,13.26,13.4,12.86,4.295,0.00217,23806822.0,425905267.0,2.63157894736842,12.92
HK.00688,中国海外发展,2020-12-15 00:00:00,13.18,12.88,13.26,12.88,4.204,0.00186,20322674.0,358366889.0,-2.8657616892910935,13.26
HK.00688,中国海外发展,2020-12-16 00:00:00,12.94,13.08,13.2,12.94,4.252,0.0015,16444820.0,291353506.0,1.5527950310558951,12.88
HK.00688,中国海外发展,2020-12-17 00:00:00,13.02,13.22,13.24,12.9,4.286,0.00123,13503335.0,239852103.0,1.0703363914373132,13.08
HK.00688,中国海外发展,2020-12-18 00:00:00,13.08,13.26,13.4,13.02,4.295,0.00244,26747620.0,477958704.0,0.30257186081693754,13.22
HK.00688,中国海外发展,2020-12-21 00:00:00,12.96,12.78,13.16,12.74,4.18,0.0016,17555199.0,306592903.0,-3.6199095022624466,13.26
HK.00688,中国海外发展,2020-12-22 00:00:00,12.84,12.6,12.94,12.5,4.137,0.00113,12330444.0,213300555.0,-1.4084507042253498,12.78
HK.00688,中国海外发展,2020-12-23 00:00:00,12.66,12.52,12.74,12.36,4.118,0.00094,10259974.0,175784398.0,-0.6349206349206356,12.6
HK.00688,中国海外发展,2020-12-24 00:00:00,12.36,12.66,12.74,12.36,4.151,0.00069,7511766.0,129503716.0,1.1182108626198128,12.52
HK.00688,中国海外发展,2020-12-28 00:00:00,12.8,12.56,12.84,12.46,4.127,0.00122,13419152.0,231436868.0,-0.7898894154818297,12.66
HK.00688,中国海外发展,2020-12-29 00:00:00,12.48,12.18,12.52,12.079999999,4.036,0.00289,31622408.0,531998943.0,-3.0254777070063756,12.56
HK.00688,中国海外发展,2020-12-30 00:00:00,12.0,11.8,12.12,11.72,3.945,0.0053,58096642.0,956801262.0,-3.1198686371100086,12.18
HK.00688,中国海外发展,2020-12-31 00:00:00,11.78,12.22,12.259999999,11.72,4.046,0.00199,21765089.0,363660136.0,3.5593220338983045,11.8
HK.00688,中国海外发展,2021-01-04 00:00:00,12.06,11.86,12.18,11.72,3.959,0.00258,28304468.0,467289189.0,-2.945990180032743,12.22
HK.00688,中国海外发展,2021-01-05 00:00:00,11.66,11.16,11.68,11.16,3.791,0.01301,142546749.0,2264872611.0,-5.902192242833046,11.86
HK.00688,中国海外发展,2021-01-06 00:00:00,11.04,10.56,11.04,10.48,3.647,0.02809,307703455.0,4695226291.0,-5.376344086021502,11.16
HK.00688,中国海外发展,2021-01-07 00:00:00,10.6,10.74,10.78,10.28,3.69,0.01355,148449771.0,2255290404.0,1.7045454545454517,10.56
HK.00688,中国海外发展,2021-01-08 00:00:00,10.74,10.98,11.04,10.44,3.748,0.00925,101309324.0,1567544231.0,2.2346368715083815,10.74
HK.00688,中国海外发展,2021-01-11 00:00:00,11.04,11.82,12.099999999,11.04,3.95,0.01125,123251970.0,2010483092.0,7.650273224043715,10.98
HK.00688,中国海外发展,2021-01-12 00:00:00,11.96,12.259999999,12.46,11.86,4.055,0.01031,112903424.0,1908399155.0,3.722504221658202,11.82
HK.00688,中国海外发展,2021-01-13 00:00:00,12.46,12.239999999,12.54,11.88,4.05,0.00606,66434860.0,1117782526.0,-0.1631321370442977,12.259999999
HK.00688,中国海外发展,2021-01-14 00:00:00,12.32,12.18,12.36,11.96,4.036,0.00393,43048019.0,721879251.0,-0.49019607030149004,12.239999999
HK.00688,中国海外发展,2021-01-15 00:00:00,12.259999999,12.4,12.56,12.22,4.088,0.00387,42384979.0,723832353.0,1.8062397372742254,12.18
HK.00688,中国海外发展,2021-01-18 00:00:00,12.4,13.26,13.46,12.32,4.294,0.00791,86657107.0,1531635567.0,6.9354838709677376,12.4
HK.00688,中国海外发展,2021-01-19 00:00:00,13.56,14.14,14.38,13.56,4.505,0.01218,133418059.0,2490110385.0,6.636500754147819,13.26
HK.00688,中国海外发展,2021-01-20 00:00:00,14.8,15.06,15.34,14.66,4.726,0.01447,158468332.0,3110686508.0,6.506364922206506,14.14
HK.00688,中国海外发展,2021-01-21 00:00:00,15.16,14.48,15.2,14.32,4.587,0.00486,53185022.0,1022122335.0,-3.851261620185923,15.06
HK.00688,中国海外发展,2021-01-22 00:00:00,14.6,14.04,14.86,13.86,4.481,0.00578,63308740.0,1197724027.0,-3.03867403314918,14.48
HK.00688,中国海外发展,2021-01-25 00:00:00,14.32,13.84,14.34,13.52,4.433,0.00418,45795818.0,841471686.0,-1.4245014245014196,14.04
HK.00688,中国海外发展,2021-01-26 00:00:00,13.6,13.78,14.04,13.56,4.419,0.00297,32529365.0,599292096.0,-0.43352601156069726,13.84
HK.00688,中国海外发展,2021-01-27 00:00:00,13.84,13.74,14.06,13.62,4.409,0.00206,22600843.0,416230311.0,-0.290275761973869,13.78
HK.00688,中国海外发展,2021-01-28 00:00:00,13.7,13.26,13.7,13.12,4.291,0.00391,42880242.0,770033379.0,-3.493449781659392,13.74
HK.00688,中国海外发展,2021-01-29 00:00:00,13.18,12.84,13.3,12.68,4.19,0.00517,56589538.0,990521357.0,-3.167420814479638,13.26
HK.00688,中国海外发展,2021-02-01 00:00:00,12.74,13.32,13.46,12.74,4.305,0.00325,35554508.0,634948493.0,3.738317757009349,12.84
HK.00688,中国海外发展,2021-02-02 00:00:00,13.46,13.1,13.46,13.0,4.253,0.0021,23010216.0,409798963.0,-1.6516516516516564,13.32
HK.00688,中国海外发展,2021-02-03 00:00:00,12.98,13.14,13.36,12.92,4.262,0.00284,31068056.0,553587094.0,0.30534351145038874,13.1
HK.00688,中国海外发展,2021-02-04 00:00:00,12.96,13.02,13.22,12.76,4.233,0.00222,24305885.0,427780186.0,-0.9132420091324277,13.14
HK.00688,中国海外发展,2021-02-05 00:00:00,12.98,13.26,13.4,12.8,4.291,0.00213,23265669.0,414745520.0,1.8433179723502322,13.02
HK.00688,中国海外发展,2021-02-08 00:00:00,13.36,13.72,14.06,13.22,4.401,0.00424,46418846.0,853766306.0,3.4690799396681813,13.26
HK.00688,中国海外发展,2021-02-09 00:00:00,13.52,13.36,13.68,13.18,4.315,0.00204,22300113.0,403035305.0,-2.6239067055393672,13.72
HK.00688,中国海外发展,2021-02-10 00:00:00,13.4,13.5,13.8,13.4,4.349,0.0008,8779042.0,159396095.0,1.0479041916167708,13.36
HK.00688,中国海外发展,2021-02-11 00:00:00,13.4,13.48,13.56,13.32,4.344,0.00054,5906306.0,106727044.0,-0.148148148148145,13.5
HK.00688,中国海外发展,2021-02-16 00:00:00,13.74,13.88,14.0,13.56,4.44,0.00229,25107169.0,464980366.0,2.9673590504451064,13.48
HK.00688,中国海外发展,2021-02-17 00:00:00,13.92,13.86,14.0,13.6,4.435,0.00199,21834085.0,402625848.0,-0.14409221902018263,13.88
HK.00688,中国海外发展,2021-02-18 00:00:00,13.96,13.78,14.3,13.62,4.416,0.00296,32438794.0,602377577.0,-0.5772005772005777,13.86
HK.00688,中国海外发展,2021-02-19 00:00:00,13.78,14.2,14.2,13.52,4.516,0.00282,30907083.0,572989501.0,3.047895500725689,13.78
HK.00688,中国海外发展,2021-02-22 00:00:00,14.36,14.08,14.56,13.98,4.488,0.00346,37869501.0,718495722.0,-0.8450704225352058,14.2
HK.00688,中国海外发展,2021-02-23 00:00:00,14.08,14.42,14.62,14.08,4.569,0.00312,34098635.0,650938745.0,2.414772727272726,14.08
HK.00688,中国海外发展,2021-02-24 00:00:00,14.7,14.02,14.72,13.9,4.473,0.00282,30912643.0,583667877.0,-2.773925104022194,14.42
HK.00688,中国海外发展,2021-02-25 00:00:00,14.36,15.46,16.36,14.22,4.818,0.0108,118244045.0,2390168239.0,10.271041369472192,14.02
HK.00688,中国海外发展,2021-02-26 00:00:00,14.84,15.0,15.56,14.76,4.708,0.00449,49182752.0,967203818.0,-2.975420439844766,15.46
HK.00688,中国海外发展,2021-03-01 00:00:00,15.61,14.86,15.61,14.48,4.675,0.00311,34021430.0,661823925.0,-0.933333333333337,15.0
HK.00688,中国海外发展,2021-03-02 00:00:00,15.14,14.5,15.2,14.46,4.588,0.00277,30365785.0,585954457.0,-2.4226110363391617,14.86
HK.00688,中国海外发展,2021-03-03 00:00:00,14.5,14.64,14.82,14.5,4.622,0.00128,14059846.0,271490415.0,0.9655172413793143,14.5
HK.00688,中国海外发展,2021-03-04 00:00:00,14.5,14.36,14.62,14.18,4.555,0.00222,24296341.0,461520162.0,-1.9125683060109366,14.64
HK.00688,中国海外发展,2021-03-05 00:00:00,14.06,14.2,14.38,13.86,4.516,0.00258,28186812.0,527849233.0,-1.1142061281337057,14.36
HK.00688,中国海外发展,2021-03-08 00:00:00,14.2,14.22,14.46,14.0,4.521,0.00197,21562836.0,406569451.0,0.1408450704225447,14.2
HK.00688,中国海外发展,2021-03-09 00:00:00,14.64,14.62,15.14,14.44,4.617,0.00294,32209259.0,623747804.0,2.812939521800271,14.22
HK.00688,中国海外发展,2021-03-10 00:00:00,14.62,14.7,14.78,14.22,4.636,0.00192,20989678.0,403091369.0,0.5471956224350211,14.62
HK.00688,中国海外发展,2021-03-11 00:00:00,14.66,14.88,15.04,14.56,4.679,0.00206,22597632.0,440582960.0,1.2244897959183776,14.7
HK.00688,中国海外发展,2021-03-12 00:00:00,15.0,15.0,15.34,14.64,4.708,0.00297,32543663.0,640423501.0,0.8064516129032205,14.88
HK.00688,中国海外发展,2021-03-15 00:00:00,15.06,15.36,15.61,14.86,4.795,0.00261,28600447.0,570605598.0,2.3999999999999964,15.0
HK.00688,中国海外发展,2021-03-16 00:00:00,15.56,16.26,16.36,15.36,5.01,0.00513,56201496.0,1163635902.0,5.859375000000014,15.36
HK.00688,中国海外发展,2021-03-17 00:00:00,16.36,16.46,16.76,16.01,5.058,0.00391,42817975.0,900820794.0,1.2300123001229968,16.26
HK.00688,中国海外发展,2021-03-18 00:00:00,16.66,16.31,16.76,16.11,5.022,0.00256,27998059.0,589604740.0,-0.9113001215066958,16.46
HK.00688,中国海外发展,2021-03-19 00:00:00,16.01,15.96,16.36,15.71,4.938,0.00536,58660053.0,1209019214.0,-2.145922746781103,16.31
HK.00688,中国海外发展,2021-03-22 00:00:00,15.91,16.56,16.76,15.76,5.082,0.00389,42599167.0,901148160.0,3.759398496240588,15.96
HK.00688,中国海外发展,2021-03-23 00:00:00,16.71,16.46,16.76,16.06,5.058,0.00196,21455804.0,450527370.0,-0.603864734299504,16.56
HK.00688,中国海外发展,2021-03-24 00:00:00,16.41,16.16,16.71,15.86,4.986,0.00235,25771462.0,536318477.0,-1.82260024301337,16.46
HK.00688,中国海外发展,2021-03-25 00:00:00,15.71,15.81,16.11,15.51,4.902,0.00167,18272871.0,373735596.0,-2.1658415841584135,16.16
HK.00688,中国海外发展,2021-03-26 00:00:00,15.96,15.86,15.96,15.61,4.914,0.00199,21810041.0,445614672.0,0.3162555344718465,15.81
HK.00688,中国海外发展,2021-03-29 00:00:00,15.86,17.16,17.31,15.86,5.226,0.00564,61738976.0,1336730261.0,8.196721311475414,15.86
HK.00688,中国海外发展,2021-03-30 00:00:00,17.31,16.21,17.31,15.86,4.376,0.00559,61176608.0,1275271675.0,-5.536130536130532,17.16
HK.00688,中国海外发展,2021-03-31 00:00:00,16.16,15.56,16.21,15.41,4.24,0.00375,41030194.0,832249331.0,-4.009870450339299,16.21
HK.00688,中国海外发展,2021-04-01 00:00:00,15.76,15.56,15.96,15.34,4.24,0.00136,14908238.0,300906793.0,0.0,15.56
HK.00688,中国海外发展,2021-04-07 00:00:00,15.66,15.24,15.71,15.18,4.172,0.00204,22273120.0,445873546.0,-2.0565552699228813,15.56
HK.00688,中国海外发展,2021-04-08 00:00:00,15.16,15.26,15.34,14.82,4.177,0.00196,21416815.0,422411299.0,0.13123359580052213,15.24
HK.00688,中国海外发展,2021-04-09 00:00:00,15.26,15.24,15.41,15.04,4.172,0.00115,12540478.0,248272284.0,-0.1310615989515044,15.26
HK.00688,中国海外发展,2021-04-12 00:00:00,15.12,15.04,15.28,14.86,4.13,0.00113,12328862.0,242147358.0,-1.3123359580052563,15.24
HK.00688,中国海外发展,2021-04-13 00:00:00,14.98,15.06,15.28,14.92,4.135,0.00117,12774440.0,252156842.0,0.13297872340426428,15.04
HK.00688,中国海外发展,2021-04-14 00:00:00,15.24,15.24,15.51,15.0,4.172,0.00135,14809153.0,293862767.0,1.1952191235059741,15.06
HK.00688,中国海外发展,2021-04-15 00:00:00,15.24,15.2,15.32,15.12,4.164,0.00091,9991935.0,198319921.0,-0.2624671916010559,15.24
HK.00688,中国海外发展,2021-04-16 00:00:00,15.2,15.51,15.56,14.9,4.229,0.00168,18441433.0,368286351.0,2.0394736842105297,15.2
HK.00688,中国海外发展,2021-04-19 00:00:00,15.46,15.28,15.71,15.24,4.181,0.00135,14756971.0,295435584.0,-1.4829142488716984,15.51
HK.00688,中国海外发展,2021-04-20 00:00:00,15.1,15.36,15.61,15.02,4.198,0.00109,11922076.0,238754816.0,0.5235602094240842,15.28
HK.00688,中国海外发展,2021-04-21 00:00:00,15.32,15.22,15.34,15.12,4.168,0.00116,12737742.0,253271547.0,-0.9114583333333256,15.36
HK.00688,中国海外发展,2021-04-22 00:00:00,15.18,15.41,15.56,15.18,4.208,0.00115,12618275.0,252618766.0,1.248357424441521,15.22
HK.00688,中国海外发展,2021-04-23 00:00:00,15.28,15.28,15.41,15.06,4.181,0.00173,18962312.0,376861086.0,-0.8436080467229122,15.41
HK.00688,中国海外发展,2021-04-26 00:00:00,15.3,14.96,15.3,14.74,4.114,0.00228,24928434.0,487352353.0,-2.0942408376963253,15.28
HK.00688,中国海外发展,2021-04-27 00:00:00,14.78,14.92,14.96,14.78,4.105,0.00095,10346861.0,201950779.0,-0.26737967914439115,14.96
HK.00688,中国海外发展,2021-04-28 00:00:00,14.9,14.9,14.96,14.66,4.101,0.00186,20384055.0,396852330.0,-0.1340482573726513,14.92
HK.00688,中国海外发展,2021-04-29 00:00:00,15.04,15.1,15.3,14.9,4.143,0.00109,11876279.0,234484532.0,1.342281879194626,14.9
HK.00688,中国海外发展,2021-04-30 00:00:00,15.1,15.02,15.26,14.9,4.126,0.00102,11148724.0,219194269.0,-0.5298013245033117,15.1
HK.00688,中国海外发展,2021-05-03 00:00:00,14.92,14.74,15.02,14.58,4.068,0.00085,9331297.0,180344140.0,-1.8641810918774926,15.02
HK.00688,中国海外发展,2021-05-04 00:00:00,14.76,14.78,14.9,14.6,4.076,0.00073,8044216.0,155740673.0,0.2713704206241462,14.74
HK.00688,中国海外发展,2021-05-05 00:00:00,14.84,14.86,15.02,14.66,4.093,0.00061,6647795.0,129751947.0,0.5412719891745607,14.78
HK.00688,中国海外发展,2021-05-06 00:00:00,14.86,14.84,14.98,14.6,4.089,0.0011,12017352.0,232995826.0,-0.13458950201883968,14.86
HK.00688,中国海外发展,2021-05-07 00:00:00,14.88,14.9,14.92,14.7,4.101,0.00083,9067129.0,176512380.0,0.4043126684636152,14.84
HK.00688,中国海外发展,2021-05-10 00:00:00,14.98,14.88,15.02,14.74,4.097,0.00097,10615526.0,206759329.0,-0.13422818791946023,14.9
HK.00688,中国海外发展,2021-05-11 00:00:00,14.68,14.34,14.68,14.24,3.984,0.0023,25154560.0,478671048.0,-3.629032258064522,14.88
HK.00688,中国海外发展,2021-05-12 00:00:00,14.32,14.1,14.36,13.9,3.933,0.00225,24679678.0,462135915.0,-1.6736401673640184,14.34
HK.00688,中国海外发展,2021-05-13 00:00:00,14.06,13.8,14.06,13.66,3.87,0.00127,13913927.0,256223542.0,-2.127659574468078,14.1
HK.00688,中国海外发展,2021-05-14 00:00:00,13.94,13.84,14.02,13.7,3.879,0.001,10894423.0,201164105.0,0.2898550724637619,13.8
HK.00688,中国海外发展,2021-05-17 00:00:00,13.96,13.76,14.06,13.7,3.862,0.00126,13774532.0,253949703.0,-0.5780346820809253,13.84
HK.00688,中国海外发展,2021-05-18 00:00:00,13.82,14.24,14.4,13.78,3.963,0.00156,17022880.0,321740625.0,3.4883720930232593,13.76
HK.00688,中国海外发展,2021-05-20 00:00:00,14.22,13.94,14.22,13.8,3.9,0.00144,15769764.0,292941923.0,-2.1067415730337125,14.24
HK.00688,中国海外发展,2021-05-21 00:00:00,14.1,13.84,14.1,13.7,3.879,0.00154,16886896.0,311242727.0,-0.7173601147776159,13.94
HK.00688,中国海外发展,2021-05-24 00:00:00,13.78,13.88,13.88,13.7,3.887,0.00122,13382718.0,246938610.0,0.2890173410404691,13.84
HK.00688,中国海外发展,2021-05-25 00:00:00,13.94,13.88,14.26,13.8,3.887,0.00217,23799274.0,441105950.0,0.0,13.88
HK.00688,中国海外发展,2021-05-26 00:00:00,13.86,14.16,14.36,13.86,3.946,0.00226,24706787.0,465870270.0,2.0172910662824157,13.88
HK.00688,中国海外发展,2021-05-27 00:00:00,14.16,14.18,14.32,14.1,3.95,0.00218,23879130.0,449666638.0,0.14124293785310432,14.16
HK.00688,中国海外发展,2021-05-28 00:00:00,14.24,14.16,14.44,14.1,3.946,0.00152,16678645.0,314088866.0,-0.14104372355429884,14.18
HK.00688,中国海外发展,2021-05-31 00:00:00,14.16,13.92,14.18,13.8,3.895,0.00206,22575619.0,417743400.0,-1.6949152542372896,14.16
HK.00688,中国海外发展,2021-06-01 00:00:00,13.92,13.88,14.02,13.76,3.887,0.0014,15357191.0,283535331.0,-0.28735632183907434,13.92
HK.00688,中国海外发展,2021-06-02 00:00:00,13.88,13.88,14.16,13.82,3.887,0.00129,14083293.0,261332203.0,0.0,13.88
HK.00688,中国海外发展,2021-06-03 00:00:00,13.88,13.88,14.02,13.78,3.887,0.00208,22740410.0,420897815.0,0.0,13.88
HK.00688,中国海外发展,2021-06-04 00:00:00,13.82,13.76,13.88,13.66,3.862,0.00194,21252179.0,391106209.0,-0.8645533141210446,13.88
HK.00688,中国海外发展,2021-06-07 00:00:00,13.76,13.66,13.86,13.5,3.841,0.00259,28322437.0,517517005.0,-0.726744186046509,13.76
HK.00688,中国海外发展,2021-06-08 00:00:00,13.76,14.1,14.2,13.72,3.933,0.00171,18680223.0,349883581.0,3.221083455344067,13.66
HK.00688,中国海外发展,2021-06-09 00:00:00,14.22,14.56,14.64,14.12,4.03,0.00257,28143917.0,539924170.0,3.2624113475177365,14.1
HK.00688,中国海外发展,2021-06-10 00:00:00,14.64,14.92,15.0,14.56,4.105,0.00242,26459879.0,516011749.0,2.4725274725274686,14.56
HK.00688,中国海外发展,2021-06-11 00:00:00,15.0,15.1,15.14,14.88,4.143,0.00209,22927308.0,451578671.0,1.2064343163538855,14.92
HK.00688,中国海外发展,2021-06-15 00:00:00,14.98,14.66,15.06,14.54,4.051,0.00175,19180373.0,370881987.0,-2.9139072847682086,15.1
HK.00688,中国海外发展,2021-06-16 00:00:00,14.66,14.78,14.9,14.56,4.076,0.00134,14686810.0,285003874.0,0.8185538881309632,14.66
HK.00688,中国海外发展,2021-06-17 00:00:00,14.58,14.82,14.86,14.44,4.084,0.00159,17444397.0,338026514.0,0.2706359945872864,14.78
HK.00688,中国海外发展,2021-06-18 00:00:00,14.68,14.22,14.7,14.1,3.958,0.00359,39252237.0,742568193.0,-4.048582995951414,14.82
HK.00688,中国海外发展,2021-06-21 00:00:00,14.04,14.22,14.36,14.04,3.958,0.00122,13312122.0,250422429.0,0.0,14.22
HK.00688,中国海外发展,2021-06-22 00:00:00,14.36,14.12,14.44,14.1,3.937,0.00095,10345469.0,194779735.0,-0.7032348804500803,14.22
HK.00688,中国海外发展,2021-06-23 00:00:00,14.14,14.28,14.34,14.02,3.971,0.00138,15099447.0,284348178.0,1.133144475920681,14.12
HK.00688,中国海外发展,2021-06-24 00:00:00,14.49,14.43,14.59,14.29,3.849,0.00098,10719498.0,197108932.0,1.0504201680672294,14.28
HK.00688,中国海外发展,2021-06-25 00:00:00,14.35,14.43,14.65,14.33,3.849,0.00139,15158963.0,277532777.0,0.0,14.43
HK.00688,中国海外发展,2021-06-28 00:00:00,14.43,14.31,14.77,14.25,3.824,0.0012,13179915.0,240657314.0,-0.8316008316008263,14.43
HK.00688,中国海外发展,2021-06-29 00:00:00,14.29,14.19,14.35,14.11,3.799,0.00171,18713447.0,338327828.0,-0.8385744234800908,14.31
HK.00688,中国海外发展,2021-06-30 00:00:00,14.11,13.73,14.17,13.65,3.702,0.00337,36878553.0,654306593.0,-3.2417195207892817,14.19
HK.00688,中国海外发展,2021-07-02 00:00:00,14.11,13.93,14.11,13.75,3.744,0.00255,27872510.0,495427982.0,1.45666423889293,13.73
HK.00688,中国海外发展,2021-07-05 00:00:00,13.77,13.95,14.29,13.77,3.748,0.00148,16213915.0,290580061.0,0.1435750179468742,13.93
HK.00688,中国海外发展,2021-07-06 00:00:00,14.01,13.87,14.19,13.79,3.732,0.00165,18014947.0,321198351.0,-0.5734767025089611,13.95
HK.00688,中国海外发展,2021-07-07 00:00:00,13.93,14.03,14.09,13.81,3.765,0.00129,14147933.0,252668301.0,1.1535688536409527,13.87
HK.00688,中国海外发展,2021-07-08 00:00:00,14.03,13.95,14.45,13.83,3.748,0.00199,21811533.0,391356487.0,-0.5702066999287247,14.03
HK.00688,中国海外发展,2021-07-09 00:00:00,14.29,13.81,14.29,13.67,3.719,0.00142,15557647.0,275622087.0,-1.0035842293906723,13.95
HK.00688,中国海外发展,2021-07-12 00:00:00,13.99,13.91,14.07,13.77,3.74,0.00087,9511466.0,169339584.0,0.7241129616220104,13.81
HK.00688,中国海外发展,2021-07-13 00:00:00,14.01,14.01,14.15,13.95,3.761,0.00078,8519808.0,152689600.0,0.7189072609633332,13.91
HK.00688,中国海外发展,2021-07-14 00:00:00,13.97,13.91,14.03,13.75,3.74,0.00114,12472164.0,221736655.0,-0.7137758743754435,14.01
HK.00688,中国海外发展,2021-07-15 00:00:00,13.89,14.29,14.37,13.89,3.82,0.0015,16466931.0,298859341.0,2.7318475916606686,13.91
HK.00688,中国海外发展,2021-07-16 00:00:00,14.37,14.47,14.55,14.13,3.858,0.00139,15199563.0,278862332.0,1.2596221133660008,14.29
HK.00688,中国海外发展,2021-07-19 00:00:00,14.39,14.23,14.57,13.99,3.807,0.00157,17165763.0,310696415.0,-1.6586040082930213,14.47
HK.00688,中国海外发展,2021-07-20 00:00:00,14.25,13.89,14.29,13.75,3.736,0.00223,24396718.0,434373777.0,-2.3893183415319736,14.23
HK.00688,中国海外发展,2021-07-21 00:00:00,14.03,13.83,14.21,13.79,3.723,0.00062,6739039.0,119791871.0,-0.43196544276458243,13.89
HK.00688,中国海外发展,2021-07-22 00:00:00,13.83,14.23,14.27,13.83,3.807,0.0015,16454503.0,297674524.0,2.892263195950834,13.83
HK.00688,中国海外发展,2021-07-23 00:00:00,14.23,14.51,14.65,14.17,3.866,0.0014,15367527.0,283003832.0,1.9676739283204452,14.23
HK.00688,中国海外发展,2021-07-26 00:00:00,14.49,14.13,14.49,14.01,3.786,0.00164,17968353.0,324228259.0,-2.618883528600958,14.51
HK.00688,中国海外发展,2021-07-27 00:00:00,14.37,13.69,14.55,13.37,3.694,0.00295,32255278.0,572425262.0,-3.113941967445161,14.13
HK.00688,中国海外发展,2021-07-28 00:00:00,14.09,13.51,14.17,13.37,3.656,0.0025,27314799.0,480368618.0,-1.314828341855367,13.69
HK.00688,中国海外发展,2021-07-29 00:00:00,13.51,13.149999999,13.79,13.03,3.581,0.00332,36350871.0,624630639.0,-2.6646928275351556,13.51
HK.00688,中国海外发展,2021-07-30 00:00:00,12.989999999,12.39,13.25,12.27,3.421,0.00388,42445491.0,698350701.0,-5.779467673443303,13.149999999
HK.00688,中国海外发展,2021-08-02 00:00:00,12.43,12.95,13.149999999,12.43,3.539,0.00255,27932927.0,469189485.0,4.5197740112994245,12.39
HK.00688,中国海外发展,2021-08-03 00:00:00,13.07,12.829999999,13.07,12.57,3.513,0.0017,18569570.0,309862227.0,-0.9266409343629289,12.95
HK.00688,中国海外发展,2021-08-04 00:00:00,12.969999999,12.77,12.969999999,12.669999999,3.501,0.00111,12164861.0,203652532.0,-0.46765392832951636,12.829999999
HK.00688,中国海外发展,2021-08-05 00:00:00,12.63,12.73,12.89,12.61,3.492,0.00151,16506575.0,274708143.0,-0.31323414252152815,12.77
HK.00688,中国海外发展,2021-08-06 00:00:00,12.63,12.489999999,12.69,12.37,3.442,0.00184,20133347.0,330032102.0,-1.885310298507465,12.73
HK.00688,中国海外发展,2021-08-09 00:00:00,12.489999999,13.07,13.45,12.39,3.564,0.00366,40041510.0,682635363.0,4.6437149803557825,12.489999999
HK.00688,中国海外发展,2021-08-10 00:00:00,13.07,13.19,13.33,12.77,3.589,0.00141,15399647.0,262430257.0,0.918133129303743,13.07
HK.00688,中国海外发展,2021-08-11 00:00:00,13.31,14.71,14.99,13.29,3.908,0.00651,71211548.0,1315343227.0,11.523881728582271,13.19
HK.00688,中国海外发展,2021-08-12 00:00:00,14.67,14.65,14.99,14.61,3.895,0.0014,15363325.0,286347264.0,-0.4078857919782494,14.71
HK.00688,中国海外发展,2021-08-13 00:00:00,14.53,14.77,15.07,14.27,3.921,0.00103,11223252.0,210308311.0,0.8191126279863428,14.65
HK.00688,中国海外发展,2021-08-16 00:00:00,14.77,14.93,15.35,14.73,3.954,0.00277,30308009.0,574943046.0,1.0832769126608,14.77
HK.00688,中国海外发展,2021-08-17 00:00:00,14.91,14.93,15.29,14.83,3.954,0.00145,15903197.0,301044122.0,0.0,14.93
HK.00688,中国海外发展,2021-08-18 00:00:00,14.87,14.87,14.97,14.63,3.942,0.0009,9865080.0,184477702.0,-0.4018754186202311,14.93
HK.00688,中国海外发展,2021-08-19 00:00:00,14.33,14.31,14.63,14.13,3.824,0.00206,22599136.0,411629032.0,-3.7659717552118277,14.87
HK.00688,中国海外发展,2021-08-20 00:00:00,14.39,14.07,14.67,13.71,3.774,0.00193,21075509.0,377184656.0,-1.6771488469601692,14.31
HK.00688,中国海外发展,2021-08-23 00:00:00,14.47,13.89,14.53,13.79,3.736,0.00235,25726980.0,460189472.0,-1.2793176972281428,14.07
HK.00688,中国海外发展,2021-08-24 00:00:00,13.89,14.03,14.19,13.75,3.765,0.00132,14472463.0,258220651.0,1.0079193664506751,13.89
HK.00688,中国海外发展,2021-08-25 00:00:00,13.91,13.91,14.27,13.63,3.74,0.00147,16100627.0,285208309.0,-0.8553100498930808,14.03
HK.00688,中国海外发展,2021-08-26 00:00:00,13.73,13.65,13.95,13.37,3.685,0.00145,15884783.0,278194392.0,-1.8691588785046713,13.91
HK.00688,中国海外发展,2021-08-27 00:00:00,13.65,13.81,13.95,13.61,3.719,0.00095,10402456.0,183928650.0,1.172161172161173,13.65
HK.00688,中国海外发展,2021-08-30 00:00:00,13.83,13.93,14.15,13.65,3.744,0.00185,20281954.0,360906959.0,0.86893555394641,13.81
HK.00688,中国海外发展,2021-08-31 00:00:00,13.77,13.99,14.01,13.41,3.757,0.00274,30043148.0,532270346.0,0.4307250538406353,13.93
HK.00688,中国海外发展,2021-09-01 00:00:00,13.97,13.95,14.13,13.73,3.748,0.0012,13188225.0,236109560.0,-0.28591851322373785,13.99
HK.00688,中国海外发展,2021-09-02 00:00:00,13.95,13.85,14.09,13.71,3.727,0.00147,16100441.0,286224213.0,-0.7168458781361982,13.95
HK.00688,中国海外发展,2021-09-03 00:00:00,13.85,14.25,14.29,13.85,3.811,0.00181,19855197.0,359726512.0,2.8880866425992804,13.85
HK.00688,中国海外发展,2021-09-06 00:00:00,14.33,14.13,14.57,13.99,3.786,0.00112,12297881.0,222195605.0,-0.8421052631578891,14.25
HK.00688,中国海外发展,2021-09-07 00:00:00,13.99,13.91,14.11,13.73,3.74,0.00131,14381714.0,255129046.0,-1.5569709837225805,14.13
HK.00688,中国海外发展,2021-09-08 00:00:00,13.93,13.91,14.03,13.77,3.74,0.00131,14297612.0,254855715.0,0.0,13.91
HK.00688,中国海外发展,2021-09-09 00:00:00,13.99,13.73,13.99,13.41,3.702,0.00157,17165382.0,300623341.0,-1.2940330697340023,13.91
HK.00688,中国海外发展,2021-09-10 00:00:00,13.59,13.99,14.13,13.59,3.757,0.00133,14602413.0,260530798.0,1.8936635105608142,13.73
HK.00688,中国海外发展,2021-09-13 00:00:00,13.99,14.21,14.31,13.83,3.803,0.00168,18404944.0,332764658.0,1.5725518227305262,13.99
HK.00688,中国海外发展,2021-09-14 00:00:00,14.31,13.91,14.53,13.75,3.74,0.00141,15445683.0,276647896.0,-2.1111893033075346,14.21
HK.00688,中国海外发展,2021-09-15 00:00:00,13.91,13.49,14.07,13.33,3.652,0.00229,25116686.0,439122189.0,-3.0194104960460098,13.91
HK.00688,中国海外发展,2021-09-16 00:00:00,13.54,13.08,13.599999999,12.86,3.471,0.00249,27289814.0,450586598.0,-3.039288361749445,13.49
HK.00688,中国海外发展,2021-09-17 00:00:00,12.96,12.64,12.98,12.36,3.379,0.00346,37848543.0,608567737.0,-3.363914373088681,13.08
HK.00688,中国海外发展,2021-09-20 00:00:00,12.54,12.36,12.64,11.96,3.32,0.00212,23169692.0,363533830.0,-2.2151898734177307,12.64
HK.00688,中国海外发展,2021-09-21 00:00:00,12.46,12.86,13.02,12.24,3.425,0.00191,20905756.0,337731745.0,4.045307443365696,12.36
HK.00688,中国海外发展,2021-09-23 00:00:00,13.46,13.88,14.2,13.259999999,3.639,0.00526,57608948.0,997227209.0,7.931570762052888,12.86
HK.00688,中国海外发展,2021-09-24 00:00:00,13.72,13.599999999,13.96,13.439999999,3.581,0.00132,14431292.0,246665585.0,-2.01729107348704,13.88
HK.00688,中国海外发展,2021-09-27 00:00:00,13.9,13.119999999,13.9,13.06,3.48,0.00199,21773772.0,364367209.0,-3.529411764965401,13.599999999
HK.00688,中国海外发展,2021-09-28 00:00:00,13.119999999,14.1,14.48,13.04,3.685,0.00381,41685037.0,733939573.0,7.469512203313229,13.119999999
HK.00688,中国海外发展,2021-09-29 00:00:00,14.02,14.32,14.62,13.9,3.732,0.00223,24366528.0,434521253.0,1.5602836879432669,14.1
HK.00688,中国海外发展,2021-09-30 00:00:00,14.3,14.28,14.6,14.2,3.723,0.00173,18928250.0,337582936.0,-0.2793296089385539,14.32
HK.00688,中国海外发展,2021-10-04 00:00:00,14.26,14.44,14.52,13.92,3.757,0.00161,17599772.0,313751781.0,1.1204481792717098,14.28
HK.00688,中国海外发展,2021-10-05 00:00:00,14.22,14.1,14.22,13.84,3.685,0.0011,12066505.0,211104495.0,-2.3545706371191124,14.44
HK.00688,中国海外发展,2021-10-06 00:00:00,14.14,14.0,14.14,13.619999999,3.664,0.00107,11693407.0,202390666.0,-0.7092198581560258,14.1
HK.00688,中国海外发展,2021-10-07 00:00:00,14.24,14.12,14.44,13.9,3.69,0.00089,9738587.0,171470141.0,0.8571428571428517,14.0
HK.00688,中国海外发展,2021-10-08 00:00:00,14.1,13.98,14.3,13.76,3.66,0.0016,17499606.0,305696105.0,-0.9915014164305864,14.12
HK.00688,中国海外发展,2021-10-11 00:00:00,13.98,14.4,14.6,13.94,3.748,0.00338,37021913.0,661600645.0,3.0042918454935617,13.98
HK.00688,中国海外发展,2021-10-12 00:00:00,14.24,14.48,14.76,13.98,3.765,0.00276,30227190.0,543482341.0,0.555555555555556,14.4
HK.00688,中国海外发展,2021-10-15 00:00:00,14.2,13.84,14.36,13.16,3.631,0.00461,50496384.0,865226937.0,-4.419889502762435,14.48
HK.00688,中国海外发展,2021-10-18 00:00:00,13.92,13.86,14.04,13.64,3.635,0.00203,22220299.0,383889711.0,0.14450867052022812,13.84
HK.00688,中国海外发展,2021-10-19 00:00:00,13.86,13.92,14.0,13.72,3.648,0.00108,11831824.0,205096955.0,0.43290043290043656,13.86
HK.00688,中国海外发展,2021-10-20 00:00:00,13.86,13.84,13.92,13.66,3.631,0.00122,13375706.0,230864455.0,-0.5747126436781614,13.92
HK.00688,中国海外发展,2021-10-21 00:00:00,14.04,14.68,15.04,13.94,3.807,0.00461,50472286.0,918376983.0,6.06936416184971,13.84
HK.00688,中国海外发展,2021-10-22 00:00:00,15.04,15.16,15.58,15.04,3.908,0.00427,46753424.0,878448272.0,3.2697547683923736,14.68
HK.00688,中国海外发展,2021-10-25 00:00:00,14.68,14.76,15.04,14.38,3.824,0.00393,43002314.0,779993334.0,-2.6385224274406354,15.16
HK.00688,中国海外发展,2021-10-26 00:00:00,14.88,14.14,14.88,13.9,3.694,0.00269,29449675.0,517761674.0,-4.200542005420049,14.76
HK.00688,中国海外发展,2021-10-27 00:00:00,14.04,14.06,14.3,13.94,3.677,0.00064,7055935.0,123955029.0,-0.5657708628005662,14.14
HK.00688,中国海外发展,2021-10-28 00:00:00,14.06,13.88,14.26,13.78,3.639,0.00119,12994233.0,225646583.0,-1.2802275960170675,14.06
HK.00688,中国海外发展,2021-10-29 00:00:00,13.7,13.7,13.88,13.48,3.602,0.00117,12773408.0,219045961.0,-1.2968299711815667,13.88
HK.00688,中国海外发展,2021-11-01 00:00:00,13.599999999,13.619999999,13.66,13.259999999,3.585,0.00122,13306672.0,225548399.0,-0.5839416131386873,13.7
HK.00688,中国海外发展,2021-11-02 00:00:00,13.78,13.22,13.8,13.08,3.501,0.0023,25133816.0,419976323.0,-2.936857555281697,13.619999999
HK.00688,中国海外发展,2021-11-03 00:00:00,13.22,13.259999999,13.54,13.08,3.509,0.00097,10656600.0,177826573.0,0.3025718532526404,13.22
HK.00688,中国海外发展,2021-11-04 00:00:00,13.259999999,13.06,13.3,12.86,3.467,0.00242,26477442.0,436050851.0,-1.5082956185149483,13.259999999
HK.00688,中国海外发展,2021-11-05 00:00:00,13.04,12.9,13.08,12.64,3.434,0.00163,17800331.0,290711765.0,-1.225114854517612,13.06
HK.00688,中国海外发展,2021-11-08 00:00:00,12.84,13.22,13.38,12.84,3.501,0.00085,9301057.0,154790869.0,2.480620155038762,12.9
HK.00688,中国海外发展,2021-11-09 00:00:00,13.22,13.22,13.279999999,12.96,3.501,0.00094,10255461.0,170329643.0,0.0,13.22
HK.00688,中国海外发展,2021-11-10 00:00:00,13.22,14.34,14.44,12.96,3.736,0.00418,45772590.0,799061966.0,8.472012102874427,13.22
HK.00688,中国海外发展,2021-11-11 00:00:00,14.06,15.24,15.54,14.06,3.925,0.00805,88157361.0,1647170904.0,6.276150627615065,14.34
HK.00688,中国海外发展,2021-11-12 00:00:00,15.6,15.1,15.76,14.94,3.895,0.00222,24335411.0,455847743.0,-0.9186351706036784,15.24
HK.00688,中国海外发展,2021-11-15 00:00:00,14.92,14.94,14.94,14.46,3.862,0.00184,20161161.0,367034470.0,-1.0596026490066235,15.1
HK.00688,中国海外发展,2021-11-16 00:00:00,15.06,15.16,15.6,15.02,3.908,0.00156,17051305.0,318195596.0,1.4725568942436456,14.94
HK.00688,中国海外发展,2021-11-17 00:00:00,15.16,14.9,15.16,14.78,3.853,0.00097,10658547.0,196093869.0,-1.71503957783641,15.16
HK.00688,中国海外发展,2021-11-18 00:00:00,14.9,14.56,14.94,14.38,3.782,0.00105,11495464.0,206851566.0,-2.2818791946308714,14.9
HK.00688,中国海外发展,2021-11-19 00:00:00,14.56,15.06,15.38,14.44,3.887,0.00242,26440762.0,489544889.0,3.434065934065934,14.56
HK.00688,中国海外发展,2021-11-22 00:00:00,15.08,15.14,15.74,14.78,3.904,0.0015,16452072.0,307917370.0,0.5312084993359899,15.06
HK.00688,中国海外发展,2021-11-23 00:00:00,15.16,15.2,15.38,14.94,3.916,0.00125,13706455.0,256282134.0,0.39630118890355825,15.14
HK.00688,中国海外发展,2021-11-24 00:00:00,15.36,15.36,15.56,15.18,3.95,0.00127,13936945.0,262167412.0,1.0526315789473695,15.2
HK.00688,中国海外发展,2021-11-25 00:00:00,15.34,15.4,15.54,15.26,3.958,0.0011,12063001.0,227813424.0,0.2604166666666727,15.36
HK.00688,中国海外发展,2021-11-26 00:00:00,15.14,15.06,15.4,15.02,3.887,0.00115,12616728.0,234939411.0,-2.207792207792207,15.4
HK.00688,中国海外发展,2021-11-29 00:00:00,15.54,14.84,15.54,14.64,3.841,0.00096,10461361.0,191990911.0,-1.460823373173975,15.06
HK.00688,中国海外发展,2021-11-30 00:00:00,14.84,14.5,15.04,14.26,3.769,0.00197,21559996.0,386847235.0,-2.2911051212937994,14.84
HK.00688,中国海外发展,2021-12-01 00:00:00,14.6,14.68,15.32,14.42,3.807,0.00136,14921541.0,273561810.0,1.2413793103448256,14.5
HK.00688,中国海外发展,2021-12-02 00:00:00,14.68,15.18,15.48,14.5,3.912,0.00228,24935053.0,466129937.0,3.4059945504087197,14.68
HK.00688,中国海外发展,2021-12-03 00:00:00,15.1,15.24,15.34,14.82,3.925,0.00151,16576533.0,308948143.0,0.3952569169960507,15.18
HK.00688,中国海外发展,2021-12-06 00:00:00,15.44,15.24,15.86,15.18,3.925,0.00142,15525496.0,293091689.0,0.0,15.24
HK.00688,中国海外发展,2021-12-07 00:00:00,15.36,15.6,15.76,15.06,4.0,0.00271,29676837.0,563690555.0,2.362204724409445,15.24
HK.00688,中国海外发展,2021-12-08 00:00:00,15.74,15.8,15.84,15.58,4.042,0.0017,18645004.0,358405330.0,1.282051282051289,15.6
HK.00688,中国海外发展,2021-12-09 00:00:00,15.84,16.14,16.3,15.8,4.114,0.00205,22395296.0,437479098.0,2.1518987341772142,15.8
HK.00688,中国海外发展,2021-12-10 00:00:00,16.06,16.06,16.4,15.96,4.097,0.00179,19543634.0,383951992.0,-0.49566294919455917,16.14
HK.00688,中国海外发展,2021-12-13 00:00:00,16.32,15.66,16.4,15.52,4.013,0.00241,26402760.0,508182254.0,-2.4906600249065916,16.06
HK.00688,中国海外发展,2021-12-14 00:00:00,15.42,14.96,15.58,14.84,3.866,0.00189,20713755.0,383703739.0,-4.469987228607914,15.66
HK.00688,中国海外发展,2021-12-15 00:00:00,14.9,14.92,15.32,14.56,3.858,0.0016,17557015.0,324580187.0,-0.26737967914439115,14.96
HK.00688,中国海外发展,2021-12-16 00:00:00,14.92,15.1,15.36,14.86,3.895,0.00102,11115877.0,206463477.0,1.2064343163538855,14.92
HK.00688,中国海外发展,2021-12-17 00:00:00,15.32,15.22,15.38,14.98,3.921,0.00116,12654935.0,236550289.0,0.7947019867549735,15.1
HK.00688,中国海外发展,2021-12-20 00:00:00,15.22,15.02,15.38,14.88,3.879,0.00131,14382731.0,266246105.0,-1.3140604467805588,15.22
HK.00688,中国海外发展,2021-12-21 00:00:00,14.84,15.28,15.46,14.84,3.933,0.00147,16143410.0,302493794.0,1.731025299600531,15.02
HK.00688,中国海外发展,2021-12-22 00:00:00,15.34,14.98,15.34,14.76,3.87,0.00147,16063520.0,295964927.0,-1.9633507853403072,15.28
HK.00688,中国海外发展,2021-12-23 00:00:00,15.24,15.02,15.24,14.84,3.879,0.00109,11882995.0,219326574.0,0.2670226969292333,14.98
HK.00688,中国海外发展,2021-12-24 00:00:00,15.14,15.0,15.14,14.68,3.874,0.00041,4446494.0,81465533.0,-0.13315579227696123,15.02
HK.00688,中国海外发展,2021-12-28 00:00:00,15.04,15.06,15.3,14.88,3.887,0.00111,12110233.0,224682588.0,0.4000000000000033,15.0
HK.00688,中国海外发展,2021-12-29 00:00:00,15.22,14.92,15.22,14.78,3.858,0.00047,5150838.0,94656430.0,-0.9296148738379851,15.06
HK.00688,中国海外发展,2021-12-30 00:00:00,14.92,15.0,15.12,14.8,3.874,0.00054,5955642.0,109860515.0,0.5361930294906171,14.92
HK.00688,中国海外发展,2021-12-31 00:00:00,15.18,15.0,15.18,14.88,3.874,0.00033,3612847.0,66839061.0,0.0,15.0
HK.00688,中国海外发展,2022-01-03 00:00:00,15.22,14.96,15.22,14.7,3.866,0.00046,4996388.0,91624785.0,-0.266666666666661,15.0
HK.00688,中国海外发展,2022-01-04 00:00:00,15.02,16.0,16.28,14.98,4.084,0.0035,38286351.0,742103165.0,6.951871657754005,14.96
HK.00688,中国海外发展,2022-01-05 00:00:00,16.0,16.28,16.59,15.94,4.143,0.00318,34814599.0,687618041.0,1.750000000000007,16.0
HK.00688,中国海外发展,2022-01-06 00:00:00,16.52,16.89,16.99,16.32,4.271,0.00424,46456123.0,939010867.0,3.7469287469287433,16.28
HK.00688,中国海外发展,2022-01-07 00:00:00,16.69,18.74,19.04,16.48,4.659,0.00914,99985483.0,2172603958.0,10.953226761397264,16.89
HK.00688,中国海外发展,2022-01-10 00:00:00,18.54,18.64,19.49,18.24,4.638,0.00331,36237977.0,803825291.0,-0.5336179295624219,18.74
HK.00688,中国海外发展,2022-01-11 00:00:00,18.54,19.39,19.64,18.24,4.796,0.0061,66751382.0,1520000040.0,4.023605150214593,18.64
HK.00688,中国海外发展,2022-01-12 00:00:00,19.04,19.14,19.34,18.54,4.743,0.00282,30824594.0,693036287.0,-1.2893243940175347,19.39
HK.00688,中国海外发展,2022-01-13 00:00:00,18.99,18.69,19.49,18.44,4.649,0.00242,26470889.0,588515863.0,-2.351097178683382,19.14
HK.00688,中国海外发展,2022-01-14 00:00:00,18.64,18.64,19.24,18.39,4.638,0.0031,33972799.0,754151799.0,-0.26752273943285554,18.69
HK.00688,中国海外发展,2022-01-17 00:00:00,18.54,18.39,18.84,18.09,4.586,0.00238,26087586.0,570984404.0,-1.3412017167381975,18.64
HK.00688,中国海外发展,2022-01-18 00:00:00,18.39,18.79,19.34,18.19,4.67,0.00291,31802065.0,709540568.0,2.1750951604132602,18.39
HK.00688,中国海外发展,2022-01-19 00:00:00,19.19,19.89,20.19,19.19,4.901,0.00359,39328528.0,913621009.0,5.854177754124542,18.79
HK.00688,中国海外发展,2022-01-20 00:00:00,20.14,19.59,20.54,19.34,4.838,0.0033,36083858.0,842112646.0,-1.5082956259426883,19.89
HK.00688,中国海外发展,2022-01-21 00:00:00,19.59,19.99,20.14,19.34,4.922,0.00319,34926519.0,814601076.0,2.0418580908626778,19.59
HK.00688,中国海外发展,2022-01-24 00:00:00,19.79,19.99,20.24,19.59,4.922,0.00227,24848041.0,581830126.0,0.0,19.99
HK.00688,中国海外发展,2022-01-25 00:00:00,19.69,19.79,20.09,19.44,4.88,0.00282,30911266.0,717615192.0,-1.000500250125059,19.99
HK.00688,中国海外发展,2022-01-26 00:00:00,19.79,19.94,20.14,19.54,4.911,0.00205,22398226.0,524344573.0,0.7579585649317946,19.79
HK.00688,中国海外发展,2022-01-27 00:00:00,19.64,19.59,19.99,19.39,4.838,0.00215,23583447.0,544094382.0,-1.7552657973921835,19.94
HK.00688,中国海外发展,2022-01-28 00:00:00,19.44,19.49,19.99,19.29,4.817,0.00155,16984276.0,390151527.0,-0.5104645227156785,19.59
HK.00688,中国海外发展,2022-01-31 00:00:00,19.49,19.49,19.94,19.04,4.817,0.00074,8095402.0,186460665.0,0.0,19.49
HK.00688,中国海外发展,2022-02-04 00:00:00,20.34,20.04,20.34,19.79,4.932,0.00173,18906975.0,444260692.0,2.8219599794766586,19.49
HK.00688,中国海外发展,2022-02-07 00:00:00,20.04,20.09,20.49,19.69,4.943,0.00171,18758571.0,442625632.0,0.24950099800399558,20.04
HK.00688,中国海外发展,2022-02-08 00:00:00,20.19,20.24,20.49,19.64,4.974,0.00147,16141544.0,381559211.0,0.746640119462412,20.09
HK.00688,中国海外发展,2022-02-09 00:00:00,20.34,19.99,20.39,19.84,4.922,0.00193,21144909.0,497553375.0,-1.2351778656126484,20.24
HK.00688,中国海外发展,2022-02-10 00:00:00,20.09,20.89,21.04,19.99,5.111,0.0031,33944081.0,823977204.0,4.502251125562792,19.99
HK.00688,中国海外发展,2022-02-11 00:00:00,21.04,21.39,22.04,20.94,5.216,0.00311,34005125.0,848307203.0,2.3934897079942554,20.89
HK.00688,中国海外发展,2022-02-14 00:00:00,21.09,20.64,21.24,20.39,5.058,0.00264,28946868.0,699443934.0,-3.506311360448808,21.39
HK.00688,中国海外发展,2022-02-15 00:00:00,20.59,20.49,20.69,20.24,5.027,0.00187,20490930.0,490345772.0,-0.7267441860465219,20.64
HK.00688,中国海外发展,2022-02-16 00:00:00,20.64,20.99,21.49,20.34,5.132,0.00171,18762174.0,459826292.0,2.440214738897023,20.49
HK.00688,中国海外发展,2022-02-17 00:00:00,21.44,20.79,21.49,20.59,5.09,0.00138,15145022.0,368488511.0,-0.9528346831824646,20.99
HK.00688,中国海外发展,2022-02-18 00:00:00,20.79,21.49,21.89,20.69,5.237,0.00218,23850206.0,595711017.0,3.3670033670033637,20.79
HK.00688,中国海外发展,2022-02-21 00:00:00,21.54,21.99,22.19,21.24,5.342,0.00263,28759460.0,725752611.0,2.326663564448581,21.49
HK.00688,中国海外发展,2022-02-22 00:00:00,21.39,21.84,21.94,21.19,5.31,0.00189,20700467.0,521790251.0,-0.6821282401091341,21.99
HK.00688,中国海外发展,2022-02-23 00:00:00,21.59,21.64,21.84,21.39,5.268,0.00163,17840162.0,447108437.0,-0.9157509157509125,21.84
HK.00688,中国海外发展,2022-02-24 00:00:00,21.14,20.49,21.74,20.34,5.027,0.00374,40910442.0,990919544.0,-5.3142329020332815,21.64
HK.00688,中国海外发展,2022-02-25 00:00:00,20.49,20.14,20.94,19.94,4.953,0.00245,26826265.0,634942430.0,-1.7081503172279058,20.49
HK.00688,中国海外发展,2022-02-28 00:00:00,20.29,20.39,20.49,19.79,5.006,0.00156,17025142.0,403105019.0,1.2413108242303872,20.14
HK.00688,中国海外发展,2022-03-01 00:00:00,20.19,20.29,20.69,20.09,4.985,0.0015,16397523.0,389848776.0,-0.49043648847474947,20.39
HK.00688,中国海外发展,2022-03-02 00:00:00,19.99,20.34,20.89,19.89,4.995,0.00146,15938597.0,379126300.0,0.24642681123706608,20.29
HK.00688,中国海外发展,2022-03-03 00:00:00,20.29,21.09,21.29,19.99,5.153,0.00174,19069631.0,466490747.0,3.687315634218289,20.34
HK.00688,中国海外发展,2022-03-04 00:00:00,20.74,20.74,21.44,20.64,5.079,0.00209,22843718.0,557096030.0,-1.6595542911332453,21.09
HK.00688,中国海外发展,2022-03-07 00:00:00,19.94,21.19,21.94,19.69,5.174,0.00378,41362346.0,1013598046.0,2.1697203471552693,20.74
HK.00688,中国海外发展,2022-03-08 00:00:00,21.44,20.94,21.44,20.69,5.121,0.00227,24873767.0,607214172.0,-1.1798017932987257,21.19
HK.00688,中国海外发展,2022-03-09 00:00:00,20.54,19.94,21.34,19.44,4.911,0.00268,29372169.0,693594618.0,-4.775549188156638,20.94
HK.00688,中国海外发展,2022-03-10 00:00:00,20.34,19.94,20.34,19.64,4.911,0.00278,30405743.0,709635715.0,0.0,19.94
HK.00688,中国海外发展,2022-03-11 00:00:00,19.94,19.14,19.94,18.74,4.743,0.00365,39932818.0,903406610.0,-4.0120361083249785,19.94
HK.00688,中国海外发展,2022-03-14 00:00:00,18.84,18.09,18.89,17.84,4.523,0.00467,51108544.0,1107739726.0,-5.485893416927904,19.14
HK.00688,中国海外发展,2022-03-15 00:00:00,16.69,15.98,17.59,15.72,4.08,0.00751,82196954.0,1653715850.0,-11.663902708678824,18.09
HK.00688,中国海外发展,2022-03-16 00:00:00,16.54,18.04,18.29,16.1,4.513,0.00576,63050035.0,1307059182.0,12.89111389236545,15.98
HK.00688,中国海外发展,2022-03-17 00:00:00,19.54,19.64,19.74,18.89,4.848,0.00611,66876395.0,1526424251.0,8.869179600886925,18.04
HK.00688,中国海外发展,2022-03-18 00:00:00,19.24,20.49,20.64,18.69,5.025,0.00808,88397039.0,2097801401.0,4.327902240325854,19.64
HK.00688,中国海外发展,2022-03-21 00:00:00,20.64,19.44,20.64,19.09,4.804,0.00223,24449898.0,563739571.0,-5.124450951683734,20.49
HK.00688,中国海外发展,2022-03-22 00:00:00,19.39,20.09,20.29,18.94,4.941,0.00221,24215965.0,564241736.0,3.3436213991769472,19.44
HK.00688,中国海外发展,2022-03-23 00:00:00,19.64,20.54,20.84,19.39,5.035,0.00386,42276878.0,1002936089.0,2.239920358387254,20.09
HK.00688,中国海外发展,2022-03-24 00:00:00,20.09,20.14,20.74,19.89,4.951,0.00215,23545102.0,560112666.0,-1.9474196689386496,20.54
HK.00688,中国海外发展,2022-03-25 00:00:00,19.89,20.14,20.64,19.79,4.951,0.00129,14098065.0,332941550.0,0.0,20.14
HK.00688,中国海外发展,2022-03-28 00:00:00,20.09,20.29,20.39,19.74,4.983,0.00091,10004605.0,235900796.0,0.7447864945382253,20.14
HK.00688,中国海外发展,2022-03-29 00:00:00,20.19,19.79,20.29,19.59,4.878,0.00114,12491448.0,291062628.0,-2.464268112370626,20.29
HK.00688,中国海外发展,2022-03-30 00:00:00,20.24,20.44,21.04,19.69,5.014,0.00277,30276542.0,720931921.0,3.284487114704407,19.79
HK.00688,中国海外发展,2022-03-31 00:00:00,20.44,19.99,21.24,19.94,4.92,0.00221,24209428.0,576915515.0,-2.201565557729955,20.44
HK.00688,中国海外发展,2022-04-01 00:00:00,19.89,19.69,19.94,19.04,4.857,0.00148,16214379.0,372268834.0,-1.5007503751875797,19.99
HK.00688,中国海外发展,2022-04-04 00:00:00,19.99,21.44,21.69,19.74,5.549,0.00318,34773382.0,855078491.0,8.887760284408328,19.69
HK.00688,中国海外发展,2022-04-06 00:00:00,20.64,22.89,23.44,20.64,5.872,0.00727,79615145.0,2055215978.0,6.7630597014925335,21.44
HK.00688,中国海外发展,2022-04-07 00:00:00,22.74,22.34,23.29,22.04,5.749,0.00325,35572227.0,929120311.0,-2.402795980777635,22.89
HK.00688,中国海外发展,2022-04-08 00:00:00,22.34,23.29,23.74,22.14,5.961,0.0036,39432906.0,1048801528.0,4.252461951656219,22.34
HK.00688,中国海外发展,2022-04-11 00:00:00,23.24,22.64,23.24,22.04,5.816,0.0035,38286087.0,997572118.0,-2.7908973808501445,23.29
HK.00688,中国海外发展,2022-04-12 00:00:00,22.79,22.19,22.94,21.84,5.716,0.00311,34089511.0,881025439.0,-1.987632508833919,22.64
HK.00688,中国海外发展,2022-04-13 00:00:00,22.04,22.79,23.19,21.84,5.85,0.00229,25113140.0,657287288.0,2.7039206849932307,22.19
HK.00688,中国海外发展,2022-04-14 00:00:00,22.99,23.69,23.89,22.54,6.05,0.00367,40147587.0,1079663162.0,3.9491004826678466,22.79
HK.00688,中国海外发展,2022-04-19 00:00:00,23.34,23.19,23.64,22.34,5.939,0.00293,32048275.0,850224530.0,-2.1105951878429714,23.69
HK.00688,中国海外发展,2022-04-20 00:00:00,23.04,21.59,23.14,21.49,5.582,0.00263,28766647.0,736267435.0,-6.899525657611045,23.19
HK.00688,中国海外发展,2022-04-21 00:00:00,21.34,21.19,22.04,20.94,5.493,0.0019,20752248.0,514950212.0,-1.85270958777211,21.59
HK.00688,中国海外发展,2022-04-22 00:00:00,20.74,21.44,21.74,20.44,5.549,0.00184,20177426.0,499600349.0,1.1798017932987257,21.19
HK.00688,中国海外发展,2022-04-25 00:00:00,21.04,20.74,21.29,20.19,5.393,0.00302,33099820.0,797174242.0,-3.264925373134341,21.44
HK.00688,中国海外发展,2022-04-26 00:00:00,20.74,21.19,21.59,20.49,5.493,0.00197,21579241.0,529837472.0,2.1697203471552693,20.74
HK.00688,中国海外发展,2022-04-27 00:00:00,21.14,20.69,21.79,20.39,5.382,0.00236,25801134.0,629822340.0,-2.3596035865974514,21.19
HK.00688,中国海外发展,2022-04-28 00:00:00,20.69,20.64,21.19,20.34,5.371,0.00176,19303206.0,465710318.0,-0.2416626389560208,20.69
HK.00688,中国海外发展,2022-04-29 00:00:00,20.64,20.99,21.04,19.79,5.449,0.00171,18769609.0,453307275.0,1.6957364341085166,20.64
HK.00688,中国海外发展,2022-05-03 00:00:00,20.94,21.99,22.49,20.54,5.671,0.002,21864702.0,556285713.0,4.76417341591234,20.99
HK.00688,中国海外发展,2022-05-04 00:00:00,21.99,22.14,22.34,21.89,5.705,0.00089,9787071.0,250204167.0,0.6821282401091503,21.99
HK.00688,中国海外发展,2022-05-05 00:00:00,22.49,21.94,22.89,21.79,5.66,0.0018,19689882.0,505948402.0,-0.9033423667569977,22.14
HK.00688,中国海外发展,2022-05-06 00:00:00,21.74,20.09,21.74,19.84,5.248,0.00278,30470733.0,721470909.0,-8.43208751139472,21.94
HK.00688,中国海外发展,2022-05-10 00:00:00,19.29,20.19,20.39,19.04,5.27,0.00266,29143111.0,679511734.0,0.49776007964161983,20.09
HK.00688,中国海外发展,2022-05-11 00:00:00,19.64,19.49,19.99,19.09,5.114,0.0029,31791413.0,727165789.0,-3.467062902426958,20.19
HK.00688,中国海外发展,2022-05-12 00:00:00,19.44,18.39,19.44,18.19,4.869,0.00383,41896345.0,922686468.0,-5.6439199589532985,19.49
HK.00688,中国海外发展,2022-05-13 00:00:00,18.79,19.74,19.84,18.74,5.17,0.00237,25890499.0,592323037.0,7.340946166394769,18.39
HK.00688,中国海外发展,2022-05-16 00:00:00,20.69,20.24,21.14,19.44,5.281,0.00279,30521238.0,723196944.0,2.5329280648429586,19.74
HK.00688,中国海外发展,2022-05-17 00:00:00,20.64,20.44,20.64,19.84,5.326,0.00139,15250623.0,361755148.0,0.9881422924901326,20.24
HK.00688,中国海外发展,2022-05-18 00:00:00,20.29,20.59,20.74,19.84,5.359,0.00168,18433658.0,440134109.0,0.7338551859099735,20.44
HK.00688,中国海外发展,2022-05-19 00:00:00,20.09,20.39,20.59,19.69,5.315,0.00106,11653386.0,277092295.0,-0.97134531325886,20.59
HK.00688,中国海外发展,2022-05-20 00:00:00,20.99,20.59,21.24,20.24,5.359,0.00171,18664640.0,449285485.0,0.9808729769494815,20.39
HK.00688,中国海外发展,2022-05-23 00:00:00,20.59,20.24,20.59,19.84,5.281,0.00175,19200383.0,453059187.0,-1.699854298203018,20.59
HK.00688,中国海外发展,2022-05-24 00:00:00,20.24,19.84,20.29,19.49,5.192,0.00216,23671361.0,551526965.0,-1.9762845849802302,20.24
HK.00688,中国海外发展,2022-05-25 00:00:00,20.19,19.84,20.24,19.64,5.192,0.00101,11011981.0,257291383.0,0.0,19.84
HK.00688,中国海外发展,2022-05-26 00:00:00,19.89,19.69,19.99,19.49,5.159,0.00126,13834313.0,320323109.0,-0.756048387096767,19.84
HK.00688,中国海外发展,2022-05-27 00:00:00,20.14,19.64,20.24,19.09,5.148,0.00213,23266427.0,534154943.0,-0.25393600812595585,19.69
HK.00688,中国海外发展,2022-05-30 00:00:00,19.94,19.44,19.99,19.14,5.103,0.00212,23174960.0,531151446.0,-1.0183299389002,19.64
HK.00688,中国海外发展,2022-05-31 00:00:00,19.44,19.34,19.59,18.64,5.081,0.00468,51184793.0,1156731514.0,-0.5144032921810773,19.44
HK.00688,中国海外发展,2022-06-01 00:00:00,19.49,20.14,20.24,19.14,5.259,0.00217,23714485.0,554636874.0,4.136504653567739,19.34
HK.00688,中国海外发展,2022-06-02 00:00:00,19.89,19.59,20.09,19.34,5.137,0.00211,23062346.0,532785762.0,-2.7308838133068556,20.14
HK.00688,中国海外发展,2022-06-06 00:00:00,19.49,18.84,19.49,17.84,4.969,0.00562,61527145.0,1347551055.0,-3.828483920367534,19.59
HK.00688,中国海外发展,2022-06-07 00:00:00,18.24,19.24,19.39,18.24,5.059,0.00249,27283103.0,610148887.0,2.123142250530778,18.84
HK.00688,中国海外发展,2022-06-08 00:00:00,19.49,18.84,19.49,18.44,4.969,0.00192,20998818.0,467095036.0,-2.079002079002072,19.24
HK.00688,中国海外发展,2022-06-09 00:00:00,18.39,19.29,19.49,18.34,5.07,0.00205,22484109.0,509470792.0,2.38853503184713,18.84
HK.00688,中国海外发展,2022-06-10 00:00:00,18.84,18.64,19.09,18.44,4.925,0.003,32854130.0,727448877.0,-3.3696215655780124,19.29
HK.00688,中国海外发展,2022-06-13 00:00:00,18.19,18.04,18.49,17.99,4.791,0.00195,21392579.0,462825359.0,-3.218884120171681,18.64
HK.00688,中国海外发展,2022-06-14 00:00:00,17.89,18.09,18.39,17.84,4.802,0.00152,16645909.0,357899015.0,0.2771618625277201,18.04
HK.00688,中国海外发展,2022-06-15 00:00:00,17.74,18.89,19.39,17.69,4.981,0.00362,39576278.0,885040974.0,4.42233278054174,18.09
HK.00688,中国海外发展,2022-06-16 00:00:00,18.84,18.44,19.14,18.39,4.88,0.00194,21236194.0,471012839.0,-2.382212811011113,18.89
HK.00688,中国海外发展,2022-06-17 00:00:00,18.64,18.29,18.74,18.19,4.847,0.00226,24739821.0,539641113.0,-0.8134490238611829,18.44
HK.00688,中国海外发展,2022-06-20 00:00:00,18.34,20.24,20.44,18.29,5.281,0.00475,51985489.0,1215589002.0,10.661563696008743,18.29
HK.00688,中国海外发展,2022-06-21 00:00:00,20.49,20.54,20.79,19.99,5.348,0.00328,35906979.0,861499455.0,1.4822134387351815,20.24
HK.00688,中国海外发展,2022-06-22 00:00:00,20.34,19.99,20.69,19.89,5.226,0.00176,19215114.0,453212159.0,-2.677702044790656,20.54
HK.00688,中国海外发展,2022-06-23 00:00:00,20.1,20.65,20.85,20.1,5.203,0.00189,20726150.0,484269343.0,3.3016508254127075,19.99
HK.00688,中国海外发展,2022-06-24 00:00:00,20.65,20.45,21.0,20.25,5.159,0.00187,20413314.0,473881084.0,-0.9685230024213041,20.65
HK.00688,中国海外发展,2022-06-27 00:00:00,20.5,21.2,21.45,20.2,5.326,0.00263,28758027.0,681405301.0,3.6674816625916873,20.45
HK.00688,中国海外发展,2022-06-28 00:00:00,21.1,21.55,21.75,20.85,5.404,0.00179,19643333.0,475398651.0,1.650943396226422,21.2
HK.00688,中国海外发展,2022-06-29 00:00:00,21.4,21.45,22.1,21.35,5.382,0.00182,19890246.0,484489003.0,-0.4640371229698442,21.55
HK.00688,中国海外发展,2022-06-30 00:00:00,21.65,22.1,22.4,21.4,5.527,0.00242,26458776.0,656307780.0,3.0303030303030405,21.45
HK.00688,中国海外发展,2022-07-04 00:00:00,21.75,22.35,22.5,21.4,5.582,0.00221,24187514.0,602279700.0,1.1312217194570136,22.1
HK.00688,中国海外发展,2022-07-05 00:00:00,22.5,21.9,22.9,21.65,5.482,0.00243,26566804.0,658337065.0,-2.013422818791959,22.35
HK.00688,中国海外发展,2022-07-06 00:00:00,21.45,21.8,21.85,21.1,5.46,0.00254,27797043.0,670098540.0,-0.4566210045662003,21.9
HK.00688,中国海外发展,2022-07-07 00:00:00,21.75,21.7,22.05,21.5,5.437,0.00095,10411257.0,254123639.0,-0.45871559633028175,21.8
HK.00688,中国海外发展,2022-07-08 00:00:00,21.8,22.2,22.35,21.55,5.549,0.00158,17280251.0,427097584.0,2.3041474654377883,21.7
HK.00688,中国海外发展,2022-07-11 00:00:00,22.2,21.45,22.2,21.15,5.382,0.00133,14561416.0,351415905.0,-3.3783783783783785,22.2
HK.00688,中国海外发展,2022-07-12 00:00:00,21.3,21.3,21.85,21.2,5.348,0.00096,10526384.0,254122895.0,-0.6993006993006927,21.45
HK.00688,中国海外发展,2022-07-13 00:00:00,21.45,20.6,21.65,20.45,5.192,0.0021,23009019.0,540433460.0,-3.2863849765258184,21.3
HK.00688,中国海外发展,2022-07-14 00:00:00,20.7,20.4,20.7,19.6,5.148,0.0041,44920370.0,1027856977.0,-0.9708737864077808,20.6
HK.00688,中国海外发展,2022-07-15 00:00:00,20.35,19.5,20.5,19.3,4.947,0.00281,30708157.0,687988221.0,-4.411764705882346,20.4
HK.00688,中国海外发展,2022-07-18 00:00:00,19.9,20.35,20.6,19.45,5.137,0.00193,21118922.0,483010621.0,4.358974358974367,19.5
HK.00688,中国海外发展,2022-07-19 00:00:00,20.35,20.1,20.35,19.75,5.081,0.00123,13434285.0,305501260.0,-1.2285012285012284,20.35
HK.00688,中国海外发展,2022-07-20 00:00:00,20.5,19.5,20.5,19.4,4.947,0.0025,27355358.0,614441490.0,-2.9850746268656785,20.1
HK.00688,中国海外发展,2022-07-21 00:00:00,19.5,18.65,19.75,18.5,4.758,0.00409,44711702.0,963372516.0,-4.358974358974367,19.5
HK.00688,中国海外发展,2022-07-22 00:00:00,18.75,18.75,19.0,18.45,4.78,0.00227,24874107.0,532121269.0,0.5361930294906243,18.65
HK.00688,中国海外发展,2022-07-25 00:00:00,18.75,19.25,19.8,18.7,4.891,0.00221,24225203.0,532971992.0,2.666666666666667,18.75
HK.00688,中国海外发展,2022-07-26 00:00:00,19.25,20.05,20.2,18.7,5.07,0.00377,41296632.0,926144603.0,4.155844155844159,19.25
HK.00688,中国海外发展,2022-07-27 00:00:00,19.85,19.45,19.85,19.15,4.936,0.00144,15757632.0,348628642.0,-2.992518703241902,20.05
HK.00688,中国海外发展,2022-07-28 00:00:00,19.55,19.5,19.9,18.95,4.947,0.00169,18528915.0,410351228.0,0.25706940874036355,19.45
HK.00688,中国海外发展,2022-07-29 00:00:00,19.5,18.95,19.5,18.8,4.825,0.00246,26974982.0,585743378.0,-2.820512820512824,19.5
HK.00688,中国海外发展,2022-08-01 00:00:00,19.05,18.55,19.15,18.2,4.735,0.00192,21054377.0,446619750.0,-2.110817941952499,18.95
HK.00688,中国海外发展,2022-08-02 00:00:00,18.55,18.2,18.7,17.8,4.657,0.00144,15796181.0,329346069.0,-1.8867924528301963,18.55
HK.00688,中国海外发展,2022-08-03 00:00:00,18.2,17.85,18.35,17.45,4.579,0.00158,17334428.0,355570436.0,-1.9230769230769114,18.2
HK.00688,中国海外发展,2022-08-04 00:00:00,17.8,18.05,18.3,17.45,4.624,0.0018,19747555.0,409002068.0,1.1204481792717045,17.85
HK.00688,中国海外发展,2022-08-05 00:00:00,18.3,18.3,18.7,17.9,4.68,0.00124,13579358.0,285284162.0,1.3850415512465373,18.05
HK.00688,中国海外发展,2022-08-08 00:00:00,18.5,18.25,18.85,18.1,4.669,0.00072,7911415.0,166195292.0,-0.27322404371585085,18.3
HK.00688,中国海外发展,2022-08-09 00:00:00,18.2,18.05,18.45,17.8,4.624,0.0016,17550303.0,364807684.0,-1.0958904109589003,18.25
HK.00688,中国海外发展,2022-08-10 00:00:00,17.9,17.45,18.25,17.18,4.49,0.00171,18704680.0,376546386.0,-3.3240997229916975,18.05
HK.00688,中国海外发展,2022-08-11 00:00:00,17.65,17.26,17.7,16.86,4.448,0.00275,30047733.0,598382266.0,-1.0888252148997004,17.45
HK.00688,中国海外发展,2022-08-12 00:00:00,17.28,17.18,17.28,16.74,4.43,0.00227,24868066.0,489824530.0,-0.4634994206257349,17.26
HK.00688,中国海外发展,2022-08-15 00:00:00,16.8,16.8,17.55,16.78,4.345,0.00129,14109817.0,277405150.0,-2.211874272409773,17.18
HK.00688,中国海外发展,2022-08-16 00:00:00,17.16,17.5,18.55,17.04,4.501,0.0041,44842377.0,915758610.0,4.1666666666666625,16.8
HK.00688,中国海外发展,2022-08-17 00:00:00,17.5,17.28,17.85,16.9,4.452,0.00209,22923652.0,460710264.0,-1.2571428571428507,17.5
HK.00688,中国海外发展,2022-08-18 00:00:00,17.45,16.7,17.45,16.52,4.323,0.00193,21100562.0,412127914.0,-3.356481481481492,17.28
HK.00688,中国海外发展,2022-08-19 00:00:00,16.7,17.1,17.4,16.36,4.412,0.0022,24132710.0,476040514.0,2.3952095808383365,16.7
HK.00688,中国海外发展,2022-08-22 00:00:00,17.1,17.2,17.55,16.74,4.435,0.00247,26991654.0,538354920.0,0.5847953216374144,17.1
HK.00688,中国海外发展,2022-08-23 00:00:00,17.2,16.8,17.45,16.52,4.345,0.00288,31496252.0,616680875.0,-2.3255813953488293,17.2
HK.00688,中国海外发展,2022-08-24 00:00:00,16.88,17.1,17.2,16.24,4.412,0.00274,30043682.0,585806441.0,1.7857142857142898,16.8
HK.00688,中国海外发展,2022-08-25 00:00:00,17.12,18.05,18.2,17.02,4.624,0.00302,33029058.0,677747105.0,5.555555555555551,17.1
HK.00688,中国海外发展,2022-08-26 00:00:00,18.15,18.65,19.4,18.15,4.758,0.0028,30653229.0,659155359.0,3.324099722991678,18.05
HK.00688,中国海外发展,2022-08-29 00:00:00,18.2,18.35,18.4,17.7,4.691,0.00153,16786291.0,350161236.0,-1.6085790884718347,18.65
HK.00688,中国海外发展,2022-08-30 00:00:00,18.35,18.45,18.8,18.0,4.713,0.00213,23303365.0,493690675.0,0.5449591280653835,18.35
HK.00688,中国海外发展,2022-08-31 00:00:00,18.05,18.5,18.75,17.95,4.724,0.00156,17035915.0,361380181.0,0.27100271002710413,18.45
HK.00688,中国海外发展,2022-09-01 00:00:00,18.4,18.75,19.4,18.15,4.78,0.00249,27227883.0,588657228.0,1.3513513513513513,18.5
HK.00688,中国海外发展,2022-09-02 00:00:00,18.75,18.25,19.0,18.05,4.669,0.0017,18570144.0,390049412.0,-2.666666666666667,18.75
HK.00688,中国海外发展,2022-09-05 00:00:00,18.15,18.65,18.9,17.95,4.758,0.0021,22931551.0,486832125.0,2.1917808219178005,18.25
HK.00688,中国海外发展,2022-09-06 00:00:00,18.85,19.4,19.5,18.65,4.925,0.0033,36071710.0,793120453.0,4.021447721179626,18.65
HK.00688,中国海外发展,2022-09-07 00:00:00,19.25,19.75,19.9,18.85,5.003,0.00287,31410281.0,700826695.0,1.8041237113402135,19.4
HK.00688,中国海外发展,2022-09-08 00:00:00,19.85,19.3,19.85,19.2,4.903,0.00134,14672560.0,324945683.0,-2.2784810126582244,19.75
HK.00688,中国海外发展,2022-09-09 00:00:00,19.25,20.2,20.5,19.25,5.103,0.00279,30487631.0,698373585.0,4.663212435233153,19.3
HK.00688,中国海外发展,2022-09-13 00:00:00,20.15,20.1,20.6,19.85,5.081,0.00176,19244476.0,441418514.0,-0.4950495049504845,20.2
HK.00688,中国海外发展,2022-09-14 00:00:00,19.5,19.65,20.05,19.45,4.981,0.00167,18301993.0,411689316.0,-2.2388059701492677,20.1
HK.00688,中国海外发展,2022-09-15 00:00:00,19.8,20.55,21.05,19.8,5.181,0.00369,40389364.0,942991122.0,4.580152671755736,19.65
HK.00688,中国海外发展,2022-09-16 00:00:00,20.2,20.25,21.1,20.2,5.025,0.00308,33665545.0,766640039.0,-1.4598540145985435,20.55
HK.00688,中国海外发展,2022-09-19 00:00:00,20.35,19.85,20.35,19.65,4.936,0.00203,22212101.0,494001631.0,-1.9753086419753016,20.25
HK.00688,中国海外发展,2022-09-20 00:00:00,19.95,19.8,20.45,19.65,4.925,0.00166,18119869.0,402803152.0,-0.25188916876574663,19.85
HK.00688,中国海外发展,2022-09-21 00:00:00,19.55,19.55,19.9,19.4,4.869,0.00105,11515430.0,252758989.0,-1.2626262626262625,19.8
HK.00688,中国海外发展,2022-09-22 00:00:00,19.2,19.3,19.75,18.95,4.813,0.00177,19418885.0,419214833.0,-1.278772378516624,19.55
HK.00688,中国海外发展,2022-09-23 00:00:00,19.3,19.05,19.8,18.95,4.758,0.00118,12861393.0,277709306.0,-1.2953367875647668,19.3
HK.00688,中国海外发展,2022-09-26 00:00:00,18.8,19.15,19.9,18.8,4.78,0.00261,28570688.0,618032012.0,0.5249343832020885,19.05
HK.00688,中国海外发展,2022-09-27 00:00:00,19.15,19.45,19.7,19.0,4.847,0.00145,15871997.0,344958462.0,1.5665796344647556,19.15
HK.00688,中国海外发展,2022-09-28 00:00:00,19.25,18.7,19.3,18.65,4.68,0.00264,28909995.0,611901521.0,-3.8560411311053984,19.45
HK.00688,中国海外发展,2022-09-29 00:00:00,19.05,18.15,19.1,17.85,4.557,0.00149,16335542.0,336173306.0,-2.941176470588239,18.7
HK.00688,中国海外发展,2022-09-30 00:00:00,18.2,18.15,18.75,18.1,4.557,0.00211,23103789.0,475855300.0,0.0,18.15
HK.00688,中国海外发展,2022-10-03 00:00:00,18.85,19.15,19.7,18.35,4.78,0.00302,33098291.0,706784861.0,5.5096418732782375,18.15
HK.00688,中国海外发展,2022-10-05 00:00:00,19.6,19.4,19.7,18.8,4.836,0.00156,17041834.0,368068734.0,1.3054830287206267,19.15
HK.00688,中国海外发展,2022-10-06 00:00:00,19.45,19.25,19.8,19.0,4.802,0.00068,7408651.0,161017882.0,-0.7731958762886525,19.4
HK.00688,中国海外发展,2022-10-07 00:00:00,19.1,18.6,19.2,18.3,4.657,0.00122,13357561.0,279042152.0,-3.3766233766233693,19.25
HK.00688,中国海外发展,2022-10-10 00:00:00,18.3,18.85,19.5,18.1,4.713,0.00209,22859795.0,487398402.0,1.3440860215053763,18.6
HK.00688,中国海外发展,2022-10-11 00:00:00,18.9,18.7,19.0,18.4,4.68,0.00177,19395452.0,407411299.0,-0.7957559681697726,18.85
HK.00688,中国海外发展,2022-10-12 00:00:00,18.7,18.15,18.8,18.15,4.557,0.00255,27943869.0,578180621.0,-2.941176470588239,18.7
HK.00688,中国海外发展,2022-10-13 00:00:00,18.15,17.56,18.35,17.32,4.426,0.00182,19902245.0,396830738.0,-3.2506887052341593,18.15
HK.00688,中国海外发展,2022-10-14 00:00:00,17.75,18.1,18.45,17.66,4.546,0.00206,22573122.0,460605618.0,3.075170842824617,17.56
HK.00688,中国海外发展,2022-10-17 00:00:00,18.1,17.64,18.2,17.4,4.443,0.00267,29261480.0,584628114.0,-2.5414364640884024,18.1
HK.00688,中国海外发展,2022-10-18 00:00:00,17.75,17.7,18.25,17.44,4.457,0.00209,22873022.0,456015124.0,0.3401360544217614,17.64
HK.00688,中国海外发展,2022-10-19 00:00:00,17.54,17.85,18.75,17.5,4.49,0.00225,24601743.0,505263864.0,0.8474576271186562,17.7
HK.00688,中国海外发展,2022-10-20 00:00:00,17.7,17.68,18.05,17.52,4.452,0.00157,17142435.0,343704022.0,-0.9523809523809619,17.85
HK.00688,中国海外发展,2022-10-21 00:00:00,17.75,18.15,18.35,17.62,4.557,0.00099,10858605.0,221861846.0,2.6583710407239756,17.68
HK.00688,中国海外发展,2022-10-24 00:00:00,17.95,16.02,17.95,15.86,4.082,0.00413,45247598.0,853350087.0,-11.73553719008264,18.15
HK.00688,中国海外发展,2022-10-25 00:00:00,16.02,15.02,16.18,14.86,3.86,0.00635,69509376.0,1217729516.0,-6.242197253433209,16.02
HK.00688,中国海外发展,2022-10-26 00:00:00,15.0,14.419999999,15.0,14.24,3.726,0.00439,48078480.0,809861290.0,-3.9946737749667096,15.02
HK.00688,中国海外发展,2022-10-27 00:00:00,14.72,14.32,14.98,14.24,3.704,0.00178,19445927.0,328535346.0,-0.6934812691188237,14.419999999
HK.00688,中国海外发展,2022-10-28 00:00:00,14.419999999,13.46,14.5,13.26,3.512,0.00361,39548767.0,628400196.0,-6.005586592178767,14.32
HK.00688,中国海外发展,2022-10-31 00:00:00,13.44,12.68,13.44,12.1,3.338,0.00486,53220363.0,798629183.0,-5.794947994056471,13.46
HK.00688,中国海外发展,2022-11-01 00:00:00,12.74,12.84,13.06,12.34,3.374,0.00298,32567321.0,488120880.0,1.2618296529968467,12.68
HK.00688,中国海外发展,2022-11-02 00:00:00,12.88,12.88,13.24,12.38,3.383,0.00329,36028368.0,547273439.0,0.311526479750786,12.84
HK.00688,中国海外发展,2022-11-03 00:00:00,12.62,12.4,13.06,12.3,3.276,0.00262,28722465.0,425682765.0,-3.7267080745341645,12.88
HK.00688,中国海外发展,2022-11-04 00:00:00,12.38,13.68,14.079999999,12.28,3.561,0.00354,38733285.0,614174843.0,10.322580645161285,12.4
HK.00688,中国海外发展,2022-11-07 00:00:00,14.06,14.18,14.599999999,13.8,3.672,0.00268,29323249.0,486130343.0,3.654970760233918,13.68
HK.00688,中国海外发展,2022-11-08 00:00:00,14.16,13.98,14.56,13.779999999,3.628,0.00229,25067743.0,407231293.0,-1.4104372355430135,14.18
HK.00688,中国海外发展,2022-11-09 00:00:00,14.06,14.419999999,15.54,14.06,3.726,0.003,32811165.0,560628111.0,3.1473533547925565,13.98
HK.00688,中国海外发展,2022-11-10 00:00:00,14.14,14.16,14.3,13.939999999,3.668,0.00105,11494743.0,188733729.0,-1.803051310804648,14.419999999
HK.00688,中国海外发展,2022-11-11 00:00:00,15.08,16.1,16.24,14.94,4.1,0.00543,59408251.0,1068363176.0,13.700564971751422,14.16
HK.00688,中国海外发展,2022-11-14 00:00:00,17.7,17.75,18.4,17.24,4.468,0.00797,87284112.0,1754856233.0,10.248447204968935,16.1
HK.00688,中国海外发展,2022-11-15 00:00:00,17.75,18.0,18.45,17.34,4.524,0.00454,49730505.0,1009347761.0,1.4084507042253522,17.75
HK.00688,中国海外发展,2022-11-16 00:00:00,17.66,17.66,18.2,17.4,4.448,0.00282,30898027.0,617624799.0,-1.8888888888888882,18.0
HK.00688,中国海外发展,2022-11-17 00:00:00,17.52,17.7,18.1,17.34,4.457,0.00159,17407715.0,347094156.0,0.2265005662514108,17.66
HK.00688,中国海外发展,2022-11-18 00:00:00,17.7,16.9,17.8,16.82,4.279,0.0019,20788385.0,403594486.0,-4.51977401129944,17.7
HK.00688,中国海外发展,2022-11-21 00:00:00,16.9,16.66,16.9,16.1,4.225,0.00189,20702574.0,388959433.0,-1.420118343195257,16.9
HK.00688,中国海外发展,2022-11-22 00:00:00,16.82,16.68,17.2,16.5,4.229,0.00133,14526565.0,277511987.0,0.1200480192076805,16.66
HK.00688,中国海外发展,2022-11-23 00:00:00,16.76,17.04,17.28,16.62,4.31,0.00159,17427432.0,335781235.0,2.158273381294961,16.68
HK.00688,中国海外发展,2022-11-24 00:00:00,17.34,17.68,17.85,17.22,4.452,0.00146,16004281.0,317824207.0,3.7558685446009425,17.04
HK.00688,中国海外发展,2022-11-25 00:00:00,17.7,18.2,18.4,17.28,4.568,0.00278,30469879.0,619945233.0,2.941176470588233,17.68
HK.00688,中国海外发展,2022-11-28 00:00:00,17.46,17.54,17.8,17.06,4.421,0.00128,14006883.0,277009317.0,-3.6263736263736273,18.2
HK.00688,中国海外发展,2022-11-29 00:00:00,18.25,19.05,19.35,17.95,4.758,0.00359,39278066.0,829926690.0,8.608893956670476,17.54
HK.00688,中国海外发展,2022-11-30 00:00:00,19.05,18.8,19.2,18.4,4.702,0.00208,22737846.0,479178843.0,-1.3123359580052494,19.05
HK.00688,中国海外发展,2022-12-01 00:00:00,18.85,18.15,19.1,18.0,4.557,0.00264,28876733.0,597627806.0,-3.4574468085106496,18.8
HK.00688,中国海外发展,2022-12-02 00:00:00,18.4,17.95,18.4,17.54,4.513,0.0016,17460260.0,352988252.0,-1.1019283746556436,18.15
HK.00688,中国海外发展,2022-12-05 00:00:00,18.2,17.85,18.7,17.7,4.49,0.00294,32194184.0,653131938.0,-0.5571030640668405,17.95
HK.00688,中国海外发展,2022-12-06 00:00:00,17.8,18.55,18.7,17.42,4.646,0.00228,24900971.0,506105200.0,3.9215686274509762,17.85
HK.00688,中国海外发展,2022-12-07 00:00:00,18.6,17.26,18.6,17.26,4.359,0.00239,26189040.0,525964938.0,-6.9541778975741195,18.55
HK.00688,中国海外发展,2022-12-08 00:00:00,17.5,17.42,17.75,17.36,4.394,0.00107,11753914.0,232774038.0,0.9269988412514492,17.26
HK.00688,中国海外发展,2022-12-09 00:00:00,17.56,19.65,19.85,17.54,4.891,0.00532,58225677.0,1242012192.0,12.801377726750843,17.42
HK.00688,中国海外发展,2022-12-12 00:00:00,19.25,18.7,19.3,18.55,4.68,0.00208,22741982.0,480505077.0,-4.834605597964373,19.65
HK.00688,中国海外发展,2022-12-13 00:00:00,18.85,18.45,19.05,18.4,4.624,0.00103,11251236.0,234954265.0,-1.3368983957219251,18.7
HK.00688,中国海外发展,2022-12-14 00:00:00,18.95,18.3,19.0,18.1,4.591,0.00143,15634176.0,323800180.0,-0.8130081300812931,18.45
HK.00688,中国海外发展,2022-12-15 00:00:00,18.25,18.35,18.7,17.56,4.602,0.00184,20122774.0,411252558.0,0.27322404371585085,18.3
HK.00688,中国海外发展,2022-12-16 00:00:00,18.55,18.85,19.4,18.1,4.713,0.00263,28744170.0,609148703.0,2.7247956403269753,18.35
HK.00688,中国海外发展,2022-12-19 00:00:00,18.7,18.6,19.3,18.3,4.657,0.00126,13825661.0,288495496.0,-1.326259946949602,18.85
HK.00688,中国海外发展,2022-12-20 00:00:00,18.4,17.95,18.45,17.66,4.513,0.00168,18360726.0,371658461.0,-3.49462365591399,18.6
HK.00688,中国海外发展,2022-12-21 00:00:00,18.05,17.9,18.3,17.7,4.501,0.00062,6732765.0,135952022.0,-0.2785515320334302,17.95
HK.00688,中国海外发展,2022-12-22 00:00:00,18.2,18.0,18.4,17.8,4.524,0.00084,9238070.0,187822938.0,0.5586592178771029,17.9
HK.00688,中国海外发展,2022-12-23 00:00:00,18.0,18.25,18.35,17.75,4.579,0.00082,8958928.0,183324188.0,1.3888888888888888,18.0
HK.00688,中国海外发展,2022-12-28 00:00:00,18.35,18.25,18.5,18.1,4.579,0.00141,15466345.0,318082140.0,0.0,18.25
HK.00688,中国海外发展,2022-12-29 00:00:00,18.0,17.85,18.05,17.42,4.49,0.00225,24586253.0,492269608.0,-2.1917808219178005,18.25
HK.00688,中国海外发展,2022-12-30 00:00:00,17.85,18.3,18.55,17.7,4.591,0.00159,17353601.0,356346659.0,2.5210084033613405,17.85
HK.00688,中国海外发展,2023-01-03 00:00:00,17.7,18.7,18.95,17.42,4.68,0.00145,15882287.0,326637127.0,2.185792349726768,18.3
HK.00688,中国海外发展,2023-01-04 00:00:00,18.95,19.9,19.9,18.85,4.947,0.00239,26130178.0,573463171.0,6.417112299465237,18.7
HK.00688,中国海外发展,2023-01-05 00:00:00,20.0,19.65,20.1,19.5,4.891,0.00135,14757608.0,326076471.0,-1.256281407035176,19.9
HK.00688,中国海外发展,2023-01-06 00:00:00,20.2,20.05,20.9,19.65,4.981,0.00245,26844879.0,601898164.0,2.0356234096692223,19.65
HK.00688,中国海外发展,2023-01-09 00:00:00,20.05,19.7,20.5,19.15,4.903,0.00245,26834983.0,586788766.0,-1.745635910224446,20.05
HK.00688,中国海外发展,2023-01-10 00:00:00,19.7,19.7,20.25,19.2,4.903,0.00113,12421216.0,274179319.0,0.0,19.7
HK.00688,中国海外发展,2023-01-11 00:00:00,19.65,19.6,20.45,19.45,4.88,0.00167,18279995.0,404989403.0,-0.5076142131979587,19.7
HK.00688,中国海外发展,2023-01-12 00:00:00,19.7,19.3,19.8,19.05,4.813,0.00177,19353085.0,418340383.0,-1.5306122448979627,19.6
HK.00688,中国海外发展,2023-01-13 00:00:00,19.1,19.3,19.8,18.85,4.813,0.00127,13879995.0,298719567.0,0.0,19.3
HK.00688,中国海外发展,2023-01-16 00:00:00,19.6,19.15,19.75,18.9,4.78,0.00144,15754568.0,338902151.0,-0.7772020725388711,19.3
HK.00688,中国海外发展,2023-01-17 00:00:00,19.15,19.05,19.35,18.7,4.758,0.00146,16002072.0,341066663.0,-0.5221932114882396,19.15
HK.00688,中国海外发展,2023-01-18 00:00:00,19.05,18.9,19.5,18.55,4.724,0.00165,18023576.0,381971393.0,-0.7874015748031606,19.05
HK.00688,中国海外发展,2023-01-19 00:00:00,18.65,19.35,19.45,18.65,4.825,0.00081,8829139.0,189927366.0,2.380952380952396,18.9
HK.00688,中国海外发展,2023-01-20 00:00:00,19.05,19.45,19.6,19.0,4.847,0.00082,8980823.0,194894345.0,0.5167958656330639,19.35
HK.00688,中国海外发展,2023-01-26 00:00:00,19.5,20.1,20.15,19.5,4.992,0.0009,9868987.0,220059396.0,3.3419023136246895,19.45
HK.00688,中国海外发展,2023-01-27 00:00:00,20.2,20.55,20.6,20.05,5.092,0.00125,13678282.0,310596293.0,2.23880597014925,20.1
HK.00688,中国海外发展,2023-01-30 00:00:00,20.45,19.6,20.5,19.45,4.88,0.00253,27737726.0,612864756.0,-4.622871046228707,20.55
HK.00688,中国海外发展,2023-01-31 00:00:00,19.75,18.85,19.85,18.6,4.713,0.00269,29470247.0,628468632.0,-3.8265306122448974,19.6
HK.00688,中国海外发展,2023-02-01 00:00:00,18.9,19.1,19.3,18.7,4.769,0.00173,18949631.0,403819211.0,1.326259946949602,18.85
HK.00688,中国海外发展,2023-02-02 00:00:00,19.2,18.45,19.2,18.35,4.624,0.00249,27249804.0,568380821.0,-3.4031413612565555,19.1
HK.00688,中国海外发展,2023-02-03 00:00:00,18.4,18.0,18.45,17.7,4.524,0.00238,26057089.0,526771133.0,-2.439024390243899,18.45
HK.00688,中国海外发展,2023-02-06 00:00:00,17.7,17.56,17.85,17.28,4.426,0.00125,13710668.0,271474058.0,-2.4444444444444513,18.0
HK.00688,中国海外发展,2023-02-07 00:00:00,17.58,17.5,17.9,17.36,4.412,0.00101,11034750.0,219419498.0,-0.34168564920272626,17.56
HK.00688,中国海外发展,2023-02-08 00:00:00,17.38,17.85,18.1,17.36,4.49,0.0018,19672400.0,396175449.0,2.000000000000008,17.5
HK.00688,中国海外发展,2023-02-09 00:00:00,17.68,17.9,18.1,17.6,4.501,0.00119,12996510.0,262700033.0,0.2801120448179112,17.85
HK.00688,中国海外发展,2023-02-10 00:00:00,17.7,17.85,18.0,17.6,4.49,0.00057,6275849.0,126246294.0,-0.27932960893853165,17.9
HK.00688,中国海外发展,2023-02-13 00:00:00,17.8,17.7,18.35,17.38,4.457,0.00218,23878811.0,479613528.0,-0.8403361344537934,17.85
HK.00688,中国海外发展,2023-02-14 00:00:00,17.7,17.75,18.2,17.56,4.468,0.00267,29169414.0,590462480.0,0.28248587570621875,17.7
HK.00688,中国海外发展,2023-02-15 00:00:00,17.7,16.82,17.85,16.62,4.261,0.00369,40403840.0,777333574.0,-5.239436619718308,17.75
HK.00688,中国海外发展,2023-02-16 00:00:00,16.82,17.42,17.8,16.82,4.394,0.00187,20500591.0,406061649.0,3.5671819262782485,16.82
HK.00688,中国海外发展,2023-02-17 00:00:00,17.36,17.36,17.64,17.18,4.381,0.00128,13960328.0,274789646.0,-0.3444316877152828,17.42
HK.00688,中国海外发展,2023-02-20 00:00:00,17.36,18.1,18.35,17.36,4.546,0.00202,22138200.0,449529932.0,4.262672811059919,17.36
HK.00688,中国海外发展,2023-02-21 00:00:00,18.3,18.3,19.65,18.2,4.591,0.0027,29590307.0,624216670.0,1.1049723756906038,18.1
HK.00688,中国海外发展,2023-02-22 00:00:00,18.2,18.4,18.65,17.95,4.613,0.00125,13724619.0,284853862.0,0.5464480874316823,18.3
HK.00688,中国海外发展,2023-02-23 00:00:00,18.35,18.15,18.4,17.8,4.557,0.00111,12162415.0,248357837.0,-1.358695652173913,18.4
HK.00688,中国海外发展,2023-02-24 00:00:00,18.05,17.75,18.05,17.56,4.468,0.00136,14880147.0,298607078.0,-2.2038567493112873,18.15
HK.00688,中国海外发展,2023-02-27 00:00:00,17.75,17.7,17.85,17.46,4.457,0.00123,13419159.0,267959730.0,-0.28169014084507443,17.75
HK.00688,中国海外发展,2023-02-28 00:00:00,17.85,17.16,18.1,17.12,4.336,0.00183,20070169.0,395254394.0,-3.050847457627114,17.7
HK.00688,中国海外发展,2023-03-01 00:00:00,17.08,18.1,18.35,17.08,4.546,0.00359,39303581.0,796836127.0,5.477855477855485,17.16
HK.00688,中国海外发展,2023-03-02 00:00:00,18.15,17.75,18.15,17.68,4.468,0.00163,17857368.0,359389562.0,-1.933701657458571,18.1
HK.00688,中国海外发展,2023-03-03 00:00:00,17.9,18.1,18.4,17.7,4.546,0.00227,24817064.0,504086894.0,1.971830985915501,17.75
HK.00688,中国海外发展,2023-03-06 00:00:00,18.1,18.4,18.5,17.8,4.613,0.00137,15027483.0,308849266.0,1.6574585635358958,18.1
HK.00688,中国海外发展,2023-03-07 00:00:00,18.45,18.35,18.85,18.0,4.602,0.00158,17309144.0,358906365.0,-0.27173913043476716,18.4
HK.00688,中国海外发展,2023-03-08 00:00:00,18.1,17.75,18.2,17.7,4.468,0.00126,13838114.0,278374261.0,-3.269754768392378,18.35
HK.00688,中国海外发展,2023-03-09 00:00:00,17.75,17.24,17.85,17.2,4.354,0.0015,16448415.0,325253828.0,-2.8732394366197274,17.75
HK.00688,中国海外发展,2023-03-10 00:00:00,17.08,16.8,17.16,16.64,4.256,0.00207,22697461.0,434197296.0,-2.5522041763340937,17.24
HK.00688,中国海外发展,2023-03-13 00:00:00,16.8,16.9,17.06,16.76,4.279,0.00181,19848372.0,380923983.0,0.5952380952380826,16.8
HK.00688,中国海外发展,2023-03-14 00:00:00,16.9,16.62,17.32,16.4,4.216,0.00163,17813782.0,339284822.0,-1.6568047337277965,16.9
HK.00688,中国海外发展,2023-03-15 00:00:00,16.68,16.98,17.3,16.68,4.296,0.00157,17165415.0,331804074.0,2.166064981949455,16.62
HK.00688,中国海外发展,2023-03-16 00:00:00,16.96,16.94,17.26,16.76,4.287,0.00109,11918202.0,230241511.0,-0.2355712603062376,16.98
HK.00688,中国海外发展,2023-03-17 00:00:00,17.04,17.48,17.8,17.02,4.408,0.00289,31628161.0,625624627.0,3.187721369539546,16.94
HK.00688,中国海外发展,2023-03-20 00:00:00,17.46,17.24,17.75,17.08,4.354,0.00133,14504137.0,284481011.0,-1.372997711670492,17.48
HK.00688,中国海外发展,2023-03-21 00:00:00,17.24,17.16,17.52,17.12,4.336,0.00099,10783048.0,210680927.0,-0.46403712296982774,17.24
HK.00688,中国海外发展,2023-03-22 00:00:00,17.24,17.7,18.05,17.24,4.457,0.00129,14079375.0,282870637.0,3.1468531468531418,17.16
HK.00688,中国海外发展,2023-03-23 00:00:00,17.7,17.68,17.85,17.4,4.452,0.00116,12677261.0,252791331.0,-0.11299435028248347,17.7
HK.00688,中国海外发展,2023-03-24 00:00:00,17.58,17.38,17.68,17.32,4.386,0.00136,14863556.0,294089962.0,-1.6968325791855243,17.68
HK.00688,中国海外发展,2023-03-27 00:00:00,17.38,16.82,17.38,16.8,4.261,0.00115,12559772.0,241762658.0,-3.2220943613348605,17.38
HK.00688,中国海外发展,2023-03-28 00:00:00,16.84,16.84,17.04,16.44,4.265,0.00127,13866221.0,263927125.0,0.11890606420927215,16.82
HK.00688,中国海外发展,2023-03-29 00:00:00,16.82,16.94,17.22,16.4,4.287,0.00133,14549701.0,277091283.0,0.5938242280285121,16.84
HK.00688,中国海外发展,2023-03-30 00:00:00,16.76,16.82,16.98,16.38,4.261,0.00253,27695711.0,526297556.0,-0.7083825265643505,16.94
HK.00688,中国海外发展,2023-03-31 00:00:00,16.98,16.66,17.0,15.96,4.225,0.00316,34569023.0,651290774.0,-0.9512485136741982,16.82
HK.00688,中国海外发展,2023-04-03 00:00:00,16.9,17.9,18.3,16.82,8.487,0.0047,51460971.0,1038482814.0,7.442977190876341,16.66
HK.00688,中国海外发展,2023-04-04 00:00:00,18.0,17.75,18.1,17.4,8.424,0.00155,16946552.0,338966284.0,-0.8379888268156346,17.9
HK.00688,中国海外发展,2023-04-06 00:00:00,17.7,17.7,17.85,17.44,8.403,0.00127,13923797.0,278104159.0,-0.28169014084507443,17.75
HK.00688,中国海外发展,2023-04-11 00:00:00,18.2,18.6,18.9,18.05,8.781,0.00325,35532622.0,745263234.0,5.084745762711877,17.7
HK.00688,中国海外发展,2023-04-12 00:00:00,18.75,19.0,19.35,18.5,8.949,0.00301,32982600.0,702875255.0,2.1505376344085945,18.6
HK.00688,中国海外发展,2023-04-13 00:00:00,18.65,19.25,19.35,17.95,9.054,0.00182,19868143.0,423138841.0,1.3157894736842104,19.0
HK.00688,中国海外发展,2023-04-14 00:00:00,19.25,19.1,19.4,18.9,8.991,0.00119,13041945.0,279341228.0,-0.7792207792207718,19.25
HK.00688,中国海外发展,2023-04-17 00:00:00,19.1,19.3,19.45,18.65,9.075,0.00194,21230707.0,458097515.0,1.0471204188481638,19.1
HK.00688,中国海外发展,2023-04-18 00:00:00,19.3,19.1,19.55,18.95,8.991,0.00116,12734950.0,273517746.0,-1.0362694300518096,19.3
HK.00688,中国海外发展,2023-04-19 00:00:00,18.9,18.4,19.05,18.25,8.697,0.00126,13746743.0,286422402.0,-3.6649214659686007,19.1
HK.00688,中国海外发展,2023-04-20 00:00:00,18.4,18.0,18.55,17.9,8.529,0.00263,28760279.0,587365866.0,-2.173913043478253,18.4
HK.00688,中国海外发展,2023-04-21 00:00:00,18.0,17.9,18.55,17.75,8.487,0.00126,13792924.0,281353619.0,-0.5555555555555635,18.0
HK.00688,中国海外发展,2023-04-24 00:00:00,17.9,17.62,17.95,17.42,8.369,0.00098,10749253.0,214493369.0,-1.5642458100558525,17.9
HK.00688,中国海外发展,2023-04-25 00:00:00,17.56,17.14,17.7,16.92,8.168,0.00162,17773355.0,346002911.0,-2.7241770715096503,17.62
HK.00688,中国海外发展,2023-04-26 00:00:00,17.18,17.36,17.62,17.04,8.26,0.00106,11644242.0,228574997.0,1.283547257876306,17.14
HK.00688,中国海外发展,2023-04-27 00:00:00,17.38,17.68,18.05,17.1,8.394,0.002,21861573.0,436586092.0,1.8433179723502322,17.36
HK.00688,中国海外发展,2023-04-28 00:00:00,17.62,17.54,18.1,17.5,8.336,0.0015,16389471.0,327359361.0,-0.7918552036199128,17.68
HK.00688,中国海外发展,2023-05-02 00:00:00,17.75,17.32,18.05,17.06,8.243,0.00094,10332090.0,203253769.0,-1.2542759407069493,17.54
HK.00688,中国海外发展,2023-05-03 00:00:00,17.0,17.1,17.26,17.0,8.151,0.00056,6127731.0,119051339.0,-1.2702078521939888,17.32
HK.00688,中国海外发展,2023-05-04 00:00:00,17.06,17.36,17.68,17.06,8.26,0.00116,12746029.0,250988281.0,1.520467836257298,17.1
HK.00688,中国海外发展,2023-05-05 00:00:00,17.52,18.0,18.3,17.5,8.529,0.00156,17034151.0,345679516.0,3.6866359447004644,17.36
HK.00688,中国海外发展,2023-05-08 00:00:00,17.95,18.15,18.35,17.54,8.592,0.0016,17510694.0,355108340.0,0.8333333333333255,18.0
HK.00688,中国海外发展,2023-05-09 00:00:00,18.15,18.3,18.95,18.15,8.655,0.00244,26712485.0,557434311.0,0.8264462809917473,18.15
HK.00688,中国海外发展,2023-05-10 00:00:00,18.2,17.62,18.3,17.56,8.369,0.00121,13208746.0,264971650.0,-3.7158469945355175,18.3
HK.00688,中国海外发展,2023-05-11 00:00:00,17.62,17.7,17.9,17.54,8.403,0.00092,10044856.0,200577093.0,0.45402951191826496,17.62
HK.00688,中国海外发展,2023-05-12 00:00:00,17.7,17.3,17.8,17.3,8.235,0.00097,10578096.0,208980377.0,-2.2598870056497096,17.7
HK.00688,中国海外发展,2023-05-15 00:00:00,17.3,17.2,17.3,16.52,8.193,0.00212,23236421.0,446787149.0,-0.5780346820809331,17.3
HK.00688,中国海外发展,2023-05-16 00:00:00,17.22,16.86,17.22,16.7,8.05,0.00118,12956134.0,247932282.0,-1.976744186046511,17.2
HK.00688,中国海外发展,2023-05-17 00:00:00,16.72,16.12,16.9,16.1,7.739,0.0019,20814178.0,388889448.0,-4.38908659549228,16.86
HK.00688,中国海外发展,2023-05-18 00:00:00,16.18,16.04,16.26,15.84,7.705,0.00155,16973981.0,310721168.0,-0.4962779156327658,16.12
HK.00688,中国海外发展,2023-05-19 00:00:00,16.04,15.64,16.16,15.56,7.537,0.00099,10861104.0,195439594.0,-2.493765586034904,16.04
HK.00688,中国海外发展,2023-05-22 00:00:00,15.64,15.58,15.98,15.42,7.512,0.00141,15451817.0,276782840.0,-0.3836317135549904,15.64
HK.00688,中国海外发展,2023-05-23 00:00:00,15.58,15.2,15.68,15.0,7.352,0.00193,21168433.0,371642704.0,-2.4390243902439073,15.58
HK.00688,中国海外发展,2023-05-24 00:00:00,15.2,14.599999999,15.2,14.52,7.1,0.00229,25058682.0,426538297.0,-3.9473684276315772,15.2
HK.00688,中国海外发展,2023-05-25 00:00:00,14.439999999,14.439999999,14.5,14.16,7.033,0.00171,18682193.0,311154789.0,-1.0958904110339662,14.599999999
HK.00688,中国海外发展,2023-05-29 00:00:00,14.439999999,14.099999999,14.46,14.079999999,6.89,0.00149,16278452.0,268846669.0,-2.3545706372821718,14.439999999
HK.00688,中国海外发展,2023-05-30 00:00:00,14.24,14.04,14.24,13.6,6.865,0.00262,28709869.0,462417028.0,-0.42553190783160094,14.099999999
HK.00688,中国海外发展,2023-05-31 00:00:00,13.74,13.58,13.88,13.26,6.672,0.00389,42584483.0,675634585.0,-3.27635327635327,14.04
HK.00688,中国海外发展,2023-06-01 00:00:00,13.64,13.4,13.66,13.16,6.596,0.00169,18532861.0,291880853.0,-1.3254786450662719,13.58
HK.00688,中国海外发展,2023-06-02 00:00:00,13.46,14.7,14.8,13.46,7.142,0.00401,43880647.0,735726220.0,9.701492537313424,13.4
HK.00688,中国海外发展,2023-06-05 00:00:00,14.7,14.48,14.72,14.24,7.05,0.00129,14083465.0,235793133.0,-1.4965986394557746,14.7
HK.00688,中国海外发展,2023-06-06 00:00:00,14.5,15.22,15.9,14.5,7.361,0.00349,38148195.0,670538097.0,5.110497237569063,14.48
HK.00688,中国海外发展,2023-06-07 00:00:00,15.5,15.18,15.62,15.0,7.344,0.00165,18087053.0,317664635.0,-0.26281208935611644,15.22
HK.00688,中国海外发展,2023-06-08 00:00:00,15.12,15.5,15.68,15.1,7.478,0.00167,18287479.0,324832459.0,2.108036890645588,15.18
HK.00688,中国海外发展,2023-06-09 00:00:00,15.5,15.4,15.66,15.18,7.436,0.00137,14996561.0,265666130.0,-0.6451612903225784,15.5
HK.00688,中国海外发展,2023-06-12 00:00:00,15.4,15.3,15.42,15.02,7.394,0.00125,13689989.0,239902580.0,-0.649350649350647,15.4
HK.00688,中国海外发展,2023-06-13 00:00:00,15.2,15.62,15.72,15.14,7.529,0.00138,15102013.0,268895937.0,2.0915032679738466,15.3
HK.00688,中国海外发展,2023-06-14 00:00:00,15.62,15.36,15.74,15.16,7.42,0.00152,16605348.0,292676758.0,-1.6645326504481421,15.62
HK.00688,中国海外发展,2023-06-15 00:00:00,15.5,15.7,15.94,15.42,7.563,0.00104,11351017.0,203642992.0,2.2135416666666656,15.36
HK.00688,中国海外发展,2023-06-16 00:00:00,15.68,15.62,15.86,15.3,7.529,0.00223,24451093.0,438068332.0,-0.509554140127389,15.7
HK.00688,中国海外发展,2023-06-19 00:00:00,15.64,15.44,15.7,15.14,7.453,0.00123,13467353.0,237934705.0,-1.1523687580025592,15.62
HK.00688,中国海外发展,2023-06-20 00:00:00,15.36,14.82,15.38,14.74,7.193,0.00175,19137154.0,329094026.0,-4.015544041450772,15.44
HK.00688,中国海外发展,2023-06-21 00:00:00,14.8,14.38,14.8,14.2,7.008,0.00201,22018732.0,367770160.0,-2.9689608636977023,14.82
HK.00688,中国海外发展,2023-06-23 00:00:00,14.38,14.16,14.48,14.02,6.915,0.00113,12339036.0,202973294.0,-1.5299026425591142,14.38
HK.00688,中国海外发展,2023-06-26 00:00:00,14.259999999,14.02,14.48,14.0,6.857,0.00066,7264236.0,119709506.0,-0.9887005649717555,14.16
HK.00688,中国海外发展,2023-06-27 00:00:00,14.36,14.64,14.8,14.079999999,7.117,0.00135,14723660.0,248624976.0,4.422253922967196,14.02
HK.00688,中国海外发展,2023-06-28 00:00:00,14.48,15.0,15.14,14.48,7.268,0.00157,17140607.0,295492449.0,2.459016393442619,14.64
HK.00688,中国海外发展,2023-06-29 00:00:00,15.0,14.94,15.14,14.8,7.243,0.00112,12234898.0,210672407.0,-0.4000000000000033,15.0
HK.00688,中国海外发展,2023-06-30 00:00:00,14.9,15.179999999,15.5,14.9,7.176,0.00121,13296053.0,228204069.0,1.6064256961178056,14.94
HK.00688,中国海外发展,2023-07-03 00:00:00,15.24,15.28,15.48,15.06,7.218,0.00118,12934625.0,222975490.0,0.6587615349577559,15.179999999
HK.00688,中国海外发展,2023-07-04 00:00:00,15.2,15.26,15.32,15.04,7.21,0.00061,6635494.0,113468745.0,-0.13089005235601817,15.28
HK.00688,中国海外发展,2023-07-05 00:00:00,15.32,15.06,15.38,15.06,7.126,0.00076,8364554.0,142737406.0,-1.3106159895150675,15.26
HK.00688,中国海外发展,2023-07-06 00:00:00,15.02,14.64,15.06,14.479999999,6.949,0.00146,15941478.0,263975559.0,-2.788844621513944,15.06
HK.00688,中国海外发展,2023-07-07 00:00:00,14.6,14.7,14.819999999,14.54,6.974,0.00178,19487475.0,323344094.0,0.40983606557376173,14.64
HK.00688,中国海外发展,2023-07-10 00:00:00,15.02,14.54,15.02,14.54,6.907,0.0013,14185772.0,234394904.0,-1.0884353741496609,14.7
HK.00688,中国海外发展,2023-07-11 00:00:00,14.9,14.339999999,15.159999999,14.28,6.823,0.00179,19596195.0,322527937.0,-1.3755158253094868,14.54
HK.00688,中国海外发展,2023-07-12 00:00:00,14.52,14.3,14.52,14.12,6.806,0.00147,16113049.0,260322760.0,-0.2789400209399474,14.339999999
HK.00688,中国海外发展,2023-07-13 00:00:00,14.479999999,14.7,14.76,14.479999999,6.974,0.00128,14032832.0,232186015.0,2.7972027972027873,14.3
HK.00688,中国海外发展,2023-07-14 00:00:00,14.659999999,14.6,14.76,14.28,6.932,0.00162,17731367.0,292078813.0,-0.6802721088435351,14.7
HK.00688,中国海外发展,2023-07-18 00:00:00,14.6,14.159999999,14.6,13.78,6.747,0.00225,24630312.0,393100431.0,-3.0136986369862986,14.6
HK.00688,中国海外发展,2023-07-19 00:00:00,13.8,14.3,14.44,13.8,6.806,0.00103,11248139.0,181310818.0,0.9887005721037264,14.159999999
HK.00688,中国海外发展,2023-07-20 00:00:00,14.44,14.7,14.92,14.44,6.974,0.00202,22091658.0,366928410.0,2.7972027972027873,14.3
HK.00688,中国海外发展,2023-07-21 00:00:00,14.7,14.56,14.979999999,14.52,6.915,0.00103,11316537.0,187790338.0,-0.9523809523809441,14.7
HK.00688,中国海外发展,2023-07-24 00:00:00,14.56,13.9,14.56,13.84,6.638,0.00189,20699064.0,330802032.0,-4.532967032967034,14.56
HK.00688,中国海外发展,2023-07-25 00:00:00,14.9,15.84,15.94,14.8,7.453,0.00563,61662026.0,1075777944.0,13.956834532374096,13.9
HK.00688,中国海外发展,2023-07-26 00:00:00,15.8,15.74,15.94,15.52,7.411,0.00191,20868593.0,368788302.0,-0.631313131313129,15.84
HK.00688,中国海外发展,2023-07-27 00:00:00,16.0,16.28,16.46,15.72,7.638,0.00317,34689627.0,629181314.0,3.430749682337998,15.74
HK.00688,中国海外发展,2023-07-28 00:00:00,16.0,16.5,16.62,16.0,7.731,0.00242,26494022.0,486281295.0,1.3513513513513442,16.28
HK.00688,中国海外发展,2023-07-31 00:00:00,16.72,16.46,17.34,16.36,7.714,0.00314,34401243.0,644446174.0,-0.24242424242423727,16.5
HK.00688,中国海外发展,2023-08-01 00:00:00,16.66,16.48,17.06,16.4,7.722,0.00231,25328019.0,470570932.0,0.12150668286755513,16.46
HK.00688,中国海外发展,2023-08-02 00:00:00,16.5,16.2,17.08,16.16,7.605,0.00199,21830486.0,402342888.0,-1.699029126213599,16.48
HK.00688,中国海外发展,2023-08-03 00:00:00,16.1,16.24,16.5,15.82,7.621,0.00163,17811907.0,322154762.0,0.24691358024690832,16.2
HK.00688,中国海外发展,2023-08-04 00:00:00,16.5,16.22,17.14,16.14,7.613,0.00288,31543263.0,580482200.0,-0.12315270935960329,16.24
HK.00688,中国海外发展,2023-08-07 00:00:00,16.44,15.92,16.44,15.74,7.487,0.00088,9654398.0,171951357.0,-1.8495684340320526,16.22
HK.00688,中国海外发展,2023-08-08 00:00:00,15.8,15.66,15.86,15.32,7.378,0.00173,18897452.0,330577335.0,-1.6331658291457274,15.92
HK.00688,中国海外发展,2023-08-09 00:00:00,15.84,15.72,15.96,15.5,7.403,0.00104,11429844.0,201122511.0,0.38314176245211046,15.66
HK.00688,中国海外发展,2023-08-10 00:00:00,15.52,15.4,15.62,15.26,7.268,0.00175,19173328.0,332828378.0,-2.035623409669213,15.72
HK.00688,中国海外发展,2023-08-11 00:00:00,15.34,15.5,15.56,14.8,7.31,0.0027,29545468.0,509729524.0,0.649350649350647,15.4
HK.00688,中国海外发展,2023-08-14 00:00:00,15.14,15.28,15.58,14.92,7.218,0.00248,27126566.0,466666030.0,-1.4193548387096815,15.5
HK.00688,中国海外发展,2023-08-15 00:00:00,15.28,14.88,15.58,14.659999999,7.05,0.00182,19865624.0,334854948.0,-2.61780104712041,15.28
HK.00688,中国海外发展,2023-08-16 00:00:00,14.46,14.7,15.06,14.339999999,6.974,0.00227,24839109.0,411139228.0,-1.2096774193548487,14.88
HK.00688,中国海外发展,2023-08-17 00:00:00,14.2,14.4,14.499999999,14.14,6.848,0.002,21837857.0,354850821.0,-2.040816326530605,14.7
HK.00688,中国海外发展,2023-08-18 00:00:00,14.26,14.179999999,14.76,14.14,6.756,0.00208,22749029.0,370443798.0,-1.5277777847222274,14.4
HK.00688,中国海外发展,2023-08-21 00:00:00,13.9,13.74,14.02,13.62,6.571,0.00242,26444604.0,414048864.0,-3.1029619113612767,14.179999999
HK.00688,中国海外发展,2023-08-22 00:00:00,13.64,13.52,13.92,13.24,6.478,0.00233,25467344.0,392303570.0,-1.6011644832605576,13.74
HK.00688,中国海外发展,2023-08-23 00:00:00,13.52,13.34,13.78,13.2,6.403,0.00203,22186342.0,339465041.0,-1.33136094674556,13.52
HK.00688,中国海外发展,2023-08-24 00:00:00,13.42,13.58,13.74,13.34,6.504,0.00112,12289249.0,189698918.0,1.799100449775114,13.34
HK.00688,中国海外发展,2023-08-25 00:00:00,13.4,13.76,14.0,13.28,6.579,0.0028,30626760.0,480500066.0,1.3254786450662719,13.58
HK.00688,中国海外发展,2023-08-28 00:00:00,14.36,13.72,14.52,13.62,6.563,0.00237,25913920.0,410158913.0,-0.29069767441859845,13.76
HK.00688,中国海外发展,2023-08-29 00:00:00,14.08,14.74,14.76,14.0,6.991,0.00364,39788156.0,652189260.0,7.434402332361513,13.72
HK.00688,中国海外发展,2023-08-30 00:00:00,14.819999999,14.92,15.54,14.76,7.067,0.0028,30602880.0,519520058.0,1.2211668928086818,14.74
HK.00688,中国海外发展,2023-08-31 00:00:00,15.12,14.64,15.4,14.56,6.949,0.00208,22737639.0,377770693.0,-1.8766756032171539,14.92
HK.00688,中国海外发展,2023-09-04 00:00:00,15.42,16.02,16.44,15.4,7.529,0.00452,49499458.0,885636188.0,9.426229508196714,14.64
HK.00688,中国海外发展,2023-09-05 00:00:00,15.98,15.32,16.02,15.22,7.235,0.00234,25624139.0,445222118.0,-4.3695380774032415,16.02
HK.00688,中国海外发展,2023-09-06 00:00:00,15.3,15.68,15.92,15.02,7.386,0.00193,21082075.0,370111651.0,2.349869451697124,15.32
HK.00688,中国海外发展,2023-09-07 00:00:00,15.82,15.28,15.82,15.28,7.218,0.00104,11415702.0,197734568.0,-2.551020408163268,15.68
HK.00688,中国海外发展,2023-09-11 00:00:00,15.179999999,14.819999999,15.4,14.479999999,7.025,0.00182,19942930.0,331256391.0,-3.010471210732979,15.28
HK.00688,中国海外发展,2023-09-12 00:00:00,14.62,14.64,14.88,14.14,6.949,0.00172,18836419.0,310319156.0,-1.2145748921197395,14.819999999
HK.00688,中国海外发展,2023-09-13 00:00:00,14.839999999,14.74,14.9,14.6,6.991,0.00113,12342470.0,205521257.0,0.683060109289615,14.64
HK.00688,中国海外发展,2023-09-14 00:00:00,14.96,14.64,14.96,14.339999999,6.949,0.00106,11620378.0,191293433.0,-0.6784260515603775,14.74
HK.00688,中国海外发展,2023-09-15 00:00:00,14.8,14.6,14.88,14.499999999,6.932,0.00127,13941991.0,230834713.0,-0.2732240437158533,14.64
HK.00688,中国海外发展,2023-09-18 00:00:00,14.669999999,14.29,14.669999999,14.05,6.655,0.00114,12432256.0,197402411.0,-2.1232876712328803,14.6
HK.00688,中国海外发展,2023-09-19 00:00:00,14.35,14.43,14.47,14.07,6.714,0.00114,12494762.0,197911148.0,0.979706088173552,14.29
HK.00688,中国海外发展,2023-09-20 00:00:00,14.31,14.45,14.61,14.15,6.722,0.00067,7295267.0,116870589.0,0.13860013860013565,14.43
HK.00688,中国海外发展,2023-09-21 00:00:00,14.59,14.31,14.59,14.29,6.663,0.00106,11639556.0,185734404.0,-0.968858131487881,14.45
HK.00688,中国海外发展,2023-09-22 00:00:00,14.25,14.669999999,14.73,14.11,6.815,0.00107,11726124.0,187669101.0,2.5157232634521267,14.31
HK.00688,中国海外发展,2023-09-25 00:00:00,14.65,14.21,14.65,14.19,6.621,0.00115,12586183.0,199147739.0,-3.135650981808831,14.669999999
HK.00688,中国海外发展,2023-09-26 00:00:00,14.21,14.07,14.41,14.05,6.563,0.00091,9953618.0,156572802.0,-0.9852216748768513,14.21
HK.00688,中国海外发展,2023-09-27 00:00:00,14.13,14.27,14.45,14.13,6.647,0.001,10947197.0,173208869.0,1.421464108031267,14.07
HK.00688,中国海外发展,2023-09-28 00:00:00,14.41,14.17,14.41,14.09,6.605,0.00103,11257114.0,177322235.0,-0.7007708479327236,14.27
HK.00688,中国海外发展,2023-09-29 00:00:00,14.35,14.689999999,14.77,14.25,6.823,0.0012,13146279.0,212598048.0,3.669724763585035,14.17
HK.00688,中国海外发展,2023-10-03 00:00:00,14.27,14.19,14.49,14.01,6.613,0.00154,16909153.0,266456185.0,-3.4036759634719993,14.689999999
HK.00688,中国海外发展,2023-10-04 00:00:00,14.21,14.17,14.37,14.01,6.605,0.0008,8807868.0,138897989.0,-0.14094432699083562,14.19
HK.00688,中国海外发展,2023-10-05 00:00:00,14.29,14.29,14.41,14.13,6.655,0.00059,6484263.0,102830721.0,0.8468595624558872,14.17
HK.00688,中国海外发展,2023-10-06 00:00:00,14.35,14.39,14.63,14.35,6.697,0.00048,5258765.0,84149620.0,0.6997900629811157,14.29
HK.00688,中国海外发展,2023-10-09 00:00:00,14.45,14.25,14.59,14.11,6.638,0.00073,7992702.0,126183269.0,-0.9728978457262026,14.39
HK.00688,中国海外发展,2023-10-10 00:00:00,14.57,14.37,15.009999999,14.31,6.689,0.00172,18831554.0,301520043.0,0.8421052631578891,14.25
HK.00688,中国海外发展,2023-10-11 00:00:00,14.73,14.529999999,14.73,14.29,6.756,0.00155,16999965.0,271987364.0,1.1134307515657627,14.37
HK.00688,中国海外发展,2023-10-12 00:00:00,14.95,14.669999999,15.009999999,14.49,6.815,0.00179,19617872.0,319365006.0,0.9635237440442933,14.529999999
HK.00688,中国海外发展,2023-10-13 00:00:00,14.45,14.39,14.61,14.27,6.697,0.00163,17831753.0,284673413.0,-1.9086571166945183,14.669999999
HK.00688,中国海外发展,2023-10-16 00:00:00,14.35,13.99,14.35,13.79,6.529,0.00126,13768138.0,213670501.0,-2.7797081306462847,14.39
HK.00688,中国海外发展,2023-10-17 00:00:00,14.13,13.89,14.15,13.77,6.487,0.0012,13139042.0,202807803.0,-0.7147962830593255,13.99
HK.00688,中国海外发展,2023-10-18 00:00:00,13.85,13.65,14.05,13.63,6.386,0.00125,13689329.0,209492414.0,-1.7278617710583168,13.89
HK.00688,中国海外发展,2023-10-19 00:00:00,13.45,13.33,13.61,13.09,6.252,0.00133,14585889.0,217049952.0,-2.344322344322346,13.65
HK.00688,中国海外发展,2023-10-20 00:00:00,13.25,13.43,13.75,13.07,6.294,0.00131,14384994.0,215312634.0,0.750187546886719,13.33
HK.00688,中国海外发展,2023-10-24 00:00:00,13.41,13.13,13.41,13.07,6.168,0.00103,11278299.0,165882917.0,-2.2338049143708036,13.43
HK.00688,中国海外发展,2023-10-25 00:00:00,13.65,13.35,13.73,13.09,6.26,0.00084,9212365.0,138216270.0,1.6755521706016667,13.13
HK.00688,中国海外发展,2023-10-26 00:00:00,13.55,13.37,13.55,13.21,6.268,0.00116,12743121.0,189883946.0,0.14981273408239382,13.35
HK.00688,中国海外发展,2023-10-27 00:00:00,13.63,13.71,13.81,13.29,6.411,0.00117,12836992.0,195382657.0,2.5430067314884193,13.37
HK.00688,中国海外发展,2023-10-30 00:00:00,13.57,13.73,13.81,13.37,6.42,0.00099,10788339.0,163950309.0,0.14587892049598522,13.71
HK.00688,中国海外发展,2023-10-31 00:00:00,13.73,13.23,13.89,13.13,6.21,0.00138,15082531.0,224720263.0,-3.641660597232338,13.73
HK.00688,中国海外发展,2023-11-01 00:00:00,13.29,13.33,13.51,13.19,6.252,0.00068,7495643.0,111669287.0,0.755857898715039,13.23
HK.00688,中国海外发展,2023-11-02 00:00:00,13.49,13.47,13.73,13.37,6.31,0.00067,7295304.0,109763486.0,1.0502625656414146,13.33
HK.00688,中国海外发展,2023-11-03 00:00:00,13.47,13.67,13.73,13.35,6.394,0.00085,9349225.0,142149346.0,1.4847809948032613,13.47
HK.00688,中国海外发展,2023-11-06 00:00:00,13.75,14.05,14.27,13.75,6.554,0.00138,15121845.0,235790817.0,2.779809802487204,13.67
HK.00688,中国海外发展,2023-11-07 00:00:00,13.89,13.59,14.07,13.47,6.361,0.00098,10719307.0,162922356.0,-3.274021352313173,14.05
HK.00688,中国海外发展,2023-11-08 00:00:00,13.55,13.53,13.65,13.25,6.336,0.00116,12714834.0,190983785.0,-0.441501103752763,13.59
HK.00688,中国海外发展,2023-11-09 00:00:00,13.57,13.11,13.57,12.91,6.159,0.00192,21028859.0,308092823.0,-3.1042128603104207,13.53
HK.00688,中国海外发展,2023-11-10 00:00:00,12.87,12.83,13.05,12.71,6.042,0.00213,23300637.0,335128327.0,-2.135774218154076,13.11
HK.00688,中国海外发展,2023-11-13 00:00:00,12.83,12.75,12.95,12.39,6.008,0.00157,17158105.0,241836491.0,-0.6235385814497277,12.83
HK.00688,中国海外发展,2023-11-14 00:00:00,12.81,12.93,13.19,12.73,6.084,0.00079,8631224.0,125028078.0,1.4117647058823508,12.75
HK.00688,中国海外发展,2023-11-15 00:00:00,13.33,13.61,13.65,13.13,6.369,0.00207,22610642.0,339925602.0,5.259087393658158,12.93
HK.00688,中国海外发展,2023-11-16 00:00:00,13.75,13.45,13.75,13.33,6.302,0.00064,6986078.0,105127127.0,-1.1756061719324038,13.61
HK.00688,中国海外发展,2023-11-17 00:00:00,13.31,13.09,13.43,12.97,6.151,0.00084,9180009.0,134379750.0,-2.6765799256505534,13.45
HK.00688,中国海外发展,2023-11-20 00:00:00,13.25,13.07,13.31,12.79,6.142,0.00177,19367225.0,281081260.0,-0.15278838808250247,13.09
HK.00688,中国海外发展,2023-11-21 00:00:00,13.33,13.23,14.01,13.17,6.21,0.00239,26192472.0,395019902.0,1.224177505738333,13.07
HK.00688,中国海外发展,2023-11-22 00:00:00,13.27,13.37,13.59,13.17,6.268,0.0007,7640091.0,114096607.0,1.058201058201049,13.23
HK.00688,中国海外发展,2023-11-23 00:00:00,13.37,14.03,14.07,13.19,6.546,0.00181,19779349.0,302282316.0,4.936424831712792,13.37
HK.00688,中国海外发展,2023-11-24 00:00:00,14.03,13.77,14.03,13.69,6.436,0.00094,10305958.0,158314669.0,-1.8531717747683523,14.03
HK.00688,中国海外发展,2023-11-27 00:00:00,14.05,13.49,14.05,13.21,6.319,0.00117,12803171.0,191853778.0,-2.0334059549745778,13.77
HK.00688,中国海外发展,2023-11-28 00:00:00,13.49,13.45,13.55,13.31,6.302,0.00074,8099359.0,121298127.0,-0.2965159377316599,13.49
HK.00688,中国海外发展,2023-11-29 00:00:00,13.45,12.87,13.59,12.51,6.058,0.00271,29704251.0,425415755.0,-4.312267657992566,13.45
HK.00688,中国海外发展,2023-11-30 00:00:00,12.87,12.89,13.05,12.71,6.067,0.00153,16743469.0,241403721.0,0.15540015540016588,12.87
HK.00688,中国海外发展,2023-12-01 00:00:00,12.89,12.67,12.97,12.51,5.974,0.00129,14127712.0,201336892.0,-1.7067494181536123,12.89
HK.00688,中国海外发展,2023-12-04 00:00:00,12.93,12.39,12.93,12.37,5.857,0.00111,12203069.0,172113444.0,-2.2099447513812107,12.67
HK.00688,中国海外发展,2023-12-05 00:00:00,12.43,12.05,12.45,11.89,5.714,0.00142,15516200.0,211232657.0,-2.74414850686037,12.39
HK.00688,中国海外发展,2023-12-06 00:00:00,12.11,11.95,12.17,11.83,5.672,0.00142,15513130.0,210224354.0,-0.829875518672211,12.05
HK.00688,中国海外发展,2023-12-07 00:00:00,11.95,11.93,11.99,11.67,5.663,0.00062,6740871.0,90364690.0,-0.1673640167363981,11.95
HK.00688,中国海外发展,2023-12-08 00:00:00,12.01,11.41,12.15,11.27,5.445,0.00201,21956057.0,285376027.0,-4.358759430008378,11.93
HK.00688,中国海外发展,2023-12-11 00:00:00,11.35,11.37,11.47,10.95,5.428,0.00157,17168519.0,218753664.0,-0.350569675723058,11.41
HK.00688,中国海外发展,2023-12-12 00:00:00,11.47,11.73,11.93,11.27,5.579,0.00134,14708033.0,194457678.0,3.1662269129287703,11.37
HK.00688,中国海外发展,2023-12-13 00:00:00,11.61,11.33,11.61,11.19,5.411,0.00094,10334260.0,132795742.0,-3.410059676044334,11.73
HK.00688,中国海外发展,2023-12-14 00:00:00,11.59,11.53,11.71,11.39,5.495,0.00114,12457996.0,162588162.0,1.7652250661959337,11.33
HK.00688,中国海外发展,2023-12-15 00:00:00,11.81,12.03,12.29,11.67,5.705,0.00317,34655922.0,470459416.0,4.336513443191674,11.53
HK.00688,中国海外发展,2023-12-18 00:00:00,11.89,11.83,12.01,11.71,5.621,0.00117,12853464.0,171764592.0,-1.662510390689936,12.03
HK.00688,中国海外发展,2023-12-19 00:00:00,11.83,11.85,11.93,11.63,5.63,0.00114,12512191.0,166965375.0,0.16906170752324237,11.83
HK.00688,中国海外发展,2023-12-20 00:00:00,11.93,11.95,12.27,11.85,5.672,0.00142,15571764.0,211453886.0,0.8438818565400814,11.85
HK.00688,中国海外发展,2023-12-21 00:00:00,11.95,11.95,12.03,11.81,5.672,0.00085,9263871.0,124863522.0,0.0,11.95
HK.00688,中国海外发展,2023-12-22 00:00:00,12.13,11.79,12.21,11.71,5.605,0.0011,12030827.0,161844425.0,-1.3389121338912147,11.95
HK.00688,中国海外发展,2023-12-27 00:00:00,11.95,11.59,12.05,11.25,5.521,0.00239,26205100.0,342799377.0,-1.6963528413910034,11.79
HK.00688,中国海外发展,2023-12-28 00:00:00,11.69,12.13,12.23,11.67,5.747,0.00178,19507437.0,265476757.0,4.659188955996556,11.59
HK.00688,中国海外发展,2023-12-29 00:00:00,12.11,12.21,12.45,12.05,5.781,0.00091,9964880.0,136933359.0,0.6595218466611712,12.13
HK.00688,中国海外发展,2024-01-02 00:00:00,12.21,11.63,12.27,11.55,5.537,0.00112,12312429.0,163400775.0,-4.750204750204751,12.21
HK.00688,中国海外发展,2024-01-03 00:00:00,11.63,11.57,11.73,11.45,5.512,0.00095,10385389.0,136046909.0,-0.5159071367153956,11.63
HK.00688,中国海外发展,2024-01-04 00:00:00,11.59,11.63,11.81,11.39,5.537,0.00141,15388782.0,201798773.0,0.5185825410544554,11.57
HK.00688,中国海外发展,2024-01-05 00:00:00,11.63,11.59,11.93,11.43,5.521,0.00082,8957992.0,118625672.0,-0.3439380911436021,11.63
HK.00688,中国海外发展,2024-01-08 00:00:00,11.81,11.19,11.81,11.07,5.352,0.00152,16680831.0,212994978.0,-3.451251078515965,11.59
HK.00688,中国海外发展,2024-01-09 00:00:00,11.19,11.11,11.35,11.09,5.319,0.0008,8747575.0,111482510.0,-0.7149240393208228,11.19
HK.00688,中国海外发展,2024-01-10 00:00:00,11.09,11.15,11.33,10.91,5.336,0.00068,7401839.0,94339852.0,0.36003600360036836,11.11
HK.00688,中国海外发展,2024-01-11 00:00:00,11.15,11.27,11.47,10.97,5.386,0.00072,7893165.0,101191447.0,1.0762331838564951,11.15
HK.00688,中国海外发展,2024-01-12 00:00:00,11.35,11.05,11.45,10.97,5.294,0.00086,9363592.0,118886759.0,-1.9520851818988365,11.27
HK.00688,中国海外发展,2024-01-15 00:00:00,11.21,10.81,11.21,10.61,5.193,0.00078,8550674.0,105381977.0,-2.1719457013574677,11.05
HK.00688,中国海外发展,2024-01-16 00:00:00,10.81,10.43,10.83,10.37,5.033,0.00176,19245916.0,232496937.0,-3.515263644773365,10.81
HK.00688,中国海外发展,2024-01-17 00:00:00,10.25,9.67,10.25,9.65,4.714,0.00359,39261007.0,453621237.0,-7.286673058485136,10.43
HK.00688,中国海外发展,2024-01-18 00:00:00,9.73,10.01,10.07,9.73,4.857,0.00394,43098556.0,492612225.0,3.5160289555325734,9.67
HK.00688,中国海外发展,2024-01-19 00:00:00,10.03,9.85,10.23,9.65,4.789,0.00244,26725350.0,304588064.0,-1.5984015984015998,10.01
HK.00688,中国海外发展,2024-01-22 00:00:00,9.85,9.19,9.89,9.11,4.512,0.00412,45126144.0,498307703.0,-6.700507614213199,9.85
HK.00688,中国海外发展,2024-01-23 00:00:00,9.23,9.73,9.93,9.23,4.739,0.00248,27197292.0,304403821.0,5.8759521218716095,9.19
HK.00688,中国海外发展,2024-01-24 00:00:00,9.91,10.23,10.27,9.67,4.949,0.00235,25772674.0,297692077.0,5.138746145940391,9.73
HK.00688,中国海外发展,2024-01-25 00:00:00,10.41,10.67,10.79,10.17,5.134,0.00421,46044430.0,556960874.0,4.301075268817199,10.23
HK.00688,中国海外发展,2024-01-26 00:00:00,10.65,10.73,10.99,10.45,5.159,0.00224,24513643.0,301896692.0,0.5623242736644846,10.67
HK.00688,中国海外发展,2024-01-29 00:00:00,10.85,10.79,11.27,10.63,5.184,0.00221,24241068.0,301412865.0,0.5591798695246851,10.73
HK.00688,中国海外发展,2024-01-30 00:00:00,10.79,10.41,10.79,10.27,5.025,0.00143,15655830.0,187204866.0,-3.5217794253938743,10.79
HK.00688,中国海外发展,2024-01-31 00:00:00,10.41,10.21,10.43,10.11,4.941,0.00116,12726606.0,149899341.0,-1.921229586935632,10.41
HK.00688,中国海外发展,2024-02-01 00:00:00,9.99,10.01,10.17,9.77,4.857,0.00205,22401790.0,257584927.0,-1.9588638589618124,10.21
HK.00688,中国海外发展,2024-02-02 00:00:00,10.07,10.21,10.73,10.07,4.941,0.00137,15017145.0,179457085.0,1.9980019980020087,10.01
HK.00688,中国海外发展,2024-02-05 00:00:00,10.21,10.11,10.27,9.75,4.899,0.00129,14087276.0,163015492.0,-0.9794319294809148,10.21
HK.00688,中国海外发展,2024-02-06 00:00:00,9.83,10.67,10.71,9.81,5.134,0.00168,18332907.0,221844397.0,5.5390702274975325,10.11
HK.00688,中国海外发展,2024-02-07 00:00:00,10.77,9.95,10.77,9.73,4.831,0.00246,26884606.0,311445486.0,-6.747891283973765,10.67
HK.00688,中国海外发展,2024-02-08 00:00:00,9.95,9.97,10.07,9.67,4.84,0.00132,14441540.0,165932161.0,0.20100502512564172,9.95
HK.00688,中国海外发展,2024-02-09 00:00:00,9.69,9.81,9.81,9.47,4.773,0.00052,5722321.0,64007928.0,-1.6048144433299913,9.97
HK.00688,中国海外发展,2024-02-14 00:00:00,9.55,9.81,9.81,9.29,4.773,0.00076,8301209.0,92559977.0,0.0,9.81
HK.00688,中国海外发展,2024-02-15 00:00:00,9.81,9.69,9.81,9.41,4.722,0.00101,11032027.0,123539571.0,-1.2232415902140774,9.81
HK.00688,中国海外发展,2024-02-16 00:00:00,9.75,10.39,10.39,9.67,5.016,0.00158,17247251.0,203370008.0,7.2239422084623435,9.69
HK.00688,中国海外发展,2024-02-19 00:00:00,10.23,10.09,10.29,9.89,4.89,0.00114,12452344.0,144313913.0,-2.8873917228104014,10.39
HK.00688,中国海外发展,2024-02-20 00:00:00,10.25,10.21,10.41,9.91,4.941,0.00183,19992088.0,232861132.0,1.189296333002983,10.09
HK.00688,中国海外发展,2024-02-21 00:00:00,10.25,10.75,10.99,10.07,5.168,0.00266,29166947.0,359438274.0,5.288932419196857,10.21
HK.00688,中国海外发展,2024-02-22 00:00:00,10.75,10.81,10.81,10.55,5.193,0.00089,9697541.0,118670215.0,0.5581395348837256,10.75
HK.00688,中国海外发展,2024-02-23 00:00:00,10.57,10.85,10.91,10.51,5.21,0.00112,12267964.0,150988708.0,0.3700277520813982,10.81
HK.00688,中国海外发展,2024-02-26 00:00:00,10.85,10.67,10.99,10.33,5.134,0.0017,18633859.0,227572627.0,-1.6589861751152049,10.85
HK.00688,中国海外发展,2024-02-27 00:00:00,10.67,10.61,10.67,10.19,5.109,0.00155,16965614.0,203398621.0,-0.5623242736644846,10.67
HK.00688,中国海外发展,2024-02-28 00:00:00,10.53,10.31,10.69,10.25,4.983,0.00115,12569509.0,150825186.0,-2.8275212064090383,10.61
HK.00688,中国海外发展,2024-02-29 00:00:00,10.09,10.09,10.57,10.05,4.89,0.0021,23003565.0,269902812.0,-2.1338506304558744,10.31
HK.00688,中国海外发展,2024-03-01 00:00:00,9.87,9.89,10.13,9.69,4.806,0.00144,15751556.0,180750687.0,-1.9821605550049484,10.09
HK.00688,中国海外发展,2024-03-04 00:00:00,9.85,9.45,9.91,9.33,4.621,0.00197,21588559.0,237794178.0,-4.448938321536919,9.89
HK.00688,中国海外发展,2024-03-05 00:00:00,9.23,9.05,9.45,8.99,4.453,0.00228,24918600.0,265713231.0,-4.232804232804218,9.45
HK.00688,中国海外发展,2024-03-06 00:00:00,9.07,9.01,9.25,8.89,4.436,0.00169,18497251.0,195753426.0,-0.4419889502762533,9.05
HK.00688,中国海外发展,2024-03-07 00:00:00,8.99,8.75,9.05,8.55,4.327,0.00276,30253506.0,311844116.0,-2.885682574916757,9.01
HK.00688,中国海外发展,2024-03-08 00:00:00,8.81,8.91,9.07,8.77,4.394,0.00135,14740350.0,154767510.0,1.82857142857143,8.75
HK.00688,中国海外发展,2024-03-11 00:00:00,8.89,9.03,9.09,8.73,4.445,0.00178,19452267.0,203401640.0,1.346801346801338,8.91
HK.00688,中国海外发展,2024-03-12 00:00:00,9.19,10.05,10.21,8.99,4.873,0.00445,48721171.0,554479317.0,11.29568106312294,9.03
HK.00688,中国海外发展,2024-03-13 00:00:00,9.95,9.77,10.09,9.67,4.756,0.00252,27618673.0,314050230.0,-2.786069651741305,10.05
HK.00688,中国海外发展,2024-03-14 00:00:00,9.77,9.79,10.13,9.63,4.764,0.00253,27713461.0,315384954.0,0.2047082906857684,9.77
HK.00688,中国海外发展,2024-03-15 00:00:00,9.69,9.43,9.79,9.31,4.613,0.00261,28602277.0,314585414.0,-3.677221654749739,9.79
HK.00688,中国海外发展,2024-03-18 00:00:00,9.51,9.35,9.63,9.25,4.579,0.00147,16134274.0,176524512.0,-0.8483563096500538,9.43
HK.00688,中国海外发展,2024-03-19 00:00:00,9.15,8.93,9.35,8.85,4.403,0.00304,33224273.0,350015571.0,-4.491978609625668,9.35
HK.00688,中国海外发展,2024-03-20 00:00:00,8.95,9.03,9.19,8.91,4.445,0.0014,15367858.0,162845396.0,1.1198208286674092,8.93
HK.00688,中国海外发展,2024-03-21 00:00:00,9.25,9.51,9.91,9.19,4.647,0.00258,28208145.0,314411438.0,5.315614617940204,9.03
HK.00688,中国海外发展,2024-03-22 00:00:00,9.57,9.09,9.57,8.97,4.47,0.00222,24332307.0,260227406.0,-4.416403785488958,9.51
HK.00688,中国海外发展,2024-03-25 00:00:00,9.07,9.27,9.49,8.97,4.546,0.00115,12638870.0,136694343.0,1.980198019801977,9.09
HK.00688,中国海外发展,2024-03-26 00:00:00,9.49,9.41,9.75,9.39,4.605,0.00159,17433881.0,192472031.0,1.510248112189866,9.27
HK.00688,中国海外发展,2024-03-27 00:00:00,9.25,9.07,9.39,9.07,4.462,0.00222,24274741.0,260568721.0,-3.613177470775769,9.41
HK.00688,中国海外发展,2024-03-28 00:00:00,9.15,9.71,9.81,8.95,4.731,0.0037,40527170.0,452234815.0,7.056229327453148,9.07
HK.00688,中国海外发展,2024-04-02 00:00:00,10.03,10.41,10.57,10.03,4.632,0.00466,51054370.0,608524455.0,7.209062821833154,9.71
HK.00688,中国海外发展,2024-04-03 00:00:00,10.41,10.33,10.69,10.25,4.601,0.0032,35022776.0,420330224.0,-0.7684918347742562,10.41
HK.00688,中国海外发展,2024-04-05 00:00:00,10.27,10.45,10.53,10.11,4.647,0.00237,25992504.0,309773476.0,1.161665053242974,10.33
HK.00688,中国海外发展,2024-04-08 00:00:00,10.51,10.37,10.73,10.31,4.616,0.00249,27214715.0,327742565.0,-0.7655502392344504,10.45
HK.00688,中国海外发展,2024-04-09 00:00:00,10.53,10.53,10.81,10.45,4.678,0.00113,12403663.0,150646920.0,1.5429122468659608,10.37
HK.00688,中国海外发展,2024-04-10 00:00:00,10.75,10.71,10.89,10.53,4.748,0.00204,22315870.0,273428945.0,1.7094017094017238,10.53
HK.00688,中国海外发展,2024-04-11 00:00:00,10.35,10.53,10.57,10.19,4.678,0.00183,20031069.0,239844704.0,-1.6806722689075768,10.71
HK.00688,中国海外发展,2024-04-12 00:00:00,10.47,10.05,10.49,9.93,4.492,0.00189,20661488.0,239958898.0,-4.558404558404546,10.53
HK.00688,中国海外发展,2024-04-15 00:00:00,9.71,9.87,10.17,9.71,4.422,0.00125,13654404.0,156262997.0,-1.7910447761194177,10.05
HK.00688,中国海外发展,2024-04-16 00:00:00,9.69,9.89,10.09,9.61,4.43,0.00246,26880084.0,306914720.0,0.20263424518745035,9.87
HK.00688,中国海外发展,2024-04-17 00:00:00,9.89,9.77,10.05,9.65,4.384,0.00169,18460126.0,209102490.0,-1.2133468149646207,9.89
HK.00688,中国海外发展,2024-04-18 00:00:00,9.77,9.95,10.09,9.57,4.453,0.00162,17724810.0,204143766.0,1.842374616171952,9.77
HK.00688,中国海外发展,2024-04-19 00:00:00,9.95,9.97,10.05,9.69,4.461,0.0017,18564608.0,212383003.0,0.20100502512564172,9.95
HK.00688,中国海外发展,2024-04-22 00:00:00,10.21,10.13,10.33,9.75,4.523,0.00167,18322969.0,214113565.0,1.6048144433299913,9.97
HK.00688,中国海外发展,2024-04-23 00:00:00,10.31,10.25,10.43,10.13,4.57,0.00138,15126201.0,178957195.0,1.1846001974333584,10.13
HK.00688,中国海外发展,2024-04-24 00:00:00,10.39,10.59,10.81,10.23,4.701,0.00229,25060500.0,304437946.0,3.3170731707317063,10.25
HK.00688,中国海外发展,2024-04-25 00:00:00,10.73,11.35,11.35,10.73,4.996,0.00363,39699484.0,506026732.0,7.176581680830971,10.59
HK.00688,中国海外发展,2024-04-26 00:00:00,11.37,12.41,12.65,11.37,5.406,0.00645,70546785.0,966576239.0,9.339207048458155,11.35
HK.00688,中国海外发展,2024-04-29 00:00:00,12.45,12.97,13.39,12.33,5.623,0.00654,71599321.0,1038809279.0,4.512489927477844,12.41
HK.00688,中国海外发展,2024-04-30 00:00:00,12.97,13.03,13.25,12.75,5.646,0.00523,57199724.0,831020165.0,0.4626060138781705,12.97
HK.00688,中国海外发展,2024-05-02 00:00:00,13.07,13.47,13.61,12.81,5.817,0.00287,31462220.0,469824497.0,3.3768227168073777,13.03
HK.00688,中国海外发展,2024-05-03 00:00:00,14.05,14.03,14.17,13.61,6.034,0.00338,36979646.0,573118214.0,4.157386785449137,13.47
HK.00688,中国海外发展,2024-05-06 00:00:00,13.93,13.39,14.05,13.27,5.786,0.00299,32713095.0,492155630.0,-4.5616535994297855,14.03
HK.00688,中国海外发展,2024-05-07 00:00:00,13.19,13.41,13.63,13.07,5.793,0.00258,28217545.0,420102764.0,0.14936519790888403,13.39
HK.00688,中国海外发展,2024-05-08 00:00:00,13.47,13.01,13.57,12.97,5.639,0.00176,19235952.0,282654360.0,-2.9828486204325158,13.41
HK.00688,中国海外发展,2024-05-09 00:00:00,13.17,13.17,13.39,12.87,5.701,0.00203,22232495.0,327330610.0,1.2298232129131448,13.01
HK.00688,中国海外发展,2024-05-10 00:00:00,13.23,13.85,13.95,13.01,5.964,0.00439,48047960.0,728594886.0,5.163249810174637,13.17
HK.00688,中国海外发展,2024-05-13 00:00:00,13.79,13.73,13.83,13.11,5.917,0.00229,25075036.0,378417352.0,-0.8664259927797778,13.85
HK.00688,中国海外发展,2024-05-14 00:00:00,13.87,13.57,14.13,13.43,5.855,0.00191,20872434.0,316912686.0,-1.165331391114349,13.73
HK.00688,中国海外发展,2024-05-16 00:00:00,13.95,14.27,14.529999999,13.79,6.127,0.00436,47722737.0,756302430.0,5.158437730287393,13.57
HK.00688,中国海外发展,2024-05-17 00:00:00,14.47,14.97,15.029999999,13.75,6.398,0.00783,85691302.0,1370931795.0,4.905395935529089,14.27
HK.00688,中国海外发展,2024-05-20 00:00:00,14.97,14.79,15.11,14.61,6.328,0.00329,36041764.0,590208647.0,-1.2024048096192483,14.97
HK.00688,中国海外发展,2024-05-21 00:00:00,14.75,14.529999999,14.93,14.49,6.227,0.0014,15357209.0,248778847.0,-1.7579445638945226,14.79
HK.00688,中国海外发展,2024-05-22 00:00:00,14.73,14.59,15.189999999,14.33,6.25,0.00268,29366017.0,477286298.0,0.4129387543298691,14.529999999
HK.00688,中国海外发展,2024-05-23 00:00:00,14.37,14.47,14.65,14.27,6.204,0.00205,22461496.0,360957650.0,-0.8224811514736067,14.59
HK.00688,中国海外发展,2024-05-24 00:00:00,14.29,14.09,14.65,13.93,6.057,0.0029,31689307.0,498147777.0,-2.6261230131306204,14.47
HK.00688,中国海外发展,2024-05-27 00:00:00,14.07,14.31,14.45,13.69,6.142,0.00175,19149116.0,299404453.0,1.5613910574875844,14.09
HK.00688,中国海外发展,2024-05-28 00:00:00,14.509999999,13.93,14.669999999,13.77,5.995,0.00228,24958151.0,391262750.0,-2.655485674353604,14.31
HK.00688,中国海外发展,2024-05-29 00:00:00,13.65,13.77,13.97,13.65,5.933,0.00141,15413444.0,236863167.0,-1.148600143575019,13.93
HK.00688,中国海外发展,2024-05-30 00:00:00,13.71,13.53,13.87,13.33,5.84,0.00227,24798030.0,373159737.0,-1.7429193899782152,13.77
HK.00688,中国海外发展,2024-05-31 00:00:00,13.69,13.19,13.75,13.19,5.708,0.00369,40385095.0,600948621.0,-2.5129342202512928,13.53
HK.00688,中国海外发展,2024-06-03 00:00:00,13.45,13.63,13.85,13.33,5.879,0.00157,17134700.0,260033871.0,3.335860500379085,13.19
HK.00688,中国海外发展,2024-06-04 00:00:00,13.63,13.73,14.07,13.59,5.917,0.00136,14903344.0,228677788.0,0.7336757153338198,13.63
HK.00688,中国海外发展,2024-06-05 00:00:00,13.73,13.55,13.97,13.45,5.848,0.0013,14207186.0,215577385.0,-1.3109978150036397,13.73
HK.00688,中国海外发展,2024-06-06 00:00:00,13.75,13.53,14.05,13.37,5.84,0.00149,16305846.0,246921046.0,-0.14760147601477008,13.55
HK.00688,中国海外发展,2024-06-07 00:00:00,13.59,13.81,14.11,13.55,5.948,0.00221,24222382.0,372200940.0,2.0694752402069563,13.53
HK.00688,中国海外发展,2024-06-11 00:00:00,13.75,13.65,13.85,13.45,5.886,0.00196,21401478.0,326084901.0,-1.1585807385952218,13.81
HK.00688,中国海外发展,2024-06-12 00:00:00,13.47,12.97,13.53,12.93,5.623,0.00244,26704669.0,391211219.0,-4.981684981684979,13.65
HK.00688,中国海外发展,2024-06-13 00:00:00,13.13,12.87,13.13,12.59,5.584,0.00211,23118002.0,331749871.0,-0.7710100231303116,12.97
HK.00688,中国海外发展,2024-06-14 00:00:00,12.73,12.91,13.29,12.73,5.6,0.00177,19375356.0,281699929.0,0.310800310800318,12.87
HK.00688,中国海外发展,2024-06-17 00:00:00,12.79,12.69,12.97,12.65,5.515,0.00122,13348394.0,190765592.0,-1.7041053446940406,12.91
HK.00688,中国海外发展,2024-06-18 00:00:00,12.69,12.33,12.69,12.15,5.375,0.00172,18857052.0,261667881.0,-2.836879432624109,12.69
HK.00688,中国海外发展,2024-06-19 00:00:00,12.41,12.85,12.93,12.41,5.577,0.00153,16798196.0,240460978.0,4.217356042173557,12.33
HK.00688,中国海外发展,2024-06-20 00:00:00,12.67,12.57,12.85,12.47,5.468,0.00097,10596007.0,149642407.0,-2.178988326848244,12.85
HK.00688,中国海外发展,2024-06-21 00:00:00,12.63,12.41,12.63,12.27,5.406,0.00183,20006525.0,279234155.0,-1.2728719172633265,12.57
HK.00688,中国海外发展,2024-06-24 00:00:00,12.31,12.67,12.71,12.13,5.507,0.00128,13997665.0,197237829.0,2.0950846091861384,12.41
HK.00688,中国海外发展,2024-06-25 00:00:00,12.74,12.9,13.24,12.54,5.422,0.00138,15065036.0,211634742.0,1.8153117600631448,12.67
HK.00688,中国海外发展,2024-06-26 00:00:00,12.9,12.98,13.06,12.6,5.453,0.00095,10399932.0,145838585.0,0.6201550387596905,12.9
HK.00688,中国海外发展,2024-06-27 00:00:00,12.98,12.46,12.98,12.22,5.251,0.00234,25644291.0,347051703.0,-4.006163328197223,12.98
HK.00688,中国海外发展,2024-06-28 00:00:00,12.22,12.44,12.66,12.22,5.243,0.0017,18558943.0,251382663.0,-0.1605136436597219,12.46
HK.00688,中国海外发展,2024-07-02 00:00:00,12.5,12.58,13.24,12.5,5.298,0.00209,22898309.0,319470824.0,1.1254019292604547,12.44
HK.00688,中国海外发展,2024-07-03 00:00:00,12.72,13.02,13.36,12.72,5.468,0.00278,30417112.0,431567785.0,3.497615262321141,12.58
HK.00688,中国海外发展,2024-07-04 00:00:00,13.1,12.62,13.16,12.5,5.313,0.00222,24251643.0,335303701.0,-3.0721966205837203,13.02
HK.00688,中国海外发展,2024-07-05 00:00:00,12.62,12.5,12.78,12.48,5.267,0.00138,15071869.0,206506277.0,-0.9508716323296293,12.62
HK.00688,中国海外发展,2024-07-08 00:00:00,12.62,12.12,12.7,11.9,5.12,0.00274,30003368.0,396925047.0,-3.0400000000000063,12.5
HK.00688,中国海外发展,2024-07-09 00:00:00,12.12,12.06,12.28,11.9,5.096,0.00196,21423484.0,281544218.0,-0.49504950495048455,12.12
HK.00688,中国海外发展,2024-07-10 00:00:00,12.04,11.92,12.2,11.8,5.042,0.00161,17672717.0,230395825.0,-1.1608623548922103,12.06
HK.00688,中国海外发展,2024-07-11 00:00:00,12.04,12.34,12.36,12.04,5.205,0.00141,15378870.0,205413082.0,3.523489932885906,11.92
HK.00688,中国海外发展,2024-07-12 00:00:00,12.44,12.8,13.16,12.44,5.383,0.00242,26475569.0,370154845.0,3.7277147487844475,12.34
HK.00688,中国海外发展,2024-07-15 00:00:00,12.72,12.38,12.82,12.22,5.22,0.00149,16272764.0,220375056.0,-3.2812499999999996,12.8
HK.00688,中国海外发展,2024-07-16 00:00:00,12.38,12.2,12.54,12.16,5.151,0.00234,25635234.0,343168336.0,-1.4539579967689942,12.38
HK.00688,中国海外发展,2024-07-17 00:00:00,12.3,12.34,12.7,12.22,5.205,0.0017,18639101.0,252796271.0,1.1475409836065622,12.2
HK.00688,中国海外发展,2024-07-18 00:00:00,12.34,12.5,12.6,12.1,5.267,0.00155,16954669.0,229295288.0,1.2965964343598066,12.34
HK.00688,中国海外发展,2024-07-19 00:00:00,12.44,11.92,12.46,11.88,5.042,0.00181,19805569.0,259694086.0,-4.640000000000001,12.5
HK.00688,中国海外发展,2024-07-22 00:00:00,11.98,11.84,12.06,11.64,5.011,0.00121,13269028.0,171679932.0,-0.671140939597316,11.92
HK.00688,中国海外发展,2024-07-23 00:00:00,11.86,11.58,11.94,11.54,4.91,0.00154,16895751.0,216085992.0,-2.1959459459459443,11.84
HK.00688,中国海外发展,2024-07-24 00:00:00,11.54,11.52,11.7,11.44,4.887,0.00124,13536295.0,171717181.0,-0.518134715025911,11.58
HK.00688,中国海外发展,2024-07-25 00:00:00,11.42,11.48,11.68,11.3,4.872,0.00118,12957876.0,163339933.0,-0.3472222222222148,11.52
HK.00688,中国海外发展,2024-07-26 00:00:00,11.5,11.46,11.74,11.46,4.864,0.0011,12080391.0,153034733.0,-0.17421602787456072,11.48
HK.00688,中国海外发展,2024-07-29 00:00:00,11.6,11.52,11.74,11.44,4.887,0.00099,10806383.0,137149449.0,0.5235602094240727,11.46
HK.00688,中国海外发展,2024-07-30 00:00:00,11.42,11.32,11.5,11.22,4.81,0.00201,22024955.0,273915882.0,-1.736111111111105,11.52
HK.00688,中国海外发展,2024-07-31 00:00:00,11.4,11.56,11.68,11.32,4.903,0.00123,13485980.0,170757181.0,2.1201413427561855,11.32
HK.00688,中国海外发展,2024-08-01 00:00:00,11.5,11.34,11.82,11.28,4.817,0.00139,15198333.0,190235117.0,-1.9031141868512167,11.56
HK.00688,中国海外发展,2024-08-02 00:00:00,11.18,11.32,11.32,11.0,4.81,0.00145,15880563.0,194961341.0,-0.17636684303350594,11.34
HK.00688,中国海外发展,2024-08-05 00:00:00,11.12,11.42,11.54,11.0,4.848,0.00198,21626497.0,268728269.0,0.8833922261484068,11.32
HK.00688,中国海外发展,2024-08-06 00:00:00,11.56,11.42,11.58,11.28,4.848,0.00151,16514283.0,207265535.0,0.0,11.42
HK.00688,中国海外发展,2024-08-07 00:00:00,11.42,11.54,11.64,11.3,4.895,0.00096,10491126.0,132020879.0,1.0507880910682945,11.42
HK.00688,中国海外发展,2024-08-08 00:00:00,11.42,11.48,11.78,11.36,4.872,0.00104,11337312.0,143431247.0,-0.5199306759098676,11.54
HK.00688,中国海外发展,2024-08-09 00:00:00,11.6,11.8,12.2,11.6,4.996,0.00224,24505531.0,319371646.0,2.7874564459930338,11.48
HK.00688,中国海外发展,2024-08-12 00:00:00,11.66,11.68,11.88,11.42,4.949,0.00136,14836337.0,188954842.0,-1.0169491525423813,11.8
HK.00688,中国海外发展,2024-08-13 00:00:00,11.78,11.68,11.82,11.58,4.949,0.00094,10329493.0,132263867.0,0.0,11.68
HK.00688,中国海外发展,2024-08-14 00:00:00,11.8,11.64,11.82,11.52,4.934,0.00073,8026230.0,102386460.0,-0.34246575342465024,11.68
HK.00688,中国海外发展,2024-08-15 00:00:00,11.52,11.58,11.78,11.42,4.91,0.00122,13352329.0,169726021.0,-0.5154639175257775,11.64
HK.00688,中国海外发展,2024-08-16 00:00:00,11.72,11.56,11.84,11.54,4.903,0.00096,10483867.0,133502455.0,-0.17271157167529858,11.58
HK.00688,中国海外发展,2024-08-19 00:00:00,11.6,11.56,11.72,11.5,4.903,0.00085,9278700.0,117806024.0,0.0,11.56
HK.00688,中国海外发展,2024-08-20 00:00:00,11.62,11.44,11.7,11.26,4.856,0.00109,11953627.0,149216520.0,-1.0380622837370328,11.56
HK.00688,中国海外发展,2024-08-21 00:00:00,11.38,11.06,11.38,10.92,4.709,0.00187,20473647.0,248901282.0,-3.3216783216783132,11.44
HK.00688,中国海外发展,2024-08-22 00:00:00,11.1,10.92,11.26,10.62,4.655,0.00239,26156036.0,310504511.0,-1.2658227848101316,11.06
HK.00688,中国海外发展,2024-08-23 00:00:00,10.86,10.9,10.94,10.7,4.647,0.00102,11212039.0,133453090.0,-0.18315018315017925,10.92
HK.00688,中国海外发展,2024-08-26 00:00:00,10.92,11.12,11.26,10.92,4.732,0.00115,12588488.0,153270624.0,2.0183486238532002,10.9
HK.00688,中国海外发展,2024-08-27 00:00:00,11.1,11.1,11.14,10.76,4.725,0.00083,9115858.0,109859863.0,-0.17985611510790983,11.12
HK.00688,中国海外发展,2024-08-28 00:00:00,11.08,10.54,11.08,10.46,4.508,0.00202,22102162.0,259134622.0,-5.0450450450450495,11.1
HK.00688,中国海外发展,2024-08-29 00:00:00,10.18,10.76,10.78,10.14,4.593,0.0016,17493786.0,203566302.0,2.087286527514238,10.54
HK.00688,中国海外发展,2024-08-30 00:00:00,10.72,11.28,11.9,10.64,4.794,0.00378,41409091.0,517076189.0,4.832713754646837,10.76
HK.00688,中国海外发展,2024-09-02 00:00:00,11.14,10.7,11.2,10.54,4.57,0.00188,20623849.0,243868020.0,-5.141843971631207,11.28
HK.00688,中国海外发展,2024-09-03 00:00:00,10.7,10.76,10.94,10.56,4.593,0.00113,12317519.0,146102431.0,0.5607476635514066,10.7
HK.00688,中国海外发展,2024-09-04 00:00:00,10.62,10.66,10.94,10.54,4.554,0.0009,9831014.0,115678849.0,-0.9293680297397737,10.76
HK.00688,中国海外发展,2024-09-05 00:00:00,10.66,10.7,10.86,10.54,4.57,0.00138,15117845.0,177736168.0,0.375234521575977,10.66
HK.00688,中国海外发展,2024-09-09 00:00:00,10.7,10.36,10.7,10.24,4.438,0.00155,16954305.0,194645389.0,-3.1775700934579425,10.7
HK.00688,中国海外发展,2024-09-10 00:00:00,10.36,10.02,10.36,9.94,4.306,0.00202,22092679.0,247753374.0,-3.281853281853281,10.36
HK.00688,中国海外发展,2024-09-11 00:00:00,9.92,10.0,10.0,9.84,4.298,0.00093,10192252.0,112578992.0,-0.19960079840318934,10.02
HK.00688,中国海外发展,2024-09-12 00:00:00,10.0,10.04,10.08,9.76,4.314,0.0013,14222611.0,157168212.0,0.39999999999999153,10.0
HK.00688,中国海外发展,2024-09-13 00:00:00,10.02,10.12,10.32,10.02,4.345,0.00137,14980409.0,168509589.0,0.7968127490039849,10.04
HK.00688,中国海外发展,2024-09-16 00:00:00,10.08,9.9,10.08,9.74,4.144,0.00099,10807700.0,115242690.0,-2.1739130434782497,10.12
HK.00688,中国海外发展,2024-09-17 00:00:00,9.98,10.14,10.2,9.86,4.237,0.00074,8141175.0,88706772.0,2.4242424242424265,9.9
HK.00688,中国海外发展,2024-09-19 00:00:00,10.24,10.68,10.9,10.2,4.446,0.0035,38352045.0,438493621.0,5.325443786982239,10.14
HK.00688,中国海外发展,2024-09-20 00:00:00,10.58,10.9,11.06,10.46,4.531,0.00429,46985335.0,548744588.0,2.0599250936329647,10.68
HK.00688,中国海外发展,2024-09-23 00:00:00,10.8,11.04,11.28,10.8,4.585,0.00194,21183935.0,251827198.0,1.2844036697247594,10.9
HK.00688,中国海外发展,2024-09-24 00:00:00,11.3,11.64,11.78,11.3,4.817,0.00436,47680769.0,589730767.0,5.434782608695665,11.04
HK.00688,中国海外发展,2024-09-25 00:00:00,12.06,11.58,12.32,11.52,4.794,0.00329,35963048.0,456424167.0,-0.5154639175257775,11.64
HK.00688,中国海外发展,2024-09-26 00:00:00,11.7,13.52,13.64,11.62,5.546,0.00835,91396706.0,1250485904.0,16.75302245250431,11.58
HK.00688,中国海外发展,2024-09-27 00:00:00,13.98,14.6,14.64,13.98,5.964,0.01228,134428514.0,2036975014.0,7.988165680473373,13.52
HK.00688,中国海外发展,2024-09-30 00:00:00,15.48,15.12,16.04,15.02,6.165,0.01043,114185878.0,1860610617.0,3.5616438356164357,14.6
HK.00688,中国海外发展,2024-10-02 00:00:00,15.32,17.52,17.78,15.24,7.095,0.00855,93538982.0,1666829054.0,15.873015873015875,15.12
HK.00688,中国海外发展,2024-10-03 00:00:00,17.62,16.74,17.7,15.48,6.793,0.0057,62364427.0,1076561142.0,-4.452054794520555,17.52
HK.00688,中国海外发展,2024-10-04 00:00:00,16.82,16.76,17.24,16.5,6.8,0.00468,51222128.0,901673406.0,0.1194743130227188,16.74
HK.00688,中国海外发展,2024-10-07 00:00:00,16.76,17.04,17.06,16.279999999,6.909,0.00389,42534917.0,742628003.0,1.6706443914081,16.76
HK.00688,中国海外发展,2024-10-08 00:00:00,16.82,14.22,16.96,14.04,5.817,0.00761,83267609.0,1306957656.0,-16.54929577464788,17.04
HK.00688,中国海外发展,2024-10-09 00:00:00,14.4,13.6,14.74,13.16,5.577,0.00735,80479044.0,1174040723.0,-4.360056258790443,14.22
HK.00688,中国海外发展,2024-10-10 00:00:00,14.0,14.06,14.54,13.6,5.755,0.00438,47944325.0,713254464.0,3.382352941176477,13.6
HK.00688,中国海外发展,2024-10-14 00:00:00,14.66,14.88,15.32,14.4,6.072,0.00793,86792348.0,1361237514.0,5.832147937411097,14.06
HK.00688,中国海外发展,2024-10-15 00:00:00,15.0,14.1,15.34,13.94,5.77,0.005,54717714.0,842064089.0,-5.241935483870975,14.88
HK.00688,中国海外发展,2024-10-16 00:00:00,14.28,14.66,15.259999999,14.28,5.987,0.00643,70365459.0,1096048722.0,3.9716312056737624,14.1
HK.00688,中国海外发展,2024-10-17 00:00:00,14.66,13.64,14.82,13.56,5.592,0.00432,47310391.0,701807406.0,-6.95770804911323,14.66
HK.00688,中国海外发展,2024-10-18 00:00:00,13.64,14.0,14.18,13.36,5.731,0.004,43791142.0,639706600.0,2.63929618768328,13.64
HK.00688,中国海外发展,2024-10-21 00:00:00,14.0,14.38,14.66,13.92,5.879,0.00336,36807228.0,560549052.0,2.7142857142857197,14.0
HK.00688,中国海外发展,2024-10-22 00:00:00,14.3,14.5,14.7,14.28,5.925,0.00175,19109771.0,291940707.0,0.8344923504867816,14.38
HK.00688,中国海外发展,2024-10-23 00:00:00,14.78,14.4,14.78,14.26,5.886,0.00232,25363695.0,387219760.0,-0.6896551724137907,14.5
HK.00688,中国海外发展,2024-10-24 00:00:00,14.0,14.02,14.22,13.88,5.739,0.00164,17982235.0,267009650.0,-2.638888888888894,14.4
HK.00688,中国海外发展,2024-10-25 00:00:00,13.88,13.8,14.1,13.7,5.654,0.00202,22094211.0,324050619.0,-1.5691868758915755,14.02
HK.00688,中国海外发展,2024-10-28 00:00:00,13.64,14.4,14.48,13.58,5.886,0.0028,30687568.0,458996396.0,4.347826086956519,13.8
HK.00688,中国海外发展,2024-10-29 00:00:00,14.4,13.92,14.54,13.66,5.701,0.00278,30404242.0,448219054.0,-3.333333333333336,14.4
HK.00688,中国海外发展,2024-10-30 00:00:00,14.08,13.98,14.4,13.72,5.724,0.0022,24090190.0,357178725.0,0.4310344827586242,13.92
HK.00688,中国海外发展,2024-10-31 00:00:00,13.8,14.06,14.66,13.8,5.755,0.00282,30862908.0,462974544.0,0.5722460658082981,13.98
HK.00688,中国海外发展,2024-11-01 00:00:00,14.3,14.7,15.12,14.3,6.003,0.00479,52466872.0,812740441.0,4.551920341394017,14.06
HK.00688,中国海外发展,2024-11-04 00:00:00,14.7,14.42,14.76,14.18,5.894,0.00229,25112826.0,382225333.0,-1.9047619047619004,14.7
HK.00688,中国海外发展,2024-11-05 00:00:00,14.48,14.86,15.04,14.36,6.065,0.00257,28147708.0,439953697.0,3.051317614424407,14.42
HK.00688,中国海外发展,2024-11-06 00:00:00,14.86,14.76,15.22,14.32,6.026,0.00298,32614568.0,508144600.0,-0.6729475100942103,14.86
HK.00688,中国海外发展,2024-11-07 00:00:00,14.68,15.16,15.4,14.58,6.181,0.00356,38992340.0,621724849.0,2.7100271002710055,14.76
HK.00688,中国海外发展,2024-11-08 00:00:00,15.38,14.56,15.5,14.5,5.948,0.00321,35149095.0,545041795.0,-3.9577836411609475,15.16
HK.00688,中国海外发展,2024-11-11 00:00:00,14.0,13.88,14.14,13.54,5.685,0.00347,37940252.0,555328060.0,-4.670329670329668,14.56
HK.00688,中国海外发展,2024-11-12 00:00:00,13.8,13.52,14.1,13.36,5.546,0.00201,22017231.0,317030922.0,-2.593659942363121,13.88
HK.00688,中国海外发展,2024-11-13 00:00:00,13.42,13.54,13.58,13.22,5.553,0.00172,18805433.0,266628006.0,0.14792899408283708,13.52
HK.00688,中国海外发展,2024-11-14 00:00:00,13.4,13.02,13.52,12.88,5.352,0.0039,42721452.0,593001390.0,-3.84047267355982,13.54
HK.00688,中国海外发展,2024-11-15 00:00:00,13.04,12.76,13.16,12.72,5.251,0.00247,27015047.0,368534701.0,-1.996927803379415,13.02
HK.00688,中国海外发展,2024-11-18 00:00:00,13.1,12.76,13.18,12.66,5.251,0.00231,25278421.0,346115153.0,0.0,12.76
HK.00688,中国海外发展,2024-11-19 00:00:00,13.02,12.82,13.04,12.58,5.274,0.00204,22361230.0,302746596.0,0.47021943573668107,12.76
HK.00688,中国海外发展,2024-11-20 00:00:00,12.82,12.98,13.1,12.78,5.336,0.00194,21244563.0,292557136.0,1.248049921996881,12.82
HK.00688,中国海外发展,2024-11-21 00:00:00,12.76,12.82,13.02,12.74,5.274,0.00154,16814602.0,229889200.0,-1.2326656394453015,12.98
HK.00688,中国海外发展,2024-11-22 00:00:00,12.78,12.36,12.78,12.24,5.096,0.00296,32360531.0,428914303.0,-3.588143525741036,12.82
HK.00688,中国海外发展,2024-11-25 00:00:00,12.5,12.32,12.52,12.22,5.081,0.00248,27197045.0,357003018.0,-0.32362459546924877,12.36
HK.00688,中国海外发展,2024-11-26 00:00:00,12.32,12.36,12.52,12.22,5.096,0.00157,17186593.0,226586383.0,0.32467532467531773,12.32
HK.00688,中国海外发展,2024-11-27 00:00:00,12.5,12.62,12.68,12.16,5.197,0.00149,16343969.0,216602501.0,2.10355987055016,12.36
HK.00688,中国海外发展,2024-11-28 00:00:00,12.64,12.48,12.68,12.38,5.143,0.00131,14345252.0,190591683.0,-1.1093502377178985,12.62
HK.00688,中国海外发展,2024-11-29 00:00:00,12.6,12.54,12.84,12.44,5.166,0.00224,24473788.0,328088837.0,0.48076923076922046,12.48
HK.00688,中国海外发展,2024-12-02 00:00:00,12.72,12.72,12.92,12.54,5.236,0.00181,19857117.0,268376896.0,1.4354066985646052,12.54
HK.00688,中国海外发展,2024-12-03 00:00:00,12.88,12.88,12.98,12.54,5.298,0.00166,18216893.0,247487283.0,1.2578616352201268,12.72
HK.00688,中国海外发展,2024-12-04 00:00:00,12.9,12.94,13.02,12.64,5.321,0.00166,18202920.0,248387541.0,0.46583850931676024,12.88
HK.00688,中国海外发展,2024-12-05 00:00:00,12.74,12.74,12.84,12.52,5.243,0.00167,18245634.0,245597969.0,-1.5455950540958214,12.94
HK.00688,中国海外发展,2024-12-06 00:00:00,12.84,13.0,13.26,12.74,5.344,0.00223,24421086.0,337754779.0,2.0408163265306105,12.74
HK.00688,中国海外发展,2024-12-09 00:00:00,12.92,13.4,13.48,12.58,5.499,0.00301,32942861.0,454157739.0,3.0769230769230793,13.0
HK.00688,中国海外发展,2024-12-10 00:00:00,14.18,13.02,14.32,12.98,5.352,0.00376,41205979.0,586440522.0,-2.8358208955223936,13.4
HK.00688,中国海外发展,2024-12-11 00:00:00,13.0,12.9,13.34,12.84,5.305,0.00142,15578586.0,215623031.0,-0.9216589861751093,13.02
HK.00688,中国海外发展,2024-12-12 00:00:00,12.8,12.98,13.22,12.72,5.336,0.00156,17051760.0,235016356.0,0.6201550387596905,12.9
HK.00688,中国海外发展,2024-12-13 00:00:00,12.8,12.3,12.9,12.2,5.073,0.00413,45190152.0,592787836.0,-5.238828967642525,12.98
HK.00688,中国海外发展,2024-12-16 00:00:00,12.28,11.96,12.4,11.84,4.941,0.00255,27943649.0,357905367.0,-2.7642276422764214,12.3
HK.00688,中国海外发展,2024-12-17 00:00:00,11.92,11.86,12.04,11.66,4.903,0.00225,24582212.0,310334932.0,-0.8361204013378044,11.96
HK.00688,中国海外发展,2024-12-18 00:00:00,11.9,11.88,12.06,11.72,4.91,0.0017,18560728.0,234623395.0,0.16863406408095574,11.86
HK.00688,中国海外发展,2024-12-19 00:00:00,11.7,11.66,11.78,11.54,4.825,0.00219,24021848.0,298464535.0,-1.851851851851857,11.88
HK.00688,中国海外发展,2024-12-20 00:00:00,11.56,11.54,11.68,11.42,4.779,0.00184,20111321.0,247944143.0,-1.029159519725566,11.66
HK.00688,中国海外发展,2024-12-23 00:00:00,11.54,11.6,11.68,11.42,4.802,0.00172,18847675.0,232762140.0,0.5199306759098831,11.54
HK.00688,中国海外发展,2024-12-24 00:00:00,11.76,11.68,11.8,11.56,4.833,0.00109,11918040.0,148809657.0,0.6896551724137937,11.6
HK.00688,中国海外发展,2024-12-27 00:00:00,11.54,11.6,11.66,11.32,4.802,0.00206,22584875.0,277922464.0,-0.6849315068493157,11.68
HK.00688,中国海外发展,2024-12-30 00:00:00,11.64,11.52,11.72,11.3,4.771,0.00212,23211768.0,285154334.0,-0.6896551724137937,11.6
HK.00688,中国海外发展,2024-12-31 00:00:00,11.5,11.6,11.68,11.42,4.802,0.00131,14289840.0,176508265.0,0.6944444444444451,11.52
HK.00688,中国海外发展,2025-01-02 00:00:00,11.42,11.38,11.64,11.34,4.717,0.00227,24846881.0,304332990.0,-1.8965517241379213,11.6
HK.00688,中国海外发展,2025-01-03 00:00:00,11.4,11.5,11.68,11.4,4.763,0.00189,20635809.0,254485454.0,1.054481546572928,11.38
HK.00688,中国海外发展,2025-01-06 00:00:00,11.64,11.52,11.64,11.4,4.771,0.00117,12771532.0,157153625.0,0.17391304347825717,11.5
HK.00688,中国海外发展,2025-01-07 00:00:00,11.52,11.54,11.6,11.3,4.779,0.00113,12411583.0,152309723.0,0.1736111111111074,11.52
HK.00688,中国海外发展,2025-01-08 00:00:00,11.52,11.32,11.58,11.12,4.694,0.00229,25104207.0,303464579.0,-1.906412478336212,11.54
HK.00688,中国海外发展,2025-01-09 00:00:00,11.34,11.34,11.52,11.28,4.701,0.00082,9007059.0,109773756.0,0.1766784452296782,11.32
HK.00688,中国海外发展,2025-01-10 00:00:00,11.48,11.14,11.48,11.12,4.624,0.00149,16318902.0,195354678.0,-1.7636684303350907,11.34
HK.00688,中国海外发展,2025-01-13 00:00:00,11.08,11.28,11.34,10.88,4.678,0.00182,19881819.0,236656446.0,1.2567324955116588,11.14
HK.00688,中国海外发展,2025-01-14 00:00:00,11.26,11.48,11.64,11.14,4.756,0.00187,20434577.0,250441358.0,1.7730496453900804,11.28
HK.00688,中国海外发展,2025-01-15 00:00:00,11.44,11.62,11.66,11.3,4.81,0.00191,20852284.0,257710707.0,1.2195121951219408,11.48
HK.00688,中国海外发展,2025-01-16 00:00:00,11.62,11.82,12.04,11.58,4.887,0.00196,21484781.0,271332071.0,1.7211703958692002,11.62
HK.00688,中国海外发展,2025-01-17 00:00:00,11.78,12.0,12.3,11.66,4.957,0.00256,28065663.0,360675134.0,1.5228426395939063,11.82
HK.00688,中国海外发展,2025-01-20 00:00:00,12.0,11.7,12.06,11.66,4.841,0.00347,37977322.0,480375309.0,-2.500000000000006,12.0
HK.00688,中国海外发展,2025-01-21 00:00:00,11.72,11.68,12.1,11.6,4.833,0.00378,41339387.0,520409938.0,-0.1709401709401673,11.7
HK.00688,中国海外发展,2025-01-22 00:00:00,11.68,11.48,11.68,11.38,4.756,0.00165,18102409.0,222812475.0,-1.7123287671232816,11.68
HK.00688,中国海外发展,2025-01-23 00:00:00,11.5,11.34,11.7,11.3,4.701,0.00159,17390607.0,212343608.0,-1.219512195121956,11.48
HK.00688,中国海外发展,2025-01-24 00:00:00,11.34,11.42,11.52,11.32,4.732,0.00135,14825038.0,181118589.0,0.7054673721340394,11.34
HK.00688,中国海外发展,2025-01-27 00:00:00,11.4,11.46,11.7,11.38,4.748,0.00175,19175347.0,235601020.0,0.3502626970227752,11.42
HK.00688,中国海外发展,2025-01-28 00:00:00,11.5,11.56,11.7,11.48,4.786,0.0007,7639553.0,94452581.0,0.8726003490401365,11.46
HK.00688,中国海外发展,2025-02-03 00:00:00,11.3,11.26,11.52,10.98,4.67,0.00148,16204278.0,194437879.0,-2.5951557093425666,11.56
HK.00688,中国海外发展,2025-02-04 00:00:00,11.5,11.46,11.58,11.1,4.748,0.00184,20123396.0,245180605.0,1.776198934280649,11.26
HK.00688,中国海外发展,2025-02-05 00:00:00,11.32,11.2,11.4,11.1,4.647,0.0018,19724766.0,236960309.0,-2.2687609075043764,11.46
HK.00688,中国海外发展,2025-02-06 00:00:00,11.16,11.44,11.46,11.14,4.74,0.00204,22345515.0,271252572.0,2.142857142857145,11.2
HK.00688,中国海外发展,2025-02-07 00:00:00,11.48,11.64,11.76,11.38,4.817,0.0031,33886937.0,420845997.0,1.7482517482517577,11.44
HK.00688,中国海外发展,2025-02-10 00:00:00,11.64,11.86,11.96,11.64,4.903,0.00213,23364773.0,295354446.0,1.8900343642611586,11.64
HK.00688,中国海外发展,2025-02-11 00:00:00,11.86,11.6,11.96,11.6,4.802,0.00208,22768242.0,283909169.0,-2.192242833052275,11.86
HK.00688,中国海外发展,2025-02-12 00:00:00,11.7,12.32,12.38,11.6,5.081,0.00478,52347763.0,672848498.0,6.206896551724143,11.6
HK.00688,中国海外发展,2025-02-13 00:00:00,12.32,12.0,12.48,11.96,4.957,0.00397,43486788.0,566297713.0,-2.5974025974025996,12.32
HK.00688,中国海外发展,2025-02-14 00:00:00,12.1,12.66,12.68,12.1,5.213,0.00447,48922000.0,649251864.0,5.500000000000002,12.0
HK.00688,中国海外发展,2025-02-17 00:00:00,12.6,12.9,13.12,12.54,5.305,0.00444,48640121.0,665595268.0,1.8957345971563997,12.66
HK.00688,中国海外发展,2025-02-18 00:00:00,12.9,12.76,12.9,12.58,5.251,0.00217,23742278.0,321369222.0,-1.0852713178294617,12.9
HK.00688,中国海外发展,2025-02-19 00:00:00,12.6,13.02,13.34,12.48,5.352,0.00276,30221716.0,417357137.0,2.0376175548589326,12.76
HK.00688,中国海外发展,2025-02-20 00:00:00,12.94,12.62,12.98,12.48,5.197,0.0018,19707079.0,265221751.0,-3.0721966205837203,13.02
HK.00688,中国海外发展,2025-02-21 00:00:00,12.96,12.62,12.96,12.4,5.197,0.00209,22929323.0,308093336.0,0.0,12.62
HK.00688,中国海外发展,2025-02-24 00:00:00,12.62,13.16,13.5,12.52,5.406,0.0045,49282865.0,690743905.0,4.278922345483367,12.62
HK.00688,中国海外发展,2025-02-25 00:00:00,13.04,12.96,13.06,12.8,5.329,0.00247,26984230.0,370166181.0,-1.5197568389057698,13.16
HK.00688,中国海外发展,2025-02-26 00:00:00,13.02,14.02,14.12,13.0,5.739,0.00784,85821778.0,1243298832.0,8.179012345679002,12.96
HK.00688,中国海外发展,2025-02-27 00:00:00,13.9,14.1,14.26,13.86,5.77,0.00459,50185201.0,746724557.0,0.5706134094151218,14.02
HK.00688,中国海外发展,2025-02-28 00:00:00,13.94,13.6,14.02,13.48,5.577,0.00486,53166574.0,770182124.0,-3.546099290780142,14.1
HK.00688,中国海外发展,2025-03-03 00:00:00,13.7,13.62,14.24,13.52,5.584,0.00396,43363010.0,632885896.0,0.14705882352940863,13.6
HK.00688,中国海外发展,2025-03-04 00:00:00,13.4,13.8,13.96,13.34,5.654,0.00266,29122128.0,423004542.0,1.3215859030837114,13.62
HK.00688,中国海外发展,2025-03-05 00:00:00,14.04,13.76,14.12,13.4,5.639,0.00233,25550299.0,370760744.0,-0.2898550724637748,13.8
HK.00688,中国海外发展,2025-03-06 00:00:00,13.92,14.46,14.56,13.74,5.91,0.0054,59073622.0,887212992.0,5.087209302325589,13.76
HK.00688,中国海外发展,2025-03-07 00:00:00,14.44,14.34,14.74,14.22,5.863,0.00386,42218393.0,643263719.0,-0.829875518672206,14.46
HK.00688,中国海外发展,2025-03-10 00:00:00,14.36,13.92,14.62,13.6,5.701,0.00351,38436839.0,564908184.0,-2.928870292887029,14.34
HK.00688,中国海外发展,2025-03-11 00:00:00,13.7,14.06,14.12,13.36,5.755,0.00257,28172868.0,410597978.0,1.0057471264367857,13.92
HK.00688,中国海外发展,2025-03-12 00:00:00,14.16,13.76,14.16,13.54,5.639,0.00269,29393478.0,427743938.0,-2.1337126600284546,14.06
HK.00688,中国海外发展,2025-03-13 00:00:00,13.8,13.5,13.82,13.24,5.538,0.00256,27973487.0,399640489.0,-1.8895348837209287,13.76
HK.00688,中国海外发展,2025-03-14 00:00:00,13.74,13.92,14.14,13.32,5.701,0.0045,49270999.0,723975060.0,3.1111111111111107,13.5
HK.00688,中国海外发展,2025-03-17 00:00:00,14.0,14.02,14.26,13.92,5.739,0.00174,19035766.0,282932750.0,0.7183908045976987,13.92
HK.00688,中国海外发展,2025-03-18 00:00:00,14.3,14.1,14.34,13.96,5.77,0.00209,22885443.0,340676036.0,0.5706134094151218,14.02
HK.00688,中国海外发展,2025-03-19 00:00:00,14.2,13.94,14.2,13.84,5.708,0.00181,19818996.0,292144107.0,-1.1347517730496466,14.1
HK.00688,中国海外发展,2025-03-20 00:00:00,13.78,13.52,13.9,13.42,5.546,0.00309,33838347.0,486951520.0,-3.012912482065997,13.94
HK.00688,中国海外发展,2025-03-21 00:00:00,13.4,13.38,13.52,13.12,5.491,0.00325,35581063.0,501954878.0,-1.0355029585798727,13.52
HK.00688,中国海外发展,2025-03-24 00:00:00,13.38,13.3,13.46,13.1,5.46,0.0019,20797680.0,292172199.0,-0.5979073243647239,13.38
HK.00688,中国海外发展,2025-03-25 00:00:00,13.24,13.28,13.46,13.14,5.453,0.00118,12922694.0,181971358.0,-0.15037593984963418,13.3
HK.00688,中国海外发展,2025-03-26 00:00:00,13.4,13.22,13.62,13.1,5.429,0.00242,26502092.0,372783399.0,-0.451807228915653,13.28
HK.00688,中国海外发展,2025-03-27 00:00:00,13.2,13.36,13.48,13.16,5.484,0.00125,13646871.0,193226884.0,1.059001512859295,13.22
HK.00688,中国海外发展,2025-03-28 00:00:00,13.58,13.3,13.58,13.08,5.46,0.0014,15294398.0,214958009.0,-0.44910179640717607,13.36
HK.00688,中国海外发展,2025-03-31 00:00:00,13.12,13.1,13.22,12.88,9.008,0.00207,22628582.0,313823262.0,-1.5037593984962485,13.3
HK.00688,中国海外发展,2025-04-01 00:00:00,13.0,12.48,13.12,12.42,8.606,0.0044,48148948.0,643584449.0,-4.73282442748091,13.1
HK.00688,中国海外发展,2025-04-02 00:00:00,12.44,12.62,12.62,12.38,8.697,0.00165,18113565.0,241502855.0,1.121794871794862,12.48
HK.00688,中国海外发展,2025-04-03 00:00:00,12.46,12.78,12.96,12.32,8.801,0.00242,26496734.0,358448028.0,1.267828843106182,12.62
HK.00688,中国海外发展,2025-04-07 00:00:00,11.72,11.74,12.22,11.66,8.127,0.0051,55820359.0,709823116.0,-8.137715179968694,12.78
HK.00688,中国海外发展,2025-04-08 00:00:00,11.76,11.74,11.98,11.54,8.127,0.00338,36989800.0,464903459.0,0.0,11.74
HK.00688,中国海外发展,2025-04-09 00:00:00,11.54,12.3,12.54,11.2,8.489,0.00534,58422496.0,749907400.0,4.770017035775132,11.74
HK.00688,中国海外发展,2025-04-10 00:00:00,12.3,12.72,12.84,11.82,8.762,0.00395,43181078.0,578915199.0,3.414634146341463,12.3
HK.00688,中国海外发展,2025-04-11 00:00:00,12.56,12.8,12.94,12.54,8.813,0.00241,26408055.0,358325448.0,0.6289308176100634,12.72
HK.00688,中国海外发展,2025-04-14 00:00:00,13.04,12.96,13.14,12.84,8.917,0.00171,18741440.0,257788240.0,1.250000000000001,12.8
HK.00688,中国海外发展,2025-04-15 00:00:00,12.96,12.92,13.02,12.7,8.891,0.00126,13738367.0,188039225.0,-0.30864197530864906,12.96
HK.00688,中国海外发展,2025-04-16 00:00:00,12.9,13.18,13.32,12.84,9.06,0.00285,31207163.0,432755989.0,2.012383900928791,12.92
HK.00688,中国海外发展,2025-04-17 00:00:00,13.16,13.58,13.98,13.08,9.319,0.00471,51530760.0,746574584.0,3.0349013657056174,13.18
HK.00688,中国海外发展,2025-04-22 00:00:00,13.54,13.8,13.86,13.44,9.462,0.00205,22391413.0,324014923.0,1.6200294550810062,13.58
HK.00688,中国海外发展,2025-04-23 00:00:00,14.0,13.56,14.0,13.5,9.306,0.00163,17889404.0,258500387.0,-1.7391304347826102,13.8
HK.00688,中国海外发展,2025-04-24 00:00:00,13.4,13.56,13.58,13.18,9.306,0.00227,24825699.0,352903612.0,0.0,13.56
HK.00688,中国海外发展,2025-04-25 00:00:00,13.58,13.52,14.32,13.36,9.28,0.00396,43299738.0,632879760.0,-0.29498525073746995,13.56
HK.00688,中国海外发展,2025-04-28 00:00:00,13.74,13.18,13.74,13.0,9.06,0.0019,20808058.0,290673113.0,-2.514792899408283,13.52
HK.00688,中国海外发展,2025-04-29 00:00:00,13.18,13.1,13.22,13.04,9.008,0.00103,11260267.0,156694690.0,-0.6069802731411235,13.18
HK.00688,中国海外发展,2025-04-30 00:00:00,13.26,13.02,13.32,12.92,8.956,0.00142,15505415.0,214392603.0,-0.6106870229007639,13.1
HK.00688,中国海外发展,2025-05-02 00:00:00,13.0,13.08,13.2,12.86,8.995,0.0008,8736966.0,121133351.0,0.46082949308756144,13.02
HK.00688,中国海外发展,2025-05-06 00:00:00,13.04,12.86,13.12,12.8,8.852,0.00105,11441966.0,156769548.0,-1.6819571865443472,13.08
HK.00688,中国海外发展,2025-05-07 00:00:00,13.4,12.7,13.74,12.68,8.749,0.00335,36687733.0,506585616.0,-1.2441679626749624,12.86
HK.00688,中国海外发展,2025-05-08 00:00:00,12.86,12.68,12.96,12.6,8.736,0.00165,18081522.0,244880266.0,-0.1574803149606266,12.7
HK.00688,中国海外发展,2025-05-09 00:00:00,12.7,12.38,12.8,12.14,8.541,0.00335,36649650.0,481319426.0,-2.3659305993690767,12.68
HK.00688,中国海外发展,2025-05-12 00:00:00,12.52,12.82,12.9,12.4,8.826,0.0029,31713615.0,426908676.0,3.5541195476575074,12.38
HK.00688,中国海外发展,2025-05-13 00:00:00,12.82,12.82,12.98,12.68,8.826,0.00131,14285894.0,194671047.0,0.0,12.82
HK.00688,中国海外发展,2025-05-14 00:00:00,12.9,12.9,12.94,12.66,8.878,0.00135,14732423.0,200909004.0,0.6240249609984405,12.82
HK.00688,中国海外发展,2025-05-15 00:00:00,12.86,12.68,12.94,12.6,8.736,0.00097,10618437.0,143522147.0,-1.705426356589152,12.9
HK.00688,中国海外发展,2025-05-16 00:00:00,12.68,12.64,12.7,12.5,8.71,0.00066,7256934.0,97312552.0,-0.3154574132492046,12.68
HK.00688,中国海外发展,2025-05-19 00:00:00,12.5,12.44,12.68,12.42,8.58,0.00128,13980305.0,186123836.0,-1.5822784810126667,12.64
HK.00688,中国海外发展,2025-05-20 00:00:00,12.5,12.56,12.64,12.26,8.658,0.00111,12175294.0,161594147.0,0.9646302250803939,12.44
HK.00688,中国海外发展,2025-05-21 00:00:00,12.56,12.5,12.58,12.36,8.619,0.00111,12099286.0,160535315.0,-0.4777070063694307,12.56
HK.00688,中国海外发展,2025-05-22 00:00:00,12.5,12.36,12.52,12.24,8.528,0.00139,15169206.0,199220557.0,-1.1200000000000045,12.5
HK.00688,中国海外发展,2025-05-23 00:00:00,12.36,12.26,12.38,12.2,8.464,0.00105,11445417.0,149885685.0,-0.8090614886731363,12.36
HK.00688,中国海外发展,2025-05-26 00:00:00,12.22,12.22,12.44,12.16,8.438,0.00125,13731054.0,179294090.0,-0.3262642740619832,12.26
HK.00688,中国海外发展,2025-05-27 00:00:00,12.2,12.18,12.34,12.12,8.412,0.00106,11573789.0,150198932.0,-0.3273322422258668,12.22
HK.00688,中国海外发展,2025-05-28 00:00:00,12.2,12.26,12.36,12.18,8.464,0.00089,9780991.0,127718097.0,0.6568144499178987,12.18
HK.00688,中国海外发展,2025-05-29 00:00:00,12.26,12.38,12.42,12.12,8.541,0.00131,14306510.0,187355248.0,0.9787928221859787,12.26
HK.00688,中国海外发展,2025-05-30 00:00:00,12.36,12.4,12.46,12.24,8.554,0.00222,24254045.0,319755461.0,0.16155088852988345,12.38
HK.00688,中国海外发展,2025-06-02 00:00:00,12.2,12.12,12.3,11.72,8.373,0.00216,23642893.0,302360478.0,-2.2580645161290414,12.4
HK.00688,中国海外发展,2025-06-03 00:00:00,12.1,12.24,12.32,12.08,8.451,0.00101,11051899.0,143602217.0,0.9900990099009984,12.12
HK.00688,中国海外发展,2025-06-04 00:00:00,12.16,12.2,12.34,12.14,8.425,0.0012,13124402.0,170804473.0,-0.3267973856209226,12.24
HK.00688,中国海外发展,2025-06-05 00:00:00,12.32,12.42,12.76,12.32,8.567,0.00185,20264118.0,269323795.0,1.8032786885245955,12.2
HK.00688,中国海外发展,2025-06-06 00:00:00,12.5,12.34,12.58,12.26,8.515,0.00197,21594335.0,283960258.0,-0.6441223832528187,12.42
HK.00688,中国海外发展,2025-06-09 00:00:00,12.48,12.52,12.54,12.34,8.632,0.00154,16822318.0,222844741.0,1.458670988654779,12.34
HK.00688,中国海外发展,2025-06-10 00:00:00,12.52,12.74,12.96,12.44,8.775,0.00263,28766392.0,390548430.0,1.757188498402561,12.52
HK.00688,中国海外发展,2025-06-11 00:00:00,12.8,12.88,12.96,12.76,8.865,0.00097,10569690.0,144572373.0,1.0989010989011034,12.74
HK.00688,中国海外发展,2025-06-12 00:00:00,12.88,12.94,12.98,12.8,8.904,0.00174,19021023.0,260913697.0,0.46583850931676024,12.88
HK.00688,中国海外发展,2025-06-13 00:00:00,12.94,13.1,13.12,12.84,9.008,0.00138,15126542.0,209611174.0,1.2364760432766626,12.94
HK.00688,中国海外发展,2025-06-16 00:00:00,13.02,13.2,13.34,12.88,9.073,0.00253,27714876.0,386737444.0,0.7633587786259515,13.1
HK.00688,中国海外发展,2025-06-17 00:00:00,13.2,13.06,13.22,12.98,8.982,0.00147,16093496.0,223456202.0,-1.0606060606060514,13.2
HK.00688,中国海外发展,2025-06-18 00:00:00,12.94,12.76,13.04,12.68,8.788,0.00164,17981538.0,243739272.0,-2.297090352220526,13.06
HK.00688,中国海外发展,2025-06-19 00:00:00,12.66,12.4,12.7,12.34,8.554,0.00219,23954476.0,317446258.0,-2.8213166144200583,12.76
HK.00688,中国海外发展,2025-06-20 00:00:00,12.46,12.6,12.68,12.4,8.684,0.00187,20445845.0,273632512.0,1.6129032258064457,12.4
HK.00688,中国海外发展,2025-06-23 00:00:00,12.6,12.54,12.6,12.38,8.645,0.00203,22271850.0,296648872.0,-0.47619047619048016,12.6
HK.00688,中国海外发展,2025-06-24 00:00:00,12.58,12.76,12.88,12.58,8.788,0.00144,15725820.0,213331137.0,1.7543859649122857,12.54
HK.00688,中国海外发展,2025-06-25 00:00:00,12.9,13.24,13.3,12.84,9.099,0.00265,29033395.0,404912984.0,3.7617554858934206,12.76
HK.00688,中国海外发展,2025-06-26 00:00:00,13.24,13.42,13.48,13.08,9.215,0.00196,21425035.0,302930626.0,1.3595166163141972,13.24
HK.00688,中国海外发展,2025-06-27 00:00:00,13.42,13.18,13.5,13.12,8.865,0.00163,17877087.0,246200057.0,-1.7883755588673638,13.42
HK.00688,中国海外发展,2025-06-30 00:00:00,13.28,13.12,13.34,13.06,8.826,0.00155,16970012.0,232072821.0,-0.45523520485584595,13.18
HK.00688,中国海外发展,2025-07-02 00:00:00,13.26,13.3,13.42,13.08,8.943,0.00096,10464382.0,144145924.0,1.3719512195122066,13.12
HK.00688,中国海外发展,2025-07-03 00:00:00,13.38,13.2,13.66,13.16,8.878,0.00115,12556520.0,173396525.0,-0.7518796992481309,13.3
HK.00688,中国海外发展,2025-07-04 00:00:00,13.2,12.88,13.2,12.84,8.671,0.00216,23613871.0,316876141.0,-2.424242424242413,13.2
HK.00688,中国海外发展,2025-07-07 00:00:00,12.88,12.94,13.06,12.82,8.71,0.00324,35467359.0,476168648.0,0.46583850931676024,12.88
HK.00688,中国海外发展,2025-07-08 00:00:00,13.0,12.9,13.0,12.74,8.684,0.00197,21567112.0,288738758.0,-0.30911901081915877,12.94
HK.00688,中国海外发展,2025-07-09 00:00:00,12.8,12.86,12.96,12.64,8.658,0.00186,20307163.0,270669028.0,-0.3100775193798521,12.9
HK.00688,中国海外发展,2025-07-10 00:00:00,12.86,13.48,13.7,12.76,9.06,0.00423,46266266.0,640554219.0,4.821150855365483,12.86
HK.00688,中国海外发展,2025-07-11 00:00:00,13.54,13.26,13.78,13.18,8.917,0.00299,32718858.0,455713404.0,-1.6320474777448117,13.48
HK.00688,中国海外发展,2025-07-14 00:00:00,13.26,13.16,13.4,13.12,8.852,0.00114,12520168.0,171811130.0,-0.7541478129713397,13.26
HK.00688,中国海外发展,2025-07-15 00:00:00,13.24,13.12,13.28,12.88,8.826,0.00233,25486090.0,344963444.0,-0.30395136778116205,13.16
HK.00688,中国海外发展,2025-07-16 00:00:00,13.16,12.9,13.22,12.88,8.684,0.00214,23424941.0,316541263.0,-1.6768292682926744,13.12
HK.00688,中国海外发展,2025-07-17 00:00:00,13.0,12.76,13.04,12.72,8.593,0.00205,22467080.0,299083970.0,-1.0852713178294617,12.9
HK.00688,中国海外发展,2025-07-18 00:00:00,12.8,12.9,12.98,12.8,8.684,0.00122,13402980.0,179592745.0,1.0971786833855846,12.76
HK.00688,中国海外发展,2025-07-21 00:00:00,12.9,13.32,13.38,12.9,8.956,0.00198,21716253.0,298210248.0,3.255813953488371,12.9
HK.00688,中国海外发展,2025-07-22 00:00:00,13.28,13.48,13.52,13.16,9.06,0.00147,16120684.0,224036697.0,1.2012012012012023,13.32
HK.00688,中国海外发展,2025-07-23 00:00:00,13.64,13.56,13.8,13.48,9.112,0.00148,16154764.0,227750883.0,0.5934718100890213,13.48
HK.00688,中国海外发展,2025-07-24 00:00:00,13.5,13.76,13.88,13.42,9.241,0.002,21853769.0,310862201.0,1.4749262536873105,13.56
HK.00688,中国海外发展,2025-07-25 00:00:00,13.64,13.9,14.04,13.62,9.332,0.00231,25230177.0,363768016.0,1.0174418604651203,13.76
HK.00688,中国海外发展,2025-07-28 00:00:00,13.8,13.9,14.02,13.74,9.332,0.00112,12272977.0,176792549.0,0.0,13.9
HK.00688,中国海外发展,2025-07-29 00:00:00,13.68,13.9,13.94,13.68,9.332,0.00098,10708839.0,153276983.0,0.0,13.9
HK.00688,中国海外发展,2025-07-30 00:00:00,13.88,13.7,14.14,13.66,9.202,0.00261,28617048.0,409767603.0,-1.438848920863317,13.9
HK.00688,中国海外发展,2025-07-31 00:00:00,13.52,13.1,13.64,12.98,8.813,0.00323,35335421.0,481030170.0,-4.379562043795618,13.7
HK.00688,中国海外发展,2025-08-01 00:00:00,13.12,13.0,13.26,12.92,8.749,0.00116,12670525.0,171656102.0,-0.7633587786259515,13.1
HK.00688,中国海外发展,2025-08-04 00:00:00,13.0,13.02,13.05,12.85,8.762,0.00115,12624565.0,170492037.0,0.15384615384615058,13.0
HK.00688,中国海外发展,2025-08-05 00:00:00,13.02,12.91,13.18,12.88,8.69,0.0017,18609713.0,250257655.0,-0.844854070660518,13.02
HK.00688,中国海外发展,2025-08-06 00:00:00,12.91,12.83,13.0,12.83,8.639,0.00119,13056523.0,174669910.0,-0.6196746707978317,12.91
HK.00688,中国海外发展,2025-08-07 00:00:00,12.88,13.24,13.3,12.81,8.904,0.00222,24330534.0,330418382.0,3.195635229929853,12.83
HK.00688,中国海外发展,2025-08-08 00:00:00,13.24,13.09,13.3,13.01,8.807,0.00082,8993823.0,122423276.0,-1.1329305135951688,13.24
HK.00688,中国海外发展,2025-08-11 00:00:00,13.09,13.18,13.32,13.09,8.865,0.001,10949974.0,150003893.0,0.6875477463712747,13.09
HK.00688,中国海外发展,2025-08-12 00:00:00,13.09,13.41,13.47,13.06,9.014,0.00116,12728315.0,176515134.0,1.7450682852807315,13.18
HK.00688,中国海外发展,2025-08-13 00:00:00,13.48,13.59,13.69,13.39,9.131,0.00123,13463095.0,188899284.0,1.3422818791946287,13.41
HK.00688,中国海外发展,2025-08-14 00:00:00,13.79,13.82,14.18,13.68,9.28,0.00289,31646934.0,456529616.0,1.6924208977189141,13.59
HK.00688,中国海外发展,2025-08-15 00:00:00,13.81,13.88,14.28,13.67,9.319,0.00227,24824518.0,359905297.0,0.4341534008683104,13.82
HK.00688,中国海外发展,2025-08-18 00:00:00,13.91,13.64,13.93,13.64,9.163,0.00193,21074829.0,300534409.0,-1.7291066282420764,13.88
HK.00688,中国海外发展,2025-08-19 00:00:00,13.64,13.75,13.93,13.64,9.235,0.00137,14947182.0,213622530.0,0.8064516129032216,13.64
HK.00688,中国海外发展,2025-08-20 00:00:00,13.78,13.85,13.94,13.65,9.3,0.00147,16120742.0,230510289.0,0.7272727272727246,13.75
HK.00688,中国海外发展,2025-08-21 00:00:00,13.86,13.8,14.02,13.74,9.267,0.00099,10829517.0,155387533.0,-0.36101083032490205,13.85
HK.00688,中国海外发展,2025-08-22 00:00:00,13.75,13.76,13.88,13.64,9.241,0.00065,7074702.0,100693761.0,-0.2898550724637748,13.8
HK.00688,中国海外发展,2025-08-25 00:00:00,13.77,13.94,14.34,13.68,9.358,0.00333,36484556.0,532160637.0,1.3081395348837188,13.76
HK.00688,中国海外发展,2025-08-26 00:00:00,13.92,13.71,13.92,13.67,9.209,0.00196,21504287.0,306796259.0,-1.6499282639885124,13.94
HK.00688,中国海外发展,2025-08-27 00:00:00,13.88,13.31,13.9,13.26,8.95,0.00312,34178466.0,476562163.0,-2.917578409919769,13.71
HK.00688,中国海外发展,2025-08-28 00:00:00,13.31,13.31,13.51,13.06,8.95,0.00195,21330674.0,294070770.0,0.0,13.31
HK.00688,中国海外发展,2025-08-29 00:00:00,13.3,13.41,13.57,13.25,9.014,0.0012,13102430.0,182871856.0,0.7513148009015751,13.31
HK.00688,中国海外发展,2025-09-01 00:00:00,13.5,13.86,13.89,13.47,9.306,0.00132,14392663.0,205295053.0,3.3557046979865714,13.41
HK.00688,中国海外发展,2025-09-02 00:00:00,13.71,13.63,13.86,13.49,9.157,0.00137,14961300.0,211625644.0,-1.65945165945165,13.86
HK.00688,中国海外发展,2025-09-03 00:00:00,13.7,13.42,13.81,13.36,9.021,0.00106,11557093.0,161590767.0,-1.5407190022010333,13.63
HK.00688,中国海外发展,2025-09-04 00:00:00,13.54,13.2,13.54,13.1,8.878,0.00136,14901852.0,204564301.0,-1.639344262295087,13.42
HK.00688,中国海外发展,2025-09-05 00:00:00,13.36,13.35,13.38,13.2,8.976,0.00069,7518830.0,103889762.0,1.1363636363636391,13.2
HK.00688,中国海外发展,2025-09-08 00:00:00,13.2,13.49,13.59,13.2,9.066,0.00161,17638699.0,246239534.0,1.0486891385767834,13.35
HK.00688,中国海外发展,2025-09-09 00:00:00,13.64,13.96,14.16,13.46,9.371,0.00342,37446558.0,540916290.0,3.4840622683469284,13.49
HK.00688,中国海外发展,2025-09-10 00:00:00,13.9,14.26,14.29,13.84,9.565,0.00241,26406721.0,386005382.0,2.1489971346704793,13.96
HK.00688,中国海外发展,2025-09-11 00:00:00,14.12,14.13,14.18,14.01,9.481,0.00156,17074292.0,249343519.0,-0.9116409537166831,14.26
HK.00688,中国海外发展,2025-09-12 00:00:00,14.3,14.54,14.58,14.27,9.747,0.00323,35393250.0,529489992.0,2.9016277423920616,14.13
HK.00688,中国海外发展,2025-09-15 00:00:00,14.54,14.35,14.6,14.11,9.624,0.00159,17376811.0,257410064.0,-1.3067400275103132,14.54
HK.00688,中国海外发展,2025-09-16 00:00:00,14.33,14.25,14.62,14.19,9.397,0.00161,17572120.0,255604540.0,-0.6968641114982554,14.35
HK.00688,中国海外发展,2025-09-17 00:00:00,14.36,14.49,14.54,14.26,9.552,0.00233,25515203.0,373096137.0,1.6842105263157907,14.25
HK.00688,中国海外发展,2025-09-18 00:00:00,14.55,14.05,14.55,13.88,9.267,0.00159,17403419.0,250144669.0,-3.0365769496204247,14.49
HK.00688,中国海外发展,2025-09-19 00:00:00,14.05,13.98,14.12,13.91,9.222,0.00216,23671070.0,336958096.0,-0.498220640569397,14.05
HK.00688,中国海外发展,2025-09-22 00:00:00,13.98,13.71,13.98,13.63,9.047,0.00164,17984268.0,252190192.0,-1.9313304721030013,13.98
HK.00688,中国海外发展,2025-09-23 00:00:00,13.91,13.54,13.91,13.43,8.937,0.00164,17973505.0,247494973.0,-1.239970824215913,13.71
HK.00688,中国海外发展,2025-09-24 00:00:00,13.54,13.61,13.89,13.49,8.982,0.00136,14860016.0,206665406.0,0.5169867060561322,13.54
HK.00688,中国海外发展,2025-09-25 00:00:00,13.59,13.54,13.67,13.45,8.937,0.00163,17826057.0,245746333.0,-0.5143277002204283,13.61
HK.00688,中国海外发展,2025-09-26 00:00:00,13.54,13.7,13.88,13.32,9.04,0.00185,20246692.0,282148570.0,1.1816838995568697,13.54
HK.00688,中国海外发展,2025-09-29 00:00:00,13.73,13.8,13.85,13.63,9.105,0.00118,12911394.0,180840151.0,0.7299270072992805,13.7
HK.00688,中国海外发展,2025-09-30 00:00:00,13.8,14.11,14.13,13.65,9.306,0.00177,19343478.0,276030084.0,2.2463768115941933,13.8
HK.00688,中国海外发展,2025-10-02 00:00:00,14.21,13.96,14.31,13.88,9.209,0.00109,11931994.0,170303335.0,-1.0630758327427257,14.11
HK.00688,中国海外发展,2025-10-03 00:00:00,13.85,13.77,13.89,13.63,9.086,0.00119,13012679.0,181751824.0,-1.3610315186246509,13.96
HK.00688,中国海外发展,2025-10-06 00:00:00,13.77,13.71,13.86,13.65,9.047,0.00038,4143826.0,57848439.0,-0.43572984749454413,13.77
HK.00688,中国海外发展,2025-10-08 00:00:00,13.71,13.39,13.71,13.3,8.839,0.00196,21491422.0,293295484.0,-2.334062727935815,13.71
HK.00688,中国海外发展,2025-10-09 00:00:00,13.45,13.57,13.62,13.33,8.956,0.00258,28258196.0,388707933.0,1.344286781179983,13.39
HK.00688,中国海外发展,2025-10-10 00:00:00,13.4,13.91,13.95,13.4,9.176,0.00286,31291040.0,440474169.0,2.505526897568164,13.57
HK.00688,中国海外发展,2025-10-13 00:00:00,13.47,13.93,13.95,13.41,9.189,0.00246,26917110.0,377613080.0,0.14378145219266408,13.91
HK.00688,中国海外发展,2025-10-14 00:00:00,13.8,13.78,14.11,13.68,9.092,0.00267,29267011.0,412588666.0,-1.076812634601582,13.93
HK.00688,中国海外发展,2025-10-15 00:00:00,13.78,14.0,14.07,13.75,9.235,0.00247,27051391.0,384681640.0,1.5965166908563182,13.78
HK.00688,中国海外发展,2025-10-16 00:00:00,13.79,13.9,13.94,13.67,9.17,0.00224,24516021.0,344920539.0,-0.7142857142857117,14.0
HK.00688,中国海外发展,2025-10-17 00:00:00,13.7,13.65,14.18,13.61,9.008,0.00252,27612858.0,388430675.0,-1.7985611510791366,13.9
HK.00688,中国海外发展,2025-10-20 00:00:00,13.85,13.8,13.94,13.7,9.105,0.0017,18579276.0,261705844.0,1.0989010989011014,13.65
HK.00688,中国海外发展,2025-10-21 00:00:00,13.81,13.8,14.09,13.73,9.105,0.00132,14429420.0,204092536.0,0.0,13.8
HK.00688,中国海外发展,2025-10-22 00:00:00,13.7,13.62,13.91,13.59,8.988,0.00102,11170597.0,155552464.0,-1.3043478260869672,13.8
HK.00688,中国海外发展,2025-10-23 00:00:00,13.57,13.59,13.72,13.52,8.969,0.00173,18976132.0,262942623.0,-0.22026431718061207,13.62
HK.00688,中国海外发展,2025-10-24 00:00:00,13.58,13.49,13.72,13.45,8.904,0.00149,16262237.0,224055495.0,-0.735835172921263,13.59
HK.00688,中国海外发展,2025-10-27 00:00:00,13.55,13.47,13.7,13.47,8.891,0.00127,13877623.0,191320626.0,-0.14825796886582338,13.49
HK.00688,中国海外发展,2025-10-28 00:00:00,13.59,13.44,13.59,13.37,8.872,0.0015,16426381.0,225154946.0,-0.22271714922049843,13.47
HK.00688,中国海外发展,2025-10-30 00:00:00,13.44,12.99,13.48,12.8,8.58,0.00547,59860990.0,794816299.0,-3.3482142857142807,13.44
HK.00688,中国海外发展,2025-10-31 00:00:00,12.99,12.78,12.99,12.76,8.444,0.00206,22562390.0,295604513.0,-1.6166281755196372,12.99
HK.00688,中国海外发展,2025-11-03 00:00:00,12.85,12.89,12.9,12.71,8.515,0.00122,13341472.0,174407889.0,0.8607198748043913,12.78
HK.00688,中国海外发展,2025-11-04 00:00:00,12.94,12.73,13.01,12.68,8.412,0.00112,12244183.0,159936811.0,-1.2412723041117155,12.89
HK.00688,中国海外发展,2025-11-05 00:00:00,12.75,12.65,12.75,12.44,8.36,0.00157,17203055.0,220962155.0,-0.6284367635506682,12.73
HK.00688,中国海外发展,2025-11-06 00:00:00,12.75,12.82,12.82,12.71,8.47,0.00105,11502493.0,149792918.0,1.3438735177865606,12.65
HK.00688,中国海外发展,2025-11-07 00:00:00,12.82,12.74,12.92,12.69,8.418,0.0008,8716694.0,113632571.0,-0.6240249609984405,12.82
HK.00688,中国海外发展,2025-11-10 00:00:00,12.69,12.98,13.01,12.69,8.574,0.00183,20036817.0,262468691.0,1.8838304552590284,12.74
HK.00688,中国海外发展,2025-11-11 00:00:00,13.03,13.04,13.2,12.99,8.613,0.00213,23358070.0,311665758.0,0.46224961479197785,12.98
HK.00688,中国海外发展,2025-11-12 00:00:00,13.19,13.42,13.53,13.17,8.859,0.00238,26034827.0,355484426.0,2.914110429447859,13.04
HK.00688,中国海外发展,2025-11-13 00:00:00,13.52,13.62,13.64,13.36,8.988,0.00198,21666575.0,298170406.0,1.4903129657227965,13.42
HK.00688,中国海外发展,2025-11-14 00:00:00,13.54,13.48,13.61,13.39,8.898,0.00116,12655500.0,174177882.0,-1.0279001468428692,13.62
HK.00688,中国海外发展,2025-11-17 00:00:00,13.45,13.39,13.51,13.33,8.839,0.00086,9404753.0,128353130.0,-0.6676557863501473,13.48
HK.00688,中国海外发展,2025-11-18 00:00:00,13.35,13.18,13.35,13.1,8.703,0.00161,17659432.0,237007114.0,-1.5683345780433222,13.39
HK.00688,中国海外发展,2025-11-19 00:00:00,13.18,13.14,13.34,13.0,8.677,0.00115,12597402.0,168457726.0,-0.303490136570555,13.18
HK.00688,中国海外发展,2025-11-20 00:00:00,13.14,13.47,13.71,12.98,8.891,0.00326,35694040.0,489024129.0,2.5114155251141557,13.14
HK.00688,中国海外发展,2025-11-21 00:00:00,13.44,13.41,13.71,13.29,8.852,0.00217,23787081.0,327418104.0,-0.44543429844098364,13.47
HK.00688,中国海外发展,2025-11-24 00:00:00,13.68,13.73,13.99,13.65,9.06,0.0033,36124151.0,507162598.0,2.386278896346013,13.41
HK.00688,中国海外发展,2025-11-25 00:00:00,13.81,13.81,13.95,13.75,9.112,0.00187,20464595.0,288035605.0,0.5826656955571745,13.73
HK.00688,中国海外发展,2025-11-26 00:00:00,13.88,13.81,14.0,13.77,9.112,0.00168,18433483.0,260388480.0,0.0,13.81
HK.00688,中国海外发展,2025-11-27 00:00:00,13.9,13.43,13.9,13.39,8.865,0.00258,28268675.0,389928153.0,-2.751629254163655,13.81
HK.00688,中国海外发展,2025-11-28 00:00:00,13.65,13.04,13.65,13.03,8.613,0.00302,33041537.0,442182602.0,-2.9039463886820593,13.43
HK.00688,中国海外发展,2025-12-01 00:00:00,13.04,13.0,13.18,12.93,8.587,0.00203,22228061.0,294939821.0,-0.3067484662576622,13.04
HK.00688,中国海外发展,2025-12-02 00:00:00,12.97,13.01,13.06,12.89,8.593,0.00167,18232687.0,240919868.0,0.07692307692307529,13.0
HK.00688,中国海外发展,2025-12-03 00:00:00,12.97,12.83,13.07,12.81,8.476,0.00146,16022270.0,210438523.0,-1.3835511145272845,13.01
HK.00688,中国海外发展,2025-12-04 00:00:00,12.97,12.89,12.97,12.81,8.515,0.00092,10096667.0,132338375.0,0.46765393608729927,12.83
HK.00688,中国海外发展,2025-12-05 00:00:00,12.92,12.93,12.99,12.76,8.541,0.00194,21231841.0,278588359.0,0.310318076027922,12.89
HK.00688,中国海外发展,2025-12-08 00:00:00,12.93,12.76,13.03,12.75,8.431,0.00122,13399641.0,175676016.0,-1.3147718484145394,12.93
HK.00688,中国海外发展,2025-12-09 00:00:00,12.76,12.35,12.77,12.31,8.165,0.00307,33609267.0,425551038.0,-3.2131661442006285,12.76
HK.00688,中国海外发展,2025-12-10 00:00:00,12.48,12.37,12.54,12.2,8.178,0.00186,20410873.0,257085941.0,0.1619433198380532,12.35
HK.00688,中国海外发展,2025-12-11 00:00:00,12.45,12.32,12.46,12.25,8.146,0.00126,13740780.0,172611768.0,-0.40420371867420324,12.37
HK.00688,中国海外发展,2025-12-12 00:00:00,12.35,12.48,12.48,12.29,8.25,0.00221,24216858.0,306306772.0,1.2987012987012998,12.32
HK.00688,中国海外发展,2025-12-15 00:00:00,12.48,12.25,12.48,12.23,8.101,0.00131,14302640.0,179538510.0,-1.8429487179487214,12.48
HK.00688,中国海外发展,2025-12-16 00:00:00,12.23,11.95,12.25,11.89,7.906,0.00197,21600534.0,264391937.0,-2.4489795918367405,12.25
HK.00688,中国海外发展,2025-12-17 00:00:00,11.95,11.96,12.04,11.86,7.913,0.00159,17367120.0,212094161.0,0.08368200836821392,11.95
HK.00688,中国海外发展,2025-12-18 00:00:00,11.86,11.81,11.86,11.66,7.815,0.00289,31647088.0,379690360.0,-1.2541806020066917,11.96
HK.00688,中国海外发展,2025-12-19 00:00:00,11.91,11.78,11.91,11.71,7.796,0.0017,18647594.0,224595143.0,-0.2540220152413305,11.81
HK.00688,中国海外发展,2025-12-22 00:00:00,11.78,11.87,11.93,11.78,7.854,0.00131,14326324.0,173280482.0,0.7640067911714759,11.78
HK.00688,中国海外发展,2025-12-23 00:00:00,11.95,11.95,12.08,11.88,7.906,0.00129,14109882.0,173014145.0,0.6739679865206409,11.87
HK.00688,中国海外发展,2025-12-24 00:00:00,11.95,12.0,12.13,11.92,7.939,0.00071,7771607.0,95482881.0,0.41841004184101016,11.95
HK.00688,中国海外发展,2025-12-29 00:00:00,12.15,12.08,12.26,11.98,7.99,0.00231,25297923.0,313396431.0,0.6666666666666672,12.0
HK.00688,中国海外发展,2025-12-30 00:00:00,12.08,12.18,12.21,11.97,8.055,0.00196,21402095.0,264728206.0,0.827814569536421,12.08
HK.00688,中国海外发展,2025-12-31 00:00:00,12.08,12.0,12.3,11.98,7.939,0.00155,16938000.0,208601093.0,-1.4778325123152687,12.18
HK.00688,中国海外发展,2026-01-02 00:00:00,12.12,12.24,12.24,12.03,8.094,0.00049,5318462.0,66049133.0,2.0000000000000018,12.0
HK.00688,中国海外发展,2026-01-05 00:00:00,12.25,12.58,12.7,12.13,8.314,0.00308,33698167.0,432318505.0,2.777777777777777,12.24
HK.00688,中国海外发展,2026-01-06 00:00:00,12.59,12.94,13.17,12.5,8.548,0.0042,46012319.0,608771122.0,2.861685214626387,12.58
HK.00688,中国海外发展,2026-01-07 00:00:00,12.87,12.73,12.97,12.64,8.412,0.00146,15952995.0,207847415.0,-1.6228748068006111,12.94
HK.00688,中国海外发展,2026-01-08 00:00:00,12.64,12.76,12.8,12.52,8.431,0.00125,13665084.0,176809616.0,0.23566378633149537,12.73
HK.00688,中国海外发展,2026-01-09 00:00:00,12.87,12.77,12.99,12.61,8.438,0.00228,24998833.0,324860050.0,0.07836990595611118,12.76
HK.00688,中国海外发展,2026-01-12 00:00:00,12.85,12.8,12.85,12.56,8.457,0.00159,17402724.0,225782552.0,0.23492560689116004,12.77
HK.00688,中国海外发展,2026-01-13 00:00:00,12.8,12.7,13.03,12.59,8.392,0.0025,27403481.0,356960893.0,-0.7812500000000111,12.8
HK.00688,中国海外发展,2026-01-14 00:00:00,12.67,12.89,12.92,12.61,8.515,0.00201,22041682.0,287393952.0,1.4960629921259945,12.7
HK.00688,中国海外发展,2026-01-15 00:00:00,12.88,13.0,13.27,12.87,8.587,0.00323,35399437.0,471474823.0,0.8533747090767994,12.89
HK.00688,中国海外发展,2026-01-16 00:00:00,13.05,12.86,13.13,12.79,8.496,0.00195,21375348.0,281137218.0,-1.0769230769230813,13.0
HK.00688,中国海外发展,2026-01-19 00:00:00,12.66,12.99,13.1,12.66,8.58,0.00182,19913744.0,263367759.0,1.0108864696734121,12.86
HK.00688,中国海外发展,2026-01-20 00:00:00,12.99,13.33,13.58,12.99,8.801,0.00336,36824830.0,501938749.0,2.617397998460353,12.99
HK.00688,中国海外发展,2026-01-21 00:00:00,13.25,13.16,13.44,12.99,8.69,0.00188,20584580.0,276105801.0,-1.2753188297074263,13.33
HK.00688,中国海外发展,2026-01-22 00:00:00,13.09,13.28,13.35,13.09,8.768,0.00191,20947244.0,283146753.0,0.9118541033434591,13.16
HK.00688,中国海外发展,2026-01-23 00:00:00,13.3,13.26,13.54,13.21,8.755,0.00125,13663188.0,184944794.0,-0.150602409638551,13.28
HK.00688,中国海外发展,2026-01-26 00:00:00,13.3,13.39,13.41,13.03,8.839,0.00145,15863472.0,214929497.0,0.9803921568627509,13.26
HK.00688,中国海外发展,2026-01-27 00:00:00,13.34,13.33,13.46,13.17,8.801,0.00186,20305052.0,275111582.0,-0.4480955937266654,13.39
HK.00688,中国海外发展,2026-01-28 00:00:00,13.24,13.54,13.63,13.16,8.937,0.00238,26061634.0,358233866.0,1.5753938484621084,13.33
HK.00688,中国海外发展,2026-01-29 00:00:00,13.35,14.38,14.43,13.28,9.481,0.00689,75357037.0,1081124189.0,6.203840472673573,13.54
HK.00688,中国海外发展,2026-01-30 00:00:00,14.18,13.79,14.34,13.76,9.099,0.00335,36667235.0,519919227.0,-4.102920723226715,14.38
HK.00688,中国海外发展,2026-02-02 00:00:00,13.75,13.48,13.75,13.34,8.898,0.00151,16563218.0,228041666.0,-2.2480058013052844,13.79
HK.00688,中国海外发展,2026-02-03 00:00:00,13.44,13.74,13.85,13.4,9.066,0.00148,16224487.0,226162131.0,1.9287833827893157,13.48
HK.00688,中国海外发展,2026-02-04 00:00:00,13.8,14.28,14.43,13.75,9.416,0.00339,37116198.0,539170921.0,3.9301310043668063,13.74
HK.00688,中国海外发展,2026-02-05 00:00:00,14.1,14.48,14.62,14.1,9.546,0.00371,40561772.0,595468346.0,1.4005602240896433,14.28
HK.00688,中国海外发展,2026-02-06 00:00:00,14.03,14.16,14.33,13.93,9.338,0.00169,18483302.0,266959099.0,-2.2099447513812174,14.48
HK.00688,中国海外发展,2026-02-09 00:00:00,14.25,14.4,14.75,14.25,9.494,0.00215,23519347.0,346063796.0,1.6949152542372896,14.16
HK.00688,中国海外发展,2026-02-10 00:00:00,14.31,14.28,14.4,14.17,9.416,0.00105,11494602.0,166603706.0,-0.8333333333333403,14.4
HK.00688,中国海外发展,2026-02-11 00:00:00,14.28,14.5,14.55,14.09,9.559,0.00163,17811260.0,260017366.0,1.540616246498604,14.28
HK.00688,中国海外发展,2026-02-12 00:00:00,14.42,14.24,14.59,14.23,9.39,0.00074,8149187.0,118940685.0,-1.7931034482758605,14.5
HK.00688,中国海外发展,2026-02-13 00:00:00,14.05,14.06,14.26,13.96,9.274,0.0012,13091185.0,187397394.0,-1.2640449438202228,14.24
HK.00688,中国海外发展,2026-02-16 00:00:00,14.06,14.04,14.07,13.87,9.261,0.00029,3222000.0,45849008.0,-0.14224751066857289,14.06
HK.00688,中国海外发展,2026-02-20 00:00:00,14.03,13.96,14.13,13.83,9.209,0.00079,8604518.0,122678505.0,-0.5698005698005577,14.04
HK.00688,中国海外发展,2026-02-23 00:00:00,13.96,14.1,14.15,13.77,9.3,0.00113,12315531.0,175888850.0,1.0028653295128853,13.96
HK.00688,中国海外发展,2026-02-24 00:00:00,13.97,13.95,14.23,13.75,9.202,0.00177,19341421.0,274000097.0,-1.0638297872340452,14.1
HK.00688,中国海外发展,2026-02-25 00:00:00,14.05,14.23,14.52,13.98,9.384,0.00264,28912762.0,420371160.0,2.0071684587813703,13.95
HK.00688,中国海外发展,2026-02-26 00:00:00,14.35,14.24,14.41,14.06,9.39,0.0015,16453292.0,238413576.0,0.07027406886858599,14.23
HK.00688,中国海外发展,2026-02-27 00:00:00,14.19,14.1,14.33,14.07,9.3,0.00193,21091521.0,304284145.0,-0.9831460674157343,14.24
HK.00688,中国海外发展,2026-03-02 00:00:00,13.93,13.8,13.98,13.61,9.105,0.0014,15294320.0,214985559.0,-2.127659574468078,14.1
HK.00688,中国海外发展,2026-03-03 00:00:00,13.8,13.42,13.85,13.42,8.859,0.00153,16782675.0,231069679.0,-2.7536231884058027,13.8
HK.00688,中国海外发展,2026-03-04 00:00:00,13.23,13.2,13.4,12.9,8.716,0.00271,29616176.0,396653021.0,-1.639344262295087,13.42
HK.00688,中国海外发展,2026-03-05 00:00:00,13.28,13.22,13.49,13.2,8.729,0.00108,11829522.0,160222643.0,0.15151515151516176,13.2
HK.00688,中国海外发展,2026-03-06 00:00:00,13.18,13.34,13.38,13.14,8.807,0.00116,12719827.0,172445369.0,0.9077155824508262,13.22
HK.00688,中国海外发展,2026-03-09 00:00:00,13.25,13.13,13.25,12.78,8.671,0.00207,22680258.0,300149587.0,-1.5742128935532163,13.34
HK.00688,中国海外发展,2026-03-10 00:00:00,13.45,13.05,13.45,12.95,8.619,0.00113,12391745.0,165303710.0,-0.6092916984006098,13.13
HK.00688,中国海外发展,2026-03-11 00:00:00,12.97,12.95,13.09,12.85,8.554,0.00191,20955242.0,276520032.0,-0.7662835249042255,13.05
HK.00688,中国海外发展,2026-03-12 00:00:00,12.83,12.65,12.86,12.52,8.36,0.00278,30476488.0,392612365.0,-2.3166023166023084,12.95
HK.00688,中国海外发展,2026-03-13 00:00:00,12.61,12.55,12.82,12.5,8.295,0.00145,15869728.0,203997399.0,-0.7905138339920921,12.65
HK.00688,中国海外发展,2026-03-16 00:00:00,12.55,12.8,13.01,12.5,8.457,0.0026,28410205.0,369791729.0,1.9920318725099602,12.55
HK.00688,中国海外发展,2026-03-17 00:00:00,12.84,13.17,13.32,12.8,8.697,0.00243,26594019.0,356049195.0,2.890624999999994,12.8
HK.00688,中国海外发展,2026-03-18 00:00:00,13.17,12.78,13.29,12.75,8.444,0.00224,24537638.0,322493134.0,-2.9612756264236944,13.17
HK.00688,中国海外发展,2026-03-19 00:00:00,12.65,12.34,12.65,12.31,8.159,0.00277,30317762.0,384050752.0,-3.442879499217524,12.78
HK.00688,中国海外发展,2026-03-20 00:00:00,12.3,12.13,12.38,12.05,8.023,0.00257,28124903.0,349083283.0,-1.7017828200972374,12.34
HK.00688,中国海外发展,2026-03-23 00:00:00,12.05,11.64,12.05,11.55,7.705,0.00319,34864847.0,416743236.0,-4.039571310799672,12.13
HK.00688,中国海外发展,2026-03-24 00:00:00,11.84,11.81,11.87,11.55,7.815,0.00253,27677077.0,330285306.0,1.4604810996563566,11.64
HK.00688,中国海外发展,2026-03-25 00:00:00,11.94,11.75,11.98,11.63,7.777,0.00236,25802997.0,309137111.0,-0.508044030482646,11.81
HK.00688,中国海外发展,2026-03-26 00:00:00,11.75,11.63,11.82,11.58,7.699,0.00178,19515372.0,233101274.0,-1.021276595744674,11.75
HK.00688,中国海外发展,2026-03-27 00:00:00,11.6,11.65,11.79,11.55,7.712,0.00238,26057957.0,310216044.0,0.1719690455717934,11.63
HK.00688,中国海外发展,2026-03-30 00:00:00,11.43,11.43,11.61,11.37,7.569,0.00272,29786947.0,349003092.0,-1.8884120171673873,11.65
HK.00688,中国海外发展,2026-03-31 00:00:00,11.36,11.3,11.67,11.11,8.995,0.00318,34848783.0,403736733.0,-1.1373578302712075,11.43
HK.00688,中国海外发展,2026-04-01 00:00:00,11.43,11.62,11.72,11.43,9.244,0.00302,33045846.0,390758877.0,2.8318584070796327,11.3
HK.00688,中国海外发展,2026-04-02 00:00:00,11.62,11.42,11.73,11.32,9.088,0.00202,22127564.0,258275771.0,-1.721170395869185,11.62
HK.00688,中国海外发展,2026-04-08 00:00:00,11.8,11.74,11.88,11.6,9.338,0.00262,28728349.0,344497202.0,2.802101576182139,11.42
HK.00688,中国海外发展,2026-04-09 00:00:00,11.61,11.48,11.71,11.37,9.135,0.00242,26536939.0,310773343.0,-2.214650766609879,11.74
HK.00688,中国海外发展,2026-04-10 00:00:00,11.6,11.68,11.87,11.52,9.291,0.00168,18433090.0,220894952.0,1.7421602787456383,11.48
HK.00688,中国海外发展,2026-04-13 00:00:00,11.66,11.76,11.78,11.49,9.353,0.0014,15302786.0,182920415.0,0.6849315068493157,11.68
HK.00688,中国海外发展,2026-04-14 00:00:00,11.97,12.05,12.12,11.88,9.579,0.00248,27152509.0,331874870.0,2.465986394557831,11.76
HK.00688,中国海外发展,2026-04-15 00:00:00,12.15,12.09,12.23,11.97,9.61,0.00205,22412924.0,276732271.0,0.3319502074688726,12.05
HK.00688,中国海外发展,2026-04-16 00:00:00,12.09,12.27,12.32,12.09,9.75,0.00132,14487676.0,181065988.0,1.4888337468982609,12.09
HK.00688,中国海外发展,2026-04-17 00:00:00,12.25,12.29,12.47,12.19,9.766,0.0023,25144492.0,316323163.0,0.1629991850040715,12.27
HK.00688,中国海外发展,2026-04-20 00:00:00,12.47,12.37,12.47,12.13,9.828,0.00178,19482480.0,245100338.0,0.6509357200976409,12.29
HK.00688,中国海外发展,2026-04-21 00:00:00,12.35,12.42,12.51,12.25,9.867,0.0009,9825190.0,124033287.0,0.40420371867421756,12.37
HK.00688,中国海外发展,2026-04-22 00:00:00,12.25,12.38,12.43,12.2,9.836,0.00085,9345558.0,117580533.0,-0.3220611916264022,12.42
HK.00688,中国海外发展,2026-04-23 00:00:00,12.39,12.29,12.4,12.13,9.766,0.00112,12260611.0,153211811.0,-0.7269789983845042,12.38
HK.00688,中国海外发展,2026-04-24 00:00:00,12.29,12.13,12.29,12.05,9.641,0.002,21935439.0,271972125.0,-1.3018714401952676,12.29
HK.00688,中国海外发展,2026-04-27 00:00:00,12.14,12.16,12.23,11.91,9.665,0.00183,19986778.0,246239649.0,0.2473206924979337,12.13
HK.00688,中国海外发展,2026-04-28 00:00:00,12.02,12.01,12.32,11.97,9.548,0.00168,18350729.0,226385243.0,-1.2335526315789502,12.16
HK.00688,中国海外发展,2026-04-29 00:00:00,12.18,13.1,13.15,12.16,10.397,0.00576,63037361.0,824094058.0,9.075770191507077,12.01
HK.00688,中国海外发展,2026-04-30 00:00:00,12.75,13.03,13.19,12.75,10.342,0.00307,33570101.0,445659852.0,-0.5343511450381702,13.1
HK.00688,中国海外发展,2026-05-04 00:00:00,13.73,13.55,13.85,13.27,10.747,0.00366,40029073.0,550911214.0,3.9907904834996266,13.03
HK.00688,中国海外发展,2026-05-05 00:00:00,13.35,13.74,13.81,13.28,10.895,0.00247,27056594.0,375855468.0,1.4022140221402177,13.55
HK.00688,中国海外发展,2026-05-06 00:00:00,13.74,14.72,14.81,13.65,11.658,0.00838,91693875.0,1346119080.0,7.132459970887922,13.74
HK.00688,中国海外发展,2026-05-07 00:00:00,14.84,15.23,15.37,14.77,12.056,0.00663,72535374.0,1114503724.0,3.464673913043477,14.72
HK.00688,中国海外发展,2026-05-08 00:00:00,15.02,15.67,15.72,15.01,12.398,0.00578,63250384.0,999116539.0,2.8890347997373573,15.23
HK.00688,中国海外发展,2026-05-11 00:00:00,15.62,16.12,16.41,15.5,12.749,0.00991,108473909.0,1768396791.0,2.8717294192725022,15.67
HK.00688,中国海外发展,2026-05-12 00:00:00,16.129999999,15.75,16.25,15.69,12.461,0.005,54774793.0,881450298.0,-2.295285359801495,16.12
HK.00688,中国海外发展,2026-05-13 00:00:00,15.87,16.16,16.2,15.66,12.78,0.00353,38600294.0,628738172.0,2.603174603174604,15.75
HK.00688,中国海外发展,2026-05-14 00:00:00,16.41,16.18,16.45,16.12,12.795,0.0027,29526266.0,486885811.0,0.12376237623762112,16.16
HK.00688,中国海外发展,2026-05-15 00:00:00,16.11,16.26,16.37,16.059999999,12.858,0.00305,33384772.0,549813193.0,0.49443757725588283,16.18
HK.00688,中国海外发展,2026-05-18 00:00:00,15.95,15.67,16.219999999,15.33,12.398,0.00563,61644307.0,972742902.0,-3.6285362853628635,16.26
HK.00688,中国海外发展,2026-05-19 00:00:00,15.67,15.64,15.84,15.48,12.375,0.00163,17883969.0,283522275.0,-0.19144862795149561,15.67
HK.00688,中国海外发展,2026-05-20 00:00:00,15.3,15.47,15.63,15.3,12.242,0.00236,25852743.0,406299433.0,-1.08695652173913,15.64
HK.00688,中国海外发展,2026-05-21 00:00:00,15.58,15.35,15.58,15.15,12.149,0.00188,20547196.0,321048206.0,-0.7756948933419586,15.47
HK.00688,中国海外发展,2026-05-22 00:00:00,15.62,15.41,15.62,15.33,12.196,0.00264,28908213.0,453734490.0,0.3908794788273648,15.35
HK.00688,中国海外发展,2026-05-26 00:00:00,15.48,15.18,15.48,15.02,12.017,0.0021,23029880.0,355834933.0,-1.4925373134328386,15.41
HK.00688,中国海外发展,2026-05-27 00:00:00,15.05,15.01,15.06,14.71,11.884,0.00363,39711220.0,601656209.0,-1.1198945981554673,15.18
HK.00688,中国海外发展,2026-05-28 00:00:00,14.7,14.89,14.93,14.28,11.791,0.00574,62874424.0,939764297.0,-0.7994670219853379,15.01
HK.00688,中国海外发展,2026-05-29 00:00:00,14.58,15.37,15.74,14.58,12.165,0.00663,72527714.0,1132641496.0,3.2236400268636576,14.89
HK.00688,中国海外发展,2026-06-01 00:00:00,15.13,15.79,15.899999999,15.03,12.492,0.00379,41535076.0,661571766.0,2.732595966167859,15.37
HK.00688,中国海外发展,2026-06-02 00:00:00,15.79,16.0,16.26,15.79,12.655,0.00326,35726927.0,580580791.0,1.3299556681444007,15.79
HK.00688,中国海外发展,2026-06-03 00:00:00,15.76,15.95,16.1,15.73,12.616,0.00297,32539369.0,526587383.0,-0.31250000000000444,16.0
HK.00688,中国海外发展,2026-06-04 00:00:00,15.65,15.809999999,15.92,15.49,12.507,0.00192,21030543.0,337520706.0,-0.8777429529780494,15.95
HK.00688,中国海外发展,2026-06-05 00:00:00,15.57,15.39,16.03,15.34,12.18,0.003,32784907.0,515857683.0,-2.656546483406485,15.809999999
HK.00688,中国海外发展,2026-06-08 00:00:00,15.01,15.32,15.54,14.99,12.126,0.00234,25622869.0,399826986.0,-0.4548408057180005,15.39
HK.00688,中国海外发展,2026-06-09 00:00:00,15.03,15.28,15.44,15.03,12.095,0.00192,21059057.0,326725169.0,-0.26109660574413135,15.32
HK.00688,中国海外发展,2026-06-10 00:00:00,15.04,15.33,15.48,14.9,12.133,0.00147,16085805.0,249827671.0,0.32722513089005706,15.28
HK.00688,中国海外发展,2026-06-11 00:00:00,15.07,15.37,15.59,15.07,12.165,0.00159,17369093.0,271790218.0,0.26092628832354303,15.33
HK.00688,中国海外发展,2026-06-12 00:00:00,15.46,15.44,15.68,15.26,12.219,0.00249,27254675.0,427464470.0,0.4554326610279784,15.37
HK.00688,中国海外发展,2026-06-15 00:00:00,15.62,15.38,15.62,15.0,12.172,0.00221,24171598.0,377520508.0,-0.3886010362694218,15.44
HK.00688,中国海外发展,2026-06-16 00:00:00,15.15,15.04,15.48,14.89,11.908,0.00513,56136389.0,861604365.0,-2.2106631989596988,15.38
HK.00688,中国海外发展,2026-06-17 00:00:00,15.04,14.65,15.15,14.46,11.604,0.00732,80107499.0,1191829518.0,-2.5930851063829707,15.04
HK.00688,中国海外发展,2026-06-18 00:00:00,14.44,13.31,14.57,13.26,10.56,0.01055,115516839.0,1622986539.0,-9.146757679180887,14.65
HK.00688,中国海外发展,2026-06-22 00:00:00,13.25,12.88,13.27,12.8,10.225,0.00522,57094558.0,753227429.0,-3.2306536438767823,13.31
HK.00688,中国海外发展,2026-06-23 00:00:00,12.88,12.69,12.97,12.46,10.077,0.00365,39984448.0,516104824.0,-1.4751552795031155,12.88
HK.00688,中国海外发展,2026-06-24 00:00:00,12.75,12.51,12.84,12.46,9.937,0.00149,16260224.0,208414302.0,-1.4184397163120546,12.69
HK.00688,中国海外发展,2026-06-25 00:00:00,12.55,12.38,12.62,12.2,9.836,0.00225,24643827.0,310547625.0,-1.0391686650679377,12.51
HK.00688,中国海外发展,2026-06-26 00:00:00,12.47,12.17,12.47,12.06,9.478,0.00236,25835048.0,313811776.0,-1.6962843295638192,12.38
HK.00688,中国海外发展,2026-06-29 00:00:00,12.34,12.2,12.48,12.07,9.501,0.00239,26171318.0,320466660.0,0.24650780608052061,12.17
HK.00688,中国海外发展,2026-06-30 00:00:00,12.2,12.06,12.38,11.97,9.392,0.00291,31898051.0,386174963.0,-1.1475409836065475,12.2
HK.00688,中国海外发展,2026-07-02 00:00:00,12.1,12.39,12.66,12.09,9.649,0.00251,27488087.0,340640329.0,2.736318407960199,12.06
HK.00688,中国海外发展,2026-07-03 00:00:00,12.3,12.52,12.75,12.3,9.75,0.00165,18108644.0,226564337.0,1.049233252623075,12.39
HK.00688,中国海外发展,2026-07-06 00:00:00,12.52,12.54,12.63,12.33,9.766,0.00114,12484357.0,156191688.0,0.1597444089456835,12.52
HK.00688,中国海外发展,2026-07-07 00:00:00,12.34,12.36,12.51,12.28,9.626,0.0017,18566827.0,229457344.0,-1.435406698564591,12.54
HK.00688,中国海外发展,2026-07-08 00:00:00,12.36,12.89,12.91,12.32,10.038,0.00229,25014435.0,319139852.0,4.288025889967647,12.36
HK.00688,中国海外发展,2026-07-09 00:00:00,12.76,12.54,12.76,12.41,9.766,0.002,21852775.0,275276211.0,-2.7152831652443865,12.89
HK.00688,中国海外发展,2026-07-10 00:00:00,12.68,12.91,13.09,12.53,10.054,0.00198,21724624.0,279938484.0,2.950558213716117,12.54
HK.00688,中国海外发展,2026-07-13 00:00:00,12.91,13.1,13.33,12.76,10.202,0.00167,18225830.0,237284967.0,1.4717273431448452,12.91
HK.00688,中国海外发展,2026-07-14 00:00:00,13.18,12.92,13.18,12.74,10.062,0.00115,12626995.0,163718029.0,-1.3740458015267154,13.1
HK.00688,中国海外发展,2026-07-15 00:00:00,12.92,13.08,13.22,12.81,10.186,0.00164,17915364.0,234384005.0,1.2383900928792582,12.92
HK.00688,中国海外发展,2026-07-16 00:00:00,13.05,13.56,13.82,13.05,10.56,0.00268,29309763.0,397668023.0,3.6697247706422047,13.08
HK.00688,中国海外发展,2026-07-17 00:00:00,13.63,13.37,13.79,13.09,10.412,0.00186,20376225.0,271210022.0,-1.4011799410029593,13.56
HK.00688,中国海外发展,2026-07-20 00:00:00,13.4,13.66,13.71,13.2,10.638,0.00168,18341547.0,248231103.0,2.169035153328354,13.37
HK.00688,中国海外发展,2026-07-21 00:00:00,13.66,13.51,13.73,13.42,10.521,0.00138,15126201.0,204512022.0,-1.098096632503663,13.66
HK.00688,中国海外发展,2026-07-22 00:00:00,13.48,13.35,13.52,13.28,10.397,0.00095,10422568.0,139459074.0,-1.1843079200592164,13.51
HK.00688,中国海外发展,2026-07-23 00:00:00,13.43,13.56,13.67,13.32,10.56,0.00076,8346898.0,112952907.0,1.5730337078651748,13.35
HK.00688,中国海外发展,2026-07-24 00:00:00,13.55,13.28,13.55,13.23,10.342,0.00086,9393797.0,125105147.0,-2.06489675516225,13.56
HK.00688,中国海外发展,2026-07-27 00:00:00,13.48,13.4,13.59,13.31,10.436,0.00065,7151194.0,96054037.0,0.9036144578313329,13.28
HK.00688,中国海外发展,2026-07-28 00:00:00,13.4,13.4,13.48,13.17,10.436,0.00092,10078026.0,134193059.0,0.0,13.4
HK.00688,中国海外发展,2026-07-29 00:00:00,13.44,13.72,14.04,13.44,10.685,0.00155,17003795.0,233595728.0,2.3880597014925393,13.4
HK.00688,中国海外发展,2026-07-30 00:00:00,13.77,13.8,13.95,13.59,10.747,0.00153,16789489.0,231767808.0,0.5830903790087468,13.72
HK.00688,中国海外发展,2026-07-31 00:00:00,13.81,13.51,13.84,13.43,10.521,0.00188,20540962.0,278430206.0,-2.1014492753623255,13.8
HK.00688,中国海外发展,2026-08-03 00:00:00,13.51,13.4,13.72,13.17,10.436,0.00139,15239017.0,202726317.0,-0.8142116950407063,13.51
HK.00688,中国海外发展,2026-08-04 00:00:00,13.4,13.25,13.48,13.08,10.319,0.00108,11819607.0,155874698.0,-1.1194029850746294,13.4
HK.00688,中国海外发展,2026-08-05 00:00:00,13.06,13.2,13.27,13.06,10.28,0.0014,15345759.0,202119022.0,-0.3773584905660431,13.25
HK.00688,中国海外发展,2026-08-06 00:00:00,13.06,13.21,13.28,12.94,10.288,0.00125,13701790.0,179863036.0,0.07575757575758761,13.2
HK.00688,中国海外发展,2026-08-07 00:00:00,13.21,13.14,13.22,12.97,10.233,0.00115,12625243.0,165123471.0,-0.5299015897047712,13.21
HK.00688,中国海外发展,2026-08-10 00:00:00,13.27,13.19,13.49,13.18,10.272,0.00142,15573259.0,206598775.0,0.3805175038051669,13.14
HK.00688,中国海外发展,2026-08-11 00:00:00,13.17,13.17,13.34,13.11,10.257,0.00102,11148247.0,147092599.0,-0.1516300227445002,13.19
HK.00688,中国海外发展,2026-08-12 00:00:00,13.16,13.76,13.88,13.01,10.716,0.00347,37975448.0,516845454.0,4.479878511769171,13.17
HK.00688,中国海外发展,2026-08-13 00:00:00,13.62,13.48,13.76,13.3,10.498,0.0015,16394417.0,220869647.0,-2.0348837209302277,13.76
HK.00688,中国海外发展,2026-08-14 00:00:00,13.32,13.48,13.57,13.21,10.498,0.00123,13425032.0,180710757.0,0.0,13.48
HK.00688,中国海外发展,2026-08-17 00:00:00,13.61,13.42,13.75,13.42,10.451,0.00163,17848663.0,240924474.0,-0.44510385756676923,13.48
HK.00688,中国海外发展,2026-08-18 00:00:00,13.3,13.89,14.12,13.3,10.817,0.00187,20518317.0,284368734.0,3.502235469448589,13.42
HK.00688,中国海外发展,2026-08-19 00:00:00,13.84,13.96,14.41,13.83,10.872,0.00286,31256791.0,442070134.0,0.503959683225344,13.89
HK.00688,中国海外发展,2026-08-20 00:00:00,14.21,14.15,14.77,14.11,11.02,0.00445,48667144.0,701334292.0,1.3610315186246382,13.96
HK.00688,中国海外发展,2026-08-21 00:00:00,14.15,14.1,14.35,13.99,10.981,0.00191,20925927.0,294637579.0,-0.35335689045936897,14.15
