code,name,time_key,open,close,high,low,pe_ratio,turnover_rate,volume,turnover,change_rate,last_close
HK.06806,申万宏源,2019-04-26 00:00:00,3.01634,2.58634,3.02634,2.48634,15.238,0.1522,381107998.0,1334416192.0,-14.255687356199903,3.01634
HK.06806,申万宏源,2019-04-29 00:00:00,2.57634,2.50634,2.64634,2.49634,14.857,0.00612,15312800.0,48300136.0,-3.0931741379710354,2.58634
HK.06806,申万宏源,2019-04-30 00:00:00,2.52634,2.56634,2.60634,2.47634,15.142,0.00379,9497600.0,29971560.0,2.393928996065979,2.50634
HK.06806,申万宏源,2019-05-02 00:00:00,2.54634,2.51634,2.54634,2.43634,14.904,0.00203,5092000.0,15913336.0,-1.948299913495477,2.56634
HK.06806,申万宏源,2019-05-03 00:00:00,2.51634,2.63634,2.63634,2.48634,15.476,0.00623,15608800.0,49560672.0,4.768830921099696,2.51634
HK.06806,申万宏源,2019-05-06 00:00:00,2.56634,2.51634,2.56634,2.49634,14.904,0.00693,17363100.0,54496204.0,-4.551764946858148,2.63634
HK.06806,申万宏源,2019-05-07 00:00:00,2.52634,2.50634,2.54634,2.49634,14.857,0.0011,2766300.0,8670572.0,-0.39740257675831686,2.51634
HK.06806,申万宏源,2019-05-08 00:00:00,2.49634,2.46634,2.49634,2.43634,14.666,0.00289,7246400.0,22314952.0,-1.5959526640439683,2.50634
HK.06806,申万宏源,2019-05-09 00:00:00,2.46634,2.45634,2.47634,2.44634,14.619,0.00291,7288099.0,22377618.0,-0.40545910134045715,2.46634
HK.06806,申万宏源,2019-05-10 00:00:00,2.45634,2.58634,2.60634,2.43634,15.238,0.00547,13690400.0,43089112.0,5.292426944152679,2.45634
HK.06806,申万宏源,2019-05-14 00:00:00,2.56634,2.68634,2.69634,2.47634,15.714,0.00819,20498400.0,66282648.0,3.866467672463794,2.58634
HK.06806,申万宏源,2019-05-15 00:00:00,2.69634,2.72634,2.88634,2.69634,15.904,0.01951,48860400.0,167353980.0,1.4890147933619735,2.68634
HK.06806,申万宏源,2019-05-16 00:00:00,2.70634,2.86634,2.91634,2.70634,16.571,0.01275,31924600.0,111261434.0,5.13508953395395,2.72634
HK.06806,申万宏源,2019-05-17 00:00:00,2.86634,2.76634,3.02634,2.76634,16.095,0.02207,55255000.0,198968662.0,-3.488769650495059,2.86634
HK.06806,申万宏源,2019-05-20 00:00:00,2.76634,2.57634,2.76634,2.55634,15.19,0.00137,3436000.0,11131464.0,-6.868280833158612,2.76634
HK.06806,申万宏源,2019-05-21 00:00:00,2.57634,2.61634,2.68634,2.57634,15.38,0.00041,1017600.0,3305848.0,1.5525901084484204,2.57634
HK.06806,申万宏源,2019-05-22 00:00:00,2.59634,2.58634,2.66634,2.57634,15.238,0.0002,492002.0,1586330.0,-1.1466399626959893,2.61634
HK.06806,申万宏源,2019-05-23 00:00:00,2.57634,2.54634,2.59634,2.53634,15.047,0.00043,1069600.0,3403112.0,-1.5465870689855177,2.58634
HK.06806,申万宏源,2019-05-24 00:00:00,2.54634,2.55634,2.57634,2.53634,15.095,0.00014,349600.0,1106920.0,0.3927205322148744,2.54634
HK.06806,申万宏源,2019-05-27 00:00:00,2.52634,2.50634,2.53634,2.48634,14.857,0.00042,1060000.0,3305512.0,-1.9559213563141158,2.55634
HK.06806,申万宏源,2019-05-28 00:00:00,2.47634,2.51634,2.57634,2.47634,14.904,0.00025,630400.0,1976928.0,0.39898816601100534,2.50634
HK.06806,申万宏源,2019-05-29 00:00:00,2.49634,2.49634,2.51634,2.49634,14.809,0.00024,611200.0,1904968.0,-0.7948051535166161,2.51634
HK.06806,申万宏源,2019-05-30 00:00:00,2.48634,2.47634,2.49634,2.47634,14.714,0.00033,832000.0,2579560.0,-0.8011729171507094,2.49634
HK.06806,申万宏源,2019-05-31 00:00:00,2.45634,2.44634,2.50634,2.44634,14.571,0.0006,1491200.0,4591048.0,-1.211465307671798,2.47634
HK.06806,申万宏源,2019-06-03 00:00:00,2.43634,2.45634,2.47634,2.42634,14.619,0.00035,869600.0,2668048.0,0.4087739234938637,2.44634
HK.06806,申万宏源,2019-06-04 00:00:00,2.51634,2.44634,2.51634,2.39634,14.571,0.00036,896800.0,2726944.0,-0.4071097649348131,2.45634
HK.06806,申万宏源,2019-06-05 00:00:00,2.45634,2.43634,2.49634,2.43634,14.523,0.0002,494400.0,1516632.0,-0.4087739234938819,2.44634
HK.06806,申万宏源,2019-06-06 00:00:00,2.44634,2.42634,2.44634,2.40634,14.476,0.00014,339200.0,1033192.0,-0.4104517431885446,2.43634
HK.06806,申万宏源,2019-06-10 00:00:00,2.40634,2.47634,2.47634,2.38634,14.714,0.0008,2002400.0,6050568.0,2.0607169646463324,2.42634
HK.06806,申万宏源,2019-06-11 00:00:00,2.47634,2.53634,2.55634,2.46634,15.0,0.00099,2467200.0,7730104.0,2.4229306153436143,2.47634
HK.06806,申万宏源,2019-06-12 00:00:00,2.48634,2.43634,2.48634,2.43634,14.523,0.00026,653600.0,2007328.0,-3.9426890716544345,2.53634
HK.06806,申万宏源,2019-06-13 00:00:00,2.41634,2.49634,2.50634,2.40634,14.809,0.00034,862400.0,2649144.0,2.4627104591313222,2.43634
HK.06806,申万宏源,2019-06-14 00:00:00,2.49634,2.42634,2.49634,2.42634,14.476,0.00018,456800.0,1402920.0,-2.8041052100274735,2.49634
HK.06806,申万宏源,2019-06-17 00:00:00,2.44634,2.40634,2.44634,2.39634,14.38,0.00021,523200.0,1582648.0,-0.8242867858585365,2.42634
HK.06806,申万宏源,2019-06-18 00:00:00,2.43634,2.41634,2.47634,2.39634,14.428,0.00024,609200.0,1850504.0,0.4155688722291857,2.40634
HK.06806,申万宏源,2019-06-19 00:00:00,2.47634,2.46634,2.61634,2.44634,14.666,0.00135,3385600.0,10587672.0,2.069245222112793,2.41634
HK.06806,申万宏源,2019-06-20 00:00:00,2.46634,2.52634,2.55634,2.43634,14.952,0.00144,3612800.0,11302168.0,2.4327546080426705,2.46634
HK.06806,申万宏源,2019-06-21 00:00:00,2.54634,2.46634,2.54634,2.43634,14.666,0.00058,1463200.0,4535144.0,-2.374977239801437,2.52634
HK.06806,申万宏源,2019-06-24 00:00:00,2.46634,2.26634,2.46634,2.26634,13.714,0.0276,69121600.0,193792736.0,-8.109182026808963,2.46634
HK.06806,申万宏源,2019-06-25 00:00:00,2.26634,2.08634,2.38634,2.05634,12.857,0.00598,14973600.0,41287284.0,-7.9423210992172475,2.26634
HK.06806,申万宏源,2019-06-26 00:00:00,2.09634,2.11634,2.12634,2.04634,13.0,0.0015,3754400.0,10162832.0,1.4379247869474894,2.08634
HK.06806,申万宏源,2019-06-27 00:00:00,2.10634,2.13634,2.15634,2.10634,13.095,0.00071,1773600.0,4885888.0,0.9450277365640689,2.11634
HK.06806,申万宏源,2019-06-28 00:00:00,2.13634,2.08634,2.13634,2.07634,12.857,0.00035,882400.0,2404824.0,-2.3404514262711116,2.13634
HK.06806,申万宏源,2019-07-02 00:00:00,2.11634,2.11634,2.15634,2.10634,13.0,0.00081,2036800.0,5583752.0,1.4379247869474894,2.08634
HK.06806,申万宏源,2019-07-03 00:00:00,2.11634,2.06634,2.13634,2.05634,12.761,0.00131,3282400.0,8837800.0,-2.362569341410183,2.11634
HK.06806,申万宏源,2019-07-04 00:00:00,2.07634,2.02634,2.07634,2.02634,12.571,0.001,2494400.0,6635056.0,-1.935789850653815,2.06634
HK.06806,申万宏源,2019-07-05 00:00:00,2.01634,2.01634,2.05634,2.00634,12.523,0.0008,2002400.0,5288760.0,-0.4935005971357121,2.02634
HK.06806,申万宏源,2019-07-08 00:00:00,1.98634,1.98634,2.01634,1.94634,12.38,0.00149,3732800.0,9702888.0,-1.4878443119711966,2.01634
HK.06806,申万宏源,2019-07-09 00:00:00,1.98634,1.96634,2.00634,1.96634,12.285,0.0004,1005600.0,2607784.0,-1.0068769697030728,1.98634
HK.06806,申万宏源,2019-07-10 00:00:00,1.96634,1.94634,1.98634,1.94634,12.19,0.00035,883200.0,2275824.0,-1.017118097582311,1.96634
HK.06806,申万宏源,2019-07-11 00:00:00,1.94634,1.99634,2.03634,1.94634,12.428,0.00143,3577600.0,9277040.0,2.5689242372863963,1.94634
HK.06806,申万宏源,2019-07-12 00:00:00,2.00634,2.03634,2.05634,1.98634,12.619,0.00036,906400.0,2395968.0,2.003666710079447,1.99634
HK.06806,申万宏源,2019-07-15 00:00:00,2.08634,2.04634,2.09634,2.04634,12.666,0.00035,887200.0,2375744.0,0.49107712857380337,2.03634
HK.06806,申万宏源,2019-07-16 00:00:00,2.04634,2.04634,2.08634,2.03634,12.666,0.00014,344000.0,921112.0,0.0,2.04634
HK.06806,申万宏源,2019-07-17 00:00:00,2.03634,2.02634,2.04634,2.00634,12.571,0.00028,709600.0,1872752.0,-0.9773546917911988,2.04634
HK.06806,申万宏源,2019-07-18 00:00:00,2.02634,2.02634,2.06634,1.98634,12.571,0.00037,928800.0,2446312.0,0.0,2.02634
HK.06806,申万宏源,2019-07-19 00:00:00,2.04634,2.07634,2.11634,2.03634,12.809,0.00057,1430400.0,3852840.0,2.467502985678626,2.02634
HK.06806,申万宏源,2019-07-22 00:00:00,2.02634,2.01634,2.07634,1.98634,12.523,0.00021,534400.0,1407960.0,-2.889700145448243,2.07634
HK.06806,申万宏源,2019-07-23 00:00:00,1.98634,2.02634,2.06634,1.98634,12.571,8e-05,211200.0,559712.0,0.49594810399038786,2.01634
HK.06806,申万宏源,2019-07-24 00:00:00,2.02634,2.00634,2.07634,2.00634,12.476,0.00072,1810400.0,4797328.0,-0.9870011942714461,2.02634
HK.06806,申万宏源,2019-07-25 00:00:00,2.01634,1.99634,2.02634,1.98634,12.428,0.00019,464000.0,1212496.0,-0.4984200085728136,2.00634
HK.06806,申万宏源,2019-07-26 00:00:00,1.99634,1.98634,2.00634,1.98634,12.38,0.00332,8310400.0,21687968.0,-0.5009166775198618,1.99634
HK.06806,申万宏源,2019-07-29 00:00:00,1.98634,1.97634,2.00634,1.96634,12.333,0.00019,471200.0,1221776.0,-0.5034384848515364,1.98634
HK.06806,申万宏源,2019-07-30 00:00:00,1.97634,1.99634,2.00634,1.97634,12.428,0.00023,584000.0,1522264.0,1.0119716243156551,1.97634
HK.06806,申万宏源,2019-07-31 00:00:00,1.97634,1.97634,2.00634,1.96634,12.333,5e-05,133600.0,345696.0,-1.0018333550397236,1.99634
HK.06806,申万宏源,2019-08-01 00:00:00,2.01634,1.96634,2.01634,1.95634,12.285,0.00028,704000.0,1820104.0,-0.5059858121578276,1.97634
HK.06806,申万宏源,2019-08-02 00:00:00,1.93634,1.86634,1.93634,1.78634,11.809,0.00075,1878400.0,4668464.0,-5.085590487911545,1.96634
HK.06806,申万宏源,2019-08-05 00:00:00,1.79634,1.76634,1.83634,1.75634,11.333,0.00066,1643200.0,3941936.0,-5.358080521234077,1.86634
HK.06806,申万宏源,2019-08-06 00:00:00,1.67634,1.63634,1.69634,1.58634,10.714,0.0006,1498400.0,3383768.0,-7.359851444229316,1.76634
HK.06806,申万宏源,2019-08-07 00:00:00,1.62634,1.64634,1.64634,1.62634,10.761,0.00019,481600.0,1083160.0,0.6111199383991107,1.63634
HK.06806,申万宏源,2019-08-08 00:00:00,1.65634,1.64634,1.67634,1.63634,10.761,0.00015,368000.0,833904.0,0.0,1.64634
HK.06806,申万宏源,2019-08-09 00:00:00,1.64634,1.61634,1.64634,1.60634,10.619,8e-05,204000.0,456720.0,-1.8222238419767365,1.64634
HK.06806,申万宏源,2019-08-12 00:00:00,1.60634,1.64634,1.66634,1.60634,10.761,7e-05,182400.0,412176.0,1.8560451390177688,1.61634
HK.06806,申万宏源,2019-08-13 00:00:00,1.60634,1.57634,1.62634,1.52634,10.428,0.00078,1955200.0,4313256.0,-4.25185563127907,1.64634
HK.06806,申万宏源,2019-08-14 00:00:00,1.63634,1.55634,1.64634,1.55634,10.333,0.00026,651200.0,1427968.0,-1.2687618153444065,1.57634
HK.06806,申万宏源,2019-08-15 00:00:00,1.54634,1.48634,1.54634,1.48634,10.0,0.00079,1987200.0,4238920.0,-4.497731858077287,1.55634
HK.06806,申万宏源,2019-08-16 00:00:00,1.50634,1.51634,1.53634,1.476339999,10.142,0.00045,1138400.0,2409720.0,2.0183807204273605,1.48634
HK.06806,申万宏源,2019-08-19 00:00:00,1.52634,1.67634,1.68634,1.52634,10.904,0.00044,1096000.0,2454664.0,10.551723228299716,1.51634
HK.06806,申万宏源,2019-08-20 00:00:00,1.66634,1.66634,1.70634,1.65634,10.857,0.00038,948800.0,2179672.0,-0.5965376952169613,1.67634
HK.06806,申万宏源,2019-08-21 00:00:00,1.64634,1.64634,1.69634,1.63634,10.761,0.00031,784800.0,1794400.0,-1.2002352461082384,1.66634
HK.06806,申万宏源,2019-08-22 00:00:00,1.63634,1.63634,1.67634,1.61634,10.714,0.00018,448800.0,1012176.0,-0.6074079473255833,1.64634
HK.06806,申万宏源,2019-08-23 00:00:00,1.61634,1.62634,1.67634,1.61634,10.666,0.00033,838400.0,1901208.0,-0.6111199383991107,1.63634
HK.06806,申万宏源,2019-08-26 00:00:00,1.55634,1.56634,1.58634,1.52634,10.38,0.00045,1123200.0,2439832.0,-3.689265467245461,1.62634
HK.06806,申万宏源,2019-08-27 00:00:00,1.59634,1.60634,1.65634,1.59634,10.571,0.00083,2090400.0,4697872.0,2.5537239679763037,1.56634
HK.06806,申万宏源,2019-08-28 00:00:00,1.60634,1.59634,1.61634,1.57634,10.523,0.00017,431200.0,949936.0,-0.6225332121468686,1.60634
HK.06806,申万宏源,2019-08-29 00:00:00,1.62634,1.57634,1.62634,1.56634,10.428,0.00019,465600.0,1017912.0,-1.2528659308167445,1.59634
HK.06806,申万宏源,2019-08-30 00:00:00,1.63634,1.56634,1.64634,1.48634,10.38,0.00026,658400.0,1445176.0,-0.6343809076722032,1.57634
HK.06806,申万宏源,2019-09-02 00:00:00,1.62634,1.59634,1.63634,1.53634,10.523,0.00043,1075200.0,2358652.0,1.9152929759822277,1.56634
HK.06806,申万宏源,2019-09-03 00:00:00,1.62634,1.57634,1.62634,1.56634,10.428,8e-05,208800.0,458104.0,-1.2528659308167445,1.59634
HK.06806,申万宏源,2019-09-04 00:00:00,1.57634,1.64634,1.66634,1.57634,10.761,0.00042,1048000.0,2349808.0,4.440666353705409,1.57634
HK.06806,申万宏源,2019-09-05 00:00:00,1.65634,1.71634,1.80634,1.65634,11.095,0.0015,3764800.0,8854160.0,4.251855631279083,1.64634
HK.06806,申万宏源,2019-09-06 00:00:00,1.72634,1.76634,1.79634,1.72634,11.333,0.00048,1192000.0,2842768.0,2.9131757111061938,1.71634
HK.06806,申万宏源,2019-09-09 00:00:00,1.79634,1.77634,1.81634,1.72634,11.38,0.00052,1292000.0,3104288.0,0.5661424187868704,1.76634
HK.06806,申万宏源,2019-09-10 00:00:00,1.76634,1.75634,1.78634,1.73634,11.285,0.00036,896000.0,2126344.0,-1.1259105801817229,1.77634
HK.06806,申万宏源,2019-09-11 00:00:00,1.75634,1.70634,1.78634,1.68634,11.047,0.00047,1172000.0,2753008.0,-2.846829201635221,1.75634
HK.06806,申万宏源,2019-09-12 00:00:00,1.69634,1.71634,1.74634,1.67634,11.095,0.00044,1108000.0,2578288.0,0.5860496735703323,1.70634
HK.06806,申万宏源,2019-09-13 00:00:00,1.71634,1.78634,1.80634,1.70634,11.428,0.00085,2119200.0,5070072.0,4.078445995548671,1.71634
HK.06806,申万宏源,2019-09-16 00:00:00,1.75634,1.76634,1.80634,1.75634,11.333,0.00046,1143200.0,2746328.0,-1.1196076894656122,1.78634
HK.06806,申万宏源,2019-09-17 00:00:00,1.76634,1.70634,1.83634,1.69634,11.047,0.00065,1637600.0,3909600.0,-3.396854512721223,1.76634
HK.06806,申万宏源,2019-09-18 00:00:00,1.74634,1.71634,1.74634,1.68634,11.095,0.00021,520800.0,1206688.0,0.5860496735703323,1.70634
HK.06806,申万宏源,2019-09-19 00:00:00,1.73634,1.68634,1.73634,1.66634,10.952,0.00036,908000.0,2088594.0,-1.7479054266637162,1.71634
HK.06806,申万宏源,2019-09-20 00:00:00,1.70634,1.62634,1.70634,1.62634,10.666,0.00023,585030.0,1337622.0,-3.558001352040517,1.68634
HK.06806,申万宏源,2019-09-23 00:00:00,1.63634,1.58634,1.63634,1.57634,10.476,0.00037,916000.0,2024416.0,-2.45951031149697,1.62634
HK.06806,申万宏源,2019-09-24 00:00:00,1.61634,1.57634,1.61634,1.56634,10.428,0.00027,665600.0,1463744.0,-0.6303818853461431,1.58634
HK.06806,申万宏源,2019-09-25 00:00:00,1.56634,1.55634,1.57634,1.54634,10.333,0.0003,743200.0,1612896.0,-1.2687618153444065,1.57634
HK.06806,申万宏源,2019-09-26 00:00:00,1.58634,1.54634,1.58634,1.496339999,10.285,0.00025,629600.0,1363392.0,-0.6425331225824696,1.55634
HK.06806,申万宏源,2019-09-27 00:00:00,1.54634,1.54634,1.58634,1.51634,10.285,0.00028,693602.0,1507004.0,0.0,1.54634
HK.06806,申万宏源,2019-09-30 00:00:00,1.53634,1.54634,1.55634,1.53634,10.285,2e-05,37600.0,81064.0,0.0,1.54634
HK.06806,申万宏源,2019-10-02 00:00:00,1.51634,1.58634,1.58634,1.51634,10.476,0.00011,279200.0,606208.0,2.5867532366749897,1.54634
HK.06806,申万宏源,2019-10-03 00:00:00,1.51634,1.57634,1.59634,1.496339999,10.428,0.00014,341600.0,736872.0,-0.6303818853461431,1.58634
HK.06806,申万宏源,2019-10-04 00:00:00,1.56634,1.51634,1.56634,1.50634,10.142,0.00032,799200.0,1713280.0,-3.8062854460332196,1.57634
HK.06806,申万宏源,2019-10-08 00:00:00,1.52634,1.55634,1.57634,1.52634,10.333,0.00046,1147200.0,2485872.0,2.6379308070749325,1.51634
HK.06806,申万宏源,2019-10-09 00:00:00,1.55634,1.58634,1.59634,1.53634,10.476,0.00048,1211200.0,2652576.0,1.9275993677474088,1.55634
HK.06806,申万宏源,2019-10-10 00:00:00,1.58634,1.62634,1.62634,1.58634,10.666,0.00019,472000.0,1051592.0,2.521527541384559,1.58634
HK.06806,申万宏源,2019-10-11 00:00:00,1.63634,1.68634,1.73634,1.63634,10.952,0.00093,2335200.0,5377648.0,3.689265467245475,1.62634
HK.06806,申万宏源,2019-10-14 00:00:00,1.73634,1.69634,1.78634,1.66634,11.0,0.0006,1507200.0,3551224.0,0.5930002253400862,1.68634
HK.06806,申万宏源,2019-10-15 00:00:00,1.69634,1.66634,1.70634,1.63634,10.857,0.00031,772800.0,1770288.0,-1.768513387646346,1.69634
HK.06806,申万宏源,2019-10-16 00:00:00,1.71634,1.69634,1.72634,1.67634,11.0,0.00035,880000.0,2039136.0,1.8003528691623576,1.66634
HK.06806,申万宏源,2019-10-17 00:00:00,1.72634,1.71634,1.72634,1.68634,11.095,0.00021,524800.0,1211528.0,1.1790089250975642,1.69634
HK.06806,申万宏源,2019-10-18 00:00:00,1.71634,1.67634,1.71634,1.62634,10.904,0.00034,860800.0,1964824.0,-2.3305405688849548,1.71634
HK.06806,申万宏源,2019-10-21 00:00:00,1.67634,1.70634,1.70634,1.63634,11.047,0.00036,899200.0,2053632.0,1.7896130856508838,1.67634
HK.06806,申万宏源,2019-10-22 00:00:00,1.67634,1.68634,1.72634,1.65634,10.952,0.00032,791200.0,1808904.0,-1.1720993471406647,1.70634
HK.06806,申万宏源,2019-10-23 00:00:00,1.65634,1.65634,1.68634,1.61634,10.809,0.00057,1433600.0,3240536.0,-1.7790006760202586,1.68634
HK.06806,申万宏源,2019-10-24 00:00:00,1.67634,1.67634,1.68634,1.62634,10.904,0.00057,1436000.0,3260800.0,1.2074815557192375,1.65634
HK.06806,申万宏源,2019-10-25 00:00:00,1.67634,1.69634,1.69634,1.64634,11.0,0.00052,1301600.0,2968024.0,1.1930753904339226,1.67634
HK.06806,申万宏源,2019-10-28 00:00:00,1.69634,1.70634,1.73634,1.65634,11.047,0.00138,3452800.0,8032688.0,0.5895044625487821,1.69634
HK.06806,申万宏源,2019-10-29 00:00:00,1.73634,1.70634,1.73634,1.66634,11.047,0.00059,1484000.0,3430896.0,0.0,1.70634
HK.06806,申万宏源,2019-10-30 00:00:00,1.68634,1.67634,1.69634,1.66634,10.904,0.00032,790400.0,1811424.0,-1.7581490207109969,1.70634
HK.06806,申万宏源,2019-10-31 00:00:00,1.65634,1.60634,1.67634,1.59634,10.571,0.0004,1004000.0,2257752.0,-4.175763866518716,1.67634
HK.06806,申万宏源,2019-11-01 00:00:00,1.63634,1.60634,1.63634,1.59634,10.571,0.00062,1552800.0,3456088.0,0.0,1.60634
HK.06806,申万宏源,2019-11-04 00:00:00,1.60634,1.61634,1.63634,1.59634,10.619,0.00134,3367200.0,7499952.0,0.6225332121468686,1.60634
HK.06806,申万宏源,2019-11-05 00:00:00,1.61634,1.63634,1.63634,1.60634,10.714,0.00243,6087200.0,13614592.0,1.2373634260118413,1.61634
HK.06806,申万宏源,2019-11-06 00:00:00,1.62634,1.62634,1.63634,1.61634,10.666,0.00023,567200.0,1269921.0,-0.6111199383991107,1.63634
HK.06806,申万宏源,2019-11-07 00:00:00,1.62634,1.60634,1.62634,1.59634,11.443,0.00078,1951200.0,4340104.0,-1.2297551557484778,1.62634
HK.06806,申万宏源,2019-11-08 00:00:00,1.62634,1.59634,1.62634,1.57634,11.391,0.00086,2156000.0,4782120.0,-0.6225332121468686,1.60634
HK.06806,申万宏源,2019-11-11 00:00:00,1.60634,1.57634,1.60634,1.55634,11.288,0.00116,2894400.0,6316600.0,-1.2528659308167445,1.59634
HK.06806,申万宏源,2019-11-12 00:00:00,1.58634,1.56634,1.61634,1.55634,11.237,0.00035,872000.0,1910752.0,-0.6343809076722032,1.57634
HK.06806,申万宏源,2019-11-13 00:00:00,1.56634,1.54634,1.58634,1.53634,11.134,0.00047,1168000.0,2528968.0,-1.2768619839881519,1.56634
HK.06806,申万宏源,2019-11-14 00:00:00,1.55634,1.476339999,1.55634,1.44634,10.773,0.00481,12043200.0,25253560.0,-4.526818228850068,1.54634
HK.06806,申万宏源,2019-11-15 00:00:00,1.476339999,1.476339999,1.496339999,1.46634,10.773,0.00095,2373600.0,4974750.0,0.0,1.476339999
HK.06806,申万宏源,2019-11-18 00:00:00,1.48634,1.436339999,1.50634,1.436339999,10.567,0.00233,5841600.0,12181779.0,-2.709402984887888,1.476339999
HK.06806,申万宏源,2019-11-19 00:00:00,1.44634,1.476339999,1.50634,1.44634,10.773,0.00252,6310400.0,13157680.0,2.7848559552646566,1.436339999
HK.06806,申万宏源,2019-11-20 00:00:00,1.46634,1.46634,1.496339999,1.46634,10.721,0.00039,985600.0,2067512.0,-0.6773506784868956,1.476339999
HK.06806,申万宏源,2019-11-21 00:00:00,1.46634,1.456339999,1.496339999,1.456339999,10.67,0.00075,1876000.0,3899744.0,-0.681970143350101,1.46634
HK.06806,申万宏源,2019-11-22 00:00:00,1.456339999,1.46634,1.48634,1.456339999,10.721,0.00076,1891200.0,3948352.0,0.6866529111928806,1.456339999
HK.06806,申万宏源,2019-11-25 00:00:00,1.456339999,1.496339999,1.54634,1.456339999,10.876,0.00104,2615200.0,5556264.0,2.0459101572622957,1.46634
HK.06806,申万宏源,2019-11-26 00:00:00,1.48634,1.476339999,1.51634,1.476339999,10.773,0.00181,4541600.0,9561328.0,-1.3365946251096652,1.496339999
HK.06806,申万宏源,2019-11-27 00:00:00,1.476339999,1.456339999,1.476339999,1.38634,10.67,0.00669,16741600.0,34227560.0,-1.3547014924439365,1.476339999
HK.06806,申万宏源,2019-11-28 00:00:00,1.456339999,1.51634,1.51634,1.44634,10.979,0.00272,6809600.0,14304656.0,4.11991712383091,1.456339999
HK.06806,申万宏源,2019-11-29 00:00:00,1.51634,1.53634,1.53634,1.456339999,11.082,0.00081,2018400.0,4284976.0,1.3189654035374663,1.51634
HK.06806,申万宏源,2019-12-02 00:00:00,1.53634,1.52634,1.56634,1.51634,11.03,0.00189,4743200.0,10218984.0,-0.6508975877735402,1.53634
HK.06806,申万宏源,2019-12-03 00:00:00,1.53634,1.52634,1.53634,1.496339999,11.03,0.00106,2647200.0,5643552.0,0.0,1.52634
HK.06806,申万宏源,2019-12-04 00:00:00,1.51634,1.456339999,1.52634,1.44634,10.67,0.00236,5897600.0,12279816.0,-4.5861342164917325,1.52634
HK.06806,申万宏源,2019-12-05 00:00:00,1.46634,1.48634,1.496339999,1.456339999,10.824,0.00199,4974400.0,10387860.0,2.0599585962480926,1.456339999
HK.06806,申万宏源,2019-12-06 00:00:00,1.48634,1.51634,1.52634,1.48634,10.979,0.00193,4834400.0,10204816.0,2.0183807204273605,1.48634
HK.06806,申万宏源,2019-12-09 00:00:00,1.51634,1.50634,1.56634,1.496339999,10.927,0.00186,4651200.0,9975936.0,-0.6594827017687331,1.51634
HK.06806,申万宏源,2019-12-10 00:00:00,1.496339999,1.48634,1.51634,1.46634,10.824,0.00195,4887200.0,10249504.0,-1.3277214971387614,1.50634
HK.06806,申万宏源,2019-12-11 00:00:00,1.48634,1.48634,1.50634,1.46634,10.824,0.0021,5265600.0,11048192.0,0.0,1.48634
HK.06806,申万宏源,2019-12-12 00:00:00,1.496339999,1.456339999,1.496339999,1.416339999,10.67,0.00323,8091200.0,16791288.0,-2.0183807877067084,1.48634
HK.06806,申万宏源,2019-12-13 00:00:00,1.46634,1.52634,1.53634,1.46634,11.03,0.00368,9226400.0,19594328.0,4.806569966358516,1.456339999
HK.06806,申万宏源,2019-12-16 00:00:00,1.55634,1.55634,1.57634,1.52634,11.185,0.00362,9076000.0,19716960.0,1.965486064703803,1.52634
HK.06806,申万宏源,2019-12-17 00:00:00,1.56634,1.70634,1.73634,1.56634,11.958,0.0057,14263200.0,32261912.0,9.637996838737031,1.55634
HK.06806,申万宏源,2019-12-18 00:00:00,1.70634,1.72634,1.80634,1.69634,12.061,0.00263,6597600.0,15556252.0,1.1720993471406647,1.70634
HK.06806,申万宏源,2019-12-19 00:00:00,1.69634,1.67634,1.71634,1.66634,11.804,0.00181,4525600.0,10392808.0,-2.896300844561329,1.72634
HK.06806,申万宏源,2019-12-20 00:00:00,1.67634,1.58634,1.72634,1.58634,11.34,0.00773,19364800.0,43244744.0,-5.368839256952638,1.67634
HK.06806,申万宏源,2019-12-23 00:00:00,1.59634,1.58634,1.62634,1.58634,11.34,0.00121,3036790.0,6743042.0,0.0,1.58634
HK.06806,申万宏源,2019-12-24 00:00:00,1.59634,1.58634,1.60634,1.56634,11.34,0.00043,1082400.0,2379456.0,0.0,1.58634
HK.06806,申万宏源,2019-12-27 00:00:00,1.63634,1.63634,1.69634,1.61634,11.597,0.00121,3030842.0,6885589.0,3.151909426730702,1.58634
HK.06806,申万宏源,2019-12-30 00:00:00,1.64634,1.72634,1.74634,1.62634,12.061,0.00366,9159200.0,21185608.0,5.5000794455919975,1.63634
HK.06806,申万宏源,2019-12-31 00:00:00,1.67634,1.73634,1.76634,1.67634,12.113,0.00145,3630400.0,8521592.0,0.5792601689122658,1.72634
HK.06806,申万宏源,2020-01-02 00:00:00,1.73634,1.78634,1.80634,1.73634,12.371,0.00234,5852800.0,14044340.0,2.879620350852946,1.73634
HK.06806,申万宏源,2020-01-03 00:00:00,1.81634,1.77634,1.81634,1.75634,12.319,0.00088,2205600.0,5306000.0,-0.5598038447328061,1.78634
HK.06806,申万宏源,2020-01-06 00:00:00,1.75634,1.74634,1.80634,1.72634,12.164,0.00109,2735200.0,6500160.0,-1.6888658702725843,1.77634
HK.06806,申万宏源,2020-01-07 00:00:00,1.75634,1.75634,1.78634,1.75634,12.216,0.00057,1427200.0,3397752.0,0.5726261781783621,1.74634
HK.06806,申万宏源,2020-01-08 00:00:00,1.73634,1.69634,1.73634,1.69634,11.907,0.00086,2164800.0,5051864.0,-3.4161950419622653,1.75634
HK.06806,申万宏源,2020-01-09 00:00:00,1.72634,1.72634,1.73634,1.69634,12.061,0.00087,2179200.0,5081368.0,1.768513387646346,1.69634
HK.06806,申万宏源,2020-01-10 00:00:00,1.73634,1.73634,1.80634,1.73634,12.113,0.00092,2297600.0,5446792.0,0.5792601689122658,1.72634
HK.06806,申万宏源,2020-01-13 00:00:00,1.73634,1.72634,1.75634,1.71634,12.061,0.00066,1643200.0,3861920.0,-0.5759240701705892,1.73634
HK.06806,申万宏源,2020-01-14 00:00:00,1.73634,1.72634,1.77634,1.71634,12.061,0.00082,2052000.0,4822112.0,0.0,1.72634
HK.06806,申万宏源,2020-01-15 00:00:00,1.77634,1.68634,1.77634,1.66634,11.855,0.0015,3764800.0,8698472.0,-2.3170406756490634,1.72634
HK.06806,申万宏源,2020-01-16 00:00:00,1.70634,1.65634,1.72634,1.64634,11.701,0.00055,1387200.0,3194632.0,-1.7790006760202586,1.68634
HK.06806,申万宏源,2020-01-17 00:00:00,1.68634,1.66634,1.69634,1.63634,11.752,0.0009,2255200.0,5146104.0,0.6037407778596188,1.65634
HK.06806,申万宏源,2020-01-20 00:00:00,1.66634,1.65634,1.68634,1.64634,11.701,0.0007,1747200.0,3982528.0,-0.6001176230541192,1.66634
HK.06806,申万宏源,2020-01-21 00:00:00,1.67634,1.58634,1.67634,1.58634,11.34,0.00112,2799200.0,6221248.0,-4.226185445017318,1.65634
HK.06806,申万宏源,2020-01-22 00:00:00,1.61634,1.60634,1.62634,1.54634,11.443,0.00024,604800.0,1325936.0,1.2607637706922863,1.58634
HK.06806,申万宏源,2020-01-23 00:00:00,1.56634,1.476339999,1.56634,1.456339999,10.773,0.00075,1882400.0,3995960.0,-8.092931820162617,1.60634
HK.06806,申万宏源,2020-01-24 00:00:00,1.476339999,1.456339999,1.476339999,1.44634,10.67,0.00023,584800.0,1211384.0,-1.3547014924439365,1.476339999
HK.06806,申万宏源,2020-01-29 00:00:00,1.436339999,1.30634,1.46634,1.29634,9.896,0.00119,2970400.0,5843696.0,-10.2997925692488,1.456339999
HK.06806,申万宏源,2020-01-30 00:00:00,1.33634,1.20634,1.33634,1.19634,9.381,0.0014,3495200.0,6488528.0,-7.65497496823186,1.30634
HK.06806,申万宏源,2020-01-31 00:00:00,1.22634,1.21634,1.24634,1.16634,9.432,0.0005,1248800.0,2290576.0,0.8289536946466178,1.20634
HK.06806,申万宏源,2020-02-03 00:00:00,1.21634,1.24634,1.26634,1.21634,9.587,0.00221,5534900.0,10237701.0,2.4664156403637163,1.21634
HK.06806,申万宏源,2020-02-04 00:00:00,1.26634,1.31634,1.32634,1.25634,9.948,0.00139,3476800.0,6639864.0,5.616444950815994,1.24634
HK.06806,申万宏源,2020-02-05 00:00:00,1.31634,1.396339999,1.396339999,1.31634,10.36,0.00271,6777600.0,13498264.0,6.077457115942688,1.31634
HK.06806,申万宏源,2020-02-06 00:00:00,1.396339999,1.42634,1.436339999,1.38634,10.515,0.0011,2751200.0,5570980.0,2.148473940550627,1.396339999
HK.06806,申万宏源,2020-02-07 00:00:00,1.42634,1.38634,1.42634,1.37634,10.309,0.00039,969600.0,1950440.0,-2.8043804422507983,1.42634
HK.06806,申万宏源,2020-02-10 00:00:00,1.38634,1.36634,1.38634,1.35634,10.206,0.00043,1081600.0,2154368.0,-1.4426475467778321,1.38634
HK.06806,申万宏源,2020-02-11 00:00:00,1.37634,1.396339999,1.416339999,1.37634,10.36,0.00055,1367200.0,2752872.0,2.195646691160322,1.36634
HK.06806,申万宏源,2020-02-12 00:00:00,1.396339999,1.396339999,1.416339999,1.38634,10.36,0.00096,2406940.0,4833221.0,0.0,1.396339999
HK.06806,申万宏源,2020-02-13 00:00:00,1.436339999,1.38634,1.436339999,1.38634,10.309,0.00045,1120000.0,2260280.0,-0.7161578846958281,1.396339999
HK.06806,申万宏源,2020-02-14 00:00:00,1.396339999,1.396339999,1.436339999,1.38634,10.36,0.00051,1280000.0,2597824.0,0.7213237012565568,1.38634
HK.06806,申万宏源,2020-02-17 00:00:00,1.416339999,1.476339999,1.48634,1.416339999,10.773,0.00082,2047200.0,4242164.0,5.729263650492895,1.396339999
HK.06806,申万宏源,2020-02-18 00:00:00,1.476339999,1.46634,1.496339999,1.46634,10.721,0.00047,1178400.0,2465992.0,-0.6773506784868956,1.476339999
HK.06806,申万宏源,2020-02-19 00:00:00,1.456339999,1.496339999,1.51634,1.456339999,10.876,0.00058,1445600.0,3061200.0,2.0459101572622957,1.46634
HK.06806,申万宏源,2020-02-20 00:00:00,1.51634,1.57634,1.58634,1.48634,11.288,0.00197,4928400.0,10674532.0,5.346378567268398,1.496339999
HK.06806,申万宏源,2020-02-21 00:00:00,1.56634,1.50634,1.59634,1.48634,10.927,0.00158,3949600.0,8467656.0,-4.4406663537054225,1.57634
HK.06806,申万宏源,2020-02-24 00:00:00,1.50634,1.46634,1.50634,1.46634,10.721,0.00095,2374400.0,4966968.0,-2.655442994277523,1.50634
HK.06806,申万宏源,2020-02-25 00:00:00,1.436339999,1.456339999,1.46634,1.416339999,10.67,0.00086,2146400.0,4415496.0,-0.681970143350101,1.46634
HK.06806,申万宏源,2020-02-26 00:00:00,1.40634,1.436339999,1.46634,1.40634,10.567,0.00053,1330400.0,2737912.0,-1.3733056850552119,1.456339999
HK.06806,申万宏源,2020-02-27 00:00:00,1.48634,1.436339999,1.48634,1.42634,10.567,0.00058,1460000.0,3005484.0,0.0,1.436339999
HK.06806,申万宏源,2020-02-28 00:00:00,1.396339999,1.38634,1.40634,1.38634,10.309,0.00156,3915200.0,7850600.0,-3.4810698744594513,1.436339999
HK.06806,申万宏源,2020-03-02 00:00:00,1.38634,1.416339999,1.456339999,1.37634,10.463,0.00065,1632800.0,3316504.0,2.1639712480344047,1.38634
HK.06806,申万宏源,2020-03-03 00:00:00,1.44634,1.436339999,1.476339999,1.416339999,10.567,0.00057,1432000.0,2949832.0,1.412090318293695,1.416339999
HK.06806,申万宏源,2020-03-04 00:00:00,1.436339999,1.456339999,1.456339999,1.42634,10.67,0.00037,922400.0,1893688.0,1.392427977632336,1.436339999
HK.06806,申万宏源,2020-03-05 00:00:00,1.46634,1.51634,1.52634,1.456339999,10.979,0.00115,2888000.0,6089032.0,4.11991712383091,1.456339999
HK.06806,申万宏源,2020-03-06 00:00:00,1.48634,1.46634,1.50634,1.456339999,10.721,0.00052,1289600.0,2703648.0,-3.2974135088436665,1.51634
HK.06806,申万宏源,2020-03-09 00:00:00,1.40634,1.33634,1.436339999,1.33634,10.051,0.00155,3892800.0,7800992.0,-8.865610976990322,1.46634
HK.06806,申万宏源,2020-03-10 00:00:00,1.37634,1.36634,1.40634,1.32634,10.206,0.00093,2328000.0,4590032.0,2.2449376655641546,1.33634
HK.06806,申万宏源,2020-03-11 00:00:00,1.37634,1.36634,1.396339999,1.34634,10.206,0.00049,1222400.0,2428280.0,0.0,1.36634
HK.06806,申万宏源,2020-03-12 00:00:00,1.34634,1.27634,1.35634,1.24634,9.742,0.00111,2772000.0,5273960.0,-6.586940293045661,1.36634
HK.06806,申万宏源,2020-03-13 00:00:00,1.19634,1.24634,1.26634,1.16634,9.587,0.00291,7292000.0,13242392.0,-2.3504708776658276,1.27634
HK.06806,申万宏源,2020-03-16 00:00:00,1.24634,1.18634,1.24634,1.13634,9.278,0.00209,5239200.0,9484816.0,-4.814095672127995,1.24634
HK.06806,申万宏源,2020-03-17 00:00:00,1.12634,1.18634,1.20634,1.09634,9.278,0.00054,1343200.0,2392984.0,0.0,1.18634
HK.06806,申万宏源,2020-03-18 00:00:00,1.17634,1.10634,1.21634,1.09634,8.865,0.00075,1870400.0,3307976.0,-6.743429371006612,1.18634
HK.06806,申万宏源,2020-03-19 00:00:00,1.08634,1.05634,1.12634,1.00634,8.608,0.00172,4301600.0,7156448.0,-4.519406330784392,1.10634
HK.06806,申万宏源,2020-03-20 00:00:00,1.06634,1.24634,1.24634,1.06634,9.587,0.00245,6141550.0,10882153.0,17.986633091618224,1.05634
HK.06806,申万宏源,2020-03-23 00:00:00,1.17634,1.08634,1.17634,1.07634,8.762,0.00076,1908000.0,3312984.0,-12.837588459007968,1.24634
HK.06806,申万宏源,2020-03-24 00:00:00,1.16634,1.14634,1.17634,1.10634,9.072,0.00059,1469795.0,2572719.0,5.523132720879267,1.08634
HK.06806,申万宏源,2020-03-25 00:00:00,1.23634,1.21634,1.23634,1.18634,9.432,0.00072,1812000.0,3306152.0,6.106390774115888,1.14634
HK.06806,申万宏源,2020-03-26 00:00:00,1.20634,1.22634,1.22634,1.17634,9.484,0.00065,1628800.0,2961096.0,0.8221385467879054,1.21634
HK.06806,申万宏源,2020-03-27 00:00:00,1.23634,1.21634,1.27634,1.20634,9.432,0.00068,1694000.0,3133600.0,-0.815434545069068,1.22634
HK.06806,申万宏源,2020-03-30 00:00:00,1.20634,1.17634,1.21634,1.17634,7.103,0.00053,1329600.0,2397784.0,-3.2885541871516217,1.21634
HK.06806,申万宏源,2020-03-31 00:00:00,1.21634,1.20634,1.21634,1.16634,7.222,0.00046,1149600.0,2076480.0,2.5502830814220405,1.17634
HK.06806,申万宏源,2020-04-01 00:00:00,1.20634,1.17634,1.22634,1.14634,7.103,0.0008,2009600.0,3612024.0,-2.486861083939853,1.20634
HK.06806,申万宏源,2020-04-02 00:00:00,1.13634,1.16634,1.18634,1.10634,7.063,0.00014,340000.0,596216.0,-0.8500943604740133,1.17634
HK.06806,申万宏源,2020-04-03 00:00:00,1.17634,1.13634,1.17634,1.08634,6.944,0.00027,672800.0,1167872.0,-2.5721487730850376,1.16634
HK.06806,申万宏源,2020-04-06 00:00:00,1.13634,1.18634,1.21634,1.12634,7.142,0.00043,1079200.0,1923784.0,4.40009152190366,1.13634
HK.06806,申万宏源,2020-04-07 00:00:00,1.19634,1.24634,1.26634,1.18634,7.38,0.00156,3902800.0,7212848.0,5.057572028254974,1.18634
HK.06806,申万宏源,2020-04-08 00:00:00,1.22634,1.23634,1.25634,1.22634,7.341,0.0006,1505600.0,2789760.0,-0.8023492786879992,1.24634
HK.06806,申万宏源,2020-04-09 00:00:00,1.25634,1.27634,1.28634,1.24634,7.5,0.00089,2219200.0,4200052.0,3.2353559700406063,1.23634
HK.06806,申万宏源,2020-04-14 00:00:00,1.26634,1.34634,1.34634,1.24634,7.777,0.0012,3012000.0,5811632.0,5.484432047886932,1.27634
HK.06806,申万宏源,2020-04-15 00:00:00,1.35634,1.28634,1.35634,1.28634,7.539,0.00035,869600.0,1686800.0,-4.4565265831810725,1.34634
HK.06806,申万宏源,2020-04-16 00:00:00,1.28634,1.28634,1.31634,1.25634,7.539,0.00065,1621600.0,3078440.0,0.0,1.28634
HK.06806,申万宏源,2020-04-17 00:00:00,1.32634,1.33634,1.34634,1.31634,7.738,0.03227,80806400.0,153424558.0,3.886997216909996,1.28634
HK.06806,申万宏源,2020-04-20 00:00:00,1.33634,1.33634,1.34634,1.32634,7.738,0.00022,552000.0,1075592.0,0.0,1.33634
HK.06806,申万宏源,2020-04-21 00:00:00,1.31634,1.26634,1.31634,1.25634,7.46,0.00053,1337600.0,2522128.0,-5.238187886316361,1.33634
HK.06806,申万宏源,2020-04-22 00:00:00,1.23634,1.26634,1.28634,1.22634,7.46,0.00048,1208800.0,2269208.0,0.0,1.26634
HK.06806,申万宏源,2020-04-23 00:00:00,1.26634,1.24634,1.28634,1.23634,7.38,0.00034,844800.0,1573760.0,-1.5793546756795187,1.26634
HK.06806,申万宏源,2020-04-24 00:00:00,1.25634,1.23634,1.25634,1.21634,7.341,0.00023,576800.0,1063000.0,-0.8023492786879992,1.24634
HK.06806,申万宏源,2020-04-27 00:00:00,1.21634,1.23634,1.28634,1.20634,7.341,0.00051,1265600.0,2358192.0,0.0,1.23634
HK.06806,申万宏源,2020-04-28 00:00:00,1.27634,1.26634,1.29634,1.24634,7.46,0.00018,460800.0,868944.0,2.426516977530455,1.23634
HK.06806,申万宏源,2020-04-29 00:00:00,1.28634,1.25634,1.30634,1.23634,7.42,0.00021,520000.0,973104.0,-0.7896773378397594,1.26634
HK.06806,申万宏源,2020-05-04 00:00:00,1.21634,1.18634,1.21634,1.15634,7.142,0.00021,525600.0,946528.0,-5.571740134040153,1.25634
HK.06806,申万宏源,2020-05-05 00:00:00,1.18634,1.16634,1.21634,1.12634,7.063,0.00032,799200.0,1418856.0,-1.6858573427516579,1.18634
HK.06806,申万宏源,2020-05-06 00:00:00,1.18634,1.23634,1.25634,1.18634,7.341,0.00039,971200.0,1789360.0,6.001680470531754,1.16634
HK.06806,申万宏源,2020-05-07 00:00:00,1.23634,1.23634,1.24634,1.21634,7.341,8e-05,205600.0,379336.0,0.0,1.23634
HK.06806,申万宏源,2020-05-08 00:00:00,1.23634,1.24634,1.30634,1.23634,7.38,0.00061,1519200.0,2862656.0,0.8088389925101516,1.23634
HK.06806,申万宏源,2020-05-11 00:00:00,1.26634,1.24634,1.30634,1.24634,7.38,0.00036,900800.0,1713200.0,0.0,1.24634
HK.06806,申万宏源,2020-05-12 00:00:00,1.29634,1.29634,1.32634,1.25634,7.579,0.00086,2157600.0,4123184.0,4.011746393439996,1.24634
HK.06806,申万宏源,2020-05-13 00:00:00,1.28634,1.31634,1.33634,1.26634,7.658,0.00036,909600.0,1750008.0,1.5428051282842477,1.29634
HK.06806,申万宏源,2020-05-14 00:00:00,1.31634,1.27634,1.32634,1.27634,7.5,0.00045,1125600.0,2148832.0,-3.0387285959554546,1.31634
HK.06806,申万宏源,2020-05-15 00:00:00,1.27634,1.27634,1.30634,1.27634,7.5,0.00028,712800.0,1358752.0,0.0,1.27634
HK.06806,申万宏源,2020-05-18 00:00:00,1.26634,1.30634,1.30634,1.26634,7.619,0.00038,952000.0,1819336.0,2.3504708776658276,1.27634
HK.06806,申万宏源,2020-05-19 00:00:00,1.30634,1.31634,1.32634,1.29634,7.658,0.00029,718400.0,1384176.0,0.765497496823186,1.30634
HK.06806,申万宏源,2020-05-20 00:00:00,1.32634,1.30634,1.32634,1.28634,7.619,0.00034,850400.0,1628392.0,-0.7596821489888637,1.31634
HK.06806,申万宏源,2020-05-21 00:00:00,1.31634,1.30634,1.32634,1.28634,7.619,0.00061,1538400.0,2949632.0,0.0,1.30634
HK.06806,申万宏源,2020-05-22 00:00:00,1.28634,1.21634,1.28634,1.20634,7.261,0.00056,1400800.0,2598032.0,-6.889477471408674,1.30634
HK.06806,申万宏源,2020-05-25 00:00:00,1.21634,1.24634,1.26634,1.20634,7.38,0.00024,609600.0,1133184.0,2.4664156403637163,1.21634
HK.06806,申万宏源,2020-05-26 00:00:00,1.25634,1.25634,1.26634,1.25634,7.42,0.00012,308000.0,579616.0,0.8023492786879992,1.24634
HK.06806,申万宏源,2020-05-27 00:00:00,1.26634,1.28634,1.28634,1.25634,7.539,0.00041,1023200.0,1927072.0,2.3878886288743515,1.25634
HK.06806,申万宏源,2020-05-28 00:00:00,1.26634,1.25634,1.30634,1.22634,7.42,0.00042,1059200.0,2008192.0,-2.3321983301459976,1.28634
HK.06806,申万宏源,2020-05-29 00:00:00,1.23634,1.25634,1.27634,1.23634,7.42,0.00029,726400.0,1367432.0,0.0,1.25634
HK.06806,申万宏源,2020-06-01 00:00:00,1.28634,1.32634,1.36634,1.28634,7.698,0.00127,3178400.0,6170216.0,5.571740134040153,1.25634
HK.06806,申万宏源,2020-06-02 00:00:00,1.31634,1.34634,1.34634,1.30634,7.777,0.00098,2444000.0,4738544.0,1.5079089826138106,1.32634
HK.06806,申万宏源,2020-06-03 00:00:00,1.36634,1.33634,1.36634,1.31634,7.738,0.00039,966400.0,1883256.0,-0.7427544305301786,1.34634
HK.06806,申万宏源,2020-06-04 00:00:00,1.34634,1.29634,1.34634,1.29634,7.579,0.00021,535200.0,1034672.0,-2.993250220752206,1.33634
HK.06806,申万宏源,2020-06-05 00:00:00,1.32634,1.34634,1.38634,1.31634,7.777,0.00113,2830000.0,5564604.0,3.8570128207106196,1.29634
HK.06806,申万宏源,2020-06-08 00:00:00,1.37634,1.38634,1.416339999,1.35634,7.936,0.00168,4200000.0,8399280.0,2.9710177221206986,1.34634
HK.06806,申万宏源,2020-06-09 00:00:00,1.38634,1.416339999,1.416339999,1.36634,8.055,0.00079,1967200.0,3955600.0,2.1639712480344047,1.38634
HK.06806,申万宏源,2020-06-10 00:00:00,1.416339999,1.36634,1.416339999,1.36634,7.857,0.0005,1260800.0,2512952.0,-3.530225725129716,1.416339999
HK.06806,申万宏源,2020-06-11 00:00:00,1.37634,1.35634,1.44634,1.33634,7.817,0.00123,3087200.0,6194416.0,-0.7318822547828511,1.36634
HK.06806,申万宏源,2020-06-12 00:00:00,1.30634,1.30634,1.32634,1.27634,7.619,0.00126,3166400.0,6083440.0,-3.686391317811171,1.35634
HK.06806,申万宏源,2020-06-15 00:00:00,1.29634,1.31634,1.32634,1.29634,7.658,0.00046,1161600.0,2235760.0,0.765497496823186,1.30634
HK.06806,申万宏源,2020-06-16 00:00:00,1.33634,1.34634,1.35634,1.29634,7.777,0.00076,1908800.0,3720544.0,2.279046446966591,1.31634
HK.06806,申万宏源,2020-06-17 00:00:00,1.34634,1.396339999,1.416339999,1.34634,7.976,0.00114,2859600.0,5711152.0,3.7137720783754444,1.34634
HK.06806,申万宏源,2020-06-18 00:00:00,1.38634,1.416339999,1.416339999,1.35634,8.055,0.00117,2922400.0,5851432.0,1.4323159126232277,1.396339999
HK.06806,申万宏源,2020-06-19 00:00:00,1.416339999,1.48634,1.496339999,1.396339999,8.333,0.00226,5659390.0,11731443.0,4.942316184632438,1.416339999
HK.06806,申万宏源,2020-06-22 00:00:00,1.48634,1.56634,1.66634,1.46634,8.65,0.00389,9736006.0,21530405.0,5.382348587806294,1.48634
HK.06806,申万宏源,2020-06-23 00:00:00,1.58634,1.56634,1.58634,1.496339999,8.65,0.00033,836455.0,1809676.0,0.0,1.56634
HK.06806,申万宏源,2020-06-24 00:00:00,1.56634,1.52634,1.58634,1.50634,8.492,0.00039,972312.0,2096160.0,-2.5537239679763037,1.56634
HK.06806,申万宏源,2020-06-26 00:00:00,1.50634,1.476339999,1.50634,1.456339999,8.293,0.00014,345600.0,723352.0,-3.2758101733558793,1.52634
HK.06806,申万宏源,2020-06-29 00:00:00,1.51634,1.456339999,1.53634,1.42634,8.214,0.00222,5558400.0,11590568.0,-1.3547014924439365,1.476339999
HK.06806,申万宏源,2020-06-30 00:00:00,1.456339999,1.52634,1.59634,1.456339999,8.492,0.00315,7896000.0,16779696.0,4.806569966358516,1.456339999
HK.06806,申万宏源,2020-07-02 00:00:00,1.58634,1.74634,1.82634,1.56634,9.365,0.00656,16426400.0,38384952.0,14.413564474494542,1.52634
HK.06806,申万宏源,2020-07-03 00:00:00,1.76634,2.04634,2.21634,1.76634,10.555,0.01149,28772400.0,74536968.0,17.17878534535084,1.74634
HK.06806,申万宏源,2020-07-06 00:00:00,2.13634,2.37634,2.48634,2.13634,11.865,0.02251,56357200.0,167602552.0,16.12635241455477,2.04634
HK.06806,申万宏源,2020-07-07 00:00:00,2.40634,2.03634,2.51634,1.99634,10.515,0.02143,53661086.0,149586895.0,-14.307716909196492,2.37634
HK.06806,申万宏源,2020-07-08 00:00:00,2.10384,2.12384,2.22384,2.05384,10.515,0.01381,34575200.0,92453040.0,4.296924875020866,2.03634
HK.06806,申万宏源,2020-07-09 00:00:00,2.23384,2.10384,2.28384,2.06384,10.436,0.0089,22274400.0,59776594.0,-0.9416905228265792,2.12384
HK.06806,申万宏源,2020-07-10 00:00:00,2.08384,1.97384,2.10384,1.91384,9.92,0.01089,27275200.0,68602648.0,-6.1791771237356405,2.10384
HK.06806,申万宏源,2020-07-13 00:00:00,2.01384,2.12384,2.21384,1.94384,10.515,0.00738,18478400.0,48873176.0,7.599400154014504,1.97384
HK.06806,申万宏源,2020-07-14 00:00:00,2.08384,2.10384,2.16384,2.02384,10.436,0.004,10019200.0,26228725.0,-0.9416905228265792,2.12384
HK.06806,申万宏源,2020-07-15 00:00:00,2.17384,2.06384,2.17384,2.00384,10.277,0.00346,8667200.0,22462528.0,-1.901285268841739,2.10384
HK.06806,申万宏源,2020-07-16 00:00:00,2.06384,1.89384,2.10384,1.86384,9.603,0.00389,9745600.0,24349720.0,-8.23707264129002,2.06384
HK.06806,申万宏源,2020-07-17 00:00:00,1.92384,1.88384,1.97384,1.82384,9.563,0.00305,7640800.0,18415688.0,-0.5280277108942683,1.89384
HK.06806,申万宏源,2020-07-20 00:00:00,1.96384,1.96384,2.06384,1.90384,9.88,0.0041,10258400.0,25697624.0,4.246645150331243,1.88384
HK.06806,申万宏源,2020-07-21 00:00:00,1.98384,1.94384,2.03384,1.94384,9.801,0.00223,5584000.0,14020504.0,-1.0184129053283373,1.96384
HK.06806,申万宏源,2020-07-22 00:00:00,1.95384,1.95384,2.13384,1.92384,9.841,0.00368,9223200.0,23612264.0,0.5144456333854643,1.94384
HK.06806,申万宏源,2020-07-23 00:00:00,1.97384,2.03384,2.08384,1.89384,10.158,0.00429,10738400.0,27128680.0,4.094501085042792,1.95384
HK.06806,申万宏源,2020-07-24 00:00:00,2.01384,1.89384,2.05384,1.86384,9.603,0.003,7516000.0,18479328.0,-6.883530661212293,2.03384
HK.06806,申万宏源,2020-07-27 00:00:00,1.90384,1.84384,1.93384,1.79384,9.404,0.00233,5824000.0,13909936.0,-2.6401385544713407,1.89384
HK.06806,申万宏源,2020-07-28 00:00:00,1.90384,1.84384,1.91384,1.82384,9.404,0.00109,2737600.0,6541440.0,0.0,1.84384
HK.06806,申万宏源,2020-07-29 00:00:00,1.85384,1.94384,1.98384,1.85384,9.801,0.00211,5286400.0,13022432.0,5.423464074973972,1.84384
HK.06806,申万宏源,2020-07-30 00:00:00,1.97384,1.98384,2.00384,1.89384,9.96,0.00258,6451200.0,15948976.0,2.0577825335418574,1.94384
HK.06806,申万宏源,2020-07-31 00:00:00,1.99384,1.94384,2.06384,1.91384,9.801,0.00609,15241600.0,38407984.0,-2.016291636422294,1.98384
HK.06806,申万宏源,2020-08-03 00:00:00,1.97384,1.97384,1.99384,1.93384,9.92,0.00161,4033600.0,10045976.0,1.5433369001563928,1.94384
HK.06806,申万宏源,2020-08-04 00:00:00,2.00384,1.99384,2.03384,1.96384,10.0,0.0032,8002400.0,20249913.0,1.0132533538686022,1.97384
HK.06806,申万宏源,2020-08-05 00:00:00,2.00384,1.95384,2.00384,1.93384,9.841,0.00172,4312000.0,10745464.0,-2.006179031416765,1.99384
HK.06806,申万宏源,2020-08-06 00:00:00,1.95384,2.11384,2.12384,1.90384,10.476,0.00598,14965600.0,37926072.0,8.189002170085583,1.95384
HK.06806,申万宏源,2020-08-07 00:00:00,2.11384,1.95384,2.11384,1.90384,9.841,0.00385,9642400.0,24002584.0,-7.5691632290050395,2.11384
HK.06806,申万宏源,2020-08-10 00:00:00,1.98384,1.92384,1.98384,1.88384,9.722,0.00172,4312800.0,10612488.0,-1.5354379068910466,1.95384
HK.06806,申万宏源,2020-08-11 00:00:00,1.90384,1.83384,1.96384,1.82384,9.365,0.00275,6880000.0,16610328.0,-4.678143712574855,1.92384
HK.06806,申万宏源,2020-08-12 00:00:00,1.84384,1.80384,1.86384,1.73384,9.246,0.00338,8475200.0,19721304.0,-1.6359115299044522,1.83384
HK.06806,申万宏源,2020-08-13 00:00:00,1.82384,1.81384,1.85384,1.78384,9.285,0.0013,3243200.0,7591760.0,0.5543728933829933,1.80384
HK.06806,申万宏源,2020-08-14 00:00:00,1.85384,1.79384,1.85384,1.76384,9.206,0.00289,7230400.0,16795552.0,-1.1026330878136879,1.81384
HK.06806,申万宏源,2020-08-17 00:00:00,1.82384,1.88384,1.97384,1.82384,9.563,0.00446,11156000.0,27194008.0,5.017169870222531,1.79384
HK.06806,申万宏源,2020-08-18 00:00:00,1.90384,1.84384,1.94384,1.80384,9.404,0.00374,9356800.0,22388196.0,-2.1233225751656213,1.88384
HK.06806,申万宏源,2020-08-19 00:00:00,1.85384,1.85384,1.85384,1.80384,9.444,0.00114,2853600.0,6718536.0,0.5423464074973973,1.84384
HK.06806,申万宏源,2020-08-20 00:00:00,1.85384,1.83384,1.85384,1.79384,9.365,0.0013,3256800.0,7606800.0,-1.0788417554913055,1.85384
HK.06806,申万宏源,2020-08-21 00:00:00,1.84384,1.82384,1.84384,1.80384,9.325,0.0036,9015200.0,21221120.0,-0.5453038433014881,1.83384
HK.06806,申万宏源,2020-08-24 00:00:00,1.83384,1.86384,1.88384,1.80384,9.484,0.00295,7380000.0,17541408.0,2.1931748398982385,1.82384
HK.06806,申万宏源,2020-08-25 00:00:00,1.86384,1.89384,1.94384,1.84384,9.603,0.00185,4639200.0,11282352.0,1.60958022147824,1.86384
HK.06806,申万宏源,2020-08-26 00:00:00,1.87384,1.78384,1.88384,1.78384,9.166,0.00217,5441600.0,12726992.0,-5.8083048198369385,1.89384
HK.06806,申万宏源,2020-08-27 00:00:00,1.79384,1.81384,1.82384,1.77384,9.285,0.00169,4220800.0,9832192.0,1.681765180733687,1.78384
HK.06806,申万宏源,2020-08-28 00:00:00,1.81384,1.78384,1.85384,1.77384,9.166,0.00158,3952800.0,9262752.0,-1.653949631720538,1.81384
HK.06806,申万宏源,2020-08-31 00:00:00,1.83384,1.73384,1.83384,1.72384,8.968,0.00444,11120000.0,25667488.0,-2.8029419678894993,1.78384
HK.06806,申万宏源,2020-09-01 00:00:00,1.72384,1.73384,1.81384,1.72384,8.968,0.0057,14280800.0,32812920.0,0.0,1.73384
HK.06806,申万宏源,2020-09-02 00:00:00,1.76384,1.74384,1.76384,1.69384,9.007,0.00179,4493600.0,10177744.0,0.5767544871499105,1.73384
HK.06806,申万宏源,2020-09-03 00:00:00,1.79384,1.76384,1.81384,1.73384,9.087,0.00163,4074400.0,9362178.0,1.1468942104780266,1.74384
HK.06806,申万宏源,2020-09-04 00:00:00,1.71384,1.70384,1.73384,1.68384,8.849,0.00364,9108800.0,20326624.0,-3.4016690856313527,1.76384
HK.06806,申万宏源,2020-09-07 00:00:00,1.68384,1.66384,1.70384,1.65384,8.69,0.0027,6748800.0,14895496.0,-2.347638275894452,1.70384
HK.06806,申万宏源,2020-09-08 00:00:00,1.68384,1.68384,1.71384,1.66384,8.769,0.0013,3247200.0,7197708.0,1.2020386575632283,1.66384
HK.06806,申万宏源,2020-09-09 00:00:00,1.71384,1.64384,1.71384,1.64384,8.611,0.00175,4378400.0,9610312.0,-2.3755226149752966,1.68384
HK.06806,申万宏源,2020-09-10 00:00:00,1.67384,1.59384,1.69384,1.59384,8.412,0.00217,5432800.0,11806372.0,-3.041658555577188,1.64384
HK.06806,申万宏源,2020-09-11 00:00:00,1.61384,1.64384,1.66384,1.57384,8.611,0.00121,3022400.0,6522160.0,3.1370777493349427,1.59384
HK.06806,申万宏源,2020-09-14 00:00:00,1.63384,1.61384,1.67384,1.61384,8.492,0.00073,1838400.0,4004224.0,-1.8249951333463128,1.64384
HK.06806,申万宏源,2020-09-15 00:00:00,1.61384,1.65384,1.66384,1.61384,8.65,0.001,2498400.0,5427240.0,2.478560452089429,1.61384
HK.06806,申万宏源,2020-09-16 00:00:00,1.64384,1.67384,1.68384,1.62384,8.73,0.00439,10988800.0,23905768.0,1.2093068253277233,1.65384
HK.06806,申万宏源,2020-09-17 00:00:00,1.64384,1.563839999,1.66384,1.563839999,8.293,0.00448,11225600.0,23846776.0,-6.571715396931604,1.67384
HK.06806,申万宏源,2020-09-18 00:00:00,1.59384,1.74384,1.74384,1.59384,9.007,0.00302,7560790.0,16653803.0,11.510128984749162,1.563839999
HK.06806,申万宏源,2020-09-21 00:00:00,1.79384,1.67384,1.80384,1.67384,8.73,0.00098,2461600.0,5563768.0,-4.014129736673093,1.74384
HK.06806,申万宏源,2020-09-22 00:00:00,1.68384,1.59384,1.68384,1.59384,8.412,0.00608,15229600.0,32789056.0,-4.7794293361372695,1.67384
HK.06806,申万宏源,2020-09-23 00:00:00,1.60384,1.523839999,1.60384,1.49384,8.134,0.00678,16980800.0,34974768.0,-4.391908911810466,1.59384
HK.06806,申万宏源,2020-09-24 00:00:00,1.503839999,1.51384,1.543839999,1.503839999,8.095,0.00184,4602400.0,9421936.0,-0.6562368100694491,1.523839999
HK.06806,申万宏源,2020-09-25 00:00:00,1.53384,1.543839999,1.563839999,1.523839999,8.214,0.00139,3487200.0,7218312.0,1.9817153067695361,1.51384
HK.06806,申万宏源,2020-09-28 00:00:00,1.563839999,1.60384,1.64384,1.55384,8.452,0.00162,4066000.0,8628840.0,3.8864131670940023,1.543839999
HK.06806,申万宏源,2020-09-29 00:00:00,1.66384,1.563839999,1.66384,1.563839999,8.293,0.00022,556800.0,1184528.0,-2.494014427873098,1.60384
HK.06806,申万宏源,2020-09-30 00:00:00,1.53384,1.53384,1.583839999,1.51384,8.174,0.0001,240800.0,500272.0,-1.9183547561888357,1.563839999
HK.06806,申万宏源,2020-10-05 00:00:00,1.53384,1.49384,1.543839999,1.49384,8.015,8e-05,188000.0,382336.0,-2.60783393313514,1.53384
HK.06806,申万宏源,2020-10-06 00:00:00,1.49384,1.53384,1.55384,1.49384,8.174,4e-05,100800.0,207784.0,2.677662935789645,1.49384
HK.06806,申万宏源,2020-10-07 00:00:00,1.523839999,1.523839999,1.543839999,1.51384,8.134,0.0001,240000.0,492440.0,-0.6519585484796387,1.53384
HK.06806,申万宏源,2020-10-08 00:00:00,1.51384,1.543839999,1.57384,1.49384,8.214,0.00016,400800.0,824368.0,1.3124737513862843,1.523839999
HK.06806,申万宏源,2020-10-09 00:00:00,1.55384,1.563839999,1.583839999,1.543839999,8.293,0.00093,2324000.0,4855104.0,1.2954710341068199,1.543839999
HK.06806,申万宏源,2020-10-12 00:00:00,1.61384,1.60384,1.65384,1.583839999,8.452,0.00274,6870400.0,14703361.0,2.5578064907904876,1.563839999
HK.06806,申万宏源,2020-10-14 00:00:00,1.60384,1.53384,1.60384,1.53384,8.174,0.00231,5781600.0,12052192.0,-4.364525139664795,1.60384
HK.06806,申万宏源,2020-10-15 00:00:00,1.55384,1.49384,1.563839999,1.483839999,8.015,0.00214,5356000.0,11066360.0,-2.60783393313514,1.53384
HK.06806,申万宏源,2020-10-16 00:00:00,1.503839999,1.523839999,1.563839999,1.503839999,8.134,0.00339,8477600.0,17403228.0,2.008247134900655,1.49384
HK.06806,申万宏源,2020-10-19 00:00:00,1.55384,1.47384,1.57384,1.46384,7.936,0.00462,11557600.0,23471192.0,-3.2811843128420177,1.523839999
HK.06806,申万宏源,2020-10-20 00:00:00,1.483839999,1.49384,1.503839999,1.45384,8.015,0.00641,16051200.0,32131376.0,1.3569994029202639,1.47384
HK.06806,申万宏源,2020-10-21 00:00:00,1.483839999,1.483839999,1.523839999,1.47384,7.976,0.0026,6520800.0,13208372.0,-0.6694158008889902,1.49384
HK.06806,申万宏源,2020-10-22 00:00:00,1.503839999,1.503839999,1.53384,1.483839999,8.055,0.0015,3756800.0,7631536.0,1.3478542169963446,1.483839999
HK.06806,申万宏源,2020-10-23 00:00:00,1.503839999,1.51384,1.55384,1.503839999,8.095,0.00289,7226400.0,14852488.0,0.6649644248490355,1.503839999
HK.06806,申万宏源,2020-10-27 00:00:00,1.49384,1.46384,1.503839999,1.45384,7.896,0.00379,9492000.0,18979136.0,-3.3028589547112004,1.51384
HK.06806,申万宏源,2020-10-28 00:00:00,1.47384,1.45384,1.483839999,1.44384,7.857,0.00175,4391200.0,8726448.0,-0.6831347688271948,1.46384
HK.06806,申万宏源,2020-10-29 00:00:00,1.43384,1.44384,1.46384,1.43384,7.817,0.00117,2929611.0,5783805.0,-0.6878335992956589,1.45384
HK.06806,申万宏源,2020-10-30 00:00:00,1.44384,1.43384,1.47384,1.40384,7.777,0.00142,3557600.0,6965032.0,-0.692597517730497,1.44384
HK.06806,申万宏源,2020-11-02 00:00:00,1.43384,1.543839999,1.60384,1.43384,8.214,0.00479,11984000.0,24789648.0,7.671706675779726,1.43384
HK.06806,申万宏源,2020-11-03 00:00:00,1.543839999,1.57384,1.62384,1.543839999,8.333,0.00108,2696000.0,5708384.0,1.9432066159337724,1.543839999
HK.06806,申万宏源,2020-11-04 00:00:00,1.59384,1.57384,1.60384,1.543839999,8.333,0.00108,2709600.0,5691504.0,0.0,1.57384
HK.06806,申万宏源,2020-11-05 00:00:00,1.60384,1.62384,1.62384,1.57384,8.531,0.00105,2635200.0,5611936.0,3.176943018350026,1.57384
HK.06806,申万宏源,2020-11-06 00:00:00,1.61384,1.583839999,1.62384,1.583839999,8.373,0.0018,4503600.0,9602104.0,-2.4632969381219763,1.62384
HK.06806,申万宏源,2020-11-09 00:00:00,1.59384,1.68384,1.72384,1.59384,8.769,0.00293,7330800.0,16163144.0,6.31376913470664,1.583839999
HK.06806,申万宏源,2020-11-10 00:00:00,1.70384,1.66384,1.73384,1.64384,8.69,0.00216,5397600.0,11959864.0,-1.1877613074876483,1.68384
HK.06806,申万宏源,2020-11-11 00:00:00,1.67384,1.65384,1.70384,1.64384,8.65,0.00179,4471200.0,9861072.0,-0.6010193287816141,1.66384
HK.06806,申万宏源,2020-11-12 00:00:00,1.65384,1.63384,1.67384,1.63384,8.571,0.00143,3592800.0,7796592.0,-1.2093068253277233,1.65384
HK.06806,申万宏源,2020-11-13 00:00:00,1.63384,1.62384,1.63384,1.583839999,8.531,0.00122,3048800.0,6504392.0,-0.6120550359888367,1.63384
HK.06806,申万宏源,2020-11-16 00:00:00,1.61384,1.67384,1.69384,1.60384,8.73,0.00254,6354400.0,13858472.0,3.0791210956744535,1.62384
HK.06806,申万宏源,2020-11-17 00:00:00,1.67384,1.70384,1.71384,1.66384,8.849,0.00114,2866400.0,6342024.0,1.792286001051476,1.67384
HK.06806,申万宏源,2020-11-18 00:00:00,1.69384,1.78384,1.79384,1.69384,9.166,0.00188,4708800.0,10721504.0,4.695276551788904,1.70384
HK.06806,申万宏源,2020-11-19 00:00:00,1.76384,1.79384,1.79384,1.73384,9.206,0.00216,5400800.0,12349640.0,0.5605883935778998,1.78384
HK.06806,申万宏源,2020-11-20 00:00:00,1.75384,1.80384,1.81384,1.72384,9.246,0.00174,4352800.0,9984296.0,0.557463318913616,1.79384
HK.06806,申万宏源,2020-11-23 00:00:00,1.82384,1.83384,1.87384,1.77384,9.365,0.00125,3130411.0,7401889.0,1.6631186801490043,1.80384
HK.06806,申万宏源,2020-11-24 00:00:00,1.89384,1.74384,1.89384,1.74384,9.007,0.00111,2772000.0,6455444.0,-4.907734589713381,1.83384
HK.06806,申万宏源,2020-11-25 00:00:00,1.77384,1.75384,1.82384,1.73384,9.047,0.00137,3437600.0,7929944.0,0.5734471052390133,1.74384
HK.06806,申万宏源,2020-11-26 00:00:00,1.75384,1.76384,1.79384,1.74384,9.087,0.00124,3112000.0,7115768.0,0.5701774392190855,1.75384
HK.06806,申万宏源,2020-11-27 00:00:00,1.77384,1.81384,1.81384,1.75384,9.285,0.00075,1870400.0,4317488.0,2.834724238026115,1.76384
HK.06806,申万宏源,2020-11-30 00:00:00,1.81384,1.82384,1.92384,1.79384,9.325,0.00246,6169600.0,14796640.0,0.55131654390685,1.81384
HK.06806,申万宏源,2020-12-01 00:00:00,1.83384,1.91384,1.92384,1.80384,9.682,0.00202,5064000.0,12151872.0,4.934643389771037,1.82384
HK.06806,申万宏源,2020-12-02 00:00:00,1.90384,1.86384,1.94384,1.84384,9.484,0.00174,4367200.0,10555720.0,-2.6125485934038397,1.91384
HK.06806,申万宏源,2020-12-03 00:00:00,1.87384,1.88384,1.93384,1.85384,9.563,0.00161,4029611.0,9758762.0,1.0730534809854932,1.86384
HK.06806,申万宏源,2020-12-04 00:00:00,1.89384,1.82384,1.89384,1.80384,9.325,0.00094,2344800.0,5568720.0,-3.184983862748432,1.88384
HK.06806,申万宏源,2020-12-07 00:00:00,1.82384,1.79384,1.83384,1.77384,9.206,0.00092,2304800.0,5350472.0,-1.6448811299236668,1.82384
HK.06806,申万宏源,2020-12-08 00:00:00,1.78384,1.77384,1.79384,1.74384,9.126,0.00074,1848800.0,4246872.0,-1.114926637827232,1.79384
HK.06806,申万宏源,2020-12-09 00:00:00,1.77384,1.69384,1.79384,1.69384,8.809,0.00092,2300000.0,5241296.0,-4.509989627023861,1.77384
HK.06806,申万宏源,2020-12-10 00:00:00,1.71384,1.72384,1.72384,1.68384,8.928,0.00077,1934400.0,4323088.0,1.771123600812357,1.69384
HK.06806,申万宏源,2020-12-11 00:00:00,1.73384,1.70384,1.73384,1.65384,8.849,0.00156,3900800.0,8627448.0,-1.1602004826434018,1.72384
HK.06806,申万宏源,2020-12-14 00:00:00,1.69384,1.67384,1.71384,1.64384,8.73,0.00101,2517600.0,5560992.0,-1.7607287069208393,1.70384
HK.06806,申万宏源,2020-12-15 00:00:00,1.68384,1.60384,1.68384,1.60384,8.452,0.00551,13787200.0,29642824.0,-4.182000669120111,1.67384
HK.06806,申万宏源,2020-12-16 00:00:00,1.60384,1.59384,1.63384,1.563839999,8.412,0.00364,9119200.0,19384280.0,-0.6235035913806869,1.60384
HK.06806,申万宏源,2020-12-17 00:00:00,1.60384,1.61384,1.64384,1.59384,8.492,0.00331,8284000.0,17767120.0,1.2548310997339769,1.59384
HK.06806,申万宏源,2020-12-18 00:00:00,1.63384,1.57384,1.64384,1.57384,8.333,0.00563,14106400.0,29861520.0,-2.478560452089429,1.61384
HK.06806,申万宏源,2020-12-21 00:00:00,1.583839999,1.583839999,1.60384,1.55384,8.373,0.00397,9936800.0,20893176.0,0.6353885401311538,1.57384
HK.06806,申万宏源,2020-12-22 00:00:00,1.583839999,1.55384,1.59384,1.53384,8.253,0.00141,3529600.0,7349596.0,-1.8941306583329913,1.583839999
HK.06806,申万宏源,2020-12-23 00:00:00,1.53384,1.543839999,1.57384,1.53384,8.214,0.00232,5812800.0,12092496.0,-0.6435669695721626,1.55384
HK.06806,申万宏源,2020-12-24 00:00:00,1.55384,1.47384,1.57384,1.47384,7.936,0.00493,12356800.0,25345784.0,-4.534148554600312,1.543839999
HK.06806,申万宏源,2020-12-28 00:00:00,1.47384,1.49384,1.523839999,1.47384,8.015,0.00734,18384000.0,36984592.0,1.3569994029202639,1.47384
HK.06806,申万宏源,2020-12-29 00:00:00,1.49384,1.51384,1.543839999,1.483839999,8.095,0.00252,6315200.0,12935952.0,1.3388314678948225,1.49384
HK.06806,申万宏源,2020-12-30 00:00:00,1.523839999,1.543839999,1.563839999,1.51384,8.214,0.00171,4285600.0,8858840.0,1.9817153067695361,1.51384
HK.06806,申万宏源,2020-12-31 00:00:00,1.543839999,1.69384,1.74384,1.543839999,8.809,0.00717,17944000.0,39548664.0,9.716032820574693,1.543839999
HK.06806,申万宏源,2021-01-04 00:00:00,1.69384,1.65384,1.71384,1.62384,8.65,0.00369,9239200.0,20137976.0,-2.361498134416476,1.69384
HK.06806,申万宏源,2021-01-05 00:00:00,1.65384,1.59384,1.69384,1.59384,8.412,0.00503,12600000.0,27273864.0,-3.62792047598317,1.65384
HK.06806,申万宏源,2021-01-06 00:00:00,1.61384,1.72384,1.73384,1.61384,8.928,0.00367,9192800.0,20347928.0,8.15640214827085,1.59384
HK.06806,申万宏源,2021-01-07 00:00:00,1.73384,1.69384,1.77384,1.67384,8.809,0.00283,7082582.0,15860184.0,-1.7403007239651027,1.72384
HK.06806,申万宏源,2021-01-08 00:00:00,1.69384,1.68384,1.73384,1.67384,8.769,0.0055,13773600.0,30578768.0,-0.590374533604119,1.69384
HK.06806,申万宏源,2021-01-11 00:00:00,1.69384,1.64384,1.71384,1.64384,8.611,0.00279,6998660.0,15409857.0,-2.3755226149752966,1.68384
HK.06806,申万宏源,2021-01-12 00:00:00,1.65384,1.71384,1.75384,1.64384,8.888,0.01135,28424000.0,64006416.0,4.258321977808063,1.64384
HK.06806,申万宏源,2021-01-13 00:00:00,1.74384,1.70384,1.80384,1.69384,8.849,0.00888,22226400.0,50584472.0,-0.5834850394435892,1.71384
HK.06806,申万宏源,2021-01-14 00:00:00,1.71384,1.69384,1.72384,1.66384,8.809,0.00236,5904000.0,13142152.0,-0.586909568973613,1.70384
HK.06806,申万宏源,2021-01-15 00:00:00,1.71384,1.74384,1.82384,1.69384,9.007,0.00457,11436800.0,26265376.0,2.951872668020595,1.69384
HK.06806,申万宏源,2021-01-18 00:00:00,1.75384,1.77384,1.80384,1.73384,9.126,0.00426,10658400.0,24440776.0,1.72034131571704,1.74384
HK.06806,申万宏源,2021-01-19 00:00:00,1.80384,1.97384,2.07384,1.79384,9.92,0.01532,38354400.0,94904672.0,11.274974067559642,1.77384
HK.06806,申万宏源,2021-01-20 00:00:00,1.97384,1.94384,2.07384,1.89384,9.801,0.00667,16712800.0,41884176.0,-1.5198800308029032,1.97384
HK.06806,申万宏源,2021-01-21 00:00:00,1.96384,1.92384,1.96384,1.85384,9.722,0.00761,19065600.0,46137368.0,-1.0288912667709287,1.94384
HK.06806,申万宏源,2021-01-22 00:00:00,1.91384,1.81384,1.93384,1.81384,9.285,0.00217,5436800.0,12950792.0,-5.717731204258156,1.92384
HK.06806,申万宏源,2021-01-25 00:00:00,1.84384,1.83384,1.89384,1.80384,9.365,0.00254,6356800.0,15035344.0,1.1026330878137,1.81384
HK.06806,申万宏源,2021-01-26 00:00:00,1.84384,1.74384,1.84384,1.71384,9.007,0.00452,11314400.0,25868872.0,-4.907734589713381,1.83384
HK.06806,申万宏源,2021-01-27 00:00:00,1.73384,1.69384,1.74384,1.67384,8.809,0.00375,9379200.0,20927552.0,-2.867235526195066,1.74384
HK.06806,申万宏源,2021-01-28 00:00:00,1.67384,1.62384,1.67384,1.61384,8.531,0.00185,4621600.0,9998600.0,-4.132621735228833,1.69384
HK.06806,申万宏源,2021-01-29 00:00:00,1.62384,1.583839999,1.63384,1.563839999,8.373,0.00189,4740800.0,10063304.0,-2.4632969381219763,1.62384
HK.06806,申万宏源,2021-02-01 00:00:00,1.59384,1.64384,1.64384,1.563839999,8.611,0.00205,5133200.0,10957188.0,3.7882615060790563,1.583839999
HK.06806,申万宏源,2021-02-02 00:00:00,1.62384,1.66384,1.68384,1.60384,8.69,0.00171,4280000.0,9329960.0,1.2166634222308752,1.64384
HK.06806,申万宏源,2021-02-03 00:00:00,1.67384,1.66384,1.69384,1.63384,8.69,0.00109,2734000.0,6008956.0,0.0,1.66384
HK.06806,申万宏源,2021-02-04 00:00:00,1.68384,1.59384,1.68384,1.55384,8.412,0.00421,10544800.0,22349624.0,-4.2071353014712995,1.66384
HK.06806,申万宏源,2021-02-05 00:00:00,1.59384,1.60384,1.63384,1.59384,8.452,0.00143,3583200.0,7664704.0,0.6274155498669884,1.59384
HK.06806,申万宏源,2021-02-08 00:00:00,1.60384,1.64384,1.65384,1.59384,8.611,0.00258,6456000.0,13942456.0,2.4940143655227476,1.60384
HK.06806,申万宏源,2021-02-09 00:00:00,1.64384,1.62384,1.67384,1.60384,8.531,0.0006,1507200.0,3256264.0,-1.2166634222308752,1.64384
HK.06806,申万宏源,2021-02-10 00:00:00,1.63384,1.62384,1.63384,1.61384,8.531,0.00048,1192400.0,2567832.0,0.0,1.62384
HK.06806,申万宏源,2021-02-11 00:00:00,1.63384,1.62384,1.64384,1.59384,8.531,0.00018,440800.0,941544.0,0.0,1.62384
HK.06806,申万宏源,2021-02-16 00:00:00,1.64384,1.68384,1.69384,1.64384,8.769,0.00082,2052800.0,4495504.0,3.694945314809344,1.62384
HK.06806,申万宏源,2021-02-17 00:00:00,1.69384,1.76384,1.77384,1.66384,9.087,0.00125,3125600.0,7006768.0,4.751045229950593,1.68384
HK.06806,申万宏源,2021-02-18 00:00:00,1.75384,1.73384,1.77384,1.71384,8.968,0.00485,12147200.0,27666400.0,-1.7008345428156764,1.76384
HK.06806,申万宏源,2021-02-19 00:00:00,1.73384,1.78384,1.79384,1.69384,9.166,0.00187,4678400.0,10634768.0,2.8837724357495524,1.73384
HK.06806,申万宏源,2021-02-22 00:00:00,1.80384,1.77384,1.86384,1.74384,9.126,0.00383,9592260.0,22438212.0,-0.5605883935778998,1.78384
HK.06806,申万宏源,2021-02-23 00:00:00,1.77384,1.77384,1.79384,1.74384,9.126,0.00133,3324000.0,7644544.0,0.0,1.77384
HK.06806,申万宏源,2021-02-24 00:00:00,1.77384,1.73384,1.80384,1.67384,8.968,0.00389,9742000.0,21910495.0,-2.2549948135119307,1.77384
HK.06806,申万宏源,2021-02-25 00:00:00,1.74384,1.74384,1.78384,1.70384,9.007,0.0013,3264000.0,7448818.0,0.5767544871499105,1.73384
HK.06806,申万宏源,2021-02-26 00:00:00,1.70384,1.69384,1.72384,1.66384,8.809,0.00132,3304800.0,7327616.0,-2.867235526195066,1.74384
HK.06806,申万宏源,2021-03-01 00:00:00,1.73384,1.68384,1.73384,1.65384,8.769,0.00153,3829600.0,8480776.0,-0.590374533604119,1.69384
HK.06806,申万宏源,2021-03-02 00:00:00,1.70384,1.66384,1.71384,1.65384,8.69,0.00102,2557600.0,5649296.0,-1.1877613074876483,1.68384
HK.06806,申万宏源,2021-03-03 00:00:00,1.66384,1.71384,1.72384,1.66384,8.888,0.0015,3755200.0,8380832.0,3.005096643908071,1.66384
HK.06806,申万宏源,2021-03-04 00:00:00,1.69384,1.63384,1.69384,1.62384,8.571,0.00148,3705600.0,8078616.0,-4.667880315548714,1.71384
HK.06806,申万宏源,2021-03-05 00:00:00,1.61384,1.66384,1.70384,1.61384,8.69,0.00254,6366400.0,13912856.0,1.83616510796651,1.63384
HK.06806,申万宏源,2021-03-08 00:00:00,1.70384,1.62384,1.70384,1.61384,8.531,0.00161,4027200.0,8803968.0,-2.4040773151264565,1.66384
HK.06806,申万宏源,2021-03-09 00:00:00,1.62384,1.59384,1.64384,1.57384,8.412,0.00206,5160800.0,10977941.0,-1.847472657404672,1.62384
HK.06806,申万宏源,2021-03-10 00:00:00,1.59384,1.60384,1.61384,1.563839999,8.452,0.00244,6104800.0,12902016.0,0.6274155498669884,1.59384
HK.06806,申万宏源,2021-03-11 00:00:00,1.583839999,1.66384,1.67384,1.583839999,8.69,0.00138,3456800.0,7481936.0,3.7410215482841216,1.60384
HK.06806,申万宏源,2021-03-12 00:00:00,1.65384,1.66384,1.69384,1.64384,8.69,0.00127,3191200.0,7003280.0,0.0,1.66384
HK.06806,申万宏源,2021-03-15 00:00:00,1.67384,1.65384,1.67384,1.63384,8.65,0.00085,2130400.0,4632116.0,-0.6010193287816141,1.66384
HK.06806,申万宏源,2021-03-16 00:00:00,1.66384,1.65384,1.67384,1.63384,8.65,0.00086,2160000.0,4724344.0,0.0,1.65384
HK.06806,申万宏源,2021-03-17 00:00:00,1.64384,1.65384,1.66384,1.63384,8.65,0.00048,1214400.0,2637528.0,0.0,1.65384
HK.06806,申万宏源,2021-03-18 00:00:00,1.65384,1.65384,1.68384,1.65384,8.65,0.0007,1741600.0,3816072.0,0.0,1.65384
HK.06806,申万宏源,2021-03-19 00:00:00,1.66384,1.583839999,1.66384,1.583839999,8.373,0.00237,5926560.0,12624789.0,-4.232573949112364,1.65384
HK.06806,申万宏源,2021-03-22 00:00:00,1.59384,1.62384,1.65384,1.59384,8.531,0.00094,2364800.0,5073880.0,2.525507691765265,1.583839999
HK.06806,申万宏源,2021-03-23 00:00:00,1.63384,1.64384,1.67384,1.59384,8.611,0.00154,3844800.0,8305272.0,1.2316484382697814,1.62384
HK.06806,申万宏源,2021-03-24 00:00:00,1.63384,1.64384,1.69384,1.62384,8.611,0.0011,2748800.0,6037104.0,0.0,1.64384
HK.06806,申万宏源,2021-03-25 00:00:00,1.62384,1.60384,1.63384,1.59384,8.452,0.00073,1827200.0,3899344.0,-2.4333268444617504,1.64384
HK.06806,申万宏源,2021-03-26 00:00:00,1.60384,1.60384,1.61384,1.583839999,8.452,0.00082,2065600.0,4392856.0,0.0,1.60384
HK.06806,申万宏源,2021-03-29 00:00:00,1.61384,1.67384,1.72384,1.61384,8.73,0.00269,6737600.0,14895224.0,4.364525139664808,1.60384
HK.06806,申万宏源,2021-03-30 00:00:00,1.69384,1.67384,1.70384,1.67384,8.73,0.00041,1022400.0,2262888.0,0.0,1.67384
HK.06806,申万宏源,2021-03-31 00:00:00,1.68384,1.65384,1.68384,1.65384,8.65,0.00109,2736000.0,6004276.0,-1.1948573340343174,1.67384
HK.06806,申万宏源,2021-04-01 00:00:00,1.66384,1.70384,1.73384,1.65384,6.076,0.00185,4644800.0,10306500.0,3.023267063319308,1.65384
HK.06806,申万宏源,2021-04-07 00:00:00,1.68384,1.70384,1.73384,1.68384,6.076,0.0009,2252260.0,5024670.0,0.0,1.70384
HK.06806,申万宏源,2021-04-08 00:00:00,1.68384,1.70384,1.74384,1.68384,6.076,0.00124,3100800.0,6951624.0,0.0,1.70384
HK.06806,申万宏源,2021-04-09 00:00:00,1.70384,1.68384,1.72384,1.67384,6.021,0.00051,1272800.0,2823496.0,-1.173819137947226,1.70384
HK.06806,申万宏源,2021-04-12 00:00:00,1.69384,1.64384,1.71384,1.64384,5.912,0.00058,1461600.0,3200480.0,-2.3755226149752966,1.68384
HK.06806,申万宏源,2021-04-13 00:00:00,1.65384,1.63384,1.67384,1.63384,5.885,0.00022,563200.0,1225032.0,-0.6083317111154376,1.64384
HK.06806,申万宏源,2021-04-14 00:00:00,1.64384,1.64384,1.66384,1.63384,5.912,0.0007,1764800.0,3828376.0,0.6120550359888367,1.63384
HK.06806,申万宏源,2021-04-15 00:00:00,1.65384,1.61384,1.67384,1.61384,5.831,0.00076,1913600.0,4123472.0,-1.8249951333463128,1.64384
HK.06806,申万宏源,2021-04-16 00:00:00,1.62384,1.64384,1.65384,1.62384,5.912,0.00042,1054400.0,2283296.0,1.8589203390670717,1.61384
HK.06806,申万宏源,2021-04-19 00:00:00,1.65384,1.67384,1.69384,1.64384,5.994,0.00067,1682400.0,3710592.0,1.8249951333463128,1.64384
HK.06806,申万宏源,2021-04-20 00:00:00,1.69384,1.67384,1.69384,1.67384,5.994,0.00038,941600.0,2078232.0,0.0,1.67384
HK.06806,申万宏源,2021-04-21 00:00:00,1.66384,1.66384,1.66384,1.63384,5.967,0.00031,784000.0,1706240.0,-0.5974286670171587,1.67384
HK.06806,申万宏源,2021-04-22 00:00:00,1.66384,1.66384,1.67384,1.65384,5.967,0.00029,717600.0,1570528.0,0.0,1.66384
HK.06806,申万宏源,2021-04-23 00:00:00,1.65384,1.63384,1.65384,1.62384,5.885,0.00057,1429600.0,3091152.0,-1.8030579863448426,1.66384
HK.06806,申万宏源,2021-04-26 00:00:00,1.63384,1.59384,1.64384,1.59384,5.776,0.00068,1704800.0,3652728.0,-2.448220143955347,1.63384
HK.06806,申万宏源,2021-04-27 00:00:00,1.59384,1.583839999,1.61384,1.583839999,5.749,0.00061,1518400.0,3223136.0,-0.6274156126085347,1.59384
HK.06806,申万宏源,2021-04-28 00:00:00,1.583839999,1.583839999,1.59384,1.57384,5.749,0.00044,1111200.0,2344344.0,0.0,1.583839999
HK.06806,申万宏源,2021-04-29 00:00:00,1.583839999,1.61384,1.62384,1.583839999,5.831,0.00025,634400.0,1358648.0,1.894130784608369,1.583839999
HK.06806,申万宏源,2021-04-30 00:00:00,1.62384,1.59384,1.62384,1.59384,5.776,3e-05,82400.0,175752.0,-1.2392802260447144,1.61384
HK.06806,申万宏源,2021-05-03 00:00:00,1.583839999,1.53384,1.59384,1.51384,5.613,0.00048,1191200.0,2472224.0,-3.764493299201917,1.59384
HK.06806,申万宏源,2021-05-04 00:00:00,1.543839999,1.543839999,1.55384,1.523839999,5.64,0.00022,545600.0,1130040.0,0.6519584180879313,1.53384
HK.06806,申万宏源,2021-05-05 00:00:00,1.543839999,1.563839999,1.57384,1.543839999,5.694,0.00021,532800.0,1112256.0,1.2954710341068199,1.543839999
HK.06806,申万宏源,2021-05-06 00:00:00,1.583839999,1.61384,1.63384,1.563839999,5.831,0.00212,5316800.0,11288600.0,3.1972580975018214,1.563839999
HK.06806,申万宏源,2021-05-07 00:00:00,1.60384,1.63384,1.66384,1.60384,5.885,0.00165,4120800.0,8968664.0,1.2392802260447144,1.61384
HK.06806,申万宏源,2021-05-10 00:00:00,1.62384,1.62384,1.64384,1.61384,5.858,0.00116,2898400.0,6247352.0,-0.6120550359888367,1.63384
HK.06806,申万宏源,2021-05-11 00:00:00,1.62384,1.61384,1.62384,1.583839999,5.831,0.00093,2335200.0,4983200.0,-0.6158242191348907,1.62384
HK.06806,申万宏源,2021-05-12 00:00:00,1.60384,1.61384,1.63384,1.59384,5.831,0.0002,498400.0,1070712.0,0.0,1.61384
HK.06806,申万宏源,2021-05-13 00:00:00,1.62384,1.62384,1.64384,1.61384,5.858,0.00051,1279200.0,2764656.0,0.6196401130223572,1.61384
HK.06806,申万宏源,2021-05-14 00:00:00,1.64384,1.72384,1.75384,1.63384,6.13,0.00428,10712000.0,23712384.0,6.158242191348907,1.62384
HK.06806,申万宏源,2021-05-17 00:00:00,1.72384,1.68384,1.73384,1.64384,6.021,0.00229,5725600.0,12818460.0,-2.3204009652868036,1.72384
HK.06806,申万宏源,2021-05-18 00:00:00,1.69384,1.74384,1.74384,1.69384,6.185,0.00144,3604800.0,8153080.0,3.5632839224629453,1.68384
HK.06806,申万宏源,2021-05-20 00:00:00,1.73384,1.75384,1.75384,1.69384,6.212,0.0006,1511460.0,3413398.0,0.5734471052390133,1.74384
HK.06806,申万宏源,2021-05-21 00:00:00,1.74384,1.71384,1.76384,1.71384,6.103,0.00111,2768000.0,6288608.0,-2.280709756876342,1.75384
HK.06806,申万宏源,2021-05-24 00:00:00,1.74384,1.78384,1.80384,1.71384,6.294,0.00248,6208800.0,14313896.0,4.084395276105124,1.71384
HK.06806,申万宏源,2021-05-25 00:00:00,1.80384,1.83384,1.88384,1.77384,6.43,0.00287,7186400.0,16963248.0,2.802941967889487,1.78384
HK.06806,申万宏源,2021-05-26 00:00:00,1.87384,1.81384,1.87384,1.78384,6.376,0.00069,1716800.0,4021376.0,-1.0906076866029761,1.83384
HK.06806,申万宏源,2021-05-27 00:00:00,1.82384,1.77384,1.82384,1.75384,6.267,0.00118,2946400.0,6806792.0,-2.205266175627388,1.81384
HK.06806,申万宏源,2021-05-28 00:00:00,1.78384,1.80384,1.84384,1.76384,6.348,0.00059,1488800.0,3480448.0,1.6912461101339482,1.77384
HK.06806,申万宏源,2021-05-31 00:00:00,1.81384,1.80384,1.83384,1.78384,6.348,0.00045,1123200.0,2605960.0,0.0,1.80384
HK.06806,申万宏源,2021-06-01 00:00:00,1.79384,1.76384,1.79384,1.73384,6.239,0.00073,1829008.0,4169408.0,-2.2174915735320226,1.80384
HK.06806,申万宏源,2021-06-02 00:00:00,1.75384,1.72384,1.76384,1.69384,6.13,0.00157,3932000.0,8819872.0,-2.267779390420902,1.76384
HK.06806,申万宏源,2021-06-03 00:00:00,1.72384,1.74384,1.74384,1.71384,6.185,0.00023,569800.0,1288574.0,1.1602004826434018,1.72384
HK.06806,申万宏源,2021-06-04 00:00:00,1.71384,1.77384,1.82384,1.69384,6.267,0.0014,3505600.0,8061176.0,1.72034131571704,1.74384
HK.06806,申万宏源,2021-06-07 00:00:00,1.77384,1.74384,1.78384,1.73384,6.185,0.00091,2289600.0,5254288.0,-1.6912461101339482,1.77384
HK.06806,申万宏源,2021-06-08 00:00:00,1.74384,1.78384,1.78384,1.73384,6.294,0.00083,2087200.0,4802968.0,2.2937884209560533,1.74384
HK.06806,申万宏源,2021-06-09 00:00:00,1.83472,1.79472,1.83472,1.77472,5.994,0.0006,1502400.0,3325872.0,0.6099201722127545,1.78384
HK.06806,申万宏源,2021-06-10 00:00:00,1.82472,1.79472,1.82472,1.77472,5.994,0.00039,974634.0,2136476.0,0.0,1.79472
HK.06806,申万宏源,2021-06-11 00:00:00,1.82472,1.79472,1.82472,1.76472,5.994,0.00095,2382400.0,5208910.0,0.0,1.79472
HK.06806,申万宏源,2021-06-15 00:00:00,1.80472,1.704719999,1.80472,1.704719999,5.749,0.00112,2804000.0,6008496.0,-5.014709871177685,1.79472
HK.06806,申万宏源,2021-06-16 00:00:00,1.75472,1.684719999,1.75472,1.684719999,5.694,0.00113,2820800.0,5963048.0,-1.1732131969902477,1.704719999
HK.06806,申万宏源,2021-06-17 00:00:00,1.71472,1.664719999,1.71472,1.664719999,5.64,0.00092,2313600.0,4849688.0,-1.187140890585464,1.684719999
HK.06806,申万宏源,2021-06-18 00:00:00,1.69472,1.63472,1.69472,1.63472,5.558,0.00135,3392572.0,6978760.0,-1.8021047994870605,1.664719999
HK.06806,申万宏源,2021-06-21 00:00:00,1.644719999,1.644719999,1.664719999,1.63472,5.585,0.00062,1542482.0,3171911.0,0.6117254942742579,1.63472
HK.06806,申万宏源,2021-06-22 00:00:00,1.684719999,1.644719999,1.684719999,1.644719999,5.585,0.00021,537600.0,1109616.0,0.0,1.644719999
HK.06806,申万宏源,2021-06-23 00:00:00,1.65472,1.65472,1.67472,1.644719999,5.613,0.0005,1245600.0,2573544.0,0.6080062871540403,1.644719999
HK.06806,申万宏源,2021-06-24 00:00:00,1.65472,1.664719999,1.67472,1.65472,5.64,0.00053,1336800.0,2765576.0,0.6043317902726701,1.65472
HK.06806,申万宏源,2021-06-25 00:00:00,1.67472,1.72472,1.72472,1.67472,5.803,0.00165,4140800.0,8745816.0,3.6042097791846217,1.664719999
HK.06806,申万宏源,2021-06-28 00:00:00,1.73472,1.72472,1.77472,1.69472,5.803,0.00052,1293800.0,2757246.0,0.0,1.72472
HK.06806,申万宏源,2021-06-29 00:00:00,1.71472,1.67472,1.72472,1.67472,5.667,0.00051,1286400.0,2710408.0,-2.8990212904123593,1.72472
HK.06806,申万宏源,2021-06-30 00:00:00,1.684719999,1.67472,1.704719999,1.67472,5.667,0.00014,346657.0,724097.0,0.0,1.67472
HK.06806,申万宏源,2021-07-02 00:00:00,1.67472,1.624719999,1.67472,1.624719999,5.531,0.00135,3386400.0,6933480.0,-2.985573767555168,1.67472
HK.06806,申万宏源,2021-07-05 00:00:00,1.624719999,1.61472,1.644719999,1.61472,5.504,0.00049,1226400.0,2492096.0,-0.6154906079912265,1.624719999
HK.06806,申万宏源,2021-07-06 00:00:00,1.61472,1.63472,1.644719999,1.61472,5.558,0.00033,816800.0,1657944.0,1.238604835513279,1.61472
HK.06806,申万宏源,2021-07-07 00:00:00,1.61472,1.624719999,1.65472,1.61472,5.531,0.00077,1932000.0,3939352.0,-0.611725616619352,1.63472
HK.06806,申万宏源,2021-07-08 00:00:00,1.624719999,1.604719999,1.644719999,1.604719999,5.476,0.00085,2116800.0,4310880.0,-1.2309813390805697,1.624719999
HK.06806,申万宏源,2021-07-09 00:00:00,1.604719999,1.684719999,1.69472,1.604719999,5.694,0.00153,3832800.0,7927808.0,4.985293387622313,1.604719999
HK.06806,申万宏源,2021-07-12 00:00:00,1.69472,1.644719999,1.704719999,1.644719999,5.585,0.00102,2543200.0,5278304.0,-2.374281781170915,1.684719999
HK.06806,申万宏源,2021-07-13 00:00:00,1.664719999,1.67472,1.67472,1.65472,5.667,0.00035,876000.0,1818760.0,1.8240187398608925,1.644719999
HK.06806,申万宏源,2021-07-14 00:00:00,1.65472,1.65472,1.664719999,1.63472,5.613,0.00028,696000.0,1430872.0,-1.194229483137481,1.67472
HK.06806,申万宏源,2021-07-15 00:00:00,1.63472,1.65472,1.684719999,1.63472,5.613,0.00044,1104000.0,2279304.0,0.0,1.65472
HK.06806,申万宏源,2021-07-16 00:00:00,1.67472,1.644719999,1.69472,1.644719999,5.585,0.00095,2369600.0,4926680.0,-0.6043319111390368,1.65472
HK.06806,申万宏源,2021-07-19 00:00:00,1.67472,1.63472,1.67472,1.624719999,5.558,0.00053,1318400.0,2695976.0,-0.608006165552812,1.644719999
HK.06806,申万宏源,2021-07-20 00:00:00,1.59472,1.58472,1.63472,1.57472,5.422,0.0013,3261600.0,6525040.0,-3.0586277772340247,1.63472
HK.06806,申万宏源,2021-07-21 00:00:00,1.58472,1.59472,1.61472,1.58472,5.449,0.00164,4111200.0,8231240.0,0.6310263011762336,1.58472
HK.06806,申万宏源,2021-07-22 00:00:00,1.604719999,1.63472,1.644719999,1.59472,5.558,0.00246,6157600.0,12452808.0,2.508277315139964,1.59472
HK.06806,申万宏源,2021-07-23 00:00:00,1.61472,1.63472,1.67472,1.61472,5.558,0.00081,2017600.0,4152488.0,0.0,1.63472
HK.06806,申万宏源,2021-07-26 00:00:00,1.624719999,1.57472,1.624719999,1.55472,5.395,0.003,7502400.0,15000960.0,-3.670353332680829,1.63472
HK.06806,申万宏源,2021-07-27 00:00:00,1.57472,1.52472,1.624719999,1.49472,5.258,0.00136,3416800.0,6740408.0,-3.1751676488518483,1.57472
HK.06806,申万宏源,2021-07-28 00:00:00,1.52472,1.53472,1.58472,1.51472,5.286,0.00257,6425600.0,12529464.0,0.6558581247704501,1.52472
HK.06806,申万宏源,2021-07-29 00:00:00,1.58472,1.52472,1.58472,1.51472,5.258,0.00105,2637600.0,5120728.0,-0.6515846538782324,1.53472
HK.06806,申万宏源,2021-07-30 00:00:00,1.53472,1.55472,1.55472,1.50472,5.34,0.00146,3651200.0,7087680.0,1.9675743743113507,1.52472
HK.06806,申万宏源,2021-08-02 00:00:00,1.52472,1.63472,1.664719999,1.51472,5.558,0.00447,11187200.0,22487184.0,5.14562107646392,1.55472
HK.06806,申万宏源,2021-08-03 00:00:00,1.61472,1.604719999,1.684719999,1.604719999,5.476,0.00162,4048000.0,8250544.0,-1.8351767275129618,1.63472
HK.06806,申万宏源,2021-08-04 00:00:00,1.63472,1.624719999,1.63472,1.604719999,5.531,0.00137,3440800.0,6930760.0,1.2463233469055817,1.604719999
HK.06806,申万宏源,2021-08-05 00:00:00,1.63472,1.58472,1.63472,1.58472,5.422,0.00194,4857600.0,9741416.0,-2.4619626166120807,1.624719999
HK.06806,申万宏源,2021-08-06 00:00:00,1.59472,1.58472,1.59472,1.58472,5.422,0.00069,1736000.0,3463320.0,0.0,1.58472
HK.06806,申万宏源,2021-08-09 00:00:00,1.57472,1.604719999,1.664719999,1.54472,5.476,0.00394,9873600.0,20088360.0,1.262052539249846,1.58472
HK.06806,申万宏源,2021-08-10 00:00:00,1.61472,1.604719999,1.61472,1.58472,5.476,0.00342,8552000.0,17106544.0,0.0,1.604719999
HK.06806,申万宏源,2021-08-11 00:00:00,1.604719999,1.57472,1.61472,1.57472,5.395,0.00261,6527592.0,13056184.0,-1.8694849580422137,1.604719999
HK.06806,申万宏源,2021-08-12 00:00:00,1.58472,1.58472,1.59472,1.56472,5.422,0.00237,5943200.0,11808800.0,0.6350335297703725,1.57472
HK.06806,申万宏源,2021-08-13 00:00:00,1.58472,1.57472,1.59472,1.56472,5.395,0.00191,4794400.0,9510752.0,-0.6310263011762336,1.58472
HK.06806,申万宏源,2021-08-16 00:00:00,1.58472,1.57472,1.604719999,1.56472,5.395,0.002,5004800.0,9956184.0,0.0,1.57472
HK.06806,申万宏源,2021-08-17 00:00:00,1.57472,1.53472,1.59472,1.53472,5.286,0.02198,55050400.0,100363240.0,-2.540134119081476,1.57472
HK.06806,申万宏源,2021-08-18 00:00:00,1.55472,1.58472,1.61472,1.53472,5.422,0.01103,27626400.0,55009520.0,3.2579232693911475,1.53472
HK.06806,申万宏源,2021-08-19 00:00:00,1.59472,1.52472,1.604719999,1.51472,5.258,0.00658,16488000.0,32230512.0,-3.786157807057388,1.58472
HK.06806,申万宏源,2021-08-20 00:00:00,1.53472,1.47472,1.53472,1.47472,5.122,0.00465,11636000.0,22142704.0,-3.2792906238522512,1.52472
HK.06806,申万宏源,2021-08-23 00:00:00,1.50472,1.49472,1.51472,1.48472,5.177,0.00205,5138400.0,9785464.0,1.3561896495605958,1.47472
HK.06806,申万宏源,2021-08-24 00:00:00,1.50472,1.51472,1.54472,1.48472,5.231,0.0045,11265860.0,21654112.0,1.3380432455576974,1.49472
HK.06806,申万宏源,2021-08-25 00:00:00,1.52472,1.49472,1.52472,1.47472,5.177,0.00399,9990200.0,19021656.0,-1.3203760430970752,1.51472
HK.06806,申万宏源,2021-08-26 00:00:00,1.50472,1.47472,1.50472,1.46472,5.122,0.00514,12869600.0,24272352.0,-1.3380432455576974,1.49472
HK.06806,申万宏源,2021-08-27 00:00:00,1.47472,1.49472,1.50472,1.47472,5.177,0.00294,7368800.0,13953544.0,1.3561896495605958,1.47472
HK.06806,申万宏源,2021-08-30 00:00:00,1.49472,1.48472,1.50472,1.47472,5.149,0.00286,7156800.0,13517632.0,-0.6690216227788487,1.49472
HK.06806,申万宏源,2021-08-31 00:00:00,1.49472,1.48472,1.50472,1.47472,5.149,0.00291,7296800.0,13793296.0,0.0,1.48472
HK.06806,申万宏源,2021-09-01 00:00:00,1.49472,1.53472,1.57472,1.48472,5.286,0.04562,114240800.0,201359356.0,3.367638342583116,1.48472
HK.06806,申万宏源,2021-09-02 00:00:00,1.53472,1.56472,1.58472,1.52472,5.367,0.00622,15581600.0,30541040.0,1.9547539616346972,1.53472
HK.06806,申万宏源,2021-09-03 00:00:00,1.75472,1.684719999,1.84472,1.65472,5.694,0.05272,132023200.0,285208811.0,7.669103673500677,1.56472
HK.06806,申万宏源,2021-09-06 00:00:00,1.73472,1.74472,1.82472,1.69472,5.858,0.04811,120477600.0,261830616.0,3.5614227311134417,1.684719999
HK.06806,申万宏源,2021-09-07 00:00:00,1.77472,1.75472,1.77472,1.67472,5.885,0.03866,96806400.0,206330192.0,0.5731578706038796,1.74472
HK.06806,申万宏源,2021-09-08 00:00:00,1.76472,1.69472,1.79472,1.684719999,5.722,0.03151,78898400.0,168402120.0,-3.4193489559587884,1.75472
HK.06806,申万宏源,2021-09-09 00:00:00,1.69472,1.72472,1.75472,1.67472,5.803,0.02393,59924000.0,126659310.0,1.7702039274924488,1.69472
HK.06806,申万宏源,2021-09-10 00:00:00,1.73472,1.75472,1.83472,1.73472,5.885,0.03269,81852000.0,178603472.0,1.7394127742474157,1.72472
HK.06806,申万宏源,2021-09-13 00:00:00,1.76472,1.77472,1.79472,1.73472,5.94,0.01262,31590400.0,68495592.0,1.1397829853195962,1.75472
HK.06806,申万宏源,2021-09-14 00:00:00,1.75472,1.69472,1.77472,1.67472,5.722,0.0149,37313600.0,79125656.0,-4.507753335737473,1.77472
HK.06806,申万宏源,2021-09-15 00:00:00,1.69472,1.67472,1.71472,1.644719999,5.667,0.00884,22134400.0,46145448.0,-1.1801359516616325,1.69472
HK.06806,申万宏源,2021-09-16 00:00:00,1.67472,1.604719999,1.67472,1.56472,5.476,0.00524,13112800.0,26533586.0,-4.179803250692649,1.67472
HK.06806,申万宏源,2021-09-17 00:00:00,1.624719999,1.59472,1.624719999,1.56472,5.449,0.00213,5326081.0,10632398.0,-0.6231616111366323,1.604719999
HK.06806,申万宏源,2021-09-20 00:00:00,1.59472,1.59472,1.604719999,1.53472,5.449,0.00298,7451233.0,14745330.0,0.0,1.59472
HK.06806,申万宏源,2021-09-21 00:00:00,1.56472,1.604719999,1.604719999,1.54472,5.476,0.00245,6145000.0,12178886.0,0.6270692660780669,1.59472
HK.06806,申万宏源,2021-09-23 00:00:00,1.624719999,1.664719999,1.67472,1.604719999,5.64,0.01071,26811200.0,54979768.0,3.738970040716731,1.604719999
HK.06806,申万宏源,2021-09-24 00:00:00,1.67472,1.63472,1.684719999,1.624719999,5.558,0.0066,16520000.0,34135376.0,-1.8021047994870605,1.664719999
HK.06806,申万宏源,2021-09-27 00:00:00,1.63472,1.624719999,1.69472,1.61472,5.531,0.00701,17544000.0,36127382.0,-0.611725616619352,1.63472
HK.06806,申万宏源,2021-09-28 00:00:00,1.63472,1.63472,1.644719999,1.61472,5.558,0.00672,16822400.0,34262336.0,0.6154907310893432,1.624719999
HK.06806,申万宏源,2021-09-29 00:00:00,1.63472,1.624719999,1.644719999,1.604719999,5.531,0.00121,3032000.0,6164104.0,-0.611725616619352,1.63472
HK.06806,申万宏源,2021-09-30 00:00:00,1.624719999,1.65472,1.684719999,1.604719999,5.613,0.00212,5296000.0,10883744.0,1.8464720701699127,1.624719999
HK.06806,申万宏源,2021-10-04 00:00:00,1.65472,1.644719999,1.664719999,1.59472,5.585,0.00234,5868000.0,11911037.0,-0.6043319111390368,1.65472
HK.06806,申万宏源,2021-10-05 00:00:00,1.624719999,1.644719999,1.65472,1.624719999,5.585,0.00046,1143200.0,2336656.0,0.0,1.644719999
HK.06806,申万宏源,2021-10-06 00:00:00,1.644719999,1.61472,1.664719999,1.61472,5.504,0.00112,2799200.0,5726896.0,-1.824018618259664,1.644719999
HK.06806,申万宏源,2021-10-07 00:00:00,1.61472,1.65472,1.664719999,1.61472,5.613,0.00076,1903200.0,3913006.0,2.477209671026558,1.61472
HK.06806,申万宏源,2021-10-08 00:00:00,1.664719999,1.65472,1.684719999,1.63472,5.613,0.00556,13923200.0,28725772.0,0.0,1.65472
HK.06806,申万宏源,2021-10-11 00:00:00,1.664719999,1.63472,1.67472,1.624719999,5.558,0.00361,9028000.0,18533704.0,-1.2086637014117203,1.65472
HK.06806,申万宏源,2021-10-12 00:00:00,1.624719999,1.624719999,1.644719999,1.57472,5.531,0.00481,12035200.0,24231152.0,-0.611725616619352,1.63472
HK.06806,申万宏源,2021-10-15 00:00:00,1.61472,1.61472,1.624719999,1.58472,5.504,0.00377,9443200.0,19002616.0,-0.6154906079912265,1.624719999
HK.06806,申万宏源,2021-10-18 00:00:00,1.61472,1.604719999,1.61472,1.58472,5.476,0.0045,11268800.0,22571368.0,-0.6193024796868727,1.61472
HK.06806,申万宏源,2021-10-19 00:00:00,1.604719999,1.61472,1.63472,1.604719999,5.504,0.00255,6381600.0,12940288.0,0.6231617357689495,1.604719999
HK.06806,申万宏源,2021-10-20 00:00:00,1.624719999,1.624719999,1.644719999,1.61472,5.531,0.00206,5160000.0,10493640.0,0.6193023558264064,1.61472
HK.06806,申万宏源,2021-10-21 00:00:00,1.624719999,1.624719999,1.65472,1.61472,5.531,0.00265,6645600.0,13554800.0,0.0,1.624719999
HK.06806,申万宏源,2021-10-22 00:00:00,1.63472,1.63472,1.65472,1.61472,5.558,0.0032,8009600.0,16309048.0,0.6154907310893432,1.624719999
HK.06806,申万宏源,2021-10-25 00:00:00,1.624719999,1.63472,1.644719999,1.604719999,5.558,0.00301,7542400.0,15315760.0,0.0,1.63472
HK.06806,申万宏源,2021-10-26 00:00:00,1.63472,1.61472,1.644719999,1.604719999,5.504,0.00283,7082400.0,14330124.0,-1.2234511108936097,1.63472
HK.06806,申万宏源,2021-10-27 00:00:00,1.61472,1.59472,1.61472,1.58472,5.449,0.00272,6808000.0,13607521.0,-1.238604835513279,1.61472
HK.06806,申万宏源,2021-10-28 00:00:00,1.604719999,1.57472,1.604719999,1.54472,5.395,0.0033,8265600.0,16335324.0,-1.254138657569982,1.59472
HK.06806,申万宏源,2021-10-29 00:00:00,1.58472,1.56472,1.58472,1.53472,5.367,0.00348,8721600.0,17059980.0,-0.6350335297703583,1.57472
HK.06806,申万宏源,2021-11-01 00:00:00,1.58472,1.57472,1.624719999,1.56472,5.395,0.00644,16128800.0,32295432.0,0.639091978117477,1.56472
HK.06806,申万宏源,2021-11-02 00:00:00,1.58472,1.55472,1.604719999,1.54472,5.34,0.00304,7604000.0,15004360.0,-1.2700670595407308,1.57472
HK.06806,申万宏源,2021-11-03 00:00:00,1.55472,1.56472,1.56472,1.54472,5.367,0.00141,3542400.0,6940808.0,0.6432026345579916,1.55472
HK.06806,申万宏源,2021-11-04 00:00:00,1.56472,1.55472,1.56472,1.54472,5.34,0.00149,3742400.0,7329584.0,-0.6390919781174912,1.56472
HK.06806,申万宏源,2021-11-05 00:00:00,1.54472,1.54472,1.56472,1.52472,5.313,0.00271,6786400.0,13234320.0,-0.6432026345579916,1.55472
HK.06806,申万宏源,2021-11-08 00:00:00,1.53472,1.55472,1.55472,1.53472,5.34,0.00084,2092000.0,4080818.0,0.6473665130250148,1.54472
HK.06806,申万宏源,2021-11-09 00:00:00,1.55472,1.57472,1.58472,1.54472,5.395,0.00297,7427200.0,14652928.0,1.286405269115969,1.55472
HK.06806,申万宏源,2021-11-10 00:00:00,1.56472,1.57472,1.58472,1.54472,5.395,0.00227,5674400.0,11171041.0,0.0,1.57472
HK.06806,申万宏源,2021-11-11 00:00:00,1.56472,1.63472,1.63472,1.56472,5.558,0.0036,9019200.0,18162968.0,3.810201178622235,1.57472
HK.06806,申万宏源,2021-11-12 00:00:00,1.61472,1.624719999,1.63472,1.604719999,5.531,0.00151,3784800.0,7668440.0,-0.611725616619352,1.63472
HK.06806,申万宏源,2021-11-15 00:00:00,1.63472,1.58472,1.63472,1.57472,5.422,0.00194,4852800.0,9705612.0,-2.4619626166120807,1.624719999
HK.06806,申万宏源,2021-11-16 00:00:00,1.59472,1.58472,1.59472,1.57472,5.422,0.00069,1728800.0,3438352.0,0.0,1.58472
HK.06806,申万宏源,2021-11-17 00:00:00,1.57472,1.58472,1.58472,1.56472,5.422,0.00122,3059200.0,6052264.0,0.0,1.58472
HK.06806,申万宏源,2021-11-18 00:00:00,1.56472,1.55472,1.58472,1.55472,5.34,0.00151,3788000.0,7463352.0,-1.8930789035286868,1.58472
HK.06806,申万宏源,2021-11-19 00:00:00,1.55472,1.57472,1.59472,1.55472,5.395,0.00133,3336800.0,6604149.0,1.286405269115969,1.55472
HK.06806,申万宏源,2021-11-22 00:00:00,1.57472,1.56472,1.57472,1.54472,5.367,0.00189,4728000.0,9296992.0,-0.6350335297703583,1.57472
HK.06806,申万宏源,2021-11-23 00:00:00,1.55472,1.56472,1.58472,1.55472,5.367,0.00167,4180800.0,8243776.0,0.0,1.56472
HK.06806,申万宏源,2021-11-24 00:00:00,1.55472,1.55472,1.56472,1.54472,5.34,0.00175,4372800.0,8569312.0,-0.6390919781174912,1.56472
HK.06806,申万宏源,2021-11-25 00:00:00,1.55472,1.54472,1.56472,1.53472,5.313,0.00169,4230400.0,8250920.0,-0.6432026345579916,1.55472
HK.06806,申万宏源,2021-11-26 00:00:00,1.54472,1.50472,1.54472,1.50472,5.204,0.00231,5773600.0,11140616.0,-2.589466052100059,1.54472
HK.06806,申万宏源,2021-11-29 00:00:00,1.50472,1.49472,1.51472,1.48472,5.177,0.0018,4519200.0,8607883.0,-0.6645754691902819,1.50472
HK.06806,申万宏源,2021-11-30 00:00:00,1.50472,1.48472,1.50472,1.46472,5.149,0.00236,5921600.0,11192061.0,-0.6690216227788487,1.49472
HK.06806,申万宏源,2021-12-01 00:00:00,1.48472,1.50472,1.52472,1.47472,5.204,0.00229,5744000.0,10990172.0,1.3470553370332463,1.48472
HK.06806,申万宏源,2021-12-02 00:00:00,1.51472,1.54472,1.55472,1.50472,5.313,0.00235,5880000.0,11414656.0,2.6583018767611275,1.50472
HK.06806,申万宏源,2021-12-03 00:00:00,1.54472,1.56472,1.57472,1.53472,5.367,0.0014,3502400.0,6878896.0,1.2947330260500296,1.54472
HK.06806,申万宏源,2021-12-06 00:00:00,1.55472,1.53472,1.604719999,1.53472,5.286,0.00325,8128800.0,16112992.0,-1.9172759343524737,1.56472
HK.06806,申万宏源,2021-12-07 00:00:00,1.55472,1.55472,1.56472,1.53472,5.34,0.00121,3017600.0,5901004.0,1.3031693077564648,1.53472
HK.06806,申万宏源,2021-12-08 00:00:00,1.55472,1.54472,1.57472,1.54472,5.313,0.00126,3151200.0,6183866.0,-0.6432026345579916,1.55472
HK.06806,申万宏源,2021-12-09 00:00:00,1.55472,1.57472,1.58472,1.54472,5.395,0.00213,5327200.0,10542344.0,1.94209953907503,1.54472
HK.06806,申万宏源,2021-12-10 00:00:00,1.56472,1.56472,1.57472,1.54472,5.367,0.00072,1805600.0,3549820.0,-0.6350335297703583,1.57472
HK.06806,申万宏源,2021-12-13 00:00:00,1.57472,1.56472,1.61472,1.56472,5.367,0.00287,7190400.0,14377292.0,0.0,1.56472
HK.06806,申万宏源,2021-12-14 00:00:00,1.57472,1.54472,1.57472,1.53472,5.313,0.00114,2857600.0,5582384.0,-1.2781839562349824,1.56472
HK.06806,申万宏源,2021-12-15 00:00:00,1.54472,1.53472,1.56472,1.53472,5.286,0.00195,4876000.0,9515192.0,-0.6473665130250148,1.54472
HK.06806,申万宏源,2021-12-16 00:00:00,1.54472,1.54472,1.55472,1.52472,5.313,0.00129,3240800.0,6294417.0,0.6515846538782324,1.53472
HK.06806,申万宏源,2021-12-17 00:00:00,1.54472,1.57472,1.58472,1.54472,5.395,0.00311,7795594.0,15353577.0,1.94209953907503,1.54472
HK.06806,申万宏源,2021-12-20 00:00:00,1.56472,1.48472,1.56472,1.48472,5.149,0.00545,13636800.0,26198920.0,-5.715301767933338,1.57472
HK.06806,申万宏源,2021-12-21 00:00:00,1.48472,1.52472,1.53472,1.48472,5.258,0.00415,10403200.0,19859661.0,2.6941106740664926,1.48472
HK.06806,申万宏源,2021-12-22 00:00:00,1.52472,1.51472,1.53472,1.49472,5.231,0.00155,3874400.0,7406192.0,-0.6558581247704501,1.52472
HK.06806,申万宏源,2021-12-23 00:00:00,1.52472,1.53472,1.54472,1.50472,5.286,0.00116,2903200.0,5626864.0,1.3203760430970752,1.51472
HK.06806,申万宏源,2021-12-24 00:00:00,1.53472,1.53472,1.54472,1.52472,5.286,0.00063,1587200.0,3089272.0,0.0,1.53472
HK.06806,申万宏源,2021-12-28 00:00:00,1.54472,1.53472,1.54472,1.51472,5.286,0.00218,5452800.0,10518024.0,0.0,1.53472
HK.06806,申万宏源,2021-12-29 00:00:00,1.52472,1.50472,1.52472,1.49472,5.204,0.00084,2096000.0,4022516.0,-1.9547539616346972,1.53472
HK.06806,申万宏源,2021-12-30 00:00:00,1.51472,1.49472,1.52472,1.47472,5.177,0.00192,4810400.0,9133464.0,-0.6645754691902819,1.50472
HK.06806,申万宏源,2021-12-31 00:00:00,1.49472,1.49472,1.52472,1.48472,5.177,0.00106,2666400.0,5078656.0,0.0,1.49472
HK.06806,申万宏源,2022-01-03 00:00:00,1.49472,1.51472,1.51472,1.49472,5.231,0.00046,1152800.0,2202216.0,1.3380432455576974,1.49472
HK.06806,申万宏源,2022-01-04 00:00:00,1.52472,1.51472,1.53472,1.50472,5.231,0.00401,10044000.0,19350640.0,0.0,1.51472
HK.06806,申万宏源,2022-01-05 00:00:00,1.53472,1.51472,1.53472,1.51472,5.231,0.00308,7708800.0,14825376.0,0.0,1.51472
HK.06806,申万宏源,2022-01-06 00:00:00,1.51472,1.51472,1.52472,1.50472,5.231,0.00469,11739200.0,22536724.0,0.0,1.51472
HK.06806,申万宏源,2022-01-07 00:00:00,1.52472,1.52472,1.53472,1.51472,5.258,0.00154,3865600.0,7453720.0,0.6601880215485376,1.51472
HK.06806,申万宏源,2022-01-10 00:00:00,1.53472,1.55472,1.56472,1.52472,5.34,0.00334,8362400.0,16282360.0,1.9675743743113507,1.52472
HK.06806,申万宏源,2022-01-11 00:00:00,1.56472,1.55472,1.57472,1.54472,5.34,0.00192,4808000.0,9458472.0,0.0,1.55472
HK.06806,申万宏源,2022-01-12 00:00:00,1.57472,1.56472,1.57472,1.55472,5.367,0.0017,4252000.0,8388496.0,0.6432026345579916,1.55472
HK.06806,申万宏源,2022-01-13 00:00:00,1.57472,1.57472,1.59472,1.56472,5.395,0.00228,5700800.0,11312888.0,0.639091978117477,1.56472
HK.06806,申万宏源,2022-01-14 00:00:00,1.56472,1.56472,1.58472,1.55472,5.367,0.00212,5314400.0,10480584.0,-0.6350335297703583,1.57472
HK.06806,申万宏源,2022-01-17 00:00:00,1.56472,1.56472,1.57472,1.55472,5.367,0.00126,3151200.0,6199424.0,0.0,1.56472
HK.06806,申万宏源,2022-01-18 00:00:00,1.56472,1.57472,1.58472,1.55472,5.395,0.00226,5648800.0,11134184.0,0.639091978117477,1.56472
HK.06806,申万宏源,2022-01-19 00:00:00,1.57472,1.57472,1.59472,1.56472,5.395,0.00134,3348000.0,6645040.0,0.0,1.57472
HK.06806,申万宏源,2022-01-20 00:00:00,1.57472,1.604719999,1.61472,1.57472,5.476,0.0039,9768000.0,19531440.0,1.9051005258077731,1.57472
HK.06806,申万宏源,2022-01-21 00:00:00,1.604719999,1.624719999,1.624719999,1.59472,5.531,0.00445,11136800.0,22501552.0,1.2463233469055817,1.604719999
HK.06806,申万宏源,2022-01-24 00:00:00,1.604719999,1.604719999,1.624719999,1.59472,5.476,0.00214,5363200.0,10787080.0,-1.2309813390805697,1.624719999
HK.06806,申万宏源,2022-01-25 00:00:00,1.59472,1.54472,1.59472,1.54472,5.313,0.00221,5527200.0,10887544.0,-3.7389699784005725,1.604719999
HK.06806,申万宏源,2022-01-26 00:00:00,1.56472,1.57472,1.58472,1.54472,5.395,0.00128,3208000.0,6320949.0,1.94209953907503,1.54472
HK.06806,申万宏源,2022-01-27 00:00:00,1.58472,1.55472,1.58472,1.54472,5.34,0.00025,624000.0,1220944.0,-1.2700670595407308,1.57472
HK.06806,申万宏源,2022-01-28 00:00:00,1.54472,1.49472,1.54472,1.48472,5.177,0.00118,2943200.0,5665856.0,-3.85921580734795,1.55472
HK.06806,申万宏源,2022-01-31 00:00:00,1.49472,1.51472,1.51472,1.49472,5.231,0.00014,352000.0,672024.0,1.3380432455576974,1.49472
HK.06806,申万宏源,2022-02-04 00:00:00,1.51472,1.54472,1.54472,1.51472,5.313,0.00046,1154400.0,2227188.0,1.9805640646456129,1.51472
HK.06806,申万宏源,2022-02-07 00:00:00,1.54472,1.55472,1.56472,1.53472,5.34,0.00243,6089600.0,11914888.0,0.6473665130250148,1.54472
HK.06806,申万宏源,2022-02-08 00:00:00,1.55472,1.57472,1.57472,1.54472,5.395,0.00122,3057600.0,6017104.0,1.286405269115969,1.55472
HK.06806,申万宏源,2022-02-09 00:00:00,1.58472,1.56472,1.58472,1.55472,5.367,0.00236,5907200.0,11652560.0,-0.6350335297703583,1.57472
HK.06806,申万宏源,2022-02-10 00:00:00,1.56472,1.57472,1.57472,1.55472,5.395,0.00234,5865600.0,11596056.0,0.639091978117477,1.56472
HK.06806,申万宏源,2022-02-11 00:00:00,1.56472,1.57472,1.59472,1.56472,5.395,0.00295,7393600.0,14665194.0,0.0,1.57472
HK.06806,申万宏源,2022-02-14 00:00:00,1.57472,1.54472,1.57472,1.53472,5.313,0.0023,5748800.0,11233801.0,-1.9051005893111033,1.57472
HK.06806,申万宏源,2022-02-15 00:00:00,1.54472,1.53472,1.55472,1.52472,5.286,0.00152,3804000.0,7389656.0,-0.6473665130250148,1.54472
HK.06806,申万宏源,2022-02-16 00:00:00,1.53472,1.54472,1.55472,1.53472,5.313,0.00088,2193600.0,4273936.0,0.6515846538782324,1.53472
HK.06806,申万宏源,2022-02-17 00:00:00,1.54472,1.53472,1.55472,1.52472,5.286,0.00103,2567200.0,4978457.0,-0.6473665130250148,1.54472
HK.06806,申万宏源,2022-02-18 00:00:00,1.52472,1.54472,1.54472,1.51472,5.313,0.00052,1297600.0,2517161.0,0.6515846538782324,1.53472
HK.06806,申万宏源,2022-02-21 00:00:00,1.53472,1.53472,1.55472,1.52472,5.286,0.00182,4554400.0,8847680.0,-0.6473665130250148,1.54472
HK.06806,申万宏源,2022-02-22 00:00:00,1.52472,1.52472,1.53472,1.51472,5.258,0.00169,4234400.0,8164392.0,-0.6515846538782324,1.53472
HK.06806,申万宏源,2022-02-23 00:00:00,1.51472,1.52472,1.53472,1.51472,5.258,0.00075,1872800.0,3623200.0,0.0,1.52472
HK.06806,申万宏源,2022-02-24 00:00:00,1.52472,1.48472,1.52472,1.48472,5.149,0.00433,10832800.0,20606872.0,-2.6234324990818005,1.52472
HK.06806,申万宏源,2022-02-25 00:00:00,1.49472,1.49472,1.50472,1.48472,5.177,0.00203,5086400.0,9679240.0,0.6735276685166232,1.48472
HK.06806,申万宏源,2022-02-28 00:00:00,1.50472,1.47472,1.50472,1.46472,5.122,0.0035,8760000.0,16470080.0,-1.3380432455576974,1.49472
HK.06806,申万宏源,2022-03-01 00:00:00,1.47472,1.47472,1.49472,1.46472,5.122,0.00211,5290400.0,9948380.0,0.0,1.47472
HK.06806,申万宏源,2022-03-02 00:00:00,1.48472,1.48472,1.48472,1.46472,5.149,0.00082,2055200.0,3861760.0,0.6780948247802979,1.47472
HK.06806,申万宏源,2022-03-03 00:00:00,1.48472,1.48472,1.49472,1.47472,5.149,0.00171,4288800.0,8093040.0,0.0,1.48472
HK.06806,申万宏源,2022-03-04 00:00:00,1.48472,1.45472,1.48472,1.45472,5.068,0.00197,4940000.0,9242720.0,-2.0205830055498697,1.48472
HK.06806,申万宏源,2022-03-07 00:00:00,1.46472,1.40472,1.46472,1.39472,4.931,0.00561,14058400.0,25666504.0,-3.437087549494064,1.45472
HK.06806,申万宏源,2022-03-08 00:00:00,1.41472,1.37472,1.41472,1.37472,4.85,0.00248,6202400.0,11162224.0,-2.1356569280710764,1.40472
HK.06806,申万宏源,2022-03-09 00:00:00,1.38472,1.36472,1.39472,1.30472,4.822,0.00398,9976000.0,17477136.0,-0.7274208566108015,1.37472
HK.06806,申万宏源,2022-03-10 00:00:00,1.38472,1.38472,1.39472,1.36472,4.877,0.00132,3302400.0,5882320.0,1.4655020810129564,1.36472
HK.06806,申万宏源,2022-03-11 00:00:00,1.35472,1.38472,1.39472,1.33472,4.877,0.00224,5611200.0,9928432.0,0.0,1.38472
HK.06806,申万宏源,2022-03-14 00:00:00,1.37472,1.31472,1.37472,1.30472,4.686,0.00421,10529600.0,18330992.0,-5.055173609105078,1.38472
HK.06806,申万宏源,2022-03-15 00:00:00,1.30472,1.17472,1.30472,1.16472,4.305,0.01236,30939200.0,50655408.0,-10.648655226968488,1.31472
HK.06806,申万宏源,2022-03-16 00:00:00,1.20472,1.25472,1.27472,1.17472,4.523,0.00949,23771200.0,39115464.0,6.810133478616187,1.17472
HK.06806,申万宏源,2022-03-17 00:00:00,1.30472,1.33472,1.34472,1.28472,4.741,0.00589,14738400.0,25339344.0,6.3759245090538,1.25472
HK.06806,申万宏源,2022-03-18 00:00:00,1.31472,1.36472,1.36472,1.30472,4.796,0.00332,8320000.0,14467088.0,2.2476624310716877,1.33472
HK.06806,申万宏源,2022-03-21 00:00:00,1.36472,1.32472,1.36472,1.29472,4.688,0.00195,4894755.0,8484678.0,-2.931004162025913,1.36472
HK.06806,申万宏源,2022-03-22 00:00:00,1.33472,1.36472,1.37472,1.31472,4.796,0.0023,5767200.0,10097079.0,3.0195060088169607,1.32472
HK.06806,申万宏源,2022-03-23 00:00:00,1.36472,1.36472,1.37472,1.35472,4.796,0.00092,2299220.0,4065789.0,0.0,1.36472
HK.06806,申万宏源,2022-03-24 00:00:00,1.35472,1.34472,1.37472,1.33472,4.742,0.00097,2432557.0,4275804.0,-1.4655020810129564,1.36472
HK.06806,申万宏源,2022-03-25 00:00:00,1.34472,1.30472,1.35472,1.29472,4.634,0.00249,6235200.0,10694024.0,-2.9745969421143297,1.34472
HK.06806,申万宏源,2022-03-28 00:00:00,1.31472,1.31472,1.31472,1.27472,4.661,0.00123,3081600.0,5249744.0,0.7664479735115587,1.30472
HK.06806,申万宏源,2022-03-29 00:00:00,1.31472,1.31472,1.31472,1.29472,4.661,0.00154,3847200.0,6584520.0,0.0,1.31472
HK.06806,申万宏源,2022-03-30 00:00:00,1.31472,1.35472,1.36472,1.31472,4.769,0.00228,5700000.0,9974616.0,3.04247292199098,1.31472
HK.06806,申万宏源,2022-03-31 00:00:00,1.34472,1.34472,1.35472,1.33472,4.742,0.00033,828800.0,1452296.0,-0.7381599149639785,1.35472
HK.06806,申万宏源,2022-04-01 00:00:00,1.32472,1.34472,1.34472,1.30472,4.742,0.00014,358400.0,621888.0,0.0,1.34472
HK.06806,申万宏源,2022-04-04 00:00:00,1.33472,1.37472,1.37472,1.33472,3.877,0.00048,1195200.0,2114648.0,2.2309477065857597,1.34472
HK.06806,申万宏源,2022-04-06 00:00:00,1.35472,1.37472,1.38472,1.33472,3.877,0.00317,7933600.0,14033496.0,0.0,1.37472
HK.06806,申万宏源,2022-04-07 00:00:00,1.36472,1.34472,1.38472,1.34472,3.812,0.00112,2798400.0,4941520.0,-2.182262569832404,1.37472
HK.06806,申万宏源,2022-04-08 00:00:00,1.34472,1.37472,1.37472,1.33472,3.877,0.00201,5041600.0,8915020.0,2.2309477065857597,1.34472
HK.06806,申万宏源,2022-04-11 00:00:00,1.35472,1.33472,1.37472,1.31472,3.79,0.0019,4759200.0,8327417.0,-2.909683426443206,1.37472
HK.06806,申万宏源,2022-04-12 00:00:00,1.33472,1.35472,1.38472,1.30472,3.834,0.00311,7792000.0,13751888.0,1.4984416207144584,1.33472
HK.06806,申万宏源,2022-04-13 00:00:00,1.36472,1.36472,1.37472,1.34472,3.856,0.00056,1412000.0,2489944.0,0.7381599149639785,1.35472
HK.06806,申万宏源,2022-04-14 00:00:00,1.37472,1.39472,1.40472,1.36472,3.921,0.00212,5302400.0,9506224.0,2.1982531215194343,1.36472
HK.06806,申万宏源,2022-04-19 00:00:00,1.38472,1.34472,1.38472,1.34472,3.812,0.00118,2944800.0,5187336.0,-3.5849489503269507,1.39472
HK.06806,申万宏源,2022-04-20 00:00:00,1.34472,1.30472,1.35472,1.28472,3.725,0.00275,6896009.0,11821103.0,-2.9745969421143297,1.34472
HK.06806,申万宏源,2022-04-21 00:00:00,1.30472,1.28472,1.31472,1.26472,3.681,0.0021,5268800.0,8893240.0,-1.5328959470231174,1.30472
HK.06806,申万宏源,2022-04-22 00:00:00,1.26472,1.30472,1.30472,1.25472,3.725,0.00301,7531200.0,12713552.0,1.55675944952986,1.28472
HK.06806,申万宏源,2022-04-25 00:00:00,1.28472,1.23472,1.28472,1.20472,3.572,0.00591,14788800.0,24220128.0,-5.365135814580911,1.30472
HK.06806,申万宏源,2022-04-26 00:00:00,1.22472,1.19472,1.24472,1.18472,3.485,0.00257,6447200.0,10387024.0,-3.2396008811714423,1.23472
HK.06806,申万宏源,2022-04-27 00:00:00,1.18472,1.21472,1.22472,1.17472,3.529,0.00308,7712800.0,12347296.0,1.6740324092674448,1.19472
HK.06806,申万宏源,2022-04-28 00:00:00,1.20472,1.22472,1.22472,1.20472,3.551,4e-05,98400.0,160048.0,0.823234984193889,1.21472
HK.06806,申万宏源,2022-04-29 00:00:00,1.21472,1.24472,1.26472,1.20472,3.594,0.00045,1125600.0,1859272.0,1.6330263243843506,1.22472
HK.06806,申万宏源,2022-05-03 00:00:00,1.22472,1.22472,1.26472,1.22472,3.551,0.00067,1688800.0,2777840.0,-1.6067870685776735,1.24472
HK.06806,申万宏源,2022-05-04 00:00:00,1.22472,1.21472,1.23472,1.21472,3.529,0.00011,270400.0,440189.0,-0.8165131621921753,1.22472
HK.06806,申万宏源,2022-05-05 00:00:00,1.21472,1.20472,1.22472,1.19472,3.507,0.00226,5648000.0,9128272.0,-0.823234984193889,1.21472
HK.06806,申万宏源,2022-05-06 00:00:00,1.18472,1.17472,1.19472,1.16472,3.442,0.00191,4774400.0,7558472.0,-2.4902051929078977,1.20472
HK.06806,申万宏源,2022-05-10 00:00:00,1.15472,1.16472,1.18472,1.15472,3.42,0.00185,4629600.0,7275280.0,-0.8512666848270234,1.17472
HK.06806,申万宏源,2022-05-11 00:00:00,1.16472,1.17472,1.20472,1.16472,3.442,0.00099,2487200.0,3950584.0,0.8585754516106884,1.16472
HK.06806,申万宏源,2022-05-12 00:00:00,1.16472,1.17472,1.18472,1.16472,3.442,0.00093,2337600.0,3688912.0,0.0,1.17472
HK.06806,申万宏源,2022-05-13 00:00:00,1.18472,1.19472,1.19472,1.17472,3.485,0.00117,2919200.0,4641138.0,1.7025333696540468,1.17472
HK.06806,申万宏源,2022-05-16 00:00:00,1.19472,1.18472,1.20472,1.17472,3.464,0.00066,1660000.0,2642973.0,-0.8370162046337224,1.19472
HK.06806,申万宏源,2022-05-17 00:00:00,1.19472,1.19472,1.20472,1.18472,3.485,0.00131,3279800.0,5241464.0,0.8440813019110008,1.18472
HK.06806,申万宏源,2022-05-18 00:00:00,1.19472,1.19472,1.20472,1.18472,3.485,0.00052,1306400.0,2090768.0,0.0,1.19472
HK.06806,申万宏源,2022-05-19 00:00:00,1.17472,1.19472,1.19472,1.17472,3.485,0.00072,1792000.0,2851352.0,0.0,1.19472
HK.06806,申万宏源,2022-05-20 00:00:00,1.19472,1.20472,1.21472,1.19472,3.507,0.00118,2956000.0,4761568.0,0.8370162046337224,1.19472
HK.06806,申万宏源,2022-05-23 00:00:00,1.20472,1.22472,1.22472,1.20472,3.551,0.0006,1512000.0,2451300.0,1.660136795271932,1.20472
HK.06806,申万宏源,2022-05-24 00:00:00,1.21472,1.19472,1.21472,1.17472,3.485,0.00084,2096000.0,3353072.0,-2.449539486576526,1.22472
HK.06806,申万宏源,2022-05-25 00:00:00,1.18472,1.19472,1.20472,1.18472,3.485,0.00066,1661600.0,2657840.0,0.0,1.19472
HK.06806,申万宏源,2022-05-26 00:00:00,1.18472,1.21472,1.21472,1.18472,3.529,0.00149,3722400.0,5999512.0,1.6740324092674448,1.19472
HK.06806,申万宏源,2022-05-27 00:00:00,1.22472,1.21472,1.22472,1.19472,3.529,0.00063,1576800.0,2547216.0,0.0,1.21472
HK.06806,申万宏源,2022-05-30 00:00:00,1.21472,1.21472,1.22472,1.20472,3.529,0.0008,2008000.0,3256204.0,0.0,1.21472
HK.06806,申万宏源,2022-05-31 00:00:00,1.20472,1.22472,1.23472,1.20472,3.551,0.00105,2632000.0,4290048.0,0.823234984193889,1.21472
HK.06806,申万宏源,2022-06-01 00:00:00,1.22472,1.24472,1.24472,1.22472,3.594,0.00109,2729600.0,4465696.0,1.6330263243843506,1.22472
HK.06806,申万宏源,2022-06-02 00:00:00,1.22472,1.22472,1.24472,1.22472,3.551,0.0005,1252800.0,2049208.0,-1.6067870685776735,1.24472
HK.06806,申万宏源,2022-06-06 00:00:00,1.23472,1.24472,1.24472,1.22472,3.594,0.00132,3313600.0,5456765.0,1.6330263243843506,1.22472
HK.06806,申万宏源,2022-06-07 00:00:00,1.23472,1.24472,1.26472,1.23472,3.594,0.00096,2413600.0,3987169.0,0.0,1.24472
HK.06806,申万宏源,2022-06-08 00:00:00,1.24472,1.26472,1.27472,1.23472,3.638,0.00238,5948800.0,9910684.0,1.6067870685776735,1.24472
HK.06806,申万宏源,2022-06-09 00:00:00,1.25472,1.26472,1.30472,1.25472,3.638,0.00314,7856000.0,13276264.0,0.0,1.26472
HK.06806,申万宏源,2022-06-10 00:00:00,1.26472,1.29472,1.29472,1.25472,3.703,0.00129,3231200.0,5450872.0,2.3720665443734603,1.26472
HK.06806,申万宏源,2022-06-13 00:00:00,1.27472,1.25472,1.28472,1.25472,3.616,0.00105,2624000.0,4397152.0,-3.08947108255067,1.29472
HK.06806,申万宏源,2022-06-14 00:00:00,1.24472,1.28472,1.29472,1.21472,3.681,0.00448,11219200.0,18660324.0,2.390971690895182,1.25472
HK.06806,申万宏源,2022-06-15 00:00:00,1.29472,1.32472,1.37472,1.28472,3.769,0.01369,34278400.0,59770086.0,3.1135188990597027,1.28472
HK.06806,申万宏源,2022-06-16 00:00:00,1.34472,1.29472,1.34472,1.28472,3.703,0.00328,8223200.0,14125548.0,-2.2646295066127036,1.32472
HK.06806,申万宏源,2022-06-17 00:00:00,1.28472,1.28472,1.30472,1.26472,3.681,0.00293,7338644.0,12421242.0,-0.7723677706376675,1.29472
HK.06806,申万宏源,2022-06-20 00:00:00,1.28472,1.26472,1.30472,1.26472,3.638,0.00185,4620800.0,7799408.0,-1.55675944952986,1.28472
HK.06806,申万宏源,2022-06-21 00:00:00,1.27472,1.27472,1.28472,1.26472,3.66,0.00125,3128625.0,5255610.0,0.7906888481244868,1.26472
HK.06806,申万宏源,2022-06-22 00:00:00,1.27472,1.23472,1.28472,1.23472,3.572,0.00237,5937600.0,9902728.0,-3.137944019078702,1.27472
HK.06806,申万宏源,2022-06-23 00:00:00,1.25223,1.27223,1.28223,1.25223,3.398,0.00243,6083200.0,9476824.0,3.037935726318512,1.23472
HK.06806,申万宏源,2022-06-24 00:00:00,1.27223,1.28223,1.30223,1.26223,3.42,0.00174,4346400.0,6811808.0,0.7860213955023864,1.27223
HK.06806,申万宏源,2022-06-27 00:00:00,1.29223,1.28223,1.30223,1.28223,3.42,0.00147,3681600.0,5830256.0,0.0,1.28223
HK.06806,申万宏源,2022-06-28 00:00:00,1.28223,1.34223,1.34223,1.27223,3.551,0.00568,14232800.0,22724088.0,4.679347698930774,1.28223
HK.06806,申万宏源,2022-06-29 00:00:00,1.33223,1.30223,1.35223,1.30223,3.464,0.00197,4932000.0,7987816.0,-2.9801151814517657,1.34223
HK.06806,申万宏源,2022-06-30 00:00:00,1.30223,1.29223,1.34223,1.28223,3.442,0.00334,8370400.0,13386152.0,-0.7679135022231103,1.30223
HK.06806,申万宏源,2022-07-04 00:00:00,1.29223,1.28223,1.30223,1.26223,3.42,0.00241,6026400.0,9423104.0,-0.7738560472980823,1.29223
HK.06806,申万宏源,2022-07-05 00:00:00,1.28223,1.27223,1.29223,1.26223,3.398,0.00136,3402400.0,5333776.0,-0.7798912831551289,1.28223
HK.06806,申万宏源,2022-07-06 00:00:00,1.26223,1.25223,1.27223,1.24223,3.355,0.00155,3889600.0,6000004.0,-1.5720427910047727,1.27223
HK.06806,申万宏源,2022-07-07 00:00:00,1.24223,1.24223,1.25223,1.23223,3.333,0.00495,12385600.0,18905232.0,-0.7985753415906032,1.25223
HK.06806,申万宏源,2022-07-08 00:00:00,1.24223,1.24223,1.25223,1.24223,3.333,0.00068,1708800.0,2621848.0,0.0,1.24223
HK.06806,申万宏源,2022-07-11 00:00:00,1.24223,1.22223,1.25223,1.22223,3.289,0.00163,4079200.0,6196536.0,-1.6100078085378728,1.24223
HK.06806,申万宏源,2022-07-12 00:00:00,1.23223,1.22223,1.24223,1.22223,3.289,0.00143,3574006.0,5418785.0,0.0,1.22223
HK.06806,申万宏源,2022-07-13 00:00:00,1.22223,1.21223,1.23223,1.21223,3.267,0.0012,2999200.0,4523520.0,-0.8181766116033815,1.22223
HK.06806,申万宏源,2022-07-14 00:00:00,1.21223,1.21223,1.22223,1.19223,3.267,0.00208,5203200.0,7758268.0,0.0,1.21223
HK.06806,申万宏源,2022-07-15 00:00:00,1.20223,1.17223,1.20223,1.17223,3.18,0.00276,6918400.0,10194960.0,-3.2997038515793053,1.21223
HK.06806,申万宏源,2022-07-18 00:00:00,1.18223,1.20223,1.21223,1.17223,3.246,0.00266,6655200.0,9898000.0,2.5592247255231313,1.17223
HK.06806,申万宏源,2022-07-19 00:00:00,1.20223,1.21223,1.21223,1.19223,3.267,0.0007,1758400.0,2618680.0,0.8317875947198131,1.20223
HK.06806,申万宏源,2022-07-20 00:00:00,1.21223,1.20223,1.22223,1.20223,3.246,0.00058,1456800.0,2191048.0,-0.824925962894831,1.21223
HK.06806,申万宏源,2022-07-21 00:00:00,1.20223,1.19223,1.22223,1.19223,3.224,0.00055,1388800.0,2075420.0,-0.8317875947198131,1.20223
HK.06806,申万宏源,2022-07-22 00:00:00,1.19223,1.20223,1.22223,1.19223,3.246,0.00035,866400.0,1294280.0,0.8387643323855304,1.19223
HK.06806,申万宏源,2022-07-25 00:00:00,1.19223,1.22223,1.22223,1.19223,3.289,0.00119,2978400.0,4441568.0,1.6635751894396262,1.20223
HK.06806,申万宏源,2022-07-26 00:00:00,1.22223,1.21223,1.22223,1.20223,3.267,0.00068,1691200.0,2534840.0,-0.8181766116033815,1.22223
HK.06806,申万宏源,2022-07-27 00:00:00,1.20223,1.20223,1.21223,1.20223,3.246,0.00047,1179200.0,1757680.0,-0.824925962894831,1.21223
HK.06806,申万宏源,2022-07-28 00:00:00,1.21223,1.20223,1.22223,1.19223,3.246,0.00098,2447200.0,3656136.0,0.0,1.20223
HK.06806,申万宏源,2022-07-29 00:00:00,1.21223,1.18223,1.21223,1.18223,3.202,0.00044,1090400.0,1615912.0,-1.6635751894396262,1.20223
HK.06806,申万宏源,2022-08-01 00:00:00,1.18223,1.16223,1.19223,1.15223,3.159,0.0024,6018400.0,8756736.0,-1.6917181935832957,1.18223
HK.06806,申万宏源,2022-08-02 00:00:00,1.16223,1.14223,1.16223,1.13223,3.115,0.00184,4595200.0,6571208.0,-1.720829784121905,1.16223
HK.06806,申万宏源,2022-08-03 00:00:00,1.15223,1.16223,1.16223,1.14223,3.159,0.00103,2575330.0,3708251.0,1.7509608397608203,1.14223
HK.06806,申万宏源,2022-08-04 00:00:00,1.16223,1.15223,1.16223,1.13223,3.137,0.00293,7328800.0,10498800.0,-0.8604148920609525,1.16223
HK.06806,申万宏源,2022-08-05 00:00:00,1.15223,1.16223,1.17223,1.14223,3.159,0.00109,2721600.0,3924672.0,0.8678822804474808,1.15223
HK.06806,申万宏源,2022-08-08 00:00:00,1.17223,1.18223,1.18223,1.16223,3.202,0.00096,2399200.0,3496472.0,1.720829784121886,1.16223
HK.06806,申万宏源,2022-08-09 00:00:00,1.16223,1.17223,1.19223,1.16223,3.18,0.00079,1975200.0,2898880.0,-0.8458590967916384,1.18223
HK.06806,申万宏源,2022-08-10 00:00:00,1.18223,1.18223,1.19223,1.16223,3.202,0.00096,2412800.0,3531580.0,0.8530749085076977,1.17223
HK.06806,申万宏源,2022-08-11 00:00:00,1.18223,1.24223,1.25223,1.18223,3.333,0.00699,17496800.0,26549000.0,5.075154580749944,1.18223
HK.06806,申万宏源,2022-08-12 00:00:00,1.23223,1.24223,1.25223,1.23223,3.333,0.00093,2320000.0,3547056.0,0.0,1.24223
HK.06806,申万宏源,2022-08-15 00:00:00,1.23223,1.23223,1.25223,1.22223,3.311,0.00034,840000.0,1281768.0,-0.8050039042689364,1.24223
HK.06806,申万宏源,2022-08-16 00:00:00,1.24223,1.23223,1.24223,1.22223,3.311,0.00056,1403200.0,2137048.0,0.0,1.23223
HK.06806,申万宏源,2022-08-17 00:00:00,1.23223,1.24223,1.25223,1.23223,3.333,0.00055,1368800.0,2092952.0,0.8115368072518937,1.23223
HK.06806,申万宏源,2022-08-18 00:00:00,1.23223,1.23223,1.24223,1.22223,3.311,0.00084,2115200.0,3212272.0,-0.8050039042689364,1.24223
HK.06806,申万宏源,2022-08-19 00:00:00,1.22223,1.23223,1.26223,1.22223,3.311,0.0018,4506400.0,6898824.0,0.0,1.23223
HK.06806,申万宏源,2022-08-22 00:00:00,1.22223,1.23223,1.23223,1.21223,3.311,0.00048,1208000.0,1826808.0,0.0,1.23223
HK.06806,申万宏源,2022-08-23 00:00:00,1.22223,1.21223,1.23223,1.20223,3.267,0.00193,4829600.0,7260192.0,-1.6230736145037874,1.23223
HK.06806,申万宏源,2022-08-24 00:00:00,1.22223,1.19223,1.23223,1.18223,3.224,0.00163,4090400.0,6084944.0,-1.649851925789662,1.21223
HK.06806,申万宏源,2022-08-25 00:00:00,1.23223,1.21223,1.23223,1.18223,3.267,0.00053,1329600.0,1989995.0,1.6775286647710608,1.19223
HK.06806,申万宏源,2022-08-26 00:00:00,1.22223,1.20223,1.22223,1.20223,3.246,0.00055,1364800.0,2045512.0,-0.824925962894831,1.21223
HK.06806,申万宏源,2022-08-29 00:00:00,1.19223,1.20223,1.21223,1.18223,3.246,0.0019,4765600.0,7062824.0,0.0,1.20223
HK.06806,申万宏源,2022-08-30 00:00:00,1.20223,1.21223,1.21223,1.20223,3.267,0.00058,1440000.0,2150272.0,0.8317875947198131,1.20223
HK.06806,申万宏源,2022-08-31 00:00:00,1.20223,1.21223,1.23223,1.20223,3.267,0.00206,5152000.0,7745032.0,0.0,1.21223
HK.06806,申万宏源,2022-09-01 00:00:00,1.21223,1.22223,1.23223,1.20223,3.289,0.00043,1083200.0,1628616.0,0.824925962894831,1.21223
HK.06806,申万宏源,2022-09-02 00:00:00,1.22223,1.20223,1.23223,1.20223,3.246,0.00083,2080000.0,3117112.0,-1.636353223206763,1.22223
HK.06806,申万宏源,2022-09-05 00:00:00,1.21223,1.20223,1.21223,1.19223,3.246,0.00169,4221600.0,6303760.0,0.0,1.20223
HK.06806,申万宏源,2022-09-06 00:00:00,1.21223,1.21223,1.22223,1.20223,3.267,0.00077,1927200.0,2891200.0,0.8317875947198131,1.20223
HK.06806,申万宏源,2022-09-07 00:00:00,1.21223,1.21223,1.22223,1.20223,3.267,0.00139,3484800.0,5219608.0,0.0,1.21223
HK.06806,申万宏源,2022-09-08 00:00:00,1.21223,1.18223,1.21223,1.18223,3.202,0.00196,4914400.0,7299032.0,-2.4747778886844927,1.21223
HK.06806,申万宏源,2022-09-09 00:00:00,1.19223,1.19223,1.21223,1.19223,3.224,0.00097,2439200.0,3627164.0,0.8458590967916574,1.18223
HK.06806,申万宏源,2022-09-13 00:00:00,1.20223,1.21223,1.22223,1.20223,3.267,0.00047,1168000.0,1752976.0,1.6775286647710608,1.19223
HK.06806,申万宏源,2022-09-14 00:00:00,1.19223,1.20223,1.20223,1.19223,3.246,0.00044,1094400.0,1623072.0,-0.824925962894831,1.21223
HK.06806,申万宏源,2022-09-15 00:00:00,1.20223,1.19223,1.20223,1.18223,3.224,0.00102,2548000.0,3780088.0,-0.8317875947198131,1.20223
HK.06806,申万宏源,2022-09-16 00:00:00,1.19223,1.14223,1.19223,1.12223,3.115,0.00498,12463200.0,17897296.0,-4.193821661927634,1.19223
HK.06806,申万宏源,2022-09-19 00:00:00,1.14223,1.12223,1.15223,1.11223,3.071,0.00132,3317600.0,4696608.0,-1.7509608397608203,1.14223
HK.06806,申万宏源,2022-09-20 00:00:00,1.12223,1.12223,1.13223,1.11223,3.071,0.00162,4063200.0,5736824.0,0.0,1.12223
HK.06806,申万宏源,2022-09-21 00:00:00,1.12223,1.11223,1.12223,1.11223,3.05,0.00173,4336000.0,6073728.0,-0.8910829330885833,1.12223
HK.06806,申万宏源,2022-09-22 00:00:00,1.10223,1.11223,1.12223,1.10223,3.05,0.00077,1915600.0,2681856.0,0.0,1.11223
HK.06806,申万宏源,2022-09-23 00:00:00,1.11223,1.10223,1.12223,1.09223,3.028,0.00171,4274400.0,5951736.0,-0.8990946117259927,1.11223
HK.06806,申万宏源,2022-09-26 00:00:00,1.10223,1.08223,1.10223,1.06223,2.984,0.00172,4301600.0,5901216.0,-1.8145033250773448,1.10223
HK.06806,申万宏源,2022-09-27 00:00:00,1.08223,1.08223,1.09223,1.06223,2.984,0.0014,3516600.0,4793218.0,0.0,1.08223
HK.06806,申万宏源,2022-09-28 00:00:00,1.07223,1.05223,1.07223,1.05223,2.919,0.00101,2518400.0,3401552.0,-2.7720539996119147,1.08223
HK.06806,申万宏源,2022-09-29 00:00:00,1.05223,1.04223,1.06223,1.03223,2.897,0.00019,487200.0,649284.0,-0.9503625633179067,1.05223
HK.06806,申万宏源,2022-09-30 00:00:00,1.03223,0.99223,1.04223,0.99223,2.788,0.00055,1368000.0,1775924.0,-4.797405563071496,1.04223
HK.06806,申万宏源,2022-10-03 00:00:00,1.01223,0.97223,1.01223,0.96223,2.745,0.00017,436000.0,557264.0,-2.015661691341716,0.99223
HK.06806,申万宏源,2022-10-05 00:00:00,0.97223,1.03223,1.03223,0.97223,2.875,0.00057,1428800.0,1851864.0,6.171379200394962,0.97223
HK.06806,申万宏源,2022-10-06 00:00:00,1.01223,1.01223,1.03223,1.01223,2.832,0.00012,301600.0,396652.0,-1.9375526772134135,1.03223
HK.06806,申万宏源,2022-10-07 00:00:00,1.00223,0.98223,1.01223,0.98223,2.766,0.00015,375200.0,482568.0,-2.963753297175535,1.01223
HK.06806,申万宏源,2022-10-10 00:00:00,1.00223,1.02223,1.03223,0.99223,2.854,0.00174,4359200.0,5676888.0,4.0723659428036125,0.98223
HK.06806,申万宏源,2022-10-11 00:00:00,1.02223,1.04223,1.04223,1.00223,2.897,0.0013,3246400.0,4273816.0,1.9565068526652531,1.02223
HK.06806,申万宏源,2022-10-12 00:00:00,1.03223,1.05223,1.06223,1.01223,2.919,0.00161,4022400.0,5322208.0,0.959481112614299,1.04223
HK.06806,申万宏源,2022-10-13 00:00:00,1.04223,1.04223,1.06223,1.02223,2.897,0.00146,3645600.0,4855208.0,-0.9503625633179067,1.05223
HK.06806,申万宏源,2022-10-14 00:00:00,1.05223,1.06223,1.07223,1.05223,2.941,0.00118,2952000.0,3981408.0,1.918962225228598,1.04223
HK.06806,申万宏源,2022-10-17 00:00:00,1.05223,1.04223,1.06223,1.04223,2.897,0.00064,1600800.0,2139800.0,-1.8828314018621217,1.06223
HK.06806,申万宏源,2022-10-18 00:00:00,1.05223,1.06223,1.07223,1.04223,2.941,0.00106,2664000.0,3590605.0,1.918962225228598,1.04223
HK.06806,申万宏源,2022-10-19 00:00:00,1.05223,1.04223,1.07223,1.03223,2.897,0.00061,1519200.0,2040044.0,-1.8828314018621217,1.06223
HK.06806,申万宏源,2022-10-20 00:00:00,1.02223,1.04223,1.05223,1.01223,2.897,0.007,17519906.0,23167220.0,0.0,1.04223
HK.06806,申万宏源,2022-10-21 00:00:00,1.06223,1.05223,1.07223,1.04223,2.919,0.00148,3708800.0,4985944.0,0.959481112614299,1.04223
HK.06806,申万宏源,2022-10-24 00:00:00,1.05223,0.98223,1.06223,0.98223,2.766,0.00218,5447200.0,7104024.0,-6.652537943225336,1.05223
HK.06806,申万宏源,2022-10-25 00:00:00,0.99223,0.99223,1.01223,0.97223,2.788,0.00115,2886400.0,3691760.0,1.0180914857008945,0.98223
HK.06806,申万宏源,2022-10-26 00:00:00,0.99223,1.03223,1.04223,0.99223,2.875,0.00175,4384000.0,5752896.0,4.031323382683454,0.99223
HK.06806,申万宏源,2022-10-27 00:00:00,1.03223,1.03223,1.04223,1.01223,2.875,0.00093,2322400.0,3059470.0,0.0,1.03223
HK.06806,申万宏源,2022-10-28 00:00:00,1.03223,1.00223,1.03223,0.98223,2.81,0.00094,2361600.0,3039216.0,-2.9063290158201203,1.03223
HK.06806,申万宏源,2022-10-31 00:00:00,1.00223,0.99223,1.01223,0.97223,2.788,0.00179,4492000.0,5741544.0,-0.9977749618351086,1.00223
HK.06806,申万宏源,2022-11-01 00:00:00,0.99223,1.03223,1.03223,0.98223,2.875,0.00126,3155200.0,4092832.0,4.031323382683454,0.99223
HK.06806,申万宏源,2022-11-02 00:00:00,1.03223,1.02223,1.04223,1.01223,2.854,0.00275,6897730.0,9025326.0,-0.9687763386067068,1.03223
HK.06806,申万宏源,2022-11-03 00:00:00,1.02223,1.01223,1.02223,1.00223,2.832,0.00091,2270666.0,2961500.0,-0.9782534263326266,1.02223
HK.06806,申万宏源,2022-11-04 00:00:00,1.01223,1.06223,1.06223,1.01223,2.941,0.00308,7708000.0,10257664.0,4.93958882862591,1.01223
HK.06806,申万宏源,2022-11-07 00:00:00,1.06223,1.10223,1.11223,1.05223,3.028,0.00385,9651200.0,13344872.0,3.7656628037242434,1.06223
HK.06806,申万宏源,2022-11-08 00:00:00,1.09223,1.09223,1.11223,1.08223,3.006,0.00099,2476000.0,3426728.0,-0.9072516625386724,1.10223
HK.06806,申万宏源,2022-11-09 00:00:00,1.10223,1.10223,1.11223,1.08223,3.028,0.00224,5612800.0,7816648.0,0.9155580784267058,1.09223
HK.06806,申万宏源,2022-11-10 00:00:00,1.08223,1.10223,1.10223,1.08223,3.028,0.00062,1560800.0,2154024.0,0.0,1.10223
HK.06806,申万宏源,2022-11-11 00:00:00,1.13223,1.14223,1.15223,1.11223,3.115,0.00545,13642400.0,19419704.0,3.6290066501546896,1.10223
HK.06806,申万宏源,2022-11-14 00:00:00,1.15223,1.15223,1.18223,1.15223,3.137,0.00389,9740800.0,14157840.0,0.8754804198804101,1.14223
HK.06806,申万宏源,2022-11-15 00:00:00,1.15223,1.20223,1.21223,1.15223,3.246,0.00416,10421600.0,15401376.0,4.339411402237385,1.15223
HK.06806,申万宏源,2022-11-16 00:00:00,1.20223,1.17223,1.20223,1.15223,3.18,0.00147,3687200.0,5397848.0,-2.495362784159421,1.20223
HK.06806,申万宏源,2022-11-17 00:00:00,1.17223,1.16223,1.17223,1.14223,3.159,0.00149,3728000.0,5377544.0,-0.8530749085077168,1.17223
HK.06806,申万宏源,2022-11-18 00:00:00,1.16223,1.14223,1.17223,1.13223,3.115,0.00121,3038343.0,4370063.0,-1.720829784121905,1.16223
HK.06806,申万宏源,2022-11-21 00:00:00,1.14223,1.12223,1.14223,1.10223,3.071,0.00161,4032857.0,5652095.0,-1.7509608397608203,1.14223
HK.06806,申万宏源,2022-11-22 00:00:00,1.12223,1.12223,1.17223,1.11223,3.071,0.00335,8400800.0,12013760.0,0.0,1.12223
HK.06806,申万宏源,2022-11-23 00:00:00,1.14223,1.13223,1.15223,1.12223,3.093,0.0012,3000800.0,4272984.0,0.8910829330885833,1.12223
HK.06806,申万宏源,2022-11-24 00:00:00,1.14223,1.12223,1.15223,1.11223,3.071,0.00104,2602400.0,3684248.0,-0.8832127747895753,1.13223
HK.06806,申万宏源,2022-11-25 00:00:00,1.12223,1.13223,1.14223,1.11223,3.093,0.00166,4167200.0,5910896.0,0.8910829330885833,1.12223
HK.06806,申万宏源,2022-11-28 00:00:00,1.11223,1.11223,1.12223,1.08223,3.05,0.00146,3648800.0,5060880.0,-1.7664255495791505,1.13223
HK.06806,申万宏源,2022-11-29 00:00:00,1.11223,1.15223,1.17223,1.11223,3.137,0.00388,9704800.0,13959776.0,3.596378446903971,1.11223
HK.06806,申万宏源,2022-11-30 00:00:00,1.15223,1.16223,1.17223,1.14223,3.159,0.00284,7112000.0,10314912.0,0.8678822804474808,1.15223
HK.06806,申万宏源,2022-12-01 00:00:00,1.19223,1.17223,1.20223,1.17223,3.18,0.00438,10956800.0,16144504.0,0.8604148920609525,1.16223
HK.06806,申万宏源,2022-12-02 00:00:00,1.17223,1.15223,1.17223,1.15223,3.137,0.00106,2664451.0,3858233.0,-1.7061498170154337,1.17223
HK.06806,申万宏源,2022-12-05 00:00:00,1.16223,1.20223,1.21223,1.16223,3.246,0.00416,10419302.0,15460721.0,4.339411402237385,1.15223
HK.06806,申万宏源,2022-12-06 00:00:00,1.21223,1.21223,1.22223,1.20223,3.267,0.00219,5488800.0,8233928.0,0.8317875947198131,1.20223
HK.06806,申万宏源,2022-12-07 00:00:00,1.21223,1.18223,1.23223,1.18223,3.202,0.00243,6072800.0,9071272.0,-2.4747778886844927,1.21223
HK.06806,申万宏源,2022-12-08 00:00:00,1.18223,1.21223,1.21223,1.18223,3.267,0.00203,5080800.0,7516496.0,2.537577290374972,1.18223
HK.06806,申万宏源,2022-12-09 00:00:00,1.22223,1.21223,1.23223,1.19223,3.267,0.00223,5586400.0,8378320.0,0.0,1.21223
HK.06806,申万宏源,2022-12-12 00:00:00,1.21223,1.19223,1.22223,1.18223,3.224,0.00163,4088600.0,6067470.0,-1.649851925789662,1.21223
HK.06806,申万宏源,2022-12-13 00:00:00,1.19223,1.19223,1.20223,1.18223,3.224,0.00097,2437600.0,3599568.0,0.0,1.19223
HK.06806,申万宏源,2022-12-14 00:00:00,1.21223,1.18223,1.21223,1.18223,3.202,0.00124,3113600.0,4608112.0,-0.8387643323855304,1.19223
HK.06806,申万宏源,2022-12-15 00:00:00,1.19223,1.19223,1.19223,1.17223,3.224,0.00113,2834400.0,4158160.0,0.8458590967916574,1.18223
HK.06806,申万宏源,2022-12-16 00:00:00,1.18223,1.22223,1.22223,1.17223,3.289,0.00203,5079200.0,7594068.0,2.5162929971565915,1.19223
HK.06806,申万宏源,2022-12-19 00:00:00,1.22223,1.17223,1.22223,1.16223,3.18,0.00302,7570400.0,11224936.0,-4.090883058016889,1.22223
HK.06806,申万宏源,2022-12-20 00:00:00,1.18223,1.17223,1.18223,1.15223,3.18,0.00078,1956000.0,2828464.0,0.0,1.17223
HK.06806,申万宏源,2022-12-21 00:00:00,1.17223,1.15223,1.17223,1.15223,3.137,0.00048,1205251.0,1744063.0,-1.7061498170154337,1.17223
HK.06806,申万宏源,2022-12-22 00:00:00,1.17223,1.16223,1.18223,1.15223,3.159,0.00055,1379200.0,2004632.0,0.8678822804474808,1.15223
HK.06806,申万宏源,2022-12-23 00:00:00,1.16223,1.17223,1.17223,1.16223,3.18,0.00031,776800.0,1128648.0,0.8604148920609525,1.16223
HK.06806,申万宏源,2022-12-28 00:00:00,1.18223,1.19223,1.20223,1.16223,3.224,0.00131,3287200.0,4834600.0,1.7061498170154146,1.17223
HK.06806,申万宏源,2022-12-29 00:00:00,1.17223,1.16223,1.18223,1.16223,3.159,0.00038,940800.0,1374512.0,-2.516292997156573,1.19223
HK.06806,申万宏源,2022-12-30 00:00:00,1.18223,1.16223,1.18223,1.14223,3.159,0.00155,3868800.0,5627424.0,0.0,1.16223
HK.06806,申万宏源,2023-01-03 00:00:00,1.17223,1.17223,1.18223,1.15223,3.18,0.0012,3003200.0,4367632.0,0.8604148920609525,1.16223
HK.06806,申万宏源,2023-01-04 00:00:00,1.19223,1.21223,1.22223,1.18223,3.267,0.00253,6344800.0,9449600.0,3.412299634030848,1.17223
HK.06806,申万宏源,2023-01-05 00:00:00,1.23223,1.25223,1.25223,1.22223,3.355,0.00183,4592100.0,6994684.0,3.299703851579324,1.21223
HK.06806,申万宏源,2023-01-06 00:00:00,1.24223,1.23223,1.24223,1.22223,3.311,0.00111,2788800.0,4237576.0,-1.5971506831812063,1.25223
HK.06806,申万宏源,2023-01-09 00:00:00,1.25223,1.24223,1.27223,1.24223,3.333,0.00164,4117600.0,6343120.0,0.8115368072518937,1.23223
HK.06806,申万宏源,2023-01-10 00:00:00,1.24223,1.24223,1.26223,1.23223,3.333,0.00162,4054400.0,6243228.0,0.0,1.24223
HK.06806,申万宏源,2023-01-11 00:00:00,1.25223,1.25223,1.26223,1.23223,3.355,0.00101,2526400.0,3877472.0,0.8050039042689364,1.24223
HK.06806,申万宏源,2023-01-12 00:00:00,1.25223,1.25223,1.26223,1.23223,3.355,0.00104,2601600.0,3987248.0,0.0,1.25223
HK.06806,申万宏源,2023-01-13 00:00:00,1.25223,1.26223,1.27223,1.24223,3.376,0.00186,4652800.0,7194536.0,0.7985753415906032,1.25223
HK.06806,申万宏源,2023-01-16 00:00:00,1.28223,1.33223,1.34223,1.27223,3.529,0.00775,19404800.0,31250588.0,5.5457404751907395,1.26223
HK.06806,申万宏源,2023-01-17 00:00:00,1.33223,1.33223,1.33223,1.31223,3.529,0.00132,3296800.0,5299824.0,0.0,1.33223
HK.06806,申万宏源,2023-01-18 00:00:00,1.33223,1.32223,1.33223,1.30223,3.507,0.00072,1800800.0,2891408.0,-0.750621138992517,1.33223
HK.06806,申万宏源,2023-01-19 00:00:00,1.30223,1.34223,1.35223,1.30223,3.551,0.00032,811200.0,1317680.0,1.5125961443924294,1.32223
HK.06806,申万宏源,2023-01-20 00:00:00,1.33223,1.33223,1.34223,1.32223,3.529,0.00051,1277000.0,2069422.0,-0.7450287953629414,1.34223
HK.06806,申万宏源,2023-01-26 00:00:00,1.35223,1.35223,1.36223,1.33223,3.572,0.00051,1285600.0,2102304.0,1.501242277985034,1.33223
HK.06806,申万宏源,2023-01-27 00:00:00,1.33223,1.36223,1.36223,1.33223,3.594,0.00036,912000.0,1496080.0,0.7395191646391522,1.35223
HK.06806,申万宏源,2023-01-30 00:00:00,1.35223,1.29223,1.35223,1.28223,3.442,0.00402,10077600.0,16067728.0,-5.138632976810087,1.36223
HK.06806,申万宏源,2023-01-31 00:00:00,1.29223,1.30223,1.32223,1.28223,3.464,0.0029,7253000.0,11505870.0,0.7738560472980823,1.29223
HK.06806,申万宏源,2023-02-01 00:00:00,1.30223,1.33223,1.34223,1.30223,3.529,0.00225,5629600.0,9032480.0,2.303740506669331,1.30223
HK.06806,申万宏源,2023-02-02 00:00:00,1.38223,1.34223,1.38223,1.33223,3.551,0.00445,11148800.0,18352336.0,0.750621138992517,1.33223
HK.06806,申万宏源,2023-02-03 00:00:00,1.34223,1.33223,1.35223,1.30223,3.529,0.00286,7162400.0,11541336.0,-0.7450287953629414,1.34223
HK.06806,申万宏源,2023-02-06 00:00:00,1.31223,1.32223,1.32223,1.29223,3.507,0.00152,3802400.0,6055216.0,-0.750621138992517,1.33223
HK.06806,申万宏源,2023-02-07 00:00:00,1.31223,1.30223,1.32223,1.30223,3.464,0.00037,934400.0,1491624.0,-1.5125961443924294,1.32223
HK.06806,申万宏源,2023-02-08 00:00:00,1.32223,1.29223,1.32223,1.28223,3.442,0.00099,2484000.0,3919704.0,-0.7679135022231103,1.30223
HK.06806,申万宏源,2023-02-09 00:00:00,1.28223,1.29223,1.31223,1.28223,3.442,0.00086,2148800.0,3405720.0,0.0,1.29223
HK.06806,申万宏源,2023-02-10 00:00:00,1.29223,1.28223,1.30223,1.27223,3.42,0.00044,1104800.0,1737136.0,-0.7738560472980823,1.29223
HK.06806,申万宏源,2023-02-13 00:00:00,1.28223,1.29223,1.29223,1.27223,3.442,0.00042,1046400.0,1642208.0,0.7798912831551289,1.28223
HK.06806,申万宏源,2023-02-14 00:00:00,1.30223,1.28223,1.30223,1.26223,3.42,0.00057,1420800.0,2223688.0,-0.7738560472980823,1.29223
HK.06806,申万宏源,2023-02-15 00:00:00,1.29223,1.26223,1.29223,1.25223,3.376,0.00075,1874400.0,2908776.0,-1.5597825663102578,1.28223
HK.06806,申万宏源,2023-02-16 00:00:00,1.27223,1.27223,1.29223,1.26223,3.398,0.00191,4794400.0,7496232.0,0.7922486393129627,1.26223
HK.06806,申万宏源,2023-02-17 00:00:00,1.28223,1.28223,1.29223,1.27223,3.42,0.00143,3576800.0,5610240.0,0.7860213955023864,1.27223
HK.06806,申万宏源,2023-02-20 00:00:00,1.28223,1.31223,1.32223,1.28223,3.485,0.00144,3608800.0,5751640.0,2.339673849465387,1.28223
HK.06806,申万宏源,2023-02-21 00:00:00,1.31223,1.30223,1.32223,1.29223,3.464,0.00048,1196000.0,1915928.0,-0.7620615288478398,1.31223
HK.06806,申万宏源,2023-02-22 00:00:00,1.30223,1.28223,1.31223,1.28223,3.42,0.00047,1170400.0,1854320.0,-1.5358270044462206,1.30223
HK.06806,申万宏源,2023-02-23 00:00:00,1.29223,1.28223,1.31223,1.28223,3.42,0.00066,1652000.0,2618672.0,0.0,1.28223
HK.06806,申万宏源,2023-02-24 00:00:00,1.29223,1.28223,1.29223,1.26223,3.42,0.00075,1883200.0,2945272.0,0.0,1.28223
HK.06806,申万宏源,2023-02-27 00:00:00,1.25223,1.27223,1.27223,1.25223,3.398,0.00076,1899200.0,2946760.0,-0.7798912831551289,1.28223
HK.06806,申万宏源,2023-02-28 00:00:00,1.26223,1.26223,1.27223,1.26223,3.376,0.00056,1393600.0,2162152.0,-0.7860213955023864,1.27223
HK.06806,申万宏源,2023-03-01 00:00:00,1.26223,1.28223,1.30223,1.26223,3.42,0.00154,3866400.0,6100928.0,1.5844972786259255,1.26223
HK.06806,申万宏源,2023-03-02 00:00:00,1.30223,1.30223,1.30223,1.28223,3.464,0.00048,1205600.0,1905320.0,1.5597825663102578,1.28223
HK.06806,申万宏源,2023-03-03 00:00:00,1.29223,1.31223,1.31223,1.27223,3.485,0.00217,5436800.0,8584816.0,0.7679135022231103,1.30223
HK.06806,申万宏源,2023-03-06 00:00:00,1.31223,1.30223,1.32223,1.30223,3.464,0.00061,1528000.0,2440544.0,-0.7620615288478398,1.31223
HK.06806,申万宏源,2023-03-07 00:00:00,1.31223,1.30223,1.33223,1.29223,3.464,0.0017,4256000.0,6817176.0,0.0,1.30223
HK.06806,申万宏源,2023-03-08 00:00:00,1.29223,1.29223,1.29223,1.28223,3.442,0.00071,1784800.0,2809056.0,-0.7679135022231103,1.30223
HK.06806,申万宏源,2023-03-09 00:00:00,1.30223,1.27223,1.30223,1.27223,3.398,0.0003,740000.0,1159560.0,-1.5477120945961647,1.29223
HK.06806,申万宏源,2023-03-10 00:00:00,1.27223,1.23223,1.27223,1.22223,3.311,0.00196,4918400.0,7500528.0,-3.1440855820095455,1.27223
HK.06806,申万宏源,2023-03-13 00:00:00,1.24223,1.24223,1.27223,1.22223,3.333,0.00225,5632800.0,8645776.0,0.8115368072518937,1.23223
HK.06806,申万宏源,2023-03-14 00:00:00,1.24223,1.21223,1.25223,1.21223,3.267,0.00072,1801600.0,2731104.0,-2.4150117128068094,1.24223
HK.06806,申万宏源,2023-03-15 00:00:00,1.23223,1.24223,1.26223,1.22223,3.333,0.00057,1436000.0,2198848.0,2.4747778886844927,1.21223
HK.06806,申万宏源,2023-03-16 00:00:00,1.23223,1.22223,1.24223,1.22223,3.289,0.00049,1231200.0,1875680.0,-1.6100078085378728,1.24223
HK.06806,申万宏源,2023-03-17 00:00:00,1.22223,1.22223,1.26223,1.22223,3.289,0.00189,4723200.0,7205488.0,0.0,1.22223
HK.06806,申万宏源,2023-03-20 00:00:00,1.24223,1.22223,1.25223,1.21223,3.289,0.00091,2269600.0,3454664.0,0.0,1.22223
HK.06806,申万宏源,2023-03-21 00:00:00,1.23223,1.22223,1.24223,1.22223,3.289,0.00026,652800.0,991488.0,0.0,1.22223
HK.06806,申万宏源,2023-03-22 00:00:00,1.23223,1.25223,1.25223,1.23223,3.355,0.00042,1060800.0,1625112.0,2.4545298348101445,1.22223
HK.06806,申万宏源,2023-03-23 00:00:00,1.25223,1.25223,1.26223,1.24223,3.355,0.00055,1389200.0,2138204.0,0.0,1.25223
HK.06806,申万宏源,2023-03-24 00:00:00,1.25223,1.25223,1.26223,1.24223,3.355,0.00171,4280000.0,6581816.0,0.0,1.25223
HK.06806,申万宏源,2023-03-27 00:00:00,1.24223,1.23223,1.25223,1.22223,3.311,0.00087,2180000.0,3327360.0,-1.5971506831812063,1.25223
HK.06806,申万宏源,2023-03-28 00:00:00,1.24223,1.24223,1.24223,1.22223,3.333,0.0008,2008000.0,3065048.0,0.8115368072518937,1.23223
HK.06806,申万宏源,2023-03-29 00:00:00,1.25223,1.24223,1.25223,1.22223,3.333,0.00055,1386400.0,2115800.0,0.0,1.24223
HK.06806,申万宏源,2023-03-30 00:00:00,1.24223,1.22223,1.24223,1.21223,3.289,0.00147,3686400.0,5543936.0,-1.6100078085378728,1.24223
HK.06806,申万宏源,2023-03-31 00:00:00,1.21223,1.20223,1.23223,1.18223,3.246,0.00318,7966400.0,11866568.0,-1.636353223206763,1.22223
HK.06806,申万宏源,2023-04-03 00:00:00,1.19223,1.21223,1.21223,1.18223,12.0,0.00401,10035200.0,14889656.0,0.8317875947198131,1.20223
HK.06806,申万宏源,2023-04-04 00:00:00,1.20223,1.20223,1.21223,1.19223,11.92,0.00087,2170400.0,3236200.0,-0.824925962894831,1.21223
HK.06806,申万宏源,2023-04-06 00:00:00,1.21223,1.18223,1.21223,1.17223,11.76,0.00083,2078300.0,3060331.0,-1.6635751894396262,1.20223
HK.06806,申万宏源,2023-04-11 00:00:00,1.19223,1.22223,1.23223,1.19223,12.08,0.00311,7787200.0,11690432.0,3.3834363871666295,1.18223
HK.06806,申万宏源,2023-04-12 00:00:00,1.22223,1.21223,1.23223,1.20223,12.0,0.00233,5841600.0,8795032.0,-0.8181766116033815,1.22223
HK.06806,申万宏源,2023-04-13 00:00:00,1.21223,1.21223,1.21223,1.19223,12.0,0.0014,3500800.0,5216912.0,0.0,1.21223
HK.06806,申万宏源,2023-04-14 00:00:00,1.21223,1.20223,1.22223,1.19223,11.92,0.00132,3300000.0,4913688.0,-0.824925962894831,1.21223
HK.06806,申万宏源,2023-04-17 00:00:00,1.24223,1.32223,1.32223,1.23223,12.88,0.0126,31540800.0,49719536.0,9.981451136637757,1.20223
HK.06806,申万宏源,2023-04-18 00:00:00,1.31223,1.32223,1.33223,1.30223,12.88,0.00406,10160800.0,16390037.0,0.0,1.32223
HK.06806,申万宏源,2023-04-19 00:00:00,1.32223,1.29223,1.32223,1.28223,12.64,0.00259,6482400.0,10350176.0,-2.268894216588644,1.32223
HK.06806,申万宏源,2023-04-20 00:00:00,1.30223,1.29223,1.31223,1.29223,12.64,0.00141,3525600.0,5598088.0,0.0,1.29223
HK.06806,申万宏源,2023-04-21 00:00:00,1.29223,1.25223,1.31223,1.24223,12.32,0.00294,7356000.0,11460520.0,-3.0954241891923293,1.29223
HK.06806,申万宏源,2023-04-24 00:00:00,1.26223,1.25223,1.27223,1.24223,12.32,0.00087,2167200.0,3338520.0,0.0,1.25223
HK.06806,申万宏源,2023-04-25 00:00:00,1.25223,1.24223,1.26223,1.23223,12.24,0.00126,3153600.0,4813720.0,-0.7985753415906032,1.25223
HK.06806,申万宏源,2023-04-26 00:00:00,1.24223,1.25223,1.26223,1.23223,12.32,0.00125,3140800.0,4827256.0,0.8050039042689364,1.24223
HK.06806,申万宏源,2023-04-27 00:00:00,1.25223,1.27223,1.27223,1.24223,12.48,0.00068,1693600.0,2623656.0,1.5971506831812063,1.25223
HK.06806,申万宏源,2023-04-28 00:00:00,1.28223,1.29223,1.32223,1.28223,12.64,0.00366,9173600.0,14601872.0,1.5720427910047727,1.27223
HK.06806,申万宏源,2023-05-02 00:00:00,1.31223,1.35223,1.35223,1.31223,13.12,0.00055,1388800.0,2244168.0,4.643136283788494,1.29223
HK.06806,申万宏源,2023-05-03 00:00:00,1.34223,1.31223,1.34223,1.31223,12.8,0.00026,644800.0,1042496.0,-2.958076658556609,1.35223
HK.06806,申万宏源,2023-05-04 00:00:00,1.32223,1.37223,1.37223,1.31223,13.28,0.0067,16788800.0,27534248.0,4.572369173087039,1.31223
HK.06806,申万宏源,2023-05-05 00:00:00,1.37223,1.41223,1.44223,1.37223,13.6,0.00866,21685600.0,36858920.0,2.914963235026201,1.37223
HK.06806,申万宏源,2023-05-08 00:00:00,1.42223,1.46223,1.47223,1.41223,14.0,0.00629,15747600.0,27320264.0,3.540499776948501,1.41223
HK.06806,申万宏源,2023-05-09 00:00:00,1.46223,1.50223,1.58223,1.46223,14.32,0.01859,46544000.0,84122864.0,2.7355477592444446,1.46223
HK.06806,申万宏源,2023-05-10 00:00:00,1.50223,1.46223,1.52223,1.45223,14.0,0.0072,18040000.0,31818088.0,-2.662708107280512,1.50223
HK.06806,申万宏源,2023-05-11 00:00:00,1.47223,1.47223,1.50223,1.45223,14.08,0.00334,8352000.0,14681544.0,0.6838869398111111,1.46223
HK.06806,申万宏源,2023-05-12 00:00:00,1.47223,1.40223,1.48223,1.40223,13.52,0.00356,8924000.0,15347600.0,-4.754691862005247,1.47223
HK.06806,申万宏源,2023-05-15 00:00:00,1.40223,1.42223,1.44223,1.37223,13.68,0.00512,12809600.0,21584104.0,1.4262995371658014,1.40223
HK.06806,申万宏源,2023-05-16 00:00:00,1.43223,1.44223,1.47223,1.41223,13.84,0.00222,5564000.0,9645933.0,1.4062423096123549,1.42223
HK.06806,申万宏源,2023-05-17 00:00:00,1.42223,1.42223,1.44223,1.40223,13.68,0.00194,4850400.0,8288976.0,-1.386741365801557,1.44223
HK.06806,申万宏源,2023-05-18 00:00:00,1.43223,1.44223,1.46223,1.42223,13.84,0.00199,4985600.0,8613048.0,1.4062423096123549,1.42223
HK.06806,申万宏源,2023-05-19 00:00:00,1.43223,1.41223,1.43223,1.40223,13.6,0.00253,6327200.0,10773792.0,-2.0801120487023437,1.44223
HK.06806,申万宏源,2023-05-22 00:00:00,1.41223,1.44223,1.45223,1.40223,13.84,0.00272,6806400.0,11704536.0,2.1242998661690944,1.41223
HK.06806,申万宏源,2023-05-23 00:00:00,1.42223,1.40223,1.43223,1.38223,13.52,0.00268,6714400.0,11380040.0,-2.7734827316031296,1.44223
HK.06806,申万宏源,2023-05-24 00:00:00,1.39223,1.36223,1.39223,1.34223,13.2,0.00294,7368000.0,12174488.0,-2.8525990743316028,1.40223
HK.06806,申万宏源,2023-05-25 00:00:00,1.35223,1.35223,1.37223,1.31223,13.12,0.00361,9048000.0,14643920.0,-0.734090425258584,1.36223
HK.06806,申万宏源,2023-05-29 00:00:00,1.35223,1.37223,1.37223,1.33223,13.28,0.00246,6152000.0,10102152.0,1.4790383292783045,1.35223
HK.06806,申万宏源,2023-05-30 00:00:00,1.37223,1.34223,1.37223,1.33223,13.04,0.00075,1883200.0,3084944.0,-2.1862224262696506,1.37223
HK.06806,申万宏源,2023-05-31 00:00:00,1.34223,1.32223,1.34223,1.29223,12.88,0.00169,4232000.0,6741144.0,-1.4900575907258828,1.34223
HK.06806,申万宏源,2023-06-01 00:00:00,1.31223,1.31223,1.33223,1.29223,12.8,0.00126,3159200.0,5057360.0,-0.7562980721962147,1.32223
HK.06806,申万宏源,2023-06-02 00:00:00,1.31223,1.32223,1.34223,1.31223,12.88,0.00221,5540800.0,8914192.0,0.7620615288478398,1.31223
HK.06806,申万宏源,2023-06-05 00:00:00,1.32223,1.31223,1.32223,1.29223,12.8,0.00209,5228800.0,8328464.0,-0.7562980721962147,1.32223
HK.06806,申万宏源,2023-06-06 00:00:00,1.29223,1.28223,1.31223,1.27223,12.56,0.00182,4556800.0,7207060.0,-2.2861845865435195,1.31223
HK.06806,申万宏源,2023-06-07 00:00:00,1.29223,1.29223,1.30223,1.27223,12.64,0.00177,4436000.0,6994888.0,0.7798912831551289,1.28223
HK.06806,申万宏源,2023-06-08 00:00:00,1.28223,1.29223,1.31223,1.27223,12.64,0.00107,2668700.0,4223082.0,0.0,1.29223
HK.06806,申万宏源,2023-06-09 00:00:00,1.30223,1.30223,1.31223,1.28223,12.72,0.00158,3955200.0,6270408.0,0.7738560472980823,1.29223
HK.06806,申万宏源,2023-06-12 00:00:00,1.28223,1.29223,1.29223,1.26223,12.64,0.00141,3534400.0,5548744.0,-0.7679135022231103,1.30223
HK.06806,申万宏源,2023-06-13 00:00:00,1.27223,1.28223,1.29223,1.27223,12.56,0.00062,1544000.0,2415672.0,-0.7738560472980823,1.29223
HK.06806,申万宏源,2023-06-14 00:00:00,1.29223,1.29223,1.30223,1.27223,12.64,0.00074,1844800.0,2911480.0,0.7798912831551289,1.28223
HK.06806,申万宏源,2023-06-15 00:00:00,1.28223,1.31223,1.31223,1.27223,12.8,0.00363,9077600.0,14409912.0,1.5477120945961647,1.29223
HK.06806,申万宏源,2023-06-16 00:00:00,1.31223,1.33223,1.33223,1.30223,12.96,0.00255,6376000.0,10265328.0,1.5241230576956797,1.31223
HK.06806,申万宏源,2023-06-19 00:00:00,1.33223,1.31223,1.33223,1.30223,12.8,0.00105,2640000.0,4238112.0,-1.501242277985034,1.33223
HK.06806,申万宏源,2023-06-20 00:00:00,1.32223,1.30223,1.32223,1.28223,12.72,0.00252,6303200.0,10069352.0,-0.7620615288478398,1.31223
HK.06806,申万宏源,2023-06-21 00:00:00,1.28223,1.26223,1.28223,1.26223,12.4,0.00124,3112000.0,4859888.0,-3.071654008892441,1.30223
HK.06806,申万宏源,2023-06-23 00:00:00,1.26223,1.23223,1.26223,1.21223,12.16,0.00049,1220800.0,1848576.0,-2.376745917938888,1.26223
HK.06806,申万宏源,2023-06-26 00:00:00,1.23511,1.24511,1.26511,1.23511,12.0,0.00156,3901600.0,5861720.0,1.0452594077404385,1.23223
HK.06806,申万宏源,2023-06-27 00:00:00,1.24511,1.25511,1.26511,1.24511,12.08,0.00106,2652800.0,4020208.0,0.8031418910778975,1.24511
HK.06806,申万宏源,2023-06-28 00:00:00,1.25511,1.25511,1.26511,1.23511,12.08,0.00081,2023200.0,3035184.0,0.0,1.25511
HK.06806,申万宏源,2023-06-29 00:00:00,1.24511,1.23511,1.25511,1.23511,11.92,0.00035,886400.0,1326992.0,-1.593485829927259,1.25511
HK.06806,申万宏源,2023-06-30 00:00:00,1.23511,1.24511,1.26511,1.23511,12.0,0.00058,1452000.0,2192128.0,0.8096444851065905,1.23511
HK.06806,申万宏源,2023-07-03 00:00:00,1.25511,1.26511,1.27511,1.25511,12.16,0.00142,3552800.0,5407568.0,1.606283782155795,1.24511
HK.06806,申万宏源,2023-07-04 00:00:00,1.26511,1.26511,1.28511,1.26511,12.16,0.00137,3437600.0,5240120.0,0.0,1.26511
HK.06806,申万宏源,2023-07-05 00:00:00,1.26511,1.23511,1.26511,1.23511,11.92,0.00141,3530400.0,5307400.0,-2.371335298906817,1.26511
HK.06806,申万宏源,2023-07-06 00:00:00,1.24511,1.22511,1.25511,1.20511,11.84,0.00148,3710700.0,5495641.0,-0.8096444851065905,1.23511
HK.06806,申万宏源,2023-07-07 00:00:00,1.23511,1.25511,1.25511,1.20511,12.08,0.00138,3466400.0,5172792.0,2.4487597032103263,1.22511
HK.06806,申万宏源,2023-07-10 00:00:00,1.24511,1.24511,1.25511,1.23511,12.0,0.00092,2299200.0,3456520.0,-0.7967429149636295,1.25511
HK.06806,申万宏源,2023-07-11 00:00:00,1.24511,1.26511,1.26511,1.23511,12.16,0.00066,1659200.0,2504096.0,1.606283782155795,1.24511
HK.06806,申万宏源,2023-07-12 00:00:00,1.25511,1.24511,1.26511,1.24511,12.0,0.00068,1706400.0,2570904.0,-1.580890199271211,1.26511
HK.06806,申万宏源,2023-07-13 00:00:00,1.25511,1.27511,1.27511,1.25511,12.24,0.00123,3090400.0,4692476.0,2.4094256732336925,1.24511
HK.06806,申万宏源,2023-07-14 00:00:00,1.27511,1.27511,1.28511,1.25511,12.24,0.00163,4082400.0,6246224.0,0.0,1.27511
HK.06806,申万宏源,2023-07-18 00:00:00,1.25511,1.28511,1.28511,1.25511,12.32,0.00149,3728800.0,5703012.0,0.7842460650453693,1.27511
HK.06806,申万宏源,2023-07-19 00:00:00,1.27511,1.27511,1.27511,1.25511,12.24,0.00139,3476800.0,5309680.0,-0.7781435052252343,1.28511
HK.06806,申万宏源,2023-07-20 00:00:00,1.27511,1.27511,1.28511,1.25511,12.24,0.0009,2252000.0,3447120.0,0.0,1.27511
HK.06806,申万宏源,2023-07-21 00:00:00,1.25511,1.28511,1.28511,1.25511,12.32,0.00033,816000.0,1248064.0,0.7842460650453693,1.27511
HK.06806,申万宏源,2023-07-24 00:00:00,1.28511,1.27511,1.28511,1.25511,12.24,0.00039,984800.0,1506112.0,-0.7781435052252343,1.28511
HK.06806,申万宏源,2023-07-25 00:00:00,1.30511,1.34511,1.35511,1.30511,12.8,0.0039,9760000.0,15504832.0,5.489722455317585,1.27511
HK.06806,申万宏源,2023-07-26 00:00:00,1.35511,1.33511,1.35511,1.32511,12.72,0.00067,1666400.0,2661144.0,-0.7434336225290131,1.34511
HK.06806,申万宏源,2023-07-27 00:00:00,1.33511,1.34511,1.34511,1.32511,12.8,0.00142,3554400.0,5650856.0,0.7490019548951029,1.33511
HK.06806,申万宏源,2023-07-28 00:00:00,1.33511,1.43511,1.44511,1.32511,13.52,0.00744,18637600.0,31045384.0,6.690902602761119,1.34511
HK.06806,申万宏源,2023-07-31 00:00:00,1.45511,1.40511,1.48511,1.39511,13.28,0.00736,18433600.0,31151568.0,-2.090432092313483,1.43511
HK.06806,申万宏源,2023-08-01 00:00:00,1.41511,1.39511,1.43511,1.37511,13.2,0.00243,6087200.0,10084760.0,-0.7116880528926567,1.40511
HK.06806,申万宏源,2023-08-02 00:00:00,1.39511,1.37511,1.42511,1.36511,13.04,0.00326,8168000.0,13397935.0,-1.4335787142232523,1.39511
HK.06806,申万宏源,2023-08-03 00:00:00,1.37511,1.39511,1.41511,1.36511,13.2,0.00722,18080800.0,29741032.0,1.4544291002174383,1.37511
HK.06806,申万宏源,2023-08-04 00:00:00,1.44511,1.43511,1.48511,1.41511,13.52,0.01296,32460800.0,55302008.0,2.8671574284465047,1.39511
HK.06806,申万宏源,2023-08-07 00:00:00,1.42511,1.41511,1.43511,1.39511,13.36,0.00239,5984000.0,9962295.0,-1.3936213948756553,1.43511
HK.06806,申万宏源,2023-08-08 00:00:00,1.41511,1.40511,1.43511,1.38511,13.28,0.00339,8500000.0,14091391.0,-0.7066588463087681,1.41511
HK.06806,申万宏源,2023-08-09 00:00:00,1.40511,1.37511,1.40511,1.34511,13.04,0.00323,8081600.0,13142935.0,-2.13506415867797,1.40511
HK.06806,申万宏源,2023-08-10 00:00:00,1.37511,1.40511,1.40511,1.36511,13.28,0.00326,8159200.0,13356255.0,2.1816436503261576,1.37511
HK.06806,申万宏源,2023-08-11 00:00:00,1.41511,1.35511,1.41511,1.32511,12.88,0.00496,12420800.0,19990080.0,-3.5584402644632833,1.40511
HK.06806,申万宏源,2023-08-14 00:00:00,1.32511,1.33511,1.33511,1.30511,12.72,0.00147,3672800.0,5785639.0,-1.4758949457977595,1.35511
HK.06806,申万宏源,2023-08-15 00:00:00,1.34511,1.36511,1.37511,1.32511,12.96,0.0044,11020800.0,17787551.0,2.247005864685309,1.33511
HK.06806,申万宏源,2023-08-16 00:00:00,1.35511,1.34511,1.38511,1.34511,12.8,0.00141,3531200.0,5695951.0,-1.465083399872539,1.36511
HK.06806,申万宏源,2023-08-17 00:00:00,1.34511,1.34511,1.34511,1.31511,12.8,0.00176,4410400.0,7007604.0,0.0,1.34511
HK.06806,申万宏源,2023-08-18 00:00:00,1.34511,1.30511,1.35511,1.30511,12.48,0.00186,4654400.0,7355992.0,-2.9737344901160525,1.34511
HK.06806,申万宏源,2023-08-21 00:00:00,1.31511,1.25511,1.31511,1.24511,12.08,0.00191,4788000.0,7299768.0,-3.8310946969987243,1.30511
HK.06806,申万宏源,2023-08-22 00:00:00,1.26511,1.27511,1.28511,1.23511,12.24,0.00179,4485600.0,6801736.0,1.593485829927259,1.25511
HK.06806,申万宏源,2023-08-23 00:00:00,1.28511,1.24511,1.28511,1.24511,12.0,0.00136,3398400.0,5133600.0,-2.352738195136108,1.27511
HK.06806,申万宏源,2023-08-24 00:00:00,1.25511,1.25511,1.27511,1.24511,12.08,0.00187,4676000.0,7077504.0,0.8031418910778975,1.24511
HK.06806,申万宏源,2023-08-25 00:00:00,1.24511,1.28511,1.28511,1.24511,12.32,0.00127,3178400.0,4836152.0,2.3902287448908885,1.25511
HK.06806,申万宏源,2023-08-28 00:00:00,1.42511,1.32511,1.44511,1.26511,12.64,0.01486,37198400.0,59176520.0,3.1125740209009374,1.28511
HK.06806,申万宏源,2023-08-29 00:00:00,1.30511,1.34511,1.34511,1.29511,12.8,0.00478,11980800.0,18942328.0,1.5093086611677533,1.32511
HK.06806,申万宏源,2023-08-30 00:00:00,1.34511,1.31511,1.35511,1.30511,12.56,0.00185,4634400.0,7306100.0,-2.2303008675870393,1.34511
HK.06806,申万宏源,2023-08-31 00:00:00,1.32511,1.28511,1.32511,1.27511,12.32,0.00162,4061600.0,6296688.0,-2.281178000319367,1.31511
HK.06806,申万宏源,2023-09-04 00:00:00,1.29511,1.30511,1.32511,1.29511,12.48,0.00173,4335200.0,6777536.0,1.5562870104504687,1.28511
HK.06806,申万宏源,2023-09-05 00:00:00,1.30511,1.28511,1.31511,1.27511,12.32,0.00122,3044800.0,4702104.0,-1.5324378787994895,1.30511
HK.06806,申万宏源,2023-09-06 00:00:00,1.27511,1.27511,1.28511,1.26511,12.24,0.00143,3589435.0,5479701.0,-0.7781435052252343,1.28511
HK.06806,申万宏源,2023-09-07 00:00:00,1.27511,1.25511,1.27511,1.25511,12.08,0.00136,3406400.0,5158728.0,-1.5684921300907386,1.27511
HK.06806,申万宏源,2023-09-11 00:00:00,1.25511,1.28511,1.28511,1.24511,12.32,0.00162,4048800.0,6160584.0,2.3902287448908885,1.25511
HK.06806,申万宏源,2023-09-12 00:00:00,1.28511,1.27511,1.28511,1.25511,12.24,0.00097,2439576.0,3712195.0,-0.7781435052252343,1.28511
HK.06806,申万宏源,2023-09-13 00:00:00,1.27511,1.27511,1.28511,1.25511,12.24,0.00133,3328000.0,5056216.0,0.0,1.27511
HK.06806,申万宏源,2023-09-14 00:00:00,1.26511,1.27511,1.27511,1.25511,12.24,0.00061,1528800.0,2334328.0,0.0,1.27511
HK.06806,申万宏源,2023-09-15 00:00:00,1.27511,1.27511,1.28511,1.25511,12.24,0.00149,3723200.0,5689472.0,0.0,1.27511
HK.06806,申万宏源,2023-09-18 00:00:00,1.28511,1.25511,1.28511,1.25511,12.08,0.00064,1598400.0,2427344.0,-1.5684921300907386,1.27511
HK.06806,申万宏源,2023-09-19 00:00:00,1.25511,1.26511,1.27511,1.25511,12.16,0.00064,1607200.0,2439248.0,0.7967429149636295,1.25511
HK.06806,申万宏源,2023-09-20 00:00:00,1.25511,1.26511,1.27511,1.25511,12.16,0.00091,2269600.0,3453024.0,0.0,1.26511
HK.06806,申万宏源,2023-09-21 00:00:00,1.25511,1.23511,1.26511,1.22511,11.92,0.00106,2661600.0,3994980.0,-2.371335298906817,1.26511
HK.06806,申万宏源,2023-09-22 00:00:00,1.22511,1.26511,1.27511,1.22511,12.16,0.00094,2365600.0,3576680.0,2.4289334553197715,1.23511
HK.06806,申万宏源,2023-09-25 00:00:00,1.26511,1.24511,1.27511,1.24511,12.0,0.00068,1701600.0,2569744.0,-1.580890199271211,1.26511
HK.06806,申万宏源,2023-09-26 00:00:00,1.24511,1.24511,1.25511,1.23511,12.0,0.00111,2788800.0,4177096.0,0.0,1.24511
HK.06806,申万宏源,2023-09-27 00:00:00,1.24511,1.24511,1.25511,1.22511,12.0,0.00093,2340800.0,3500968.0,0.0,1.24511
HK.06806,申万宏源,2023-09-28 00:00:00,1.23511,1.22511,1.24511,1.22511,11.84,0.00083,2088000.0,3101272.0,-1.606283782155795,1.24511
HK.06806,申万宏源,2023-09-29 00:00:00,1.22511,1.22511,1.23511,1.22511,11.84,1e-05,19200.0,28456.0,0.0,1.22511
HK.06806,申万宏源,2023-10-03 00:00:00,1.21511,1.16511,1.22511,1.15511,11.36,0.00037,928800.0,1332944.0,-4.897519406420635,1.22511
HK.06806,申万宏源,2023-10-04 00:00:00,1.14511,1.12511,1.16511,1.11511,11.04,0.00038,956000.0,1323696.0,-3.4331522345529635,1.16511
HK.06806,申万宏源,2023-10-05 00:00:00,1.12511,1.12511,1.13511,1.11511,11.04,0.00017,423200.0,582504.0,0.0,1.12511
HK.06806,申万宏源,2023-10-06 00:00:00,1.13511,1.14511,1.14511,1.13511,11.2,0.00016,411200.0,574104.0,1.7776039676120574,1.12511
HK.06806,申万宏源,2023-10-09 00:00:00,1.18511,1.16511,1.18511,1.16511,11.36,0.00196,4920000.0,7003232.0,1.7465570993179709,1.14511
HK.06806,申万宏源,2023-10-10 00:00:00,1.16511,1.15511,1.19511,1.15511,11.28,0.00144,3615200.0,5170472.0,-0.8582880586382409,1.16511
HK.06806,申万宏源,2023-10-11 00:00:00,1.17511,1.18511,1.19511,1.16511,11.52,0.0019,4764800.0,6875184.0,2.5971552492836203,1.15511
HK.06806,申万宏源,2023-10-12 00:00:00,1.20511,1.20511,1.21511,1.19511,11.68,0.00109,2726400.0,3990640.0,1.6876070575726974,1.18511
HK.06806,申万宏源,2023-10-13 00:00:00,1.19511,1.18511,1.19511,1.17511,11.52,0.00048,1198400.0,1728736.0,-1.6595995386313116,1.20511
HK.06806,申万宏源,2023-10-16 00:00:00,1.19511,1.15511,1.19511,1.14511,11.28,0.00121,3032800.0,4307032.0,-2.531410586359074,1.18511
HK.06806,申万宏源,2023-10-17 00:00:00,1.16511,1.17511,1.19511,1.15511,11.44,0.00165,4133600.0,5904408.0,1.7314368328557466,1.15511
HK.06806,申万宏源,2023-10-18 00:00:00,1.17511,1.19511,1.19511,1.15511,11.6,0.0072,18018782.0,26041259.0,1.7019683263694285,1.17511
HK.06806,申万宏源,2023-10-19 00:00:00,1.17511,1.16511,1.18511,1.15511,11.36,0.00144,3594400.0,5106644.0,-2.5102291839244764,1.19511
HK.06806,申万宏源,2023-10-20 00:00:00,1.16511,1.17511,1.18511,1.15511,11.44,0.00105,2620800.0,3732328.0,0.8582880586382409,1.16511
HK.06806,申万宏源,2023-10-24 00:00:00,1.15511,1.18511,1.20511,1.14511,11.52,0.0028,7000000.0,10029237.0,0.8509841631847238,1.17511
HK.06806,申万宏源,2023-10-25 00:00:00,1.20511,1.18511,1.21511,1.17511,11.52,0.00117,2919200.0,4225435.0,0.0,1.18511
HK.06806,申万宏源,2023-10-26 00:00:00,1.18511,1.18511,1.19511,1.16511,11.52,0.00038,939200.0,1344217.0,0.0,1.18511
HK.06806,申万宏源,2023-10-27 00:00:00,1.17511,1.20511,1.20511,1.17511,11.68,0.00075,1878400.0,2717920.0,1.6876070575726974,1.18511
HK.06806,申万宏源,2023-10-30 00:00:00,1.19511,1.19511,1.20511,1.16511,11.6,0.00193,4826400.0,6953304.0,-0.829799769315665,1.20511
HK.06806,申万宏源,2023-10-31 00:00:00,1.19511,1.19511,1.20511,1.17511,11.6,0.00066,1644000.0,2378728.0,0.0,1.19511
HK.06806,申万宏源,2023-11-01 00:00:00,1.20511,1.18511,1.20511,1.17511,11.52,0.00056,1414400.0,2040224.0,-0.8367430613081462,1.19511
HK.06806,申万宏源,2023-11-02 00:00:00,1.19511,1.16511,1.19511,1.16511,11.36,0.00076,1903200.0,2740496.0,-1.687607057572716,1.18511
HK.06806,申万宏源,2023-11-03 00:00:00,1.17511,1.19511,1.20511,1.17511,11.6,0.00076,1895200.0,2744112.0,2.5748641759147035,1.16511
HK.06806,申万宏源,2023-11-06 00:00:00,1.23511,1.24511,1.27511,1.23511,12.0,0.00434,10875200.0,16389376.0,4.183715306540824,1.19511
HK.06806,申万宏源,2023-11-07 00:00:00,1.24511,1.23511,1.25511,1.23511,11.92,0.00176,4404392.0,6619300.0,-0.8031418910778975,1.24511
HK.06806,申万宏源,2023-11-08 00:00:00,1.25511,1.22511,1.25511,1.21511,11.84,0.00141,3540800.0,5254120.0,-0.8096444851065905,1.23511
HK.06806,申万宏源,2023-11-09 00:00:00,1.23511,1.22511,1.24511,1.21511,11.84,0.00096,2415200.0,3579704.0,0.0,1.22511
HK.06806,申万宏源,2023-11-10 00:00:00,1.22511,1.21511,1.22511,1.20511,11.76,0.00098,2453600.0,3611416.0,-0.8162532344034421,1.22511
HK.06806,申万宏源,2023-11-13 00:00:00,1.22511,1.22511,1.22511,1.20511,11.84,0.0013,3254400.0,4782601.0,0.8229707598489033,1.21511
HK.06806,申万宏源,2023-11-14 00:00:00,1.22511,1.25511,1.27511,1.22511,12.08,0.00262,6566400.0,9916544.0,2.4487597032103263,1.22511
HK.06806,申万宏源,2023-11-15 00:00:00,1.26511,1.26511,1.27511,1.25511,12.16,0.00173,4327200.0,6580552.0,0.7967429149636295,1.25511
HK.06806,申万宏源,2023-11-16 00:00:00,1.26511,1.25511,1.27511,1.24511,12.08,0.0007,1760000.0,2654760.0,-0.7904450996356055,1.26511
HK.06806,申万宏源,2023-11-17 00:00:00,1.24511,1.24511,1.25511,1.23511,12.0,0.0004,1003200.0,1502512.0,-0.7967429149636295,1.25511
HK.06806,申万宏源,2023-11-20 00:00:00,1.24511,1.23511,1.25511,1.23511,11.92,0.00081,2037600.0,3043708.0,-0.8031418910778975,1.24511
HK.06806,申万宏源,2023-11-21 00:00:00,1.25511,1.23511,1.26511,1.22511,11.92,0.00105,2621300.0,3940294.0,0.0,1.23511
HK.06806,申万宏源,2023-11-22 00:00:00,1.23511,1.23511,1.24511,1.22511,11.92,0.00022,559200.0,835416.0,0.0,1.23511
HK.06806,申万宏源,2023-11-23 00:00:00,1.23511,1.24511,1.24511,1.21511,12.0,0.0006,1494400.0,2218244.0,0.8096444851065905,1.23511
HK.06806,申万宏源,2023-11-24 00:00:00,1.24511,1.24511,1.25511,1.22511,12.0,0.00064,1608000.0,2401984.0,0.0,1.24511
HK.06806,申万宏源,2023-11-27 00:00:00,1.23511,1.22511,1.23511,1.21511,11.84,0.00059,1472800.0,2174296.0,-1.606283782155795,1.24511
HK.06806,申万宏源,2023-11-28 00:00:00,1.22511,1.20511,1.22511,1.20511,11.68,0.00082,2056000.0,3018704.0,-1.6325064688068842,1.22511
HK.06806,申万宏源,2023-11-29 00:00:00,1.21511,1.18511,1.21511,1.15511,11.52,0.0023,5769600.0,8287520.0,-1.6595995386313116,1.20511
HK.06806,申万宏源,2023-11-30 00:00:00,1.17511,1.19511,1.19511,1.17511,11.6,0.00032,808000.0,1167304.0,0.8438035287863392,1.18511
HK.06806,申万宏源,2023-12-01 00:00:00,1.18511,1.20511,1.20511,1.18511,11.68,0.00069,1724800.0,2503080.0,0.836743061308165,1.19511
HK.06806,申万宏源,2023-12-04 00:00:00,1.19511,1.17511,1.20511,1.17511,11.44,0.00057,1426400.0,2063232.0,-2.4893993079469765,1.20511
HK.06806,申万宏源,2023-12-05 00:00:00,1.17511,1.16511,1.17511,1.12511,11.36,0.00229,5744000.0,8068496.0,-0.8509841631847238,1.17511
HK.06806,申万宏源,2023-12-06 00:00:00,1.16511,1.14511,1.16511,1.14511,11.2,0.00113,2827358.0,3975146.0,-1.7165761172764817,1.16511
HK.06806,申万宏源,2023-12-07 00:00:00,1.13511,1.15511,1.15511,1.13511,11.28,0.0005,1262001.0,1771885.0,0.8732785496589854,1.14511
HK.06806,申万宏源,2023-12-08 00:00:00,1.15511,1.16511,1.16511,1.13511,11.36,0.0012,2993600.0,4207544.0,0.8657184164278733,1.15511
HK.06806,申万宏源,2023-12-11 00:00:00,1.15511,1.17511,1.17511,1.13511,11.44,0.00137,3435200.0,4825502.0,0.8582880586382409,1.16511
HK.06806,申万宏源,2023-12-12 00:00:00,1.15511,1.16511,1.16511,1.14511,11.36,0.0003,763200.0,1077656.0,-0.8509841631847238,1.17511
HK.06806,申万宏源,2023-12-13 00:00:00,1.16511,1.14511,1.16511,1.13511,11.2,0.0014,3501600.0,4915792.0,-1.7165761172764817,1.16511
HK.06806,申万宏源,2023-12-14 00:00:00,1.15511,1.13511,1.16511,1.13511,11.12,0.00058,1441600.0,2018904.0,-0.8732785496589854,1.14511
HK.06806,申万宏源,2023-12-15 00:00:00,1.14511,1.15511,1.17511,1.14511,11.28,0.00118,2960800.0,4194374.0,1.7619437763740975,1.13511
HK.06806,申万宏源,2023-12-18 00:00:00,1.15511,1.13511,1.16511,1.13511,11.12,0.00063,1588800.0,2239344.0,-1.7314368328557466,1.15511
HK.06806,申万宏源,2023-12-19 00:00:00,1.14511,1.11511,1.14511,1.11511,10.96,0.00107,2674400.0,3691608.0,-1.7619437763740975,1.13511
HK.06806,申万宏源,2023-12-20 00:00:00,1.13511,1.10511,1.14511,1.10511,10.88,0.0015,3758400.0,5175704.0,-0.8967725157159391,1.11511
HK.06806,申万宏源,2023-12-21 00:00:00,1.11511,1.11511,1.13511,1.10511,10.96,0.00077,1925600.0,2644168.0,0.9048872962872483,1.10511
HK.06806,申万宏源,2023-12-22 00:00:00,1.12511,1.10511,1.13511,1.10511,10.88,0.00075,1884800.0,2592276.0,-0.8967725157159391,1.11511
HK.06806,申万宏源,2023-12-27 00:00:00,1.11511,1.12511,1.12511,1.09511,11.04,0.0013,3252800.0,4443672.0,1.8097745925744966,1.10511
HK.06806,申万宏源,2023-12-28 00:00:00,1.12511,1.16511,1.16511,1.12511,11.36,0.00126,3145100.0,4431117.0,3.555207935224115,1.12511
HK.06806,申万宏源,2023-12-29 00:00:00,1.16511,1.16511,1.17511,1.15511,11.36,0.00078,1942400.0,2757913.0,0.0,1.16511
HK.06806,申万宏源,2024-01-02 00:00:00,1.17511,1.15511,1.17511,1.14511,11.28,0.00047,1176800.0,1663024.0,-0.8582880586382409,1.16511
HK.06806,申万宏源,2024-01-03 00:00:00,1.14511,1.15511,1.16511,1.14511,11.28,0.00074,1845600.0,2600007.0,0.0,1.15511
HK.06806,申万宏源,2024-01-04 00:00:00,1.15511,1.14511,1.15511,1.14511,11.2,0.0006,1510400.0,2122032.0,-0.8657184164278733,1.15511
HK.06806,申万宏源,2024-01-05 00:00:00,1.14511,1.14511,1.17511,1.13511,11.2,0.00119,2982400.0,4206184.0,0.0,1.14511
HK.06806,申万宏源,2024-01-08 00:00:00,1.14511,1.10511,1.14511,1.10511,10.88,0.00113,2841600.0,3900472.0,-3.4931141986359417,1.14511
HK.06806,申万宏源,2024-01-09 00:00:00,1.10511,1.11511,1.11511,1.09511,10.96,0.00082,2055200.0,2800792.0,0.9048872962872483,1.10511
HK.06806,申万宏源,2024-01-10 00:00:00,1.10511,1.08511,1.11511,1.07511,10.72,0.00113,2840000.0,3827024.0,-2.6903175471478176,1.11511
HK.06806,申万宏源,2024-01-11 00:00:00,1.07511,1.08511,1.11511,1.07511,10.72,0.00163,4080000.0,5516504.0,0.0,1.08511
HK.06806,申万宏源,2024-01-12 00:00:00,1.09511,1.10511,1.11511,1.09511,10.88,0.00038,959200.0,1303568.0,1.843131111131592,1.08511
HK.06806,申万宏源,2024-01-15 00:00:00,1.09511,1.11511,1.11511,1.09511,10.96,0.00046,1148000.0,1562048.0,0.9048872962872483,1.10511
HK.06806,申万宏源,2024-01-16 00:00:00,1.10511,1.11511,1.12511,1.09511,10.96,0.00072,1800000.0,2455424.0,0.0,1.11511
HK.06806,申万宏源,2024-01-17 00:00:00,1.10511,1.05511,1.10511,1.05511,10.48,0.00305,7644000.0,10285320.0,-5.380635094295635,1.11511
HK.06806,申万宏源,2024-01-18 00:00:00,1.07511,1.08511,1.08511,1.03511,10.72,0.00158,3968800.0,5213340.0,2.8433054373477673,1.05511
HK.06806,申万宏源,2024-01-19 00:00:00,1.07511,1.06511,1.07511,1.05511,10.56,0.00035,874400.0,1153296.0,-1.843131111131592,1.08511
HK.06806,申万宏源,2024-01-22 00:00:00,1.07511,1.02511,1.07511,1.02511,10.24,0.00196,4918400.0,6382920.0,-3.7554806545802815,1.06511
HK.06806,申万宏源,2024-01-23 00:00:00,1.02511,1.06511,1.08511,1.01511,10.56,0.00102,2547200.0,3333168.0,3.9020202709953113,1.02511
HK.06806,申万宏源,2024-01-24 00:00:00,1.08511,1.12511,1.12511,1.05511,11.04,0.00243,6088800.0,8199408.0,5.633220981870422,1.06511
HK.06806,申万宏源,2024-01-25 00:00:00,1.12511,1.13511,1.14511,1.11511,11.12,0.00208,5217600.0,7246224.0,0.8888019838060287,1.12511
HK.06806,申万宏源,2024-01-26 00:00:00,1.14511,1.12511,1.15511,1.11511,11.04,0.00094,2356000.0,3275288.0,-0.8809718881870487,1.13511
HK.06806,申万宏源,2024-01-29 00:00:00,1.13511,1.12511,1.15511,1.12511,11.04,0.0011,2747200.0,3830800.0,0.0,1.12511
HK.06806,申万宏源,2024-01-30 00:00:00,1.12511,1.10511,1.12511,1.08511,10.88,0.00098,2455200.0,3339880.0,-1.7776039676120574,1.12511
HK.06806,申万宏源,2024-01-31 00:00:00,1.08511,1.09511,1.09511,1.06511,10.8,0.00126,3161600.0,4228376.0,-0.9048872962872483,1.10511
HK.06806,申万宏源,2024-02-01 00:00:00,1.08511,1.07511,1.10511,1.07511,10.64,0.00054,1340800.0,1801160.0,-1.82630055428222,1.09511
HK.06806,申万宏源,2024-02-02 00:00:00,1.09511,1.05511,1.09511,1.04511,10.48,0.0019,4752800.0,6315320.0,-1.860274762582435,1.07511
HK.06806,申万宏源,2024-02-05 00:00:00,1.06511,0.98511,1.06511,0.98511,9.92,0.00883,22115620.0,28039656.0,-6.634379353811447,1.05511
HK.06806,申万宏源,2024-02-06 00:00:00,0.99511,1.05511,1.05511,0.98511,10.48,0.00531,13288800.0,16818912.0,7.105805443046965,0.98511
HK.06806,申万宏源,2024-02-07 00:00:00,1.04511,1.06511,1.07511,1.04511,10.56,0.00231,5775200.0,7593360.0,0.9477684791159223,1.05511
HK.06806,申万宏源,2024-02-08 00:00:00,1.06511,1.07511,1.09511,1.05511,10.64,0.00322,8056800.0,10682648.0,0.9388701636450704,1.06511
HK.06806,申万宏源,2024-02-09 00:00:00,1.05511,1.06511,1.07511,1.05511,10.56,3e-05,67200.0,88304.0,-0.9301373812912175,1.07511
HK.06806,申万宏源,2024-02-14 00:00:00,1.04511,1.02511,1.04511,1.02511,10.24,0.00012,297600.0,384200.0,-3.7554806545802815,1.06511
HK.06806,申万宏源,2024-02-15 00:00:00,1.02511,1.00511,1.02511,0.99511,10.08,0.00023,567200.0,718160.0,-1.9510101354976557,1.02511
HK.06806,申万宏源,2024-02-16 00:00:00,1.01511,1.07511,1.13511,1.01511,10.64,0.00053,1338400.0,1771528.0,6.964411855418816,1.00511
HK.06806,申万宏源,2024-02-19 00:00:00,1.07511,1.07511,1.07511,1.05511,10.64,0.00147,3669600.0,4852072.0,0.0,1.07511
HK.06806,申万宏源,2024-02-20 00:00:00,1.06511,1.11511,1.11511,1.06511,10.96,0.00227,5688000.0,7674200.0,3.72054952516487,1.07511
HK.06806,申万宏源,2024-02-21 00:00:00,1.09511,1.13511,1.16511,1.09511,11.12,0.00478,11963632.0,16618604.0,1.7935450314318782,1.11511
HK.06806,申万宏源,2024-02-22 00:00:00,1.13511,1.15511,1.15511,1.11511,11.28,0.00255,6396000.0,8910216.0,1.7619437763740975,1.13511
HK.06806,申万宏源,2024-02-23 00:00:00,1.14511,1.15511,1.16511,1.14511,11.28,0.00159,3972800.0,5593265.0,0.0,1.15511
HK.06806,申万宏源,2024-02-26 00:00:00,1.15511,1.13511,1.16511,1.13511,11.12,0.00123,3069600.0,4312447.0,-1.7314368328557466,1.15511
HK.06806,申万宏源,2024-02-27 00:00:00,1.13511,1.16511,1.16511,1.12511,11.36,0.00237,5941600.0,8296856.0,2.642915664561146,1.13511
HK.06806,申万宏源,2024-02-28 00:00:00,1.16511,1.13511,1.18511,1.12511,11.12,0.00254,6351200.0,8986280.0,-2.5748641759147226,1.16511
HK.06806,申万宏源,2024-02-29 00:00:00,1.14511,1.15511,1.17511,1.13511,11.28,0.00152,3814400.0,5371864.0,1.7619437763740975,1.13511
HK.06806,申万宏源,2024-03-01 00:00:00,1.15511,1.19511,1.19511,1.14511,11.6,0.00285,7135200.0,10193200.0,3.4628736657114745,1.15511
HK.06806,申万宏源,2024-03-04 00:00:00,1.19511,1.16511,1.19511,1.15511,11.36,0.00094,2349600.0,3334768.0,-2.5102291839244764,1.19511
HK.06806,申万宏源,2024-03-05 00:00:00,1.14511,1.13511,1.17511,1.12511,11.12,0.00252,6317600.0,8867008.0,-2.5748641759147226,1.16511
HK.06806,申万宏源,2024-03-06 00:00:00,1.13511,1.15511,1.16511,1.13511,11.28,0.0013,3266400.0,4584384.0,1.7619437763740975,1.13511
HK.06806,申万宏源,2024-03-07 00:00:00,1.14511,1.15511,1.17511,1.14511,11.28,0.00115,2876800.0,4058615.0,0.0,1.15511
HK.06806,申万宏源,2024-03-08 00:00:00,1.15511,1.16511,1.16511,1.14511,11.36,0.00064,1595200.0,2251320.0,0.8657184164278733,1.15511
HK.06806,申万宏源,2024-03-11 00:00:00,1.15511,1.17511,1.17511,1.15511,11.44,0.00175,4383200.0,6245808.0,0.8582880586382409,1.16511
HK.06806,申万宏源,2024-03-12 00:00:00,1.17511,1.19511,1.19511,1.16511,11.6,0.00139,3484800.0,5022768.0,1.7019683263694285,1.17511
HK.06806,申万宏源,2024-03-13 00:00:00,1.19511,1.18511,1.20511,1.16511,11.52,0.00108,2716000.0,3901648.0,-0.8367430613081462,1.19511
HK.06806,申万宏源,2024-03-14 00:00:00,1.18511,1.16511,1.19511,1.15511,11.36,0.00094,2360000.0,3350648.0,-1.687607057572716,1.18511
HK.06806,申万宏源,2024-03-15 00:00:00,1.15511,1.14511,1.16511,1.13511,11.2,0.00159,3972572.0,5576959.0,-1.7165761172764817,1.16511
HK.06806,申万宏源,2024-03-18 00:00:00,1.16511,1.18511,1.19511,1.15511,11.52,0.00325,8139200.0,11638944.0,3.4931141986359417,1.14511
HK.06806,申万宏源,2024-03-19 00:00:00,1.19511,1.18511,1.19511,1.16511,11.52,0.00115,2876800.0,4128400.0,0.0,1.18511
HK.06806,申万宏源,2024-03-20 00:00:00,1.17511,1.19511,1.19511,1.16511,11.6,0.00162,4046400.0,5825928.0,0.8438035287863392,1.18511
HK.06806,申万宏源,2024-03-21 00:00:00,1.19511,1.18511,1.20511,1.17511,11.52,0.00074,1864000.0,2692128.0,-0.8367430613081462,1.19511
HK.06806,申万宏源,2024-03-22 00:00:00,1.18511,1.18511,1.18511,1.14511,11.52,0.00216,5416800.0,7713952.0,0.0,1.18511
HK.06806,申万宏源,2024-03-25 00:00:00,1.16511,1.14511,1.18511,1.13511,11.2,0.00172,4316000.0,6119208.0,-3.375214115145432,1.18511
HK.06806,申万宏源,2024-03-26 00:00:00,1.15511,1.13511,1.16511,1.13511,11.12,0.00118,2945600.0,4124936.0,-0.8732785496589854,1.14511
HK.06806,申万宏源,2024-03-27 00:00:00,1.14511,1.11511,1.14511,1.10511,10.96,0.00095,2367200.0,3270456.0,-1.7619437763740975,1.13511
HK.06806,申万宏源,2024-03-28 00:00:00,1.11511,1.12511,1.13511,1.11511,11.04,0.00075,1869600.0,2578488.0,0.8967725157159391,1.11511
HK.06806,申万宏源,2024-04-02 00:00:00,1.14511,1.14511,1.17511,1.13511,6.896,0.00108,2692800.0,3792584.0,1.7776039676120574,1.12511
HK.06806,申万宏源,2024-04-03 00:00:00,1.13511,1.15511,1.15511,1.13511,6.945,0.00085,2117600.0,2961008.0,0.8732785496589854,1.14511
HK.06806,申万宏源,2024-04-05 00:00:00,1.15511,1.14511,1.15511,1.12511,6.896,0.00012,288000.0,400200.0,-0.8657184164278733,1.15511
HK.06806,申万宏源,2024-04-08 00:00:00,1.13511,1.14511,1.14511,1.12511,6.896,0.0006,1510400.0,2102296.0,0.0,1.14511
HK.06806,申万宏源,2024-04-09 00:00:00,1.14511,1.13511,1.14511,1.13511,6.847,0.00025,637600.0,889048.0,-0.8732785496589854,1.14511
HK.06806,申万宏源,2024-04-10 00:00:00,1.13511,1.13511,1.15511,1.12511,6.847,0.0014,3513600.0,4885696.0,0.0,1.13511
HK.06806,申万宏源,2024-04-11 00:00:00,1.13511,1.11511,1.13511,1.11511,6.748,0.0006,1493600.0,2064640.0,-1.7619437763740975,1.13511
HK.06806,申万宏源,2024-04-12 00:00:00,1.12511,1.11511,1.12511,1.09511,6.748,0.00103,2581600.0,3516968.0,0.0,1.11511
HK.06806,申万宏源,2024-04-15 00:00:00,1.10511,1.13511,1.13511,1.09511,6.847,0.00137,3435200.0,4737352.0,1.7935450314318782,1.11511
HK.06806,申万宏源,2024-04-16 00:00:00,1.12511,1.12511,1.13511,1.09511,6.798,0.00143,3576000.0,4902784.0,-0.8809718881870487,1.13511
HK.06806,申万宏源,2024-04-17 00:00:00,1.11511,1.13511,1.13511,1.10511,6.847,0.00085,2127200.0,2936760.0,0.8888019838060287,1.12511
HK.06806,申万宏源,2024-04-18 00:00:00,1.12511,1.14511,1.16511,1.12511,6.896,0.00111,2776000.0,3884504.0,0.8809718881870487,1.13511
HK.06806,申万宏源,2024-04-19 00:00:00,1.13511,1.14511,1.14511,1.12511,6.896,0.00067,1667200.0,2315352.0,0.0,1.14511
HK.06806,申万宏源,2024-04-22 00:00:00,1.14511,1.14511,1.16511,1.13511,6.896,0.00074,1858400.0,2611888.0,0.0,1.14511
HK.06806,申万宏源,2024-04-23 00:00:00,1.15511,1.14511,1.15511,1.13511,6.896,0.00028,710400.0,994144.0,0.0,1.14511
HK.06806,申万宏源,2024-04-24 00:00:00,1.14511,1.15511,1.15511,1.13511,6.945,0.0008,1999200.0,2806392.0,0.8732785496589854,1.14511
HK.06806,申万宏源,2024-04-25 00:00:00,1.15511,1.17511,1.17511,1.14511,7.044,0.0021,5258400.0,7472960.0,1.7314368328557466,1.15511
HK.06806,申万宏源,2024-04-26 00:00:00,1.19511,1.25511,1.26511,1.19511,7.438,0.01137,28468000.0,42331712.0,6.807873305477771,1.17511
HK.06806,申万宏源,2024-04-29 00:00:00,1.26511,1.25511,1.28511,1.23511,7.438,0.00515,12904800.0,19584104.0,0.0,1.25511
HK.06806,申万宏源,2024-04-30 00:00:00,1.25511,1.23511,1.25511,1.22511,7.339,0.00192,4819200.0,7213616.0,-1.593485829927259,1.25511
HK.06806,申万宏源,2024-05-02 00:00:00,1.24511,1.26511,1.26511,1.21511,7.487,0.00027,684800.0,1028584.0,2.4289334553197715,1.23511
HK.06806,申万宏源,2024-05-03 00:00:00,1.27511,1.26511,1.27511,1.25511,7.487,0.00013,336000.0,512608.0,0.0,1.26511
HK.06806,申万宏源,2024-05-06 00:00:00,1.27511,1.26511,1.28511,1.25511,7.487,0.00207,5188800.0,7937888.0,0.0,1.26511
HK.06806,申万宏源,2024-05-07 00:00:00,1.26511,1.28511,1.28511,1.26511,7.586,0.00123,3068800.0,4689648.0,1.580890199271211,1.26511
HK.06806,申万宏源,2024-05-08 00:00:00,1.28511,1.23511,1.28511,1.23511,7.339,0.00183,4588800.0,6935552.0,-3.8907175261261715,1.28511
HK.06806,申万宏源,2024-05-09 00:00:00,1.25511,1.28511,1.28511,1.24511,7.586,0.00123,3080000.0,4692937.0,4.048222425532953,1.23511
HK.06806,申万宏源,2024-05-10 00:00:00,1.29511,1.33511,1.33511,1.28511,7.832,0.0053,13265228.0,20829136.0,3.8907175261261715,1.28511
HK.06806,申万宏源,2024-05-13 00:00:00,1.32511,1.36511,1.36511,1.31511,7.98,0.00429,10745600.0,17182480.0,2.247005864685309,1.33511
HK.06806,申万宏源,2024-05-14 00:00:00,1.36511,1.34511,1.37511,1.32511,7.881,0.00238,5968000.0,9544448.0,-1.465083399872539,1.36511
HK.06806,申万宏源,2024-05-16 00:00:00,1.32511,1.32511,1.35511,1.31511,7.783,0.00217,5440000.0,8641136.0,-1.4868672450580263,1.34511
HK.06806,申万宏源,2024-05-17 00:00:00,1.33511,1.36511,1.37511,1.32511,7.98,0.00425,10653600.0,17141376.0,3.0186173223355066,1.32511
HK.06806,申万宏源,2024-05-20 00:00:00,1.38511,1.33511,1.39511,1.33511,7.832,0.00284,7115200.0,11556072.0,-2.1976250998088083,1.36511
HK.06806,申万宏源,2024-05-21 00:00:00,1.33511,1.30511,1.35511,1.30511,7.684,0.00278,6953600.0,10938368.0,-2.247005864685309,1.33511
HK.06806,申万宏源,2024-05-22 00:00:00,1.31511,1.31511,1.33511,1.30511,7.733,0.0015,3755200.0,5932896.0,0.7662189393997447,1.30511
HK.06806,申万宏源,2024-05-23 00:00:00,1.32511,1.28511,1.32511,1.27511,7.586,0.00216,5409600.0,8355216.0,-2.281178000319367,1.31511
HK.06806,申万宏源,2024-05-24 00:00:00,1.27511,1.25511,1.29511,1.25511,7.438,0.00144,3600800.0,5495936.0,-2.334430515675703,1.28511
HK.06806,申万宏源,2024-05-27 00:00:00,1.25511,1.28511,1.28511,1.24511,7.586,0.00216,5405600.0,8221896.0,2.3902287448908885,1.25511
HK.06806,申万宏源,2024-05-28 00:00:00,1.29511,1.27511,1.29511,1.26511,7.536,0.00072,1799200.0,2753464.0,-0.7781435052252343,1.28511
HK.06806,申万宏源,2024-05-29 00:00:00,1.27511,1.26511,1.29511,1.26511,7.487,0.0012,3006400.0,4602960.0,-0.7842460650453693,1.27511
HK.06806,申万宏源,2024-05-30 00:00:00,1.25511,1.25511,1.28511,1.24511,7.438,0.0013,3253600.0,4905040.0,-0.7904450996356055,1.26511
HK.06806,申万宏源,2024-05-31 00:00:00,1.25511,1.26511,1.28511,1.24511,7.487,0.00176,4414400.0,6731888.0,0.7967429149636295,1.25511
HK.06806,申万宏源,2024-06-03 00:00:00,1.24511,1.28511,1.28511,1.24511,7.586,0.00079,1988000.0,3037832.0,1.580890199271211,1.26511
HK.06806,申万宏源,2024-06-04 00:00:00,1.27511,1.26511,1.29511,1.26511,7.487,0.00106,2647200.0,4065792.0,-1.5562870104504687,1.28511
HK.06806,申万宏源,2024-06-05 00:00:00,1.26511,1.26511,1.28511,1.26511,7.487,0.00081,2030400.0,3106272.0,0.0,1.26511
HK.06806,申万宏源,2024-06-06 00:00:00,1.26511,1.24511,1.28511,1.24511,7.389,0.00122,3046400.0,4595888.0,-1.580890199271211,1.26511
HK.06806,申万宏源,2024-06-07 00:00:00,1.24511,1.24511,1.26511,1.22511,7.389,0.00132,3303200.0,4952832.0,0.0,1.24511
HK.06806,申万宏源,2024-06-11 00:00:00,1.25511,1.21511,1.25511,1.21511,7.241,0.00109,2724585.0,4021174.0,-2.4094256732336925,1.24511
HK.06806,申万宏源,2024-06-12 00:00:00,1.21511,1.21511,1.22511,1.20511,7.241,0.00072,1814400.0,2677664.0,0.0,1.21511
HK.06806,申万宏源,2024-06-13 00:00:00,1.22511,1.21511,1.23511,1.21511,7.241,0.00064,1595200.0,2362248.0,0.0,1.21511
HK.06806,申万宏源,2024-06-14 00:00:00,1.21511,1.26511,1.27511,1.20511,7.487,0.00433,10839200.0,16154824.0,4.114853799244517,1.21511
HK.06806,申万宏源,2024-06-17 00:00:00,1.24511,1.24511,1.25511,1.23511,7.389,0.00094,2344000.0,3513144.0,-1.580890199271211,1.26511
HK.06806,申万宏源,2024-06-18 00:00:00,1.25511,1.26511,1.27511,1.24511,7.487,0.00051,1273600.0,1928704.0,1.606283782155795,1.24511
HK.06806,申万宏源,2024-06-19 00:00:00,1.25511,1.26511,1.27511,1.25511,7.487,0.00069,1732000.0,2628688.0,0.0,1.26511
HK.06806,申万宏源,2024-06-20 00:00:00,1.26511,1.24511,1.27511,1.24511,7.389,0.00145,3632800.0,5503112.0,-1.580890199271211,1.26511
HK.06806,申万宏源,2024-06-21 00:00:00,1.25511,1.25511,1.26511,1.23511,7.438,0.00069,1732000.0,2603640.0,0.8031418910778975,1.24511
HK.06806,申万宏源,2024-06-24 00:00:00,1.24511,1.22511,1.24511,1.22511,7.29,0.00231,5792334.0,8688832.0,-2.3902287448908885,1.25511
HK.06806,申万宏源,2024-06-25 00:00:00,1.24511,1.23511,1.24511,1.21511,7.339,0.00061,1517600.0,2248304.0,0.8162532344034421,1.22511
HK.06806,申万宏源,2024-06-26 00:00:00,1.22511,1.22511,1.24511,1.21511,7.29,0.0005,1246400.0,1848408.0,-0.8096444851065905,1.23511
HK.06806,申万宏源,2024-06-27 00:00:00,1.23511,1.20511,1.23511,1.20511,7.192,0.00053,1330400.0,1958752.0,-1.6325064688068842,1.22511
HK.06806,申万宏源,2024-06-28 00:00:00,1.20511,1.22511,1.22511,1.20511,7.29,0.00081,2019200.0,2969328.0,1.65959953863133,1.20511
HK.06806,申万宏源,2024-07-02 00:00:00,1.22511,1.20511,1.23511,1.20511,7.192,0.00123,3072000.0,4533544.0,-1.6325064688068842,1.22511
HK.06806,申万宏源,2024-07-03 00:00:00,1.21511,1.23511,1.23511,1.20511,7.339,0.00113,2824800.0,4168680.0,2.4893993079469947,1.20511
HK.06806,申万宏源,2024-07-04 00:00:00,1.22511,1.20511,1.23511,1.19511,7.192,0.001,2507200.0,3669440.0,-2.4289334553197715,1.23511
HK.06806,申万宏源,2024-07-05 00:00:00,1.20511,1.19511,1.21511,1.18511,7.142,0.00064,1613600.0,2348104.0,-0.829799769315665,1.20511
HK.06806,申万宏源,2024-07-08 00:00:00,1.19511,1.17511,1.20511,1.14511,7.044,0.00172,4318400.0,6132800.0,-1.6734861226163114,1.19511
HK.06806,申万宏源,2024-07-09 00:00:00,1.16511,1.16511,1.18511,1.15511,6.995,0.00077,1928000.0,2738656.0,-0.8509841631847238,1.17511
HK.06806,申万宏源,2024-07-10 00:00:00,1.16511,1.16511,1.18511,1.15511,6.995,0.00064,1592576.0,2268592.0,0.0,1.16511
HK.06806,申万宏源,2024-07-11 00:00:00,1.18649,1.20649,1.20649,1.17649,6.896,0.0015,3744000.0,5199944.0,3.551595986645035,1.16511
HK.06806,申万宏源,2024-07-12 00:00:00,1.21649,1.22649,1.22649,1.20649,6.995,0.00025,623200.0,879368.0,1.657701265654918,1.20649
HK.06806,申万宏源,2024-07-15 00:00:00,1.21649,1.20649,1.21649,1.19649,6.896,0.0004,1013600.0,1418840.0,-1.6306696344854026,1.22649
HK.06806,申万宏源,2024-07-16 00:00:00,1.19649,1.20649,1.21649,1.18649,6.896,0.00055,1368800.0,1909208.0,0.0,1.20649
HK.06806,申万宏源,2024-07-17 00:00:00,1.19649,1.21649,1.21649,1.19649,6.945,0.00228,5704000.0,7985408.0,0.828850632827459,1.20649
HK.06806,申万宏源,2024-07-18 00:00:00,1.21649,1.20649,1.21649,1.19649,6.896,0.0003,747200.0,1045224.0,-0.8220371725209421,1.21649
HK.06806,申万宏源,2024-07-19 00:00:00,1.19649,1.19649,1.20649,1.18649,6.847,0.00092,2296800.0,3182008.0,-0.828850632827459,1.20649
HK.06806,申万宏源,2024-07-22 00:00:00,1.20649,1.20649,1.20649,1.18649,6.896,0.00064,1597600.0,2225248.0,0.835777983936348,1.19649
HK.06806,申万宏源,2024-07-23 00:00:00,1.19649,1.18649,1.21649,1.18649,6.798,0.00066,1660800.0,2302824.0,-1.657701265654918,1.20649
HK.06806,申万宏源,2024-07-24 00:00:00,1.19649,1.16649,1.19649,1.15649,6.699,0.0006,1492000.0,2042040.0,-1.6856442110763696,1.18649
HK.06806,申万宏源,2024-07-25 00:00:00,1.16649,1.13649,1.17649,1.13649,6.551,0.00108,2692800.0,3638536.0,-2.571818018157037,1.16649
HK.06806,申万宏源,2024-07-26 00:00:00,1.14649,1.16649,1.16649,1.13649,6.699,0.00082,2050400.0,2775768.0,2.6397064646411343,1.13649
HK.06806,申万宏源,2024-07-29 00:00:00,1.16649,1.18649,1.18649,1.16649,6.798,0.0004,1001600.0,1376864.0,1.714545345438025,1.16649
HK.06806,申万宏源,2024-07-30 00:00:00,1.18649,1.17649,1.18649,1.15649,6.748,0.00058,1464000.0,2005368.0,-0.8428221055381848,1.18649
HK.06806,申万宏源,2024-07-31 00:00:00,1.18649,1.24649,1.27649,1.18649,7.093,0.0025,6250400.0,8940440.0,5.949901826619866,1.17649
HK.06806,申万宏源,2024-08-01 00:00:00,1.24649,1.25649,1.25649,1.24649,7.142,0.00074,1848000.0,2670536.0,0.8022527256536361,1.24649
HK.06806,申万宏源,2024-08-02 00:00:00,1.24649,1.26649,1.26649,1.21649,7.192,0.00151,3771200.0,5422688.0,0.7958678541014879,1.25649
HK.06806,申万宏源,2024-08-05 00:00:00,1.23649,1.21649,1.25649,1.20649,6.945,0.00086,2141600.0,3052528.0,-3.9479190518677467,1.26649
HK.06806,申万宏源,2024-08-06 00:00:00,1.22649,1.26649,1.26649,1.19649,7.192,0.00141,3540800.0,5118168.0,4.110185862604692,1.21649
HK.06806,申万宏源,2024-08-07 00:00:00,1.24649,1.26649,1.26649,1.23649,7.192,0.00075,1869600.0,2700776.0,0.0,1.26649
HK.06806,申万宏源,2024-08-08 00:00:00,1.24649,1.24649,1.26649,1.24649,7.093,0.00028,704225.0,1019052.0,-1.5791676207470882,1.26649
HK.06806,申万宏源,2024-08-09 00:00:00,1.26649,1.24649,1.26649,1.24649,7.093,0.00026,660800.0,959768.0,0.0,1.24649
HK.06806,申万宏源,2024-08-12 00:00:00,1.25649,1.24649,1.25649,1.22649,7.093,0.00042,1052000.0,1514160.0,0.0,1.24649
HK.06806,申万宏源,2024-08-13 00:00:00,1.23649,1.25649,1.25649,1.20649,7.142,0.00234,5859200.0,8369496.0,0.8022527256536361,1.24649
HK.06806,申万宏源,2024-08-14 00:00:00,1.24649,1.24649,1.25649,1.22649,7.093,0.00045,1132000.0,1618648.0,-0.7958678541015056,1.25649
HK.06806,申万宏源,2024-08-15 00:00:00,1.23649,1.27649,1.27649,1.23649,7.241,0.00113,2824000.0,4109448.0,2.4067581769608903,1.24649
HK.06806,申万宏源,2024-08-16 00:00:00,1.27649,1.27649,1.28649,1.25649,7.241,0.00102,2560800.0,3753640.0,0.0,1.27649
HK.06806,申万宏源,2024-08-19 00:00:00,1.27649,1.26649,1.28649,1.26649,7.192,0.00036,896000.0,1316288.0,-0.7833982248196233,1.27649
HK.06806,申万宏源,2024-08-20 00:00:00,1.27649,1.30649,1.30649,1.26649,7.389,0.00176,4398400.0,6502112.0,3.158335241494212,1.26649
HK.06806,申万宏源,2024-08-21 00:00:00,1.28649,1.31649,1.32649,1.27649,7.438,0.00255,6372742.0,9600383.0,0.7654096089522315,1.30649
HK.06806,申万宏源,2024-08-22 00:00:00,1.31649,1.27649,1.31649,1.26649,7.241,0.0007,1747200.0,2576112.0,-3.038382365228755,1.31649
HK.06806,申万宏源,2024-08-23 00:00:00,1.28649,1.26649,1.28649,1.26649,7.192,0.00075,1883200.0,2762768.0,-0.7833982248196233,1.27649
HK.06806,申万宏源,2024-08-26 00:00:00,1.27649,1.25649,1.27649,1.25649,7.142,0.00057,1429600.0,2083152.0,-0.7895838103735354,1.26649
HK.06806,申万宏源,2024-08-27 00:00:00,1.26649,1.25649,1.27649,1.24649,7.142,0.00052,1293600.0,1881216.0,0.0,1.25649
HK.06806,申万宏源,2024-08-28 00:00:00,1.26649,1.26649,1.26649,1.23649,7.192,0.00064,1599200.0,2311864.0,0.7958678541014879,1.25649
HK.06806,申万宏源,2024-08-29 00:00:00,1.24649,1.26649,1.28649,1.24649,7.192,0.00074,1841830.0,2694060.0,0.0,1.26649
HK.06806,申万宏源,2024-08-30 00:00:00,1.27649,1.28649,1.32649,1.27649,7.29,0.00184,4608000.0,6907128.0,1.579167620747106,1.26649
HK.06806,申万宏源,2024-09-02 00:00:00,1.27649,1.22649,1.28649,1.21649,6.995,0.00253,6326400.0,9123640.0,-4.663852808805341,1.28649
HK.06806,申万宏源,2024-09-03 00:00:00,1.22649,1.21649,1.23649,1.20649,6.945,0.00089,2222400.0,3149152.0,-0.8153348172427013,1.22649
HK.06806,申万宏源,2024-09-04 00:00:00,1.20649,1.22649,1.22649,1.20649,6.995,0.0006,1496000.0,2102032.0,0.8220371725209421,1.21649
HK.06806,申万宏源,2024-09-05 00:00:00,1.21649,1.20649,1.22649,1.19649,6.896,0.00155,3883200.0,5438528.0,-1.6306696344854026,1.22649
HK.06806,申万宏源,2024-09-09 00:00:00,1.22649,1.19649,1.22649,1.17649,6.847,0.00147,3685600.0,5145096.0,-0.828850632827459,1.20649
HK.06806,申万宏源,2024-09-10 00:00:00,1.18649,1.17649,1.18649,1.16649,6.748,0.0021,5259200.0,7179664.0,-1.671555967872696,1.19649
HK.06806,申万宏源,2024-09-11 00:00:00,1.17649,1.16649,1.18649,1.15649,6.699,0.00069,1734400.0,2362904.0,-0.8499859752314095,1.17649
HK.06806,申万宏源,2024-09-12 00:00:00,1.17649,1.17649,1.18649,1.16649,6.748,0.00061,1522400.0,2082992.0,0.8572726727190125,1.16649
HK.06806,申万宏源,2024-09-13 00:00:00,1.18649,1.19649,1.19649,1.17649,6.847,0.00043,1080000.0,1491728.0,1.699971950462819,1.17649
HK.06806,申万宏源,2024-09-16 00:00:00,1.19649,1.19649,1.19649,1.17649,6.847,0.0,11200.0,15552.0,0.0,1.19649
HK.06806,申万宏源,2024-09-17 00:00:00,1.19649,1.17649,1.20649,1.17649,6.748,0.0,12000.0,16624.0,-1.671555967872696,1.19649
HK.06806,申万宏源,2024-09-19 00:00:00,1.19649,1.20649,1.21649,1.18649,6.896,0.00103,2587900.0,3616104.0,2.549957925694228,1.17649
HK.06806,申万宏源,2024-09-20 00:00:00,1.20649,1.28649,1.28649,1.19649,7.29,0.00157,3925600.0,5721256.0,6.630805062619652,1.20649
HK.06806,申万宏源,2024-09-23 00:00:00,1.25649,1.23649,1.25649,1.23649,7.044,0.00075,1869950.0,2693366.0,-3.8865440073377817,1.28649
HK.06806,申万宏源,2024-09-24 00:00:00,1.24649,1.30649,1.32649,1.24649,7.389,0.00354,8862400.0,13198904.0,5.66118609936189,1.23649
HK.06806,申万宏源,2024-09-25 00:00:00,1.33649,1.33649,1.38649,1.31649,7.536,0.006,15021600.0,23281680.0,2.2962288268566944,1.30649
HK.06806,申万宏源,2024-09-26 00:00:00,1.34649,1.44649,1.44649,1.33649,8.078,0.00566,14181600.0,22474608.0,8.230514257495388,1.33649
HK.06806,申万宏源,2024-09-27 00:00:00,1.47649,1.59649,1.59649,1.43649,8.817,0.02817,70527600.0,121382076.0,10.369929968406273,1.44649
HK.06806,申万宏源,2024-09-30 00:00:00,1.73649,1.856489999,1.90649,1.68649,10.098,0.08892,222660600.0,442290374.0,16.285726750559036,1.59649
HK.06806,申万宏源,2024-10-02 00:00:00,1.896489999,2.53649,2.56649,1.896489999,13.448,0.04835,121078700.0,300518561.0,36.62826093145037,1.856489999
HK.06806,申万宏源,2024-10-03 00:00:00,2.80649,2.43649,2.92649,2.14649,12.955,0.04428,110871600.0,296837075.0,-3.9424559134867505,2.53649
HK.06806,申万宏源,2024-10-04 00:00:00,2.50649,3.10649,3.30649,2.50649,16.256,0.07734,193656800.0,612013392.0,27.498573768002327,2.43649
HK.06806,申万宏源,2024-10-07 00:00:00,3.36649,4.45649,4.45649,3.18649,22.906,0.09606,240543199.0,946648934.0,43.45740691262485,3.10649
HK.06806,申万宏源,2024-10-08 00:00:00,3.81649,2.82649,4.11649,2.77649,14.876,0.14364,359674760.0,1299703570.0,-36.57587024766127,4.45649
HK.06806,申万宏源,2024-10-09 00:00:00,3.06649,2.27649,3.06649,2.22649,12.167,0.1421,355812040.0,973126767.0,-19.458763342520236,2.82649
HK.06806,申万宏源,2024-10-10 00:00:00,2.50649,2.22649,2.50649,2.16649,11.921,0.06616,165668000.0,416585928.0,-2.1963637002578453,2.27649
HK.06806,申万宏源,2024-10-14 00:00:00,2.20649,2.08649,2.20649,1.916489999,11.231,0.05756,144141200.0,321832317.0,-6.287924041877579,2.22649
HK.06806,申万宏源,2024-10-15 00:00:00,2.12649,1.92649,2.16649,1.916489999,10.443,0.02717,68038000.0,152553420.0,-7.668380869306822,2.08649
HK.06806,申万宏源,2024-10-16 00:00:00,1.90649,1.96649,2.09649,1.896489999,10.64,0.03409,85350400.0,186678410.0,2.07631495621571,1.92649
HK.06806,申万宏源,2024-10-17 00:00:00,2.01649,1.876489999,2.09649,1.876489999,10.197,0.02638,66067200.0,144869088.0,-4.576682362991938,1.96649
HK.06806,申万宏源,2024-10-18 00:00:00,1.90649,2.17649,2.40649,1.896489999,11.674,0.09469,237110800.0,562945552.0,15.987295491043005,1.876489999
HK.06806,申万宏源,2024-10-21 00:00:00,2.25649,2.12649,2.26649,2.11649,11.428,0.04377,109612000.0,260230812.0,-2.297276808071704,2.17649
HK.06806,申万宏源,2024-10-22 00:00:00,2.15649,2.17649,2.24649,2.12649,11.674,0.0236,59101200.0,140955509.0,2.35129250549026,2.12649
HK.06806,申万宏源,2024-10-23 00:00:00,2.22649,2.27649,2.45649,2.17649,12.167,0.04822,120743600.0,302231482.0,4.594553616143428,2.17649
HK.06806,申万宏源,2024-10-24 00:00:00,2.27649,2.27649,2.36649,2.24649,12.167,0.0259,64854410.0,161723640.0,0.0,2.27649
HK.06806,申万宏源,2024-10-25 00:00:00,2.28649,2.30649,2.38649,2.27649,12.315,0.02242,56137600.0,141221088.0,1.3178182201547228,2.27649
HK.06806,申万宏源,2024-10-28 00:00:00,2.31649,2.28649,2.33649,2.27649,12.216,0.01056,26447200.0,65759704.0,-0.8671184353714958,2.30649
HK.06806,申万宏源,2024-10-29 00:00:00,2.32649,2.28649,2.39649,2.26649,12.216,0.01478,37011200.0,92914104.0,0.0,2.28649
HK.06806,申万宏源,2024-10-30 00:00:00,2.28649,2.19649,2.29649,2.16649,11.773,0.01415,35433600.0,85393812.0,-3.936164164286758,2.28649
HK.06806,申万宏源,2024-10-31 00:00:00,2.20649,2.29649,2.36649,2.19649,12.266,0.02349,58824800.0,146794928.0,4.5527182004015545,2.19649
HK.06806,申万宏源,2024-11-01 00:00:00,2.30649,2.27649,2.37649,2.25649,12.167,0.01608,40268000.0,101154656.0,-0.8708942777891486,2.29649
HK.06806,申万宏源,2024-11-04 00:00:00,2.34507,2.55507,2.59507,2.32507,13.448,0.03896,97563200.0,257162696.0,12.237259992356666,2.27649
HK.06806,申万宏源,2024-11-05 00:00:00,2.55507,2.75507,2.75507,2.48507,14.433,0.0578,144720000.0,409345180.0,7.827574195618896,2.55507
HK.06806,申万宏源,2024-11-06 00:00:00,2.78507,2.74507,2.90507,2.58507,14.384,0.04355,109054600.0,319079832.0,-0.36296718413687445,2.75507
HK.06806,申万宏源,2024-11-07 00:00:00,2.71507,2.97507,3.02507,2.64507,15.517,0.04603,115259600.0,351544436.0,8.378657010568036,2.74507
HK.06806,申万宏源,2024-11-08 00:00:00,3.13507,2.85507,3.16507,2.79507,14.926,0.03299,82602000.0,256690860.0,-4.033518539059589,2.97507
HK.06806,申万宏源,2024-11-11 00:00:00,2.75507,2.74507,2.79507,2.63507,14.384,0.02754,68972000.0,199651336.0,-3.8527952029197143,2.85507
HK.06806,申万宏源,2024-11-12 00:00:00,2.74507,2.53507,2.81507,2.49507,13.349,0.02337,58509799.0,164079370.0,-7.650078140083857,2.74507
HK.06806,申万宏源,2024-11-13 00:00:00,2.52507,2.49507,2.56507,2.37507,13.152,0.02584,64691200.0,170722639.0,-1.577865699960949,2.53507
HK.06806,申万宏源,2024-11-14 00:00:00,2.50507,2.41507,2.55507,2.36507,12.758,0.01381,34570400.0,90869768.0,-3.2063228686970735,2.49507
HK.06806,申万宏源,2024-11-15 00:00:00,2.41507,2.28507,2.44507,2.28507,12.118,0.01529,38293600.0,97347847.0,-5.382866749203952,2.41507
HK.06806,申万宏源,2024-11-18 00:00:00,2.34507,2.29507,2.39507,2.28507,12.167,0.01148,28735396.0,71965712.0,0.4376233550832047,2.28507
HK.06806,申万宏源,2024-11-19 00:00:00,2.32507,2.35507,2.37507,2.27507,12.463,0.00863,21607200.0,54178895.0,2.6142993459894495,2.29507
HK.06806,申万宏源,2024-11-20 00:00:00,2.35507,2.37507,2.40507,2.32507,12.561,0.00666,16688000.0,42440663.0,0.849231657657735,2.35507
HK.06806,申万宏源,2024-11-21 00:00:00,2.37507,2.35507,2.40507,2.32507,12.463,0.00638,15976000.0,40351030.0,-0.8420804439448109,2.37507
HK.06806,申万宏源,2024-11-22 00:00:00,2.33507,2.25507,2.35507,2.14507,11.97,0.01478,36998789.0,88970219.0,-4.246158288288675,2.35507
HK.06806,申万宏源,2024-11-25 00:00:00,2.22507,2.16507,2.24507,2.16507,11.527,0.00613,15358400.0,36466311.0,-3.9910069310486977,2.25507
HK.06806,申万宏源,2024-11-26 00:00:00,2.18507,2.12507,2.21507,2.10507,11.33,0.00698,17483200.0,40760656.0,-1.8475153228302104,2.16507
HK.06806,申万宏源,2024-11-27 00:00:00,2.12507,2.21507,2.22507,2.06507,11.773,0.01168,29257600.0,68022368.0,4.235154606671773,2.12507
HK.06806,申万宏源,2024-11-28 00:00:00,2.21507,2.17507,2.22507,2.14507,11.576,0.00385,9649600.0,22724376.0,-1.8058120059411233,2.21507
HK.06806,申万宏源,2024-11-29 00:00:00,2.16507,2.26507,2.40507,2.15507,12.019,0.02147,53772000.0,132663456.0,4.1377978639768065,2.17507
HK.06806,申万宏源,2024-12-02 00:00:00,2.22507,2.33507,2.34507,2.22507,12.364,0.01017,25464800.0,63158088.0,3.0904122168409733,2.26507
HK.06806,申万宏源,2024-12-03 00:00:00,2.32507,2.31507,2.33507,2.26507,12.266,0.01032,25844800.0,63865380.0,-0.8565053724299493,2.33507
HK.06806,申万宏源,2024-12-04 00:00:00,2.31507,2.27507,2.32507,2.25507,12.068,0.00535,13396000.0,32975968.0,-1.7278095262778248,2.31507
HK.06806,申万宏源,2024-12-05 00:00:00,2.27507,2.30507,2.31507,2.25507,12.216,0.00558,13961600.0,34368856.0,1.3186407451199413,2.27507
HK.06806,申万宏源,2024-12-06 00:00:00,2.30507,2.36507,2.40507,2.27507,12.512,0.01256,31454400.0,79725968.0,2.6029578277449104,2.30507
HK.06806,申万宏源,2024-12-09 00:00:00,2.37507,2.53507,2.53507,2.30507,13.349,0.01788,44778400.0,116366960.0,7.187947925431399,2.36507
HK.06806,申万宏源,2024-12-10 00:00:00,2.71507,2.43507,2.77507,2.34507,12.857,0.02985,74744811.0,204444597.0,-3.944664249902373,2.53507
HK.06806,申万宏源,2024-12-11 00:00:00,2.44507,2.43507,2.48507,2.41507,12.857,0.00774,19372000.0,50824216.0,0.0,2.43507
HK.06806,申万宏源,2024-12-12 00:00:00,2.45507,2.46507,2.55507,2.40507,13.004,0.01344,33646100.0,89389490.0,1.2319974374453222,2.43507
HK.06806,申万宏源,2024-12-13 00:00:00,2.47507,2.33507,2.47507,2.26507,12.364,0.01474,36916800.0,92714480.0,-5.273683911613054,2.46507
HK.06806,申万宏源,2024-12-16 00:00:00,2.32507,2.24507,2.34507,2.23507,11.921,0.00632,15836800.0,38711623.0,-3.8542741759347625,2.33507
HK.06806,申万宏源,2024-12-17 00:00:00,2.24507,2.23507,2.28507,2.20507,11.871,0.00527,13207200.0,31902615.0,-0.44542041005403976,2.24507
HK.06806,申万宏源,2024-12-18 00:00:00,2.23507,2.23507,2.27507,2.22507,11.871,0.00462,11568000.0,28048112.0,0.0,2.23507
HK.06806,申万宏源,2024-12-19 00:00:00,2.20507,2.18507,2.20507,2.15507,11.625,0.00657,16448000.0,38697872.0,-2.2370664006048946,2.23507
HK.06806,申万宏源,2024-12-20 00:00:00,2.16507,2.15507,2.22507,2.15507,11.477,0.00667,16704802.0,39441228.0,-1.372953726882903,2.18507
HK.06806,申万宏源,2024-12-23 00:00:00,2.18507,2.14507,2.19507,2.13507,11.428,0.00443,11093600.0,25941585.0,-0.46402205032782173,2.15507
HK.06806,申万宏源,2024-12-24 00:00:00,2.14507,2.17507,2.19507,2.14507,11.576,0.00352,8825600.0,20758960.0,1.3985557580871395,2.14507
HK.06806,申万宏源,2024-12-27 00:00:00,2.17507,2.19507,2.26507,2.12507,11.674,0.00954,23886400.0,56490928.0,0.9195106364392879,2.17507
HK.06806,申万宏源,2024-12-30 00:00:00,2.21507,2.20507,2.22507,2.18507,11.724,0.00402,10066400.0,23923325.0,0.4555663372922154,2.19507
HK.06806,申万宏源,2024-12-31 00:00:00,2.21507,2.13507,2.22507,2.13507,11.379,0.00357,8951200.0,20983176.0,-3.174502396749322,2.20507
HK.06806,申万宏源,2025-01-02 00:00:00,2.11507,1.98507,2.12507,1.97507,10.64,0.01038,25994400.0,57442510.0,-7.025530778850339,2.13507
HK.06806,申万宏源,2025-01-03 00:00:00,2.01507,1.935069999,2.01507,1.935069999,10.394,0.00657,16458800.0,35352486.0,-2.518802913751148,1.98507
HK.06806,申万宏源,2025-01-06 00:00:00,1.935069999,1.94507,1.97507,1.92507,10.443,0.00694,17367200.0,36843584.0,0.516777222796481,1.935069999
HK.06806,申万宏源,2025-01-07 00:00:00,1.96507,1.94507,1.98507,1.915069999,10.443,0.00613,15356800.0,32635401.0,0.0,1.94507
HK.06806,申万宏源,2025-01-08 00:00:00,1.94507,1.895069999,1.95507,1.86507,10.197,0.00399,9998400.0,20812624.0,-2.5706016235919593,1.94507
HK.06806,申万宏源,2025-01-09 00:00:00,1.90507,1.935069999,1.95507,1.90507,10.394,0.00257,6439200.0,13551440.0,2.110739973779725,1.895069999
HK.06806,申万宏源,2025-01-10 00:00:00,1.92507,1.875069999,1.95507,1.86507,10.098,0.00322,8050400.0,16663539.0,-3.1006630267125574,1.935069999
HK.06806,申万宏源,2025-01-13 00:00:00,1.855069999,1.88507,1.895069999,1.84507,10.147,0.00262,6562714.0,13443331.0,0.533313476581313,1.875069999
HK.06806,申万宏源,2025-01-14 00:00:00,1.895069999,2.00507,2.01507,1.895069999,10.738,0.01014,25382714.0,54438094.0,6.365811349180661,1.88507
HK.06806,申万宏源,2025-01-15 00:00:00,1.98507,1.98507,2.01507,1.96507,10.64,0.00446,11164000.0,24136144.0,-0.9974714099757125,2.00507
HK.06806,申万宏源,2025-01-16 00:00:00,1.99507,1.98507,2.03507,1.97507,10.64,0.00479,11988000.0,26138016.0,0.0,1.98507
HK.06806,申万宏源,2025-01-17 00:00:00,1.99507,1.97507,2.01507,1.97507,10.591,0.00509,12747200.0,27661839.0,-0.5037605726750083,1.98507
HK.06806,申万宏源,2025-01-20 00:00:00,2.01507,2.00507,2.05507,1.99507,10.738,0.00556,13921700.0,30547215.0,1.5189335061542024,1.97507
HK.06806,申万宏源,2025-01-21 00:00:00,2.03507,2.02507,2.06507,2.01507,10.837,0.00651,16306300.0,36103965.0,0.9974714099757125,2.00507
HK.06806,申万宏源,2025-01-22 00:00:00,2.02507,2.00507,2.03507,1.98507,10.738,0.0031,7757600.0,16904679.0,-0.9876201810307801,2.02507
HK.06806,申万宏源,2025-01-23 00:00:00,2.03507,2.02507,2.13507,2.02507,10.837,0.01148,28746400.0,64808018.0,0.9974714099757125,2.00507
HK.06806,申万宏源,2025-01-24 00:00:00,2.05507,2.04507,2.09507,2.03507,10.935,0.00515,12899200.0,28969375.0,0.9876201810307801,2.02507
HK.06806,申万宏源,2025-01-27 00:00:00,2.06507,2.02507,2.09507,2.01507,10.837,0.00363,9101600.0,20193472.0,-0.977961634565077,2.04507
HK.06806,申万宏源,2025-01-28 00:00:00,2.01507,1.98507,2.01507,1.96507,10.64,0.00061,1520000.0,3283312.0,-1.9752403620615602,2.02507
HK.06806,申万宏源,2025-02-03 00:00:00,1.96507,1.92507,1.97507,1.86507,10.344,0.00169,4232800.0,8812415.0,-3.0225634360501057,1.98507
HK.06806,申万宏源,2025-02-04 00:00:00,1.90507,2.06507,2.10507,1.90507,11.034,0.00416,10421004.0,23139842.0,7.27246281953383,1.92507
HK.06806,申万宏源,2025-02-05 00:00:00,2.06507,1.99507,2.06507,1.99507,10.689,0.00412,10315517.0,22603131.0,-3.389715602860923,2.06507
HK.06806,申万宏源,2025-02-06 00:00:00,2.01507,2.05507,2.05507,1.99507,10.985,0.0042,10508000.0,23149904.0,3.007413273719733,1.99507
HK.06806,申万宏源,2025-02-07 00:00:00,2.05507,2.14507,2.20507,2.02507,11.428,0.01923,48147400.0,111607784.0,4.379412866714995,2.05507
HK.06806,申万宏源,2025-02-10 00:00:00,2.18507,2.15507,2.20507,2.14507,11.477,0.00704,17638400.0,41431241.0,0.4661852526957062,2.14507
HK.06806,申万宏源,2025-02-11 00:00:00,2.17507,2.09507,2.17507,2.09507,11.182,0.00489,12239200.0,28086652.0,-2.7841323019669715,2.15507
HK.06806,申万宏源,2025-02-12 00:00:00,2.12507,2.19507,2.20507,2.08507,11.674,0.00935,23421200.0,54433473.0,4.773110206341537,2.09507
HK.06806,申万宏源,2025-02-13 00:00:00,2.20507,2.06507,2.22507,2.05507,11.034,0.01149,28764000.0,66848635.0,-5.922362384798658,2.19507
HK.06806,申万宏源,2025-02-14 00:00:00,2.08507,2.13507,2.15507,2.08507,11.379,0.00822,20585000.0,47255860.0,3.389715602860912,2.06507
HK.06806,申万宏源,2025-02-17 00:00:00,2.18507,2.20507,2.27507,2.16507,11.724,0.01503,37623800.0,90029261.0,3.278581030130173,2.13507
HK.06806,申万宏源,2025-02-18 00:00:00,2.21507,2.16507,2.22507,2.14507,11.527,0.00964,24133600.0,56945697.0,-1.8140013695710357,2.20507
HK.06806,申万宏源,2025-02-19 00:00:00,2.15507,2.21507,2.28507,2.13507,11.773,0.01455,36424800.0,87016694.0,2.3093941535377525,2.16507
HK.06806,申万宏源,2025-02-20 00:00:00,2.21507,2.18507,2.23507,2.17507,11.625,0.00623,15611200.0,37051744.0,-1.3543590044558322,2.21507
HK.06806,申万宏源,2025-02-21 00:00:00,2.20507,2.27507,2.27507,2.16507,12.068,0.01304,32646800.0,78838304.0,4.118861180648668,2.18507
HK.06806,申万宏源,2025-02-24 00:00:00,2.25507,2.27507,2.32507,2.23507,12.068,0.01134,28388975.0,69732153.0,0.0,2.27507
HK.06806,申万宏源,2025-02-25 00:00:00,2.23507,2.19507,2.23507,2.17507,11.674,0.00731,18309600.0,43681792.0,-3.5163753203198174,2.27507
HK.06806,申万宏源,2025-02-26 00:00:00,2.19507,2.41507,2.42507,2.19507,12.758,0.03603,90226600.0,225839882.0,10.022459420428516,2.19507
HK.06806,申万宏源,2025-02-27 00:00:00,2.34507,2.36507,2.41507,2.27507,12.512,0.01843,46147600.0,116229927.0,-2.070333365078456,2.41507
HK.06806,申万宏源,2025-02-28 00:00:00,2.38507,2.18507,2.41507,2.15507,11.625,0.01821,45600800.0,110854666.0,-7.610768391633218,2.36507
HK.06806,申万宏源,2025-03-03 00:00:00,2.19507,2.16507,2.25507,2.14507,11.527,0.00746,18681200.0,44242848.0,-0.9153024845885952,2.18507
HK.06806,申万宏源,2025-03-04 00:00:00,2.14507,2.18507,2.19507,2.13507,11.625,0.0048,12024800.0,28210904.0,0.9237576614151052,2.16507
HK.06806,申万宏源,2025-03-05 00:00:00,2.20507,2.19507,2.24507,2.16507,11.674,0.0083,20782400.0,49586448.0,0.4576512422942875,2.18507
HK.06806,申万宏源,2025-03-06 00:00:00,2.24507,2.27507,2.31507,2.22507,12.068,0.01331,33332800.0,81577103.0,3.644530698337642,2.19507
HK.06806,申万宏源,2025-03-07 00:00:00,2.27507,2.21507,2.28507,2.20507,11.773,0.00796,19922400.0,48210631.0,-2.637281490239863,2.27507
HK.06806,申万宏源,2025-03-10 00:00:00,2.22507,2.16507,2.23507,2.14507,11.527,0.00767,19204000.0,45153184.0,-2.257265007426394,2.21507
HK.06806,申万宏源,2025-03-11 00:00:00,2.11507,2.17507,2.18507,2.10507,11.576,0.00646,16172800.0,37560583.0,0.4618788307075424,2.16507
HK.06806,申万宏源,2025-03-12 00:00:00,2.17507,2.22507,2.28507,2.17507,11.822,0.00998,24987200.0,60112918.0,2.29877659109823,2.17507
HK.06806,申万宏源,2025-03-13 00:00:00,2.22507,2.20507,2.25507,2.17507,11.724,0.00541,13538638.0,32316132.0,-0.8988481261263698,2.22507
HK.06806,申万宏源,2025-03-14 00:00:00,2.22507,2.29507,2.36507,2.22507,12.167,0.01967,49244400.0,121753933.0,4.08150308153482,2.20507
HK.06806,申万宏源,2025-03-17 00:00:00,2.32507,2.29507,2.32507,2.26507,12.167,0.00707,17699600.0,43722656.0,0.0,2.29507
HK.06806,申万宏源,2025-03-18 00:00:00,2.31507,2.30507,2.32507,2.27507,12.216,0.00636,15928000.0,39332668.0,0.43571655766491785,2.29507
HK.06806,申万宏源,2025-03-19 00:00:00,2.28507,2.30507,2.32507,2.27507,12.216,0.00611,15302590.0,37768521.0,0.0,2.30507
HK.06806,申万宏源,2025-03-20 00:00:00,2.30507,2.23507,2.30507,2.21507,11.871,0.00847,21209600.0,51588240.0,-3.0367841323690943,2.30507
HK.06806,申万宏源,2025-03-21 00:00:00,2.22507,2.15507,2.24507,2.13507,11.477,0.00906,22689958.0,53354272.0,-3.5793062409678478,2.23507
HK.06806,申万宏源,2025-03-24 00:00:00,2.16507,2.16507,2.16507,2.11507,11.527,0.00574,14363238.0,33253600.0,0.4640220503278424,2.15507
HK.06806,申万宏源,2025-03-25 00:00:00,2.14507,2.11507,2.16507,2.10507,11.28,0.0054,13530400.0,31146792.0,-2.3093941535377733,2.16507
HK.06806,申万宏源,2025-03-26 00:00:00,2.12507,2.12507,2.14507,2.09507,11.33,0.00465,11651200.0,26727968.0,0.47279759062348914,2.11507
HK.06806,申万宏源,2025-03-27 00:00:00,2.12507,2.12507,2.15507,2.09507,11.33,0.00386,9657600.0,22275136.0,0.0,2.12507
HK.06806,申万宏源,2025-03-28 00:00:00,2.13507,2.11507,2.13507,2.09507,11.28,0.00522,13061600.0,29947217.0,-0.47057273407465317,2.12507
HK.06806,申万宏源,2025-03-31 00:00:00,2.11507,2.04507,2.11507,2.02507,10.935,0.00696,17416400.0,38883704.0,-3.3095831343643396,2.11507
HK.06806,申万宏源,2025-04-01 00:00:00,2.05507,2.04507,2.07507,2.03507,9.866,0.00419,10501600.0,23421864.0,0.0,2.04507
HK.06806,申万宏源,2025-04-02 00:00:00,2.03507,2.06507,2.07507,2.03507,9.955,0.00274,6871200.0,15343152.0,0.977961634565077,2.04507
HK.06806,申万宏源,2025-04-03 00:00:00,2.03507,2.05507,2.07507,2.01507,9.911,0.00466,11673600.0,25926500.0,-0.4842450861229783,2.06507
HK.06806,申万宏源,2025-04-07 00:00:00,1.90507,1.63507,1.90507,1.61507,8.044,0.02435,60964800.0,116603346.0,-20.437260044670015,2.05507
HK.06806,申万宏源,2025-04-08 00:00:00,1.66507,1.69507,1.71507,1.62507,8.311,0.01482,37114400.0,68667898.0,3.66956766376975,1.63507
HK.06806,申万宏源,2025-04-09 00:00:00,1.65507,1.76507,1.77507,1.62507,8.622,0.01049,26267200.0,49507015.0,4.1296229654232475,1.69507
HK.06806,申万宏源,2025-04-10 00:00:00,1.835069999,1.78507,1.875069999,1.78507,8.711,0.01042,26095200.0,52354672.0,1.1330995371288402,1.76507
HK.06806,申万宏源,2025-04-11 00:00:00,1.78507,1.81507,1.86507,1.78507,8.844,0.00584,14615200.0,29230952.0,1.6806063627756909,1.78507
HK.06806,申万宏源,2025-04-14 00:00:00,1.84507,1.84507,1.88507,1.835069999,8.977,0.00452,11324800.0,23028797.0,1.6528288165194744,1.81507
HK.06806,申万宏源,2025-04-15 00:00:00,1.86507,1.855069999,1.86507,1.835069999,9.022,0.00168,4200000.0,8487440.0,0.5419848027446073,1.84507
HK.06806,申万宏源,2025-04-16 00:00:00,1.855069999,1.80507,1.855069999,1.78507,8.8,0.00421,10529600.0,20861192.0,-2.695316027263291,1.855069999
HK.06806,申万宏源,2025-04-17 00:00:00,1.79507,1.80507,1.835069999,1.79507,8.8,0.00308,7705000.0,15301052.0,0.0,1.80507
HK.06806,申万宏源,2025-04-22 00:00:00,1.80507,1.84507,1.84507,1.80507,8.977,0.00263,6576664.0,13185465.0,2.2159805436908284,1.80507
HK.06806,申万宏源,2025-04-23 00:00:00,1.855069999,1.86507,1.88507,1.855069999,9.066,0.00465,11643200.0,23802048.0,1.083969713886195,1.84507
HK.06806,申万宏源,2025-04-24 00:00:00,1.86507,1.875069999,1.895069999,1.84507,9.111,0.00311,7788000.0,15907848.0,0.5361728514211224,1.86507
HK.06806,申万宏源,2025-04-25 00:00:00,1.86507,1.895069999,1.92507,1.86507,9.2,0.00354,8876000.0,18402448.0,1.0666268464999327,1.875069999
HK.06806,申万宏源,2025-04-28 00:00:00,1.895069999,1.875069999,1.895069999,1.835069999,9.111,0.00278,6965600.0,14184664.0,-1.0553699868898625,1.895069999
HK.06806,申万宏源,2025-04-29 00:00:00,1.875069999,1.875069999,1.88507,1.855069999,9.111,0.00217,5435200.0,11132619.0,0.0,1.875069999
HK.06806,申万宏源,2025-04-30 00:00:00,1.875069999,1.88507,1.915069999,1.875069999,9.155,0.00374,9353600.0,19267496.0,0.533313476581313,1.875069999
HK.06806,申万宏源,2025-05-02 00:00:00,1.88507,1.97507,1.97507,1.88507,9.555,0.00073,1832800.0,3884576.0,4.774358511885504,1.88507
HK.06806,申万宏源,2025-05-06 00:00:00,1.935069999,1.96507,1.98507,1.915069999,9.511,0.00541,13536000.0,28800511.0,-0.5063111687180712,1.97507
HK.06806,申万宏源,2025-05-07 00:00:00,2.06507,1.99507,2.11507,1.98507,9.644,0.01446,36197650.0,80206997.0,1.5266631723042845,1.96507
HK.06806,申万宏源,2025-05-08 00:00:00,1.99507,1.98507,2.02507,1.98507,9.6,0.0034,8522400.0,18531144.0,-0.5012355456199536,1.99507
HK.06806,申万宏源,2025-05-09 00:00:00,2.00507,1.96507,2.00507,1.95507,9.511,0.00278,6949400.0,14900614.0,-1.0075211453500277,1.98507
HK.06806,申万宏源,2025-05-12 00:00:00,1.99507,2.05507,2.06507,1.98507,9.911,0.00855,21418400.0,47307653.0,4.579989516912887,1.96507
HK.06806,申万宏源,2025-05-13 00:00:00,2.09507,1.99507,2.09507,1.98507,9.644,0.00882,22084000.0,48540333.0,-2.9196085778100147,2.05507
HK.06806,申万宏源,2025-05-14 00:00:00,2.01507,2.07507,2.10507,1.98507,10.0,0.00911,22820000.0,50769343.0,4.009884364959641,1.99507
HK.06806,申万宏源,2025-05-15 00:00:00,2.06507,2.01507,2.07507,2.01507,9.733,0.00352,8823730.0,19554798.0,-2.891468721537107,2.07507
HK.06806,申万宏源,2025-05-16 00:00:00,2.02507,1.99507,2.02507,1.98507,9.644,0.00219,5479177.0,11928904.0,-0.9925213516155884,2.01507
HK.06806,申万宏源,2025-05-19 00:00:00,1.99507,2.01507,2.01507,1.97507,9.733,0.00278,6957600.0,15099452.0,1.0024710912399184,1.99507
HK.06806,申万宏源,2025-05-20 00:00:00,2.00507,2.01507,2.04507,1.99507,9.733,0.00311,7784800.0,17059616.0,0.0,2.01507
HK.06806,申万宏源,2025-05-21 00:00:00,2.01507,2.00507,2.02507,1.99507,9.688,0.0025,6248800.0,13661496.0,-0.49626067580779976,2.01507
HK.06806,申万宏源,2025-05-22 00:00:00,2.00507,1.98507,2.01507,1.96507,9.6,0.00281,7025600.0,15217124.0,-0.9974714099757125,2.00507
HK.06806,申万宏源,2025-05-23 00:00:00,1.97507,1.97507,2.01507,1.96507,9.555,0.00322,8054400.0,17443208.0,-0.5037605726750083,1.98507
HK.06806,申万宏源,2025-05-26 00:00:00,1.96507,1.98507,2.01507,1.96507,9.6,0.00244,6098401.0,13168250.0,0.5063111687180599,1.97507
HK.06806,申万宏源,2025-05-27 00:00:00,1.99507,1.97507,1.99507,1.96507,9.555,0.00185,4624000.0,9929442.0,-0.5037605726750083,1.98507
HK.06806,申万宏源,2025-05-28 00:00:00,1.98507,1.96507,1.98507,1.94507,9.511,0.00217,5436800.0,11623480.0,-0.5063111687180712,1.97507
HK.06806,申万宏源,2025-05-29 00:00:00,1.97507,1.99507,2.00507,1.97507,9.644,0.00443,11088000.0,24016180.0,1.5266631723042845,1.96507
HK.06806,申万宏源,2025-05-30 00:00:00,1.99507,1.98507,1.99507,1.96507,9.6,0.00163,4090400.0,8826072.0,-0.5012355456199536,1.99507
HK.06806,申万宏源,2025-06-02 00:00:00,1.96507,1.94507,1.96507,1.88507,9.422,0.00108,2716000.0,5684372.0,-2.0150422907000665,1.98507
HK.06806,申万宏源,2025-06-03 00:00:00,1.95507,2.01507,2.02507,1.95507,9.733,0.00509,12739800.0,27797402.0,3.5988422010518932,1.94507
HK.06806,申万宏源,2025-06-04 00:00:00,2.02507,2.04507,2.06507,2.01507,9.866,0.00524,13109600.0,29106792.0,1.4887820274233552,2.01507
HK.06806,申万宏源,2025-06-05 00:00:00,2.06507,2.08507,2.10507,2.04507,10.044,0.00776,19443200.0,43926072.0,1.955923269130154,2.04507
HK.06806,申万宏源,2025-06-06 00:00:00,2.09507,2.05507,2.10507,2.05507,9.911,0.00293,7338400.0,16486928.0,-1.4388006158066542,2.08507
HK.06806,申万宏源,2025-06-09 00:00:00,2.07507,2.10507,2.14507,2.07507,10.133,0.00929,23262400.0,53162207.0,2.4330071481749926,2.05507
HK.06806,申万宏源,2025-06-10 00:00:00,2.10507,2.10507,2.13507,2.05507,10.133,0.00727,18202400.0,41579288.0,0.0,2.10507
HK.06806,申万宏源,2025-06-11 00:00:00,2.11507,2.16507,2.22507,2.11507,10.4,0.01417,35469600.0,83670891.0,2.8502615114936822,2.10507
HK.06806,申万宏源,2025-06-12 00:00:00,2.18507,2.20507,2.25507,2.14507,10.577,0.01848,46280000.0,110603821.0,1.8475153228302104,2.16507
HK.06806,申万宏源,2025-06-13 00:00:00,2.21507,2.15507,2.21507,2.14507,10.355,0.01161,29080800.0,68304608.0,-2.2675017119638046,2.20507
HK.06806,申万宏源,2025-06-16 00:00:00,2.17507,2.22507,2.24507,2.16507,10.666,0.00806,20182400.0,48238915.0,3.2481543522948346,2.15507
HK.06806,申万宏源,2025-06-17 00:00:00,2.25507,2.24507,2.28507,2.22507,10.755,0.00922,23083200.0,56103370.0,0.8988481261263698,2.22507
HK.06806,申万宏源,2025-06-18 00:00:00,2.25507,2.19507,2.25507,2.17507,10.533,0.00556,13918400.0,33158142.0,-2.227102050270159,2.24507
HK.06806,申万宏源,2025-06-19 00:00:00,2.20507,2.10507,2.20507,2.07507,10.133,0.00815,20397600.0,46698672.0,-4.100097035629837,2.19507
HK.06806,申万宏源,2025-06-20 00:00:00,2.09507,2.13507,2.13507,2.09507,10.266,0.00562,14061040.0,32187297.0,1.4251307557468305,2.10507
HK.06806,申万宏源,2025-06-23 00:00:00,2.11507,2.17507,2.20507,2.10507,10.444,0.00522,13064000.0,30415282.0,1.873474874360093,2.13507
HK.06806,申万宏源,2025-06-24 00:00:00,2.20507,2.31507,2.32507,2.20507,11.066,0.01819,45539700.0,111986250.0,6.436574455075015,2.17507
HK.06806,申万宏源,2025-06-25 00:00:00,2.33507,2.67507,2.69507,2.33507,12.666,0.07286,182440000.0,493055373.0,15.550285736500403,2.31507
HK.06806,申万宏源,2025-06-26 00:00:00,2.72507,2.54507,2.72507,2.45507,12.088,0.04535,113552000.0,310184062.0,-4.859685914761106,2.67507
HK.06806,申万宏源,2025-06-27 00:00:00,2.57507,2.56507,2.70507,2.48507,12.177,0.03133,78453758.0,217431181.0,0.7858330026286121,2.54507
HK.06806,申万宏源,2025-06-30 00:00:00,2.58507,2.50507,2.58507,2.46507,11.911,0.01252,31362400.0,84268456.0,-2.339117450985745,2.56507
HK.06806,申万宏源,2025-07-02 00:00:00,2.53507,2.45507,2.54507,2.42507,11.688,0.01068,26736000.0,70349863.0,-1.9959522089203028,2.50507
HK.06806,申万宏源,2025-07-03 00:00:00,2.47507,2.50507,2.52507,2.43507,11.911,0.00762,19068000.0,50614712.0,2.0366018076877572,2.45507
HK.06806,申万宏源,2025-07-04 00:00:00,2.52539,2.51539,2.60539,2.46539,11.733,0.01398,35005600.0,93254654.0,0.4119645359211561,2.50507
HK.06806,申万宏源,2025-07-07 00:00:00,2.51539,2.51539,2.52539,2.48539,11.733,0.00593,14844800.0,39057431.0,0.0,2.51539
HK.06806,申万宏源,2025-07-08 00:00:00,2.50539,2.60539,2.60539,2.50539,12.133,0.01326,33194400.0,89084887.0,3.577973992104598,2.51539
HK.06806,申万宏源,2025-07-09 00:00:00,2.60539,2.57539,2.64539,2.57539,12.0,0.01629,40780000.0,111185124.0,-1.1514590905776028,2.60539
HK.06806,申万宏源,2025-07-10 00:00:00,2.59539,2.68539,2.68539,2.57539,12.488,0.02461,61619200.0,170805386.0,4.271197760339206,2.57539
HK.06806,申万宏源,2025-07-11 00:00:00,2.68539,2.92539,3.25539,2.67539,13.555,0.12559,314473600.0,975275789.0,8.93724933808498,2.68539
HK.06806,申万宏源,2025-07-14 00:00:00,3.02539,2.94539,3.02539,2.86539,13.644,0.03943,98725300.0,301723056.0,0.6836695278236412,2.92539
HK.06806,申万宏源,2025-07-15 00:00:00,2.97539,3.00539,3.06539,2.86539,13.911,0.03178,79565601.0,246012739.0,2.0370816767898177,2.94539
HK.06806,申万宏源,2025-07-16 00:00:00,3.01539,3.00539,3.07539,2.92539,13.911,0.02191,54864800.0,170434157.0,0.0,3.00539
HK.06806,申万宏源,2025-07-17 00:00:00,3.02539,3.01539,3.05539,2.94539,13.955,0.02262,56630400.0,176843199.0,0.332735518518403,3.00539
HK.06806,申万宏源,2025-07-18 00:00:00,3.02539,3.13539,3.13539,3.00539,14.488,0.02378,59542400.0,190399084.0,3.979584730333393,3.01539
HK.06806,申万宏源,2025-07-21 00:00:00,3.18539,3.30539,3.32539,3.14539,15.244,0.0342,85636400.0,289240364.0,5.421973024089505,3.13539
HK.06806,申万宏源,2025-07-22 00:00:00,3.31539,3.31539,3.33539,3.13539,15.288,0.03387,84812874.0,285181004.0,0.3025361606345934,3.30539
HK.06806,申万宏源,2025-07-23 00:00:00,3.28539,3.32539,3.43539,3.20539,15.333,0.04218,105608000.0,363682060.0,0.3016236400544199,3.31539
HK.06806,申万宏源,2025-07-24 00:00:00,3.32539,3.43539,3.43539,3.28539,15.822,0.03122,78163200.0,274592528.0,3.3078826844370095,3.32539
HK.06806,申万宏源,2025-07-25 00:00:00,3.43539,3.33539,3.47539,3.32539,15.377,0.03564,89245200.0,312660740.0,-2.910877658722884,3.43539
HK.06806,申万宏源,2025-07-28 00:00:00,3.35539,3.30539,3.40539,3.25539,15.244,0.02791,69892000.0,241073424.0,-0.8994450424088279,3.33539
HK.06806,申万宏源,2025-07-29 00:00:00,3.28539,3.30539,3.32539,3.12539,15.244,0.06426,160904000.0,536313992.0,0.0,3.30539
HK.06806,申万宏源,2025-07-30 00:00:00,3.30539,3.29539,3.33539,3.22539,15.2,0.02545,63723230.0,217679300.0,-0.3025361606346068,3.30539
HK.06806,申万宏源,2025-07-31 00:00:00,3.27539,3.15539,3.32539,3.12539,14.577,0.0299,74860000.0,250404728.0,-4.248359071308697,3.29539
HK.06806,申万宏源,2025-08-01 00:00:00,3.17539,3.10539,3.20539,3.06539,14.355,0.0183,45819600.0,149368370.0,-1.5845901774424163,3.15539
HK.06806,申万宏源,2025-08-04 00:00:00,3.06539,3.22539,3.23539,3.06539,14.888,0.01712,42869280.0,140750800.0,3.864248934916391,3.10539
HK.06806,申万宏源,2025-08-05 00:00:00,3.23539,3.31539,3.32539,3.23539,15.288,0.01336,33452800.0,114180341.0,2.7903602355063994,3.22539
HK.06806,申万宏源,2025-08-06 00:00:00,3.35539,3.31539,3.35539,3.24539,15.288,0.00911,22807741.0,77669372.0,0.0,3.31539
HK.06806,申万宏源,2025-08-07 00:00:00,3.29539,3.26539,3.34539,3.22539,15.066,0.01193,29862400.0,101744840.0,-1.5081182002720592,3.31539
HK.06806,申万宏源,2025-08-08 00:00:00,3.29539,3.24539,3.30539,3.23539,14.977,0.01001,25056480.0,85148835.0,-0.6124842668103968,3.26539
HK.06806,申万宏源,2025-08-11 00:00:00,3.26539,3.32539,3.33539,3.24539,15.333,0.0151,37816000.0,129521848.0,2.4650350189037393,3.24539
HK.06806,申万宏源,2025-08-12 00:00:00,3.34539,3.37539,3.37539,3.28539,15.555,0.01252,31349200.0,108794599.0,1.5035830383804552,3.32539
HK.06806,申万宏源,2025-08-13 00:00:00,3.37539,3.42539,3.48539,3.33539,15.777,0.02087,52252400.0,185636500.0,1.481310307845916,3.37539
HK.06806,申万宏源,2025-08-14 00:00:00,3.43539,3.42539,3.51539,3.39539,15.777,0.02136,53490400.0,191726124.0,0.0,3.42539
HK.06806,申万宏源,2025-08-15 00:00:00,3.41539,3.53539,3.60539,3.36539,16.266,0.06401,160287200.0,586570662.0,3.2113131643404067,3.42539
HK.06806,申万宏源,2025-08-18 00:00:00,3.57539,3.61539,3.66539,3.51539,16.622,0.05279,132196800.0,493670852.0,2.2628338033427733,3.53539
HK.06806,申万宏源,2025-08-19 00:00:00,3.60539,3.47539,3.63539,3.43539,16.0,0.02517,63036000.0,230116684.0,-3.8723346582249802,3.61539
HK.06806,申万宏源,2025-08-20 00:00:00,3.44539,3.46539,3.47539,3.36539,15.955,0.01348,33757600.0,119857635.0,-0.28773749133190196,3.47539
HK.06806,申万宏源,2025-08-21 00:00:00,3.52539,3.44539,3.52539,3.38539,15.866,0.01996,49990400.0,178351144.0,-0.5771356182132463,3.46539
HK.06806,申万宏源,2025-08-22 00:00:00,3.45539,3.47539,3.49539,3.39539,16.0,0.01765,44200800.0,158161568.0,0.8707287128597866,3.44539
HK.06806,申万宏源,2025-08-25 00:00:00,3.53539,3.45539,3.55539,3.37539,15.911,0.03515,88009600.0,314971943.0,-0.5754749826638167,3.47539
HK.06806,申万宏源,2025-08-26 00:00:00,3.44539,3.36539,3.45539,3.36539,15.511,0.01977,49502450.0,174937152.0,-2.6046263952838857,3.45539
HK.06806,申万宏源,2025-08-27 00:00:00,3.37539,3.15539,3.40539,3.13539,14.577,0.0357,89401080.0,301555922.0,-6.239990016015973,3.36539
HK.06806,申万宏源,2025-08-28 00:00:00,3.16539,3.21539,3.23539,3.12539,14.844,0.02019,50555200.0,167662920.0,1.9015082129308913,3.15539
HK.06806,申万宏源,2025-08-29 00:00:00,3.23539,3.18539,3.30539,3.17539,14.711,0.01981,49594800.0,166049676.0,-0.9330127916053806,3.21539
HK.06806,申万宏源,2025-09-01 00:00:00,3.23539,3.11539,3.25539,3.10539,14.4,0.02131,53349600.0,174854893.0,-2.197533112114995,3.18539
HK.06806,申万宏源,2025-09-02 00:00:00,3.12539,3.06539,3.13539,3.01539,14.177,0.01901,47588800.0,151646941.0,-1.6049354976423582,3.11539
HK.06806,申万宏源,2025-09-03 00:00:00,3.08539,3.04539,3.11539,3.01539,14.088,0.00817,20448000.0,64793032.0,-0.6524455289539021,3.06539
HK.06806,申万宏源,2025-09-04 00:00:00,3.05539,3.02539,3.05539,2.98539,14.0,0.0103,25788400.0,81093390.0,-0.6567303366728077,3.04539
HK.06806,申万宏源,2025-09-05 00:00:00,3.03539,3.13539,3.13539,2.97539,14.488,0.01281,32086400.0,102203648.0,3.6358948763630585,3.02539
HK.06806,申万宏源,2025-09-08 00:00:00,3.14539,3.13539,3.15539,3.08539,14.488,0.00828,20724000.0,67308456.0,0.0,3.13539
HK.06806,申万宏源,2025-09-09 00:00:00,3.12539,3.18539,3.23539,3.11539,14.711,0.01745,43704100.0,145175829.0,1.5946979482616142,3.13539
HK.06806,申万宏源,2025-09-10 00:00:00,3.18539,3.27539,3.29539,3.18539,15.111,0.01221,30564800.0,103468608.0,2.8253997155764243,3.18539
HK.06806,申万宏源,2025-09-11 00:00:00,3.27539,3.38539,3.39539,3.23539,15.6,0.01166,29197600.0,101177288.0,3.358378696888014,3.27539
HK.06806,申万宏源,2025-09-12 00:00:00,3.38539,3.36539,3.43539,3.33539,15.511,0.00796,19929800.0,69686684.0,-0.5907738842496734,3.38539
HK.06806,申万宏源,2025-09-15 00:00:00,3.35539,3.28539,3.39539,3.25539,15.155,0.00803,20101600.0,69118856.0,-2.377139053720373,3.36539
HK.06806,申万宏源,2025-09-16 00:00:00,3.29539,3.26539,3.32539,3.22539,15.066,0.00734,18389600.0,62427823.0,-0.6087557337180676,3.28539
HK.06806,申万宏源,2025-09-17 00:00:00,3.28539,3.33539,3.35539,3.26539,15.377,0.00833,20864000.0,71700988.0,2.1436949338363824,3.26539
HK.06806,申万宏源,2025-09-18 00:00:00,3.34539,3.25539,3.35539,3.18539,15.022,0.01298,32507200.0,110447304.0,-2.3985201130902256,3.33539
HK.06806,申万宏源,2025-09-19 00:00:00,3.27539,3.23539,3.27539,3.18539,14.933,0.00581,14555600.0,48613292.0,-0.6143657134782492,3.25539
HK.06806,申万宏源,2025-09-22 00:00:00,3.24539,3.20539,3.24539,3.16539,14.8,0.00484,12114000.0,40173045.0,-0.9272452470954118,3.23539
HK.06806,申万宏源,2025-09-23 00:00:00,3.18539,3.10539,3.19539,3.05539,14.355,0.00883,22113100.0,71286696.0,-3.1197451792137643,3.20539
HK.06806,申万宏源,2025-09-24 00:00:00,3.10539,3.11539,3.16539,3.06539,14.4,0.00696,17436800.0,56320232.0,0.3220207445763731,3.10539
HK.06806,申万宏源,2025-09-25 00:00:00,3.10539,3.09539,3.13539,3.08539,14.311,0.00422,10568000.0,34138404.0,-0.6419741990569405,3.11539
HK.06806,申万宏源,2025-09-26 00:00:00,3.07539,3.01539,3.10539,3.01539,13.955,0.00842,21092000.0,67261540.0,-2.584488545869828,3.09539
HK.06806,申万宏源,2025-09-29 00:00:00,3.01539,3.29539,3.32539,3.01539,15.2,0.0216,54093600.0,181387728.0,9.285697704111236,3.01539
HK.06806,申万宏源,2025-09-30 00:00:00,3.30539,3.46539,3.48539,3.25539,15.955,0.02353,58923200.0,208196768.0,5.158721729446299,3.29539
HK.06806,申万宏源,2025-10-02 00:00:00,3.46539,3.35539,3.49539,3.28539,15.466,0.00347,8700800.0,30140410.0,-3.174245900172861,3.46539
HK.06806,申万宏源,2025-10-03 00:00:00,3.35539,3.33539,3.42539,3.29539,15.377,0.00341,8544000.0,29623059.0,-0.5960558981221264,3.35539
HK.06806,申万宏源,2025-10-06 00:00:00,3.34539,3.36539,3.36539,3.30539,15.511,0.00087,2173600.0,7544892.0,0.8994450424088413,3.33539
HK.06806,申万宏源,2025-10-08 00:00:00,3.33539,3.35539,3.36539,3.24539,15.466,0.00261,6536000.0,22386623.0,-0.29714238171505325,3.36539
HK.06806,申万宏源,2025-10-09 00:00:00,3.39539,3.33539,3.41539,3.29539,15.377,0.01363,34128000.0,118609261.0,-0.5960558981221264,3.35539
HK.06806,申万宏源,2025-10-10 00:00:00,3.32539,3.27539,3.41539,3.25539,15.111,0.01215,30420373.0,105026628.0,-1.798890084817669,3.33539
HK.06806,申万宏源,2025-10-13 00:00:00,3.16539,3.22539,3.22539,3.08539,14.888,0.01478,37001600.0,122291544.0,-1.5265357713127239,3.27539
HK.06806,申万宏源,2025-10-14 00:00:00,3.22539,3.14539,3.32539,3.10539,14.533,0.00773,19348000.0,64643816.0,-2.4803202093390277,3.22539
HK.06806,申万宏源,2025-10-15 00:00:00,3.16539,3.21539,3.26539,3.14539,14.844,0.00669,16742452.0,55895811.0,2.2254791933591793,3.14539
HK.06806,申万宏源,2025-10-16 00:00:00,3.21539,3.27539,3.30539,3.20539,15.111,0.00768,19221600.0,64963784.0,1.8660255832107335,3.21539
HK.06806,申万宏源,2025-10-17 00:00:00,3.26539,3.08539,3.27539,3.06539,14.266,0.01226,30690860.0,100407999.0,-5.80083593098837,3.27539
HK.06806,申万宏源,2025-10-20 00:00:00,3.16539,3.14539,3.18539,3.10539,14.533,0.00673,16858400.0,55139168.0,1.9446488126298476,3.08539
HK.06806,申万宏源,2025-10-21 00:00:00,3.17539,3.17539,3.28539,3.16539,14.666,0.02112,52875200.0,176448136.0,0.9537767971539379,3.14539
HK.06806,申万宏源,2025-10-22 00:00:00,3.17539,3.18539,3.18539,3.12539,14.711,0.00756,18939469.0,62177647.0,0.3149219465955296,3.17539
HK.06806,申万宏源,2025-10-23 00:00:00,3.17539,3.20539,3.20539,3.10539,14.8,0.00604,15120351.0,49680896.0,0.6278666034614292,3.18539
HK.06806,申万宏源,2025-10-24 00:00:00,3.21539,3.30539,3.30539,3.18539,15.244,0.00998,24992800.0,84432736.0,3.1197451792137643,3.20539
HK.06806,申万宏源,2025-10-27 00:00:00,3.33539,3.29539,3.38539,3.29539,15.2,0.00891,22315140.0,77340702.0,-0.3025361606346068,3.30539
HK.06806,申万宏源,2025-10-28 00:00:00,3.31539,3.23539,3.31539,3.22539,14.933,0.00622,15566512.0,52649839.0,-1.8207253162751487,3.29539
HK.06806,申万宏源,2025-10-30 00:00:00,3.28539,3.22539,3.30539,3.16539,14.888,0.01051,26306131.0,88431114.0,-0.3090817490318085,3.23539
HK.06806,申万宏源,2025-10-31 00:00:00,3.26539,3.29539,3.39539,3.24539,15.2,0.02116,52979200.0,182329254.0,2.1702801831716427,3.22539
HK.06806,申万宏源,2025-11-03 00:00:00,3.31539,3.29539,3.34539,3.25539,15.2,0.00721,18062582.0,62052697.0,0.0,3.29539
HK.06806,申万宏源,2025-11-04 00:00:00,3.31539,3.21539,3.31539,3.19539,14.844,0.00811,20304800.0,68294736.0,-2.4276337550335354,3.29539
HK.06806,申万宏源,2025-11-05 00:00:00,3.23539,3.17539,3.23539,3.12539,14.666,0.00736,18419990.0,60584290.0,-1.2440170554738317,3.21539
HK.06806,申万宏源,2025-11-06 00:00:00,3.19539,3.25539,3.28539,3.19539,15.022,0.00643,16097600.0,54064192.0,2.5193755727642784,3.17539
HK.06806,申万宏源,2025-11-07 00:00:00,3.24539,3.25539,3.28539,3.22539,15.022,0.00476,11927200.0,40342944.0,0.0,3.25539
HK.06806,申万宏源,2025-11-10 00:00:00,3.27539,3.33539,3.34539,3.20539,15.377,0.00817,20452000.0,69800564.0,2.4574628539130514,3.25539
HK.06806,申万宏源,2025-11-11 00:00:00,3.35539,3.25539,3.35539,3.24539,15.022,0.00471,11791200.0,40102952.0,-2.3985201130902256,3.33539
HK.06806,申万宏源,2025-11-12 00:00:00,3.26539,3.20539,3.28539,3.19539,14.8,0.00689,17256858.0,57856666.0,-1.53591428369565,3.25539
HK.06806,申万宏源,2025-11-13 00:00:00,3.22539,3.26539,3.28539,3.18539,15.066,0.00622,15578800.0,52416862.0,1.8718471075282586,3.20539
HK.06806,申万宏源,2025-11-14 00:00:00,3.26376,3.20376,3.27376,3.19376,14.622,0.00453,11352000.0,37743012.0,-1.8873702681762385,3.26539
HK.06806,申万宏源,2025-11-17 00:00:00,3.19376,3.18376,3.22376,3.13376,14.533,0.00424,10627952.0,34553016.0,-0.6242664868779191,3.20376
HK.06806,申万宏源,2025-11-18 00:00:00,3.18376,3.07376,3.18376,3.05376,14.044,0.00802,20079184.0,64031589.0,-3.4550342990677647,3.18376
HK.06806,申万宏源,2025-11-19 00:00:00,3.09376,3.10376,3.12376,3.06376,14.177,0.0042,10509600.0,33394680.0,0.9760033314246982,3.07376
HK.06806,申万宏源,2025-11-20 00:00:00,3.23376,3.13376,3.26376,3.11376,14.311,0.00811,20304000.0,66368668.0,0.9665695801221825,3.10376
HK.06806,申万宏源,2025-11-21 00:00:00,3.09376,2.96376,3.10376,2.93376,13.555,0.00973,24366400.0,75361040.0,-5.424793219646684,3.13376
HK.06806,申万宏源,2025-11-24 00:00:00,2.99376,2.97376,3.00376,2.94376,13.6,0.00424,10606400.0,32370432.0,0.3374092369152626,2.96376
HK.06806,申万宏源,2025-11-25 00:00:00,2.97376,2.98376,3.03376,2.96376,13.644,0.00458,11466725.0,35299470.0,0.3362746153018479,2.97376
HK.06806,申万宏源,2025-11-26 00:00:00,3.01376,2.99376,3.03376,2.98376,13.688,0.00268,6705973.0,20760434.0,0.3351475990025936,2.98376
HK.06806,申万宏源,2025-11-27 00:00:00,3.01376,2.98376,3.04376,2.98376,13.644,0.00269,6728000.0,20841088.0,-0.33402811180588243,2.99376
HK.06806,申万宏源,2025-11-28 00:00:00,2.99376,3.01376,3.01376,2.97376,13.777,0.00213,5345600.0,16484924.0,1.0054427970077957,2.98376
HK.06806,申万宏源,2025-12-01 00:00:00,3.01376,3.01376,3.03376,3.00376,13.777,0.00191,4792000.0,14882128.0,0.0,3.01376
HK.06806,申万宏源,2025-12-02 00:00:00,3.03376,3.00376,3.05376,2.97376,13.733,0.00455,11387200.0,35329900.0,-0.33181142493097615,3.01376
HK.06806,申万宏源,2025-12-03 00:00:00,2.99376,2.95376,3.03376,2.94376,13.511,0.00258,6452800.0,19737017.0,-1.6645803925746487,3.00376
HK.06806,申万宏源,2025-12-04 00:00:00,2.97376,2.96376,2.99376,2.93376,13.555,0.00299,7488800.0,22828912.0,0.3385515410866229,2.95376
HK.06806,申万宏源,2025-12-05 00:00:00,2.97376,3.04376,3.05376,2.94376,13.911,0.00519,12996013.0,40233790.0,2.6992738953221456,2.96376
HK.06806,申万宏源,2025-12-08 00:00:00,3.09376,3.09376,3.18376,3.08376,14.133,0.00928,23236000.0,74969184.0,1.6427050753016097,3.04376
HK.06806,申万宏源,2025-12-09 00:00:00,3.12376,2.98376,3.12376,2.96376,13.644,0.00638,15978400.0,49379346.0,-3.5555440628878734,3.09376
HK.06806,申万宏源,2025-12-10 00:00:00,2.99376,2.88376,2.99376,2.87376,13.2,0.01196,29958400.0,89877536.0,-3.3514759900260103,2.98376
HK.06806,申万宏源,2025-12-11 00:00:00,2.91376,2.89376,2.91376,2.87376,13.244,0.00409,10244800.0,30513208.0,0.3467694953810229,2.88376
HK.06806,申万宏源,2025-12-12 00:00:00,2.90376,2.97376,2.97376,2.85376,13.6,0.0169,42310400.0,126778432.0,2.764569280106162,2.89376
HK.06806,申万宏源,2025-12-15 00:00:00,2.94376,2.99376,3.06376,2.92376,13.688,0.00839,21003200.0,65068304.0,0.6725492306036809,2.97376
HK.06806,申万宏源,2025-12-16 00:00:00,3.01376,2.97376,3.02376,2.96376,13.6,0.00595,14890400.0,45827132.0,-0.6680562236117797,2.99376
HK.06806,申万宏源,2025-12-17 00:00:00,2.99376,3.03376,3.06376,2.95376,13.866,0.00437,10935200.0,33908352.0,2.0176476918110424,2.97376
HK.06806,申万宏源,2025-12-18 00:00:00,3.05376,3.03376,3.05376,2.98376,13.866,0.00342,8551200.0,26547585.0,0.0,3.03376
HK.06806,申万宏源,2025-12-19 00:00:00,3.04376,3.04376,3.09376,3.02376,13.911,0.00503,12596800.0,39587838.0,0.329623964980743,3.03376
HK.06806,申万宏源,2025-12-22 00:00:00,3.03376,3.03376,3.08376,3.01376,13.866,0.00347,8697466.0,27221181.0,-0.32854101506031314,3.04376
HK.06806,申万宏源,2025-12-23 00:00:00,3.06376,2.98376,3.06376,2.98376,13.644,0.00229,5746142.0,17830314.0,-1.6481198249037439,3.03376
HK.06806,申万宏源,2025-12-24 00:00:00,3.00376,3.01376,3.02376,2.98376,13.777,0.00104,2604800.0,8069520.0,1.0054427970077957,2.98376
HK.06806,申万宏源,2025-12-29 00:00:00,3.02376,2.93376,3.06376,2.93376,13.422,0.00887,22202400.0,68382792.0,-2.654491399447868,3.01376
HK.06806,申万宏源,2025-12-30 00:00:00,2.96376,2.93376,2.98376,2.93376,13.422,0.00435,10903200.0,33148728.0,0.0,2.93376
HK.06806,申万宏源,2025-12-31 00:00:00,2.94376,2.95376,2.96376,2.91376,13.511,0.00215,5380000.0,16283346.0,0.6817190226876096,2.93376
HK.06806,申万宏源,2026-01-02 00:00:00,2.95376,3.04376,3.05376,2.92376,13.911,0.00119,2970400.0,9206256.0,3.0469638697795305,2.95376
HK.06806,申万宏源,2026-01-05 00:00:00,3.00376,3.06376,3.11376,2.98376,14.0,0.01024,25638400.0,80748240.0,0.6570820301206408,3.04376
HK.06806,申万宏源,2026-01-06 00:00:00,3.06376,3.28376,3.31376,3.06376,14.977,0.02105,52712800.0,175058736.0,7.18071911637988,3.06376
HK.06806,申万宏源,2026-01-07 00:00:00,3.27376,3.23376,3.29376,3.21376,14.755,0.01003,25121600.0,83776447.0,-1.5226447730650177,3.28376
HK.06806,申万宏源,2026-01-08 00:00:00,3.25376,3.14376,3.25376,3.11376,14.355,0.00771,19295200.0,62395632.0,-2.7831378952055905,3.23376
HK.06806,申万宏源,2026-01-09 00:00:00,3.17376,3.16376,3.21376,3.12376,14.444,0.0062,15525600.0,50407643.0,0.636180878947503,3.14376
HK.06806,申万宏源,2026-01-12 00:00:00,3.19376,3.19376,3.20376,3.11376,14.577,0.00735,18408800.0,59872022.0,0.9482388044605232,3.16376
HK.06806,申万宏源,2026-01-13 00:00:00,3.20376,3.15376,3.28376,3.15376,14.4,0.00785,19654400.0,64923968.0,-1.2524422624117038,3.19376
HK.06806,申万宏源,2026-01-14 00:00:00,3.18376,3.13376,3.23376,3.11376,14.311,0.00848,21245600.0,69298603.0,-0.6341636649586531,3.15376
HK.06806,申万宏源,2026-01-15 00:00:00,3.12376,3.16376,3.20376,3.12376,14.444,0.00632,15832800.0,51366262.0,0.9573164505258795,3.13376
HK.06806,申万宏源,2026-01-16 00:00:00,3.16376,3.13376,3.22376,3.13376,14.311,0.00338,8475601.0,27518663.0,-0.9482388044605092,3.16376
HK.06806,申万宏源,2026-01-19 00:00:00,3.13376,3.02376,3.13376,3.00376,13.822,0.00935,23413600.0,73476264.0,-3.510160318594925,3.13376
HK.06806,申万宏源,2026-01-20 00:00:00,3.04376,3.06376,3.09376,3.02376,14.0,0.00364,9104000.0,28705532.0,1.3228563113474627,3.02376
HK.06806,申万宏源,2026-01-21 00:00:00,3.03376,3.03376,3.07376,3.03376,13.866,0.00177,4432000.0,13900488.0,-0.979188970415431,3.06376
HK.06806,申万宏源,2026-01-22 00:00:00,3.04376,3.02376,3.09376,3.01376,13.822,0.00269,6724000.0,21049893.0,-0.3296239649807576,3.03376
HK.06806,申万宏源,2026-01-23 00:00:00,3.03376,3.03376,3.06376,3.01376,13.866,0.00258,6460800.0,20176238.0,0.330714077836873,3.02376
HK.06806,申万宏源,2026-01-26 00:00:00,3.03376,3.03376,3.10376,3.02376,13.866,0.00487,12200668.0,38349069.0,0.0,3.03376
HK.06806,申万宏源,2026-01-27 00:00:00,3.04376,2.99376,3.06376,2.99376,13.688,0.00408,10212000.0,31641337.0,-1.318495859923001,3.03376
HK.06806,申万宏源,2026-01-28 00:00:00,3.05376,3.06376,3.12376,3.02376,14.0,0.00814,20376400.0,64597816.0,2.3381967826412215,2.99376
HK.06806,申万宏源,2026-01-29 00:00:00,3.07376,3.14376,3.17376,3.06376,14.355,0.0066,16535468.0,53034614.0,2.611170587774502,3.06376
HK.06806,申万宏源,2026-01-30 00:00:00,3.15376,3.04376,3.16376,3.04376,13.911,0.00412,10309334.0,32618812.0,-3.1809043947375146,3.14376
HK.06806,申万宏源,2026-02-02 00:00:00,3.04376,3.04376,3.09376,2.99376,13.911,0.00712,17828534.0,55871043.0,0.0,3.04376
HK.06806,申万宏源,2026-02-03 00:00:00,3.05376,3.08376,3.09376,3.01376,14.088,0.00438,10979468.0,34487977.0,1.3141640602412816,3.04376
HK.06806,申万宏源,2026-02-04 00:00:00,3.08376,3.13376,3.15376,3.05376,14.311,0.00615,15399200.0,49179216.0,1.621397255298735,3.08376
HK.06806,申万宏源,2026-02-05 00:00:00,3.12376,3.13376,3.15376,3.04376,14.311,0.00498,12479732.0,39566371.0,0.0,3.13376
HK.06806,申万宏源,2026-02-06 00:00:00,3.09376,3.10376,3.11376,3.04376,14.177,0.0022,5500534.0,17420746.0,-0.9573164505258938,3.13376
HK.06806,申万宏源,2026-02-09 00:00:00,3.11376,3.13376,3.19376,3.11376,14.311,0.00445,11138537.0,36042727.0,0.9665695801221825,3.10376
HK.06806,申万宏源,2026-02-10 00:00:00,3.13376,3.12376,3.18376,3.12376,14.266,0.00421,10532800.0,34139508.0,-0.319105483508636,3.13376
HK.06806,申万宏源,2026-02-11 00:00:00,3.12376,3.16376,3.17376,3.11376,14.444,0.00228,5698001.0,18427811.0,1.2805081056163097,3.12376
HK.06806,申万宏源,2026-02-12 00:00:00,3.17376,3.10376,3.17376,3.09376,14.177,0.00302,7567200.0,24243160.0,-1.8964776089210327,3.16376
HK.06806,申万宏源,2026-02-13 00:00:00,3.10376,3.09376,3.16376,3.04376,14.133,0.00608,15216534.0,48493988.0,-0.322189860040718,3.10376
HK.06806,申万宏源,2026-02-16 00:00:00,3.09376,2.96376,3.09376,2.90376,13.555,0.0036,9026400.0,27418456.0,-4.202006619776579,3.09376
HK.06806,申万宏源,2026-02-20 00:00:00,2.98376,3.05376,3.06376,2.94376,13.955,0.00147,3678803.0,11451588.0,3.0366831322374233,2.96376
HK.06806,申万宏源,2026-02-23 00:00:00,3.07376,3.11376,3.11376,3.07376,14.222,0.00111,2767200.0,8821112.0,1.9647909462433215,3.05376
HK.06806,申万宏源,2026-02-24 00:00:00,3.09376,3.04376,3.09376,3.01376,13.911,0.00354,8868000.0,27638548.0,-2.2480859154205937,3.11376
HK.06806,申万宏源,2026-02-25 00:00:00,3.04376,3.10376,3.17376,3.04376,14.177,0.00666,16669600.0,53371482.0,1.9712460903619227,3.04376
HK.06806,申万宏源,2026-02-26 00:00:00,3.09376,3.01376,3.11376,3.01376,13.777,0.00457,11433600.0,35743104.0,-2.8997087403665187,3.10376
HK.06806,申万宏源,2026-02-27 00:00:00,3.01376,3.01376,3.04376,2.99376,13.777,0.00253,6342402.0,19674118.0,0.0,3.01376
HK.06806,申万宏源,2026-03-02 00:00:00,3.01376,2.92376,3.01376,2.88376,13.377,0.00707,17705600.0,53290840.0,-2.9863028243788445,3.01376
HK.06806,申万宏源,2026-03-03 00:00:00,2.93376,2.88376,2.99376,2.87376,13.2,0.00937,23467200.0,70596856.0,-1.3681013489479312,2.92376
HK.06806,申万宏源,2026-03-04 00:00:00,2.85376,2.82376,2.87376,2.79376,12.933,0.00673,16850800.0,49063066.0,-2.0806169722861836,2.88376
HK.06806,申万宏源,2026-03-05 00:00:00,2.86376,2.82376,2.90376,2.80376,12.933,0.00672,16830000.0,49328980.0,0.0,2.82376
HK.06806,申万宏源,2026-03-06 00:00:00,2.82376,2.88376,2.91376,2.81376,13.2,0.00448,11228000.0,33260584.0,2.1248264725047474,2.82376
HK.06806,申万宏源,2026-03-09 00:00:00,2.83376,2.82376,2.84376,2.74376,12.933,0.00595,14889600.0,42933560.0,-2.0806169722861836,2.88376
HK.06806,申万宏源,2026-03-10 00:00:00,2.84376,2.85376,2.89376,2.84376,13.066,0.00596,14928000.0,44004456.0,1.062413236252366,2.82376
HK.06806,申万宏源,2026-03-11 00:00:00,2.88376,2.90376,2.90376,2.84376,13.288,0.00319,7978400.0,23693082.0,1.7520744561560984,2.85376
HK.06806,申万宏源,2026-03-12 00:00:00,2.85376,2.88376,2.89376,2.82376,13.2,0.00344,8619200.0,25376069.0,-0.6887621566520655,2.90376
HK.06806,申万宏源,2026-03-13 00:00:00,2.85376,2.81376,2.87376,2.80376,12.888,0.00299,7477600.0,21861448.0,-2.427386467667222,2.88376
HK.06806,申万宏源,2026-03-16 00:00:00,2.81376,2.78376,2.81376,2.75376,12.755,0.00385,9651736.0,27633534.0,-1.066189013988393,2.81376
HK.06806,申万宏源,2026-03-17 00:00:00,2.77376,2.85376,2.91376,2.77376,13.066,0.00528,13215200.0,38912268.0,2.514584590625623,2.78376
HK.06806,申万宏源,2026-03-18 00:00:00,2.84376,2.83376,2.86376,2.81376,12.977,0.00225,5640000.0,16504480.0,-0.7008297824624362,2.85376
HK.06806,申万宏源,2026-03-19 00:00:00,2.81376,2.79376,2.81376,2.77376,12.8,0.00383,9596000.0,27658496.0,-1.4115521427361541,2.83376
HK.06806,申万宏源,2026-03-20 00:00:00,2.78376,2.74376,2.81376,2.74376,12.577,0.00411,10298400.0,29440296.0,-1.789702766164589,2.79376
HK.06806,申万宏源,2026-03-23 00:00:00,2.72376,2.64376,2.72376,2.57376,12.133,0.00893,22365600.0,60729072.0,-3.644633641426367,2.74376
HK.06806,申万宏源,2026-03-24 00:00:00,2.67376,2.70376,2.71376,2.62376,12.4,0.00568,14217600.0,39309360.0,2.269494961721187,2.64376
HK.06806,申万宏源,2026-03-25 00:00:00,2.71376,2.74376,2.77376,2.70376,12.577,0.0039,9762400.0,27543800.0,1.4794212504068422,2.70376
HK.06806,申万宏源,2026-03-26 00:00:00,2.75376,2.59376,2.75376,2.58376,11.911,0.00639,16004800.0,43444200.0,-5.466950462139543,2.74376
HK.06806,申万宏源,2026-03-27 00:00:00,2.60376,2.69376,2.71376,2.58376,6.619,0.00538,13476800.0,37013832.0,3.8554068225279168,2.59376
HK.06806,申万宏源,2026-03-30 00:00:00,2.65376,2.67376,2.71376,2.65376,6.571,0.00391,9781600.0,27003552.0,-0.7424566405321935,2.69376
HK.06806,申万宏源,2026-03-31 00:00:00,2.69376,2.62376,2.73376,2.58376,6.452,0.00486,12178400.0,33137316.0,-1.8700257315540763,2.67376
HK.06806,申万宏源,2026-04-01 00:00:00,2.67376,2.64376,2.69376,2.64376,6.5,0.00521,13046406.0,35874056.0,0.7622648412964608,2.62376
HK.06806,申万宏源,2026-04-02 00:00:00,2.65376,2.63376,2.67376,2.59376,6.476,0.00326,8159200.0,22030120.0,-0.3782491602868561,2.64376
HK.06806,申万宏源,2026-04-08 00:00:00,2.65376,2.72376,2.76376,2.65376,6.69,0.007,17516000.0,49157782.0,3.41716785128485,2.63376
HK.06806,申万宏源,2026-04-09 00:00:00,2.71376,2.67376,2.71376,2.65376,6.571,0.00244,6110668.0,16899822.0,-1.8356977119863653,2.72376
HK.06806,申万宏源,2026-04-10 00:00:00,2.71376,2.72376,2.85376,2.71376,6.69,0.01103,27624800.0,79346006.0,1.8700257315540596,2.67376
HK.06806,申万宏源,2026-04-13 00:00:00,2.74376,2.76376,2.76376,2.70376,6.785,0.0063,15775089.0,44809120.0,1.4685581695890986,2.72376
HK.06806,申万宏源,2026-04-14 00:00:00,2.78376,2.79376,2.81376,2.75376,6.857,0.00415,10389600.0,29850275.0,1.085477754942535,2.76376
HK.06806,申万宏源,2026-04-15 00:00:00,2.81376,2.77376,2.83376,2.77376,6.809,0.00234,5867200.0,16895296.0,-0.7158811064658388,2.79376
HK.06806,申万宏源,2026-04-16 00:00:00,2.79376,2.81376,2.83376,2.78376,6.904,0.00409,10248800.0,29673168.0,1.4420858329487785,2.77376
HK.06806,申万宏源,2026-04-17 00:00:00,2.79376,2.77376,2.79376,2.75376,6.809,0.00297,7431200.0,21189420.0,-1.4215853519845345,2.81376
HK.06806,申万宏源,2026-04-20 00:00:00,2.79376,2.77376,2.79376,2.75376,6.809,0.0026,6501600.0,18536408.0,0.0,2.77376
HK.06806,申万宏源,2026-04-21 00:00:00,2.78376,2.75376,2.78376,2.72376,6.761,0.00213,5323200.0,15047152.0,-0.7210429164743732,2.77376
HK.06806,申万宏源,2026-04-22 00:00:00,2.75376,2.74376,2.78376,2.72376,6.738,0.00216,5408000.0,15359208.0,-0.3631398524199723,2.75376
HK.06806,申万宏源,2026-04-23 00:00:00,2.77376,2.70376,2.77376,2.68376,6.642,0.00408,10216800.0,28526168.0,-1.457853456570547,2.74376
HK.06806,申万宏源,2026-04-24 00:00:00,2.71376,2.70376,2.72376,2.65376,6.642,0.00286,7157600.0,19830372.0,0.0,2.70376
HK.06806,申万宏源,2026-04-27 00:00:00,2.70376,2.72376,2.73376,2.68376,6.69,0.00409,10252800.0,28663145.0,0.7397106252034211,2.70376
HK.06806,申万宏源,2026-04-28 00:00:00,2.73376,2.73376,2.79376,2.71376,6.714,0.00354,8871000.0,25156004.0,0.3671395423972828,2.72376
HK.06806,申万宏源,2026-04-29 00:00:00,2.74376,2.78376,2.79376,2.73376,6.833,0.00371,9292800.0,26539400.0,1.8289827929298774,2.73376
HK.06806,申万宏源,2026-04-30 00:00:00,2.78376,2.70376,2.79376,2.69376,6.642,0.00586,14672000.0,41390889.0,-2.873810960715007,2.78376
HK.06806,申万宏源,2026-05-04 00:00:00,2.73376,2.74376,2.76376,2.73376,6.738,0.00123,3088800.0,8761780.0,1.4794212504068422,2.70376
HK.06806,申万宏源,2026-05-05 00:00:00,2.72376,2.75376,2.76376,2.70376,6.761,0.00089,2230400.0,6293928.0,0.3644633641426448,2.74376
HK.06806,申万宏源,2026-05-06 00:00:00,2.75376,2.77376,2.78376,2.72376,6.809,0.00407,10203200.0,29036232.0,0.7262797048399123,2.75376
HK.06806,申万宏源,2026-05-07 00:00:00,2.79376,2.80376,2.80376,2.77376,6.88,0.00554,13860800.0,39856544.0,1.081564374711592,2.77376
HK.06806,申万宏源,2026-05-08 00:00:00,2.78376,2.76376,2.79376,2.75376,6.785,0.0028,7002400.0,20002428.0,-1.4266556338630993,2.80376
HK.06806,申万宏源,2026-05-11 00:00:00,2.77376,2.84376,2.84376,2.74376,6.976,0.00636,15928000.0,46143592.0,2.894607346513448,2.76376
HK.06806,申万宏源,2026-05-12 00:00:00,2.84376,2.85376,2.88376,2.82376,7.0,0.00329,8248813.0,24236886.0,0.3516471150870603,2.84376
HK.06806,申万宏源,2026-05-13 00:00:00,2.85376,2.81376,2.85376,2.76376,6.904,0.00619,15493600.0,44647628.0,-1.4016595649248724,2.85376
HK.06806,申万宏源,2026-05-14 00:00:00,2.83376,2.76376,2.83376,2.74376,6.785,0.00449,11238731.0,32145960.0,-1.77698168998066,2.81376
HK.06806,申万宏源,2026-05-15 00:00:00,2.75376,2.71376,2.76376,2.67376,6.666,0.00347,8683200.0,24337476.0,-1.8091295915708971,2.76376
HK.06806,申万宏源,2026-05-18 00:00:00,2.69376,2.63376,2.70376,2.62376,6.476,0.00415,10402400.0,28471639.0,-2.9479393903661366,2.71376
HK.06806,申万宏源,2026-05-19 00:00:00,2.62376,2.66376,2.68376,2.62376,6.547,0.00208,5213604.0,14323288.0,1.1390559504282776,2.63376
HK.06806,申万宏源,2026-05-20 00:00:00,2.64376,2.63376,2.67376,2.62376,6.476,0.00183,4592000.0,12530324.0,-1.1262275880709902,2.66376
HK.06806,申万宏源,2026-05-21 00:00:00,2.64376,2.60376,2.74376,2.60376,6.404,0.00597,14957372.0,41123622.0,-1.1390559504282944,2.63376
HK.06806,申万宏源,2026-05-22 00:00:00,2.63376,2.57376,2.64376,2.57376,6.333,0.00331,8280881.0,22179321.0,-1.1521799244169895,2.60376
HK.06806,申万宏源,2026-05-26 00:00:00,2.60376,2.59376,2.65376,2.55376,6.38,0.00504,12609600.0,34091712.0,0.7770732313813261,2.57376
HK.06806,申万宏源,2026-05-27 00:00:00,2.60376,2.57376,2.63376,2.55376,6.333,0.00214,5367200.0,14350066.0,-0.7710813645055833,2.59376
HK.06806,申万宏源,2026-05-28 00:00:00,2.59376,2.50376,2.59376,2.44376,6.166,0.00598,14968000.0,38593744.0,-2.7197563098346325,2.57376
HK.06806,申万宏源,2026-05-29 00:00:00,2.50376,2.50376,2.57376,2.50376,6.166,0.00534,13359007.0,35066060.0,0.0,2.50376
HK.06806,申万宏源,2026-06-01 00:00:00,2.50376,2.52376,2.57376,2.50376,6.214,0.00409,10248800.0,26963076.0,0.7987986068952124,2.50376
HK.06806,申万宏源,2026-06-02 00:00:00,2.53376,2.54376,2.56376,2.51376,6.261,0.00352,8808800.0,23175584.0,0.7924683805116184,2.52376
HK.06806,申万宏源,2026-06-03 00:00:00,2.56376,2.53376,2.56376,2.50376,6.238,0.00568,14210400.0,37153824.0,-0.3931188476900253,2.54376
HK.06806,申万宏源,2026-06-04 00:00:00,2.53376,2.49376,2.55376,2.46376,6.142,0.00346,8665600.0,22421104.0,-1.5786814852235427,2.53376
HK.06806,申万宏源,2026-06-05 00:00:00,2.50376,2.48376,2.53376,2.46376,6.119,0.00325,8144800.0,21004128.0,-0.40100089824200347,2.49376
HK.06806,申万宏源,2026-06-08 00:00:00,2.46376,2.46376,2.48376,2.40376,6.071,0.00417,10432402.0,26454536.0,-0.8052307791413025,2.48376
HK.06806,申万宏源,2026-06-09 00:00:00,2.45376,2.48376,2.52376,2.43376,6.119,0.00437,10945600.0,28215752.0,0.8117673799396051,2.46376
HK.06806,申万宏源,2026-06-10 00:00:00,2.48376,2.56376,2.58376,2.47376,6.309,0.0041,10274400.0,26992114.0,3.220923116565192,2.48376
HK.06806,申万宏源,2026-06-11 00:00:00,2.55376,2.55376,2.57376,2.50376,6.285,0.00273,6832000.0,17913272.0,-0.39005211096201625,2.56376
HK.06806,申万宏源,2026-06-12 00:00:00,2.56376,2.61376,2.69376,2.56376,6.428,0.00808,20225600.0,55045203.0,2.349476849821442,2.55376
HK.06806,申万宏源,2026-06-15 00:00:00,2.63376,2.67376,2.76376,2.63376,6.571,0.01015,25412000.0,70538973.0,2.295543584720864,2.61376
HK.06806,申万宏源,2026-06-16 00:00:00,2.68376,2.63376,2.68376,2.61376,6.476,0.00787,19699200.0,53644388.0,-1.4960205852432542,2.67376
HK.06806,申万宏源,2026-06-17 00:00:00,2.66376,2.57376,2.66376,2.57376,6.333,0.00415,10384800.0,27912700.0,-2.278111900856572,2.63376
HK.06806,申万宏源,2026-06-18 00:00:00,2.58376,2.46376,2.58376,2.44376,6.071,0.00768,19232000.0,49766252.0,-4.2739027725972845,2.57376
HK.06806,申万宏源,2026-06-22 00:00:00,2.48376,2.60376,2.63376,2.44376,6.404,0.00861,21563200.0,56997184.0,5.6823716595772185,2.46376
HK.06806,申万宏源,2026-06-23 00:00:00,2.59376,2.54376,2.67376,2.53376,6.261,0.00571,14294400.0,38449221.0,-2.3043598488339962,2.60376
HK.06806,申万宏源,2026-06-24 00:00:00,2.56376,2.45376,2.59376,2.45376,6.047,0.00326,8170400.0,21086944.0,-3.5380696292102978,2.54376
HK.06806,申万宏源,2026-06-25 00:00:00,2.45376,2.48376,2.50376,2.41376,6.119,0.00719,17994400.0,45953584.0,1.2226134585289616,2.45376
HK.06806,申万宏源,2026-06-26 00:00:00,2.49376,2.38376,2.49376,2.35376,5.88,0.0047,11773600.0,29227872.0,-4.026153895706512,2.48376
HK.06806,申万宏源,2026-06-29 00:00:00,2.38376,2.39376,2.44376,2.38376,5.904,0.00347,8700800.0,21755756.0,0.4195053193274402,2.38376
HK.06806,申万宏源,2026-06-30 00:00:00,2.40376,2.41376,2.44376,2.38376,5.952,0.00597,14952800.0,37331988.0,0.8355056480181814,2.39376
HK.06806,申万宏源,2026-07-02 00:00:00,2.48376,2.48376,2.54376,2.45376,6.119,0.00582,14569600.0,37523816.0,2.9000397719740274,2.41376
HK.06806,申万宏源,2026-07-03 00:00:00,2.49376,2.54376,2.56376,2.49376,6.261,0.00423,10603200.0,27689672.0,2.4156923374238897,2.48376
HK.06806,申万宏源,2026-07-06 00:00:00,2.56376,2.56376,2.60376,2.54376,6.309,0.0041,10255919.0,27251913.0,0.7862376953800679,2.54376
HK.06806,申万宏源,2026-07-07 00:00:00,2.57376,2.47376,2.57376,2.47376,6.095,0.00269,6748000.0,17485832.0,-3.5104689986582156,2.56376
HK.06806,申万宏源,2026-07-08 00:00:00,2.49376,2.49376,2.53376,2.48376,6.142,0.00244,6105600.0,15863260.0,0.808485867667034,2.47376
HK.06806,申万宏源,2026-07-09 00:00:00,2.51376,2.50376,2.52376,2.45376,6.166,0.00337,8444800.0,21830232.0,0.40100089824202134,2.49376
HK.06806,申万宏源,2026-07-10 00:00:00,2.53,2.48,2.56,2.48,5.904,0.00315,7900000.0,19855496.0,-0.9489727449915417,2.50376
HK.06806,申万宏源,2026-07-13 00:00:00,2.5,2.45,2.5,2.42,5.833,0.00403,10102400.0,24688292.0,-1.209677419354831,2.48
HK.06806,申万宏源,2026-07-14 00:00:00,2.45,2.51,2.53,2.4,5.976,0.00504,12631200.0,31061240.0,2.4489795918367188,2.45
HK.06806,申万宏源,2026-07-15 00:00:00,2.51,2.58,2.63,2.51,6.142,0.00521,13040918.0,33694001.0,2.7888446215139555,2.51
HK.06806,申万宏源,2026-07-16 00:00:00,2.58,2.55,2.6,2.55,6.071,0.00419,10490400.0,27000024.0,-1.1627906976744282,2.58
HK.06806,申万宏源,2026-07-17 00:00:00,2.56,2.5,2.58,2.44,5.952,0.00823,20612000.0,51177552.0,-1.9607843137254832,2.55
HK.06806,申万宏源,2026-07-20 00:00:00,2.52,2.54,2.56,2.51,6.047,0.00279,6978400.0,17695024.0,1.6000000000000014,2.5
HK.06806,申万宏源,2026-07-21 00:00:00,2.57,2.59,2.62,2.56,6.166,0.00318,7960800.0,20602576.0,1.968503937007867,2.54
HK.06806,申万宏源,2026-07-22 00:00:00,2.61,2.57,2.62,2.57,6.119,0.00208,5220515.0,13526900.0,-0.7722007722007729,2.59
HK.06806,申万宏源,2026-07-23 00:00:00,2.58,2.63,2.67,2.57,6.261,0.00372,9325600.0,24596824.0,2.3346303501945544,2.57
HK.06806,申万宏源,2026-07-24 00:00:00,2.65,2.59,2.65,2.57,6.166,0.00226,5653600.0,14621760.0,-1.5209125475285186,2.63
HK.06806,申万宏源,2026-07-27 00:00:00,2.58,2.58,2.61,2.56,6.142,0.00132,3303600.0,8546314.0,-0.3861003861003779,2.59
HK.06806,申万宏源,2026-07-28 00:00:00,2.6,2.54,2.6,2.51,6.047,0.00355,8880000.0,22538593.0,-1.5503875968992262,2.58
HK.06806,申万宏源,2026-07-29 00:00:00,2.55,2.61,2.61,2.55,6.214,0.00233,5843600.0,15083152.0,2.7559055118110174,2.54
HK.06806,申万宏源,2026-07-30 00:00:00,2.62,2.59,2.63,2.55,6.166,0.00143,3573600.0,9252972.0,-0.7662835249042153,2.61
HK.06806,申万宏源,2026-07-31 00:00:00,2.6,2.57,2.62,2.56,6.119,0.00245,6130400.0,15798408.0,-0.7722007722007729,2.59
HK.06806,申万宏源,2026-08-03 00:00:00,2.59,2.55,2.59,2.54,6.071,0.00198,4945600.0,12625928.0,-0.7782101167315182,2.57
HK.06806,申万宏源,2026-08-04 00:00:00,2.565,2.57,2.57,2.53,6.119,0.00137,3420800.0,8720523.0,0.7843137254901967,2.55
HK.06806,申万宏源,2026-08-05 00:00:00,2.55,2.59,2.61,2.55,6.166,0.00266,6672000.0,17292912.0,0.7782101167315182,2.57
HK.06806,申万宏源,2026-08-06 00:00:00,2.57,2.555,2.59,2.54,6.083,0.00402,10070400.0,25738055.0,-1.3513513513513398,2.59
HK.06806,申万宏源,2026-08-07 00:00:00,2.57,2.55,2.57,2.535,6.071,0.0028,7016000.0,17830418.0,-0.19569471624267468,2.555
HK.06806,申万宏源,2026-08-10 00:00:00,2.555,2.53,2.61,2.52,6.023,0.00512,12824800.0,32769076.0,-0.7843137254901967,2.55
HK.06806,申万宏源,2026-08-11 00:00:00,2.535,2.5,2.545,2.48,5.952,0.00555,13884800.0,34854888.0,-1.1857707509881346,2.53
HK.06806,申万宏源,2026-08-12 00:00:00,2.49,2.515,2.515,2.475,5.988,0.00252,6298400.0,15747572.0,0.600000000000005,2.5
HK.06806,申万宏源,2026-08-13 00:00:00,2.52,2.51,2.545,2.49,5.976,0.00162,4057600.0,10224238.0,-0.1988071570576675,2.515
HK.06806,申万宏源,2026-08-14 00:00:00,2.515,2.495,2.515,2.485,5.94,0.00148,3703200.0,9238252.0,-0.5976095617529754,2.51
HK.06806,申万宏源,2026-08-17 00:00:00,2.5,2.515,2.53,2.495,5.988,0.00154,3847600.0,9665969.0,0.8016032064128262,2.495
HK.06806,申万宏源,2026-08-18 00:00:00,2.515,2.455,2.515,2.44,5.845,0.00285,7147500.0,17602131.0,-2.385685884691851,2.515
HK.06806,申万宏源,2026-08-19 00:00:00,2.475,2.44,2.475,2.42,5.809,0.00186,4654000.0,11342346.0,-0.6109979633401272,2.455
HK.06806,申万宏源,2026-08-20 00:00:00,2.455,2.435,2.475,2.435,5.797,0.00184,4618400.0,11349476.0,-0.20491803278688087,2.44
HK.06806,申万宏源,2026-08-21 00:00:00,2.46,2.5,2.51,2.45,5.952,0.00277,6945600.0,17273300.0,2.6694045174537964,2.435
