code,name,time_key,open,close,high,low,pe_ratio,turnover_rate,volume,turnover,change_rate,last_close
HK.00486,俄铝,2018-01-02 00:00:00,5.28305,5.53305,5.57305,5.28305,9.404,0.00034,5150555.0,28995615.0,3.9451066587764525,5.32305
HK.00486,俄铝,2018-01-03 00:00:00,5.59305,5.74305,5.89305,5.57305,9.752,0.00066,10051786.0,59271789.0,3.795375064385826,5.53305
HK.00486,俄铝,2018-01-04 00:00:00,5.63305,5.68305,5.79305,5.63305,9.652,0.00049,7460633.0,43957770.0,-1.0447410348160036,5.74305
HK.00486,俄铝,2018-01-05 00:00:00,5.68305,5.76305,5.79305,5.68305,9.785,0.00027,4125570.0,24386654.0,1.4076948117648107,5.68305
HK.00486,俄铝,2018-01-08 00:00:00,5.76305,5.74305,5.78305,5.63305,9.752,0.00038,5807056.0,34158758.0,-0.34703846053738163,5.76305
HK.00486,俄铝,2018-01-09 00:00:00,5.72305,5.59305,5.77305,5.51305,9.504,0.00045,6778419.0,39187038.0,-2.611852587039994,5.74305
HK.00486,俄铝,2018-01-10 00:00:00,5.53305,5.54305,5.57305,5.42305,9.421,0.00027,4170241.0,23666374.0,-0.8939666192864327,5.59305
HK.00486,俄铝,2018-01-11 00:00:00,5.53305,5.55305,5.64305,5.45305,9.438,0.00028,4260678.0,24189701.0,0.18040609411785544,5.54305
HK.00486,俄铝,2018-01-12 00:00:00,5.56305,5.55305,5.59305,5.53305,9.438,0.00013,1981036.0,11319406.0,0.0,5.55305
HK.00486,俄铝,2018-01-15 00:00:00,5.59305,5.57305,5.62305,5.49305,9.471,0.00055,8392956.0,47896471.0,0.36016243325740743,5.55305
HK.00486,俄铝,2018-01-16 00:00:00,5.50305,5.53305,5.61305,5.44305,9.404,0.00025,3767928.0,21343307.0,-0.7177398372524925,5.57305
HK.00486,俄铝,2018-01-17 00:00:00,5.44305,5.60305,5.66305,5.44305,9.52,0.00075,11371678.0,65171968.0,1.2651250214619314,5.53305
HK.00486,俄铝,2018-01-18 00:00:00,5.59305,5.54305,5.64305,5.49305,9.421,0.00044,6718000.0,38464894.0,-1.070845343161307,5.60305
HK.00486,俄铝,2018-01-19 00:00:00,5.52305,5.68305,5.71305,5.48305,9.652,0.0008,12162000.0,70347940.0,2.5256853176500242,5.54305
HK.00486,俄铝,2018-01-22 00:00:00,5.76305,5.68305,5.84305,5.68305,9.652,0.00028,4206600.0,24857712.0,0.0,5.68305
HK.00486,俄铝,2018-01-23 00:00:00,5.69305,5.68305,5.79305,5.64305,9.652,0.00123,18699227.0,109667382.0,0.0,5.68305
HK.00486,俄铝,2018-01-24 00:00:00,5.71305,5.54305,5.71305,5.53305,9.421,0.00056,8564965.0,49270050.0,-2.4634659205884106,5.68305
HK.00486,俄铝,2018-01-25 00:00:00,5.59305,5.66305,5.73305,5.59305,9.619,0.0007,10606300.0,61779250.0,2.1648731294143135,5.54305
HK.00486,俄铝,2018-01-26 00:00:00,5.65305,5.68305,5.75305,5.65305,9.652,0.00101,15307213.0,90189043.0,0.3531665798465416,5.66305
HK.00486,俄铝,2018-01-29 00:00:00,5.73305,5.71305,5.84305,5.68305,9.702,0.001,15156678.0,89800170.0,0.527885554411808,5.68305
HK.00486,俄铝,2018-01-30 00:00:00,5.75305,5.54305,5.75305,5.53305,9.421,0.00036,5536178.0,31982298.0,-2.9756434829031764,5.71305
HK.00486,俄铝,2018-01-31 00:00:00,5.44305,5.52305,5.59305,5.29305,9.388,0.00109,16563839.0,93684320.0,-0.3608121882357269,5.54305
HK.00486,俄铝,2018-02-01 00:00:00,5.68305,5.72305,5.93305,5.68305,9.719,0.0012,18219438.0,108493651.0,3.621187568463081,5.52305
HK.00486,俄铝,2018-02-02 00:00:00,5.70305,5.78305,5.84305,5.69305,9.818,0.00156,23740886.0,140437862.0,1.0483920287259503,5.72305
HK.00486,俄铝,2018-02-05 00:00:00,5.59305,5.75305,5.86305,5.54305,9.768,0.00048,7268354.0,42972167.0,-0.5187574031004444,5.78305
HK.00486,俄铝,2018-02-06 00:00:00,5.43305,5.59305,5.67305,5.43305,9.504,0.00077,11745458.0,67370249.0,-2.781133485716275,5.75305
HK.00486,俄铝,2018-02-07 00:00:00,5.72305,5.55305,5.72305,5.47305,9.438,0.00082,12454000.0,71084475.0,-0.7151732954291493,5.59305
HK.00486,俄铝,2018-02-08 00:00:00,5.55305,5.50305,5.56305,5.44305,9.355,0.00018,2749002.0,15595656.0,-0.9004060831434945,5.55305
HK.00486,俄铝,2018-02-09 00:00:00,5.34305,5.32305,5.34305,5.17305,9.057,0.00024,3708319.0,20140912.0,-3.270913402567662,5.50305
HK.00486,俄铝,2018-02-12 00:00:00,5.31305,5.37305,5.48305,5.31305,9.14,0.00026,3965195.0,21840116.0,0.9393111092324855,5.32305
HK.00486,俄铝,2018-02-13 00:00:00,5.47305,5.40305,5.53305,5.37305,9.19,0.00015,2225800.0,12442026.0,0.5583420962023478,5.37305
HK.00486,俄铝,2018-02-14 00:00:00,5.45305,5.48305,5.53305,5.32305,9.322,0.0001,1535006.0,8621676.0,1.4806451911420413,5.40305
HK.00486,俄铝,2018-02-15 00:00:00,5.36305,5.49305,5.49305,5.36305,9.338,0.00016,2453934.0,13709198.0,0.18238024457190408,5.48305
HK.00486,俄铝,2018-02-20 00:00:00,5.41305,5.26305,5.41305,5.19305,8.958,0.00047,7203041.0,38962934.0,-4.1871091652178745,5.49305
HK.00486,俄铝,2018-02-21 00:00:00,5.19305,5.20305,5.36305,5.05305,8.859,0.00109,16562000.0,88475905.0,-1.1400233704790874,5.26305
HK.00486,俄铝,2018-02-22 00:00:00,5.15305,5.23305,5.30305,5.12305,8.909,0.00044,6716338.0,36258350.0,0.5765848877100979,5.20305
HK.00486,俄铝,2018-02-23 00:00:00,5.25305,5.27305,5.28305,5.05305,8.975,0.00111,16920000.0,90758260.0,0.7643725934206466,5.23305
HK.00486,俄铝,2018-02-26 00:00:00,5.26305,5.19305,5.28305,5.06305,8.56,0.00062,9478000.0,50564220.0,-1.5171485193578516,5.27305
HK.00486,俄铝,2018-02-27 00:00:00,5.21305,5.21305,5.26305,5.09305,8.876,0.00069,10472000.0,55928345.0,0.3851301258412604,5.19305
HK.00486,俄铝,2018-02-28 00:00:00,5.15305,5.24305,5.24305,5.13305,8.64,0.00032,4805985.0,25772120.0,0.5754788463567441,5.21305
HK.00486,俄铝,2018-03-01 00:00:00,5.23305,5.32305,5.40305,5.23305,8.768,0.00107,16206000.0,88812842.0,1.5258294313424452,5.24305
HK.00486,俄铝,2018-03-02 00:00:00,5.18305,5.14305,5.23305,5.07305,8.48,0.00053,8003635.0,42553020.0,-3.3815199932369713,5.32305
HK.00486,俄铝,2018-03-05 00:00:00,5.07305,5.06305,5.18305,4.98305,8.352,0.00049,7448366.0,39063652.0,-1.5554972244096417,5.14305
HK.00486,俄铝,2018-03-06 00:00:00,5.08305,5.02305,5.12305,4.92305,8.288,0.00041,6235900.0,32299707.0,-0.7900376255419173,5.06305
HK.00486,俄铝,2018-03-07 00:00:00,5.00305,4.83305,5.00305,4.80305,7.984,0.00046,7023678.0,35289911.0,-3.7825623873941034,5.02305
HK.00486,俄铝,2018-03-08 00:00:00,4.86305,4.75305,4.86305,4.65305,7.856,0.0005,7640000.0,37431200.0,-1.6552694468296432,4.83305
HK.00486,俄铝,2018-03-09 00:00:00,4.77305,4.65305,4.79305,4.63305,7.696,0.0005,7569000.0,36595270.0,-2.1039122247819746,4.75305
HK.00486,俄铝,2018-03-12 00:00:00,4.66305,4.73305,4.77305,4.66305,7.824,0.00039,5919950.0,28972593.0,1.7193023930540199,4.65305
HK.00486,俄铝,2018-03-13 00:00:00,4.73305,4.73305,4.73305,4.65305,7.824,0.00117,17803806.0,86745235.0,0.0,4.73305
HK.00486,俄铝,2018-03-14 00:00:00,4.73305,4.73305,4.78305,4.66305,7.824,0.0011,16768450.0,82062689.0,0.0,4.73305
HK.00486,俄铝,2018-03-15 00:00:00,4.74305,4.63305,4.74305,4.62305,7.664,0.00056,8458309.0,40899789.0,-2.1128025269118336,4.73305
HK.00486,俄铝,2018-03-16 00:00:00,4.62305,4.60305,4.63305,4.53305,7.616,0.00064,9797551.0,46367635.0,-0.6475216110337736,4.63305
HK.00486,俄铝,2018-03-19 00:00:00,4.62305,4.62305,4.64305,4.53305,7.648,0.00021,3227000.0,15342343.0,0.43449451993787735,4.60305
HK.00486,俄铝,2018-03-20 00:00:00,4.62305,4.58305,4.62305,4.51305,7.584,0.00037,5591000.0,26366172.0,-0.8652296643990446,4.62305
HK.00486,俄铝,2018-03-21 00:00:00,4.62305,4.53305,4.63305,4.51305,7.504,0.00029,4457882.0,21042171.0,-1.0909765330947694,4.58305
HK.00486,俄铝,2018-03-22 00:00:00,4.60305,4.57305,4.66305,4.54305,7.568,0.0004,6088120.0,28950704.0,0.8824080916822014,4.53305
HK.00486,俄铝,2018-03-23 00:00:00,4.51305,4.36305,4.51305,4.25305,7.232,0.00058,8764820.0,39537638.0,-4.592121232000524,4.57305
HK.00486,俄铝,2018-03-26 00:00:00,4.34305,4.39305,4.41305,4.30305,7.28,0.00055,8420946.0,38014604.0,0.687592395228094,4.36305
HK.00486,俄铝,2018-03-27 00:00:00,4.50305,4.56305,4.68305,4.50305,7.552,0.00035,5338000.0,25328789.0,3.8697488077759177,4.39305
HK.00486,俄铝,2018-03-28 00:00:00,4.52305,4.50305,4.54305,4.43305,7.456,0.00022,3272000.0,15181980.0,-1.314909983454041,4.56305
HK.00486,俄铝,2018-03-29 00:00:00,4.53305,4.59305,4.67305,4.49305,7.6,0.00064,9799000.0,46500880.0,1.9986453625875762,4.50305
HK.00486,俄铝,2018-04-03 00:00:00,4.61305,4.48305,4.62305,4.38305,7.424,0.00025,3791002.0,17583275.0,-2.394922763740857,4.59305
HK.00486,俄铝,2018-04-04 00:00:00,4.52305,4.44305,4.52305,4.38305,7.36,0.00023,3469588.0,16012717.0,-0.892249696077448,4.48305
HK.00486,俄铝,2018-04-06 00:00:00,4.50305,4.48305,4.60305,4.46305,7.424,0.0005,7593000.0,35099725.0,0.9002824636229624,4.44305
HK.00486,俄铝,2018-04-09 00:00:00,3.35305,2.14305,3.35305,2.10305,3.68,0.01515,230198803.0,596137872.0,-52.196607220530666,4.48305
HK.00486,俄铝,2018-04-10 00:00:00,2.04305,1.94305,2.33305,1.90305,3.36,0.031,470971268.0,1036278089.0,-9.332493408926537,2.14305
HK.00486,俄铝,2018-04-11 00:00:00,1.94305,1.90305,2.15305,1.84305,3.296,0.01887,286629983.0,615516511.0,-2.0586191811842225,1.94305
HK.00486,俄铝,2018-04-12 00:00:00,1.96305,2.03305,2.13305,1.90305,3.504,0.01551,235571175.0,512296075.0,6.831139486613588,1.90305
HK.00486,俄铝,2018-04-13 00:00:00,2.07305,1.88305,2.08305,1.86305,3.264,0.00733,111407579.0,235820595.0,-7.378077273062636,2.03305
HK.00486,俄铝,2018-04-16 00:00:00,1.78305,1.26305,1.81305,1.25305,2.272,0.02015,306213959.0,489096317.0,-32.92530734712301,1.88305
HK.00486,俄铝,2018-04-17 00:00:00,1.31305,1.38305,1.47305,1.15305,2.464,0.02115,321260463.0,476649919.0,9.500811527651312,1.26305
HK.00486,俄铝,2018-04-18 00:00:00,1.43305,1.26305,1.46305,1.20305,2.272,0.00979,148741957.0,223588492.0,-8.676475904703365,1.38305
HK.00486,俄铝,2018-04-19 00:00:00,1.30305,1.63305,1.65305,1.27305,2.864,0.02581,392076013.0,659400769.0,29.294168876924893,1.26305
HK.00486,俄铝,2018-04-20 00:00:00,1.61305,1.50305,1.62305,1.46305,2.656,0.01099,167018970.0,282582769.0,-7.9605645877346,1.63305
HK.00486,俄铝,2018-04-23 00:00:00,1.51305,1.36305,1.53305,1.35305,2.432,0.00543,82439562.0,131620344.0,-9.314394065400347,1.50305
HK.00486,俄铝,2018-04-24 00:00:00,1.76305,2.02305,2.06305,1.69305,3.488,0.02993,454720906.0,924042281.0,48.42082095300979,1.36305
HK.00486,俄铝,2018-04-25 00:00:00,2.00305,2.01305,2.22305,1.913049999,3.472,0.0222,337357359.0,757578976.0,-0.4943031561256633,2.02305
HK.00486,俄铝,2018-04-26 00:00:00,2.08305,1.94305,2.13305,1.90305,3.36,0.00725,110147950.0,239448021.0,-3.4773105486699216,2.01305
HK.00486,俄铝,2018-04-27 00:00:00,1.78305,1.82305,1.97305,1.77305,3.168,0.00686,104194775.0,208681618.0,-6.175857543552656,1.94305
HK.00486,俄铝,2018-04-30 00:00:00,1.933049999,1.90305,1.98305,1.853049999,3.296,0.00712,108111694.0,224178262.0,4.388250459394961,1.82305
HK.00486,俄铝,2018-05-02 00:00:00,1.933049999,2.07305,2.12305,1.92305,3.568,0.00992,150695494.0,333164165.0,8.933028559417773,1.90305
HK.00486,俄铝,2018-05-03 00:00:00,2.03305,2.17305,2.21305,2.03305,3.728,0.00681,103476698.0,239174269.0,4.823810327777917,2.07305
HK.00486,俄铝,2018-05-04 00:00:00,2.15305,2.05305,2.18305,2.03305,3.536,0.00407,61821000.0,139137480.0,-5.522192310347213,2.17305
HK.00486,俄铝,2018-05-07 00:00:00,2.07305,2.05305,2.09305,2.00305,3.536,0.00164,24841000.0,54872650.0,0.0,2.05305
HK.00486,俄铝,2018-05-08 00:00:00,2.05305,2.05305,2.10305,2.04305,3.536,0.00192,29216000.0,65183910.0,0.0,2.05305
HK.00486,俄铝,2018-05-09 00:00:00,2.05305,2.02305,2.05305,2.01305,3.488,0.00111,16886700.0,36979882.0,-1.4612405932636714,2.05305
HK.00486,俄铝,2018-05-10 00:00:00,2.02305,2.00305,2.03305,1.98305,3.456,0.00094,14236057.0,30750556.0,-0.9886063122513046,2.02305
HK.00486,俄铝,2018-05-11 00:00:00,2.01305,1.84305,2.05305,1.83305,3.2,0.00383,58241674.0,121475468.0,-7.987818576670573,2.00305
HK.00486,俄铝,2018-05-14 00:00:00,1.96305,1.84305,1.96305,1.83305,3.2,0.00429,65139000.0,133481450.0,0.0,1.84305
HK.00486,俄铝,2018-05-15 00:00:00,1.86305,1.83305,1.873049999,1.82305,3.184,0.00132,20123000.0,40286530.0,-0.5425788774043031,1.84305
HK.00486,俄铝,2018-05-16 00:00:00,1.83305,1.75305,1.83305,1.68305,3.056,0.00407,61848000.0,117162590.0,-4.364310848040155,1.83305
HK.00486,俄铝,2018-05-17 00:00:00,1.74305,1.60305,1.74305,1.59305,2.816,0.00378,57456400.0,103681904.0,-8.556515786771621,1.75305
HK.00486,俄铝,2018-05-18 00:00:00,1.60305,1.68305,1.73305,1.60305,2.944,0.00351,53264000.0,98102010.0,4.990486884376647,1.60305
HK.00486,俄铝,2018-05-21 00:00:00,1.82305,1.78305,1.853049999,1.78305,3.104,0.0069,104842000.0,205603610.0,5.941594129705005,1.68305
HK.00486,俄铝,2018-05-23 00:00:00,1.78305,1.73305,1.82305,1.70305,3.024,0.00213,32320000.0,62505420.0,-2.8041838422927032,1.78305
HK.00486,俄铝,2018-05-24 00:00:00,1.77305,1.86305,1.873049999,1.77305,3.232,0.00378,57499000.0,114142830.0,7.501226161968789,1.73305
HK.00486,俄铝,2018-05-25 00:00:00,1.86305,1.83305,1.86305,1.80305,3.184,0.00222,33753000.0,67483220.0,-1.610262741203941,1.86305
HK.00486,俄铝,2018-05-28 00:00:00,1.83305,2.10305,2.18305,1.79305,3.648,0.00808,122736739.0,267468020.0,14.729549112135512,1.83305
HK.00486,俄铝,2018-05-29 00:00:00,2.09305,2.02305,2.15305,2.01305,3.472,0.00478,72552670.0,163081387.0,-3.8039989539002907,2.10305
HK.00486,俄铝,2018-05-30 00:00:00,1.97305,1.96305,2.00305,1.913049999,3.376,0.00332,50500176.0,106502534.0,-2.965818936753914,2.02305
HK.00486,俄铝,2018-05-31 00:00:00,1.97305,2.02305,2.08305,1.97305,3.472,0.00244,37059000.0,80855520.0,3.0564682509360463,1.96305
HK.00486,俄铝,2018-06-01 00:00:00,2.02305,2.06305,2.10305,1.99305,3.552,0.00245,37166000.0,82257770.0,1.9772126245026092,2.02305
HK.00486,俄铝,2018-06-04 00:00:00,2.08305,2.06305,2.11305,2.04305,3.552,0.00136,20680000.0,46206770.0,0.0,2.06305
HK.00486,俄铝,2018-06-05 00:00:00,2.06305,2.04305,2.07305,2.03305,3.52,0.00063,9534000.0,21077900.0,-0.9694384527762301,2.06305
HK.00486,俄铝,2018-06-06 00:00:00,2.09305,2.11305,2.14305,2.05305,3.632,0.00323,49129000.0,111108590.0,3.4262499694084743,2.04305
HK.00486,俄铝,2018-06-07 00:00:00,2.13305,2.12305,2.16305,2.10305,3.648,0.00234,35614000.0,81590120.0,0.47324956815978003,2.11305
HK.00486,俄铝,2018-06-08 00:00:00,2.12305,2.08305,2.12305,2.06305,3.584,0.00112,17085000.0,38329810.0,-1.8840818633569643,2.12305
HK.00486,俄铝,2018-06-11 00:00:00,2.08305,2.08305,2.10305,2.06305,3.584,0.00066,10068000.0,22569740.0,0.0,2.08305
HK.00486,俄铝,2018-06-12 00:00:00,2.08305,2.06305,2.09305,2.05305,3.552,0.00069,10506000.0,23395310.0,-0.960130577758576,2.08305
HK.00486,俄铝,2018-06-13 00:00:00,2.08305,2.05305,2.08305,2.04305,3.536,0.00134,20427000.0,45363860.0,-0.4847192263881259,2.06305
HK.00486,俄铝,2018-06-14 00:00:00,2.08305,2.12305,2.15305,2.07305,3.648,0.00301,45681000.0,103959260.0,3.409561384281936,2.05305
HK.00486,俄铝,2018-06-15 00:00:00,2.11305,2.10305,2.12305,2.07305,3.616,0.00097,14807000.0,33452120.0,-0.9420409316784821,2.12305
HK.00486,俄铝,2018-06-19 00:00:00,2.04305,1.893049999,2.06305,1.86305,3.296,0.00306,46525000.0,97556530.0,-9.985497301538244,2.10305
HK.00486,俄铝,2018-06-20 00:00:00,1.893049999,1.94305,1.953049999,1.873049999,3.36,0.001,15170000.0,31499640.0,2.641240380677336,1.893049999
HK.00486,俄铝,2018-06-21 00:00:00,1.933049999,1.913049999,1.97305,1.913049999,3.312,0.0005,7587000.0,15883570.0,-1.5439644373536394,1.94305
HK.00486,俄铝,2018-06-22 00:00:00,1.913049999,1.913049999,1.913049999,1.873049999,3.296,0.00059,8910000.0,18285980.0,0.0,1.913049999
HK.00486,俄铝,2018-06-25 00:00:00,1.92305,1.88305,1.92305,1.84305,3.264,0.00095,14484000.0,29309130.0,-1.5681764206728486,1.913049999
HK.00486,俄铝,2018-06-26 00:00:00,1.84305,1.84305,1.853049999,1.80305,3.2,0.00071,10836000.0,21528600.0,-2.1242133772337333,1.88305
HK.00486,俄铝,2018-06-27 00:00:00,1.84305,1.79305,1.84305,1.76305,3.12,0.00104,15776000.0,30706490.0,-2.7128943870215156,1.84305
HK.00486,俄铝,2018-06-28 00:00:00,1.81305,1.82305,1.83305,1.78305,3.168,0.00087,13257000.0,26105280.0,1.6731267951256255,1.79305
HK.00486,俄铝,2018-06-29 00:00:00,1.853049999,1.893049999,1.893049999,1.82305,3.28,0.00077,11648000.0,23540490.0,3.8397190971174666,1.82305
HK.00486,俄铝,2018-07-03 00:00:00,1.853049999,1.86305,1.86305,1.82305,3.232,0.0006,9180000.0,18359470.0,-1.584744143886711,1.893049999
HK.00486,俄铝,2018-07-04 00:00:00,1.84305,1.86305,1.88305,1.84305,3.248,0.00064,9747000.0,19625240.0,0.0,1.86305
HK.00486,俄铝,2018-07-05 00:00:00,1.86305,1.82305,1.873049999,1.81305,3.168,0.00063,9516000.0,18924500.0,-2.1470169882719214,1.86305
HK.00486,俄铝,2018-07-06 00:00:00,1.83305,1.81305,1.83305,1.79305,3.152,0.00036,5402695.0,10661314.0,-0.5485313074243717,1.82305
HK.00486,俄铝,2018-07-09 00:00:00,1.82305,1.84305,1.853049999,1.82305,3.2,0.00026,3952000.0,7896670.0,1.6546703069413433,1.81305
HK.00486,俄铝,2018-07-10 00:00:00,1.853049999,1.83305,1.86305,1.81305,3.184,0.00035,5304000.0,10536800.0,-0.5425788774043031,1.84305
HK.00486,俄铝,2018-07-11 00:00:00,1.81305,1.893049999,1.90305,1.79305,3.296,0.00071,10712000.0,21326890.0,3.273233081476226,1.83305
HK.00486,俄铝,2018-07-12 00:00:00,1.88305,2.01305,2.09305,1.873049999,3.472,0.00358,54361000.0,118124410.0,6.3389768396708766,1.893049999
HK.00486,俄铝,2018-07-13 00:00:00,2.08305,2.06305,2.10305,2.01305,3.536,0.00223,33837000.0,75315450.0,2.483793249049963,2.01305
HK.00486,俄铝,2018-07-16 00:00:00,2.08305,2.13305,2.16305,2.05305,3.648,0.00252,38273000.0,87256750.0,3.3930345847167946,2.06305
HK.00486,俄铝,2018-07-17 00:00:00,2.13305,2.03305,2.13305,2.00305,3.488,0.00198,30034200.0,66553600.0,-4.688122641288301,2.13305
HK.00486,俄铝,2018-07-18 00:00:00,2.02305,1.99305,2.02305,1.98305,3.44,0.00073,11017000.0,23756970.0,-1.967487272816695,2.03305
HK.00486,俄铝,2018-07-19 00:00:00,1.98305,1.96305,2.00305,1.953049999,3.392,0.00045,6855000.0,14576670.0,-1.5052306766011905,1.99305
HK.00486,俄铝,2018-07-20 00:00:00,1.96305,1.94305,1.96305,1.86305,3.36,0.00076,11605602.0,24008272.0,-1.0188227503120155,1.96305
HK.00486,俄铝,2018-07-23 00:00:00,2.24305,2.25305,2.30305,2.11305,3.856,0.00913,138707700.0,330208176.0,15.954298654177714,1.94305
HK.00486,俄铝,2018-07-24 00:00:00,2.25305,2.18305,2.28305,2.17305,3.744,0.00262,39730000.0,93882510.0,-3.1068995361842764,2.25305
HK.00486,俄铝,2018-07-25 00:00:00,2.18305,2.36305,2.42305,2.16305,4.032,0.00738,112152541.0,277675585.0,8.245344815739433,2.18305
HK.00486,俄铝,2018-07-26 00:00:00,2.41305,2.30305,2.47305,2.29305,3.92,0.0045,68345000.0,173662920.0,-2.5390914284505217,2.36305
HK.00486,俄铝,2018-07-27 00:00:00,2.30305,2.33305,2.35305,2.29305,3.984,0.00148,22443190.0,55785907.0,1.302620438114685,2.30305
HK.00486,俄铝,2018-07-30 00:00:00,2.33305,2.34305,2.41305,2.32305,3.984,0.00151,22984000.0,57788130.0,0.42862347570775533,2.33305
HK.00486,俄铝,2018-07-31 00:00:00,2.31305,2.17305,2.31305,2.15305,3.712,0.00238,36211968.0,86475364.0,-7.255500309425746,2.34305
HK.00486,俄铝,2018-08-01 00:00:00,2.22305,2.12305,2.24305,2.11305,3.648,0.00209,31775000.0,73290470.0,-2.3009134626446617,2.17305
HK.00486,俄铝,2018-08-02 00:00:00,2.11305,2.07305,2.12305,2.04305,3.568,0.0014,21225000.0,47418870.0,-2.355102329196216,2.12305
HK.00486,俄铝,2018-08-03 00:00:00,2.04305,2.04305,2.06305,2.01305,3.52,0.00087,13244000.0,29036050.0,-1.4471430983333642,2.07305
HK.00486,俄铝,2018-08-06 00:00:00,2.17305,2.14305,2.18305,2.07305,3.68,0.00164,24852000.0,56785370.0,4.894642813440694,2.04305
HK.00486,俄铝,2018-08-07 00:00:00,2.14305,2.16305,2.18305,2.11305,3.712,0.00089,13492000.0,31162630.0,0.9332493408926538,2.14305
HK.00486,俄铝,2018-08-08 00:00:00,2.16305,2.09305,2.16305,2.08305,3.6,0.00069,10528000.0,23896180.0,-3.236171147222685,2.16305
HK.00486,俄铝,2018-08-09 00:00:00,2.04305,2.02305,2.06305,1.99305,3.488,0.00198,30036000.0,65675900.0,-3.3444017104225816,2.09305
HK.00486,俄铝,2018-08-10 00:00:00,2.01305,1.98305,2.04305,1.96305,3.424,0.00156,23678000.0,51209240.0,-1.9772126245026092,2.02305
HK.00486,俄铝,2018-08-13 00:00:00,1.97305,2.08305,2.10305,1.933049999,3.6,0.00191,29034000.0,62748760.0,5.042737197750944,1.98305
HK.00486,俄铝,2018-08-14 00:00:00,2.09305,2.02305,2.09305,1.98305,3.488,0.00131,19885300.0,43239590.0,-2.8803917332757276,2.08305
HK.00486,俄铝,2018-08-15 00:00:00,2.03305,1.96305,2.03305,1.953049999,3.392,0.00063,9599000.0,20544420.0,-2.965818936753914,2.02305
HK.00486,俄铝,2018-08-16 00:00:00,1.933049999,1.96305,1.99305,1.933049999,3.392,0.00041,6157000.0,13047940.0,0.0,1.96305
HK.00486,俄铝,2018-08-17 00:00:00,2.00305,1.97305,2.00305,1.953049999,3.408,0.00024,3700000.0,7868930.0,0.5094113751560078,1.96305
HK.00486,俄铝,2018-08-20 00:00:00,1.97305,1.97305,2.00305,1.953049999,3.408,0.00047,7156000.0,15240270.0,0.0,1.97305
HK.00486,俄铝,2018-08-21 00:00:00,1.97305,1.99305,2.00305,1.96305,3.44,0.00053,8032000.0,17207470.0,1.0136590557765903,1.97305
HK.00486,俄铝,2018-08-22 00:00:00,2.00305,1.953049999,2.00305,1.933049999,3.376,0.00076,11614000.0,24539190.0,-2.006974285642603,1.99305
HK.00486,俄铝,2018-08-23 00:00:00,1.933049999,1.97305,1.99305,1.933049999,3.408,0.00048,7290000.0,15512900.0,1.0240393748362955,1.953049999
HK.00486,俄铝,2018-08-24 00:00:00,1.98305,1.97305,1.98305,1.953049999,3.408,0.00018,2802000.0,5934410.0,0.0,1.97305
HK.00486,俄铝,2018-08-27 00:00:00,1.96305,1.97305,1.97305,1.94305,3.408,0.00043,6556000.0,13876880.0,0.0,1.97305
HK.00486,俄铝,2018-08-28 00:00:00,1.97305,1.99305,2.01305,1.96305,3.424,0.00058,8832000.0,18982100.0,1.0136590557765903,1.97305
HK.00486,俄铝,2018-08-29 00:00:00,1.98305,1.98305,1.99305,1.97305,3.424,0.00012,1836000.0,3916240.0,-0.5017435588670635,1.99305
HK.00486,俄铝,2018-08-30 00:00:00,1.99305,1.96305,1.99305,1.953049999,3.392,0.00024,3715000.0,7893790.0,-1.0085474395501888,1.98305
HK.00486,俄铝,2018-08-31 00:00:00,1.953049999,1.953049999,1.96305,1.94305,3.376,0.00028,4256000.0,8952100.0,-0.5094114260971381,1.96305
HK.00486,俄铝,2018-09-03 00:00:00,1.953049999,1.92305,1.953049999,1.90305,3.328,0.00025,3833000.0,7984150.0,-1.5360589342495459,1.953049999
HK.00486,俄铝,2018-09-04 00:00:00,1.913049999,1.933049999,1.953049999,1.913049999,3.344,0.00013,2046000.0,4271340.0,0.5200072281012011,1.92305
HK.00486,俄铝,2018-09-05 00:00:00,1.92305,1.84305,1.933049999,1.83305,3.184,0.00067,10202000.0,20742700.0,-4.655854688009029,1.933049999
HK.00486,俄铝,2018-09-06 00:00:00,1.84305,1.82305,1.86305,1.79305,3.168,0.0003,4585000.0,9088120.0,-1.0851577548086062,1.84305
HK.00486,俄铝,2018-09-07 00:00:00,1.82305,1.71305,1.82305,1.68305,2.992,0.00063,9512000.0,18204540.0,-6.0338443816680885,1.82305
HK.00486,俄铝,2018-09-10 00:00:00,1.71305,1.61305,1.74305,1.60305,2.832,0.00047,7072000.0,12817220.0,-5.837541227634913,1.71305
HK.00486,俄铝,2018-09-11 00:00:00,1.61305,1.54305,1.63305,1.48305,2.72,0.00078,11822000.0,20060290.0,-4.339605095936274,1.61305
HK.00486,俄铝,2018-09-12 00:00:00,1.55305,1.59305,1.62305,1.54305,2.8,0.00036,5403000.0,9359790.0,3.240335698778396,1.54305
HK.00486,俄铝,2018-09-13 00:00:00,1.65305,1.69305,1.70305,1.63305,2.96,0.00039,5980000.0,10950820.0,6.27726687800131,1.59305
HK.00486,俄铝,2018-09-14 00:00:00,1.69305,1.72305,1.73305,1.68305,3.008,0.00029,4385000.0,8159570.0,1.7719500310091272,1.69305
HK.00486,俄铝,2018-09-17 00:00:00,1.73305,1.78305,1.78305,1.67305,3.104,0.00039,5873000.0,11123030.0,3.482197266475149,1.72305
HK.00486,俄铝,2018-09-18 00:00:00,1.84305,1.893049999,1.94305,1.84305,3.28,0.00124,18766000.0,38425450.0,6.169204396960266,1.78305
HK.00486,俄铝,2018-09-19 00:00:00,1.90305,1.88305,1.92305,1.86305,3.264,0.00038,5733000.0,11728560.0,-0.5282480127457081,1.893049999
HK.00486,俄铝,2018-09-20 00:00:00,1.873049999,1.90305,1.92305,1.84305,3.296,0.00074,11219000.0,22833300.0,1.0621066886168726,1.88305
HK.00486,俄铝,2018-09-21 00:00:00,1.92305,1.893049999,1.92305,1.88305,3.28,0.00029,4378000.0,8995360.0,-0.5254723207482657,1.90305
HK.00486,俄铝,2018-09-24 00:00:00,1.913049999,1.953049999,1.98305,1.913049999,3.376,0.00102,15500000.0,32703510.0,3.1694883934230442,1.893049999
HK.00486,俄铝,2018-09-26 00:00:00,1.953049999,1.953049999,1.96305,1.913049999,3.376,0.0003,4613000.0,9662250.0,0.0,1.953049999
HK.00486,俄铝,2018-09-27 00:00:00,1.933049999,1.953049999,1.96305,1.92305,3.376,0.00028,4285000.0,9007910.0,0.0,1.953049999
HK.00486,俄铝,2018-09-28 00:00:00,1.953049999,1.933049999,1.98305,1.933049999,3.344,0.00036,5493000.0,11626970.0,-1.0240393236343366,1.953049999
HK.00486,俄铝,2018-10-02 00:00:00,1.933049999,1.92305,1.933049999,1.90305,3.328,0.00029,4404000.0,9164780.0,-0.517317141572816,1.933049999
HK.00486,俄铝,2018-10-03 00:00:00,1.92305,1.96305,1.97305,1.92305,3.392,0.00024,3712000.0,7817380.0,2.0800291204076875,1.92305
HK.00486,俄铝,2018-10-04 00:00:00,1.98305,1.99305,2.01305,1.96305,3.44,0.00064,9756000.0,20941720.0,1.5282341254680232,1.96305
HK.00486,俄铝,2018-10-05 00:00:00,1.98305,1.98305,1.99305,1.92305,3.424,0.00044,6663000.0,14160270.0,-0.5017435588670635,1.99305
HK.00486,俄铝,2018-10-08 00:00:00,1.96305,1.893049999,1.97305,1.893049999,3.28,0.00039,5913000.0,12340960.0,-4.538463528403215,1.98305
HK.00486,俄铝,2018-10-09 00:00:00,1.90305,1.90305,1.913049999,1.873049999,3.296,0.00024,3700000.0,7601700.0,0.5282481183953066,1.893049999
HK.00486,俄铝,2018-10-10 00:00:00,1.90305,1.94305,1.953049999,1.88305,3.36,0.00062,9347000.0,19565170.0,2.101889072804185,1.90305
HK.00486,俄铝,2018-10-11 00:00:00,1.84305,1.853049999,1.86305,1.77305,3.216,0.0013,19710700.0,39086365.0,-4.631893209129974,1.94305
HK.00486,俄铝,2018-10-12 00:00:00,1.84305,1.873049999,1.873049999,1.80305,3.248,0.00065,9859000.0,19722350.0,1.079301692387849,1.853049999
HK.00486,俄铝,2018-10-15 00:00:00,1.893049999,1.88305,1.933049999,1.86305,3.264,0.00046,7041000.0,14508670.0,0.5338886311277732,1.873049999
HK.00486,俄铝,2018-10-16 00:00:00,1.913049999,1.913049999,1.92305,1.88305,3.312,0.00043,6531000.0,13413540.0,1.593159979819982,1.88305
HK.00486,俄铝,2018-10-18 00:00:00,1.913049999,1.94305,1.953049999,1.893049999,3.36,0.00039,5928000.0,12342930.0,1.5681765252179323,1.913049999
HK.00486,俄铝,2018-10-19 00:00:00,1.893049999,1.94305,1.94305,1.893049999,3.36,0.00019,2941000.0,6149410.0,0.0,1.94305
HK.00486,俄铝,2018-10-22 00:00:00,1.913049999,1.913049999,1.953049999,1.90305,3.312,0.00029,4431000.0,9239120.0,-1.5439644373536394,1.94305
HK.00486,俄铝,2018-10-23 00:00:00,1.90305,1.873049999,1.913049999,1.853049999,3.232,0.00036,5420000.0,11053150.0,-2.090901963927187,1.913049999
HK.00486,俄铝,2018-10-24 00:00:00,1.853049999,1.88305,1.90305,1.853049999,3.264,0.00026,3985000.0,8146750.0,0.5338886311277732,1.873049999
HK.00486,俄铝,2018-10-25 00:00:00,1.84305,1.853049999,1.853049999,1.83305,3.2,0.00019,2869000.0,5750650.0,-1.5931600860306359,1.88305
HK.00486,俄铝,2018-10-26 00:00:00,1.853049999,1.84305,1.88305,1.84305,3.2,0.00023,3424000.0,6891400.0,-0.5396507922288354,1.853049999
HK.00486,俄铝,2018-10-29 00:00:00,1.84305,1.82305,1.853049999,1.79305,3.168,0.00017,2624000.0,5213600.0,-1.0851577548086062,1.84305
HK.00486,俄铝,2018-10-30 00:00:00,1.80305,1.81305,1.84305,1.80305,3.152,0.0001,1537500.0,3042135.0,-0.5485313074243717,1.82305
HK.00486,俄铝,2018-10-31 00:00:00,1.81305,1.913049999,1.913049999,1.80305,3.296,0.00048,7310000.0,14810820.0,5.5155676346487965,1.81305
HK.00486,俄铝,2018-11-01 00:00:00,1.92305,1.913049999,1.933049999,1.88305,3.312,0.00024,3623000.0,7483620.0,0.0,1.913049999
HK.00486,俄铝,2018-11-02 00:00:00,1.913049999,1.94305,1.98305,1.913049999,3.36,0.00075,11469000.0,24079510.0,1.5681765252179323,1.913049999
HK.00486,俄铝,2018-11-05 00:00:00,1.94305,2.01305,2.03305,1.94305,3.472,0.00084,12747000.0,27365930.0,3.602583567072378,1.94305
HK.00486,俄铝,2018-11-06 00:00:00,2.02305,2.06305,2.09305,1.99305,3.552,0.00058,8753000.0,19342710.0,2.483793249049963,2.01305
HK.00486,俄铝,2018-11-07 00:00:00,2.08305,2.02305,2.11305,2.01305,3.488,0.0004,6110000.0,13548270.0,-1.9388769055524602,2.06305
HK.00486,俄铝,2018-11-08 00:00:00,2.07305,2.02305,2.07305,2.01305,3.488,0.00032,4926000.0,10825750.0,0.0,2.02305
HK.00486,俄铝,2018-11-09 00:00:00,1.98305,2.04305,2.04305,1.98305,3.52,0.00039,5891000.0,12874990.0,0.9886063122513046,2.02305
HK.00486,俄铝,2018-11-12 00:00:00,2.04305,2.06305,2.10305,2.01305,3.552,0.00036,5404000.0,11987140.0,0.9789285626881387,2.04305
HK.00486,俄铝,2018-11-13 00:00:00,2.03305,2.09305,2.10305,2.01305,3.6,0.0003,4514000.0,10088670.0,1.4541576791643345,2.06305
HK.00486,俄铝,2018-11-14 00:00:00,2.08305,2.09305,2.11305,2.05305,3.6,0.00033,5052000.0,11353220.0,0.0,2.09305
HK.00486,俄铝,2018-11-15 00:00:00,2.09305,2.09305,2.10305,2.07305,3.6,0.00012,1749000.0,3935740.0,0.0,2.09305
HK.00486,俄铝,2018-11-16 00:00:00,2.09305,2.12305,2.16305,2.09305,3.648,0.00058,8754000.0,19992320.0,1.43331501875255,2.09305
HK.00486,俄铝,2018-11-19 00:00:00,2.11305,2.09305,2.14305,2.08305,3.6,0.00026,3958000.0,8967670.0,-1.4130613975177337,2.12305
HK.00486,俄铝,2018-11-20 00:00:00,2.07305,2.10305,2.10305,2.07305,3.616,0.00026,3959000.0,8876200.0,0.4777716729175238,2.09305
HK.00486,俄铝,2018-11-21 00:00:00,2.07305,2.18305,2.18305,2.06305,3.744,0.00093,14154000.0,32280520.0,3.8039989539002907,2.10305
HK.00486,俄铝,2018-11-22 00:00:00,2.18305,2.17305,2.23305,2.16305,3.728,0.00059,8935000.0,21079360.0,-0.45807471198553534,2.18305
HK.00486,俄铝,2018-11-23 00:00:00,2.17305,2.11305,2.17305,2.09305,3.632,0.00026,3909000.0,8930800.0,-2.7610961551736066,2.17305
HK.00486,俄铝,2018-11-26 00:00:00,2.09305,2.09305,2.13305,2.07305,3.6,0.00024,3682000.0,8286500.0,-0.946499136319539,2.11305
HK.00486,俄铝,2018-11-27 00:00:00,2.07305,2.04305,2.07305,2.03305,3.52,0.0003,4619000.0,10189360.0,-2.388858364587555,2.09305
HK.00486,俄铝,2018-11-28 00:00:00,2.03305,2.06305,2.06305,2.03305,3.552,0.00018,2667000.0,5870440.0,0.9789285626881387,2.04305
HK.00486,俄铝,2018-11-29 00:00:00,2.06305,2.04305,2.06305,2.02305,3.52,0.00014,2071000.0,4549210.0,-0.9694384527762301,2.06305
HK.00486,俄铝,2018-11-30 00:00:00,2.04305,2.02305,2.04305,1.99305,3.488,0.00027,4068000.0,8790180.0,-0.9789285626881387,2.04305
HK.00486,俄铝,2018-12-03 00:00:00,2.02305,2.05305,2.06305,2.01305,3.536,0.00026,3904000.0,8593150.0,1.482909468376946,2.02305
HK.00486,俄铝,2018-12-04 00:00:00,2.04305,2.11305,2.11305,2.04305,3.632,0.00026,3992000.0,8946920.0,2.9224811865273645,2.05305
HK.00486,俄铝,2018-12-05 00:00:00,2.07305,2.11305,2.11305,2.05305,3.632,0.00028,4260000.0,9600180.0,0.0,2.11305
HK.00486,俄铝,2018-12-06 00:00:00,2.07305,2.09305,2.10305,2.06305,3.6,0.00037,5581000.0,12513460.0,-0.946499136319539,2.11305
HK.00486,俄铝,2018-12-07 00:00:00,2.08305,2.14305,2.15305,2.08305,3.68,0.00047,7211000.0,16461840.0,2.3888583645875765,2.09305
HK.00486,俄铝,2018-12-10 00:00:00,2.12305,2.08305,2.14305,2.05305,3.584,0.00025,3837000.0,8590120.0,-2.7997480226779614,2.14305
HK.00486,俄铝,2018-12-11 00:00:00,2.08305,2.11305,2.11305,2.07305,3.632,0.00019,2869000.0,6474620.0,1.4401958666378534,2.08305
HK.00486,俄铝,2018-12-12 00:00:00,2.10305,2.10305,2.12305,2.09305,3.616,0.00018,2706000.0,6133160.0,-0.473249568159759,2.11305
HK.00486,俄铝,2018-12-13 00:00:00,2.09305,2.11305,2.12305,2.09305,3.632,0.00019,2902000.0,6581530.0,0.47549986923752574,2.10305
HK.00486,俄铝,2018-12-14 00:00:00,2.09305,2.10305,2.10305,2.08305,3.616,0.00015,2322000.0,5226340.0,-0.473249568159759,2.11305
HK.00486,俄铝,2018-12-17 00:00:00,2.08305,2.07305,2.09305,2.05305,3.568,0.00016,2429000.0,5406950.0,-1.4264996077126195,2.10305
HK.00486,俄铝,2018-12-18 00:00:00,2.05305,2.05305,2.08305,2.04305,3.536,0.00014,2124000.0,4711490.0,-0.9647620655555833,2.07305
HK.00486,俄铝,2018-12-19 00:00:00,2.05305,2.08305,2.09305,2.05305,3.568,0.00019,2892000.0,6474230.0,1.4612405932636932,2.05305
HK.00486,俄铝,2018-12-20 00:00:00,2.64305,2.29305,2.68305,2.28305,3.92,0.00724,109975000.0,287565590.0,10.081371066465037,2.08305
HK.00486,俄铝,2018-12-21 00:00:00,2.32305,2.22305,2.34305,2.20305,3.808,0.00188,28515000.0,68997240.0,-3.052702732168938,2.29305
HK.00486,俄铝,2018-12-24 00:00:00,2.22305,2.14305,2.22305,2.07305,3.68,0.00128,19406000.0,44366510.0,-3.5986594993364998,2.22305
HK.00486,俄铝,2018-12-27 00:00:00,2.20305,2.29305,2.32305,2.19305,3.92,0.00157,23814000.0,57978270.0,6.999370056694892,2.14305
HK.00486,俄铝,2018-12-28 00:00:00,2.32305,2.33305,2.36305,2.29305,3.984,0.00076,11510000.0,28720880.0,1.744401561239399,2.29305
HK.00486,俄铝,2018-12-31 00:00:00,2.34305,2.43305,2.44305,2.34305,4.144,0.0007,10573000.0,27172640.0,4.286234757077649,2.33305
HK.00486,俄铝,2019-01-02 00:00:00,2.46305,2.36305,2.47305,2.34305,4.032,0.00069,10490000.0,26577350.0,-2.877047327428548,2.43305
HK.00486,俄铝,2019-01-03 00:00:00,2.37305,2.38305,2.38305,2.30305,4.064,0.00042,6395000.0,15941860.0,0.8463638094835073,2.36305
HK.00486,俄铝,2019-01-04 00:00:00,2.36305,2.39305,2.40305,2.33305,4.08,0.0004,6129000.0,15486710.0,0.41963030570068743,2.38305
HK.00486,俄铝,2019-01-07 00:00:00,2.38305,2.41305,2.46305,2.36305,4.112,0.00093,14149000.0,36475480.0,0.8357535362821512,2.39305
HK.00486,俄铝,2019-01-08 00:00:00,2.43305,2.48305,2.52305,2.41305,4.224,0.00087,13193000.0,34751220.0,2.900893060649379,2.41305
HK.00486,俄铝,2019-01-09 00:00:00,2.46305,2.42305,2.50305,2.38305,4.128,0.00066,9993100.0,25983866.0,-2.416383077263851,2.48305
HK.00486,俄铝,2019-01-10 00:00:00,2.41305,2.42305,2.47305,2.41305,4.128,0.00062,9365000.0,24250480.0,0.0,2.42305
HK.00486,俄铝,2019-01-11 00:00:00,2.47305,2.45305,2.49305,2.43305,4.176,0.00071,10854000.0,28344950.0,1.238108994861858,2.42305
HK.00486,俄铝,2019-01-14 00:00:00,2.45305,2.38305,2.46305,2.37305,4.064,0.00038,5831000.0,14941270.0,-2.853590428242404,2.45305
HK.00486,俄铝,2019-01-15 00:00:00,2.38305,2.42305,2.45305,2.37305,4.128,0.00046,6995000.0,18073320.0,1.6785212228027122,2.38305
HK.00486,俄铝,2019-01-16 00:00:00,2.34305,2.29305,2.36305,2.28305,3.92,0.00166,25273000.0,62563930.0,-5.365138977734669,2.42305
HK.00486,俄铝,2019-01-17 00:00:00,2.41305,2.44305,2.50305,2.41305,4.16,0.00133,20192000.0,52479750.0,6.5415058546477365,2.29305
HK.00486,俄铝,2019-01-18 00:00:00,2.43305,2.53305,2.53305,2.42305,4.304,0.00127,19232000.0,51144920.0,3.68391969055074,2.44305
HK.00486,俄铝,2019-01-21 00:00:00,2.54305,2.58305,2.62305,2.54305,4.384,0.00074,11250000.0,30905840.0,1.9739049762144558,2.53305
HK.00486,俄铝,2019-01-22 00:00:00,2.58305,2.62305,2.64305,2.53305,4.448,0.00041,6240000.0,17172080.0,1.5485569385029339,2.58305
HK.00486,俄铝,2019-01-23 00:00:00,2.59305,2.65305,2.67305,2.59305,4.496,0.00064,9678000.0,27014900.0,1.1437067535883725,2.62305
HK.00486,俄铝,2019-01-24 00:00:00,2.68305,2.77305,2.79305,2.63305,4.688,0.0017,25836000.0,74196090.0,4.523096059252563,2.65305
HK.00486,俄铝,2019-01-25 00:00:00,2.80305,2.82305,2.84305,2.74305,4.768,0.00177,26934000.0,79758420.0,1.803068823136973,2.77305
HK.00486,俄铝,2019-01-28 00:00:00,2.97305,3.10305,3.11305,2.80305,5.216,0.00671,102011000.0,319401780.0,9.918350719966003,2.82305
HK.00486,俄铝,2019-01-29 00:00:00,3.19305,3.12305,3.24305,3.04305,5.248,0.0105,159541491.0,528249280.0,0.6445271587631529,3.10305
HK.00486,俄铝,2019-01-30 00:00:00,3.14305,3.09305,3.14305,3.02305,5.2,0.0063,95782829.0,310968182.0,-0.9605994140343653,3.12305
HK.00486,俄铝,2019-01-31 00:00:00,3.12305,3.12305,3.16305,3.09305,5.248,0.00458,69598092.0,228076316.0,0.9699164255346745,3.09305
HK.00486,俄铝,2019-02-01 00:00:00,3.17305,3.12305,3.19305,3.12305,5.248,0.00368,55986140.0,184888119.0,0.0,3.12305
HK.00486,俄铝,2019-02-04 00:00:00,3.14305,3.15305,3.16305,3.13305,5.296,0.00042,6456001.0,21299653.0,0.9605994140343511,3.12305
HK.00486,俄铝,2019-02-08 00:00:00,3.28305,3.55305,3.72305,3.23305,5.936,0.00705,107064424.0,391239298.0,12.686129303372923,3.15305
HK.00486,俄铝,2019-02-11 00:00:00,3.63305,3.68305,3.79305,3.61305,6.144,0.00393,59766000.0,229296835.0,3.658828330589222,3.55305
HK.00486,俄铝,2019-02-12 00:00:00,3.73305,3.77305,3.79305,3.69305,6.288,0.00201,30522500.0,118878195.0,2.4436268853260166,3.68305
HK.00486,俄铝,2019-02-13 00:00:00,3.79305,3.82305,3.82305,3.74305,6.368,0.00194,29411020.0,115995278.0,1.3251878453770773,3.77305
HK.00486,俄铝,2019-02-14 00:00:00,3.78305,3.75305,3.81305,3.75305,6.256,0.00118,17859020.0,70351967.0,-1.8309988098507695,3.82305
HK.00486,俄铝,2019-02-15 00:00:00,3.69305,3.61305,3.72305,3.48305,6.032,0.00335,50948000.0,189528045.0,-3.730299356523364,3.75305
HK.00486,俄铝,2019-02-18 00:00:00,3.64305,3.63305,3.69305,3.60305,6.064,0.00152,23089000.0,87560430.0,0.5535489406457154,3.61305
HK.00486,俄铝,2019-02-19 00:00:00,3.59305,3.54305,3.60305,3.49305,5.92,0.00144,21883000.0,80911470.0,-2.477257400806481,3.63305
HK.00486,俄铝,2019-02-20 00:00:00,3.55305,3.51305,3.58305,3.48305,5.872,0.00134,20364000.0,74800550.0,-0.8467281014944822,3.54305
HK.00486,俄铝,2019-02-21 00:00:00,3.55305,3.58305,3.60305,3.52305,5.984,0.00152,23142000.0,86150590.0,1.992570558346744,3.51305
HK.00486,俄铝,2019-02-22 00:00:00,3.57305,3.58305,3.60305,3.54305,5.984,0.00094,14324000.0,53333325.0,0.0,3.58305
HK.00486,俄铝,2019-02-25 00:00:00,3.58305,3.70305,3.70305,3.54305,6.176,0.00176,26664009.0,101077713.0,3.3491020220203485,3.58305
HK.00486,俄铝,2019-02-26 00:00:00,3.70305,3.65305,3.70305,3.61305,6.096,0.00111,16819000.0,64128040.0,-1.3502383170629688,3.70305
HK.00486,俄铝,2019-02-27 00:00:00,3.67305,3.62305,3.67305,3.55305,6.048,0.00141,21447000.0,80527600.0,-0.8212315736165616,3.65305
HK.00486,俄铝,2019-02-28 00:00:00,3.60305,3.54305,3.61305,3.51305,5.92,0.00111,16867000.0,62596800.0,-2.2080843488221267,3.62305
HK.00486,俄铝,2019-03-01 00:00:00,3.55305,3.60305,3.60305,3.53305,6.016,0.0007,10620000.0,39665910.0,1.6934562029889517,3.54305
HK.00486,俄铝,2019-03-04 00:00:00,3.61305,3.68305,3.69305,3.59305,6.144,0.00108,16470000.0,62763230.0,2.220341099901474,3.60305
HK.00486,俄铝,2019-03-05 00:00:00,3.68305,3.66305,3.68305,3.62305,6.112,0.00049,7498000.0,28533395.0,-0.5430281967391162,3.68305
HK.00486,俄铝,2019-03-06 00:00:00,3.67305,3.69305,3.71305,3.66305,6.16,0.00056,8568000.0,32935410.0,0.8189896397810514,3.66305
HK.00486,俄铝,2019-03-07 00:00:00,3.67305,3.59305,3.70305,3.44305,4.275,0.00385,58536000.0,216518170.0,-2.7077889549288554,3.69305
HK.00486,俄铝,2019-03-08 00:00:00,3.55305,3.39305,3.55305,3.36305,4.047,0.00091,13881000.0,50067800.0,-5.566301610052733,3.59305
HK.00486,俄铝,2019-03-11 00:00:00,3.39305,3.54305,3.55305,3.34305,4.218,0.00131,19904000.0,72352140.0,4.420801343923605,3.39305
HK.00486,俄铝,2019-03-12 00:00:00,3.56305,3.56305,3.58305,3.52305,4.241,0.00088,13372000.0,49590520.0,0.5644854009963172,3.54305
HK.00486,俄铝,2019-03-13 00:00:00,3.57305,3.51305,3.57305,3.50305,4.184,0.00059,8961378.0,32951421.0,-1.4032921233213191,3.56305
HK.00486,俄铝,2019-03-14 00:00:00,3.51305,3.50305,3.53305,3.39305,4.173,0.00071,10779000.0,39172630.0,-0.2846529369066705,3.51305
HK.00486,俄铝,2019-03-15 00:00:00,3.44305,3.41305,3.46305,3.41305,4.07,0.00072,10993000.0,39486290.0,-2.56918970611324,3.50305
HK.00486,俄铝,2019-03-18 00:00:00,3.45305,3.45305,3.45305,3.37305,4.116,0.00104,15849000.0,56705310.0,1.1719722828555115,3.41305
HK.00486,俄铝,2019-03-19 00:00:00,3.46305,3.49305,3.49305,3.40305,4.161,0.00057,8702000.0,31506295.0,1.1583962004604633,3.45305
HK.00486,俄铝,2019-03-20 00:00:00,3.49305,3.45305,3.49305,3.42305,4.116,0.0004,6032833.0,21774200.0,-1.14513104593407,3.49305
HK.00486,俄铝,2019-03-21 00:00:00,3.44305,3.44305,3.45305,3.40305,4.104,0.00033,4969000.0,17850000.0,-0.2895990501151223,3.45305
HK.00486,俄铝,2019-03-22 00:00:00,3.43305,3.48305,3.49305,3.43305,4.15,0.00077,11639000.0,42110720.0,1.1617606482624427,3.44305
HK.00486,俄铝,2019-03-25 00:00:00,3.40305,3.37305,3.43305,3.37305,4.025,0.00063,9584000.0,34074890.0,-3.1581516199882254,3.48305
HK.00486,俄铝,2019-03-26 00:00:00,3.38305,3.38305,3.40305,3.30305,4.036,0.00059,8947000.0,31530990.0,0.29646758868086115,3.37305
HK.00486,俄铝,2019-03-27 00:00:00,3.37305,3.36305,3.40305,3.33305,4.013,0.00034,5173010.0,18198414.0,-0.5911825128212713,3.38305
HK.00486,俄铝,2019-03-28 00:00:00,3.31305,3.27305,3.32305,3.21305,3.911,0.0007,10677000.0,36509990.0,-2.6761421923551496,3.36305
HK.00486,俄铝,2019-03-29 00:00:00,3.24305,3.23305,3.27305,3.14305,3.865,0.00182,27591010.0,92351463.0,-1.222101709414767,3.27305
HK.00486,俄铝,2019-04-01 00:00:00,3.21305,3.20305,3.28305,3.17305,3.831,0.0007,10628010.0,35830494.0,-0.9279163638050697,3.23305
HK.00486,俄铝,2019-04-02 00:00:00,3.19305,3.28305,3.28305,3.19305,3.922,0.00131,19936941.0,67770521.0,2.497619456455554,3.20305
HK.00486,俄铝,2019-04-03 00:00:00,3.26305,3.28305,3.29305,3.22305,3.922,0.00053,8013000.0,27433230.0,0.0,3.28305
HK.00486,俄铝,2019-04-04 00:00:00,3.28305,3.20305,3.28305,3.20305,3.831,0.00043,6528000.0,22115290.0,-2.4367585020026996,3.28305
HK.00486,俄铝,2019-04-08 00:00:00,3.24305,3.20305,3.24305,3.16305,3.831,0.00058,8844100.0,29662266.0,0.0,3.20305
HK.00486,俄铝,2019-04-09 00:00:00,3.22305,3.24305,3.24305,3.19305,3.876,0.00045,6789000.0,22982120.0,1.248809728227784,3.20305
HK.00486,俄铝,2019-04-10 00:00:00,3.24305,3.24305,3.24305,3.20305,3.876,0.00022,3342000.0,11295650.0,0.0,3.24305
HK.00486,俄铝,2019-04-11 00:00:00,3.24305,3.21305,3.24305,3.19305,3.842,0.00044,6613000.0,22366640.0,-0.9250551178674472,3.24305
HK.00486,俄铝,2019-04-12 00:00:00,3.21305,3.21305,3.22305,3.18305,3.842,0.00042,6386000.0,21437350.0,0.0,3.21305
HK.00486,俄铝,2019-04-15 00:00:00,3.21305,3.22305,3.28305,3.19305,3.854,0.00081,12286000.0,41710240.0,0.31123076204852806,3.21305
HK.00486,俄铝,2019-04-16 00:00:00,3.22305,3.24305,3.26305,3.20305,3.876,0.00032,4796000.0,16304660.0,0.6205302430927232,3.22305
HK.00486,俄铝,2019-04-17 00:00:00,3.25305,3.43305,3.48305,3.25305,4.093,0.0019,28831000.0,102504120.0,5.858682413160449,3.24305
HK.00486,俄铝,2019-04-18 00:00:00,3.41305,3.35305,3.44305,3.34305,4.002,0.00054,8177000.0,28880950.0,-2.330289392813972,3.43305
HK.00486,俄铝,2019-04-23 00:00:00,3.35305,3.39305,3.42305,3.34305,4.047,0.00043,6464000.0,22872810.0,1.1929437377909675,3.35305
HK.00486,俄铝,2019-04-24 00:00:00,3.40305,3.35305,3.40305,3.25305,4.002,0.00044,6758000.0,23541330.0,-1.17888035837963,3.39305
HK.00486,俄铝,2019-04-25 00:00:00,3.34305,3.30305,3.34305,3.28305,3.945,0.00048,7224500.0,24933980.0,-1.491179672238716,3.35305
HK.00486,俄铝,2019-04-26 00:00:00,3.31305,3.23305,3.31305,3.22305,3.865,0.00043,6605000.0,22480970.0,-2.1192534172961306,3.30305
HK.00486,俄铝,2019-04-29 00:00:00,3.23305,3.21305,3.23305,3.18305,3.842,0.00021,3152000.0,10608920.0,-0.6186109092033844,3.23305
HK.00486,俄铝,2019-04-30 00:00:00,3.21305,3.20305,3.21305,3.15305,3.831,0.00047,7144588.0,23961830.0,-0.31123076204851424,3.21305
HK.00486,俄铝,2019-05-02 00:00:00,3.20305,3.10305,3.20305,3.04305,3.717,0.00068,10303000.0,33855480.0,-3.12202432056946,3.20305
HK.00486,俄铝,2019-05-03 00:00:00,3.10305,3.09305,3.10305,2.95305,3.705,0.00115,17540000.0,56146900.0,-0.3222635793815836,3.10305
HK.00486,俄铝,2019-05-06 00:00:00,3.03305,3.02305,3.03305,2.91305,3.625,0.00122,18552943.0,58258418.0,-2.26313832624755,3.09305
HK.00486,俄铝,2019-05-07 00:00:00,3.02305,3.02305,3.02305,2.97305,3.625,0.00065,9827000.0,31072420.0,0.0,3.02305
HK.00486,俄铝,2019-05-08 00:00:00,2.99305,3.00305,3.01305,2.94305,3.603,0.0009,13674375.0,43221271.0,-0.6615835001075079,3.02305
HK.00486,俄铝,2019-05-09 00:00:00,2.97305,2.94305,3.00305,2.94305,3.534,0.00041,6203020.0,19343651.0,-1.9979687317893493,3.00305
HK.00486,俄铝,2019-05-10 00:00:00,2.94305,2.97305,2.99305,2.86305,3.568,0.00078,11876000.0,36712860.0,1.019350673620912,2.94305
HK.00486,俄铝,2019-05-14 00:00:00,2.88305,2.81305,2.89305,2.71305,3.386,0.00152,23123000.0,68123930.0,-5.381678747414275,2.97305
HK.00486,俄铝,2019-05-15 00:00:00,2.84305,2.81305,2.85305,2.79305,3.386,0.00095,14407000.0,42976550.0,0.0,2.81305
HK.00486,俄铝,2019-05-16 00:00:00,2.81305,2.79305,2.81305,2.73305,3.363,0.00078,11852000.0,34775000.0,-0.7109720765716933,2.81305
HK.00486,俄铝,2019-05-17 00:00:00,2.81305,2.84305,2.84305,2.78305,3.42,0.00073,11049000.0,32828900.0,1.7901577128944997,2.79305
HK.00486,俄铝,2019-05-20 00:00:00,2.85305,2.76305,2.85305,2.74305,3.329,0.00032,4841000.0,14203330.0,-2.813879460438616,2.84305
HK.00486,俄铝,2019-05-21 00:00:00,2.77305,2.73305,2.77305,2.70305,3.295,0.00038,5767000.0,16676550.0,-1.085756681927573,2.76305
HK.00486,俄铝,2019-05-22 00:00:00,2.73305,2.72305,2.74305,2.68305,3.283,0.00075,11390000.0,32813678.0,-0.3658915863229647,2.73305
HK.00486,俄铝,2019-05-23 00:00:00,2.74305,2.64305,2.74305,2.60305,3.192,0.00086,13131000.0,37089720.0,-2.937882154202092,2.72305
HK.00486,俄铝,2019-05-24 00:00:00,2.64305,2.57305,2.64305,2.53305,3.112,0.00056,8470000.0,23199860.0,-2.6484553829855764,2.64305
HK.00486,俄铝,2019-05-27 00:00:00,2.68305,2.70305,2.73305,2.66305,3.261,0.00124,18828000.0,54071590.0,5.052369755737368,2.57305
HK.00486,俄铝,2019-05-28 00:00:00,2.71305,2.81305,2.83305,2.71305,3.386,0.00061,9246001.0,27385337.0,4.069477072196218,2.70305
HK.00486,俄铝,2019-05-29 00:00:00,2.79305,2.76305,2.79305,2.74305,3.329,0.0002,3028000.0,8839410.0,-1.7774301914292412,2.81305
HK.00486,俄铝,2019-05-30 00:00:00,2.78305,2.75305,2.78305,2.72305,3.318,0.00019,2937000.0,8506620.0,-0.3619188939758523,2.76305
HK.00486,俄铝,2019-05-31 00:00:00,2.72305,2.72305,2.75305,2.67305,3.283,0.00044,6632000.0,19052020.0,-1.0897005139754021,2.75305
HK.00486,俄铝,2019-06-03 00:00:00,2.72305,2.62305,2.72305,2.62305,3.169,0.00026,3953000.0,11090640.0,-3.6723526927526153,2.72305
HK.00486,俄铝,2019-06-04 00:00:00,2.65305,2.64305,2.66305,2.62305,3.192,0.00017,2559000.0,7143500.0,0.7624711690589205,2.62305
HK.00486,俄铝,2019-06-05 00:00:00,2.71305,2.69305,2.71305,2.65305,3.249,0.0004,6033164.0,17089012.0,1.8917538449896834,2.64305
HK.00486,俄铝,2019-06-06 00:00:00,2.70305,2.68305,2.70305,2.64305,3.238,0.00018,2660000.0,7509480.0,-0.3713261914929091,2.69305
HK.00486,俄铝,2019-06-10 00:00:00,2.73305,2.76305,2.77305,2.71305,3.329,0.00025,3798504.0,11012611.0,2.981681295540509,2.68305
HK.00486,俄铝,2019-06-11 00:00:00,2.78305,2.90305,2.92305,2.75305,3.489,0.00077,11633000.0,34948000.0,5.066864515662045,2.76305
HK.00486,俄铝,2019-06-12 00:00:00,2.84305,2.83305,2.88305,2.79305,3.409,0.00039,5902000.0,17660540.0,-2.4112571261259657,2.90305
HK.00486,俄铝,2019-06-13 00:00:00,2.86305,2.88305,2.89305,2.79305,3.466,0.00026,3918000.0,11824070.0,1.764882370589994,2.83305
HK.00486,俄铝,2019-06-14 00:00:00,2.92305,2.91305,2.96305,2.87305,3.5,0.00023,3542990.0,10877859.0,1.0405646797662285,2.88305
HK.00486,俄铝,2019-06-17 00:00:00,2.93305,2.88305,2.93305,2.86305,3.466,8e-05,1159002.0,3518696.0,-1.029848440637828,2.91305
HK.00486,俄铝,2019-06-18 00:00:00,2.91305,2.89305,2.91305,2.87305,3.477,0.00015,2214000.0,6760000.0,0.34685489325541463,2.88305
HK.00486,俄铝,2019-06-19 00:00:00,2.94305,2.98305,3.00305,2.91305,3.58,0.00032,4799000.0,14971610.0,3.1109037175299377,2.89305
HK.00486,俄铝,2019-06-20 00:00:00,3.01305,3.06305,3.10305,2.99305,3.671,0.00044,6668990.0,21352418.0,2.6818189436985658,2.98305
HK.00486,俄铝,2019-06-21 00:00:00,3.09305,3.11305,3.11305,3.07305,3.728,0.00026,3994000.0,12990020.0,1.632359902711344,3.06305
HK.00486,俄铝,2019-06-24 00:00:00,3.11305,3.06305,3.11305,3.05305,3.671,0.0001,1553000.0,5019180.0,-1.6061418865742545,3.11305
HK.00486,俄铝,2019-06-25 00:00:00,3.11305,3.05305,3.11305,3.03305,3.66,0.00016,2469348.0,7950412.0,-0.3264719805422775,3.06305
HK.00486,俄铝,2019-06-26 00:00:00,3.06305,3.08305,3.08305,3.04305,3.694,0.00026,3900814.0,12561122.0,0.9826239334436138,3.05305
HK.00486,俄铝,2019-06-27 00:00:00,3.08305,3.07305,3.09305,3.06305,3.683,9e-05,1320646.0,4262146.0,-0.32435412983896567,3.08305
HK.00486,俄铝,2019-06-28 00:00:00,3.07305,3.04305,3.07305,3.02305,3.648,0.00014,2122000.0,6796610.0,-0.9762288280372856,3.07305
HK.00486,俄铝,2019-07-02 00:00:00,3.07305,3.03305,3.07305,3.03305,3.637,0.0002,3092586.0,9905419.0,-0.3286176697721112,3.04305
HK.00486,俄铝,2019-07-03 00:00:00,3.04305,3.00305,3.04305,3.00305,3.603,0.00016,2390000.0,7567380.0,-0.9891033777880288,3.03305
HK.00486,俄铝,2019-07-04 00:00:00,3.03305,3.01305,3.04305,3.01305,3.614,0.00018,2804000.0,8919060.0,0.3329947886315508,3.00305
HK.00486,俄铝,2019-07-05 00:00:00,3.04305,3.09305,3.10305,3.03305,3.705,0.00042,6406000.0,20679350.0,2.655116908116363,3.01305
HK.00486,俄铝,2019-07-08 00:00:00,3.11305,3.17305,3.21305,3.11305,3.797,0.00055,8356437.0,27676440.0,2.5864438014257796,3.09305
HK.00486,俄铝,2019-07-09 00:00:00,3.18305,3.15305,3.18305,3.10305,3.774,0.00047,7072000.0,23346460.0,-0.6303083783741201,3.17305
HK.00486,俄铝,2019-07-10 00:00:00,3.15305,3.16305,3.17305,3.09305,3.785,0.00021,3165000.0,10418510.0,0.3171532325843304,3.15305
HK.00486,俄铝,2019-07-11 00:00:00,3.20305,3.21305,3.22305,3.18305,3.842,0.00017,2593000.0,8715210.0,1.580752754461669,3.16305
HK.00486,俄铝,2019-07-12 00:00:00,3.21305,3.19305,3.21305,3.17305,3.819,0.00017,2559000.0,8577880.0,-0.6224615240970424,3.21305
HK.00486,俄铝,2019-07-15 00:00:00,3.21305,3.18305,3.21305,3.14305,3.808,0.00032,4807954.0,16039925.0,-0.31318018822128646,3.19305
HK.00486,俄铝,2019-07-16 00:00:00,3.19305,3.18305,3.20305,3.15305,3.808,0.00017,2613875.0,8731177.0,0.0,3.18305
HK.00486,俄铝,2019-07-17 00:00:00,3.19305,3.18305,3.20305,3.16305,3.808,0.00014,2182000.0,7287945.0,0.0,3.18305
HK.00486,俄铝,2019-07-18 00:00:00,3.18305,3.20305,3.20305,3.16305,3.831,0.00023,3439500.0,11517005.0,0.6283281758062241,3.18305
HK.00486,俄铝,2019-07-19 00:00:00,3.20305,3.30305,3.39305,3.20305,3.945,0.00064,9776000.0,34022236.0,3.122024320569446,3.20305
HK.00486,俄铝,2019-07-22 00:00:00,3.32305,3.26305,3.34305,3.25305,3.899,0.00021,3245380.0,11151723.0,-1.21100195274065,3.30305
HK.00486,俄铝,2019-07-23 00:00:00,3.25305,3.32305,3.33305,3.23305,3.968,0.00031,4715000.0,16171070.0,1.8387704754754006,3.26305
HK.00486,俄铝,2019-07-24 00:00:00,3.37305,3.30305,3.37305,3.29305,3.945,0.00026,3916000.0,13601080.0,-0.6018567280058988,3.32305
HK.00486,俄铝,2019-07-25 00:00:00,3.30305,3.34305,3.36305,3.30305,3.99,0.00036,5426000.0,18973170.0,1.21100195274065,3.30305
HK.00486,俄铝,2019-07-26 00:00:00,3.37305,3.39305,3.42305,3.34305,4.047,0.00051,7704000.0,27240040.0,1.4956402087913812,3.34305
HK.00486,俄铝,2019-07-29 00:00:00,3.42305,3.41305,3.47305,3.38305,4.07,0.00049,7484000.0,26737220.0,0.589440179189815,3.39305
HK.00486,俄铝,2019-07-30 00:00:00,3.44305,3.50305,3.52305,3.43305,4.173,0.00045,6786200.0,24657503.0,2.636937636424894,3.41305
HK.00486,俄铝,2019-07-31 00:00:00,3.49305,3.44305,3.51305,3.42305,4.104,0.00033,5054000.0,18217950.0,-1.7127931374088312,3.50305
HK.00486,俄铝,2019-08-01 00:00:00,3.39305,3.35305,3.44305,3.34305,4.002,0.00043,6543000.0,23129490.0,-2.61396145859049,3.44305
HK.00486,俄铝,2019-08-02 00:00:00,3.29305,3.30305,3.32305,3.23305,3.945,0.00042,6446000.0,22084995.0,-1.491179672238716,3.35305
HK.00486,俄铝,2019-08-05 00:00:00,3.24305,3.20305,3.24305,3.09305,3.831,0.00051,7747000.0,25682770.0,-3.0275048818516117,3.30305
HK.00486,俄铝,2019-08-06 00:00:00,3.09305,3.20305,3.22305,3.04305,3.831,0.00051,7793000.0,25682530.0,0.0,3.20305
HK.00486,俄铝,2019-08-07 00:00:00,3.24305,3.24305,3.25305,3.13305,3.876,0.00053,8092135.0,27221670.0,1.248809728227784,3.20305
HK.00486,俄铝,2019-08-08 00:00:00,3.24305,3.27305,3.28305,3.21305,3.911,0.00047,7158000.0,24426480.0,0.9250551178674336,3.24305
HK.00486,俄铝,2019-08-09 00:00:00,3.16305,3.10305,3.18305,2.87305,3.717,0.00212,32240000.0,102795790.0,-5.193932265012754,3.27305
HK.00486,俄铝,2019-08-12 00:00:00,3.08305,3.07305,3.09305,3.03305,3.683,0.00047,7123000.0,23006790.0,-0.9667907381447365,3.10305
HK.00486,俄铝,2019-08-13 00:00:00,3.05305,2.99305,3.05305,2.95305,3.591,0.00037,5656700.0,17807918.0,-2.6032768747660997,3.07305
HK.00486,俄铝,2019-08-14 00:00:00,3.01305,2.99305,3.03305,2.96305,3.591,0.00024,3605000.0,11351590.0,0.0,2.99305
HK.00486,俄铝,2019-08-15 00:00:00,2.91305,2.91305,2.93305,2.85305,3.5,0.00019,2889000.0,8842920.0,-2.672858789529078,2.99305
HK.00486,俄铝,2019-08-16 00:00:00,2.91305,2.89305,2.91305,2.88305,3.477,9e-05,1344000.0,4100140.0,-0.6865656270918803,2.91305
HK.00486,俄铝,2019-08-19 00:00:00,2.86305,2.85305,2.92305,2.85305,3.432,0.00022,3383508.0,10314823.0,-1.3826238744577535,2.89305
HK.00486,俄铝,2019-08-20 00:00:00,2.85305,2.89305,2.92305,2.85305,3.477,9e-05,1358000.0,4152730.0,1.4020083770000538,2.85305
HK.00486,俄铝,2019-08-21 00:00:00,2.97305,2.98305,3.02305,2.91305,3.58,0.00051,7737000.0,24194508.0,3.1109037175299377,2.89305
HK.00486,俄铝,2019-08-22 00:00:00,3.00305,2.99305,3.00305,2.95305,3.591,0.00012,1866000.0,5846160.0,0.3352273679623282,2.98305
HK.00486,俄铝,2019-08-23 00:00:00,2.99305,3.00305,3.01305,2.97305,3.603,0.00024,3697000.0,11653830.0,0.3341073486911273,2.99305
HK.00486,俄铝,2019-08-26 00:00:00,2.91305,2.91305,2.93305,2.86305,3.5,0.00039,5919000.0,18023420.0,-2.9969530976840164,3.00305
HK.00486,俄铝,2019-08-27 00:00:00,2.92305,2.92305,2.94305,2.88305,3.511,0.00019,2876000.0,8848510.0,0.3432828135459325,2.91305
HK.00486,俄铝,2019-08-28 00:00:00,2.93305,2.91305,2.93305,2.86305,3.5,0.00024,3586000.0,10941340.0,-0.3421084141564389,2.92305
HK.00486,俄铝,2019-08-29 00:00:00,2.92305,2.90305,2.92305,2.88305,3.489,0.00014,2187000.0,6683440.0,-0.3432828135459477,2.91305
HK.00486,俄铝,2019-08-30 00:00:00,2.92305,2.89305,2.93305,2.89305,3.477,0.00015,2289000.0,7032660.0,-0.34446530373227424,2.90305
HK.00486,俄铝,2019-09-02 00:00:00,2.97305,3.02305,3.03305,2.93305,3.625,0.00042,6367906.0,20046651.0,4.493527591987691,2.89305
HK.00486,俄铝,2019-09-03 00:00:00,3.03305,3.05305,3.10305,3.03305,3.66,0.00027,4117000.0,13291770.0,0.9923752501612546,3.02305
HK.00486,俄铝,2019-09-04 00:00:00,3.04305,3.06305,3.10305,3.00305,3.671,0.00012,1845000.0,5923930.0,0.3275413111478761,3.05305
HK.00486,俄铝,2019-09-05 00:00:00,3.06305,3.09305,3.11305,3.04305,3.705,0.00014,2100700.0,6819232.0,0.9794159416268035,3.06305
HK.00486,俄铝,2019-09-06 00:00:00,3.11305,3.10305,3.14305,3.08305,3.717,0.0001,1564102.0,5104209.0,0.3233054751782296,3.09305
HK.00486,俄铝,2019-09-09 00:00:00,3.13305,3.10305,3.13305,3.03305,3.717,0.00012,1794000.0,5775910.0,0.0,3.10305
HK.00486,俄铝,2019-09-10 00:00:00,3.13305,3.08305,3.13305,3.06305,3.694,8e-05,1144000.0,3708610.0,-0.6445271587631529,3.10305
HK.00486,俄铝,2019-09-11 00:00:00,3.10305,3.16305,3.16305,3.08305,3.785,0.00022,3322000.0,10926270.0,2.5948330387116676,3.08305
HK.00486,俄铝,2019-09-12 00:00:00,3.19305,3.22305,3.22305,3.16305,3.854,0.00018,2790000.0,9371920.0,1.8969033053540114,3.16305
HK.00486,俄铝,2019-09-13 00:00:00,3.25305,3.24305,3.28305,3.22305,3.876,0.00015,2284000.0,7773340.0,0.6205302430927232,3.22305
HK.00486,俄铝,2019-09-16 00:00:00,3.24305,3.20305,3.24305,3.16305,3.831,7e-05,1102000.0,3695340.0,-1.2334068238232538,3.24305
HK.00486,俄铝,2019-09-17 00:00:00,3.24305,3.22305,3.24305,3.14305,3.854,0.00027,4042500.0,13542760.0,0.624404864113892,3.20305
HK.00486,俄铝,2019-09-18 00:00:00,3.22305,3.22305,3.22305,3.18305,3.854,0.00012,1768000.0,5956270.0,0.0,3.22305
HK.00486,俄铝,2019-09-19 00:00:00,3.30305,3.29305,3.32305,3.27305,3.933,0.00033,4980000.0,17225640.0,2.1718558508245245,3.22305
HK.00486,俄铝,2019-09-20 00:00:00,3.31305,3.27305,3.31305,3.23305,3.911,7e-05,1040400.0,3554694.0,-0.6073397002778584,3.29305
HK.00486,俄铝,2019-09-23 00:00:00,3.29305,3.26305,3.29305,3.16305,3.899,0.00018,2790000.0,9457840.0,-0.30552542735369853,3.27305
HK.00486,俄铝,2019-09-24 00:00:00,3.28305,3.33305,3.34305,3.22305,3.979,0.00039,5961000.0,20570145.0,2.1452322213879738,3.26305
HK.00486,俄铝,2019-09-25 00:00:00,3.33305,3.29305,3.33305,3.28305,3.933,9e-05,1312000.0,4528880.0,-1.2001020086707381,3.33305
HK.00486,俄铝,2019-09-26 00:00:00,3.30305,3.29305,3.30305,3.25305,3.933,0.00012,1751000.0,6016590.0,0.0,3.29305
HK.00486,俄铝,2019-09-27 00:00:00,3.29305,3.28305,3.29305,3.24305,3.922,0.0001,1539000.0,5274240.0,-0.303669850138936,3.29305
HK.00486,俄铝,2019-09-30 00:00:00,3.25305,3.29305,3.29305,3.24305,3.933,0.0001,1511000.0,5181600.0,0.30459481275034594,3.28305
HK.00486,俄铝,2019-10-02 00:00:00,3.25305,3.21305,3.27305,3.19305,3.842,0.00014,2083000.0,7069730.0,-2.4293588011114338,3.29305
HK.00486,俄铝,2019-10-03 00:00:00,3.20305,3.16305,3.20305,3.15305,3.785,0.00014,2126759.0,7074304.0,-1.556153810242599,3.21305
HK.00486,俄铝,2019-10-04 00:00:00,3.14305,3.16305,3.19305,3.14305,3.785,0.00013,2009000.0,6683160.0,0.0,3.16305
HK.00486,俄铝,2019-10-08 00:00:00,3.16305,3.12305,3.16305,3.11305,3.74,0.00013,1934241.0,6360346.0,-1.2646022035693407,3.16305
HK.00486,俄铝,2019-10-09 00:00:00,3.11305,3.08305,3.13305,3.07305,3.694,6e-05,884303.0,2877143.0,-1.2807992187124777,3.12305
HK.00486,俄铝,2019-10-10 00:00:00,3.07305,3.08305,3.12305,3.06305,3.694,8e-05,1268000.0,4123420.0,0.0,3.08305
HK.00486,俄铝,2019-10-11 00:00:00,3.12305,3.16305,3.17305,3.11305,3.785,0.00018,2662000.0,8777030.0,2.5948330387116676,3.08305
HK.00486,俄铝,2019-10-14 00:00:00,3.14305,3.12305,3.16305,3.10305,3.74,0.0001,1496000.0,4915130.0,-1.2646022035693407,3.16305
HK.00486,俄铝,2019-10-15 00:00:00,3.12305,3.15305,3.16305,3.11305,3.774,0.00015,2337647.0,7685903.0,0.9605994140343511,3.12305
HK.00486,俄铝,2019-10-16 00:00:00,3.12305,3.12305,3.14305,3.06305,3.74,0.00011,1742000.0,5681430.0,-0.9514596977529632,3.15305
HK.00486,俄铝,2019-10-17 00:00:00,3.09305,3.12305,3.15305,3.09305,3.74,8e-05,1215000.0,3976830.0,0.0,3.12305
HK.00486,俄铝,2019-10-18 00:00:00,3.14305,3.13305,3.15305,3.10305,3.751,0.00015,2331350.0,7685211.0,0.3201998046781123,3.12305
HK.00486,俄铝,2019-10-21 00:00:00,3.10305,3.11305,3.12305,3.07305,3.728,0.00029,4407000.0,14353750.0,-0.6383555959847439,3.13305
HK.00486,俄铝,2019-10-22 00:00:00,3.11305,3.15305,3.15305,3.10305,3.774,0.00019,2943000.0,9677650.0,1.284913509259409,3.11305
HK.00486,俄铝,2019-10-23 00:00:00,3.15305,3.15305,3.18305,3.11305,3.774,0.00045,6809000.0,22478090.0,0.0,3.15305
HK.00486,俄铝,2019-10-24 00:00:00,3.17305,3.16305,3.18305,3.13305,3.785,0.00026,3986000.0,13181940.0,0.3171532325843304,3.15305
HK.00486,俄铝,2019-10-25 00:00:00,3.19305,3.21305,3.21305,3.17305,3.842,0.00026,3984000.0,13332020.0,1.580752754461669,3.16305
HK.00486,俄铝,2019-10-28 00:00:00,3.21305,3.22305,3.24305,3.21305,3.854,0.00027,4152000.0,14013030.0,0.31123076204852806,3.21305
HK.00486,俄铝,2019-10-29 00:00:00,3.28305,3.32305,3.32305,3.26305,3.968,0.00053,8115000.0,27960610.0,3.1026512154636023,3.22305
HK.00486,俄铝,2019-10-30 00:00:00,3.32305,3.35305,3.36305,3.30305,4.002,0.00063,9600000.0,33478945.0,0.9027850920088547,3.32305
HK.00486,俄铝,2019-10-31 00:00:00,3.39305,3.42305,3.47305,3.37305,4.082,0.00071,10785000.0,38647995.0,2.0876515411341865,3.35305
HK.00486,俄铝,2019-11-01 00:00:00,3.39305,3.37305,3.41305,3.36305,4.025,0.00031,4692000.0,16604205.0,-1.460685645842153,3.42305
HK.00486,俄铝,2019-11-04 00:00:00,3.39305,3.41305,3.42305,3.38305,4.07,0.00024,3688000.0,13103480.0,1.1858703547234708,3.37305
HK.00486,俄铝,2019-11-05 00:00:00,3.44305,3.46305,3.46305,3.41305,4.127,0.00057,8730794.0,31438181.0,1.4649653535693827,3.41305
HK.00486,俄铝,2019-11-06 00:00:00,3.46305,3.46305,3.46305,3.44305,4.127,0.00018,2692000.0,9712720.0,0.0,3.46305
HK.00486,俄铝,2019-11-07 00:00:00,3.44305,3.47305,3.47305,3.44305,4.139,0.00018,2763219.0,9977471.0,0.28876279580139563,3.46305
HK.00486,俄铝,2019-11-08 00:00:00,3.34305,3.33305,3.42305,3.21305,3.979,0.00206,31259000.0,108465129.0,-4.031039000302331,3.47305
HK.00486,俄铝,2019-11-11 00:00:00,3.35305,3.34305,3.36305,3.28305,3.99,0.00084,12754000.0,44281480.0,0.30002550216767787,3.33305
HK.00486,俄铝,2019-11-12 00:00:00,3.35305,3.35305,3.35305,3.27305,4.002,0.00097,14707000.0,50927740.0,0.29912804175828156,3.34305
HK.00486,俄铝,2019-11-13 00:00:00,3.34305,3.30305,3.34305,3.25305,3.945,0.001,15140000.0,52072190.0,-1.491179672238716,3.35305
HK.00486,俄铝,2019-11-14 00:00:00,3.32305,3.34305,3.35305,3.27305,3.99,0.00046,7007000.0,24320710.0,1.21100195274065,3.30305
HK.00486,俄铝,2019-11-15 00:00:00,3.34305,3.33305,3.35305,3.31305,3.979,0.00037,5633000.0,19606650.0,-0.29912804175826824,3.34305
HK.00486,俄铝,2019-11-18 00:00:00,3.33305,3.33305,3.35305,3.30305,3.979,0.0002,3045960.0,10636260.0,0.0,3.33305
HK.00486,俄铝,2019-11-19 00:00:00,3.33305,3.30305,3.33305,3.28305,3.945,0.00017,2647000.0,9135100.0,-0.9000765065030601,3.33305
HK.00486,俄铝,2019-11-20 00:00:00,3.29305,3.30305,3.31305,3.29305,3.945,7e-05,1047000.0,3615440.0,0.0,3.30305
HK.00486,俄铝,2019-11-21 00:00:00,3.27305,3.27305,3.29305,3.27305,3.911,0.00012,1846000.0,6336630.0,-0.9082514645554808,3.30305
HK.00486,俄铝,2019-11-22 00:00:00,3.29305,3.29305,3.29305,3.28305,3.933,0.00011,1691000.0,5824080.0,0.6110508547073835,3.27305
HK.00486,俄铝,2019-11-25 00:00:00,3.31305,3.31305,3.33305,3.28305,3.956,0.00016,2424000.0,8386630.0,0.6073397002778584,3.29305
HK.00486,俄铝,2019-11-26 00:00:00,3.31305,3.27305,3.32305,3.27305,3.911,0.00017,2599000.0,8958460.0,-1.2073467046980888,3.31305
HK.00486,俄铝,2019-11-27 00:00:00,3.27305,3.29305,3.29305,3.24305,3.933,0.00026,3929000.0,13413625.0,0.6110508547073835,3.27305
HK.00486,俄铝,2019-11-28 00:00:00,3.29305,3.29305,3.30305,3.27305,3.933,0.0001,1579000.0,5437830.0,0.0,3.29305
HK.00486,俄铝,2019-11-29 00:00:00,3.28305,3.23305,3.28305,3.21305,3.865,0.00013,2040000.0,6927720.0,-1.8220191008335753,3.29305
HK.00486,俄铝,2019-12-02 00:00:00,3.23305,3.25305,3.28305,3.22305,3.888,0.00012,1835000.0,6218330.0,0.6186109092033844,3.23305
HK.00486,俄铝,2019-12-03 00:00:00,3.23305,3.23305,3.26305,3.23305,3.865,0.00012,1780000.0,6046710.0,-0.6148076420589913,3.25305
HK.00486,俄铝,2019-12-04 00:00:00,3.22305,3.18305,3.22305,3.18305,3.808,0.00015,2255000.0,7562820.0,-1.546527273008454,3.23305
HK.00486,俄铝,2019-12-05 00:00:00,3.21305,3.22305,3.23305,3.21305,3.854,0.00011,1721000.0,5811650.0,1.2566563516124483,3.18305
HK.00486,俄铝,2019-12-06 00:00:00,3.25305,3.25305,3.26305,3.24305,3.888,0.00018,2803090.0,9542117.0,0.930795364639078,3.22305
HK.00486,俄铝,2019-12-09 00:00:00,3.27305,3.26305,3.28305,3.24305,3.899,0.00018,2701000.0,9216170.0,0.3074038210294889,3.25305
HK.00486,俄铝,2019-12-10 00:00:00,3.27305,3.26305,3.27305,3.24305,3.899,0.00028,4201000.0,14310330.0,0.0,3.26305
HK.00486,俄铝,2019-12-11 00:00:00,3.26305,3.27305,3.27305,3.26305,3.911,0.00019,2896000.0,9908060.0,0.3064617459125736,3.26305
HK.00486,俄铝,2019-12-12 00:00:00,3.30305,3.29305,3.30305,3.27305,3.933,0.00021,3132200.0,10794076.0,0.6110508547073835,3.27305
HK.00486,俄铝,2019-12-13 00:00:00,3.35305,3.44305,3.46305,3.33305,4.104,0.00105,16017000.0,56373100.0,4.555047752083931,3.29305
HK.00486,俄铝,2019-12-16 00:00:00,3.47305,3.51305,3.55305,3.47305,4.184,0.00074,11296000.0,41519130.0,2.0330811344592683,3.44305
HK.00486,俄铝,2019-12-17 00:00:00,3.52305,3.48305,3.53305,3.48305,4.15,0.00027,4041000.0,14810670.0,-0.8539588107200241,3.51305
HK.00486,俄铝,2019-12-18 00:00:00,3.49305,3.53305,3.54305,3.49305,4.207,0.00041,6197000.0,22731990.0,1.435523463631008,3.48305
HK.00486,俄铝,2019-12-19 00:00:00,3.52305,3.54305,3.55305,3.51305,4.218,0.00029,4379000.0,16142570.0,0.28304156465377595,3.53305
HK.00486,俄铝,2019-12-20 00:00:00,3.54305,3.54305,3.55305,3.52305,4.218,0.00019,2874000.0,10588990.0,0.0,3.54305
HK.00486,俄铝,2019-12-23 00:00:00,3.62305,3.62305,3.63305,3.57305,4.31,0.00054,8128800.0,30568020.0,2.2579416039852687,3.54305
HK.00486,俄铝,2019-12-24 00:00:00,3.62305,3.59305,3.62305,3.57305,4.275,2e-05,333000.0,1248830.0,-0.8280316308083038,3.62305
HK.00486,俄铝,2019-12-27 00:00:00,3.64305,3.62305,3.64305,3.57305,4.31,0.00019,2908000.0,10936150.0,0.8349452415079182,3.59305
HK.00486,俄铝,2019-12-30 00:00:00,3.65305,3.64305,3.67305,3.62305,4.332,0.00045,6844944.0,25984180.0,0.5520210872055317,3.62305
HK.00486,俄铝,2019-12-31 00:00:00,3.67305,3.66305,3.67305,3.64305,4.355,0.00028,4180000.0,15923700.0,0.5489905436378864,3.64305
HK.00486,俄铝,2020-01-02 00:00:00,3.69305,3.63305,3.69305,3.60305,4.321,0.00014,2062000.0,7803970.0,-0.8189896397810635,3.66305
HK.00486,俄铝,2020-01-03 00:00:00,3.66305,3.68305,3.69305,3.66305,4.378,0.00033,5025000.0,19234670.0,1.3762541115591658,3.63305
HK.00486,俄铝,2020-01-06 00:00:00,3.64305,3.61305,3.65305,3.60305,4.298,0.00019,2909000.0,11036220.0,-1.9005986885869124,3.68305
HK.00486,俄铝,2020-01-07 00:00:00,3.63305,3.62305,3.64305,3.61305,4.31,4e-05,558000.0,2107530.0,0.2767744703228638,3.61305
HK.00486,俄铝,2020-01-08 00:00:00,3.61305,3.61305,3.61305,3.58305,4.298,0.00019,2957264.0,11116502.0,-0.276010543602772,3.62305
HK.00486,俄铝,2020-01-09 00:00:00,3.62305,3.65305,3.67305,3.62305,4.344,0.00023,3437000.0,13032230.0,1.1070978812914307,3.61305
HK.00486,俄铝,2020-01-10 00:00:00,3.68305,3.73305,3.73305,3.62305,4.435,0.00046,6993000.0,26889620.0,2.189950862977514,3.65305
HK.00486,俄铝,2020-01-13 00:00:00,3.76305,3.84305,3.863049999,3.76305,4.561,0.00048,7334000.0,29211530.0,2.9466522012831295,3.73305
HK.00486,俄铝,2020-01-14 00:00:00,3.85305,3.983049999,3.99305,3.84305,4.72,0.00046,7000500.0,28581680.0,3.642939826439938,3.84305
HK.00486,俄铝,2020-01-15 00:00:00,3.95305,4.00305,4.04305,3.943049999,4.743,0.00024,3606000.0,14978560.0,0.5021277916426201,3.983049999
HK.00486,俄铝,2020-01-16 00:00:00,3.99305,4.07305,4.07305,3.99305,4.823,0.00043,6503000.0,27339820.0,1.7486666416857217,4.00305
HK.00486,俄铝,2020-01-17 00:00:00,4.10305,4.15305,4.17305,4.05305,4.914,0.00054,8163000.0,34817110.0,1.964130074514186,4.07305
HK.00486,俄铝,2020-01-20 00:00:00,4.42305,4.71305,4.80305,4.40305,5.553,0.00172,26095000.0,123486040.0,13.4840659274509,4.15305
HK.00486,俄铝,2020-01-21 00:00:00,4.71305,4.57305,4.81305,4.51305,5.393,0.00066,10083000.0,48806640.0,-2.970475594360333,4.71305
HK.00486,俄铝,2020-01-22 00:00:00,4.54305,4.45305,4.59305,4.25305,5.256,0.00101,15321000.0,70091970.0,-2.6240692754288735,4.57305
HK.00486,俄铝,2020-01-23 00:00:00,4.34305,4.23305,4.39305,4.18305,5.005,0.0006,9082000.0,40029550.0,-4.940434084503874,4.45305
HK.00486,俄铝,2020-01-24 00:00:00,4.18305,4.27305,4.27305,4.18305,5.051,0.00019,2883000.0,12604675.0,0.9449451341231297,4.23305
HK.00486,俄铝,2020-01-29 00:00:00,4.18305,4.14305,4.22305,4.09305,4.903,0.00044,6713000.0,28877920.0,-3.042323398977309,4.27305
HK.00486,俄铝,2020-01-30 00:00:00,4.16305,4.09305,4.22305,4.09305,4.846,0.0008,12221000.0,52543750.0,-1.206840371224094,4.14305
HK.00486,俄铝,2020-01-31 00:00:00,4.09305,4.09305,4.21305,4.07305,4.846,0.00097,14749000.0,63120890.0,0.0,4.09305
HK.00486,俄铝,2020-02-03 00:00:00,4.04305,4.023049999,4.07305,3.87305,4.766,0.00074,11185000.0,46463720.0,-1.7102161224514598,4.09305
HK.00486,俄铝,2020-02-04 00:00:00,4.07305,4.18305,4.18305,4.023049999,4.948,0.00097,14694000.0,62954460.0,3.9770820904480466,4.023049999
HK.00486,俄铝,2020-02-05 00:00:00,4.21305,4.24305,4.33305,4.21305,5.017,0.001,15177000.0,67198400.0,1.4343600961021383,4.18305
HK.00486,俄铝,2020-02-06 00:00:00,4.29305,4.34305,4.36305,4.25305,5.131,0.00081,12296000.0,55272215.0,2.3567952298464463,4.24305
HK.00486,俄铝,2020-02-07 00:00:00,4.27305,4.21305,4.27305,4.17305,4.982,0.00035,5365111.0,23625931.0,-2.9932881270075153,4.34305
HK.00486,俄铝,2020-02-10 00:00:00,4.17305,4.09305,4.17305,4.07305,4.846,0.0004,6120542.0,26053818.0,-2.8482928045003053,4.21305
HK.00486,俄铝,2020-02-11 00:00:00,4.09305,4.07305,4.113049999,4.063049999,4.823,0.00021,3193100.0,13548891.0,-0.4886331708627937,4.09305
HK.00486,俄铝,2020-02-12 00:00:00,4.09305,4.09305,4.13305,4.08305,4.846,0.00062,9446000.0,40291250.0,0.4910325186285357,4.07305
HK.00486,俄铝,2020-02-13 00:00:00,4.13305,4.12305,4.17305,4.09305,4.88,0.00056,8520000.0,36454980.0,0.7329497562942122,4.09305
HK.00486,俄铝,2020-02-14 00:00:00,4.12305,4.15305,4.18305,4.09305,4.914,0.00056,8458000.0,36440850.0,0.7276166915269097,4.12305
HK.00486,俄铝,2020-02-17 00:00:00,4.12305,4.19305,4.24305,4.12305,4.96,0.00026,3931000.0,17105720.0,0.9631475662464942,4.15305
HK.00486,俄铝,2020-02-18 00:00:00,4.23305,4.20305,4.27305,4.19305,4.971,0.00037,5640000.0,24672889.0,0.23848988206674823,4.19305
HK.00486,俄铝,2020-02-19 00:00:00,4.20305,4.22305,4.23305,4.14305,4.994,0.00034,5236000.0,22776320.0,0.47584492213986446,4.20305
HK.00486,俄铝,2020-02-20 00:00:00,4.25305,4.39305,4.42305,4.25305,5.188,0.00052,7907000.0,35767710.0,4.025526574395282,4.22305
HK.00486,俄铝,2020-02-21 00:00:00,4.34305,4.25305,4.34305,4.22305,5.028,0.00056,8547673.0,37973191.0,-3.186851959344867,4.39305
HK.00486,俄铝,2020-02-24 00:00:00,4.18305,4.08305,4.18305,4.07305,4.834,0.00031,4696000.0,20021465.0,-3.9971314703565657,4.25305
HK.00486,俄铝,2020-02-25 00:00:00,4.00305,4.09305,4.09305,3.96305,4.846,0.0006,9160127.0,38498472.0,0.24491495328246743,4.08305
HK.00486,俄铝,2020-02-26 00:00:00,3.97305,3.87305,4.023049999,3.83305,4.595,0.0005,7610800.0,31086905.0,-5.374964879490839,4.09305
HK.00486,俄铝,2020-02-27 00:00:00,3.87305,3.97305,3.97305,3.863049999,4.709,0.0002,2996000.0,12206645.0,2.581944462374617,3.87305
HK.00486,俄铝,2020-02-28 00:00:00,3.84305,3.60305,3.863049999,3.40305,4.287,0.00214,32562000.0,123288200.0,-9.312744616856069,3.97305
HK.00486,俄铝,2020-03-02 00:00:00,3.55305,3.62305,3.62305,3.41305,4.31,0.00069,10527378.0,38650427.0,0.5550852749753685,3.60305
HK.00486,俄铝,2020-03-03 00:00:00,3.54305,3.52305,3.61305,3.48305,4.196,0.00021,3254000.0,12064165.0,-2.7601054360276587,3.62305
HK.00486,俄铝,2020-03-04 00:00:00,3.44305,3.52305,3.52305,3.44305,4.196,0.00016,2402000.0,8788150.0,0.0,3.52305
HK.00486,俄铝,2020-03-05 00:00:00,3.57305,3.66305,3.69305,3.54305,4.355,0.00042,6323100.0,23994013.0,3.9738294943302006,3.52305
HK.00486,俄铝,2020-03-06 00:00:00,3.64305,3.55305,3.64305,3.54305,4.23,0.00045,6862262.0,25571527.0,-3.00296201253055,3.66305
HK.00486,俄铝,2020-03-09 00:00:00,3.44305,3.14305,3.44305,3.06305,3.762,0.00134,20401000.0,69314920.0,-11.539381658012122,3.55305
HK.00486,俄铝,2020-03-10 00:00:00,3.09305,3.13305,3.27305,3.00305,3.751,0.00057,8681000.0,28796470.0,-0.3181622945864759,3.14305
HK.00486,俄铝,2020-03-11 00:00:00,3.20305,3.18305,3.26305,3.18305,3.808,0.00021,3135500.0,10590340.0,1.595888989961867,3.13305
HK.00486,俄铝,2020-03-12 00:00:00,3.13305,2.86305,3.18305,2.86305,3.443,0.00076,11602000.0,36941160.0,-10.053250812899586,3.18305
HK.00486,俄铝,2020-03-13 00:00:00,2.49305,2.71305,2.73305,2.42305,3.272,0.00124,18780846.0,51158303.0,-5.239168020118402,2.86305
HK.00486,俄铝,2020-03-16 00:00:00,2.63305,2.43305,2.71305,2.28305,5.264,0.0009,13605748.0,35031215.0,-10.3204880116474,2.71305
HK.00486,俄铝,2020-03-17 00:00:00,2.32305,2.34305,2.37305,2.23305,5.081,0.00057,8695000.0,21371480.0,-3.699060849550987,2.43305
HK.00486,俄铝,2020-03-18 00:00:00,2.28305,2.12305,2.35305,2.07305,4.634,0.00045,6862000.0,16182790.0,-9.389470988668606,2.34305
HK.00486,俄铝,2020-03-19 00:00:00,2.12305,1.96305,2.12305,1.84305,4.308,0.0011,16658000.0,34459730.0,-7.536327453427857,2.12305
HK.00486,俄铝,2020-03-20 00:00:00,1.99305,2.12305,2.14305,1.94305,4.634,0.00069,10456000.0,23211595.0,8.150582002496124,1.96305
HK.00486,俄铝,2020-03-23 00:00:00,2.01305,1.98305,2.01305,1.893049999,4.349,0.00045,6782500.0,14242560.0,-6.594286521749375,2.12305
HK.00486,俄铝,2020-03-24 00:00:00,1.96305,2.07305,2.11305,1.92305,4.532,0.00052,7835000.0,17140990.0,4.538463477975839,1.98305
HK.00486,俄铝,2020-03-25 00:00:00,2.24305,2.38305,2.44305,2.17305,5.162,0.00098,14938100.0,37045646.0,14.95381201611153,2.07305
HK.00486,俄铝,2020-03-26 00:00:00,2.43305,2.36305,2.49305,2.34305,5.121,0.00078,11876608.0,30508248.0,-0.8392606114013561,2.38305
HK.00486,俄铝,2020-03-27 00:00:00,2.42305,2.36305,2.47305,2.36305,5.121,0.00017,2542000.0,6525700.0,0.0,2.36305
HK.00486,俄铝,2020-03-30 00:00:00,2.33305,2.17305,2.36305,2.15305,4.735,0.00025,3740502.0,8958980.0,-8.040456190093309,2.36305
HK.00486,俄铝,2020-03-31 00:00:00,2.27305,2.41305,2.41305,2.11305,5.223,0.00087,13286903.0,31954976.0,11.044384620694427,2.17305
HK.00486,俄铝,2020-04-01 00:00:00,2.32305,2.25305,2.36305,2.22305,4.898,0.00042,6310000.0,15350760.0,-6.630612710055744,2.41305
HK.00486,俄铝,2020-04-02 00:00:00,2.20305,2.29305,2.35305,2.15305,4.979,0.00032,4875000.0,11901500.0,1.775371163533878,2.25305
HK.00486,俄铝,2020-04-03 00:00:00,2.30305,2.35305,2.39305,2.27305,5.101,0.00042,6444788.0,16073300.0,2.6166023418590982,2.29305
HK.00486,俄铝,2020-04-06 00:00:00,2.36305,2.36305,2.39305,2.27305,5.121,0.00053,8063002.0,20073634.0,0.42498034465905044,2.35305
HK.00486,俄铝,2020-04-07 00:00:00,2.42305,2.54305,2.54305,2.40305,5.487,0.0009,13636187.0,36031601.0,7.617274285351565,2.36305
HK.00486,俄铝,2020-04-08 00:00:00,2.43305,2.44305,2.48305,2.39305,5.284,0.00071,10807000.0,28043840.0,-3.932286034486152,2.54305
HK.00486,俄铝,2020-04-09 00:00:00,2.45305,2.51305,2.54305,2.43305,5.426,0.00078,11785500.0,31204420.0,2.8652708704283514,2.44305
HK.00486,俄铝,2020-04-14 00:00:00,2.52305,2.52305,2.56305,2.48305,5.447,0.0003,4545000.0,12218340.0,0.3979228427607979,2.51305
HK.00486,俄铝,2020-04-15 00:00:00,2.52305,2.49305,2.59305,2.46305,5.386,0.0005,7658310.0,20391376.0,-1.1890370781395456,2.52305
HK.00486,俄铝,2020-04-16 00:00:00,2.43305,2.45305,2.47305,2.35305,5.304,0.00035,5301000.0,13666100.0,-1.6044603999117562,2.49305
HK.00486,俄铝,2020-04-17 00:00:00,2.47305,2.50305,2.52305,2.43305,5.406,0.00081,12309000.0,32517950.0,2.038278877315987,2.45305
HK.00486,俄铝,2020-04-20 00:00:00,2.50305,2.47305,2.50305,2.42305,5.345,0.00029,4410000.0,11575740.0,-1.1985377839036297,2.50305
HK.00486,俄铝,2020-04-21 00:00:00,2.43305,2.36305,2.43305,2.35305,5.121,0.00027,4102000.0,10444040.0,-4.447948889023688,2.47305
HK.00486,俄铝,2020-04-22 00:00:00,2.34305,2.38305,2.39305,2.28305,5.162,0.00029,4385000.0,11023270.0,0.8463638094835073,2.36305
HK.00486,俄铝,2020-04-23 00:00:00,2.40305,2.47305,2.48305,2.38305,5.345,0.00028,4281397.0,11113402.0,3.776672751306112,2.38305
HK.00486,俄铝,2020-04-24 00:00:00,2.49305,2.50305,2.51305,2.42305,5.406,0.00039,5907000.0,15572650.0,1.2130769697337216,2.47305
HK.00486,俄铝,2020-04-27 00:00:00,2.50305,2.51305,2.53305,2.46305,5.426,0.00012,1861000.0,4940780.0,0.3995125946345373,2.50305
HK.00486,俄铝,2020-04-28 00:00:00,2.51305,2.51305,2.51305,2.47305,5.426,0.00025,3851000.0,10249420.0,0.0,2.51305
HK.00486,俄铝,2020-04-29 00:00:00,2.51305,2.57305,2.58305,2.49305,5.548,0.0007,10679000.0,28770710.0,2.3875370565647347,2.51305
HK.00486,俄铝,2020-05-04 00:00:00,2.49305,2.47305,2.54305,2.44305,5.345,0.00017,2637594.0,6933419.0,-3.8864382736441048,2.57305
HK.00486,俄铝,2020-05-05 00:00:00,2.50305,2.58305,2.58305,2.47305,5.569,0.00032,4880629.0,13156195.0,4.44794888902367,2.47305
HK.00486,俄铝,2020-05-06 00:00:00,2.60305,2.58305,2.62305,2.56305,5.569,0.00014,2144000.0,5922960.0,0.0,2.58305
HK.00486,俄铝,2020-05-07 00:00:00,2.57305,2.56305,2.58305,2.51305,5.528,0.00014,2174000.0,5899960.0,-0.7742784692514669,2.58305
HK.00486,俄铝,2020-05-08 00:00:00,2.56305,2.54305,2.59305,2.52305,5.487,0.00023,3442882.0,9319607.0,-0.7803203214919732,2.56305
HK.00486,俄铝,2020-05-11 00:00:00,2.55305,2.53305,2.58305,2.52305,5.467,0.00011,1659000.0,4487930.0,-0.3932286034486239,2.54305
HK.00486,俄铝,2020-05-12 00:00:00,2.52305,2.54305,2.55305,2.47305,5.487,0.00023,3535000.0,9437480.0,0.3947809952428981,2.53305
HK.00486,俄铝,2020-05-13 00:00:00,2.51305,2.49305,2.52305,2.45305,5.386,0.00018,2795000.0,7391900.0,-1.9661430172430672,2.54305
HK.00486,俄铝,2020-05-14 00:00:00,2.47305,2.45305,2.48305,2.42305,5.304,0.00013,1940000.0,5091740.0,-1.6044603999117562,2.49305
HK.00486,俄铝,2020-05-15 00:00:00,2.47305,2.50305,2.51305,2.47305,5.406,0.00024,3595000.0,9530180.0,2.038278877315987,2.45305
HK.00486,俄铝,2020-05-18 00:00:00,2.49305,2.53305,2.54305,2.45305,5.467,0.0002,3061000.0,8139240.0,1.1985377839036297,2.50305
HK.00486,俄铝,2020-05-19 00:00:00,2.54305,2.61305,2.61305,2.54305,5.63,0.00023,3441000.0,9450760.0,3.1582479619431147,2.53305
HK.00486,俄铝,2020-05-20 00:00:00,2.61305,2.60305,2.61305,2.55305,5.609,0.00017,2609000.0,7136760.0,-0.3826945523430393,2.61305
HK.00486,俄铝,2020-05-21 00:00:00,2.66305,2.73305,2.77305,2.65305,5.873,0.00032,4788000.0,13668140.0,4.994141487869994,2.60305
HK.00486,俄铝,2020-05-22 00:00:00,2.70305,2.62305,2.70305,2.57305,5.65,0.00049,7427000.0,20629620.0,-4.024807449552693,2.73305
HK.00486,俄铝,2020-05-25 00:00:00,2.62305,2.65305,2.66305,2.57305,5.711,0.00019,2839000.0,7890010.0,1.1437067535883725,2.62305
HK.00486,俄铝,2020-05-26 00:00:00,2.65305,2.83305,2.84305,2.65305,6.077,0.00037,5682000.0,16640025.0,6.784644088878844,2.65305
HK.00486,俄铝,2020-05-27 00:00:00,2.78305,2.81305,2.88305,2.78305,6.036,0.00021,3256000.0,9720910.0,-0.7059529482360007,2.83305
HK.00486,俄铝,2020-05-28 00:00:00,2.83305,2.85305,2.89305,2.81305,6.117,0.00032,4829000.0,14486910.0,1.4219441531433865,2.81305
HK.00486,俄铝,2020-05-29 00:00:00,2.85305,2.84305,2.91305,2.83305,6.097,0.00025,3761000.0,11379280.0,-0.3505020942500212,2.85305
HK.00486,俄铝,2020-06-01 00:00:00,2.84305,2.95305,2.97305,2.84305,6.321,0.00037,5578000.0,17145950.0,3.869084258103105,2.84305
HK.00486,俄铝,2020-06-02 00:00:00,2.95305,3.01305,3.05305,2.95305,6.443,0.00014,2061000.0,6507970.0,2.0317976329557443,2.95305
HK.00486,俄铝,2020-06-03 00:00:00,3.04305,3.08305,3.13305,3.02305,6.585,0.00046,7023213.0,22923692.0,2.3232272946018253,3.01305
HK.00486,俄铝,2020-06-04 00:00:00,3.08305,2.93305,3.13305,2.86305,6.28,0.00028,4307000.0,13396776.0,-4.86531194758437,3.08305
HK.00486,俄铝,2020-06-05 00:00:00,2.93305,2.92305,2.93305,2.82305,6.26,0.00032,4789115.0,14569838.0,-0.3409420228090292,2.93305
HK.00486,俄铝,2020-06-08 00:00:00,2.95305,3.00305,3.03305,2.95305,6.422,0.00014,2109000.0,6678060.0,2.736867313251572,2.92305
HK.00486,俄铝,2020-06-09 00:00:00,3.04305,2.97305,3.06305,2.97305,6.361,0.00015,2257000.0,7203890.0,-0.9989843658946673,3.00305
HK.00486,俄铝,2020-06-10 00:00:00,2.94305,2.99305,3.08305,2.94305,6.402,7e-05,1082000.0,3395030.0,0.6727098434267844,2.97305
HK.00486,俄铝,2020-06-11 00:00:00,3.00305,2.89305,3.00305,2.89305,6.199,0.00023,3548780.0,10951944.0,-3.3410734869113474,2.99305
HK.00486,俄铝,2020-06-12 00:00:00,2.84305,2.84305,2.87305,2.77305,6.097,0.0002,3102630.0,9277214.0,-1.7282798430721995,2.89305
HK.00486,俄铝,2020-06-15 00:00:00,2.83305,2.72305,2.84305,2.69305,5.853,0.00018,2690000.0,7896530.0,-4.220819190657909,2.84305
HK.00486,俄铝,2020-06-16 00:00:00,2.81305,2.88305,2.89305,2.77305,6.178,0.00014,2053000.0,6183820.0,5.875764308404167,2.72305
HK.00486,俄铝,2020-06-17 00:00:00,2.89305,2.91305,2.92305,2.87305,6.239,4e-05,585000.0,1785810.0,1.0405646797662285,2.88305
HK.00486,俄铝,2020-06-18 00:00:00,2.89305,2.85305,2.94305,2.82305,6.117,5e-05,718000.0,2172950.0,-2.0596968812756407,2.91305
HK.00486,俄铝,2020-06-19 00:00:00,2.88305,2.82305,2.88305,2.79305,6.056,0.00018,2718000.0,8109160.0,-1.051506282750048,2.85305
HK.00486,俄铝,2020-06-22 00:00:00,2.80305,2.80305,2.84305,2.77305,6.016,7e-05,990000.0,2931670.0,-0.7084536228547146,2.82305
HK.00486,俄铝,2020-06-23 00:00:00,2.79305,2.81305,2.84305,2.77305,6.036,0.00021,3194000.0,9493170.0,0.3567542498350094,2.80305
HK.00486,俄铝,2020-06-24 00:00:00,2.83305,2.81305,2.83305,2.78305,6.036,0.0001,1514000.0,4473590.0,0.0,2.81305
HK.00486,俄铝,2020-06-26 00:00:00,2.78305,2.77305,2.79305,2.75305,5.955,6e-05,888000.0,2597170.0,-1.4219441531433865,2.81305
HK.00486,俄铝,2020-06-29 00:00:00,2.74305,2.72305,2.75305,2.71305,5.853,0.00017,2596000.0,7482750.0,-1.803068823136973,2.77305
HK.00486,俄铝,2020-06-30 00:00:00,2.79305,2.80305,2.81305,2.75305,6.016,3e-05,465621.0,1372933.0,2.9378821542020757,2.72305
HK.00486,俄铝,2020-07-02 00:00:00,2.70305,2.73305,2.80305,2.70305,5.873,0.00032,4899000.0,14183730.0,-2.4972797488450027,2.80305
HK.00486,俄铝,2020-07-03 00:00:00,2.77305,2.73305,2.77305,2.72305,5.873,0.00016,2379000.0,6877370.0,0.0,2.73305
HK.00486,俄铝,2020-07-06 00:00:00,2.72305,2.80305,2.83305,2.70305,6.016,0.00071,10828156.0,31622305.0,2.5612411042608016,2.73305
HK.00486,俄铝,2020-07-07 00:00:00,2.82305,2.71305,2.82305,2.69305,5.833,0.00028,4185000.0,12132350.0,-3.2107882485150054,2.80305
HK.00486,俄铝,2020-07-08 00:00:00,2.66305,2.73305,2.78305,2.66305,5.873,0.00019,2955343.0,8533737.0,0.7371777151176727,2.71305
HK.00486,俄铝,2020-07-09 00:00:00,2.74305,2.73305,2.74305,2.72305,5.873,0.00042,6387000.0,18506790.0,0.0,2.73305
HK.00486,俄铝,2020-07-10 00:00:00,2.68305,2.72305,2.74305,2.68305,5.853,0.00045,6805000.0,19608240.0,-0.3658915863229647,2.73305
HK.00486,俄铝,2020-07-13 00:00:00,2.70305,2.73305,2.74305,2.69305,5.873,0.00018,2781000.0,8007310.0,0.36723526927525335,2.72305
HK.00486,俄铝,2020-07-14 00:00:00,2.72305,2.64305,2.72305,2.64305,5.691,0.00022,3286000.0,9240720.0,-3.2930242769067473,2.73305
HK.00486,俄铝,2020-07-15 00:00:00,2.70305,2.65305,2.70305,2.61305,5.711,0.0002,2972000.0,8331750.0,0.3783507689979299,2.64305
HK.00486,俄铝,2020-07-16 00:00:00,2.66305,2.62305,2.69305,2.61305,5.65,0.00027,4071000.0,11341580.0,-1.1307740148131322,2.65305
HK.00486,俄铝,2020-07-17 00:00:00,2.61305,2.63305,2.64305,2.59305,5.67,0.00021,3195000.0,8900040.0,0.38123558452945183,2.62305
HK.00486,俄铝,2020-07-20 00:00:00,2.63305,2.62305,2.66305,2.59305,5.65,0.00012,1879000.0,5216450.0,-0.37978769867643175,2.63305
HK.00486,俄铝,2020-07-21 00:00:00,2.62305,2.64305,2.64305,2.60305,5.691,0.00064,9649000.0,27002725.0,0.7624711690589205,2.62305
HK.00486,俄铝,2020-07-22 00:00:00,2.68305,2.70305,2.83305,2.68305,5.813,0.00038,5767000.0,16851015.0,2.2701046139876295,2.64305
HK.00486,俄铝,2020-07-23 00:00:00,2.73305,2.72305,2.79305,2.71305,5.853,0.00013,1999010.0,5794638.0,0.7399049222174957,2.70305
HK.00486,俄铝,2020-07-24 00:00:00,2.71305,2.67305,2.79305,2.63305,5.752,0.00095,14493000.0,41047260.0,-1.8361763463763157,2.72305
HK.00486,俄铝,2020-07-27 00:00:00,2.68305,2.73305,2.74305,2.61305,5.873,0.00034,5140800.0,14563186.0,2.244626924299959,2.67305
HK.00486,俄铝,2020-07-28 00:00:00,2.73305,2.83305,2.93305,2.73305,6.077,0.00067,10150000.0,30653140.0,3.658915863229728,2.73305
HK.00486,俄铝,2020-07-29 00:00:00,2.82305,2.83305,2.84305,2.79305,6.077,0.00014,2192975.0,6540617.0,0.0,2.83305
HK.00486,俄铝,2020-07-30 00:00:00,2.85305,2.86305,2.88305,2.82305,6.138,0.00014,2150000.0,6468020.0,1.0589294223539931,2.83305
HK.00486,俄铝,2020-07-31 00:00:00,2.86305,2.87305,2.87305,2.81305,6.158,0.00011,1642000.0,4924600.0,0.3492778680079018,2.86305
HK.00486,俄铝,2020-08-03 00:00:00,2.87305,2.79305,2.87305,2.76305,5.995,0.00011,1707000.0,5055198.0,-2.784497311219786,2.87305
HK.00486,俄铝,2020-08-04 00:00:00,2.85305,2.91305,2.92305,2.84305,6.239,0.00027,4085000.0,12387990.0,4.296378510946818,2.79305
HK.00486,俄铝,2020-08-05 00:00:00,2.92305,2.98305,2.99305,2.87305,6.382,0.00048,7246610.0,22377508.0,2.402979694821573,2.91305
HK.00486,俄铝,2020-08-06 00:00:00,3.04305,3.02305,3.07305,3.01305,6.463,0.00034,5100000.0,16302070.0,1.3409094718492829,2.98305
HK.00486,俄铝,2020-08-07 00:00:00,3.02305,3.01305,3.05305,2.94305,6.443,0.00017,2652315.0,8316812.0,-0.3307917500537613,3.02305
HK.00486,俄铝,2020-08-10 00:00:00,3.02305,3.02305,3.05305,2.97305,6.463,0.00012,1846000.0,5836730.0,0.33188961351455276,3.01305
HK.00486,俄铝,2020-08-11 00:00:00,3.04305,3.06305,3.09305,3.03305,6.544,0.00016,2456000.0,7907655.0,1.3231670002150158,3.02305
HK.00486,俄铝,2020-08-12 00:00:00,3.07305,3.01305,3.07305,2.95305,6.443,0.00013,1948000.0,6133287.0,-1.6323599027113582,3.06305
HK.00486,俄铝,2020-08-13 00:00:00,3.01305,2.99305,3.02305,2.84305,6.402,0.0004,6011000.0,18531630.0,-0.663779227029076,3.01305
HK.00486,俄铝,2020-08-14 00:00:00,2.98305,3.03305,3.09305,2.96305,6.483,0.00023,3525000.0,11300445.0,1.336429394764524,2.99305
HK.00486,俄铝,2020-08-17 00:00:00,3.03305,3.08305,3.09305,2.97305,6.585,0.0001,1539000.0,4901500.0,1.6485056296467342,3.03305
HK.00486,俄铝,2020-08-18 00:00:00,3.06305,3.03305,3.09305,3.02305,6.483,9e-05,1438000.0,4622195.0,-1.6217706491947994,3.08305
HK.00486,俄铝,2020-08-19 00:00:00,2.98305,3.04305,3.06305,2.94305,6.504,7e-05,1047000.0,3338240.0,0.3297011259293527,3.03305
HK.00486,俄铝,2020-08-20 00:00:00,3.06305,3.11305,3.17305,3.05305,6.646,0.0003,4542000.0,14832560.0,2.3003236884047205,3.04305
HK.00486,俄铝,2020-08-21 00:00:00,3.10305,3.09305,3.12305,3.03305,6.605,0.00021,3169000.0,10254050.0,-0.6424567546297045,3.11305
HK.00486,俄铝,2020-08-24 00:00:00,3.10305,3.19305,3.30305,3.05305,6.808,0.00066,10052000.0,33961384.0,3.2330547517822246,3.09305
HK.00486,俄铝,2020-08-25 00:00:00,3.19305,3.20305,3.27305,3.19305,6.829,0.00016,2377000.0,8043830.0,0.31318018822130034,3.19305
HK.00486,俄铝,2020-08-26 00:00:00,3.25305,3.16305,3.25305,3.13305,6.747,0.00022,3288000.0,10995890.0,-1.248809728227784,3.20305
HK.00486,俄铝,2020-08-27 00:00:00,3.14305,3.18305,3.19305,3.10305,6.788,0.00013,2018000.0,6701410.0,0.6323011017846704,3.16305
HK.00486,俄铝,2020-08-28 00:00:00,3.13305,3.04305,3.14305,3.04305,6.504,0.0001,1576000.0,5139090.0,-4.3982972306435695,3.18305
HK.00486,俄铝,2020-08-31 00:00:00,3.06305,3.10305,3.13305,3.05305,6.626,0.00022,3283000.0,10707110.0,1.9717060186326236,3.04305
HK.00486,俄铝,2020-09-01 00:00:00,3.08305,3.03305,3.08305,2.95305,6.483,0.00011,1720000.0,5490370.0,-2.2558450556710423,3.10305
HK.00486,俄铝,2020-09-02 00:00:00,3.05305,3.08305,3.11305,3.05305,6.585,0.0002,3045000.0,9865460.0,1.6485056296467342,3.03305
HK.00486,俄铝,2020-09-03 00:00:00,3.04305,3.04305,3.10305,3.01305,6.504,0.00011,1730076.0,5551531.0,-1.2974165193558338,3.08305
HK.00486,俄铝,2020-09-04 00:00:00,3.04305,3.03305,3.04305,2.91305,6.483,0.00013,2048320.0,6418149.0,-0.3286176697721112,3.04305
HK.00486,俄铝,2020-09-07 00:00:00,3.01305,3.00305,3.03305,2.97305,6.422,9e-05,1328316.0,4205545.0,-0.9891033777880288,3.03305
HK.00486,俄铝,2020-09-08 00:00:00,2.97305,3.00305,3.04305,2.95305,6.422,0.00014,2101818.0,6635560.0,0.0,3.00305
HK.00486,俄铝,2020-09-09 00:00:00,2.95305,2.94305,2.98305,2.88305,6.3,0.00023,3494000.0,10766640.0,-1.9979687317893493,3.00305
HK.00486,俄铝,2020-09-10 00:00:00,2.92305,3.00305,3.02305,2.92305,6.422,7e-05,1133000.0,3569740.0,2.038701347241809,2.94305
HK.00486,俄铝,2020-09-11 00:00:00,3.04305,3.03305,3.09305,3.03305,6.483,0.00035,5261000.0,16939500.0,0.9989843658946673,3.00305
HK.00486,俄铝,2020-09-14 00:00:00,3.01305,3.08305,3.09305,3.00305,6.585,0.00013,1909000.0,6134040.0,1.6485056296467342,3.03305
HK.00486,俄铝,2020-09-15 00:00:00,3.06305,3.05305,3.11305,3.02305,6.524,0.00017,2622000.0,8481950.0,-0.9730623895168825,3.08305
HK.00486,俄铝,2020-09-16 00:00:00,3.06305,3.11305,3.12305,3.06305,6.646,0.00018,2758000.0,8987280.0,1.9652478668872129,3.05305
HK.00486,俄铝,2020-09-17 00:00:00,3.09305,3.06305,3.09305,2.99305,6.544,0.00019,2825000.0,9001370.0,-1.6061418865742545,3.11305
HK.00486,俄铝,2020-09-18 00:00:00,3.06305,3.02305,3.07305,3.01305,6.463,0.00034,5136000.0,16356150.0,-1.3058879221690811,3.06305
HK.00486,俄铝,2020-09-21 00:00:00,3.04305,3.02305,3.07305,3.02305,6.463,7e-05,1054000.0,3382670.0,0.0,3.02305
HK.00486,俄铝,2020-09-22 00:00:00,2.99305,2.95305,3.03305,2.94305,6.321,6e-05,858000.0,2696930.0,-2.31554225037627,3.02305
HK.00486,俄铝,2020-09-23 00:00:00,2.94305,2.86305,2.95305,2.85305,6.138,0.00016,2426000.0,7390810.0,-3.0476964494336465,2.95305
HK.00486,俄铝,2020-09-24 00:00:00,2.86305,2.76305,2.87305,2.75305,5.934,0.00015,2266000.0,6693220.0,-3.49277868007894,2.86305
HK.00486,俄铝,2020-09-25 00:00:00,2.74305,2.79305,2.84305,2.74305,5.995,8e-05,1283000.0,3763570.0,1.085756681927589,2.76305
HK.00486,俄铝,2020-09-28 00:00:00,2.83305,2.95305,2.97305,2.73305,6.321,0.00018,2750000.0,8388260.0,5.728504681262424,2.79305
HK.00486,俄铝,2020-09-29 00:00:00,2.85305,2.90305,2.95305,2.85305,6.219,7e-05,1073000.0,3309660.0,-1.6931646941298069,2.95305
HK.00486,俄铝,2020-09-30 00:00:00,2.90305,2.85305,2.99305,2.83305,6.117,0.00018,2699000.0,8191530.0,-1.7223265186614016,2.90305
HK.00486,俄铝,2020-10-05 00:00:00,2.84305,2.84305,2.87305,2.79305,6.097,0.00011,1624000.0,4863720.0,-0.3505020942500212,2.85305
HK.00486,俄铝,2020-10-06 00:00:00,2.84305,2.85305,2.89305,2.81305,6.117,7e-05,1005898.0,3021385.0,0.3517349325548348,2.84305
HK.00486,俄铝,2020-10-07 00:00:00,2.86305,2.86305,2.86305,2.80305,6.138,8e-05,1266000.0,3803425.0,0.35050209425000567,2.85305
HK.00486,俄铝,2020-10-08 00:00:00,2.87305,2.86305,2.90305,2.81305,6.138,5e-05,805000.0,2425081.0,0.0,2.86305
HK.00486,俄铝,2020-10-09 00:00:00,2.81305,2.89305,2.94305,2.81305,6.199,0.00031,4648929.0,14155122.0,1.0478336040236897,2.86305
HK.00486,俄铝,2020-10-12 00:00:00,2.91305,3.01305,3.01305,2.86305,6.443,0.0003,4483500.0,13887395.0,4.147871623373245,2.89305
HK.00486,俄铝,2020-10-14 00:00:00,3.01305,2.99305,3.03305,2.96305,6.402,0.00012,1873000.0,5926430.0,-0.663779227029076,3.01305
HK.00486,俄铝,2020-10-15 00:00:00,2.95305,2.99305,3.01305,2.95305,6.402,7e-05,1061000.0,3334790.0,0.0,2.99305
HK.00486,俄铝,2020-10-16 00:00:00,2.94305,2.94305,2.98305,2.92305,6.3,4e-05,598000.0,1854530.0,-1.670536743455681,2.99305
HK.00486,俄铝,2020-10-19 00:00:00,2.92305,2.91305,2.94305,2.86305,6.239,7e-05,999000.0,3068930.0,-1.0193506736208968,2.94305
HK.00486,俄铝,2020-10-20 00:00:00,2.98305,2.99305,3.02305,2.94305,6.402,0.00019,2858000.0,8999460.0,2.746262508367521,2.91305
HK.00486,俄铝,2020-10-21 00:00:00,2.99305,3.01305,3.04305,2.91305,6.443,0.00036,5490000.0,17396890.0,0.6682146973822546,2.99305
HK.00486,俄铝,2020-10-22 00:00:00,2.95305,2.98305,3.00305,2.95305,6.382,7e-05,1042000.0,3261990.0,-0.9956688405436287,3.01305
HK.00486,俄铝,2020-10-23 00:00:00,2.97305,2.95305,3.00305,2.95305,6.321,6e-05,924000.0,2901710.0,-1.0056821038869548,2.98305
HK.00486,俄铝,2020-10-27 00:00:00,2.95305,2.92305,2.97305,2.92305,6.26,0.00023,3434000.0,10675700.0,-1.0158988164778873,2.95305
HK.00486,俄铝,2020-10-28 00:00:00,2.90305,2.90305,2.90305,2.84305,6.219,0.0001,1533000.0,4645470.0,-0.684216828312893,2.92305
HK.00486,俄铝,2020-10-29 00:00:00,2.84305,2.80305,2.84305,2.77305,6.016,0.00012,1828000.0,5425800.0,-3.444653037322819,2.90305
HK.00486,俄铝,2020-10-30 00:00:00,2.83305,2.75305,2.83305,2.70305,5.914,8e-05,1249000.0,3641690.0,-1.7837712491749997,2.80305
HK.00486,俄铝,2020-11-02 00:00:00,2.74305,2.76305,2.77305,2.67305,5.934,0.00016,2407000.0,6916860.0,0.36323350465846194,2.75305
HK.00486,俄铝,2020-11-03 00:00:00,2.76305,2.71305,2.76305,2.70305,5.833,0.00011,1654000.0,4786390.0,-1.8095944698792936,2.76305
HK.00486,俄铝,2020-11-04 00:00:00,2.71305,2.70305,2.73305,2.65305,5.813,7e-05,1117000.0,3202220.0,-0.36858885755882814,2.71305
HK.00486,俄铝,2020-11-05 00:00:00,2.74305,2.80305,2.83305,2.74305,6.016,0.00024,3621592.0,10683671.0,3.699524611087462,2.70305
HK.00486,俄铝,2020-11-06 00:00:00,2.79305,2.78305,2.79305,2.75305,5.975,0.00034,5215000.0,15301650.0,-0.713508499670003,2.80305
HK.00486,俄铝,2020-11-09 00:00:00,2.79305,2.79305,2.84305,2.74305,5.995,0.00038,5811558.0,17147685.0,0.3593180144086607,2.78305
HK.00486,俄铝,2020-11-10 00:00:00,2.96305,2.92305,2.96305,2.89305,6.26,0.00032,4798000.0,14778990.0,4.654410053525711,2.79305
HK.00486,俄铝,2020-11-11 00:00:00,2.93305,3.01305,3.01305,2.93305,6.443,0.00032,4841000.0,15122490.0,3.0789757274080105,2.92305
HK.00486,俄铝,2020-11-12 00:00:00,3.00305,2.98305,3.04305,2.95305,6.382,0.0002,2977000.0,9417700.0,-0.9956688405436287,3.01305
HK.00486,俄铝,2020-11-13 00:00:00,2.94305,2.96305,2.97305,2.90305,6.341,0.0001,1567000.0,4843240.0,-0.6704547359246414,2.98305
HK.00486,俄铝,2020-11-16 00:00:00,2.95305,3.01305,3.11305,2.95305,6.443,0.0004,6081100.0,19501640.0,1.6874504311435792,2.96305
HK.00486,俄铝,2020-11-17 00:00:00,3.06305,3.14305,3.14305,3.06305,6.707,0.00036,5516300.0,18068666.0,4.314564975689097,3.01305
HK.00486,俄铝,2020-11-18 00:00:00,3.10305,3.17305,3.19305,3.10305,6.768,0.00034,5202000.0,17218460.0,0.9544868837593994,3.14305
HK.00486,俄铝,2020-11-19 00:00:00,3.23305,3.50305,3.53305,3.22305,7.439,0.0011,16766916.0,59502374.0,10.400088243172975,3.17305
HK.00486,俄铝,2020-11-20 00:00:00,3.50305,3.53305,3.60305,3.42305,7.5,0.00026,3922137.0,14305303.0,0.8563965687044092,3.50305
HK.00486,俄铝,2020-11-23 00:00:00,3.56305,3.59305,3.73305,3.56305,7.621,0.00044,6697000.0,25399230.0,1.698249387922618,3.53305
HK.00486,俄铝,2020-11-24 00:00:00,3.58305,3.53305,3.64305,3.47305,7.5,0.00046,7030000.0,26411100.0,-1.6698904830158239,3.59305
HK.00486,俄铝,2020-11-25 00:00:00,3.55305,3.62305,3.73305,3.53305,7.682,0.0009,13604000.0,51321220.0,2.5473740818839334,3.53305
HK.00486,俄铝,2020-11-26 00:00:00,3.62305,3.50305,3.63305,3.44305,7.439,0.00034,5109000.0,18710560.0,-3.3121265232331902,3.62305
HK.00486,俄铝,2020-11-27 00:00:00,3.52305,3.51305,3.61305,3.48305,7.459,0.0005,7538000.0,27801629.0,0.2854655229014655,3.50305
HK.00486,俄铝,2020-11-30 00:00:00,3.57305,3.66305,3.66305,3.51305,7.764,0.0004,6066000.0,22885820.0,4.269794053600159,3.51305
HK.00486,俄铝,2020-12-01 00:00:00,3.62305,3.64305,3.68305,3.56305,7.723,0.00065,9820000.0,37304640.0,-0.5459930931873717,3.66305
HK.00486,俄铝,2020-12-02 00:00:00,3.69305,3.76305,3.82305,3.69305,7.967,0.0004,6005500.0,23459455.0,3.2939432618273057,3.64305
HK.00486,俄铝,2020-12-03 00:00:00,3.84305,3.81305,3.84305,3.70305,8.069,0.0005,7586088.0,29850106.0,1.3287094245359554,3.76305
HK.00486,俄铝,2020-12-04 00:00:00,3.80305,3.84305,3.84305,3.70305,8.13,0.00029,4398000.0,17388640.0,0.7867717444040809,3.81305
HK.00486,俄铝,2020-12-07 00:00:00,3.85305,3.91305,3.91305,3.75305,8.272,0.00043,6497000.0,26158390.0,1.8214699262304754,3.84305
HK.00486,俄铝,2020-12-08 00:00:00,3.943049999,4.01305,4.01305,3.903049999,8.475,0.00058,8784000.0,36261690.0,2.555551296303386,3.91305
HK.00486,俄铝,2020-12-09 00:00:00,3.99305,3.97305,4.01305,3.93305,8.394,0.00044,6727243.0,27747409.0,-0.9967481092934201,4.01305
HK.00486,俄铝,2020-12-10 00:00:00,3.95305,3.93305,3.97305,3.903049999,8.313,0.00011,1661640.0,6784188.0,-1.0067832018222784,3.97305
HK.00486,俄铝,2020-12-11 00:00:00,3.95305,4.03305,4.09305,3.95305,8.516,0.00035,5335000.0,22220650.0,2.542556031578548,3.93305
HK.00486,俄铝,2020-12-14 00:00:00,4.04305,4.03305,4.04305,3.99305,8.516,0.00018,2663000.0,11134460.0,0.0,4.03305
HK.00486,俄铝,2020-12-15 00:00:00,4.03305,4.04305,4.05305,3.943049999,8.536,0.00029,4463001.0,18638734.0,0.24795130236421034,4.03305
HK.00486,俄铝,2020-12-16 00:00:00,4.04305,4.00305,4.04305,3.983049999,8.455,9e-05,1439000.0,6005920.0,-0.9893520980447937,4.04305
HK.00486,俄铝,2020-12-17 00:00:00,4.00305,4.01305,4.07305,3.95305,8.475,0.00019,2823106.0,11797790.0,0.24980952024081104,4.00305
HK.00486,俄铝,2020-12-18 00:00:00,3.68305,3.68305,3.80305,3.51305,7.804,0.00239,36285000.0,139322310.0,-8.22317190167079,4.01305
HK.00486,俄铝,2020-12-21 00:00:00,3.70305,3.58305,3.70305,3.53305,7.601,0.00054,8260129.0,31095056.0,-2.715140983695581,3.68305
HK.00486,俄铝,2020-12-22 00:00:00,3.50305,3.34305,3.50305,3.32305,7.113,0.00097,14748000.0,52140570.0,-6.698204044040697,3.58305
HK.00486,俄铝,2020-12-23 00:00:00,3.36305,3.34305,3.43305,3.32305,7.113,0.00069,10442000.0,36782280.0,0.0,3.34305
HK.00486,俄铝,2020-12-24 00:00:00,3.37305,3.34305,3.41305,3.29305,7.113,0.00031,4647600.0,16386754.0,0.0,3.34305
HK.00486,俄铝,2020-12-28 00:00:00,3.35305,3.36305,3.39305,3.32305,7.154,0.00017,2514000.0,8830220.0,0.5982560835165498,3.34305
HK.00486,俄铝,2020-12-29 00:00:00,3.42305,3.50305,3.51305,3.39305,7.439,0.00031,4656913.0,16875991.0,4.162887854774688,3.36305
HK.00486,俄铝,2020-12-30 00:00:00,3.48305,3.44305,3.49305,3.44305,7.317,0.00016,2362618.0,8541271.0,-1.7127931374088312,3.50305
HK.00486,俄铝,2020-12-31 00:00:00,3.43305,3.45305,3.47305,3.39305,7.337,5e-05,812000.0,2913280.0,0.2904401620656171,3.44305
HK.00486,俄铝,2021-01-04 00:00:00,3.45305,3.35305,3.45305,3.26305,7.134,0.00033,4960000.0,17580165.0,-2.8959905011511586,3.45305
HK.00486,俄铝,2021-01-05 00:00:00,3.37305,3.44305,3.48305,3.35305,7.317,0.00036,5507000.0,19738790.0,2.68412341002967,3.35305
HK.00486,俄铝,2021-01-06 00:00:00,3.50305,3.60305,3.61305,3.46305,7.642,0.00037,5672427.0,21024975.0,4.647042593049771,3.44305
HK.00486,俄铝,2021-01-07 00:00:00,3.76305,3.67305,3.76305,3.61305,7.784,0.00027,4162468.0,15909594.0,1.9427984624137837,3.60305
HK.00486,俄铝,2021-01-08 00:00:00,3.73305,3.64305,3.73305,3.60305,7.723,0.00014,2164129.0,8238140.0,-0.8167599134234439,3.67305
HK.00486,俄铝,2021-01-11 00:00:00,3.72305,3.63305,3.72305,3.60305,7.703,0.00035,5349000.0,20456720.0,-0.2744952718189492,3.64305
HK.00486,俄铝,2021-01-12 00:00:00,3.76305,3.80305,3.82305,3.69305,8.048,0.00045,6823000.0,26699770.0,4.679263979301136,3.63305
HK.00486,俄铝,2021-01-13 00:00:00,3.80305,3.74305,3.81305,3.70305,7.926,0.00018,2709000.0,10600270.0,-1.5776810717713312,3.80305
HK.00486,俄铝,2021-01-14 00:00:00,3.74305,3.69305,3.77305,3.63305,7.825,0.00037,5627000.0,21588550.0,-1.3358090327406864,3.74305
HK.00486,俄铝,2021-01-15 00:00:00,3.77305,3.74305,3.77305,3.66305,7.926,0.00025,3737000.0,14515520.0,1.3538944774644337,3.69305
HK.00486,俄铝,2021-01-18 00:00:00,3.69305,3.67305,3.71305,3.64305,7.784,0.00029,4334561.0,16567159.0,-1.8701326458369587,3.74305
HK.00486,俄铝,2021-01-19 00:00:00,3.70305,3.71305,3.73305,3.62305,7.865,0.00042,6446000.0,24653979.0,1.0890132178979333,3.67305
HK.00486,俄铝,2021-01-20 00:00:00,3.69305,3.66305,3.69305,3.60305,7.764,0.00032,4823000.0,18328790.0,-1.3466018502309374,3.71305
HK.00486,俄铝,2021-01-21 00:00:00,3.66305,3.70305,3.71305,3.61305,7.845,0.00056,8522000.0,32720785.0,1.0919861863747433,3.66305
HK.00486,俄铝,2021-01-22 00:00:00,3.69305,3.55305,3.69305,3.52305,7.54,0.00035,5350057.0,20086760.0,-4.050714951188894,3.70305
HK.00486,俄铝,2021-01-25 00:00:00,3.52305,3.50305,3.52305,3.41305,7.439,0.0004,6131000.0,22388710.0,-1.4072416656112303,3.55305
HK.00486,俄铝,2021-01-26 00:00:00,3.49305,3.45305,3.49305,3.42305,7.337,0.0002,2972000.0,10727300.0,-1.4273276145073528,3.50305
HK.00486,俄铝,2021-01-27 00:00:00,3.48305,3.43305,3.48305,3.35305,7.296,0.00069,10417000.0,37426390.0,-0.5791981002302317,3.45305
HK.00486,俄铝,2021-01-28 00:00:00,3.42305,3.31305,3.42305,3.28305,7.052,0.00027,4135000.0,14395460.0,-3.4954340892209577,3.43305
HK.00486,俄铝,2021-01-29 00:00:00,3.29305,3.31305,3.39305,3.29305,7.052,0.00017,2579000.0,8972850.0,0.0,3.31305
HK.00486,俄铝,2021-02-01 00:00:00,3.25305,3.36305,3.38305,3.25305,7.154,0.00022,3341000.0,11568190.0,1.5091833808726045,3.31305
HK.00486,俄铝,2021-02-02 00:00:00,3.42305,3.36305,3.42305,3.32305,7.154,0.00015,2336000.0,8226630.0,0.0,3.36305
HK.00486,俄铝,2021-02-03 00:00:00,3.36305,3.37305,3.41305,3.36305,7.174,0.00037,5671000.0,20075590.0,0.29734913248391287,3.36305
HK.00486,俄铝,2021-02-04 00:00:00,3.38305,3.39305,3.42305,3.33305,7.215,0.00068,10292000.0,36386740.0,0.5929351773617354,3.37305
HK.00486,俄铝,2021-02-05 00:00:00,3.36305,3.39305,3.43305,3.26305,7.215,0.00051,7681140.0,26986991.0,0.0,3.39305
HK.00486,俄铝,2021-02-08 00:00:00,3.45305,3.47305,3.53305,3.36305,7.378,0.0005,7587571.0,27436254.0,2.35776071675926,3.39305
HK.00486,俄铝,2021-02-09 00:00:00,3.54305,3.65305,3.67305,3.54305,7.743,0.00055,8328000.0,31381110.0,5.182764428960128,3.47305
HK.00486,俄铝,2021-02-10 00:00:00,3.65305,3.69305,3.75305,3.65305,7.825,0.00022,3331000.0,12820740.0,1.094975431488757,3.65305
HK.00486,俄铝,2021-02-11 00:00:00,3.63305,3.62305,3.65305,3.61305,7.682,3e-05,420000.0,1592120.0,-1.8954522684501924,3.69305
HK.00486,俄铝,2021-02-16 00:00:00,3.66305,3.74305,3.81305,3.66305,7.926,0.00033,5003495.0,19602385.0,3.3121265232331902,3.62305
HK.00486,俄铝,2021-02-17 00:00:00,3.79305,4.04305,4.16305,3.77305,8.536,0.00205,31219000.0,130477915.0,8.014854196444071,3.74305
HK.00486,俄铝,2021-02-18 00:00:00,4.023049999,4.05305,4.14305,3.96305,8.556,0.00089,13451300.0,56762793.0,0.24733802451119297,4.04305
HK.00486,俄铝,2021-02-19 00:00:00,4.05305,4.04305,4.17305,3.97305,8.536,0.00112,16976400.0,72198134.0,-0.24672777291175257,4.05305
HK.00486,俄铝,2021-02-22 00:00:00,4.23305,4.18305,4.42305,4.15305,8.821,0.00121,18446000.0,82018880.0,3.4627323431567674,4.04305
HK.00486,俄铝,2021-02-23 00:00:00,4.12305,4.24305,4.29305,4.12305,8.943,0.00053,8122000.0,35648800.0,1.4343600961021383,4.18305
HK.00486,俄铝,2021-02-24 00:00:00,4.34305,4.07305,4.34305,3.92305,8.597,0.00091,13750000.0,58341580.0,-4.0065518907389714,4.24305
HK.00486,俄铝,2021-02-25 00:00:00,4.18305,4.32305,4.36305,4.13305,9.105,0.00126,19215000.0,85262010.0,6.137906482856827,4.07305
HK.00486,俄铝,2021-02-26 00:00:00,4.09305,4.113049999,4.20305,4.07305,8.678,0.0006,9079024.0,38746701.0,-4.857681521148264,4.32305
HK.00486,俄铝,2021-03-01 00:00:00,4.18305,4.03305,4.18305,4.023049999,8.516,0.00049,7379000.0,31235261.0,-1.945028604550158,4.113049999
HK.00486,俄铝,2021-03-02 00:00:00,4.09305,4.04305,4.14305,3.93305,8.536,0.00215,32624000.0,135618575.0,0.24795130236421034,4.03305
HK.00486,俄铝,2021-03-03 00:00:00,4.04305,4.21305,4.29305,4.04305,8.882,0.00065,9870903.0,43229823.0,4.204746416690368,4.04305
HK.00486,俄铝,2021-03-04 00:00:00,4.18305,4.08305,4.18305,3.99305,8.617,0.00034,5121903.0,21588096.0,-3.0856505382086588,4.21305
HK.00486,俄铝,2021-03-05 00:00:00,4.063049999,3.903049999,4.063049999,3.80305,8.252,0.00045,6862123.0,27686330.0,-4.408469183576009,4.08305
HK.00486,俄铝,2021-03-08 00:00:00,3.99305,3.80305,4.09305,3.74305,8.048,0.00049,7420000.0,29959368.0,-2.562098846430894,3.903049999
HK.00486,俄铝,2021-03-09 00:00:00,3.80305,3.89305,3.903049999,3.65305,8.231,0.00043,6490000.0,25600359.0,2.36652160765702,3.80305
HK.00486,俄铝,2021-03-10 00:00:00,3.91305,3.96305,3.99305,3.863049999,8.373,0.0002,3092999.0,12639695.0,1.7980760586172755,3.89305
HK.00486,俄铝,2021-03-11 00:00:00,4.00305,4.29305,4.29305,4.00305,9.044,0.00056,8556000.0,37195940.0,8.326919922786745,3.96305
HK.00486,俄铝,2021-03-12 00:00:00,4.26305,4.33305,4.34305,4.23305,9.126,0.00074,11194000.0,49960900.0,0.9317385075878463,4.29305
HK.00486,俄铝,2021-03-15 00:00:00,4.39305,4.49305,4.63305,4.32305,9.451,0.00078,11874313.0,54867986.0,3.6925491282122325,4.33305
HK.00486,俄铝,2021-03-16 00:00:00,4.49305,4.54305,4.66305,4.49305,9.552,0.00066,9971000.0,47425480.0,1.1128298149363978,4.49305
HK.00486,俄铝,2021-03-17 00:00:00,4.43305,4.45305,4.50305,4.25305,9.369,0.00065,9871800.0,44711183.0,-1.9810479743784433,4.54305
HK.00486,俄铝,2021-03-18 00:00:00,4.38305,4.60305,4.66305,4.38305,12.268,0.00043,6602000.0,31282360.0,3.3684777848889964,4.45305
HK.00486,俄铝,2021-03-19 00:00:00,4.60305,4.61305,4.61305,4.42305,12.293,0.0005,7563000.0,35647082.0,0.21724725996894834,4.60305
HK.00486,俄铝,2021-03-22 00:00:00,4.61305,4.69305,4.80305,4.54305,12.5,0.00026,3890000.0,19008060.0,1.7342105548389906,4.61305
HK.00486,俄铝,2021-03-23 00:00:00,4.69305,4.52305,4.74305,4.46305,12.061,0.00069,10413000.0,48913870.0,-3.6223777713853633,4.69305
HK.00486,俄铝,2021-03-24 00:00:00,4.51305,4.33305,4.51305,4.24305,11.572,0.00054,8205000.0,36660046.0,-4.200705276306906,4.52305
HK.00486,俄铝,2021-03-25 00:00:00,4.34305,4.41305,4.43305,4.29305,11.778,0.00027,4063000.0,18444920.0,1.8462745641061162,4.33305
HK.00486,俄铝,2021-03-26 00:00:00,4.34305,4.31305,4.35305,4.17305,11.52,0.0002,3059300.0,13605434.0,-2.266006503438677,4.41305
HK.00486,俄铝,2021-03-29 00:00:00,4.40305,4.65305,4.68305,4.38305,12.396,0.00045,6772000.0,31803500.0,7.883052596190648,4.31305
HK.00486,俄铝,2021-03-30 00:00:00,4.69305,4.74305,4.77305,4.62305,12.628,0.00055,8362000.0,40627360.0,1.9342151921857675,4.65305
HK.00486,俄铝,2021-03-31 00:00:00,4.77305,4.71305,4.78305,4.68305,12.551,0.00034,5169000.0,25315430.0,-0.6325044011764633,4.74305
HK.00486,俄铝,2021-04-01 00:00:00,4.80305,4.81305,4.82305,4.72305,12.809,0.00067,10120000.0,50003500.0,2.1217682816859496,4.71305
HK.00486,俄铝,2021-04-07 00:00:00,4.84305,4.76305,4.84305,4.75305,12.68,0.00014,2173154.0,10756265.0,-1.0388423141251353,4.81305
HK.00486,俄铝,2021-04-08 00:00:00,4.79305,4.71305,4.80305,4.69305,12.551,5e-05,814000.0,3994320.0,-1.0497475357176562,4.76305
HK.00486,俄铝,2021-04-09 00:00:00,4.77305,4.64305,4.78305,4.62305,12.371,0.00019,2811000.0,13560780.0,-1.485237797180176,4.71305
HK.00486,俄铝,2021-04-12 00:00:00,4.74305,4.70305,4.74305,4.59305,12.525,0.00014,2167150.0,10468020.0,1.292254014064042,4.64305
HK.00486,俄铝,2021-04-13 00:00:00,4.79305,4.89305,4.89305,4.77305,13.015,0.00048,7300150.0,36538748.0,4.03993153379189,4.70305
HK.00486,俄铝,2021-04-14 00:00:00,4.96305,5.14305,5.14305,4.90305,13.659,0.00087,13257000.0,68912104.0,5.109287663114008,4.89305
HK.00486,俄铝,2021-04-15 00:00:00,5.15305,5.26305,5.34305,5.13305,13.969,0.00074,11207000.0,60770510.0,2.3332458366144624,5.14305
HK.00486,俄铝,2021-04-16 00:00:00,5.23305,5.35305,5.35305,5.16305,14.201,0.00065,9876000.0,54101760.0,1.7100350557186395,5.26305
HK.00486,俄铝,2021-04-19 00:00:00,5.20305,5.29305,5.36305,5.20305,14.046,0.00053,8046000.0,43881130.0,-1.1208563342393516,5.35305
HK.00486,俄铝,2021-04-20 00:00:00,5.28305,5.09305,5.28305,4.98305,13.53,0.00048,7254225.0,38171842.0,-3.778539783300747,5.29305
HK.00486,俄铝,2021-04-21 00:00:00,5.09305,4.97305,5.09305,4.94305,13.221,0.0005,7588000.0,39201490.0,-2.3561520110739167,5.09305
HK.00486,俄铝,2021-04-22 00:00:00,5.04305,5.17305,5.23305,5.03305,13.737,0.00023,3543000.0,18816730.0,4.021676838157673,4.97305
HK.00486,俄铝,2021-04-23 00:00:00,5.24305,5.27305,5.31305,5.19305,13.994,0.00024,3630000.0,19664120.0,1.9330955625791295,5.17305
HK.00486,俄铝,2021-04-26 00:00:00,5.27305,5.34305,5.45305,5.27305,14.175,0.00065,9948000.0,55097590.0,1.327504954438139,5.27305
HK.00486,俄铝,2021-04-27 00:00:00,5.41305,5.34305,5.44305,5.30305,14.175,0.00039,5920000.0,32574162.0,0.0,5.34305
HK.00486,俄铝,2021-04-28 00:00:00,5.31305,5.22305,5.31305,5.19305,13.865,0.0001,1534000.0,8265228.0,-2.2459082359326623,5.34305
HK.00486,俄铝,2021-04-29 00:00:00,5.20305,5.34305,5.34305,5.17305,14.175,0.00022,3378000.0,18483780.0,2.2975081609404486,5.22305
HK.00486,俄铝,2021-04-30 00:00:00,5.29305,5.19305,5.32305,5.16305,13.788,0.00021,3170000.0,17057820.0,-2.8073852949158153,5.34305
HK.00486,俄铝,2021-05-03 00:00:00,5.17305,5.14305,5.17305,5.04305,13.659,0.00027,4139000.0,21958387.0,-0.9628253146031851,5.19305
HK.00486,俄铝,2021-05-04 00:00:00,5.16305,5.31305,5.36305,5.14305,14.097,0.00071,10713000.0,58512335.0,3.3054316018704846,5.14305
HK.00486,俄铝,2021-05-05 00:00:00,5.29305,5.28305,5.48305,5.24305,14.02,0.00016,2491497.0,13726838.0,-0.5646474247371916,5.31305
HK.00486,俄铝,2021-05-06 00:00:00,5.42305,5.32305,5.42305,5.19305,14.123,0.00012,1766000.0,9654220.0,0.757138395434456,5.28305
HK.00486,俄铝,2021-05-07 00:00:00,5.42305,5.42305,5.52305,5.33305,14.381,0.00128,19496000.0,109089130.0,1.878622218464971,5.32305
HK.00486,俄铝,2021-05-10 00:00:00,5.58305,5.60305,5.71305,5.47305,14.845,0.00157,23868000.0,137972830.0,3.319165414296378,5.42305
HK.00486,俄铝,2021-05-11 00:00:00,5.62305,5.56305,5.66305,5.37305,14.742,0.00091,13869000.0,77928600.0,-0.7138968954408766,5.60305
HK.00486,俄铝,2021-05-12 00:00:00,5.60305,5.74305,5.74305,5.44305,15.206,0.00037,5678950.0,33010127.0,3.2356351282120532,5.56305
HK.00486,俄铝,2021-05-13 00:00:00,5.59305,5.50305,5.63305,5.39305,14.587,0.00038,5838000.0,33190876.0,-4.178964139263983,5.74305
HK.00486,俄铝,2021-05-14 00:00:00,5.59305,5.64305,5.66305,5.52305,14.948,0.00031,4645000.0,26829842.0,2.544043757552624,5.50305
HK.00486,俄铝,2021-05-17 00:00:00,5.72305,5.60305,5.72305,5.50305,14.845,0.00031,4686000.0,26956620.0,-0.7088365334349339,5.64305
HK.00486,俄铝,2021-05-18 00:00:00,5.70305,5.77305,5.77305,5.68305,15.283,0.00054,8142000.0,48016595.0,3.0340618056237214,5.60305
HK.00486,俄铝,2021-05-20 00:00:00,5.64305,5.54305,5.64305,5.44305,14.69,0.0006,9056600.0,51405797.0,-3.9840292393102357,5.77305
HK.00486,俄铝,2021-05-21 00:00:00,5.62305,5.67305,5.73305,5.62305,15.025,0.00054,8147000.0,47476540.0,2.345279223532169,5.54305
HK.00486,俄铝,2021-05-24 00:00:00,5.72305,5.66305,5.72305,5.56305,15.0,0.00029,4362240.0,25203406.0,-0.17627202298586805,5.67305
HK.00486,俄铝,2021-05-25 00:00:00,5.66305,5.55305,5.66305,5.55305,14.716,0.00047,7171123.0,41391118.0,-1.9424161891560259,5.66305
HK.00486,俄铝,2021-05-26 00:00:00,5.62305,5.54305,5.62305,5.51305,14.69,0.00012,1878000.0,10692920.0,-0.1800812166286957,5.55305
HK.00486,俄铝,2021-05-27 00:00:00,5.55305,5.63305,5.67305,5.52305,14.922,0.00015,2238000.0,12892730.0,1.623654847060731,5.54305
HK.00486,俄铝,2021-05-28 00:00:00,5.69305,5.76305,5.79305,5.69305,15.257,0.0003,4586000.0,27172660.0,2.3078083808948953,5.63305
HK.00486,俄铝,2021-05-31 00:00:00,5.81305,5.78305,5.81305,5.76305,15.309,0.00012,1817700.0,10791663.0,0.3470384605373971,5.76305
HK.00486,俄铝,2021-06-01 00:00:00,5.78305,5.83305,5.84305,5.72305,15.438,0.00022,3361000.0,20037610.0,0.8645956718340637,5.78305
HK.00486,俄铝,2021-06-02 00:00:00,5.82305,5.84305,5.89305,5.80305,15.463,0.00041,6199000.0,37257880.0,0.17143689836363116,5.83305
HK.00486,俄铝,2021-06-03 00:00:00,5.90305,5.82305,5.90305,5.80305,15.412,0.00012,1814026.0,10884176.0,-0.34228699052720024,5.84305
HK.00486,俄铝,2021-06-04 00:00:00,5.82305,5.70305,5.82305,5.70305,15.103,6e-05,939000.0,5565800.0,-2.0607757103236297,5.82305
HK.00486,俄铝,2021-06-07 00:00:00,5.81305,5.79305,5.81305,5.64305,15.335,0.00013,1915000.0,11279080.0,1.5781029449154376,5.70305
HK.00486,俄铝,2021-06-08 00:00:00,5.87305,5.90305,5.92305,5.77305,15.618,0.00052,7828050.0,47310211.0,1.8988270427495073,5.79305
HK.00486,俄铝,2021-06-09 00:00:00,5.89305,5.92305,5.92305,5.87305,15.67,0.00022,3322000.0,20149721.0,0.33880790438840214,5.90305
HK.00486,俄铝,2021-06-10 00:00:00,5.93305,6.01305,6.03305,5.93305,15.902,0.00033,4976000.0,30520200.0,1.5194874262415454,5.92305
HK.00486,俄铝,2021-06-11 00:00:00,6.02305,6.02305,6.03305,5.96305,15.927,7e-05,1112000.0,6847570.0,0.16630495339303328,6.01305
HK.00486,俄铝,2021-06-15 00:00:00,6.00305,5.94305,6.00305,5.88305,15.721,7e-05,1080000.0,6589710.0,-1.3282307136749518,6.02305
HK.00486,俄铝,2021-06-16 00:00:00,5.80305,5.87305,5.92305,5.79305,15.541,0.00022,3339000.0,20084545.0,-1.1778463920041105,5.94305
HK.00486,俄铝,2021-06-17 00:00:00,5.84305,5.76305,5.95305,5.75305,15.257,0.00023,3514000.0,21031883.0,-1.8729620895446202,5.87305
HK.00486,俄铝,2021-06-18 00:00:00,5.74305,5.59305,5.74305,5.56305,14.819,0.00036,5519000.0,31830000.0,-2.9498269145678058,5.76305
HK.00486,俄铝,2021-06-21 00:00:00,5.59305,5.30305,5.59305,5.29305,14.072,0.00026,3981000.0,22006845.0,-5.185006391861329,5.59305
HK.00486,俄铝,2021-06-22 00:00:00,5.33305,5.40305,5.51305,5.33305,14.329,0.00021,3212000.0,17876450.0,1.8857072816586784,5.30305
HK.00486,俄铝,2021-06-23 00:00:00,5.49305,5.65305,5.66305,5.49305,14.974,0.00028,4299000.0,24823565.0,4.627016222318875,5.40305
HK.00486,俄铝,2021-06-24 00:00:00,5.72305,5.77305,5.79305,5.71305,15.283,0.00018,2712000.0,16046430.0,2.1227478971528506,5.65305
HK.00486,俄铝,2021-06-25 00:00:00,5.33305,5.29305,5.49305,5.26305,14.046,0.00045,6797600.0,37601286.0,-8.314495803777891,5.77305
HK.00486,俄铝,2021-06-28 00:00:00,5.24305,5.29305,5.40305,5.13305,14.046,0.00014,2122000.0,11602430.0,0.0,5.29305
HK.00486,俄铝,2021-06-29 00:00:00,5.24305,4.95305,5.24305,4.91305,13.17,0.0006,9046000.0,47262160.0,-6.423517631611261,5.29305
HK.00486,俄铝,2021-06-30 00:00:00,4.94305,4.93305,5.05305,4.85305,13.118,0.0002,3031000.0,15464558.0,-0.4037916031536217,4.95305
HK.00486,俄铝,2021-07-02 00:00:00,4.99305,4.96305,5.07305,4.94305,13.195,0.00016,2443000.0,12569080.0,0.608143035241894,4.93305
HK.00486,俄铝,2021-07-05 00:00:00,5.04305,5.00305,5.04305,4.83305,13.298,0.00033,4991019.0,25248470.0,0.8059560149504849,4.96305
HK.00486,俄铝,2021-07-06 00:00:00,5.03305,5.01305,5.04305,4.95305,13.324,0.00024,3666617.0,18872486.0,0.1998780743746272,5.00305
HK.00486,俄铝,2021-07-07 00:00:00,4.96305,4.94305,4.99305,4.83305,13.144,0.00018,2759617.0,13982159.0,-1.396355512113372,5.01305
HK.00486,俄铝,2021-07-08 00:00:00,5.01305,4.93305,5.03305,4.87305,13.118,0.0002,2989000.0,15284770.0,-0.20230424535460242,4.94305
HK.00486,俄铝,2021-07-09 00:00:00,4.90305,4.88305,4.90305,4.64305,12.989,0.00032,4795000.0,23795390.0,-1.0135717254031447,4.93305
HK.00486,俄铝,2021-07-12 00:00:00,5.03305,4.99305,5.03305,4.94305,13.273,4e-05,634844.0,3254297.0,2.2526904291375334,4.88305
HK.00486,俄铝,2021-07-13 00:00:00,4.99305,4.99305,5.04305,4.97305,13.273,0.0002,3054000.0,15730637.0,0.0,4.99305
HK.00486,俄铝,2021-07-14 00:00:00,5.03305,5.02305,5.05305,4.93305,13.35,0.00015,2346000.0,12134979.0,0.6008351608736016,4.99305
HK.00486,俄铝,2021-07-15 00:00:00,4.98305,4.99305,5.04305,4.96305,13.273,5e-05,813000.0,4187155.0,-0.5972466927464263,5.02305
HK.00486,俄铝,2021-07-16 00:00:00,5.01305,4.92305,5.01305,4.86305,13.092,8e-05,1287000.0,6541560.0,-1.4019487087051057,4.99305
HK.00486,俄铝,2021-07-19 00:00:00,4.85305,4.85305,4.89305,4.83305,12.912,0.00012,1837000.0,9222099.0,-1.4218827759214367,4.92305
HK.00486,俄铝,2021-07-20 00:00:00,4.83305,4.68305,4.83305,4.59305,12.474,0.00026,3935000.0,19133730.0,-3.5029517519910147,4.85305
HK.00486,俄铝,2021-07-21 00:00:00,4.82305,4.83305,4.86305,4.76305,12.86,0.00014,2183000.0,10897060.0,3.203040753355193,4.68305
HK.00486,俄铝,2021-07-22 00:00:00,4.83305,4.79305,5.02305,4.78305,12.757,0.00032,4904514.0,24933458.0,-0.8276347234148216,4.83305
HK.00486,俄铝,2021-07-23 00:00:00,4.82305,4.88305,4.98305,4.81305,12.989,0.00011,1704700.0,8630149.0,1.8777187803173314,4.79305
HK.00486,俄铝,2021-07-26 00:00:00,4.94305,4.89305,4.96305,4.83305,13.015,0.00011,1724000.0,8749240.0,0.20479003901249807,4.88305
HK.00486,俄铝,2021-07-27 00:00:00,4.94305,4.94305,5.02305,4.90305,13.144,0.00019,2875124.0,14658604.0,1.0218575326228163,4.89305
HK.00486,俄铝,2021-07-28 00:00:00,4.94305,4.98305,5.01305,4.93305,13.247,0.00015,2328000.0,11938877.0,0.8092169814183557,4.94305
HK.00486,俄铝,2021-07-29 00:00:00,5.14305,5.29305,5.30305,5.14305,14.046,0.00028,4191000.0,22675399.0,6.221089493382558,4.98305
HK.00486,俄铝,2021-07-30 00:00:00,5.38305,5.28305,5.38305,5.23305,14.02,8e-05,1142000.0,6214649.0,-0.18892698916503314,5.29305
HK.00486,俄铝,2021-08-02 00:00:00,5.32305,5.46305,5.60305,5.19305,14.484,0.00026,3907000.0,21898890.0,3.4071227794550443,5.28305
HK.00486,俄铝,2021-08-03 00:00:00,5.47305,5.33305,5.53305,5.29305,14.149,0.00014,2163000.0,12075100.0,-2.3796231043098617,5.46305
HK.00486,俄铝,2021-08-04 00:00:00,5.29305,5.35305,5.53305,5.25305,14.201,0.00015,2232000.0,12454090.0,0.37501992293339786,5.33305
HK.00486,俄铝,2021-08-05 00:00:00,5.35305,5.30305,5.47305,5.25305,14.072,0.00026,3908000.0,21630515.0,-0.9340469451994624,5.35305
HK.00486,俄铝,2021-08-06 00:00:00,5.30305,5.32305,5.40305,5.25305,14.123,4e-05,596000.0,3270560.0,0.37714145633174234,5.30305
HK.00486,俄铝,2021-08-09 00:00:00,5.32305,5.38305,5.48305,5.23305,14.278,0.00029,4395000.0,24353270.0,1.1271733310789793,5.32305
HK.00486,俄铝,2021-08-10 00:00:00,5.38305,5.44305,5.50305,5.35305,14.432,0.00013,1911800.0,10740892.0,1.1146097472622492,5.38305
HK.00486,俄铝,2021-08-11 00:00:00,5.46305,5.49305,5.51305,5.44305,14.561,7e-05,1028180.0,5794566.0,0.918602621691879,5.44305
HK.00486,俄铝,2021-08-12 00:00:00,5.49305,5.49305,5.58305,5.47305,14.561,4e-05,587000.0,3333990.0,0.0,5.49305
HK.00486,俄铝,2021-08-13 00:00:00,5.49305,5.54305,5.62305,5.49305,14.69,8e-05,1207700.0,6893446.0,0.9102411228734459,5.49305
HK.00486,俄铝,2021-08-16 00:00:00,5.45305,5.22305,5.52305,5.22305,13.865,0.0002,3029000.0,16635200.0,-5.772995011771503,5.54305
HK.00486,俄铝,2021-08-17 00:00:00,5.24305,5.23305,5.24305,5.12305,13.891,0.00046,7020000.0,37666618.0,0.1914590134117168,5.22305
HK.00486,俄铝,2021-08-18 00:00:00,5.24305,5.10305,5.24305,5.08305,13.556,0.00027,4157700.0,22122619.0,-2.484210928617169,5.23305
HK.00486,俄铝,2021-08-19 00:00:00,5.09305,4.98305,5.15305,4.86305,13.247,0.00049,7470301.0,38297889.0,-2.3515348664034104,5.10305
HK.00486,俄铝,2021-08-20 00:00:00,4.97305,4.94305,4.97305,4.81305,13.144,0.00022,3334000.0,16776690.0,-0.8027212249525899,4.98305
HK.00486,俄铝,2021-08-23 00:00:00,4.93305,5.03305,5.14305,4.84305,13.376,0.00032,4895000.0,25483554.0,1.820738208191296,4.94305
HK.00486,俄铝,2021-08-24 00:00:00,5.09305,5.18305,5.27305,5.08305,13.762,0.00019,2842500.0,15186455.0,2.9803002155750384,5.03305
HK.00486,俄铝,2021-08-25 00:00:00,5.33305,5.26305,5.33305,5.12305,13.969,0.00018,2777000.0,14888668.0,1.5434927311139208,5.18305
HK.00486,俄铝,2021-08-26 00:00:00,5.32305,5.14305,5.33305,5.09305,13.659,0.00032,4837000.0,25848080.0,-2.2800467409581917,5.26305
HK.00486,俄铝,2021-08-27 00:00:00,5.12305,5.19305,5.19305,5.05305,13.788,5e-05,774000.0,4085130.0,0.972185765256039,5.14305
HK.00486,俄铝,2021-08-30 00:00:00,5.25305,5.29305,5.34305,5.25305,14.046,0.0002,3088000.0,16937030.0,1.9256506292063362,5.19305
HK.00486,俄铝,2021-08-31 00:00:00,5.33305,5.37305,5.41305,5.29305,14.252,0.00013,2016153.0,11110816.0,1.5114159133202987,5.29305
HK.00486,俄铝,2021-09-01 00:00:00,5.41305,5.59305,5.64305,5.40305,14.819,0.0005,7534000.0,43195550.0,4.094508705483845,5.37305
HK.00486,俄铝,2021-09-02 00:00:00,5.64305,5.84305,5.84305,5.54305,15.463,0.00055,8310766.0,48447190.0,4.469833096432179,5.59305
HK.00486,俄铝,2021-09-03 00:00:00,5.88305,5.93305,5.93305,5.82305,15.695,0.00045,6875000.0,41386130.0,1.5402914573724316,5.84305
HK.00486,俄铝,2021-09-06 00:00:00,6.34305,6.81305,6.84305,6.14305,17.963,0.00099,14998000.0,100108780.0,14.83216895188815,5.93305
HK.00486,俄铝,2021-09-07 00:00:00,6.49305,6.42305,6.65305,6.34305,16.958,0.00065,9824200.0,65440757.0,-5.724308496194798,6.81305
HK.00486,俄铝,2021-09-08 00:00:00,6.53305,6.71305,6.74305,6.49305,17.706,0.00046,7052000.0,47985396.0,4.51498898498377,6.42305
HK.00486,俄铝,2021-09-09 00:00:00,6.86305,7.04305,7.23305,6.86305,18.556,0.00073,11031631.0,79596590.0,4.9157983330974755,6.71305
HK.00486,俄铝,2021-09-10 00:00:00,7.09305,7.02305,7.16305,6.85305,18.505,0.00049,7379000.0,52716784.0,-0.28396788323241295,7.04305
HK.00486,俄铝,2021-09-13 00:00:00,7.18305,7.64305,7.72305,7.17305,20.103,0.00089,13595700.0,105157186.0,8.828073273008167,7.02305
HK.00486,俄铝,2021-09-14 00:00:00,7.59305,7.35305,7.59305,7.27305,19.355,0.00033,5076500.0,38402635.0,-3.7942967794270617,7.64305
HK.00486,俄铝,2021-09-15 00:00:00,7.30305,7.45305,7.50305,7.14305,19.613,0.00041,6289100.0,46942394.0,1.3599798722978973,7.35305
HK.00486,俄铝,2021-09-16 00:00:00,7.54305,7.44305,7.89305,7.39305,19.587,0.00077,11769600.0,91707179.0,-0.13417325792795953,7.45305
HK.00486,俄铝,2021-09-17 00:00:00,7.23305,7.47305,7.47305,6.98305,19.664,0.0007,10628059.0,78976041.0,0.40306057328648015,7.44305
HK.00486,俄铝,2021-09-20 00:00:00,7.44305,7.31305,7.45305,7.10305,19.252,0.0004,6055000.0,44692360.0,-2.141026756143745,7.47305
HK.00486,俄铝,2021-09-21 00:00:00,7.09305,7.18305,7.23305,7.00305,18.917,0.00018,2745100.0,20045158.0,-1.7776440746337014,7.31305
HK.00486,俄铝,2021-09-23 00:00:00,7.51305,7.55305,7.69305,7.38305,19.871,0.00044,6666829.0,51291207.0,5.15101523725994,7.18305
HK.00486,俄铝,2021-09-24 00:00:00,7.74305,7.46305,7.74305,7.39305,19.639,0.00038,5705316.0,43670035.0,-1.1915716167640868,7.55305
HK.00486,俄铝,2021-09-27 00:00:00,7.49305,7.49305,7.61305,7.30305,19.716,0.0003,4550000.0,34652640.0,0.40198042355337626,7.46305
HK.00486,俄铝,2021-09-28 00:00:00,7.53305,7.38305,7.59305,7.34305,19.432,0.0002,3001000.0,22842910.0,-1.4680270383889111,7.49305
HK.00486,俄铝,2021-09-29 00:00:00,7.24305,7.15305,7.33305,7.06305,18.84,0.00016,2461000.0,18010880.0,-3.1152437000968374,7.38305
HK.00486,俄铝,2021-09-30 00:00:00,7.05305,7.13305,7.21305,6.93305,18.788,0.00027,4089000.0,29724490.0,-0.2796010093596502,7.15305
HK.00486,俄铝,2021-10-04 00:00:00,7.15305,7.31305,7.42305,7.15305,19.252,0.00018,2670000.0,19966480.0,2.5234647170565148,7.13305
HK.00486,俄铝,2021-10-05 00:00:00,7.11305,7.33305,7.41305,7.11305,19.304,0.00015,2349919.0,17606454.0,0.27348370378980674,7.31305
HK.00486,俄铝,2021-10-06 00:00:00,7.44305,7.34305,7.53305,7.33305,19.329,0.00013,2027319.0,15283454.0,0.136368905162242,7.33305
HK.00486,俄铝,2021-10-07 00:00:00,7.27305,7.34305,7.47305,7.25305,19.329,0.00011,1663629.0,12564502.0,0.0,7.34305
HK.00486,俄铝,2021-10-08 00:00:00,7.50305,7.50305,7.58305,7.39305,19.742,0.00025,3774000.0,28845500.0,2.1789310981131838,7.34305
HK.00486,俄铝,2021-10-11 00:00:00,7.883049999,7.84305,7.883049999,7.57305,20.618,0.0004,6054850.0,48154745.0,4.53149052718561,7.50305
HK.00486,俄铝,2021-10-12 00:00:00,8.043049999,8.033049999,8.043049999,7.72305,21.108,0.00021,3118526.0,25215053.0,2.4225269378621763,7.84305
HK.00486,俄铝,2021-10-15 00:00:00,8.24305,8.55305,8.61305,8.213049999,22.448,0.0005,7576200.0,65255502.0,6.473257368804303,8.033049999
HK.00486,俄铝,2021-10-18 00:00:00,8.71305,9.02305,9.03305,8.68305,23.659,0.00037,5610450.0,50746853.0,5.495115777412722,8.55305
HK.00486,俄铝,2021-10-19 00:00:00,8.83305,8.73305,8.83305,8.06305,22.912,0.00036,5478622.0,48387191.0,-3.2139908345847483,9.02305
HK.00486,俄铝,2021-10-20 00:00:00,8.63305,8.45305,8.67305,8.33305,22.19,0.00094,14254985.0,123477421.0,-3.2062108885212055,8.73305
HK.00486,俄铝,2021-10-21 00:00:00,8.73305,8.49305,8.73305,8.373049999,22.293,0.00041,6272000.0,54390210.0,0.47320198035029876,8.45305
HK.00486,俄铝,2021-10-22 00:00:00,8.383049999,8.18305,8.42305,8.10305,21.494,0.0003,4543100.0,38091735.0,-3.6500432706742627,8.49305
HK.00486,俄铝,2021-10-25 00:00:00,8.39305,8.32305,8.39305,8.10305,21.855,0.00023,3557300.0,30050369.0,1.7108535326070422,8.18305
HK.00486,俄铝,2021-10-26 00:00:00,8.44305,8.49305,8.57305,8.293049999,22.293,0.0005,7599249.0,65081741.0,2.0425204702603,8.32305
HK.00486,俄铝,2021-10-27 00:00:00,8.49305,8.213049999,8.50305,8.14305,21.572,0.00019,2820031.0,23823197.0,-3.2968132885123653,8.49305
HK.00486,俄铝,2021-10-28 00:00:00,7.99305,7.62305,8.043049999,6.83305,20.051,0.00123,18762750.0,142802860.0,-7.1836893611001695,8.213049999
HK.00486,俄铝,2021-10-29 00:00:00,7.76305,7.68305,8.033049999,7.56305,20.206,0.00059,8902050.0,69830007.0,0.7870865336053103,7.62305
HK.00486,俄铝,2021-11-01 00:00:00,7.53305,7.62305,7.65305,7.27305,20.051,0.00026,3940543.0,30273521.0,-0.7809398611228563,7.68305
HK.00486,俄铝,2021-11-02 00:00:00,7.77305,7.57305,7.77305,7.42305,19.922,0.00022,3304000.0,25542567.0,-0.6559054446710939,7.62305
HK.00486,俄铝,2021-11-03 00:00:00,7.54305,7.40305,7.63305,7.37305,19.484,0.0001,1532000.0,11709190.0,-2.244802292339281,7.57305
HK.00486,俄铝,2021-11-04 00:00:00,7.40305,7.34305,7.40305,7.22305,19.329,5e-05,749000.0,5577548.0,-0.8104767629558154,7.40305
HK.00486,俄铝,2021-11-05 00:00:00,7.21305,7.07305,7.21305,6.82305,18.634,0.00045,6889050.0,49441552.0,-3.676946228065989,7.34305
HK.00486,俄铝,2021-11-08 00:00:00,7.01305,7.33305,7.34305,6.99305,19.304,0.00033,4952000.0,36613000.0,3.6759248131993947,7.07305
HK.00486,俄铝,2021-11-09 00:00:00,7.33305,7.25305,7.44305,7.22305,19.097,0.00019,2830396.0,21034556.0,-1.09095124129796,7.33305
HK.00486,俄铝,2021-11-10 00:00:00,7.64305,7.67305,7.83305,7.41305,20.18,0.00053,8002450.0,62674836.0,5.790667374414901,7.25305
HK.00486,俄铝,2021-11-11 00:00:00,7.50305,7.74305,7.77305,7.39305,20.36,0.00027,4119000.0,32233190.0,0.9122839027505396,7.67305
HK.00486,俄铝,2021-11-12 00:00:00,7.84305,7.79305,7.93305,7.77305,20.489,0.00023,3541330.0,28285972.0,0.6457403736253778,7.74305
HK.00486,俄铝,2021-11-15 00:00:00,7.79305,7.60305,7.83305,7.50305,20.0,0.00017,2593000.0,20188710.0,-2.4380698186204426,7.79305
HK.00486,俄铝,2021-11-16 00:00:00,7.54305,7.59305,7.63305,7.49305,19.974,0.00014,2073000.0,16027836.0,-0.1315261638421395,7.60305
HK.00486,俄铝,2021-11-17 00:00:00,7.48305,7.60305,7.60305,7.42305,20.0,6e-05,964448.0,7400225.0,0.13169938298838788,7.59305
HK.00486,俄铝,2021-11-18 00:00:00,7.47305,7.49305,7.55305,7.40305,19.716,0.00011,1654000.0,12638135.0,-1.4467878022635579,7.60305
HK.00486,俄铝,2021-11-19 00:00:00,7.44305,7.55305,7.62305,7.40305,19.871,0.00018,2679100.0,20572695.0,0.8007420209393986,7.49305
HK.00486,俄铝,2021-11-22 00:00:00,7.32305,7.17305,7.47305,7.13305,18.891,0.00022,3343000.0,24790237.0,-5.031080159670595,7.55305
HK.00486,俄铝,2021-11-23 00:00:00,6.97305,6.99305,7.09305,6.75305,18.427,0.0005,7542481.0,53626383.0,-2.5093927966485627,7.17305
HK.00486,俄铝,2021-11-24 00:00:00,7.14305,7.40305,7.44305,7.11305,19.484,0.00012,1839374.0,13751080.0,5.862963942771754,6.99305
HK.00486,俄铝,2021-11-25 00:00:00,7.24305,7.30305,7.36305,7.19305,19.226,0.0002,3083000.0,23000334.0,-1.350794604926355,7.40305
HK.00486,俄铝,2021-11-26 00:00:00,7.30305,7.02305,7.30305,6.99305,18.505,0.00019,2819800.0,20434216.0,-3.8340145555624052,7.30305
HK.00486,俄铝,2021-11-29 00:00:00,7.02305,7.16305,7.20305,7.00305,18.865,0.00016,2498500.0,18145320.0,1.9934359003566908,7.02305
HK.00486,俄铝,2021-11-30 00:00:00,7.15305,7.25305,7.43305,7.07305,19.097,0.00032,4849200.0,35931381.0,1.2564480214433775,7.16305
HK.00486,俄铝,2021-12-01 00:00:00,7.05305,6.95305,7.07305,6.92305,18.324,0.00031,4656250.0,33119941.0,-4.136190981724927,7.25305
HK.00486,俄铝,2021-12-02 00:00:00,6.95305,6.85305,7.04305,6.84305,18.067,7e-05,989000.0,6993822.0,-1.4382177605511326,6.95305
HK.00486,俄铝,2021-12-03 00:00:00,6.86305,7.07305,7.12305,6.86305,18.634,3e-05,518200.0,3722617.0,3.210249450974393,6.85305
HK.00486,俄铝,2021-12-06 00:00:00,7.07305,6.86305,7.07305,6.84305,18.092,0.0001,1454000.0,10296680.0,-2.969016195276436,7.07305
HK.00486,俄铝,2021-12-07 00:00:00,6.85305,6.98305,6.99305,6.85305,18.402,8e-05,1144000.0,8128403.0,1.748493745492166,6.86305
HK.00486,俄铝,2021-12-08 00:00:00,7.12305,7.20305,7.27305,7.09305,18.969,6e-05,935000.0,6855380.0,3.150485819233712,6.98305
HK.00486,俄铝,2021-12-09 00:00:00,7.18305,7.20305,7.24305,7.08305,18.969,4e-05,573000.0,4203600.0,0.0,7.20305
HK.00486,俄铝,2021-12-10 00:00:00,7.24305,7.19305,7.36305,7.17305,18.943,7e-05,1021000.0,7555590.0,-0.1388300789248969,7.20305
HK.00486,俄铝,2021-12-13 00:00:00,7.27305,7.18305,7.27305,7.11305,18.917,0.00011,1663250.0,12247115.0,-0.13902308478323763,7.19305
HK.00486,俄铝,2021-12-14 00:00:00,6.94305,6.73305,6.94305,6.65305,17.757,0.00035,5252250.0,36301142.0,-6.264748261532348,7.18305
HK.00486,俄铝,2021-12-15 00:00:00,6.73305,6.45305,6.82305,6.45305,17.036,0.00017,2590100.0,17578905.0,-4.158590831792431,6.73305
HK.00486,俄铝,2021-12-16 00:00:00,6.56305,6.78305,6.79305,6.52305,17.886,0.00026,3944000.0,27047280.0,5.113860887487314,6.45305
HK.00486,俄铝,2021-12-17 00:00:00,6.84305,6.84305,6.97305,6.78305,18.041,0.00017,2545780.0,17897875.0,0.8845578316538961,6.78305
HK.00486,俄铝,2021-12-20 00:00:00,6.79305,6.71305,6.84305,6.61305,17.706,0.00012,1850000.0,12662515.0,-1.8997376900651013,6.84305
HK.00486,俄铝,2021-12-21 00:00:00,6.69305,6.78305,6.84305,6.59305,17.886,0.00017,2636100.0,18268878.0,1.0427451009600746,6.71305
HK.00486,俄铝,2021-12-22 00:00:00,6.78305,6.97305,7.01305,6.78305,18.376,0.00019,2915000.0,20584430.0,2.801099800237349,6.78305
HK.00486,俄铝,2021-12-23 00:00:00,6.97305,7.25305,7.30305,6.97305,19.097,0.00035,5375250.0,39573127.0,4.015459519148727,6.97305
HK.00486,俄铝,2021-12-24 00:00:00,7.25305,7.28305,7.34305,7.23305,19.175,3e-05,383000.0,2844670.0,0.4136190981724964,7.25305
HK.00486,俄铝,2021-12-28 00:00:00,7.28305,7.40305,7.49305,7.26305,19.484,0.00011,1686100.0,12738885.0,1.6476613506703937,7.28305
HK.00486,俄铝,2021-12-29 00:00:00,7.35305,7.36305,7.44305,7.34305,19.381,4e-05,632000.0,4756630.0,-0.5403178419705396,7.40305
HK.00486,俄铝,2021-12-30 00:00:00,7.38305,7.42305,7.47305,7.35305,19.536,0.00015,2277000.0,17260940.0,0.8148797033837826,7.36305
HK.00486,俄铝,2021-12-31 00:00:00,7.41305,7.39305,7.49305,7.36305,19.458,3e-05,468000.0,3547168.0,-0.4041465435366897,7.42305
HK.00486,俄铝,2022-01-03 00:00:00,7.50305,7.45305,7.52305,7.36305,19.613,5e-05,698000.0,5299005.0,0.8115730314281724,7.39305
HK.00486,俄铝,2022-01-04 00:00:00,7.42305,7.34305,7.50305,7.30305,19.329,5e-05,745403.0,5616746.0,-1.4759058372075904,7.45305
HK.00486,俄铝,2022-01-05 00:00:00,7.46305,7.35305,7.46305,7.27305,19.355,7e-05,989504.0,7445591.0,0.136183193632071,7.34305
HK.00486,俄铝,2022-01-06 00:00:00,7.36305,7.39305,7.40305,7.29305,19.458,4e-05,609000.0,4565480.0,0.5439919489191566,7.35305
HK.00486,俄铝,2022-01-07 00:00:00,7.34305,7.45305,7.47305,7.26305,19.613,0.0001,1447001.0,10919527.0,0.8115730314281724,7.39305
HK.00486,俄铝,2022-01-10 00:00:00,7.49305,7.77305,7.79305,7.49305,20.438,0.0003,4505000.0,35352625.0,4.293544253694788,7.45305
HK.00486,俄铝,2022-01-11 00:00:00,7.69305,7.72305,7.75305,7.52305,20.309,0.00016,2391250.0,18706117.0,-0.6432481458372173,7.77305
HK.00486,俄铝,2022-01-12 00:00:00,7.75305,7.83305,7.91305,7.74305,20.592,0.00018,2661000.0,21288633.0,1.4243077540609,7.72305
HK.00486,俄铝,2022-01-13 00:00:00,7.90305,8.09305,8.09305,7.90305,21.262,0.00024,3662018.0,30017567.0,3.3192689948359804,7.83305
HK.00486,俄铝,2022-01-14 00:00:00,7.64305,7.72305,7.75305,7.60305,20.309,0.00039,5880000.0,46253630.0,-4.571823972420782,8.09305
HK.00486,俄铝,2022-01-17 00:00:00,7.45305,7.51305,7.58305,7.36305,19.768,0.00013,1905000.0,14516600.0,-2.719132985025346,7.72305
HK.00486,俄铝,2022-01-18 00:00:00,7.48305,7.34305,7.63305,7.27305,19.329,0.00027,4036000.0,30436286.0,-2.262729517306552,7.51305
HK.00486,俄铝,2022-01-19 00:00:00,7.10305,7.29305,7.34305,6.89305,19.201,0.0007,10580000.0,77881200.0,-0.6809159681603669,7.34305
HK.00486,俄铝,2022-01-20 00:00:00,7.34305,7.54305,7.61305,7.34305,19.845,0.00014,2201518.0,16867647.0,3.427921102967894,7.29305
HK.00486,俄铝,2022-01-21 00:00:00,7.44305,7.38305,7.44305,7.15305,19.432,9e-05,1400000.0,10481210.0,-2.1211578870616017,7.54305
HK.00486,俄铝,2022-01-24 00:00:00,6.91305,6.90305,7.02305,6.14305,18.195,0.00086,13005531.0,89286622.0,-6.501378156723842,7.38305
HK.00486,俄铝,2022-01-25 00:00:00,6.36305,6.63305,6.73305,6.36305,17.5,0.00031,4674661.0,31441322.0,-3.911314563852217,6.90305
HK.00486,俄铝,2022-01-26 00:00:00,6.59305,6.64305,6.71305,6.49305,17.525,0.00019,2896000.0,19561713.0,0.15076020835060475,6.63305
HK.00486,俄铝,2022-01-27 00:00:00,6.64305,6.74305,6.74305,6.47305,17.783,0.00012,1858000.0,12585620.0,1.5053326408803267,6.64305
HK.00486,俄铝,2022-01-28 00:00:00,7.04305,7.01305,7.09305,6.80305,18.479,0.00019,2896100.0,20675887.0,4.004122763437904,6.74305
HK.00486,俄铝,2022-01-31 00:00:00,6.90305,7.01305,7.01305,6.90305,18.479,2e-05,377000.0,2683470.0,0.0,7.01305
HK.00486,俄铝,2022-02-04 00:00:00,6.97305,6.95305,7.00305,6.84305,18.324,9e-05,1362735.0,9695016.0,-0.8555478714681859,7.01305
HK.00486,俄铝,2022-02-07 00:00:00,6.95305,7.05305,7.12305,6.90305,18.582,9e-05,1430000.0,10283500.0,1.43821776055112,6.95305
HK.00486,俄铝,2022-02-08 00:00:00,6.95305,7.08305,7.24305,6.85305,18.659,0.00022,3328308.0,23936385.0,0.4253478991358384,7.05305
HK.00486,俄铝,2022-02-09 00:00:00,7.50305,7.82305,7.84305,7.45305,20.567,0.00034,5118963.0,40221060.0,10.447476722598319,7.08305
HK.00486,俄铝,2022-02-10 00:00:00,7.89305,8.123049999,8.203049999,7.89305,21.34,0.00022,3380511.0,27709542.0,3.834821444321573,7.82305
HK.00486,俄铝,2022-02-11 00:00:00,8.15305,8.24305,8.30305,8.05305,21.649,0.00038,5705000.0,47455080.0,1.4772776360452524,8.123049999
HK.00486,俄铝,2022-02-14 00:00:00,7.94305,7.93305,8.043049999,7.66305,20.85,0.00028,4274000.0,34399187.0,-3.7607438994061724,8.24305
HK.00486,俄铝,2022-02-15 00:00:00,8.09305,8.14305,8.32305,8.07305,21.391,0.00029,4477000.0,37364630.0,2.64715336472102,7.93305
HK.00486,俄铝,2022-02-16 00:00:00,8.35305,8.82305,8.88305,8.35305,23.144,0.00056,8456100.0,74853665.0,8.350679413733179,8.14305
HK.00486,俄铝,2022-02-17 00:00:00,8.91305,8.84305,9.04305,8.68305,23.195,0.00028,4309000.0,38919885.0,0.2266789828913989,8.82305
HK.00486,俄铝,2022-02-18 00:00:00,8.53305,8.24305,8.53305,8.11305,21.649,0.0009,13669100.0,115138998.0,-6.7849893419125715,8.84305
HK.00486,俄铝,2022-02-21 00:00:00,7.69305,7.77305,7.953049999,7.66305,20.438,0.00049,7408000.0,59088781.0,-5.701773008777098,8.24305
HK.00486,俄铝,2022-02-22 00:00:00,6.68305,6.28305,6.68305,6.02305,16.597,0.00168,25571929.0,165625108.0,-19.168794745949135,7.77305
HK.00486,俄铝,2022-02-23 00:00:00,6.80305,7.12305,7.19305,6.59305,18.762,0.00081,12358000.0,86344505.0,13.369303125074602,6.28305
HK.00486,俄铝,2022-02-24 00:00:00,6.86305,6.34305,6.98305,6.08305,16.752,0.00385,58508797.0,386247169.0,-10.950365363152024,7.12305
HK.00486,俄铝,2022-02-25 00:00:00,6.59305,6.39305,6.59305,5.97305,16.881,0.00256,38875146.0,243008139.0,0.7882643207920451,6.34305
HK.00486,俄铝,2022-02-28 00:00:00,6.54305,5.31305,6.54305,5.14305,14.097,0.0013,19692569.0,113318111.0,-16.893345116962955,6.39305
HK.00486,俄铝,2022-03-01 00:00:00,4.89305,4.53305,5.09305,4.47305,12.087,0.00058,8834700.0,43189206.0,-14.680833043167285,5.31305
HK.00486,俄铝,2022-03-02 00:00:00,3.83305,3.31305,3.83305,3.15305,8.943,0.00456,69241445.0,248911937.0,-26.913446796307124,4.53305
HK.00486,俄铝,2022-03-03 00:00:00,3.18305,3.49305,4.12305,3.07305,9.407,0.00603,91684307.0,354609066.0,5.4330601711414,3.31305
HK.00486,俄铝,2022-03-04 00:00:00,3.14305,3.42305,3.65305,3.09305,9.226,0.00347,52681274.0,188060419.0,-2.0039793303846287,3.49305
HK.00486,俄铝,2022-03-07 00:00:00,3.57305,4.64305,4.88305,3.57305,12.371,0.00597,90682300.0,392988994.0,35.64072975854866,3.42305
HK.00486,俄铝,2022-03-08 00:00:00,4.55305,4.68305,5.34305,4.17305,12.474,0.00617,93764036.0,469775966.0,0.8615026760426883,4.64305
HK.00486,俄铝,2022-03-09 00:00:00,4.99305,4.61305,5.10305,4.19305,12.293,0.00195,29699360.0,143660421.0,-1.4947523515657404,4.68305
HK.00486,俄铝,2022-03-10 00:00:00,4.74305,4.47305,4.97305,4.39305,11.932,0.0009,13619000.0,65036910.0,-3.0348684709682434,4.61305
HK.00486,俄铝,2022-03-11 00:00:00,4.18305,4.04305,4.34305,3.87305,10.824,0.00097,14668500.0,61972005.0,-9.613127508076138,4.47305
HK.00486,俄铝,2022-03-14 00:00:00,3.943049999,3.84305,4.36305,3.64305,10.309,0.00068,10407000.0,43736972.0,-4.946760490223969,4.04305
HK.00486,俄铝,2022-03-15 00:00:00,3.84305,3.67305,3.97305,3.62305,9.871,0.00063,9499336.0,36967859.0,-4.423569820845421,3.84305
HK.00486,俄铝,2022-03-16 00:00:00,3.85305,3.99305,4.04305,3.84305,10.695,0.00048,7217000.0,29609840.0,8.712105743183466,3.67305
HK.00486,俄铝,2022-03-17 00:00:00,4.14305,4.32305,4.32305,4.03305,11.546,0.00066,10042000.0,43422860.0,8.264359324326017,3.99305
HK.00486,俄铝,2022-03-18 00:00:00,4.34305,4.10305,4.53305,4.10305,11.007,0.00065,9821767.0,44635303.0,-5.088999664588672,4.32305
HK.00486,俄铝,2022-03-21 00:00:00,3.96305,3.87305,4.05305,3.72305,10.413,0.00072,10989000.0,44469603.0,-5.6055860883976445,4.10305
HK.00486,俄铝,2022-03-22 00:00:00,3.93305,3.943049999,4.023049999,3.89305,10.594,0.00025,3845000.0,15813730.0,1.807361097842779,3.87305
HK.00486,俄铝,2022-03-23 00:00:00,4.00305,3.95305,4.04305,3.83305,10.62,0.00034,5234000.0,21342690.0,0.2536108089559205,3.943049999
HK.00486,俄铝,2022-03-24 00:00:00,3.943049999,4.54305,5.08305,3.88305,12.144,0.00219,33344698.0,159133997.0,14.925184351323656,3.95305
HK.00486,俄铝,2022-03-25 00:00:00,4.54305,4.26305,5.03305,4.24305,11.421,0.00129,19624100.0,91924411.0,-6.163260364732949,4.54305
HK.00486,俄铝,2022-03-28 00:00:00,4.25305,4.113049999,4.27305,4.023049999,11.033,0.00025,3748000.0,16004570.0,-3.518607593155125,4.26305
HK.00486,俄铝,2022-03-29 00:00:00,4.113049999,4.43305,4.52305,4.113049999,11.86,0.00052,7886000.0,35701920.0,7.780114539764909,4.113049999
HK.00486,俄铝,2022-03-30 00:00:00,4.72305,4.73305,4.88305,4.55305,12.635,0.00143,21800200.0,107175243.0,6.767349793031902,4.43305
HK.00486,俄铝,2022-03-31 00:00:00,4.70305,4.74305,4.79305,4.54305,2.96,0.00036,5399020.0,25977852.0,0.21128025269117767,4.73305
HK.00486,俄铝,2022-04-01 00:00:00,4.79305,4.67305,4.79305,4.59305,2.918,0.00024,3626800.0,17504673.0,-1.475843602745075,4.74305
HK.00486,俄铝,2022-04-04 00:00:00,4.58305,4.63305,4.79305,4.56305,2.894,0.00025,3783000.0,18206160.0,-0.8559720097152831,4.67305
HK.00486,俄铝,2022-04-06 00:00:00,4.59305,4.40305,4.59305,4.26305,2.755,0.00039,5961000.0,27230520.0,-4.96433235125888,4.63305
HK.00486,俄铝,2022-04-07 00:00:00,4.34305,4.29305,4.40305,4.28305,2.688,0.00013,1964000.0,8796510.0,-2.4982682458750256,4.40305
HK.00486,俄铝,2022-04-08 00:00:00,4.34305,4.39305,4.42305,4.29305,2.749,0.0001,1462020.0,6607850.0,2.3293462689696054,4.29305
HK.00486,俄铝,2022-04-11 00:00:00,4.48305,4.14305,4.48305,4.063049999,2.598,0.00022,3331000.0,14422560.0,-5.690807070258704,4.39305
HK.00486,俄铝,2022-04-12 00:00:00,4.14305,4.18305,4.24305,4.08305,2.622,0.00011,1730000.0,7436540.0,0.9654722969792796,4.14305
HK.00486,俄铝,2022-04-13 00:00:00,4.18305,4.22305,4.34305,4.10305,2.646,0.00011,1669000.0,7292100.0,0.9562400640680853,4.18305
HK.00486,俄铝,2022-04-14 00:00:00,4.22305,4.27305,4.27305,4.19305,2.676,9e-05,1440000.0,6325240.0,1.1839784042339028,4.22305
HK.00486,俄铝,2022-04-19 00:00:00,4.14305,3.93305,4.14305,3.70305,2.471,0.00041,6183066.0,25190986.0,-7.9568458127098785,4.27305
HK.00486,俄铝,2022-04-20 00:00:00,3.93305,3.89305,3.99305,3.84305,2.447,0.00011,1703000.0,6925910.0,-1.0170224126314191,3.93305
HK.00486,俄铝,2022-04-21 00:00:00,3.89305,3.78305,3.89305,3.72305,2.38,0.0002,3075000.0,12127980.0,-2.825548092112876,3.89305
HK.00486,俄铝,2022-04-22 00:00:00,3.71305,3.80305,3.89305,3.69305,2.392,0.00011,1679000.0,6642800.0,0.5286739535559937,3.78305
HK.00486,俄铝,2022-04-25 00:00:00,3.72305,3.62305,3.80305,3.62305,2.283,0.00017,2612000.0,9979270.0,-4.733043215314018,3.80305
HK.00486,俄铝,2022-04-26 00:00:00,3.54305,3.67305,3.74305,3.54305,2.314,9e-05,1360000.0,5165420.0,1.3800527180138233,3.62305
HK.00486,俄铝,2022-04-27 00:00:00,3.54305,3.61305,3.67305,3.54305,2.277,6e-05,912000.0,3441910.0,-1.6335198268469,3.67305
HK.00486,俄铝,2022-04-28 00:00:00,3.59305,3.62305,3.65305,3.51305,2.283,0.00027,4058000.0,15071140.0,0.2767744703228638,3.61305
HK.00486,俄铝,2022-04-29 00:00:00,3.57305,3.54305,3.60305,3.50305,2.235,0.00017,2584000.0,9615110.0,-2.2080843488221267,3.62305
HK.00486,俄铝,2022-05-03 00:00:00,3.54305,3.58305,3.60305,3.54305,2.259,6e-05,984000.0,3678960.0,1.1289708019926343,3.54305
HK.00486,俄铝,2022-05-04 00:00:00,3.50305,3.45305,3.58305,3.35305,2.181,7e-05,1111000.0,4010480.0,-3.6281938571887054,3.58305
HK.00486,俄铝,2022-05-05 00:00:00,3.45305,3.48305,3.60305,3.45305,2.199,7e-05,1083000.0,3972340.0,0.8687971503453412,3.45305
HK.00486,俄铝,2022-05-06 00:00:00,3.48305,3.40305,3.57305,3.38305,2.151,0.00011,1729000.0,6235310.0,-2.296837541809623,3.48305
HK.00486,俄铝,2022-05-10 00:00:00,3.39305,3.27305,3.40305,3.24305,2.072,0.0001,1541027.0,5331313.0,-3.820102555060898,3.40305
HK.00486,俄铝,2022-05-11 00:00:00,3.27305,3.33305,3.53305,3.27305,2.108,0.00011,1612000.0,5723990.0,1.8331525641221509,3.27305
HK.00486,俄铝,2022-05-12 00:00:00,3.44305,3.20305,3.44305,3.17305,2.03,0.00013,1968000.0,6664250.0,-3.9003315281798923,3.33305
HK.00486,俄铝,2022-05-13 00:00:00,3.17305,3.25305,3.30305,3.17305,2.06,5e-05,797000.0,2698920.0,1.561012160284723,3.20305
HK.00486,俄铝,2022-05-16 00:00:00,3.25305,3.22305,3.30305,3.20305,2.042,4e-05,605000.0,2062450.0,-0.9222114630884801,3.25305
HK.00486,俄铝,2022-05-17 00:00:00,3.23305,3.23305,3.34305,3.21305,2.048,0.00014,2117688.0,7207164.0,0.3102651215463547,3.22305
HK.00486,俄铝,2022-05-18 00:00:00,3.28305,3.29305,3.30305,3.23305,2.084,8e-05,1145000.0,3917480.0,1.855832727610153,3.23305
HK.00486,俄铝,2022-05-19 00:00:00,3.27305,3.29305,3.29305,3.20305,2.084,5e-05,791000.0,2684690.0,0.0,3.29305
HK.00486,俄铝,2022-05-20 00:00:00,3.22305,3.34305,3.36305,3.22305,2.114,0.00022,3382000.0,11800430.0,1.5183492506946394,3.29305
HK.00486,俄铝,2022-05-23 00:00:00,3.32305,3.32305,3.33305,3.28305,2.102,9e-05,1342000.0,4647650.0,-0.5982560835165498,3.34305
HK.00486,俄铝,2022-05-24 00:00:00,3.34305,3.24305,3.34305,3.24305,2.054,0.00012,1761000.0,6093900.0,-2.4074269120235816,3.32305
HK.00486,俄铝,2022-05-25 00:00:00,3.24305,3.27305,3.34305,3.24305,2.072,4e-05,582000.0,2004370.0,0.9250551178674336,3.24305
HK.00486,俄铝,2022-05-26 00:00:00,3.29305,3.25305,3.32305,3.22305,2.06,8e-05,1206540.0,4134514.0,-0.6110508547073835,3.27305
HK.00486,俄铝,2022-05-27 00:00:00,3.26305,3.23305,3.29305,3.21305,2.048,7e-05,1036000.0,3517970.0,-0.6148076420589913,3.25305
HK.00486,俄铝,2022-05-30 00:00:00,3.24305,3.23305,3.29305,3.23305,2.048,6e-05,859000.0,2932870.0,0.0,3.23305
HK.00486,俄铝,2022-05-31 00:00:00,3.23305,3.31305,3.32305,3.22305,2.096,0.00013,2050000.0,7056140.0,2.4744436368135374,3.23305
HK.00486,俄铝,2022-06-01 00:00:00,3.31305,3.29305,3.31305,3.24305,2.084,9e-05,1337000.0,4593900.0,-0.6036733523490444,3.31305
HK.00486,俄铝,2022-06-02 00:00:00,3.29305,3.30305,3.33305,3.27305,2.09,4e-05,637000.0,2207210.0,0.3036698501389225,3.29305
HK.00486,俄铝,2022-06-06 00:00:00,3.37305,3.64305,3.72305,3.34305,2.296,0.00031,4689000.0,17561680.0,10.293516598295524,3.30305
HK.00486,俄铝,2022-06-07 00:00:00,3.61305,3.56305,3.70305,3.51305,2.247,0.00013,2006000.0,7543170.0,-2.1959621745515454,3.64305
HK.00486,俄铝,2022-06-08 00:00:00,3.56305,3.60305,3.67305,3.49305,2.271,0.00015,2218025.0,8235083.0,1.1226336986570504,3.56305
HK.00486,俄铝,2022-06-09 00:00:00,3.60305,3.53305,3.60305,3.53305,2.229,9e-05,1399000.0,5192630.0,-1.9427984624137962,3.60305
HK.00486,俄铝,2022-06-10 00:00:00,3.53305,3.50305,3.53305,3.40305,2.211,5e-05,826000.0,2999630.0,-0.8491246939613027,3.53305
HK.00486,俄铝,2022-06-13 00:00:00,3.43305,3.46305,3.55305,3.42305,2.187,4e-05,631477.0,2301889.0,-1.1418620916058875,3.50305
HK.00486,俄铝,2022-06-14 00:00:00,3.44305,3.43305,3.44305,3.40305,2.169,4e-05,568000.0,2037490.0,-0.8662883874041611,3.46305
HK.00486,俄铝,2022-06-15 00:00:00,3.41305,3.46305,3.54305,3.41305,2.187,8e-05,1152000.0,4211770.0,0.873858522305233,3.43305
HK.00486,俄铝,2022-06-16 00:00:00,3.54305,3.41305,3.54305,3.40305,2.157,7e-05,998000.0,3580640.0,-1.4438139790069395,3.46305
HK.00486,俄铝,2022-06-17 00:00:00,3.40305,3.50305,3.54305,3.34305,2.211,9e-05,1434000.0,5203410.0,2.636937636424894,3.41305
HK.00486,俄铝,2022-06-20 00:00:00,3.50305,3.45305,3.50305,3.44305,2.181,2e-05,341000.0,1235230.0,-1.4273276145073528,3.50305
HK.00486,俄铝,2022-06-21 00:00:00,3.40305,3.43305,3.49305,3.38305,2.169,5e-05,795000.0,2863990.0,-0.5791981002302317,3.45305
HK.00486,俄铝,2022-06-22 00:00:00,3.42305,3.33305,3.47305,3.32305,2.108,0.0001,1500000.0,5278760.0,-2.912861741017465,3.43305
HK.00486,俄铝,2022-06-23 00:00:00,3.34305,3.24305,3.38305,3.22305,2.054,0.00018,2678000.0,9190710.0,-2.700229519509154,3.33305
HK.00486,俄铝,2022-06-24 00:00:00,3.24305,3.24305,3.24305,3.13305,2.054,0.00025,3768000.0,12657050.0,0.0,3.24305
HK.00486,俄铝,2022-06-27 00:00:00,3.24305,3.30305,3.32305,3.21305,2.09,7e-05,1005000.0,3460900.0,1.850110235734867,3.24305
HK.00486,俄铝,2022-06-28 00:00:00,3.30305,3.29305,3.30305,3.24305,2.084,4e-05,553000.0,1897530.0,-0.30275048818515576,3.30305
HK.00486,俄铝,2022-06-29 00:00:00,3.29305,3.24305,3.30305,3.23305,2.054,4e-05,647000.0,2212090.0,-1.5183492506946394,3.29305
HK.00486,俄铝,2022-06-30 00:00:00,3.24305,3.19305,3.24305,3.13305,2.024,0.00018,2720000.0,9047090.0,-1.5417585297790741,3.24305
HK.00486,俄铝,2022-07-04 00:00:00,3.19305,3.10305,3.19305,3.07305,1.969,8e-05,1199000.0,3912370.0,-2.8186216939916338,3.19305
HK.00486,俄铝,2022-07-05 00:00:00,3.12305,3.47305,3.49305,3.10305,2.193,0.00033,5013768.0,17601994.0,11.923752437118322,3.10305
HK.00486,俄铝,2022-07-06 00:00:00,3.54305,3.51305,3.73305,3.39305,2.217,0.00035,5364000.0,20089130.0,1.1517254286577963,3.47305
HK.00486,俄铝,2022-07-07 00:00:00,3.53305,3.43305,3.54305,3.40305,2.169,4e-05,573000.0,2069330.0,-2.277223495253402,3.51305
HK.00486,俄铝,2022-07-08 00:00:00,3.43305,3.40305,3.51305,3.39305,2.151,3e-05,448026.0,1606903.0,-0.8738585223052461,3.43305
HK.00486,俄铝,2022-07-11 00:00:00,3.35305,3.24305,3.35305,3.23305,2.054,4e-05,597000.0,2049700.0,-4.701664683151869,3.40305
HK.00486,俄铝,2022-07-12 00:00:00,3.34305,3.28305,3.34305,3.20305,2.078,3e-05,483000.0,1655040.0,1.23340682382324,3.24305
HK.00486,俄铝,2022-07-13 00:00:00,3.19305,3.21305,3.26305,3.19305,2.036,3e-05,510000.0,1718670.0,-2.1321636892523674,3.28305
HK.00486,俄铝,2022-07-14 00:00:00,3.24305,3.21305,3.24305,3.14305,2.036,1e-05,121000.0,406470.0,0.0,3.21305
HK.00486,俄铝,2022-07-15 00:00:00,3.24305,3.14305,3.31305,3.12305,1.993,5e-05,783000.0,2616480.0,-2.178615334339641,3.21305
HK.00486,俄铝,2022-07-18 00:00:00,3.14305,3.24305,3.26305,3.11305,2.054,3e-05,415000.0,1393520.0,3.1816229458646887,3.14305
HK.00486,俄铝,2022-07-19 00:00:00,3.23305,3.20305,3.23305,3.14305,2.03,4e-05,624000.0,2086450.0,-1.2334068238232538,3.24305
HK.00486,俄铝,2022-07-20 00:00:00,3.21305,3.29305,3.29305,3.16305,2.084,5e-05,739000.0,2489590.0,2.809821888512507,3.20305
HK.00486,俄铝,2022-07-21 00:00:00,3.29305,3.20305,3.29305,3.19305,2.03,1e-05,111000.0,373500.0,-2.7330286512503563,3.29305
HK.00486,俄铝,2022-07-22 00:00:00,3.22305,3.18305,3.22305,3.17305,2.018,3e-05,416000.0,1395830.0,-0.624404864113892,3.20305
HK.00486,俄铝,2022-07-25 00:00:00,3.20305,3.20305,3.22305,3.18305,2.03,2e-05,267000.0,896270.0,0.6283281758062241,3.18305
HK.00486,俄铝,2022-07-26 00:00:00,3.19305,3.18305,3.23305,3.18305,2.018,4e-05,654000.0,2191280.0,-0.624404864113892,3.20305
HK.00486,俄铝,2022-07-27 00:00:00,3.18305,3.12305,3.19305,3.11305,1.981,6e-05,874000.0,2880960.0,-1.8849845274186723,3.18305
HK.00486,俄铝,2022-07-28 00:00:00,3.12305,3.09305,3.12305,3.09305,1.963,4e-05,605000.0,1974960.0,-0.9605994140343653,3.12305
HK.00486,俄铝,2022-07-29 00:00:00,3.10305,3.05305,3.10305,2.94305,1.939,8e-05,1243000.0,3993710.0,-1.2932219007128898,3.09305
HK.00486,俄铝,2022-08-01 00:00:00,3.03305,3.00305,3.03305,2.98305,1.909,1e-05,221000.0,697510.0,-1.637706555739337,3.05305
HK.00486,俄铝,2022-08-02 00:00:00,2.96305,2.90305,2.96305,2.81305,1.848,0.00014,2146000.0,6459750.0,-3.3299478863155816,3.00305
HK.00486,俄铝,2022-08-03 00:00:00,2.86305,2.93305,2.95305,2.82305,1.867,6e-05,961000.0,2899820.0,1.0333959111968534,2.90305
HK.00486,俄铝,2022-08-04 00:00:00,2.97305,2.95305,3.02305,2.93305,1.879,1e-05,203000.0,634620.0,0.6818840456180433,2.93305
HK.00486,俄铝,2022-08-05 00:00:00,2.95305,2.92305,2.95305,2.90305,1.861,1e-05,140030.0,433153.0,-1.0158988164778873,2.95305
HK.00486,俄铝,2022-08-08 00:00:00,2.85305,2.94305,2.99305,2.85305,1.873,2e-05,242000.0,747980.0,0.684216828312893,2.92305
HK.00486,俄铝,2022-08-09 00:00:00,2.87305,2.98305,2.98305,2.87305,1.897,2e-05,267000.0,824440.0,1.3591342314945392,2.94305
HK.00486,俄铝,2022-08-10 00:00:00,2.93305,2.87305,2.96305,2.84305,1.83,4e-05,677000.0,2058740.0,-3.687501047585521,2.98305
HK.00486,俄铝,2022-08-11 00:00:00,2.87305,2.94305,2.96305,2.84305,1.873,3e-05,400000.0,1226710.0,2.4364351473173054,2.87305
HK.00486,俄铝,2022-08-12 00:00:00,2.96305,2.99305,2.99305,2.89305,1.903,7e-05,1006000.0,3123170.0,1.6989177893681817,2.94305
HK.00486,俄铝,2022-08-15 00:00:00,2.99305,3.04305,3.07305,2.99305,1.933,3e-05,437000.0,1394820.0,1.6705367434556664,2.99305
HK.00486,俄铝,2022-08-16 00:00:00,3.04305,3.03305,3.04305,2.99305,1.927,2e-05,340000.0,1080030.0,-0.3286176697721112,3.04305
HK.00486,俄铝,2022-08-17 00:00:00,3.01305,3.19305,3.20305,2.97305,2.024,0.00011,1647000.0,5363380.0,5.275218014869526,3.03305
HK.00486,俄铝,2022-08-18 00:00:00,3.14305,3.27305,3.30305,3.07305,2.072,0.00014,2194000.0,7305430.0,2.505441505770347,3.19305
HK.00486,俄铝,2022-08-19 00:00:00,3.24305,3.34305,3.37305,3.22305,2.114,8e-05,1226000.0,4244160.0,2.1386779914758356,3.27305
HK.00486,俄铝,2022-08-22 00:00:00,3.34305,3.43305,3.48305,3.24305,2.169,8e-05,1168000.0,4147550.0,2.6921523758244805,3.34305
HK.00486,俄铝,2022-08-23 00:00:00,3.41305,3.50305,3.56305,3.34305,2.211,0.0001,1595000.0,5796380.0,2.039003218712219,3.43305
HK.00486,俄铝,2022-08-24 00:00:00,3.50305,3.49305,3.54305,3.39305,2.205,0.00011,1647000.0,5983870.0,-0.2854655229014655,3.50305
HK.00486,俄铝,2022-08-25 00:00:00,3.41305,3.58305,3.60305,3.41305,2.259,9e-05,1340000.0,4961670.0,2.5765448533516513,3.49305
HK.00486,俄铝,2022-08-26 00:00:00,3.56305,3.59305,3.68305,3.51305,2.265,0.00016,2468000.0,9204960.0,0.2790918351683562,3.58305
HK.00486,俄铝,2022-08-29 00:00:00,3.54305,3.65305,3.66305,3.54305,2.302,0.00019,2888000.0,10890570.0,1.6698904830158239,3.59305
HK.00486,俄铝,2022-08-30 00:00:00,3.69305,3.79305,3.79305,3.64305,2.386,0.00023,3566000.0,13872890.0,3.8324140102106496,3.65305
HK.00486,俄铝,2022-08-31 00:00:00,3.74305,3.85305,3.87305,3.66305,2.422,0.0002,2964000.0,11715830.0,1.581840471388462,3.79305
HK.00486,俄铝,2022-09-01 00:00:00,3.88305,3.89305,3.943049999,3.84305,2.447,8e-05,1247000.0,5046060.0,1.0381386174588971,3.85305
HK.00486,俄铝,2022-09-02 00:00:00,3.89305,3.89305,3.92305,3.69305,2.447,0.00017,2625000.0,10544327.0,0.0,3.89305
HK.00486,俄铝,2022-09-05 00:00:00,3.89305,3.85305,3.89305,3.44305,2.422,0.0002,2987950.0,11836387.0,-1.0274720334955891,3.89305
HK.00486,俄铝,2022-09-06 00:00:00,3.85305,3.88305,3.903049999,3.74305,2.441,0.00013,2009000.0,8029710.0,0.778603963094167,3.85305
HK.00486,俄铝,2022-09-07 00:00:00,3.88305,3.96305,3.96305,3.78305,2.489,0.00025,3751023.0,15294151.0,2.0602361545692194,3.88305
HK.00486,俄铝,2022-09-08 00:00:00,3.96305,4.04305,4.063049999,3.93305,2.537,0.00014,2164000.0,9036560.0,2.018647254008909,3.96305
HK.00486,俄铝,2022-09-09 00:00:00,4.04305,4.19305,4.20305,4.04305,2.628,0.00015,2252000.0,9686970.0,3.7100703676679823,4.04305
HK.00486,俄铝,2022-09-13 00:00:00,4.19305,3.75305,4.19305,3.75305,2.362,0.00012,1762000.0,7404646.0,-10.493554810937153,4.19305
HK.00486,俄铝,2022-09-14 00:00:00,3.69305,4.023049999,4.04305,3.44305,2.525,0.00014,2053330.0,8224207.0,7.194148732364354,3.75305
HK.00486,俄铝,2022-09-15 00:00:00,3.903049999,3.99305,4.01305,3.84305,2.507,8e-05,1178000.0,4798100.0,-0.7457028624416101,4.023049999
HK.00486,俄铝,2022-09-16 00:00:00,3.99305,3.84305,4.03305,3.84305,2.416,5e-05,688000.0,2832320.0,-3.756526965602743,3.99305
HK.00486,俄铝,2022-09-19 00:00:00,3.84305,3.65305,3.84305,3.64305,2.302,4e-05,661000.0,2553760.0,-4.943989799768412,3.84305
HK.00486,俄铝,2022-09-20 00:00:00,3.69305,3.66305,3.77305,3.64305,2.308,1e-05,154000.0,590080.0,0.2737438578721953,3.65305
HK.00486,俄铝,2022-09-21 00:00:00,3.62305,3.43305,3.64305,3.40305,2.169,7e-05,1115000.0,4081740.0,-6.278920571654768,3.66305
HK.00486,俄铝,2022-09-22 00:00:00,3.37305,3.42305,3.43305,3.25305,2.163,8e-05,1153000.0,4009530.0,-0.29128617410175295,3.43305
HK.00486,俄铝,2022-09-23 00:00:00,3.39305,3.33305,3.39305,3.32305,2.108,2e-05,324000.0,1138190.0,-2.6292341625158806,3.42305
HK.00486,俄铝,2022-09-26 00:00:00,3.32305,3.16305,3.33305,3.14305,2.006,3e-05,530000.0,1773980.0,-5.10043353685063,3.33305
HK.00486,俄铝,2022-09-27 00:00:00,3.16305,3.17305,3.20305,3.04305,2.012,3e-05,393000.0,1284610.0,0.3161505508923282,3.16305
HK.00486,俄铝,2022-09-28 00:00:00,3.15305,3.14305,3.15305,3.06305,1.993,4e-05,542000.0,1769910.0,-0.9454625675611731,3.17305
HK.00486,俄铝,2022-09-29 00:00:00,3.14305,3.03305,3.24305,3.02305,1.927,2e-05,302000.0,981200.0,-3.499785240451164,3.14305
HK.00486,俄铝,2022-09-30 00:00:00,3.03305,3.14305,3.17305,3.03305,1.993,2e-05,249000.0,807780.0,3.6267123852228065,3.03305
HK.00486,俄铝,2022-10-03 00:00:00,3.14305,3.02305,3.14305,3.01305,1.921,1e-05,155000.0,496710.0,-3.817947535037626,3.14305
HK.00486,俄铝,2022-10-05 00:00:00,3.05305,3.19305,3.20305,3.05305,2.024,8e-05,1165000.0,3821820.0,5.62345975091381,3.02305
HK.00486,俄铝,2022-10-06 00:00:00,3.19305,3.27305,3.27305,3.19305,2.072,1e-05,158000.0,537030.0,2.505441505770347,3.19305
HK.00486,俄铝,2022-10-07 00:00:00,3.19305,3.24305,3.24305,3.19305,2.054,2e-05,251000.0,851160.0,-0.9165762820610687,3.27305
HK.00486,俄铝,2022-10-10 00:00:00,3.24305,3.22305,3.24305,3.14305,2.042,2e-05,271027.0,914301.0,-0.6167034119116269,3.24305
HK.00486,俄铝,2022-10-11 00:00:00,3.21305,3.09305,3.22305,3.05305,1.963,4e-05,604000.0,1983040.0,-4.033446580102708,3.22305
HK.00486,俄铝,2022-10-12 00:00:00,3.09305,3.17305,3.17305,2.89305,2.012,6e-05,878000.0,2767230.0,2.5864438014257796,3.09305
HK.00486,俄铝,2022-10-13 00:00:00,3.09305,3.04305,3.09305,2.90305,1.933,3e-05,510200.0,1606404.0,-4.097004459431774,3.17305
HK.00486,俄铝,2022-10-14 00:00:00,3.04305,3.07305,3.09305,3.00305,1.951,2e-05,326000.0,1045730.0,0.9858530093163046,3.04305
HK.00486,俄铝,2022-10-17 00:00:00,2.98305,3.19305,3.24305,2.98305,2.024,4e-05,574000.0,1915970.0,3.9049153121491718,3.07305
HK.00486,俄铝,2022-10-18 00:00:00,3.19305,3.24305,3.25305,3.17305,2.054,2e-05,354000.0,1202300.0,1.565900941106474,3.19305
HK.00486,俄铝,2022-10-19 00:00:00,3.26,3.35,3.37,3.25,2.024,2e-05,233320.0,774323.0,3.297821495197418,3.24305
HK.00486,俄铝,2022-10-20 00:00:00,3.26,3.33,3.35,3.26,2.012,2e-05,261000.0,858190.0,-0.5970149253731348,3.35
HK.00486,俄铝,2022-10-21 00:00:00,3.27,3.23,3.3,3.23,1.951,4e-05,581000.0,1907280.0,-3.003003003003006,3.33
HK.00486,俄铝,2022-10-24 00:00:00,3.25,3.21,3.25,3.1,1.939,6e-05,877000.0,2784340.0,-0.6191950464396291,3.23
HK.00486,俄铝,2022-10-25 00:00:00,3.2,3.2,3.2,3.08,1.933,5e-05,762000.0,2424050.0,-0.3115264797507722,3.21
HK.00486,俄铝,2022-10-26 00:00:00,3.13,3.25,3.25,3.06,1.963,6e-05,905000.0,2853150.0,1.5624999999999944,3.2
HK.00486,俄铝,2022-10-27 00:00:00,3.2,3.2,3.25,3.17,1.933,4e-05,629000.0,2010390.0,-1.538461538461533,3.25
HK.00486,俄铝,2022-10-28 00:00:00,3.18,3.15,3.2,3.11,1.903,3e-05,394000.0,1254170.0,-1.5625000000000084,3.2
HK.00486,俄铝,2022-10-31 00:00:00,3.15,3.2,3.2,3.12,1.933,6e-05,958000.0,3054710.0,1.5873015873015959,3.15
HK.00486,俄铝,2022-11-01 00:00:00,3.2,3.2,3.24,3.13,1.933,1e-05,217000.0,692350.0,0.0,3.2
HK.00486,俄铝,2022-11-02 00:00:00,3.21,3.25,3.25,3.2,1.963,1e-05,199000.0,645010.0,1.5624999999999944,3.2
HK.00486,俄铝,2022-11-03 00:00:00,3.27,3.3,3.3,3.18,1.993,3e-05,447000.0,1452140.0,1.538461538461533,3.25
HK.00486,俄铝,2022-11-04 00:00:00,3.29,3.55,3.56,3.29,2.145,0.0001,1495000.0,5153130.0,7.575757575757576,3.3
HK.00486,俄铝,2022-11-07 00:00:00,3.55,3.66,3.7,3.55,2.211,5e-05,828133.0,2998828.0,3.098591549295784,3.55
HK.00486,俄铝,2022-11-08 00:00:00,3.62,3.75,3.76,3.57,2.265,4e-05,621000.0,2291340.0,2.459016393442619,3.66
HK.00486,俄铝,2022-11-09 00:00:00,3.68,4.0,4.0,3.68,2.416,0.00013,2046300.0,8053113.0,6.666666666666667,3.75
HK.00486,俄铝,2022-11-10 00:00:00,3.85,4.05,4.05,3.78,2.447,8e-05,1166000.0,4658700.0,1.2499999999999956,4.0
HK.00486,俄铝,2022-11-11 00:00:00,4.04,4.0,4.13,3.96,2.416,0.00013,2028000.0,8255630.0,-1.2345679012345634,4.05
HK.00486,俄铝,2022-11-14 00:00:00,4.0,4.15,4.15,4.0,2.507,8e-05,1191000.0,4834420.0,3.750000000000009,4.0
HK.00486,俄铝,2022-11-15 00:00:00,4.06,4.15,4.16,4.06,2.507,0.00012,1851000.0,7635700.0,0.0,4.15
HK.00486,俄铝,2022-11-16 00:00:00,4.15,4.15,4.17,4.05,2.507,0.0001,1583000.0,6545490.0,0.0,4.15
HK.00486,俄铝,2022-11-17 00:00:00,4.1,3.9,4.1,3.9,2.356,3e-05,462000.0,1838180.0,-6.024096385542179,4.15
HK.00486,俄铝,2022-11-18 00:00:00,3.8,3.75,3.89,3.68,2.265,3e-05,425000.0,1611320.0,-3.8461538461538445,3.9
HK.00486,俄铝,2022-11-21 00:00:00,3.58,3.65,3.7,3.5,2.205,3e-05,397268.0,1428981.0,-2.6666666666666687,3.75
HK.00486,俄铝,2022-11-22 00:00:00,3.65,3.94,3.94,3.65,2.38,3e-05,498000.0,1929230.0,7.9452054794520555,3.65
HK.00486,俄铝,2022-11-23 00:00:00,3.92,3.78,4.0,3.65,2.283,3e-05,455000.0,1735900.0,-4.0609137055837605,3.94
HK.00486,俄铝,2022-11-24 00:00:00,3.59,3.72,3.88,3.59,2.247,1e-05,160000.0,595530.0,-1.5873015873015772,3.78
HK.00486,俄铝,2022-11-25 00:00:00,3.65,3.7,3.79,3.65,2.235,1e-05,207000.0,763760.0,-0.5376344086021511,3.72
HK.00486,俄铝,2022-11-28 00:00:00,3.6,3.62,3.68,3.6,2.187,1e-05,208000.0,754250.0,-2.162162162162164,3.7
HK.00486,俄铝,2022-11-29 00:00:00,3.66,3.72,3.8,3.66,2.247,1e-05,130000.0,483180.0,2.7624309392265216,3.62
HK.00486,俄铝,2022-11-30 00:00:00,3.7,3.74,3.74,3.67,2.259,2e-05,291000.0,1079330.0,0.5376344086021511,3.72
HK.00486,俄铝,2022-12-01 00:00:00,3.79,3.8,3.89,3.79,2.296,3e-05,401000.0,1540460.0,1.6042780748662995,3.74
HK.00486,俄铝,2022-12-02 00:00:00,3.8,3.8,3.8,3.7,2.296,2e-05,244000.0,915470.0,0.0,3.8
HK.00486,俄铝,2022-12-05 00:00:00,3.8,3.98,4.01,3.8,2.404,0.00011,1602000.0,6373540.0,4.736842105263162,3.8
HK.00486,俄铝,2022-12-06 00:00:00,3.98,4.07,4.12,3.88,2.459,0.00014,2151000.0,8666290.0,2.2613065326633244,3.98
HK.00486,俄铝,2022-12-07 00:00:00,4.14,4.1,4.14,4.02,2.477,0.00012,1791243.0,7286539.0,0.7371007371007213,4.07
HK.00486,俄铝,2022-12-08 00:00:00,4.05,4.18,4.18,4.04,2.525,7e-05,1137000.0,4686240.0,1.9512195121951237,4.1
HK.00486,俄铝,2022-12-09 00:00:00,4.1,3.95,4.15,3.9,2.386,4e-05,598000.0,2382470.0,-5.502392344497597,4.18
HK.00486,俄铝,2022-12-12 00:00:00,3.93,3.89,3.95,3.8,2.35,3e-05,471000.0,1841370.0,-1.5189873417721533,3.95
HK.00486,俄铝,2022-12-13 00:00:00,3.89,4.06,4.08,3.89,2.453,2e-05,365000.0,1471650.0,4.370179948586104,3.89
HK.00486,俄铝,2022-12-14 00:00:00,4.06,4.0,4.06,3.91,2.416,0.0,48000.0,190950.0,-1.4778325123152616,4.06
HK.00486,俄铝,2022-12-15 00:00:00,3.91,4.0,4.0,3.9,2.416,2e-05,254000.0,1010630.0,0.0,4.0
HK.00486,俄铝,2022-12-16 00:00:00,3.9,4.0,4.0,3.9,2.416,3e-05,390000.0,1553570.0,0.0,4.0
HK.00486,俄铝,2022-12-19 00:00:00,3.93,4.0,4.0,3.93,2.416,4e-05,655000.0,2600420.0,0.0,4.0
HK.00486,俄铝,2022-12-20 00:00:00,4.0,4.02,4.02,3.98,2.429,2e-05,348000.0,1392960.0,0.49999999999998934,4.0
HK.00486,俄铝,2022-12-21 00:00:00,4.0,4.03,4.04,3.95,2.435,1e-05,215742.0,865262.0,0.24875621890548946,4.02
HK.00486,俄铝,2022-12-22 00:00:00,4.05,4.0,4.08,3.97,2.416,2e-05,336000.0,1349380.0,-0.7444168734491377,4.03
HK.00486,俄铝,2022-12-23 00:00:00,4.0,3.96,4.0,3.95,2.392,0.0,72000.0,286220.0,-1.0000000000000009,4.0
HK.00486,俄铝,2022-12-28 00:00:00,3.9,4.0,4.0,3.9,2.416,2e-05,295000.0,1165380.0,1.010101010101011,3.96
HK.00486,俄铝,2022-12-29 00:00:00,3.93,3.92,4.0,3.92,2.368,8e-05,1185000.0,4718780.0,-2.0000000000000018,4.0
HK.00486,俄铝,2022-12-30 00:00:00,3.91,3.97,4.0,3.91,2.398,6e-05,847000.0,3360380.0,1.2755102040816395,3.92
HK.00486,俄铝,2023-01-03 00:00:00,3.97,3.94,4.0,3.94,2.38,4e-05,635000.0,2525780.0,-0.7556675062972354,3.97
HK.00486,俄铝,2023-01-04 00:00:00,3.95,4.05,4.05,3.95,2.447,7e-05,1117000.0,4472990.0,2.7918781725888295,3.94
HK.00486,俄铝,2023-01-05 00:00:00,4.03,3.88,4.03,3.84,2.344,5e-05,825000.0,3255710.0,-4.19753086419753,4.05
HK.00486,俄铝,2023-01-06 00:00:00,3.99,3.88,3.99,3.84,2.344,1e-05,221000.0,859830.0,0.0,3.88
HK.00486,俄铝,2023-01-09 00:00:00,3.94,4.0,4.0,3.85,2.416,4e-05,667562.0,2646768.0,3.092783505154642,3.88
HK.00486,俄铝,2023-01-10 00:00:00,4.0,3.99,4.05,3.98,2.41,2e-05,353000.0,1419970.0,-0.24999999999999467,4.0
HK.00486,俄铝,2023-01-11 00:00:00,3.96,3.91,4.0,3.91,2.362,1e-05,218000.0,864350.0,-2.0050125313283225,3.99
HK.00486,俄铝,2023-01-12 00:00:00,3.91,3.94,3.96,3.91,2.38,1e-05,178000.0,697930.0,0.7672634271099694,3.91
HK.00486,俄铝,2023-01-13 00:00:00,3.94,3.94,3.94,3.9,2.38,1e-05,115476.0,450556.0,0.0,3.94
HK.00486,俄铝,2023-01-16 00:00:00,3.94,3.93,3.98,3.9,2.374,1e-05,175000.0,690250.0,-0.25380710659897937,3.94
HK.00486,俄铝,2023-01-17 00:00:00,3.93,3.81,3.93,3.75,2.302,3e-05,475000.0,1831370.0,-3.0534351145038197,3.93
HK.00486,俄铝,2023-01-18 00:00:00,3.82,4.02,4.04,3.82,2.429,6e-05,968000.0,3808880.0,5.511811023622035,3.81
HK.00486,俄铝,2023-01-19 00:00:00,3.99,4.03,4.08,3.95,2.435,3e-05,434000.0,1744230.0,0.24875621890548946,4.02
HK.00486,俄铝,2023-01-20 00:00:00,4.01,4.1,4.1,3.98,2.477,4e-05,659000.0,2677700.0,1.736972704714625,4.03
HK.00486,俄铝,2023-01-26 00:00:00,4.1,4.1,4.25,4.07,2.477,9e-05,1386432.0,5731638.0,0.0,4.1
HK.00486,俄铝,2023-01-27 00:00:00,4.1,4.1,4.1,4.07,2.477,2e-05,339000.0,1388720.0,0.0,4.1
HK.00486,俄铝,2023-01-30 00:00:00,4.0,4.06,4.06,4.0,2.453,3e-05,470000.0,1901770.0,-0.9756097560975618,4.1
HK.00486,俄铝,2023-01-31 00:00:00,4.05,4.02,4.1,4.02,2.429,4e-05,665000.0,2698040.0,-0.9852216748768483,4.06
HK.00486,俄铝,2023-02-01 00:00:00,4.03,4.09,4.16,4.03,2.471,2e-05,374000.0,1525430.0,1.7412935323383159,4.02
HK.00486,俄铝,2023-02-02 00:00:00,4.1,4.04,4.12,4.02,2.441,4e-05,650000.0,2646190.0,-1.222493887530558,4.09
HK.00486,俄铝,2023-02-03 00:00:00,4.03,4.06,4.09,4.02,2.453,3e-05,472000.0,1904090.0,0.4950495049504845,4.04
HK.00486,俄铝,2023-02-06 00:00:00,4.06,4.06,4.08,3.95,2.453,3e-05,399000.0,1601830.0,0.0,4.06
HK.00486,俄铝,2023-02-07 00:00:00,4.01,4.0,4.1,3.98,2.416,7e-05,1069026.0,4287936.0,-1.4778325123152616,4.06
HK.00486,俄铝,2023-02-08 00:00:00,4.0,3.99,4.0,3.97,2.41,1e-05,103000.0,411380.0,-0.24999999999999467,4.0
HK.00486,俄铝,2023-02-09 00:00:00,3.99,3.95,3.99,3.9,2.386,5e-05,740000.0,2920830.0,-1.0025062656641612,3.99
HK.00486,俄铝,2023-02-10 00:00:00,3.94,3.91,4.0,3.88,2.362,4e-05,665000.0,2619410.0,-1.0126582278481022,3.95
HK.00486,俄铝,2023-02-13 00:00:00,3.9,3.92,3.92,3.85,2.368,2e-05,246000.0,958590.0,0.2557544757033194,3.91
HK.00486,俄铝,2023-02-14 00:00:00,3.89,4.0,4.0,3.88,2.416,1e-05,131000.0,516850.0,2.040816326530614,3.92
HK.00486,俄铝,2023-02-15 00:00:00,3.95,3.95,3.95,3.95,2.386,0.0,52000.0,205400.0,-1.2499999999999956,4.0
HK.00486,俄铝,2023-02-16 00:00:00,3.91,3.95,3.99,3.91,2.386,2e-05,290000.0,1145160.0,0.0,3.95
HK.00486,俄铝,2023-02-17 00:00:00,3.92,3.9,3.92,3.9,2.356,2e-05,326000.0,1273870.0,-1.2658227848101333,3.95
HK.00486,俄铝,2023-02-20 00:00:00,3.9,3.95,4.0,3.89,2.386,5e-05,700002.0,2751977.0,1.282051282051289,3.9
HK.00486,俄铝,2023-02-21 00:00:00,3.95,4.0,4.02,3.95,2.416,3e-05,399895.0,1597748.0,1.265822784810122,3.95
HK.00486,俄铝,2023-02-22 00:00:00,4.0,3.98,4.0,3.96,2.404,2e-05,277000.0,1105020.0,-0.5000000000000004,4.0
HK.00486,俄铝,2023-02-23 00:00:00,3.98,3.98,4.0,3.95,2.404,1e-05,143000.0,568460.0,0.0,3.98
HK.00486,俄铝,2023-02-24 00:00:00,3.96,4.05,4.05,3.95,2.447,1e-05,205000.0,819980.0,1.758793969849242,3.98
HK.00486,俄铝,2023-02-27 00:00:00,3.99,3.96,4.0,3.96,2.392,2e-05,301000.0,1202020.0,-2.2222222222222188,4.05
HK.00486,俄铝,2023-02-28 00:00:00,4.0,4.0,4.0,3.96,2.416,1e-05,151498.0,603497.0,1.010101010101011,3.96
HK.00486,俄铝,2023-03-01 00:00:00,4.0,4.0,4.0,3.96,2.416,1e-05,179000.0,712820.0,0.0,4.0
HK.00486,俄铝,2023-03-02 00:00:00,3.99,4.0,4.0,3.98,2.416,1e-05,189000.0,755730.0,0.0,4.0
HK.00486,俄铝,2023-03-03 00:00:00,4.0,4.0,4.01,3.98,2.416,2e-05,269000.0,1075510.0,0.0,4.0
HK.00486,俄铝,2023-03-06 00:00:00,4.0,3.98,4.0,3.91,2.404,2e-05,286000.0,1132160.0,-0.5000000000000004,4.0
HK.00486,俄铝,2023-03-07 00:00:00,3.94,3.98,3.98,3.93,2.404,4e-05,677000.0,2688450.0,0.0,3.98
HK.00486,俄铝,2023-03-08 00:00:00,3.91,3.95,3.96,3.89,2.386,2e-05,269000.0,1056520.0,-0.7537688442211007,3.98
HK.00486,俄铝,2023-03-09 00:00:00,3.95,4.0,4.0,3.95,2.416,2e-05,300000.0,1194780.0,1.265822784810122,3.95
HK.00486,俄铝,2023-03-10 00:00:00,3.96,4.0,4.01,3.96,2.416,5e-05,818000.0,3270510.0,0.0,4.0
HK.00486,俄铝,2023-03-13 00:00:00,4.01,3.92,4.02,3.9,2.368,3e-05,528000.0,2107310.0,-2.0000000000000018,4.0
HK.00486,俄铝,2023-03-14 00:00:00,3.92,3.9,4.0,3.8,2.356,3e-05,417000.0,1625710.0,-0.5102040816326535,3.92
HK.00486,俄铝,2023-03-15 00:00:00,3.9,3.86,3.9,3.85,2.332,1e-05,83000.0,322240.0,-1.0256410256410264,3.9
HK.00486,俄铝,2023-03-16 00:00:00,3.95,3.86,3.96,3.86,2.332,2e-05,335000.0,1303290.0,0.0,3.86
HK.00486,俄铝,2023-03-17 00:00:00,3.86,4.09,4.1,3.86,4.445,3e-05,449000.0,1794440.0,5.958549222797927,3.86
HK.00486,俄铝,2023-03-20 00:00:00,4.0,3.98,4.1,3.9,4.326,3e-05,439000.0,1737960.0,-2.6894865525672342,4.09
HK.00486,俄铝,2023-03-21 00:00:00,4.0,4.0,4.04,3.92,4.347,1e-05,190000.0,757680.0,0.5025125628140708,3.98
HK.00486,俄铝,2023-03-22 00:00:00,4.0,3.96,4.0,3.96,4.304,0.0,19000.0,75560.0,-1.0000000000000009,4.0
HK.00486,俄铝,2023-03-23 00:00:00,3.96,3.97,3.97,3.95,4.315,0.0,30000.0,118680.0,0.25252525252525837,3.96
HK.00486,俄铝,2023-03-24 00:00:00,3.95,3.94,4.0,3.93,4.282,1e-05,103000.0,407150.0,-0.7556675062972354,3.97
HK.00486,俄铝,2023-03-27 00:00:00,3.91,3.91,3.99,3.9,4.25,1e-05,162000.0,641490.0,-0.7614213197969494,3.94
HK.00486,俄铝,2023-03-28 00:00:00,3.93,3.88,3.93,3.84,4.217,2e-05,321000.0,1244240.0,-0.7672634271099807,3.91
HK.00486,俄铝,2023-03-29 00:00:00,3.83,3.83,3.86,3.7,4.163,3e-05,427000.0,1618620.0,-1.2886597938144284,3.88
HK.00486,俄铝,2023-03-30 00:00:00,3.83,3.8,3.83,3.73,4.13,1e-05,118000.0,444630.0,-0.7832898172323824,3.83
HK.00486,俄铝,2023-03-31 00:00:00,3.8,3.86,3.88,3.77,4.195,1e-05,150000.0,575920.0,1.578947368421054,3.8
HK.00486,俄铝,2023-04-03 00:00:00,3.77,3.77,3.86,3.77,4.097,2e-05,305000.0,1154910.0,-2.3316062176165766,3.86
HK.00486,俄铝,2023-04-04 00:00:00,3.77,3.75,3.86,3.74,4.076,1e-05,117000.0,441750.0,-0.5305039787798413,3.77
HK.00486,俄铝,2023-04-06 00:00:00,3.77,3.63,3.85,3.62,3.945,7e-05,1073000.0,4005480.0,-3.200000000000003,3.75
HK.00486,俄铝,2023-04-11 00:00:00,3.63,3.71,3.75,3.61,4.032,4e-05,557000.0,2057560.0,2.203856749311297,3.63
HK.00486,俄铝,2023-04-12 00:00:00,3.7,3.72,3.75,3.7,4.043,8e-05,1206000.0,4477200.0,0.26954177897574744,3.71
HK.00486,俄铝,2023-04-13 00:00:00,3.63,3.72,3.73,3.62,4.043,2e-05,250000.0,928490.0,0.0,3.72
HK.00486,俄铝,2023-04-14 00:00:00,3.76,3.82,3.83,3.73,4.152,4e-05,579000.0,2191660.0,2.688172043010743,3.72
HK.00486,俄铝,2023-04-17 00:00:00,3.85,3.74,3.85,3.71,4.065,2e-05,318000.0,1211510.0,-2.0942408376963253,3.82
HK.00486,俄铝,2023-04-18 00:00:00,3.74,3.76,3.83,3.74,4.086,0.0,70000.0,263500.0,0.5347593582887586,3.74
HK.00486,俄铝,2023-04-19 00:00:00,3.73,3.78,3.82,3.73,4.108,1e-05,106000.0,401500.0,0.5319148936170218,3.76
HK.00486,俄铝,2023-04-20 00:00:00,3.78,3.73,3.78,3.72,4.054,0.0,62000.0,231460.0,-1.3227513227513181,3.78
HK.00486,俄铝,2023-04-21 00:00:00,3.73,3.67,3.73,3.67,3.989,1e-05,157000.0,578300.0,-1.6085790884718514,3.73
HK.00486,俄铝,2023-04-24 00:00:00,3.67,3.63,3.75,3.63,3.945,2e-05,301000.0,1111910.0,-1.0899182561307912,3.67
HK.00486,俄铝,2023-04-25 00:00:00,3.66,3.66,3.67,3.6,3.978,1e-05,194000.0,705170.0,0.8264462809917426,3.63
HK.00486,俄铝,2023-04-26 00:00:00,3.66,3.65,3.66,3.65,3.967,1e-05,128000.0,468390.0,-0.2732240437158533,3.66
HK.00486,俄铝,2023-04-27 00:00:00,3.63,3.6,3.63,3.56,3.913,4e-05,538000.0,1941310.0,-1.3698630136986254,3.65
HK.00486,俄铝,2023-04-28 00:00:00,3.6,3.57,3.61,3.56,3.88,1e-05,110000.0,394390.0,-0.8333333333333403,3.6
HK.00486,俄铝,2023-05-02 00:00:00,3.57,3.47,3.57,3.47,3.771,2e-05,355000.0,1249070.0,-2.8011204481792618,3.57
HK.00486,俄铝,2023-05-03 00:00:00,3.48,3.36,3.48,3.3,3.652,3e-05,510000.0,1713780.0,-3.170028818443813,3.47
HK.00486,俄铝,2023-05-04 00:00:00,3.36,3.4,3.45,3.3,3.695,1e-05,99000.0,334830.0,1.1904761904761916,3.36
HK.00486,俄铝,2023-05-05 00:00:00,3.48,3.41,3.49,3.4,3.706,1e-05,92000.0,314910.0,0.2941176470588303,3.4
HK.00486,俄铝,2023-05-08 00:00:00,3.37,3.41,3.41,3.3,3.706,3e-05,399000.0,1333810.0,0.0,3.41
HK.00486,俄铝,2023-05-09 00:00:00,3.41,3.46,3.56,3.4,3.76,2e-05,370000.0,1299430.0,1.4662756598240416,3.41
HK.00486,俄铝,2023-05-10 00:00:00,3.46,3.4,3.5,3.4,3.695,1e-05,207000.0,709930.0,-1.7341040462427761,3.46
HK.00486,俄铝,2023-05-11 00:00:00,3.4,3.4,3.4,3.3,3.695,4e-05,558000.0,1863240.0,0.0,3.4
HK.00486,俄铝,2023-05-12 00:00:00,3.45,3.34,3.45,3.33,3.63,2e-05,229000.0,773720.0,-1.764705882352943,3.4
HK.00486,俄铝,2023-05-15 00:00:00,3.34,3.33,3.36,3.31,3.619,2e-05,279000.0,926290.0,-0.29940119760478406,3.34
HK.00486,俄铝,2023-05-16 00:00:00,3.33,3.34,3.42,3.33,3.63,1e-05,122000.0,412330.0,0.30030030030029387,3.33
HK.00486,俄铝,2023-05-17 00:00:00,3.34,3.34,3.34,3.34,3.63,0.0,0.0,0.0,0.0,3.34
HK.00486,俄铝,2023-05-18 00:00:00,3.35,3.33,3.35,3.3,3.619,0.0,63000.0,209040.0,-0.29940119760478406,3.34
HK.00486,俄铝,2023-05-19 00:00:00,3.33,3.32,3.33,3.32,3.608,0.0,7000.0,23290.0,-0.30030030030030724,3.33
HK.00486,俄铝,2023-05-22 00:00:00,3.32,3.32,3.32,3.3,3.608,1e-05,82000.0,271520.0,0.0,3.32
HK.00486,俄铝,2023-05-23 00:00:00,3.32,3.34,3.4,3.32,3.63,1e-05,84000.0,281220.0,0.6024096385542175,3.32
HK.00486,俄铝,2023-05-24 00:00:00,3.34,3.34,3.35,3.34,3.63,0.0,33000.0,110260.0,0.0,3.34
HK.00486,俄铝,2023-05-25 00:00:00,3.34,3.26,3.35,3.25,3.543,1e-05,217000.0,717540.0,-2.3952095808383254,3.34
HK.00486,俄铝,2023-05-29 00:00:00,3.26,3.26,3.27,3.26,3.543,1e-05,151000.0,493460.0,0.0,3.26
HK.00486,俄铝,2023-05-30 00:00:00,3.26,3.26,3.27,3.26,3.543,1e-05,171000.0,557730.0,0.0,3.26
HK.00486,俄铝,2023-05-31 00:00:00,3.27,3.14,3.27,3.14,3.413,0.0,47000.0,149010.0,-3.6809815950920144,3.26
HK.00486,俄铝,2023-06-01 00:00:00,3.15,3.17,3.17,3.15,3.445,1e-05,79000.0,249710.0,0.9554140127388472,3.14
HK.00486,俄铝,2023-06-02 00:00:00,3.18,3.25,3.25,3.15,3.532,0.0,5000.0,15870.0,2.5236593059936934,3.17
HK.00486,俄铝,2023-06-05 00:00:00,3.2,3.21,3.23,3.2,3.489,0.0,33000.0,105790.0,-1.2307692307692317,3.25
HK.00486,俄铝,2023-06-06 00:00:00,3.18,3.21,3.21,3.16,3.489,0.0,33000.0,104790.0,0.0,3.21
HK.00486,俄铝,2023-06-07 00:00:00,3.16,3.18,3.18,3.16,3.456,0.0,44000.0,139040.0,-0.9345794392523303,3.21
HK.00486,俄铝,2023-06-08 00:00:00,3.18,3.22,3.22,3.18,3.5,0.0,62000.0,199000.0,1.2578616352201268,3.18
HK.00486,俄铝,2023-06-09 00:00:00,3.2,3.21,3.25,3.2,3.489,0.0,46000.0,147570.0,-0.31055900621118726,3.22
HK.00486,俄铝,2023-06-12 00:00:00,3.21,3.23,3.23,3.21,3.51,0.0,28000.0,89880.0,0.6230529595015583,3.21
HK.00486,俄铝,2023-06-13 00:00:00,3.25,3.36,3.36,3.25,3.652,0.0,75000.0,250980.0,4.024767801857582,3.23
HK.00486,俄铝,2023-06-14 00:00:00,3.35,3.27,3.35,3.27,3.554,0.0,34000.0,113820.0,-2.6785714285714244,3.36
HK.00486,俄铝,2023-06-15 00:00:00,3.3,3.34,3.34,3.3,3.63,0.0,42000.0,138440.0,2.1406727828746126,3.27
HK.00486,俄铝,2023-06-16 00:00:00,3.34,3.4,3.42,3.34,3.695,1e-05,93000.0,314160.0,1.7964071856287442,3.34
HK.00486,俄铝,2023-06-19 00:00:00,3.4,3.4,3.4,3.4,3.695,0.0,25000.0,85000.0,0.0,3.4
HK.00486,俄铝,2023-06-20 00:00:00,3.4,3.45,3.45,3.33,3.75,2e-05,236000.0,811930.0,1.4705882352941255,3.4
HK.00486,俄铝,2023-06-21 00:00:00,3.45,3.44,3.5,3.38,3.739,1e-05,160000.0,555220.0,-0.2898550724637748,3.45
HK.00486,俄铝,2023-06-23 00:00:00,3.38,3.4,3.45,3.37,3.695,1e-05,216000.0,735460.0,-1.1627906976744196,3.44
HK.00486,俄铝,2023-06-26 00:00:00,3.3,3.1,3.39,3.1,3.369,4e-05,643000.0,2065640.0,-8.823529411764701,3.4
HK.00486,俄铝,2023-06-27 00:00:00,3.03,3.09,3.35,3.01,3.358,0.00018,2728000.0,8498280.0,-0.3225806451612978,3.1
HK.00486,俄铝,2023-06-28 00:00:00,3.09,3.19,3.25,3.08,3.467,3e-05,476000.0,1495580.0,3.23624595469256,3.09
HK.00486,俄铝,2023-06-29 00:00:00,3.1,3.12,3.2,3.07,3.391,0.00011,1691151.0,5265678.0,-2.194357366771155,3.19
HK.00486,俄铝,2023-06-30 00:00:00,3.15,3.25,3.3,3.15,3.532,2e-05,287000.0,929440.0,4.1666666666666625,3.12
HK.00486,俄铝,2023-07-03 00:00:00,3.25,3.26,3.4,3.25,3.543,1e-05,141000.0,468700.0,0.30769230769230116,3.25
HK.00486,俄铝,2023-07-04 00:00:00,3.32,3.36,3.38,3.27,3.652,2e-05,278000.0,929430.0,3.06748466257669,3.26
HK.00486,俄铝,2023-07-05 00:00:00,3.3,3.3,3.32,3.28,3.586,0.0,27000.0,89000.0,-1.7857142857142874,3.36
HK.00486,俄铝,2023-07-06 00:00:00,3.25,3.23,3.25,3.22,3.51,0.0,12000.0,38810.0,-2.1212121212121167,3.3
HK.00486,俄铝,2023-07-07 00:00:00,3.21,3.26,3.34,3.2,3.543,0.0,43000.0,140060.0,0.9287925696594366,3.23
HK.00486,俄铝,2023-07-10 00:00:00,3.3,3.32,3.32,3.3,3.608,0.0,29000.0,96040.0,1.840490797546014,3.26
HK.00486,俄铝,2023-07-11 00:00:00,3.32,3.31,3.32,3.31,3.597,0.0,38000.0,126090.0,-0.301204819277102,3.32
HK.00486,俄铝,2023-07-12 00:00:00,3.31,3.32,3.35,3.31,3.608,0.0,55000.0,183000.0,0.3021148036253712,3.31
HK.00486,俄铝,2023-07-13 00:00:00,3.32,3.34,3.34,3.3,3.63,0.0,60000.0,198590.0,0.6024096385542175,3.32
HK.00486,俄铝,2023-07-14 00:00:00,3.36,3.34,3.44,3.33,3.63,1e-05,115000.0,387030.0,0.0,3.34
HK.00486,俄铝,2023-07-18 00:00:00,3.21,3.19,3.21,3.0,3.467,1e-05,113000.0,358760.0,-4.491017964071854,3.34
HK.00486,俄铝,2023-07-19 00:00:00,3.16,3.21,3.21,3.16,3.489,0.0,26000.0,82510.0,0.6269592476489034,3.19
HK.00486,俄铝,2023-07-20 00:00:00,3.21,3.22,3.22,3.21,3.5,0.0,26000.0,83630.0,0.311526479750786,3.21
HK.00486,俄铝,2023-07-21 00:00:00,3.26,3.23,3.26,3.23,3.51,0.0,10000.0,32390.0,0.3105590062111735,3.22
HK.00486,俄铝,2023-07-24 00:00:00,3.15,3.11,3.17,3.1,3.38,3e-05,386000.0,1208830.0,-3.7151702786377743,3.23
HK.00486,俄铝,2023-07-25 00:00:00,3.16,3.17,3.17,3.16,3.445,0.0,50000.0,158340.0,1.9292604501607735,3.11
HK.00486,俄铝,2023-07-26 00:00:00,3.12,3.15,3.15,3.12,3.423,0.0,50000.0,156860.0,-0.6309148264984233,3.17
HK.00486,俄铝,2023-07-27 00:00:00,3.15,3.16,3.18,3.15,3.434,1e-05,136000.0,430050.0,0.31746031746032477,3.15
HK.00486,俄铝,2023-07-28 00:00:00,3.16,3.24,3.24,3.16,3.521,1e-05,215000.0,687340.0,2.531645569620255,3.16
HK.00486,俄铝,2023-07-31 00:00:00,3.25,3.28,3.29,3.2,3.565,3e-05,527000.0,1703130.0,1.2345679012345552,3.24
HK.00486,俄铝,2023-08-01 00:00:00,3.28,3.12,3.28,3.12,3.391,3e-05,505000.0,1596930.0,-4.878048780487796,3.28
HK.00486,俄铝,2023-08-02 00:00:00,3.12,3.13,3.16,3.1,3.402,1e-05,112000.0,348870.0,0.32051282051281366,3.12
HK.00486,俄铝,2023-08-03 00:00:00,3.14,3.16,3.17,3.14,3.434,0.0,48000.0,151730.0,0.9584664536741293,3.13
HK.00486,俄铝,2023-08-04 00:00:00,3.14,3.17,3.2,3.14,3.445,1e-05,116000.0,367090.0,0.3164556962025249,3.16
HK.00486,俄铝,2023-08-07 00:00:00,3.23,3.18,3.23,3.1,3.456,2e-05,237000.0,752280.0,0.3154574132492186,3.17
HK.00486,俄铝,2023-08-08 00:00:00,3.1,3.0,3.13,2.99,3.26,6e-05,904000.0,2745990.0,-5.660377358490571,3.18
HK.00486,俄铝,2023-08-09 00:00:00,2.98,2.9,2.99,2.87,3.152,0.00012,1783000.0,5201310.0,-3.333333333333336,3.0
HK.00486,俄铝,2023-08-10 00:00:00,3.03,2.99,3.03,2.9,3.25,1e-05,120000.0,349620.0,3.103448275862079,2.9
HK.00486,俄铝,2023-08-11 00:00:00,2.99,2.92,2.99,2.9,3.173,1e-05,129000.0,378120.0,-2.3411371237458285,2.99
HK.00486,俄铝,2023-08-14 00:00:00,2.9,2.82,2.9,2.8,3.065,1e-05,196000.0,552410.0,-3.424657534246579,2.92
HK.00486,俄铝,2023-08-15 00:00:00,2.89,2.9,2.9,2.85,3.152,0.0,69000.0,199210.0,2.8368794326241162,2.82
HK.00486,俄铝,2023-08-16 00:00:00,2.9,2.65,2.9,2.65,2.88,6e-05,960000.0,2636910.0,-8.620689655172415,2.9
HK.00486,俄铝,2023-08-17 00:00:00,2.61,2.56,2.7,2.5,2.782,6e-05,878000.0,2255520.0,-3.396226415094335,2.65
HK.00486,俄铝,2023-08-18 00:00:00,2.56,2.72,2.73,2.44,2.956,4e-05,621000.0,1549400.0,6.250000000000005,2.56
HK.00486,俄铝,2023-08-21 00:00:00,2.71,2.55,2.71,2.54,2.771,1e-05,173000.0,445600.0,-6.250000000000014,2.72
HK.00486,俄铝,2023-08-22 00:00:00,2.55,2.46,2.55,2.46,2.673,1e-05,183000.0,454530.0,-3.529411764705877,2.55
HK.00486,俄铝,2023-08-23 00:00:00,2.46,2.49,2.58,2.46,2.706,2e-05,333000.0,833690.0,1.2195121951219614,2.46
HK.00486,俄铝,2023-08-24 00:00:00,2.48,2.58,2.6,2.48,2.804,1e-05,83000.0,214480.0,3.6144578313252955,2.49
HK.00486,俄铝,2023-08-25 00:00:00,2.52,2.53,2.57,2.52,2.75,0.0,47000.0,119790.0,-1.9379844961240413,2.58
HK.00486,俄铝,2023-08-28 00:00:00,2.58,2.49,2.58,2.45,2.706,2e-05,235000.0,586990.0,-1.5810276679841737,2.53
HK.00486,俄铝,2023-08-29 00:00:00,2.52,2.55,2.61,2.5,2.771,3e-05,530000.0,1370780.0,2.4096385542168517,2.49
HK.00486,俄铝,2023-08-30 00:00:00,2.55,2.58,2.65,2.55,2.804,1e-05,161000.0,423750.0,1.176470588235304,2.55
HK.00486,俄铝,2023-08-31 00:00:00,2.58,2.56,2.58,2.56,2.782,1e-05,83000.0,213560.0,-0.7751937984496131,2.58
HK.00486,俄铝,2023-09-04 00:00:00,2.5,2.64,2.67,2.49,2.869,2e-05,230000.0,589940.0,3.1250000000000027,2.56
HK.00486,俄铝,2023-09-05 00:00:00,2.64,2.67,2.7,2.64,2.902,3e-05,395000.0,1055400.0,1.136363636363629,2.64
HK.00486,俄铝,2023-09-06 00:00:00,2.67,2.62,2.74,2.62,2.847,1e-05,120000.0,322170.0,-1.872659176029956,2.67
HK.00486,俄铝,2023-09-07 00:00:00,2.62,2.65,2.7,2.62,2.88,1e-05,146000.0,385790.0,1.1450381679389239,2.62
HK.00486,俄铝,2023-09-11 00:00:00,2.67,2.69,2.7,2.67,2.923,2e-05,301000.0,809770.0,1.5094339622641524,2.65
HK.00486,俄铝,2023-09-12 00:00:00,2.69,2.66,2.69,2.6,2.891,3e-05,421000.0,1114440.0,-1.1152416356877253,2.69
HK.00486,俄铝,2023-09-13 00:00:00,2.67,2.62,2.67,2.61,2.847,1e-05,105000.0,278350.0,-1.5037593984962419,2.66
HK.00486,俄铝,2023-09-14 00:00:00,2.62,2.63,2.63,2.62,2.858,0.0,22000.0,57640.0,0.3816793893129689,2.62
HK.00486,俄铝,2023-09-15 00:00:00,2.63,2.68,2.7,2.63,2.913,0.0,56000.0,149860.0,1.9011406844106566,2.63
HK.00486,俄铝,2023-09-18 00:00:00,2.63,2.67,2.67,2.63,2.902,0.0,64000.0,170830.0,-0.3731343283582175,2.68
HK.00486,俄铝,2023-09-19 00:00:00,2.72,2.67,2.73,2.67,2.902,1e-05,111000.0,300710.0,0.0,2.67
HK.00486,俄铝,2023-09-20 00:00:00,2.67,2.7,2.7,2.67,2.934,0.0,13000.0,34750.0,1.123595505617987,2.67
HK.00486,俄铝,2023-09-21 00:00:00,2.7,2.65,2.7,2.64,2.88,1e-05,82000.0,217580.0,-1.8518518518518614,2.7
HK.00486,俄铝,2023-09-22 00:00:00,2.63,2.69,2.69,2.63,2.923,0.0,16000.0,42840.0,1.5094339622641524,2.65
HK.00486,俄铝,2023-09-25 00:00:00,2.69,2.71,2.72,2.69,2.945,1e-05,88000.0,238610.0,0.7434944237918222,2.69
HK.00486,俄铝,2023-09-26 00:00:00,2.74,2.74,2.74,2.72,2.978,1e-05,147000.0,402180.0,1.1070110701107103,2.71
HK.00486,俄铝,2023-09-27 00:00:00,2.73,2.72,2.73,2.72,2.956,1e-05,121000.0,330220.0,-0.7299270072992706,2.74
HK.00486,俄铝,2023-09-28 00:00:00,2.72,2.62,2.72,2.6,2.847,1e-05,216000.0,576400.0,-3.676470588235297,2.72
HK.00486,俄铝,2023-09-29 00:00:00,2.62,2.67,2.73,2.62,2.902,0.0,50000.0,134060.0,1.9083969465648787,2.62
HK.00486,俄铝,2023-10-03 00:00:00,2.7,2.61,2.7,2.61,2.836,1e-05,103000.0,276080.0,-2.247191011235957,2.67
HK.00486,俄铝,2023-10-04 00:00:00,2.62,2.61,2.62,2.61,2.836,0.0,68000.0,177670.0,0.0,2.61
HK.00486,俄铝,2023-10-05 00:00:00,2.63,2.6,2.63,2.6,2.826,0.0,72000.0,187900.0,-0.38314176245209913,2.61
HK.00486,俄铝,2023-10-06 00:00:00,2.61,2.67,2.67,2.61,2.902,1e-05,109000.0,286990.0,2.6923076923076863,2.6
HK.00486,俄铝,2023-10-09 00:00:00,2.63,2.7,2.7,2.63,2.934,0.0,75000.0,199990.0,1.123595505617987,2.67
HK.00486,俄铝,2023-10-10 00:00:00,2.7,2.7,2.75,2.7,2.934,1e-05,166000.0,452610.0,0.0,2.7
HK.00486,俄铝,2023-10-11 00:00:00,2.69,2.69,2.71,2.69,2.923,1e-05,82000.0,221240.0,-0.3703703703703789,2.7
HK.00486,俄铝,2023-10-12 00:00:00,2.7,2.72,2.72,2.7,2.956,1e-05,121000.0,328340.0,1.1152416356877417,2.69
HK.00486,俄铝,2023-10-13 00:00:00,2.7,2.72,2.72,2.7,2.956,0.0,23000.0,62540.0,0.0,2.72
HK.00486,俄铝,2023-10-16 00:00:00,2.75,2.75,2.77,2.75,2.989,1e-05,96000.0,264170.0,1.102941176470581,2.72
HK.00486,俄铝,2023-10-17 00:00:00,2.75,2.7,2.75,2.7,2.934,0.0,12000.0,32560.0,-1.818181818181812,2.75
HK.00486,俄铝,2023-10-18 00:00:00,2.71,2.7,2.71,2.7,2.934,0.0,22000.0,59500.0,0.0,2.7
HK.00486,俄铝,2023-10-19 00:00:00,2.79,2.7,2.79,2.7,2.934,0.0,47000.0,127930.0,0.0,2.7
HK.00486,俄铝,2023-10-20 00:00:00,2.74,2.75,2.75,2.71,2.989,1e-05,89000.0,244280.0,1.8518518518518452,2.7
HK.00486,俄铝,2023-10-24 00:00:00,2.75,2.77,2.77,2.74,3.01,1e-05,100000.0,275420.0,0.7272727272727278,2.75
HK.00486,俄铝,2023-10-25 00:00:00,2.77,2.85,2.89,2.77,3.097,2e-05,295000.0,840160.0,2.8880866425992804,2.77
HK.00486,俄铝,2023-10-26 00:00:00,2.85,2.9,2.9,2.85,3.152,1e-05,82000.0,233900.0,1.7543859649122744,2.85
HK.00486,俄铝,2023-10-27 00:00:00,2.85,2.92,3.03,2.85,3.173,2e-05,291000.0,859340.0,0.6896551724137937,2.9
HK.00486,俄铝,2023-10-30 00:00:00,2.9,2.92,2.92,2.9,3.173,0.0,18000.0,52500.0,0.0,2.92
HK.00486,俄铝,2023-10-31 00:00:00,2.85,2.9,2.9,2.84,3.152,1e-05,110000.0,315480.0,-0.6849315068493157,2.92
HK.00486,俄铝,2023-11-01 00:00:00,2.88,2.88,2.9,2.88,3.13,0.0,65000.0,187300.0,-0.6896551724137937,2.9
HK.00486,俄铝,2023-11-02 00:00:00,2.88,2.86,2.92,2.83,3.108,1e-05,88000.0,251730.0,-0.6944444444444451,2.88
HK.00486,俄铝,2023-11-03 00:00:00,2.85,2.9,2.9,2.7,3.152,2e-05,296000.0,826040.0,1.3986013986014,2.86
HK.00486,俄铝,2023-11-06 00:00:00,2.9,2.81,2.9,2.81,3.054,1e-05,210000.0,592160.0,-3.103448275862064,2.9
HK.00486,俄铝,2023-11-07 00:00:00,2.81,2.85,2.85,2.81,3.097,0.0,26000.0,72460.0,1.4234875444839872,2.81
HK.00486,俄铝,2023-11-08 00:00:00,2.8,2.81,2.81,2.8,3.054,0.0,27000.0,75670.0,-1.4035087719298258,2.85
HK.00486,俄铝,2023-11-09 00:00:00,2.81,2.8,2.81,2.8,3.043,0.0,8000.0,22420.0,-0.3558718861210047,2.81
HK.00486,俄铝,2023-11-10 00:00:00,2.8,2.72,2.8,2.72,2.956,2e-05,265000.0,727020.0,-2.857142857142844,2.8
HK.00486,俄铝,2023-11-13 00:00:00,2.66,2.68,2.69,2.66,2.913,0.0,54000.0,144720.0,-1.4705882352941189,2.72
HK.00486,俄铝,2023-11-14 00:00:00,2.68,2.68,2.68,2.67,2.913,0.0,57000.0,152460.0,0.0,2.68
HK.00486,俄铝,2023-11-15 00:00:00,2.7,2.72,2.72,2.7,2.956,1e-05,128000.0,348040.0,1.492537313432837,2.68
HK.00486,俄铝,2023-11-16 00:00:00,2.69,2.79,2.8,2.68,3.032,0.0,49000.0,133190.0,2.5735294117647,2.72
HK.00486,俄铝,2023-11-17 00:00:00,2.7,2.72,2.79,2.69,2.956,1e-05,135000.0,367730.0,-2.508960573476697,2.79
HK.00486,俄铝,2023-11-20 00:00:00,2.65,2.66,2.7,2.65,2.891,2e-05,259000.0,689730.0,-2.2058823529411784,2.72
HK.00486,俄铝,2023-11-21 00:00:00,2.68,2.72,2.72,2.68,2.956,0.0,24000.0,64590.0,2.2556390977443628,2.66
HK.00486,俄铝,2023-11-22 00:00:00,2.78,2.73,2.78,2.72,2.967,0.0,31000.0,85160.0,0.36764705882352156,2.72
HK.00486,俄铝,2023-11-23 00:00:00,2.66,2.75,2.78,2.66,2.989,0.0,75000.0,203780.0,0.7326007326007333,2.73
HK.00486,俄铝,2023-11-24 00:00:00,2.76,2.76,2.76,2.76,3.0,0.0,20000.0,55200.0,0.3636363636363559,2.75
HK.00486,俄铝,2023-11-27 00:00:00,2.72,2.72,2.72,2.72,2.956,0.0,50000.0,136000.0,-1.449275362318826,2.76
HK.00486,俄铝,2023-11-28 00:00:00,2.72,2.71,2.72,2.71,2.945,0.0,57000.0,154560.0,-0.3676470588235379,2.72
HK.00486,俄铝,2023-11-29 00:00:00,2.7,2.68,2.73,2.68,2.913,0.0,61000.0,164280.0,-1.1070110701106939,2.71
HK.00486,俄铝,2023-11-30 00:00:00,2.68,2.62,2.68,2.62,2.847,4e-05,635000.0,1692450.0,-2.2388059701492558,2.68
HK.00486,俄铝,2023-12-01 00:00:00,2.62,2.61,2.65,2.6,2.836,1e-05,91000.0,240340.0,-0.3816793893129859,2.62
HK.00486,俄铝,2023-12-04 00:00:00,2.61,2.65,2.65,2.6,2.88,0.0,18000.0,47010.0,1.5325670498084305,2.61
HK.00486,俄铝,2023-12-05 00:00:00,2.62,2.55,2.62,2.55,2.771,1e-05,150000.0,387900.0,-3.7735849056603805,2.65
HK.00486,俄铝,2023-12-06 00:00:00,2.58,2.5,2.58,2.49,2.717,1e-05,101000.0,252970.0,-1.9607843137254832,2.55
HK.00486,俄铝,2023-12-07 00:00:00,2.48,2.49,2.51,2.48,2.706,2e-05,344000.0,859090.0,-0.39999999999999153,2.5
HK.00486,俄铝,2023-12-08 00:00:00,2.5,2.6,2.62,2.5,2.826,1e-05,214000.0,537560.0,4.417670682730918,2.49
HK.00486,俄铝,2023-12-11 00:00:00,2.6,2.53,2.63,2.53,2.75,1e-05,126000.0,324640.0,-2.692307692307703,2.6
HK.00486,俄铝,2023-12-12 00:00:00,2.52,2.52,2.55,2.51,2.739,2e-05,347000.0,874140.0,-0.3952569169960391,2.53
HK.00486,俄铝,2023-12-13 00:00:00,2.52,2.59,2.6,2.51,2.815,0.0,23000.0,58310.0,2.7777777777777715,2.52
HK.00486,俄铝,2023-12-14 00:00:00,2.59,2.58,2.59,2.58,2.804,0.0,23000.0,59570.0,-0.3861003861003779,2.59
HK.00486,俄铝,2023-12-15 00:00:00,2.55,2.6,2.6,2.55,2.826,1e-05,85005.0,220592.0,0.7751937984496131,2.58
HK.00486,俄铝,2023-12-18 00:00:00,2.63,2.59,2.63,2.55,2.815,1e-05,161000.0,416010.0,-0.38461538461539346,2.6
HK.00486,俄铝,2023-12-19 00:00:00,2.6,2.54,2.6,2.5,2.76,1e-05,116500.0,302332.0,-1.930501930501924,2.59
HK.00486,俄铝,2023-12-20 00:00:00,2.55,2.55,2.55,2.55,2.771,0.0,16000.0,40800.0,0.3937007874015664,2.54
HK.00486,俄铝,2023-12-21 00:00:00,2.61,2.56,2.65,2.56,2.782,0.0,53000.0,138700.0,0.39215686274510714,2.55
HK.00486,俄铝,2023-12-22 00:00:00,2.56,2.72,2.72,2.56,2.956,2e-05,357000.0,964250.0,6.250000000000005,2.56
HK.00486,俄铝,2023-12-27 00:00:00,2.7,2.67,2.7,2.67,2.902,0.0,21000.0,56440.0,-1.8382352941176567,2.72
HK.00486,俄铝,2023-12-28 00:00:00,2.59,2.72,2.72,2.59,2.956,1e-05,80000.0,216440.0,1.8726591760299727,2.67
HK.00486,俄铝,2023-12-29 00:00:00,2.72,2.7,2.72,2.63,2.934,0.0,21000.0,56220.0,-0.7352941176470594,2.72
HK.00486,俄铝,2024-01-02 00:00:00,2.7,2.53,2.7,2.5,2.75,3e-05,474000.0,1207980.0,-6.296296296296309,2.7
HK.00486,俄铝,2024-01-03 00:00:00,2.55,2.55,2.55,2.55,2.771,1e-05,93000.0,237130.0,0.7905138339920956,2.53
HK.00486,俄铝,2024-01-04 00:00:00,2.64,2.62,2.64,2.62,2.847,0.0,40000.0,105120.0,2.745098039215698,2.55
HK.00486,俄铝,2024-01-05 00:00:00,2.57,2.55,2.57,2.53,2.771,1e-05,102000.0,260810.0,-2.6717557251908506,2.62
HK.00486,俄铝,2024-01-08 00:00:00,2.54,2.52,2.54,2.5,2.739,1e-05,127000.0,319550.0,-1.1764705882352864,2.55
HK.00486,俄铝,2024-01-09 00:00:00,2.51,2.52,2.53,2.51,2.739,1e-05,82000.0,206810.0,0.0,2.52
HK.00486,俄铝,2024-01-10 00:00:00,2.52,2.52,2.52,2.51,2.739,0.0,64000.0,161110.0,0.0,2.52
HK.00486,俄铝,2024-01-11 00:00:00,2.52,2.5,2.53,2.5,2.717,1e-05,83000.0,208150.0,-0.7936507936507943,2.52
HK.00486,俄铝,2024-01-12 00:00:00,2.55,2.51,2.57,2.51,2.728,0.0,65000.0,165430.0,0.39999999999999153,2.5
HK.00486,俄铝,2024-01-15 00:00:00,2.5,2.51,2.52,2.5,2.728,1e-05,117000.0,293690.0,0.0,2.51
HK.00486,俄铝,2024-01-16 00:00:00,2.51,2.51,2.51,2.51,2.728,1e-05,87000.0,218370.0,0.0,2.51
HK.00486,俄铝,2024-01-17 00:00:00,2.51,2.51,2.52,2.51,2.728,1e-05,218000.0,547380.0,0.0,2.51
HK.00486,俄铝,2024-01-18 00:00:00,2.51,2.51,2.51,2.46,2.728,0.0,15000.0,37170.0,0.0,2.51
HK.00486,俄铝,2024-01-19 00:00:00,2.5,2.52,2.56,2.5,2.739,0.0,40000.0,101500.0,0.3984063745020013,2.51
HK.00486,俄铝,2024-01-22 00:00:00,2.51,2.41,2.51,2.39,2.619,1e-05,144000.0,351550.0,-4.36507936507936,2.52
HK.00486,俄铝,2024-01-23 00:00:00,2.41,2.49,2.49,2.41,2.706,0.0,20000.0,49120.0,3.3195020746887995,2.41
HK.00486,俄铝,2024-01-24 00:00:00,2.41,2.43,2.43,2.41,2.641,0.0,27000.0,65440.0,-2.4096385542168695,2.49
HK.00486,俄铝,2024-01-25 00:00:00,2.45,2.52,2.53,2.41,2.739,1e-05,80000.0,195250.0,3.703703703703698,2.43
HK.00486,俄铝,2024-01-26 00:00:00,2.5,2.48,2.51,2.45,2.695,1e-05,78000.0,192980.0,-1.5873015873015885,2.52
HK.00486,俄铝,2024-01-29 00:00:00,2.49,2.49,2.49,2.49,2.706,0.0,0.0,0.0,0.40322580645162226,2.48
HK.00486,俄铝,2024-01-30 00:00:00,2.49,2.43,2.49,2.43,2.641,0.0,12000.0,29400.0,-2.4096385542168695,2.49
HK.00486,俄铝,2024-01-31 00:00:00,2.41,2.43,2.43,2.41,2.641,1e-05,89000.0,215590.0,0.0,2.43
HK.00486,俄铝,2024-02-01 00:00:00,2.42,2.43,2.5,2.42,2.641,0.0,22000.0,54130.0,0.0,2.43
HK.00486,俄铝,2024-02-02 00:00:00,2.45,2.45,2.45,2.45,2.663,0.0,2000.0,4900.0,0.8230452674897125,2.43
HK.00486,俄铝,2024-02-05 00:00:00,2.46,2.41,2.46,2.41,2.619,1e-05,104000.0,254260.0,-1.632653061224491,2.45
HK.00486,俄铝,2024-02-06 00:00:00,2.41,2.48,2.58,2.41,2.695,0.0,65000.0,160640.0,2.9045643153526903,2.41
HK.00486,俄铝,2024-02-07 00:00:00,2.45,2.45,2.46,2.44,2.663,0.0,67000.0,163730.0,-1.209677419354831,2.48
HK.00486,俄铝,2024-02-08 00:00:00,2.45,2.5,2.5,2.45,2.717,0.0,7000.0,17450.0,2.0408163265306047,2.45
HK.00486,俄铝,2024-02-09 00:00:00,2.44,2.44,2.44,2.44,2.652,0.0,50998.0,124405.0,-2.400000000000002,2.5
HK.00486,俄铝,2024-02-14 00:00:00,2.42,2.42,2.42,2.4,2.63,1e-05,81000.0,195240.0,-0.8196721311475417,2.44
HK.00486,俄铝,2024-02-15 00:00:00,2.42,2.43,2.44,2.42,2.641,0.0,21000.0,50840.0,0.41322314049587733,2.42
HK.00486,俄铝,2024-02-16 00:00:00,2.31,2.45,2.45,2.31,2.663,3e-05,389000.0,942930.0,0.8230452674897125,2.43
HK.00486,俄铝,2024-02-19 00:00:00,2.41,2.43,2.48,2.41,2.641,1e-05,131000.0,317760.0,-0.8163265306122455,2.45
HK.00486,俄铝,2024-02-20 00:00:00,2.45,2.43,2.45,2.4,2.641,2e-05,240000.0,582750.0,0.0,2.43
HK.00486,俄铝,2024-02-21 00:00:00,2.45,2.43,2.46,2.42,2.641,5e-05,710000.0,1727660.0,0.0,2.43
HK.00486,俄铝,2024-02-22 00:00:00,2.42,2.39,2.43,2.36,2.597,1e-05,183000.0,443140.0,-1.646090534979425,2.43
HK.00486,俄铝,2024-02-23 00:00:00,2.36,2.41,2.42,2.36,2.619,2e-05,232000.0,550620.0,0.836820083682009,2.39
HK.00486,俄铝,2024-02-26 00:00:00,2.37,2.39,2.48,2.37,2.597,1e-05,81000.0,197380.0,-0.8298755186721999,2.41
HK.00486,俄铝,2024-02-27 00:00:00,2.4,2.39,2.42,2.39,2.597,2e-05,265000.0,636870.0,0.0,2.39
HK.00486,俄铝,2024-02-28 00:00:00,2.39,2.38,2.39,2.36,2.586,1e-05,93000.0,221830.0,-0.4184100418410139,2.39
HK.00486,俄铝,2024-02-29 00:00:00,2.36,2.37,2.37,2.36,2.576,1e-05,131000.0,309520.0,-0.4201680672268818,2.38
HK.00486,俄铝,2024-03-01 00:00:00,2.36,2.37,2.37,2.35,2.576,1e-05,124000.0,292150.0,0.0,2.37
HK.00486,俄铝,2024-03-04 00:00:00,2.37,2.36,2.37,2.31,2.565,1e-05,83000.0,194880.0,-0.421940928270052,2.37
HK.00486,俄铝,2024-03-05 00:00:00,2.36,2.34,2.44,2.23,2.543,1e-05,211000.0,489750.0,-0.8474576271186449,2.36
HK.00486,俄铝,2024-03-06 00:00:00,2.34,2.33,2.36,2.3,2.532,0.0,64660.0,150131.0,-0.4273504273504183,2.34
HK.00486,俄铝,2024-03-07 00:00:00,2.42,2.35,2.44,2.32,2.554,2e-05,351000.0,832810.0,0.858369098712447,2.33
HK.00486,俄铝,2024-03-08 00:00:00,2.39,2.34,2.42,2.3,2.543,1e-05,180000.0,426340.0,-0.42553191489362685,2.35
HK.00486,俄铝,2024-03-11 00:00:00,2.42,2.4,2.43,2.4,2.608,0.0,48000.0,115850.0,2.5641025641025665,2.34
HK.00486,俄铝,2024-03-12 00:00:00,2.4,2.44,2.44,2.33,2.652,1e-05,76000.0,183400.0,1.6666666666666683,2.4
HK.00486,俄铝,2024-03-13 00:00:00,2.33,2.35,2.38,2.32,2.554,1e-05,82000.0,193790.0,-3.688524590163929,2.44
HK.00486,俄铝,2024-03-14 00:00:00,2.33,2.4,2.4,2.33,2.608,1e-05,187000.0,444220.0,2.1276595744680775,2.35
HK.00486,俄铝,2024-03-15 00:00:00,2.4,2.4,2.4,2.4,16.551,0.0,29000.0,69600.0,0.0,2.4
HK.00486,俄铝,2024-03-18 00:00:00,2.4,2.34,2.4,2.31,16.137,0.0,56000.0,131750.0,-2.500000000000002,2.4
HK.00486,俄铝,2024-03-19 00:00:00,2.34,2.4,2.41,2.34,16.551,0.0,28000.0,66610.0,2.5641025641025665,2.34
HK.00486,俄铝,2024-03-20 00:00:00,2.39,2.4,2.4,2.33,16.551,0.0,60000.0,142110.0,0.0,2.4
HK.00486,俄铝,2024-03-21 00:00:00,2.39,2.4,2.4,2.34,16.551,0.0,38000.0,90870.0,0.0,2.4
HK.00486,俄铝,2024-03-22 00:00:00,2.38,2.32,2.39,2.31,16.0,1e-05,206000.0,480700.0,-3.3333333333333366,2.4
HK.00486,俄铝,2024-03-25 00:00:00,2.33,2.3,2.33,2.3,15.862,1e-05,169000.0,390270.0,-0.8620689655172422,2.32
HK.00486,俄铝,2024-03-26 00:00:00,2.3,2.3,2.3,2.28,15.862,1e-05,115000.0,264210.0,0.0,2.3
HK.00486,俄铝,2024-03-27 00:00:00,2.31,2.3,2.35,2.28,15.862,1e-05,157000.0,362180.0,0.0,2.3
HK.00486,俄铝,2024-03-28 00:00:00,2.27,2.28,2.28,2.17,15.724,1e-05,142000.0,317530.0,-0.8695652173913052,2.3
HK.00486,俄铝,2024-04-02 00:00:00,2.28,2.3,2.3,2.22,15.862,1e-05,98000.0,222560.0,0.8771929824561412,2.28
HK.00486,俄铝,2024-04-03 00:00:00,2.29,2.39,2.4,2.29,16.482,1e-05,196000.0,461830.0,3.913043478260883,2.3
HK.00486,俄铝,2024-04-05 00:00:00,2.39,2.44,2.44,2.38,16.827,1e-05,157000.0,378730.0,2.0920502092050137,2.39
HK.00486,俄铝,2024-04-08 00:00:00,2.44,2.93,3.07,2.44,20.206,0.00019,2881000.0,8098230.0,20.081967213114762,2.44
HK.00486,俄铝,2024-04-09 00:00:00,2.93,2.73,2.99,2.63,18.827,8e-05,1269000.0,3551110.0,-6.825938566552907,2.93
HK.00486,俄铝,2024-04-10 00:00:00,2.71,2.8,2.86,2.7,19.31,4e-05,573000.0,1607340.0,2.564102564102558,2.73
HK.00486,俄铝,2024-04-11 00:00:00,2.76,2.74,2.76,2.71,18.896,1e-05,183000.0,501010.0,-2.142857142857129,2.8
HK.00486,俄铝,2024-04-12 00:00:00,2.74,2.72,2.78,2.63,18.758,2e-05,312000.0,851300.0,-0.7299270072992706,2.74
HK.00486,俄铝,2024-04-15 00:00:00,2.66,2.63,2.68,2.54,18.137,3e-05,493000.0,1294000.0,-3.308823529411776,2.72
HK.00486,俄铝,2024-04-16 00:00:00,2.63,2.53,2.63,2.51,17.448,2e-05,331000.0,852500.0,-3.802281368821296,2.63
HK.00486,俄铝,2024-04-17 00:00:00,2.61,2.55,2.61,2.53,17.586,1e-05,119000.0,305730.0,0.7905138339920956,2.53
HK.00486,俄铝,2024-04-18 00:00:00,2.6,2.63,2.65,2.5,18.137,0.0,63000.0,164980.0,3.137254901960787,2.55
HK.00486,俄铝,2024-04-19 00:00:00,2.63,2.55,2.63,2.52,17.586,1e-05,218000.0,556840.0,-3.041825095057037,2.63
HK.00486,俄铝,2024-04-22 00:00:00,2.59,2.56,2.59,2.56,17.655,1e-05,80000.0,206670.0,0.39215686274510714,2.55
HK.00486,俄铝,2024-04-23 00:00:00,2.56,2.57,2.66,2.51,17.724,2e-05,277000.0,719580.0,0.3906249999999917,2.56
HK.00486,俄铝,2024-04-24 00:00:00,2.54,2.55,2.55,2.48,17.586,2e-05,307000.0,770290.0,-0.7782101167315182,2.57
HK.00486,俄铝,2024-04-25 00:00:00,2.55,2.55,2.55,2.52,17.586,1e-05,144000.0,365640.0,0.0,2.55
HK.00486,俄铝,2024-04-26 00:00:00,2.55,2.69,2.7,2.55,18.551,3e-05,413000.0,1066590.0,5.490196078431378,2.55
HK.00486,俄铝,2024-04-29 00:00:00,2.65,2.66,2.67,2.56,18.344,2e-05,274000.0,716250.0,-1.1152416356877253,2.69
HK.00486,俄铝,2024-04-30 00:00:00,2.56,2.6,2.62,2.56,17.931,1e-05,133000.0,346280.0,-2.2556390977443628,2.66
HK.00486,俄铝,2024-05-02 00:00:00,2.6,2.59,2.6,2.59,17.862,1e-05,148000.0,384270.0,-0.38461538461539346,2.6
HK.00486,俄铝,2024-05-03 00:00:00,2.58,2.63,2.65,2.57,18.137,1e-05,145000.0,377440.0,1.5444015444015458,2.59
HK.00486,俄铝,2024-05-06 00:00:00,2.6,2.61,2.65,2.58,18.0,1e-05,115000.0,300470.0,-0.7604562737642593,2.63
HK.00486,俄铝,2024-05-07 00:00:00,2.63,2.6,2.63,2.6,17.931,1e-05,96000.0,251320.0,-0.38314176245209913,2.61
HK.00486,俄铝,2024-05-08 00:00:00,2.6,2.56,2.6,2.56,17.655,2e-05,342000.0,883970.0,-1.5384615384615397,2.6
HK.00486,俄铝,2024-05-09 00:00:00,2.56,2.57,2.59,2.53,17.724,2e-05,268000.0,687440.0,0.3906249999999917,2.56
HK.00486,俄铝,2024-05-10 00:00:00,2.58,2.55,2.59,2.54,17.586,4e-05,549000.0,1405710.0,-0.7782101167315182,2.57
HK.00486,俄铝,2024-05-13 00:00:00,2.58,2.51,2.58,2.5,17.31,3e-05,435000.0,1098470.0,-1.5686274509803935,2.55
HK.00486,俄铝,2024-05-14 00:00:00,2.49,2.59,2.67,2.49,17.862,5e-05,725000.0,1880080.0,3.1872509960159396,2.51
HK.00486,俄铝,2024-05-16 00:00:00,2.59,2.55,2.59,2.55,17.586,5e-05,785996.0,2023319.0,-1.5444015444015458,2.59
HK.00486,俄铝,2024-05-17 00:00:00,2.55,2.53,2.59,2.52,17.448,0.00013,1993000.0,5083320.0,-0.7843137254901967,2.55
HK.00486,俄铝,2024-05-20 00:00:00,2.53,2.57,2.65,2.53,17.724,0.00017,2625000.0,6747430.0,1.5810276679841913,2.53
HK.00486,俄铝,2024-05-21 00:00:00,2.57,2.65,2.66,2.57,18.275,0.00012,1783000.0,4655130.0,3.1128404669260727,2.57
HK.00486,俄铝,2024-05-22 00:00:00,2.66,2.79,2.83,2.66,19.241,9e-05,1364000.0,3785790.0,5.283018867924533,2.65
HK.00486,俄铝,2024-05-23 00:00:00,2.73,2.73,2.8,2.68,18.827,3e-05,493000.0,1350960.0,-2.1505376344086042,2.79
HK.00486,俄铝,2024-05-24 00:00:00,2.75,2.69,2.82,2.68,18.551,2e-05,325000.0,886800.0,-1.4652014652014667,2.73
HK.00486,俄铝,2024-05-27 00:00:00,2.7,2.66,2.71,2.63,18.344,3e-05,444000.0,1182660.0,-1.1152416356877253,2.69
HK.00486,俄铝,2024-05-28 00:00:00,2.66,2.76,2.78,2.66,19.034,3e-05,416000.0,1122680.0,3.759398496240588,2.66
HK.00486,俄铝,2024-05-29 00:00:00,2.76,2.71,2.76,2.69,18.689,2e-05,348000.0,950240.0,-1.8115942028985446,2.76
HK.00486,俄铝,2024-05-30 00:00:00,2.75,2.77,2.95,2.73,19.103,9e-05,1387000.0,3927690.0,2.214022140221404,2.71
HK.00486,俄铝,2024-05-31 00:00:00,2.76,2.75,2.89,2.7,18.965,2e-05,344000.0,955790.0,-0.7220216606498201,2.77
HK.00486,俄铝,2024-06-03 00:00:00,2.75,2.7,2.8,2.67,18.62,1e-05,224000.0,608220.0,-1.818181818181812,2.75
HK.00486,俄铝,2024-06-04 00:00:00,2.7,2.68,2.75,2.58,18.482,3e-05,420000.0,1116090.0,-0.7407407407407414,2.7
HK.00486,俄铝,2024-06-05 00:00:00,2.62,2.77,2.78,2.62,19.103,2e-05,342000.0,926500.0,3.358208955223875,2.68
HK.00486,俄铝,2024-06-06 00:00:00,2.72,2.7,2.77,2.67,18.62,1e-05,171000.0,461070.0,-2.5270758122743624,2.77
HK.00486,俄铝,2024-06-07 00:00:00,2.69,2.67,2.7,2.67,18.413,1e-05,101000.0,270760.0,-1.1111111111111203,2.7
HK.00486,俄铝,2024-06-11 00:00:00,2.66,2.59,2.66,2.59,17.862,2e-05,271000.0,708910.0,-2.996254681647943,2.67
HK.00486,俄铝,2024-06-12 00:00:00,2.59,2.62,2.62,2.56,18.068,4e-05,540000.0,1387690.0,1.158301158301168,2.59
HK.00486,俄铝,2024-06-13 00:00:00,2.59,2.61,2.62,2.55,18.0,1e-05,173000.0,445620.0,-0.3816793893129859,2.62
HK.00486,俄铝,2024-06-14 00:00:00,2.6,2.57,2.6,2.5,17.724,4e-05,610000.0,1553850.0,-1.5325670498084305,2.61
HK.00486,俄铝,2024-06-17 00:00:00,2.52,2.45,2.6,2.45,16.896,4e-05,606000.0,1512240.0,-4.669260700389092,2.57
HK.00486,俄铝,2024-06-18 00:00:00,2.45,2.42,2.45,2.38,16.689,3e-05,420000.0,1012430.0,-1.2244897959183774,2.45
HK.00486,俄铝,2024-06-19 00:00:00,2.42,2.4,2.45,2.35,16.551,4e-05,572000.0,1366270.0,-0.8264462809917362,2.42
HK.00486,俄铝,2024-06-20 00:00:00,2.5,2.4,2.55,2.38,16.551,2e-05,259000.0,626880.0,0.0,2.4
HK.00486,俄铝,2024-06-21 00:00:00,2.42,2.46,2.48,2.4,16.965,1e-05,175000.0,422400.0,2.500000000000002,2.4
HK.00486,俄铝,2024-06-24 00:00:00,2.42,2.4,2.42,2.4,16.551,1e-05,83000.0,200610.0,-2.4390243902439046,2.46
HK.00486,俄铝,2024-06-25 00:00:00,2.4,2.41,2.41,2.4,16.62,1e-05,192000.0,460800.0,0.4166666666666763,2.4
HK.00486,俄铝,2024-06-26 00:00:00,2.41,2.4,2.42,2.38,16.551,0.0,30000.0,72340.0,-0.4149377593361091,2.41
HK.00486,俄铝,2024-06-27 00:00:00,2.38,2.38,2.38,2.35,16.413,2e-05,342000.0,805840.0,-0.8333333333333341,2.4
HK.00486,俄铝,2024-06-28 00:00:00,2.38,2.38,2.39,2.38,16.413,0.0,62000.0,147660.0,0.0,2.38
HK.00486,俄铝,2024-07-02 00:00:00,2.38,2.43,2.49,2.38,16.758,1e-05,126000.0,306970.0,2.100840336134465,2.38
HK.00486,俄铝,2024-07-03 00:00:00,2.45,2.44,2.57,2.44,16.827,4e-05,679000.0,1721350.0,0.41152263374484715,2.43
HK.00486,俄铝,2024-07-04 00:00:00,2.48,2.49,2.53,2.48,17.172,0.0,44000.0,109820.0,2.0491803278688634,2.44
HK.00486,俄铝,2024-07-05 00:00:00,2.46,2.5,2.5,2.46,17.241,0.0,32000.0,79380.0,0.40160642570280264,2.49
HK.00486,俄铝,2024-07-08 00:00:00,2.5,2.48,2.52,2.48,17.103,1e-05,142000.0,354460.0,-0.8000000000000007,2.5
HK.00486,俄铝,2024-07-09 00:00:00,2.46,2.43,2.48,2.42,16.758,1e-05,210000.0,515270.0,-2.0161290322580574,2.48
HK.00486,俄铝,2024-07-10 00:00:00,2.43,2.43,2.43,2.4,16.758,0.0,64000.0,154300.0,0.0,2.43
HK.00486,俄铝,2024-07-11 00:00:00,2.44,2.4,2.48,2.38,16.551,1e-05,110000.0,264140.0,-1.234567901234578,2.43
HK.00486,俄铝,2024-07-12 00:00:00,2.49,2.48,2.49,2.48,17.103,0.0,57000.0,141570.0,3.3333333333333366,2.4
HK.00486,俄铝,2024-07-15 00:00:00,2.5,2.42,2.53,2.4,16.689,2e-05,252000.0,627120.0,-2.4193548387096793,2.48
HK.00486,俄铝,2024-07-16 00:00:00,2.49,2.43,2.49,2.43,16.758,0.0,58000.0,142540.0,0.41322314049587733,2.42
HK.00486,俄铝,2024-07-17 00:00:00,2.5,2.47,2.5,2.46,17.034,0.0,27000.0,66910.0,1.646090534979425,2.43
HK.00486,俄铝,2024-07-18 00:00:00,2.48,2.5,2.51,2.48,17.241,0.0,46000.0,115040.0,1.214574898785417,2.47
HK.00486,俄铝,2024-07-19 00:00:00,2.46,2.44,2.46,2.44,16.827,0.0,39000.0,95850.0,-2.400000000000002,2.5
HK.00486,俄铝,2024-07-22 00:00:00,2.44,2.43,2.5,2.43,16.758,1e-05,93000.0,228470.0,-0.40983606557376173,2.44
HK.00486,俄铝,2024-07-23 00:00:00,2.43,2.44,2.44,2.38,16.827,2e-05,310000.0,744430.0,0.41152263374484715,2.43
HK.00486,俄铝,2024-07-24 00:00:00,2.45,2.4,2.46,2.39,16.551,2e-05,257000.0,622710.0,-1.6393442622950833,2.44
HK.00486,俄铝,2024-07-25 00:00:00,2.37,2.42,2.43,2.36,16.689,1e-05,155000.0,369480.0,0.8333333333333341,2.4
HK.00486,俄铝,2024-07-26 00:00:00,2.43,2.49,2.51,2.42,17.172,1e-05,217000.0,539170.0,2.892561983471086,2.42
HK.00486,俄铝,2024-07-29 00:00:00,2.49,2.41,2.49,2.38,16.62,3e-05,399000.0,960780.0,-3.2128514056224926,2.49
HK.00486,俄铝,2024-07-30 00:00:00,2.41,2.38,2.41,2.37,16.413,2e-05,272000.0,647610.0,-1.244813278008309,2.41
HK.00486,俄铝,2024-07-31 00:00:00,2.49,2.45,2.49,2.39,16.896,1e-05,95000.0,233330.0,2.9411764705882475,2.38
HK.00486,俄铝,2024-08-01 00:00:00,2.4,2.4,2.4,2.4,16.551,0.0,59000.0,141590.0,-2.040816326530623,2.45
HK.00486,俄铝,2024-08-02 00:00:00,2.4,2.39,2.41,2.38,16.482,0.0,37000.0,88700.0,-0.4166666666666578,2.4
HK.00486,俄铝,2024-08-05 00:00:00,2.38,2.31,2.38,2.31,15.931,3e-05,459000.0,1076900.0,-3.347280334728036,2.39
HK.00486,俄铝,2024-08-06 00:00:00,2.35,2.35,2.44,2.34,16.206,2e-05,253000.0,602860.0,1.731601731601733,2.31
HK.00486,俄铝,2024-08-07 00:00:00,2.35,2.35,2.37,2.35,16.206,1e-05,100000.0,235140.0,0.0,2.35
HK.00486,俄铝,2024-08-08 00:00:00,2.37,2.4,2.4,2.36,16.551,0.0,66000.0,157900.0,2.1276595744680775,2.35
HK.00486,俄铝,2024-08-09 00:00:00,2.4,2.39,2.4,2.35,16.482,0.0,59000.0,140630.0,-0.4166666666666578,2.4
HK.00486,俄铝,2024-08-12 00:00:00,2.39,2.39,2.39,2.39,16.482,0.0,0.0,0.0,0.0,2.39
HK.00486,俄铝,2024-08-13 00:00:00,2.38,2.38,2.38,2.38,16.413,0.0,39000.0,92570.0,-0.4184100418410139,2.39
HK.00486,俄铝,2024-08-14 00:00:00,2.38,2.4,2.42,2.38,16.551,0.0,21000.0,50100.0,0.8403361344537823,2.38
HK.00486,俄铝,2024-08-15 00:00:00,2.37,2.37,2.37,2.37,16.344,0.0,1000.0,2370.0,-1.249999999999992,2.4
HK.00486,俄铝,2024-08-16 00:00:00,2.38,2.38,2.44,2.38,16.413,0.0,17000.0,40720.0,0.42194092827003316,2.37
HK.00486,俄铝,2024-08-19 00:00:00,2.38,2.39,2.39,2.35,16.482,1e-05,151000.0,357610.0,0.4201680672269005,2.38
HK.00486,俄铝,2024-08-20 00:00:00,2.39,2.38,2.39,2.32,16.413,1e-05,182000.0,427460.0,-0.4184100418410139,2.39
HK.00486,俄铝,2024-08-21 00:00:00,2.32,2.38,2.38,2.32,16.413,0.0,75000.0,175440.0,0.0,2.38
HK.00486,俄铝,2024-08-22 00:00:00,2.36,2.34,2.36,2.34,16.137,0.0,45000.0,106140.0,-1.6806722689075646,2.38
HK.00486,俄铝,2024-08-23 00:00:00,2.36,2.35,2.36,2.35,16.206,1e-05,85000.0,200020.0,0.42735042735043727,2.34
HK.00486,俄铝,2024-08-26 00:00:00,2.35,2.38,2.38,2.33,16.413,1e-05,90000.0,211090.0,1.2765957446808427,2.35
HK.00486,俄铝,2024-08-27 00:00:00,2.38,2.41,2.41,2.33,16.62,1e-05,84000.0,199160.0,1.2605042016806827,2.38
HK.00486,俄铝,2024-08-28 00:00:00,2.41,2.38,2.41,2.36,16.413,0.0,5000.0,11890.0,-1.244813278008309,2.41
HK.00486,俄铝,2024-08-29 00:00:00,2.4,2.4,2.4,2.36,16.551,0.0,75000.0,179240.0,0.8403361344537823,2.38
HK.00486,俄铝,2024-08-30 00:00:00,2.4,2.39,2.4,2.38,16.482,1e-05,191000.0,457910.0,-0.4166666666666578,2.4
HK.00486,俄铝,2024-09-02 00:00:00,2.38,2.35,2.38,2.33,16.206,1e-05,109000.0,257510.0,-1.673640167364018,2.39
HK.00486,俄铝,2024-09-03 00:00:00,2.35,2.34,2.35,2.33,16.137,1e-05,167000.0,390870.0,-0.42553191489362685,2.35
HK.00486,俄铝,2024-09-04 00:00:00,2.34,2.34,2.38,2.34,16.137,0.0,56000.0,133180.0,0.0,2.34
HK.00486,俄铝,2024-09-05 00:00:00,2.35,2.35,2.35,2.35,16.206,0.0,0.0,0.0,0.42735042735043727,2.34
HK.00486,俄铝,2024-09-09 00:00:00,2.33,2.32,2.33,2.32,16.0,2e-05,315000.0,733460.0,-1.2765957446808616,2.35
HK.00486,俄铝,2024-09-10 00:00:00,2.33,2.32,2.33,2.32,16.0,0.0,37000.0,86090.0,0.0,2.32
HK.00486,俄铝,2024-09-11 00:00:00,2.3,2.3,2.31,2.3,15.862,0.0,52000.0,119660.0,-0.8620689655172422,2.32
HK.00486,俄铝,2024-09-12 00:00:00,2.3,2.3,2.3,2.28,15.862,0.0,17000.0,38920.0,0.0,2.3
HK.00486,俄铝,2024-09-13 00:00:00,2.3,2.27,2.32,2.25,15.655,0.0,71000.0,162410.0,-1.304347826086948,2.3
HK.00486,俄铝,2024-09-16 00:00:00,2.28,2.28,2.28,2.28,15.724,0.0,1000.0,2280.0,0.4405286343612241,2.27
HK.00486,俄铝,2024-09-17 00:00:00,2.28,2.33,2.33,2.28,16.068,0.0,35000.0,81180.0,2.192982456140363,2.28
HK.00486,俄铝,2024-09-19 00:00:00,2.35,2.35,2.35,2.34,16.206,0.0,73000.0,171510.0,0.858369098712447,2.33
HK.00486,俄铝,2024-09-20 00:00:00,2.35,2.33,2.35,2.32,16.068,1e-05,88000.0,204500.0,-0.8510638297872347,2.35
HK.00486,俄铝,2024-09-23 00:00:00,2.32,2.28,2.32,2.27,15.724,0.0,69000.0,158200.0,-2.1459227467811273,2.33
HK.00486,俄铝,2024-09-24 00:00:00,2.28,2.36,2.38,2.28,16.275,0.0,73000.0,171260.0,3.5087719298245648,2.28
HK.00486,俄铝,2024-09-25 00:00:00,2.38,2.4,2.4,2.38,16.551,3e-05,424000.0,1011630.0,1.6949152542372898,2.36
HK.00486,俄铝,2024-09-26 00:00:00,2.4,2.45,2.47,2.4,16.896,4e-05,642000.0,1557190.0,2.0833333333333446,2.4
HK.00486,俄铝,2024-09-27 00:00:00,2.46,2.48,2.48,2.43,17.103,5e-05,746000.0,1835090.0,1.2244897959183594,2.45
HK.00486,俄铝,2024-09-30 00:00:00,2.51,2.55,2.6,2.46,17.586,0.00011,1671000.0,4266080.0,2.822580645161284,2.48
HK.00486,俄铝,2024-10-02 00:00:00,2.55,2.57,2.62,2.45,17.724,0.00014,2059000.0,5327090.0,0.7843137254901967,2.55
HK.00486,俄铝,2024-10-03 00:00:00,2.57,2.53,2.65,2.5,17.448,9e-05,1384000.0,3565230.0,-1.5564202334630364,2.57
HK.00486,俄铝,2024-10-04 00:00:00,2.54,2.48,2.54,2.46,17.103,0.00014,2141000.0,5310640.0,-1.9762845849802302,2.53
HK.00486,俄铝,2024-10-07 00:00:00,2.46,2.7,2.72,2.46,18.62,0.00018,2775000.0,7191490.0,8.870967741935491,2.48
HK.00486,俄铝,2024-10-08 00:00:00,2.7,2.5,2.7,2.5,17.241,0.00019,2882000.0,7309290.0,-7.407407407407414,2.7
HK.00486,俄铝,2024-10-09 00:00:00,2.61,2.48,2.63,2.45,17.103,0.00011,1743000.0,4419670.0,-0.8000000000000007,2.5
HK.00486,俄铝,2024-10-10 00:00:00,2.5,2.49,2.55,2.48,17.172,4e-05,581000.0,1459300.0,0.40322580645162226,2.48
HK.00486,俄铝,2024-10-14 00:00:00,2.5,2.53,2.54,2.44,17.448,7e-05,1132000.0,2829770.0,1.6064257028112285,2.49
HK.00486,俄铝,2024-10-15 00:00:00,2.53,2.5,2.53,2.49,17.241,3e-05,455000.0,1139040.0,-1.1857707509881346,2.53
HK.00486,俄铝,2024-10-16 00:00:00,2.52,2.5,2.57,2.48,17.241,4e-05,551000.0,1399900.0,0.0,2.5
HK.00486,俄铝,2024-10-17 00:00:00,2.54,2.45,2.55,2.45,16.896,4e-05,654000.0,1627120.0,-1.9999999999999927,2.5
HK.00486,俄铝,2024-10-18 00:00:00,2.45,2.52,2.52,2.45,17.379,9e-05,1303000.0,3247770.0,2.8571428571428505,2.45
HK.00486,俄铝,2024-10-21 00:00:00,2.52,2.5,2.54,2.48,17.241,4e-05,623000.0,1564900.0,-0.7936507936507943,2.52
HK.00486,俄铝,2024-10-22 00:00:00,2.5,2.59,2.63,2.5,17.862,0.0001,1520000.0,3919050.0,3.5999999999999943,2.5
HK.00486,俄铝,2024-10-23 00:00:00,2.59,2.88,2.95,2.59,19.862,0.00021,3122000.0,8847260.0,11.1969111969112,2.59
HK.00486,俄铝,2024-10-24 00:00:00,2.88,2.89,2.94,2.72,19.931,9e-05,1340000.0,3829960.0,0.34722222222223026,2.88
HK.00486,俄铝,2024-10-25 00:00:00,2.89,2.78,2.89,2.72,19.172,7e-05,1130000.0,3132190.0,-3.8062283737024334,2.89
HK.00486,俄铝,2024-10-28 00:00:00,2.9,2.98,2.98,2.88,20.551,0.00016,2444000.0,7145480.0,7.1942446043165535,2.78
HK.00486,俄铝,2024-10-29 00:00:00,2.91,3.37,3.37,2.91,23.241,0.00021,3206000.0,10172980.0,13.087248322147655,2.98
HK.00486,俄铝,2024-10-30 00:00:00,3.37,3.67,3.73,3.37,25.31,0.00025,3804000.0,13638710.0,8.902077151335307,3.37
HK.00486,俄铝,2024-10-31 00:00:00,3.66,3.3,3.66,3.3,22.758,0.00018,2776000.0,9614560.0,-10.081743869209813,3.67
HK.00486,俄铝,2024-11-01 00:00:00,3.21,3.32,3.5,3.01,22.896,0.00014,2187000.0,6993910.0,0.6060606060606066,3.3
HK.00486,俄铝,2024-11-04 00:00:00,3.25,3.25,3.4,3.12,22.413,7e-05,1115000.0,3596550.0,-2.108433734939754,3.32
HK.00486,俄铝,2024-11-05 00:00:00,3.3,3.34,3.4,3.28,23.034,5e-05,717000.0,2399350.0,2.7692307692307647,3.25
HK.00486,俄铝,2024-11-06 00:00:00,3.4,3.79,3.8,3.4,26.137,0.0004,6122000.0,22565790.0,13.473053892215574,3.34
HK.00486,俄铝,2024-11-07 00:00:00,3.9,3.57,3.9,3.57,24.62,0.00033,5028000.0,18452300.0,-5.804749340369398,3.79
HK.00486,俄铝,2024-11-08 00:00:00,3.56,3.68,3.78,3.56,25.379,8e-05,1256000.0,4591780.0,3.081232492997208,3.57
HK.00486,俄铝,2024-11-11 00:00:00,3.68,3.57,3.71,3.53,24.62,7e-05,1034000.0,3761300.0,-2.9891304347826173,3.68
HK.00486,俄铝,2024-11-12 00:00:00,3.6,3.41,3.6,3.33,23.517,7e-05,1132000.0,3910840.0,-4.481792717086827,3.57
HK.00486,俄铝,2024-11-13 00:00:00,3.41,3.3,3.41,3.2,22.758,5e-05,713000.0,2323630.0,-3.2258064516129124,3.41
HK.00486,俄铝,2024-11-14 00:00:00,3.3,3.1,3.3,3.1,21.379,2e-05,309000.0,973120.0,-6.0606060606060534,3.3
HK.00486,俄铝,2024-11-15 00:00:00,3.1,3.19,3.25,3.1,22.0,2e-05,262000.0,837600.0,2.903225806451608,3.1
HK.00486,俄铝,2024-11-18 00:00:00,3.28,3.25,3.49,3.25,22.413,3e-05,515000.0,1719710.0,1.8808777429467103,3.19
HK.00486,俄铝,2024-11-19 00:00:00,3.3,3.32,3.34,3.29,22.896,1e-05,139000.0,461360.0,2.153846153846149,3.25
HK.00486,俄铝,2024-11-20 00:00:00,3.32,3.28,3.32,3.2,22.62,1e-05,189000.0,614260.0,-1.204819277108435,3.32
HK.00486,俄铝,2024-11-21 00:00:00,3.2,3.22,3.25,3.18,22.206,1e-05,98000.0,315100.0,-1.829268292682915,3.28
HK.00486,俄铝,2024-11-22 00:00:00,3.25,3.13,3.25,3.0,21.586,3e-05,414000.0,1287240.0,-2.79503105590063,3.22
HK.00486,俄铝,2024-11-25 00:00:00,3.0,3.03,3.19,3.0,20.896,2e-05,249000.0,753520.0,-3.1948881789137404,3.13
HK.00486,俄铝,2024-11-26 00:00:00,3.03,3.17,3.21,3.02,21.862,1e-05,154000.0,477880.0,4.620462046204625,3.03
HK.00486,俄铝,2024-11-27 00:00:00,3.09,3.15,3.2,3.06,21.724,1e-05,199000.0,620380.0,-0.6309148264984233,3.17
HK.00486,俄铝,2024-11-28 00:00:00,3.16,3.11,3.16,3.07,21.448,0.0,27000.0,83330.0,-1.269841269841271,3.15
HK.00486,俄铝,2024-11-29 00:00:00,3.12,3.12,3.15,3.12,21.517,1e-05,78000.0,244100.0,0.32154340836013606,3.11
HK.00486,俄铝,2024-12-02 00:00:00,3.23,3.2,3.25,3.17,22.068,1e-05,149000.0,477620.0,2.5641025641025665,3.12
HK.00486,俄铝,2024-12-03 00:00:00,3.21,3.22,3.25,3.17,22.206,2e-05,248000.0,796220.0,0.6250000000000006,3.2
HK.00486,俄铝,2024-12-04 00:00:00,3.2,3.13,3.2,3.08,21.586,1e-05,191000.0,598650.0,-2.79503105590063,3.22
HK.00486,俄铝,2024-12-05 00:00:00,3.13,3.22,3.22,3.09,22.206,1e-05,122000.0,389100.0,2.8753993610223736,3.13
HK.00486,俄铝,2024-12-06 00:00:00,3.18,3.23,3.3,3.18,22.275,3e-05,458000.0,1492490.0,0.3105590062111735,3.22
HK.00486,俄铝,2024-12-09 00:00:00,3.15,3.12,3.2,3.1,21.517,2e-05,274000.0,866210.0,-3.405572755417953,3.23
HK.00486,俄铝,2024-12-10 00:00:00,3.16,3.25,3.35,3.14,22.413,4e-05,662000.0,2171320.0,4.1666666666666625,3.12
HK.00486,俄铝,2024-12-11 00:00:00,3.21,3.25,3.25,3.21,22.413,1e-05,150000.0,484310.0,0.0,3.25
HK.00486,俄铝,2024-12-12 00:00:00,3.25,3.36,3.42,3.25,23.172,5e-05,707000.0,2387230.0,3.384615384615381,3.25
HK.00486,俄铝,2024-12-13 00:00:00,3.36,3.36,3.44,3.3,23.172,2e-05,279000.0,947400.0,0.0,3.36
HK.00486,俄铝,2024-12-16 00:00:00,3.36,3.27,3.36,3.2,22.551,1e-05,148000.0,485300.0,-2.6785714285714244,3.36
HK.00486,俄铝,2024-12-17 00:00:00,3.27,3.15,3.27,3.13,21.724,1e-05,207000.0,660830.0,-3.6697247706422047,3.27
HK.00486,俄铝,2024-12-18 00:00:00,3.15,3.14,3.15,3.09,21.655,3e-05,400000.0,1247440.0,-0.31746031746031067,3.15
HK.00486,俄铝,2024-12-19 00:00:00,3.11,3.14,3.17,3.05,21.655,1e-05,78000.0,242450.0,0.0,3.14
HK.00486,俄铝,2024-12-20 00:00:00,3.13,3.05,3.13,3.03,21.034,3e-05,530000.0,1630310.0,-2.86624203821657,3.14
HK.00486,俄铝,2024-12-23 00:00:00,3.3,3.18,3.3,3.12,21.931,1e-05,164000.0,521490.0,4.262295081967225,3.05
HK.00486,俄铝,2024-12-24 00:00:00,3.24,3.2,3.35,3.19,22.068,1e-05,162000.0,526250.0,0.6289308176100634,3.18
HK.00486,俄铝,2024-12-27 00:00:00,3.21,3.18,3.22,3.18,21.931,1e-05,81000.0,259420.0,-0.6250000000000006,3.2
HK.00486,俄铝,2024-12-30 00:00:00,3.2,3.18,3.24,3.15,21.931,1e-05,87000.0,278980.0,0.0,3.18
HK.00486,俄铝,2024-12-31 00:00:00,3.18,3.17,3.21,3.15,21.862,1e-05,150000.0,477510.0,-0.3144654088050387,3.18
HK.00486,俄铝,2025-01-02 00:00:00,3.17,3.11,3.17,3.11,21.448,1e-05,152000.0,478110.0,-1.89274447949527,3.17
HK.00486,俄铝,2025-01-03 00:00:00,3.09,3.09,3.18,3.09,21.31,1e-05,137000.0,428770.0,-0.6430868167202578,3.11
HK.00486,俄铝,2025-01-06 00:00:00,3.12,3.12,3.12,3.12,21.517,0.0,13000.0,40560.0,0.9708737864077751,3.09
HK.00486,俄铝,2025-01-07 00:00:00,3.06,3.22,3.24,3.06,22.206,1e-05,156000.0,496350.0,3.2051282051282075,3.12
HK.00486,俄铝,2025-01-08 00:00:00,3.15,3.22,3.22,3.13,22.206,1e-05,149000.0,470520.0,0.0,3.22
HK.00486,俄铝,2025-01-09 00:00:00,3.22,3.15,3.22,3.14,21.724,1e-05,142000.0,448270.0,-2.1739130434782696,3.22
HK.00486,俄铝,2025-01-10 00:00:00,3.22,3.2,3.22,3.09,22.068,3e-05,519000.0,1614450.0,1.5873015873015959,3.15
HK.00486,俄铝,2025-01-13 00:00:00,3.11,3.18,3.18,3.11,21.931,1e-05,149000.0,473180.0,-0.6250000000000006,3.2
HK.00486,俄铝,2025-01-14 00:00:00,3.18,3.18,3.18,3.1,21.931,1e-05,104000.0,326990.0,0.0,3.18
HK.00486,俄铝,2025-01-15 00:00:00,3.18,3.16,3.18,3.15,21.793,1e-05,103000.0,325870.0,-0.6289308176100634,3.18
HK.00486,俄铝,2025-01-16 00:00:00,3.17,3.16,3.18,3.16,21.793,1e-05,137000.0,434860.0,0.0,3.16
HK.00486,俄铝,2025-01-17 00:00:00,3.16,3.17,3.18,3.03,21.862,2e-05,317000.0,994640.0,0.3164556962025249,3.16
HK.00486,俄铝,2025-01-20 00:00:00,3.18,3.13,3.18,3.07,21.586,2e-05,373000.0,1165730.0,-1.2618296529968467,3.17
HK.00486,俄铝,2025-01-21 00:00:00,3.13,3.21,3.27,3.03,22.137,3e-05,479000.0,1481490.0,2.5559105431309925,3.13
HK.00486,俄铝,2025-01-22 00:00:00,3.21,3.18,3.21,3.15,21.931,1e-05,184000.0,589090.0,-0.9345794392523303,3.21
HK.00486,俄铝,2025-01-23 00:00:00,3.18,3.16,3.2,3.16,21.793,1e-05,155000.0,492470.0,-0.6289308176100634,3.18
HK.00486,俄铝,2025-01-24 00:00:00,3.15,3.18,3.18,3.14,21.931,2e-05,228000.0,718850.0,0.6329113924050638,3.16
HK.00486,俄铝,2025-01-27 00:00:00,3.2,3.06,3.2,3.05,21.103,8e-05,1200000.0,3693300.0,-3.7735849056603805,3.18
HK.00486,俄铝,2025-01-28 00:00:00,3.05,3.12,3.17,3.03,21.517,1e-05,85000.0,263920.0,1.960784313725492,3.06
HK.00486,俄铝,2025-02-03 00:00:00,3.12,3.1,3.12,3.06,21.379,1e-05,84000.0,259870.0,-0.6410256410256416,3.12
HK.00486,俄铝,2025-02-04 00:00:00,3.08,3.11,3.15,3.07,21.448,1e-05,81000.0,252050.0,0.32258064516128343,3.1
HK.00486,俄铝,2025-02-05 00:00:00,3.08,3.08,3.12,3.07,21.241,1e-05,114000.0,352910.0,-0.9646302250803797,3.11
HK.00486,俄铝,2025-02-06 00:00:00,3.15,3.15,3.17,3.1,21.724,2e-05,261000.0,818130.0,2.2727272727272676,3.08
HK.00486,俄铝,2025-02-07 00:00:00,3.08,3.14,3.17,3.08,21.655,2e-05,247000.0,773840.0,-0.31746031746031067,3.15
HK.00486,俄铝,2025-02-10 00:00:00,3.2,3.2,3.21,3.14,22.068,4e-05,537000.0,1707140.0,1.9108280254777086,3.14
HK.00486,俄铝,2025-02-11 00:00:00,3.12,3.14,3.17,3.12,21.655,1e-05,200000.0,626500.0,-1.8750000000000018,3.2
HK.00486,俄铝,2025-02-12 00:00:00,3.14,3.17,3.25,3.14,21.862,2e-05,295000.0,932770.0,0.9554140127388472,3.14
HK.00486,俄铝,2025-02-13 00:00:00,3.2,3.95,4.1,3.2,27.241,0.00053,7999000.0,30325780.0,24.605678233438493,3.17
HK.00486,俄铝,2025-02-14 00:00:00,4.1,3.86,4.1,3.75,26.62,0.00028,4295000.0,16722660.0,-2.2784810126582355,3.95
HK.00486,俄铝,2025-02-17 00:00:00,3.8,3.9,3.98,3.76,26.896,0.00022,3383000.0,13264390.0,1.0362694300518145,3.86
HK.00486,俄铝,2025-02-18 00:00:00,3.9,3.9,4.0,3.9,26.896,0.00011,1742000.0,6865230.0,0.0,3.9
HK.00486,俄铝,2025-02-19 00:00:00,3.96,4.48,4.5,3.95,30.896,0.00044,6745000.0,28799550.0,14.871794871794886,3.9
HK.00486,俄铝,2025-02-20 00:00:00,4.67,4.78,4.92,4.23,32.965,0.00034,5186000.0,24002130.0,6.696428571428567,4.48
HK.00486,俄铝,2025-02-21 00:00:00,4.78,4.58,4.8,4.39,31.586,0.00026,3955000.0,18078460.0,-4.184100418410045,4.78
HK.00486,俄铝,2025-02-24 00:00:00,4.6,4.63,4.95,4.6,31.931,0.0002,3109000.0,14756900.0,1.091703056768555,4.58
HK.00486,俄铝,2025-02-25 00:00:00,4.63,5.1,5.1,4.63,35.172,0.00046,7025000.0,34609900.0,10.151187904967598,4.63
HK.00486,俄铝,2025-02-26 00:00:00,5.25,5.62,5.96,5.11,38.758,0.00082,12392000.0,69363010.0,10.196078431372559,5.1
HK.00486,俄铝,2025-02-27 00:00:00,5.61,5.5,5.86,4.85,37.931,0.00051,7810000.0,42520233.0,-2.1352313167259807,5.62
HK.00486,俄铝,2025-02-28 00:00:00,5.49,5.01,5.49,4.98,34.551,0.00027,4136000.0,21062320.0,-8.909090909090912,5.5
HK.00486,俄铝,2025-03-03 00:00:00,4.84,4.66,4.9,4.4,32.137,0.00028,4325000.0,20116350.0,-6.986027944111769,5.01
HK.00486,俄铝,2025-03-04 00:00:00,4.66,4.87,5.16,4.58,33.586,0.00015,2209000.0,10962790.0,4.5064377682403425,4.66
HK.00486,俄铝,2025-03-05 00:00:00,4.95,5.12,5.14,4.88,35.31,0.00018,2809800.0,14122059.0,5.133470225872689,4.87
HK.00486,俄铝,2025-03-06 00:00:00,5.23,5.05,5.23,4.9,34.827,0.00013,2017000.0,10177320.0,-1.3671875000000056,5.12
HK.00486,俄铝,2025-03-07 00:00:00,4.92,5.1,5.4,4.92,35.172,0.00013,1939000.0,10004740.0,0.9900990099009866,5.05
HK.00486,俄铝,2025-03-10 00:00:00,5.03,5.0,5.05,4.8,34.482,0.00013,2022000.0,9937330.0,-1.9607843137254832,5.1
HK.00486,俄铝,2025-03-11 00:00:00,4.86,4.98,5.04,4.83,34.344,6e-05,971000.0,4821170.0,-0.39999999999999153,5.0
HK.00486,俄铝,2025-03-12 00:00:00,5.01,5.06,5.2,5.0,34.896,0.00012,1877000.0,9561210.0,1.6064257028112285,4.98
HK.00486,俄铝,2025-03-13 00:00:00,5.14,5.13,5.48,5.08,35.379,0.00057,8611000.0,45319154.0,1.3833992094861718,5.06
HK.00486,俄铝,2025-03-14 00:00:00,5.35,5.11,5.4,5.08,12.463,0.00027,4177000.0,21666720.0,-0.3898635477582763,5.13
HK.00486,俄铝,2025-03-17 00:00:00,5.3,5.12,5.34,5.1,12.487,0.00021,3241000.0,16756310.0,0.19569471624265727,5.11
HK.00486,俄铝,2025-03-18 00:00:00,5.25,5.08,5.25,4.95,12.39,0.00027,4124000.0,20926800.0,-0.7812500000000007,5.12
HK.00486,俄铝,2025-03-19 00:00:00,5.05,4.99,5.08,4.98,12.17,0.00023,3503000.0,17516670.0,-1.771653543307084,5.08
HK.00486,俄铝,2025-03-20 00:00:00,4.98,4.9,5.0,4.86,11.951,0.00014,2150000.0,10596570.0,-1.8036072144288546,4.99
HK.00486,俄铝,2025-03-21 00:00:00,4.9,4.92,5.03,4.8,12.0,0.00013,2013000.0,9885240.0,0.40816326530611374,4.9
HK.00486,俄铝,2025-03-24 00:00:00,4.85,4.97,5.03,4.85,12.121,4e-05,550000.0,2734370.0,1.0162601626016223,4.92
HK.00486,俄铝,2025-03-25 00:00:00,4.98,4.85,4.98,4.85,11.829,3e-05,530000.0,2594130.0,-2.4144869215291775,4.97
HK.00486,俄铝,2025-03-26 00:00:00,4.88,4.77,5.0,4.76,11.634,6e-05,847000.0,4100730.0,-1.6494845360824757,4.85
HK.00486,俄铝,2025-03-27 00:00:00,4.77,4.47,4.77,4.4,10.902,0.0001,1482000.0,6681520.0,-6.289308176100626,4.77
HK.00486,俄铝,2025-03-28 00:00:00,4.48,4.13,4.52,4.06,10.073,0.00017,2620000.0,10979670.0,-7.606263982102905,4.47
HK.00486,俄铝,2025-03-31 00:00:00,4.1,3.98,4.11,3.78,9.707,0.00014,2136200.0,8353441.0,-3.6319612590799006,4.13
HK.00486,俄铝,2025-04-01 00:00:00,3.98,4.19,4.29,3.94,10.219,4e-05,643000.0,2633480.0,5.276381909547749,3.98
HK.00486,俄铝,2025-04-02 00:00:00,4.19,4.27,4.37,4.19,10.414,4e-05,584000.0,2512860.0,1.9093078758949684,4.19
HK.00486,俄铝,2025-04-03 00:00:00,4.27,4.17,4.3,4.11,10.17,4e-05,533000.0,2248490.0,-2.341920374707252,4.27
HK.00486,俄铝,2025-04-07 00:00:00,3.93,3.53,4.01,3.5,8.609,0.00015,2219000.0,8115830.0,-15.34772182254197,4.17
HK.00486,俄铝,2025-04-08 00:00:00,3.57,3.65,3.69,3.52,8.902,7e-05,1109000.0,3979730.0,3.399433427762043,3.53
HK.00486,俄铝,2025-04-09 00:00:00,3.6,3.56,3.6,3.47,8.682,6e-05,978000.0,3445380.0,-2.4657534246575303,3.65
HK.00486,俄铝,2025-04-10 00:00:00,3.79,3.83,4.0,3.66,9.341,7e-05,1102000.0,4194150.0,7.584269662921349,3.56
HK.00486,俄铝,2025-04-11 00:00:00,3.96,3.85,4.0,3.8,9.39,3e-05,462000.0,1791510.0,0.522193211488251,3.83
HK.00486,俄铝,2025-04-14 00:00:00,3.86,3.98,4.02,3.86,9.707,3e-05,480000.0,1907260.0,3.3766233766233738,3.85
HK.00486,俄铝,2025-04-15 00:00:00,3.99,4.1,4.16,3.96,10.0,4e-05,662000.0,2697620.0,3.015075376884414,3.98
HK.00486,俄铝,2025-04-16 00:00:00,4.13,3.96,4.13,3.94,9.658,2e-05,329000.0,1318350.0,-3.4146341463414562,4.1
HK.00486,俄铝,2025-04-17 00:00:00,4.02,3.88,4.07,3.65,9.463,4e-05,588000.0,2250040.0,-2.020202020202022,3.96
HK.00486,俄铝,2025-04-22 00:00:00,3.88,4.02,4.03,3.85,9.804,2e-05,241000.0,949310.0,3.6082474226804044,3.88
HK.00486,俄铝,2025-04-23 00:00:00,4.1,4.02,4.15,3.96,9.804,6e-05,921000.0,3720480.0,0.0,4.02
HK.00486,俄铝,2025-04-24 00:00:00,4.02,3.98,4.1,3.91,9.707,1e-05,221000.0,875990.0,-0.9950248756218805,4.02
HK.00486,俄铝,2025-04-25 00:00:00,3.98,4.15,4.2,3.98,10.121,5e-05,742900.0,3053154.0,4.271356783919607,3.98
HK.00486,俄铝,2025-04-28 00:00:00,4.25,4.3,4.43,4.2,10.487,7e-05,1025000.0,4441550.0,3.614457831325288,4.15
HK.00486,俄铝,2025-04-29 00:00:00,4.59,4.5,4.59,4.41,10.975,6e-05,970000.0,4337360.0,4.651162790697678,4.3
HK.00486,俄铝,2025-04-30 00:00:00,4.5,4.22,4.5,4.1,10.292,5e-05,719000.0,3065320.0,-6.222222222222228,4.5
HK.00486,俄铝,2025-05-02 00:00:00,4.15,4.31,4.31,4.15,10.512,4e-05,535000.0,2274170.0,2.1327014218009444,4.22
HK.00486,俄铝,2025-05-06 00:00:00,4.31,4.28,4.38,4.25,10.439,2e-05,243000.0,1041550.0,-0.6960556844547416,4.31
HK.00486,俄铝,2025-05-07 00:00:00,4.28,4.15,4.3,4.15,10.121,2e-05,267000.0,1121110.0,-3.037383177570091,4.28
HK.00486,俄铝,2025-05-08 00:00:00,4.11,4.18,4.18,4.05,10.195,3e-05,439000.0,1802410.0,0.7228915662650447,4.15
HK.00486,俄铝,2025-05-09 00:00:00,4.18,4.18,4.18,4.11,10.195,1e-05,148000.0,615610.0,0.0,4.18
HK.00486,俄铝,2025-05-12 00:00:00,4.23,4.33,4.37,4.23,10.56,8e-05,1202000.0,5184450.0,3.5885167464114924,4.18
HK.00486,俄铝,2025-05-13 00:00:00,4.35,4.19,4.35,4.19,10.219,3e-05,511000.0,2176430.0,-3.2332563510392536,4.33
HK.00486,俄铝,2025-05-14 00:00:00,4.19,4.2,4.24,4.14,10.243,5e-05,817000.0,3417850.0,0.23866348448686842,4.19
HK.00486,俄铝,2025-05-15 00:00:00,4.19,4.17,4.2,4.15,10.17,6e-05,885000.0,3683180.0,-0.7142857142857202,4.2
HK.00486,俄铝,2025-05-16 00:00:00,4.17,4.16,4.2,4.0,10.146,2e-05,305000.0,1261040.0,-0.23980815347721313,4.17
HK.00486,俄铝,2025-05-19 00:00:00,4.12,4.1,4.16,4.08,10.0,2e-05,303000.0,1243380.0,-1.4423076923077043,4.16
HK.00486,俄铝,2025-05-20 00:00:00,4.1,4.19,4.23,4.1,10.219,4e-05,622000.0,2594660.0,2.1951219512195306,4.1
HK.00486,俄铝,2025-05-21 00:00:00,4.19,4.12,4.19,4.11,10.048,3e-05,514000.0,2125720.0,-1.670644391408121,4.19
HK.00486,俄铝,2025-05-22 00:00:00,4.11,4.04,4.11,4.03,9.853,2e-05,312000.0,1263050.0,-1.9417475728155356,4.12
HK.00486,俄铝,2025-05-23 00:00:00,4.04,3.95,4.04,3.87,9.634,8e-05,1187000.0,4692430.0,-2.2277227722772244,4.04
HK.00486,俄铝,2025-05-26 00:00:00,3.95,3.91,3.95,3.87,9.536,2e-05,282000.0,1098970.0,-1.0126582278481022,3.95
HK.00486,俄铝,2025-05-27 00:00:00,3.91,3.94,3.99,3.9,9.609,2e-05,309000.0,1215820.0,0.7672634271099694,3.91
HK.00486,俄铝,2025-05-28 00:00:00,3.9,3.83,3.95,3.8,9.341,2e-05,257000.0,994650.0,-2.7918781725888295,3.94
HK.00486,俄铝,2025-05-29 00:00:00,3.77,3.97,4.15,3.78,9.682,3e-05,436000.0,1698850.0,3.6553524804177577,3.83
HK.00486,俄铝,2025-05-30 00:00:00,3.93,3.93,4.0,3.89,9.585,1e-05,215000.0,850050.0,-1.0075566750629732,3.97
HK.00486,俄铝,2025-06-02 00:00:00,3.9,3.83,3.9,3.8,9.341,2e-05,319000.0,1221080.0,-2.5445292620865163,3.93
HK.00486,俄铝,2025-06-03 00:00:00,3.8,3.87,4.0,3.8,9.439,3e-05,400000.0,1546460.0,1.044386422976502,3.83
HK.00486,俄铝,2025-06-04 00:00:00,3.87,3.85,3.94,3.85,9.39,2e-05,232000.0,899210.0,-0.5167958656330753,3.87
HK.00486,俄铝,2025-06-05 00:00:00,3.85,3.86,3.92,3.82,9.414,2e-05,246000.0,950840.0,0.25974025974025416,3.85
HK.00486,俄铝,2025-06-06 00:00:00,3.92,3.92,3.96,3.88,9.56,2e-05,238000.0,934370.0,1.5544041450777215,3.86
HK.00486,俄铝,2025-06-09 00:00:00,3.9,3.89,3.95,3.88,9.487,2e-05,361000.0,1407990.0,-0.7653061224489747,3.92
HK.00486,俄铝,2025-06-10 00:00:00,3.92,3.91,3.95,3.9,9.536,3e-05,408000.0,1599980.0,0.5141388174807203,3.89
HK.00486,俄铝,2025-06-11 00:00:00,3.93,3.93,4.02,3.93,9.585,2e-05,295000.0,1171120.0,0.5115089514066501,3.91
HK.00486,俄铝,2025-06-12 00:00:00,3.92,3.93,3.99,3.92,9.585,2e-05,324000.0,1274730.0,0.0,3.93
HK.00486,俄铝,2025-06-13 00:00:00,3.93,3.86,3.93,3.85,9.414,2e-05,277000.0,1077740.0,-1.781170483460567,3.93
HK.00486,俄铝,2025-06-16 00:00:00,3.82,3.87,3.86,3.8,9.439,1e-05,202000.0,770350.0,0.25906735751295934,3.86
HK.00486,俄铝,2025-06-17 00:00:00,3.87,3.9,3.93,3.87,9.512,1e-05,211000.0,820910.0,0.7751937984496073,3.87
HK.00486,俄铝,2025-06-18 00:00:00,3.85,3.8,3.85,3.8,9.268,3e-05,415000.0,1582850.0,-2.5641025641025665,3.9
HK.00486,俄铝,2025-06-19 00:00:00,3.83,3.8,3.85,3.78,9.268,2e-05,329000.0,1251600.0,0.0,3.8
HK.00486,俄铝,2025-06-20 00:00:00,3.75,3.85,3.85,3.75,9.39,2e-05,234000.0,896260.0,1.3157894736842175,3.8
HK.00486,俄铝,2025-06-23 00:00:00,3.85,3.85,3.85,3.7,9.39,1e-05,167000.0,636360.0,0.0,3.85
HK.00486,俄铝,2025-06-24 00:00:00,3.85,3.91,3.95,3.85,9.536,2e-05,333000.0,1296230.0,1.5584415584415598,3.85
HK.00486,俄铝,2025-06-25 00:00:00,3.9,3.93,3.93,3.81,9.585,2e-05,240000.0,936260.0,0.5115089514066501,3.91
HK.00486,俄铝,2025-06-26 00:00:00,3.93,3.89,3.95,3.88,9.487,1e-05,168000.0,656600.0,-1.0178117048346065,3.93
HK.00486,俄铝,2025-06-27 00:00:00,3.89,3.98,3.99,3.89,9.707,2e-05,354000.0,1397280.0,2.3136246786632353,3.89
HK.00486,俄铝,2025-06-30 00:00:00,3.99,3.93,4.02,3.91,9.585,1e-05,188000.0,742520.0,-1.2562814070351713,3.98
HK.00486,俄铝,2025-07-02 00:00:00,3.9,3.91,3.91,3.85,9.536,5e-05,786000.0,3059520.0,-0.5089058524173032,3.93
HK.00486,俄铝,2025-07-03 00:00:00,3.95,3.95,3.95,3.9,9.634,1e-05,220000.0,862380.0,1.0230179028133002,3.91
HK.00486,俄铝,2025-07-04 00:00:00,3.95,3.97,3.98,3.88,9.682,2e-05,267000.0,1048810.0,0.5063291139240511,3.95
HK.00486,俄铝,2025-07-07 00:00:00,3.89,3.9,3.96,3.89,9.512,1e-05,139000.0,544770.0,-1.7632241813602085,3.97
HK.00486,俄铝,2025-07-08 00:00:00,3.88,3.91,3.94,3.88,9.536,2e-05,276000.0,1075110.0,0.2564102564102623,3.9
HK.00486,俄铝,2025-07-09 00:00:00,3.88,3.83,3.89,3.83,9.341,3e-05,401300.0,1547930.0,-2.0460358056266004,3.91
HK.00486,俄铝,2025-07-10 00:00:00,3.83,3.83,3.92,3.83,9.341,3e-05,474000.0,1822300.0,0.0,3.83
HK.00486,俄铝,2025-07-11 00:00:00,3.89,3.88,3.91,3.83,9.463,4e-05,648000.0,2503540.0,1.305483028720622,3.83
HK.00486,俄铝,2025-07-14 00:00:00,3.86,3.84,3.88,3.8,9.365,4e-05,550000.0,2104860.0,-1.0309278350515474,3.88
HK.00486,俄铝,2025-07-15 00:00:00,3.84,3.82,3.86,3.8,9.317,1e-05,147000.0,563980.0,-0.5208333333333338,3.84
HK.00486,俄铝,2025-07-16 00:00:00,3.84,3.83,3.88,3.83,9.341,1e-05,200000.0,767640.0,0.26178010471204793,3.82
HK.00486,俄铝,2025-07-17 00:00:00,3.81,3.83,3.86,3.81,9.341,1e-05,221000.0,848200.0,0.0,3.83
HK.00486,俄铝,2025-07-18 00:00:00,3.83,3.84,3.84,3.81,9.365,3e-05,472000.0,1804310.0,0.26109660574411975,3.83
HK.00486,俄铝,2025-07-21 00:00:00,3.84,4.13,4.14,3.84,10.073,0.00019,2941000.0,11778080.0,7.552083333333334,3.84
HK.00486,俄铝,2025-07-22 00:00:00,4.15,4.26,4.26,4.14,10.39,0.00012,1868117.0,7875404.0,3.1476997578692467,4.13
HK.00486,俄铝,2025-07-23 00:00:00,4.26,4.12,4.26,4.03,10.048,0.00014,2143000.0,8810370.0,-3.2863849765258144,4.26
HK.00486,俄铝,2025-07-24 00:00:00,4.12,4.09,4.14,4.05,9.975,0.00011,1726000.0,7082020.0,-0.7281553398058312,4.12
HK.00486,俄铝,2025-07-25 00:00:00,4.08,4.05,4.1,4.0,9.878,8e-05,1148000.0,4642680.0,-0.9779951100244507,4.09
HK.00486,俄铝,2025-07-28 00:00:00,4.08,4.06,4.13,4.05,9.902,3e-05,383000.0,1560560.0,0.24691358024690832,4.05
HK.00486,俄铝,2025-07-29 00:00:00,4.12,4.08,4.22,4.03,9.951,4e-05,641000.0,2614970.0,0.4926108374384351,4.06
HK.00486,俄铝,2025-07-30 00:00:00,4.08,4.02,4.1,4.01,9.804,4e-05,616000.0,2496850.0,-1.4705882352941297,4.08
HK.00486,俄铝,2025-07-31 00:00:00,4.07,4.05,4.07,3.93,9.878,4e-05,572000.0,2280100.0,0.7462686567164242,4.02
HK.00486,俄铝,2025-08-01 00:00:00,3.95,3.97,4.05,3.94,9.682,2e-05,261000.0,1035660.0,-1.9753086419752997,4.05
HK.00486,俄铝,2025-08-04 00:00:00,3.93,3.98,3.99,3.77,9.707,5e-05,791000.0,3079970.0,0.2518891687657377,3.97
HK.00486,俄铝,2025-08-05 00:00:00,4.04,3.93,4.04,3.9,9.585,3e-05,495000.0,1965820.0,-1.2562814070351713,3.98
HK.00486,俄铝,2025-08-06 00:00:00,3.95,3.96,4.05,3.91,9.658,1e-05,188000.0,749700.0,0.7633587786259493,3.93
HK.00486,俄铝,2025-08-07 00:00:00,3.97,4.13,4.19,3.97,10.073,7e-05,1004000.0,4117160.0,4.2929292929292915,3.96
HK.00486,俄铝,2025-08-08 00:00:00,4.17,4.38,4.39,4.17,10.682,0.00021,3212000.0,13868450.0,6.053268765133172,4.13
HK.00486,俄铝,2025-08-11 00:00:00,4.51,4.74,4.98,4.51,11.56,0.00045,6866000.0,32628640.0,8.219178082191789,4.38
HK.00486,俄铝,2025-08-12 00:00:00,4.9,4.59,4.9,4.52,11.195,0.00015,2344000.0,10760990.0,-3.1645569620253235,4.74
HK.00486,俄铝,2025-08-13 00:00:00,4.62,4.72,4.77,4.62,11.512,9e-05,1319000.0,6236460.0,2.8322440087145946,4.59
HK.00486,俄铝,2025-08-14 00:00:00,4.74,4.55,4.8,4.5,11.097,9e-05,1387000.0,6422730.0,-3.601694915254236,4.72
HK.00486,俄铝,2025-08-15 00:00:00,4.55,4.66,4.75,4.54,11.365,0.00014,2121000.0,9805250.0,2.4175824175824245,4.55
HK.00486,俄铝,2025-08-18 00:00:00,4.66,4.63,4.83,4.62,11.292,0.00015,2312000.0,10978640.0,-0.64377682403434,4.66
HK.00486,俄铝,2025-08-19 00:00:00,4.74,4.61,4.76,4.6,11.243,5e-05,752000.0,3505130.0,-0.43196544276456966,4.63
HK.00486,俄铝,2025-08-20 00:00:00,4.61,4.58,4.69,4.56,11.17,9e-05,1330000.0,6129520.0,-0.6507592190889424,4.61
HK.00486,俄铝,2025-08-21 00:00:00,4.59,4.45,4.61,4.35,10.853,4e-05,624109.0,2806228.0,-2.838427947598251,4.58
HK.00486,俄铝,2025-08-22 00:00:00,4.38,4.36,4.4,4.22,10.634,5e-05,776000.0,3349760.0,-2.0224719101123565,4.45
HK.00486,俄铝,2025-08-25 00:00:00,4.36,4.27,4.38,4.25,10.414,9e-05,1439000.0,6206070.0,-2.0642201834862557,4.36
HK.00486,俄铝,2025-08-26 00:00:00,4.28,4.3,4.4,4.23,10.487,7e-05,1009000.0,4350250.0,0.7025761124121839,4.27
HK.00486,俄铝,2025-08-27 00:00:00,4.23,4.3,4.3,4.23,10.487,3e-05,449000.0,1918720.0,0.0,4.3
HK.00486,俄铝,2025-08-28 00:00:00,4.3,4.22,4.3,4.2,10.292,3e-05,467000.0,1969000.0,-1.8604651162790715,4.3
HK.00486,俄铝,2025-08-29 00:00:00,4.16,4.1,4.16,4.05,10.0,8e-05,1187776.0,4860273.0,-2.8436018957346,4.22
HK.00486,俄铝,2025-09-01 00:00:00,4.08,4.15,4.2,4.05,10.121,5e-05,811000.0,3344130.0,1.2195121951219685,4.1
HK.00486,俄铝,2025-09-02 00:00:00,4.12,4.22,4.22,4.12,10.292,4e-05,641000.0,2684340.0,1.6867469879517927,4.15
HK.00486,俄铝,2025-09-03 00:00:00,4.24,4.24,4.3,4.2,10.341,2e-05,249000.0,1058860.0,0.47393364928911047,4.22
HK.00486,俄铝,2025-09-04 00:00:00,4.2,4.16,4.2,4.15,10.146,3e-05,467000.0,1947730.0,-1.8867924528301903,4.24
HK.00486,俄铝,2025-09-05 00:00:00,4.18,4.2,4.22,4.18,10.243,3e-05,401000.0,1682090.0,0.9615384615384623,4.16
HK.00486,俄铝,2025-09-08 00:00:00,4.2,4.18,4.2,4.16,10.195,2e-05,240000.0,999650.0,-0.47619047619048716,4.2
HK.00486,俄铝,2025-09-09 00:00:00,4.15,4.15,4.17,4.09,10.121,2e-05,284000.0,1175430.0,-0.7177033492822814,4.18
HK.00486,俄铝,2025-09-10 00:00:00,4.1,4.07,4.15,4.04,9.926,8e-05,1168000.0,4759560.0,-1.9277108433734955,4.15
HK.00486,俄铝,2025-09-11 00:00:00,4.02,4.13,4.15,4.0,10.073,0.0001,1482000.0,5977740.0,1.4742014742014646,4.07
HK.00486,俄铝,2025-09-12 00:00:00,4.17,4.12,4.17,4.09,10.048,3e-05,477000.0,1971670.0,-0.24213075060532172,4.13
HK.00486,俄铝,2025-09-15 00:00:00,4.12,4.11,4.12,4.06,10.024,1e-05,221000.0,906740.0,-0.24271844660193656,4.12
HK.00486,俄铝,2025-09-16 00:00:00,4.09,4.1,4.1,4.04,10.0,1e-05,178000.0,726640.0,-0.24330900243310644,4.11
HK.00486,俄铝,2025-09-17 00:00:00,4.05,4.17,4.2,4.05,10.17,5e-05,701000.0,2888550.0,1.7073170731707388,4.1
HK.00486,俄铝,2025-09-18 00:00:00,4.18,4.15,4.18,4.1,10.121,1e-05,214000.0,887020.0,-0.47961630695442625,4.17
HK.00486,俄铝,2025-09-19 00:00:00,4.09,4.14,4.14,4.09,10.097,2e-05,247120.0,1015476.0,-0.24096385542170298,4.15
HK.00486,俄铝,2025-09-22 00:00:00,4.14,4.16,4.16,4.09,10.146,3e-05,522000.0,2152310.0,0.48309178743962466,4.14
HK.00486,俄铝,2025-09-23 00:00:00,4.08,4.14,4.16,4.07,10.097,1e-05,224000.0,920370.0,-0.4807692307692419,4.16
HK.00486,俄铝,2025-09-24 00:00:00,4.15,4.15,4.18,4.08,10.121,2e-05,296000.0,1223410.0,0.2415458937198231,4.14
HK.00486,俄铝,2025-09-25 00:00:00,4.15,4.17,4.18,4.1,10.17,2e-05,292000.0,1209170.0,0.4819277108433632,4.15
HK.00486,俄铝,2025-09-26 00:00:00,4.18,4.12,4.18,4.09,10.048,2e-05,310000.0,1281550.0,-1.199040767386087,4.17
HK.00486,俄铝,2025-09-29 00:00:00,4.09,4.09,4.11,4.05,9.975,3e-05,413000.0,1686350.0,-0.7281553398058312,4.12
HK.00486,俄铝,2025-09-30 00:00:00,4.09,4.11,4.12,4.08,10.024,1e-05,224000.0,917450.0,0.4889975550122362,4.09
HK.00486,俄铝,2025-10-02 00:00:00,4.11,4.15,4.17,4.11,10.121,3e-05,516000.0,2143640.0,0.9732360097323608,4.11
HK.00486,俄铝,2025-10-03 00:00:00,4.15,4.18,4.2,4.09,10.195,2e-05,358000.0,1484300.0,0.7228915662650447,4.15
HK.00486,俄铝,2025-10-06 00:00:00,4.18,4.36,4.6,4.18,10.634,0.00014,2074000.0,9025540.0,4.306220095693795,4.18
HK.00486,俄铝,2025-10-08 00:00:00,4.36,4.27,4.37,4.2,10.414,3e-05,468000.0,2004290.0,-2.0642201834862557,4.36
HK.00486,俄铝,2025-10-09 00:00:00,4.33,4.27,4.35,4.26,10.414,5e-05,800000.0,3444250.0,0.0,4.27
HK.00486,俄铝,2025-10-10 00:00:00,4.23,4.23,4.31,4.23,10.317,3e-05,455000.0,1946790.0,-0.936768149882884,4.27
HK.00486,俄铝,2025-10-13 00:00:00,4.23,4.25,4.28,4.1,10.365,3e-05,454000.0,1896140.0,0.47281323877067544,4.23
HK.00486,俄铝,2025-10-14 00:00:00,4.25,4.15,4.25,4.14,10.121,2e-05,359000.0,1496950.0,-2.35294117647058,4.25
HK.00486,俄铝,2025-10-15 00:00:00,4.13,4.15,4.2,4.1,10.121,2e-05,349000.0,1451830.0,0.0,4.15
HK.00486,俄铝,2025-10-16 00:00:00,4.15,4.13,4.15,4.11,10.073,1e-05,199000.0,822110.0,-0.48192771084338454,4.15
HK.00486,俄铝,2025-10-17 00:00:00,4.13,4.2,4.28,4.13,10.243,3e-05,497000.0,2100310.0,1.6949152542372952,4.13
HK.00486,俄铝,2025-10-20 00:00:00,4.26,4.28,4.32,4.22,10.439,7e-05,1055000.0,4487520.0,1.9047619047619064,4.2
HK.00486,俄铝,2025-10-21 00:00:00,4.28,4.34,4.46,4.2,10.585,9e-05,1441000.0,6316650.0,1.4018691588784955,4.28
HK.00486,俄铝,2025-10-22 00:00:00,4.33,4.47,4.96,4.31,10.902,0.00024,3658000.0,16755560.0,2.9953917050691223,4.34
HK.00486,俄铝,2025-10-23 00:00:00,4.46,4.32,4.46,4.25,10.536,9e-05,1316116.0,5650638.0,-3.3557046979865652,4.47
HK.00486,俄铝,2025-10-24 00:00:00,4.38,4.29,4.38,4.27,10.463,6e-05,839000.0,3607490.0,-0.6944444444444501,4.32
HK.00486,俄铝,2025-10-27 00:00:00,4.41,4.28,4.42,4.26,10.439,0.0001,1576000.0,6778860.0,-0.23310023310022812,4.29
HK.00486,俄铝,2025-10-28 00:00:00,4.26,4.31,4.35,4.26,10.512,3e-05,523000.0,2253830.0,0.7009345794392373,4.28
HK.00486,俄铝,2025-10-30 00:00:00,4.31,4.38,4.42,4.31,10.682,7e-05,1000000.0,4353620.0,1.6241299303944383,4.31
HK.00486,俄铝,2025-10-31 00:00:00,4.39,4.35,4.42,4.31,10.609,2e-05,271000.0,1190150.0,-0.6849315068493208,4.38
HK.00486,俄铝,2025-11-03 00:00:00,4.34,4.34,4.4,4.28,10.585,3e-05,399000.0,1737070.0,-0.2298850574712595,4.35
HK.00486,俄铝,2025-11-04 00:00:00,4.34,4.29,4.4,4.25,10.463,4e-05,581217.0,2518966.0,-1.15207373271889,4.34
HK.00486,俄铝,2025-11-05 00:00:00,4.25,4.28,4.3,4.1,10.439,4e-05,637000.0,2677170.0,-0.23310023310022812,4.29
HK.00486,俄铝,2025-11-06 00:00:00,4.25,4.38,4.45,4.24,10.682,0.00011,1690000.0,7415950.0,2.3364485981308327,4.28
HK.00486,俄铝,2025-11-07 00:00:00,4.38,4.42,4.5,4.37,10.78,5e-05,753000.0,3331920.0,0.9132420091324209,4.38
HK.00486,俄铝,2025-11-10 00:00:00,4.43,4.44,4.47,4.42,10.829,4e-05,662000.0,2943490.0,0.45248868778281587,4.42
HK.00486,俄铝,2025-11-11 00:00:00,4.44,4.38,4.44,4.36,10.682,1e-05,198000.0,872190.0,-1.3513513513513624,4.44
HK.00486,俄铝,2025-11-12 00:00:00,4.38,4.4,4.48,4.35,10.731,3e-05,531000.0,2339890.0,0.4566210045662206,4.38
HK.00486,俄铝,2025-11-13 00:00:00,4.41,4.48,4.5,4.41,10.926,3e-05,420000.0,1879420.0,1.8181818181818195,4.4
HK.00486,俄铝,2025-11-14 00:00:00,4.45,4.38,4.45,4.31,10.682,3e-05,476000.0,2106690.0,-2.232142857142869,4.48
HK.00486,俄铝,2025-11-17 00:00:00,4.39,4.35,4.4,4.34,10.609,1e-05,211000.0,924130.0,-0.6849315068493208,4.38
HK.00486,俄铝,2025-11-18 00:00:00,4.35,4.29,4.36,4.27,10.463,5e-05,741000.0,3193160.0,-1.3793103448275774,4.35
HK.00486,俄铝,2025-11-19 00:00:00,4.28,4.28,4.39,4.2,10.439,3e-05,463000.0,1979530.0,-0.23310023310022812,4.29
HK.00486,俄铝,2025-11-20 00:00:00,4.28,4.3,4.4,4.25,10.487,0.00017,2578000.0,11086970.0,0.46728971962615823,4.28
HK.00486,俄铝,2025-11-21 00:00:00,4.28,4.3,4.3,4.26,10.487,0.0001,1586116.0,6807088.0,0.0,4.3
HK.00486,俄铝,2025-11-24 00:00:00,4.34,4.61,4.76,4.34,11.243,0.00022,3346000.0,15352310.0,7.209302325581407,4.3
HK.00486,俄铝,2025-11-25 00:00:00,4.7,4.61,4.75,4.5,11.243,8e-05,1264000.0,5869850.0,0.0,4.61
HK.00486,俄铝,2025-11-26 00:00:00,4.73,4.82,4.9,4.71,11.756,0.0002,3049000.0,14633210.0,4.555314533622559,4.61
HK.00486,俄铝,2025-11-27 00:00:00,4.82,4.68,4.82,4.5,11.414,7e-05,1034000.0,4846270.0,-2.9045643153527085,4.82
HK.00486,俄铝,2025-11-28 00:00:00,4.62,4.7,4.7,4.55,11.463,3e-05,402000.0,1869900.0,0.42735042735043727,4.68
HK.00486,俄铝,2025-12-01 00:00:00,4.75,4.93,4.95,4.75,12.024,0.00017,2584000.0,12654350.0,4.893617021276586,4.7
HK.00486,俄铝,2025-12-02 00:00:00,4.93,4.96,4.99,4.79,12.097,9e-05,1416000.0,6974180.0,0.6085192697768814,4.93
HK.00486,俄铝,2025-12-03 00:00:00,4.86,4.83,4.86,4.61,11.78,0.00011,1629000.0,7704180.0,-2.6209677419354818,4.96
HK.00486,俄铝,2025-12-04 00:00:00,4.89,4.7,4.89,4.7,11.463,0.00013,1976000.0,9440490.0,-2.6915113871635588,4.83
HK.00486,俄铝,2025-12-05 00:00:00,4.73,4.77,4.83,4.64,11.634,7e-05,998000.0,4744330.0,1.4893617021276466,4.7
HK.00486,俄铝,2025-12-08 00:00:00,4.8,4.91,4.94,4.76,11.975,6e-05,972000.0,4729300.0,2.9350104821803056,4.77
HK.00486,俄铝,2025-12-09 00:00:00,4.93,4.92,4.97,4.83,12.0,0.00012,1869000.0,9172840.0,0.2036659877800364,4.91
HK.00486,俄铝,2025-12-10 00:00:00,4.95,4.74,4.95,4.74,11.56,5e-05,742000.0,3564510.0,-3.658536585365848,4.92
HK.00486,俄铝,2025-12-11 00:00:00,4.74,4.74,4.86,4.71,11.56,2e-05,376000.0,1793230.0,0.0,4.74
HK.00486,俄铝,2025-12-12 00:00:00,4.82,4.79,4.89,4.76,11.682,0.0001,1488000.0,7170720.0,1.0548523206751017,4.74
HK.00486,俄铝,2025-12-15 00:00:00,4.73,4.67,4.76,4.66,11.39,4e-05,672000.0,3154730.0,-2.5052192066805867,4.79
HK.00486,俄铝,2025-12-16 00:00:00,4.67,4.6,4.67,4.51,11.219,4e-05,584000.0,2671820.0,-1.498929336188443,4.67
HK.00486,俄铝,2025-12-17 00:00:00,4.65,4.59,4.65,4.58,11.195,1e-05,194000.0,893530.0,-0.21739130434782145,4.6
HK.00486,俄铝,2025-12-18 00:00:00,4.59,4.58,4.59,4.5,11.17,2e-05,331000.0,1496620.0,-0.21786492374727207,4.59
HK.00486,俄铝,2025-12-19 00:00:00,4.65,4.58,4.66,4.57,11.17,1e-05,209107.0,960328.0,0.0,4.58
HK.00486,俄铝,2025-12-22 00:00:00,4.57,4.55,4.63,4.45,11.097,0.00016,2458000.0,11102680.0,-0.6550218340611408,4.58
HK.00486,俄铝,2025-12-23 00:00:00,4.55,4.46,4.55,4.46,10.878,1e-05,211000.0,950260.0,-1.9780219780219748,4.55
HK.00486,俄铝,2025-12-24 00:00:00,4.45,4.56,4.66,4.45,11.121,2e-05,231000.0,1053880.0,2.242152466367705,4.46
HK.00486,俄铝,2025-12-29 00:00:00,4.55,4.68,4.75,4.55,11.414,7e-05,1121000.0,5176530.0,2.631578947368424,4.56
HK.00486,俄铝,2025-12-30 00:00:00,4.67,4.7,4.77,4.63,11.463,2e-05,323000.0,1516320.0,0.42735042735043727,4.68
HK.00486,俄铝,2025-12-31 00:00:00,4.7,4.85,4.9,4.7,11.829,2e-05,375000.0,1811340.0,3.1914893617021165,4.7
HK.00486,俄铝,2026-01-02 00:00:00,4.85,4.83,4.87,4.75,11.78,5e-05,722000.0,3460480.0,-0.4123711340206098,4.85
HK.00486,俄铝,2026-01-05 00:00:00,4.79,4.89,4.93,4.79,11.926,8e-05,1289000.0,6297260.0,1.2422360248447124,4.83
HK.00486,俄铝,2026-01-06 00:00:00,4.89,4.89,4.95,4.85,11.926,6e-05,956000.0,4672870.0,0.0,4.89
HK.00486,俄铝,2026-01-07 00:00:00,4.89,5.13,5.17,4.89,12.512,0.0002,2977000.0,15020600.0,4.907975460122705,4.89
HK.00486,俄铝,2026-01-08 00:00:00,5.12,4.96,5.12,4.94,12.097,0.0001,1546000.0,7739100.0,-3.3138401559454174,5.13
HK.00486,俄铝,2026-01-09 00:00:00,4.96,4.95,5.1,4.86,12.073,5e-05,794000.0,3919020.0,-0.20161290322580216,4.96
HK.00486,俄铝,2026-01-12 00:00:00,5.0,5.03,5.09,4.98,12.268,0.00011,1700000.0,8529470.0,1.6161616161616175,4.95
HK.00486,俄铝,2026-01-13 00:00:00,5.1,5.03,5.12,5.01,12.268,5e-05,734000.0,3722080.0,0.0,5.03
HK.00486,俄铝,2026-01-14 00:00:00,5.01,5.02,5.08,5.01,12.243,5e-05,799000.0,4034030.0,-0.1988071570576675,5.03
HK.00486,俄铝,2026-01-15 00:00:00,5.02,4.95,5.05,4.92,12.073,7e-05,1129000.0,5625060.0,-1.3944223107569602,5.02
HK.00486,俄铝,2026-01-16 00:00:00,4.95,5.18,5.25,4.95,12.634,0.00014,2062217.0,10612926.0,4.646464646464636,4.95
HK.00486,俄铝,2026-01-19 00:00:00,5.2,5.16,5.2,5.13,12.585,7e-05,996000.0,5149070.0,-0.3861003861003779,5.18
HK.00486,俄铝,2026-01-20 00:00:00,5.16,5.44,5.5,5.16,13.268,0.00013,1939000.0,10398200.0,5.426356589147292,5.16
HK.00486,俄铝,2026-01-21 00:00:00,5.55,5.63,5.66,5.4,13.731,0.00025,3780000.0,21231410.0,3.4926470588235197,5.44
HK.00486,俄铝,2026-01-22 00:00:00,5.76,5.81,5.88,5.74,14.17,0.00029,4330085.0,25099084.0,3.197158081705146,5.63
HK.00486,俄铝,2026-01-23 00:00:00,5.87,6.01,6.05,5.82,14.658,0.00033,5011400.0,30039072.0,3.4423407917383853,5.81
HK.00486,俄铝,2026-01-26 00:00:00,6.0,6.75,7.0,6.0,16.463,0.00047,7101242.0,46762815.0,12.312811980033283,6.01
HK.00486,俄铝,2026-01-27 00:00:00,6.74,6.42,6.74,6.37,15.658,0.0002,3101000.0,20226870.0,-4.88888888888889,6.75
HK.00486,俄铝,2026-01-28 00:00:00,6.41,6.46,6.65,6.05,15.756,0.00065,9801000.0,61882130.0,0.6230529595015583,6.42
HK.00486,俄铝,2026-01-29 00:00:00,6.46,6.14,6.56,5.88,14.975,0.00021,3151200.0,19482708.0,-4.953560371517033,6.46
HK.00486,俄铝,2026-01-30 00:00:00,6.08,5.6,6.14,5.58,13.658,0.0002,3012000.0,17389570.0,-8.794788273615636,6.14
HK.00486,俄铝,2026-02-02 00:00:00,5.3,5.36,5.58,5.3,13.073,0.00015,2269000.0,12235190.0,-4.285714285714274,5.6
HK.00486,俄铝,2026-02-03 00:00:00,5.55,5.46,5.61,5.35,13.317,0.00011,1692880.0,9295942.0,1.865671641791038,5.36
HK.00486,俄铝,2026-02-04 00:00:00,5.5,5.65,5.78,5.5,13.78,8e-05,1243000.0,7011260.0,3.479853479853487,5.46
HK.00486,俄铝,2026-02-05 00:00:00,5.56,5.47,5.65,5.38,13.341,0.00016,2450000.0,13322720.0,-3.185840707964612,5.65
HK.00486,俄铝,2026-02-06 00:00:00,5.45,5.3,5.44,5.26,12.926,0.00013,2045000.0,10869320.0,-3.1078610603290664,5.47
HK.00486,俄铝,2026-02-09 00:00:00,5.36,5.73,5.83,5.36,13.975,0.00027,4109000.0,23058610.0,8.113207547169823,5.3
HK.00486,俄铝,2026-02-10 00:00:00,5.72,5.59,5.73,5.53,13.634,0.00012,1753200.0,9830260.0,-2.4432809773124005,5.73
HK.00486,俄铝,2026-02-11 00:00:00,5.59,5.55,5.61,5.39,13.536,0.00018,2725000.0,15019760.0,-0.7155635062611813,5.59
HK.00486,俄铝,2026-02-12 00:00:00,5.55,5.6,5.8,5.49,13.658,0.00012,1778000.0,9981700.0,0.9009009009008978,5.55
HK.00486,俄铝,2026-02-13 00:00:00,5.66,5.64,5.9,5.6,13.756,0.00015,2236000.0,12851830.0,0.714285714285715,5.6
HK.00486,俄铝,2026-02-16 00:00:00,5.7,5.8,5.83,5.65,14.146,7e-05,1086000.0,6287370.0,2.8368794326241162,5.64
HK.00486,俄铝,2026-02-20 00:00:00,5.82,5.67,5.88,5.62,13.829,8e-05,1270000.0,7291450.0,-2.2413793103448256,5.8
HK.00486,俄铝,2026-02-23 00:00:00,5.6,5.66,5.8,5.6,13.804,9e-05,1374000.0,7795160.0,-0.17636684303350594,5.67
HK.00486,俄铝,2026-02-24 00:00:00,5.66,5.55,5.74,5.51,13.536,9e-05,1304000.0,7324430.0,-1.9434628975265071,5.66
HK.00486,俄铝,2026-02-25 00:00:00,5.57,5.52,5.58,5.4,13.463,0.00015,2253490.0,12348155.0,-0.5405405405405451,5.55
HK.00486,俄铝,2026-02-26 00:00:00,5.57,5.48,5.59,5.47,13.365,7e-05,1036000.0,5723440.0,-0.7246376811594049,5.52
HK.00486,俄铝,2026-02-27 00:00:00,5.46,5.33,5.52,5.3,13.0,0.00011,1650000.0,8873760.0,-2.7372262773722693,5.48
HK.00486,俄铝,2026-03-02 00:00:00,5.2,5.05,5.3,5.05,12.317,0.00014,2131000.0,10969570.0,-5.253283302063794,5.33
HK.00486,俄铝,2026-03-03 00:00:00,5.05,4.96,5.12,4.89,12.097,9e-05,1387000.0,6898570.0,-1.7821782178217795,5.05
HK.00486,俄铝,2026-03-04 00:00:00,5.0,5.16,5.29,4.92,12.585,0.0001,1484000.0,7578030.0,4.032258064516133,4.96
HK.00486,俄铝,2026-03-05 00:00:00,5.36,5.17,5.36,5.05,12.609,8e-05,1147010.0,5988420.0,0.19379844961239895,5.16
HK.00486,俄铝,2026-03-06 00:00:00,5.1,5.17,5.29,5.06,12.609,5e-05,824000.0,4249340.0,0.0,5.17
HK.00486,俄铝,2026-03-09 00:00:00,5.14,5.48,5.5,5.0,13.365,0.00032,4892000.0,26104330.0,5.996131528046432,5.17
HK.00486,俄铝,2026-03-10 00:00:00,5.58,5.4,5.58,5.16,13.17,0.00011,1727000.0,9246820.0,-1.4598540145985412,5.48
HK.00486,俄铝,2026-03-11 00:00:00,5.45,5.44,5.45,5.31,13.268,9e-05,1311000.0,7065510.0,0.7407407407407414,5.4
HK.00486,俄铝,2026-03-12 00:00:00,5.56,5.67,5.83,5.46,13.829,0.00036,5429000.0,30916470.0,4.22794117647058,5.44
HK.00486,俄铝,2026-03-13 00:00:00,5.67,5.59,5.9,5.59,13.634,0.00013,2023000.0,11612000.0,-1.4109347442680789,5.67
HK.00486,俄铝,2026-03-16 00:00:00,5.78,5.41,5.78,5.39,13.195,8e-05,1238000.0,6769200.0,-3.220035778175308,5.59
HK.00486,俄铝,2026-03-17 00:00:00,5.41,5.39,5.53,5.3,13.146,8e-05,1226000.0,6629050.0,-0.3696857670979753,5.41
HK.00486,俄铝,2026-03-18 00:00:00,5.0,4.55,5.1,4.55,0.0,0.00069,10407642.0,49046374.0,-15.584415584415584,5.39
HK.00486,俄铝,2026-03-19 00:00:00,4.4,4.0,4.6,3.58,0.0,0.00043,6587190.0,27556379.0,-12.087912087912084,4.55
HK.00486,俄铝,2026-03-20 00:00:00,4.0,4.06,4.15,4.0,0.0,0.00013,1983123.0,8093346.0,1.4999999999999902,4.0
HK.00486,俄铝,2026-03-23 00:00:00,4.0,3.96,4.15,3.78,0.0,0.00011,1696000.0,6572600.0,-2.4630541871921094,4.06
HK.00486,俄铝,2026-03-24 00:00:00,3.96,3.95,4.05,3.92,0.0,7e-05,1119000.0,4458260.0,-0.2525252525252471,3.96
HK.00486,俄铝,2026-03-25 00:00:00,4.07,4.08,4.09,4.03,0.0,5e-05,748000.0,3039930.0,3.2911392405063267,3.95
HK.00486,俄铝,2026-03-26 00:00:00,4.08,3.97,4.08,3.97,0.0,5e-05,753400.0,3006246.0,-2.696078431372546,4.08
HK.00486,俄铝,2026-03-27 00:00:00,3.97,4.1,4.13,3.95,0.0,3e-05,405000.0,1653630.0,3.274559193954646,3.97
HK.00486,俄铝,2026-03-30 00:00:00,4.27,4.25,4.3,4.21,0.0,0.00012,1883000.0,8011270.0,3.6585365853658622,4.1
HK.00486,俄铝,2026-03-31 00:00:00,4.3,4.05,4.36,4.05,0.0,6e-05,969000.0,4061170.0,-4.70588235294118,4.25
HK.00486,俄铝,2026-04-01 00:00:00,4.2,4.17,4.25,4.15,0.0,4e-05,638000.0,2660700.0,2.962962962962966,4.05
HK.00486,俄铝,2026-04-02 00:00:00,4.29,4.21,4.37,4.19,0.0,6e-05,981000.0,4201760.0,0.9592326139088737,4.17
HK.00486,俄铝,2026-04-08 00:00:00,4.3,4.33,4.4,4.28,0.0,8e-05,1291000.0,5605880.0,2.8503562945368195,4.21
HK.00486,俄铝,2026-04-09 00:00:00,4.33,4.32,4.34,4.25,0.0,3e-05,496000.0,2125640.0,-0.23094688221708512,4.33
HK.00486,俄铝,2026-04-10 00:00:00,4.34,4.34,4.39,4.26,0.0,4e-05,587000.0,2540320.0,0.46296296296295303,4.32
HK.00486,俄铝,2026-04-13 00:00:00,4.34,4.24,4.34,4.23,0.0,4e-05,544000.0,2328470.0,-2.30414746543778,4.34
HK.00486,俄铝,2026-04-14 00:00:00,4.24,4.21,4.31,4.1,0.0,3e-05,435000.0,1851420.0,-0.7075471698113266,4.24
HK.00486,俄铝,2026-04-15 00:00:00,4.16,4.22,4.29,4.16,0.0,2e-05,276000.0,1173550.0,0.23752969121139636,4.21
HK.00486,俄铝,2026-04-16 00:00:00,4.3,4.32,4.4,4.24,0.0,4e-05,615000.0,2670580.0,2.36966824644551,4.22
HK.00486,俄铝,2026-04-17 00:00:00,4.32,4.35,4.37,4.24,0.0,5e-05,751000.0,3244040.0,0.6944444444444295,4.32
HK.00486,俄铝,2026-04-20 00:00:00,4.3,4.49,4.63,4.23,0.0,0.00014,2110000.0,9523390.0,3.218390804597714,4.35
HK.00486,俄铝,2026-04-21 00:00:00,4.43,4.43,4.54,4.38,0.0,4e-05,633000.0,2822090.0,-1.3363028953229508,4.49
HK.00486,俄铝,2026-04-22 00:00:00,4.43,4.33,4.51,4.31,0.0,2e-05,367000.0,1614280.0,-2.2573363431151163,4.43
HK.00486,俄铝,2026-04-23 00:00:00,4.33,4.3,4.33,4.22,0.0,6e-05,933000.0,3967500.0,-0.692840646651276,4.33
HK.00486,俄铝,2026-04-24 00:00:00,4.3,4.27,4.33,4.22,0.0,3e-05,478117.0,2043238.0,-0.697674418604657,4.3
HK.00486,俄铝,2026-04-27 00:00:00,4.29,4.42,4.48,4.29,0.0,4e-05,683000.0,3013590.0,3.5128805620608987,4.27
HK.00486,俄铝,2026-04-28 00:00:00,4.42,4.29,4.42,4.19,0.0,3e-05,425000.0,1833750.0,-2.941176470588233,4.42
HK.00486,俄铝,2026-04-29 00:00:00,4.24,4.32,4.36,4.24,0.0,2e-05,258000.0,1107410.0,0.6993006993007052,4.29
HK.00486,俄铝,2026-04-30 00:00:00,4.39,4.26,4.39,4.25,0.0,3e-05,485000.0,2073960.0,-1.3888888888889002,4.32
HK.00486,俄铝,2026-05-04 00:00:00,4.26,4.25,4.26,4.21,0.0,2e-05,292000.0,1237620.0,-0.2347417840375537,4.26
HK.00486,俄铝,2026-05-05 00:00:00,4.26,4.18,4.26,4.16,0.0,2e-05,379000.0,1592840.0,-1.6470588235294186,4.25
HK.00486,俄铝,2026-05-06 00:00:00,4.2,4.1,4.23,4.06,0.0,2e-05,370000.0,1539550.0,-1.913875598086126,4.18
HK.00486,俄铝,2026-05-07 00:00:00,4.1,4.2,4.3,3.95,0.0,0.00015,2341000.0,9642760.0,2.4390243902439157,4.1
HK.00486,俄铝,2026-05-08 00:00:00,4.2,4.11,4.2,4.01,0.0,2e-05,356000.0,1468150.0,-2.1428571428571392,4.2
HK.00486,俄铝,2026-05-11 00:00:00,4.11,4.2,4.2,4.04,0.0,4e-05,666400.0,2772532.0,2.1897810218978067,4.11
HK.00486,俄铝,2026-05-12 00:00:00,4.2,4.2,4.2,4.14,0.0,2e-05,229000.0,954450.0,0.0,4.2
HK.00486,俄铝,2026-05-13 00:00:00,4.2,4.06,4.22,4.0,0.0,0.00012,1874000.0,7598460.0,-3.3333333333333464,4.2
HK.00486,俄铝,2026-05-14 00:00:00,4.06,4.07,4.13,4.02,0.0,3e-05,517000.0,2112200.0,0.24630541871922848,4.06
HK.00486,俄铝,2026-05-15 00:00:00,4.07,4.02,4.07,4.0,0.0,3e-05,394000.0,1585980.0,-1.228501228501246,4.07
HK.00486,俄铝,2026-05-18 00:00:00,4.02,3.98,4.06,3.98,0.0,2e-05,282000.0,1125680.0,-0.9950248756218805,4.02
HK.00486,俄铝,2026-05-19 00:00:00,3.98,4.1,4.13,3.95,0.0,2e-05,258000.0,1032740.0,3.015075376884414,3.98
HK.00486,俄铝,2026-05-20 00:00:00,4.08,4.0,4.08,3.98,0.0,3e-05,409000.0,1639030.0,-2.439024390243894,4.1
HK.00486,俄铝,2026-05-21 00:00:00,3.98,3.95,4.02,3.94,0.0,4e-05,548000.0,2187790.0,-1.2499999999999956,4.0
HK.00486,俄铝,2026-05-22 00:00:00,3.98,3.98,3.99,3.95,0.0,2e-05,335125.0,1329908.0,0.759493670886071,3.95
HK.00486,俄铝,2026-05-26 00:00:00,3.95,3.95,3.96,3.82,0.0,7e-05,988000.0,3852320.0,-0.7537688442211007,3.98
HK.00486,俄铝,2026-05-27 00:00:00,3.95,3.8,3.95,3.76,0.0,5e-05,756000.0,2912060.0,-3.797468354430389,3.95
HK.00486,俄铝,2026-05-28 00:00:00,3.71,3.7,3.77,3.6,0.0,5e-05,795800.0,2939642.0,-2.631578947368412,3.8
HK.00486,俄铝,2026-05-29 00:00:00,3.7,3.63,3.82,3.52,0.0,6e-05,926000.0,3372330.0,-1.8918918918918997,3.7
HK.00486,俄铝,2026-06-01 00:00:00,3.6,3.5,3.72,3.49,0.0,0.00012,1853000.0,6580670.0,-3.5812672176308515,3.63
HK.00486,俄铝,2026-06-02 00:00:00,3.5,3.82,3.85,3.5,0.0,5e-05,685000.0,2544370.0,9.142857142857139,3.5
HK.00486,俄铝,2026-06-03 00:00:00,3.82,3.72,3.85,3.6,0.0,3e-05,444000.0,1665500.0,-2.61780104712041,3.82
HK.00486,俄铝,2026-06-04 00:00:00,3.72,3.79,3.85,3.69,0.0,2e-05,296000.0,1117070.0,1.8817204301075225,3.72
HK.00486,俄铝,2026-06-05 00:00:00,3.79,3.84,3.87,3.78,0.0,1e-05,143000.0,544430.0,1.319261213720312,3.79
HK.00486,俄铝,2026-06-08 00:00:00,4.0,3.52,4.0,3.52,0.0,6e-05,850000.0,3084570.0,-8.33333333333333,3.84
HK.00486,俄铝,2026-06-09 00:00:00,3.53,3.41,3.64,3.4,0.0,6e-05,875000.0,3073360.0,-3.1249999999999964,3.52
HK.00486,俄铝,2026-06-10 00:00:00,3.4,3.54,3.54,3.39,0.0,2e-05,319000.0,1098690.0,3.8123167155425186,3.41
HK.00486,俄铝,2026-06-11 00:00:00,3.54,3.7,3.7,3.54,0.0,3e-05,448500.0,1614565.0,4.51977401129944,3.54
HK.00486,俄铝,2026-06-12 00:00:00,3.7,3.63,3.7,3.56,0.0,1e-05,189000.0,683230.0,-1.8918918918918997,3.7
HK.00486,俄铝,2026-06-15 00:00:00,3.66,3.68,3.69,3.6,0.0,2e-05,252000.0,918300.0,1.3774104683195665,3.63
HK.00486,俄铝,2026-06-16 00:00:00,3.67,3.65,3.67,3.5,0.0,3e-05,389000.0,1373800.0,-0.8152173913043546,3.68
HK.00486,俄铝,2026-06-17 00:00:00,3.51,3.48,3.51,3.42,0.0,2e-05,293000.0,1021430.0,-4.657534246575341,3.65
HK.00486,俄铝,2026-06-18 00:00:00,3.45,3.38,3.45,3.3,0.0,5e-05,755000.0,2523250.0,-2.8735632183908075,3.48
HK.00486,俄铝,2026-06-22 00:00:00,3.38,3.3,3.38,3.18,0.0,3e-05,448147.0,1476016.0,-2.3668639053254457,3.38
HK.00486,俄铝,2026-06-23 00:00:00,3.3,3.31,3.31,3.15,0.0,2e-05,233000.0,762760.0,0.30303030303031003,3.3
HK.00486,俄铝,2026-06-24 00:00:00,3.16,3.24,3.29,3.15,0.0,2e-05,261000.0,842320.0,-2.1148036253776388,3.31
HK.00486,俄铝,2026-06-25 00:00:00,3.24,3.21,3.25,3.14,0.0,2e-05,315000.0,1005650.0,-0.9259259259259335,3.24
HK.00486,俄铝,2026-06-26 00:00:00,3.21,3.01,3.25,3.01,0.0,3e-05,389000.0,1210830.0,-6.2305295950155815,3.21
HK.00486,俄铝,2026-06-29 00:00:00,3.01,3.1,3.15,3.01,0.0,1e-05,99000.0,307240.0,2.9900332225913724,3.01
HK.00486,俄铝,2026-06-30 00:00:00,3.07,3.2,3.25,3.01,0.0,2e-05,327000.0,1037900.0,3.2258064516129057,3.1
HK.00486,俄铝,2026-07-02 00:00:00,3.2,3.05,3.2,3.0,0.0,3e-05,463000.0,1409540.0,-4.687500000000011,3.2
HK.00486,俄铝,2026-07-03 00:00:00,3.0,3.02,3.1,3.0,0.0,2e-05,241000.0,738460.0,-0.9836065573770428,3.05
HK.00486,俄铝,2026-07-06 00:00:00,3.13,3.06,3.13,3.0,0.0,1e-05,89000.0,270160.0,1.3245033112582794,3.02
HK.00486,俄铝,2026-07-07 00:00:00,3.13,3.13,3.34,3.13,0.0,2e-05,291000.0,924130.0,2.2875816993463998,3.06
HK.00486,俄铝,2026-07-08 00:00:00,3.14,3.13,3.2,3.13,0.0,1e-05,89000.0,281220.0,0.0,3.13
HK.00486,俄铝,2026-07-09 00:00:00,3.23,3.08,3.23,3.08,0.0,3e-05,488000.0,1521090.0,-1.5974440894568633,3.13
HK.00486,俄铝,2026-07-10 00:00:00,3.07,3.11,3.3,3.07,0.0,2e-05,279000.0,883480.0,0.9740259740259676,3.08
HK.00486,俄铝,2026-07-13 00:00:00,3.08,3.03,3.1,3.01,0.0,1e-05,119000.0,362210.0,-2.572347266881031,3.11
HK.00486,俄铝,2026-07-14 00:00:00,3.05,3.05,3.05,3.03,0.0,1e-05,148000.0,450310.0,0.6600660066006607,3.03
HK.00486,俄铝,2026-07-15 00:00:00,3.05,3.09,3.29,3.05,0.0,0.0,71000.0,219640.0,1.3114754098360668,3.05
HK.00486,俄铝,2026-07-16 00:00:00,3.1,3.11,3.19,3.1,0.0,1e-05,117000.0,362860.0,0.647249190938512,3.09
HK.00486,俄铝,2026-07-17 00:00:00,3.05,3.01,3.06,2.92,0.0,2e-05,369000.0,1107830.0,-3.2154340836012896,3.11
HK.00486,俄铝,2026-07-20 00:00:00,3.01,3.05,3.06,3.0,0.0,1e-05,112000.0,337320.0,1.328903654485051,3.01
HK.00486,俄铝,2026-07-21 00:00:00,3.01,3.05,3.09,3.0,0.0,1e-05,171000.0,519040.0,0.0,3.05
HK.00486,俄铝,2026-07-22 00:00:00,3.0,3.05,3.06,3.0,0.0,1e-05,206000.0,622000.0,0.0,3.05
HK.00486,俄铝,2026-07-23 00:00:00,2.98,3.06,3.2,2.96,0.0,1e-05,92000.0,289220.0,0.327868852459024,3.05
HK.00486,俄铝,2026-07-24 00:00:00,3.0,3.01,3.03,2.98,0.0,0.0,33000.0,99550.0,-1.633986928104584,3.06
HK.00486,俄铝,2026-07-27 00:00:00,3.02,3.02,3.02,3.02,0.0,0.0,22000.0,66440.0,0.33222591362127013,3.01
HK.00486,俄铝,2026-07-28 00:00:00,3.02,3.05,3.12,3.0,0.0,1e-05,130000.0,396730.0,0.993377483443702,3.02
HK.00486,俄铝,2026-07-29 00:00:00,3.0,3.05,3.05,2.98,0.0,1e-05,196000.0,589790.0,0.0,3.05
HK.00486,俄铝,2026-07-30 00:00:00,3.04,3.02,3.05,2.99,0.0,3e-05,382000.0,1150180.0,-0.9836065573770428,3.05
HK.00486,俄铝,2026-07-31 00:00:00,3.02,3.06,3.09,2.95,0.0,5e-05,734000.0,2208620.0,1.3245033112582794,3.02
HK.00486,俄铝,2026-08-03 00:00:00,3.05,3.06,3.1,3.05,0.0,1e-05,173000.0,529110.0,0.0,3.06
HK.00486,俄铝,2026-08-04 00:00:00,3.065,3.04,3.07,3.02,0.0,1e-05,182000.0,556540.0,-0.6535947712418306,3.06
HK.00486,俄铝,2026-08-05 00:00:00,3.04,3.12,3.12,3.04,0.0,1e-05,113000.0,349050.0,2.6315789473684235,3.04
HK.00486,俄铝,2026-08-06 00:00:00,3.145,3.12,3.16,3.12,0.0,0.0,66000.0,207705.0,0.0,3.12
HK.00486,俄铝,2026-08-07 00:00:00,3.04,3.06,3.1,3.04,0.0,1e-05,151000.0,463360.0,-1.9230769230769247,3.12
HK.00486,俄铝,2026-08-10 00:00:00,3.06,3.165,3.23,3.06,0.0,4e-05,554000.0,1754200.0,3.4313725490196076,3.06
HK.00486,俄铝,2026-08-11 00:00:00,3.22,3.08,3.23,3.08,0.0,2e-05,306000.0,972355.0,-2.6856240126382294,3.165
HK.00486,俄铝,2026-08-12 00:00:00,3.105,3.11,3.2,3.105,0.0,1e-05,143000.0,449570.0,0.9740259740259676,3.08
HK.00486,俄铝,2026-08-13 00:00:00,3.12,3.11,3.12,3.1,0.0,0.0,53000.0,164900.0,0.0,3.11
HK.00486,俄铝,2026-08-14 00:00:00,3.12,3.12,3.12,3.07,0.0,3e-05,460000.0,1432700.0,0.32154340836013606,3.11
HK.00486,俄铝,2026-08-17 00:00:00,3.125,3.1,3.2,3.07,0.0,2e-05,351000.0,1104145.0,-0.6410256410256416,3.12
HK.00486,俄铝,2026-08-18 00:00:00,3.1,3.09,3.1,3.09,0.0,2e-05,231000.0,714300.0,-0.3225806451612978,3.1
HK.00486,俄铝,2026-08-19 00:00:00,3.11,3.11,3.185,3.11,0.0,1e-05,224000.0,702065.0,0.647249190938512,3.09
HK.00486,俄铝,2026-08-20 00:00:00,3.115,3.075,3.115,3.06,0.0,1e-05,136000.0,420085.0,-1.1254019292604405,3.11
HK.00486,俄铝,2026-08-21 00:00:00,3.06,3.0,3.1,2.98,0.0,5e-05,755160.0,2287331.0,-2.439024390243908,3.075
