code,name,time_key,open,close,high,low,pe_ratio,turnover_rate,volume,turnover,change_rate,last_close
HK.02588,中银航空租赁,2018-01-02 00:00:00,18.4424,18.2924,18.6424,17.9924,8.361,0.00067,463500.0,19269450.0,-0.813343165748485,18.4424
HK.02588,中银航空租赁,2018-01-03 00:00:00,18.5424,17.9924,18.5424,17.9424,8.301,0.00064,444885.0,18404910.0,-1.6400253657256603,18.2924
HK.02588,中银航空租赁,2018-01-04 00:00:00,18.1924,18.1924,18.4424,17.9424,8.341,0.00036,252150.0,10425137.0,1.1115804450768063,17.9924
HK.02588,中银航空租赁,2018-01-05 00:00:00,18.7424,18.9924,19.4424,18.7424,8.502,0.00254,1760705.0,74554200.0,4.397440689518704,18.1924
HK.02588,中银航空租赁,2018-01-08 00:00:00,19.2424,19.1924,19.4424,18.7924,8.543,0.00069,477800.0,20246890.0,1.0530528000673915,18.9924
HK.02588,中银航空租赁,2018-01-09 00:00:00,19.2924,19.2924,19.3424,19.1924,8.563,0.00081,560309.0,23809180.0,0.5210395781663649,19.1924
HK.02588,中银航空租赁,2018-01-10 00:00:00,19.0924,22.7924,22.9424,19.0924,9.268,0.00438,3042652.0,135466301.0,18.141858970371754,19.2924
HK.02588,中银航空租赁,2018-01-11 00:00:00,22.7924,23.2424,23.9424,22.0424,9.359,0.00236,1639234.0,76053984.0,1.9743423246345242,22.7924
HK.02588,中银航空租赁,2018-01-12 00:00:00,23.5924,23.3924,23.7924,22.5924,9.389,0.00179,1241752.0,57781549.0,0.6453722507142059,23.2424
HK.02588,中银航空租赁,2018-01-15 00:00:00,23.5924,23.0924,24.6424,22.6424,9.329,0.0017,1181655.0,55100624.0,-1.2824678100579554,23.3924
HK.02588,中银航空租赁,2018-01-16 00:00:00,23.3424,22.5424,23.3424,21.5924,9.218,0.00179,1244265.0,56593736.0,-2.3817359824011395,23.0924
HK.02588,中银航空租赁,2018-01-17 00:00:00,22.4424,21.7924,22.4924,21.3924,9.067,0.00094,651100.0,29348935.0,-3.3270636666903255,22.5424
HK.02588,中银航空租赁,2018-01-18 00:00:00,21.9924,21.2924,22.6924,21.0424,8.966,0.00134,928915.0,41658916.0,-2.2943778565004314,21.7924
HK.02588,中银航空租赁,2018-01-19 00:00:00,21.2924,21.9924,21.9924,20.7424,9.107,0.00087,600714.0,26798581.0,3.2875580019161728,21.2924
HK.02588,中银航空租赁,2018-01-22 00:00:00,21.7924,22.4924,22.6924,21.5424,9.208,0.00094,655000.0,29912230.0,2.2735126680125863,21.9924
HK.02588,中银航空租赁,2018-01-23 00:00:00,22.3924,22.4924,22.4924,21.8424,9.208,0.00074,511177.0,23201830.0,0.0,22.4924
HK.02588,中银航空租赁,2018-01-24 00:00:00,22.4924,22.6424,22.7424,22.1924,9.238,0.0009,621338.0,28391236.0,0.6668919279400979,22.4924
HK.02588,中银航空租赁,2018-01-25 00:00:00,22.4924,23.6424,24.2924,22.2424,9.439,0.0016,1111890.0,52081481.0,4.416492951277251,22.6424
HK.02588,中银航空租赁,2018-01-26 00:00:00,23.6424,23.2924,24.2924,23.2924,9.369,0.0009,627265.0,29394118.0,-1.480391161641787,23.6424
HK.02588,中银航空租赁,2018-01-29 00:00:00,23.2424,23.7424,23.9424,22.9424,9.46,0.00105,727148.0,34017021.0,1.931960639521901,23.2924
HK.02588,中银航空租赁,2018-01-30 00:00:00,23.5924,22.8424,23.5924,22.8424,9.278,0.0015,1041670.0,48268775.0,-3.790686703955786,23.7424
HK.02588,中银航空租赁,2018-01-31 00:00:00,22.8424,22.7924,22.8424,21.9424,9.268,0.0018,1248400.0,56998050.0,-0.21889118481420827,22.8424
HK.02588,中银航空租赁,2018-02-01 00:00:00,22.9924,23.0924,23.5424,22.6924,9.329,0.0015,1041500.0,48099902.0,1.3162282164230215,22.7924
HK.02588,中银航空租赁,2018-02-02 00:00:00,22.9924,22.5424,22.9924,22.2924,9.218,0.00113,784822.0,35876999.0,-2.3817359824011395,23.0924
HK.02588,中银航空租赁,2018-02-05 00:00:00,22.0924,22.1424,22.4424,21.7924,9.137,0.00155,1077363.0,48823811.0,-1.7744339555681832,22.5424
HK.02588,中银航空租赁,2018-02-06 00:00:00,21.7924,19.7924,21.8924,19.4424,8.664,0.00481,3341560.0,144844725.0,-10.613122335428852,22.1424
HK.02588,中银航空租赁,2018-02-07 00:00:00,20.2924,19.4424,21.1924,18.8924,8.593,0.00449,3116410.0,133840033.0,-1.7683555304056173,19.7924
HK.02588,中银航空租赁,2018-02-08 00:00:00,20.0924,20.2424,20.5424,19.5924,8.754,0.00127,881063.0,38175161.0,4.114718347529116,19.4424
HK.02588,中银航空租赁,2018-02-09 00:00:00,19.6924,18.6924,19.6924,18.1924,8.442,0.00219,1517591.0,63529715.0,-7.657194799035691,20.2424
HK.02588,中银航空租赁,2018-02-12 00:00:00,19.2924,19.4924,19.5924,19.0924,8.603,0.00051,355988.0,15164449.0,4.27981425606129,18.6924
HK.02588,中银航空租赁,2018-02-13 00:00:00,19.6924,19.6424,19.7924,19.4424,8.633,0.00064,446013.0,19098155.0,0.7695306888838654,19.4924
HK.02588,中银航空租赁,2018-02-14 00:00:00,19.5924,20.0924,20.2924,19.5924,8.724,0.00071,495600.0,21385322.0,2.290962407852416,19.6424
HK.02588,中银航空租赁,2018-02-15 00:00:00,20.0924,19.7924,20.2924,19.7424,8.664,0.00048,334900.0,14490407.0,-1.4931018693635438,20.0924
HK.02588,中银航空租赁,2018-02-20 00:00:00,19.7924,19.7924,20.1424,19.3924,8.664,0.00079,549500.0,23669488.0,0.0,19.7924
HK.02588,中银航空租赁,2018-02-21 00:00:00,19.8424,20.4924,20.6424,19.7924,8.805,0.00103,713137.0,30855671.0,3.5367110608112164,19.7924
HK.02588,中银航空租赁,2018-02-22 00:00:00,19.7924,20.6924,20.7424,19.7924,8.845,0.00102,707154.0,30923268.0,0.9759715797075954,20.4924
HK.02588,中银航空租赁,2018-02-23 00:00:00,20.1924,20.3924,20.6424,19.7424,8.785,0.0007,483650.0,21031335.0,-1.449807658850596,20.6924
HK.02588,中银航空租赁,2018-02-26 00:00:00,20.3424,20.4424,20.4424,19.8424,8.795,0.00079,550100.0,23902580.0,0.24518938428042172,20.3924
HK.02588,中银航空租赁,2018-02-27 00:00:00,20.5924,20.6424,20.8424,20.0924,8.835,0.0008,554900.0,24264155.0,0.9783587054357575,20.4424
HK.02588,中银航空租赁,2018-02-28 00:00:00,20.5924,20.5924,20.6924,19.7424,8.825,0.00105,728078.0,31695300.0,-0.2422198969111981,20.6424
HK.02588,中银航空租赁,2018-03-01 00:00:00,20.4424,20.6924,20.7924,19.7924,8.845,0.00052,362700.0,15844751.0,0.48561605252422185,20.5924
HK.02588,中银航空租赁,2018-03-02 00:00:00,20.0924,19.5424,20.2424,19.3924,8.613,0.00051,354300.0,15181940.0,-5.557596025593932,20.6924
HK.02588,中银航空租赁,2018-03-05 00:00:00,19.2924,19.2424,19.8924,18.9924,8.553,0.00109,756830.0,32189510.0,-1.5351236286228953,19.5424
HK.02588,中银航空租赁,2018-03-06 00:00:00,19.0424,19.2924,19.4424,18.5924,8.563,0.00109,757438.0,32022030.0,0.2598428470461102,19.2424
HK.02588,中银航空租赁,2018-03-07 00:00:00,19.0924,19.7424,20.0424,18.6424,8.654,0.00136,944247.0,40431960.0,2.332524724762079,19.2924
HK.02588,中银航空租赁,2018-03-08 00:00:00,19.7924,19.7924,19.9924,19.5424,8.664,0.0009,626210.0,26909395.0,0.25326201474998333,19.7424
HK.02588,中银航空租赁,2018-03-09 00:00:00,19.8424,20.2924,20.4424,19.8424,8.764,0.00035,241300.0,10482155.0,2.526222186293729,19.7924
HK.02588,中银航空租赁,2018-03-12 00:00:00,19.9424,20.4424,20.5924,19.9424,8.795,0.00058,401345.0,17527884.0,0.7391929983639124,20.2924
HK.02588,中银航空租赁,2018-03-13 00:00:00,20.2924,20.4424,20.5424,20.2924,8.795,0.00074,511485.0,22312673.0,0.0,20.4424
HK.02588,中银航空租赁,2018-03-14 00:00:00,20.5424,20.3424,20.5924,19.8924,8.774,0.00032,222404.0,9672163.0,-0.4891793527178701,20.4424
HK.02588,中银航空租赁,2018-03-15 00:00:00,21.5424,22.8424,23.1924,21.4924,9.278,0.00324,2247554.0,102762964.0,12.289602013528393,20.3424
HK.02588,中银航空租赁,2018-03-16 00:00:00,22.9924,22.1924,22.9924,21.8424,6.835,0.00204,1417117.0,64492840.0,-2.845585402584676,22.8424
HK.02588,中银航空租赁,2018-03-19 00:00:00,22.1424,23.8424,23.9424,21.9924,7.083,0.00164,1137780.0,52631395.0,7.434977740127261,22.1924
HK.02588,中银航空租赁,2018-03-20 00:00:00,23.7924,23.6424,23.7924,22.3424,7.053,0.0011,765004.0,35678452.0,-0.8388417273428967,23.8424
HK.02588,中银航空租赁,2018-03-21 00:00:00,23.2924,23.4424,23.6424,22.9424,7.023,0.00106,732368.0,34111387.0,-0.845937806652452,23.6424
HK.02588,中银航空租赁,2018-03-22 00:00:00,23.6424,23.2424,23.6424,22.2924,6.993,0.0008,552800.0,25664426.0,-0.8531549670682154,23.4424
HK.02588,中银航空租赁,2018-03-23 00:00:00,21.7924,22.4924,22.4924,21.0924,6.88,0.0013,905328.0,40715948.0,-3.2268612535710597,23.2424
HK.02588,中银航空租赁,2018-03-26 00:00:00,22.0424,22.6424,22.6424,21.9424,6.903,0.00065,453189.0,20593825.0,0.6668919279400979,22.4924
HK.02588,中银航空租赁,2018-03-27 00:00:00,22.7924,23.0924,23.6424,22.6424,6.97,0.00188,1304650.0,60539070.0,1.987421828074775,22.6424
HK.02588,中银航空租赁,2018-03-28 00:00:00,22.7424,22.4924,23.2424,22.1424,6.88,0.00098,680500.0,31238065.0,-2.5982574353467,23.0924
HK.02588,中银航空租赁,2018-03-29 00:00:00,22.4924,23.4424,23.4924,21.1424,7.023,0.0013,905623.0,41520972.0,4.22364887695399,22.4924
HK.02588,中银航空租赁,2018-04-03 00:00:00,23.1924,23.3924,23.5924,22.3924,7.015,0.00118,820722.0,38169028.0,-0.21328874176705762,23.4424
HK.02588,中银航空租赁,2018-04-04 00:00:00,23.6424,23.7424,24.2924,23.0924,7.068,0.00103,711757.0,33502871.0,1.4962124450676348,23.3924
HK.02588,中银航空租赁,2018-04-06 00:00:00,23.9924,24.5924,24.8924,23.2924,7.196,0.00157,1087000.0,51478715.0,3.5800929981804765,23.7424
HK.02588,中银航空租赁,2018-04-09 00:00:00,24.7924,24.1424,25.5924,23.9924,7.128,0.0017,1182689.0,56552976.0,-1.8298336071306698,24.5924
HK.02588,中银航空租赁,2018-04-10 00:00:00,24.3924,23.4924,24.9424,23.4424,7.031,0.00216,1497086.0,70746090.0,-2.692358671880172,24.1424
HK.02588,中银航空租赁,2018-04-11 00:00:00,23.5424,23.1424,23.8424,23.0424,6.978,0.00212,1473635.0,68445955.0,-1.4898435238630425,23.4924
HK.02588,中银航空租赁,2018-04-12 00:00:00,23.2424,22.8924,23.2424,22.4924,6.94,0.00187,1297800.0,59770845.0,-1.0802682522123894,23.1424
HK.02588,中银航空租赁,2018-04-13 00:00:00,22.8924,23.5424,23.8924,22.6924,7.038,0.00303,2105760.0,98596386.0,2.8393702713564424,22.8924
HK.02588,中银航空租赁,2018-04-16 00:00:00,24.0424,23.2924,24.0424,22.9924,7.0,0.00074,512200.0,23800027.0,-1.0619138235693897,23.5424
HK.02588,中银航空租赁,2018-04-17 00:00:00,23.2924,22.4924,23.9924,22.4924,6.88,0.00175,1215900.0,56654451.0,-3.434596692483388,23.2924
HK.02588,中银航空租赁,2018-04-18 00:00:00,23.1924,23.1424,23.5424,22.7924,6.978,0.00111,770200.0,35746250.0,2.8898650210737786,22.4924
HK.02588,中银航空租赁,2018-04-19 00:00:00,23.2924,22.8924,23.5924,22.6924,6.94,0.00097,675345.0,31175495.0,-1.0802682522123894,23.1424
HK.02588,中银航空租赁,2018-04-20 00:00:00,22.6924,22.8924,23.3424,22.6924,6.94,0.0008,558184.0,25817360.0,0.0,22.8924
HK.02588,中银航空租赁,2018-04-23 00:00:00,22.8924,22.7924,23.1924,22.5924,6.925,0.00081,560967.0,25820055.0,-0.43682619559328806,22.8924
HK.02588,中银航空租赁,2018-04-24 00:00:00,23.2424,23.5424,23.5424,22.5924,7.038,0.00215,1490500.0,69062710.0,3.2905705410575457,22.7924
HK.02588,中银航空租赁,2018-04-25 00:00:00,23.2924,22.8424,23.2924,22.5924,6.933,0.00085,586600.0,27035290.0,-2.973358705994288,23.5424
HK.02588,中银航空租赁,2018-04-26 00:00:00,22.9424,22.2424,23.2924,21.8924,6.842,0.00154,1071856.0,48991888.0,-2.626694217770468,22.8424
HK.02588,中银航空租赁,2018-04-27 00:00:00,22.6924,22.7424,22.7424,22.0924,6.918,0.00064,444950.0,20320277.0,2.247958853361148,22.2424
HK.02588,中银航空租赁,2018-04-30 00:00:00,22.6424,22.7924,23.0924,22.2424,6.925,0.0008,556903.0,25593225.0,0.2198536654003127,22.7424
HK.02588,中银航空租赁,2018-05-02 00:00:00,22.7924,22.6924,22.9424,22.3924,6.91,0.00053,366300.0,16822660.0,-0.43874273880767894,22.7924
HK.02588,中银航空租赁,2018-05-03 00:00:00,23.0924,22.9424,23.1924,22.6424,6.948,0.00123,854569.0,39418518.0,1.1016904338016253,22.6924
HK.02588,中银航空租赁,2018-05-04 00:00:00,22.8424,23.0924,23.4924,22.8424,6.97,0.00183,1268704.0,58842769.0,0.6538112839110213,22.9424
HK.02588,中银航空租赁,2018-05-07 00:00:00,23.2924,23.5924,23.6424,22.9424,7.046,0.00413,2866812.0,133899879.0,2.1652145294555782,23.0924
HK.02588,中银航空租赁,2018-05-08 00:00:00,23.8424,23.4924,24.1924,23.2424,7.031,0.0017,1179314.0,55170590.0,-0.4238653125582875,23.5924
HK.02588,中银航空租赁,2018-05-09 00:00:00,23.4924,23.6424,24.2924,23.3924,7.053,0.00318,2204400.0,103708113.0,0.6385043673698668,23.4924
HK.02588,中银航空租赁,2018-05-10 00:00:00,23.8424,24.7924,25.0924,23.7924,7.226,0.00311,2160263.0,103399918.0,4.864142388251625,23.6424
HK.02588,中银航空租赁,2018-05-11 00:00:00,24.8924,25.4924,25.8424,24.5924,7.332,0.00166,1152100.0,55909158.0,2.8234458947096663,24.7924
HK.02588,中银航空租赁,2018-05-14 00:00:00,25.4924,25.4924,26.5424,25.4924,7.332,0.00293,2031536.0,100106180.0,0.0,25.4924
HK.02588,中银航空租赁,2018-05-15 00:00:00,25.4924,25.6424,26.1924,25.2424,7.354,0.0028,1940815.0,94575191.0,0.5884106635703135,25.4924
HK.02588,中银航空租赁,2018-05-16 00:00:00,25.6424,25.8424,26.6424,25.1424,7.384,0.00197,1367919.0,67125826.0,0.7799581942407998,25.6424
HK.02588,中银航空租赁,2018-05-17 00:00:00,25.8924,25.5424,25.9924,25.1924,7.339,0.00138,959900.0,46871965.0,-1.160882890134046,25.8424
HK.02588,中银航空租赁,2018-05-18 00:00:00,25.6924,25.8924,26.2424,25.1924,7.392,0.00159,1100600.0,54029453.0,1.370270608869949,25.5424
HK.02588,中银航空租赁,2018-05-21 00:00:00,25.5924,25.9424,26.1924,25.5924,7.399,0.00114,789100.0,38733693.0,0.19310685761073024,25.8924
HK.02588,中银航空租赁,2018-05-23 00:00:00,26.6424,25.9924,26.6424,25.8424,7.407,0.00446,3093760.0,153076858.0,0.19273467373874703,25.9424
HK.02588,中银航空租赁,2018-05-24 00:00:00,25.7924,25.5424,25.9924,25.0424,7.339,0.02886,20026000.0,950363391.0,-1.731275295855709,25.9924
HK.02588,中银航空租赁,2018-05-25 00:00:00,25.5424,25.4924,26.2424,25.0924,7.332,0.00241,1669172.0,81565530.0,-0.1957529441242824,25.5424
HK.02588,中银航空租赁,2018-05-28 00:00:00,25.7924,25.4924,25.7924,25.1924,7.332,0.0013,901173.0,43787768.0,0.0,25.4924
HK.02588,中银航空租赁,2018-05-29 00:00:00,25.6924,25.0924,25.7424,24.6424,7.271,0.00189,1312031.0,63295592.0,-1.5690951028541784,25.4924
HK.02588,中银航空租赁,2018-05-30 00:00:00,24.9924,25.0924,25.2924,24.4924,7.271,0.00305,2115851.0,101760633.0,0.0,25.0924
HK.02588,中银航空租赁,2018-05-31 00:00:00,25.9424,25.4924,26.7424,25.0924,7.332,0.02774,19248992.0,939021533.0,1.59410817618083,25.0924
HK.02588,中银航空租赁,2018-06-01 00:00:00,25.699,25.099,25.799,24.349,7.046,0.00235,1630528.0,76174605.0,-1.543205033657089,25.4924
HK.02588,中银航空租赁,2018-06-04 00:00:00,25.949,26.449,26.499,25.349,7.249,0.00237,1645187.0,78873604.0,5.378700346627361,25.099
HK.02588,中银航空租赁,2018-06-05 00:00:00,26.499,26.649,27.149,26.449,7.279,0.00243,1688540.0,81621565.0,0.7561722560399231,26.449
HK.02588,中银航空租赁,2018-06-06 00:00:00,26.649,27.049,27.199,26.599,7.339,0.00199,1379746.0,67161687.0,1.5009944087958218,26.649
HK.02588,中银航空租赁,2018-06-07 00:00:00,27.299,27.449,27.499,27.099,7.399,0.00146,1014100.0,49664961.0,1.4787977374394696,27.049
HK.02588,中银航空租赁,2018-06-08 00:00:00,27.449,27.249,27.799,26.849,7.369,0.00154,1066303.0,52232342.0,-0.7286239935881191,27.449
HK.02588,中银航空租赁,2018-06-11 00:00:00,27.249,27.049,27.299,26.499,7.339,0.0007,484700.0,23583400.0,-0.7339718888766534,27.249
HK.02588,中银航空租赁,2018-06-12 00:00:00,26.599,27.799,27.799,26.599,7.452,0.00124,859400.0,42312955.0,2.7727457576989907,27.049
HK.02588,中银航空租赁,2018-06-13 00:00:00,27.799,29.099,29.099,27.699,7.648,0.00264,1833600.0,92601770.0,4.67642720961186,27.799
HK.02588,中银航空租赁,2018-06-14 00:00:00,29.149,28.699,29.749,28.199,7.588,0.00188,1305600.0,66149946.0,-1.3746176844565055,29.099
HK.02588,中银航空租赁,2018-06-15 00:00:00,28.449,27.849,28.749,27.799,7.46,0.00151,1048536.0,52214446.0,-2.9617756716261936,28.699
HK.02588,中银航空租赁,2018-06-19 00:00:00,27.849,28.399,30.099,27.799,7.542,0.00277,1920800.0,96187899.0,1.974936263420592,27.849
HK.02588,中银航空租赁,2018-06-20 00:00:00,27.899,27.749,28.149,27.149,7.445,0.00098,680790.0,33638562.0,-2.288812986372767,28.399
HK.02588,中银航空租赁,2018-06-21 00:00:00,27.849,28.099,28.999,27.799,7.497,0.00115,796399.0,39820478.0,1.2613067137554559,27.749
HK.02588,中银航空租赁,2018-06-22 00:00:00,27.499,27.749,27.999,27.249,7.445,0.00119,823200.0,40707565.0,-1.245595928680741,28.099
HK.02588,中银航空租赁,2018-06-25 00:00:00,28.049,27.599,28.049,26.899,7.422,0.00099,688354.0,33853401.0,-0.5405600201809023,27.749
HK.02588,中银航空租赁,2018-06-26 00:00:00,27.849,26.849,27.899,26.449,7.309,0.00141,978300.0,47750417.0,-2.7174897641218885,27.599
HK.02588,中银航空租赁,2018-06-27 00:00:00,27.299,27.099,27.449,26.749,7.347,0.00089,615708.0,30079095.0,0.931133375544713,26.849
HK.02588,中银航空租赁,2018-06-28 00:00:00,27.199,26.449,27.199,25.949,7.249,0.00072,496303.0,23942765.0,-2.398612494926007,27.099
HK.02588,中银航空租赁,2018-06-29 00:00:00,25.949,27.049,27.099,25.599,7.339,0.0014,968404.0,46857576.0,2.2685167681197695,26.449
HK.02588,中银航空租赁,2018-07-03 00:00:00,24.849,26.599,26.849,24.649,7.271,0.00181,1258801.0,59724448.0,-1.6636474546193918,27.049
HK.02588,中银航空租赁,2018-07-04 00:00:00,26.099,25.649,26.399,25.499,7.128,0.00083,577267.0,27470088.0,-3.571562840708294,26.599
HK.02588,中银航空租赁,2018-07-05 00:00:00,25.849,25.599,25.949,25.149,7.121,0.00085,588700.0,27742345.0,-0.19493937385473395,25.649
HK.02588,中银航空租赁,2018-07-06 00:00:00,25.749,25.449,26.449,25.099,7.098,0.00095,656693.0,31170678.0,-0.5859603890776928,25.599
HK.02588,中银航空租赁,2018-07-09 00:00:00,25.599,26.549,27.699,25.399,7.264,0.00104,721800.0,34905862.0,4.322370230657384,25.449
HK.02588,中银航空租赁,2018-07-10 00:00:00,26.799,26.549,27.249,26.299,7.264,0.00083,574626.0,27748534.0,0.0,26.549
HK.02588,中银航空租赁,2018-07-11 00:00:00,26.299,26.499,26.649,25.699,7.256,0.00101,702017.0,33688429.0,-0.18833101058420548,26.549
HK.02588,中银航空租赁,2018-07-12 00:00:00,26.499,26.649,26.999,26.299,7.279,0.00054,375511.0,18172955.0,0.5660590965696899,26.499
HK.02588,中银航空租赁,2018-07-13 00:00:00,27.099,26.799,27.299,26.649,7.302,0.00033,226621.0,11021680.0,0.5628729032984299,26.649
HK.02588,中银航空租赁,2018-07-16 00:00:00,26.599,26.299,27.049,26.099,7.226,0.00076,525800.0,25251390.0,-1.8657412590022016,26.799
HK.02588,中银航空租赁,2018-07-17 00:00:00,26.499,25.849,26.499,25.649,7.158,0.00079,546508.0,26005340.0,-1.7110916764895976,26.299
HK.02588,中银航空租赁,2018-07-18 00:00:00,25.949,25.999,26.649,25.949,7.181,0.00069,481030.0,23014772.0,0.5802932415180416,25.849
HK.02588,中银航空租赁,2018-07-19 00:00:00,26.099,25.749,26.199,25.599,7.143,0.00083,575716.0,27409943.0,-0.9615754452094313,25.999
HK.02588,中银航空租赁,2018-07-20 00:00:00,26.149,25.799,26.499,25.249,7.151,0.00062,430665.0,20507624.0,0.19418229834168593,25.749
HK.02588,中银航空租赁,2018-07-23 00:00:00,25.799,25.699,26.399,25.499,7.136,0.00104,720823.0,34237390.0,-0.38761192294274144,25.799
HK.02588,中银航空租赁,2018-07-24 00:00:00,25.999,25.799,26.599,25.549,7.151,0.00088,611800.0,29210177.0,0.3891201992295337,25.699
HK.02588,中银航空租赁,2018-07-25 00:00:00,26.199,27.049,27.249,25.699,7.339,0.00097,670812.0,32451277.0,4.845149036784371,25.799
HK.02588,中银航空租赁,2018-07-26 00:00:00,27.249,27.199,27.899,27.099,7.362,0.00073,509347.0,25026635.0,0.5545491515398061,27.049
HK.02588,中银航空租赁,2018-07-27 00:00:00,27.199,27.599,27.749,26.849,7.422,0.00068,474900.0,23368010.0,1.470642303025841,27.199
HK.02588,中银航空租赁,2018-07-30 00:00:00,27.099,27.349,27.749,26.799,7.384,0.0007,487600.0,23904574.0,-0.9058299213739629,27.599
HK.02588,中银航空租赁,2018-07-31 00:00:00,27.299,27.699,27.799,26.949,7.437,0.00096,665000.0,32683525.0,1.2797542871768672,27.349
HK.02588,中银航空租赁,2018-08-01 00:00:00,27.899,28.149,28.199,27.499,7.505,0.00123,853070.0,42378232.0,1.624607386548248,27.699
HK.02588,中银航空租赁,2018-08-02 00:00:00,28.299,27.299,28.299,27.149,7.377,0.00071,490362.0,24052349.0,-3.0196454580979837,28.149
HK.02588,中银航空租赁,2018-08-03 00:00:00,27.299,26.899,27.399,26.599,7.317,0.00069,475797.0,23116287.0,-1.465255137550821,27.299
HK.02588,中银航空租赁,2018-08-06 00:00:00,27.249,26.849,27.249,26.449,7.309,0.00052,358900.0,17426150.0,-0.18588051600431507,26.899
HK.02588,中银航空租赁,2018-08-07 00:00:00,26.849,27.699,27.899,26.799,7.437,0.00086,594317.0,29135107.0,3.1658534768520297,26.849
HK.02588,中银航空租赁,2018-08-08 00:00:00,27.699,27.999,28.199,27.549,7.482,0.00111,770100.0,38189787.0,1.0830715910321569,27.699
HK.02588,中银航空租赁,2018-08-09 00:00:00,27.599,29.549,29.849,27.599,7.716,0.00179,1242235.0,63197365.0,5.535911996857033,27.999
HK.02588,中银航空租赁,2018-08-10 00:00:00,29.749,28.899,29.749,28.349,7.618,0.00124,861945.0,43770101.0,-2.199736031676194,29.549
HK.02588,中银航空租赁,2018-08-13 00:00:00,29.299,28.099,29.299,27.749,7.497,0.00051,350785.0,17495274.0,-2.7682618775736207,28.899
HK.02588,中银航空租赁,2018-08-14 00:00:00,27.699,29.949,29.949,27.649,7.776,0.00117,810688.0,41167469.0,6.583864194455323,28.099
HK.02588,中银航空租赁,2018-08-15 00:00:00,29.949,27.549,29.949,27.399,7.414,0.00113,787000.0,39294649.0,-8.013623159370937,29.949
HK.02588,中银航空租赁,2018-08-16 00:00:00,28.499,29.749,30.549,27.199,7.746,0.00592,4105201.0,210785347.0,7.985770808377797,27.549
HK.02588,中银航空租赁,2018-08-17 00:00:00,31.249,31.349,31.449,30.549,7.987,0.00417,2890587.0,152674040.0,5.378332044774619,29.749
HK.02588,中银航空租赁,2018-08-20 00:00:00,31.299,32.999,33.799,30.499,8.235,0.00302,2094424.0,114349850.0,5.263325783916559,31.349
HK.02588,中银航空租赁,2018-08-21 00:00:00,33.249,35.699,36.099,32.799,8.641,0.00789,5472978.0,306681982.0,8.182066123215842,32.999
HK.02588,中银航空租赁,2018-08-22 00:00:00,35.899,34.799,36.399,34.099,8.506,0.00354,2457077.0,140121572.0,-2.5210790218213357,35.699
HK.02588,中银航空租赁,2018-08-23 00:00:00,34.399,34.999,35.249,33.749,8.536,0.00319,2213664.0,124664173.0,0.5747291588838841,34.799
HK.02588,中银航空租赁,2018-08-24 00:00:00,33.999,36.199,36.199,33.999,8.717,0.00241,1674000.0,95977997.0,3.428669390554003,34.999
HK.02588,中银航空租赁,2018-08-27 00:00:00,36.249,36.699,37.249,36.099,8.792,0.00251,1740500.0,101379269.0,1.3812536257907677,36.199
HK.02588,中银航空租赁,2018-08-28 00:00:00,37.149,37.699,37.699,36.249,8.943,0.00239,1656256.0,97126971.0,2.724869887462874,36.699
HK.02588,中银航空租赁,2018-08-29 00:00:00,37.349,37.949,37.949,36.799,8.98,0.00169,1173456.0,69426059.0,0.6631475635958514,37.699
HK.02588,中银航空租赁,2018-08-30 00:00:00,38.099,36.349,38.099,36.149,8.739,0.00381,2644328.0,155025606.0,-4.216184879706979,37.949
HK.02588,中银航空租赁,2018-08-31 00:00:00,36.249,35.799,36.499,35.599,8.657,0.00517,3591003.0,206942772.0,-1.5131090263831115,36.349
HK.02588,中银航空租赁,2018-09-03 00:00:00,36.549,35.299,36.949,35.299,8.581,0.00164,1140864.0,65484573.0,-1.3966870582977178,35.799
HK.02588,中银航空租赁,2018-09-04 00:00:00,35.299,36.299,36.299,35.199,8.732,0.00199,1379200.0,79008130.0,2.8329414431003714,35.299
HK.02588,中银航空租赁,2018-09-05 00:00:00,36.499,35.899,36.699,35.599,8.672,0.0012,830662.0,48065348.0,-1.101958731645496,36.299
HK.02588,中银航空租赁,2018-09-06 00:00:00,36.099,35.199,36.549,34.599,8.566,0.00184,1275561.0,73157082.0,-1.9499150394161477,35.899
HK.02588,中银航空租赁,2018-09-07 00:00:00,35.049,35.099,35.399,34.099,8.551,0.00252,1751043.0,99533717.0,-0.28409898008466555,35.199
HK.02588,中银航空租赁,2018-09-10 00:00:00,35.749,35.099,35.749,34.549,8.551,0.00081,561219.0,31844154.0,0.0,35.099
HK.02588,中银航空租赁,2018-09-11 00:00:00,35.099,34.749,35.449,34.349,8.498,0.00103,717560.0,40555432.0,-0.997179406820691,35.099
HK.02588,中银航空租赁,2018-09-12 00:00:00,35.249,34.749,35.899,34.749,8.498,0.00576,3994405.0,227739765.0,0.0,34.749
HK.02588,中银航空租赁,2018-09-13 00:00:00,34.799,35.849,36.099,34.799,8.664,0.00224,1555715.0,89248178.0,3.16555872111426,34.749
HK.02588,中银航空租赁,2018-09-14 00:00:00,35.899,38.399,38.749,35.649,9.048,0.00323,2239848.0,133485692.0,7.113169126056527,35.849
HK.02588,中银航空租赁,2018-09-17 00:00:00,37.749,37.199,37.999,36.599,8.867,0.00269,1867600.0,110018070.0,-3.125081382327672,38.399
HK.02588,中银航空租赁,2018-09-18 00:00:00,37.749,36.799,37.749,36.499,8.807,0.00192,1329258.0,77915308.0,-1.0752977230570675,37.199
HK.02588,中银航空租赁,2018-09-19 00:00:00,37.299,37.449,38.299,36.799,8.905,0.00139,965200.0,57323385.0,1.766352346531152,36.799
HK.02588,中银航空租赁,2018-09-20 00:00:00,36.849,40.399,40.399,36.849,9.349,0.00324,2249836.0,136900851.0,7.8773799033352105,37.449
HK.02588,中银航空租赁,2018-09-21 00:00:00,40.299,39.849,40.299,39.349,9.266,0.00299,2075239.0,127541758.0,-1.3614198371246917,40.399
HK.02588,中银航空租赁,2018-09-24 00:00:00,39.499,38.699,39.499,38.399,9.093,0.00418,2903018.0,175344906.0,-2.8858942507967544,39.849
HK.02588,中银航空租赁,2018-09-26 00:00:00,39.249,38.699,40.299,38.149,9.093,0.00301,2090900.0,127265264.0,0.0,38.699
HK.02588,中银航空租赁,2018-09-27 00:00:00,39.649,40.149,40.199,38.299,9.311,0.00127,880906.0,54144020.0,3.7468668441045065,38.699
HK.02588,中银航空租赁,2018-09-28 00:00:00,41.2032,40.0032,41.2032,39.3532,9.138,0.00098,679860.0,41183750.0,-0.3631472763954302,40.149
HK.02588,中银航空租赁,2018-10-02 00:00:00,39.3032,38.6532,40.0032,38.1532,8.935,0.00129,893107.0,53128482.0,-3.374730021598276,40.0032
HK.02588,中银航空租赁,2018-10-03 00:00:00,38.5532,39.7032,39.8032,38.3032,9.093,0.00094,651040.0,39029612.0,2.716463319983868,38.6532
HK.02588,中银航空租赁,2018-10-04 00:00:00,39.7032,37.4032,39.7532,36.6032,8.747,0.0013,901894.0,52465650.0,-5.792983940841051,39.7032
HK.02588,中银航空租赁,2018-10-05 00:00:00,37.4532,36.7532,37.4532,35.3532,8.649,0.00141,975630.0,55749196.0,-1.7378192240236092,37.4032
HK.02588,中银航空租赁,2018-10-08 00:00:00,36.6532,35.5032,37.0032,35.1032,8.461,0.00102,710813.0,40317910.0,-3.4010643971137204,36.7532
HK.02588,中银航空租赁,2018-10-09 00:00:00,35.1032,36.3032,36.7032,35.1032,8.581,0.00122,846200.0,48198482.0,2.2533180107708524,35.5032
HK.02588,中银航空租赁,2018-10-10 00:00:00,37.2532,36.4532,37.2532,35.9532,8.604,0.00136,942400.0,53969823.0,0.4131867163225438,36.3032
HK.02588,中银航空租赁,2018-10-11 00:00:00,36.0032,34.2032,36.0032,33.2532,8.265,0.00336,2334100.0,128184125.0,-6.172297630935007,36.4532
HK.02588,中银航空租赁,2018-10-12 00:00:00,34.3532,35.5032,35.5032,34.0532,8.461,0.0011,763368.0,42217092.0,3.8008139589278107,34.2032
HK.02588,中银航空租赁,2018-10-15 00:00:00,34.9532,34.4032,35.5032,34.0032,8.295,0.00086,597300.0,32970775.0,-3.0983122648099366,35.5032
HK.02588,中银航空租赁,2018-10-16 00:00:00,34.2532,35.0532,35.8032,34.2032,8.393,0.00329,2282294.0,127072834.0,1.8893591293833092,34.4032
HK.02588,中银航空租赁,2018-10-18 00:00:00,35.7532,35.0532,36.0532,34.4532,8.393,0.0011,765060.0,42704376.0,0.0,35.0532
HK.02588,中银航空租赁,2018-10-19 00:00:00,34.9032,37.1532,37.4032,33.8032,8.713,0.00126,876328.0,50150981.0,5.990893841361135,35.0532
HK.02588,中银航空租赁,2018-10-22 00:00:00,36.9032,37.1032,37.4532,36.1032,8.706,0.0012,830377.0,47902099.0,-0.134577909843559,37.1532
HK.02588,中银航空租赁,2018-10-23 00:00:00,36.3032,34.3032,36.8032,34.3032,8.284,0.00159,1103965.0,61484290.0,-7.546518898639482,37.1032
HK.02588,中银航空租赁,2018-10-24 00:00:00,35.1532,35.1532,36.4532,34.3532,8.412,0.00135,936062.0,52366608.0,2.4779029361692246,34.3032
HK.02588,中银航空租赁,2018-10-25 00:00:00,34.7032,34.1532,35.0032,33.1532,8.261,0.00165,1145733.0,62588542.0,-2.844691237213113,35.1532
HK.02588,中银航空租赁,2018-10-26 00:00:00,34.5532,33.7532,34.5532,32.8532,8.201,0.00095,661500.0,35952780.0,-1.1711933288827947,34.1532
HK.02588,中银航空租赁,2018-10-29 00:00:00,33.9032,33.5032,34.3532,32.8532,8.16,0.00166,1154000.0,62658742.0,-0.7406705142030978,33.7532
HK.02588,中银航空租赁,2018-10-30 00:00:00,33.9032,34.4032,35.0032,33.2532,8.295,0.00111,768156.0,42061748.0,2.6863105613792073,33.5032
HK.02588,中银航空租赁,2018-10-31 00:00:00,35.3032,35.3532,35.5532,34.5532,8.438,0.00123,854350.0,47724243.0,2.761371035252543,34.4032
HK.02588,中银航空租赁,2018-11-01 00:00:00,35.5532,35.6032,36.1032,34.6532,8.476,0.00059,408365.0,22892442.0,0.7071495649615877,35.3532
HK.02588,中银航空租赁,2018-11-02 00:00:00,37.3032,38.1032,38.1032,36.1032,8.852,0.00133,921200.0,53332030.0,7.02184073341722,35.6032
HK.02588,中银航空租赁,2018-11-05 00:00:00,37.3032,37.2532,38.7032,36.3032,8.724,0.00067,464600.0,26868675.0,-2.2307837661928693,38.1032
HK.02588,中银航空租赁,2018-11-06 00:00:00,37.0032,37.4032,37.6032,36.7532,8.747,0.00071,489500.0,28373170.0,0.4026499736935312,37.2532
HK.02588,中银航空租赁,2018-11-07 00:00:00,36.9032,37.8032,38.7032,36.8032,8.807,0.00128,888857.0,51990137.0,1.069427214783758,37.4032
HK.02588,中银航空租赁,2018-11-08 00:00:00,38.4032,40.3532,41.1532,37.7032,9.191,0.00178,1238590.0,75107523.0,6.745460701739548,37.8032
HK.02588,中银航空租赁,2018-11-09 00:00:00,39.3532,39.1532,39.7032,38.6532,9.01,0.00249,1729400.0,103522368.0,-2.9737418593816667,40.3532
HK.02588,中银航空租赁,2018-11-12 00:00:00,39.5032,40.9032,41.6032,39.1032,9.274,0.00185,1285500.0,79139033.0,4.469621895528335,39.1532
HK.02588,中银航空租赁,2018-11-13 00:00:00,40.4532,40.5532,41.1032,39.4032,9.221,0.00087,603265.0,36741492.0,-0.8556787732989142,40.9032
HK.02588,中银航空租赁,2018-11-14 00:00:00,41.2032,41.0032,41.2032,40.3532,9.289,0.00101,700250.0,43031082.0,1.1096534922028418,40.5532
HK.02588,中银航空租赁,2018-11-15 00:00:00,40.8532,41.1532,41.5032,40.7032,9.311,0.00054,372800.0,23022800.0,0.3658251063331608,41.0032
HK.02588,中银航空租赁,2018-11-16 00:00:00,41.1532,42.0532,43.5032,40.9032,9.447,0.00239,1656397.0,104267244.0,2.1869502250128754,41.1532
HK.02588,中银航空租赁,2018-11-19 00:00:00,42.1032,41.6032,42.3532,40.8532,9.379,0.00154,1066201.0,66505772.0,-1.070073145444332,42.0532
HK.02588,中银航空租赁,2018-11-20 00:00:00,40.8532,39.1532,40.8532,39.0032,9.01,0.00176,1217989.0,73362244.0,-5.888970079224682,41.6032
HK.02588,中银航空租赁,2018-11-21 00:00:00,38.9532,39.2032,40.2532,38.2532,9.018,0.00131,909200.0,54634632.0,0.1277034827293919,39.1532
HK.02588,中银航空租赁,2018-11-22 00:00:00,39.3032,40.4532,40.7032,38.5532,9.206,0.00056,387912.0,23667307.0,3.1885152232470815,39.2032
HK.02588,中银航空租赁,2018-11-23 00:00:00,40.5532,38.8032,40.5532,38.3532,8.958,0.00065,448000.0,26769155.0,-4.078787339444112,40.4532
HK.02588,中银航空租赁,2018-11-26 00:00:00,39.1032,40.3532,41.0032,38.7032,9.191,0.00341,2366400.0,142767173.0,3.9945159162131074,38.8032
HK.02588,中银航空租赁,2018-11-27 00:00:00,38.6032,38.4032,39.7532,38.1032,8.897,0.00181,1259218.0,74938059.0,-4.832330521495205,40.3532
HK.02588,中银航空租赁,2018-11-28 00:00:00,38.5532,39.0032,39.6032,38.1032,8.988,0.00145,1003453.0,59993780.0,1.5623698025164607,38.4032
HK.02588,中银航空租赁,2018-11-29 00:00:00,39.3032,39.1032,39.4032,38.4032,9.003,0.00108,746784.0,44529878.0,0.2563892193461086,39.0032
HK.02588,中银航空租赁,2018-11-30 00:00:00,38.8532,39.6032,39.9532,38.8532,9.078,0.0029,2009925.0,121156364.0,1.2786677305182186,39.1032
HK.02588,中银航空租赁,2018-12-03 00:00:00,40.6032,40.4032,41.5032,40.2532,9.199,0.00236,1636294.0,100344927.0,2.02003878474466,39.6032
HK.02588,中银航空租赁,2018-12-04 00:00:00,41.3032,40.5532,41.8532,40.4032,9.221,0.00276,1918798.0,118051173.0,0.3712577221606174,40.4032
HK.02588,中银航空租赁,2018-12-05 00:00:00,39.6532,40.1532,40.5532,39.3532,9.161,0.00134,932642.0,56775788.0,-0.9863586597358497,40.5532
HK.02588,中银航空租赁,2018-12-06 00:00:00,40.6532,40.0032,40.6532,39.7032,9.138,0.00213,1480456.0,89880892.0,-0.3735692298496722,40.1532
HK.02588,中银航空租赁,2018-12-07 00:00:00,39.2532,40.5032,40.6532,38.6032,9.214,0.00121,839033.0,51224290.0,1.24990000799936,40.0032
HK.02588,中银航空租赁,2018-12-10 00:00:00,40.8032,38.9532,40.9032,38.7032,8.98,0.00148,1024798.0,62083416.0,-3.8268581247901325,40.5032
HK.02588,中银航空租赁,2018-12-11 00:00:00,39.3532,39.3032,39.9032,38.8032,9.033,0.00135,939965.0,56476511.0,0.8985141143731304,38.9532
HK.02588,中银航空租赁,2018-12-12 00:00:00,39.9032,41.1032,41.2032,39.7532,9.304,0.00191,1326418.0,81224632.0,4.57977976347983,39.3032
HK.02588,中银航空租赁,2018-12-13 00:00:00,42.1032,40.9032,42.1032,40.2532,9.274,0.00205,1423685.0,87985407.0,-0.4865801202826126,41.1032
HK.02588,中银航空租赁,2018-12-14 00:00:00,41.6532,40.1532,41.6532,39.2532,9.161,0.00108,751556.0,46043463.0,-1.8335973713548084,40.9032
HK.02588,中银航空租赁,2018-12-17 00:00:00,40.7032,41.5032,41.9532,40.1532,9.364,0.0012,830200.0,51357337.0,3.3621230686470853,40.1532
HK.02588,中银航空租赁,2018-12-18 00:00:00,41.1532,40.5032,42.4032,40.4532,9.214,0.00167,1157963.0,71731522.0,-2.409452765087993,41.5032
HK.02588,中银航空租赁,2018-12-19 00:00:00,42.2532,39.9532,42.2532,39.6032,9.131,0.00057,397265.0,24137533.0,-1.357917399119075,40.5032
HK.02588,中银航空租赁,2018-12-20 00:00:00,39.6532,37.1532,39.7532,36.4032,8.709,0.00219,1522291.0,88597248.0,-7.0081995935244334,39.9532
HK.02588,中银航空租赁,2018-12-21 00:00:00,35.7032,36.5032,37.1532,33.8032,8.611,0.00195,1354201.0,77060620.0,-1.7495128279663623,37.1532
HK.02588,中银航空租赁,2018-12-24 00:00:00,36.5032,36.1032,36.5032,34.1032,8.551,0.00117,810338.0,45415361.0,-1.0957943413180176,36.5032
HK.02588,中银航空租赁,2018-12-27 00:00:00,37.8032,36.5032,38.2532,36.0032,8.611,0.00108,751020.0,43012351.0,1.1079350306897964,36.1032
HK.02588,中银航空租赁,2018-12-28 00:00:00,37.4532,36.8532,37.8532,36.4532,8.664,0.00038,264429.0,15263307.0,0.9588200486532727,36.5032
HK.02588,中银航空租赁,2018-12-31 00:00:00,37.4032,37.2532,37.5032,36.9032,8.724,0.00023,157791.0,9155120.0,1.085387429042793,36.8532
HK.02588,中银航空租赁,2019-01-02 00:00:00,37.5532,36.5032,37.7532,36.0532,8.611,0.00092,637726.0,36336946.0,-2.013249868467675,37.2532
HK.02588,中银航空租赁,2019-01-03 00:00:00,35.9032,36.0532,37.7032,35.7032,8.544,0.00084,580155.0,33022860.0,-1.232768633982782,36.5032
HK.02588,中银航空租赁,2019-01-04 00:00:00,35.9032,36.1032,36.6032,35.5532,8.551,0.00114,789900.0,44874314.0,0.13868394483708596,36.0532
HK.02588,中银航空租赁,2019-01-07 00:00:00,37.2532,37.1532,37.7532,36.1032,8.709,0.00104,720338.0,41536637.0,2.908329455560718,36.1032
HK.02588,中银航空租赁,2019-01-08 00:00:00,38.1032,36.8032,38.1032,36.4032,8.657,0.00052,363000.0,20884992.0,-0.9420453689049704,37.1532
HK.02588,中银航空租赁,2019-01-09 00:00:00,37.1532,38.0532,38.5532,37.1032,8.845,0.00129,892742.0,52451065.0,3.39644378749674,36.8032
HK.02588,中银航空租赁,2019-01-10 00:00:00,37.5032,37.7032,38.3032,36.8532,8.792,0.00073,505345.0,29442706.0,-0.9197649606340449,38.0532
HK.02588,中银航空租赁,2019-01-11 00:00:00,37.7032,39.0032,39.0532,37.6032,8.988,0.00113,784993.0,46342246.0,3.4479831950603583,37.7032
HK.02588,中银航空租赁,2019-01-14 00:00:00,38.8032,38.7532,40.2032,38.4032,8.95,0.00086,598700.0,35824974.0,-0.6409730483652624,39.0032
HK.02588,中银航空租赁,2019-01-15 00:00:00,39.7032,40.6032,41.0532,39.1032,9.229,0.00171,1184338.0,72273728.0,4.773799324958975,38.7532
HK.02588,中银航空租赁,2019-01-16 00:00:00,39.8532,41.3032,41.3032,39.8532,9.334,0.00093,643950.0,39680879.0,1.7240020490995676,40.6032
HK.02588,中银航空租赁,2019-01-17 00:00:00,42.3032,41.0032,42.3532,40.7532,9.289,0.00151,1046035.0,65152154.0,-0.7263359739681119,41.3032
HK.02588,中银航空租赁,2019-01-18 00:00:00,41.3032,41.8032,42.1032,40.2532,9.409,0.0011,761836.0,47390708.0,1.951067233776869,41.0032
HK.02588,中银航空租赁,2019-01-21 00:00:00,41.9032,42.5032,44.7032,41.1532,9.515,0.00181,1256200.0,79521410.0,1.6745129559459633,41.8032
HK.02588,中银航空租赁,2019-01-22 00:00:00,42.4532,42.6532,42.9532,42.3032,9.537,0.00083,576100.0,36472465.0,0.3529146040768662,42.5032
HK.02588,中银航空租赁,2019-01-23 00:00:00,42.6032,42.0032,42.6532,41.8532,9.439,0.00123,852600.0,53530214.0,-1.5239184867723843,42.6532
HK.02588,中银航空租赁,2019-01-24 00:00:00,42.1032,42.6032,42.9032,41.9032,9.53,0.00121,838992.0,53134680.0,1.428462593326226,42.0032
HK.02588,中银航空租赁,2019-01-25 00:00:00,42.8032,42.5532,42.9532,41.7532,9.522,0.00108,749300.0,47259387.0,-0.11736207608819117,42.6032
HK.02588,中银航空租赁,2019-01-28 00:00:00,42.8532,42.7532,43.653199999,42.5032,9.552,0.00077,533488.0,33879980.0,0.46999990600002556,42.5532
HK.02588,中银航空租赁,2019-01-29 00:00:00,42.8032,42.7532,43.1532,42.3532,9.552,0.00107,745800.0,47334505.0,0.0,42.7532
HK.02588,中银航空租赁,2019-01-30 00:00:00,43.8532,43.8532,44.1032,42.9532,9.718,0.00346,2401353.0,154651804.0,2.572906823348899,42.7532
HK.02588,中银航空租赁,2019-01-31 00:00:00,44.0532,45.6032,45.8032,43.8032,9.981,0.00134,927580.0,61160231.0,3.9905867758795255,43.8532
HK.02588,中银航空租赁,2019-02-01 00:00:00,46.153199999,46.0032,46.153199999,45.403199999,10.042,0.00118,821038.0,54591271.0,0.8771314293733741,45.6032
HK.02588,中银航空租赁,2019-02-04 00:00:00,46.0032,46.5032,47.1032,45.403199999,10.117,0.00048,335580.0,22595408.0,1.0868809126321648,46.0032
HK.02588,中银航空租赁,2019-02-08 00:00:00,45.903199999,46.2532,46.653199999,43.8032,10.079,0.00089,614940.0,41135310.0,-0.5375974126511724,46.5032
HK.02588,中银航空租赁,2019-02-11 00:00:00,46.3032,46.653199999,48.4032,46.3032,10.14,0.0009,623931.0,42306537.0,0.8648050275440445,46.2532
HK.02588,中银航空租赁,2019-02-12 00:00:00,46.6032,46.0532,46.6032,45.5532,10.049,0.00145,1003733.0,67330050.0,-1.2860854111033448,46.653199999
HK.02588,中银航空租赁,2019-02-13 00:00:00,47.3032,47.153199999,48.0532,46.7032,10.215,0.00188,1307500.0,89003087.0,2.3885419449680043,46.0532
HK.02588,中银航空租赁,2019-02-14 00:00:00,47.153199999,46.3032,47.5032,46.3032,10.087,0.00191,1323100.0,89180800.0,-1.802634813794252,47.153199999
HK.02588,中银航空租赁,2019-02-15 00:00:00,45.4532,47.5032,47.7532,45.153199999,10.267,0.00176,1221868.0,82722073.0,2.5916135385891317,46.3032
HK.02588,中银航空租赁,2019-02-18 00:00:00,47.5032,47.8032,49.6032,47.3532,10.313,0.00162,1126980.0,77440482.0,0.6315364017581914,47.5032
HK.02588,中银航空租赁,2019-02-19 00:00:00,47.8032,47.653199999,48.0032,47.0032,10.29,0.00173,1203238.0,82340844.0,-0.31378652684338104,47.8032
HK.02588,中银航空租赁,2019-02-20 00:00:00,47.4532,48.3532,49.2532,47.153199999,10.395,0.00187,1299400.0,90006079.0,1.4689464737198945,47.653199999
HK.02588,中银航空租赁,2019-02-21 00:00:00,48.9532,48.4532,49.1032,48.2532,10.411,0.00205,1424790.0,98414043.0,0.20681154504769367,48.3532
HK.02588,中银航空租赁,2019-02-22 00:00:00,47.7532,48.2032,49.1532,47.7532,10.373,0.00121,839634.0,57902147.0,-0.5159617940610733,48.4532
HK.02588,中银航空租赁,2019-02-25 00:00:00,48.2532,47.903199999,49.1532,47.653199999,10.328,0.00287,1990212.0,137168315.0,-0.6223653222192734,48.2032
HK.02588,中银航空租赁,2019-02-26 00:00:00,48.3032,48.5032,49.0032,46.3532,10.418,0.0047,3263676.0,225583220.0,1.2525259294003808,47.903199999
HK.02588,中银航空租赁,2019-02-27 00:00:00,47.8032,47.8032,48.4532,47.403199999,10.313,0.0014,968366.0,66306383.0,-1.443203747381622,48.5032
HK.02588,中银航空租赁,2019-02-28 00:00:00,47.153199999,47.2032,47.653199999,45.4532,10.222,0.002,1388842.0,94207891.0,-1.2551460990059125,47.8032
HK.02588,中银航空租赁,2019-03-01 00:00:00,46.7532,47.3532,48.7532,46.7532,10.245,0.00347,2405194.0,163810030.0,0.31777506609721073,47.2032
HK.02588,中银航空租赁,2019-03-04 00:00:00,48.2032,46.8032,48.2032,46.6032,10.162,0.00088,613976.0,41612742.0,-1.1614843347440178,47.3532
HK.02588,中银航空租赁,2019-03-05 00:00:00,46.8532,45.8032,47.3032,45.6032,10.012,0.00123,855624.0,57167316.0,-2.1366060440311774,46.8032
HK.02588,中银航空租赁,2019-03-06 00:00:00,45.1032,46.1032,47.0532,45.1032,10.057,0.00075,519669.0,34747987.0,0.6549760715408623,45.8032
HK.02588,中银航空租赁,2019-03-07 00:00:00,46.8532,45.5532,47.0032,45.2032,9.974,0.00079,550315.0,36527188.0,-1.1929757587325918,46.1032
HK.02588,中银航空租赁,2019-03-08 00:00:00,45.5532,44.6032,45.8032,44.153199999,9.831,0.0019,1320756.0,86164284.0,-2.085473687907756,45.5532
HK.02588,中银航空租赁,2019-03-11 00:00:00,44.1032,42.9532,44.7532,42.9532,9.582,0.00293,2032650.0,131028065.0,-3.6992861498726515,44.6032
HK.02588,中银航空租赁,2019-03-12 00:00:00,42.9032,41.6032,43.3032,41.1032,9.379,0.00487,3382674.0,212089467.0,-3.142955588873475,42.9532
HK.02588,中银航空租赁,2019-03-13 00:00:00,41.1032,43.1032,43.2032,39.9532,9.605,0.00654,4538604.0,282056835.0,3.605491885239597,41.6032
HK.02588,中银航空租赁,2019-03-14 00:00:00,40.3532,41.1532,42.0532,39.6032,8.876,0.00785,5451112.0,335951028.0,-4.524026058390103,43.1032
HK.02588,中银航空租赁,2019-03-15 00:00:00,40.7032,42.3032,42.6032,40.5532,9.041,0.00313,2171194.0,136466577.0,2.7944363986275635,41.1532
HK.02588,中银航空租赁,2019-03-18 00:00:00,43.1032,42.3532,43.1032,41.9532,9.048,0.00282,1960224.0,123764268.0,0.11819436827475054,42.3032
HK.02588,中银航空租赁,2019-03-19 00:00:00,42.7532,41.3032,42.7532,40.9032,8.897,0.00279,1936428.0,120330133.0,-2.4791515162962994,42.3532
HK.02588,中银航空租赁,2019-03-20 00:00:00,41.8032,39.7032,41.8032,39.6032,8.668,0.00287,1993126.0,121109733.0,-3.8737918611632867,41.3032
HK.02588,中银航空租赁,2019-03-21 00:00:00,39.7032,40.0032,40.3032,39.6032,8.711,0.00267,1849925.0,112053072.0,0.7556066009792589,39.7032
HK.02588,中银航空租赁,2019-03-22 00:00:00,39.9032,39.6532,41.3032,39.3032,8.661,0.00207,1434010.0,86568065.0,-0.8749300055995555,40.0032
HK.02588,中银航空租赁,2019-03-25 00:00:00,39.8032,39.3032,39.8032,39.1532,8.61,0.00268,1858800.0,111625080.0,-0.8826525980248794,39.6532
HK.02588,中银航空租赁,2019-03-26 00:00:00,39.6032,40.8032,40.8032,39.3032,8.826,0.00225,1564356.0,95222953.0,3.816483136233182,39.3032
HK.02588,中银航空租赁,2019-03-27 00:00:00,41.0032,39.8532,41.0032,39.7032,8.689,0.00104,720764.0,43813081.0,-2.3282487648027503,40.8032
HK.02588,中银航空租赁,2019-03-28 00:00:00,40.2032,40.8532,41.0532,39.7532,8.833,0.00196,1363178.0,83547206.0,2.509208796282356,39.8532
HK.02588,中银航空租赁,2019-03-29 00:00:00,41.3032,43.3532,43.3532,41.0532,9.192,0.00368,2557083.0,162293599.0,6.11947166929396,40.8532
HK.02588,中银航空租赁,2019-04-01 00:00:00,43.8032,43.7532,44.0032,42.5532,9.249,0.0024,1667070.0,107228089.0,0.9226539217404911,43.3532
HK.02588,中银航空租赁,2019-04-02 00:00:00,43.8532,43.8032,44.3032,43.7532,9.256,0.00133,923724.0,59667856.0,0.11427735571340417,43.7532
HK.02588,中银航空租赁,2019-04-03 00:00:00,44.1032,44.0532,44.2532,43.6032,9.292,0.00132,915174.0,59126932.0,0.5707345582057932,43.8032
HK.02588,中银航空租赁,2019-04-04 00:00:00,44.7532,44.6032,45.6032,43.5532,9.371,0.00126,874000.0,57222172.0,1.2484904615328836,44.0532
HK.02588,中银航空租赁,2019-04-08 00:00:00,45.7032,45.3532,45.7032,44.9532,9.479,0.00152,1053390.0,69416565.0,1.6814937044875702,44.6032
HK.02588,中银航空租赁,2019-04-09 00:00:00,45.3532,44.7532,45.4532,44.153199999,9.392,0.00194,1346400.0,88236362.0,-1.3229496485363799,45.3532
HK.02588,中银航空租赁,2019-04-10 00:00:00,44.1032,44.2032,44.4532,43.3532,9.314,0.00281,1948804.0,125925763.0,-1.2289623982195623,44.7532
HK.02588,中银航空租赁,2019-04-11 00:00:00,45.2532,46.3532,46.9532,44.2032,9.622,0.00449,3118980.0,205367148.0,4.86390125601766,44.2032
HK.02588,中银航空租赁,2019-04-12 00:00:00,46.4532,48.4032,48.9532,46.2532,9.916,0.0028,1941405.0,133228000.0,4.422564137966736,46.3532
HK.02588,中银航空租赁,2019-04-15 00:00:00,48.3032,49.4032,49.6532,48.3032,10.06,0.00272,1884700.0,131380254.0,2.0659791088192514,48.4032
HK.02588,中银航空租赁,2019-04-16 00:00:00,49.3032,47.2532,49.3032,46.8532,9.751,0.00171,1188551.0,80972004.0,-4.351944813291444,49.4032
HK.02588,中银航空租赁,2019-04-17 00:00:00,46.903199999,47.3532,48.4532,46.0032,9.766,0.0015,1038441.0,70794528.0,0.2116258793055315,47.2532
HK.02588,中银航空租赁,2019-04-18 00:00:00,48.7532,47.7532,48.7532,47.0032,9.823,0.0011,764076.0,52427486.0,0.8447158798138217,47.3532
HK.02588,中银航空租赁,2019-04-23 00:00:00,47.7532,47.0532,47.8032,46.5032,9.723,0.00135,940096.0,63590155.0,-1.4658703500498456,47.7532
HK.02588,中银航空租赁,2019-04-24 00:00:00,46.8032,47.6032,47.7032,46.4532,9.801,0.0006,418370.0,28484701.0,1.168889682317046,47.0532
HK.02588,中银航空租赁,2019-04-25 00:00:00,46.8032,46.0532,47.5532,45.8032,9.579,0.00114,788431.0,52755178.0,-3.2560836246302856,47.6032
HK.02588,中银航空租赁,2019-04-26 00:00:00,46.0532,46.8032,47.5532,46.0532,9.687,0.00069,475641.0,32121458.0,1.6285513275950423,46.0532
HK.02588,中银航空租赁,2019-04-29 00:00:00,47.3032,47.0032,47.5032,46.4532,9.715,0.00046,320631.0,21722482.0,0.4273212088062416,46.8032
HK.02588,中银航空租赁,2019-04-30 00:00:00,47.1032,46.8032,47.2032,45.8532,9.687,0.00101,701804.0,47284693.0,-0.42550294448038184,47.0032
HK.02588,中银航空租赁,2019-05-02 00:00:00,46.3532,46.903199999,46.9532,46.0032,9.701,0.00139,963076.0,64925816.0,0.21366060226652214,46.8032
HK.02588,中银航空租赁,2019-05-03 00:00:00,46.903199999,46.1032,47.1032,46.0032,9.586,0.00106,732196.0,49186554.0,-1.705640551214111,46.903199999
HK.02588,中银航空租赁,2019-05-06 00:00:00,45.4532,45.1032,46.0532,44.8032,9.443,0.00074,513867.0,33871631.0,-2.169046834059241,46.1032
HK.02588,中银航空租赁,2019-05-07 00:00:00,44.7032,45.1032,46.153199999,44.7032,9.443,0.00116,804800.0,53130140.0,0.0,45.1032
HK.02588,中银航空租赁,2019-05-08 00:00:00,44.8532,43.903199999,45.5032,43.7032,9.27,0.00143,993060.0,64636937.0,-2.660565106245232,45.1032
HK.02588,中银航空租赁,2019-05-09 00:00:00,44.403199999,42.8532,44.5032,42.6532,9.12,0.00134,927708.0,59575643.0,-2.3916252096063997,43.903199999
HK.02588,中银航空租赁,2019-05-10 00:00:00,42.7032,44.4532,45.0032,42.7032,9.349,0.00134,926847.0,60318690.0,3.733676831601844,42.8532
HK.02588,中银航空租赁,2019-05-14 00:00:00,41.7032,43.7032,44.2532,41.3032,9.242,0.00108,749850.0,47911598.0,-1.6871676279772885,44.4532
HK.02588,中银航空租赁,2019-05-15 00:00:00,43.9532,44.0032,45.0532,43.3032,9.285,0.00097,673465.0,43700938.0,0.6864485895769581,43.7032
HK.02588,中银航空租赁,2019-05-16 00:00:00,44.8532,43.653199999,44.8532,43.1532,9.235,0.00106,733440.0,47349873.0,-0.7953967006944902,44.0032
HK.02588,中银航空租赁,2019-05-17 00:00:00,44.653199999,43.9532,45.7532,43.8032,9.278,0.00092,635270.0,41323931.0,0.6872348441966983,43.653199999
HK.02588,中银航空租赁,2019-05-20 00:00:00,43.9532,43.403199999,43.9532,43.1032,9.199,0.00132,919145.0,59195088.0,-1.251330963388333,43.9532
HK.02588,中银航空租赁,2019-05-21 00:00:00,43.9532,45.2532,46.6032,43.0532,9.464,0.00133,921176.0,60673053.0,4.26235853817834,43.403199999
HK.02588,中银航空租赁,2019-05-22 00:00:00,45.7032,44.5532,46.2532,44.403199999,9.364,0.00079,548700.0,36141897.0,-1.5468519353327561,45.2532
HK.02588,中银航空租赁,2019-05-23 00:00:00,44.653199999,44.7032,45.8032,43.5032,9.385,0.00121,842524.0,55179221.0,0.3366761534525145,44.5532
HK.02588,中银航空租赁,2019-05-24 00:00:00,45.653199999,44.7032,45.653199999,44.5032,9.385,0.00193,1342784.0,87864359.0,0.0,44.7032
HK.02588,中银航空租赁,2019-05-27 00:00:00,45.0532,44.153199999,45.3032,43.5032,9.306,0.00073,506400.0,32866297.0,-1.2303369803504016,44.7032
HK.02588,中银航空租赁,2019-05-28 00:00:00,44.1032,44.2532,44.7032,43.2032,9.321,0.00239,1657821.0,107300895.0,0.22648415290910462,44.153199999
HK.02588,中银航空租赁,2019-05-29 00:00:00,44.153199999,45.153199999,45.8032,44.153199999,9.45,0.00149,1035132.0,67672803.0,2.033751229289638,44.2532
HK.02588,中银航空租赁,2019-05-30 00:00:00,45.153199999,45.5032,45.5032,44.3532,9.5,0.00117,811100.0,53403425.0,0.7751388628220134,45.153199999
HK.02588,中银航空租赁,2019-05-31 00:00:00,45.4495,46.099499999,46.2495,44.849499999,9.378,0.00133,924232.0,60285513.0,1.310457284322867,45.5032
HK.02588,中银航空租赁,2019-06-03 00:00:00,46.099499999,46.2495,46.2495,45.099499999,9.4,0.00082,567300.0,36955566.0,0.32538314082202396,46.099499999
HK.02588,中银航空租赁,2019-06-04 00:00:00,46.2495,45.849499999,46.6995,45.599499999,9.342,0.00108,748948.0,48959720.0,-0.8648742170185517,46.2495
HK.02588,中银航空租赁,2019-06-05 00:00:00,44.9995,45.7495,46.4495,44.9995,9.328,0.00062,428556.0,27851723.0,-0.21810488446370394,45.849499999
HK.02588,中银航空租赁,2019-06-06 00:00:00,45.7495,47.349499999,47.4995,45.2495,9.557,0.00055,381100.0,25270299.0,3.497305979300331,45.7495
HK.02588,中银航空租赁,2019-06-10 00:00:00,47.349499999,46.599499999,47.349499999,46.099499999,9.45,0.00102,705074.0,46507143.0,-1.5839660398015598,47.349499999
HK.02588,中银航空租赁,2019-06-11 00:00:00,46.4495,46.7495,47.0495,46.4495,9.471,0.00125,870008.0,57398203.0,0.3218918679453943,46.599499999
HK.02588,中银航空租赁,2019-06-12 00:00:00,46.1495,46.2495,46.7495,45.7995,9.4,0.0003,209750.0,13720590.0,-1.0695301554027317,46.7495
HK.02588,中银航空租赁,2019-06-13 00:00:00,46.2495,46.2495,46.7495,45.7995,9.4,0.00067,467800.0,30689048.0,0.0,46.2495
HK.02588,中银航空租赁,2019-06-14 00:00:00,45.849499999,45.9995,46.7995,45.849499999,9.364,0.00065,451272.0,29490487.0,-0.5405463842852356,46.2495
HK.02588,中银航空租赁,2019-06-17 00:00:00,45.7995,45.4495,46.4995,45.4495,9.285,0.00064,446012.0,29028765.0,-1.1956651702735839,45.9995
HK.02588,中银航空租赁,2019-06-18 00:00:00,45.3995,45.4995,45.9495,45.2495,9.292,0.00055,378679.0,24529792.0,0.1100122113554542,45.4495
HK.02588,中银航空租赁,2019-06-19 00:00:00,46.1495,48.1495,48.5495,46.099499999,9.672,0.00112,773860.0,52087678.0,5.824239826811296,45.4995
HK.02588,中银航空租赁,2019-06-20 00:00:00,47.8995,47.1995,47.9495,46.7995,9.536,0.00075,522725.0,34785576.0,-1.9730215267032942,48.1495
HK.02588,中银航空租赁,2019-06-21 00:00:00,47.1995,46.6995,47.7995,46.599499999,9.464,0.0013,902059.0,59654775.0,-1.0593332556488946,47.1995
HK.02588,中银航空租赁,2019-06-24 00:00:00,45.9995,46.2995,47.1995,45.849499999,9.407,0.00092,637600.0,41941254.0,-0.8565402199166985,46.6995
HK.02588,中银航空租赁,2019-06-25 00:00:00,46.7495,45.7495,46.7495,45.7495,9.328,0.00048,333262.0,21768797.0,-1.1879177960885199,46.2995
HK.02588,中银航空租赁,2019-06-26 00:00:00,45.2495,45.8995,46.6495,45.2495,9.349,0.00064,446300.0,29065398.0,0.3278724357643377,45.7495
HK.02588,中银航空租赁,2019-06-27 00:00:00,45.6495,45.8995,45.9995,44.9995,9.349,0.00071,492265.0,31865760.0,0.0,45.8995
HK.02588,中银航空租赁,2019-06-28 00:00:00,45.4995,46.349499999,46.349499999,45.349499999,9.414,0.00071,494459.0,32191693.0,0.9804028344535325,45.8995
HK.02588,中银航空租赁,2019-07-02 00:00:00,46.349499999,46.2495,46.3995,44.9995,9.4,0.0014,968855.0,63274553.0,-0.2157520555823955,46.349499999
HK.02588,中银航空租赁,2019-07-03 00:00:00,46.349499999,46.2995,46.5495,45.9995,9.407,0.00054,376933.0,24616768.0,0.10810927685705632,46.2495
HK.02588,中银航空租赁,2019-07-04 00:00:00,45.9495,46.4995,47.1995,45.9495,9.435,0.00065,452584.0,29769507.0,0.43197010766854016,46.2995
HK.02588,中银航空租赁,2019-07-05 00:00:00,46.4995,47.0495,47.099499999,46.4995,9.514,0.00035,244932.0,16184599.0,1.1828084172948188,46.4995
HK.02588,中银航空租赁,2019-07-08 00:00:00,46.1995,46.099499999,47.2495,45.8995,9.378,0.00054,373004.0,24421365.0,-2.0191500462279075,47.0495
HK.02588,中银航空租赁,2019-07-09 00:00:00,46.6495,47.3995,47.3995,45.8995,9.565,0.0006,418600.0,27686225.0,2.819987203826941,46.099499999
HK.02588,中银航空租赁,2019-07-10 00:00:00,47.6495,46.6995,47.9495,46.4995,9.464,0.00038,261011.0,17287773.0,-1.476808827097338,47.3995
HK.02588,中银航空租赁,2019-07-11 00:00:00,47.6495,47.849499999,49.0495,47.0495,9.629,0.00076,524950.0,35259032.0,2.4625531301191708,46.6995
HK.02588,中银航空租赁,2019-07-12 00:00:00,49.0495,47.7995,49.0495,47.3995,9.622,0.00066,456560.0,30610924.0,-0.10449429774824308,47.849499999
HK.02588,中银航空租赁,2019-07-15 00:00:00,47.7495,47.2495,47.7495,46.099499999,9.543,0.00059,409600.0,27103640.0,-1.1506396510423837,47.7995
HK.02588,中银航空租赁,2019-07-16 00:00:00,47.8995,47.5495,47.9995,46.9495,9.586,0.00152,1054100.0,70177190.0,0.63492735372862,47.2495
HK.02588,中银航空租赁,2019-07-17 00:00:00,48.0495,47.8995,48.0495,47.2495,9.636,0.00027,190200.0,12724785.0,0.7360750375924067,47.5495
HK.02588,中银航空租赁,2019-07-18 00:00:00,47.2495,47.6995,48.0495,47.099499999,9.608,0.00065,450765.0,30124056.0,-0.4175408929112054,47.8995
HK.02588,中银航空租赁,2019-07-19 00:00:00,47.6495,47.7495,47.9495,47.2995,9.615,0.00059,412370.0,27557651.0,0.1048229017075591,47.6995
HK.02588,中银航空租赁,2019-07-22 00:00:00,47.6495,47.7995,48.5495,47.3995,9.622,0.00039,274003.0,18376926.0,0.10471313835747866,47.7495
HK.02588,中银航空租赁,2019-07-23 00:00:00,48.099499999,47.2495,48.099499999,47.2495,9.543,0.00079,545130.0,36426142.0,-1.1506396510423837,47.7995
HK.02588,中银航空租赁,2019-07-24 00:00:00,47.2495,47.2995,48.8995,47.2495,9.55,0.00273,1893342.0,126784710.0,0.10582122562144418,47.2495
HK.02588,中银航空租赁,2019-07-25 00:00:00,47.2995,50.0495,50.1995,47.2995,9.945,0.00087,600385.0,41155830.0,5.814014947303883,47.2995
HK.02588,中银航空租赁,2019-07-26 00:00:00,50.0495,49.7995,51.1495,49.7995,9.909,0.00078,539674.0,37506839.0,-0.4995054895653303,50.0495
HK.02588,中银航空租赁,2019-07-29 00:00:00,49.6495,48.4495,49.9995,47.849499999,9.715,0.0006,417425.0,28282842.0,-2.710870591070194,49.7995
HK.02588,中银航空租赁,2019-07-30 00:00:00,49.6995,47.8995,50.0495,47.5495,9.636,0.00095,661400.0,44611698.0,-1.1352026336701044,48.4495
HK.02588,中银航空租赁,2019-07-31 00:00:00,47.4995,48.5495,48.6995,46.7995,9.73,0.00074,514600.0,34543592.0,1.3570079019613954,47.8995
HK.02588,中银航空租赁,2019-08-01 00:00:00,48.4995,47.3995,48.4995,46.849499999,9.565,0.00071,494260.0,32987708.0,-2.3687164646391796,48.5495
HK.02588,中银航空租赁,2019-08-02 00:00:00,46.9995,46.099499999,47.3995,46.0495,9.378,0.00122,847000.0,55759367.0,-2.7426449667190598,47.3995
HK.02588,中银航空租赁,2019-08-05 00:00:00,46.099499999,45.7495,46.6495,45.4995,9.328,0.00246,1705402.0,110882275.0,-0.7592273213540215,46.099499999
HK.02588,中银航空租赁,2019-08-06 00:00:00,45.7495,44.6995,45.7495,43.7495,9.177,0.00141,976800.0,62320291.0,-2.295107050350271,45.7495
HK.02588,中银航空租赁,2019-08-07 00:00:00,45.099499999,45.1495,45.3995,44.3495,9.242,0.0006,417151.0,26837924.0,1.0067226702759602,44.6995
HK.02588,中银航空租赁,2019-08-08 00:00:00,45.4995,46.7495,46.9495,45.4495,9.471,0.00117,812744.0,53429834.0,3.5437823231707863,45.1495
HK.02588,中银航空租赁,2019-08-09 00:00:00,46.849499999,46.5495,47.6495,46.5495,9.443,0.00098,678100.0,44819773.0,-0.4278120621610836,46.7495
HK.02588,中银航空租赁,2019-08-12 00:00:00,46.7495,46.9495,47.1995,46.6995,9.5,0.00053,364804.0,24148864.0,0.8593003147187371,46.5495
HK.02588,中银航空租赁,2019-08-13 00:00:00,46.7495,45.8995,46.7495,45.2995,9.349,0.00187,1298100.0,84914504.0,-2.236445542551033,46.9495
HK.02588,中银航空租赁,2019-08-14 00:00:00,46.8995,45.8995,46.8995,45.8995,9.349,0.00076,528738.0,34535314.0,0.0,45.8995
HK.02588,中银航空租赁,2019-08-15 00:00:00,45.7495,45.599499999,45.7495,44.4495,9.306,0.00069,479355.0,31005509.0,-0.6536018932668128,45.8995
HK.02588,中银航空租赁,2019-08-16 00:00:00,45.5495,46.4995,47.1995,44.9995,9.435,0.00135,935594.0,60974348.0,1.9737058542741306,45.599499999
HK.02588,中银航空租赁,2019-08-19 00:00:00,47.0495,48.2995,50.3495,46.849499999,9.694,0.00124,860000.0,58886538.0,3.871009365692114,46.4995
HK.02588,中银航空租赁,2019-08-20 00:00:00,48.4995,48.6495,49.2495,48.2995,9.744,0.00074,513405.0,34857796.0,0.7246451826623492,48.2995
HK.02588,中银航空租赁,2019-08-21 00:00:00,48.6495,48.599499999,49.349499999,48.1495,9.737,0.00063,438052.0,29778813.0,-0.10277598125366302,48.6495
HK.02588,中银航空租赁,2019-08-22 00:00:00,49.5495,48.349499999,49.5495,48.0495,9.701,0.00072,502500.0,34079780.0,-0.514408584461042,48.599499999
HK.02588,中银航空租赁,2019-08-23 00:00:00,48.1495,47.6495,48.1495,47.2495,9.601,0.00047,328422.0,21999436.0,-1.4477915987021108,48.349499999
HK.02588,中银航空租赁,2019-08-26 00:00:00,46.2995,46.599499999,46.9995,45.9495,9.45,0.00041,284465.0,18719157.0,-2.2035908057797053,47.6495
HK.02588,中银航空租赁,2019-08-27 00:00:00,46.4495,46.849499999,47.4995,46.2495,9.486,0.00104,721059.0,47637023.0,0.5364864429990984,46.599499999
HK.02588,中银航空租赁,2019-08-28 00:00:00,46.9495,47.0495,47.4495,46.849499999,9.514,0.00028,192730.0,12785545.0,0.42689890181169143,46.849499999
HK.02588,中银航空租赁,2019-08-29 00:00:00,47.2495,47.6495,47.6495,46.849499999,9.601,0.00041,285780.0,19011234.0,1.2752526594331532,47.0495
HK.02588,中银航空租赁,2019-08-30 00:00:00,46.6495,48.849499999,48.849499999,46.4495,9.773,0.0005,347804.0,23571431.0,2.5183894878225357,47.6495
HK.02588,中银航空租赁,2019-09-02 00:00:00,48.7495,47.849499999,49.1495,47.1495,9.629,0.00097,671724.0,45180890.0,-2.047103859856234,48.849499999
HK.02588,中银航空租赁,2019-09-03 00:00:00,48.4495,47.6995,48.4495,47.4995,9.608,0.00035,240100.0,16089986.0,-0.3134828974245015,47.849499999
HK.02588,中银航空租赁,2019-09-04 00:00:00,48.7495,48.4495,48.9995,47.4495,9.715,0.00037,256953.0,17366709.0,1.572343525613476,47.6995
HK.02588,中银航空租赁,2019-09-05 00:00:00,49.1995,49.8995,50.1995,48.5495,9.923,0.00138,955400.0,65268431.0,2.9928069433121145,48.4495
HK.02588,中银航空租赁,2019-09-06 00:00:00,50.5495,51.0995,51.1995,50.2495,10.096,0.0006,414137.0,29038572.0,2.404833715768686,49.8995
HK.02588,中银航空租赁,2019-09-09 00:00:00,50.4495,52.9495,52.9995,50.4495,10.361,0.00151,1044975.0,74172588.0,3.620387675026177,51.0995
HK.02588,中银航空租赁,2019-09-10 00:00:00,53.7495,53.7495,53.9495,53.4495,10.476,0.00139,965302.0,70364100.0,1.5108735682112149,52.9495
HK.02588,中银航空租赁,2019-09-11 00:00:00,53.7495,55.1495,55.1495,53.7495,10.677,0.00082,566096.0,41853289.0,2.604675392329242,53.7495
HK.02588,中银航空租赁,2019-09-12 00:00:00,55.6495,55.7495,55.7495,54.5495,10.763,0.0009,623146.0,46331384.0,1.087951839998539,55.1495
HK.02588,中银航空租赁,2019-09-13 00:00:00,56.1995,56.9495,57.5495,55.2495,10.935,0.00155,1077582.0,81819205.0,2.1524856725172477,55.7495
HK.02588,中银航空租赁,2019-09-16 00:00:00,56.7495,56.3495,56.7495,55.4495,10.849,0.0009,623985.0,46976073.0,-1.0535650005706836,56.9495
HK.02588,中银航空租赁,2019-09-17 00:00:00,56.7495,56.0995,56.7495,55.0495,10.813,0.0016,1108546.0,83070507.0,-0.44365965980177285,56.3495
HK.02588,中银航空租赁,2019-09-18 00:00:00,56.7495,55.8495,56.7495,55.1495,10.777,0.00203,1406946.0,105268466.0,-0.44563677038119764,56.0995
HK.02588,中银航空租赁,2019-09-19 00:00:00,55.2495,54.2995,55.2495,53.8495,10.555,0.00066,458528.0,33840450.0,-2.7753158040806047,55.8495
HK.02588,中银航空租赁,2019-09-20 00:00:00,55.1495,55.0495,55.5995,54.0995,10.663,0.00136,942088.0,69979146.0,1.3812281881048627,54.2995
HK.02588,中银航空租赁,2019-09-23 00:00:00,55.6995,54.0995,55.6995,53.8495,10.526,0.00075,520425.0,38350005.0,-1.7257195796510465,55.0495
HK.02588,中银航空租赁,2019-09-24 00:00:00,54.0995,53.2495,54.0995,52.2995,10.404,0.0011,760600.0,55088108.0,-1.5711790312294964,54.0995
HK.02588,中银航空租赁,2019-09-25 00:00:00,52.5995,53.3995,53.7495,52.4495,10.426,0.00072,501720.0,36293278.0,0.28169278584776514,53.2495
HK.02588,中银航空租赁,2019-09-26 00:00:00,53.438,52.838,53.888,52.638,10.189,0.00122,845948.0,60500781.0,-1.051507972921099,53.3995
HK.02588,中银航空租赁,2019-09-27 00:00:00,53.488,53.488,54.288,52.888,10.282,0.00051,357040.0,25589710.0,1.2301752526590684,52.838
HK.02588,中银航空租赁,2019-09-30 00:00:00,53.788,54.188,54.488,52.838,10.383,0.00172,1197016.0,86164343.0,1.3087047562070049,53.488
HK.02588,中银航空租赁,2019-10-02 00:00:00,54.088,52.838,54.088,51.888,10.189,0.001,695487.0,49400515.0,-2.4913264929504715,54.188
HK.02588,中银航空租赁,2019-10-03 00:00:00,55.288,53.638,55.288,52.138,10.304,0.00086,593894.0,42246624.0,1.5140618494265436,52.838
HK.02588,中银航空租赁,2019-10-04 00:00:00,54.638,54.488,55.188,53.538,10.426,0.0005,349573.0,25313619.0,1.5846974160110396,53.638
HK.02588,中银航空租赁,2019-10-08 00:00:00,54.488,54.638,55.338,53.788,10.447,0.00079,547808.0,39868359.0,0.2752899721039469,54.488
HK.02588,中银航空租赁,2019-10-09 00:00:00,54.238,52.938,54.638,52.838,10.203,0.00043,298825.0,21388766.0,-3.111387678904784,54.638
HK.02588,中银航空租赁,2019-10-10 00:00:00,53.338,53.088,54.238,52.688,10.225,0.00096,669102.0,47728089.0,0.28335033435339185,52.938
HK.02588,中银航空租赁,2019-10-11 00:00:00,53.588,53.288,53.588,52.588,10.254,0.00043,299820.0,21349168.0,0.37673297166967246,53.088
HK.02588,中银航空租赁,2019-10-14 00:00:00,54.238,55.188,55.588,54.038,10.526,0.00077,533892.0,39036292.0,3.5655307010959425,53.288
HK.02588,中银航空租赁,2019-10-15 00:00:00,54.438,55.038,55.438,54.338,10.505,0.00181,1253600.0,91689880.0,-0.27179821700370677,55.188
HK.02588,中银航空租赁,2019-10-16 00:00:00,54.538,56.338,56.838,54.438,10.691,0.00073,506500.0,37709425.0,2.3620044333006365,55.038
HK.02588,中银航空租赁,2019-10-17 00:00:00,56.838,57.038,58.788,56.338,10.792,0.00187,1298200.0,97941895.0,1.242500621250303,56.338
HK.02588,中银航空租赁,2019-10-18 00:00:00,58.738,55.838,58.738,55.738,10.619,0.00104,722640.0,53990981.0,-2.103860584171948,57.038
HK.02588,中银航空租赁,2019-10-21 00:00:00,55.688,55.438,55.738,54.488,10.487,0.00078,541064.0,39744222.0,-0.7163580357462634,55.838
HK.02588,中银航空租赁,2019-10-22 00:00:00,55.888,53.838,55.888,53.038,10.259,0.00104,721527.0,51752476.0,-2.886107002417117,55.438
HK.02588,中银航空租赁,2019-10-23 00:00:00,53.838,53.688,53.838,52.938,10.237,0.00103,713290.0,51015760.0,-0.2786136186336762,53.838
HK.02588,中银航空租赁,2019-10-24 00:00:00,54.688,54.438,54.688,52.938,10.344,0.00093,648160.0,46711178.0,1.3969602145730888,53.688
HK.02588,中银航空租赁,2019-10-25 00:00:00,53.838,55.288,55.538,53.838,10.465,0.00044,308019.0,22536016.0,1.5614093096733794,54.438
HK.02588,中银航空租赁,2019-10-28 00:00:00,55.338,55.838,58.338,55.338,10.544,0.00043,295100.0,21866780.0,0.9947909130371949,55.288
HK.02588,中银航空租赁,2019-10-29 00:00:00,55.438,54.888,55.738,54.238,10.408,0.00128,885180.0,64625038.0,-1.7013503348973866,55.838
HK.02588,中银航空租赁,2019-10-30 00:00:00,54.838,54.988,55.638,54.188,10.423,0.0013,899500.0,65519460.0,0.18218918524996616,54.888
HK.02588,中银航空租赁,2019-10-31 00:00:00,55.638,55.538,55.938,54.488,10.501,0.00066,456808.0,33567274.0,1.0002182294318709,54.988
HK.02588,中银航空租赁,2019-11-01 00:00:00,55.738,56.488,56.738,54.638,10.636,0.0004,278597.0,20648507.0,1.7105405308077404,55.538
HK.02588,中银航空租赁,2019-11-04 00:00:00,56.838,56.988,57.488,55.038,10.708,0.00052,358865.0,26903642.0,0.8851437473445687,56.488
HK.02588,中银航空租赁,2019-11-05 00:00:00,57.288,57.238,57.738,56.138,10.743,0.00052,357692.0,26927290.0,0.4386888467747596,56.988
HK.02588,中银航空租赁,2019-11-06 00:00:00,57.438,57.188,57.788,56.838,10.736,0.00044,305634.0,23049631.0,-0.08735455466647535,57.238
HK.02588,中银航空租赁,2019-11-07 00:00:00,57.838,57.588,57.838,56.488,10.793,0.00015,102539.0,7746875.0,0.6994474365251426,57.188
HK.02588,中银航空租赁,2019-11-08 00:00:00,57.788,58.438,58.738,57.088,10.914,0.00048,332490.0,25413964.0,1.476001944849624,57.588
HK.02588,中银航空租赁,2019-11-11 00:00:00,58.438,58.638,60.188,58.338,10.943,0.00067,466899.0,35925379.0,0.3422430610219305,58.438
HK.02588,中银航空租赁,2019-11-12 00:00:00,58.938,60.438,60.588,58.938,11.199,0.0009,625524.0,48870424.0,3.0696817763225286,58.638
HK.02588,中银航空租赁,2019-11-13 00:00:00,59.938,59.738,60.038,58.988,11.1,0.00106,732700.0,56904069.0,-1.1582117211026222,60.438
HK.02588,中银航空租赁,2019-11-14 00:00:00,59.638,58.288,59.638,57.388,10.893,0.00071,495600.0,38005847.0,-2.4272657270079394,59.738
HK.02588,中银航空租赁,2019-11-15 00:00:00,59.638,58.838,60.038,58.188,10.971,0.00047,324300.0,24966879.0,0.9435904474334413,58.288
HK.02588,中银航空租赁,2019-11-18 00:00:00,58.838,59.938,60.388,58.088,11.128,0.0006,413000.0,32151126.0,1.8695400931370905,58.838
HK.02588,中银航空租赁,2019-11-19 00:00:00,59.238,59.138,59.838,58.838,11.014,0.00115,800609.0,61939059.0,-1.3347125362875043,59.938
HK.02588,中银航空租赁,2019-11-20 00:00:00,59.288,59.488,60.338,58.838,11.064,0.00075,522110.0,40428428.0,0.591836044506073,59.138
HK.02588,中银航空租赁,2019-11-21 00:00:00,59.688,58.388,59.688,58.338,10.907,0.00072,498205.0,38327985.0,-1.8491124260355054,59.488
HK.02588,中银航空租赁,2019-11-22 00:00:00,58.038,58.638,58.738,56.888,10.943,0.001,697300.0,53292911.0,0.42817017195314105,58.388
HK.02588,中银航空租赁,2019-11-25 00:00:00,58.288,57.288,58.888,56.988,10.75,0.00101,698112.0,53146999.0,-2.302261332241893,58.638
HK.02588,中银航空租赁,2019-11-26 00:00:00,58.288,56.288,58.638,55.838,10.608,0.00223,1550972.0,115817204.0,-1.745566261695294,57.288
HK.02588,中银航空租赁,2019-11-27 00:00:00,56.738,57.038,57.588,55.638,10.715,0.00139,963940.0,71882838.0,1.3324332006822057,56.288
HK.02588,中银航空租赁,2019-11-28 00:00:00,57.338,55.838,57.338,55.638,10.544,0.00089,618100.0,45773397.0,-2.103860584171948,57.038
HK.02588,中银航空租赁,2019-11-29 00:00:00,56.738,55.788,56.738,55.488,10.537,0.00099,687276.0,50840076.0,-0.08954475446829088,55.838
HK.02588,中银航空租赁,2019-12-02 00:00:00,56.188,57.838,58.038,55.888,10.829,0.00061,420850.0,31902077.0,3.6746253674625446,55.788
HK.02588,中银航空租赁,2019-12-03 00:00:00,56.838,57.638,58.638,56.438,10.8,0.00069,481832.0,36628418.0,-0.34579342300909927,57.838
HK.02588,中银航空租赁,2019-12-04 00:00:00,57.638,57.338,58.138,56.938,10.758,0.0011,761214.0,57775198.0,-0.5204899545438724,57.638
HK.02588,中银航空租赁,2019-12-05 00:00:00,57.238,59.038,59.588,57.238,11.0,0.00059,410300.0,31673641.0,2.9648749520387803,57.338
HK.02588,中银航空租赁,2019-12-06 00:00:00,59.288,59.238,59.688,58.688,11.028,0.00054,372004.0,28792996.0,0.3387648633083825,59.038
HK.02588,中银航空租赁,2019-12-09 00:00:00,58.838,61.888,62.338,58.838,11.406,0.00079,545800.0,43263370.0,4.473479860900095,59.238
HK.02588,中银航空租赁,2019-12-10 00:00:00,61.338,61.738,62.438,60.188,11.385,0.0007,483352.0,38581373.0,-0.2423733195449822,61.888
HK.02588,中银航空租赁,2019-12-11 00:00:00,61.538,61.638,61.838,60.238,11.37,0.00073,504810.0,39993762.0,-0.16197479672163242,61.738
HK.02588,中银航空租赁,2019-12-12 00:00:00,61.838,60.588,61.838,59.988,11.221,0.00054,371750.0,29320890.0,-1.7034945974885578,61.638
HK.02588,中银航空租赁,2019-12-13 00:00:00,60.488,62.488,64.088,59.988,11.491,0.00157,1091424.0,88157659.0,3.1359345084835253,60.588
HK.02588,中银航空租赁,2019-12-16 00:00:00,62.938,62.888,63.838,61.788,11.548,0.00098,681600.0,55517335.0,0.6401229035974885,62.488
HK.02588,中银航空租赁,2019-12-17 00:00:00,62.438,60.588,63.488,60.238,11.221,0.00137,952412.0,75276535.0,-3.6572955094771613,62.888
HK.02588,中银航空租赁,2019-12-18 00:00:00,61.088,61.538,61.538,60.088,11.356,0.00148,1025626.0,81205286.0,1.567967254241757,60.588
HK.02588,中银航空租赁,2019-12-19 00:00:00,60.938,60.788,61.388,60.438,11.249,0.00071,496130.0,39250891.0,-1.2187591406935552,61.538
HK.02588,中银航空租赁,2019-12-20 00:00:00,60.738,60.188,60.738,59.338,11.164,0.0009,623931.0,48752378.0,-0.9870369151806184,60.788
HK.02588,中银航空租赁,2019-12-23 00:00:00,60.788,59.538,60.788,58.888,11.071,0.00083,578365.0,44802340.0,-1.0799494915930181,60.188
HK.02588,中银航空租赁,2019-12-24 00:00:00,60.288,58.888,60.288,58.538,10.978,0.00019,131502.0,10111558.0,-1.0917397292485447,59.538
HK.02588,中银航空租赁,2019-12-27 00:00:00,60.138,59.688,60.138,58.488,11.092,0.00067,468005.0,36109443.0,1.3585110718652431,58.888
HK.02588,中银航空租赁,2019-12-30 00:00:00,60.038,60.738,60.938,58.938,11.242,0.00043,296578.0,23343916.0,1.7591475673502162,59.688
HK.02588,中银航空租赁,2019-12-31 00:00:00,60.038,61.088,61.088,59.838,11.292,0.00028,195400.0,15385320.0,0.5762455135170758,60.738
HK.02588,中银航空租赁,2020-01-02 00:00:00,61.288,60.238,61.288,59.838,11.171,0.00054,371349.0,29106384.0,-1.3914353064431662,61.088
HK.02588,中银航空租赁,2020-01-03 00:00:00,60.588,60.038,60.788,59.738,11.142,0.00075,517909.0,40636924.0,-0.3320163352036967,60.238
HK.02588,中银航空租赁,2020-01-06 00:00:00,60.938,58.838,60.938,58.488,10.971,0.00092,637200.0,49501376.0,-1.998734135047796,60.038
HK.02588,中银航空租赁,2020-01-07 00:00:00,58.538,57.838,59.688,57.638,10.829,0.0013,905395.0,69197165.0,-1.6995819028518984,58.838
HK.02588,中银航空租赁,2020-01-08 00:00:00,56.938,55.738,57.088,55.388,10.53,0.00134,927693.0,68907418.0,-3.6308309415954936,57.838
HK.02588,中银航空租赁,2020-01-09 00:00:00,55.738,54.188,56.188,53.988,10.309,0.00299,2072952.0,150863700.0,-2.7808676307007736,55.738
HK.02588,中银航空租赁,2020-01-10 00:00:00,54.288,56.188,57.038,54.188,10.594,0.00302,2092454.0,154043937.0,3.6908540636303235,54.188
HK.02588,中银航空租赁,2020-01-13 00:00:00,56.188,56.038,57.238,55.638,10.572,0.00178,1235704.0,91545400.0,-0.26696091692177276,56.188
HK.02588,中银航空租赁,2020-01-14 00:00:00,57.038,57.188,58.338,56.588,10.736,0.00231,1600750.0,120883966.0,2.052178878618091,56.038
HK.02588,中银航空租赁,2020-01-15 00:00:00,57.938,56.738,57.938,55.988,10.672,0.00094,650202.0,48689807.0,-0.7868783660907932,57.188
HK.02588,中银航空租赁,2020-01-16 00:00:00,56.438,55.938,56.938,55.738,10.558,0.00148,1025461.0,76205686.0,-1.4099897775741075,56.738
HK.02588,中银航空租赁,2020-01-17 00:00:00,56.738,56.538,56.838,56.088,10.644,0.00069,482330.0,35995326.0,1.0726161106939724,55.938
HK.02588,中银航空租赁,2020-01-20 00:00:00,57.238,56.188,57.238,55.988,10.594,0.0005,346816.0,25842847.0,-0.6190526725388135,56.538
HK.02588,中银航空租赁,2020-01-21 00:00:00,56.838,54.838,56.838,54.738,10.401,0.0011,764800.0,56106180.0,-2.4026482522958665,56.188
HK.02588,中银航空租赁,2020-01-22 00:00:00,54.838,54.288,55.538,53.988,10.323,0.00153,1063060.0,77246769.0,-1.002954155877319,54.838
HK.02588,中银航空租赁,2020-01-23 00:00:00,54.338,53.988,55.038,53.138,10.28,0.00127,881320.0,63543828.0,-0.5526083112289957,54.288
HK.02588,中银航空租赁,2020-01-24 00:00:00,53.488,54.388,54.488,53.438,10.337,0.00045,311990.0,22497630.0,0.7409053863821563,53.988
HK.02588,中银航空租赁,2020-01-29 00:00:00,53.138,53.038,53.588,52.538,10.145,0.00098,678344.0,48306441.0,-2.4821651834963623,54.388
HK.02588,中银航空租赁,2020-01-30 00:00:00,52.938,53.238,54.288,52.888,10.173,0.00152,1054900.0,75295491.0,0.37708812549493353,53.038
HK.02588,中银航空租赁,2020-01-31 00:00:00,53.338,53.638,54.388,53.188,10.23,0.001,692375.0,49741166.0,0.7513430256583618,53.238
HK.02588,中银航空租赁,2020-02-03 00:00:00,53.638,53.038,53.688,52.188,10.145,0.00095,660001.0,47007003.0,-1.1186099407136758,53.638
HK.02588,中银航空租赁,2020-02-04 00:00:00,53.738,55.988,56.338,53.738,10.565,0.00119,824969.0,60940506.0,5.562049851050197,53.038
HK.02588,中银航空租赁,2020-02-05 00:00:00,56.588,56.038,57.588,55.738,10.572,0.00106,734791.0,54818511.0,0.08930485103950339,55.988
HK.02588,中银航空租赁,2020-02-06 00:00:00,57.238,57.538,57.538,56.638,10.786,0.0017,1178380.0,88787175.0,2.676755059067062,56.038
HK.02588,中银航空租赁,2020-02-07 00:00:00,57.438,56.888,57.438,56.388,10.693,0.00057,395475.0,29697153.0,-1.1296882060551263,57.538
HK.02588,中银航空租赁,2020-02-10 00:00:00,57.238,56.838,57.688,56.238,10.686,0.00061,425291.0,31872742.0,-0.08789199831246863,56.888
HK.02588,中银航空租赁,2020-02-11 00:00:00,56.338,55.838,56.788,55.438,10.544,0.00095,659800.0,49021775.0,-1.7593863260494738,56.838
HK.02588,中银航空租赁,2020-02-12 00:00:00,55.538,56.988,57.488,55.538,10.708,0.0006,415729.0,31221140.0,2.059529352770512,55.838
HK.02588,中银航空租赁,2020-02-13 00:00:00,56.788,56.438,57.538,56.138,10.629,0.00182,1260400.0,94493283.0,-0.9651154629044663,56.988
HK.02588,中银航空租赁,2020-02-14 00:00:00,56.188,56.488,57.238,55.888,10.636,0.00056,389236.0,29121440.0,0.08859279209043049,56.438
HK.02588,中银航空租赁,2020-02-17 00:00:00,56.488,56.338,56.938,55.938,10.615,0.00046,321900.0,24029330.0,-0.2655431242033681,56.488
HK.02588,中银航空租赁,2020-02-18 00:00:00,56.038,56.938,57.738,56.038,10.701,0.00095,655970.0,49464876.0,1.0650005325002687,56.338
HK.02588,中银航空租赁,2020-02-19 00:00:00,56.988,57.938,58.438,56.988,10.843,0.00083,575814.0,43758713.0,1.7562963223155008,56.938
HK.02588,中银航空租赁,2020-02-20 00:00:00,57.338,57.588,58.538,57.288,10.793,0.00074,511079.0,38849079.0,-0.6040940315509706,57.938
HK.02588,中银航空租赁,2020-02-21 00:00:00,57.088,56.588,57.488,56.538,10.651,0.00074,513992.0,38644394.0,-1.7364728762936723,57.588
HK.02588,中银航空租赁,2020-02-24 00:00:00,55.838,54.138,56.538,53.288,10.302,0.00096,668900.0,48492795.0,-4.329539831766457,56.588
HK.02588,中银航空租赁,2020-02-25 00:00:00,53.488,54.038,54.838,53.338,10.287,0.00131,910226.0,65765546.0,-0.18471314049281728,54.138
HK.02588,中银航空租赁,2020-02-26 00:00:00,52.138,52.588,53.988,51.738,10.081,0.00111,768262.0,54522695.0,-2.683296939190932,54.038
HK.02588,中银航空租赁,2020-02-27 00:00:00,52.638,52.888,53.288,51.988,10.123,0.00082,568113.0,40299692.0,0.570472351106711,52.588
HK.02588,中银航空租赁,2020-02-28 00:00:00,52.438,49.488,52.438,48.088,9.639,0.00305,2120080.0,144351491.0,-6.428679473604595,52.888
HK.02588,中银航空租赁,2020-03-02 00:00:00,49.238,51.338,52.738,49.238,9.903,0.00218,1509942.0,104952660.0,3.7382799870675747,49.488
HK.02588,中银航空租赁,2020-03-03 00:00:00,52.838,52.338,53.438,51.638,10.045,0.00128,889750.0,63036416.0,1.9478748685184462,51.338
HK.02588,中银航空租赁,2020-03-04 00:00:00,52.838,51.388,52.838,51.288,9.91,0.00067,461923.0,32355984.0,-1.8151247659444436,52.338
HK.02588,中银航空租赁,2020-03-05 00:00:00,51.738,49.788,52.038,48.888,9.682,0.00224,1552300.0,106071159.0,-3.113567369813967,51.388
HK.02588,中银航空租赁,2020-03-06 00:00:00,48.687999999,45.488,48.738,44.338,9.069,0.00747,5183168.0,331549054.0,-8.636619265686505,49.788
HK.02588,中银航空租赁,2020-03-09 00:00:00,44.538,40.138,44.788,39.588,8.307,0.00611,4238289.0,254763130.0,-11.761343651072814,45.488
HK.02588,中银航空租赁,2020-03-10 00:00:00,39.038,41.538,41.638,37.838,8.506,0.00678,4705538.0,275218099.0,3.487966515521448,40.138
HK.02588,中银航空租赁,2020-03-11 00:00:00,41.688,39.838,42.338,39.438,7.377,0.00311,2158730.0,126238754.0,-4.092638066348876,41.538
HK.02588,中银航空租赁,2020-03-12 00:00:00,39.838,36.988,40.088,35.338,7.014,0.00611,4242393.0,233923803.0,-7.153973593051862,39.838
HK.02588,中银航空租赁,2020-03-13 00:00:00,31.488,33.888,34.088,27.438,6.62,0.01937,13446107.0,658789614.0,-8.381096571861148,36.988
HK.02588,中银航空租赁,2020-03-16 00:00:00,29.488,28.088,32.038,28.038,5.882,0.00617,4279141.0,206465743.0,-17.115203021718596,33.888
HK.02588,中银航空租赁,2020-03-17 00:00:00,26.838,25.538,27.688,23.938,5.558,0.01128,7830110.0,343575929.0,-9.078610082597553,28.088
HK.02588,中银航空租赁,2020-03-18 00:00:00,24.938,23.038,27.338,22.788,5.24,0.00617,4283750.0,184191554.0,-9.789333542172448,25.538
HK.02588,中银航空租赁,2020-03-19 00:00:00,21.838,17.388,22.338,14.838,4.521,0.01698,11786190.0,416896734.0,-24.52469832450733,23.038
HK.02588,中银航空租赁,2020-03-20 00:00:00,18.688,22.088,23.238,18.338,5.119,0.00823,5710437.0,221939175.0,27.03013572578789,17.388
HK.02588,中银航空租赁,2020-03-23 00:00:00,18.088,19.338,20.738,17.838,4.769,0.00516,3579045.0,135521296.0,-12.450199203187251,22.088
HK.02588,中银航空租赁,2020-03-24 00:00:00,22.688,22.888,23.288,20.838,5.221,0.00366,2538754.0,103364097.0,18.35763781156273,19.338
HK.02588,中银航空租赁,2020-03-25 00:00:00,25.438,29.938,31.238,25.438,6.118,0.00989,6865973.0,326469219.0,30.80216707444948,22.888
HK.02588,中银航空租赁,2020-03-26 00:00:00,29.038,31.838,32.688,28.838,6.359,0.00989,6863607.0,336701664.0,6.346449328612473,29.938
HK.02588,中银航空租赁,2020-03-27 00:00:00,32.338,33.438,34.838,32.338,6.563,0.00712,4939170.0,254283089.0,5.025441296563859,31.838
HK.02588,中银航空租赁,2020-03-30 00:00:00,30.838,30.738,32.238,29.938,6.219,0.00468,3244509.0,160336432.0,-8.074645612775893,33.438
HK.02588,中银航空租赁,2020-03-31 00:00:00,30.788,31.438,33.288,30.188,6.308,0.0037,2568260.0,128420446.0,2.277311471143208,30.738
HK.02588,中银航空租赁,2020-04-01 00:00:00,33.038,29.938,33.138,28.988,6.118,0.00491,3404354.0,166370576.0,-4.771295883962084,31.438
HK.02588,中银航空租赁,2020-04-02 00:00:00,28.788,27.788,29.038,26.888,5.844,0.0053,3675021.0,169433569.0,-7.181508450798312,29.938
HK.02588,中银航空租赁,2020-04-03 00:00:00,27.638,28.638,29.238,27.438,5.952,0.00254,1765698.0,82505775.0,3.0588743342450027,27.788
HK.02588,中银航空租赁,2020-04-06 00:00:00,28.038,28.388,28.938,26.138,5.92,0.00343,2378916.0,109157568.0,-0.872965989245059,28.638
HK.02588,中银航空租赁,2020-04-07 00:00:00,30.838,29.238,32.088,28.638,6.029,0.00484,3357568.0,160350480.0,2.9942229110891847,28.388
HK.02588,中银航空租赁,2020-04-08 00:00:00,28.638,28.738,29.738,28.338,5.965,0.00217,1507533.0,70885844.0,-1.7101032902387305,29.238
HK.02588,中银航空租赁,2020-04-09 00:00:00,29.838,30.438,30.438,28.888,6.181,0.0036,2501900.0,120173285.0,5.915512561764908,28.738
HK.02588,中银航空租赁,2020-04-14 00:00:00,30.888,31.688,32.638,29.688,6.34,0.00462,3206517.0,159020759.0,4.106708719363953,30.438
HK.02588,中银航空租赁,2020-04-15 00:00:00,31.638,31.788,33.538,30.588,6.353,0.00891,6186936.0,310436646.0,0.3155768745266392,31.688
HK.02588,中银航空租赁,2020-04-16 00:00:00,32.338,29.638,32.338,29.288,6.079,0.00412,2862387.0,138693588.0,-6.763558575563102,31.788
HK.02588,中银航空租赁,2020-04-17 00:00:00,30.038,31.488,32.188,30.038,6.315,0.00659,4571054.0,226779061.0,6.241986638774539,29.638
HK.02588,中银航空租赁,2020-04-20 00:00:00,32.138,34.838,34.838,32.138,6.741,0.00374,2598700.0,135264312.0,10.638973577235777,31.488
HK.02588,中银航空租赁,2020-04-21 00:00:00,33.838,33.088,34.338,32.088,6.518,0.00225,1560085.0,79966850.0,-5.023250473620759,34.838
HK.02588,中银航空租赁,2020-04-22 00:00:00,32.038,33.038,33.138,31.338,6.512,0.00286,1986360.0,100357392.0,-0.15111218568666665,33.088
HK.02588,中银航空租赁,2020-04-23 00:00:00,34.638,35.238,38.288,33.638,6.792,0.00359,2488598.0,132299805.0,6.658998728736616,33.038
HK.02588,中银航空租赁,2020-04-24 00:00:00,35.388,33.938,35.538,33.438,6.626,0.00313,2170218.0,113902883.0,-3.689199159997722,35.238
HK.02588,中银航空租赁,2020-04-27 00:00:00,33.938,33.788,35.338,33.538,6.607,0.0029,2010670.0,105225827.0,-0.44198243856445774,33.938
HK.02588,中银航空租赁,2020-04-28 00:00:00,34.488,34.238,34.488,33.338,6.664,0.00126,875500.0,45720910.0,1.331833787143373,33.788
HK.02588,中银航空租赁,2020-04-29 00:00:00,35.138,34.288,35.138,33.838,6.671,0.00163,1130518.0,59124487.0,0.14603656755650787,34.238
HK.02588,中银航空租赁,2020-05-04 00:00:00,32.938,29.738,33.038,29.438,6.092,0.00458,3180398.0,155656118.0,-13.269948670088654,34.288
HK.02588,中银航空租赁,2020-05-05 00:00:00,30.788,30.688,31.388,29.988,6.213,0.00279,1939593.0,94800878.0,3.194565875311047,29.738
HK.02588,中银航空租赁,2020-05-06 00:00:00,30.338,29.888,31.288,29.238,6.111,0.00273,1895693.0,90978980.0,-2.6068821689259556,30.688
HK.02588,中银航空租赁,2020-05-07 00:00:00,29.688,29.088,29.688,27.788,6.009,0.00405,2811082.0,131671507.0,-2.676659528907925,29.888
HK.02588,中银航空租赁,2020-05-08 00:00:00,29.538,30.788,31.638,29.338,6.226,0.00291,2019489.0,99083048.0,5.844334433443342,29.088
HK.02588,中银航空租赁,2020-05-11 00:00:00,31.838,31.738,33.788,31.038,6.346,0.00329,2286111.0,115020870.0,3.085617773158371,30.788
HK.02588,中银航空租赁,2020-05-12 00:00:00,30.838,30.788,31.088,29.888,6.226,0.00188,1302882.0,63746235.0,-2.993257294095404,31.738
HK.02588,中银航空租赁,2020-05-13 00:00:00,29.688,29.688,30.288,29.338,6.086,0.00153,1058910.0,50768062.0,-3.5728205794465424,30.788
HK.02588,中银航空租赁,2020-05-14 00:00:00,28.638,27.638,29.438,27.388,5.825,0.00309,2142127.0,98619925.0,-6.905146860684443,29.688
HK.02588,中银航空租赁,2020-05-15 00:00:00,27.838,28.238,28.838,27.488,5.901,0.00122,848348.0,39414851.0,2.1709240900209776,27.638
HK.02588,中银航空租赁,2020-05-18 00:00:00,28.238,28.538,28.738,27.188,5.939,0.00139,967015.0,44609464.0,1.0623981868404302,28.238
HK.02588,中银航空租赁,2020-05-19 00:00:00,30.538,30.538,32.138,30.538,6.194,0.00215,1492841.0,73363238.0,7.008199593524424,28.538
HK.02588,中银航空租赁,2020-05-20 00:00:00,29.888,28.938,30.238,28.838,5.99,0.00135,935600.0,44457615.0,-5.239373894819574,30.538
HK.02588,中银航空租赁,2020-05-21 00:00:00,29.288,28.338,29.588,28.038,5.914,0.00143,992240.0,46397923.0,-2.073398299813387,28.938
HK.02588,中银航空租赁,2020-05-22 00:00:00,27.788,26.038,27.788,25.538,5.621,0.00321,2226521.0,99299577.0,-8.116310254781569,28.338
HK.02588,中银航空租赁,2020-05-25 00:00:00,25.088,25.438,25.738,24.538,5.545,0.00191,1325800.0,57498867.0,-2.304324448882408,26.038
HK.02588,中银航空租赁,2020-05-26 00:00:00,25.838,25.938,27.538,25.638,5.609,0.00245,1703300.0,75971740.0,1.9655633304505074,25.438
HK.02588,中银航空租赁,2020-05-27 00:00:00,25.788,27.338,27.738,25.788,5.787,0.0031,2152500.0,97564475.0,5.397486313516856,25.938
HK.02588,中银航空租赁,2020-05-28 00:00:00,30.138,27.988,30.138,26.938,5.87,0.00455,3158086.0,145146623.0,2.377642841466086,27.338
HK.02588,中银航空租赁,2020-05-29 00:00:00,26.5067,26.1067,28.5567,26.1067,5.418,0.00518,3593201.0,154633238.0,-6.721809346862939,27.988
HK.02588,中银航空租赁,2020-06-01 00:00:00,26.5567,28.6567,29.4067,26.5567,5.742,0.00377,2618051.0,117966601.0,9.767607549019985,26.1067
HK.02588,中银航空租赁,2020-06-02 00:00:00,29.8067,29.3067,30.3067,28.1067,5.825,0.00207,1439290.0,65370590.0,2.2682304661736996,28.6567
HK.02588,中银航空租赁,2020-06-03 00:00:00,30.0067,30.6067,30.7067,28.5067,5.99,0.00343,2379200.0,111609425.0,4.435845728109957,29.3067
HK.02588,中银航空租赁,2020-06-04 00:00:00,31.3067,31.8067,32.1567,30.8067,6.143,0.00295,2045289.0,98096521.0,3.920710171302359,30.6067
HK.02588,中银航空租赁,2020-06-05 00:00:00,32.9567,35.1067,35.4067,32.4567,6.563,0.00571,3959741.0,202319863.0,10.375172526543142,31.8067
HK.02588,中银航空租赁,2020-06-08 00:00:00,36.3567,35.8567,36.7067,34.8567,6.658,0.00323,2243730.0,117413041.0,2.136344344526828,35.1067
HK.02588,中银航空租赁,2020-06-09 00:00:00,37.0067,37.1067,38.0067,36.6567,6.817,0.00464,3221859.0,172879958.0,3.486098832296335,35.8567
HK.02588,中银航空租赁,2020-06-10 00:00:00,37.0067,36.4067,37.5567,35.6567,6.728,0.00261,1811369.0,95649225.0,-1.8864517728604153,37.1067
HK.02588,中银航空租赁,2020-06-11 00:00:00,35.5067,33.7067,35.7567,33.2567,6.385,0.00406,2819648.0,142589855.0,-7.416217344609653,36.4067
HK.02588,中银航空租赁,2020-06-12 00:00:00,32.3567,33.6567,34.3567,31.2067,6.378,0.00335,2327003.0,115697743.0,-0.14833846089945668,33.7067
HK.02588,中银航空租赁,2020-06-15 00:00:00,33.6567,32.4567,34.1067,32.3567,6.226,0.00256,1778600.0,88331417.0,-3.5654119387818852,33.6567
HK.02588,中银航空租赁,2020-06-16 00:00:00,33.6067,34.8067,35.0067,33.6067,6.525,0.0023,1598860.0,81588343.0,7.240415692291581,32.4567
HK.02588,中银航空租赁,2020-06-17 00:00:00,35.1567,34.7567,36.3067,34.3567,6.518,0.00307,2129515.0,109807702.0,-0.14365050406961064,34.8067
HK.02588,中银航空租赁,2020-06-18 00:00:00,34.9567,33.7067,34.9567,33.5067,6.385,0.00182,1262942.0,63814526.0,-3.0210002675743213,34.7567
HK.02588,中银航空租赁,2020-06-19 00:00:00,33.5067,33.8567,34.7567,33.1067,6.404,0.00897,6228725.0,314113516.0,0.44501538269839114,33.7067
HK.02588,中银航空租赁,2020-06-22 00:00:00,34.4067,32.2067,34.4067,31.7067,6.194,0.0025,1735185.0,84698125.0,-4.873481467479106,33.8567
HK.02588,中银航空租赁,2020-06-23 00:00:00,31.7067,32.5567,32.9067,31.1067,6.238,0.00173,1199518.0,58339236.0,1.0867304008172258,32.2067
HK.02588,中银航空租赁,2020-06-24 00:00:00,32.9067,32.5067,32.9067,31.9567,6.232,0.00131,905800.0,44287205.0,-0.15357821892267076,32.5567
HK.02588,中银航空租赁,2020-06-26 00:00:00,32.4567,31.7067,32.4567,31.7067,6.13,0.00157,1086138.0,52662768.0,-2.461031110509528,32.5067
HK.02588,中银航空租赁,2020-06-29 00:00:00,32.9067,31.8067,33.7067,31.3567,6.143,0.00261,1811183.0,88636833.0,0.31539075337388583,31.7067
HK.02588,中银航空租赁,2020-06-30 00:00:00,32.5067,33.0067,33.7567,32.5067,6.296,0.00252,1747540.0,86995730.0,3.7727900096520632,31.8067
HK.02588,中银航空租赁,2020-07-02 00:00:00,33.2067,33.5067,34.0067,32.7567,6.359,0.00282,1955490.0,97468083.0,1.5148439559241003,33.0067
HK.02588,中银航空租赁,2020-07-03 00:00:00,33.5567,33.6067,33.8567,33.0067,6.372,0.00142,988163.0,49205877.0,0.2984477731319238,33.5067
HK.02588,中银航空租赁,2020-07-06 00:00:00,33.5067,36.3067,36.5067,33.5067,6.715,0.00405,2807500.0,145881452.0,8.03411224547487,33.6067
HK.02588,中银航空租赁,2020-07-07 00:00:00,36.5067,34.7067,37.0567,34.2567,6.512,0.00382,2648212.0,135961903.0,-4.406900103837588,36.3067
HK.02588,中银航空租赁,2020-07-08 00:00:00,35.5067,34.2067,35.5067,33.5067,6.448,0.00222,1539239.0,77942147.0,-1.440644025505162,34.7067
HK.02588,中银航空租赁,2020-07-09 00:00:00,34.1067,33.9067,35.1567,33.9067,6.41,0.00178,1233099.0,62705479.0,-0.8770211683675924,34.2067
HK.02588,中银航空租赁,2020-07-10 00:00:00,33.4067,31.5567,33.8567,30.8567,6.111,0.0051,3540250.0,172034505.0,-6.930783591443583,33.9067
HK.02588,中银航空租赁,2020-07-13 00:00:00,31.6067,32.4067,32.9567,31.3567,6.219,0.00245,1698088.0,82530359.0,2.693564282703836,31.5567
HK.02588,中银航空租赁,2020-07-14 00:00:00,32.4067,31.4067,32.4067,30.6067,6.092,0.00173,1202700.0,57276355.0,-3.085781643919313,32.4067
HK.02588,中银航空租赁,2020-07-15 00:00:00,31.4067,31.3067,32.6067,30.6567,6.079,0.00137,953070.0,45568588.0,-0.318403398001068,31.4067
HK.02588,中银航空租赁,2020-07-16 00:00:00,31.4067,31.5567,33.0067,31.3067,6.111,0.00238,1650840.0,80023329.0,0.7985511088680697,31.3067
HK.02588,中银航空租赁,2020-07-17 00:00:00,31.6067,32.4567,32.6067,31.3067,6.226,0.00179,1244905.0,60098213.0,2.852009240509935,31.5567
HK.02588,中银航空租赁,2020-07-20 00:00:00,32.4567,33.1567,33.1567,32.2067,6.315,0.00104,723196.0,35651310.0,2.1567195679166486,32.4567
HK.02588,中银航空租赁,2020-07-21 00:00:00,33.1567,32.2067,33.1567,31.9567,6.194,0.00121,842412.0,41004271.0,-2.8651826026112452,33.1567
HK.02588,中银航空租赁,2020-07-22 00:00:00,32.0567,31.4567,32.4067,31.2067,6.098,0.00137,953161.0,46042964.0,-2.3287080017511776,32.2067
HK.02588,中银航空租赁,2020-07-23 00:00:00,32.3067,31.8067,32.3067,30.9067,6.143,0.00093,646785.0,30953930.0,1.1126405503437993,31.4567
HK.02588,中银航空租赁,2020-07-24 00:00:00,30.9067,29.4567,31.5567,29.3067,5.844,0.00175,1212483.0,56518467.0,-7.3883804355686005,31.8067
HK.02588,中银航空租赁,2020-07-27 00:00:00,29.4567,28.6567,30.0067,28.5067,5.742,0.0017,1182597.0,54051641.0,-2.715850723264998,29.4567
HK.02588,中银航空租赁,2020-07-28 00:00:00,29.3067,28.6567,29.5067,28.0067,5.742,0.0016,1109400.0,49838815.0,0.0,28.6567
HK.02588,中银航空租赁,2020-07-29 00:00:00,28.3067,28.7067,29.8567,28.1067,5.749,0.00132,915108.0,41361029.0,0.174479266628749,28.6567
HK.02588,中银航空租赁,2020-07-30 00:00:00,29.8067,29.5067,30.9067,29.0567,5.85,0.00135,939404.0,43449887.0,2.7868058676197442,28.7067
HK.02588,中银航空租赁,2020-07-31 00:00:00,28.8567,28.3067,29.7067,28.2067,5.698,0.00157,1090407.0,49134191.0,-4.066872947500057,29.5067
HK.02588,中银航空租赁,2020-08-03 00:00:00,28.2567,27.9067,29.3567,27.7567,5.647,0.00118,816905.0,36514764.0,-1.413093013314864,28.3067
HK.02588,中银航空租赁,2020-08-04 00:00:00,28.9067,29.3067,30.0567,28.4567,5.825,0.00131,907424.0,41428149.0,5.016716415771118,27.9067
HK.02588,中银航空租赁,2020-08-05 00:00:00,29.5067,28.9067,29.6067,28.5567,5.774,0.00078,540140.0,24532397.0,-1.364875608649212,29.3067
HK.02588,中银航空租赁,2020-08-06 00:00:00,29.0067,28.5067,29.9067,28.1067,5.723,0.00116,802370.0,36240253.0,-1.3837622419715918,28.9067
HK.02588,中银航空租赁,2020-08-07 00:00:00,29.3067,28.4567,29.3067,28.0067,5.717,0.00097,671748.0,30202806.0,-0.1753973627252441,28.5067
HK.02588,中银航空租赁,2020-08-10 00:00:00,28.5067,29.5067,29.5067,27.8567,5.85,0.00085,590092.0,26850735.0,3.689816457987037,28.4567
HK.02588,中银航空租赁,2020-08-11 00:00:00,30.0067,32.6567,32.7067,29.7567,6.251,0.00287,1990776.0,96649383.0,10.675541487187663,29.5067
HK.02588,中银航空租赁,2020-08-12 00:00:00,33.0067,33.4067,33.5067,31.4067,6.346,0.00277,1922400.0,94329766.0,2.29661907051233,32.6567
HK.02588,中银航空租赁,2020-08-13 00:00:00,33.5567,34.0567,34.4567,32.5067,6.429,0.00233,1615335.0,80913625.0,1.9457174758356812,33.4067
HK.02588,中银航空租赁,2020-08-14 00:00:00,34.3067,34.3067,34.5067,32.6067,6.461,0.00123,855169.0,43123805.0,0.7340699480572105,34.0567
HK.02588,中银航空租赁,2020-08-17 00:00:00,34.2567,33.0067,34.5067,32.9067,6.296,0.00083,573347.0,28618435.0,-3.78934727035826,34.3067
HK.02588,中银航空租赁,2020-08-18 00:00:00,32.8567,33.0067,33.2567,32.1567,6.296,0.00077,537853.0,26504338.0,0.0,33.0067
HK.02588,中银航空租赁,2020-08-19 00:00:00,32.5567,32.3067,33.6067,32.0567,6.207,0.00161,1119100.0,54782750.0,-2.1207815382937487,33.0067
HK.02588,中银航空租赁,2020-08-20 00:00:00,33.3067,32.9067,33.4067,32.2067,6.283,0.0021,1456800.0,71667510.0,1.8571998997112098,32.3067
HK.02588,中银航空租赁,2020-08-21 00:00:00,33.4067,37.9067,38.4067,33.4067,6.919,0.00533,3701477.0,198748772.0,15.194474073668887,32.9067
HK.02588,中银航空租赁,2020-08-24 00:00:00,37.6067,37.2067,37.8567,36.6067,6.83,0.00213,1476171.0,79040744.0,-1.8466392484705945,37.9067
HK.02588,中银航空租赁,2020-08-25 00:00:00,37.7067,39.8567,40.3567,37.5567,7.167,0.0036,2497800.0,140010744.0,7.122373120970145,37.2067
HK.02588,中银航空租赁,2020-08-26 00:00:00,40.3567,39.5067,40.3567,38.7567,7.122,0.00224,1554647.0,86917023.0,-0.8781459578941416,39.8567
HK.02588,中银航空租赁,2020-08-27 00:00:00,39.6067,39.4067,40.1067,37.4067,7.11,0.00292,2029404.0,112783660.0,-0.25312162240835456,39.5067
HK.02588,中银航空租赁,2020-08-28 00:00:00,39.6067,41.7567,42.8067,38.5067,7.409,0.00316,2192066.0,126474802.0,5.963452915367188,39.4067
HK.02588,中银航空租赁,2020-08-31 00:00:00,42.6067,41.1567,43.5067,41.0067,7.332,0.00276,1912745.0,111296947.0,-1.436895156944877,41.7567
HK.02588,中银航空租赁,2020-09-01 00:00:00,41.5067,40.6067,41.5067,40.1567,7.262,0.00109,759513.0,43515262.0,-1.3363559274674701,41.1567
HK.02588,中银航空租赁,2020-09-02 00:00:00,40.9567,39.9067,41.2067,39.2567,7.173,0.00138,960289.0,54010354.0,-1.723853452755323,40.6067
HK.02588,中银航空租赁,2020-09-03 00:00:00,40.4067,41.6067,42.1567,39.7567,7.389,0.00127,884581.0,51260477.0,4.259936301423059,39.9067
HK.02588,中银航空租赁,2020-09-04 00:00:00,41.3067,42.4067,42.5067,39.9067,7.491,0.00462,3203200.0,186141788.0,1.922767246621348,41.6067
HK.02588,中银航空租赁,2020-09-07 00:00:00,42.6567,43.9067,44.8567,42.0567,7.682,0.00276,1914111.0,115716657.0,3.537176908365895,42.4067
HK.02588,中银航空租赁,2020-09-08 00:00:00,44.1067,42.9567,44.9067,42.1567,7.561,0.00174,1206300.0,71859420.0,-2.1636788918320047,43.9067
HK.02588,中银航空租赁,2020-09-09 00:00:00,42.5067,42.9567,43.2567,41.6067,7.561,0.00148,1029317.0,60920788.0,0.0,42.9567
HK.02588,中银航空租赁,2020-09-10 00:00:00,44.1567,42.6067,44.5067,42.5567,7.517,0.00119,829047.0,49489833.0,-0.8147739467882809,42.9567
HK.02588,中银航空租赁,2020-09-11 00:00:00,43.8067,42.0067,43.8067,41.6067,7.44,0.00072,497747.0,29116088.0,-1.4082292221645758,42.6067
HK.02588,中银航空租赁,2020-09-14 00:00:00,41.5067,43.5067,44.1067,41.5067,7.631,0.00115,800978.0,47951600.0,3.5708589344080823,42.0067
HK.02588,中银航空租赁,2020-09-15 00:00:00,43.2067,44.0067,44.5067,42.9567,7.695,0.00156,1084600.0,65385240.0,1.149248276702209,43.5067
HK.02588,中银航空租赁,2020-09-16 00:00:00,44.9567,43.2567,44.9567,42.9067,7.599,0.00075,520020.0,31209916.0,-1.7042859382775806,44.0067
HK.02588,中银航空租赁,2020-09-17 00:00:00,43.0067,41.8567,43.2067,41.0067,7.421,0.00142,982856.0,57281926.0,-3.236492843883157,43.2567
HK.02588,中银航空租赁,2020-09-18 00:00:00,41.1067,42.2567,43.4567,41.1067,7.472,0.00128,885096.0,52256039.0,0.9556415102002922,41.8567
HK.02588,中银航空租赁,2020-09-21 00:00:00,42.0567,40.0067,42.1067,39.5567,7.186,0.00141,978217.0,55674217.0,-5.3245994126375225,42.2567
HK.02588,中银航空租赁,2020-09-22 00:00:00,39.3567,37.5067,39.4067,36.9067,6.868,0.00357,2475743.0,133761980.0,-6.248953300322196,40.0067
HK.02588,中银航空租赁,2020-09-23 00:00:00,37.5067,37.9067,39.5067,37.2067,6.919,0.0013,903267.0,49208616.0,1.0664761229326989,37.5067
HK.02588,中银航空租赁,2020-09-24 00:00:00,36.6567,36.9067,37.8067,36.6567,6.792,0.0008,554118.0,29666851.0,-2.6380560692436954,37.9067
HK.02588,中银航空租赁,2020-09-25 00:00:00,37.7067,36.2567,38.2567,35.6067,6.709,0.00174,1210085.0,63722171.0,-1.7611978312880818,36.9067
HK.02588,中银航空租赁,2020-09-28 00:00:00,37.0902,37.1402,38.3902,36.6902,6.684,0.00129,898311.0,47247290.0,2.436790993112991,36.2567
HK.02588,中银航空租赁,2020-09-29 00:00:00,38.4902,37.2402,38.6902,36.8402,6.696,0.00058,403417.0,21328049.0,0.2692500309637574,37.1402
HK.02588,中银航空租赁,2020-09-30 00:00:00,38.2902,37.2902,38.4402,36.7902,6.703,0.00123,856944.0,45409063.0,0.13426351093709799,37.2402
HK.02588,中银航空租赁,2020-10-05 00:00:00,37.6902,37.5902,38.5902,34.1402,6.741,0.00109,757893.0,40311025.0,0.8045009144493843,37.2902
HK.02588,中银航空租赁,2020-10-06 00:00:00,37.5902,38.0902,38.0902,36.9402,6.804,0.00041,282910.0,15009460.0,1.3301339178828524,37.5902
HK.02588,中银航空租赁,2020-10-07 00:00:00,37.9902,36.7902,37.9902,36.2902,6.639,0.00128,884874.0,46322958.0,-3.4129513628177435,38.0902
HK.02588,中银航空租赁,2020-10-08 00:00:00,37.5902,38.7402,39.1902,36.7902,6.887,0.00151,1050852.0,56723732.0,5.300324542948945,36.7902
HK.02588,中银航空租赁,2020-10-09 00:00:00,38.7402,37.4902,38.7402,36.8402,6.728,0.00132,915823.0,48524860.0,-3.226622474845251,38.7402
HK.02588,中银航空租赁,2020-10-12 00:00:00,37.0902,37.4902,38.4402,37.0902,6.728,0.00123,855800.0,45478963.0,0.0,37.4902
HK.02588,中银航空租赁,2020-10-14 00:00:00,38.7902,37.1402,38.7902,35.9402,6.684,0.00297,2063885.0,107661340.0,-0.9335773082032142,37.4902
HK.02588,中银航空租赁,2020-10-15 00:00:00,36.5902,36.7902,37.0902,36.1402,6.639,0.00127,880400.0,45796078.0,-0.9423751083731413,37.1402
HK.02588,中银航空租赁,2020-10-16 00:00:00,36.3402,35.9902,37.2402,35.6402,6.537,0.0009,627500.0,32323043.0,-2.174492120184172,36.7902
HK.02588,中银航空租赁,2020-10-19 00:00:00,35.5902,35.7402,36.5902,35.2902,6.505,0.00093,647359.0,33045510.0,-0.6946335391300965,35.9902
HK.02588,中银航空租赁,2020-10-20 00:00:00,35.7402,36.2902,36.2902,35.5402,6.575,0.0006,417822.0,21418999.0,1.5388833862149545,35.7402
HK.02588,中银航空租赁,2020-10-21 00:00:00,35.9402,37.7402,37.7902,35.7402,6.76,0.00109,758790.0,39657385.0,3.995569051699916,36.2902
HK.02588,中银航空租赁,2020-10-22 00:00:00,37.4902,37.9902,38.5402,37.4902,6.792,0.0008,556120.0,29697799.0,0.6624236225563193,37.7402
HK.02588,中银航空租赁,2020-10-23 00:00:00,37.6902,39.5902,39.9902,37.6902,6.995,0.00129,895124.0,48984997.0,4.211612468478716,37.9902
HK.02588,中银航空租赁,2020-10-27 00:00:00,38.6902,37.5902,39.0902,36.8402,6.741,0.00148,1027928.0,54567179.0,-5.0517552323554815,39.5902
HK.02588,中银航空租赁,2020-10-28 00:00:00,37.1402,37.2402,39.0402,36.5902,6.696,0.0011,762569.0,40059228.0,-0.9310937425180004,37.5902
HK.02588,中银航空租赁,2020-10-29 00:00:00,36.1902,34.0902,36.6402,33.4402,6.296,0.00391,2714984.0,136277040.0,-8.458601189037648,37.2402
HK.02588,中银航空租赁,2020-10-30 00:00:00,34.3402,32.4402,34.3402,31.9402,6.086,0.00213,1479913.0,71015416.0,-4.840100674094037,34.0902
HK.02588,中银航空租赁,2020-11-02 00:00:00,32.3902,32.0902,33.6902,31.6902,6.041,0.001,695283.0,33278028.0,-1.0789082681364306,32.4402
HK.02588,中银航空租赁,2020-11-03 00:00:00,32.1402,32.9402,33.5902,31.9402,6.149,0.00178,1235962.0,59458605.0,2.648783740830516,32.0902
HK.02588,中银航空租赁,2020-11-04 00:00:00,33.0902,33.9402,34.2402,32.9902,6.277,0.00134,931150.0,45618780.0,3.035804275626742,32.9402
HK.02588,中银航空租赁,2020-11-05 00:00:00,34.6402,37.0902,37.0902,33.9902,6.677,0.00177,1230161.0,63107238.0,9.281029575547599,33.9402
HK.02588,中银航空租赁,2020-11-06 00:00:00,37.5902,38.0902,38.4402,37.0902,6.804,0.0016,1108413.0,59118581.0,2.6961299750338363,37.0902
HK.02588,中银航空租赁,2020-11-09 00:00:00,36.7902,37.7902,38.5902,36.0902,6.766,0.00117,810500.0,42554860.0,-0.7876041606502571,38.0902
HK.02588,中银航空租赁,2020-11-10 00:00:00,45.2902,48.8902,49.5402,43.0402,8.178,0.01523,10569285.0,656556577.0,29.37269450809999,37.7902
HK.02588,中银航空租赁,2020-11-11 00:00:00,47.5902,49.5902,49.7402,45.0402,8.267,0.00431,2990750.0,189325922.0,1.4317797840876143,48.8902
HK.02588,中银航空租赁,2020-11-12 00:00:00,49.5902,47.7902,49.5902,46.6902,8.038,0.00216,1501888.0,94712359.0,-3.6297494262979466,49.5902
HK.02588,中银航空租赁,2020-11-13 00:00:00,47.5902,47.8402,47.8402,47.3402,8.045,0.00103,713787.0,44979664.0,0.10462396056096074,47.7902
HK.02588,中银航空租赁,2020-11-16 00:00:00,47.8402,49.3402,49.3902,46.3402,8.235,0.00184,1277119.0,81085930.0,3.1354383969966677,47.8402
HK.02588,中银航空租赁,2020-11-17 00:00:00,51.0902,51.0402,53.5402,50.6402,8.452,0.00263,1827149.0,123086968.0,3.445466374274923,49.3402
HK.02588,中银航空租赁,2020-11-18 00:00:00,51.7902,53.6902,55.3902,51.1402,8.789,0.00258,1789600.0,122560190.0,5.191985924820041,51.0402
HK.02588,中银航空租赁,2020-11-19 00:00:00,53.5902,53.0902,54.0902,52.0402,8.712,0.00257,1781735.0,121697469.0,-1.1175223783856167,53.6902
HK.02588,中银航空租赁,2020-11-20 00:00:00,53.0902,52.5902,53.1402,52.190199999,8.649,0.00298,2065614.0,140898699.0,-0.9417934006652828,53.0902
HK.02588,中银航空租赁,2020-11-23 00:00:00,52.5902,53.0402,53.6902,52.5402,8.706,0.001,694047.0,47301698.0,0.8556727299002395,52.5902
HK.02588,中银航空租赁,2020-11-24 00:00:00,53.0902,53.7402,53.8402,51.7902,8.795,0.00114,794539.0,54387838.0,1.319753696253036,53.0402
HK.02588,中银航空租赁,2020-11-25 00:00:00,53.7402,55.0402,56.1402,52.9902,8.96,0.00249,1725850.0,121200417.0,2.4190457050773855,53.7402
HK.02588,中银航空租赁,2020-11-26 00:00:00,55.0402,53.190199999,55.0402,52.4902,8.725,0.00304,2109756.0,143875264.0,-3.3611796486931333,55.0402
HK.02588,中银航空租赁,2020-11-27 00:00:00,52.8902,52.940199999,53.5402,52.0402,8.693,0.0012,832313.0,56747018.0,-0.4700113930850046,53.190199999
HK.02588,中银航空租赁,2020-11-30 00:00:00,51.690199999,53.4902,54.4402,51.690199999,8.763,0.005,3471555.0,238047215.0,1.0389080528792674,52.940199999
HK.02588,中银航空租赁,2020-12-01 00:00:00,53.4902,54.7402,55.4402,52.8902,8.922,0.00111,771725.0,53823181.0,2.336876661519306,53.4902
HK.02588,中银航空租赁,2020-12-02 00:00:00,54.7402,54.5902,55.5902,53.9902,8.903,0.00185,1285068.0,89861933.0,-0.27402165136407713,54.7402
HK.02588,中银航空租赁,2020-12-03 00:00:00,54.5902,53.3902,54.5902,52.690199999,8.75,0.00145,1006789.0,69312624.0,-2.1981967459360887,54.5902
HK.02588,中银航空租赁,2020-12-04 00:00:00,53.6402,55.2902,55.5902,53.6402,8.992,0.00195,1350700.0,94198872.0,3.558705530228391,53.3902
HK.02588,中银航空租赁,2020-12-07 00:00:00,56.4902,52.690199999,56.4902,52.1402,8.661,0.00277,1919803.0,133202285.0,-4.702460835735804,55.2902
HK.02588,中银航空租赁,2020-12-08 00:00:00,52.690199999,52.2902,53.7902,52.0902,8.611,0.00254,1765786.0,119554115.0,-0.7591544518859173,52.690199999
HK.02588,中银航空租赁,2020-12-09 00:00:00,52.2902,52.5402,53.9402,52.1402,8.642,0.00064,445586.0,30408760.0,0.4781010590894661,52.2902
HK.02588,中银航空租赁,2020-12-10 00:00:00,51.5902,52.3902,53.5902,49.0402,8.623,0.00275,1908151.0,129558926.0,-0.2854956775954385,52.5402
HK.02588,中银航空租赁,2020-12-11 00:00:00,52.3902,50.7902,52.8902,50.7402,8.42,0.00137,953841.0,63899724.0,-3.054006283617931,52.3902
HK.02588,中银航空租赁,2020-12-14 00:00:00,49.690199999,50.5902,51.9902,49.690199999,8.394,0.00108,746260.0,49528405.0,-0.39377675220809477,50.7902
HK.02588,中银航空租赁,2020-12-15 00:00:00,50.5902,49.0902,50.8402,49.0902,8.204,0.00231,1605705.0,104954236.0,-2.965001126700428,50.5902
HK.02588,中银航空租赁,2020-12-16 00:00:00,49.2902,51.1402,51.7402,49.2902,8.464,0.00222,1540335.0,101568697.0,4.175986245727247,49.0902
HK.02588,中银航空租赁,2020-12-17 00:00:00,51.940199999,49.940199999,52.0402,49.8902,8.312,0.00129,894853.0,58919100.0,-2.3464906296807584,51.1402
HK.02588,中银航空租赁,2020-12-18 00:00:00,50.0402,49.5402,50.940199999,49.0902,8.261,0.00209,1452595.0,94851772.0,-0.8009579437167085,49.940199999
HK.02588,中银航空租赁,2020-12-21 00:00:00,49.690199999,49.0902,50.7402,48.3902,8.204,0.00134,929655.0,59772609.0,-0.9083532161759454,49.5402
HK.02588,中银航空租赁,2020-12-22 00:00:00,49.0902,46.9402,49.7402,46.2902,7.93,0.00395,2739800.0,171662622.0,-4.3796928918603015,49.0902
HK.02588,中银航空租赁,2020-12-23 00:00:00,46.9402,48.4402,48.8402,46.8402,8.121,0.00113,785518.0,49700152.0,3.1955551957597113,46.9402
HK.02588,中银航空租赁,2020-12-24 00:00:00,49.2902,48.7902,49.2902,47.5902,8.165,0.00021,143300.0,9136100.0,0.7225403693626398,48.4402
HK.02588,中银航空租赁,2020-12-28 00:00:00,48.7902,48.8902,49.3402,47.5402,8.178,0.00081,562707.0,36075294.0,0.20495919262475135,48.7902
HK.02588,中银航空租赁,2020-12-29 00:00:00,48.8902,49.3902,49.8402,47.5902,8.242,0.00099,686300.0,43956410.0,1.0226998457768632,48.8902
HK.02588,中银航空租赁,2020-12-30 00:00:00,49.690199999,51.5402,51.8902,48.8402,8.515,0.00173,1200554.0,79746584.0,4.353090289166674,49.3902
HK.02588,中银航空租赁,2020-12-31 00:00:00,52.4902,51.5902,52.4902,49.7902,8.522,0.0005,347675.0,23029307.0,0.09701165303977141,51.5402
HK.02588,中银航空租赁,2021-01-04 00:00:00,46.9402,48.2902,48.7902,46.7402,8.102,0.00172,1196107.0,75478855.0,-6.396563688452465,51.5902
HK.02588,中银航空租赁,2021-01-05 00:00:00,47.2902,48.2902,48.5902,46.3902,8.102,0.00133,926185.0,58145865.0,0.0,48.2902
HK.02588,中银航空租赁,2021-01-06 00:00:00,48.5902,51.8402,52.8902,47.9402,8.553,0.00193,1339028.0,89039743.0,7.351388066315742,48.2902
HK.02588,中银航空租赁,2021-01-07 00:00:00,52.5902,51.2402,52.5902,49.940199999,8.477,0.00172,1194455.0,78888904.0,-1.1574029421182817,51.8402
HK.02588,中银航空租赁,2021-01-08 00:00:00,50.440199999,50.690199999,51.5902,49.8402,8.407,0.0021,1458189.0,96109505.0,-1.0733759840906179,51.2402
HK.02588,中银航空租赁,2021-01-11 00:00:00,51.5902,48.2902,51.5902,47.7902,8.102,0.00138,957557.0,61496029.0,-4.734642986311651,50.690199999
HK.02588,中银航空租赁,2021-01-12 00:00:00,48.1402,48.3402,48.4402,46.7402,8.108,0.00121,837195.0,52874981.0,0.10354067699037126,48.2902
HK.02588,中银航空租赁,2021-01-13 00:00:00,47.5902,50.8402,51.2402,47.5402,8.426,0.00105,727100.0,47613175.0,5.17167905800969,48.3402
HK.02588,中银航空租赁,2021-01-14 00:00:00,50.8402,49.1402,51.5402,48.7402,8.21,0.00101,701389.0,45839381.0,-3.3438106065672497,50.8402
HK.02588,中银航空租赁,2021-01-15 00:00:00,49.1402,48.2902,49.4902,47.5902,8.102,0.00084,583105.0,37094271.0,-1.7297446896838056,49.1402
HK.02588,中银航空租赁,2021-01-18 00:00:00,47.9402,48.5402,49.0402,47.5902,8.134,0.00142,988132.0,62779198.0,0.5177033849518122,48.2902
HK.02588,中银航空租赁,2021-01-19 00:00:00,49.3902,49.8402,50.7402,48.0902,8.299,0.00138,959793.0,62617982.0,2.678192508477518,48.5402
HK.02588,中银航空租赁,2021-01-20 00:00:00,50.4902,51.1402,51.3902,49.6402,8.464,0.00091,630787.0,41743003.0,2.6083362426314443,49.8402
HK.02588,中银航空租赁,2021-01-21 00:00:00,51.3902,51.190199999,52.0902,50.5902,8.471,0.00071,491243.0,32723639.0,0.09777044086648198,51.1402
HK.02588,中银航空租赁,2021-01-22 00:00:00,50.2402,48.0402,50.7402,47.7902,8.07,0.00087,605486.0,38657238.0,-6.153521570655198,51.190199999
HK.02588,中银航空租赁,2021-01-25 00:00:00,47.1402,48.9902,49.5402,45.2402,8.191,0.00271,1880298.0,118598696.0,1.9775105016215644,48.0402
HK.02588,中银航空租赁,2021-01-26 00:00:00,49.3902,47.6402,49.9902,47.3902,8.019,0.00063,435168.0,27724189.0,-2.7556531714506196,48.9902
HK.02588,中银航空租赁,2021-01-27 00:00:00,47.5402,48.0402,48.3902,47.0902,8.07,0.0008,557328.0,35218180.0,0.839627037669864,47.6402
HK.02588,中银航空租赁,2021-01-28 00:00:00,47.4402,47.5902,47.8902,46.4902,8.013,0.00174,1205927.0,75479628.0,-0.936715500768098,48.0402
HK.02588,中银航空租赁,2021-01-29 00:00:00,48.8402,47.9402,48.9902,46.6902,8.057,0.00129,893324.0,56364052.0,0.7354455329038212,47.5902
HK.02588,中银航空租赁,2021-02-01 00:00:00,47.9402,47.5902,50.3902,47.2402,8.013,0.00089,616360.0,39008948.0,-0.7300762199573517,47.9402
HK.02588,中银航空租赁,2021-02-02 00:00:00,47.1902,47.1902,48.7402,46.4902,7.962,0.00172,1191005.0,74345689.0,-0.8405091804615356,47.5902
HK.02588,中银航空租赁,2021-02-03 00:00:00,47.1902,49.7402,50.690199999,47.1902,8.286,0.00161,1116619.0,72558112.0,5.403664320134275,47.1902
HK.02588,中银航空租赁,2021-02-04 00:00:00,50.2902,49.1402,51.3402,48.9902,8.21,0.0007,488603.0,31898462.0,-1.2062677673189923,49.7402
HK.02588,中银航空租赁,2021-02-05 00:00:00,49.940199999,49.2402,50.5902,48.9902,8.223,0.00077,536012.0,35009243.0,0.20349937525692086,49.1402
HK.02588,中银航空租赁,2021-02-08 00:00:00,48.690199999,50.4902,51.5402,48.690199999,8.382,0.00102,709191.0,46869291.0,2.538576203995922,49.2402
HK.02588,中银航空租赁,2021-02-09 00:00:00,49.8402,49.940199999,50.8902,49.6402,8.312,0.00033,229504.0,15013088.0,-1.0893203057226961,50.4902
HK.02588,中银航空租赁,2021-02-10 00:00:00,49.6402,48.940199999,51.0402,48.4902,8.184,0.00041,282971.0,18248434.0,-2.002394864297748,49.940199999
HK.02588,中银航空租赁,2021-02-11 00:00:00,49.0902,48.7402,49.6402,48.5402,8.159,0.00019,133036.0,8553397.0,-0.40866199771166817,48.940199999
HK.02588,中银航空租赁,2021-02-16 00:00:00,48.3402,51.4902,51.4902,47.9902,8.509,0.0009,621350.0,40941865.0,5.642159859828232,48.7402
HK.02588,中银航空租赁,2021-02-17 00:00:00,51.5902,52.5402,53.0902,50.7902,8.642,0.00094,653456.0,44224229.0,2.039222997774328,51.4902
HK.02588,中银航空租赁,2021-02-18 00:00:00,52.7902,52.190199999,54.6402,52.0902,8.598,0.00082,572444.0,39108003.0,-0.6661565829593301,52.5402
HK.02588,中银航空租赁,2021-02-19 00:00:00,51.9902,52.5902,53.5902,51.190199999,8.649,0.00103,713244.0,48400794.0,0.7664274155064869,52.190199999
HK.02588,中银航空租赁,2021-02-22 00:00:00,51.5902,52.4902,54.5402,51.5902,8.636,0.00108,752591.0,51852470.0,-0.19014949553339103,52.5902
HK.02588,中银航空租赁,2021-02-23 00:00:00,53.0902,53.2402,54.5902,51.2402,8.731,0.00104,719543.0,49668471.0,1.4288381450251666,52.4902
HK.02588,中银航空租赁,2021-02-24 00:00:00,53.5902,54.9402,56.5402,52.6402,8.948,0.00359,2492601.0,176539798.0,3.193075908805744,53.2402
HK.02588,中银航空租赁,2021-02-25 00:00:00,58.8902,60.8902,62.1902,57.5902,9.704,0.00304,2112502.0,160801698.0,10.829956934994781,54.9402
HK.02588,中银航空租赁,2021-02-26 00:00:00,59.6402,59.5902,60.8402,57.5902,9.539,0.00271,1879233.0,140789564.0,-2.1349905239266698,60.8902
HK.02588,中银航空租赁,2021-03-01 00:00:00,59.8402,61.3902,61.3902,57.8402,9.768,0.00115,798912.0,60285354.0,3.020630909109211,59.5902
HK.02588,中银航空租赁,2021-03-02 00:00:00,61.5902,62.5902,62.8902,59.8902,9.921,0.00148,1027392.0,79461804.0,1.9547093835824005,61.3902
HK.02588,中银航空租赁,2021-03-03 00:00:00,62.5902,61.4402,64.3902,60.9902,9.774,0.00216,1497207.0,116875956.0,-1.8373483388773413,62.5902
HK.02588,中银航空租赁,2021-03-04 00:00:00,60.8902,65.3902,66.5402,60.1402,10.277,0.00181,1257592.0,100131520.0,6.429015530548396,61.4402
HK.02588,中银航空租赁,2021-03-05 00:00:00,63.1902,60.7902,63.3902,60.0402,9.692,0.00206,1431010.0,110278371.0,-7.034693272080518,65.3902
HK.02588,中银航空租赁,2021-03-08 00:00:00,60.7902,60.1402,63.3402,58.9402,9.609,0.00096,668800.0,50827744.0,-1.069251293794063,60.7902
HK.02588,中银航空租赁,2021-03-09 00:00:00,60.5902,60.3902,62.9902,58.1902,9.641,0.00193,1336300.0,101276960.0,0.4156953252566503,60.1402
HK.02588,中银航空租赁,2021-03-10 00:00:00,60.5902,59.7402,62.0402,57.6402,9.558,0.00135,934362.0,69774730.0,-1.0763335773022753,60.3902
HK.02588,中银航空租赁,2021-03-11 00:00:00,59.7402,58.1902,60.5402,57.5902,9.361,0.00155,1073228.0,79461296.0,-2.594567811959123,59.7402
HK.02588,中银航空租赁,2021-03-12 00:00:00,58.0402,62.0902,63.5402,57.0902,13.594,0.00216,1496510.0,115715868.0,6.702159470151342,58.1902
HK.02588,中银航空租赁,2021-03-15 00:00:00,62.8402,62.3402,64.5902,61.5402,13.637,0.00123,851136.0,66656125.0,0.40264003014968547,62.0902
HK.02588,中银航空租赁,2021-03-16 00:00:00,64.5902,62.6902,64.5902,61.5902,13.699,0.00123,854337.0,66536885.0,0.5614354782307313,62.3402
HK.02588,中银航空租赁,2021-03-17 00:00:00,62.6902,62.6902,63.3402,61.7402,13.699,0.00109,757531.0,59212831.0,0.0,62.6902
HK.02588,中银航空租赁,2021-03-18 00:00:00,63.6902,62.7902,63.6902,62.3402,13.716,0.00072,500877.0,39231072.0,0.15951456527495753,62.6902
HK.02588,中银航空租赁,2021-03-19 00:00:00,62.6902,61.6902,64.3902,61.0902,13.523,0.00251,1738629.0,134459204.0,-1.7518657370099178,62.7902
HK.02588,中银航空租赁,2021-03-22 00:00:00,61.0402,59.9402,61.6902,59.8402,13.216,0.00141,981922.0,74642560.0,-2.836755270691293,61.6902
HK.02588,中银航空租赁,2021-03-23 00:00:00,60.3902,58.2902,61.2902,57.1402,12.927,0.00158,1097419.0,81389407.0,-2.7527435677558607,59.9402
HK.02588,中银航空租赁,2021-03-24 00:00:00,58.2902,57.5902,59.5402,57.0902,12.804,0.0015,1040922.0,76353309.0,-1.200887970876744,58.2902
HK.02588,中银航空租赁,2021-03-25 00:00:00,57.5402,56.4902,57.5402,55.0902,12.611,0.00137,951239.0,68221142.0,-1.9100471955297973,57.5902
HK.02588,中银航空租赁,2021-03-26 00:00:00,57.8402,57.5902,59.7402,57.1902,12.804,0.00101,703812.0,51776933.0,1.9472404063005644,56.4902
HK.02588,中银航空租赁,2021-03-29 00:00:00,57.5902,58.5902,59.8402,55.5902,12.98,0.00098,679667.0,50196283.0,1.7364065413907226,57.5902
HK.02588,中银航空租赁,2021-03-30 00:00:00,57.6402,60.1402,60.5902,57.6402,13.252,0.00076,530542.0,39957004.0,2.6454936149731476,58.5902
HK.02588,中银航空租赁,2021-03-31 00:00:00,61.4402,59.8902,61.5402,59.6402,13.208,0.0007,486287.0,36746871.0,-0.4156953252566503,60.1402
HK.02588,中银航空租赁,2021-04-01 00:00:00,58.9902,59.2402,61.2402,58.5902,13.094,0.00051,353401.0,26499833.0,-1.0853194679596974,59.8902
HK.02588,中银航空租赁,2021-04-07 00:00:00,60.3402,59.1402,60.3402,57.8402,13.076,0.00069,475537.0,35355499.0,-0.16880429168031408,59.2402
HK.02588,中银航空租赁,2021-04-08 00:00:00,58.1402,60.3402,60.6402,57.6402,13.287,0.00129,895922.0,67271502.0,2.02907666866193,59.1402
HK.02588,中银航空租赁,2021-04-09 00:00:00,60.3402,55.8902,60.3402,55.4402,12.506,0.00202,1404700.0,101271380.0,-7.374851260022345,60.3402
HK.02588,中银航空租赁,2021-04-12 00:00:00,55.6902,55.9402,56.3902,54.4902,12.515,0.00154,1071595.0,75783996.0,0.08946112198560241,55.8902
HK.02588,中银航空租赁,2021-04-13 00:00:00,55.9402,55.7902,56.8402,55.1402,12.489,0.00128,885237.0,63025653.0,-0.26814348178947983,55.9402
HK.02588,中银航空租赁,2021-04-14 00:00:00,56.5902,56.8902,57.8902,56.2402,12.681,0.00061,421765.0,30391655.0,1.9716724442644076,55.7902
HK.02588,中银航空租赁,2021-04-15 00:00:00,56.1402,56.1402,56.8902,55.0402,12.55,0.00072,500383.0,35594887.0,-1.3183289916365208,56.8902
HK.02588,中银航空租赁,2021-04-16 00:00:00,56.1402,57.3402,57.3902,55.3902,12.76,0.00056,390800.0,28228887.0,2.137505744546693,56.1402
HK.02588,中银航空租赁,2021-04-19 00:00:00,56.3402,59.2902,59.2902,56.3402,13.102,0.00088,610011.0,45070661.0,3.400755490912127,57.3402
HK.02588,中银航空租赁,2021-04-20 00:00:00,57.5902,57.5902,59.6902,57.1402,12.804,0.00095,661639.0,48361841.0,-2.8672529355610132,59.2902
HK.02588,中银航空租赁,2021-04-21 00:00:00,55.5902,55.5402,56.8902,54.5902,12.445,0.00103,718010.0,50959575.0,-3.559633409850989,57.5902
HK.02588,中银航空租赁,2021-04-22 00:00:00,56.4902,55.1902,56.4902,54.7902,12.383,0.00096,666424.0,47087259.0,-0.6301741801433942,55.5402
HK.02588,中银航空租赁,2021-04-23 00:00:00,54.9902,55.4402,55.5902,54.5902,12.427,0.00056,386263.0,27238478.0,0.4529789709042548,55.1902
HK.02588,中银航空租赁,2021-04-26 00:00:00,54.9902,54.2902,55.3402,54.2402,12.225,0.00071,493021.0,34520607.0,-2.074307091244257,55.4402
HK.02588,中银航空租赁,2021-04-27 00:00:00,54.2902,54.8902,55.4402,53.6902,12.331,0.00078,544297.0,38020366.0,1.1051718358009393,54.2902
HK.02588,中银航空租赁,2021-04-28 00:00:00,55.5902,56.4402,56.5902,55.5902,12.603,0.00067,466275.0,33309619.0,2.823819188124651,54.8902
HK.02588,中银航空租赁,2021-04-29 00:00:00,56.3902,56.3402,56.7902,55.6402,12.585,0.00045,315279.0,22562436.0,-0.17717867760921172,56.4402
HK.02588,中银航空租赁,2021-04-30 00:00:00,56.3402,54.6902,56.3402,54.4902,12.296,0.00107,739560.0,52042113.0,-2.928637101039765,56.3402
HK.02588,中银航空租赁,2021-05-03 00:00:00,56.4902,55.2402,56.4902,54.7902,12.392,0.00025,174759.0,12340646.0,1.005664634614619,54.6902
HK.02588,中银航空租赁,2021-05-04 00:00:00,56.0902,57.0402,58.0902,55.0402,12.708,0.00125,864500.0,62000826.0,3.258496529701191,55.2402
HK.02588,中银航空租赁,2021-05-05 00:00:00,57.0402,55.1402,57.2402,54.9902,12.375,0.00033,230560.0,16343163.0,-3.3309841129589284,57.0402
HK.02588,中银航空租赁,2021-05-06 00:00:00,56.8902,56.6402,56.9402,55.5902,12.638,0.00082,572290.0,40998810.0,2.7203383375468353,55.1402
HK.02588,中银航空租赁,2021-05-07 00:00:00,56.6402,56.5902,57.0902,55.8402,12.629,0.00056,389523.0,28035398.0,-0.08827652444729567,56.6402
HK.02588,中银航空租赁,2021-05-10 00:00:00,56.5902,57.0902,57.0902,56.1902,12.717,0.00058,405333.0,29232591.0,0.8835452074740856,56.5902
HK.02588,中银航空租赁,2021-05-11 00:00:00,57.3402,55.4402,57.3402,54.9902,12.427,0.00049,336882.0,23895948.0,-2.890163285467568,57.0902
HK.02588,中银航空租赁,2021-05-12 00:00:00,55.2402,53.6402,55.5402,53.5902,12.111,0.0009,625410.0,43465011.0,-3.2467415341214445,55.4402
HK.02588,中银航空租赁,2021-05-13 00:00:00,54.3902,51.940199999,54.3902,51.7402,11.813,0.00051,351033.0,23763664.0,-3.1692648442772384,53.6402
HK.02588,中银航空租赁,2021-05-14 00:00:00,53.0902,52.690199999,53.2402,51.8902,11.945,0.00053,369200.0,25162865.0,1.4439682558296651,51.940199999
HK.02588,中银航空租赁,2021-05-17 00:00:00,53.5402,52.2402,53.8902,51.7902,11.866,0.00046,322000.0,21762232.0,-0.8540487586088867,52.690199999
HK.02588,中银航空租赁,2021-05-18 00:00:00,52.0402,53.2902,54.4402,51.690199999,12.05,0.00065,447855.0,30760542.0,2.0099463631456183,52.2402
HK.02588,中银航空租赁,2021-05-20 00:00:00,54.8402,52.690199999,54.8402,51.6402,11.945,0.00107,742200.0,50696895.0,-1.1259105820582358,53.2902
HK.02588,中银航空租赁,2021-05-21 00:00:00,53.0902,53.3902,53.4902,52.440199999,12.068,0.00039,271633.0,18584281.0,1.3285202960195341,52.690199999
HK.02588,中银航空租赁,2021-05-24 00:00:00,53.7402,54.1402,55.5902,52.940199999,12.199,0.00024,164580.0,11422056.0,1.4047521829848924,53.3902
HK.02588,中银航空租赁,2021-05-25 00:00:00,54.1402,54.2902,54.5902,52.9902,12.225,0.00033,227505.0,15817024.0,0.2770584519451324,54.1402
HK.02588,中银航空租赁,2021-05-26 00:00:00,53.2402,52.7902,55.1902,52.4902,11.962,0.0009,621813.0,42625020.0,-2.762929589502341,54.2902
HK.02588,中银航空租赁,2021-05-27 00:00:00,52.8902,54.1402,54.8402,52.8902,12.199,0.00103,716852.0,49796952.0,2.557292830866338,52.7902
HK.02588,中银航空租赁,2021-05-28 00:00:00,54.1402,54.4902,55.1402,53.9902,12.261,0.00027,189031.0,13188041.0,0.6464697212053178,54.1402
HK.02588,中银航空租赁,2021-05-31 00:00:00,54.7902,53.5902,54.7902,53.0402,12.103,0.00024,164945.0,11359943.0,-1.6516731448957767,54.4902
HK.02588,中银航空租赁,2021-06-01 00:00:00,52.9902,53.8402,54.0902,52.9902,12.146,0.00028,191339.0,13217850.0,0.46650320394400463,53.5902
HK.02588,中银航空租赁,2021-06-02 00:00:00,54.4902,55.6902,57.3902,53.8902,12.471,0.00102,707900.0,50353131.0,3.4360942195608377,53.8402
HK.02588,中银航空租赁,2021-06-03 00:00:00,55.7902,54.0902,56.3402,54.0902,12.19,0.00029,202206.0,14149148.0,-2.8730369077503664,55.6902
HK.02588,中银航空租赁,2021-06-04 00:00:00,55.0402,53.9402,55.0902,53.5402,12.164,0.00053,364935.0,25331009.0,-0.27731455975390307,54.0902
HK.02588,中银航空租赁,2021-06-07 00:00:00,54.5004,54.1504,54.5004,53.5504,12.041,0.00019,129090.0,8835530.0,0.3896908057441396,53.9402
HK.02588,中银航空租赁,2021-06-08 00:00:00,53.850399999,54.2004,55.4004,53.6504,12.05,0.00028,192602.0,13293913.0,0.09233542134500256,54.1504
HK.02588,中银航空租赁,2021-06-09 00:00:00,53.5004,53.7504,54.4004,52.100399999,11.971,0.00022,153580.0,10454850.0,-0.8302521752607045,54.2004
HK.02588,中银航空租赁,2021-06-10 00:00:00,53.8004,53.4504,53.8004,52.6504,11.918,0.0003,205037.0,13891213.0,-0.5581353813180873,53.7504
HK.02588,中银航空租赁,2021-06-11 00:00:00,53.2004,53.8004,53.9504,52.850399999,11.98,0.00029,200287.0,13631082.0,0.6548126861538949,53.4504
HK.02588,中银航空租赁,2021-06-15 00:00:00,54.0004,53.4504,54.0004,52.600399999,11.918,0.00044,305974.0,20722618.0,-0.6505527839941736,53.8004
HK.02588,中银航空租赁,2021-06-16 00:00:00,54.2004,53.1504,55.1504,53.100399999,11.866,0.00046,321470.0,21965952.0,-0.5612680167033441,53.4504
HK.02588,中银航空租赁,2021-06-17 00:00:00,52.5004,53.4004,54.5004,52.5004,11.91,0.00031,212921.0,14411899.0,0.47036334627773263,53.1504
HK.02588,中银航空租赁,2021-06-18 00:00:00,54.0004,52.9004,54.0004,52.2004,11.822,0.00063,440285.0,29655231.0,-0.9363225743627388,53.4004
HK.02588,中银航空租赁,2021-06-21 00:00:00,52.9004,51.2004,53.600399999,50.7504,11.524,0.00035,244421.0,16111043.0,-3.2135862866821343,52.9004
HK.02588,中银航空租赁,2021-06-22 00:00:00,50.5004,51.4504,51.9004,50.5004,11.568,0.00033,226510.0,14926454.0,0.4882774353325364,51.2004
HK.02588,中银航空租赁,2021-06-23 00:00:00,50.5004,52.5004,53.0004,50.5004,11.752,0.00036,253126.0,16922673.0,2.0408004602490886,51.4504
HK.02588,中银航空租赁,2021-06-24 00:00:00,52.7004,52.2504,53.9004,52.100399999,11.708,0.00053,365039.0,24537979.0,-0.47618684810020495,52.5004
HK.02588,中银航空租赁,2021-06-25 00:00:00,53.4004,52.1504,53.4004,51.8004,11.69,0.00049,338033.0,22629363.0,-0.1913860946519097,52.2504
HK.02588,中银航空租赁,2021-06-28 00:00:00,52.1504,52.2504,53.2004,51.8004,11.708,0.00033,231122.0,15421706.0,0.19175308338958363,52.1504
HK.02588,中银航空租赁,2021-06-29 00:00:00,52.5504,51.600399999,52.600399999,51.5504,11.594,0.00035,240260.0,15973522.0,-1.2440096171512605,52.2504
HK.02588,中银航空租赁,2021-06-30 00:00:00,52.3004,51.0004,52.3004,50.5504,11.489,0.00057,396763.0,26083434.0,-1.1627816819474766,51.600399999
HK.02588,中银航空租赁,2021-07-02 00:00:00,51.100399999,51.9004,52.100399999,50.7004,11.647,0.00249,1726840.0,113517294.0,1.7646920416310434,51.0004
HK.02588,中银航空租赁,2021-07-05 00:00:00,51.9004,52.5004,53.0004,51.7004,11.752,0.00029,198140.0,13265192.0,1.1560604542546906,51.9004
HK.02588,中银航空租赁,2021-07-06 00:00:00,52.4504,52.2504,54.0004,51.9504,11.708,0.00078,540400.0,36442782.0,-0.47618684810020495,52.5004
HK.02588,中银航空租赁,2021-07-07 00:00:00,51.7504,48.3504,51.7504,46.9004,11.024,0.00139,965900.0,60419215.0,-7.46405769142437,52.2504
HK.02588,中银航空租赁,2021-07-08 00:00:00,48.7504,48.1004,49.2504,48.0004,10.98,0.00051,354248.0,22210821.0,-0.5170588040636686,48.3504
HK.02588,中银航空租赁,2021-07-09 00:00:00,48.1004,48.4004,49.4504,47.7004,11.033,0.00059,412900.0,25994847.0,0.6236954370441767,48.1004
HK.02588,中银航空租赁,2021-07-12 00:00:00,48.4004,49.850399999,50.0004,46.8004,11.287,0.00079,545653.0,34388840.0,2.9958430074958042,48.4004
HK.02588,中银航空租赁,2021-07-13 00:00:00,50.350399999,49.600399999,50.350399999,48.8004,11.243,0.00038,263062.0,16792354.0,-0.5015004894745378,49.850399999
HK.02588,中银航空租赁,2021-07-14 00:00:00,50.8004,48.1504,50.8004,47.7504,10.989,0.00093,646971.0,40692404.0,-2.9233635193047496,49.600399999
HK.02588,中银航空租赁,2021-07-15 00:00:00,49.4004,49.5504,49.8004,48.5004,11.234,0.0008,552346.0,35277217.0,2.90755632351965,48.1504
HK.02588,中银航空租赁,2021-07-16 00:00:00,49.9504,49.600399999,50.9004,49.2504,11.243,0.00236,1635114.0,104581820.0,0.10090735695371485,49.5504
HK.02588,中银航空租赁,2021-07-19 00:00:00,49.8004,48.5004,49.8004,47.8504,11.05,0.0003,210500.0,13215202.0,-2.21772404864109,49.600399999
HK.02588,中银航空租赁,2021-07-20 00:00:00,49.1004,46.8504,49.1004,45.8004,10.761,0.00069,479944.0,29300984.0,-3.4020337976593975,48.5004
HK.02588,中银航空租赁,2021-07-21 00:00:00,47.5504,47.4504,48.0004,46.4004,10.866,0.00077,535366.0,33011163.0,1.2806720967163598,46.8504
HK.02588,中银航空租赁,2021-07-22 00:00:00,48.3004,47.4004,48.6504,46.7504,10.857,0.00046,318570.0,19733156.0,-0.10537318968861012,47.4504
HK.02588,中银航空租赁,2021-07-23 00:00:00,48.3004,46.5004,48.4004,46.0504,10.699,0.0003,211075.0,12865518.0,-1.898718154277176,47.4004
HK.02588,中银航空租赁,2021-07-26 00:00:00,46.4504,44.7504,46.4504,44.6004,10.392,0.00068,471900.0,28294235.0,-3.7634084868087156,46.5004
HK.02588,中银航空租赁,2021-07-27 00:00:00,44.5004,42.2504,45.2004,41.7004,9.954,0.0014,968711.0,55932293.0,-5.586542243197826,44.7504
HK.02588,中银航空租赁,2021-07-28 00:00:00,43.2504,43.8504,43.8504,42.1504,10.235,0.00087,605468.0,34956510.0,3.7869463957737715,42.2504
HK.02588,中银航空租赁,2021-07-29 00:00:00,44.4504,44.3004,44.6504,43.3004,10.313,0.00054,375370.0,21984541.0,1.0262164085162344,43.8504
HK.02588,中银航空租赁,2021-07-30 00:00:00,44.3004,42.5504,45.4504,42.0004,10.007,0.00085,587872.0,33781030.0,-3.9503029318019696,44.3004
HK.02588,中银航空租赁,2021-08-02 00:00:00,43.4004,42.5504,43.4004,40.1504,10.007,0.00045,314488.0,17689663.0,0.0,42.5504
HK.02588,中银航空租赁,2021-08-03 00:00:00,42.8504,44.0004,44.4004,42.5504,10.261,0.00034,233622.0,13601868.0,3.407723546664651,42.5504
HK.02588,中银航空租赁,2021-08-04 00:00:00,45.4004,44.0504,45.4004,43.6504,10.27,0.00033,232182.0,13593632.0,0.11363533058791345,44.0004
HK.02588,中银航空租赁,2021-08-05 00:00:00,44.0504,44.6504,45.3004,43.8504,10.375,0.00035,243200.0,14403207.0,1.3620761672992623,44.0504
HK.02588,中银航空租赁,2021-08-06 00:00:00,44.6504,45.5504,45.6004,44.6004,10.533,0.00026,178024.0,10624626.0,2.0156594341820133,44.6504
HK.02588,中银航空租赁,2021-08-09 00:00:00,45.9004,46.4504,47.2004,45.6004,10.691,0.00034,232686.0,14132928.0,1.9758333626049354,45.5504
HK.02588,中银航空租赁,2021-08-10 00:00:00,47.0004,46.7504,47.0004,45.4004,10.743,0.00024,168800.0,10209162.0,0.6458501971995874,46.4504
HK.02588,中银航空租赁,2021-08-11 00:00:00,47.4504,50.8004,53.0504,47.4504,11.454,0.00096,669165.0,43760689.0,8.663027482117808,46.7504
HK.02588,中银航空租赁,2021-08-12 00:00:00,52.6504,49.850399999,52.6504,49.1004,11.287,0.0004,280147.0,18038275.0,-1.8700640172124756,50.8004
HK.02588,中银航空租赁,2021-08-13 00:00:00,49.850399999,48.5004,50.1504,47.3004,11.05,0.00046,320826.0,20136473.0,-2.708102641156498,49.850399999
HK.02588,中银航空租赁,2021-08-16 00:00:00,50.0004,47.6004,50.0004,47.0004,10.892,0.00053,367500.0,22812945.0,-1.8556547987233065,48.5004
HK.02588,中银航空租赁,2021-08-17 00:00:00,47.6504,46.9004,47.7004,46.3004,10.77,0.00049,342900.0,21000120.0,-1.4705758775136402,47.6004
HK.02588,中银航空租赁,2021-08-18 00:00:00,47.5004,47.7004,48.9004,47.3004,10.91,0.00052,363200.0,22554787.0,1.7057423817280968,46.9004
HK.02588,中银航空租赁,2021-08-19 00:00:00,47.8504,46.1004,48.2004,45.1504,10.629,0.0007,488473.0,29500190.0,-3.3542695658736648,47.7004
HK.02588,中银航空租赁,2021-08-20 00:00:00,47.5004,42.8004,47.5004,41.8004,10.05,0.00119,823659.0,48090855.0,-7.158289299008246,46.1004
HK.02588,中银航空租赁,2021-08-23 00:00:00,42.5004,41.1004,42.7504,40.5504,9.752,0.00057,398711.0,22158985.0,-3.9719254960234083,42.8004
HK.02588,中银航空租赁,2021-08-24 00:00:00,43.4504,42.9004,43.4504,41.3004,10.068,0.00051,351730.0,19960917.0,4.379519420735558,41.1004
HK.02588,中银航空租赁,2021-08-25 00:00:00,43.5004,44.0004,44.3004,43.2004,10.261,0.00027,185884.0,10813644.0,2.564078656609266,42.9004
HK.02588,中银航空租赁,2021-08-26 00:00:00,44.2504,43.1004,44.3004,42.8504,10.103,0.00032,224300.0,12958620.0,-2.0454359505822644,44.0004
HK.02588,中银航空租赁,2021-08-27 00:00:00,43.7504,44.3004,45.6504,43.5004,10.313,0.00037,253354.0,14843379.0,2.7841968984046614,43.1004
HK.02588,中银航空租赁,2021-08-30 00:00:00,44.7004,43.8504,45.5004,43.2004,10.235,0.00019,131014.0,7622162.0,-1.01579218246337,44.3004
HK.02588,中银航空租赁,2021-08-31 00:00:00,42.3004,43.8004,43.8004,41.8004,10.226,0.0007,483414.0,27918533.0,-0.1140240453906855,43.8504
HK.02588,中银航空租赁,2021-09-01 00:00:00,43.4004,44.2504,44.8504,43.4004,10.305,0.0003,204833.0,12058556.0,1.0273878777362666,43.8004
HK.02588,中银航空租赁,2021-09-02 00:00:00,44.3004,44.2004,44.3004,43.0004,10.296,0.00036,246970.0,14315517.0,-0.11299332887385687,44.2504
HK.02588,中银航空租赁,2021-09-03 00:00:00,44.8004,44.3004,44.8004,43.5504,10.313,0.00026,177800.0,10459390.0,0.2262422964498091,44.2004
HK.02588,中银航空租赁,2021-09-06 00:00:00,43.6004,44.2004,44.9504,43.6004,10.296,0.00024,168100.0,9847490.0,-0.22573159610297291,44.3004
HK.02588,中银航空租赁,2021-09-07 00:00:00,44.3504,43.7004,44.3504,43.3004,10.208,0.0005,344497.0,20044315.0,-1.1312114822490293,44.2004
HK.02588,中银航空租赁,2021-09-08 00:00:00,43.9504,44.8004,45.8004,42.7504,10.401,0.00027,188994.0,11231320.0,2.517139431218024,43.7004
HK.02588,中银航空租赁,2021-09-09 00:00:00,44.4504,45.0004,46.1004,43.6004,10.436,0.0007,487340.0,28961917.0,0.44642458549476277,44.8004
HK.02588,中银航空租赁,2021-09-10 00:00:00,45.5004,47.5504,49.6504,45.3504,10.884,0.00095,658660.0,40247665.0,5.6666162967440386,45.0004
HK.02588,中银航空租赁,2021-09-13 00:00:00,47.6004,48.1504,48.4504,46.8004,10.989,0.00043,301247.0,18766801.0,1.2618190383256382,47.5504
HK.02588,中银航空租赁,2021-09-14 00:00:00,48.5004,48.9004,50.3004,48.4004,11.12,0.00073,509673.0,32519871.0,1.5576194590283778,48.1504
HK.02588,中银航空租赁,2021-09-15 00:00:00,49.3004,48.8504,49.6504,48.1004,11.112,0.00051,352000.0,22301181.0,-0.10224865236275606,48.9004
HK.02588,中银航空租赁,2021-09-16 00:00:00,50.0004,47.9004,50.0004,47.5004,10.945,0.00081,565513.0,35534702.0,-1.9447128375612128,48.8504
HK.02588,中银航空租赁,2021-09-17 00:00:00,47.7004,47.9004,48.5004,46.7504,10.945,0.00069,481399.0,29945034.0,0.0,47.9004
HK.02588,中银航空租赁,2021-09-20 00:00:00,46.6504,47.1004,47.2004,45.7004,10.805,0.00039,269134.0,16465875.0,-1.670132190962909,47.9004
HK.02588,中银航空租赁,2021-09-21 00:00:00,46.7504,49.4004,51.7504,46.7504,11.208,0.0008,553770.0,35231749.0,4.883185705429248,47.1004
HK.02588,中银航空租赁,2021-09-23 00:00:00,49.4004,49.1004,50.4504,48.6004,11.155,0.00108,746358.0,47464854.0,-0.6072825321252402,49.4004
HK.02588,中银航空租赁,2021-09-24 00:00:00,50.0004,51.100399999,51.8004,48.8504,11.506,0.00095,660215.0,43187966.0,4.073286569966836,49.1004
HK.02588,中银航空租赁,2021-09-27 00:00:00,51.955299999,51.955299999,51.955299999,49.9553,11.506,0.00093,645576.0,42017353.0,1.6729810334493087,51.100399999
HK.02588,中银航空租赁,2021-09-28 00:00:00,52.205299999,52.3553,52.6053,51.0053,11.576,0.00092,638839.0,42038285.0,0.7698925826772267,51.955299999
HK.02588,中银航空租赁,2021-09-29 00:00:00,52.3553,52.205299999,53.3553,51.4053,11.55,0.00286,1982325.0,130910591.0,-0.2865039470693554,52.3553
HK.02588,中银航空租赁,2021-09-30 00:00:00,52.3553,51.5553,52.7553,50.6053,11.436,0.00181,1257119.0,82924170.0,-1.2450843094713484,52.205299999
HK.02588,中银航空租赁,2021-10-04 00:00:00,52.1553,54.3553,54.3553,51.955299999,11.927,0.00137,950152.0,63432358.0,5.431061403968161,51.5553
HK.02588,中银航空租赁,2021-10-05 00:00:00,52.8053,52.3053,53.3553,51.3553,11.568,0.00075,520301.0,34354872.0,-3.771481345885309,54.3553
HK.02588,中银航空租赁,2021-10-06 00:00:00,52.6553,52.8053,53.8553,52.0553,11.655,0.00061,422476.0,28147107.0,0.955926072501257,52.3053
HK.02588,中银航空租赁,2021-10-07 00:00:00,53.0553,52.4053,54.9053,51.9053,11.585,0.00056,388430.0,25843428.0,-0.7574997206719888,52.8053
HK.02588,中银航空租赁,2021-10-08 00:00:00,52.6553,55.3553,55.8553,51.7553,12.103,0.00316,2194764.0,150531159.0,5.629201626553045,52.4053
HK.02588,中银航空租赁,2021-10-11 00:00:00,55.3553,55.3553,55.8553,54.3053,12.103,0.00039,267992.0,18488054.0,0.0,55.3553
HK.02588,中银航空租赁,2021-10-12 00:00:00,55.3553,54.455299999,55.8553,54.205299999,11.945,0.00062,432109.0,29514754.0,-1.6258605788424998,55.3553
HK.02588,中银航空租赁,2021-10-15 00:00:00,54.4053,54.3553,55.4553,52.7553,11.927,0.00093,642500.0,43562829.0,-0.18363685261459245,54.455299999
HK.02588,中银航空租赁,2021-10-18 00:00:00,54.0053,54.3053,55.2553,53.455299999,11.918,0.00029,198324.0,13462850.0,-0.09198734989963657,54.3553
HK.02588,中银航空租赁,2021-10-19 00:00:00,54.0053,54.6053,54.9053,54.0053,11.971,0.00029,203627.0,13877741.0,0.5524322672004337,54.3053
HK.02588,中银航空租赁,2021-10-20 00:00:00,55.2053,53.5553,55.2053,52.8553,11.787,0.00033,228653.0,15333550.0,-1.9228902688933074,54.6053
HK.02588,中银航空租赁,2021-10-21 00:00:00,53.6053,54.3053,55.2053,53.5553,11.918,0.00026,177314.0,12084031.0,1.4004216202691422,53.5553
HK.02588,中银航空租赁,2021-10-22 00:00:00,54.9053,54.455299999,55.1553,53.455299999,11.945,0.00038,265908.0,18006477.0,0.27621613175876925,54.3053
HK.02588,中银航空租赁,2021-10-25 00:00:00,53.705299999,54.6053,55.1053,53.5053,11.971,0.00031,212380.0,14401337.0,0.27545528351282017,54.455299999
HK.02588,中银航空租赁,2021-10-26 00:00:00,55.3053,54.3553,55.3053,53.3553,11.927,0.00029,199655.0,13519172.0,-0.45783101640316964,54.6053
HK.02588,中银航空租赁,2021-10-27 00:00:00,54.3553,54.4053,55.1553,54.1553,11.936,0.00057,395834.0,26943518.0,0.09198734989963657,54.3553
HK.02588,中银航空租赁,2021-10-28 00:00:00,54.1053,55.3553,55.3553,54.1053,12.103,0.00066,460001.0,31611394.0,1.7461534078481378,54.4053
HK.02588,中银航空租赁,2021-10-29 00:00:00,55.3553,54.6053,55.6053,54.3553,11.971,0.00089,616331.0,42259693.0,-1.3548838141966533,55.3553
HK.02588,中银航空租赁,2021-11-01 00:00:00,54.3553,54.705299999,55.1553,54.3553,11.989,0.00029,202861.0,13841250.0,0.18313240472993975,54.6053
HK.02588,中银航空租赁,2021-11-02 00:00:00,54.8553,55.2053,55.6553,54.4053,12.076,0.00061,424249.0,29245562.0,0.9139882260204103,54.705299999
HK.02588,中银航空租赁,2021-11-03 00:00:00,55.2553,55.0053,55.6553,53.9053,12.041,0.00025,175389.0,12029166.0,-0.36228405605984,55.2053
HK.02588,中银航空租赁,2021-11-04 00:00:00,55.5053,54.5053,55.6553,54.3553,11.954,0.00024,165364.0,11325863.0,-0.9090033142260837,55.0053
HK.02588,中银航空租赁,2021-11-05 00:00:00,55.0053,55.4053,55.6553,54.6553,12.111,0.00032,223057.0,15370260.0,1.651215569862011,54.5053
HK.02588,中银航空租赁,2021-11-08 00:00:00,56.0553,55.7053,57.2553,55.7053,12.164,0.00163,1128800.0,78874670.0,0.5414644447372441,55.4053
HK.02588,中银航空租赁,2021-11-09 00:00:00,55.7053,55.5553,56.6053,54.0053,12.138,0.00225,1562597.0,108321008.0,-0.26927419832583,55.7053
HK.02588,中银航空租赁,2021-11-10 00:00:00,56.3553,55.5053,56.3553,54.0053,12.129,0.00106,735742.0,50597899.0,-0.09000041400191208,55.5553
HK.02588,中银航空租赁,2021-11-11 00:00:00,55.0553,55.3553,55.9553,55.0053,12.103,0.00018,124400.0,8598944.0,-0.27024446314135514,55.5053
HK.02588,中银航空租赁,2021-11-12 00:00:00,55.0053,54.2553,55.0553,53.955299999,11.91,0.00046,316495.0,21492304.0,-1.9871629274884273,55.3553
HK.02588,中银航空租赁,2021-11-15 00:00:00,54.2553,53.1553,54.2553,52.955299999,11.717,0.00219,1519487.0,101778677.0,-2.027451695963346,54.2553
HK.02588,中银航空租赁,2021-11-16 00:00:00,53.1553,52.8553,53.1553,51.8053,11.664,0.0015,1041462.0,69059276.0,-0.5643839842875445,53.1553
HK.02588,中银航空租赁,2021-11-17 00:00:00,52.8553,52.8553,53.705299999,52.6553,11.664,0.00038,264016.0,17605891.0,0.0,52.8553
HK.02588,中银航空租赁,2021-11-18 00:00:00,52.8553,49.0553,52.8553,49.0053,10.998,0.00234,1621511.0,104156711.0,-7.1894398480379405,52.8553
HK.02588,中银航空租赁,2021-11-19 00:00:00,48.8553,50.1553,50.2053,48.8053,11.191,0.00024,167110.0,10575850.0,2.2423672875305916,49.0553
HK.02588,中银航空租赁,2021-11-22 00:00:00,50.1553,49.7553,51.1553,48.7553,11.12,0.00041,282900.0,17870650.0,-0.7975228938915699,50.1553
HK.02588,中银航空租赁,2021-11-23 00:00:00,49.4553,49.1053,50.455299999,48.6053,11.006,0.00104,723518.0,45398371.0,-1.3063934897387788,49.7553
HK.02588,中银航空租赁,2021-11-24 00:00:00,49.1053,50.2053,50.3053,48.6553,11.199,0.00031,217809.0,13857099.0,2.2400840642456137,49.1053
HK.02588,中银航空租赁,2021-11-25 00:00:00,50.0053,50.3553,50.8553,49.0553,11.226,0.00133,920533.0,58954707.0,0.2987732370885117,50.2053
HK.02588,中银航空租赁,2021-11-26 00:00:00,49.3553,45.6553,49.6053,45.3553,10.401,0.00217,1507883.0,91843100.0,-9.333674906117137,50.3553
HK.02588,中银航空租赁,2021-11-29 00:00:00,45.3053,41.7553,45.3053,41.4053,9.717,0.00308,2134381.0,118551913.0,-8.542272200598832,45.6553
HK.02588,中银航空租赁,2021-11-30 00:00:00,41.8553,41.4053,42.7053,40.5553,9.656,0.00405,2813888.0,154932166.0,-0.8382169449147807,41.7553
HK.02588,中银航空租赁,2021-12-01 00:00:00,41.4053,40.7053,41.8053,40.3553,9.533,0.00108,752247.0,41185335.0,-1.690604825952223,41.4053
HK.02588,中银航空租赁,2021-12-02 00:00:00,40.5053,40.1553,41.7553,39.7053,9.436,0.00125,870843.0,47019695.0,-1.3511753997636775,40.7053
HK.02588,中银航空租赁,2021-12-03 00:00:00,40.1553,41.7553,42.8553,38.6553,9.717,0.00231,1603033.0,87888524.0,3.9845300620341564,40.1553
HK.02588,中银航空租赁,2021-12-06 00:00:00,41.6053,41.0553,41.9553,40.6053,9.594,0.00127,879539.0,48363447.0,-1.6764338898295446,41.7553
HK.02588,中银航空租赁,2021-12-07 00:00:00,41.3553,44.1553,44.7053,41.3553,10.138,0.00367,2544585.0,144347724.0,7.550791249850796,41.0553
HK.02588,中银航空租赁,2021-12-08 00:00:00,44.1553,44.2553,44.8053,43.1053,10.156,0.00231,1603600.0,92932148.0,0.22647337918664676,44.1553
HK.02588,中银航空租赁,2021-12-09 00:00:00,45.1053,45.0053,45.3553,43.5053,10.287,0.00128,891580.0,52145051.0,1.6947122717505023,44.2553
HK.02588,中银航空租赁,2021-12-10 00:00:00,44.5053,44.3553,45.2053,43.8553,10.173,0.00052,364000.0,21166088.0,-1.4442743410220542,45.0053
HK.02588,中银航空租赁,2021-12-13 00:00:00,45.8553,42.8553,45.8553,42.3553,9.91,0.00086,595950.0,33845975.0,-3.3817830112748646,44.3553
HK.02588,中银航空租赁,2021-12-14 00:00:00,43.6053,42.9053,43.7053,41.6053,9.919,0.00066,456284.0,25682977.0,0.11667168354905265,42.8553
HK.02588,中银航空租赁,2021-12-15 00:00:00,42.5553,43.3553,44.3553,42.2553,9.998,0.00094,651557.0,36827309.0,1.0488214742700852,42.9053
HK.02588,中银航空租赁,2021-12-16 00:00:00,43.1553,43.0553,43.7053,41.6053,9.945,0.00124,862136.0,48781294.0,-0.6919569233749903,43.3553
HK.02588,中银航空租赁,2021-12-17 00:00:00,42.1053,43.0553,43.5553,42.1053,9.945,0.00057,393941.0,22328550.0,0.0,43.0553
HK.02588,中银航空租赁,2021-12-20 00:00:00,43.2053,43.8053,44.8053,42.8553,10.077,0.00071,493486.0,28356025.0,1.7419458231623053,43.0553
HK.02588,中银航空租赁,2021-12-21 00:00:00,44.3553,43.1053,46.1553,43.0553,9.954,0.00056,389304.0,22381607.0,-1.5979801530865052,43.8053
HK.02588,中银航空租赁,2021-12-22 00:00:00,43.0553,44.2553,44.6053,42.6053,10.156,0.00054,375044.0,21450282.0,2.6678853876437434,43.1053
HK.02588,中银航空租赁,2021-12-23 00:00:00,43.3053,43.3053,44.9553,42.7053,9.989,0.00057,397629.0,22754298.0,-2.1466355442172933,44.2553
HK.02588,中银航空租赁,2021-12-24 00:00:00,44.2553,44.2553,44.4553,43.3053,10.156,0.00015,106271.0,6133244.0,2.193726864841014,43.3053
HK.02588,中银航空租赁,2021-12-28 00:00:00,44.6553,44.1053,45.0553,43.5553,10.129,0.00033,226487.0,13099985.0,-0.33894245435009723,44.2553
HK.02588,中银航空租赁,2021-12-29 00:00:00,43.4053,43.8553,44.4553,43.4053,10.085,0.00013,92015.0,5312313.0,-0.5668253021745686,44.1053
HK.02588,中银航空租赁,2021-12-30 00:00:00,43.2553,43.1053,43.7053,42.6553,9.954,0.00023,158079.0,8971461.0,-1.710169580415594,43.8553
HK.02588,中银航空租赁,2021-12-31 00:00:00,44.2053,43.4553,44.2053,42.6053,10.015,0.00013,87600.0,4989477.0,0.811965117978535,43.1053
HK.02588,中银航空租赁,2022-01-03 00:00:00,44.1553,43.7553,44.2053,42.9553,10.068,0.00017,120813.0,6951606.0,0.6903645815355023,43.4553
HK.02588,中银航空租赁,2022-01-04 00:00:00,43.7553,45.7553,46.0553,43.6553,10.419,0.00084,579791.0,34169973.0,4.570874842590498,43.7553
HK.02588,中银航空租赁,2022-01-05 00:00:00,44.3553,49.3553,49.8053,44.3553,11.05,0.00167,1156305.0,71637739.0,7.867940981700484,45.7553
HK.02588,中银航空租赁,2022-01-06 00:00:00,48.5053,49.6553,49.8553,48.1053,11.103,0.0007,485500.0,30456355.0,0.6078374561597177,49.3553
HK.02588,中银航空租赁,2022-01-07 00:00:00,49.5553,51.705299999,51.8553,48.7553,11.462,0.00148,1028657.0,66281703.0,4.128461612355581,49.6553
HK.02588,中银航空租赁,2022-01-10 00:00:00,51.5053,52.0053,52.8553,50.7553,11.515,0.00105,725313.0,47320170.0,0.5802113149054409,51.705299999
HK.02588,中银航空租赁,2022-01-11 00:00:00,50.6053,52.6553,52.6553,50.6053,11.629,0.00059,408354.0,26871480.0,1.2498726091379122,52.0053
HK.02588,中银航空租赁,2022-01-12 00:00:00,52.3553,51.7553,52.3553,50.955299999,11.471,0.00076,528478.0,34407702.0,-1.7092296501966537,52.6553
HK.02588,中银航空租赁,2022-01-13 00:00:00,51.1553,52.9053,53.8053,51.1053,11.673,0.00089,618544.0,41305708.0,2.2219946556198082,51.7553
HK.02588,中银航空租赁,2022-01-14 00:00:00,52.5053,53.8053,54.0553,52.5053,11.831,0.00082,566757.0,38042025.0,1.7011528145573427,52.9053
HK.02588,中银航空租赁,2022-01-17 00:00:00,53.8053,52.0553,53.8053,49.9053,11.524,0.00111,773570.0,50397457.0,-3.2524676937030366,53.8053
HK.02588,中银航空租赁,2022-01-18 00:00:00,51.3553,52.3553,53.3553,51.3553,11.576,0.00049,341731.0,22626488.0,0.5763101931983816,52.0553
HK.02588,中银航空租赁,2022-01-19 00:00:00,52.3553,52.4053,53.3553,51.8553,11.585,0.00057,397901.0,26252023.0,0.09550131505310284,52.3553
HK.02588,中银航空租赁,2022-01-20 00:00:00,51.705299999,52.3053,52.3053,50.455299999,11.568,0.00103,715224.0,46624918.0,-0.19082039412043117,52.4053
HK.02588,中银航空租赁,2022-01-21 00:00:00,51.5053,53.0053,53.6553,51.5053,11.69,0.00061,422201.0,27989341.0,1.3382965015017516,52.3053
HK.02588,中银航空租赁,2022-01-24 00:00:00,51.705299999,52.3553,53.0053,51.705299999,11.576,0.00049,339829.0,22422758.0,-1.2262924650931106,53.0053
HK.02588,中银航空租赁,2022-01-25 00:00:00,51.705299999,52.5553,52.8553,51.705299999,11.611,0.00058,399969.0,26425252.0,0.3820052602124385,52.3553
HK.02588,中银航空租赁,2022-01-26 00:00:00,53.0553,52.8553,53.8553,52.2553,11.664,0.00092,635700.0,42299600.0,0.5708273000058931,52.5553
HK.02588,中银航空租赁,2022-01-27 00:00:00,51.6053,51.705299999,52.4053,50.6553,11.462,0.00186,1292800.0,84409155.0,-2.175751534850814,52.8553
HK.02588,中银航空租赁,2022-01-28 00:00:00,52.8053,51.8553,53.4053,51.3553,11.489,0.00472,3277900.0,214678217.0,0.29010565841974284,51.705299999
HK.02588,中银航空租赁,2022-01-31 00:00:00,52.3553,51.5553,52.5553,51.3053,11.436,0.00049,339506.0,22164308.0,-0.5785329561298405,51.8553
HK.02588,中银航空租赁,2022-02-04 00:00:00,52.0553,53.5053,54.1553,51.8553,11.778,0.00088,610655.0,40963967.0,3.7823463349063933,51.5553
HK.02588,中银航空租赁,2022-02-07 00:00:00,54.3553,53.1553,54.5553,52.8053,11.717,0.00092,639179.0,42878083.0,-0.6541408047427104,53.5053
HK.02588,中银航空租赁,2022-02-08 00:00:00,52.8553,54.1053,54.955299999,52.6053,11.883,0.00107,739538.0,50013405.0,1.7872159502439133,53.1553
HK.02588,中银航空租赁,2022-02-09 00:00:00,54.3553,55.0053,56.3553,54.0553,12.041,0.00182,1265368.0,86973193.0,1.6634229918325905,54.1053
HK.02588,中银航空租赁,2022-02-10 00:00:00,54.7553,56.7053,57.3553,54.7553,12.339,0.00283,1967262.0,138028754.0,3.09061126836869,55.0053
HK.02588,中银航空租赁,2022-02-11 00:00:00,56.3553,56.0553,56.7553,54.955299999,12.225,0.00315,2185838.0,152641023.0,-1.1462773321012296,56.7053
HK.02588,中银航空租赁,2022-02-14 00:00:00,56.0553,56.3053,56.3553,54.6053,12.269,0.0022,1530000.0,106610891.0,0.44598815812242554,56.0553
HK.02588,中银航空租赁,2022-02-15 00:00:00,56.5553,56.7553,57.4553,55.4053,12.348,0.00112,779529.0,54865775.0,0.7992142835576681,56.3053
HK.02588,中银航空租赁,2022-02-16 00:00:00,57.3553,58.7553,59.1053,56.3553,12.699,0.00309,2142403.0,153463550.0,3.5238999705754352,56.7553
HK.02588,中银航空租赁,2022-02-17 00:00:00,58.7553,59.2553,60.3553,58.7053,12.787,0.00255,1772159.0,129780174.0,0.8509870598907673,58.7553
HK.02588,中银航空租赁,2022-02-18 00:00:00,59.2553,59.9553,59.9553,58.6053,12.91,0.00127,880603.0,64514986.0,1.181328927538976,59.2553
HK.02588,中银航空租赁,2022-02-21 00:00:00,59.7053,59.9553,60.0053,59.2053,12.91,0.00045,310922.0,22805910.0,0.0,59.9553
HK.02588,中银航空租赁,2022-02-22 00:00:00,59.7053,60.3553,60.3553,58.2053,12.98,0.00053,370125.0,27099220.0,0.6671637036258655,59.9553
HK.02588,中银航空租赁,2022-02-23 00:00:00,60.3053,61.8553,63.2553,59.5553,13.243,0.0023,1596526.0,120741065.0,2.485282982604676,60.3553
HK.02588,中银航空租赁,2022-02-24 00:00:00,61.3553,57.5553,61.3553,56.8553,12.489,0.00115,801351.0,57936950.0,-6.951708261054423,61.8553
HK.02588,中银航空租赁,2022-02-25 00:00:00,56.8053,57.0553,58.2053,56.4053,12.401,0.00158,1095591.0,77566202.0,-0.868729726020019,57.5553
HK.02588,中银航空租赁,2022-02-28 00:00:00,57.3553,54.1053,57.3553,53.0053,11.883,0.00157,1091251.0,74263819.0,-5.170422379691287,57.0553
HK.02588,中银航空租赁,2022-03-01 00:00:00,54.1053,51.5553,54.7553,50.3553,11.436,0.00287,1993649.0,129862253.0,-4.713031810192342,54.1053
HK.02588,中银航空租赁,2022-03-02 00:00:00,51.3053,49.8553,52.5553,49.7053,11.138,0.00225,1564648.0,100006557.0,-3.2974301381235347,51.5553
HK.02588,中银航空租赁,2022-03-03 00:00:00,50.3553,51.8053,52.4053,50.3553,11.48,0.00092,635020.0,41527955.0,3.911319358222702,49.8553
HK.02588,中银航空租赁,2022-03-04 00:00:00,50.9053,46.5553,50.9053,46.1553,10.559,0.00306,2123355.0,130091698.0,-10.13409824863479,51.8053
HK.02588,中银航空租赁,2022-03-07 00:00:00,46.3053,42.5553,46.3053,40.9553,9.857,0.00385,2670611.0,149087751.0,-8.591932604880647,46.5553
HK.02588,中银航空租赁,2022-03-08 00:00:00,43.2553,41.9553,44.2053,40.3053,9.752,0.00269,1869909.0,104500654.0,-1.4099301379616673,42.5553
HK.02588,中银航空租赁,2022-03-09 00:00:00,43.6053,40.9053,43.6053,39.4553,9.568,0.00133,922137.0,50300140.0,-2.5026635490629414,41.9553
HK.02588,中银航空租赁,2022-03-10 00:00:00,43.6053,44.7553,46.6553,42.3553,10.243,0.00298,2068639.0,121550084.0,9.411983288229157,40.9053
HK.02588,中银航空租赁,2022-03-11 00:00:00,44.5553,38.7053,44.5553,36.5553,8.277,0.00456,3163796.0,166209507.0,-13.517952063777916,44.7553
HK.02588,中银航空租赁,2022-03-14 00:00:00,37.3553,37.4553,39.2053,36.6553,8.08,0.00347,2405925.0,123408210.0,-3.2295318728959597,38.7053
HK.02588,中银航空租赁,2022-03-15 00:00:00,37.4553,34.7553,38.5053,34.3553,7.653,0.00349,2421755.0,120686756.0,-7.208592642429784,37.4553
HK.02588,中银航空租赁,2022-03-16 00:00:00,38.4553,39.6053,39.6553,34.1053,8.42,0.00386,2680911.0,135707686.0,13.954706188696406,34.7553
HK.02588,中银航空租赁,2022-03-17 00:00:00,41.6553,43.6553,46.8053,41.6553,9.06,0.00548,3800909.0,217396867.0,10.225904108793513,39.6053
HK.02588,中银航空租赁,2022-03-18 00:00:00,43.6553,45.6053,45.6553,41.8553,9.394,0.00941,6531386.0,385640336.0,4.466811589887145,43.6553
HK.02588,中银航空租赁,2022-03-21 00:00:00,46.3553,45.7053,47.8553,45.2553,9.41,0.00139,964295.0,57718104.0,0.2192727599643055,45.6053
HK.02588,中银航空租赁,2022-03-22 00:00:00,45.0553,46.3553,47.1053,43.3053,9.513,0.00135,938870.0,55200158.0,1.4221545422522084,45.7053
HK.02588,中银航空租赁,2022-03-23 00:00:00,46.5553,46.2553,47.8553,45.1553,9.497,0.00118,820640.0,49250721.0,-0.21572506272206507,46.3553
HK.02588,中银航空租赁,2022-03-24 00:00:00,45.8053,47.8553,48.9553,44.4053,9.751,0.00235,1628838.0,99776012.0,3.4590630695293325,46.2553
HK.02588,中银航空租赁,2022-03-25 00:00:00,47.7053,46.1553,48.8053,45.0553,9.481,0.00172,1196200.0,71473085.0,-3.55237559894098,47.8553
HK.02588,中银航空租赁,2022-03-28 00:00:00,48.1553,46.0053,48.1553,44.8553,9.457,0.00117,813400.0,48422727.0,-0.32498976282246805,46.1553
HK.02588,中银航空租赁,2022-03-29 00:00:00,46.0053,46.0553,47.2553,45.4553,9.465,0.00051,353692.0,21184412.0,0.10868312998720639,46.0053
HK.02588,中银航空租赁,2022-03-30 00:00:00,47.1053,48.6553,49.1553,46.1553,9.877,0.00114,793607.0,49157833.0,5.645387175851627,46.0553
HK.02588,中银航空租赁,2022-03-31 00:00:00,48.6053,48.3053,49.9553,47.9053,9.822,0.00053,368403.0,22961168.0,-0.719346093847935,48.6553
HK.02588,中银航空租赁,2022-04-01 00:00:00,48.3053,49.1053,49.2553,47.0553,9.949,0.00073,504685.0,31281075.0,1.6561329709162287,48.3053
HK.02588,中银航空租赁,2022-04-04 00:00:00,48.0553,47.5553,49.5053,47.2553,9.703,0.00076,526590.0,32425373.0,-3.1564820905279003,49.1053
HK.02588,中银航空租赁,2022-04-06 00:00:00,44.3553,47.7553,48.4553,44.3553,9.735,0.00175,1217083.0,74243914.0,0.4205630076983969,47.5553
HK.02588,中银航空租赁,2022-04-07 00:00:00,46.4553,46.6053,48.3553,45.5553,9.552,0.00136,945905.0,57322007.0,-2.4081096757846745,47.7553
HK.02588,中银航空租赁,2022-04-08 00:00:00,45.6553,47.1553,47.9553,45.6553,9.64,0.00083,577674.0,35082543.0,1.1801232906986914,46.6053
HK.02588,中银航空租赁,2022-04-11 00:00:00,47.6053,45.2553,47.6053,44.6553,9.338,0.00091,634481.0,37690769.0,-4.029239555256776,47.1553
HK.02588,中银航空租赁,2022-04-12 00:00:00,46.3053,45.4053,47.0553,44.5553,9.362,0.00094,650848.0,38479491.0,0.3314528906006558,45.2553
HK.02588,中银航空租赁,2022-04-13 00:00:00,46.3553,46.5553,46.6553,45.0053,9.544,0.0005,347720.0,20746780.0,2.5327439748223353,45.4053
HK.02588,中银航空租赁,2022-04-14 00:00:00,46.5553,47.2553,47.8053,46.5053,9.655,0.00038,261540.0,15941510.0,1.5035882058541041,46.5553
HK.02588,中银航空租赁,2022-04-19 00:00:00,46.8053,46.3053,47.0553,45.2053,9.505,0.00031,217515.0,13012191.0,-2.010356510275029,47.2553
HK.02588,中银航空租赁,2022-04-20 00:00:00,46.5553,46.7553,47.3553,46.0053,9.576,0.00043,297084.0,18001948.0,0.9718110021962836,46.3053
HK.02588,中银航空租赁,2022-04-21 00:00:00,47.0053,45.3553,47.1053,45.0553,9.354,0.00038,266780.0,15845017.0,-2.9943129442009755,46.7553
HK.02588,中银航空租赁,2022-04-22 00:00:00,46.6553,46.7553,46.8553,44.6553,9.576,0.00041,282904.0,16982762.0,3.0867395872147214,45.3553
HK.02588,中银航空租赁,2022-04-25 00:00:00,44.7553,44.9553,46.0053,44.1053,9.291,0.00069,481728.0,28211136.0,-3.8498309282583945,46.7553
HK.02588,中银航空租赁,2022-04-26 00:00:00,44.6553,44.9553,45.9553,44.0553,9.291,0.00047,324615.0,19024044.0,0.0,44.9553
HK.02588,中银航空租赁,2022-04-27 00:00:00,44.8553,46.0053,46.7053,44.7553,9.457,0.001,692828.0,41210286.0,2.3356534157262816,44.9553
HK.02588,中银航空租赁,2022-04-28 00:00:00,46.8053,47.8053,48.2053,46.2553,9.743,0.00061,421500.0,25819820.0,3.9125926795391055,46.0053
HK.02588,中银航空租赁,2022-04-29 00:00:00,47.8053,48.4553,48.8553,47.4053,9.846,0.00086,598999.0,37040834.0,1.3596818762773135,47.8053
HK.02588,中银航空租赁,2022-05-03 00:00:00,48.6053,50.6553,50.6553,47.8053,10.195,0.00079,550087.0,34935020.0,4.540267008975273,48.4553
HK.02588,中银航空租赁,2022-05-04 00:00:00,50.8553,50.0053,50.8553,48.8553,10.091,0.00037,259767.0,16498110.0,-1.283182608729982,50.6553
HK.02588,中银航空租赁,2022-05-05 00:00:00,50.705299999,50.0053,50.8553,49.5553,10.091,0.00072,496800.0,31763906.0,0.0,50.0053
HK.02588,中银航空租赁,2022-05-06 00:00:00,46.9053,47.4053,49.4053,46.9053,9.679,0.00059,411937.0,25360425.0,-5.19944885842101,50.0053
HK.02588,中银航空租赁,2022-05-10 00:00:00,46.4053,46.1053,46.9053,45.3553,9.473,0.00105,730272.0,43556298.0,-2.7423094042227287,47.4053
HK.02588,中银航空租赁,2022-05-11 00:00:00,46.3553,46.5553,47.1053,45.3053,9.544,0.00068,470509.0,28322187.0,0.9760266173303347,46.1053
HK.02588,中银航空租赁,2022-05-12 00:00:00,46.6553,44.8553,47.1053,44.3053,9.275,0.0006,417310.0,24538782.0,-3.6515713570742814,46.5553
HK.02588,中银航空租赁,2022-05-13 00:00:00,45.7053,45.4553,45.8553,44.3053,9.37,0.00061,420100.0,24802013.0,1.3376345716113847,44.8553
HK.02588,中银航空租赁,2022-05-16 00:00:00,45.5553,45.5553,45.7553,44.6553,9.386,0.00036,249064.0,14654574.0,0.21999634806062532,45.4553
HK.02588,中银航空租赁,2022-05-17 00:00:00,45.5553,47.3553,47.3553,45.1053,9.671,0.00033,231805.0,14024889.0,3.95124167769721,45.5553
HK.02588,中银航空租赁,2022-05-18 00:00:00,48.2553,47.7553,48.3553,46.9053,9.735,0.00058,399084.0,24392622.0,0.8446784203668831,47.3553
HK.02588,中银航空租赁,2022-05-19 00:00:00,47.3553,46.6053,47.3553,45.9053,9.552,0.00024,164885.0,9926915.0,-2.4081096757846745,47.7553
HK.02588,中银航空租赁,2022-05-20 00:00:00,47.1553,48.2553,48.8053,46.7553,9.814,0.00049,341004.0,21133760.0,3.540369872096089,46.6053
HK.02588,中银航空租赁,2022-05-23 00:00:00,47.8553,48.0553,48.4053,47.4553,9.782,0.00036,249007.0,15326618.0,-0.414462245597884,48.2553
HK.02588,中银航空租赁,2022-05-24 00:00:00,48.6553,48.1053,48.8553,47.7553,9.79,0.00033,229182.0,14159014.0,0.10404679608700218,48.0553
HK.02588,中银航空租赁,2022-05-25 00:00:00,48.1053,48.7053,49.2553,47.8553,9.885,0.00047,327252.0,20430018.0,1.247263815005834,48.1053
HK.02588,中银航空租赁,2022-05-26 00:00:00,48.6553,49.9553,50.0553,48.3553,10.084,0.00046,322388.0,20364795.0,2.5664558066575918,48.7053
HK.02588,中银航空租赁,2022-05-27 00:00:00,50.3553,50.8553,51.1053,49.2553,10.226,0.00049,340100.0,21794188.0,1.8016106399120786,49.9553
HK.02588,中银航空租赁,2022-05-30 00:00:00,50.7553,50.2053,51.3553,49.6553,10.123,0.00046,318081.0,20360958.0,-1.2781362021264226,50.8553
HK.02588,中银航空租赁,2022-05-31 00:00:00,50.3553,51.1553,51.7553,50.3553,10.274,0.00129,897898.0,58165476.0,1.8922305015605836,50.2053
HK.02588,中银航空租赁,2022-06-01 00:00:00,51.9053,51.8553,51.9053,49.6053,10.385,0.00138,956262.0,62495491.0,1.3683821617701448,51.1553
HK.02588,中银航空租赁,2022-06-02 00:00:00,51.8553,51.5053,51.8553,51.1553,10.329,0.00022,154850.0,10079640.0,-0.674955115484823,51.8553
HK.02588,中银航空租赁,2022-06-06 00:00:00,51.7553,52.2553,52.6053,50.8053,10.448,0.00025,174105.0,11377047.0,1.4561608222843085,51.5053
HK.02588,中银航空租赁,2022-06-07 00:00:00,53.1553,51.955299999,53.1553,50.6553,10.401,0.00051,350796.0,22947329.0,-0.5741044468216636,52.2553
HK.02588,中银航空租赁,2022-06-08 00:00:00,52.6053,53.0053,53.9053,51.5553,10.567,0.00082,568545.0,37490347.0,2.0209680264000216,51.955299999
HK.02588,中银航空租赁,2022-06-09 00:00:00,52.8553,50.6053,53.5553,50.6053,10.187,0.00055,381697.0,24746858.0,-4.527849101882262,53.0053
HK.02588,中银航空租赁,2022-06-10 00:00:00,50.3553,50.8553,51.3053,49.3553,10.226,0.00044,303511.0,19534723.0,0.49401940112992115,50.6053
HK.02588,中银航空租赁,2022-06-13 00:00:00,50.8657,48.9657,50.8657,48.5157,9.711,0.00069,476243.0,29215459.0,-3.7156402577509158,50.8553
HK.02588,中银航空租赁,2022-06-14 00:00:00,48.7657,49.6657,49.7657,47.8657,9.822,0.00031,218524.0,13393743.0,1.4295721290617778,48.9657
HK.02588,中银航空租赁,2022-06-15 00:00:00,49.7157,49.8157,51.0157,48.9157,9.846,0.00073,503601.0,31314945.0,0.30201930104679603,49.6657
HK.02588,中银航空租赁,2022-06-16 00:00:00,50.6157,49.3657,50.6157,49.3157,9.774,0.00047,327272.0,20278151.0,-0.90332967317533,49.8157
HK.02588,中银航空租赁,2022-06-17 00:00:00,48.8157,48.5657,49.6157,48.0157,9.648,0.00093,647853.0,39524326.0,-1.6205584039120222,49.3657
HK.02588,中银航空租赁,2022-06-20 00:00:00,47.3657,50.1657,50.3657,47.3657,9.901,0.00079,549097.0,33777012.0,3.2945062049965337,48.5657
HK.02588,中银航空租赁,2022-06-21 00:00:00,50.7157,51.0157,51.2657,49.5157,10.036,0.00067,465700.0,29246288.0,1.6943848087438258,50.1657
HK.02588,中银航空租赁,2022-06-22 00:00:00,50.6657,49.4657,50.6657,49.2657,9.79,0.00079,548640.0,34027203.0,-3.0382803725127836,51.0157
HK.02588,中银航空租赁,2022-06-23 00:00:00,49.8657,51.6657,51.7157,49.6657,10.139,0.00044,307260.0,19482388.0,4.447526265675009,49.4657
HK.02588,中银航空租赁,2022-06-24 00:00:00,51.6657,51.8657,53.7157,50.3157,10.171,0.00106,737408.0,46907786.0,0.38710401678482187,51.6657
HK.02588,中银航空租赁,2022-06-27 00:00:00,51.0157,52.7657,53.065699999,50.6157,10.313,0.00087,605740.0,39122244.0,1.7352508497909134,51.8657
HK.02588,中银航空租赁,2022-06-28 00:00:00,51.9657,54.815699999,54.815699999,51.9157,10.638,0.00076,526600.0,34742192.0,3.8850995987923986,52.7657
HK.02588,中银航空租赁,2022-06-29 00:00:00,53.7157,54.315699999,55.4657,53.7157,10.559,0.00055,385000.0,25635925.0,-0.9121474322304038,54.815699999
HK.02588,中银航空租赁,2022-06-30 00:00:00,53.2157,53.6657,54.4657,52.6657,10.456,0.0015,1044011.0,68610319.0,-1.1967073958578627,54.315699999
HK.02588,中银航空租赁,2022-07-04 00:00:00,52.5157,52.7157,52.9157,49.8157,10.306,0.00218,1510175.0,96734248.0,-1.7702182213220043,53.6657
HK.02588,中银航空租赁,2022-07-05 00:00:00,52.2157,50.9657,53.315699999,49.7157,10.028,0.00157,1088199.0,68282932.0,-3.319694132867438,52.7157
HK.02588,中银航空租赁,2022-07-06 00:00:00,50.9657,51.0657,51.6157,50.3157,10.044,0.00081,563649.0,35638565.0,0.19621039247965086,50.9657
HK.02588,中银航空租赁,2022-07-07 00:00:00,50.8657,52.065699999,52.6657,50.8657,10.202,0.00339,2352684.0,149094408.0,1.958261610043539,51.0657
HK.02588,中银航空租赁,2022-07-08 00:00:00,52.7157,53.9157,56.7657,51.8657,10.496,0.00094,653936.0,43766284.0,3.553202974387226,52.065699999
HK.02588,中银航空租赁,2022-07-11 00:00:00,53.2157,52.3657,53.5157,51.4157,10.25,0.00039,272203.0,17540603.0,-2.8748583436735577,53.9157
HK.02588,中银航空租赁,2022-07-12 00:00:00,52.3657,52.565699999,52.8657,51.7157,10.282,0.0003,211604.0,13708474.0,0.3819293908035342,52.3657
HK.02588,中银航空租赁,2022-07-13 00:00:00,53.315699999,54.315699999,54.5157,52.315699999,10.559,0.00046,322410.0,21360585.0,3.3291671185455374,52.565699999
HK.02588,中银航空租赁,2022-07-14 00:00:00,54.315699999,54.4657,55.7157,53.7157,10.583,0.00113,780805.0,52165122.0,0.27616324746391324,54.315699999
HK.02588,中银航空租赁,2022-07-15 00:00:00,54.7157,55.0157,55.7157,54.565699999,10.67,0.00087,604836.0,40821179.0,1.0098098436263636,54.4657
HK.02588,中银航空租赁,2022-07-18 00:00:00,56.1657,55.3657,56.1657,53.7657,10.726,0.00023,161391.0,10886393.0,0.6361820353099102,55.0157
HK.02588,中银航空租赁,2022-07-19 00:00:00,54.815699999,55.815699999,55.9157,54.4157,10.797,0.00045,315322.0,21389931.0,0.812777584316655,55.3657
HK.02588,中银航空租赁,2022-07-20 00:00:00,54.2657,55.8657,56.5657,54.2657,10.805,0.00046,317803.0,21668933.0,0.08958053200244642,55.815699999
HK.02588,中银航空租赁,2022-07-21 00:00:00,56.5157,55.7157,56.8157,55.5157,10.781,0.00034,232850.0,15896113.0,-0.2685010659492293,55.8657
HK.02588,中银航空租赁,2022-07-22 00:00:00,55.4157,56.0157,56.5157,55.3657,10.829,0.00025,173657.0,11860225.0,0.5384478701694572,55.7157
HK.02588,中银航空租赁,2022-07-25 00:00:00,54.5157,55.1657,56.5657,54.1157,10.694,0.00077,535300.0,36390425.0,-1.5174317200356353,56.0157
HK.02588,中银航空租赁,2022-07-26 00:00:00,55.1657,55.7157,56.1157,54.9157,10.781,0.00024,165020.0,11235561.0,0.9969963219899269,55.1657
HK.02588,中银航空租赁,2022-07-27 00:00:00,54.9657,54.815699999,54.9657,53.6657,10.638,0.00086,598800.0,39953705.0,-1.6153436123031661,55.7157
HK.02588,中银航空租赁,2022-07-28 00:00:00,55.2657,54.8657,55.815699999,54.5157,10.646,0.00042,294493.0,19837567.0,0.09121474504732373,54.815699999
HK.02588,中银航空租赁,2022-07-29 00:00:00,55.7157,54.4157,56.0157,54.1157,10.575,0.0003,207305.0,13861278.0,-0.82018455975226,54.8657
HK.02588,中银航空租赁,2022-08-01 00:00:00,55.815699999,53.3657,55.815699999,50.8657,10.409,0.00064,442769.0,28684852.0,-1.9295901734242216,54.4157
HK.02588,中银航空租赁,2022-08-02 00:00:00,53.0157,53.815699999,54.315699999,52.2657,10.48,0.00061,421299.0,27719512.0,0.8432382579072445,53.3657
HK.02588,中银航空租赁,2022-08-03 00:00:00,52.7657,54.565699999,55.1157,52.7657,10.599,0.00024,169136.0,11311531.0,1.3936453488739091,53.815699999
HK.02588,中银航空租赁,2022-08-04 00:00:00,53.565699999,55.7657,55.7657,53.565699999,10.789,0.00034,234855.0,15855496.0,2.199183738176164,54.565699999
HK.02588,中银航空租赁,2022-08-05 00:00:00,55.7157,56.1657,56.6157,55.1157,10.853,0.00032,225229.0,15351628.0,0.7172867909844197,55.7657
HK.02588,中银航空租赁,2022-08-08 00:00:00,55.7157,53.4157,56.3657,53.4157,10.416,0.00053,364595.0,24355776.0,-4.896226700637578,56.1657
HK.02588,中银航空租赁,2022-08-09 00:00:00,53.4157,54.4157,55.2657,53.4157,10.575,0.00035,240062.0,16014449.0,1.8721087620306391,53.4157
HK.02588,中银航空租赁,2022-08-10 00:00:00,53.5157,52.4157,54.065699999,52.1657,10.258,0.00027,188540.0,12252581.0,-3.67540985414136,54.4157
HK.02588,中银航空租赁,2022-08-11 00:00:00,54.7157,53.4157,54.7157,52.5157,10.416,0.00029,203430.0,13321436.0,1.907825327144348,52.4157
HK.02588,中银航空租赁,2022-08-12 00:00:00,53.7157,53.7157,54.4157,52.565699999,10.464,0.00028,196600.0,12929982.0,0.5616326286091864,53.4157
HK.02588,中银航空租赁,2022-08-15 00:00:00,53.5157,52.4157,53.7157,52.2657,10.258,0.00015,106588.0,6915629.0,-2.4201490439480398,53.7157
HK.02588,中银航空租赁,2022-08-16 00:00:00,51.7657,52.8657,53.315699999,51.7657,10.329,0.00017,117144.0,7603556.0,0.8585213972149484,52.4157
HK.02588,中银航空租赁,2022-08-17 00:00:00,52.8657,53.6657,54.1157,52.8657,10.456,0.00014,100293.0,6624825.0,1.5132685276086466,52.8657
HK.02588,中银航空租赁,2022-08-18 00:00:00,53.9657,53.6657,53.9657,52.6157,10.456,0.00022,153789.0,10097600.0,0.0,53.6657
HK.02588,中银航空租赁,2022-08-19 00:00:00,53.565699999,55.4657,55.7157,52.8657,10.742,0.00054,374492.0,25144929.0,3.3540976825048348,53.6657
HK.02588,中银航空租赁,2022-08-22 00:00:00,54.6657,53.8657,55.3657,53.7657,10.488,0.00042,288065.0,19183330.0,-2.8846656582356327,55.4657
HK.02588,中银航空租赁,2022-08-23 00:00:00,52.8657,52.7657,53.8657,52.7157,10.313,0.00031,216677.0,14147885.0,-2.0421158548018394,53.8657
HK.02588,中银航空租赁,2022-08-24 00:00:00,53.7157,51.815699999,53.7157,51.7657,10.163,0.00073,504820.0,32468981.0,-1.8004120119698959,52.7657
HK.02588,中银航空租赁,2022-08-25 00:00:00,51.8657,52.4657,53.065699999,51.5657,10.266,0.00027,189000.0,12240632.0,1.254446048229667,51.815699999
HK.02588,中银航空租赁,2022-08-26 00:00:00,52.7657,52.9157,53.1157,52.1157,10.337,0.0004,276709.0,17955882.0,0.8577032232487184,52.4657
HK.02588,中银航空租赁,2022-08-29 00:00:00,53.4657,52.1657,53.4657,51.7657,10.218,0.00012,83800.0,5405570.0,-1.4173487263704345,52.9157
HK.02588,中银航空租赁,2022-08-30 00:00:00,52.1657,51.1657,52.1657,50.7157,10.06,0.0002,140172.0,8869042.0,-1.9169684294469354,52.1657
HK.02588,中银航空租赁,2022-08-31 00:00:00,51.0157,50.7657,51.5657,49.1157,9.996,0.00099,683934.0,42992042.0,-0.78177372732123,51.1657
HK.02588,中银航空租赁,2022-09-01 00:00:00,49.5657,50.0157,50.9157,49.5657,9.877,0.00022,154100.0,9637775.0,-1.4773754720214634,50.7657
HK.02588,中银航空租赁,2022-09-02 00:00:00,51.3657,48.7157,51.3657,48.2157,9.671,0.00044,304500.0,18675042.0,-2.59918385626914,50.0157
HK.02588,中银航空租赁,2022-09-05 00:00:00,48.7157,47.5157,48.7157,47.2157,9.481,0.00026,180533.0,10832599.0,-2.4632715941677854,48.7157
HK.02588,中银航空租赁,2022-09-06 00:00:00,48.7157,46.4657,48.7157,45.3157,9.315,0.00059,408320.0,23917533.0,-2.2097959200853703,47.5157
HK.02588,中银航空租赁,2022-09-07 00:00:00,46.7657,47.7657,47.8157,45.6657,9.521,0.00071,490975.0,29168406.0,2.797762650729472,46.4657
HK.02588,中银航空租赁,2022-09-08 00:00:00,49.1657,47.9157,49.1657,47.2657,9.544,0.00034,232606.0,13996925.0,0.3140328729611386,47.7657
HK.02588,中银航空租赁,2022-09-09 00:00:00,47.3157,48.4157,48.7657,47.3157,9.624,0.00013,91748.0,5564717.0,1.043499312333953,47.9157
HK.02588,中银航空租赁,2022-09-13 00:00:00,48.4157,49.5657,49.9657,46.6157,9.806,0.00026,183693.0,11315615.0,2.375262569786244,48.4157
HK.02588,中银航空租赁,2022-09-14 00:00:00,47.2157,47.8657,48.4157,47.1157,9.537,0.00023,158109.0,9520077.0,-3.4297911660684766,49.5657
HK.02588,中银航空租赁,2022-09-15 00:00:00,47.4657,48.0657,48.6157,47.4657,9.568,0.00028,193753.0,11676073.0,0.4178357362370191,47.8657
HK.02588,中银航空租赁,2022-09-16 00:00:00,46.7657,47.9157,48.6157,46.5157,9.544,0.00041,287916.0,17343746.0,-0.3120728502861679,48.0657
HK.02588,中银航空租赁,2022-09-19 00:00:00,49.7157,48.2157,51.7157,47.2657,9.592,0.00025,173630.0,10533437.0,0.626099587400366,47.9157
HK.02588,中银航空租赁,2022-09-20 00:00:00,47.9157,48.7157,49.7157,47.9157,9.671,0.0004,274500.0,16765710.0,1.0370066181762374,48.2157
HK.02588,中银航空租赁,2022-09-21 00:00:00,48.7157,49.3157,49.9157,47.3157,9.766,0.00046,317100.0,19486387.0,1.2316357970839,48.7157
HK.02588,中银航空租赁,2022-09-22 00:00:00,49.0657,47.9157,49.0657,47.3157,9.544,0.00042,289303.0,17368606.0,-2.8388525358050245,49.3157
HK.02588,中银航空租赁,2022-09-23 00:00:00,47.1657,47.3657,48.7157,47.1657,9.457,0.00022,152100.0,9109100.0,-1.1478492435673573,47.9157
HK.02588,中银航空租赁,2022-09-26 00:00:00,47.4135,47.6635,48.3135,47.3135,9.394,0.00069,476255.0,28367489.0,0.6287250056475515,47.3657
HK.02588,中银航空租赁,2022-09-27 00:00:00,47.6635,49.1135,49.4635,46.9135,9.624,0.00069,478564.0,28651191.0,3.042160143506043,47.6635
HK.02588,中银航空租赁,2022-09-28 00:00:00,47.6635,47.9135,48.7135,47.5635,9.433,0.00073,509566.0,30388112.0,-2.4433200647479874,49.1135
HK.02588,中银航空租赁,2022-09-29 00:00:00,47.9135,45.5135,48.4135,45.2135,9.053,0.00069,477392.0,27473993.0,-5.009026683502559,47.9135
HK.02588,中银航空租赁,2022-09-30 00:00:00,45.5135,44.1635,45.9635,43.8135,8.839,0.00074,512476.0,28772698.0,-2.9661528996891064,45.5135
HK.02588,中银航空租赁,2022-10-03 00:00:00,43.4635,42.8135,44.1135,42.5135,8.625,0.00051,357304.0,19602441.0,-3.0568229420222615,44.1635
HK.02588,中银航空租赁,2022-10-05 00:00:00,43.7135,44.6635,44.6635,43.7135,8.918,0.00056,387073.0,21680487.0,4.321066953180659,42.8135
HK.02588,中银航空租赁,2022-10-06 00:00:00,45.2135,45.9135,46.3635,44.7635,9.116,0.00044,306268.0,17535968.0,2.798705878401827,44.6635
HK.02588,中银航空租赁,2022-10-07 00:00:00,45.6635,45.1635,45.7135,44.6635,8.997,0.00041,282779.0,16121171.0,-1.6335064850207457,45.9135
HK.02588,中银航空租赁,2022-10-10 00:00:00,45.1135,43.0135,45.1135,43.0135,8.657,0.00017,119078.0,6573190.0,-4.7604813621619195,45.1635
HK.02588,中银航空租赁,2022-10-11 00:00:00,43.0135,39.5135,43.0135,38.6135,8.102,0.00116,808495.0,41953535.0,-8.136980250386507,43.0135
HK.02588,中银航空租赁,2022-10-12 00:00:00,39.5135,38.5135,39.5135,36.6635,7.943,0.00422,2928754.0,148148190.0,-2.5307806192820177,39.5135
HK.02588,中银航空租赁,2022-10-13 00:00:00,38.8135,39.9635,40.8635,38.5635,8.173,0.00591,4099631.0,203606388.0,3.7649136017240776,38.5135
HK.02588,中银航空租赁,2022-10-14 00:00:00,45.4135,41.8635,45.4135,40.9135,8.474,0.00093,648504.0,34214233.0,4.754338333729525,39.9635
HK.02588,中银航空租赁,2022-10-17 00:00:00,41.5635,41.8135,43.5135,40.3135,8.466,0.00075,518290.0,27719222.0,-0.11943578535001675,41.8635
HK.02588,中银航空租赁,2022-10-18 00:00:00,41.8135,42.2635,44.3635,40.8635,8.538,0.00229,1591480.0,84703963.0,1.0762074449639538,41.8135
HK.02588,中银航空租赁,2022-10-19 00:00:00,42.3135,42.7635,44.7635,41.9635,8.617,0.0004,279092.0,15345792.0,1.1830539354289162,42.2635
HK.02588,中银航空租赁,2022-10-20 00:00:00,42.0135,43.2635,43.4135,41.1135,8.696,0.00079,545552.0,29622647.0,1.1692214154594454,42.7635
HK.02588,中银航空租赁,2022-10-21 00:00:00,43.0635,43.0635,43.6635,42.9135,8.664,0.00031,211710.0,11606535.0,-0.4622834490968203,43.2635
HK.02588,中银航空租赁,2022-10-24 00:00:00,42.2135,41.6635,44.0135,41.4135,8.442,0.00062,432917.0,23225310.0,-3.251013038884435,43.0635
HK.02588,中银航空租赁,2022-10-25 00:00:00,42.3635,42.7635,43.1135,40.4135,8.617,0.00068,470720.0,25345027.0,2.6402006552498025,41.6635
HK.02588,中银航空租赁,2022-10-26 00:00:00,42.7635,42.7135,44.9135,42.4135,8.609,0.00095,656051.0,36248277.0,-0.11692214154593791,42.7635
HK.02588,中银航空租赁,2022-10-27 00:00:00,42.6635,43.7135,44.4135,42.6635,8.768,0.00067,466978.0,25806288.0,2.341180188933241,42.7135
HK.02588,中银航空租赁,2022-10-28 00:00:00,44.0635,42.6635,44.0635,41.9135,8.601,0.00051,354000.0,19178825.0,-2.4020039575874828,43.7135
HK.02588,中银航空租赁,2022-10-31 00:00:00,43.3635,40.9635,43.4635,40.8635,8.332,0.00053,365186.0,19415608.0,-3.984670737281273,42.6635
HK.02588,中银航空租赁,2022-11-01 00:00:00,40.9635,44.2135,44.4135,40.9635,8.847,0.00043,301120.0,16533578.0,7.933892367595543,40.9635
HK.02588,中银航空租赁,2022-11-02 00:00:00,44.4135,47.3635,49.4135,43.7135,9.346,0.00121,842760.0,49533122.0,7.124520791161067,44.2135
HK.02588,中银航空租赁,2022-11-03 00:00:00,48.0135,44.9635,48.0135,44.9635,8.966,0.00062,433111.0,24716548.0,-5.0671930917267485,47.3635
HK.02588,中银航空租赁,2022-11-04 00:00:00,42.5135,47.3135,48.0135,42.5135,9.338,0.00091,628564.0,37015251.0,5.226461463186794,44.9635
HK.02588,中银航空租赁,2022-11-07 00:00:00,47.2135,47.8635,50.3135,46.4135,9.426,0.00102,706960.0,42171938.0,1.1624589176450788,47.3135
HK.02588,中银航空租赁,2022-11-08 00:00:00,47.5135,47.4135,48.1135,47.0635,9.354,0.00043,301050.0,17797079.0,-0.9401736187282643,47.8635
HK.02588,中银航空租赁,2022-11-09 00:00:00,46.9635,46.8635,47.5135,45.9635,9.267,0.00051,355864.0,20795270.0,-1.1600071709534145,47.4135
HK.02588,中银航空租赁,2022-11-10 00:00:00,46.8635,46.4135,47.1135,45.3635,9.196,0.00022,156100.0,9022491.0,-0.9602355777950917,46.8635
HK.02588,中银航空租赁,2022-11-11 00:00:00,47.4635,47.2135,48.4135,46.6635,9.322,0.00066,460820.0,27119913.0,1.7236364419834838,46.4135
HK.02588,中银航空租赁,2022-11-14 00:00:00,47.1635,44.7635,47.1635,44.6635,8.934,0.00123,851972.0,48836187.0,-5.189193768731407,47.2135
HK.02588,中银航空租赁,2022-11-15 00:00:00,44.0635,47.6635,47.7635,43.9635,9.394,0.00048,331737.0,19392992.0,6.478492521809059,44.7635
HK.02588,中银航空租赁,2022-11-16 00:00:00,47.5135,45.4135,47.5135,45.1135,9.037,0.00125,866306.0,49839741.0,-4.720593326130058,47.6635
HK.02588,中银航空租赁,2022-11-17 00:00:00,45.3135,46.7135,47.1635,44.9635,9.243,0.00068,469153.0,27057192.0,2.862584914177512,45.4135
HK.02588,中银航空租赁,2022-11-18 00:00:00,46.7135,45.7635,46.7135,45.4135,9.093,0.0004,278234.0,16045464.0,-2.0336733492459413,46.7135
HK.02588,中银航空租赁,2022-11-21 00:00:00,45.0135,44.9635,45.7635,44.5135,8.966,0.00054,372576.0,21229632.0,-1.7481180416707578,45.7635
HK.02588,中银航空租赁,2022-11-22 00:00:00,45.2635,46.3135,47.0135,45.0135,9.18,0.00042,293681.0,16932049.0,3.0024353086392166,44.9635
HK.02588,中银航空租赁,2022-11-23 00:00:00,45.4635,45.6135,46.9135,44.4135,9.069,0.00052,362140.0,20578369.0,-1.511438349509313,46.3135
HK.02588,中银航空租赁,2022-11-24 00:00:00,45.8635,45.7635,46.4135,45.0635,9.093,0.00021,145600.0,8307667.0,0.32885001150974724,45.6135
HK.02588,中银航空租赁,2022-11-25 00:00:00,46.7135,45.1135,46.7135,44.6635,8.99,0.00033,232300.0,13189006.0,-1.4203459088574926,45.7635
HK.02588,中银航空租赁,2022-11-28 00:00:00,44.8635,46.4135,46.6135,43.7135,9.196,0.0004,280112.0,16012739.0,2.8816208008689133,45.1135
HK.02588,中银航空租赁,2022-11-29 00:00:00,47.2135,46.7635,47.6135,46.0635,9.251,0.00102,707309.0,40985122.0,0.7540909433677732,46.4135
HK.02588,中银航空租赁,2022-11-30 00:00:00,47.5135,49.6635,49.6635,46.6135,9.711,0.00152,1057728.0,64041959.0,6.201417772407964,46.7635
HK.02588,中银航空租赁,2022-12-01 00:00:00,50.6135,49.5635,51.7135,49.2635,9.695,0.00042,294474.0,18238282.0,-0.2013551199573156,49.6635
HK.02588,中银航空租赁,2022-12-02 00:00:00,48.4135,48.4135,49.1135,47.9135,9.513,0.0005,347356.0,20877903.0,-2.3202558334258048,49.5635
HK.02588,中银航空租赁,2022-12-05 00:00:00,48.4135,48.3635,49.8635,47.4135,9.505,0.00097,671928.0,40348083.0,-0.10327697852871029,48.4135
HK.02588,中银航空租赁,2022-12-06 00:00:00,48.6635,51.6135,52.0135,48.6135,10.02,0.00086,598631.0,37426231.0,6.719943759239923,48.3635
HK.02588,中银航空租赁,2022-12-07 00:00:00,51.5635,50.6135,52.7135,50.2135,9.862,0.00154,1071686.0,67307071.0,-1.937477597915274,51.6135
HK.02588,中银航空租赁,2022-12-08 00:00:00,50.5135,48.4135,50.5135,48.2135,9.513,0.00176,1223834.0,74082948.0,-4.346666403232344,50.6135
HK.02588,中银航空租赁,2022-12-09 00:00:00,48.4135,50.5135,51.3135,48.4135,9.846,0.0017,1182800.0,73010175.0,4.337633098206082,48.4135
HK.02588,中银航空租赁,2022-12-12 00:00:00,48.5135,50.3635,50.4135,48.5135,9.822,0.00049,341200.0,20993752.0,-0.2969503202114258,50.5135
HK.02588,中银航空租赁,2022-12-13 00:00:00,50.3635,49.8635,50.9635,49.3135,9.743,0.00062,433481.0,26779442.0,-0.9927824714326844,50.3635
HK.02588,中银航空租赁,2022-12-14 00:00:00,50.3635,49.4135,50.6135,48.7135,9.671,0.00047,325498.0,19832985.0,-0.902463725971909,49.8635
HK.02588,中银航空租赁,2022-12-15 00:00:00,48.4635,49.5135,49.7135,48.2135,9.687,0.00069,481692.0,29134404.0,0.2023738452042487,49.4135
HK.02588,中银航空租赁,2022-12-16 00:00:00,48.4135,52.1135,52.1135,48.4135,10.099,0.00127,881609.0,55501616.0,5.2510931362153785,49.5135
HK.02588,中银航空租赁,2022-12-19 00:00:00,53.3635,54.8135,54.8635,52.6135,10.527,0.00164,1138178.0,74372618.0,5.180999165283459,52.1135
HK.02588,中银航空租赁,2022-12-20 00:00:00,52.4135,53.9635,56.3635,52.4135,10.393,0.00095,660200.0,43886504.0,-1.55071287182901,54.8135
HK.02588,中银航空租赁,2022-12-21 00:00:00,52.9135,55.8135,55.8135,52.9135,10.686,0.00096,663587.0,44072057.0,3.4282431643610853,53.9635
HK.02588,中银航空租赁,2022-12-22 00:00:00,55.8635,53.4135,56.0635,52.4635,10.306,0.00091,633664.0,41259215.0,-4.300034937783867,55.8135
HK.02588,中银航空租赁,2022-12-23 00:00:00,53.4135,51.4135,53.6635,50.9635,9.988,0.00108,749370.0,47501281.0,-3.7443717412264688,53.4135
HK.02588,中银航空租赁,2022-12-28 00:00:00,53.4135,53.5635,54.3635,51.4135,10.329,0.00088,612200.0,39789927.0,4.181781049724291,51.4135
HK.02588,中银航空租赁,2022-12-29 00:00:00,51.6135,52.5635,52.763499999,51.4135,10.171,0.00041,285100.0,18171510.0,-1.8669429742268522,53.5635
HK.02588,中银航空租赁,2022-12-30 00:00:00,51.6135,53.5635,54.013499999,51.6135,10.329,0.00084,580156.0,37462396.0,1.9024608330875987,52.5635
HK.02588,中银航空租赁,2023-01-03 00:00:00,53.5635,55.3635,55.8135,51.8135,10.615,0.0009,627617.0,41650168.0,3.3604973536083422,53.5635
HK.02588,中银航空租赁,2023-01-04 00:00:00,55.3635,55.2135,56.013499999,54.763499999,10.591,0.00041,283040.0,18979235.0,-0.27093662792272627,55.3635
HK.02588,中银航空租赁,2023-01-05 00:00:00,56.4135,57.4635,58.1635,55.0635,10.948,0.00087,602625.0,41465118.0,4.075090331169007,55.2135
HK.02588,中银航空租赁,2023-01-06 00:00:00,57.4635,55.9635,57.4635,55.1635,10.71,0.00083,576810.0,38898792.0,-2.6103526586441825,57.4635
HK.02588,中银航空租赁,2023-01-09 00:00:00,56.8135,55.763499999,57.8135,55.3135,10.678,0.0007,484167.0,32642786.0,-0.3573757913640256,55.9635
HK.02588,中银航空租赁,2023-01-10 00:00:00,56.1635,53.8135,56.1635,53.4135,10.369,0.00099,684844.0,45065559.0,-3.4969110601647464,55.763499999
HK.02588,中银航空租赁,2023-01-11 00:00:00,54.3135,53.513499999,55.4635,53.263499999,10.321,0.00056,387767.0,25531211.0,-0.5574809313648077,53.8135
HK.02588,中银航空租赁,2023-01-12 00:00:00,54.4135,54.6135,55.013499999,53.7135,10.496,0.00049,342896.0,22635559.0,2.055556076542481,53.513499999
HK.02588,中银航空租赁,2023-01-13 00:00:00,53.9135,55.9135,56.1635,53.9135,10.702,0.00066,455074.0,30611185.0,2.3803638294560816,54.6135
HK.02588,中银航空租赁,2023-01-16 00:00:00,55.9635,55.8135,56.513499999,55.3135,10.686,0.0011,764600.0,51519997.0,-0.17884768436960918,55.9135
HK.02588,中银航空租赁,2023-01-17 00:00:00,55.6635,55.3135,55.6635,53.7135,10.607,0.00062,431038.0,28763216.0,-0.8958406120383061,55.8135
HK.02588,中银航空租赁,2023-01-18 00:00:00,55.4135,54.4135,57.4135,54.1635,10.464,0.00132,914369.0,60793935.0,-1.627089227765371,55.3135
HK.02588,中银航空租赁,2023-01-19 00:00:00,55.2135,53.9635,55.2135,52.9135,10.393,0.00141,976255.0,63626616.0,-0.8270006524116179,54.4135
HK.02588,中银航空租赁,2023-01-20 00:00:00,53.9635,55.4635,55.8635,53.9635,10.631,0.00066,459866.0,30717326.0,2.7796566197522394,53.9635
HK.02588,中银航空租赁,2023-01-26 00:00:00,55.4635,57.3135,57.3135,55.263499999,10.924,0.00093,643948.0,43685081.0,3.335526968186274,55.4635
HK.02588,中银航空租赁,2023-01-27 00:00:00,57.2135,57.1135,58.2135,56.1135,10.892,0.00064,441029.0,30259945.0,-0.34895792439825823,57.3135
HK.02588,中银航空租赁,2023-01-30 00:00:00,57.1135,54.3635,57.1135,53.9135,10.456,0.00073,508570.0,33760128.0,-4.814973692734642,57.1135
HK.02588,中银航空租赁,2023-01-31 00:00:00,56.3135,53.513499999,56.3135,51.8635,10.321,0.00203,1408972.0,91675440.0,-1.5635490742869846,54.3635
HK.02588,中银航空租赁,2023-02-01 00:00:00,53.513499999,53.1135,54.4135,52.4135,10.258,0.00191,1325376.0,85804667.0,-0.7474749343763157,53.513499999
HK.02588,中银航空租赁,2023-02-02 00:00:00,54.2135,52.2135,54.2135,51.7135,10.115,0.00208,1446859.0,92860084.0,-1.6944844531051402,53.1135
HK.02588,中银航空租赁,2023-02-03 00:00:00,51.5135,51.2135,52.4135,50.9135,9.957,0.00186,1290645.0,81232341.0,-1.9152134984247369,52.2135
HK.02588,中银航空租赁,2023-02-06 00:00:00,50.5135,49.2635,51.4635,48.9135,9.648,0.00108,749529.0,46330494.0,-3.807589795659353,51.2135
HK.02588,中银航空租赁,2023-02-07 00:00:00,48.5135,49.7135,50.5135,48.5135,9.719,0.00118,816436.0,50044030.0,0.9134551950226898,49.2635
HK.02588,中银航空租赁,2023-02-08 00:00:00,50.3635,50.8135,51.8135,49.4635,9.893,0.00068,469600.0,29306758.0,2.212678648656792,49.7135
HK.02588,中银航空租赁,2023-02-09 00:00:00,50.3635,49.9135,50.6635,49.3635,9.751,0.00203,1407444.0,86636218.0,-1.7711828549499615,50.8135
HK.02588,中银航空租赁,2023-02-10 00:00:00,49.9135,50.0135,50.4635,49.5635,9.766,0.00053,369300.0,22751624.0,0.20034659961734083,49.9135
HK.02588,中银航空租赁,2023-02-13 00:00:00,49.8635,49.8135,50.1635,49.2135,9.735,0.00049,337354.0,20697668.0,-0.39989202915213456,50.0135
HK.02588,中银航空租赁,2023-02-14 00:00:00,49.9635,49.0635,49.9635,48.8635,9.616,0.00059,407940.0,24764707.0,-1.505615947484116,49.8135
HK.02588,中银航空租赁,2023-02-15 00:00:00,49.0635,48.9135,49.4135,48.4135,9.592,0.00028,196886.0,11881633.0,-0.3057262527133176,49.0635
HK.02588,中银航空租赁,2023-02-16 00:00:00,49.1135,48.6135,50.4135,48.4135,9.544,0.00067,462670.0,28099551.0,-0.6133276089423108,48.9135
HK.02588,中银航空租赁,2023-02-17 00:00:00,48.8135,48.7635,49.1635,47.9135,9.568,0.00031,218461.0,13236696.0,0.30855626523496266,48.6135
HK.02588,中银航空租赁,2023-02-20 00:00:00,48.5135,49.0135,49.4135,48.5135,9.608,0.0004,274227.0,16651340.0,0.51267854030166,48.7635
HK.02588,中银航空租赁,2023-02-21 00:00:00,48.9135,47.9135,49.5635,47.4635,9.433,0.00137,953167.0,57068119.0,-2.2442796372428035,49.0135
HK.02588,中银航空租赁,2023-02-22 00:00:00,48.7135,45.5135,48.7135,44.8135,9.053,0.00115,796144.0,45932692.0,-5.009026683502559,47.9135
HK.02588,中银航空租赁,2023-02-23 00:00:00,45.8635,44.9135,45.8635,43.7135,8.958,0.00152,1056731.0,59658634.0,-1.3182901776396045,45.5135
HK.02588,中银航空租赁,2023-02-24 00:00:00,44.8635,47.0135,47.4135,43.4135,9.291,0.00239,1660236.0,96206022.0,4.6756543132911075,44.9135
HK.02588,中银航空租赁,2023-02-27 00:00:00,47.7135,45.7135,47.7135,45.1635,9.085,0.00119,829115.0,47637296.0,-2.76516319780488,47.0135
HK.02588,中银航空租赁,2023-02-28 00:00:00,45.9135,45.1135,45.9135,44.8135,8.99,0.0011,763800.0,43352832.0,-1.3125225589814855,45.7135
HK.02588,中银航空租赁,2023-03-01 00:00:00,45.7135,46.9135,47.1135,44.4135,9.275,0.00124,862092.0,49544194.0,3.9899364935108053,45.1135
HK.02588,中银航空租赁,2023-03-02 00:00:00,46.0135,46.4635,46.8135,45.7635,9.204,0.00185,1281008.0,74107744.0,-0.9592121670734347,46.9135
HK.02588,中银航空租赁,2023-03-03 00:00:00,47.0635,47.1135,48.2135,46.5635,9.307,0.00121,840716.0,49274651.0,1.39894756098873,46.4635
HK.02588,中银航空租赁,2023-03-06 00:00:00,45.4635,46.4635,46.9135,45.4635,9.204,0.00077,533374.0,30818495.0,-1.3796470226155955,47.1135
HK.02588,中银航空租赁,2023-03-07 00:00:00,46.6635,46.4135,47.9635,46.0135,9.196,0.00101,699024.0,40871178.0,-0.10761135084529631,46.4635
HK.02588,中银航空租赁,2023-03-08 00:00:00,46.9135,46.1135,46.9635,45.8135,9.148,0.00044,302763.0,17462570.0,-0.6463636657437969,46.4135
HK.02588,中银航空租赁,2023-03-09 00:00:00,45.6135,44.9135,45.9635,44.4135,8.958,0.00076,527861.0,29867436.0,-2.602274821906823,46.1135
HK.02588,中银航空租赁,2023-03-10 00:00:00,44.6635,45.7135,46.2135,43.5135,254.666,0.00137,953115.0,54054762.0,1.7812016431585254,44.9135
HK.02588,中银航空租赁,2023-03-13 00:00:00,44.1135,47.4635,47.5635,44.1135,262.444,0.00082,571600.0,33400067.0,3.8281907970293236,45.7135
HK.02588,中银航空租赁,2023-03-14 00:00:00,46.8635,47.0135,47.6635,46.4135,260.444,0.00116,805403.0,47182726.0,-0.9480969587156506,47.4635
HK.02588,中银航空租赁,2023-03-15 00:00:00,48.4135,49.6635,51.1135,47.2635,272.222,0.00143,993251.0,61050320.0,5.636678826294572,47.0135
HK.02588,中银航空租赁,2023-03-16 00:00:00,50.4135,48.4635,50.4135,47.6635,266.888,0.00056,390849.0,23606406.0,-2.416261439487744,49.6635
HK.02588,中银航空租赁,2023-03-17 00:00:00,50.4135,48.0635,50.4135,47.9635,265.111,0.00057,395160.0,23738469.0,-0.825363417829925,48.4635
HK.02588,中银航空租赁,2023-03-20 00:00:00,47.5135,47.6135,48.0135,46.1135,263.111,0.00069,476600.0,27992855.0,-0.9362614041840394,48.0635
HK.02588,中银航空租赁,2023-03-21 00:00:00,48.2135,48.4135,48.8635,47.6635,266.666,0.00077,532572.0,31948016.0,1.6801957428040308,47.6135
HK.02588,中银航空租赁,2023-03-22 00:00:00,48.8635,48.6635,49.3635,48.4135,267.777,0.00044,308643.0,18655316.0,0.5163848926435809,48.4135
HK.02588,中银航空租赁,2023-03-23 00:00:00,48.4135,49.2635,49.4135,48.0135,270.444,0.00041,281710.0,17083580.0,1.232956938978909,48.6635
HK.02588,中银航空租赁,2023-03-24 00:00:00,46.8135,48.4135,49.0135,46.8135,266.666,0.00066,456369.0,27396311.0,-1.725415368376184,49.2635
HK.02588,中银航空租赁,2023-03-27 00:00:00,49.7635,48.6135,49.7635,47.1635,267.555,0.00032,223300.0,13418595.0,0.4131079141148706,48.4135
HK.02588,中银航空租赁,2023-03-28 00:00:00,49.8635,49.9635,51.3635,49.2135,273.555,0.00096,666057.0,40988050.0,2.7770063871146933,48.6135
HK.02588,中银航空租赁,2023-03-29 00:00:00,50.2135,50.1635,51.2635,49.4635,274.444,0.00073,503461.0,31047331.0,0.4002922133157119,49.9635
HK.02588,中银航空租赁,2023-03-30 00:00:00,49.9135,49.4635,50.2135,48.6135,271.333,0.00056,389550.0,23689081.0,-1.395436921267447,50.1635
HK.02588,中银航空租赁,2023-03-31 00:00:00,48.9135,49.0635,49.8135,48.4635,269.555,0.00099,690054.0,41937485.0,-0.8086771053403129,49.4635
HK.02588,中银航空租赁,2023-04-03 00:00:00,49.2635,49.3135,51.1635,48.5635,270.666,0.00102,707712.0,43093290.0,0.5095437545222009,49.0635
HK.02588,中银航空租赁,2023-04-04 00:00:00,48.4135,49.8635,50.0635,48.4135,273.111,0.00045,310670.0,19039499.0,1.115313250935351,49.3135
HK.02588,中银航空租赁,2023-04-06 00:00:00,51.6635,49.8635,51.6635,48.9135,273.111,0.00059,407848.0,25020752.0,0.0,49.8635
HK.02588,中银航空租赁,2023-04-11 00:00:00,49.4135,51.0635,51.2635,48.9635,278.444,0.00031,214895.0,13434911.0,2.4065699359250665,49.8635
HK.02588,中银航空租赁,2023-04-12 00:00:00,50.5135,51.7635,51.8135,49.7135,281.555,0.00089,614977.0,38690204.0,1.3708421866891278,51.0635
HK.02588,中银航空租赁,2023-04-13 00:00:00,50.4135,51.2635,51.8135,50.4135,279.333,0.00042,292165.0,18282458.0,-0.9659315927246032,51.7635
HK.02588,中银航空租赁,2023-04-14 00:00:00,51.4135,50.5635,51.4135,49.9635,276.222,0.00058,403300.0,25013787.0,-1.365493967442728,51.2635
HK.02588,中银航空租赁,2023-04-17 00:00:00,52.1135,50.3135,52.1135,49.8635,275.111,0.00072,497911.0,30853462.0,-0.49442779870855463,50.5635
HK.02588,中银航空租赁,2023-04-18 00:00:00,51.7135,50.5135,51.7135,50.1135,276.0,0.00025,175470.0,10884184.0,0.39750762717760213,50.3135
HK.02588,中银航空租赁,2023-04-19 00:00:00,51.2635,50.8135,51.2635,50.2135,277.333,0.0003,210523.0,13085708.0,0.5939006404228516,50.5135
HK.02588,中银航空租赁,2023-04-20 00:00:00,51.2135,51.2635,51.7635,50.3635,279.333,0.00034,238200.0,14908336.0,0.8855914274749876,50.8135
HK.02588,中银航空租赁,2023-04-21 00:00:00,50.8135,51.0135,51.7135,50.6135,278.222,0.00081,565407.0,35348823.0,-0.48767641694382946,51.2635
HK.02588,中银航空租赁,2023-04-24 00:00:00,50.2135,50.1635,51.0635,48.9135,274.444,0.00086,593470.0,36571756.0,-1.6662256069471835,51.0135
HK.02588,中银航空租赁,2023-04-25 00:00:00,49.1635,49.3135,51.6135,48.9635,270.666,0.00054,373036.0,22872403.0,-1.6944591186819131,50.1635
HK.02588,中银航空租赁,2023-04-26 00:00:00,48.5635,49.1635,49.9635,48.5635,270.0,0.0006,415908.0,25298362.0,-0.30417634116418135,49.3135
HK.02588,中银航空租赁,2023-04-27 00:00:00,48.6135,50.0635,50.8135,48.6135,274.0,0.00039,273047.0,16775877.0,1.830626379326123,49.1635
HK.02588,中银航空租赁,2023-04-28 00:00:00,50.0635,50.4135,51.1135,49.9135,275.555,0.00073,509651.0,31662341.0,0.6991121275979535,50.0635
HK.02588,中银航空租赁,2023-05-02 00:00:00,51.2135,50.5635,51.8135,49.4135,276.222,0.00114,789470.0,48992860.0,0.297539349578979,50.4135
HK.02588,中银航空租赁,2023-05-03 00:00:00,51.0135,48.9135,51.0135,48.8635,268.888,0.00043,296181.0,18002774.0,-3.263223471476458,50.5635
HK.02588,中银航空租赁,2023-05-04 00:00:00,48.7135,47.5635,49.7135,47.1135,262.888,0.00071,491286.0,29212010.0,-2.7599742402404273,48.9135
HK.02588,中银航空租赁,2023-05-05 00:00:00,48.5135,47.4135,49.5135,46.4635,262.222,0.00063,436479.0,25650046.0,-0.3153678766280837,47.5635
HK.02588,中银航空租赁,2023-05-08 00:00:00,47.9635,47.7635,48.2635,47.3135,263.777,0.00068,468708.0,27874079.0,0.7381863815158161,47.4135
HK.02588,中银航空租赁,2023-05-09 00:00:00,47.9135,46.8635,48.0635,46.7135,259.777,0.00071,492541.0,28996821.0,-1.8842840244119432,47.7635
HK.02588,中银航空租赁,2023-05-10 00:00:00,47.1135,47.0635,47.5135,46.2135,260.666,0.00138,954500.0,55803219.0,0.42677136790891784,46.8635
HK.02588,中银航空租赁,2023-05-11 00:00:00,47.9135,49.1135,49.2135,47.6135,269.777,0.00068,473103.0,28123788.0,4.355817140671655,47.0635
HK.02588,中银航空租赁,2023-05-12 00:00:00,49.1135,48.5635,49.1135,47.4135,267.333,0.00045,315250.0,18921161.0,-1.119855029676167,49.1135
HK.02588,中银航空租赁,2023-05-15 00:00:00,48.5635,49.8135,50.4135,48.0135,272.888,0.00068,471527.0,28924556.0,2.573949571180002,48.5635
HK.02588,中银航空租赁,2023-05-16 00:00:00,50.2635,50.7135,50.9135,49.5135,276.888,0.00022,155333.0,9646497.0,1.8067391369809505,49.8135
HK.02588,中银航空租赁,2023-05-17 00:00:00,50.5635,50.3135,51.5635,49.9135,275.111,0.00036,247000.0,15303280.0,-0.7887446143531913,50.7135
HK.02588,中银航空租赁,2023-05-18 00:00:00,49.7635,50.7135,51.9135,49.7635,276.888,0.00039,273938.0,17173561.0,0.7950152543552043,50.3135
HK.02588,中银航空租赁,2023-05-19 00:00:00,50.8135,50.8635,51.2635,50.4635,277.555,0.00037,258800.0,16186819.0,0.29577923038243975,50.7135
HK.02588,中银航空租赁,2023-05-22 00:00:00,50.4135,50.9635,51.5135,50.3135,278.0,0.00035,240107.0,15038372.0,0.19660463790341093,50.8635
HK.02588,中银航空租赁,2023-05-23 00:00:00,50.8135,50.3635,51.9135,50.2135,275.333,0.0003,205900.0,12868500.0,-1.1773131751155266,50.9635
HK.02588,中银航空租赁,2023-05-24 00:00:00,50.5135,49.4635,50.5135,49.2135,271.333,0.0004,276508.0,17059938.0,-1.787008448578829,50.3635
HK.02588,中银航空租赁,2023-05-25 00:00:00,49.5135,48.2135,49.9135,46.9635,265.777,0.0024,1666300.0,99435117.0,-2.527115954188442,49.4635
HK.02588,中银航空租赁,2023-05-29 00:00:00,49.4135,46.7135,49.4135,46.0135,259.111,0.00038,264030.0,15410743.0,-3.1111618115258173,48.2135
HK.02588,中银航空租赁,2023-05-30 00:00:00,46.7635,47.0135,47.4135,46.6635,260.444,0.00029,202080.0,11834567.0,0.6422126366039734,46.7135
HK.02588,中银航空租赁,2023-05-31 00:00:00,47.0135,45.9635,47.0135,44.9135,255.777,0.00285,1979661.0,113587171.0,-2.233401044380863,47.0135
HK.02588,中银航空租赁,2023-06-01 00:00:00,46.1007,45.8007,47.2507,45.2007,248.888,0.0017,1177639.0,67203984.0,-0.3541940887878518,45.9635
HK.02588,中银航空租赁,2023-06-02 00:00:00,46.3507,49.0507,49.5007,45.9007,263.333,0.0008,553271.0,32046712.0,7.095961415436883,45.8007
HK.02588,中银航空租赁,2023-06-05 00:00:00,48.9507,50.1007,50.7507,48.9507,268.0,0.00046,322613.0,19507763.0,2.1406422334441797,49.0507
HK.02588,中银航空租赁,2023-06-06 00:00:00,49.9007,49.8507,50.5007,49.4007,266.888,0.00044,305633.0,18369561.0,-0.49899502402162044,50.1007
HK.02588,中银航空租赁,2023-06-07 00:00:00,50.3007,51.5007,52.0007,50.2507,274.222,0.00059,406117.0,24943204.0,3.30988331156834,49.8507
HK.02588,中银航空租赁,2023-06-08 00:00:00,50.7507,52.4007,52.4007,50.7507,278.222,0.00047,327941.0,20352528.0,1.747549062439925,51.5007
HK.02588,中银航空租赁,2023-06-09 00:00:00,52.4007,52.6007,53.6007,52.3007,279.111,0.00034,234909.0,14807252.0,0.381674290610627,52.4007
HK.02588,中银航空租赁,2023-06-12 00:00:00,46.6007,52.6007,53.1007,46.6007,279.111,0.00048,330200.0,20759118.0,0.0,52.6007
HK.02588,中银航空租赁,2023-06-13 00:00:00,52.3007,53.1007,53.1007,51.8007,281.333,0.00084,582478.0,36659175.0,0.9505576921980126,52.6007
HK.02588,中银航空租赁,2023-06-14 00:00:00,52.4507,52.8007,53.6007,51.9507,280.0,0.00027,185306.0,11678298.0,-0.5649643036720876,53.1007
HK.02588,中银航空租赁,2023-06-15 00:00:00,53.6007,53.0007,53.6007,52.4007,280.888,0.00025,170706.0,10766152.0,0.3787828570454612,52.8007
HK.02588,中银航空租赁,2023-06-16 00:00:00,53.2007,53.4007,53.6007,52.8007,282.666,0.00076,525977.0,33390172.0,0.7547070133035951,53.0007
HK.02588,中银航空租赁,2023-06-19 00:00:00,51.5507,53.2507,53.3007,51.4507,282.0,0.00012,82849.0,5221704.0,-0.2808951942577505,53.4007
HK.02588,中银航空租赁,2023-06-20 00:00:00,52.3007,51.9007,52.5507,51.5007,276.0,0.00035,244164.0,15170680.0,-2.5351779413228397,53.2507
HK.02588,中银航空租赁,2023-06-21 00:00:00,50.1007,52.3507,52.4507,50.1007,278.0,0.00033,232473.0,14456327.0,0.8670403289358386,51.9007
HK.02588,中银航空租赁,2023-06-23 00:00:00,52.3507,50.1007,52.3507,49.8007,268.0,0.00031,214800.0,13001256.0,-4.297936799316914,52.3507
HK.02588,中银航空租赁,2023-06-26 00:00:00,50.1007,50.4007,51.9007,49.4007,269.333,0.00035,246188.0,14898333.0,0.5987940288259388,50.1007
HK.02588,中银航空租赁,2023-06-27 00:00:00,49.8507,52.0507,52.3507,49.8007,276.666,0.00033,229701.0,14234141.0,3.2737640548643143,50.4007
HK.02588,中银航空租赁,2023-06-28 00:00:00,52.6007,52.8007,52.8007,50.5007,280.0,0.0003,205100.0,12788635.0,1.440902812065928,52.0507
HK.02588,中银航空租赁,2023-06-29 00:00:00,51.8507,51.8007,53.6007,51.3507,275.555,0.0002,140000.0,8663035.0,-1.8939142852272792,52.8007
HK.02588,中银航空租赁,2023-06-30 00:00:00,52.6007,53.1507,53.2507,51.8007,281.555,0.00059,410833.0,25899838.0,2.60614238803723,51.8007
HK.02588,中银航空租赁,2023-07-03 00:00:00,52.8007,54.7007,55.0007,51.7507,288.444,0.0008,556982.0,35861906.0,2.916236286634037,53.1507
HK.02588,中银航空租赁,2023-07-04 00:00:00,53.8507,54.150699999,55.6007,53.8507,286.0,0.00056,386090.0,25162534.0,-1.0054715954274822,54.7007
HK.02588,中银航空租赁,2023-07-05 00:00:00,54.150699999,54.2507,55.650699999,53.0007,286.444,0.00039,272600.0,17538477.0,0.18466982144617106,54.150699999
HK.02588,中银航空租赁,2023-07-06 00:00:00,53.9507,54.4507,55.3007,53.8007,287.333,0.00042,294535.0,19032834.0,0.36865883758181134,54.2507
HK.02588,中银航空租赁,2023-07-07 00:00:00,54.4507,53.1007,54.5007,53.0007,281.333,0.00028,197672.0,12626285.0,-2.479306969423707,54.4507
HK.02588,中银航空租赁,2023-07-10 00:00:00,53.3007,52.9007,55.0507,52.2507,280.444,0.0003,205472.0,12977038.0,-0.3766428691147251,53.1007
HK.02588,中银航空租赁,2023-07-11 00:00:00,54.2007,52.0507,54.2007,51.4507,276.666,0.00062,427827.0,26846966.0,-1.6067840312132,52.9007
HK.02588,中银航空租赁,2023-07-12 00:00:00,52.1007,53.6007,53.6007,51.4007,283.555,0.00037,254700.0,16022868.0,2.977865811602926,52.0507
HK.02588,中银航空租赁,2023-07-13 00:00:00,54.0007,54.650699999,54.650699999,53.5007,288.222,0.00028,192800.0,12418528.0,1.958929638978583,53.6007
HK.02588,中银航空租赁,2023-07-14 00:00:00,54.650699999,54.5507,55.3007,54.0007,287.777,0.00016,112425.0,7270010.0,-0.18298027107032042,54.650699999
HK.02588,中银航空租赁,2023-07-18 00:00:00,54.5507,54.650699999,55.1007,53.5007,288.222,0.00028,192730.0,12472395.0,0.18331570263992542,54.5507
HK.02588,中银航空租赁,2023-07-19 00:00:00,54.3507,55.2507,55.8007,54.0007,290.888,0.00043,298355.0,19517619.0,1.097881639230575,54.650699999
HK.02588,中银航空租赁,2023-07-20 00:00:00,54.6007,55.1007,56.5007,54.6007,290.222,0.00027,185400.0,12130697.0,-0.2714897729802493,55.2507
HK.02588,中银航空租赁,2023-07-21 00:00:00,55.1007,55.6007,55.6007,54.9507,292.444,0.00019,133663.0,8757909.0,0.90742948819162,55.1007
HK.02588,中银航空租赁,2023-07-24 00:00:00,54.5007,54.8007,55.6007,54.4507,288.888,0.00037,259000.0,16887557.0,-1.4388308060869814,55.6007
HK.02588,中银航空租赁,2023-07-25 00:00:00,55.7007,56.150699999,56.5007,55.7007,294.888,0.00031,218555.0,14520732.0,2.463472180099885,54.8007
HK.02588,中银航空租赁,2023-07-26 00:00:00,56.4507,55.1007,56.4507,54.2507,290.222,0.00032,221800.0,14495122.0,-1.869967781378849,56.150699999
HK.02588,中银航空租赁,2023-07-27 00:00:00,55.5507,55.1007,55.6007,54.8007,290.222,0.00024,167417.0,10940095.0,0.0,55.1007
HK.02588,中银航空租赁,2023-07-28 00:00:00,54.900699999,54.7007,55.900699999,53.6507,288.444,0.00026,181857.0,11839148.0,-0.7259435905533064,55.1007
HK.02588,中银航空租赁,2023-07-31 00:00:00,55.900699999,55.0007,56.0007,54.400699999,289.777,0.00051,351895.0,22931882.0,0.5484390510541991,54.7007
HK.02588,中银航空租赁,2023-08-01 00:00:00,54.8007,55.0007,55.3007,54.3507,289.777,0.0004,275404.0,17951121.0,0.0,55.0007
HK.02588,中银航空租赁,2023-08-02 00:00:00,53.900699999,53.4507,54.6007,53.0007,282.888,0.00018,127975.0,8148089.0,-2.8181459508697237,55.0007
HK.02588,中银航空租赁,2023-08-03 00:00:00,52.0007,52.1007,53.3007,51.8507,276.888,0.00024,167158.0,10428902.0,-2.5256918992641713,53.4507
HK.02588,中银航空租赁,2023-08-04 00:00:00,52.8007,51.6007,52.8007,51.2507,274.666,0.00039,269876.0,16669646.0,-0.9596800042993663,52.1007
HK.02588,中银航空租赁,2023-08-07 00:00:00,51.6007,52.4007,52.5007,51.1007,278.222,0.00048,335535.0,20869766.0,1.550366564794658,51.6007
HK.02588,中银航空租赁,2023-08-08 00:00:00,52.3507,51.0007,52.6507,50.5507,272.0,0.00036,249600.0,15308787.0,-2.671720034274349,52.4007
HK.02588,中银航空租赁,2023-08-09 00:00:00,51.6007,51.6007,51.7007,50.9007,274.666,0.00019,129879.0,8019548.0,1.1764544408214033,51.0007
HK.02588,中银航空租赁,2023-08-10 00:00:00,51.6007,51.8007,52.2007,51.0507,275.555,0.00041,281460.0,17423346.0,0.3875916411986576,51.6007
HK.02588,中银航空租赁,2023-08-11 00:00:00,51.3007,50.8507,52.3007,50.1007,271.333,0.00021,146360.0,8941806.0,-1.8339520508410034,51.8007
HK.02588,中银航空租赁,2023-08-14 00:00:00,50.7507,50.9507,51.1507,49.7007,271.777,0.00022,152800.0,9307440.0,0.1966541266885103,50.8507
HK.02588,中银航空租赁,2023-08-15 00:00:00,50.7507,51.8007,52.0007,50.6007,275.555,0.00033,230200.0,14221415.0,1.6682793366921387,50.9507
HK.02588,中银航空租赁,2023-08-16 00:00:00,51.8007,51.3007,51.8007,50.6007,273.333,0.00022,151426.0,9321692.0,-0.9652379214952693,51.8007
HK.02588,中银航空租赁,2023-08-17 00:00:00,50.9507,51.4007,51.8007,49.5007,273.777,0.00032,220100.0,13512395.0,0.1949291140276866,51.3007
HK.02588,中银航空租赁,2023-08-18 00:00:00,51.4007,49.0007,51.5007,48.0507,263.111,0.00054,373850.0,22271044.0,-4.669197112101584,51.4007
HK.02588,中银航空租赁,2023-08-21 00:00:00,48.4507,46.8507,48.5507,46.6007,253.555,0.00059,409858.0,23650046.0,-4.3876924207205175,49.0007
HK.02588,中银航空租赁,2023-08-22 00:00:00,46.8507,47.7507,48.1507,46.7007,257.555,0.00113,785874.0,45132958.0,1.9209958442456538,46.8507
HK.02588,中银航空租赁,2023-08-23 00:00:00,47.9007,47.8007,48.4507,47.2507,257.777,0.00021,146100.0,8487172.0,0.10471050686167356,47.7507
HK.02588,中银航空租赁,2023-08-24 00:00:00,48.7507,48.6007,49.1007,48.0007,261.333,0.0005,347360.0,20498067.0,1.6736156583481085,47.8007
HK.02588,中银航空租赁,2023-08-25 00:00:00,48.7507,48.1507,49.0007,48.1507,259.333,0.00013,90840.0,5332480.0,-0.9259125897363676,48.6007
HK.02588,中银航空租赁,2023-08-28 00:00:00,48.9507,47.8007,48.9507,47.7507,257.777,0.00031,217395.0,12644179.0,-0.7268845520418217,48.1507
HK.02588,中银航空租赁,2023-08-29 00:00:00,48.7007,48.9007,49.3007,47.8507,262.666,0.00059,407630.0,24001313.0,2.30122153022864,47.8007
HK.02588,中银航空租赁,2023-08-30 00:00:00,49.3007,48.4007,49.3007,48.0007,260.444,0.00017,119100.0,7013540.0,-1.0224802507939559,48.9007
HK.02588,中银航空租赁,2023-08-31 00:00:00,49.1007,48.6507,49.1007,47.7007,261.555,0.00069,477181.0,28016235.0,0.5165214552682089,48.4007
HK.02588,中银航空租赁,2023-09-04 00:00:00,48.8007,48.8007,49.0507,48.2507,262.222,0.00056,389116.0,22866014.0,0.3083203324926437,48.6507
HK.02588,中银航空租赁,2023-09-05 00:00:00,49.0507,48.6507,49.0507,48.4007,261.555,0.00018,123392.0,7271910.0,-0.30737264014655236,48.8007
HK.02588,中银航空租赁,2023-09-06 00:00:00,49.0007,48.7507,49.0007,48.0507,262.0,0.00022,152047.0,8942754.0,0.20554688832843399,48.6507
HK.02588,中银航空租赁,2023-09-07 00:00:00,49.0007,48.4507,49.0007,48.1007,260.666,0.00029,203464.0,11943046.0,-0.6153757792195892,48.7507
HK.02588,中银航空租赁,2023-09-11 00:00:00,48.5507,48.8007,48.9507,47.4507,262.222,0.00061,425355.0,24829647.0,0.7223837839288213,48.4507
HK.02588,中银航空租赁,2023-09-12 00:00:00,48.9507,47.9507,49.0007,47.8007,258.444,0.00034,234766.0,13770561.0,-1.7417782941638162,48.8007
HK.02588,中银航空租赁,2023-09-13 00:00:00,49.0007,48.4007,49.0007,48.2007,260.444,0.00013,90200.0,5293973.0,0.9384638806107166,47.9507
HK.02588,中银航空租赁,2023-09-14 00:00:00,48.3507,48.3007,48.7007,47.8007,260.0,0.00022,152400.0,8895205.0,-0.20660858210728653,48.4007
HK.02588,中银航空租赁,2023-09-15 00:00:00,48.7507,49.1007,49.5507,47.8007,263.555,0.00052,359103.0,21316183.0,1.6562906955799899,48.3007
HK.02588,中银航空租赁,2023-09-18 00:00:00,48.8007,47.3007,48.8007,47.1007,255.555,0.00026,183146.0,10583904.0,-3.665935516194278,49.1007
HK.02588,中银航空租赁,2023-09-19 00:00:00,48.0007,47.6507,48.2007,47.0507,257.111,7e-05,48200.0,2787540.0,0.739946766115515,47.3007
HK.02588,中银航空租赁,2023-09-20 00:00:00,47.6507,47.4007,47.7007,46.9007,256.0,0.00024,169123.0,9738225.0,-0.5246512643046167,47.6507
HK.02588,中银航空租赁,2023-09-21 00:00:00,47.4007,46.1507,47.4007,45.8507,250.444,0.00031,216458.0,12230407.0,-2.6370918572932465,47.4007
HK.02588,中银航空租赁,2023-09-22 00:00:00,45.2507,46.8007,47.0007,45.1007,253.333,0.00016,112501.0,6337521.0,1.40842934126676,46.1507
HK.02588,中银航空租赁,2023-09-25 00:00:00,49.6862,45.7362,49.6862,45.0862,244.666,0.00028,197162.0,10905524.0,-2.27453862869573,46.8007
HK.02588,中银航空租赁,2023-09-26 00:00:00,46.3362,44.8862,46.3362,44.7862,240.888,0.00026,178745.0,9737979.0,-1.8584840891897325,45.7362
HK.02588,中银航空租赁,2023-09-27 00:00:00,45.1862,45.0862,45.6862,44.8362,241.777,0.00016,114300.0,6236145.0,0.44557124461414804,44.8862
HK.02588,中银航空租赁,2023-09-28 00:00:00,44.6862,45.7362,46.8862,44.6862,244.666,0.0003,207000.0,11429578.0,1.441682820907503,45.0862
HK.02588,中银航空租赁,2023-09-29 00:00:00,45.3862,45.3362,45.8362,44.9362,242.888,0.00026,178400.0,9752885.0,-0.8745807478539945,45.7362
HK.02588,中银航空租赁,2023-10-03 00:00:00,48.1862,44.8362,48.1862,42.6862,240.666,0.00028,191700.0,10261807.0,-1.1028714360709544,45.3362
HK.02588,中银航空租赁,2023-10-04 00:00:00,44.0862,43.2862,45.2862,43.0362,233.777,0.00044,302050.0,15970945.0,-3.457028026460755,44.8362
HK.02588,中银航空租赁,2023-10-05 00:00:00,43.1862,42.8862,44.0862,42.8862,232.0,0.00027,187340.0,9818524.0,-0.9240820400035081,43.2862
HK.02588,中银航空租赁,2023-10-06 00:00:00,43.1362,44.3362,46.6862,43.0362,238.444,0.00022,153510.0,8275550.0,3.3810409875437686,42.8862
HK.02588,中银航空租赁,2023-10-09 00:00:00,44.6862,43.6862,44.6862,42.8362,235.555,0.00029,200505.0,10697052.0,-1.4660706149827876,44.3362
HK.02588,中银航空租赁,2023-10-10 00:00:00,43.2862,43.1362,44.7362,42.6862,233.111,0.00035,243400.0,12776621.0,-1.258978807953077,43.6862
HK.02588,中银航空租赁,2023-10-11 00:00:00,43.1362,43.5362,43.7862,42.7862,234.888,0.00089,619741.0,32681254.0,0.9272954038603275,43.1362
HK.02588,中银航空租赁,2023-10-12 00:00:00,44.5862,46.2362,47.5862,43.4362,246.888,0.00066,456860.0,25179160.0,6.201735567183162,43.5362
HK.02588,中银航空租赁,2023-10-13 00:00:00,45.9862,44.6362,45.9862,44.1862,239.777,0.00051,354240.0,19359656.0,-3.4604919954494413,46.2362
HK.02588,中银航空租赁,2023-10-16 00:00:00,43.7862,43.9362,45.2362,42.9362,236.666,0.00033,228605.0,12123456.0,-1.5682338550324686,44.6362
HK.02588,中银航空租赁,2023-10-17 00:00:00,43.4362,43.8862,44.2362,43.2362,236.444,0.00032,221028.0,11751423.0,-0.11380137563102218,43.9362
HK.02588,中银航空租赁,2023-10-18 00:00:00,43.6362,43.4362,44.0862,42.9862,234.444,0.00055,382720.0,20193931.0,-1.0253792764012442,43.8862
HK.02588,中银航空租赁,2023-10-19 00:00:00,43.2862,42.6362,43.5362,42.4862,230.888,0.00027,190369.0,9914856.0,-1.8417817396549356,43.4362
HK.02588,中银航空租赁,2023-10-20 00:00:00,42.6862,40.7862,42.6862,40.4862,222.666,0.00056,387562.0,19647211.0,-4.339035842781489,42.6362
HK.02588,中银航空租赁,2023-10-24 00:00:00,40.6862,40.6362,41.0862,39.2362,222.0,0.00068,473519.0,23652864.0,-0.36777145210879797,40.7862
HK.02588,中银航空租赁,2023-10-25 00:00:00,40.7862,41.3362,41.8862,40.7862,225.111,0.00046,321790.0,16357896.0,1.7226020149521748,40.6362
HK.02588,中银航空租赁,2023-10-26 00:00:00,40.6862,40.6362,41.3862,40.3362,222.0,0.00044,302700.0,15150622.0,-1.6934309394670912,41.3362
HK.02588,中银航空租赁,2023-10-27 00:00:00,41.5362,41.2862,41.6862,40.8362,224.888,0.00025,172825.0,8763864.0,1.5995590138841684,40.6362
HK.02588,中银航空租赁,2023-10-30 00:00:00,41.1862,40.3862,41.1862,39.8862,220.888,0.00029,198830.0,9840978.0,-2.1799051499048074,41.2862
HK.02588,中银航空租赁,2023-10-31 00:00:00,40.0862,38.7862,40.2862,38.4862,213.777,0.00039,270465.0,13070474.0,-3.9617493104080137,40.3862
HK.02588,中银航空租赁,2023-11-01 00:00:00,38.6862,39.0362,39.3362,37.8362,214.888,0.00043,295465.0,14234124.0,0.6445591473255952,38.7862
HK.02588,中银航空租赁,2023-11-02 00:00:00,39.4862,39.9362,40.1862,39.2362,218.888,0.00019,135200.0,6633626.0,2.3055522822405834,39.0362
HK.02588,中银航空租赁,2023-11-03 00:00:00,40.1362,43.1362,43.6362,40.1362,233.111,0.00046,319972.0,16602590.0,8.012780384713626,39.9362
HK.02588,中银航空租赁,2023-11-06 00:00:00,42.6862,45.3362,45.8862,41.2362,242.888,0.00064,440983.0,24081129.0,5.1001247212318095,43.1362
HK.02588,中银航空租赁,2023-11-07 00:00:00,43.0862,44.2862,44.7862,42.9362,238.222,0.00041,283937.0,15210178.0,-2.3160300157489977,45.3362
HK.02588,中银航空租赁,2023-11-08 00:00:00,44.2862,44.4862,44.9362,43.9362,239.111,0.00123,850284.0,45682828.0,0.451607950106344,44.2862
HK.02588,中银航空租赁,2023-11-09 00:00:00,44.4862,44.6362,45.4862,43.0862,239.777,0.00048,331580.0,17838794.0,0.33718321636823484,44.4862
HK.02588,中银航空租赁,2023-11-10 00:00:00,44.0862,42.7862,44.0862,42.6362,231.555,0.00051,350923.0,18398168.0,-4.1446180454429395,44.6362
HK.02588,中银航空租赁,2023-11-13 00:00:00,44.0362,43.2862,44.0362,42.7862,233.777,0.00039,267870.0,14051615.0,1.1686010910059785,42.7862
HK.02588,中银航空租赁,2023-11-14 00:00:00,44.0362,43.0362,44.0362,42.4862,232.666,0.00037,258056.0,13515854.0,-0.5775512750021946,43.2862
HK.02588,中银航空租赁,2023-11-15 00:00:00,43.8362,43.9862,44.2362,43.6362,236.888,0.00063,440344.0,23347564.0,2.2074439657776375,43.0362
HK.02588,中银航空租赁,2023-11-16 00:00:00,43.4862,43.7862,44.3862,43.0862,236.0,0.00042,288102.0,15272600.0,-0.45468806125556593,43.9862
HK.02588,中银航空租赁,2023-11-17 00:00:00,43.7362,43.3862,44.1362,43.2362,234.222,0.00016,112000.0,5923870.0,-0.9135298336005374,43.7862
HK.02588,中银航空租赁,2023-11-20 00:00:00,43.4362,44.6862,45.0862,43.4362,240.0,0.0006,413340.0,22276751.0,2.9963444597590874,43.3862
HK.02588,中银航空租赁,2023-11-21 00:00:00,44.1362,47.6862,48.4862,44.0862,253.333,0.00121,840039.0,47287823.0,6.7134820145816825,44.6862
HK.02588,中银航空租赁,2023-11-22 00:00:00,47.9362,47.6362,48.6362,46.5862,253.111,0.00072,499280.0,28468658.0,-0.10485213751566944,47.6862
HK.02588,中银航空租赁,2023-11-23 00:00:00,45.6862,48.0862,48.8862,45.6862,255.111,0.00039,268100.0,15389237.0,0.9446597335639613,47.6362
HK.02588,中银航空租赁,2023-11-24 00:00:00,47.3862,47.6862,48.1862,47.1362,253.333,0.00035,245265.0,13989138.0,-0.831839488252344,48.0862
HK.02588,中银航空租赁,2023-11-27 00:00:00,47.4862,47.1862,48.6862,46.8862,251.111,0.00131,907300.0,51581872.0,-1.048521375156754,47.6862
HK.02588,中银航空租赁,2023-11-28 00:00:00,48.0862,47.6862,48.4362,46.7862,253.333,0.00092,635533.0,36324686.0,1.0596318415129848,47.1862
HK.02588,中银航空租赁,2023-11-29 00:00:00,48.4362,46.4362,48.6862,45.8862,247.777,0.00098,677236.0,38233510.0,-2.6213034378918847,47.6862
HK.02588,中银航空租赁,2023-11-30 00:00:00,45.6862,46.8862,47.5862,45.6862,249.777,0.0053,3681364.0,206769572.0,0.9690715433218111,46.4362
HK.02588,中银航空租赁,2023-12-01 00:00:00,46.0362,45.4862,48.3862,44.4362,243.555,0.00129,892655.0,49671661.0,-2.9859532229099517,46.8862
HK.02588,中银航空租赁,2023-12-04 00:00:00,45.2862,46.0862,46.6362,44.9862,246.222,0.00045,314419.0,17317723.0,1.3190813917188102,45.4862
HK.02588,中银航空租赁,2023-12-05 00:00:00,47.4862,45.5862,47.4862,45.0362,244.0,0.00045,312447.0,17182889.0,-1.0849234694984615,46.0862
HK.02588,中银航空租赁,2023-12-06 00:00:00,44.2862,46.1362,47.6362,44.2862,246.444,0.00027,185922.0,10287495.0,1.2065054775348774,45.5862
HK.02588,中银航空租赁,2023-12-07 00:00:00,46.6862,45.9362,46.6862,45.1862,245.555,0.00019,133678.0,7364375.0,-0.43349907447948216,46.1362
HK.02588,中银航空租赁,2023-12-08 00:00:00,45.1862,46.1862,46.7862,45.1862,246.666,0.00033,232308.0,12878249.0,0.5442330885010079,45.9362
HK.02588,中银航空租赁,2023-12-11 00:00:00,44.5362,46.4362,46.9362,44.3862,247.777,0.00041,286311.0,15804540.0,0.5412872243224166,46.1862
HK.02588,中银航空租赁,2023-12-12 00:00:00,46.4362,45.9362,46.6362,45.4862,245.555,0.00045,313531.0,17309080.0,-1.07674615924645,46.4362
HK.02588,中银航空租赁,2023-12-13 00:00:00,47.6362,46.1862,47.6362,45.6362,246.666,0.00025,174805.0,9657803.0,0.5442330885010079,45.9362
HK.02588,中银航空租赁,2023-12-14 00:00:00,46.1862,48.0862,48.1862,46.1862,255.111,0.00065,454000.0,25828198.0,4.113782904850363,46.1862
HK.02588,中银航空租赁,2023-12-15 00:00:00,48.6862,50.4362,51.4362,48.3862,265.555,0.00172,1190658.0,71241567.0,4.887056993482541,48.0862
HK.02588,中银航空租赁,2023-12-18 00:00:00,50.4362,48.5362,50.4362,47.9862,257.111,0.00039,273995.0,15900093.0,-3.7671355098123938,50.4362
HK.02588,中银航空租赁,2023-12-19 00:00:00,45.1862,49.5362,50.1362,45.1862,261.555,0.00043,296700.0,17367745.0,2.060317865840342,48.5362
HK.02588,中银航空租赁,2023-12-20 00:00:00,49.4862,49.6862,50.4862,49.3862,262.222,0.00045,314000.0,18563876.0,0.3028088549384058,49.5362
HK.02588,中银航空租赁,2023-12-21 00:00:00,49.6862,49.6862,50.1862,49.2862,262.222,0.00043,301849.0,17819740.0,0.0,49.6862
HK.02588,中银航空租赁,2023-12-22 00:00:00,50.7862,48.3862,50.7862,48.0362,256.444,0.00041,283700.0,16417880.0,-2.6164206560372842,49.6862
HK.02588,中银航空租赁,2023-12-27 00:00:00,48.4362,48.8362,49.2862,48.0862,258.444,0.00024,169709.0,9827562.0,0.9300172363194377,48.3862
HK.02588,中银航空租赁,2023-12-28 00:00:00,47.6862,49.1862,49.9862,47.6862,260.0,0.0004,278100.0,16293410.0,0.7166814780838834,48.8362
HK.02588,中银航空租赁,2023-12-29 00:00:00,49.6862,50.3862,51.0862,48.9862,265.333,0.00054,376960.0,22464689.0,2.4397086987813714,49.1862
HK.02588,中银航空租赁,2024-01-02 00:00:00,51.1862,49.7862,51.1862,49.0862,262.666,0.00037,256748.0,15225057.0,-1.1908022434714294,50.3862
HK.02588,中银航空租赁,2024-01-03 00:00:00,51.1862,48.7362,51.1862,47.1362,258.0,0.00024,164177.0,9445553.0,-2.1090181616592636,49.7862
HK.02588,中银航空租赁,2024-01-04 00:00:00,48.7362,48.4862,48.7862,47.6862,256.888,0.00044,303557.0,17499983.0,-0.5129657215786213,48.7362
HK.02588,中银航空租赁,2024-01-05 00:00:00,48.6362,48.3362,48.6862,47.5862,256.222,0.00066,459845.0,26459055.0,-0.3093663764122546,48.4862
HK.02588,中银航空租赁,2024-01-08 00:00:00,47.6862,47.7362,48.9362,47.1862,253.555,0.00079,545345.0,31142525.0,-1.2413056880764344,48.3362
HK.02588,中银航空租赁,2024-01-09 00:00:00,48.0362,48.1362,48.7362,47.1862,255.333,0.00042,291675.0,16761280.0,0.8379385036932259,47.7362
HK.02588,中银航空租赁,2024-01-10 00:00:00,48.6362,48.1362,49.0862,47.7362,255.333,0.00015,101000.0,5800879.0,0.0,48.1362
HK.02588,中银航空租赁,2024-01-11 00:00:00,48.1362,48.3862,49.4862,48.1362,256.444,0.00017,115177.0,6676136.0,0.5193596503255347,48.1362
HK.02588,中银航空租赁,2024-01-12 00:00:00,48.8362,49.2862,49.8862,48.8362,260.444,0.00015,101859.0,5961379.0,1.8600344726388898,48.3862
HK.02588,中银航空租赁,2024-01-15 00:00:00,49.5862,51.3862,51.4862,49.3362,269.777,0.00076,529073.0,31809808.0,4.260827574452892,49.2862
HK.02588,中银航空租赁,2024-01-16 00:00:00,51.6862,50.6862,53.1862,50.3862,266.666,0.00104,719387.0,43598058.0,-1.3622334401064933,51.3862
HK.02588,中银航空租赁,2024-01-17 00:00:00,52.4862,48.0362,52.4862,47.6862,254.888,0.00066,455160.0,26451100.0,-5.228247530886116,50.6862
HK.02588,中银航空租赁,2024-01-18 00:00:00,49.5862,48.2362,49.6362,46.1862,255.777,0.00073,503158.0,28573199.0,0.4163526673633545,48.0362
HK.02588,中银航空租赁,2024-01-19 00:00:00,49.7862,46.8862,49.7862,46.3362,249.777,0.00054,374672.0,21203621.0,-2.798727926329177,48.2362
HK.02588,中银航空租赁,2024-01-22 00:00:00,46.8862,44.6362,47.3862,43.8862,239.777,0.00107,742488.0,40167831.0,-4.7988533939624025,46.8862
HK.02588,中银航空租赁,2024-01-23 00:00:00,44.9362,47.6362,48.0862,44.1862,253.111,0.00094,650223.0,36349786.0,6.72100223585341,44.6362
HK.02588,中银航空租赁,2024-01-24 00:00:00,48.6362,49.7862,50.6862,48.5862,262.666,0.00056,387388.0,22791178.0,4.51337428258341,47.6362
HK.02588,中银航空租赁,2024-01-25 00:00:00,50.0862,50.0862,50.8362,49.6862,264.0,0.0004,274606.0,16332273.0,0.6025766176169243,49.7862
HK.02588,中银航空租赁,2024-01-26 00:00:00,48.7862,48.2862,49.0862,47.4862,256.0,0.00054,376579.0,21685595.0,-3.5938042814188282,50.0862
HK.02588,中银航空租赁,2024-01-29 00:00:00,48.0362,49.6862,49.8862,48.0362,262.222,0.00024,165314.0,9705731.0,2.8993791186715843,48.2862
HK.02588,中银航空租赁,2024-01-30 00:00:00,50.1862,48.9862,50.5862,48.2862,259.111,0.00051,354227.0,20646917.0,-1.4088418917123928,49.6862
HK.02588,中银航空租赁,2024-01-31 00:00:00,49.2362,49.2362,50.6862,49.1362,260.222,0.00051,355907.0,20944944.0,0.5103478122409986,48.9862
HK.02588,中银航空租赁,2024-02-01 00:00:00,49.2362,50.2862,50.5862,48.6862,264.888,0.00049,338000.0,20070060.0,2.1325772500721105,49.2362
HK.02588,中银航空租赁,2024-02-02 00:00:00,50.7362,49.7862,51.1862,48.8362,262.666,0.00037,254976.0,15218025.0,-0.994308577701238,50.2862
HK.02588,中银航空租赁,2024-02-05 00:00:00,48.9862,49.8862,50.1362,48.4362,263.111,0.00032,223001.0,13136431.0,0.2008588725389795,49.7862
HK.02588,中银航空租赁,2024-02-06 00:00:00,50.4862,50.1862,50.5862,49.2862,264.444,0.00032,220956.0,13119678.0,0.60136871519578,49.8862
HK.02588,中银航空租赁,2024-02-07 00:00:00,50.1862,50.4862,51.2862,50.1362,265.777,0.00016,110486.0,6633176.0,0.5977738900335096,50.1862
HK.02588,中银航空租赁,2024-02-08 00:00:00,50.0362,50.4862,51.4362,49.5862,265.777,0.00051,355446.0,21342025.0,0.0,50.4862
HK.02588,中银航空租赁,2024-02-09 00:00:00,49.4862,49.6862,49.8362,49.0862,262.222,0.0001,71207.0,4176755.0,-1.5845914329064126,50.4862
HK.02588,中银航空租赁,2024-02-14 00:00:00,48.6862,49.5862,51.6862,48.4362,261.777,0.00687,4767500.0,276666870.0,-0.20126312738748672,49.6862
HK.02588,中银航空租赁,2024-02-15 00:00:00,49.2362,48.5362,49.7862,48.5362,257.111,0.00016,113589.0,6596204.0,-2.117524633869902,49.5862
HK.02588,中银航空租赁,2024-02-16 00:00:00,48.5362,48.7862,49.0362,47.7362,258.222,0.0003,209363.0,12105234.0,0.5150794664600855,48.5362
HK.02588,中银航空租赁,2024-02-19 00:00:00,48.4862,48.7362,49.0362,48.4362,258.0,0.00051,351751.0,20391064.0,-0.10248799865536619,48.7862
HK.02588,中银航空租赁,2024-02-20 00:00:00,49.1362,48.8362,49.1362,47.6862,258.444,0.00042,290100.0,16795990.0,0.2051862886314514,48.7362
HK.02588,中银航空租赁,2024-02-21 00:00:00,49.0362,48.6862,50.2362,48.3862,257.777,0.00043,295160.0,17259919.0,-0.3071492048930887,48.8362
HK.02588,中银航空租赁,2024-02-22 00:00:00,48.8362,48.2862,49.2362,47.8862,256.0,0.00056,391800.0,22627567.0,-0.8215880475370816,48.6862
HK.02588,中银航空租赁,2024-02-23 00:00:00,48.6862,48.3862,49.0862,46.9862,256.444,0.00068,468542.0,26980161.0,0.2070985084765449,48.2862
HK.02588,中银航空租赁,2024-02-26 00:00:00,48.4362,48.6862,48.9362,47.9862,257.777,0.00043,299975.0,17369400.0,0.620011490879625,48.3862
HK.02588,中银航空租赁,2024-02-27 00:00:00,47.8362,48.1862,48.6362,45.5362,255.555,0.00049,341519.0,19479846.0,-1.0269850594213557,48.6862
HK.02588,中银航空租赁,2024-02-28 00:00:00,48.1862,47.6362,48.3862,46.3862,253.111,0.00036,250600.0,14278229.0,-1.1414056306577343,48.1862
HK.02588,中银航空租赁,2024-02-29 00:00:00,47.6362,48.3862,49.1862,47.5362,256.444,0.00144,997300.0,57686307.0,1.5744328892732837,47.6362
HK.02588,中银航空租赁,2024-03-01 00:00:00,49.1362,47.3862,49.1862,46.9362,252.0,0.00061,424105.0,24123762.0,-2.06670496959877,48.3862
HK.02588,中银航空租赁,2024-03-04 00:00:00,47.3862,47.5862,47.8362,46.5862,252.888,0.00037,259821.0,14767456.0,0.4220638076064249,47.3862
HK.02588,中银航空租赁,2024-03-05 00:00:00,48.1862,46.1862,48.5862,45.8362,246.666,0.00039,272574.0,15192659.0,-2.942029411888318,47.5862
HK.02588,中银航空租赁,2024-03-06 00:00:00,46.0362,45.3862,46.4362,45.1362,243.111,0.0006,413900.0,22695286.0,-1.732119117831727,46.1862
HK.02588,中银航空租赁,2024-03-07 00:00:00,46.0362,46.6362,47.1862,45.6362,248.666,0.00066,456300.0,25503992.0,2.7541411265979523,45.3862
HK.02588,中银航空租赁,2024-03-08 00:00:00,46.5362,45.4862,47.4862,45.3862,243.555,0.00077,536545.0,29699447.0,-2.465895591836397,46.6362
HK.02588,中银航空租赁,2024-03-11 00:00:00,46.3362,47.4362,47.4362,46.1362,252.222,0.00051,355602.0,19983409.0,4.287014523086129,45.4862
HK.02588,中银航空租赁,2024-03-12 00:00:00,47.4362,48.5862,48.6862,47.2362,257.333,0.00043,301022.0,17281734.0,2.4243088611650987,47.4362
HK.02588,中银航空租赁,2024-03-13 00:00:00,47.4862,47.7362,48.2362,47.1362,253.555,0.00057,393318.0,22436236.0,-1.7494679559216433,48.5862
HK.02588,中银航空租赁,2024-03-14 00:00:00,47.0862,47.8362,48.4362,46.3862,254.0,0.0008,555900.0,31689768.0,0.20948462592330647,47.7362
HK.02588,中银航空租赁,2024-03-15 00:00:00,48.2362,49.6862,50.6362,48.2362,6.858,0.0059,4096954.0,241494176.0,3.867364046475267,47.8362
HK.02588,中银航空租赁,2024-03-18 00:00:00,49.3862,47.6362,49.4862,47.1862,6.619,0.00121,842642.0,48167283.0,-4.125894111443413,49.6862
HK.02588,中银航空租赁,2024-03-19 00:00:00,47.6862,47.0862,47.6862,46.1862,6.555,0.00108,750097.0,42085438.0,-1.1545841188004171,47.6362
HK.02588,中银航空租赁,2024-03-20 00:00:00,47.5862,47.2862,47.8862,46.5362,6.579,0.00065,453438.0,25678610.0,0.4247529000004308,47.0862
HK.02588,中银航空租赁,2024-03-21 00:00:00,47.5862,48.9862,50.0862,47.5862,6.776,0.0017,1182622.0,69261719.0,3.595129234322055,47.2862
HK.02588,中银航空租赁,2024-03-22 00:00:00,49.0862,51.6862,51.7862,48.3862,7.09,0.01518,10535785.0,615143711.0,5.51175637220279,48.9862
HK.02588,中银航空租赁,2024-03-25 00:00:00,51.1862,50.8362,52.3862,50.6862,6.991,0.00074,513371.0,31139850.0,-1.6445395482740104,51.6862
HK.02588,中银航空租赁,2024-03-26 00:00:00,50.8362,50.8362,51.1862,49.7862,6.991,0.00076,528500.0,31800885.0,0.0,50.8362
HK.02588,中银航空租赁,2024-03-27 00:00:00,50.8362,50.6862,51.0362,48.6862,6.974,0.0013,902754.0,54135047.0,-0.2950653274634976,50.8362
HK.02588,中银航空租赁,2024-03-28 00:00:00,49.7862,50.9862,51.5362,49.6862,7.009,0.00064,442156.0,26629730.0,0.5918770789682343,50.6862
HK.02588,中银航空租赁,2024-04-02 00:00:00,50.9862,53.1862,54.9362,50.6862,7.264,0.00156,1080490.0,67413679.0,4.314893049491829,50.9862
HK.02588,中银航空租赁,2024-04-03 00:00:00,53.1862,55.0862,55.4362,52.1362,7.485,0.0008,556273.0,35640039.0,3.5723552350045664,53.1862
HK.02588,中银航空租赁,2024-04-05 00:00:00,55.1362,54.3362,55.1362,53.6862,7.398,0.00077,534324.0,33927995.0,-1.3615025178719897,55.0862
HK.02588,中银航空租赁,2024-04-08 00:00:00,54.9362,55.0862,55.8362,53.8862,7.485,0.00091,634982.0,41013511.0,1.3802952727647497,54.3362
HK.02588,中银航空租赁,2024-04-09 00:00:00,55.3362,55.8862,56.1862,54.4362,7.578,0.00033,225966.0,14684427.0,1.4522693523967967,55.0862
HK.02588,中银航空租赁,2024-04-10 00:00:00,56.1862,55.9362,57.286199999,55.4862,7.584,0.00312,2168471.0,141448649.0,0.0894675250777422,55.8862
HK.02588,中银航空租赁,2024-04-11 00:00:00,54.9362,55.3862,55.6862,54.1362,7.52,0.00095,658933.0,42496750.0,-0.983263074717262,55.9362
HK.02588,中银航空租赁,2024-04-12 00:00:00,54.6862,54.2362,56.536199999,53.7362,7.386,0.00084,584816.0,37214649.0,-2.0763294827953636,55.3862
HK.02588,中银航空租赁,2024-04-15 00:00:00,53.8362,54.4862,55.5862,52.8862,7.416,0.00055,380475.0,24268768.0,0.4609467477441266,54.2362
HK.02588,中银航空租赁,2024-04-16 00:00:00,53.4862,53.1362,54.0362,52.9862,7.259,0.0005,349523.0,21973732.0,-2.4776915989736747,54.4862
HK.02588,中银航空租赁,2024-04-17 00:00:00,52.6862,53.1862,53.8862,52.6862,7.264,0.00032,223700.0,13986657.0,0.09409780902660927,53.1362
HK.02588,中银航空租赁,2024-04-18 00:00:00,52.8862,53.3862,55.3862,52.8862,7.288,0.00122,846900.0,53410491.0,0.37603739315838103,53.1862
HK.02588,中银航空租赁,2024-04-19 00:00:00,52.8862,52.5862,53.7362,51.8862,7.195,0.00076,526327.0,32605210.0,-1.4985145974053298,53.3862
HK.02588,中银航空租赁,2024-04-22 00:00:00,52.4862,53.1862,53.7862,52.4862,7.264,0.00025,175686.0,11005150.0,1.1409837561945937,52.5862
HK.02588,中银航空租赁,2024-04-23 00:00:00,53.1862,52.8862,53.6862,52.2862,7.23,0.00077,532572.0,33196501.0,-0.5640560897375582,53.1862
HK.02588,中银航空租赁,2024-04-24 00:00:00,52.8862,54.3862,54.5862,52.6862,7.404,0.00062,431871.0,27193989.0,2.8362786511415075,52.8862
HK.02588,中银航空租赁,2024-04-25 00:00:00,54.9362,54.7362,55.286199999,54.4362,7.445,0.00038,265500.0,16969949.0,0.6435456053189859,54.3862
HK.02588,中银航空租赁,2024-04-26 00:00:00,54.6862,53.5862,55.8862,53.3362,7.311,0.00039,273524.0,17371146.0,-2.100986184645625,54.7362
HK.02588,中银航空租赁,2024-04-29 00:00:00,52.7862,52.6862,53.6862,51.6862,7.206,0.00152,1053167.0,65268250.0,-1.6795368956932917,53.5862
HK.02588,中银航空租赁,2024-04-30 00:00:00,52.9862,53.1862,53.6862,52.3362,7.264,0.00083,579396.0,36143721.0,0.9490151121166455,52.6862
HK.02588,中银航空租赁,2024-05-02 00:00:00,53.3362,53.0862,53.6862,51.9362,7.253,0.00034,237436.0,14831164.0,-0.18801869657919051,53.1862
HK.02588,中银航空租赁,2024-05-03 00:00:00,53.4862,53.1862,53.4862,52.2362,7.264,0.00047,323696.0,20132295.0,0.1883728727993366,53.0862
HK.02588,中银航空租赁,2024-05-06 00:00:00,53.1862,53.2862,53.5862,52.6862,7.276,0.00035,246165.0,15372276.0,0.18801869657919051,53.1862
HK.02588,中银航空租赁,2024-05-07 00:00:00,53.2862,52.6862,53.2862,52.6862,7.206,0.0006,415350.0,25816600.0,-1.1259950981680085,53.2862
HK.02588,中银航空租赁,2024-05-08 00:00:00,52.8862,52.1862,53.4862,52.1362,7.148,0.0004,276630.0,17112892.0,-0.9490151121166455,52.6862
HK.02588,中银航空租赁,2024-05-09 00:00:00,52.4362,52.0862,52.8362,51.4362,7.137,0.00173,1198518.0,73984225.0,-0.1916215397940479,52.1862
HK.02588,中银航空租赁,2024-05-10 00:00:00,52.3862,54.2862,54.786199999,52.1862,7.392,0.00068,471701.0,29767445.0,4.223767523835494,52.0862
HK.02588,中银航空租赁,2024-05-13 00:00:00,54.2862,54.6862,55.036199999,53.9362,7.439,0.00119,822981.0,52464291.0,0.736835512524359,54.2862
HK.02588,中银航空租赁,2024-05-14 00:00:00,54.6862,52.7862,55.7362,52.5362,7.218,0.00036,248297.0,15553282.0,-3.474368304983704,54.6862
HK.02588,中银航空租赁,2024-05-16 00:00:00,52.8862,51.8862,53.1362,50.8862,7.113,0.00211,1462836.0,89475995.0,-1.7049910772133599,52.7862
HK.02588,中银航空租赁,2024-05-17 00:00:00,51.9862,51.6862,52.1362,51.3362,7.09,0.0006,414781.0,25299125.0,-0.3854589466948877,51.8862
HK.02588,中银航空租赁,2024-05-20 00:00:00,51.4862,51.4862,52.9362,51.3362,7.067,0.00053,368662.0,22442181.0,-0.38695048194683074,51.6862
HK.02588,中银航空租赁,2024-05-21 00:00:00,52.0362,50.0362,52.0362,49.9362,6.898,0.00077,537741.0,32160109.0,-2.8162886365666835,51.4862
HK.02588,中银航空租赁,2024-05-22 00:00:00,50.6362,49.6862,50.7862,49.1862,6.858,0.00091,634900.0,37497977.0,-0.6994935666577426,50.0362
HK.02588,中银航空租赁,2024-05-23 00:00:00,49.1862,48.7362,49.2862,48.3362,6.747,0.00059,411038.0,23871315.0,-1.9119997101811024,49.6862
HK.02588,中银航空租赁,2024-05-24 00:00:00,48.2362,48.2362,48.4362,47.4362,6.689,0.00114,790881.0,45495411.0,-1.0259314431572426,48.7362
HK.02588,中银航空租赁,2024-05-27 00:00:00,47.6862,48.3862,49.1362,47.3362,6.706,0.00156,1081147.0,62080975.0,0.3109697695921439,48.2362
HK.02588,中银航空租赁,2024-05-28 00:00:00,48.5362,49.8862,50.6862,48.5362,6.881,0.00104,723600.0,42982630.0,3.1000574543981547,48.3862
HK.02588,中银航空租赁,2024-05-29 00:00:00,50.6362,49.3862,50.9362,49.0862,6.823,0.00087,604660.0,35651534.0,-1.002281191992976,49.8862
HK.02588,中银航空租赁,2024-05-30 00:00:00,49.4362,49.0362,50.4862,48.9362,6.782,0.00177,1231407.0,72459872.0,-0.708700001214917,49.3862
HK.02588,中银航空租赁,2024-05-31 00:00:00,49.0362,48.6862,49.8862,48.2862,6.741,0.00172,1194412.0,69475187.0,-0.7137584070543831,49.0362
HK.02588,中银航空租赁,2024-06-03 00:00:00,48.7116,49.9616,51.1116,47.9616,6.643,0.00041,284767.0,16358509.0,2.619633489571989,48.6862
HK.02588,中银航空租赁,2024-06-04 00:00:00,50.0616,50.2116,50.6116,49.8616,6.672,0.00046,317649.0,18257599.0,0.5003842951386666,49.9616
HK.02588,中银航空租赁,2024-06-05 00:00:00,50.2616,49.7616,50.9616,49.0116,6.619,0.00056,387311.0,22081020.0,-0.8962072509141229,50.2116
HK.02588,中银航空租赁,2024-06-06 00:00:00,49.7616,50.5116,50.8616,49.7616,6.706,0.00065,450890.0,26015065.0,1.5071862641072635,49.7616
HK.02588,中银航空租赁,2024-06-07 00:00:00,50.8616,50.6616,51.0616,50.3116,6.724,0.00055,384222.0,22216572.0,0.2969614900339696,50.5116
HK.02588,中银航空租赁,2024-06-11 00:00:00,50.6616,49.8116,50.8116,48.9616,6.625,0.0014,973906.0,55441197.0,-1.6777993588832596,50.6616
HK.02588,中银航空租赁,2024-06-12 00:00:00,49.7616,49.6616,49.9116,48.9616,6.608,0.0006,414996.0,23596144.0,-0.30113467545711964,49.8116
HK.02588,中银航空租赁,2024-06-13 00:00:00,50.1616,49.9616,50.1616,49.3616,6.643,0.00099,688540.0,39207164.0,0.6040884707701668,49.6616
HK.02588,中银航空租赁,2024-06-14 00:00:00,50.0116,48.9116,50.0616,48.8116,6.52,0.00054,375823.0,21233523.0,-2.101614039582394,49.9616
HK.02588,中银航空租赁,2024-06-17 00:00:00,48.3616,47.8116,49.5116,47.4116,6.393,0.00075,518416.0,28649663.0,-2.2489552580573964,48.9116
HK.02588,中银航空租赁,2024-06-18 00:00:00,48.6616,47.7616,48.6616,47.1616,6.387,0.00047,328284.0,18009145.0,-0.10457713190940515,47.8116
HK.02588,中银航空租赁,2024-06-19 00:00:00,47.7616,48.7116,49.1116,47.7116,6.497,0.00085,587277.0,32844632.0,1.9890455931124496,47.7616
HK.02588,中银航空租赁,2024-06-20 00:00:00,48.7116,48.3616,48.9616,47.9116,6.457,0.00066,459700.0,25556805.0,-0.7185146864401792,48.7116
HK.02588,中银航空租赁,2024-06-21 00:00:00,48.3616,46.8616,48.3616,46.8616,6.282,0.00098,679941.0,37049242.0,-3.101634354529213,48.3616
HK.02588,中银航空租赁,2024-06-24 00:00:00,47.7616,47.0116,47.7616,46.4116,6.3,0.00065,448141.0,24260956.0,0.3200915034911283,46.8616
HK.02588,中银航空租赁,2024-06-25 00:00:00,47.0116,47.3116,48.2616,46.8116,6.334,0.0012,836249.0,45568988.0,0.6381403738651676,47.0116
HK.02588,中银航空租赁,2024-06-26 00:00:00,46.8116,48.4616,48.8616,46.8116,6.468,0.00068,474755.0,26426491.0,2.4306935297051857,47.3116
HK.02588,中银航空租赁,2024-06-27 00:00:00,48.8616,48.4616,48.8616,47.8116,6.468,0.00082,570510.0,31763102.0,0.0,48.4616
HK.02588,中银航空租赁,2024-06-28 00:00:00,50.2116,48.8116,50.2116,47.9616,6.509,0.00062,432900.0,24268957.0,0.7222213051158061,48.4616
HK.02588,中银航空租赁,2024-07-02 00:00:00,48.8116,47.1116,48.8116,47.1116,6.311,0.00176,1222840.0,67069867.0,-3.482778683755492,48.8116
HK.02588,中银航空租赁,2024-07-03 00:00:00,47.1616,47.9116,48.3616,47.1616,6.404,0.00053,369583.0,20364616.0,1.6980955858005187,47.1116
HK.02588,中银航空租赁,2024-07-04 00:00:00,47.3616,49.3616,49.7616,47.3616,6.573,0.00062,432920.0,24489801.0,3.026406966162689,47.9116
HK.02588,中银航空租赁,2024-07-05 00:00:00,49.1116,49.2616,50.1616,48.9116,6.561,0.00084,585181.0,33248160.0,-0.20258662604129815,49.3616
HK.02588,中银航空租赁,2024-07-08 00:00:00,50.0116,49.3616,50.0116,48.4116,6.573,0.0005,348130.0,19657186.0,0.2029978725822982,49.2616
HK.02588,中银航空租赁,2024-07-09 00:00:00,50.1616,49.3116,50.3116,48.5616,6.567,0.00044,308096.0,17410638.0,-0.10129331302065626,49.3616
HK.02588,中银航空租赁,2024-07-10 00:00:00,49.0116,49.5616,50.4116,49.0116,6.596,0.00076,526957.0,30075112.0,0.5069801020449549,49.3116
HK.02588,中银航空租赁,2024-07-11 00:00:00,49.9116,51.7616,52.4116,49.9116,6.852,0.00112,776934.0,45645279.0,4.43892045454546,49.5616
HK.02588,中银航空租赁,2024-07-12 00:00:00,52.2116,56.1616,56.5116,52.2116,7.363,0.00177,1228048.0,76354791.0,8.500510030601834,51.7616
HK.02588,中银航空租赁,2024-07-15 00:00:00,56.3116,55.9616,56.3116,54.6116,7.34,0.00093,642400.0,40394787.0,-0.35611521039287136,56.1616
HK.02588,中银航空租赁,2024-07-16 00:00:00,55.6116,55.5116,55.7616,54.3116,7.288,0.00144,998706.0,62180335.0,-0.8041228270814197,55.9616
HK.02588,中银航空租赁,2024-07-17 00:00:00,53.8616,56.6616,57.8116,53.8616,7.421,0.00178,1235189.0,79136053.0,2.0716390808407583,55.5116
HK.02588,中银航空租赁,2024-07-18 00:00:00,57.3116,57.8616,58.8116,56.2116,7.561,0.00162,1123283.0,73379236.0,2.1178364183150546,56.6616
HK.02588,中银航空租赁,2024-07-19 00:00:00,58.4616,56.7616,58.4616,56.1616,7.433,0.00103,714971.0,46101922.0,-1.9010881137058109,57.8616
HK.02588,中银航空租赁,2024-07-22 00:00:00,57.2116,57.8116,58.0616,55.9616,7.555,0.00046,320645.0,20749032.0,1.8498421468034678,56.7616
HK.02588,中银航空租赁,2024-07-23 00:00:00,54.5616,57.3116,58.661599999,54.5616,7.497,0.00079,546676.0,35468596.0,-0.864878328916688,57.8116
HK.02588,中银航空租赁,2024-07-24 00:00:00,57.0116,58.0616,59.8616,57.0116,7.584,0.00116,805239.0,53120058.0,1.3086355990759289,57.3116
HK.02588,中银航空租赁,2024-07-25 00:00:00,56.5116,58.5116,59.5116,56.5116,7.636,0.00097,672808.0,44386420.0,0.7750389241770859,58.0616
HK.02588,中银航空租赁,2024-07-26 00:00:00,58.8116,59.2616,59.661599999,58.0616,7.724,0.00172,1190647.0,78373761.0,1.2817971137347124,58.5116
HK.02588,中银航空租赁,2024-07-29 00:00:00,58.3616,60.2116,61.9616,58.3616,7.834,0.0015,1041027.0,70628523.0,1.6030616790636696,59.2616
HK.02588,中银航空租赁,2024-07-30 00:00:00,61.411599999,60.4616,61.6116,58.8616,7.863,0.00179,1239261.0,83569646.0,0.41520238625115424,60.2116
HK.02588,中银航空租赁,2024-07-31 00:00:00,58.8116,61.3616,62.3116,58.8116,7.968,0.00203,1409826.0,96668913.0,1.4885481032589374,60.4616
HK.02588,中银航空租赁,2024-08-01 00:00:00,62.0116,61.4616,62.0116,59.8116,7.979,0.00225,1562585.0,107183154.0,0.1629683710985279,61.3616
HK.02588,中银航空租赁,2024-08-02 00:00:00,60.8116,59.1116,60.8116,58.2616,7.706,0.00134,931251.0,61834474.0,-3.823525583453725,61.4616
HK.02588,中银航空租赁,2024-08-05 00:00:00,58.8116,59.3116,61.0616,56.4116,7.729,0.00174,1204414.0,80067994.0,0.33834306633553435,59.1116
HK.02588,中银航空租赁,2024-08-06 00:00:00,59.3116,59.8116,60.411599999,56.911599999,7.787,0.00114,792831.0,52995060.0,0.8430054154667889,59.3116
HK.02588,中银航空租赁,2024-08-07 00:00:00,61.7116,61.2116,61.7116,59.6116,7.95,0.00076,525679.0,35778193.0,2.3406830781988757,59.8116
HK.02588,中银航空租赁,2024-08-08 00:00:00,61.6116,60.8116,61.6116,60.3616,7.904,0.00036,248226.0,16914030.0,-0.6534709107424059,61.2116
HK.02588,中银航空租赁,2024-08-09 00:00:00,60.8116,60.411599999,61.2616,60.161599999,7.857,0.00124,858574.0,58256896.0,-0.657769243039149,60.8116
HK.02588,中银航空租赁,2024-08-12 00:00:00,60.9616,61.7616,61.8616,60.661599999,8.014,0.00103,711380.0,48863663.0,2.2346701643762863,60.411599999
HK.02588,中银航空租赁,2024-08-13 00:00:00,61.7616,62.5116,63.0116,60.4616,8.101,0.00165,1145050.0,79887295.0,1.2143467785808657,61.7616
HK.02588,中银航空租赁,2024-08-14 00:00:00,62.6116,62.2616,62.6116,61.3116,8.072,0.00068,471765.0,32671014.0,-0.3999257737763871,62.5116
HK.02588,中银航空租赁,2024-08-15 00:00:00,62.3116,62.0116,63.0616,61.6616,8.043,0.00054,371415.0,25804072.0,-0.4015316021432151,62.2616
HK.02588,中银航空租赁,2024-08-16 00:00:00,61.8116,56.5616,61.8116,55.5116,7.41,0.00308,2135520.0,138089246.0,-8.788678247295671,62.0116
HK.02588,中银航空租赁,2024-08-19 00:00:00,56.9616,58.8116,59.661599999,56.4616,7.671,0.00198,1375700.0,90486407.0,3.977963848264547,56.5616
HK.02588,中银航空租赁,2024-08-20 00:00:00,58.8116,59.0616,59.3616,57.911599999,7.7,0.0008,551975.0,36393739.0,0.4250862074828775,58.8116
HK.02588,中银航空租赁,2024-08-21 00:00:00,58.8616,59.7616,60.0116,58.5616,7.782,0.0013,900423.0,59909665.0,1.1852032454251202,59.0616
HK.02588,中银航空租赁,2024-08-22 00:00:00,59.411599999,60.8116,60.8616,59.411599999,7.904,0.00209,1450432.0,97795764.0,1.756981071457252,59.7616
HK.02588,中银航空租赁,2024-08-23 00:00:00,60.8116,59.911599999,61.8116,58.911599999,7.799,0.00119,823497.0,55424325.0,-1.4799807947825663,60.8116
HK.02588,中银航空租赁,2024-08-26 00:00:00,59.3616,60.2116,60.4616,59.0116,7.834,0.00112,778400.0,52261621.0,0.5007377553011455,59.911599999
HK.02588,中银航空租赁,2024-08-27 00:00:00,60.3616,59.7116,60.3616,58.0616,7.776,0.00078,540831.0,36045575.0,-0.8304047725023085,60.2116
HK.02588,中银航空租赁,2024-08-28 00:00:00,60.3116,60.3116,61.2616,59.161599999,7.846,0.00081,560020.0,37847786.0,1.0048298823009287,59.7116
HK.02588,中银航空租赁,2024-08-29 00:00:00,60.1116,59.9616,60.8116,58.911599999,7.805,0.00037,256124.0,17152129.0,-0.5803195405195707,60.3116
HK.02588,中银航空租赁,2024-08-30 00:00:00,59.8116,60.0116,60.6116,59.7116,7.811,0.00136,940477.0,63288006.0,0.08338670082186643,59.9616
HK.02588,中银航空租赁,2024-09-02 00:00:00,60.0116,58.911599999,60.0116,58.2116,7.683,0.00043,299044.0,19762535.0,-1.8329789590679102,60.0116
HK.02588,中银航空租赁,2024-09-03 00:00:00,58.8116,58.3116,58.9616,57.8116,7.613,0.0004,279978.0,18338791.0,-1.0184751373416945,58.911599999
HK.02588,中银航空租赁,2024-09-04 00:00:00,57.3616,57.2116,57.7116,56.3116,7.485,0.0014,970400.0,62187390.0,-1.8864171108321524,58.3116
HK.02588,中银航空租赁,2024-09-05 00:00:00,56.8116,58.3116,58.3616,56.8116,7.613,0.00093,645166.0,41814625.0,1.922687007529944,57.2116
HK.02588,中银航空租赁,2024-09-09 00:00:00,57.7616,56.8116,57.7616,55.3116,7.439,0.00236,1638193.0,104417966.0,-2.5723869693165686,58.3116
HK.02588,中银航空租赁,2024-09-10 00:00:00,56.6116,56.4116,56.7116,54.4616,7.392,0.00177,1224961.0,76898713.0,-0.7040815608080014,56.8116
HK.02588,中银航空租赁,2024-09-11 00:00:00,56.911599999,55.1116,56.911599999,54.6116,7.241,0.00063,439781.0,27388841.0,-2.3044905657701555,56.4116
HK.02588,中银航空租赁,2024-09-12 00:00:00,55.1116,54.5616,55.3116,54.0616,7.177,0.00089,614334.0,37950257.0,-0.997975017963558,55.1116
HK.02588,中银航空租赁,2024-09-13 00:00:00,55.8116,55.5116,55.8116,54.3616,7.288,0.00048,335219.0,20912999.0,1.7411512858860496,54.5616
HK.02588,中银航空租赁,2024-09-16 00:00:00,55.3116,55.9116,55.9116,54.9116,7.334,0.0005,344200.0,21550401.0,0.7205701150750448,55.5116
HK.02588,中银航空租赁,2024-09-17 00:00:00,55.5616,55.7116,56.6616,55.5616,7.311,0.00057,395914.0,25092563.0,-0.3577075240200653,55.9116
HK.02588,中银航空租赁,2024-09-19 00:00:00,55.7116,57.3616,57.6116,55.5116,7.503,0.00138,956229.0,61472652.0,2.9616812297618553,55.7116
HK.02588,中银航空租赁,2024-09-20 00:00:00,57.161599999,57.5616,60.8116,57.0616,7.526,0.00143,995762.0,64358205.0,0.3486653091963888,57.3616
HK.02588,中银航空租赁,2024-09-23 00:00:00,57.3581,57.6081,57.9581,57.1081,7.352,0.00085,591123.0,37351711.0,0.08078302201467952,57.5616
HK.02588,中银航空租赁,2024-09-24 00:00:00,58.8581,57.9081,58.8581,55.9581,7.386,0.00136,945664.0,59776793.0,0.5207601014440628,57.6081
HK.02588,中银航空租赁,2024-09-25 00:00:00,57.3581,57.2581,58.3581,57.1581,7.311,0.00151,1047186.0,66167276.0,-1.1224681866612765,57.9081
HK.02588,中银航空租赁,2024-09-26 00:00:00,56.8581,59.0581,59.5581,56.8581,7.52,0.00165,1148507.0,73343381.0,3.143660023647317,57.2581
HK.02588,中银航空租赁,2024-09-27 00:00:00,59.1581,59.0581,60.958099999,58.4081,7.52,0.00151,1045723.0,68056981.0,0.0,59.0581
HK.02588,中银航空租赁,2024-09-30 00:00:00,60.2581,58.6581,61.1081,57.2581,7.474,0.00245,1698296.0,109473888.0,-0.6772991342423912,59.0581
HK.02588,中银航空租赁,2024-10-02 00:00:00,59.3581,58.4081,59.3581,57.5581,7.445,0.00103,713016.0,45536053.0,-0.4261985983180499,58.6581
HK.02588,中银航空租赁,2024-10-03 00:00:00,58.3581,57.3581,58.6081,55.8581,7.323,0.00136,941387.0,59141872.0,-1.7976958675252186,58.4081
HK.02588,中银航空租赁,2024-10-04 00:00:00,58.3081,58.8081,58.8081,56.8581,7.491,0.00115,795849.0,51036397.0,2.527977739848431,57.3581
HK.02588,中银航空租赁,2024-10-07 00:00:00,59.1081,60.0581,61.0581,59.0581,7.636,0.0011,765259.0,50104849.0,2.1255575337411,58.8081
HK.02588,中银航空租赁,2024-10-08 00:00:00,60.1581,56.9081,61.1081,56.3581,7.27,0.00108,750561.0,47491841.0,-5.244921168002327,60.0581
HK.02588,中银航空租赁,2024-10-09 00:00:00,57.0581,55.4081,58.3581,54.9081,7.096,0.00121,838135.0,51720542.0,-2.6358286430226983,56.9081
HK.02588,中银航空租赁,2024-10-10 00:00:00,56.2581,56.8581,58.8081,55.9581,7.264,0.00173,1201255.0,75942366.0,2.6169458978019513,55.4081
HK.02588,中银航空租赁,2024-10-14 00:00:00,56.1081,57.2581,58.3581,55.8581,7.311,0.00135,934644.0,59034315.0,0.7035057450037877,56.8581
HK.02588,中银航空租赁,2024-10-15 00:00:00,56.1581,57.4081,58.2581,56.1581,7.328,0.00134,927605.0,58805469.0,0.26197166863727334,57.2581
HK.02588,中银航空租赁,2024-10-16 00:00:00,56.7581,56.6081,58.5581,56.4581,7.235,0.00138,956334.0,60068991.0,-1.3935315748126087,57.4081
HK.02588,中银航空租赁,2024-10-17 00:00:00,56.5581,56.2581,57.9581,56.2081,7.195,0.00058,401900.0,25141922.0,-0.618286075667619,56.6081
HK.02588,中银航空租赁,2024-10-18 00:00:00,56.1581,57.9581,58.2081,56.1081,7.392,0.00081,564108.0,35650513.0,3.0217870848820043,56.2581
HK.02588,中银航空租赁,2024-10-21 00:00:00,57.5081,56.8081,58.2081,56.6581,7.259,0.00057,397829.0,25045248.0,-1.9841920283791197,57.9581
HK.02588,中银航空租赁,2024-10-22 00:00:00,56.0581,56.0581,57.3581,55.8581,7.171,0.00087,604270.0,37407518.0,-1.3202342623675143,56.8081
HK.02588,中银航空租赁,2024-10-23 00:00:00,56.0581,57.2081,58.2081,55.5081,7.305,0.00166,1148799.0,72362269.0,2.0514430564004105,56.0581
HK.02588,中银航空租赁,2024-10-24 00:00:00,56.3581,57.4581,57.7581,55.5081,7.334,0.00107,739135.0,46027028.0,0.4370010540465424,57.2081
HK.02588,中银航空租赁,2024-10-25 00:00:00,56.3581,57.0581,57.8581,56.3581,7.288,0.00096,663500.0,41707837.0,-0.6961594622864289,57.4581
HK.02588,中银航空租赁,2024-10-28 00:00:00,56.3581,55.8581,57.9081,55.5581,7.148,0.00046,316600.0,19522940.0,-2.1031194519270757,57.0581
HK.02588,中银航空租赁,2024-10-29 00:00:00,55.8581,55.4581,57.3081,55.2581,7.102,0.00037,257020.0,15732327.0,-0.7161002611975678,55.8581
HK.02588,中银航空租赁,2024-10-30 00:00:00,55.4581,55.7581,56.3581,54.6081,7.137,0.00095,656000.0,40234160.0,0.5409489326175927,55.4581
HK.02588,中银航空租赁,2024-10-31 00:00:00,56.1581,54.7581,56.1581,54.7581,7.02,0.0006,414420.0,25134970.0,-1.793461398433591,55.7581
HK.02588,中银航空租赁,2024-11-01 00:00:00,56.1081,55.8081,56.3581,55.0081,7.142,0.00131,910562.0,55964733.0,1.9175245306173958,54.7581
HK.02588,中银航空租赁,2024-11-04 00:00:00,54.8581,54.9081,56.2581,54.6081,7.038,0.00046,322397.0,19528165.0,-1.61266912867488,55.8081
HK.02588,中银航空租赁,2024-11-05 00:00:00,55.3581,55.7581,55.8081,54.3581,7.137,0.00058,399357.0,24264991.0,1.5480411815378814,54.9081
HK.02588,中银航空租赁,2024-11-06 00:00:00,55.9081,54.6581,55.9081,54.1581,7.009,0.00071,495955.0,29905121.0,-1.9728075382769525,55.7581
HK.02588,中银航空租赁,2024-11-07 00:00:00,54.8081,54.1581,54.8581,53.8081,6.951,0.00052,362558.0,21710872.0,-0.9147774986689987,54.6581
HK.02588,中银航空租赁,2024-11-08 00:00:00,54.0581,56.0081,57.3081,54.0581,7.166,0.00189,1311722.0,81368188.0,3.4159248570389313,54.1581
HK.02588,中银航空租赁,2024-11-11 00:00:00,55.1581,54.9581,55.8581,54.3581,7.044,0.00053,369112.0,22329428.0,-1.8747288338650965,56.0081
HK.02588,中银航空租赁,2024-11-12 00:00:00,55.2581,54.4581,55.6581,53.9081,6.985,0.00164,1135752.0,68213239.0,-0.9097839990829377,54.9581
HK.02588,中银航空租赁,2024-11-13 00:00:00,54.3581,56.0081,56.4081,54.1581,7.166,0.00084,582580.0,35717005.0,2.846224895837345,54.4581
HK.02588,中银航空租赁,2024-11-14 00:00:00,55.4081,53.5581,56.2581,53.5081,6.881,0.00063,440300.0,26442370.0,-4.374367279018563,56.0081
HK.02588,中银航空租赁,2024-11-15 00:00:00,53.6581,54.4581,55.3081,53.5081,6.985,0.00055,379015.0,22891837.0,1.6804180880202968,53.5581
HK.02588,中银航空租赁,2024-11-18 00:00:00,54.8581,55.1581,55.6081,54.2081,7.067,0.00076,527962.0,32088351.0,1.2853918884426665,54.4581
HK.02588,中银航空租赁,2024-11-19 00:00:00,56.1581,55.4081,56.2081,54.5581,7.096,0.00024,167362.0,10230901.0,0.45324258812395646,55.1581
HK.02588,中银航空租赁,2024-11-20 00:00:00,56.3081,55.0081,56.3581,54.7581,7.049,0.00064,442602.0,27000109.0,-0.7219161097384653,55.4081
HK.02588,中银航空租赁,2024-11-21 00:00:00,54.3581,55.0581,55.5081,54.3581,7.055,0.00051,352911.0,21441514.0,0.09089570445080682,55.0081
HK.02588,中银航空租赁,2024-11-22 00:00:00,55.2581,54.3581,55.4081,54.2081,6.974,0.00045,311610.0,18817454.0,-1.2713842286602748,55.0581
HK.02588,中银航空租赁,2024-11-25 00:00:00,54.3081,54.1081,55.2081,53.9081,6.945,0.00153,1064288.0,63701500.0,-0.4599130580355089,54.3581
HK.02588,中银航空租赁,2024-11-26 00:00:00,53.9581,54.4081,54.8081,53.9581,6.98,0.00055,382458.0,22949762.0,0.5544456375293111,54.1081
HK.02588,中银航空租赁,2024-11-27 00:00:00,54.5581,54.3581,55.0081,53.4581,6.974,0.00048,330095.0,19682024.0,-0.09189808135185232,54.4081
HK.02588,中银航空租赁,2024-11-28 00:00:00,54.5081,54.5581,54.5581,53.7081,6.997,0.00072,497085.0,29836214.0,0.36793044642841244,54.3581
HK.02588,中银航空租赁,2024-11-29 00:00:00,54.5581,54.5081,54.7581,54.1081,6.991,0.00034,235768.0,14163219.0,-0.09164542020342399,54.5581
HK.02588,中银航空租赁,2024-12-02 00:00:00,54.8581,55.7581,56.1581,54.4581,7.137,0.0012,832100.0,50899653.0,2.293237151909533,54.5081
HK.02588,中银航空租赁,2024-12-03 00:00:00,55.5581,56.2081,56.4581,55.5581,7.189,0.00045,309701.0,19132288.0,0.8070576292951209,55.7581
HK.02588,中银航空租赁,2024-12-04 00:00:00,56.5581,56.2581,56.5581,54.9081,7.195,0.00056,388265.0,23975313.0,0.08895515059216938,56.2081
HK.02588,中银航空租赁,2024-12-05 00:00:00,56.2581,55.2581,56.2581,55.1081,7.078,0.00023,161514.0,9849952.0,-1.77752181463647,56.2581
HK.02588,中银航空租赁,2024-12-06 00:00:00,55.5581,55.8081,56.4581,54.7581,7.142,0.0007,482832.0,29781545.0,0.9953291915574446,55.2581
HK.02588,中银航空租赁,2024-12-09 00:00:00,54.6081,56.1581,56.4581,54.6081,7.183,0.00063,436263.0,26882664.0,0.6271491055957725,55.8081
HK.02588,中银航空租赁,2024-12-10 00:00:00,56.8581,56.6581,57.3081,56.2581,7.241,0.00067,467220.0,29187307.0,0.8903435123339288,56.1581
HK.02588,中银航空租赁,2024-12-11 00:00:00,57.0081,56.9581,58.0081,56.7081,7.276,0.00076,528804.0,33242810.0,0.5294918114091441,56.6581
HK.02588,中银航空租赁,2024-12-12 00:00:00,56.0581,56.4581,57.3081,55.9081,7.218,0.00167,1158360.0,72443673.0,-0.8778382705883799,56.9581
HK.02588,中银航空租赁,2024-12-13 00:00:00,57.1581,56.1581,57.1581,55.5581,7.183,0.00106,738467.0,45522426.0,-0.5313675097107488,56.4581
HK.02588,中银航空租赁,2024-12-16 00:00:00,56.3081,55.3581,56.8081,55.1581,7.09,0.00046,321200.0,19650896.0,-1.4245496197342808,56.1581
HK.02588,中银航空租赁,2024-12-17 00:00:00,54.9081,54.7081,56.2581,54.3081,7.014,0.0012,830194.0,50099132.0,-1.1741732465528958,55.3581
HK.02588,中银航空租赁,2024-12-18 00:00:00,54.5581,54.9581,55.4581,54.4081,7.044,0.00121,841595.0,50948370.0,0.45697072279973167,54.7081
HK.02588,中银航空租赁,2024-12-19 00:00:00,54.5581,54.5581,55.3581,54.3581,6.997,0.00042,293280.0,17709132.0,-0.7278271992663476,54.9581
HK.02588,中银航空租赁,2024-12-20 00:00:00,54.5581,53.9581,54.8081,53.9081,6.927,0.0009,623072.0,37237917.0,-1.0997450424409967,54.5581
HK.02588,中银航空租赁,2024-12-23 00:00:00,54.5081,55.7081,56.1081,54.1081,7.131,0.00121,841800.0,51039128.0,3.243257268139538,53.9581
HK.02588,中银航空租赁,2024-12-24 00:00:00,54.8581,55.8581,56.1081,54.8581,7.148,0.00036,247330.0,15198259.0,0.2692606640685979,55.7081
HK.02588,中银航空租赁,2024-12-27 00:00:00,55.9081,54.8081,55.9081,54.5081,7.026,0.00058,401409.0,24321774.0,-1.8797631856436168,55.8581
HK.02588,中银航空租赁,2024-12-30 00:00:00,54.6081,54.3581,56.3581,54.1581,6.974,0.00044,308081.0,18490592.0,-0.8210465241451588,54.8081
HK.02588,中银航空租赁,2024-12-31 00:00:00,54.5081,54.7081,55.1581,53.6581,7.014,0.00069,477378.0,28635633.0,0.6438782812497151,54.3581
HK.02588,中银航空租赁,2025-01-02 00:00:00,54.5581,52.7581,54.5581,52.2081,6.788,0.00096,666835.0,39133583.0,-3.5643716378379118,54.7081
HK.02588,中银航空租赁,2025-01-03 00:00:00,53.4581,53.8581,54.0581,52.6081,6.916,0.00104,722031.0,42545006.0,2.084987897592979,52.7581
HK.02588,中银航空租赁,2025-01-06 00:00:00,53.8581,54.1081,54.2581,52.8581,6.945,0.00112,778550.0,46104412.0,0.4641827320310222,53.8581
HK.02588,中银航空租赁,2025-01-07 00:00:00,53.3581,54.3581,54.7581,52.8081,6.974,0.00135,939790.0,56016656.0,0.4620380312744303,54.1081
HK.02588,中银航空租赁,2025-01-08 00:00:00,53.3581,54.0581,54.7081,53.2581,6.939,0.0016,1109789.0,66106032.0,-0.5518956696426055,54.3581
HK.02588,中银航空租赁,2025-01-09 00:00:00,53.2581,55.8581,56.1081,53.2581,7.148,0.00139,962237.0,58817394.0,3.329750768154998,54.0581
HK.02588,中银航空租赁,2025-01-10 00:00:00,54.9581,55.2581,55.7081,54.9581,7.078,0.00073,509103.0,31067785.0,-1.074150391796358,55.8581
HK.02588,中银航空租赁,2025-01-13 00:00:00,55.5581,52.3581,55.5581,51.9081,6.741,0.00208,1443783.0,84163693.0,-5.2480993736664825,55.2581
HK.02588,中银航空租赁,2025-01-14 00:00:00,53.2581,55.1081,55.2081,51.9581,7.061,0.0015,1042122.0,62629524.0,5.252291431507254,52.3581
HK.02588,中银航空租赁,2025-01-15 00:00:00,55.5581,52.9581,55.5581,52.9581,6.811,0.00097,676490.0,39956716.0,-3.9014228398366093,55.1081
HK.02588,中银航空租赁,2025-01-16 00:00:00,53.2581,53.0581,53.6081,52.8581,6.823,0.00101,700700.0,41297975.0,0.18882852670318878,52.9581
HK.02588,中银航空租赁,2025-01-17 00:00:00,53.2081,52.3081,53.8581,52.2581,6.736,0.0012,831519.0,48478710.0,-1.4135447745019138,53.0581
HK.02588,中银航空租赁,2025-01-20 00:00:00,52.7581,52.6081,52.9581,52.2081,6.77,0.00079,547934.0,31916944.0,0.5735249416438317,52.3081
HK.02588,中银航空租赁,2025-01-21 00:00:00,52.9081,52.7581,52.9581,52.6081,6.788,0.00061,426000.0,24886389.0,0.28512719524179464,52.6081
HK.02588,中银航空租赁,2025-01-22 00:00:00,53.3581,52.4081,53.3581,52.1581,6.747,0.0009,621515.0,36158973.0,-0.6634052401432224,52.7581
HK.02588,中银航空租赁,2025-01-23 00:00:00,52.2081,52.6081,53.8581,52.2081,6.77,0.00098,679031.0,39878441.0,0.3816203983735393,52.4081
HK.02588,中银航空租赁,2025-01-24 00:00:00,53.7081,52.8581,53.7081,52.4081,6.799,0.0007,486300.0,28508450.0,0.4752119920696623,52.6081
HK.02588,中银航空租赁,2025-01-27 00:00:00,52.8581,52.7081,53.6581,52.5581,6.782,0.00063,435408.0,25466731.0,-0.28377864508939704,52.8581
HK.02588,中银航空租赁,2025-01-28 00:00:00,52.3581,52.8081,53.2081,52.3581,6.794,0.0003,205400.0,12000323.0,0.18972416004371515,52.7081
HK.02588,中银航空租赁,2025-02-03 00:00:00,53.3081,52.2581,53.3081,51.6081,6.73,0.00065,450376.0,26087794.0,-1.0415068900414979,52.8081
HK.02588,中银航空租赁,2025-02-04 00:00:00,53.0581,51.9581,53.0581,51.4081,6.695,0.00064,442093.0,25450654.0,-0.5740736842709496,52.2581
HK.02588,中银航空租赁,2025-02-05 00:00:00,51.9581,51.6581,52.0581,51.5581,6.66,0.00074,511764.0,29384160.0,-0.5773883186644705,51.9581
HK.02588,中银航空租赁,2025-02-06 00:00:00,51.3581,52.3581,52.5581,51.3581,6.741,0.0004,277553.0,16066851.0,1.3550633879294882,51.6581
HK.02588,中银航空租赁,2025-02-07 00:00:00,52.7081,52.2581,52.7081,51.8581,6.73,0.00098,678945.0,39279502.0,-0.19099241569117562,52.3581
HK.02588,中银航空租赁,2025-02-10 00:00:00,52.0581,52.2581,53.3081,52.0581,6.73,0.0011,765589.0,44604610.0,0.0,52.2581
HK.02588,中银航空租赁,2025-02-11 00:00:00,52.0581,52.4581,52.6581,52.0581,6.753,0.00081,559173.0,32419488.0,0.3827157895139755,52.2581
HK.02588,中银航空租赁,2025-02-12 00:00:00,53.2581,52.7081,53.2581,52.2581,6.782,0.00092,641545.0,37489518.0,0.47657082509660087,52.4581
HK.02588,中银航空租赁,2025-02-13 00:00:00,53.2581,52.4581,53.2581,52.1581,6.753,0.00086,598054.0,34844455.0,-0.47431040010928116,52.7081
HK.02588,中银航空租赁,2025-02-14 00:00:00,52.2581,53.1081,53.4581,52.2581,6.829,0.0009,624062.0,36608213.0,1.2390841452511596,52.4581
HK.02588,中银航空租赁,2025-02-17 00:00:00,53.3581,53.4581,53.6081,52.6581,6.869,0.00076,524000.0,30895455.0,0.6590331794961624,53.1081
HK.02588,中银航空租赁,2025-02-18 00:00:00,52.9581,53.7081,53.7581,52.8581,6.898,0.00089,618008.0,36543405.0,0.4676559772981082,53.4581
HK.02588,中银航空租赁,2025-02-19 00:00:00,52.9581,53.4581,54.3581,52.9581,6.869,0.00067,466434.0,27719279.0,-0.46547913629415305,53.7081
HK.02588,中银航空租赁,2025-02-20 00:00:00,53.4581,53.6581,53.7581,53.1081,6.892,0.0008,555846.0,32873764.0,0.37412478183847864,53.4581
HK.02588,中银航空租赁,2025-02-21 00:00:00,53.6581,53.7581,53.9581,52.5581,6.904,0.00131,907535.0,53491890.0,0.18636515269829051,53.6581
HK.02588,中银航空租赁,2025-02-24 00:00:00,53.3581,53.7081,54.3081,53.0581,6.898,0.00151,1048367.0,62178702.0,-0.0930092395378504,53.7581
HK.02588,中银航空租赁,2025-02-25 00:00:00,53.3581,53.1081,54.3581,52.9081,6.829,0.00128,891342.0,52784776.0,-1.11714992710597,53.7081
HK.02588,中银航空租赁,2025-02-26 00:00:00,53.4081,54.5081,55.7581,53.2081,6.991,0.00325,2256922.0,135076374.0,2.636132717984636,53.1081
HK.02588,中银航空租赁,2025-02-27 00:00:00,54.2081,54.8581,55.7581,53.4581,7.032,0.00143,995410.0,60192364.0,0.6421064025346718,54.5081
HK.02588,中银航空租赁,2025-02-28 00:00:00,54.5581,54.3081,54.8081,52.9081,6.968,0.0019,1316841.0,78690569.0,-1.002586673617929,54.8581
HK.02588,中银航空租赁,2025-03-03 00:00:00,54.5581,54.7081,55.1581,54.0581,7.014,0.00089,620444.0,37393137.0,0.736538380094311,54.3081
HK.02588,中银航空租赁,2025-03-04 00:00:00,54.6581,54.4581,55.2581,54.1581,6.985,0.00141,976099.0,58817270.0,-0.45697072279973167,54.7081
HK.02588,中银航空租赁,2025-03-05 00:00:00,54.7581,55.7581,55.7581,54.7581,7.137,0.00119,823500.0,50313237.0,2.3871563642506755,54.4581
HK.02588,中银航空租赁,2025-03-06 00:00:00,55.7581,56.1581,56.5581,55.0581,7.183,0.0018,1252613.0,77083700.0,0.7173845593734338,55.7581
HK.02588,中银航空租赁,2025-03-07 00:00:00,56.1581,55.8081,56.7581,55.2081,7.142,0.00212,1469687.0,90463570.0,-0.62324045863374,56.1581
HK.02588,中银航空租赁,2025-03-10 00:00:00,56.1581,56.1581,56.4081,55.5081,7.183,0.0023,1596730.0,98426792.0,0.6271491055957725,55.8081
HK.02588,中银航空租赁,2025-03-11 00:00:00,55.3581,55.8081,55.9581,54.2081,7.142,0.00103,711646.0,43530513.0,-0.62324045863374,56.1581
HK.02588,中银航空租赁,2025-03-12 00:00:00,55.8081,56.0081,56.4581,55.5081,7.166,0.0011,763500.0,46955454.0,0.3583709174832967,55.8081
HK.02588,中银航空租赁,2025-03-13 00:00:00,57.0581,56.2081,57.0581,55.8081,5.987,0.00145,1007800.0,62322027.0,0.35709120645050063,56.0081
HK.02588,中银航空租赁,2025-03-14 00:00:00,57.2581,58.5081,60.1081,57.2081,6.21,0.00283,1967000.0,126861795.0,4.091936927240019,56.2081
HK.02588,中银航空租赁,2025-03-17 00:00:00,58.708099999,57.0081,58.8581,56.8581,6.064,0.00114,792047.0,49862340.0,-2.5637475836679027,58.5081
HK.02588,中银航空租赁,2025-03-18 00:00:00,57.0581,57.4581,58.4081,57.0581,6.108,0.00109,758725.0,47911473.0,0.7893615117851724,57.0081
HK.02588,中银航空租赁,2025-03-19 00:00:00,57.7581,57.8081,58.1081,57.3581,6.142,0.00076,527863.0,33491718.0,0.6091395295006299,57.4581
HK.02588,中银航空租赁,2025-03-20 00:00:00,57.8081,56.9581,57.8081,56.6581,6.06,0.00172,1192778.0,74618382.0,-1.470382178276057,57.8081
HK.02588,中银航空租赁,2025-03-21 00:00:00,57.0581,56.8081,57.5081,56.3581,6.045,0.00305,2118466.0,132285205.0,-0.26335148117651147,56.9581
HK.02588,中银航空租赁,2025-03-24 00:00:00,56.8581,56.5581,57.1581,56.1581,6.021,0.00183,1270832.0,79214893.0,-0.44007808745583815,56.8081
HK.02588,中银航空租赁,2025-03-25 00:00:00,57.3081,56.3581,57.3081,56.1581,6.001,0.00111,770743.0,47923074.0,-0.35361866823673854,56.5581
HK.02588,中银航空租赁,2025-03-26 00:00:00,57.3581,55.8081,57.3581,55.6081,5.948,0.00062,430649.0,26511759.0,-0.9759023104043557,56.3581
HK.02588,中银航空租赁,2025-03-27 00:00:00,56.1581,56.0581,56.1581,55.5081,5.972,0.00044,307502.0,18932595.0,0.4479636468541305,55.8081
HK.02588,中银航空租赁,2025-03-28 00:00:00,56.1581,56.1081,56.3581,55.5581,5.977,0.00055,383680.0,23624153.0,0.08919317636523028,56.0581
HK.02588,中银航空租赁,2025-03-31 00:00:00,55.4581,55.0581,56.0581,54.8581,5.876,0.00059,407855.0,24885389.0,-1.8713875536687166,56.1081
HK.02588,中银航空租赁,2025-04-01 00:00:00,55.1081,55.5581,55.9081,54.7581,5.924,0.00041,281932.0,17173150.0,0.9081315919001927,55.0581
HK.02588,中银航空租赁,2025-04-02 00:00:00,56.3081,56.3581,56.5581,55.3581,6.001,0.00054,372100.0,23010907.0,1.439934051020458,55.5581
HK.02588,中银航空租赁,2025-04-03 00:00:00,55.8581,55.3581,56.3581,55.1081,5.905,0.00036,250919.0,15399840.0,-1.7743678370988378,56.3581
HK.02588,中银航空租赁,2025-04-07 00:00:00,51.9581,50.2581,51.9581,49.7581,5.411,0.00278,1926310.0,108088289.0,-9.212743934491973,55.3581
HK.02588,中银航空租赁,2025-04-08 00:00:00,49.9081,49.7081,50.7081,49.1581,5.358,0.00225,1558147.0,86502930.0,-1.0943509603427053,50.2581
HK.02588,中银航空租赁,2025-04-09 00:00:00,48.4081,49.9581,50.7081,47.5581,5.382,0.00303,2099718.0,115647056.0,0.5029361411922806,49.7081
HK.02588,中银航空租赁,2025-04-10 00:00:00,50.9581,52.3081,52.8581,50.9581,5.609,0.00311,2159890.0,124826814.0,4.7039419033149805,49.9581
HK.02588,中银航空租赁,2025-04-11 00:00:00,50.8581,52.2081,53.0081,50.6081,5.6,0.00208,1442686.0,83770616.0,-0.19117498054794843,52.3081
HK.02588,中银航空租赁,2025-04-14 00:00:00,53.5081,53.0581,53.6581,52.1081,5.682,0.00135,937160.0,54893757.0,1.6280998542371805,52.2081
HK.02588,中银航空租赁,2025-04-15 00:00:00,53.7581,53.8081,53.9581,52.7581,5.755,0.00099,687418.0,40666125.0,1.4135447745019138,53.0581
HK.02588,中银航空租赁,2025-04-16 00:00:00,53.2081,52.4581,53.6081,51.5581,5.624,0.00102,705961.0,41031261.0,-2.5089159438820574,53.8081
HK.02588,中银航空租赁,2025-04-17 00:00:00,51.8581,51.6081,52.2081,51.1081,5.542,0.00193,1337011.0,76519947.0,-1.6203408053284456,52.4581
HK.02588,中银航空租赁,2025-04-22 00:00:00,52.3081,52.8081,53.2081,51.6081,5.658,0.00146,1014009.0,58888811.0,2.325216390450342,51.6081
HK.02588,中银航空租赁,2025-04-23 00:00:00,53.3581,53.0081,54.1081,53.0081,5.677,0.00136,945592.0,55830259.0,0.3787297781968973,52.8081
HK.02588,中银航空租赁,2025-04-24 00:00:00,53.3581,52.5581,53.4581,52.2081,5.634,0.00145,1006867.0,58623966.0,-0.8489268621210639,53.0081
HK.02588,中银航空租赁,2025-04-25 00:00:00,52.2581,51.6581,52.6081,51.3581,5.546,0.00193,1336550.0,76961114.0,-1.7123906686124606,52.5581
HK.02588,中银航空租赁,2025-04-28 00:00:00,51.9581,52.5581,52.7581,51.3081,5.634,0.0013,901887.0,52226898.0,1.7422243559093455,51.6581
HK.02588,中银航空租赁,2025-04-29 00:00:00,53.0081,52.8081,53.3581,52.4581,5.658,0.00092,638670.0,37385113.0,0.47566407461456933,52.5581
HK.02588,中银航空租赁,2025-04-30 00:00:00,52.6581,52.6081,52.9581,52.1581,5.638,0.00126,876175.0,50933755.0,-0.3787297781969108,52.8081
HK.02588,中银航空租赁,2025-05-02 00:00:00,52.8581,54.1081,54.1581,52.2581,5.784,0.00107,744262.0,44134044.0,2.8512719524179735,52.6081
HK.02588,中银航空租赁,2025-05-06 00:00:00,54.2081,53.7581,54.2581,53.7581,5.75,0.00078,540038.0,32202429.0,-0.646853243784205,54.1081
HK.02588,中银航空租赁,2025-05-07 00:00:00,54.5081,54.3581,55.1081,53.8081,5.808,0.00131,907554.0,54704692.0,1.116110874454271,53.7581
HK.02588,中银航空租赁,2025-05-08 00:00:00,54.1581,54.2081,54.3581,53.8581,5.793,0.00064,444884.0,26605057.0,-0.27594783482130275,54.3581
HK.02588,中银航空租赁,2025-05-09 00:00:00,54.2581,54.3581,54.6581,53.8581,5.808,0.00067,468219.0,28083848.0,0.2767114139768754,54.2081
HK.02588,中银航空租赁,2025-05-12 00:00:00,54.8581,55.2581,55.7581,54.7081,5.895,0.00091,632700.0,38499371.0,1.6556870089278297,54.3581
HK.02588,中银航空租赁,2025-05-13 00:00:00,55.6081,55.5581,55.9581,55.1081,5.924,0.00141,975222.0,59666024.0,0.5429068317586097,55.2581
HK.02588,中银航空租赁,2025-05-14 00:00:00,55.3081,55.2581,55.5581,54.8581,5.895,0.00095,659315.0,40144361.0,-0.5399752691326813,55.5581
HK.02588,中银航空租赁,2025-05-15 00:00:00,55.1081,55.2581,55.6581,54.8081,5.895,0.00146,1016671.0,61972220.0,0.0,55.2581
HK.02588,中银航空租赁,2025-05-16 00:00:00,55.1081,55.2581,55.5581,54.7581,5.895,0.00084,582798.0,35489691.0,0.0,55.2581
HK.02588,中银航空租赁,2025-05-19 00:00:00,54.9581,56.1581,56.4581,54.9581,5.982,0.00065,451953.0,27935495.0,1.6287204952758032,55.2581
HK.02588,中银航空租赁,2025-05-20 00:00:00,56.1581,57.0081,57.2581,56.1081,6.064,0.00117,809127.0,50508387.0,1.5135839709676813,56.1581
HK.02588,中银航空租赁,2025-05-21 00:00:00,57.0581,57.3081,57.5581,56.7581,6.093,0.00116,806339.0,50718309.0,0.5262410078567857,57.0081
HK.02588,中银航空租赁,2025-05-22 00:00:00,57.5581,57.3581,57.9581,57.0081,6.098,0.00129,898652.0,56758819.0,0.0872477014593001,57.3081
HK.02588,中银航空租赁,2025-05-23 00:00:00,57.3581,57.4081,58.1081,56.9581,6.103,0.00105,729267.0,46076791.0,0.0871716462016649,57.3581
HK.02588,中银航空租赁,2025-05-26 00:00:00,57.0581,58.0581,58.6581,57.0581,6.166,0.00099,685354.0,43712457.0,1.1322444045352584,57.4081
HK.02588,中银航空租赁,2025-05-27 00:00:00,58.1081,58.0581,58.5081,57.7581,6.166,0.00094,650754.0,41449155.0,0.0,58.0581
HK.02588,中银航空租赁,2025-05-28 00:00:00,58.0581,57.9081,58.1581,57.3081,6.151,0.00078,543376.0,34431608.0,-0.2583618823213396,58.0581
HK.02588,中银航空租赁,2025-05-29 00:00:00,58.1581,58.0581,58.2581,57.5081,6.166,0.00087,601291.0,38209033.0,0.2590311199987665,57.9081
HK.02588,中银航空租赁,2025-05-30 00:00:00,58.3081,57.8081,58.3081,57.6581,6.142,0.00226,1569090.0,99658470.0,-0.4306031372022164,58.0581
HK.02588,中银航空租赁,2025-06-02 00:00:00,58.4534,58.5534,59.3034,57.1534,6.011,0.00124,863461.0,53992869.0,1.2892656911401694,57.8081
HK.02588,中银航空租赁,2025-06-03 00:00:00,58.2534,58.3034,59.2034,58.0034,5.987,0.00089,617026.0,38207026.0,-0.42696068887545385,58.5534
HK.02588,中银航空租赁,2025-06-04 00:00:00,59.1534,58.7534,59.1534,58.1534,6.03,0.00169,1169935.0,72926024.0,0.7718246277232472,58.3034
HK.02588,中银航空租赁,2025-06-05 00:00:00,59.1034,59.7034,59.7534,58.4534,6.122,0.00116,802683.0,50238611.0,1.616927701205382,58.7534
HK.02588,中银航空租赁,2025-06-06 00:00:00,59.4034,60.7034,60.7034,59.4034,6.219,0.00171,1187407.0,75700549.0,1.6749464854597895,59.7034
HK.02588,中银航空租赁,2025-06-09 00:00:00,60.9534,59.2534,60.9534,59.0534,6.079,0.00123,857093.0,54045124.0,-2.3886635674443326,60.7034
HK.02588,中银航空租赁,2025-06-10 00:00:00,59.9534,60.7534,61.5034,59.9534,6.224,0.0018,1247950.0,80287375.0,2.531500302092369,59.2534
HK.02588,中银航空租赁,2025-06-11 00:00:00,60.7534,60.9034,61.6534,59.7534,6.239,0.0017,1181179.0,75562445.0,0.2468997619886271,60.7534
HK.02588,中银航空租赁,2025-06-12 00:00:00,61.4534,62.4534,62.8534,61.0034,6.389,0.0015,1040434.0,68061250.0,2.545013907269552,60.9034
HK.02588,中银航空租赁,2025-06-13 00:00:00,61.5034,61.2534,62.4534,60.2534,6.272,0.00177,1231496.0,79877564.0,-1.921432620161597,62.4534
HK.02588,中银航空租赁,2025-06-16 00:00:00,61.2534,62.553399999,62.7534,60.8534,6.398,0.00132,916256.0,59940743.0,2.1223311669229803,61.2534
HK.02588,中银航空租赁,2025-06-17 00:00:00,62.9534,60.5034,62.9534,60.0034,6.2,0.00144,997895.0,64065603.0,-3.2771999588076315,62.553399999
HK.02588,中银航空租赁,2025-06-18 00:00:00,60.2034,62.0034,62.4034,60.1534,6.345,0.00121,843002.0,55039903.0,2.4791995160602545,60.5034
HK.02588,中银航空租赁,2025-06-19 00:00:00,60.9534,61.2534,61.6034,60.1534,6.272,0.00155,1073876.0,69170796.0,-1.2096110858436795,62.0034
HK.02588,中银航空租赁,2025-06-20 00:00:00,60.6034,61.3534,61.3534,60.2534,6.282,0.00101,701172.0,45245724.0,0.16325624373504397,61.2534
HK.02588,中银航空租赁,2025-06-23 00:00:00,61.0034,60.3534,61.2534,60.1034,6.185,0.00092,637130.0,40731976.0,-1.62990152135008,61.3534
HK.02588,中银航空租赁,2025-06-24 00:00:00,61.2534,60.8534,61.2534,60.0034,6.234,0.00115,795700.0,51179360.0,0.8284537408000212,60.3534
HK.02588,中银航空租赁,2025-06-25 00:00:00,60.9534,61.3534,61.8534,60.9534,6.282,0.00083,575871.0,37428235.0,0.8216467773370099,60.8534
HK.02588,中银航空租赁,2025-06-26 00:00:00,61.2034,61.553399999,61.553399999,60.7034,6.302,0.00061,423495.0,27466402.0,0.3259803026401132,61.3534
HK.02588,中银航空租赁,2025-06-27 00:00:00,62.1534,61.5034,63.4534,60.803399999,6.297,0.00164,1136109.0,74198863.0,-0.08123027972591755,61.553399999
HK.02588,中银航空租赁,2025-06-30 00:00:00,61.9534,61.4534,61.9534,61.0034,6.292,0.0007,487009.0,31628185.0,-0.08129631857750493,61.5034
HK.02588,中银航空租赁,2025-07-02 00:00:00,60.9534,62.6034,62.7034,60.9534,6.403,0.00132,913695.0,60001583.0,1.8713366550914978,61.4534
HK.02588,中银航空租赁,2025-07-03 00:00:00,62.7534,62.9534,63.3534,62.0034,6.437,0.00117,811979.0,53881783.0,0.5590750662104637,62.6034
HK.02588,中银航空租赁,2025-07-04 00:00:00,62.9534,63.9534,65.4534,62.9534,6.534,0.00192,1329400.0,89955520.0,1.5884765556745148,62.9534
HK.02588,中银航空租赁,2025-07-07 00:00:00,63.9534,64.303399999,64.303399999,62.7034,6.568,0.0009,622725.0,42070571.0,0.5472734819415463,63.9534
HK.02588,中银航空租赁,2025-07-08 00:00:00,64.9534,66.9534,67.4034,63.803399999,6.824,0.00383,2661277.0,186354604.0,4.121088466614839,64.303399999
HK.02588,中银航空租赁,2025-07-09 00:00:00,66.3534,67.9034,68.4534,65.6534,6.916,0.00296,2054419.0,145519393.0,1.4188973226154353,66.9534
HK.02588,中银航空租赁,2025-07-10 00:00:00,67.4534,69.4534,70.1534,67.0534,7.066,0.00261,1811923.0,131842386.0,2.2826544768008628,67.9034
HK.02588,中银航空租赁,2025-07-11 00:00:00,69.0534,69.8534,71.7534,69.0534,7.105,0.00237,1646858.0,121352341.0,0.5759257286180252,69.4534
HK.02588,中银航空租赁,2025-07-14 00:00:00,71.0534,69.5534,71.4534,69.2034,7.076,0.00146,1010606.0,74200594.0,-0.4294708632650625,69.8534
HK.02588,中银航空租赁,2025-07-15 00:00:00,69.5534,71.4534,71.7034,69.4034,7.26,0.00133,919844.0,68463154.0,2.731714049924239,69.5534
HK.02588,中银航空租赁,2025-07-16 00:00:00,71.4534,71.7534,72.2034,70.0534,7.289,0.00154,1067658.0,80225006.0,0.41985405872918174,71.4534
HK.02588,中银航空租赁,2025-07-17 00:00:00,71.7034,71.3534,73.3534,70.1534,7.25,0.00404,2800350.0,210487596.0,-0.5574648727447141,71.7534
HK.02588,中银航空租赁,2025-07-18 00:00:00,71.3534,70.1034,71.7534,69.0034,7.129,0.00346,2402043.0,177566270.0,-1.7518436402469961,71.3534
HK.02588,中银航空租赁,2025-07-21 00:00:00,70.4534,69.1034,70.4534,68.5534,7.032,0.00154,1067574.0,77888173.0,-1.4264643369651118,70.1034
HK.02588,中银航空租赁,2025-07-22 00:00:00,69.4534,69.5034,69.8034,68.4534,7.071,0.00137,951419.0,69222717.0,0.5788427197504113,69.1034
HK.02588,中银航空租赁,2025-07-23 00:00:00,70.0534,69.9534,70.9034,69.3034,7.115,0.00128,889029.0,65618388.0,0.6474503405588832,69.5034
HK.02588,中银航空租赁,2025-07-24 00:00:00,69.9534,71.1534,71.5034,69.8034,7.231,0.00123,850853.0,63325849.0,1.7154276990110602,69.9534
HK.02588,中银航空租赁,2025-07-25 00:00:00,69.8034,71.1534,71.2534,69.8034,7.231,0.00077,532066.0,39653995.0,0.0,71.1534
HK.02588,中银航空租赁,2025-07-28 00:00:00,71.4534,70.2534,71.4534,69.8534,7.144,0.00037,254483.0,18811747.0,-1.264872795959161,71.1534
HK.02588,中银航空租赁,2025-07-29 00:00:00,69.2534,70.5534,70.9034,69.2534,7.173,0.00056,390009.0,28838551.0,0.4270255959142151,70.2534
HK.02588,中银航空租赁,2025-07-30 00:00:00,70.8034,69.2534,70.8034,68.8534,7.047,0.00029,202576.0,14820050.0,-1.842575977911762,70.5534
HK.02588,中银航空租赁,2025-07-31 00:00:00,68.9534,68.0034,69.5034,66.9534,6.926,0.00166,1152288.0,82299449.0,-1.8049655323781937,69.2534
HK.02588,中银航空租赁,2025-08-01 00:00:00,67.0534,67.6034,68.5534,67.0534,6.887,0.00047,326195.0,23267539.0,-0.5882058838234642,68.0034
HK.02588,中银航空租赁,2025-08-04 00:00:00,67.6034,68.2534,68.7534,67.0034,6.95,0.00042,294301.0,21089999.0,0.9614901025688143,67.6034
HK.02588,中银航空租赁,2025-08-05 00:00:00,69.4534,68.2534,69.5534,67.4534,6.95,0.00068,472303.0,33779273.0,0.0,68.2534
HK.02588,中银航空租赁,2025-08-06 00:00:00,67.6034,67.9534,68.2534,67.5034,6.921,0.00053,370636.0,26483979.0,-0.43953854313484336,68.2534
HK.02588,中银航空租赁,2025-08-07 00:00:00,67.9534,69.0034,69.2034,67.6034,7.023,0.00067,466411.0,33737161.0,1.545176547457518,67.9534
HK.02588,中银航空租赁,2025-08-08 00:00:00,68.7034,69.9534,70.8534,68.0534,7.115,0.00116,803300.0,59137649.0,1.3767437546555719,69.0034
HK.02588,中银航空租赁,2025-08-11 00:00:00,71.0534,69.4034,71.0534,69.1034,7.061,0.00045,313100.0,22870231.0,-0.7862376953800633,69.9534
HK.02588,中银航空租赁,2025-08-12 00:00:00,68.5534,69.1534,69.4534,68.2534,7.037,0.00103,716176.0,51888908.0,-0.3602129002325534,69.4034
HK.02588,中银航空租赁,2025-08-13 00:00:00,69.5034,69.5534,70.5534,69.0034,7.076,0.00132,917942.0,67300150.0,0.578424198954775,69.1534
HK.02588,中银航空租赁,2025-08-14 00:00:00,69.4534,71.0534,71.2534,69.4534,7.221,0.0012,834274.0,61844020.0,2.1566163552033406,69.5534
HK.02588,中银航空租赁,2025-08-15 00:00:00,71.0534,70.3034,71.9534,69.1534,7.149,0.00084,581800.0,43410375.0,-1.0555441400411523,71.0534
HK.02588,中银航空租赁,2025-08-18 00:00:00,71.3534,70.2034,71.3534,69.9534,7.139,0.00104,724868.0,53652376.0,-0.14224063132081,70.3034
HK.02588,中银航空租赁,2025-08-19 00:00:00,69.3034,69.7534,70.9034,69.2534,7.095,0.0005,346567.0,25396250.0,-0.640994595703346,70.2034
HK.02588,中银航空租赁,2025-08-20 00:00:00,69.2534,69.2534,70.3534,68.3534,7.047,0.00064,442455.0,32220962.0,-0.7168109368145495,69.7534
HK.02588,中银航空租赁,2025-08-21 00:00:00,69.6534,68.4034,69.6534,68.0034,6.965,0.00069,479680.0,34461606.0,-1.2273765620171635,69.2534
HK.02588,中银航空租赁,2025-08-22 00:00:00,68.0534,67.1534,70.2534,65.7534,6.844,0.00247,1717021.0,121388518.0,-1.8273945447156135,68.4034
HK.02588,中银航空租赁,2025-08-25 00:00:00,67.5534,68.5534,69.4534,67.5034,6.979,0.00051,354150.0,25507695.0,2.0847790283142644,67.1534
HK.02588,中银航空租赁,2025-08-26 00:00:00,68.5534,67.0034,69.0034,67.0034,6.829,0.00178,1236378.0,87894151.0,-2.261011124174727,68.5534
HK.02588,中银航空租赁,2025-08-27 00:00:00,69.0534,66.8034,69.0534,66.4534,6.81,0.00057,396693.0,27973216.0,-0.2984923153153464,67.0034
HK.02588,中银航空租赁,2025-08-28 00:00:00,66.3034,65.2034,66.8534,64.5034,6.655,0.00273,1897033.0,130697554.0,-2.395087675178201,66.8034
HK.02588,中银航空租赁,2025-08-29 00:00:00,65.2034,66.2534,66.7034,65.2034,6.757,0.00116,801993.0,55905399.0,1.6103454727820896,65.2034
HK.02588,中银航空租赁,2025-09-01 00:00:00,67.9534,65.4034,67.9534,65.2034,6.674,0.00091,630137.0,43630520.0,-1.282953025806969,66.2534
HK.02588,中银航空租赁,2025-09-02 00:00:00,64.553399999,65.8034,66.5034,64.553399999,6.713,0.00117,811936.0,56184184.0,0.6115889999602336,65.4034
HK.02588,中银航空租赁,2025-09-03 00:00:00,66.4034,65.9034,67.1034,65.5034,6.723,0.00072,497971.0,34663285.0,0.15196783144945175,65.8034
HK.02588,中银航空租赁,2025-09-04 00:00:00,65.9534,65.5034,67.2534,65.1534,6.684,0.00131,907493.0,63001356.0,-0.6069489586273329,65.9034
HK.02588,中银航空租赁,2025-09-05 00:00:00,65.4534,66.4534,67.0534,65.4034,6.776,0.00124,861462.0,60284943.0,1.4503063963092035,65.5034
HK.02588,中银航空租赁,2025-09-08 00:00:00,65.4534,67.5034,67.6534,65.4534,6.878,0.00118,815767.0,57748953.0,1.5800545946482756,66.4534
HK.02588,中银航空租赁,2025-09-09 00:00:00,67.4534,67.3534,68.2534,66.4534,6.863,0.00111,767030.0,54440935.0,-0.2222110293703809,67.5034
HK.02588,中银航空租赁,2025-09-10 00:00:00,66.7034,67.8534,68.0534,66.7034,6.911,0.00065,454036.0,32332371.0,0.7423530215252683,67.3534
HK.02588,中银航空租赁,2025-09-11 00:00:00,66.7534,67.9034,68.3534,66.7534,6.916,0.00105,727951.0,51908544.0,0.07368827501644926,67.8534
HK.02588,中银航空租赁,2025-09-12 00:00:00,69.2534,68.2534,69.2534,67.5034,6.95,0.00059,412792.0,29608961.0,0.5154381076647035,67.9034
HK.02588,中银航空租赁,2025-09-15 00:00:00,67.4534,67.8034,68.9534,67.4534,6.907,0.00039,271862.0,19452823.0,-0.6593078147022754,68.2534
HK.02588,中银航空租赁,2025-09-16 00:00:00,68.1534,68.4534,68.8534,67.7034,6.969,0.00117,809400.0,58291420.0,0.9586539908028294,67.8034
HK.02588,中银航空租赁,2025-09-17 00:00:00,68.3034,68.0534,68.8034,67.6534,6.931,0.00086,598786.0,42854042.0,-0.5843391270557864,68.4534
HK.02588,中银航空租赁,2025-09-18 00:00:00,67.5534,66.5534,68.7034,66.5534,6.786,0.00128,890883.0,62922955.0,-2.204151445776405,68.0534
HK.02588,中银航空租赁,2025-09-19 00:00:00,67.9534,67.6034,67.9534,66.4034,6.887,0.00151,1049338.0,74226665.0,1.5776804791340446,66.5534
HK.02588,中银航空租赁,2025-09-22 00:00:00,68.7017,67.8017,68.7017,67.5017,6.795,0.00085,587746.0,41336140.0,0.29332844206061126,67.6034
HK.02588,中银航空租赁,2025-09-23 00:00:00,68.2517,67.6017,68.3517,67.2517,6.776,0.00066,458508.0,32153268.0,-0.2949778545375748,67.8017
HK.02588,中银航空租赁,2025-09-24 00:00:00,67.6017,67.5017,67.8517,66.9017,6.766,0.00116,805000.0,56195205.0,-0.14792527406854314,67.6017
HK.02588,中银航空租赁,2025-09-25 00:00:00,68.5517,66.6517,68.5517,66.6517,6.684,0.00114,787990.0,54753958.0,-1.2592275453803303,67.5017
HK.02588,中银航空租赁,2025-09-26 00:00:00,66.6517,66.6017,67.1017,66.201699999,6.679,0.0008,555385.0,38305646.0,-0.07501684128088461,66.6517
HK.02588,中银航空租赁,2025-09-29 00:00:00,66.6017,66.1017,66.9017,64.9017,6.631,0.00257,1780519.0,121106737.0,-0.7507315879324402,66.6017
HK.02588,中银航空租赁,2025-09-30 00:00:00,66.5517,67.2017,67.5017,66.1017,6.737,0.00125,864136.0,59939489.0,1.6641024360946974,66.1017
HK.02588,中银航空租赁,2025-10-02 00:00:00,67.2017,68.6017,68.6517,66.9017,6.873,0.00055,378320.0,26718433.0,2.083280631293541,67.2017
HK.02588,中银航空租赁,2025-10-03 00:00:00,68.8017,67.6517,69.1017,67.2017,6.781,0.00017,119465.0,8364750.0,-1.3848053328124357,68.6017
HK.02588,中银航空租赁,2025-10-06 00:00:00,67.2017,67.3517,67.4517,66.9517,6.752,0.00029,201852.0,14059486.0,-0.44344783649193054,67.6517
HK.02588,中银航空租赁,2025-10-08 00:00:00,67.3517,67.5017,67.9517,66.4517,6.766,0.00033,228641.0,15913530.0,0.2227115276971564,67.3517
HK.02588,中银航空租赁,2025-10-09 00:00:00,67.5017,68.6017,68.9017,67.5017,6.873,0.00104,723225.0,51237154.0,1.6295885881392531,67.5017
HK.02588,中银航空租赁,2025-10-10 00:00:00,69.1017,67.5517,69.1017,67.2017,6.771,0.00131,908507.0,63832541.0,-1.530574315213759,68.6017
HK.02588,中银航空租赁,2025-10-13 00:00:00,67.8017,67.0017,67.8017,65.3017,6.718,0.0009,627561.0,43083718.0,-0.8141912046624988,67.5517
HK.02588,中银航空租赁,2025-10-14 00:00:00,66.9017,66.6017,67.7517,66.201699999,6.679,0.00086,599080.0,41483656.0,-0.5969997776175913,67.0017
HK.02588,中银航空租赁,2025-10-15 00:00:00,68.0517,67.1517,68.0517,66.0517,6.732,0.00062,429883.0,29864410.0,0.8258047467257014,66.6017
HK.02588,中银航空租赁,2025-10-16 00:00:00,67.1517,67.0017,67.7517,66.3017,6.718,0.00078,537871.0,37275009.0,-0.22337483637794078,67.1517
HK.02588,中银航空租赁,2025-10-17 00:00:00,67.0017,65.6517,67.0017,65.451699999,6.587,0.00074,511578.0,34888085.0,-2.0148742494593335,67.0017
HK.02588,中银航空租赁,2025-10-20 00:00:00,66.0517,68.1517,68.6017,65.7517,6.829,0.00207,1435626.0,99858785.0,3.8079745078954543,65.6517
HK.02588,中银航空租赁,2025-10-21 00:00:00,69.1017,66.5517,69.1017,66.201699999,6.674,0.00095,659340.0,45758214.0,-2.3477037256590934,68.1517
HK.02588,中银航空租赁,2025-10-22 00:00:00,66.5517,66.8017,68.6017,66.5517,6.698,0.00054,371544.0,25817401.0,0.37564780463910014,66.5517
HK.02588,中银航空租赁,2025-10-23 00:00:00,67.1017,67.1517,67.3517,65.8517,6.732,0.00062,427158.0,29545271.0,0.5239387620375059,66.8017
HK.02588,中银航空租赁,2025-10-24 00:00:00,66.6017,67.6017,67.9017,66.5517,6.776,0.00065,452706.0,31621934.0,0.6701245091337801,67.1517
HK.02588,中银航空租赁,2025-10-27 00:00:00,67.5017,67.8517,68.0517,67.3517,6.8,0.0012,829520.0,58194182.0,0.3698131851713789,67.6017
HK.02588,中银航空租赁,2025-10-28 00:00:00,67.6517,66.4517,68.1517,65.9017,6.665,0.0009,625515.0,43110392.0,-2.0633233949923016,67.8517
HK.02588,中银航空租赁,2025-10-30 00:00:00,66.6017,65.951699999,66.8517,65.3017,6.616,0.00142,988049.0,67541653.0,-0.7524261997811998,66.4517
HK.02588,中银航空租赁,2025-10-31 00:00:00,66.4017,65.701699999,66.7517,65.4017,6.592,0.00115,795400.0,54330398.0,-0.3790652856617656,65.951699999
HK.02588,中银航空租赁,2025-11-03 00:00:00,65.9017,66.1017,66.6017,64.9017,6.631,0.00188,1301538.0,88576759.0,0.6088122544866925,65.701699999
HK.02588,中银航空租赁,2025-11-04 00:00:00,66.7517,66.6517,66.8017,66.0017,6.684,0.00095,657586.0,45282075.0,0.8320512180473595,66.1017
HK.02588,中银航空租赁,2025-11-05 00:00:00,66.9517,66.8017,67.1017,65.5017,6.698,0.00081,564591.0,38920075.0,0.22505052384258986,66.6517
HK.02588,中银航空租赁,2025-11-06 00:00:00,66.8017,66.7517,66.8017,65.7517,6.694,0.00195,1353315.0,93061079.0,-0.07484839457678048,66.8017
HK.02588,中银航空租赁,2025-11-07 00:00:00,65.9017,67.6517,67.9517,65.8017,6.781,0.00253,1753032.0,121146175.0,1.3482802685175144,66.7517
HK.02588,中银航空租赁,2025-11-10 00:00:00,68.1017,69.8017,70.2017,66.8517,6.989,0.00211,1463257.0,104875160.0,3.1780428281920354,67.6517
HK.02588,中银航空租赁,2025-11-11 00:00:00,70.1517,70.1517,70.5017,69.0017,7.023,0.00139,966237.0,69904147.0,0.5014204525104812,69.8017
HK.02588,中银航空租赁,2025-11-12 00:00:00,70.1517,70.3517,71.1017,69.6017,7.042,0.00132,914224.0,66520985.0,0.2850964409985626,70.1517
HK.02588,中银航空租赁,2025-11-13 00:00:00,70.3517,68.8517,71.2017,68.2017,6.897,0.00118,817295.0,58378778.0,-2.1321446390065915,70.3517
HK.02588,中银航空租赁,2025-11-14 00:00:00,68.8017,68.5017,69.4017,68.2017,6.863,0.0007,484000.0,34381262.0,-0.5083389371649419,68.8517
HK.02588,中银航空租赁,2025-11-17 00:00:00,68.1017,69.3017,69.9517,68.1017,6.94,0.0015,1041900.0,74493299.0,1.1678542284352027,68.5017
HK.02588,中银航空租赁,2025-11-18 00:00:00,69.1517,68.7517,69.5017,68.0517,6.887,0.00111,770772.0,54877961.0,-0.7936313250612859,69.3017
HK.02588,中银航空租赁,2025-11-19 00:00:00,69.7017,68.4017,70.0017,67.9517,6.853,0.00137,950669.0,67310229.0,-0.5090783209724186,68.7517
HK.02588,中银航空租赁,2025-11-20 00:00:00,68.4017,66.9017,68.4017,65.451699999,6.708,0.00117,814639.0,55989138.0,-2.192927953545014,68.4017
HK.02588,中银航空租赁,2025-11-21 00:00:00,66.8017,66.4517,66.8017,65.6517,6.665,0.00079,550585.0,37918492.0,-0.672628647702529,66.9017
HK.02588,中银航空租赁,2025-11-24 00:00:00,66.8517,68.3017,68.4517,66.3517,6.844,0.00252,1747055.0,122614762.0,2.783976933622457,66.4517
HK.02588,中银航空租赁,2025-11-25 00:00:00,68.6017,67.6017,69.0517,66.9017,6.776,0.00103,713521.0,50129423.0,-1.024864681259768,68.3017
HK.02588,中银航空租赁,2025-11-26 00:00:00,68.5017,69.2017,69.3017,68.0017,6.931,0.00111,770529.0,54919324.0,2.366804385096837,67.6017
HK.02588,中银航空租赁,2025-11-27 00:00:00,68.6517,68.7517,69.1017,68.1017,6.887,0.00064,445229.0,31639331.0,-0.6502730424252624,69.2017
HK.02588,中银航空租赁,2025-11-28 00:00:00,68.7517,68.4517,68.7517,67.8017,6.858,0.0005,344780.0,24397029.0,-0.4363528465477903,68.7517
HK.02588,中银航空租赁,2025-12-01 00:00:00,68.8017,69.5017,69.6017,68.8017,6.96,0.00033,232399.0,16668951.0,1.5339283027302422,68.4517
HK.02588,中银航空租赁,2025-12-02 00:00:00,68.7017,71.7517,72.0017,68.7017,7.178,0.00138,954957.0,70416638.0,3.2373308854315797,69.5017
HK.02588,中银航空租赁,2025-12-03 00:00:00,71.1017,70.9517,71.7517,69.6017,7.1,0.00187,1295194.0,94740464.0,-1.1149561613174284,71.7517
HK.02588,中银航空租赁,2025-12-04 00:00:00,70.9517,71.6017,71.7517,70.6017,7.163,0.00081,564256.0,41630686.0,0.9161161748062294,70.9517
HK.02588,中银航空租赁,2025-12-05 00:00:00,70.4017,70.3517,71.6017,70.1017,7.042,0.0012,836162.0,61001447.0,-1.7457686060526496,71.6017
HK.02588,中银航空租赁,2025-12-08 00:00:00,71.3517,71.1517,72.1017,70.6017,7.12,0.00114,794026.0,58327181.0,1.1371438074701983,70.3517
HK.02588,中银航空租赁,2025-12-09 00:00:00,71.1517,71.4017,71.6517,70.5017,7.144,0.00151,1051000.0,77337740.0,0.3513619491874403,71.1517
HK.02588,中银航空租赁,2025-12-10 00:00:00,71.4017,70.4017,71.6017,69.7017,7.047,0.00085,586836.0,42672279.0,-1.4005268782115832,71.4017
HK.02588,中银航空租赁,2025-12-11 00:00:00,71.0017,70.7517,71.3517,70.1017,7.081,0.00096,666054.0,48578981.0,0.4971470859368372,70.4017
HK.02588,中银航空租赁,2025-12-12 00:00:00,70.1017,71.5017,72.0017,70.1017,7.153,0.00125,866320.0,63952710.0,1.060045200327342,70.7517
HK.02588,中银航空租赁,2025-12-15 00:00:00,71.7017,71.6017,71.9017,70.6017,7.163,0.00081,561396.0,41468153.0,0.1398568145932115,71.5017
HK.02588,中银航空租赁,2025-12-16 00:00:00,71.5017,70.5017,71.8517,69.9017,7.057,0.0008,556290.0,40656705.0,-1.5362763733263238,71.6017
HK.02588,中银航空租赁,2025-12-17 00:00:00,70.5017,71.6017,71.8517,69.8517,7.163,0.00161,1114200.0,81994943.0,1.5602460649884957,70.5017
HK.02588,中银航空租赁,2025-12-18 00:00:00,71.3517,70.0517,71.3517,69.5517,7.013,0.00128,887301.0,64401069.0,-2.164753071505282,71.6017
HK.02588,中银航空租赁,2025-12-19 00:00:00,70.4017,70.6017,70.7017,69.8017,7.066,0.00106,735306.0,53571423.0,0.7851344078730383,70.0517
HK.02588,中银航空租赁,2025-12-22 00:00:00,71.1017,71.1517,71.2517,69.9017,7.12,0.00072,499234.0,36534240.0,0.7790180689700268,70.6017
HK.02588,中银航空租赁,2025-12-23 00:00:00,71.2017,71.5017,71.9017,70.8017,7.153,0.00097,671771.0,49578818.0,0.4919067288624085,71.1517
HK.02588,中银航空租赁,2025-12-24 00:00:00,71.5017,70.3517,71.8017,70.3517,7.042,0.00014,96199.0,7034198.0,-1.6083533678220316,71.5017
HK.02588,中银航空租赁,2025-12-29 00:00:00,71.8517,70.0517,71.8517,69.2517,7.013,0.00061,425600.0,30841599.0,-0.4264289278013142,70.3517
HK.02588,中银航空租赁,2025-12-30 00:00:00,70.0517,70.9017,71.6517,70.0517,7.095,0.00062,433405.0,31814519.0,1.2133895394401686,70.0517
HK.02588,中银航空租赁,2025-12-31 00:00:00,71.6017,70.4017,71.6017,70.0017,7.047,0.0003,209100.0,15269053.0,-0.7052017088447808,70.9017
HK.02588,中银航空租赁,2026-01-02 00:00:00,71.1017,71.3017,71.4017,70.1517,7.134,0.00027,184991.0,13595472.0,1.278378220980447,70.4017
HK.02588,中银航空租赁,2026-01-05 00:00:00,70.9017,72.8517,73.1017,70.6017,7.284,0.0009,626030.0,46738530.0,2.1738612122852574,71.3017
HK.02588,中银航空租赁,2026-01-06 00:00:00,72.8517,76.0517,76.4517,72.8017,7.594,0.00212,1470023.0,114396155.0,4.392485007213288,72.8517
HK.02588,中银航空租赁,2026-01-07 00:00:00,75.6517,75.5017,75.9017,74.9017,7.541,0.00095,662710.0,51525120.0,-0.7231922494829138,76.0517
HK.02588,中银航空租赁,2026-01-08 00:00:00,75.1017,76.9517,77.5517,74.7017,7.681,0.00176,1219374.0,96696603.0,1.920486558580804,75.5017
HK.02588,中银航空租赁,2026-01-09 00:00:00,76.9517,76.6517,77.3017,75.9017,7.652,0.00139,964796.0,76198730.0,-0.3898549349786907,76.9517
HK.02588,中银航空租赁,2026-01-12 00:00:00,76.2517,76.4517,77.2017,75.7517,7.633,0.00078,543656.0,42762905.0,-0.26092050143702333,76.6517
HK.02588,中银航空租赁,2026-01-13 00:00:00,77.2017,78.4017,78.6017,76.0017,7.821,0.00177,1225295.0,98383508.0,2.5506300056113895,76.4517
HK.02588,中银航空租赁,2026-01-14 00:00:00,78.3017,78.8517,79.6517,78.0517,7.865,0.00162,1126276.0,91697415.0,0.5739671461205414,78.4017
HK.02588,中银航空租赁,2026-01-15 00:00:00,78.5017,79.3517,79.8017,78.5017,7.913,0.0005,346837.0,28320895.0,0.6341017378192227,78.8517
HK.02588,中银航空租赁,2026-01-16 00:00:00,79.3517,79.9017,80.1017,79.2017,7.967,0.00086,597560.0,49085144.0,0.693116845637852,79.3517
HK.02588,中银航空租赁,2026-01-19 00:00:00,79.8017,79.1017,79.8017,78.6017,7.889,0.00039,270602.0,22059807.0,-1.0012302616840585,79.9017
HK.02588,中银航空租赁,2026-01-20 00:00:00,78.7017,80.9517,81.4517,76.7017,8.068,0.00112,779532.0,64753322.0,2.338761366696302,79.1017
HK.02588,中银航空租赁,2026-01-21 00:00:00,79.6017,80.6017,80.9517,79.6017,8.034,0.00104,725042.0,60144837.0,-0.4323565780582848,80.9517
HK.02588,中银航空租赁,2026-01-22 00:00:00,80.5017,80.6017,82.1017,80.0017,8.034,0.00155,1076372.0,89804671.0,0.0,80.6017
HK.02588,中银航空租赁,2026-01-23 00:00:00,80.6017,79.6017,80.7517,79.0017,7.938,0.00089,619362.0,50761551.0,-1.2406686211333011,80.6017
HK.02588,中银航空租赁,2026-01-26 00:00:00,80.6017,78.8517,80.6017,78.0517,7.865,0.0005,345786.0,28104939.0,-0.9421909331082126,79.6017
HK.02588,中银航空租赁,2026-01-27 00:00:00,76.9517,79.8517,79.8517,76.9517,7.962,0.00071,494296.0,40452395.0,1.2682034756384455,78.8517
HK.02588,中银航空租赁,2026-01-28 00:00:00,80.1017,80.3017,80.6017,79.0017,8.005,0.00077,537515.0,44226319.0,0.563544670933747,79.8517
HK.02588,中银航空租赁,2026-01-29 00:00:00,79.8517,79.2517,80.9517,78.6017,7.904,0.00089,619125.0,50578649.0,-1.3075688310459146,80.3017
HK.02588,中银航空租赁,2026-01-30 00:00:00,78.1017,78.7017,80.6017,78.0017,7.85,0.00068,475292.0,38513028.0,-0.6939914222660172,79.2517
HK.02588,中银航空租赁,2026-02-02 00:00:00,80.3517,77.2017,80.3517,76.0517,7.705,0.00086,598576.0,47585772.0,-1.9059308756990003,78.7017
HK.02588,中银航空租赁,2026-02-03 00:00:00,78.7517,79.8017,80.3517,77.3017,7.957,0.00091,630425.0,51682164.0,3.367801486236695,77.2017
HK.02588,中银航空租赁,2026-02-04 00:00:00,79.8017,80.4517,81.1017,79.6017,8.02,0.00129,894866.0,73830793.0,0.8145189889438517,79.8017
HK.02588,中银航空租赁,2026-02-05 00:00:00,81.1017,81.8017,81.8017,79.5017,8.151,0.00137,951254.0,79345366.0,1.6780254488096513,80.4517
HK.02588,中银航空租赁,2026-02-06 00:00:00,81.7017,82.7017,84.3517,80.9017,8.238,0.00206,1429247.0,121577309.0,1.1002216335357404,81.8017
HK.02588,中银航空租赁,2026-02-09 00:00:00,82.7017,85.2017,85.4517,82.7017,8.48,0.0014,970334.0,84728587.0,3.022912467337431,82.7017
HK.02588,中银航空租赁,2026-02-10 00:00:00,85.4017,85.2017,85.4517,83.6017,8.48,0.00088,611142.0,53259069.0,0.0,85.2017
HK.02588,中银航空租赁,2026-02-11 00:00:00,83.1517,86.3017,86.3017,83.1517,8.586,0.00154,1070790.0,94192011.0,1.2910540517383975,85.2017
HK.02588,中银航空租赁,2026-02-12 00:00:00,86.3517,86.2017,86.9517,85.3017,8.576,0.00084,581175.0,51373036.0,-0.11587257261443785,86.3017
HK.02588,中银航空租赁,2026-02-13 00:00:00,85.2017,85.9017,86.2017,84.6017,8.547,0.00062,431284.0,37916827.0,-0.348020978704593,86.2017
HK.02588,中银航空租赁,2026-02-16 00:00:00,87.5517,85.8517,87.5517,84.4517,8.543,0.00034,233724.0,20535133.0,-0.05820606577053931,85.9017
HK.02588,中银航空租赁,2026-02-20 00:00:00,85.6017,85.9517,88.1017,84.5017,8.552,0.00066,458542.0,40599143.0,0.1164799299256841,85.8517
HK.02588,中银航空租赁,2026-02-23 00:00:00,87.6017,86.2017,87.6017,85.4517,8.576,0.00113,786075.0,69470116.0,0.2908610300901553,85.9517
HK.02588,中银航空租赁,2026-02-24 00:00:00,84.8517,89.5517,89.5517,84.8517,8.901,0.00108,746980.0,67111032.0,3.8862342622013184,86.2017
HK.02588,中银航空租赁,2026-02-25 00:00:00,88.5017,85.6017,88.5017,85.3017,8.518,0.00093,646428.0,57174045.0,-4.4108598720069,89.5517
HK.02588,中银航空租赁,2026-02-26 00:00:00,85.9517,85.6017,86.6517,84.5517,8.518,0.00083,578233.0,50989435.0,0.0,85.6017
HK.02588,中银航空租赁,2026-02-27 00:00:00,85.5017,84.7017,85.5517,83.4017,8.431,0.00186,1293247.0,112499069.0,-1.0513809889289483,85.6017
HK.02588,中银航空租赁,2026-03-02 00:00:00,84.2017,80.1017,84.6017,79.1017,7.986,0.00283,1962525.0,163156699.0,-5.430823702475875,84.7017
HK.02588,中银航空租赁,2026-03-03 00:00:00,82.4517,80.7517,82.4517,79.2517,8.049,0.00136,942199.0,78438787.0,0.8114684207701032,80.1017
HK.02588,中银航空租赁,2026-03-04 00:00:00,80.7017,78.2517,80.7017,77.7017,7.807,0.00179,1244637.0,100661357.0,-3.09591005514435,80.7517
HK.02588,中银航空租赁,2026-03-05 00:00:00,78.3517,78.6017,80.0517,78.3517,7.841,0.00119,828578.0,67364452.0,0.4472746278994505,78.2517
HK.02588,中银航空租赁,2026-03-06 00:00:00,79.7017,79.5017,79.7017,77.1017,7.928,0.00221,1530507.0,124520382.0,1.1450134030180081,78.6017
HK.02588,中银航空租赁,2026-03-09 00:00:00,79.5017,76.3517,79.5017,74.4017,7.623,0.00297,2059765.0,160500407.0,-3.9621794250940616,79.5017
HK.02588,中银航空租赁,2026-03-10 00:00:00,77.4517,78.9017,79.7517,77.1517,7.87,0.00132,914022.0,74273455.0,3.3398077580460046,76.3517
HK.02588,中银航空租赁,2026-03-11 00:00:00,79.1017,78.6017,81.2517,78.0017,7.841,0.00103,715365.0,58120691.0,-0.3802199445639465,78.9017
HK.02588,中银航空租赁,2026-03-12 00:00:00,79.0017,76.6517,79.5017,75.6017,7.652,0.00126,877783.0,69433795.0,-2.480862373205654,78.6017
HK.02588,中银航空租赁,2026-03-13 00:00:00,76.6017,74.5517,76.9017,74.3017,7.449,0.0012,835450.0,64748357.0,-2.7396652650887177,76.6517
HK.02588,中银航空租赁,2026-03-16 00:00:00,72.7017,73.8017,74.0017,72.6017,7.376,0.00123,855561.0,64667907.0,-1.0060132766925503,74.5517
HK.02588,中银航空租赁,2026-03-17 00:00:00,73.8017,75.5517,76.5017,73.7517,7.545,0.00101,701240.0,54825139.0,2.371219091159147,73.8017
HK.02588,中银航空租赁,2026-03-18 00:00:00,76.1017,76.0517,76.6517,74.9517,7.594,0.00071,492202.0,38338585.0,0.6617984770693446,75.5517
HK.02588,中银航空租赁,2026-03-19 00:00:00,74.7517,74.3017,75.3017,73.1017,8.689,0.00054,376753.0,28806446.0,-2.3010662483547377,76.0517
HK.02588,中银航空租赁,2026-03-20 00:00:00,75.8017,74.5017,77.5017,74.0517,8.711,0.00238,1648664.0,127359858.0,0.2691728453050238,74.3017
HK.02588,中银航空租赁,2026-03-23 00:00:00,73.1017,72.3517,73.5017,71.6517,8.468,0.0015,1037868.0,78529477.0,-2.8858401888816037,74.5017
HK.02588,中银航空租赁,2026-03-24 00:00:00,75.1017,74.3517,75.1017,71.8517,8.694,0.00075,521138.0,39714656.0,2.764275061954315,72.3517
HK.02588,中银航空租赁,2026-03-25 00:00:00,74.9017,76.4517,77.3017,74.6517,8.932,0.00156,1081379.0,85126535.0,2.824414236661715,74.3517
HK.02588,中银航空租赁,2026-03-26 00:00:00,76.8017,76.2517,77.5017,75.3517,8.91,0.002,1391072.0,109399529.0,-0.2616030774986074,76.4517
HK.02588,中银航空租赁,2026-03-27 00:00:00,74.7517,76.8017,77.0017,74.2517,8.972,0.0011,760383.0,59773810.0,0.721295394069899,76.2517
HK.02588,中银航空租赁,2026-03-30 00:00:00,76.8017,75.3017,76.8017,73.6517,8.802,0.00133,924399.0,71501855.0,-1.9530817677212875,76.8017
HK.02588,中银航空租赁,2026-03-31 00:00:00,73.5017,74.8517,75.7517,73.5017,8.751,0.00052,363984.0,28074304.0,-0.5975960702082461,75.3017
HK.02588,中银航空租赁,2026-04-01 00:00:00,76.6017,76.8017,77.3517,75.8517,8.972,0.00066,460120.0,36337044.0,2.605151252409769,74.8517
HK.02588,中银航空租赁,2026-04-02 00:00:00,76.9517,76.1017,77.4017,75.5017,8.893,0.00084,585598.0,46049497.0,-0.9114381582699378,76.8017
HK.02588,中银航空租赁,2026-04-08 00:00:00,79.0517,80.7017,80.9017,78.2517,9.414,0.00112,780141.0,64145136.0,6.0445430259770925,76.1017
HK.02588,中银航空租赁,2026-04-09 00:00:00,77.7517,80.0017,80.7017,77.7517,9.334,0.00106,735142.0,60531459.0,-0.8673918888945373,80.7017
HK.02588,中银航空租赁,2026-04-10 00:00:00,79.6017,80.9017,82.2517,79.6017,9.436,0.00115,797232.0,66638051.0,1.124976094258004,80.0017
HK.02588,中银航空租赁,2026-04-13 00:00:00,79.6517,79.8517,80.0017,78.6517,9.318,0.00038,262698.0,21553362.0,-1.2978713673507618,80.9017
HK.02588,中银航空租赁,2026-04-14 00:00:00,79.8517,80.6017,82.0017,79.8517,9.402,0.00085,590400.0,49045782.0,0.9392411182229058,79.8517
HK.02588,中银航空租赁,2026-04-15 00:00:00,80.7017,82.0517,83.0517,80.7017,9.567,0.00207,1440057.0,121350740.0,1.7989695006432902,80.6017
HK.02588,中银航空租赁,2026-04-16 00:00:00,82.6017,81.3017,83.0517,80.6017,9.482,0.00092,638296.0,53450710.0,-0.9140578440178571,82.0517
HK.02588,中银航空租赁,2026-04-17 00:00:00,81.3017,79.7017,81.3017,79.1517,9.301,0.00051,351944.0,28946456.0,-1.967978529354238,81.3017
HK.02588,中银航空租赁,2026-04-20 00:00:00,82.0017,80.1017,82.0017,78.8017,9.346,0.00067,463577.0,38131002.0,0.5018713528067675,79.7017
HK.02588,中银航空租赁,2026-04-21 00:00:00,80.9517,81.0517,82.1017,80.5517,9.453,0.0005,347233.0,28956862.0,1.1859923072793748,80.1017
HK.02588,中银航空租赁,2026-04-22 00:00:00,82.0017,80.4517,82.0017,80.0517,9.385,0.00086,599900.0,49846015.0,-0.7402682485376548,81.0517
HK.02588,中银航空租赁,2026-04-23 00:00:00,80.1517,80.1517,81.0017,79.3517,9.351,0.00084,584726.0,48181524.0,-0.3728945441799206,80.4517
HK.02588,中银航空租赁,2026-04-24 00:00:00,80.1017,79.3517,80.4017,78.6017,9.261,0.00041,283306.0,23135878.0,-0.998107338958514,80.1517
HK.02588,中银航空租赁,2026-04-27 00:00:00,79.9017,78.9017,79.9017,77.7517,9.21,0.00063,437800.0,35614346.0,-0.5670956009763983,79.3517
HK.02588,中银航空租赁,2026-04-28 00:00:00,78.9017,78.3017,79.3517,78.0017,9.142,0.00065,453534.0,36706336.0,-0.7604398891278749,78.9017
HK.02588,中银航空租赁,2026-04-29 00:00:00,77.6017,78.9017,79.5517,77.6017,9.21,0.00073,509378.0,41311401.0,0.7662668882029491,78.3017
HK.02588,中银航空租赁,2026-04-30 00:00:00,78.4017,77.4017,78.6017,76.6017,9.04,0.00063,440490.0,35146888.0,-1.9010997228196602,78.9017
HK.02588,中银航空租赁,2026-05-04 00:00:00,79.1017,78.2517,79.1017,77.3017,9.136,0.00037,254737.0,20472643.0,1.0981670945211723,77.4017
HK.02588,中银航空租赁,2026-05-05 00:00:00,77.3017,78.0517,78.9017,76.8517,9.114,0.00033,229814.0,18352573.0,-0.25558550165683663,78.2517
HK.02588,中银航空租赁,2026-05-06 00:00:00,77.7017,77.9517,77.9517,76.8017,9.102,0.00074,511193.0,40783418.0,-0.1281202075034808,78.0517
HK.02588,中银航空租赁,2026-05-07 00:00:00,79.9017,80.3017,80.8017,79.1017,9.368,0.00062,429450.0,35476758.0,3.0146872999562477,77.9517
HK.02588,中银航空租赁,2026-05-08 00:00:00,78.6017,79.5517,80.2017,78.6017,9.284,0.00052,359756.0,29483369.0,-0.9339777364613701,80.3017
HK.02588,中银航空租赁,2026-05-11 00:00:00,79.6017,78.3517,79.6017,77.9517,9.148,0.00059,407315.0,33091120.0,-1.508452993462117,79.5517
HK.02588,中银航空租赁,2026-05-12 00:00:00,78.0017,76.6017,78.4017,75.8017,8.949,0.00184,1276525.0,101104152.0,-2.2335188643003283,78.3517
HK.02588,中银航空租赁,2026-05-13 00:00:00,76.6017,75.8517,77.0517,75.3517,8.864,0.00109,754742.0,59115473.0,-0.979090542376997,76.6017
HK.02588,中银航空租赁,2026-05-14 00:00:00,76.5517,76.1017,76.8017,75.2517,8.893,0.00097,674946.0,52940496.0,0.3295905035747386,75.8517
HK.02588,中银航空租赁,2026-05-15 00:00:00,76.5017,75.2517,76.5017,74.5517,8.796,0.00108,751935.0,58476161.0,-1.1169264287131488,76.1017
HK.02588,中银航空租赁,2026-05-18 00:00:00,74.7517,74.5517,74.8517,73.7017,8.717,0.00134,927025.0,71088070.0,-0.9302115433937078,75.2517
HK.02588,中银航空租赁,2026-05-19 00:00:00,73.6017,75.5517,76.4017,73.6017,8.83,0.00084,579574.0,45254079.0,1.341351035590067,74.5517
HK.02588,中银航空租赁,2026-05-20 00:00:00,74.0517,74.6017,75.8017,73.9517,8.723,0.00131,912547.0,70468006.0,-1.2574171064317585,75.5517
HK.02588,中银航空租赁,2026-05-21 00:00:00,76.1017,74.8017,77.4017,74.6517,8.745,0.00107,742588.0,58298876.0,0.2680904054465285,74.6017
HK.02588,中银航空租赁,2026-05-22 00:00:00,75.6017,75.1017,76.5517,74.6017,8.779,0.00148,1028437.0,80073739.0,0.40106040370739865,74.8017
HK.02588,中银航空租赁,2026-05-26 00:00:00,75.1017,76.4517,77.1017,74.6517,8.932,0.00113,782150.0,61580157.0,1.797562505242902,75.1017
HK.02588,中银航空租赁,2026-05-27 00:00:00,75.6017,75.9017,76.3517,75.1017,8.87,0.00132,916887.0,71548946.0,-0.7194084631211564,76.4517
HK.02588,中银航空租赁,2026-05-28 00:00:00,75.9017,74.0517,76.5017,73.8017,8.66,0.00125,866337.0,66574728.0,-2.43736306301441,75.9017
HK.02588,中银航空租赁,2026-05-29 00:00:00,76.0517,74.1017,76.0517,74.1017,8.666,0.00422,2929239.0,224769770.0,0.0675203945351655,74.0517
HK.02588,中银航空租赁,2026-06-01 00:00:00,73.6017,75.0017,75.9517,73.6017,8.768,0.00212,1474283.0,113319684.0,1.2145470346834226,74.1017
HK.02588,中银航空租赁,2026-06-02 00:00:00,75.6017,74.9017,75.6017,74.2017,8.757,0.00129,892153.0,68897226.0,-0.1333303111796057,75.0017
HK.02588,中银航空租赁,2026-06-03 00:00:00,74.4017,73.5017,75.0017,73.2017,8.598,0.00148,1024856.0,78036932.0,-1.8691164553007549,74.9017
HK.02588,中银航空租赁,2026-06-04 00:00:00,74.2,73.15,74.3,72.7,8.287,0.00076,528737.0,38761616.0,-0.4784923341909016,73.5017
HK.02588,中银航空租赁,2026-06-05 00:00:00,73.15,72.9,73.9,72.1,8.258,0.00208,1446408.0,105835956.0,-0.3417634996582365,73.15
HK.02588,中银航空租赁,2026-06-08 00:00:00,73.0,73.15,73.75,71.9,8.287,0.00266,1843056.0,133967258.0,0.3429355281207133,72.9
HK.02588,中银航空租赁,2026-06-09 00:00:00,72.4,72.1,74.1,71.7,8.168,0.00279,1934092.0,139488907.0,-1.4354066985646088,73.15
HK.02588,中银航空租赁,2026-06-10 00:00:00,72.2,73.45,73.7,71.0,8.321,0.00108,751118.0,54516214.0,1.8723994452149912,72.1
HK.02588,中银航空租赁,2026-06-11 00:00:00,73.55,73.5,74.05,72.45,8.326,0.00118,817796.0,60059833.0,0.06807351940094915,73.45
HK.02588,中银航空租赁,2026-06-12 00:00:00,73.5,77.05,77.3,73.5,8.728,0.00175,1211588.0,92478966.0,4.829931972789112,73.5
HK.02588,中银航空租赁,2026-06-15 00:00:00,77.5,79.0,79.8,77.0,8.949,0.00157,1091946.0,85971456.0,2.5308241401687255,77.05
HK.02588,中银航空租赁,2026-06-16 00:00:00,79.25,78.4,79.25,77.85,8.881,0.00089,620105.0,48608955.0,-0.7594936708860687,79.0
HK.02588,中银航空租赁,2026-06-17 00:00:00,78.65,78.7,79.45,77.8,8.915,0.00128,889074.0,69900772.0,0.38265306122448617,78.4
HK.02588,中银航空租赁,2026-06-18 00:00:00,78.0,77.4,78.9,77.0,8.768,0.00115,800690.0,62093426.0,-1.651842439644215,78.7
HK.02588,中银航空租赁,2026-06-22 00:00:00,76.5,77.55,78.4,74.5,8.785,0.00161,1118224.0,85774545.0,0.19379844961239207,77.4
HK.02588,中银航空租赁,2026-06-23 00:00:00,77.0,78.25,79.4,77.0,8.864,0.00156,1079894.0,84330891.0,0.902643455834949,77.55
HK.02588,中银航空租赁,2026-06-24 00:00:00,78.25,77.8,78.75,77.1,8.813,0.00132,919320.0,71562312.0,-0.5750798722044764,78.25
HK.02588,中银航空租赁,2026-06-25 00:00:00,79.0,79.85,81.15,77.5,9.046,0.00229,1588451.0,127051006.0,2.6349614395886856,77.8
HK.02588,中银航空租赁,2026-06-26 00:00:00,79.9,80.25,81.0,77.8,9.091,0.00281,1947725.0,155365071.0,0.5009392611145971,79.85
HK.02588,中银航空租赁,2026-06-29 00:00:00,80.25,80.75,82.3,79.2,9.148,0.0011,766750.0,62201982.0,0.6230529595015576,80.25
HK.02588,中银航空租赁,2026-06-30 00:00:00,80.3,81.25,82.25,80.3,9.204,0.0013,900028.0,73229634.0,0.6191950464396285,80.75
HK.02588,中银航空租赁,2026-07-02 00:00:00,81.75,79.55,82.55,79.3,9.012,0.00095,661583.0,53255999.0,-2.0923076923076955,81.25
HK.02588,中银航空租赁,2026-07-03 00:00:00,81.8,80.9,81.8,79.05,9.165,0.00189,1310752.0,106034470.0,1.6970458830924056,79.55
HK.02588,中银航空租赁,2026-07-06 00:00:00,82.4,79.4,82.65,78.5,8.995,0.00118,822186.0,65452277.0,-1.8541409147095178,80.9
HK.02588,中银航空租赁,2026-07-07 00:00:00,80.0,80.45,80.95,78.75,9.114,0.00188,1303054.0,104369469.0,1.3224181360201475,79.4
HK.02588,中银航空租赁,2026-07-08 00:00:00,78.8,80.45,81.35,78.8,9.114,0.00118,817608.0,65937288.0,0.0,80.45
HK.02588,中银航空租赁,2026-07-09 00:00:00,81.45,79.2,81.9,78.5,8.972,0.00096,667655.0,52839593.0,-1.5537600994406464,80.45
HK.02588,中银航空租赁,2026-07-10 00:00:00,78.6,78.95,81.45,78.55,8.944,0.00079,546720.0,43373269.0,-0.31565656565656564,79.2
HK.02588,中银航空租赁,2026-07-13 00:00:00,78.95,75.7,79.15,75.3,8.575,0.00095,656603.0,50234544.0,-4.1165294490183655,78.95
HK.02588,中银航空租赁,2026-07-14 00:00:00,74.5,76.9,77.3,74.2,8.711,0.0017,1177312.0,89550436.0,1.5852047556142705,75.7
HK.02588,中银航空租赁,2026-07-15 00:00:00,77.0,77.25,77.75,75.5,8.751,0.00091,632276.0,48712720.0,0.4551365409622813,76.9
HK.02588,中银航空租赁,2026-07-16 00:00:00,78.0,75.85,78.25,75.2,8.592,0.00118,818069.0,62138138.0,-1.812297734627839,77.25
HK.02588,中银航空租赁,2026-07-17 00:00:00,76.05,75.85,77.0,74.2,8.592,0.00071,491962.0,37071253.0,0.0,75.85
HK.02588,中银航空租赁,2026-07-20 00:00:00,76.65,75.15,76.65,74.55,8.513,0.00074,511131.0,38307275.0,-0.9228740936057861,75.85
HK.02588,中银航空租赁,2026-07-21 00:00:00,76.6,75.6,76.6,74.25,8.564,0.00062,427560.0,32152375.0,0.5988023952095657,75.15
HK.02588,中银航空租赁,2026-07-22 00:00:00,76.4,76.2,76.55,75.0,8.632,0.00048,331352.0,25207122.0,0.793650793650805,75.6
HK.02588,中银航空租赁,2026-07-23 00:00:00,76.2,79.0,79.35,76.2,8.949,0.00082,568438.0,44387960.0,3.6745406824146944,76.2
HK.02588,中银航空租赁,2026-07-24 00:00:00,79.0,77.5,79.35,77.05,8.779,0.00051,352024.0,27342095.0,-1.89873417721519,79.0
HK.02588,中银航空租赁,2026-07-27 00:00:00,78.8,78.4,78.8,76.6,8.881,0.00026,183095.0,14256791.0,1.1612903225806526,77.5
HK.02588,中银航空租赁,2026-07-28 00:00:00,78.4,78.0,78.4,76.4,8.836,0.00055,383513.0,29744655.0,-0.5102040816326603,78.4
HK.02588,中银航空租赁,2026-07-29 00:00:00,78.5,79.25,79.25,77.7,8.978,0.00037,254130.0,20025301.0,1.6025641025641024,78.0
HK.02588,中银航空租赁,2026-07-30 00:00:00,79.35,80.3,80.5,78.4,9.097,0.0007,483216.0,38557226.0,1.3249211356466841,79.25
HK.02588,中银航空租赁,2026-07-31 00:00:00,80.3,77.4,80.75,76.8,8.768,0.00132,913256.0,70755552.0,-3.61145703611456,80.3
HK.02588,中银航空租赁,2026-08-03 00:00:00,77.5,78.3,78.8,76.0,8.87,0.00158,1095472.0,85170277.0,1.1627906976744076,77.4
HK.02588,中银航空租赁,2026-08-04 00:00:00,78.3,77.05,78.3,76.4,8.728,0.00058,402487.0,31017611.0,-1.5964240102171137,78.3
HK.02588,中银航空租赁,2026-08-05 00:00:00,76.6,77.45,78.25,76.55,8.774,0.00065,452991.0,35054430.0,0.5191434133679503,77.05
HK.02588,中银航空租赁,2026-08-06 00:00:00,76.85,75.8,76.95,75.35,8.587,0.00084,583786.0,44402536.0,-2.1304067140090455,77.45
HK.02588,中银航空租赁,2026-08-07 00:00:00,75.2,75.55,76.0,75.05,8.558,0.00053,366862.0,27660089.0,-0.32981530343007914,75.8
HK.02588,中银航空租赁,2026-08-10 00:00:00,75.55,75.8,76.2,74.8,8.587,0.00065,451198.0,34118005.0,0.3309066843150232,75.55
HK.02588,中银航空租赁,2026-08-11 00:00:00,74.95,74.7,75.8,74.5,8.462,0.00067,461688.0,34514186.0,-1.4511873350923408,75.8
HK.02588,中银航空租赁,2026-08-12 00:00:00,74.8,74.4,76.0,73.15,8.428,0.00105,726043.0,53742142.0,-0.4016064257028074,74.7
HK.02588,中银航空租赁,2026-08-13 00:00:00,74.3,74.5,74.85,73.65,8.44,0.00071,493001.0,36667690.0,0.13440860215053,74.4
HK.02588,中银航空租赁,2026-08-14 00:00:00,73.8,74.5,74.8,73.4,8.44,0.00064,447000.0,33275664.0,0.0,74.5
HK.02588,中银航空租赁,2026-08-17 00:00:00,75.2,75.25,75.5,74.2,8.524,0.00112,778600.0,58434995.0,1.006711409395973,74.5
HK.02588,中银航空租赁,2026-08-18 00:00:00,75.25,75.6,76.2,73.9,8.564,0.00145,1002924.0,75820550.0,0.4651162790697599,75.25
HK.02588,中银航空租赁,2026-08-19 00:00:00,75.6,74.75,75.6,74.3,8.468,0.00147,1017126.0,76088382.0,-1.124338624338617,75.6
HK.02588,中银航空租赁,2026-08-20 00:00:00,74.55,77.95,79.05,73.55,8.83,0.00282,1956151.0,150870203.0,4.280936454849503,74.75
HK.02588,中银航空租赁,2026-08-21 00:00:00,75.9,73.05,76.0,70.75,8.275,0.00445,3085324.0,225547233.0,-6.286080821039135,77.95
