code,name,time_key,open,close,high,low,pe_ratio,turnover_rate,volume,turnover,change_rate,last_close
HK.09696,天齐锂业,2022-07-13 00:00:00,69.72505,77.22505,77.22505,67.87505,31.345,0.24579,40339900.0,3104180298.0,0.0,77.22505
HK.09696,天齐锂业,2022-07-14 00:00:00,78.37505,74.22505,78.77505,72.37505,29.054,0.07781,12770686.0,1026222854.0,-3.8847498318227056,77.22505
HK.09696,天齐锂业,2022-07-15 00:00:00,75.22505,74.47505,75.87505,74.17505,29.146,0.02487,4081800.0,324836977.0,0.3368135151138329,74.22505
HK.09696,天齐锂业,2022-07-18 00:00:00,74.72505,72.17505,75.07505,70.52505,28.3,0.02389,3920900.0,301780015.0,-3.0882825859129968,74.47505
HK.09696,天齐锂业,2022-07-19 00:00:00,71.22505,72.22505,73.22505,70.42505,28.319,0.02154,3534700.0,270799690.0,0.06927601712779853,72.17505
HK.09696,天齐锂业,2022-07-20 00:00:00,73.22505,74.07505,76.32505,73.02505,28.999,0.01734,2846200.0,225699880.0,2.561438171382379,72.22505
HK.09696,天齐锂业,2022-07-21 00:00:00,74.42505,73.22505,74.42505,71.22505,28.687,0.01503,2466908.0,191037967.0,-1.1474848818866927,74.07505
HK.09696,天齐锂业,2022-07-22 00:00:00,74.57505,73.52505,74.62505,71.47505,28.797,0.01171,1921800.0,149293365.0,0.4096958622766351,73.22505
HK.09696,天齐锂业,2022-07-25 00:00:00,73.52505,73.22505,73.72505,71.82505,28.687,0.01039,1705600.0,132461553.0,-0.4080242039957772,73.52505
HK.09696,天齐锂业,2022-07-26 00:00:00,73.22505,77.22505,77.22505,72.57505,30.158,0.02116,3472600.0,278521440.0,5.462611497021853,73.22505
HK.09696,天齐锂业,2022-07-27 00:00:00,76.52505,77.07505,77.07505,75.07505,30.102,0.01149,1885600.0,152825695.0,-0.19423749159112422,77.22505
HK.09696,天齐锂业,2022-07-28 00:00:00,77.02505,75.82505,77.12505,74.27505,29.643,0.01434,2353800.0,188711550.0,-1.6217958989322743,77.07505
HK.09696,天齐锂业,2022-07-29 00:00:00,75.82505,75.22505,75.82505,73.27505,29.422,0.01189,1951000.0,155172291.0,-0.7912952249949171,75.82505
HK.09696,天齐锂业,2022-08-01 00:00:00,74.67505,75.07505,75.22505,72.57505,29.367,0.01315,2157400.0,170724180.0,-0.19940166207930932,75.22505
HK.09696,天齐锂业,2022-08-02 00:00:00,74.02505,72.52505,74.02505,71.07505,28.429,0.01191,1954886.0,150673315.0,-3.396601134464794,75.07505
HK.09696,天齐锂业,2022-08-03 00:00:00,72.87505,74.22505,74.22505,72.17505,29.054,0.0099,1624400.0,127261560.0,2.3440176876817085,72.52505
HK.09696,天齐锂业,2022-08-04 00:00:00,74.07505,74.72505,75.07505,73.82505,29.238,0.01537,2522600.0,200277165.0,0.6736270302276658,74.22505
HK.09696,天齐锂业,2022-08-05 00:00:00,74.67505,75.72505,77.12505,73.62505,29.606,0.02054,3371000.0,270576415.0,1.338239318675598,74.72505
HK.09696,天齐锂业,2022-08-08 00:00:00,75.47505,75.92505,78.07505,75.47505,29.68,0.03159,5184200.0,423729540.0,0.2641133944447747,75.72505
HK.09696,天齐锂业,2022-08-09 00:00:00,76.12505,80.27505,82.02505,76.07505,31.279,0.04464,7326800.0,616997350.0,5.729334389638195,75.92505
HK.09696,天齐锂业,2022-08-10 00:00:00,80.77505,81.02505,83.12505,78.07505,31.555,0.03118,5117963.0,435811000.0,0.934287801751603,80.27505
HK.09696,天齐锂业,2022-08-11 00:00:00,82.22505,80.77505,83.02505,79.12505,31.463,0.01455,2387581.0,204668483.0,-0.3085465544297721,81.02505
HK.09696,天齐锂业,2022-08-12 00:00:00,80.87505,80.47505,83.97505,79.72505,31.353,0.0187,3068825.0,266027875.0,-0.3714018128122448,80.77505
HK.09696,天齐锂业,2022-08-15 00:00:00,81.02505,83.27505,83.62505,80.72505,32.383,0.02088,3426400.0,298148570.0,3.4793392486242594,80.47505
HK.09696,天齐锂业,2022-08-16 00:00:00,83.97505,82.52505,83.97505,80.77505,32.107,0.01611,2644460.0,229597968.0,-0.9006299005524465,83.27505
HK.09696,天齐锂业,2022-08-17 00:00:00,82.62505,82.17505,82.87505,79.57505,31.978,0.01404,2303834.0,198139849.0,-0.42411364791659545,82.52505
HK.09696,天齐锂业,2022-08-18 00:00:00,82.07505,79.07505,82.17505,79.07505,30.838,0.014,2298070.0,195815404.0,-3.7724345771617958,82.17505
HK.09696,天齐锂业,2022-08-19 00:00:00,79.12505,76.22505,79.22505,76.22505,29.79,0.01139,1869267.0,154302119.0,-3.6041709742833024,79.07505
HK.09696,天齐锂业,2022-08-22 00:00:00,76.27505,79.62505,82.27505,74.92505,31.04,0.02532,4156362.0,350902082.0,4.460475919661589,76.22505
HK.09696,天齐锂业,2022-08-23 00:00:00,79.62505,80.82505,81.52505,79.62505,31.482,0.01501,2463800.0,210693500.0,1.50706341785657,79.62505
HK.09696,天齐锂业,2022-08-24 00:00:00,81.37505,77.27505,82.87505,77.27505,30.176,0.0178,2920730.0,248701692.0,-4.392202664891654,80.82505
HK.09696,天齐锂业,2022-08-25 00:00:00,75.97505,76.57505,78.97505,73.42505,29.919,0.01461,2398400.0,194440205.0,-0.9058551240018463,77.27505
HK.09696,天齐锂业,2022-08-26 00:00:00,78.22505,78.37505,80.22505,78.02505,30.581,0.01775,2912615.0,243257848.0,2.3506350958961137,76.57505
HK.09696,天齐锂业,2022-08-29 00:00:00,78.22505,80.22505,80.22505,77.02505,31.261,0.00917,1505000.0,125980625.0,2.360445065106809,78.37505
HK.09696,天齐锂业,2022-08-30 00:00:00,80.42505,79.72505,80.42505,78.62505,31.077,0.00864,1417600.0,119877418.0,-0.6232467290453544,80.22505
HK.09696,天齐锂业,2022-08-31 00:00:00,80.22505,77.42505,80.72505,76.57505,30.231,0.01615,2651143.0,219236376.0,-2.8849150925587344,79.72505
HK.09696,天齐锂业,2022-09-01 00:00:00,77.72505,75.22505,78.42505,75.22505,29.422,0.01048,1719300.0,139049975.0,-2.8414576419388853,77.42505
HK.09696,天齐锂业,2022-09-02 00:00:00,76.52505,73.57505,76.52505,73.17505,28.815,0.01265,2076300.0,166639431.0,-2.193418282872516,75.22505
HK.09696,天齐锂业,2022-09-05 00:00:00,74.12505,72.47505,74.27505,71.77505,28.411,0.00511,838338.0,64780913.0,-1.4950720386870393,73.57505
HK.09696,天齐锂业,2022-09-06 00:00:00,74.07505,76.37505,76.87505,72.92505,29.845,0.01222,2006064.0,160810531.0,5.381162206856023,72.47505
HK.09696,天齐锂业,2022-09-07 00:00:00,76.02505,76.87505,77.87505,75.22505,30.029,0.00695,1140210.0,92818492.0,0.6546640558664119,76.37505
HK.09696,天齐锂业,2022-09-08 00:00:00,77.92505,76.92505,78.32505,75.72505,30.047,0.00669,1098400.0,90178195.0,0.06504060810366583,76.87505
HK.09696,天齐锂业,2022-09-09 00:00:00,77.72505,77.57505,78.72505,76.92505,30.286,0.01281,2102623.0,173855102.0,0.8449783263059377,76.92505
HK.09696,天齐锂业,2022-09-13 00:00:00,78.97505,78.52505,79.02505,76.97505,30.636,0.01155,1895000.0,157271770.0,1.2246205448787832,77.57505
HK.09696,天齐锂业,2022-09-14 00:00:00,77.22505,79.92505,80.17505,76.47505,31.151,0.02243,3681196.0,308671499.0,1.7828705616870104,78.52505
HK.09696,天齐锂业,2022-09-15 00:00:00,80.72505,80.52505,81.67505,78.72505,31.371,0.0144,2363526.0,201168552.0,0.7507033151683913,79.92505
HK.09696,天齐锂业,2022-09-16 00:00:00,79.87505,74.32505,79.87505,74.32505,29.091,0.0345,5661400.0,457684020.0,-7.699467432805057,80.52505
HK.09696,天齐锂业,2022-09-19 00:00:00,74.22505,74.17505,75.92505,73.92505,29.036,0.00827,1356700.0,107831766.0,-0.20181621135808947,74.32505
HK.09696,天齐锂业,2022-09-20 00:00:00,74.97505,77.27505,79.97505,74.92505,30.176,0.02093,3435747.0,283472046.0,4.179302878798187,74.17505
HK.09696,天齐锂业,2022-09-21 00:00:00,76.97505,78.02505,78.57505,76.82505,30.452,0.00856,1405362.0,116278505.0,0.9705590614305654,77.27505
HK.09696,天齐锂业,2022-09-22 00:00:00,77.92505,77.92505,79.67505,77.22505,30.415,0.00783,1285362.0,106835753.0,-0.1281639678539063,78.02505
HK.09696,天齐锂业,2022-09-23 00:00:00,77.72505,74.67505,77.92505,74.22505,29.22,0.00801,1314000.0,105595218.0,-4.170674256866053,77.92505
HK.09696,天齐锂业,2022-09-26 00:00:00,74.22505,74.72505,75.97505,73.17505,29.238,0.00625,1025627.0,81193228.0,0.0669567680235864,74.67505
HK.09696,天齐锂业,2022-09-27 00:00:00,74.72505,73.77505,74.77505,72.42505,28.889,0.00583,957333.0,74798981.0,-1.271327352741822,74.72505
HK.09696,天齐锂业,2022-09-28 00:00:00,73.72505,70.72505,74.42505,70.72505,27.767,0.00656,1075886.0,82210299.0,-4.134188997499829,73.77505
HK.09696,天齐锂业,2022-09-29 00:00:00,71.22505,67.07505,72.17505,66.22505,26.425,0.00518,849884.0,62352367.0,-5.160830568518498,70.72505
HK.09696,天齐锂业,2022-09-30 00:00:00,66.27505,63.72505,67.02505,63.47505,25.193,0.00769,1262800.0,87309912.0,-4.994405520383513,67.07505
HK.09696,天齐锂业,2022-10-03 00:00:00,65.12505,59.825049999,65.12505,58.82505,23.758,0.01034,1696500.0,110161280.0,-6.120042276938193,63.72505
HK.09696,天齐锂业,2022-10-05 00:00:00,62.77505,63.02505,64.32505,61.97505,24.935,0.00798,1309000.0,88719217.0,5.348929923257044,59.825049999
HK.09696,天齐锂业,2022-10-06 00:00:00,62.22505,66.22505,66.42505,62.22505,26.112,0.00697,1144200.0,79858805.0,5.07734622979275,63.02505
HK.09696,天齐锂业,2022-10-07 00:00:00,65.77505,63.87505,65.77505,63.825049999,25.248,0.00442,726000.0,50452769.0,-3.548506192143297,66.22505
HK.09696,天齐锂业,2022-10-10 00:00:00,63.92505,58.92505,63.92505,57.72505,23.427,0.01227,2013600.0,130241215.0,-7.749504697060907,63.87505
HK.09696,天齐锂业,2022-10-11 00:00:00,59.47505,59.67505,62.325049999,59.27505,23.703,0.01114,1828069.0,119513354.0,1.2728033323688313,58.92505
HK.09696,天齐锂业,2022-10-12 00:00:00,60.22505,59.825049999,61.37505,55.27505,23.758,0.01183,1941787.0,122915922.0,0.25136132939981126,59.67505
HK.09696,天齐锂业,2022-10-13 00:00:00,59.02505,55.97505,59.42505,55.92505,22.342,0.01304,2140444.0,133524280.0,-6.435431310236018,59.825049999
HK.09696,天齐锂业,2022-10-14 00:00:00,57.72505,56.97505,59.22505,56.72505,22.71,0.01697,2784888.0,174742610.0,1.7865102398300672,55.97505
HK.09696,天齐锂业,2022-10-17 00:00:00,57.22505,55.57505,57.22505,53.32505,22.195,0.02054,3370494.0,200029433.0,-2.45721592170609,56.97505
HK.09696,天齐锂业,2022-10-18 00:00:00,56.02505,56.92505,57.42505,55.42505,22.692,0.01119,1836032.0,112449769.0,2.429147612102916,55.57505
HK.09696,天齐锂业,2022-10-19 00:00:00,57.22505,56.02505,59.07505,55.72505,22.361,0.01338,2196000.0,137228839.0,-1.5810262792918033,56.92505
HK.09696,天齐锂业,2022-10-20 00:00:00,55.52505,53.92505,55.92505,53.72505,21.588,0.01011,1660000.0,98225495.0,-3.7483232946690834,56.02505
HK.09696,天齐锂业,2022-10-21 00:00:00,54.22505,54.27505,55.17505,53.37505,21.717,0.00679,1114888.0,65756542.0,0.649049004127027,53.92505
HK.09696,天齐锂业,2022-10-24 00:00:00,55.42505,54.22505,56.82505,53.92505,21.699,0.01878,3082700.0,185406526.0,-0.09212336054963959,54.27505
HK.09696,天齐锂业,2022-10-25 00:00:00,54.27505,56.87505,58.02505,52.72505,22.673,0.01151,1889000.0,114583513.0,4.887040214808466,54.22505
HK.09696,天齐锂业,2022-10-26 00:00:00,57.22505,58.97505,60.37505,57.22505,23.446,0.00929,1525339.0,96976453.0,3.6923044463257635,56.87505
HK.09696,天齐锂业,2022-10-27 00:00:00,60.92505,62.075049999,62.825049999,60.075049999,24.586,0.01559,2558000.0,169328490.0,5.256460145434379,58.97505
HK.09696,天齐锂业,2022-10-28 00:00:00,63.17505,59.07505,63.17505,59.07505,23.482,0.00898,1474400.0,96542145.0,-4.832859577315414,62.075049999
HK.09696,天齐锂业,2022-10-31 00:00:00,61.17505,59.22505,62.02505,58.82505,23.538,0.00974,1598850.0,104475855.0,0.253914300538054,59.07505
HK.09696,天齐锂业,2022-11-01 00:00:00,60.075049999,63.325049999,63.52505,59.27505,25.045,0.01726,2832520.0,189528178.0,6.9227463699903975,59.22505
HK.09696,天齐锂业,2022-11-02 00:00:00,63.02505,64.17505,64.97505,62.075049999,25.358,0.006,985328.0,67452894.0,1.3422808209601427,63.325049999
HK.09696,天齐锂业,2022-11-03 00:00:00,65.12505,62.075049999,65.12505,61.67505,24.586,0.00737,1208800.0,81708750.0,-3.2722997504481848,64.17505
HK.09696,天齐锂业,2022-11-04 00:00:00,62.325049999,66.62505,67.42505,61.77505,26.259,0.02077,3408140.0,238925262.0,7.329837029649269,62.075049999
HK.09696,天齐锂业,2022-11-07 00:00:00,67.27505,67.72505,70.92505,67.27505,26.664,0.01368,2244440.0,166265094.0,1.651030655886929,66.62505
HK.09696,天齐锂业,2022-11-08 00:00:00,68.97505,71.22505,71.97505,68.27505,27.951,0.01717,2817610.0,212580802.0,5.1679548409340414,67.72505
HK.09696,天齐锂业,2022-11-09 00:00:00,73.42505,73.92505,75.02505,71.82505,28.944,0.01593,2614751.0,205689123.0,3.7908011296587407,71.22505
HK.09696,天齐锂业,2022-11-10 00:00:00,72.42505,67.77505,72.67505,67.72505,26.682,0.00978,1605481.0,119238966.0,-8.31923684867309,73.92505
HK.09696,天齐锂业,2022-11-11 00:00:00,71.72505,68.72505,72.17505,68.47505,27.031,0.01449,2377786.0,176911728.0,1.4016957567718547,67.77505
HK.09696,天齐锂业,2022-11-14 00:00:00,69.67505,65.27505,69.97505,62.77505,25.763,0.02862,4697804.0,328648027.0,-5.0200036231330545,68.72505
HK.09696,天齐锂业,2022-11-15 00:00:00,65.02505,66.52505,67.52505,63.47505,26.222,0.01689,2772410.0,196878992.0,1.914973638472893,65.27505
HK.09696,天齐锂业,2022-11-16 00:00:00,66.22505,61.72505,66.22505,61.27505,24.457,0.02941,4827200.0,326052039.0,-7.215327158716891,66.52505
HK.09696,天齐锂业,2022-11-17 00:00:00,61.825049999,61.62505,63.22505,59.22505,24.42,0.01997,3278288.0,214612598.0,-0.16200877925575016,61.72505
HK.09696,天齐锂业,2022-11-18 00:00:00,61.075049999,59.72505,62.22505,59.325049999,23.721,0.01086,1782821.0,116428519.0,-3.083161798651682,61.62505
HK.09696,天齐锂业,2022-11-21 00:00:00,59.62505,62.075049999,62.075049999,58.82505,24.586,0.01168,1916425.0,126071738.0,3.934697415908396,59.72505
HK.09696,天齐锂业,2022-11-22 00:00:00,62.52505,60.42505,63.47505,58.87505,23.979,0.01473,2417444.0,158474777.0,-2.6580727667985493,62.075049999
HK.09696,天齐锂业,2022-11-23 00:00:00,60.42505,61.075049999,61.87505,59.72505,24.218,0.00584,958833.0,63107351.0,1.0757128028855618,60.42505
HK.09696,天齐锂业,2022-11-24 00:00:00,61.22505,61.075049999,62.62505,60.62505,24.218,0.0064,1051000.0,69699576.0,0.0,61.075049999
HK.09696,天齐锂业,2022-11-25 00:00:00,61.22505,58.47505,61.22505,58.12505,23.262,0.00704,1154605.0,73993815.0,-4.257057503911284,61.075049999
HK.09696,天齐锂业,2022-11-28 00:00:00,57.22505,56.22505,57.27505,54.22505,22.434,0.01196,1963600.0,118389650.0,-3.847794914241202,58.47505
HK.09696,天齐锂业,2022-11-29 00:00:00,56.22505,57.17505,57.82505,55.82505,22.784,0.01501,2463406.0,152528693.0,1.689638337360297,56.22505
HK.09696,天齐锂业,2022-11-30 00:00:00,57.77505,60.22505,61.52505,57.72505,23.905,0.02446,4014756.0,259734969.0,5.334494679060192,57.17505
HK.09696,天齐锂业,2022-12-01 00:00:00,62.22505,61.42505,63.12505,60.72505,24.347,0.01892,3106000.0,207274432.0,1.9925263656900172,60.22505
HK.09696,天齐锂业,2022-12-02 00:00:00,61.22505,60.52505,61.97505,60.47505,24.016,0.0078,1279727.0,84538440.0,-1.4652002725272484,61.42505
HK.09696,天齐锂业,2022-12-05 00:00:00,61.72505,62.72505,63.77505,61.62505,24.825,0.01546,2536605.0,171128428.0,3.6348586246521117,60.52505
HK.09696,天齐锂业,2022-12-06 00:00:00,61.92505,60.92505,62.825049999,60.22505,24.163,0.01134,1861549.0,123294955.0,-2.869666903414193,62.72505
HK.09696,天齐锂业,2022-12-07 00:00:00,61.02505,59.12505,62.62505,59.02505,23.501,0.01378,2261680.0,148914747.0,-2.954449770660832,60.92505
HK.09696,天齐锂业,2022-12-08 00:00:00,59.17505,59.62505,61.02505,58.42505,23.685,0.01225,2011016.0,129319721.0,0.8456652467947172,59.12505
HK.09696,天齐锂业,2022-12-09 00:00:00,60.62505,62.92505,63.37505,59.27505,24.898,0.01669,2739400.0,181806287.0,5.53458655380582,59.62505
HK.09696,天齐锂业,2022-12-12 00:00:00,62.92505,62.52505,63.22505,61.02505,24.751,0.00983,1614044.0,108111113.0,-0.6356768886158987,62.92505
HK.09696,天齐锂业,2022-12-13 00:00:00,62.72505,61.42505,62.77505,61.27505,24.347,0.00754,1237400.0,82480230.0,-1.759294874614257,62.52505
HK.09696,天齐锂业,2022-12-14 00:00:00,62.02505,61.97505,62.87505,60.825049999,24.549,0.00863,1416688.0,94403985.0,0.895400166544438,61.42505
HK.09696,天齐锂业,2022-12-15 00:00:00,62.52505,62.575049999,62.77505,60.17505,24.77,0.01578,2590000.0,172498597.0,0.9681315287361572,61.97505
HK.09696,天齐锂业,2022-12-16 00:00:00,62.22505,59.22505,62.22505,58.77505,23.538,0.04907,8053319.0,516457205.0,-5.3535714299126145,62.575049999
HK.09696,天齐锂业,2022-12-19 00:00:00,59.22505,59.47505,62.52505,59.22505,23.63,0.01762,2891400.0,189550025.0,0.4221186811999314,59.22505
HK.09696,天齐锂业,2022-12-20 00:00:00,59.72505,55.82505,59.77505,55.72505,22.287,0.02011,3300200.0,202511655.0,-6.1370272072070655,59.47505
HK.09696,天齐锂业,2022-12-21 00:00:00,56.02505,55.17505,56.32505,54.82505,22.048,0.00743,1219298.0,73365175.0,-1.1643518456320212,55.82505
HK.09696,天齐锂业,2022-12-22 00:00:00,56.12505,54.22505,56.12505,53.92505,21.699,0.01034,1697488.0,100630934.0,-1.7217927305910838,55.17505
HK.09696,天齐锂业,2022-12-23 00:00:00,54.02505,53.72505,54.72505,53.37505,21.515,0.00575,944435.0,55367448.0,-0.9220830593978244,54.22505
HK.09696,天齐锂业,2022-12-28 00:00:00,53.62505,54.27505,54.27505,50.52505,21.717,0.01835,3011162.0,171805358.0,1.0237310156063086,53.72505
HK.09696,天齐锂业,2022-12-29 00:00:00,54.07505,52.62505,54.37505,52.32505,21.11,0.01009,1656408.0,95821473.0,-3.0400708981382767,54.27505
HK.09696,天齐锂业,2022-12-30 00:00:00,52.92505,51.02505,54.37505,50.82505,20.522,0.01552,2546800.0,145485110.0,-3.0403771587865505,52.62505
HK.09696,天齐锂业,2023-01-03 00:00:00,51.82505,52.92505,53.27505,49.37505,21.221,0.00752,1233400.0,69870910.0,3.723661221302083,51.02505
HK.09696,天齐锂业,2023-01-04 00:00:00,51.92505,51.72505,53.07505,51.02505,20.779,0.01612,2645396.0,149332777.0,-2.2673573289019013,52.92505
HK.09696,天齐锂业,2023-01-05 00:00:00,52.32505,54.82505,56.02505,51.97505,21.919,0.02118,3475400.0,206423116.0,5.9932276527523785,51.72505
HK.09696,天齐锂业,2023-01-06 00:00:00,54.82505,55.12505,56.87505,54.47505,22.03,0.01841,3021600.0,183591421.0,0.5471951233970681,54.82505
HK.09696,天齐锂业,2023-01-09 00:00:00,56.22505,56.47505,58.42505,56.02505,22.526,0.01729,2837198.0,175384358.0,2.44897737054207,55.12505
HK.09696,天齐锂业,2023-01-10 00:00:00,57.42505,56.42505,57.42505,55.22505,22.508,0.0106,1739421.0,106509495.0,-0.08853467150538913,56.47505
HK.09696,天齐锂业,2023-01-11 00:00:00,56.97505,56.02505,57.62505,55.72505,22.361,0.0088,1444198.0,88636033.0,-0.7089049987549831,56.42505
HK.09696,天齐锂业,2023-01-12 00:00:00,57.12505,57.57505,59.17505,56.77505,22.931,0.01566,2569600.0,160737450.0,2.7666195746366977,56.02505
HK.09696,天齐锂业,2023-01-13 00:00:00,58.02505,58.37505,58.92505,57.42505,23.225,0.00949,1557900.0,97827765.0,1.3894907603206672,57.57505
HK.09696,天齐锂业,2023-01-16 00:00:00,58.37505,61.37505,61.97505,58.27505,24.328,0.01614,2649036.0,173047527.0,5.139181893634352,58.37505
HK.09696,天齐锂业,2023-01-17 00:00:00,62.075049999,59.67505,62.075049999,58.52505,23.703,0.0091,1492807.0,96636461.0,-2.7698551773073956,61.37505
HK.09696,天齐锂业,2023-01-18 00:00:00,59.72505,59.72505,61.72505,59.27505,23.721,0.01133,1860209.0,120465972.0,0.08378711035852382,59.67505
HK.09696,天齐锂业,2023-01-19 00:00:00,61.62505,61.67505,62.72505,60.17505,24.439,0.012,1969269.0,130107740.0,3.2649616869303513,59.72505
HK.09696,天齐锂业,2023-01-20 00:00:00,61.92505,66.87505,67.62505,61.92505,26.351,0.02039,3346173.0,236261282.0,8.431286233249917,61.67505
HK.09696,天齐锂业,2023-01-26 00:00:00,68.02505,70.82505,71.82505,67.02505,27.804,0.01332,2185500.0,163497697.0,5.906537639971862,66.87505
HK.09696,天齐锂业,2023-01-27 00:00:00,72.62505,71.82505,72.62505,69.27505,28.172,0.00694,1139355.0,86099903.0,1.4119298186164357,70.82505
HK.09696,天齐锂业,2023-01-30 00:00:00,71.27505,70.22505,73.22505,69.82505,27.583,0.03007,4935909.0,376963489.0,-2.2276350660389492,71.82505
HK.09696,天齐锂业,2023-01-31 00:00:00,70.72505,67.57505,71.62505,67.57505,26.609,0.02214,3633520.0,269788023.0,-3.773582218880573,70.22505
HK.09696,天齐锂业,2023-02-01 00:00:00,69.07505,69.22505,69.67505,67.72505,27.215,0.01072,1759229.0,129462677.0,2.441729602863766,67.57505
HK.09696,天齐锂业,2023-02-02 00:00:00,70.07505,66.72505,70.12505,66.57505,26.296,0.01121,1840336.0,133149100.0,-3.611409453658755,69.22505
HK.09696,天齐锂业,2023-02-03 00:00:00,67.02505,67.02505,67.27505,65.32505,26.406,0.00996,1635200.0,116169760.0,0.44960625732014764,66.72505
HK.09696,天齐锂业,2023-02-06 00:00:00,67.02505,64.47505,67.02505,63.52505,25.468,0.0129,2116846.0,146865848.0,-3.804547702687275,67.02505
HK.09696,天齐锂业,2023-02-07 00:00:00,65.22505,65.32505,66.57505,64.52505,25.781,0.00759,1245400.0,87602901.0,1.3183394196670009,64.47505
HK.09696,天齐锂业,2023-02-08 00:00:00,65.82505,66.77505,68.22505,65.42505,26.314,0.0088,1443533.0,103369558.0,2.2196691774441635,65.32505
HK.09696,天齐锂业,2023-02-09 00:00:00,66.77505,67.12505,67.52505,65.22505,26.443,0.00762,1250800.0,89469543.0,0.5241478666058783,66.77505
HK.09696,天齐锂业,2023-02-10 00:00:00,67.37505,64.92505,67.37505,63.575049999,25.634,0.00873,1433360.0,99755093.0,-3.277464970230939,67.12505
HK.09696,天齐锂业,2023-02-13 00:00:00,63.325049999,63.12505,64.42505,63.02505,24.972,0.00779,1279000.0,87527463.0,-2.7724275915074337,64.92505
HK.09696,天齐锂业,2023-02-14 00:00:00,63.52505,63.72505,64.32505,63.02505,25.193,0.00605,993301.0,67984349.0,0.9504942966381831,63.12505
HK.09696,天齐锂业,2023-02-15 00:00:00,64.32505,61.87505,64.92505,61.67505,24.512,0.00759,1245069.0,83661718.0,-2.9030969767775803,63.72505
HK.09696,天齐锂业,2023-02-16 00:00:00,62.22505,58.67505,62.47505,57.22505,23.335,0.02394,3929600.0,252361972.0,-5.171712992555162,61.87505
HK.09696,天齐锂业,2023-02-17 00:00:00,58.87505,57.62505,59.92505,57.42505,22.949,0.0084,1377957.0,86989119.0,-1.7895170093591692,58.67505
HK.09696,天齐锂业,2023-02-20 00:00:00,56.82505,56.72505,57.27505,54.97505,22.618,0.01363,2237600.0,135951335.0,-1.5618207706544265,57.62505
HK.09696,天齐锂业,2023-02-21 00:00:00,56.32505,56.07505,57.47505,55.72505,22.379,0.01062,1742500.0,106720880.0,-1.145878231927527,56.72505
HK.09696,天齐锂业,2023-02-22 00:00:00,56.07505,55.17505,56.07505,54.02505,22.048,0.01318,2162500.0,128549329.0,-1.6049918814160642,56.07505
HK.09696,天齐锂业,2023-02-23 00:00:00,54.77505,55.12505,55.72505,53.82505,22.03,0.01647,2703354.0,160022373.0,-0.09062067003110492,55.17505
HK.09696,天齐锂业,2023-02-24 00:00:00,54.92505,53.87505,55.52505,53.27505,21.57,0.02126,3488436.0,204520935.0,-2.267571639390803,55.12505
HK.09696,天齐锂业,2023-02-27 00:00:00,53.92505,52.72505,54.62505,52.52505,21.147,0.00953,1564000.0,90880862.0,-2.134568784622935,53.87505
HK.09696,天齐锂业,2023-02-28 00:00:00,52.62505,51.02505,53.02505,50.87505,20.522,0.01273,2089076.0,117290389.0,-3.2242738508545803,52.72505
HK.09696,天齐锂业,2023-03-01 00:00:00,51.12505,52.77505,52.87505,51.12505,21.165,0.01236,2028751.0,115361560.0,3.429687966988763,51.02505
HK.09696,天齐锂业,2023-03-02 00:00:00,52.77505,51.57505,52.77505,51.32505,20.724,0.00956,1569100.0,88697655.0,-2.2738017301736386,52.77505
HK.09696,天齐锂业,2023-03-03 00:00:00,52.02505,51.92505,52.72505,51.12505,20.853,0.00976,1602000.0,90707640.0,0.6786227061340734,51.57505
HK.09696,天齐锂业,2023-03-06 00:00:00,52.17505,53.77505,53.77505,50.12505,21.533,0.0198,3249132.0,184942729.0,3.5628275755150964,51.92505
HK.09696,天齐锂业,2023-03-07 00:00:00,53.87505,51.57505,53.87505,50.97505,20.724,0.01978,3246600.0,184108670.0,-4.091116605191447,53.77505
HK.09696,天齐锂业,2023-03-08 00:00:00,50.82505,50.97505,51.22505,50.32505,20.503,0.01403,2302400.0,127823590.0,-1.1633532105155386,51.57505
HK.09696,天齐锂业,2023-03-09 00:00:00,51.22505,51.47505,53.12505,50.52505,20.687,0.01333,2187600.0,124305220.0,0.9808720148386317,50.97505
HK.09696,天齐锂业,2023-03-10 00:00:00,50.22505,49.82505,51.17505,49.62505,20.08,0.01505,2469680.0,135807230.0,-3.205436420168617,51.47505
HK.09696,天齐锂业,2023-03-13 00:00:00,49.77505,48.67505,49.77505,46.12505,19.657,0.02288,3755704.0,196964079.0,-2.308075957776256,49.82505
HK.09696,天齐锂业,2023-03-14 00:00:00,48.67505,46.97505,48.67505,46.47505,19.032,0.0155,2543600.0,132691645.0,-3.492549057473995,48.67505
HK.09696,天齐锂业,2023-03-15 00:00:00,47.97505,47.32505,48.47505,46.82505,19.161,0.00678,1113500.0,58284055.0,0.7450763756504661,46.97505
HK.09696,天齐锂业,2023-03-16 00:00:00,46.42505,45.42505,46.72505,45.17505,18.462,0.01179,1935211.0,97505923.0,-4.014787094783838,47.32505
HK.09696,天齐锂业,2023-03-17 00:00:00,46.47505,47.37505,47.37505,45.82505,19.179,0.01358,2228205.0,114898684.0,4.292785588568428,45.42505
HK.09696,天齐锂业,2023-03-20 00:00:00,46.82505,47.02505,48.02505,46.02505,19.051,0.01021,1676058.0,87055547.0,-0.738785499962536,47.37505
HK.09696,天齐锂业,2023-03-21 00:00:00,47.02505,48.17505,48.27505,46.87505,19.474,0.00876,1437200.0,75276155.0,2.4455051084475157,47.02505
HK.09696,天齐锂业,2023-03-22 00:00:00,48.82505,49.92505,50.62505,48.72505,20.117,0.01867,3064000.0,167377510.0,3.6325857471865626,48.17505
HK.09696,天齐锂业,2023-03-23 00:00:00,49.42505,49.32505,49.67505,48.92505,19.897,0.00538,883000.0,47679510.0,-1.201801500449176,49.92505
HK.09696,天齐锂业,2023-03-24 00:00:00,49.47505,48.87505,49.77505,48.77505,19.731,0.00453,743064.0,40065348.0,-0.9123153448399864,49.32505
HK.09696,天齐锂业,2023-03-27 00:00:00,48.67505,48.07505,48.82505,47.42505,19.437,0.00403,661700.0,35032130.0,-1.6368269699979934,48.87505
HK.09696,天齐锂业,2023-03-28 00:00:00,48.72505,47.32505,48.72505,47.32505,19.161,0.00405,664842.0,34920963.0,-1.5600607799679878,48.07505
HK.09696,天齐锂业,2023-03-29 00:00:00,47.27505,48.72505,48.87505,47.27505,19.676,0.0113,1854400.0,98273014.0,2.958264175103895,47.32505
HK.09696,天齐锂业,2023-03-30 00:00:00,49.47505,50.02505,50.22505,47.87505,20.154,0.00923,1514599.0,81596986.0,2.668032151839756,48.72505
HK.09696,天齐锂业,2023-03-31 00:00:00,50.47505,48.07505,51.22505,48.07505,3.235,0.021,3446200.0,185574345.0,-3.8980470784137204,50.02505
HK.09696,天齐锂业,2023-04-03 00:00:00,48.07505,51.77505,51.82505,47.27505,3.462,0.03072,5041170.0,276518964.0,7.696299847842078,48.07505
HK.09696,天齐锂业,2023-04-04 00:00:00,50.77505,49.27505,51.42505,48.82505,3.309,0.0143,2347446.0,127224746.0,-4.828580561486662,51.77505
HK.09696,天齐锂业,2023-04-06 00:00:00,48.92505,47.47505,48.92505,46.97505,3.199,0.01942,3187000.0,167041280.0,-3.652964329818026,49.27505
HK.09696,天齐锂业,2023-04-11 00:00:00,48.72505,50.82505,51.12505,47.82505,3.404,0.02105,3454600.0,188367830.0,7.056338013335413,47.47505
HK.09696,天齐锂业,2023-04-12 00:00:00,51.22505,50.12505,51.22505,49.52505,3.361,0.00886,1454600.0,79772856.0,-1.3772736081912282,50.82505
HK.09696,天齐锂业,2023-04-13 00:00:00,49.07505,48.47505,49.17505,48.12505,3.26,0.01361,2233800.0,119149355.0,-3.2917672900076878,50.12505
HK.09696,天齐锂业,2023-04-14 00:00:00,48.57505,52.72505,52.92505,48.57505,3.52,0.03786,6214430.0,351764801.0,8.767396836104346,48.47505
HK.09696,天齐锂业,2023-04-17 00:00:00,53.02505,52.52505,54.62505,52.02505,3.508,0.01807,2965910.0,171182841.0,-0.3793263353946612,52.72505
HK.09696,天齐锂业,2023-04-18 00:00:00,53.52505,53.77505,54.52505,52.62505,3.584,0.02548,4182600.0,244859174.0,2.3798168683323477,52.52505
HK.09696,天齐锂业,2023-04-19 00:00:00,54.32505,53.77505,54.77505,52.67505,3.584,0.02103,3451940.0,203033711.0,0.0,53.77505
HK.09696,天齐锂业,2023-04-20 00:00:00,53.92505,50.17505,53.92505,50.12505,3.364,0.03457,5672953.0,322144604.0,-6.694554444858724,53.77505
HK.09696,天齐锂业,2023-04-21 00:00:00,51.12505,50.17505,52.12505,49.87505,3.364,0.01029,1688400.0,93684610.0,0.0,50.17505
HK.09696,天齐锂业,2023-04-24 00:00:00,48.82505,47.72505,48.82505,46.42505,3.214,0.02549,4183200.0,219009570.0,-4.882904949770843,50.17505
HK.09696,天齐锂业,2023-04-25 00:00:00,48.12505,43.27505,48.12505,42.97505,2.941,0.03336,5475762.0,268540219.0,-9.324243767162114,47.72505
HK.09696,天齐锂业,2023-04-26 00:00:00,42.72505,44.37505,45.72505,42.02505,3.009,0.02846,4670290.0,228259241.0,2.5418803675559043,43.27505
HK.09696,天齐锂业,2023-04-27 00:00:00,44.47505,44.62505,45.07505,43.72505,3.024,0.01602,2629400.0,129568860.0,0.5633796468961725,44.37505
HK.09696,天齐锂业,2023-04-28 00:00:00,45.22505,44.22505,45.67505,43.87505,3.0,0.01214,1993124.0,98409720.0,-0.8963575390951911,44.62505
HK.09696,天齐锂业,2023-05-02 00:00:00,45.32505,47.22505,47.97505,45.22505,3.183,0.0078,1280600.0,65993018.0,6.783485829863392,44.22505
HK.09696,天齐锂业,2023-05-03 00:00:00,47.22505,47.02505,47.37505,46.42505,3.171,0.00381,625000.0,32178065.0,-0.4235040513456372,47.22505
HK.09696,天齐锂业,2023-05-04 00:00:00,46.82505,47.22505,47.82505,46.72505,3.183,0.01398,2294327.0,119349966.0,0.4253052362517485,47.02505
HK.09696,天齐锂业,2023-05-05 00:00:00,47.12505,45.97505,47.42505,45.87505,3.107,0.01533,2515400.0,128898081.0,-2.646900320910195,47.22505
HK.09696,天齐锂业,2023-05-08 00:00:00,47.22505,46.72505,47.42505,45.22505,3.153,0.01569,2574690.0,131650298.0,1.6313195961722715,45.97505
HK.09696,天齐锂业,2023-05-09 00:00:00,47.02505,45.52505,47.02505,45.47505,3.079,0.01152,1890000.0,95728750.0,-2.5682155503311455,46.72505
HK.09696,天齐锂业,2023-05-10 00:00:00,46.22505,51.07505,51.57505,45.77505,3.419,0.04941,8108491.0,434917652.0,12.191090399681048,45.52505
HK.09696,天齐锂业,2023-05-11 00:00:00,51.32505,52.72505,52.77505,49.77505,3.52,0.03338,5478508.0,308351337.0,3.2305401561036278,51.07505
HK.09696,天齐锂业,2023-05-12 00:00:00,52.72505,50.97505,53.42505,50.72505,3.413,0.01288,2114135.0,119230737.0,-3.3191054347032387,52.72505
HK.09696,天齐锂业,2023-05-15 00:00:00,51.32505,55.37505,56.47505,51.32505,3.682,0.05123,8408795.0,502840090.0,8.631673730579957,50.97505
HK.09696,天齐锂业,2023-05-16 00:00:00,55.82505,55.32505,56.22505,54.82505,3.679,0.0159,2609900.0,157483285.0,-0.09029337219560842,55.37505
HK.09696,天齐锂业,2023-05-17 00:00:00,55.12505,53.17505,55.17505,52.87505,3.548,0.01159,1902800.0,111594541.0,-3.8861239167429553,55.32505
HK.09696,天齐锂业,2023-05-18 00:00:00,53.62505,54.32505,54.52505,52.72505,3.618,0.01091,1791000.0,104676328.0,2.162668394293938,53.17505
HK.09696,天齐锂业,2023-05-19 00:00:00,54.17505,52.97505,54.17505,52.72505,3.535,0.0103,1690764.0,98300181.0,-2.4850414311629616,54.32505
HK.09696,天齐锂业,2023-05-22 00:00:00,52.62505,51.92505,53.37505,51.32505,3.471,0.01446,2372842.0,134720550.0,-1.9820651419866602,52.97505
HK.09696,天齐锂业,2023-05-23 00:00:00,51.92505,51.47505,53.17505,51.37505,3.443,0.00605,992139.0,56491406.0,-0.8666337345847442,51.92505
HK.09696,天齐锂业,2023-05-24 00:00:00,51.92505,50.87505,52.57505,50.62505,3.407,0.00679,1113656.0,62756820.0,-1.1656132436976776,51.47505
HK.09696,天齐锂业,2023-05-25 00:00:00,51.12505,49.87505,51.12505,49.22505,3.345,0.00725,1189728.0,64872928.0,-1.9656000338083204,50.87505
HK.09696,天齐锂业,2023-05-29 00:00:00,49.77505,48.57505,49.77505,47.22505,3.266,0.01365,2240000.0,118805868.0,-2.606513677680532,49.87505
HK.09696,天齐锂业,2023-05-30 00:00:00,48.92505,47.92505,49.12505,46.67505,3.226,0.00786,1289200.0,67408410.0,-1.3381355243072288,48.57505
HK.09696,天齐锂业,2023-05-31 00:00:00,47.52505,45.97505,47.87505,45.72505,3.107,0.00976,1602400.0,81591343.0,-4.068853344962594,47.92505
HK.09696,天齐锂业,2023-06-01 00:00:00,45.47505,46.02505,47.47505,44.77505,3.11,0.00961,1577500.0,80680780.0,0.10875463974481193,45.97505
HK.09696,天齐锂业,2023-06-02 00:00:00,46.87505,50.27505,50.52505,46.87505,3.37,0.01734,2845250.0,153072677.0,9.234101864093574,46.02505
HK.09696,天齐锂业,2023-06-05 00:00:00,51.37505,50.32505,51.37505,49.62505,3.373,0.0094,1543000.0,85307075.0,0.09945290954458952,50.27505
HK.09696,天齐锂业,2023-06-06 00:00:00,50.57505,48.37505,50.57505,48.02505,3.254,0.00713,1169680.0,63016652.0,-3.874809861093026,50.32505
HK.09696,天齐锂业,2023-06-07 00:00:00,49.22505,48.32505,49.52505,47.67505,3.251,0.00512,840170.0,44685371.0,-0.10335906629554753,48.37505
HK.09696,天齐锂业,2023-06-08 00:00:00,48.82505,49.02505,50.72505,48.77505,3.293,0.00998,1637800.0,89134478.0,1.4485241091318122,48.32505
HK.09696,天齐锂业,2023-06-09 00:00:00,49.42505,49.87505,51.12505,48.92505,3.345,0.01092,1791634.0,98044657.0,1.733807512689944,49.02505
HK.09696,天齐锂业,2023-06-12 00:00:00,50.12505,48.82505,50.17505,48.77505,3.281,0.00644,1056400.0,57003883.0,-2.1052610473573545,49.87505
HK.09696,天齐锂业,2023-06-13 00:00:00,48.82505,49.22505,49.42505,48.52505,3.306,0.00826,1355800.0,72760845.0,0.8192515931883443,48.82505
HK.09696,天齐锂业,2023-06-14 00:00:00,49.82505,49.27505,50.02505,48.82505,3.309,0.00647,1061400.0,57439920.0,0.10157430007688598,49.22505
HK.09696,天齐锂业,2023-06-15 00:00:00,49.77505,51.12505,51.22505,48.62505,3.422,0.01472,2415800.0,132760883.0,3.754435561201869,49.27505
HK.09696,天齐锂业,2023-06-16 00:00:00,51.22505,52.27505,52.82505,50.87505,3.492,0.01971,3235228.0,183445689.0,2.249386553167182,51.12505
HK.09696,天齐锂业,2023-06-19 00:00:00,52.27505,51.17505,52.42505,50.92505,3.425,0.00682,1119000.0,63034152.0,-2.1042543240035188,52.27505
HK.09696,天齐锂业,2023-06-20 00:00:00,50.97505,48.37505,51.17505,48.17505,3.254,0.01526,2505200.0,135971910.0,-5.471416246784316,51.17505
HK.09696,天齐锂业,2023-06-21 00:00:00,48.42505,48.47505,49.42505,47.92505,3.26,0.00735,1206200.0,64509496.0,0.20671813259108035,48.37505
HK.09696,天齐锂业,2023-06-23 00:00:00,48.92505,47.82505,49.77505,47.22505,3.22,0.00273,447941.0,23473603.0,-1.3408959866983234,48.47505
HK.09696,天齐锂业,2023-06-26 00:00:00,47.82505,47.92505,48.57505,47.42505,3.226,0.00449,736509.0,38814245.0,0.20909544266028252,47.82505
HK.09696,天齐锂业,2023-06-27 00:00:00,47.92505,48.72505,48.82505,47.57505,3.275,0.00687,1126800.0,59714230.0,1.6692731671641536,47.92505
HK.09696,天齐锂业,2023-06-28 00:00:00,48.67505,47.47505,48.77505,47.12505,3.199,0.0049,804800.0,42180342.0,-2.5654155306151556,48.72505
HK.09696,天齐锂业,2023-06-29 00:00:00,47.82505,47.02505,47.92505,46.97505,3.171,0.0035,575200.0,29859380.0,-0.9478663002987945,47.47505
HK.09696,天齐锂业,2023-06-30 00:00:00,47.27505,49.77505,50.02505,47.27505,3.339,0.01468,2409332.0,130330727.0,5.847946998461459,47.02505
HK.09696,天齐锂业,2023-07-03 00:00:00,49.82505,50.82505,50.92505,49.32505,3.404,0.00682,1119641.0,61674038.0,2.109490598201302,49.77505
HK.09696,天齐锂业,2023-07-04 00:00:00,51.02505,50.62505,51.32505,50.22505,3.391,0.00481,789200.0,43812100.0,-0.39350674519748774,50.82505
HK.09696,天齐锂业,2023-07-05 00:00:00,51.76762,50.71762,51.76762,50.56762,3.195,0.00372,610200.0,32050938.0,0.18285414039096246,50.62505
HK.09696,天齐锂业,2023-07-06 00:00:00,51.11762,49.06762,51.11762,48.81762,3.094,0.00788,1293800.0,65679550.0,-3.2533072332652804,50.71762
HK.09696,天齐锂业,2023-07-07 00:00:00,49.06762,48.86762,49.26762,48.46762,3.082,0.00301,493624.0,24816052.0,-0.4076007762349096,49.06762
HK.09696,天齐锂业,2023-07-10 00:00:00,49.61762,50.36762,51.76762,49.61762,3.174,0.01217,1996598.0,104932129.0,3.0695171976863205,48.86762
HK.09696,天齐锂业,2023-07-11 00:00:00,50.91762,50.31762,50.91762,49.96762,3.171,0.005,820500.0,42494715.0,-0.09927012632322961,50.36762
HK.09696,天齐锂业,2023-07-12 00:00:00,50.66762,50.11762,51.06762,49.46762,3.159,0.00954,1565000.0,80870740.0,-0.39747507930620674,50.31762
HK.09696,天齐锂业,2023-07-13 00:00:00,50.51762,50.26762,50.91762,49.91762,3.168,0.0095,1558800.0,80491381.0,0.29929593623958717,50.11762
HK.09696,天齐锂业,2023-07-14 00:00:00,50.31762,50.06762,50.81762,49.61762,3.156,0.00465,763000.0,39235219.0,-0.39787043826622953,50.26762
HK.09696,天齐锂业,2023-07-18 00:00:00,50.01762,48.41762,50.01762,47.81762,3.055,0.00923,1514284.0,75181014.0,-3.2955431075014125,50.06762
HK.09696,天齐锂业,2023-07-19 00:00:00,48.81762,48.06762,48.81762,47.56762,3.033,0.00364,597663.0,29582516.0,-0.7228773326735214,48.41762
HK.09696,天齐锂业,2023-07-20 00:00:00,48.31762,47.71762,49.01762,47.61762,3.012,0.00714,1172600.0,58400616.0,-0.7281408981763637,48.06762
HK.09696,天齐锂业,2023-07-21 00:00:00,47.71762,46.41762,47.71762,45.86762,2.932,0.01648,2704600.0,129703178.0,-2.7243605192379614,47.71762
HK.09696,天齐锂业,2023-07-24 00:00:00,46.41762,44.06762,46.41762,44.01762,2.788,0.0158,2593000.0,119111959.0,-5.062732643336736,46.41762
HK.09696,天齐锂业,2023-07-25 00:00:00,44.61762,45.61762,46.06762,44.51762,2.883,0.01336,2192748.0,102691762.0,3.517321788651178,44.06762
HK.09696,天齐锂业,2023-07-26 00:00:00,45.81762,46.16762,46.66762,45.66762,2.917,0.0079,1296200.0,61669890.0,1.2056744740299847,45.61762
HK.09696,天齐锂业,2023-07-27 00:00:00,46.51762,46.06762,46.81762,45.71762,2.911,0.00447,733408.0,34962831.0,-0.2166020254022222,46.16762
HK.09696,天齐锂业,2023-07-28 00:00:00,46.06762,47.26762,47.46762,45.31762,2.984,0.01058,1735680.0,83662988.0,2.60486649842124,46.06762
HK.09696,天齐锂业,2023-07-31 00:00:00,47.81762,47.01762,48.86762,47.01762,2.969,0.00926,1519200.0,74902860.0,-0.5289032957445287,47.26762
HK.09696,天齐锂业,2023-08-01 00:00:00,47.41762,47.21762,47.76762,46.76762,2.981,0.0041,673000.0,32789200.0,0.42537244547894115,47.01762
HK.09696,天齐锂业,2023-08-02 00:00:00,47.11762,46.36762,47.16762,46.06762,2.929,0.00552,906400.0,43411423.0,-1.8001754429808077,47.21762
HK.09696,天齐锂业,2023-08-03 00:00:00,46.31762,47.81762,48.06762,46.06762,3.018,0.00773,1268400.0,61944880.0,3.1271822879845796,46.36762
HK.09696,天齐锂业,2023-08-04 00:00:00,48.01762,47.11762,48.36762,46.76762,2.975,0.00552,905400.0,44149980.0,-1.463895526377088,47.81762
HK.09696,天齐锂业,2023-08-07 00:00:00,47.16762,47.81762,47.91762,46.41762,3.018,0.00541,887440.0,43220986.0,1.4856437994958058,47.11762
HK.09696,天齐锂业,2023-08-08 00:00:00,47.81762,46.36762,47.81762,46.31762,2.929,0.00547,897600.0,43249371.0,-3.032355018923978,47.81762
HK.09696,天齐锂业,2023-08-09 00:00:00,46.61762,46.01762,46.61762,45.56762,2.908,0.00328,538398.0,25549236.0,-0.7548371039962831,46.36762
HK.09696,天齐锂业,2023-08-10 00:00:00,46.11762,46.76762,46.81762,46.11762,2.954,0.00508,833200.0,40075561.0,1.629810494328042,46.01762
HK.09696,天齐锂业,2023-08-11 00:00:00,46.71762,45.91762,46.71762,45.61762,2.902,0.00424,695800.0,32974930.0,-1.8174968065512023,46.76762
HK.09696,天齐锂业,2023-08-14 00:00:00,45.91762,45.56762,45.91762,44.11762,2.88,0.00923,1514200.0,69908309.0,-0.76223462801426,45.91762
HK.09696,天齐锂业,2023-08-15 00:00:00,45.51762,44.61762,45.66762,44.61762,2.822,0.00784,1287090.0,60134360.0,-2.0848137339628354,45.56762
HK.09696,天齐锂业,2023-08-16 00:00:00,44.61762,43.56762,45.41762,43.51762,2.758,0.00541,888200.0,40456720.0,-2.3533303658958147,44.61762
HK.09696,天齐锂业,2023-08-17 00:00:00,43.46762,44.51762,44.61762,42.41762,2.816,0.00776,1274192.0,57283076.0,2.1805184676142577,43.56762
HK.09696,天齐锂业,2023-08-18 00:00:00,44.41762,43.21762,44.86762,43.16762,2.736,0.00463,760200.0,34542650.0,-2.920192049799617,44.51762
HK.09696,天齐锂业,2023-08-21 00:00:00,43.81762,42.31762,43.81762,42.31762,2.681,0.00461,755900.0,33450035.0,-2.082483949833421,43.21762
HK.09696,天齐锂业,2023-08-22 00:00:00,42.66762,43.06762,43.71762,42.11762,2.727,0.00655,1074800.0,47606450.0,1.7723113918032254,42.31762
HK.09696,天齐锂业,2023-08-23 00:00:00,43.21762,41.96762,43.21762,41.96762,2.66,0.00471,773800.0,33948470.0,-2.5541230279267846,43.06762
HK.09696,天齐锂业,2023-08-24 00:00:00,42.91762,42.86762,43.06762,42.11762,2.715,0.00569,934000.0,41278620.0,2.144510458300961,41.96762
HK.09696,天齐锂业,2023-08-25 00:00:00,42.86762,42.66762,43.31762,42.41762,2.703,0.00416,683000.0,30325360.0,-0.46655261010525617,42.86762
HK.09696,天齐锂业,2023-08-28 00:00:00,44.56762,42.51762,45.26762,42.36762,2.693,0.00669,1098000.0,49203968.0,-0.35155464495089855,42.66762
HK.09696,天齐锂业,2023-08-29 00:00:00,42.51762,43.51762,44.21762,41.76762,2.755,0.00636,1044400.0,46808720.0,2.351966079004422,42.51762
HK.09696,天齐锂业,2023-08-30 00:00:00,43.66762,43.16762,44.61762,43.11762,2.733,0.00482,790488.0,35885560.0,-0.8042719247973612,43.51762
HK.09696,天齐锂业,2023-08-31 00:00:00,42.86762,41.51762,42.86762,41.31762,2.632,0.01912,3137360.0,135655065.0,-3.8223094069119368,43.16762
HK.09696,天齐锂业,2023-09-04 00:00:00,41.61762,43.06762,43.46762,41.11762,2.727,0.01269,2082000.0,91822660.0,3.733354657612833,41.51762
HK.09696,天齐锂业,2023-09-05 00:00:00,43.51762,43.66762,45.11762,42.91762,2.764,0.00983,1613586.0,73557650.0,1.3931580152327931,43.06762
HK.09696,天齐锂业,2023-09-06 00:00:00,43.56762,44.06762,44.11762,43.36762,2.788,0.00549,901600.0,40903995.0,0.9160105359531813,43.66762
HK.09696,天齐锂业,2023-09-07 00:00:00,43.86762,43.01762,44.11762,42.96762,2.724,0.00352,577000.0,25833650.0,-2.3827018568282043,44.06762
HK.09696,天齐锂业,2023-09-11 00:00:00,43.01762,43.26762,44.01762,41.51762,2.739,0.00507,831788.0,36868124.0,0.5811572095341397,43.01762
HK.09696,天齐锂业,2023-09-12 00:00:00,43.01762,43.91762,45.56762,43.01762,2.779,0.00908,1490229.0,68692555.0,1.502278147030039,43.26762
HK.09696,天齐锂业,2023-09-13 00:00:00,43.71762,43.21762,44.31762,43.11762,2.736,0.00287,470999.0,21178564.0,-1.5938932938533619,43.91762
HK.09696,天齐锂业,2023-09-14 00:00:00,43.11762,42.16762,43.21762,41.86762,2.672,0.00704,1156207.0,50511390.0,-2.429564608138989,43.21762
HK.09696,天齐锂业,2023-09-15 00:00:00,42.16762,42.16762,42.26762,41.41762,2.672,0.00392,642970.0,27890945.0,0.0,42.16762
HK.09696,天齐锂业,2023-09-18 00:00:00,42.26762,42.21762,43.26762,41.46762,2.675,0.00461,756500.0,33281350.0,0.11857439428641493,42.16762
HK.09696,天齐锂业,2023-09-19 00:00:00,42.31762,41.81762,42.31762,41.21762,2.651,0.00519,851808.0,36643337.0,-0.9474716954674343,42.21762
HK.09696,天齐锂业,2023-09-20 00:00:00,41.46762,42.26762,42.61762,41.01762,2.678,0.00982,1611400.0,69629970.0,1.076101413710304,41.81762
HK.09696,天齐锂业,2023-09-21 00:00:00,42.21762,43.11762,44.06762,41.56762,2.73,0.01224,2008400.0,88233990.0,2.010995651044467,42.26762
HK.09696,天齐锂业,2023-09-22 00:00:00,43.11762,42.86762,44.81762,42.21762,2.715,0.01607,2638100.0,117547805.0,-0.5798093679567656,43.11762
HK.09696,天齐锂业,2023-09-25 00:00:00,43.06762,41.76762,43.06762,41.76762,2.648,0.00631,1034800.0,45223770.0,-2.566039355578876,42.86762
HK.09696,天齐锂业,2023-09-26 00:00:00,41.76762,40.66762,42.21762,40.66762,2.58,0.00634,1040000.0,44234111.0,-2.633619057059036,41.76762
HK.09696,天齐锂业,2023-09-27 00:00:00,41.11762,40.76762,41.91762,40.01762,2.586,0.01092,1792481.0,75506266.0,0.24589587489998538,40.66762
HK.09696,天齐锂业,2023-09-28 00:00:00,41.21762,41.31762,43.31762,40.71762,2.62,0.01326,2176876.0,95286692.0,1.3491099063423304,40.76762
HK.09696,天齐锂业,2023-09-29 00:00:00,41.51762,42.36762,42.61762,41.51762,2.684,0.00231,379606.0,16616141.0,2.54128868022893,41.31762
HK.09696,天齐锂业,2023-10-03 00:00:00,42.96762,40.81762,42.96762,39.86762,2.589,0.00455,746060.0,31297701.0,-3.658454262948932,42.36762
HK.09696,天齐锂业,2023-10-04 00:00:00,40.61762,39.71762,40.81762,39.01762,2.522,0.0037,606800.0,24899020.0,-2.694914598156388,40.81762
HK.09696,天齐锂业,2023-10-05 00:00:00,39.76762,39.26762,39.96762,38.71762,2.494,0.00244,400800.0,16348550.0,-1.1329984022204647,39.71762
HK.09696,天齐锂业,2023-10-06 00:00:00,39.66762,39.36762,40.11762,38.71762,2.501,0.00186,305799.0,12556279.0,0.2546627475767603,39.26762
HK.09696,天齐锂业,2023-10-09 00:00:00,39.31762,39.41762,40.01762,39.31762,2.504,0.00381,624800.0,25710180.0,0.12700793189935577,39.36762
HK.09696,天齐锂业,2023-10-10 00:00:00,40.11762,42.01762,42.71762,39.76762,2.663,0.0307,5039200.0,219395880.0,6.596034971162647,39.41762
HK.09696,天齐锂业,2023-10-11 00:00:00,42.36762,41.11762,42.51762,41.06762,2.608,0.01088,1786431.0,76698139.0,-2.1419585402504917,42.01762
HK.09696,天齐锂业,2023-10-12 00:00:00,41.16762,44.51762,45.31762,41.16762,2.816,0.05215,8559340.0,391919045.0,8.268961092592418,41.11762
HK.09696,天齐锂业,2023-10-13 00:00:00,44.11762,43.46762,44.21762,43.11762,2.752,0.00708,1161360.0,52441232.0,-2.358616655607385,44.51762
HK.09696,天齐锂业,2023-10-16 00:00:00,43.46762,39.01762,43.46762,38.46762,2.479,0.04099,6728141.0,281537123.0,-10.237505527102694,43.46762
HK.09696,天齐锂业,2023-10-17 00:00:00,39.86762,41.46762,42.31762,39.36762,2.629,0.02547,4180400.0,178572110.0,6.279214365202172,39.01762
HK.09696,天齐锂业,2023-10-18 00:00:00,40.96762,40.36762,41.31762,39.11762,2.562,0.01773,2910229.0,121441194.0,-2.6526721331004635,41.46762
HK.09696,天齐锂业,2023-10-19 00:00:00,39.96762,39.26762,39.96762,38.71762,2.494,0.01379,2263000.0,91878625.0,-2.724956289223891,40.36762
HK.09696,天齐锂业,2023-10-20 00:00:00,39.16762,39.96762,41.31762,38.71762,2.537,0.01288,2113169.0,87936530.0,1.7826392330372853,39.26762
HK.09696,天齐锂业,2023-10-24 00:00:00,39.01762,40.56762,40.86762,39.01762,2.574,0.01416,2324377.0,96709763.0,1.5012152337317095,39.96762
HK.09696,天齐锂业,2023-10-25 00:00:00,41.21762,39.91762,41.31762,39.46762,2.534,0.0158,2592318.0,108289017.0,-1.6022630856826172,40.56762
HK.09696,天齐锂业,2023-10-26 00:00:00,39.51762,39.36762,39.76762,38.81762,2.501,0.00658,1079400.0,43908255.0,-1.3778376566538715,39.91762
HK.09696,天齐锂业,2023-10-27 00:00:00,38.56762,41.81762,42.41762,38.56762,2.651,0.01802,2957000.0,126080010.0,6.223388663068775,39.36762
HK.09696,天齐锂业,2023-10-30 00:00:00,41.26762,42.36762,42.61762,41.26762,2.684,0.00602,987800.0,43215235.0,1.3152350612014847,41.81762
HK.09696,天齐锂业,2023-10-31 00:00:00,42.06762,40.71762,42.06762,40.11762,2.583,0.00952,1563118.0,65840694.0,-3.8944835702359626,42.36762
HK.09696,天齐锂业,2023-11-01 00:00:00,40.16762,39.91762,40.56762,39.36762,2.534,0.00467,766444.0,31655531.0,-1.964751377904694,40.71762
HK.09696,天齐锂业,2023-11-02 00:00:00,39.86762,38.51762,39.86762,38.26762,2.449,0.02085,3421600.0,137328820.0,-3.5072231260280513,39.91762
HK.09696,天齐锂业,2023-11-03 00:00:00,38.51762,39.91762,41.11762,38.36762,2.534,0.02008,3295609.0,135128311.0,3.6347001709866773,38.51762
HK.09696,天齐锂业,2023-11-06 00:00:00,40.21762,42.11762,42.21762,40.21762,2.669,0.01698,2786738.0,120236000.0,5.511350626615521,39.91762
HK.09696,天齐锂业,2023-11-07 00:00:00,41.66762,40.81762,41.66762,40.81762,2.589,0.00477,782510.0,33332055.0,-3.086594161778382,42.11762
HK.09696,天齐锂业,2023-11-08 00:00:00,40.71762,41.06762,41.36762,40.16762,2.605,0.00576,944802.0,40041262.0,0.6124805904900874,40.81762
HK.09696,天齐锂业,2023-11-09 00:00:00,41.06762,40.81762,41.61762,40.56762,2.589,0.00344,563800.0,24048679.0,-0.6087521020210083,41.06762
HK.09696,天齐锂业,2023-11-10 00:00:00,40.51762,39.81762,41.21762,39.51762,2.528,0.01465,2404400.0,100298380.0,-2.4499223619603496,40.81762
HK.09696,天齐锂业,2023-11-13 00:00:00,41.01762,39.66762,41.21762,39.31762,2.519,0.00351,575700.0,23803759.0,-0.3767176440982625,39.81762
HK.09696,天齐锂业,2023-11-14 00:00:00,39.36762,38.01762,39.86762,38.01762,2.418,0.02272,3729200.0,148827700.0,-4.159563896195433,39.66762
HK.09696,天齐锂业,2023-11-15 00:00:00,39.56762,40.01762,40.71762,39.26762,2.54,0.01884,3091242.0,128702759.0,5.2607185825940705,38.01762
HK.09696,天齐锂业,2023-11-16 00:00:00,39.96762,40.11762,40.46762,39.51762,2.546,0.00543,891432.0,36987736.0,0.24988992348870678,40.01762
HK.09696,天齐锂业,2023-11-17 00:00:00,39.51762,39.66762,40.01762,39.26762,2.519,0.00364,597428.0,24562643.0,-1.1217016363383543,40.11762
HK.09696,天齐锂业,2023-11-20 00:00:00,39.91762,40.11762,40.66762,39.81762,2.546,0.0052,853800.0,35633810.0,1.134426517144217,39.66762
HK.09696,天齐锂业,2023-11-21 00:00:00,40.71762,40.01762,41.16762,39.91762,2.54,0.00468,768000.0,32217805.0,-0.24926703029741398,40.11762
HK.09696,天齐锂业,2023-11-22 00:00:00,40.31762,38.71762,40.31762,38.46762,2.461,0.00675,1107440.0,44852423.0,-3.2485690053531524,40.01762
HK.09696,天齐锂业,2023-11-23 00:00:00,38.61762,38.76762,39.21762,38.51762,2.464,0.00931,1527848.0,61489736.0,0.12914016925628247,38.71762
HK.09696,天齐锂业,2023-11-24 00:00:00,38.96762,39.41762,40.66762,38.26762,2.504,0.02738,4493400.0,183157850.0,1.6766569626920573,38.76762
HK.09696,天齐锂业,2023-11-27 00:00:00,39.71762,39.11762,39.71762,38.31762,2.485,0.00697,1143800.0,45950942.0,-0.7610809582110669,39.41762
HK.09696,天齐锂业,2023-11-28 00:00:00,39.11762,38.51762,39.11762,38.16762,2.449,0.01113,1826799.0,72867860.0,-1.5338356474652635,39.11762
HK.09696,天齐锂业,2023-11-29 00:00:00,38.21762,37.96762,38.71762,37.61762,2.415,0.01655,2716600.0,107489238.0,-1.4279179243162072,38.51762
HK.09696,天齐锂业,2023-11-30 00:00:00,37.96762,36.66762,38.01762,36.61762,2.335,0.01439,2361712.0,90655355.0,-3.4239702146197133,37.96762
HK.09696,天齐锂业,2023-12-01 00:00:00,37.16762,35.56762,37.16762,34.96762,2.268,0.01465,2404966.0,89573283.0,-2.999922002027951,36.66762
HK.09696,天齐锂业,2023-12-04 00:00:00,35.91762,36.06762,36.86762,34.96762,2.299,0.00561,920200.0,34595550.0,1.4057730036476999,35.56762
HK.09696,天齐锂业,2023-12-05 00:00:00,36.06762,36.46762,37.36762,35.51762,2.323,0.01796,2948200.0,112447812.0,1.109027986875759,36.06762
HK.09696,天齐锂业,2023-12-06 00:00:00,36.46762,38.91762,40.76762,36.46762,2.473,0.03781,6204791.0,253266617.0,6.718288717497887,36.46762
HK.09696,天齐锂业,2023-12-07 00:00:00,38.81762,39.21762,40.41762,38.31762,2.491,0.02001,3283408.0,134842615.0,0.7708590607544787,38.91762
HK.09696,天齐锂业,2023-12-08 00:00:00,40.36762,38.46762,40.71762,38.16762,2.445,0.01317,2161200.0,87633320.0,-1.9124056992749687,39.21762
HK.09696,天齐锂业,2023-12-11 00:00:00,38.66762,36.96762,38.71762,35.91762,2.354,0.01236,2029000.0,77408640.0,-3.8993834294921292,38.46762
HK.09696,天齐锂业,2023-12-12 00:00:00,36.51762,36.11762,36.66762,35.81762,2.302,0.00909,1491200.0,56161234.0,-2.2993095038306346,36.96762
HK.09696,天齐锂业,2023-12-13 00:00:00,35.91762,36.51762,36.81762,35.21762,2.326,0.01408,2311400.0,86432887.0,1.1074926863951682,36.11762
HK.09696,天齐锂业,2023-12-14 00:00:00,37.66762,36.86762,38.06762,36.21762,2.348,0.0117,1920800.0,74282976.0,0.9584414318348278,36.51762
HK.09696,天齐锂业,2023-12-15 00:00:00,37.26762,39.01762,39.21762,37.26762,2.479,0.02809,4609826.0,185719936.0,5.831675600432027,36.86762
HK.09696,天齐锂业,2023-12-18 00:00:00,39.21762,37.91762,39.66762,37.81762,2.412,0.00463,759400.0,30409895.0,-2.819239102743841,39.01762
HK.09696,天齐锂业,2023-12-19 00:00:00,37.91762,38.06762,38.66762,37.61762,2.421,0.00397,652200.0,25804073.0,0.39559444922966835,37.91762
HK.09696,天齐锂业,2023-12-20 00:00:00,38.31762,37.51762,38.41762,37.26762,2.387,0.00409,671720.0,26308067.0,-1.4447974420255252,38.06762
HK.09696,天齐锂业,2023-12-21 00:00:00,37.51762,37.51762,38.11762,36.66762,2.387,0.00416,683400.0,26596538.0,0.0,37.51762
HK.09696,天齐锂业,2023-12-22 00:00:00,37.66762,38.76762,39.26762,36.76762,2.464,0.01283,2105200.0,84175520.0,3.331767846681106,37.51762
HK.09696,天齐锂业,2023-12-27 00:00:00,38.76762,39.86762,40.31762,37.91762,2.531,0.00846,1388290.0,56395152.0,2.83741947532503,38.76762
HK.09696,天齐锂业,2023-12-28 00:00:00,39.31762,41.76762,42.26762,39.31762,2.648,0.02104,3453024.0,148814199.0,4.765772323504635,39.86762
HK.09696,天齐锂业,2023-12-29 00:00:00,41.26762,41.66762,42.11762,41.21762,2.641,0.00632,1037400.0,44729800.0,-0.23941991427809728,41.76762
HK.09696,天齐锂业,2024-01-02 00:00:00,41.91762,41.66762,41.91762,40.96762,2.641,0.00402,659342.0,28330187.0,0.0,41.66762
HK.09696,天齐锂业,2024-01-03 00:00:00,41.71762,41.11762,41.71762,40.46762,2.608,0.00441,723680.0,30701175.0,-1.31996979909099,41.66762
HK.09696,天齐锂业,2024-01-04 00:00:00,40.71762,40.06762,41.11762,39.41762,2.543,0.00641,1052200.0,43605420.0,-2.5536497491829637,41.11762
HK.09696,天齐锂业,2024-01-05 00:00:00,40.31762,40.31762,41.61762,39.76762,2.559,0.00495,811700.0,34231622.0,0.623945220604568,40.06762
HK.09696,天齐锂业,2024-01-08 00:00:00,40.46762,39.81762,41.36762,39.41762,2.528,0.00468,767400.0,31874544.0,-1.2401525685295909,40.31762
HK.09696,天齐锂业,2024-01-09 00:00:00,40.11762,39.61762,40.11762,38.11762,2.516,0.00748,1227701.0,49883736.0,-0.5022901921310107,39.81762
HK.09696,天齐锂业,2024-01-10 00:00:00,39.66762,39.46762,40.06762,38.56762,2.507,0.00459,753000.0,30805210.0,-0.37861941227162477,39.61762
HK.09696,天齐锂业,2024-01-11 00:00:00,39.71762,41.16762,42.66762,39.01762,2.611,0.0189,3101700.0,132633840.0,4.307328387169034,39.46762
HK.09696,天齐锂业,2024-01-12 00:00:00,41.21762,40.81762,42.01762,40.81762,2.589,0.01003,1646900.0,70517645.0,-0.8501827407073846,41.16762
HK.09696,天齐锂业,2024-01-15 00:00:00,40.71762,40.16762,41.01762,39.76762,2.55,0.00476,780500.0,32614525.0,-1.5924495352742238,40.81762
HK.09696,天齐锂业,2024-01-16 00:00:00,40.51762,40.51762,41.21762,39.61762,2.571,0.0049,804080.0,33708432.0,0.871348613634568,40.16762
HK.09696,天齐锂业,2024-01-17 00:00:00,40.71762,37.51762,40.71762,37.31762,2.387,0.0104,1707377.0,68358304.0,-7.4041861293925955,40.51762
HK.09696,天齐锂业,2024-01-18 00:00:00,37.71762,38.31762,38.86762,36.91762,2.436,0.01068,1752514.0,68661095.0,2.1323314218759,37.51762
HK.09696,天齐锂业,2024-01-19 00:00:00,38.51762,37.06762,39.11762,36.91762,2.36,0.00647,1061720.0,41644760.0,-3.2622067863296316,38.31762
HK.09696,天齐锂业,2024-01-22 00:00:00,37.01762,35.51762,37.01762,34.51762,2.265,0.01336,2192600.0,80352805.0,-4.181547129273467,37.06762
HK.09696,天齐锂业,2024-01-23 00:00:00,35.51762,35.81762,36.66762,34.56762,2.283,0.00634,1039800.0,38777865.0,0.8446511900290536,35.51762
HK.09696,天齐锂业,2024-01-24 00:00:00,36.41762,37.11762,37.51762,35.41762,2.363,0.00854,1402200.0,53116015.0,3.629498554063627,35.81762
HK.09696,天齐锂业,2024-01-25 00:00:00,37.51762,38.36762,38.56762,35.96762,2.439,0.00842,1382432.0,54085731.0,3.3676728195396146,37.11762
HK.09696,天齐锂业,2024-01-26 00:00:00,37.81762,37.56762,38.76762,37.11762,2.39,0.00526,863200.0,34017610.0,-2.0850915433378567,38.36762
HK.09696,天齐锂业,2024-01-29 00:00:00,37.86762,35.96762,37.91762,35.56762,2.292,0.00685,1124000.0,42368330.0,-4.25898686155791,37.56762
HK.09696,天齐锂业,2024-01-30 00:00:00,36.31762,35.11762,36.31762,35.06762,2.24,0.00385,631400.0,23400630.0,-2.3632367112419295,35.96762
HK.09696,天齐锂业,2024-01-31 00:00:00,35.11762,32.96762,35.11762,32.567619999,2.109,0.02024,3321600.0,117116027.0,-6.122282774288251,35.11762
HK.09696,天齐锂业,2024-02-01 00:00:00,32.86762,33.11762,34.16762,32.51762,2.118,0.00454,744500.0,25919380.0,0.4549918981109516,32.96762
HK.09696,天齐锂业,2024-02-02 00:00:00,33.51762,32.11762,33.91762,31.41762,2.057,0.00926,1519800.0,51473030.0,-3.0195406553973383,33.11762
HK.09696,天齐锂业,2024-02-05 00:00:00,31.71762,31.317619999,32.317619999,30.567619999,2.008,0.0074,1213710.0,39759380.0,-2.4908445924698057,32.11762
HK.09696,天齐锂业,2024-02-06 00:00:00,31.51762,32.66762,33.11762,31.51762,2.09,0.01241,2036000.0,68600540.0,4.3106723979762975,31.317619999
HK.09696,天齐锂业,2024-02-07 00:00:00,32.567619999,32.26762,33.76762,32.01762,2.066,0.0073,1198448.0,41306238.0,-1.2244540618508437,32.66762
HK.09696,天齐锂业,2024-02-08 00:00:00,32.61762,32.51762,33.46762,32.41762,2.081,0.00477,783200.0,26804100.0,0.7747704974832355,32.26762
HK.09696,天齐锂业,2024-02-09 00:00:00,32.21762,32.21762,32.36762,31.067619999,2.063,0.0006,98000.0,3237730.0,-0.9225767445465083,32.51762
HK.09696,天齐锂业,2024-02-14 00:00:00,32.26762,31.26762,32.317619999,29.71762,2.005,0.00285,467600.0,15031236.0,-2.9486970173463956,32.21762
HK.09696,天齐锂业,2024-02-15 00:00:00,31.21762,31.11762,31.317619999,29.91762,1.995,0.00117,191400.0,6150380.0,-0.4797295093134755,31.26762
HK.09696,天齐锂业,2024-02-16 00:00:00,31.21762,32.91762,33.21762,30.86762,2.106,0.00139,228200.0,7742627.0,5.78450408482397,31.11762
HK.09696,天齐锂业,2024-02-19 00:00:00,32.71762,32.76762,33.31762,32.36762,2.096,0.00732,1202000.0,41200194.0,-0.45568300502891335,32.91762
HK.09696,天齐锂业,2024-02-20 00:00:00,32.76762,32.91762,32.91762,32.16762,2.106,0.00367,601800.0,20441645.0,0.4577689804752331,32.76762
HK.09696,天齐锂业,2024-02-21 00:00:00,32.51762,34.31762,35.11762,32.21762,2.191,0.01455,2388431.0,85055183.0,4.253041380269893,32.91762
HK.09696,天齐锂业,2024-02-22 00:00:00,34.01762,34.06762,34.11762,33.31762,2.176,0.00732,1201400.0,42315235.0,-0.7284887471800201,34.31762
HK.09696,天齐锂业,2024-02-23 00:00:00,34.06762,34.61762,34.86762,33.71762,2.21,0.00574,941610.0,33828763.0,1.614436230062459,34.06762
HK.09696,天齐锂业,2024-02-26 00:00:00,34.86762,34.51762,35.31762,34.31762,2.204,0.0049,804363.0,29188817.0,-0.2888702342910963,34.61762
HK.09696,天齐锂业,2024-02-27 00:00:00,34.41762,35.56762,35.76762,34.06762,2.268,0.00962,1579028.0,57547174.0,3.0419246749920683,34.51762
HK.09696,天齐锂业,2024-02-28 00:00:00,36.11762,35.86762,37.51762,35.71762,2.286,0.0188,3085876.0,117497264.0,0.8434638021886318,35.56762
HK.09696,天齐锂业,2024-02-29 00:00:00,36.31762,38.26762,38.86762,36.16762,2.433,0.02314,3797690.0,148696765.0,6.691271960615169,35.86762
HK.09696,天齐锂业,2024-03-01 00:00:00,38.41762,38.56762,39.36762,38.01762,2.452,0.00938,1539420.0,61624577.0,0.7839525949092134,38.26762
HK.09696,天齐锂业,2024-03-04 00:00:00,39.06762,37.46762,39.56762,37.11762,2.384,0.0106,1739863.0,68692953.0,-2.8521334736237325,38.56762
HK.09696,天齐锂业,2024-03-05 00:00:00,37.11762,35.51762,37.11762,35.41762,2.265,0.01076,1766617.0,65949944.0,-5.204493907005558,37.46762
HK.09696,天齐锂业,2024-03-06 00:00:00,35.16762,35.46762,35.91762,34.36762,2.262,0.0113,1854800.0,68058043.0,-0.14077519833818894,35.51762
HK.09696,天齐锂业,2024-03-07 00:00:00,35.81762,34.51762,36.21762,34.36762,2.204,0.00877,1439352.0,53021854.0,-2.6784994313122668,35.46762
HK.09696,天齐锂业,2024-03-08 00:00:00,34.86762,35.66762,35.91762,34.76762,2.274,0.0047,771600.0,28417231.0,3.3316317868960796,34.51762
HK.09696,天齐锂业,2024-03-11 00:00:00,35.46762,38.86762,38.96762,35.46762,2.47,0.01925,3159298.0,124924004.0,8.971722811894942,35.66762
HK.09696,天齐锂业,2024-03-12 00:00:00,39.31762,39.21762,39.56762,38.51762,2.491,0.00976,1601625.0,65102842.0,0.9004924922081525,38.86762
HK.09696,天齐锂业,2024-03-13 00:00:00,39.51762,39.16762,39.81762,38.81762,2.488,0.0058,951600.0,38813361.0,-0.12749371328499068,39.21762
HK.09696,天齐锂业,2024-03-14 00:00:00,39.16762,38.21762,40.31762,37.81762,2.43,0.00901,1478418.0,59618170.0,-2.425472877851661,39.16762
HK.09696,天齐锂业,2024-03-15 00:00:00,38.01762,38.41762,38.41762,37.16762,2.442,0.009,1477193.0,58389233.0,0.5233188251911105,38.21762
HK.09696,天齐锂业,2024-03-18 00:00:00,38.56762,38.11762,39.11762,38.01762,2.424,0.00393,645200.0,25791937.0,-0.7808916845968,38.41762
HK.09696,天齐锂业,2024-03-19 00:00:00,38.11762,37.71762,38.76762,37.41762,2.4,0.00571,936617.0,37059036.0,-1.0493834609821013,38.11762
HK.09696,天齐锂业,2024-03-20 00:00:00,37.91762,37.76762,37.91762,37.11762,2.403,0.00333,546721.0,21280365.0,0.13256403770970773,37.71762
HK.09696,天齐锂业,2024-03-21 00:00:00,38.31762,38.06762,38.71762,37.81762,2.421,0.00488,801600.0,31751682.0,0.7943312287086057,37.76762
HK.09696,天齐锂业,2024-03-22 00:00:00,37.71762,36.26762,37.96762,36.06762,2.311,0.00497,815200.0,30971820.0,-4.728427992083554,38.06762
HK.09696,天齐锂业,2024-03-25 00:00:00,36.26762,35.66762,36.26762,35.36762,2.274,0.00544,893297.0,33189366.0,-1.6543682767162595,36.26762
HK.09696,天齐锂业,2024-03-26 00:00:00,35.51762,36.11762,36.41762,35.31762,2.302,0.00491,805800.0,30109340.0,1.2616485204227332,35.66762
HK.09696,天齐锂业,2024-03-27 00:00:00,36.11762,34.71762,36.11762,34.61762,2.216,0.00554,908693.0,33175401.0,-3.876224402383118,36.11762
HK.09696,天齐锂业,2024-03-28 00:00:00,34.71762,34.91762,35.46762,34.56762,7.437,0.00513,841400.0,30736067.0,0.5760763554644669,34.71762
HK.09696,天齐锂业,2024-04-02 00:00:00,36.51762,36.21762,36.76762,35.56762,7.703,0.01066,1749251.0,65826193.0,3.7230487072142866,34.91762
HK.09696,天齐锂业,2024-04-03 00:00:00,36.31762,36.51762,37.56762,35.71762,7.764,0.00765,1255400.0,48087477.0,0.8283261020464743,36.21762
HK.09696,天齐锂业,2024-04-05 00:00:00,36.56762,33.61762,36.56762,33.61762,7.172,0.00473,775600.0,27671043.0,-7.9413718637742505,36.51762
HK.09696,天齐锂业,2024-04-08 00:00:00,34.16762,36.81762,37.36762,34.16762,7.825,0.01895,3109905.0,117314812.0,9.518817810422021,33.61762
HK.09696,天齐锂业,2024-04-09 00:00:00,36.81762,39.01762,39.26762,36.46762,8.275,0.01911,3137003.0,125372907.0,5.97539982215038,36.81762
HK.09696,天齐锂业,2024-04-10 00:00:00,39.11762,38.71762,39.16762,38.11762,8.214,0.00947,1554080.0,62345094.0,-0.768883391657421,39.01762
HK.09696,天齐锂业,2024-04-11 00:00:00,38.31762,38.36762,39.06762,37.41762,8.142,0.01261,2068800.0,82443716.0,-0.9039811847938855,38.71762
HK.09696,天齐锂业,2024-04-12 00:00:00,38.51762,36.66762,38.56762,36.51762,7.795,0.00591,969719.0,37571282.0,-4.43081952959293,38.36762
HK.09696,天齐锂业,2024-04-15 00:00:00,36.31762,36.01762,37.31762,35.71762,7.662,0.00886,1454472.0,54921454.0,-1.7726811830165106,36.66762
HK.09696,天齐锂业,2024-04-16 00:00:00,36.31762,34.51762,36.31762,34.31762,7.355,0.0072,1182254.0,42767871.0,-4.16462831247595,36.01762
HK.09696,天齐锂业,2024-04-17 00:00:00,34.16762,34.96762,35.31762,34.16762,7.447,0.003,493000.0,17905649.0,1.3036820035680206,34.51762
HK.09696,天齐锂业,2024-04-18 00:00:00,35.06762,34.81762,35.96762,34.41762,7.417,0.00474,777800.0,28611357.0,-0.4289682855167111,34.96762
HK.09696,天齐锂业,2024-04-19 00:00:00,34.81762,34.16762,34.86762,33.81762,7.284,0.00407,668400.0,23864260.0,-1.8668708544696582,34.81762
HK.09696,天齐锂业,2024-04-22 00:00:00,33.91762,34.16762,34.86762,33.91762,7.284,0.00353,579100.0,20745778.0,0.0,34.16762
HK.09696,天齐锂业,2024-04-23 00:00:00,33.91762,33.76762,34.51762,33.46762,7.202,0.00573,940200.0,33098050.0,-1.1706990419584349,34.16762
HK.09696,天齐锂业,2024-04-24 00:00:00,30.16762,27.01762,30.16762,26.76762,5.823,0.05542,9095868.0,263617326.0,-19.989563966900835,33.76762
HK.09696,天齐锂业,2024-04-25 00:00:00,27.31762,27.86762,28.81762,27.06762,5.997,0.03075,5047256.0,148396282.0,3.1460950298360766,27.01762
HK.09696,天齐锂业,2024-04-26 00:00:00,27.71762,27.91762,28.26762,27.46762,6.007,0.01573,2581400.0,75801835.0,0.17941969927823298,27.86762
HK.09696,天齐锂业,2024-04-29 00:00:00,28.11762,29.11762,29.66762,27.86762,6.252,0.01899,3116444.0,95088256.0,4.298360676877181,27.91762
HK.09696,天齐锂业,2024-04-30 00:00:00,29.71762,28.91762,30.11762,28.51762,6.211,0.00961,1576800.0,48065137.0,-0.6868693251714917,29.11762
HK.09696,天齐锂业,2024-05-02 00:00:00,29.36762,30.41762,30.71762,28.61762,6.518,0.00486,797000.0,25277016.0,5.187148873247522,28.91762
HK.09696,天齐锂业,2024-05-03 00:00:00,30.91762,31.96762,33.21762,30.817619999,6.834,0.00927,1520824.0,51463342.0,5.09573069819401,30.41762
HK.09696,天齐锂业,2024-05-06 00:00:00,31.46762,30.86762,31.46762,30.46762,6.61,0.01213,1991400.0,64433622.0,-3.4409818435028985,31.96762
HK.09696,天齐锂业,2024-05-07 00:00:00,30.86762,30.96762,31.41762,30.31762,6.63,0.00728,1194800.0,38569770.0,0.323964076271515,30.86762
HK.09696,天齐锂业,2024-05-08 00:00:00,30.96762,29.86762,31.01762,29.56762,6.405,0.00605,993654.0,31420080.0,-3.5520973197165344,30.96762
HK.09696,天齐锂业,2024-05-09 00:00:00,29.96762,31.16762,31.51762,29.96762,6.671,0.01043,1712446.0,55758111.0,4.3525396399177465,29.86762
HK.09696,天齐锂业,2024-05-10 00:00:00,31.11762,31.36762,31.41762,30.51762,6.712,0.01129,1852128.0,60124746.0,0.6416916017328217,31.16762
HK.09696,天齐锂业,2024-05-13 00:00:00,31.36762,30.567619999,31.36762,30.21762,6.548,0.00828,1359400.0,43491280.0,-2.550400703017944,31.36762
HK.09696,天齐锂业,2024-05-14 00:00:00,30.71762,30.817619999,31.067619999,30.51762,6.599,0.00544,893400.0,28809220.0,0.8178588977754191,30.567619999
HK.09696,天齐锂业,2024-05-16 00:00:00,30.817619999,29.86762,30.817619999,29.61762,6.405,0.01123,1843862.0,58137273.0,-3.082652064081617,30.817619999
HK.09696,天齐锂业,2024-05-17 00:00:00,30.21762,29.96762,30.567619999,29.01762,6.426,0.01508,2475200.0,77066105.0,0.3348107415321389,29.86762
HK.09696,天齐锂业,2024-05-20 00:00:00,30.26762,30.71762,31.067619999,29.81762,6.579,0.01297,2128400.0,68354530.0,2.5027012488812925,29.96762
HK.09696,天齐锂业,2024-05-21 00:00:00,30.31762,29.36762,30.71762,29.26762,6.303,0.00611,1002300.0,31240313.0,-4.394871738109924,30.71762
HK.09696,天齐锂业,2024-05-22 00:00:00,29.36762,29.56762,30.11762,29.16762,6.344,0.00624,1023400.0,31773240.0,0.6810221597800669,29.36762
HK.09696,天齐锂业,2024-05-23 00:00:00,29.36762,28.01762,29.36762,27.71762,6.027,0.01312,2152919.0,63780477.0,-5.242221051271629,29.56762
HK.09696,天齐锂业,2024-05-24 00:00:00,27.96762,27.96762,28.46762,27.61762,6.017,0.00494,811000.0,23869900.0,-0.1784591267923568,28.01762
HK.09696,天齐锂业,2024-05-27 00:00:00,27.86762,27.96762,28.01762,27.31762,6.017,0.00296,486400.0,14172206.0,0.0,27.96762
HK.09696,天齐锂业,2024-05-28 00:00:00,27.96762,28.11762,28.61762,27.76762,6.048,0.00545,895200.0,26444523.0,0.5363345182750573,27.96762
HK.09696,天齐锂业,2024-05-29 00:00:00,27.81762,28.66762,29.31762,27.81762,6.16,0.00845,1387600.0,42023450.0,1.9560688280160297,28.11762
HK.09696,天齐锂业,2024-05-30 00:00:00,29.06762,28.36762,29.11762,28.26762,6.099,0.00927,1521800.0,45686830.0,-1.0464768264683317,28.66762
HK.09696,天齐锂业,2024-05-31 00:00:00,28.36762,27.96762,28.86762,27.71762,6.017,0.00995,1632400.0,48213130.0,-1.410058369366195,28.36762
HK.09696,天齐锂业,2024-06-03 00:00:00,28.41762,28.21762,28.56762,27.71762,6.068,0.00786,1289502.0,38313645.0,0.8938908637917705,27.96762
HK.09696,天齐锂业,2024-06-04 00:00:00,28.01762,28.26762,28.56762,28.01762,6.078,0.0023,377800.0,11237350.0,0.1771942495504607,28.21762
HK.09696,天齐锂业,2024-06-05 00:00:00,28.21762,27.46762,28.31762,27.31762,5.915,0.00466,765100.0,22342905.0,-2.830093230346243,28.26762
HK.09696,天齐锂业,2024-06-06 00:00:00,27.96762,27.26762,28.61762,27.16762,5.874,0.0126,2067600.0,60218650.0,-0.7281300673301847,27.46762
HK.09696,天齐锂业,2024-06-07 00:00:00,27.26762,27.01762,27.66762,26.51762,5.823,0.00991,1627246.0,46334533.0,-0.9168383599302029,27.26762
HK.09696,天齐锂业,2024-06-11 00:00:00,27.01762,26.36762,27.01762,26.11762,5.69,0.00799,1311235.0,36408042.0,-2.405837375757014,27.01762
HK.09696,天齐锂业,2024-06-12 00:00:00,26.46762,25.96762,26.46762,25.71762,5.608,0.00669,1097200.0,30125007.0,-1.517012153542863,26.36762
HK.09696,天齐锂业,2024-06-13 00:00:00,26.26762,25.76762,26.61762,25.26762,5.568,0.0088,1444700.0,39329205.0,-0.7701899519478462,25.96762
HK.09696,天齐锂业,2024-06-14 00:00:00,26.05,25.55,26.35,25.1,5.22,0.00794,1303548.0,33202865.0,-0.8445483129602196,25.76762
HK.09696,天齐锂业,2024-06-17 00:00:00,25.35,25.85,25.95,24.95,5.281,0.00656,1077040.0,27444296.0,1.1741682974559713,25.55
HK.09696,天齐锂业,2024-06-18 00:00:00,25.6,25.85,26.35,25.5,5.281,0.00631,1035782.0,26968405.0,0.0,25.85
HK.09696,天齐锂业,2024-06-19 00:00:00,26.2,25.8,26.4,25.35,5.271,0.00644,1057500.0,27262480.0,-0.19342359767891956,25.85
HK.09696,天齐锂业,2024-06-20 00:00:00,25.6,25.0,25.8,25.0,5.108,0.00427,700311.0,17691926.0,-3.1007751937984525,25.8
HK.09696,天齐锂业,2024-06-21 00:00:00,25.0,23.6,25.15,23.6,4.822,0.02887,4737595.0,112688394.0,-5.599999999999994,25.0
HK.09696,天齐锂业,2024-06-24 00:00:00,23.6,23.5,23.8,23.0,4.801,0.00612,1004133.0,23588827.0,-0.423728813559328,23.6
HK.09696,天齐锂业,2024-06-25 00:00:00,23.6,23.5,23.75,22.8,4.801,0.00646,1060021.0,24643293.0,0.0,23.5
HK.09696,天齐锂业,2024-06-26 00:00:00,23.5,25.0,27.3,23.05,5.108,0.03789,6219081.0,157956780.0,6.382978723404255,23.5
HK.09696,天齐锂业,2024-06-27 00:00:00,24.8,23.4,25.05,23.2,4.781,0.01689,2772649.0,66386340.0,-6.400000000000006,25.0
HK.09696,天齐锂业,2024-06-28 00:00:00,23.4,22.4,23.6,22.3,4.577,0.01299,2131500.0,48688294.0,-4.273504273504273,23.4
HK.09696,天齐锂业,2024-07-02 00:00:00,22.65,21.75,23.0,21.4,4.444,0.0202,3315400.0,73003505.0,-2.901785714285708,22.4
HK.09696,天齐锂业,2024-07-03 00:00:00,21.8,22.45,22.65,21.3,4.587,0.02347,3852700.0,84830645.0,3.2183908045976977,21.75
HK.09696,天齐锂业,2024-07-04 00:00:00,22.6,22.0,22.7,21.45,4.495,0.01336,2193300.0,48104400.0,-2.0044543429844066,22.45
HK.09696,天齐锂业,2024-07-05 00:00:00,21.85,21.45,22.0,21.0,4.382,0.01338,2195396.0,46884294.0,-2.500000000000003,22.0
HK.09696,天齐锂业,2024-07-08 00:00:00,21.4,20.75,21.4,20.5,4.239,0.01056,1732400.0,36047080.0,-3.2634032634032604,21.45
HK.09696,天齐锂业,2024-07-09 00:00:00,20.6,20.9,21.0,20.15,4.27,0.00934,1533000.0,31599740.0,0.7228915662650535,20.75
HK.09696,天齐锂业,2024-07-10 00:00:00,20.55,20.8,21.85,20.15,4.25,0.01892,3104450.0,65889122.0,-0.47846889952152094,20.9
HK.09696,天齐锂业,2024-07-11 00:00:00,21.0,22.0,22.6,21.0,4.495,0.01946,3193487.0,70323872.0,5.769230769230766,20.8
HK.09696,天齐锂业,2024-07-12 00:00:00,22.0,22.05,22.35,21.6,4.505,0.00763,1252387.0,27515419.0,0.2272727272727305,22.0
HK.09696,天齐锂业,2024-07-15 00:00:00,22.05,21.6,22.2,21.4,4.413,0.00415,680500.0,14765712.0,-2.040816326530609,22.05
HK.09696,天齐锂业,2024-07-16 00:00:00,21.7,21.85,22.0,21.4,4.464,0.0045,738834.0,16052248.0,1.1574074074074074,21.6
HK.09696,天齐锂业,2024-07-17 00:00:00,21.95,21.75,22.25,21.65,4.444,0.00493,808400.0,17760988.0,-0.4576659038901667,21.85
HK.09696,天齐锂业,2024-07-18 00:00:00,21.9,21.7,21.9,21.4,4.434,0.00158,259900.0,5632035.0,-0.2298850574712676,21.75
HK.09696,天齐锂业,2024-07-19 00:00:00,21.9,21.8,22.2,21.2,4.454,0.00608,998100.0,21678999.0,0.4608294930875642,21.7
HK.09696,天齐锂业,2024-07-22 00:00:00,21.7,21.6,22.0,21.2,4.413,0.00559,917266.0,19702240.0,-0.9174311926605472,21.8
HK.09696,天齐锂业,2024-07-23 00:00:00,21.5,20.6,21.5,20.6,4.209,0.00627,1029200.0,21587565.0,-4.62962962962963,21.6
HK.09696,天齐锂业,2024-07-24 00:00:00,20.6,20.3,20.9,20.05,4.147,0.00689,1130000.0,23020393.0,-1.4563106796116538,20.6
HK.09696,天齐锂业,2024-07-25 00:00:00,20.2,20.85,21.2,20.2,4.26,0.0057,935400.0,19521230.0,2.709359605911333,20.3
HK.09696,天齐锂业,2024-07-26 00:00:00,20.85,21.8,21.9,20.7,4.454,0.00701,1150400.0,24828600.0,4.556354916067142,20.85
HK.09696,天齐锂业,2024-07-29 00:00:00,21.85,20.55,21.85,20.45,4.199,0.01324,2172400.0,45925310.0,-5.73394495412844,21.8
HK.09696,天齐锂业,2024-07-30 00:00:00,20.8,20.65,20.85,20.15,4.219,0.00415,681700.0,13956830.0,0.48661800486616963,20.55
HK.09696,天齐锂业,2024-07-31 00:00:00,20.65,21.4,21.5,20.4,4.372,0.00469,769300.0,16340375.0,3.6319612590799037,20.65
HK.09696,天齐锂业,2024-08-01 00:00:00,21.5,21.0,21.5,20.7,4.29,0.00384,631016.0,13247657.0,-1.8691588785046664,21.4
HK.09696,天齐锂业,2024-08-02 00:00:00,20.8,21.0,21.45,20.65,4.29,0.00519,852200.0,17963230.0,0.0,21.0
HK.09696,天齐锂业,2024-08-05 00:00:00,20.95,20.25,21.9,19.98,4.137,0.00976,1601844.0,33145984.0,-3.571428571428571,21.0
HK.09696,天齐锂业,2024-08-06 00:00:00,20.55,21.05,21.25,20.45,4.301,0.00642,1054000.0,22081150.0,3.9506172839506206,20.25
HK.09696,天齐锂业,2024-08-07 00:00:00,20.95,21.0,21.15,20.35,4.29,0.00553,908000.0,18928139.0,-0.23752969121140477,21.05
HK.09696,天齐锂业,2024-08-08 00:00:00,20.95,21.0,21.4,20.5,4.29,0.00279,458652.0,9645088.0,0.0,21.0
HK.09696,天齐锂业,2024-08-09 00:00:00,21.1,20.85,21.4,20.75,4.26,0.00203,332400.0,6999370.0,-0.7142857142857075,21.0
HK.09696,天齐锂业,2024-08-12 00:00:00,21.15,20.65,21.15,20.35,4.219,0.00307,503400.0,10364040.0,-0.9592326139088866,20.85
HK.09696,天齐锂业,2024-08-13 00:00:00,20.6,20.9,21.15,20.1,4.27,0.00614,1008000.0,20816010.0,1.2106537530266346,20.65
HK.09696,天齐锂业,2024-08-14 00:00:00,20.85,20.25,21.2,20.15,4.137,0.00349,573526.0,11691213.0,-3.1100478468899455,20.9
HK.09696,天齐锂业,2024-08-15 00:00:00,20.4,20.05,20.45,19.9,4.096,0.00551,904000.0,18195402.0,-0.9876543209876508,20.25
HK.09696,天齐锂业,2024-08-16 00:00:00,20.3,20.05,20.45,20.0,4.096,0.00259,425600.0,8596690.0,0.0,20.05
HK.09696,天齐锂业,2024-08-19 00:00:00,20.05,20.2,20.45,20.05,4.127,0.0033,542000.0,10982850.0,0.7481296758104666,20.05
HK.09696,天齐锂业,2024-08-20 00:00:00,20.3,20.55,21.1,20.2,4.199,0.00918,1506200.0,31040969.0,1.7326732673267398,20.2
HK.09696,天齐锂业,2024-08-21 00:00:00,20.55,21.15,21.65,20.2,4.321,0.01691,2774600.0,58548548.0,2.9197080291970696,20.55
HK.09696,天齐锂业,2024-08-22 00:00:00,21.35,20.4,21.35,20.2,4.168,0.00692,1135600.0,23293600.0,-3.546099290780142,21.15
HK.09696,天齐锂业,2024-08-23 00:00:00,20.3,19.42,20.5,19.4,3.968,0.01313,2154400.0,42325886.0,-4.803921568627436,20.4
HK.09696,天齐锂业,2024-08-26 00:00:00,19.58,20.2,20.3,19.58,4.127,0.00505,829500.0,16584468.0,4.016477857878463,19.42
HK.09696,天齐锂业,2024-08-27 00:00:00,20.15,20.25,20.45,19.72,4.137,0.00315,517400.0,10369920.0,0.24752475247525105,20.2
HK.09696,天齐锂业,2024-08-28 00:00:00,20.3,19.9,20.3,19.66,4.066,0.00647,1061320.0,21105045.0,-1.7283950617284023,20.25
HK.09696,天齐锂业,2024-08-29 00:00:00,19.8,19.72,19.96,19.32,4.029,0.00736,1208588.0,23758000.0,-0.9045226130653252,19.9
HK.09696,天齐锂业,2024-08-30 00:00:00,19.76,19.72,20.5,19.7,4.029,0.01262,2072000.0,41794063.0,0.0,19.72
HK.09696,天齐锂业,2024-09-02 00:00:00,19.7,18.64,19.9,18.6,3.808,0.01287,2112200.0,39951164.0,-5.476673427991878,19.72
HK.09696,天齐锂业,2024-09-03 00:00:00,18.8,19.28,19.9,18.52,3.939,0.01136,1864848.0,36207628.0,3.433476394849788,18.64
HK.09696,天齐锂业,2024-09-04 00:00:00,19.0,18.98,19.68,18.88,3.878,0.00705,1156800.0,22375920.0,-1.556016597510377,19.28
HK.09696,天齐锂业,2024-09-05 00:00:00,19.1,19.52,19.88,19.1,3.988,0.00753,1235300.0,24291000.0,2.8451001053740734,18.98
HK.09696,天齐锂业,2024-09-09 00:00:00,19.46,19.26,19.46,18.72,3.935,0.00498,816600.0,15550412.0,-1.331967213114744,19.52
HK.09696,天齐锂业,2024-09-10 00:00:00,19.38,18.56,19.38,18.56,3.792,0.00632,1037800.0,19377552.0,-3.634475597092434,19.26
HK.09696,天齐锂业,2024-09-11 00:00:00,19.88,21.0,21.5,19.12,4.29,0.04461,7320800.0,151390370.0,13.14655172413794,18.56
HK.09696,天齐锂业,2024-09-12 00:00:00,21.0,20.8,21.7,20.45,4.25,0.02329,3822800.0,80238050.0,-0.952380952380949,21.0
HK.09696,天齐锂业,2024-09-13 00:00:00,20.85,19.54,20.9,19.4,3.992,0.02076,3406700.0,67479200.0,-6.0576923076923155,20.8
HK.09696,天齐锂业,2024-09-16 00:00:00,19.56,19.74,19.98,19.02,4.033,0.00147,240800.0,4725592.0,1.0235414534288603,19.54
HK.09696,天齐锂业,2024-09-17 00:00:00,19.74,19.96,19.96,19.38,4.078,0.00146,240200.0,4739224.0,1.114488348530914,19.74
HK.09696,天齐锂业,2024-09-19 00:00:00,19.82,20.4,20.5,19.4,4.168,0.01867,3064200.0,61577378.0,2.2044088176352594,19.96
HK.09696,天齐锂业,2024-09-20 00:00:00,20.55,20.5,20.6,20.0,4.188,0.01101,1806183.0,36703665.0,0.4901960784313796,20.4
HK.09696,天齐锂业,2024-09-23 00:00:00,20.5,20.55,21.1,20.05,4.199,0.01228,2016230.0,41776030.0,0.2439024390243937,20.5
HK.09696,天齐锂业,2024-09-24 00:00:00,20.85,22.25,22.85,20.75,4.546,0.03385,5556258.0,122158858.0,8.272506082725057,20.55
HK.09696,天齐锂业,2024-09-25 00:00:00,23.0,22.4,23.6,22.4,4.577,0.03246,5327400.0,123198801.0,0.6741573033707802,22.25
HK.09696,天齐锂业,2024-09-26 00:00:00,22.6,23.45,23.7,22.05,4.791,0.02739,4495875.0,103347352.0,4.6875000000000036,22.4
HK.09696,天齐锂业,2024-09-27 00:00:00,24.0,26.6,27.7,24.0,5.435,0.0727,11931800.0,313769685.0,13.43283582089553,23.45
HK.09696,天齐锂业,2024-09-30 00:00:00,27.7,27.6,29.1,27.5,5.639,0.07228,11863500.0,335642441.0,3.7593984962406015,26.6
HK.09696,天齐锂业,2024-10-02 00:00:00,28.4,30.05,31.6,27.7,6.14,0.03666,6016400.0,178662435.0,8.876811594202895,27.6
HK.09696,天齐锂业,2024-10-03 00:00:00,31.0,28.0,31.45,26.4,5.721,0.01971,3235233.0,91279766.0,-6.821963394342764,30.05
HK.09696,天齐锂业,2024-10-04 00:00:00,28.0,29.6,29.8,27.7,6.048,0.03047,5001000.0,144383305.0,5.71428571428572,28.0
HK.09696,天齐锂业,2024-10-07 00:00:00,31.9,33.0,33.55,31.35,6.742,0.03334,5471050.0,179537834.0,11.486486486486482,29.6
HK.09696,天齐锂业,2024-10-08 00:00:00,33.55,28.4,34.5,27.4,5.803,0.07011,11506028.0,346970401.0,-13.939393939393943,33.0
HK.09696,天齐锂业,2024-10-09 00:00:00,28.55,26.35,29.35,25.45,5.384,0.04828,7923080.0,214649803.0,-7.21830985915492,28.4
HK.09696,天齐锂业,2024-10-10 00:00:00,27.2,26.8,27.7,26.5,5.476,0.02095,3438400.0,93404688.0,1.707779886148005,26.35
HK.09696,天齐锂业,2024-10-14 00:00:00,25.9,25.75,26.3,24.7,5.261,0.02282,3745142.0,95524112.0,-3.917910447761196,26.8
HK.09696,天齐锂业,2024-10-15 00:00:00,25.65,24.7,26.0,24.4,5.046,0.02,3282269.0,82604585.0,-4.077669902912624,25.75
HK.09696,天齐锂业,2024-10-16 00:00:00,24.6,24.35,25.05,24.1,4.975,0.01587,2604371.0,63801027.0,-1.4170040485829873,24.7
HK.09696,天齐锂业,2024-10-17 00:00:00,25.0,23.85,25.25,23.4,4.873,0.01013,1663310.0,40419946.0,-2.0533880903490758,24.35
HK.09696,天齐锂业,2024-10-18 00:00:00,23.8,24.6,25.35,23.45,5.026,0.02116,3473600.0,84590844.0,3.1446540880503147,23.85
HK.09696,天齐锂业,2024-10-21 00:00:00,25.05,24.75,25.95,24.55,5.057,0.01581,2595200.0,65034170.0,0.6097560975609698,24.6
HK.09696,天齐锂业,2024-10-22 00:00:00,24.9,24.9,25.7,24.5,5.087,0.01352,2219600.0,55652620.0,0.6060606060606003,24.75
HK.09696,天齐锂业,2024-10-23 00:00:00,25.8,26.1,26.85,24.9,5.333,0.02778,4558580.0,118003271.0,4.819277108433746,24.9
HK.09696,天齐锂业,2024-10-24 00:00:00,26.4,25.0,26.4,24.45,5.108,0.01276,2094332.0,52669368.0,-4.214559386973185,26.1
HK.09696,天齐锂业,2024-10-25 00:00:00,25.0,26.75,27.8,25.0,5.465,0.04624,7589500.0,203161577.0,7.000000000000001,25.0
HK.09696,天齐锂业,2024-10-28 00:00:00,27.0,26.9,27.75,26.2,5.496,0.02454,4028118.0,108881584.0,0.5607476635513965,26.75
HK.09696,天齐锂业,2024-10-29 00:00:00,27.65,26.05,27.95,25.85,5.322,0.0142,2330400.0,62229500.0,-3.159851301115234,26.9
HK.09696,天齐锂业,2024-10-30 00:00:00,25.85,25.55,26.5,25.2,5.22,0.01098,1802818.0,46452352.0,-1.9193857965451053,26.05
HK.09696,天齐锂业,2024-10-31 00:00:00,25.25,26.05,26.5,25.25,5.322,0.01539,2525788.0,65522099.0,1.9569471624266144,25.55
HK.09696,天齐锂业,2024-11-01 00:00:00,25.75,27.0,28.15,25.75,5.516,0.02501,4104400.0,110848741.0,3.646833013435698,26.05
HK.09696,天齐锂业,2024-11-04 00:00:00,26.8,27.05,27.7,26.6,5.527,0.01046,1716268.0,46322952.0,0.1851851851851878,27.0
HK.09696,天齐锂业,2024-11-05 00:00:00,27.45,27.5,28.0,26.9,5.619,0.01488,2441348.0,67173835.0,1.6635859519408478,27.05
HK.09696,天齐锂业,2024-11-06 00:00:00,27.15,27.7,29.3,27.15,5.659,0.03542,5812660.0,165607202.0,0.7272727272727246,27.5
HK.09696,天齐锂业,2024-11-07 00:00:00,27.35,27.5,27.65,26.7,5.619,0.01437,2359000.0,64249670.0,-0.7220216606498169,27.7
HK.09696,天齐锂业,2024-11-08 00:00:00,28.15,27.2,29.0,27.1,5.557,0.01666,2733885.0,76531590.0,-1.0909090909090935,27.5
HK.09696,天齐锂业,2024-11-11 00:00:00,27.1,28.65,29.0,26.6,5.854,0.0306,5022668.0,142185560.0,5.330882352941174,27.2
HK.09696,天齐锂业,2024-11-12 00:00:00,29.25,28.7,31.7,28.4,5.864,0.03929,6448522.0,192682018.0,0.17452006980803042,28.65
HK.09696,天齐锂业,2024-11-13 00:00:00,29.05,29.8,30.6,28.0,6.089,0.02947,4836073.0,142096202.0,3.8327526132404235,28.7
HK.09696,天齐锂业,2024-11-14 00:00:00,30.0,28.0,30.45,27.4,5.721,0.02629,4315147.0,124372958.0,-6.040268456375841,29.8
HK.09696,天齐锂业,2024-11-15 00:00:00,27.55,26.65,28.25,26.6,5.445,0.01288,2114530.0,57842204.0,-4.8214285714285765,28.0
HK.09696,天齐锂业,2024-11-18 00:00:00,26.9,27.05,27.95,26.65,5.527,0.00647,1061455.0,28961087.0,1.500938086303948,26.65
HK.09696,天齐锂业,2024-11-19 00:00:00,27.15,29.7,30.35,27.1,6.068,0.0333,5465858.0,160519809.0,9.796672828096114,27.05
HK.09696,天齐锂业,2024-11-20 00:00:00,29.6,29.4,30.5,28.55,6.007,0.01975,3242000.0,95825348.0,-1.0101010101010124,29.7
HK.09696,天齐锂业,2024-11-21 00:00:00,29.8,28.65,29.8,28.1,5.854,0.01221,2004022.0,57515907.0,-2.5510204081632653,29.4
HK.09696,天齐锂业,2024-11-22 00:00:00,28.25,27.0,28.9,26.7,5.516,0.01345,2206878.0,60833218.0,-5.759162303664917,28.65
HK.09696,天齐锂业,2024-11-25 00:00:00,27.0,27.8,28.3,27.0,5.68,0.01083,1778200.0,49350240.0,2.9629629629629655,27.0
HK.09696,天齐锂业,2024-11-26 00:00:00,27.9,26.65,27.95,26.2,5.445,0.00853,1399400.0,37558085.0,-4.1366906474820215,27.8
HK.09696,天齐锂业,2024-11-27 00:00:00,26.3,26.75,26.85,25.5,5.465,0.00906,1486517.0,38826494.0,0.3752345215759903,26.65
HK.09696,天齐锂业,2024-11-28 00:00:00,26.6,26.4,26.85,26.1,5.394,0.00403,661800.0,17468860.0,-1.3084112149532763,26.75
HK.09696,天齐锂业,2024-11-29 00:00:00,26.45,26.75,27.25,26.2,5.465,0.00655,1074769.0,28774379.0,1.3257575757575812,26.4
HK.09696,天齐锂业,2024-12-02 00:00:00,26.85,27.1,27.15,26.4,5.537,0.00429,704551.0,18985569.0,1.3084112149532763,26.75
HK.09696,天齐锂业,2024-12-03 00:00:00,27.1,27.4,27.55,26.85,5.598,0.00412,676655.0,18348537.0,1.1070110701106906,27.1
HK.09696,天齐锂业,2024-12-04 00:00:00,27.45,26.2,27.45,26.0,5.353,0.00961,1576600.0,41542200.0,-4.379562043795618,27.4
HK.09696,天齐锂业,2024-12-05 00:00:00,26.0,25.8,26.0,25.3,5.271,0.00568,931900.0,23822295.0,-1.526717557251903,26.2
HK.09696,天齐锂业,2024-12-06 00:00:00,25.95,26.35,26.6,25.4,5.384,0.00497,815936.0,21346365.0,2.131782945736437,25.8
HK.09696,天齐锂业,2024-12-09 00:00:00,26.35,26.8,26.8,25.6,5.476,0.00547,897038.0,23489259.0,1.707779886148005,26.35
HK.09696,天齐锂业,2024-12-10 00:00:00,27.8,26.1,27.9,26.1,5.333,0.00664,1089272.0,29299200.0,-2.61194029850746,26.8
HK.09696,天齐锂业,2024-12-11 00:00:00,26.45,26.25,26.7,26.15,5.363,0.00302,496300.0,13093610.0,0.5747126436781554,26.1
HK.09696,天齐锂业,2024-12-12 00:00:00,26.3,26.5,27.05,26.2,5.414,0.00416,682900.0,18205505.0,0.9523809523809524,26.25
HK.09696,天齐锂业,2024-12-13 00:00:00,26.5,25.7,26.5,25.4,5.251,0.00514,843919.0,21646455.0,-3.0188679245283048,26.5
HK.09696,天齐锂业,2024-12-16 00:00:00,25.6,24.55,25.6,24.4,5.016,0.01202,1972300.0,48635960.0,-4.47470817120622,25.7
HK.09696,天齐锂业,2024-12-17 00:00:00,24.7,24.35,24.7,24.1,4.975,0.00585,960092.0,23367845.0,-0.8146639511201601,24.55
HK.09696,天齐锂业,2024-12-18 00:00:00,24.6,24.3,24.7,24.05,4.965,0.00545,893900.0,21802168.0,-0.2053388090349105,24.35
HK.09696,天齐锂业,2024-12-19 00:00:00,24.05,24.15,24.15,23.75,4.934,0.00479,786597.0,18833697.0,-0.6172839506172927,24.3
HK.09696,天齐锂业,2024-12-20 00:00:00,24.2,24.2,24.65,24.05,4.944,0.01172,1923797.0,46695879.0,0.20703933747412304,24.15
HK.09696,天齐锂业,2024-12-23 00:00:00,24.2,24.35,24.65,24.2,4.975,0.00709,1163200.0,28307446.0,0.6198347107438105,24.2
HK.09696,天齐锂业,2024-12-24 00:00:00,24.2,24.35,24.8,24.2,4.975,0.00301,494400.0,12124997.0,0.0,24.35
HK.09696,天齐锂业,2024-12-27 00:00:00,24.5,24.45,24.9,24.25,4.995,0.00333,547000.0,13456375.0,0.41067761806980646,24.35
HK.09696,天齐锂业,2024-12-30 00:00:00,24.4,24.35,24.65,24.15,4.975,0.00301,494263.0,12052878.0,-0.40899795501021624,24.45
HK.09696,天齐锂业,2024-12-31 00:00:00,24.45,24.05,24.6,23.85,4.914,0.00323,529800.0,12747030.0,-1.2320328542094483,24.35
HK.09696,天齐锂业,2025-01-02 00:00:00,24.05,23.6,24.2,23.4,4.822,0.00457,750100.0,17721918.0,-1.871101871101868,24.05
HK.09696,天齐锂业,2025-01-03 00:00:00,23.65,23.2,23.8,22.8,4.74,0.00511,837890.0,19510622.0,-1.6949152542372972,23.6
HK.09696,天齐锂业,2025-01-06 00:00:00,23.6,23.6,23.95,23.25,4.822,0.00618,1014050.0,23954200.0,1.7241379310344922,23.2
HK.09696,天齐锂业,2025-01-07 00:00:00,23.3,23.95,23.95,23.3,4.893,0.00426,698600.0,16528770.0,1.483050847457618,23.6
HK.09696,天齐锂业,2025-01-08 00:00:00,23.65,23.4,23.85,23.0,4.781,0.00435,713437.0,16576884.0,-2.2964509394572055,23.95
HK.09696,天齐锂业,2025-01-09 00:00:00,23.1,23.6,23.7,23.1,4.822,0.00258,422800.0,9937802.0,0.854700854700867,23.4
HK.09696,天齐锂业,2025-01-10 00:00:00,23.6,22.9,23.8,22.65,4.679,0.00436,714800.0,16473576.0,-2.9661016949152663,23.6
HK.09696,天齐锂业,2025-01-13 00:00:00,23.0,23.55,23.9,22.7,4.812,0.00729,1195704.0,28069116.0,2.838427947598263,22.9
HK.09696,天齐锂业,2025-01-14 00:00:00,23.8,23.7,23.95,23.25,4.842,0.00776,1274178.0,30107240.0,0.6369426751592296,23.55
HK.09696,天齐锂业,2025-01-15 00:00:00,23.45,24.05,24.35,23.15,4.914,0.00761,1248300.0,29916780.0,1.4767932489451538,23.7
HK.09696,天齐锂业,2025-01-16 00:00:00,24.35,24.4,24.85,24.05,4.985,0.00574,941900.0,23128590.0,1.4553014553014463,24.05
HK.09696,天齐锂业,2025-01-17 00:00:00,24.15,24.4,25.5,24.15,4.985,0.01066,1749400.0,43222082.0,0.0,24.4
HK.09696,天齐锂业,2025-01-20 00:00:00,24.5,24.35,24.8,24.0,4.975,0.00569,934400.0,22803375.0,-0.2049180327868736,24.4
HK.09696,天齐锂业,2025-01-21 00:00:00,24.3,23.85,24.5,23.65,4.873,0.00663,1088000.0,26045510.0,-2.0533880903490758,24.35
HK.09696,天齐锂业,2025-01-22 00:00:00,23.95,23.4,24.15,23.0,4.781,0.00661,1085000.0,25337466.0,-1.8867924528302005,23.85
HK.09696,天齐锂业,2025-01-23 00:00:00,23.25,22.9,23.8,22.8,4.679,0.00952,1562850.0,36286517.0,-2.1367521367521367,23.4
HK.09696,天齐锂业,2025-01-24 00:00:00,22.2,23.2,23.35,22.1,4.74,0.01085,1781200.0,40494310.0,1.310043668122274,22.9
HK.09696,天齐锂业,2025-01-27 00:00:00,23.0,23.15,23.8,22.95,4.73,0.00343,563000.0,13155605.0,-0.2155172413793134,23.2
HK.09696,天齐锂业,2025-01-28 00:00:00,23.1,22.5,23.75,22.0,4.597,0.0012,197000.0,4408600.0,-2.8077753779697563,23.15
HK.09696,天齐锂业,2025-02-03 00:00:00,22.4,22.35,22.55,21.0,4.566,0.00294,481900.0,10568410.0,-0.6666666666666604,22.5
HK.09696,天齐锂业,2025-02-04 00:00:00,22.6,22.7,22.8,21.7,4.638,0.00198,325092.0,7351690.0,1.5659955257270597,22.35
HK.09696,天齐锂业,2025-02-05 00:00:00,23.0,22.6,23.0,22.25,4.617,0.00572,938400.0,21165010.0,-0.4405286343612241,22.7
HK.09696,天齐锂业,2025-02-06 00:00:00,22.4,23.05,23.25,22.4,4.709,0.0073,1198350.0,27510730.0,1.991150442477873,22.6
HK.09696,天齐锂业,2025-02-07 00:00:00,23.3,23.45,24.1,23.0,4.791,0.01511,2479900.0,58794694.0,1.7353579175704927,23.05
HK.09696,天齐锂业,2025-02-10 00:00:00,23.45,24.05,24.15,23.3,4.914,0.00974,1598000.0,38063020.0,2.5586353944562963,23.45
HK.09696,天齐锂业,2025-02-11 00:00:00,24.2,23.35,24.35,23.25,4.771,0.00563,923300.0,21794375.0,-2.9106029106029077,24.05
HK.09696,天齐锂业,2025-02-12 00:00:00,23.35,24.7,26.0,23.35,5.046,0.03319,5447099.0,135224884.0,5.781584582441104,23.35
HK.09696,天齐锂业,2025-02-13 00:00:00,25.0,24.1,25.15,24.05,4.924,0.01474,2418500.0,59819183.0,-2.4291497975708416,24.7
HK.09696,天齐锂业,2025-02-14 00:00:00,24.6,24.95,25.75,24.4,5.098,0.01804,2960840.0,73850144.0,3.5269709543568375,24.1
HK.09696,天齐锂业,2025-02-17 00:00:00,25.0,24.9,25.6,24.5,5.087,0.01633,2679363.0,67256938.0,-0.20040080160320925,24.95
HK.09696,天齐锂业,2025-02-18 00:00:00,25.6,25.15,26.1,24.75,5.138,0.02511,4121291.0,105228785.0,1.0040160642570282,24.9
HK.09696,天齐锂业,2025-02-19 00:00:00,25.2,24.9,25.4,24.5,5.087,0.01633,2679600.0,66856590.0,-0.9940357852882704,25.15
HK.09696,天齐锂业,2025-02-20 00:00:00,25.0,24.5,25.35,24.45,5.006,0.00837,1374100.0,34086050.0,-1.6064257028112392,24.9
HK.09696,天齐锂业,2025-02-21 00:00:00,24.6,24.95,25.3,24.25,5.098,0.01296,2127700.0,52873207.0,1.8367346938775482,24.5
HK.09696,天齐锂业,2025-02-24 00:00:00,25.1,25.15,25.8,24.6,5.138,0.01252,2055100.0,52124940.0,0.8016032064128228,24.95
HK.09696,天齐锂业,2025-02-25 00:00:00,25.2,25.1,26.0,24.5,5.128,0.01371,2249600.0,57103880.0,-0.1988071570576428,25.15
HK.09696,天齐锂业,2025-02-26 00:00:00,25.25,25.5,25.75,25.2,5.21,0.01508,2475600.0,63240970.0,1.5936254980079625,25.1
HK.09696,天齐锂业,2025-02-27 00:00:00,25.85,26.0,26.85,25.3,5.312,0.03529,5791600.0,151620930.0,1.9607843137254901,25.5
HK.09696,天齐锂业,2025-02-28 00:00:00,26.2,24.55,26.25,24.3,5.016,0.02079,3411400.0,86292149.0,-5.576923076923075,26.0
HK.09696,天齐锂业,2025-03-03 00:00:00,24.75,25.9,26.7,24.7,5.292,0.03169,5200773.0,135486873.0,5.498981670061091,24.55
HK.09696,天齐锂业,2025-03-04 00:00:00,25.25,24.9,25.45,24.5,5.087,0.01506,2471238.0,61420730.0,-3.861003861003861,25.9
HK.09696,天齐锂业,2025-03-05 00:00:00,25.2,25.0,25.4,24.55,5.108,0.00863,1416215.0,35141890.0,0.4016064257028169,24.9
HK.09696,天齐锂业,2025-03-06 00:00:00,25.15,25.45,25.9,25.05,5.2,0.0181,2970800.0,75617790.0,1.7999999999999972,25.0
HK.09696,天齐锂业,2025-03-07 00:00:00,25.85,26.0,26.7,25.65,5.312,0.03002,4926200.0,129378340.0,2.161100196463657,25.45
HK.09696,天齐锂业,2025-03-10 00:00:00,26.2,26.1,26.5,25.7,5.333,0.01003,1645700.0,42917490.0,0.3846153846153901,26.0
HK.09696,天齐锂业,2025-03-11 00:00:00,25.6,25.5,25.6,24.75,5.21,0.01035,1699200.0,42907736.0,-2.298850574712649,26.1
HK.09696,天齐锂业,2025-03-12 00:00:00,25.75,25.25,26.05,25.15,5.159,0.01149,1885300.0,48205415.0,-0.9803921568627451,25.5
HK.09696,天齐锂业,2025-03-13 00:00:00,25.25,25.25,25.6,24.6,5.159,0.00959,1573189.0,39442956.0,0.0,25.25
HK.09696,天齐锂业,2025-03-14 00:00:00,25.45,25.75,25.95,25.1,5.261,0.00851,1396950.0,35810867.0,1.9801980198019802,25.25
HK.09696,天齐锂业,2025-03-17 00:00:00,26.0,26.0,26.7,25.75,5.312,0.02256,3703000.0,97487001.0,0.9708737864077669,25.75
HK.09696,天齐锂业,2025-03-18 00:00:00,26.4,26.2,26.9,26.15,5.353,0.01345,2206679.0,58428335.0,0.7692307692307665,26.0
HK.09696,天齐锂业,2025-03-19 00:00:00,26.45,26.4,26.55,25.8,5.394,0.00772,1267052.0,33292957.0,0.7633587786259515,26.2
HK.09696,天齐锂业,2025-03-20 00:00:00,26.15,25.45,26.35,25.45,5.2,0.00913,1497800.0,38690390.0,-3.598484848484846,26.4
HK.09696,天齐锂业,2025-03-21 00:00:00,25.45,24.6,25.5,24.3,5.026,0.01554,2550700.0,63013795.0,-3.3398821218074572,25.45
HK.09696,天齐锂业,2025-03-24 00:00:00,24.6,24.7,24.9,24.05,5.046,0.00768,1260400.0,30795340.0,0.4065040650406417,24.6
HK.09696,天齐锂业,2025-03-25 00:00:00,24.7,24.7,24.9,24.3,5.046,0.00392,644000.0,15838300.0,0.0,24.7
HK.09696,天齐锂业,2025-03-26 00:00:00,24.8,24.4,24.9,24.2,4.985,0.00367,603100.0,14741030.0,-1.2145748987854281,24.7
HK.09696,天齐锂业,2025-03-27 00:00:00,24.25,24.65,24.8,23.65,0.0,0.00671,1100900.0,26633535.0,1.0245901639344264,24.4
HK.09696,天齐锂业,2025-03-28 00:00:00,24.7,24.45,24.7,23.85,0.0,0.00819,1343800.0,32611768.0,-0.8113590263691656,24.65
HK.09696,天齐锂业,2025-03-31 00:00:00,24.6,24.3,24.6,23.75,0.0,0.01011,1659800.0,39891453.0,-0.6134969325153317,24.45
HK.09696,天齐锂业,2025-04-01 00:00:00,24.1,24.65,24.75,24.1,0.0,0.00513,842600.0,20683014.0,1.440329218106987,24.3
HK.09696,天齐锂业,2025-04-02 00:00:00,24.75,24.85,24.95,24.15,0.0,0.01031,1692200.0,41701241.0,0.81135902636918,24.65
HK.09696,天齐锂业,2025-04-03 00:00:00,24.6,23.9,24.7,23.9,0.0,0.00725,1189939.0,28769390.0,-3.8229376257545384,24.85
HK.09696,天齐锂业,2025-04-07 00:00:00,21.5,20.25,22.35,20.1,0.0,0.02615,4291900.0,90567920.0,-15.271966527196648,23.9
HK.09696,天齐锂业,2025-04-08 00:00:00,20.25,20.25,20.95,19.6,0.0,0.0285,4677900.0,94201685.0,0.0,20.25
HK.09696,天齐锂业,2025-04-09 00:00:00,19.3,20.6,20.6,19.0,0.0,0.02067,3391604.0,67061008.0,1.7283950617284023,20.25
HK.09696,天齐锂业,2025-04-10 00:00:00,21.3,20.9,21.75,20.85,0.0,0.01419,2329200.0,49805510.0,1.4563106796116367,20.6
HK.09696,天齐锂业,2025-04-11 00:00:00,21.05,21.65,21.65,20.6,0.0,0.01206,1979800.0,41998625.0,3.588516746411483,20.9
HK.09696,天齐锂业,2025-04-14 00:00:00,22.2,22.25,22.45,21.7,0.0,0.01203,1974200.0,43770636.0,2.7713625866050875,21.65
HK.09696,天齐锂业,2025-04-15 00:00:00,22.4,21.9,22.4,21.75,0.0,0.00475,779500.0,17112600.0,-1.5730337078651748,22.25
HK.09696,天齐锂业,2025-04-16 00:00:00,21.9,21.2,22.1,20.9,0.0,0.00554,908800.0,19257375.0,-3.1963470319634673,21.9
HK.09696,天齐锂业,2025-04-17 00:00:00,21.15,21.2,21.35,20.9,0.0,0.00612,1005200.0,21269130.0,0.0,21.2
HK.09696,天齐锂业,2025-04-22 00:00:00,21.2,21.2,21.4,20.9,0.0,0.00398,653782.0,13826345.0,0.0,21.2
HK.09696,天齐锂业,2025-04-23 00:00:00,21.3,21.8,21.8,21.3,0.0,0.00418,685376.0,14786668.0,2.8301886792452895,21.2
HK.09696,天齐锂业,2025-04-24 00:00:00,23.0,22.35,24.1,22.2,0.0,0.05126,8413300.0,194805083.0,2.522935779816517,21.8
HK.09696,天齐锂业,2025-04-25 00:00:00,22.5,22.75,23.05,22.25,0.0,0.01442,2367400.0,53860403.0,1.789709172259501,22.35
HK.09696,天齐锂业,2025-04-28 00:00:00,22.55,22.5,22.75,22.2,0.0,0.00573,940200.0,21131665.0,-1.098901098901099,22.75
HK.09696,天齐锂业,2025-04-29 00:00:00,22.3,23.15,23.3,22.3,0.0,0.01444,2370200.0,54595770.0,2.8888888888888826,22.5
HK.09696,天齐锂业,2025-04-30 00:00:00,23.25,23.1,23.85,23.0,0.0,0.00946,1552100.0,36308734.0,-0.21598272138227714,23.15
HK.09696,天齐锂业,2025-05-02 00:00:00,24.3,23.45,24.3,22.75,0.0,0.00341,560101.0,13113958.0,1.5151515151515058,23.1
HK.09696,天齐锂业,2025-05-06 00:00:00,23.5,23.35,23.65,23.2,0.0,0.01059,1738290.0,40688400.0,-0.42643923240937254,23.45
HK.09696,天齐锂业,2025-05-07 00:00:00,23.5,23.4,23.8,23.05,0.0,0.01015,1665100.0,38861795.0,0.21413276231262166,23.35
HK.09696,天齐锂业,2025-05-08 00:00:00,23.2,23.6,23.8,23.2,0.0,0.0064,1049800.0,24668365.0,0.854700854700867,23.4
HK.09696,天齐锂业,2025-05-09 00:00:00,23.7,23.35,23.75,23.1,0.0,0.00506,831000.0,19428360.0,-1.059322033898305,23.6
HK.09696,天齐锂业,2025-05-12 00:00:00,23.6,24.45,24.55,23.3,0.0,0.01483,2433200.0,58157925.0,4.710920770877935,23.35
HK.09696,天齐锂业,2025-05-13 00:00:00,24.55,24.05,24.8,23.8,0.0,0.01498,2458800.0,59219924.0,-1.635991820040894,24.45
HK.09696,天齐锂业,2025-05-14 00:00:00,24.2,24.65,24.85,24.2,0.0,0.01026,1683579.0,41334664.0,2.494802494802486,24.05
HK.09696,天齐锂业,2025-05-15 00:00:00,24.65,23.5,24.65,23.45,0.0,0.0103,1690800.0,40409930.0,-4.665314401622712,24.65
HK.09696,天齐锂业,2025-05-16 00:00:00,23.55,23.25,23.75,23.25,0.0,0.00557,914400.0,21419960.0,-1.0638297872340425,23.5
HK.09696,天齐锂业,2025-05-19 00:00:00,23.3,23.35,23.4,22.9,0.0,0.00363,595400.0,13762560.0,0.4301075268817265,23.25
HK.09696,天齐锂业,2025-05-20 00:00:00,23.35,23.35,23.5,22.9,0.0,0.00379,621646.0,14447221.0,0.0,23.35
HK.09696,天齐锂业,2025-05-21 00:00:00,23.35,24.3,24.35,23.35,0.0,0.00907,1488500.0,35805773.0,4.06852248394004,23.35
HK.09696,天齐锂业,2025-05-22 00:00:00,24.3,24.45,25.0,24.0,0.0,0.01507,2473400.0,60930645.0,0.6172839506172781,24.3
HK.09696,天齐锂业,2025-05-23 00:00:00,24.55,25.05,26.65,24.55,0.0,0.02431,3989600.0,102616503.0,2.4539877300613555,24.45
HK.09696,天齐锂业,2025-05-26 00:00:00,25.05,24.2,25.05,24.2,0.0,0.00647,1062600.0,26027303.0,-3.393213572854297,25.05
HK.09696,天齐锂业,2025-05-27 00:00:00,24.5,24.25,24.95,24.05,0.0,0.00591,970500.0,23687030.0,0.20661157024793683,24.2
HK.09696,天齐锂业,2025-05-28 00:00:00,24.45,24.0,24.45,23.65,0.0,0.00777,1275400.0,30442069.0,-1.0309278350515463,24.25
HK.09696,天齐锂业,2025-05-29 00:00:00,23.85,24.8,25.0,23.8,0.0,0.01245,2042800.0,50405320.0,3.333333333333336,24.0
HK.09696,天齐锂业,2025-05-30 00:00:00,24.8,24.5,24.8,24.2,0.0,0.0055,902300.0,22033508.0,-1.2096774193548416,24.8
HK.09696,天齐锂业,2025-06-02 00:00:00,24.35,24.5,24.5,23.5,0.0,0.00319,523600.0,12539070.0,0.0,24.5
HK.09696,天齐锂业,2025-06-03 00:00:00,24.5,25.2,25.2,24.35,0.0,0.00985,1616682.0,40253640.0,2.857142857142854,24.5
HK.09696,天齐锂业,2025-06-04 00:00:00,25.25,26.45,26.85,25.25,0.0,0.02504,4110289.0,108272081.0,4.9603174603174605,25.2
HK.09696,天齐锂业,2025-06-05 00:00:00,26.45,26.35,27.25,25.9,0.0,0.01321,2168600.0,57598359.0,-0.37807183364838515,26.45
HK.09696,天齐锂业,2025-06-06 00:00:00,26.5,26.4,27.15,26.15,0.0,0.01485,2436600.0,65004140.0,0.18975332068310116,26.35
HK.09696,天齐锂业,2025-06-09 00:00:00,26.7,25.9,26.7,25.6,0.0,0.02227,3655400.0,94810105.0,-1.893939393939394,26.4
HK.09696,天齐锂业,2025-06-10 00:00:00,25.9,25.9,26.4,25.5,0.0,0.01756,2882358.0,74760924.0,0.0,25.9
HK.09696,天齐锂业,2025-06-11 00:00:00,25.9,26.65,27.05,25.85,0.0,0.02575,4225723.0,113278862.0,2.8957528957528957,25.9
HK.09696,天齐锂业,2025-06-12 00:00:00,26.5,26.8,27.2,26.4,0.0,0.01016,1666910.0,44886792.0,0.5628517823639856,26.65
HK.09696,天齐锂业,2025-06-13 00:00:00,26.8,26.5,27.05,26.1,0.0,0.01127,1850082.0,48878909.0,-1.1194029850746294,26.8
HK.09696,天齐锂业,2025-06-16 00:00:00,26.3,26.35,26.45,25.85,0.0,0.00808,1326600.0,34647660.0,-0.5660377358490513,26.5
HK.09696,天齐锂业,2025-06-17 00:00:00,26.25,26.35,26.85,26.1,0.0,0.00758,1244120.0,32989798.0,0.0,26.35
HK.09696,天齐锂业,2025-06-18 00:00:00,26.35,25.55,26.35,25.25,0.0,0.0111,1822500.0,46641328.0,-3.0360531309297936,26.35
HK.09696,天齐锂业,2025-06-19 00:00:00,25.4,25.45,26.2,24.9,0.0,0.01275,2092800.0,53169611.0,-0.3913894324853284,25.55
HK.09696,天齐锂业,2025-06-20 00:00:00,25.4,25.35,26.0,25.15,0.0,0.00803,1318620.0,33493239.0,-0.3929273084479288,25.45
HK.09696,天齐锂业,2025-06-23 00:00:00,25.3,25.7,26.0,25.0,0.0,0.01244,2042300.0,52009210.0,1.3806706114398337,25.35
HK.09696,天齐锂业,2025-06-24 00:00:00,25.95,27.15,27.3,25.55,0.0,0.01949,3198600.0,85381178.0,5.6420233463035,25.7
HK.09696,天齐锂业,2025-06-25 00:00:00,27.35,27.5,27.65,26.9,0.0,0.01287,2112770.0,57761772.0,1.2891344383057144,27.15
HK.09696,天齐锂业,2025-06-26 00:00:00,27.5,27.3,29.0,27.2,0.0,0.02425,3979592.0,111512041.0,-0.7272727272727246,27.5
HK.09696,天齐锂业,2025-06-27 00:00:00,27.65,29.15,29.8,27.65,0.0,0.03482,5714900.0,165635845.0,6.776556776556769,27.3
HK.09696,天齐锂业,2025-06-30 00:00:00,29.45,28.95,29.55,28.35,0.0,0.01505,2470200.0,71243580.0,-0.6861063464837025,29.15
HK.09696,天齐锂业,2025-07-02 00:00:00,28.9,29.25,29.7,28.45,0.0,0.0243,3988362.0,116237984.0,1.036269430051816,28.95
HK.09696,天齐锂业,2025-07-03 00:00:00,29.35,29.75,30.55,28.95,0.0,0.03268,5362782.0,159309407.0,1.7094017094017095,29.25
HK.09696,天齐锂业,2025-07-04 00:00:00,29.85,28.9,29.85,28.45,0.0,0.0131,2150700.0,61969900.0,-2.857142857142862,29.75
HK.09696,天齐锂业,2025-07-07 00:00:00,28.8,28.9,29.05,28.35,0.0,0.00603,990280.0,28447902.0,0.0,28.9
HK.09696,天齐锂业,2025-07-08 00:00:00,29.15,30.75,31.0,28.95,0.0,0.02714,4454700.0,134935915.0,6.401384083044988,28.9
HK.09696,天齐锂业,2025-07-09 00:00:00,30.8,30.05,31.2,30.0,0.0,0.01256,2061800.0,62923654.0,-2.27642276422764,30.75
HK.09696,天齐锂业,2025-07-10 00:00:00,30.0,30.2,30.7,29.65,0.0,0.01232,2022600.0,60966050.0,0.4991680532445876,30.05
HK.09696,天齐锂业,2025-07-11 00:00:00,30.4,29.9,31.35,29.7,0.0,0.02212,3631100.0,110867097.0,-0.9933774834437109,30.2
HK.09696,天齐锂业,2025-07-14 00:00:00,30.0,30.7,32.4,30.0,0.0,0.03875,6359600.0,199908750.0,2.6755852842809387,29.9
HK.09696,天齐锂业,2025-07-15 00:00:00,31.4,30.4,31.4,29.7,0.0,0.03003,4927800.0,149703917.0,-0.9771986970684062,30.7
HK.09696,天齐锂业,2025-07-16 00:00:00,30.65,29.65,30.65,29.4,0.0,0.01741,2857000.0,85367460.0,-2.4671052631578947,30.4
HK.09696,天齐锂业,2025-07-17 00:00:00,29.65,30.95,31.35,29.4,0.0,0.03602,5911800.0,180294910.0,4.384485666104556,29.65
HK.09696,天齐锂业,2025-07-18 00:00:00,31.8,32.75,33.2,31.65,0.0,0.06224,10215480.0,331016642.0,5.815831987075931,30.95
HK.09696,天齐锂业,2025-07-21 00:00:00,33.05,33.45,33.85,32.45,0.0,0.02821,4630200.0,153548949.0,2.1374045801526806,32.75
HK.09696,天齐锂业,2025-07-22 00:00:00,33.65,35.75,36.3,33.3,0.0,0.05772,9472600.0,332135265.0,6.875934230194311,33.45
HK.09696,天齐锂业,2025-07-23 00:00:00,35.9,34.75,36.75,34.45,0.0,0.04149,6809400.0,241524464.0,-2.797202797202797,35.75
HK.09696,天齐锂业,2025-07-24 00:00:00,34.6,39.65,41.5,34.0,0.0,0.16373,26871996.0,1040452950.0,14.10071942446043,34.75
HK.09696,天齐锂业,2025-07-25 00:00:00,40.6,40.2,43.1,39.9,0.0,0.12085,19834217.0,815788716.0,1.3871374527112341,39.65
HK.09696,天齐锂业,2025-07-28 00:00:00,38.85,37.7,39.9,37.45,0.0,0.07884,12940100.0,498619327.0,-6.218905472636815,40.2
HK.09696,天齐锂业,2025-07-29 00:00:00,37.0,38.0,38.7,36.95,0.0,0.04076,6689400.0,252838895.0,0.7957559681697537,37.7
HK.09696,天齐锂业,2025-07-30 00:00:00,39.15,36.45,39.55,36.05,0.0,0.05717,9382054.0,350301477.0,-4.078947368421045,38.0
HK.09696,天齐锂业,2025-07-31 00:00:00,36.0,35.25,36.0,34.6,0.0,0.04524,7425609.0,261984940.0,-3.292181069958855,36.45
HK.09696,天齐锂业,2025-08-01 00:00:00,35.5,35.45,36.4,35.35,0.0,0.03036,4983170.0,178346014.0,0.5673758865248308,35.25
HK.09696,天齐锂业,2025-08-04 00:00:00,35.0,35.96,36.4,34.82,0.0,0.01547,2539300.0,91046782.0,1.438645980253873,35.45
HK.09696,天齐锂业,2025-08-05 00:00:00,36.0,36.1,36.4,35.82,0.0,0.01603,2631200.0,95146776.0,0.3893214682981106,35.96
HK.09696,天齐锂业,2025-08-06 00:00:00,36.04,36.96,37.16,35.5,0.0,0.0226,3709161.0,134768249.0,2.382271468144043,36.1
HK.09696,天齐锂业,2025-08-07 00:00:00,37.42,39.76,40.0,36.1,0.0,0.06701,10997800.0,423423172.0,7.575757575757567,36.96
HK.09696,天齐锂业,2025-08-08 00:00:00,39.98,41.02,42.46,39.28,0.0,0.07089,11635300.0,478636870.0,3.1690140845070554,39.76
HK.09696,天齐锂业,2025-08-11 00:00:00,47.16,48.48,48.8,44.26,0.0,0.17237,28290212.0,1332193788.0,18.186250609458785,41.02
HK.09696,天齐锂业,2025-08-12 00:00:00,49.5,45.78,49.5,44.08,0.0,0.15363,25214465.0,1164556787.0,-5.569306930693061,48.48
HK.09696,天齐锂业,2025-08-13 00:00:00,45.3,45.0,46.98,44.62,0.0,0.05465,8969090.0,408174795.0,-1.7038007863695963,45.78
HK.09696,天齐锂业,2025-08-14 00:00:00,45.52,44.0,45.8,43.42,0.0,0.03479,5709518.0,253871525.0,-2.2222222222222223,45.0
HK.09696,天齐锂业,2025-08-15 00:00:00,43.98,45.38,45.58,43.7,0.0,0.03792,6223947.0,279048723.0,3.136363636363642,44.0
HK.09696,天齐锂业,2025-08-18 00:00:00,46.52,44.84,47.5,44.84,0.0,0.03322,5451402.0,251138864.0,-1.1899515204936075,45.38
HK.09696,天齐锂业,2025-08-19 00:00:00,44.64,43.88,45.84,43.6,0.0,0.03148,5166300.0,230825640.0,-2.1409455842997343,44.84
HK.09696,天齐锂业,2025-08-20 00:00:00,42.56,42.12,43.3,41.0,0.0,0.04431,7273000.0,304625992.0,-4.010938924339118,43.88
HK.09696,天齐锂业,2025-08-21 00:00:00,42.0,41.62,42.56,41.3,0.0,0.02048,3361321.0,140860216.0,-1.1870845204178537,42.12
HK.09696,天齐锂业,2025-08-22 00:00:00,41.62,42.08,42.62,41.2,0.0,0.02929,4807200.0,201928066.0,1.1052378664103817,41.62
HK.09696,天齐锂业,2025-08-25 00:00:00,42.88,42.16,43.28,41.44,0.0,0.03931,6451300.0,272755186.0,0.1901140684410606,42.08
HK.09696,天齐锂业,2025-08-26 00:00:00,42.16,41.64,42.92,41.38,0.0,0.02376,3899194.0,164580706.0,-1.2333965844402184,42.16
HK.09696,天齐锂业,2025-08-27 00:00:00,42.32,40.86,43.0,40.54,0.0,0.03731,6122900.0,255898490.0,-1.8731988472622505,41.64
HK.09696,天齐锂业,2025-08-28 00:00:00,40.58,39.92,41.46,39.14,0.0,0.03927,6444718.0,257870550.0,-2.3005384238864357,40.86
HK.09696,天齐锂业,2025-08-29 00:00:00,40.0,40.66,41.74,39.52,0.0,0.08036,13188200.0,534985291.0,1.8537074148296462,39.92
HK.09696,天齐锂业,2025-09-01 00:00:00,41.0,39.98,41.0,39.1,0.0,0.03692,6058600.0,241761162.0,-1.6724053123462856,40.66
HK.09696,天齐锂业,2025-09-02 00:00:00,40.1,38.86,40.68,38.18,0.0,0.03244,5323600.0,208633054.0,-2.801400700350169,39.98
HK.09696,天齐锂业,2025-09-03 00:00:00,38.7,38.26,40.0,37.92,0.0,0.02805,4603400.0,179575824.0,-1.5440041173443166,38.86
HK.09696,天齐锂业,2025-09-04 00:00:00,38.6,39.32,39.92,38.26,0.0,0.05114,8392630.0,329544301.0,2.770517511761637,38.26
HK.09696,天齐锂业,2025-09-05 00:00:00,39.8,44.56,44.72,39.52,0.0,0.11061,18154200.0,773778478.0,13.3265513733469,39.32
HK.09696,天齐锂业,2025-09-08 00:00:00,45.5,45.28,46.66,43.38,0.0,0.09502,15594425.0,705560256.0,1.6157989228007157,44.56
HK.09696,天齐锂业,2025-09-09 00:00:00,46.02,43.42,46.02,43.18,0.0,0.0479,7861318.0,347158701.0,-4.107773851590105,45.28
HK.09696,天齐锂业,2025-09-10 00:00:00,40.0,39.96,41.0,39.56,0.0,0.06375,10463500.0,419911092.0,-7.968678028558269,43.42
HK.09696,天齐锂业,2025-09-11 00:00:00,40.0,40.14,40.4,39.5,0.0,0.02241,3678700.0,147094056.0,0.45045045045044974,39.96
HK.09696,天齐锂业,2025-09-12 00:00:00,40.5,39.8,40.86,39.58,0.0,0.02273,3730000.0,149801378.0,-0.8470353761833668,40.14
HK.09696,天齐锂业,2025-09-15 00:00:00,40.18,40.74,42.02,40.0,0.0,0.03539,5808662.0,239075280.0,2.361809045226143,39.8
HK.09696,天齐锂业,2025-09-16 00:00:00,41.7,39.88,41.7,39.66,0.0,0.02465,4046000.0,162414158.0,-2.1109474717722123,40.74
HK.09696,天齐锂业,2025-09-17 00:00:00,39.88,40.26,40.8,39.2,0.0,0.02658,4362500.0,174798780.0,0.9528585757271701,39.88
HK.09696,天齐锂业,2025-09-18 00:00:00,40.3,39.32,40.36,38.74,0.0,0.02242,3679287.0,145781166.0,-2.3348236462990504,40.26
HK.09696,天齐锂业,2025-09-19 00:00:00,39.68,41.22,43.0,39.6,0.0,0.06999,11486360.0,476127345.0,4.832146490335703,39.32
HK.09696,天齐锂业,2025-09-22 00:00:00,41.22,40.48,41.3,39.62,0.0,0.02612,4287160.0,172369011.0,-1.7952450266860795,41.22
HK.09696,天齐锂业,2025-09-23 00:00:00,40.48,39.2,41.2,38.62,0.0,0.0241,3956140.0,156637901.0,-3.1620553359683647,40.48
HK.09696,天齐锂业,2025-09-24 00:00:00,39.66,39.4,40.8,38.68,0.0,0.02814,4619000.0,183102444.0,0.5102040816326422,39.2
HK.09696,天齐锂业,2025-09-25 00:00:00,39.6,40.04,41.3,39.6,0.0,0.03618,5937280.0,240316570.0,1.624365482233504,39.4
HK.09696,天齐锂业,2025-09-26 00:00:00,39.9,40.26,41.56,39.7,0.0,0.03226,5294200.0,215407266.0,0.5494505494505466,40.04
HK.09696,天齐锂业,2025-09-29 00:00:00,41.22,42.6,42.88,41.22,0.0,0.04785,7853800.0,331735850.0,5.812220566318936,40.26
HK.09696,天齐锂业,2025-09-30 00:00:00,42.88,44.94,45.78,42.58,0.0,0.05773,9474500.0,421484778.0,5.492957746478864,42.6
HK.09696,天齐锂业,2025-10-02 00:00:00,45.62,50.75,51.8,45.62,0.0,0.04115,6753809.0,337984688.0,12.928348909657327,44.94
HK.09696,天齐锂业,2025-10-03 00:00:00,50.85,50.4,50.85,49.2,0.0,0.01245,2043658.0,102044279.0,-0.6896551724137958,50.75
HK.09696,天齐锂业,2025-10-06 00:00:00,50.4,48.44,50.45,48.02,0.0,0.01134,1861100.0,90869427.0,-3.888888888888891,50.4
HK.09696,天齐锂业,2025-10-08 00:00:00,48.46,48.96,50.7,47.88,0.0,0.01581,2594720.0,128093190.0,1.0734929810074383,48.44
HK.09696,天齐锂业,2025-10-09 00:00:00,49.0,48.6,50.15,46.82,0.0,0.06789,11142600.0,540341126.0,-0.7352941176470577,48.96
HK.09696,天齐锂业,2025-10-10 00:00:00,48.8,43.78,49.08,43.5,0.0,0.05672,9308232.0,420042830.0,-9.917695473251028,48.6
HK.09696,天齐锂业,2025-10-13 00:00:00,42.38,45.9,46.0,42.02,0.0,0.05767,9464142.0,418914438.0,4.842393787117399,43.78
HK.09696,天齐锂业,2025-10-14 00:00:00,46.98,42.86,46.98,42.8,0.0,0.03714,6095900.0,272496910.0,-6.62309368191721,45.9
HK.09696,天齐锂业,2025-10-15 00:00:00,43.6,43.4,44.22,41.94,0.0,0.02115,3471566.0,149469387.0,1.2599160055996248,42.86
HK.09696,天齐锂业,2025-10-16 00:00:00,43.4,44.4,44.7,42.92,0.0,0.02175,3568900.0,157012930.0,2.3041474654377883,43.4
HK.09696,天齐锂业,2025-10-17 00:00:00,45.1,43.3,45.8,42.92,0.0,0.02689,4412994.0,193302789.0,-2.4774774774774806,44.4
HK.09696,天齐锂业,2025-10-20 00:00:00,44.2,42.22,44.4,41.88,0.0,0.01676,2750201.0,117927017.0,-2.4942263279445687,43.3
HK.09696,天齐锂业,2025-10-21 00:00:00,42.48,42.1,43.38,41.4,0.0,0.02272,3728614.0,158152028.0,-0.2842254855518651,42.22
HK.09696,天齐锂业,2025-10-22 00:00:00,42.1,42.32,42.32,40.2,0.0,0.01651,2710306.0,112337171.0,0.5225653206650804,42.1
HK.09696,天齐锂业,2025-10-23 00:00:00,42.8,44.48,44.8,41.04,0.0,0.04273,7012720.0,302704063.0,5.1039697542533,42.32
HK.09696,天齐锂业,2025-10-24 00:00:00,44.96,46.22,48.8,44.96,0.0,0.06085,9986500.0,468118345.0,3.911870503597127,44.48
HK.09696,天齐锂业,2025-10-27 00:00:00,46.9,47.38,47.74,46.36,0.0,0.03219,5282462.0,248650467.0,2.5097360450021715,46.22
HK.09696,天齐锂业,2025-10-28 00:00:00,47.78,45.62,47.78,45.5,0.0,0.02774,4552640.0,211108883.0,-3.714647530603641,47.38
HK.09696,天齐锂业,2025-10-30 00:00:00,47.5,49.78,50.95,46.58,0.0,0.13898,22809025.0,1122841083.0,9.118807540552398,45.62
HK.09696,天齐锂业,2025-10-31 00:00:00,49.86,47.7,52.6,47.22,0.0,0.08103,13298742.0,664799215.0,-4.178384893531535,49.78
HK.09696,天齐锂业,2025-11-03 00:00:00,48.3,46.58,49.16,45.92,0.0,0.02863,4698400.0,220293136.0,-2.348008385744244,47.7
HK.09696,天齐锂业,2025-11-04 00:00:00,46.9,44.4,47.34,44.14,0.0,0.034,5579935.0,254503640.0,-4.68012022327179,46.58
HK.09696,天齐锂业,2025-11-05 00:00:00,43.14,46.48,47.6,43.0,0.0,0.04497,7381160.0,337175491.0,4.684684684684681,44.4
HK.09696,天齐锂业,2025-11-06 00:00:00,46.56,48.88,49.32,46.2,0.0,0.04026,6608100.0,316705351.0,5.163511187607585,46.48
HK.09696,天齐锂业,2025-11-07 00:00:00,49.0,52.55,52.55,48.22,0.0,0.06948,11403135.0,578427534.0,7.508183306055635,48.88
HK.09696,天齐锂业,2025-11-10 00:00:00,54.0,54.15,57.1,52.2,0.0,0.09705,15928185.0,875034142.0,3.044719314938157,52.55
HK.09696,天齐锂业,2025-11-11 00:00:00,54.3,51.75,55.15,51.05,0.0,0.0532,8731880.0,460313287.0,-4.432132963988917,54.15
HK.09696,天齐锂业,2025-11-12 00:00:00,51.0,51.45,52.65,49.64,0.0,0.03611,5925869.0,303733036.0,-0.5797101449275308,51.75
HK.09696,天齐锂业,2025-11-13 00:00:00,51.9,56.7,57.0,51.9,0.0,0.08575,14073791.0,779766177.0,10.20408163265306,51.45
HK.09696,天齐锂业,2025-11-14 00:00:00,55.1,53.95,56.7,53.8,0.0,0.03784,6209600.0,341050745.0,-4.850088183421517,56.7
HK.09696,天齐锂业,2025-11-17 00:00:00,57.0,57.0,58.7,55.2,0.0,0.10183,16712820.0,955221958.0,5.653382761816491,53.95
HK.09696,天齐锂业,2025-11-18 00:00:00,56.85,53.05,58.45,52.1,0.0,0.07038,11550274.0,629297680.0,-6.929824561403514,57.0
HK.09696,天齐锂业,2025-11-19 00:00:00,53.6,54.55,56.9,53.6,0.0,0.07252,11902690.0,659255064.0,2.8275212064090485,53.05
HK.09696,天齐锂业,2025-11-20 00:00:00,55.5,53.55,58.3,53.0,0.0,0.0812,13326220.0,740845707.0,-1.833180568285976,54.55
HK.09696,天齐锂业,2025-11-21 00:00:00,52.0,47.16,52.0,46.88,0.0,0.06626,10874170.0,528791670.0,-11.9327731092437,53.55
HK.09696,天齐锂业,2025-11-24 00:00:00,47.5,45.76,48.0,44.2,0.0,0.05741,9421929.0,427246842.0,-2.9686174724342633,47.16
HK.09696,天齐锂业,2025-11-25 00:00:00,45.98,47.96,48.4,45.12,0.0,0.05755,9444621.0,443060229.0,4.807692307692315,45.76
HK.09696,天齐锂业,2025-11-26 00:00:00,49.22,48.1,50.05,48.0,0.0,0.04138,6790600.0,331441692.0,0.29190992493744905,47.96
HK.09696,天齐锂业,2025-11-27 00:00:00,47.6,47.56,49.24,47.34,0.0,0.03048,5001640.0,241986271.0,-1.1226611226611207,48.1
HK.09696,天齐锂业,2025-11-28 00:00:00,47.3,49.26,49.66,47.26,0.0,0.02695,4422700.0,216566047.0,3.5744322960470893,47.56
HK.09696,天齐锂业,2025-12-01 00:00:00,49.32,48.72,50.9,48.2,0.0,0.03235,5309884.0,262129336.0,-1.0962241169305709,49.26
HK.09696,天齐锂业,2025-12-02 00:00:00,48.7,47.28,48.7,46.5,0.0,0.02187,3589100.0,169694952.0,-2.9556650246305374,48.72
HK.09696,天齐锂业,2025-12-03 00:00:00,47.48,46.48,47.94,45.94,0.0,0.0193,3167924.0,147280487.0,-1.692047377326574,47.28
HK.09696,天齐锂业,2025-12-04 00:00:00,46.06,46.54,47.36,46.06,0.0,0.01411,2315415.0,107868929.0,0.12908777969019425,46.48
HK.09696,天齐锂业,2025-12-05 00:00:00,46.28,46.8,46.98,45.78,0.0,0.01357,2227000.0,103573940.0,0.5586592178770907,46.54
HK.09696,天齐锂业,2025-12-08 00:00:00,46.86,48.28,48.78,46.26,0.0,0.03928,6446800.0,309584801.0,3.162393162393171,46.8
HK.09696,天齐锂业,2025-12-09 00:00:00,48.14,46.46,48.14,45.94,0.0,0.01938,3181100.0,148935995.0,-3.769676884838443,48.28
HK.09696,天齐锂业,2025-12-10 00:00:00,46.4,47.88,48.38,45.8,0.0,0.0254,4169137.0,197743181.0,3.056392595781321,46.46
HK.09696,天齐锂业,2025-12-11 00:00:00,48.66,48.2,50.75,48.1,0.0,0.04558,7480700.0,370434095.0,0.6683375104427741,47.88
HK.09696,天齐锂业,2025-12-12 00:00:00,49.5,47.04,49.82,47.0,0.0,0.02865,4702600.0,225906760.0,-2.406639004149385,48.2
HK.09696,天齐锂业,2025-12-15 00:00:00,47.0,46.88,47.48,45.8,0.0,0.0181,2971430.0,138135733.0,-0.3401360544217614,47.04
HK.09696,天齐锂业,2025-12-16 00:00:00,47.14,46.62,47.6,46.36,0.0,0.02281,3743000.0,175725304.0,-0.554607508532434,46.88
HK.09696,天齐锂业,2025-12-17 00:00:00,48.36,49.34,49.96,48.02,0.0,0.04808,7891200.0,387820210.0,5.834405834405847,46.62
HK.09696,天齐锂业,2025-12-18 00:00:00,49.5,48.92,50.35,48.32,0.0,0.02361,3874200.0,191446418.0,-0.8512363194162984,49.34
HK.09696,天齐锂业,2025-12-19 00:00:00,48.9,49.76,50.8,47.9,0.0,0.03783,6209202.0,307487077.0,1.7170891251022002,48.92
HK.09696,天齐锂业,2025-12-22 00:00:00,50.85,51.95,52.95,50.75,0.0,0.03674,6029558.0,312984312.0,4.401125401929271,49.76
HK.09696,天齐锂业,2025-12-23 00:00:00,53.0,53.0,54.25,51.95,0.0,0.03868,6348500.0,337058251.0,2.0211742059672706,51.95
HK.09696,天齐锂业,2025-12-24 00:00:00,53.45,52.7,54.8,52.4,0.0,0.02443,4009800.0,214921485.0,-0.5660377358490513,53.0
HK.09696,天齐锂业,2025-12-29 00:00:00,54.45,51.0,54.7,50.7,0.0,0.03431,5630708.0,293881377.0,-3.225806451612909,52.7
HK.09696,天齐锂业,2025-12-30 00:00:00,49.96,52.65,53.15,49.58,0.0,0.02923,4797650.0,249438279.0,3.235294117647056,51.0
HK.09696,天齐锂业,2025-12-31 00:00:00,53.2,51.05,53.7,50.75,0.0,0.01768,2902200.0,151470010.0,-3.0389363722697085,52.65
HK.09696,天齐锂业,2026-01-02 00:00:00,52.3,52.35,52.6,50.3,0.0,0.00377,618800.0,32133841.0,2.5465230166503514,51.05
HK.09696,天齐锂业,2026-01-05 00:00:00,51.8,52.7,53.1,50.6,0.0,0.03142,5156661.0,267919424.0,0.668576886341932,52.35
HK.09696,天齐锂业,2026-01-06 00:00:00,54.5,54.75,55.15,52.75,0.0,0.03799,6234410.0,339128689.0,3.88994307400379,52.7
HK.09696,天齐锂业,2026-01-07 00:00:00,55.05,54.45,55.55,53.05,0.0,0.02432,3991000.0,215919218.0,-0.5479452054794468,54.75
HK.09696,天齐锂业,2026-01-08 00:00:00,54.85,53.7,56.9,52.4,0.0,0.03202,5254639.0,287008787.0,-1.3774104683195592,54.45
HK.09696,天齐锂业,2026-01-09 00:00:00,53.8,52.65,54.75,52.35,0.0,0.02721,4466000.0,238123965.0,-1.9553072625698404,53.7
HK.09696,天齐锂业,2026-01-12 00:00:00,55.0,55.05,55.9,53.7,0.0,0.04027,6609886.0,364300203.0,4.558404558404556,52.65
HK.09696,天齐锂业,2026-01-13 00:00:00,55.95,55.5,58.95,54.4,0.0,0.07699,12636400.0,714261019.0,0.8174386920980978,55.05
HK.09696,天齐锂业,2026-01-14 00:00:00,55.9,54.5,57.6,53.7,0.0,0.04255,6983674.0,387434624.0,-1.8018018018018018,55.5
HK.09696,天齐锂业,2026-01-15 00:00:00,54.45,57.1,57.9,53.0,0.0,0.04303,7062216.0,401194938.0,4.770642201834865,54.5
HK.09696,天齐锂业,2026-01-16 00:00:00,57.25,55.4,59.0,54.5,0.0,0.03213,5274000.0,293383337.0,-2.977232924693525,57.1
HK.09696,天齐锂业,2026-01-19 00:00:00,55.4,54.1,55.45,53.75,0.0,0.01377,2260604.0,122690512.0,-2.346570397111908,55.4
HK.09696,天齐锂业,2026-01-20 00:00:00,54.95,54.4,55.5,53.0,0.0,0.02373,3893998.0,210857340.0,0.5545286506469448,54.1
HK.09696,天齐锂业,2026-01-21 00:00:00,54.55,57.0,57.0,54.2,0.0,0.02689,4413264.0,246978013.0,4.779411764705885,54.4
HK.09696,天齐锂业,2026-01-22 00:00:00,57.0,55.55,57.8,54.95,0.0,0.02017,3310403.0,185551400.0,-2.5438596491228123,57.0
HK.09696,天齐锂业,2026-01-23 00:00:00,56.8,58.0,58.55,56.0,0.0,0.04273,7013262.0,403023391.0,4.410441044104416,55.55
HK.09696,天齐锂业,2026-01-26 00:00:00,59.0,57.35,60.3,57.05,0.0,0.03536,5803900.0,340508060.0,-1.1206896551724113,58.0
HK.09696,天齐锂业,2026-01-27 00:00:00,57.0,57.25,58.35,55.6,0.0,0.02674,4388520.0,247522814.0,-0.17436791630340265,57.35
HK.09696,天齐锂业,2026-01-28 00:00:00,57.75,57.0,57.75,55.0,0.0,0.03881,6369029.0,358371050.0,-0.43668122270742354,57.25
HK.09696,天齐锂业,2026-01-29 00:00:00,56.0,55.1,56.05,53.8,0.0,0.03234,5307708.0,292251195.0,-3.3333333333333304,57.0
HK.09696,天齐锂业,2026-01-30 00:00:00,54.25,49.42,54.25,49.18,0.0,0.05149,8450302.0,426119394.0,-10.308529945553538,55.1
HK.09696,天齐锂业,2026-02-02 00:00:00,47.5,48.18,49.46,46.9,0.0,0.02739,4495800.0,217710905.0,-2.509105625252938,49.42
HK.09696,天齐锂业,2026-02-03 00:00:00,49.4,49.5,50.3,48.7,0.0,0.01842,3023800.0,149958073.0,2.739726027397261,48.18
HK.09696,天齐锂业,2026-02-04 00:00:00,49.5,49.5,49.5,49.5,0.0,0.0,0.0,0.0,0.0,49.5
HK.09696,天齐锂业,2026-02-05 00:00:00,47.36,42.9,47.36,42.7,0.0,0.08142,13362022.0,585632656.0,-13.333333333333336,49.5
HK.09696,天齐锂业,2026-02-06 00:00:00,41.4,42.86,43.56,40.92,0.0,0.04257,6987168.0,298445516.0,-0.09324009324009126,42.9
HK.09696,天齐锂业,2026-02-09 00:00:00,43.5,43.34,44.36,42.72,0.0,0.03732,6124862.0,265779980.0,1.1199253383107886,42.86
HK.09696,天齐锂业,2026-02-10 00:00:00,43.56,42.5,43.56,42.46,0.0,0.02177,3573000.0,153202313.0,-1.9381633594831642,43.34
HK.09696,天齐锂业,2026-02-11 00:00:00,42.08,43.42,43.42,41.52,0.0,0.05178,11867478.0,507438503.0,2.1647058823529455,42.5
HK.09696,天齐锂业,2026-02-12 00:00:00,43.5,43.4,43.86,42.92,0.0,0.03691,8457904.0,366548477.0,-0.046061722708436496,43.42
HK.09696,天齐锂业,2026-02-13 00:00:00,42.96,42.8,43.32,42.32,0.0,0.03007,6890788.0,295080243.0,-1.3824884792626762,43.4
HK.09696,天齐锂业,2026-02-16 00:00:00,43.44,44.14,44.8,43.02,0.0,0.00826,1893600.0,83387047.0,3.1308411214953353,42.8
HK.09696,天齐锂业,2026-02-20 00:00:00,44.98,44.1,45.0,42.8,0.0,0.00701,1606000.0,70160999.0,-0.09062075215224093,44.14
HK.09696,天齐锂业,2026-02-23 00:00:00,44.52,45.32,46.0,44.52,0.0,0.01368,3135019.0,142276589.0,2.7664399092970493,44.1
HK.09696,天齐锂业,2026-02-24 00:00:00,45.02,46.3,46.86,44.68,0.0,0.04101,9397852.0,430842832.0,2.1624007060900197,45.32
HK.09696,天齐锂业,2026-02-25 00:00:00,46.82,47.5,48.52,46.18,0.0,0.03516,8058326.0,383636632.0,2.5917926565874794,46.3
HK.09696,天齐锂业,2026-02-26 00:00:00,50.4,47.8,50.95,47.8,0.0,0.05319,12189600.0,598864316.0,0.631578947368415,47.5
HK.09696,天齐锂业,2026-02-27 00:00:00,47.18,48.14,49.0,47.16,0.0,0.02773,6355000.0,305449724.0,0.7112970711297143,47.8
HK.09696,天齐锂业,2026-03-02 00:00:00,47.14,46.42,48.14,46.02,0.0,0.02602,5963200.0,279107309.0,-3.5729123390112147,48.14
HK.09696,天齐锂业,2026-03-03 00:00:00,46.0,42.68,47.0,42.68,0.0,0.03403,7798800.0,345196782.0,-8.056872037914696,46.42
HK.09696,天齐锂业,2026-03-04 00:00:00,42.68,42.94,44.14,42.16,0.0,0.01889,4328000.0,186420080.0,0.6091846298031819,42.68
HK.09696,天齐锂业,2026-03-05 00:00:00,44.32,43.36,44.66,43.02,0.0,0.01547,3544600.0,155025867.0,0.9781089892873818,42.94
HK.09696,天齐锂业,2026-03-06 00:00:00,43.36,43.08,44.26,42.88,0.0,0.01477,3385000.0,147442996.0,-0.6457564575645782,43.36
HK.09696,天齐锂业,2026-03-09 00:00:00,41.38,43.06,43.64,40.72,0.0,0.02344,5371364.0,226975540.0,-0.046425255338895126,43.08
HK.09696,天齐锂业,2026-03-10 00:00:00,43.72,44.4,45.26,43.72,0.0,0.01427,3270871.0,145464401.0,3.111936832326977,43.06
HK.09696,天齐锂业,2026-03-11 00:00:00,44.4,44.2,45.2,44.0,0.0,0.01324,3033440.0,135232484.0,-0.4504504504504409,44.4
HK.09696,天齐锂业,2026-03-12 00:00:00,44.4,43.2,44.56,42.86,0.0,0.0089,2040140.0,88570047.0,-2.262443438914027,44.2
HK.09696,天齐锂业,2026-03-13 00:00:00,43.3,43.66,45.12,43.2,0.0,0.01764,4041600.0,178368125.0,1.0648148148148002,43.2
HK.09696,天齐锂业,2026-03-16 00:00:00,43.76,43.14,43.76,41.96,0.0,0.01416,3245892.0,138766465.0,-1.1910215300045717,43.66
HK.09696,天齐锂业,2026-03-17 00:00:00,43.58,41.8,43.86,41.8,0.0,0.01258,2882336.0,123167745.0,-3.1061659712563827,43.14
HK.09696,天齐锂业,2026-03-18 00:00:00,41.8,41.12,42.18,41.02,0.0,0.01207,2765400.0,114562536.0,-1.6267942583732053,41.8
HK.09696,天齐锂业,2026-03-19 00:00:00,40.7,40.02,41.02,39.62,0.0,0.01414,3239844.0,129971313.0,-2.675097276264578,41.12
HK.09696,天齐锂业,2026-03-20 00:00:00,40.3,40.46,42.76,39.86,0.0,0.02373,5438260.0,224401659.0,1.099450274862563,40.02
HK.09696,天齐锂业,2026-03-23 00:00:00,40.0,39.88,41.42,39.3,0.0,0.01836,4208164.0,168856372.0,-1.4335145823035054,40.46
HK.09696,天齐锂业,2026-03-24 00:00:00,41.1,42.22,42.58,39.1,0.0,0.02663,6101900.0,250517521.0,5.867602808425266,39.88
HK.09696,天齐锂业,2026-03-25 00:00:00,43.5,45.0,45.58,43.5,0.0,0.03571,8184640.0,365621359.0,6.584557081951685,42.22
HK.09696,天齐锂业,2026-03-26 00:00:00,45.22,44.98,46.56,44.6,0.0,0.0296,6784600.0,308451750.0,-0.04444444444445139,45.0
HK.09696,天齐锂业,2026-03-27 00:00:00,43.98,47.74,48.58,43.96,160.74,0.05287,12115600.0,569426280.0,6.136060471320599,44.98
HK.09696,天齐锂业,2026-03-30 00:00:00,48.5,47.8,49.28,46.7,160.942,0.02959,6780745.0,324115133.0,0.12568077084205104,47.74
HK.09696,天齐锂业,2026-03-31 00:00:00,47.02,45.94,48.46,45.58,154.68,0.02848,6527400.0,304853808.0,-3.8912133891213383,47.8
HK.09696,天齐锂业,2026-04-01 00:00:00,47.0,45.58,47.16,45.32,153.468,0.01692,3877000.0,178512968.0,-0.7836308228123627,45.94
HK.09696,天齐锂业,2026-04-02 00:00:00,45.82,46.52,47.46,45.2,156.632,0.02537,5814392.0,269876570.0,2.062308029837659,45.58
HK.09696,天齐锂业,2026-04-08 00:00:00,47.12,49.12,50.5,46.5,165.387,0.02872,6581907.0,320546578.0,5.588993981083393,46.52
HK.09696,天齐锂业,2026-04-09 00:00:00,48.98,49.42,50.5,47.74,166.397,0.01909,4373817.0,216143423.0,0.6107491856677612,49.12
HK.09696,天齐锂业,2026-04-10 00:00:00,50.3,50.35,52.6,49.56,169.528,0.03184,7296300.0,371338918.0,1.8818292189397,49.42
HK.09696,天齐锂业,2026-04-13 00:00:00,50.2,53.8,54.25,50.2,181.144,0.04008,9185340.0,484549693.0,6.85203574975173,50.35
HK.09696,天齐锂业,2026-04-14 00:00:00,54.85,56.7,57.25,53.5,190.909,0.05078,11638198.0,648278913.0,5.390334572490717,53.8
HK.09696,天齐锂业,2026-04-15 00:00:00,57.0,53.85,57.1,53.4,181.313,0.03105,7116602.0,386693934.0,-5.026455026455029,56.7
HK.09696,天齐锂业,2026-04-16 00:00:00,54.75,56.65,57.65,54.3,190.74,0.0562,12880400.0,724161748.0,5.199628597957283,53.85
HK.09696,天齐锂业,2026-04-17 00:00:00,58.15,58.6,59.95,56.5,197.306,0.04964,11376019.0,661731242.0,3.442188879082088,56.65
HK.09696,天齐锂业,2026-04-20 00:00:00,58.6,58.25,58.95,57.1,196.127,0.02005,4594600.0,266041939.0,-0.5972696245733812,58.6
HK.09696,天齐锂业,2026-04-21 00:00:00,63.1,58.7,64.3,58.65,197.643,0.11285,25862335.0,1582184072.0,0.7725321888412066,58.25
HK.09696,天齐锂业,2026-04-22 00:00:00,58.7,59.0,59.7,58.05,198.653,0.03769,8637400.0,509678864.0,0.5110732538330445,58.7
HK.09696,天齐锂业,2026-04-23 00:00:00,59.8,57.0,59.8,56.2,191.919,0.03301,7565178.0,433622921.0,-3.389830508474576,59.0
HK.09696,天齐锂业,2026-04-24 00:00:00,57.0,60.45,61.2,56.4,203.535,0.068,15584468.0,924768260.0,6.0526315789473735,57.0
HK.09696,天齐锂业,2026-04-27 00:00:00,61.4,58.7,61.4,57.8,197.643,0.05063,11601943.0,687080459.0,-2.8949545078577335,60.45
HK.09696,天齐锂业,2026-04-28 00:00:00,60.15,58.2,60.95,57.6,195.959,0.0262,6005164.0,352658722.0,-0.8517887563884157,58.7
HK.09696,天齐锂业,2026-04-29 00:00:00,58.3,63.25,63.5,57.15,212.962,0.07556,17315934.0,1072294818.0,8.676975945017176,58.2
HK.09696,天齐锂业,2026-04-30 00:00:00,63.2,66.45,67.75,62.8,223.737,0.07671,17580160.0,1158285659.0,5.059288537549412,63.25
HK.09696,天齐锂业,2026-05-04 00:00:00,66.0,67.6,69.15,65.2,227.609,0.02244,5142989.0,346396575.0,1.7306245297215823,66.45
HK.09696,天齐锂业,2026-05-05 00:00:00,67.6,65.45,67.6,64.7,220.37,0.0105,2405981.0,157914883.0,-3.180473372781053,67.6
HK.09696,天齐锂业,2026-05-06 00:00:00,67.85,66.95,67.85,63.25,225.42,0.05024,11514200.0,762569119.0,2.2918258212375857,65.45
HK.09696,天齐锂业,2026-05-07 00:00:00,67.05,67.0,67.35,63.8,225.589,0.05149,11799599.0,770416949.0,0.07468259895443936,66.95
HK.09696,天齐锂业,2026-05-08 00:00:00,65.65,62.25,67.95,62.0,209.595,0.05249,12319406.0,787604535.0,-7.08955223880597,67.0
HK.09696,天齐锂业,2026-05-11 00:00:00,63.2,62.75,64.35,61.1,211.279,0.03842,9016875.0,562687913.0,0.8032128514056224,62.25
HK.09696,天齐锂业,2026-05-12 00:00:00,62.95,61.05,64.1,60.35,205.555,0.03591,8428642.0,518874015.0,-2.70916334661355,62.75
HK.09696,天齐锂业,2026-05-13 00:00:00,60.5,59.3,62.4,59.05,199.663,0.03104,7284445.0,437890838.0,-2.8665028665028665,61.05
HK.09696,天齐锂业,2026-05-14 00:00:00,59.05,57.45,59.8,56.5,194.087,0.0357,8430020.0,484731999.0,-3.119730185497461,59.3
HK.09696,天齐锂业,2026-05-15 00:00:00,57.2,54.85,57.9,54.6,185.304,0.03592,8482892.0,472578868.0,-4.5256744995648415,57.45
HK.09696,天齐锂业,2026-05-18 00:00:00,54.9,54.3,55.95,53.5,183.445,0.02117,4999400.0,274224735.0,-1.0027347310847845,54.85
HK.09696,天齐锂业,2026-05-19 00:00:00,53.9,52.35,53.9,51.45,176.858,0.03255,7686130.0,400432416.0,-3.5911602209944675,54.3
HK.09696,天齐锂业,2026-05-20 00:00:00,51.5,53.9,54.55,50.95,182.094,0.04715,11133800.0,589319805.0,2.9608404966571102,52.35
HK.09696,天齐锂业,2026-05-21 00:00:00,55.3,52.1,55.3,51.9,176.013,0.0247,5832896.0,311080502.0,-3.339517625231906,53.9
HK.09696,天齐锂业,2026-05-22 00:00:00,52.85,52.15,52.95,51.05,176.182,0.0349,8242078.0,426928656.0,0.09596928982724982,52.1
HK.09696,天齐锂业,2026-05-26 00:00:00,51.25,51.55,51.85,49.5,174.155,0.02704,6384500.0,325198363.0,-1.150527325023972,52.15
HK.09696,天齐锂业,2026-05-27 00:00:00,51.55,50.9,52.85,50.3,171.959,0.01962,4632876.0,239037448.0,-1.260911736178465,51.55
HK.09696,天齐锂业,2026-05-28 00:00:00,51.6,50.15,52.3,48.6,169.425,0.0251,5928420.0,295467916.0,-1.4734774066797642,50.9
HK.09696,天齐锂业,2026-05-29 00:00:00,51.0,49.08,51.05,48.94,165.81,0.01822,4301410.0,213133832.0,-2.1335992023928223,50.15
HK.09696,天齐锂业,2026-06-01 00:00:00,49.08,49.04,50.9,48.6,165.675,0.01748,4128650.0,204930942.0,-0.08149959250203576,49.08
HK.09696,天齐锂业,2026-06-02 00:00:00,49.0,48.24,49.0,47.0,162.972,0.01594,3763200.0,180476996.0,-1.6313213703099454,49.04
HK.09696,天齐锂业,2026-06-03 00:00:00,47.78,47.5,48.1,46.62,160.472,0.01737,4103000.0,194510911.0,-1.5339966832504186,48.24
HK.09696,天齐锂业,2026-06-04 00:00:00,47.1,45.76,47.48,45.22,154.594,0.02073,4894434.0,224191619.0,-3.663157894736847,47.5
HK.09696,天齐锂业,2026-06-05 00:00:00,45.7,43.78,46.18,43.72,147.905,0.03465,8181439.0,366153793.0,-4.32692307692307,45.76
HK.09696,天齐锂业,2026-06-08 00:00:00,42.58,43.04,44.22,42.18,145.405,0.02321,5480381.0,236503286.0,-1.690269529465514,43.78
HK.09696,天齐锂业,2026-06-09 00:00:00,43.36,44.9,46.4,42.64,151.689,0.04039,9537800.0,426027416.0,4.321561338289961,43.04
HK.09696,天齐锂业,2026-06-10 00:00:00,45.0,43.76,45.98,42.68,147.837,0.03324,7850000.0,345752108.0,-2.538975501113587,44.9
HK.09696,天齐锂业,2026-06-11 00:00:00,43.02,44.72,46.0,42.8,151.081,0.0538,12704800.0,567571760.0,2.193784277879344,43.76
HK.09696,天齐锂业,2026-06-12 00:00:00,45.74,47.5,47.98,44.9,160.472,0.04488,10597700.0,495427255.0,6.21645796064401,44.72
HK.09696,天齐锂业,2026-06-15 00:00:00,48.9,48.3,49.62,47.02,163.175,0.03702,8741187.0,420747140.0,1.6842105263157836,47.5
HK.09696,天齐锂业,2026-06-16 00:00:00,48.06,46.94,48.24,46.62,158.581,0.02457,5802816.0,274593945.0,-2.8157349896480324,48.3
HK.09696,天齐锂业,2026-06-17 00:00:00,47.48,46.44,48.5,46.16,156.891,0.02331,5504580.0,260325670.0,-1.0651896037494675,46.94
HK.09696,天齐锂业,2026-06-18 00:00:00,46.5,43.8,46.5,42.88,147.972,0.04,9445460.0,415668942.0,-5.684754521963826,46.44
HK.09696,天齐锂业,2026-06-22 00:00:00,42.18,44.76,45.1,41.4,151.216,0.03343,7894313.0,342369049.0,2.1917808219178103,43.8
HK.09696,天齐锂业,2026-06-23 00:00:00,44.64,42.34,45.2,41.82,143.04,0.01834,4330500.0,186322592.0,-5.406613047363706,44.76
HK.09696,天齐锂业,2026-06-24 00:00:00,42.34,43.32,44.5,41.5,146.351,0.03443,8130200.0,351885606.0,2.3145961265942296,42.34
HK.09696,天齐锂业,2026-06-25 00:00:00,43.36,41.42,43.8,40.84,139.932,0.02788,6584471.0,274442186.0,-4.3859649122806985,43.32
HK.09696,天齐锂业,2026-06-26 00:00:00,41.3,38.64,41.62,38.38,130.54,0.03454,8156000.0,319834465.0,-6.711733462095608,41.42
HK.09696,天齐锂业,2026-06-29 00:00:00,38.86,39.6,40.4,38.48,133.783,0.01751,4135736.0,163480254.0,2.4844720496894435,38.64
HK.09696,天齐锂业,2026-06-30 00:00:00,39.42,40.18,41.6,39.42,135.743,0.02533,5982320.0,241317800.0,1.4646464646464603,39.6
HK.09696,天齐锂业,2026-07-02 00:00:00,41.2,39.5,41.2,39.16,133.445,0.02492,5883600.0,234907395.0,-1.6923842707814825,40.18
HK.09696,天齐锂业,2026-07-03 00:00:00,40.5,40.3,41.3,40.0,136.148,0.0225,5314070.0,215785457.0,2.025316455696195,39.5
HK.09696,天齐锂业,2026-07-06 00:00:00,40.3,40.7,42.4,39.94,137.5,0.01655,3908673.0,160873211.0,0.9925558312655229,40.3
HK.09696,天齐锂业,2026-07-07 00:00:00,41.0,39.54,41.88,39.02,133.581,0.0158,3730600.0,149768410.0,-2.850122850122859,40.7
HK.09696,天齐锂业,2026-07-08 00:00:00,39.1,36.36,39.5,36.08,122.837,0.03674,8676719.0,321849594.0,-8.042488619119878,39.54
HK.09696,天齐锂业,2026-07-09 00:00:00,36.36,35.22,36.66,34.14,118.986,0.03697,8729770.0,306506186.0,-3.135313531353137,36.36
HK.09696,天齐锂业,2026-07-10 00:00:00,34.8,33.74,35.5,33.6,113.986,0.03032,7159598.0,247380331.0,-4.202157864849509,35.22
HK.09696,天齐锂业,2026-07-13 00:00:00,33.8,33.08,33.8,32.58,111.756,0.02355,5561800.0,183829156.0,-1.9561351511559089,33.74
HK.09696,天齐锂业,2026-07-14 00:00:00,33.4,34.16,34.16,32.34,115.405,0.02019,4767071.0,159055208.0,3.2648125755743598,33.08
HK.09696,天齐锂业,2026-07-15 00:00:00,35.44,33.2,35.44,33.0,112.162,0.03329,7860835.0,265201961.0,-2.8103044496486937,34.16
HK.09696,天齐锂业,2026-07-16 00:00:00,33.2,33.68,34.8,32.12,113.783,0.0463,10933151.0,367875778.0,1.445783132530111,33.2
HK.09696,天齐锂业,2026-07-17 00:00:00,33.7,32.46,34.6,31.82,109.662,0.04372,10324200.0,340043480.0,-3.6223277909738685,33.68
HK.09696,天齐锂业,2026-07-20 00:00:00,32.78,30.88,32.86,30.5,104.324,0.03495,8254000.0,255994016.0,-4.867529266789901,32.46
HK.09696,天齐锂业,2026-07-21 00:00:00,30.84,32.0,32.18,30.24,108.108,0.0261,6164447.0,193874099.0,3.6269430051813503,30.88
HK.09696,天齐锂业,2026-07-22 00:00:00,32.2,32.18,32.88,31.6,108.716,0.02868,6773205.0,218330427.0,0.5624999999999991,32.0
HK.09696,天齐锂业,2026-07-23 00:00:00,32.86,34.42,35.16,32.38,116.283,0.046,10861971.0,371774146.0,6.960845245494101,32.18
HK.09696,天齐锂业,2026-07-24 00:00:00,34.34,32.94,34.34,32.66,111.283,0.01776,4195000.0,140029131.0,-4.299825682742603,34.42
HK.09696,天齐锂业,2026-07-27 00:00:00,33.1,33.32,33.9,32.74,112.567,0.01659,3918200.0,130873704.0,1.1536126290224729,32.94
HK.09696,天齐锂业,2026-07-28 00:00:00,33.36,32.34,33.68,31.86,109.256,0.01682,3971800.0,129295816.0,-2.9411764705882257,33.32
HK.09696,天齐锂业,2026-07-29 00:00:00,32.7,33.88,34.6,32.1,114.459,0.03002,7090200.0,238985730.0,4.761904761904759,32.34
HK.09696,天齐锂业,2026-07-30 00:00:00,34.0,33.26,34.96,32.82,112.364,0.01939,4577793.0,154826968.0,-1.8299881936245705,33.88
HK.09696,天齐锂业,2026-07-31 00:00:00,34.48,33.42,34.48,32.92,112.905,0.02133,5037400.0,168189587.0,0.4810583283223202,33.26
HK.09696,天齐锂业,2026-08-03 00:00:00,33.42,34.04,34.36,32.58,115.0,0.01504,3550675.0,120040608.0,1.8551765409934096,33.42
HK.09696,天齐锂业,2026-08-04 00:00:00,34.04,35.3,35.62,33.96,119.256,0.02467,5826018.0,204994719.0,3.7015276145710874,34.04
HK.09696,天齐锂业,2026-08-05 00:00:00,35.98,36.34,36.38,35.18,122.77,0.01778,4199456.0,151354852.0,2.9461756373937855,35.3
HK.09696,天齐锂业,2026-08-06 00:00:00,36.4,35.46,36.56,34.92,119.797,0.01392,3286725.0,117181199.0,-2.421574023115032,36.34
HK.09696,天齐锂业,2026-08-07 00:00:00,35.72,35.78,36.36,35.22,120.878,0.01794,4236220.0,152120142.0,0.9024252679075022,35.46
HK.09696,天齐锂业,2026-08-10 00:00:00,36.3,36.76,37.86,36.22,124.189,0.02188,5165900.0,191191903.0,2.7389603130240268,35.78
HK.09696,天齐锂业,2026-08-11 00:00:00,36.94,35.92,36.94,35.74,121.351,0.01546,3651020.0,132245094.0,-2.2850924918389453,36.76
HK.09696,天齐锂业,2026-08-12 00:00:00,35.92,36.68,37.24,35.78,123.918,0.02249,5310271.0,193675108.0,2.115812917594649,35.92
HK.09696,天齐锂业,2026-08-13 00:00:00,36.22,35.28,36.4,35.04,119.189,0.02293,5413800.0,192571778.0,-3.816793893129767,36.68
HK.09696,天齐锂业,2026-08-14 00:00:00,35.54,35.68,36.46,35.02,120.54,0.02529,5973047.0,213087239.0,1.1337868480725584,35.28
HK.09696,天齐锂业,2026-08-17 00:00:00,36.1,36.16,36.46,35.6,122.162,0.02083,4919600.0,177308296.0,1.345291479820619,35.68
HK.09696,天齐锂业,2026-08-18 00:00:00,36.44,35.1,36.92,34.66,118.581,0.01579,3728524.0,132210256.0,-2.931415929203527,36.16
HK.09696,天齐锂业,2026-08-19 00:00:00,34.6,34.1,34.8,33.82,115.202,0.01283,3029473.0,103670760.0,-2.849002849002849,35.1
HK.09696,天齐锂业,2026-08-20 00:00:00,34.64,33.74,35.0,33.6,113.986,0.01311,3097000.0,105497918.0,-1.055718475073312,34.1
HK.09696,天齐锂业,2026-08-21 00:00:00,34.0,37.7,37.8,33.96,127.364,0.04317,10194000.0,369956028.0,11.73681090693539,33.74
