code,name,time_key,open,close,high,low,pe_ratio,turnover_rate,volume,turnover,change_rate,last_close
HK.01055,中国南方航空股份,2018-01-02 00:00:00,7.981,7.721,8.041,7.621,13.932,0.00991,30393201.0,240154949.0,-2.1543530604486114,7.891
HK.01055,中国南方航空股份,2018-01-03 00:00:00,7.821,8.221,8.270999999,7.621,14.814,0.01252,38374314.0,315776250.0,6.475845097785261,7.721
HK.01055,中国南方航空股份,2018-01-04 00:00:00,8.311,8.221,8.311,7.911,14.814,0.00729,22348600.0,185011418.0,0.0,8.221
HK.01055,中国南方航空股份,2018-01-05 00:00:00,8.151,8.260999999,8.321,8.020999999,14.885,0.00598,18321920.0,153835817.0,0.4865588006325151,8.221
HK.01055,中国南方航空股份,2018-01-08 00:00:00,9.041,8.621,9.161,8.601,15.52,0.02385,73113556.0,657338239.0,4.357825941696884,8.260999999
HK.01055,中国南方航空股份,2018-01-09 00:00:00,8.721,8.601,8.921,8.511,15.485,0.00693,21231200.0,188255944.0,-0.23199164830065622,8.621
HK.01055,中国南方航空股份,2018-01-10 00:00:00,8.441,8.241,8.501,8.211,14.85,0.01003,30757091.0,261495667.0,-4.185559818625754,8.601
HK.01055,中国南方航空股份,2018-01-11 00:00:00,8.231,8.481,8.481,8.190999999,15.273,0.00743,22787258.0,194876015.0,2.9122679286494386,8.241
HK.01055,中国南方航空股份,2018-01-12 00:00:00,8.581,8.851,8.931,8.381,15.925,0.00901,27624500.0,245072518.0,4.362693078646398,8.481
HK.01055,中国南方航空股份,2018-01-15 00:00:00,8.851,8.521,8.941,8.491,15.343,0.00709,21739996.0,192395334.0,-3.7283922720596543,8.851
HK.01055,中国南方航空股份,2018-01-16 00:00:00,8.481,8.231,8.691,8.201,14.832,0.00961,29449000.0,250227210.0,-3.403356413566493,8.521
HK.01055,中国南方航空股份,2018-01-17 00:00:00,8.270999999,8.381,8.451,8.141,15.097,0.00701,21504235.0,181634656.0,1.8223788118090192,8.231
HK.01055,中国南方航空股份,2018-01-18 00:00:00,8.391,8.360999999,8.391,8.241,15.061,0.00592,18163151.0,154388103.0,-0.23863501968738404,8.381
HK.01055,中国南方航空股份,2018-01-19 00:00:00,8.311,8.611,8.801,8.301,15.502,0.00965,29588000.0,260425510.0,2.990072970098084,8.360999999
HK.01055,中国南方航空股份,2018-01-22 00:00:00,8.621,8.721,9.071,8.571,15.696,0.00884,27086180.0,244396278.0,1.2774358378817725,8.611
HK.01055,中国南方航空股份,2018-01-23 00:00:00,8.721,8.641,9.061,8.561,15.555,0.01061,32513000.0,291370740.0,-0.9173259947253762,8.721
HK.01055,中国南方航空股份,2018-01-24 00:00:00,8.651,8.471,8.651,8.221,15.255,0.01371,42014700.0,359555693.0,-1.9673648883231099,8.641
HK.01055,中国南方航空股份,2018-01-25 00:00:00,8.341,8.961,8.981,8.270999999,16.119,0.01346,41259000.0,367960600.0,5.7844410341164,8.471
HK.01055,中国南方航空股份,2018-01-26 00:00:00,9.021,9.601,9.801,9.021,17.248,0.0146,44746050.0,435889953.0,7.1420600379421995,8.961
HK.01055,中国南方航空股份,2018-01-29 00:00:00,9.601,9.821,10.181,9.521,17.636,0.01734,53144481.0,534372430.0,2.2914279762524616,9.601
HK.01055,中国南方航空股份,2018-01-30 00:00:00,9.771,9.741,10.241,9.531,17.495,0.01015,31103947.0,313027270.0,-0.8145809998981781,9.821
HK.01055,中国南方航空股份,2018-01-31 00:00:00,9.621,10.021,10.141,9.621,17.989,0.00719,22045408.0,222092049.0,2.8744482086028245,9.741
HK.01055,中国南方航空股份,2018-02-01 00:00:00,10.121,9.701,10.481,9.691,17.425,0.01027,31476655.0,321310347.0,-3.193294082426906,10.021
HK.01055,中国南方航空股份,2018-02-02 00:00:00,9.731,10.021,10.081,9.481,17.989,0.00735,22531500.0,224915218.0,3.298629007318836,9.701
HK.01055,中国南方航空股份,2018-02-05 00:00:00,9.621,10.521,10.761,9.621,18.871,0.0155,47524471.0,500296642.0,4.989522003792037,10.021
HK.01055,中国南方航空股份,2018-02-06 00:00:00,10.041,9.611,10.521,9.481,17.266,0.0231,70816745.0,716585952.0,-8.649367930805058,10.521
HK.01055,中国南方航空股份,2018-02-07 00:00:00,10.081,9.181,10.301,8.981,16.507,0.01354,41519443.0,406689491.0,-4.47404016231403,9.611
HK.01055,中国南方航空股份,2018-02-08 00:00:00,9.321,8.911,9.581,8.811,16.031,0.01156,35449000.0,327991610.0,-2.9408561158915107,9.181
HK.01055,中国南方航空股份,2018-02-09 00:00:00,8.321,8.441,8.561,8.061,15.202,0.01999,61277280.0,520659483.0,-5.274379979800234,8.911
HK.01055,中国南方航空股份,2018-02-12 00:00:00,8.531,8.891,9.051,8.531,15.996,0.00913,28002400.0,254483112.0,5.331121904987552,8.441
HK.01055,中国南方航空股份,2018-02-13 00:00:00,9.101,8.951,9.271,8.841,16.102,0.00481,14760000.0,135844770.0,0.6748397255651839,8.891
HK.01055,中国南方航空股份,2018-02-14 00:00:00,9.121,9.161,9.211,8.831,16.472,0.00351,10751816.0,99165996.0,2.3461065802703502,8.951
HK.01055,中国南方航空股份,2018-02-15 00:00:00,9.201,9.311,9.691,9.201,16.737,0.00284,8698420.0,84110151.0,1.6373758323327188,9.161
HK.01055,中国南方航空股份,2018-02-20 00:00:00,9.221,9.411,9.591,9.121,16.913,0.00248,7593200.0,72987760.0,1.0739984964021012,9.311
HK.01055,中国南方航空股份,2018-02-21 00:00:00,9.521,9.531,9.541,9.321,17.125,0.00171,5236373.0,50423042.0,1.2751036021676867,9.411
HK.01055,中国南方航空股份,2018-02-22 00:00:00,9.571,10.001,10.521,9.571,17.954,0.01371,42024469.0,429152012.0,4.931276885951095,9.531
HK.01055,中国南方航空股份,2018-02-23 00:00:00,10.101,10.101,10.301,9.921,18.13,0.00717,21981160.0,226781718.0,0.9999000099990144,10.001
HK.01055,中国南方航空股份,2018-02-26 00:00:00,10.121,10.701,10.801,10.081,19.188,0.00977,29934987.0,320632682.0,5.9400059400059355,10.101
HK.01055,中国南方航空股份,2018-02-27 00:00:00,10.821,10.201,10.821,10.001,18.306,0.01232,37754470.0,394524827.0,-4.672460517708625,10.701
HK.01055,中国南方航空股份,2018-02-28 00:00:00,10.321,10.321,10.341,9.811,18.518,0.00757,23213062.0,240127348.0,1.1763552592882973,10.201
HK.01055,中国南方航空股份,2018-03-01 00:00:00,10.181,10.121,10.261,9.961,18.165,0.00615,18842783.0,194018419.0,-1.937796725123528,10.321
HK.01055,中国南方航空股份,2018-03-02 00:00:00,9.921,9.841,9.961,9.601,17.671,0.00543,16652450.0,166159188.0,-2.7665250469321325,10.121
HK.01055,中国南方航空股份,2018-03-05 00:00:00,9.621,9.691,10.181,9.621,17.407,0.00563,17254208.0,174299613.0,-1.5242353419367807,9.841
HK.01055,中国南方航空股份,2018-03-06 00:00:00,10.001,9.761,10.041,9.661,17.53,0.00462,14162342.0,141126467.0,0.7223196780517852,9.691
HK.01055,中国南方航空股份,2018-03-07 00:00:00,9.721,9.371,9.881,9.161,16.843,0.01007,30865500.0,295840356.0,-3.9954922651367566,9.761
HK.01055,中国南方航空股份,2018-03-08 00:00:00,9.641,9.481,9.701,9.451,17.037,0.00366,11210000.0,108944026.0,1.1738341692455385,9.371
HK.01055,中国南方航空股份,2018-03-09 00:00:00,9.621,9.601,9.711,9.511,17.248,0.00464,14227000.0,139327520.0,1.2656892732834193,9.481
HK.01055,中国南方航空股份,2018-03-12 00:00:00,9.601,10.081,10.221,9.601,18.095,0.00884,27090153.0,276065177.0,4.999479220914473,9.601
HK.01055,中国南方航空股份,2018-03-13 00:00:00,10.141,10.241,10.321,9.881,18.377,0.00713,21857800.0,226113904.0,1.5871441325265367,10.081
HK.01055,中国南方航空股份,2018-03-14 00:00:00,10.121,10.021,10.121,9.581,17.989,0.01363,41779268.0,417447874.0,-2.1482277121374755,10.241
HK.01055,中国南方航空股份,2018-03-15 00:00:00,9.821,9.941,10.021,9.801,17.848,0.00653,20003600.0,201707816.0,-0.7983235206067265,10.021
HK.01055,中国南方航空股份,2018-03-16 00:00:00,9.841,9.981,10.121,9.821,17.918,0.00556,17045370.0,173031794.0,0.4023740066391625,9.941
HK.01055,中国南方航空股份,2018-03-19 00:00:00,9.821,9.721,9.901,9.671,17.46,0.00704,21585279.0,215027172.0,-2.604949403867346,9.981
HK.01055,中国南方航空股份,2018-03-20 00:00:00,9.621,9.611,9.751,9.471,17.266,0.00507,15555819.0,152061225.0,-1.1315708260466972,9.721
HK.01055,中国南方航空股份,2018-03-21 00:00:00,9.611,9.361,9.771,9.351,16.825,0.00645,19783970.0,191655596.0,-2.6011861408802415,9.611
HK.01055,中国南方航空股份,2018-03-22 00:00:00,9.541,9.111,9.571,9.051,16.298,0.0075,22980000.0,215518426.0,-2.670654844567888,9.361
HK.01055,中国南方航空股份,2018-03-23 00:00:00,8.631,8.691,8.921,8.471,15.561,0.01254,38434087.0,340100051.0,-4.6098123147843255,9.111
HK.01055,中国南方航空股份,2018-03-26 00:00:00,8.591,8.551,8.921,8.441,15.315,0.01003,30752821.0,269271017.0,-1.6108618110689283,8.691
HK.01055,中国南方航空股份,2018-03-27 00:00:00,8.771,8.391,8.921,8.391,15.035,0.01098,33644135.0,294470417.0,-1.87112618407204,8.551
HK.01055,中国南方航空股份,2018-03-28 00:00:00,8.381,7.681,8.381,7.661,10.916,0.01366,41865226.0,337210177.0,-8.46144678822548,8.391
HK.01055,中国南方航空股份,2018-03-29 00:00:00,7.841,7.921,8.151,7.571,11.25,0.01813,55586901.0,448185310.0,3.124593151933345,7.681
HK.01055,中国南方航空股份,2018-04-03 00:00:00,7.921,8.020999999,8.141,7.821,11.388,0.00675,20702691.0,169283308.0,1.2624668476202556,7.921
HK.01055,中国南方航空股份,2018-04-04 00:00:00,8.001,7.571,8.100999999,7.551,10.763,0.00697,21354600.0,169053640.0,-5.610273021519807,8.020999999
HK.01055,中国南方航空股份,2018-04-06 00:00:00,7.721,7.821,8.051,7.681,11.111,0.00532,16294056.0,130876025.0,3.3020737022850346,7.571
HK.01055,中国南方航空股份,2018-04-09 00:00:00,7.921,7.711,8.010999999,7.651,10.958,0.01065,32658765.0,259954683.0,-1.4064697609001335,7.821
HK.01055,中国南方航空股份,2018-04-10 00:00:00,7.711,8.391,8.391,7.711,11.902,0.01282,39306378.0,326038441.0,8.818570872779143,7.711
HK.01055,中国南方航空股份,2018-04-11 00:00:00,8.371,8.211,8.521,8.141,11.652,0.01318,40400144.0,343171589.0,-2.14515552377547,8.391
HK.01055,中国南方航空股份,2018-04-12 00:00:00,8.281,7.891,8.281,7.860999999,11.208,0.00677,20742822.0,168949533.0,-3.8972110583363815,8.211
HK.01055,中国南方航空股份,2018-04-13 00:00:00,7.781,7.801,8.041,7.751,11.083,0.00696,21342383.0,172207536.0,-1.1405398555316166,7.891
HK.01055,中国南方航空股份,2018-04-16 00:00:00,7.860999999,7.621,8.020999999,7.521,10.833,0.00974,29846000.0,235596570.0,-2.3073964876297874,7.801
HK.01055,中国南方航空股份,2018-04-17 00:00:00,7.631,7.501,7.711,7.381,10.666,0.00677,20754255.0,160108022.0,-1.5745965096444048,7.621
HK.01055,中国南方航空股份,2018-04-18 00:00:00,7.621,7.421,7.721,7.321,10.555,0.00712,21821568.0,167111813.0,-1.0665244634048803,7.501
HK.01055,中国南方航空股份,2018-04-19 00:00:00,7.401,7.351,7.491,7.221,10.458,0.00937,28731400.0,216510282.0,-0.9432691011993032,7.421
HK.01055,中国南方航空股份,2018-04-20 00:00:00,7.341,6.911,7.391,6.881,9.847,0.01128,34588661.0,248518078.0,-5.985580193171002,7.351
HK.01055,中国南方航空股份,2018-04-23 00:00:00,7.041,7.141,7.241,6.971,10.166,0.00872,26735028.0,195288173.0,3.3280277817971418,6.911
HK.01055,中国南方航空股份,2018-04-24 00:00:00,7.171,7.571,7.581,7.141,10.763,0.00678,20782534.0,159105380.0,6.021565607057831,7.141
HK.01055,中国南方航空股份,2018-04-25 00:00:00,7.821,7.841,8.171,7.591,11.138,0.01653,50668598.0,410950325.0,3.566239598467844,7.571
HK.01055,中国南方航空股份,2018-04-26 00:00:00,7.911,7.751,7.930999999,7.661,11.013,0.00539,16533607.0,131248445.0,-1.1478127789822707,7.841
HK.01055,中国南方航空股份,2018-04-27 00:00:00,7.841,7.901,8.091,7.771,11.222,0.00527,16162400.0,131093616.0,1.9352341633337564,7.751
HK.01055,中国南方航空股份,2018-04-30 00:00:00,7.951,8.321,8.391,7.860999999,11.805,0.00607,18618900.0,155609687.0,5.315782812302239,7.901
HK.01055,中国南方航空股份,2018-05-02 00:00:00,8.501,8.311,8.661,8.270999999,11.791,0.00969,29692626.0,255983269.0,-0.12017786323758907,8.321
HK.01055,中国南方航空股份,2018-05-03 00:00:00,8.241,8.661,8.661,8.081,12.277,0.00828,25368384.0,217663672.0,4.211286247142337,8.311
HK.01055,中国南方航空股份,2018-05-04 00:00:00,8.721,8.451,8.771,8.411,11.986,0.00577,17682173.0,154976207.0,-2.424662279182532,8.661
HK.01055,中国南方航空股份,2018-05-07 00:00:00,8.471,8.301,8.481,8.180999999,11.777,0.0088,26965732.0,228825026.0,-1.774937877174303,8.451
HK.01055,中国南方航空股份,2018-05-08 00:00:00,8.221,8.171,8.311,8.081,11.597,0.00421,12904200.0,107818563.0,-1.5660763763402092,8.301
HK.01055,中国南方航空股份,2018-05-09 00:00:00,8.401,8.121,8.401,8.081,11.527,0.00316,9680700.0,80717476.0,-0.6119202056051761,8.171
HK.01055,中国南方航空股份,2018-05-10 00:00:00,8.100999999,7.911,8.100999999,7.831,11.236,0.00702,21507432.0,174149111.0,-2.5858884373845687,8.121
HK.01055,中国南方航空股份,2018-05-11 00:00:00,7.951,7.991,8.141,7.940999999,11.347,0.00453,13873331.0,113776314.0,1.0112501580078381,7.911
HK.01055,中国南方航空股份,2018-05-14 00:00:00,8.031,8.371,8.501,8.031,11.875,0.00554,16995000.0,145161880.0,4.755349768489561,7.991
HK.01055,中国南方航空股份,2018-05-15 00:00:00,8.471,8.451,8.601,8.311,11.986,0.00986,30222590.0,261036768.0,0.9556803249313113,8.371
HK.01055,中国南方航空股份,2018-05-16 00:00:00,8.451,8.611,8.741,8.401,12.208,0.00513,15716776.0,137604703.0,1.8932670689859203,8.451
HK.01055,中国南方航空股份,2018-05-17 00:00:00,8.601,8.431,8.721,8.431,11.958,0.00385,11813664.0,102923171.0,-2.090349552897474,8.611
HK.01055,中国南方航空股份,2018-05-18 00:00:00,8.451,7.981,8.511,7.981,11.333,0.00549,16825258.0,139528761.0,-5.337445142924912,8.431
HK.01055,中国南方航空股份,2018-05-21 00:00:00,8.010999999,7.850999999,8.221,7.841,11.152,0.00495,15188338.0,124224681.0,-1.628868575366495,7.981
HK.01055,中国南方航空股份,2018-05-23 00:00:00,7.961,7.631,7.961,7.611,10.847,0.01299,39831580.0,314393331.0,-2.802190791338958,7.850999999
HK.01055,中国南方航空股份,2018-05-24 00:00:00,7.711,7.671,7.850999999,7.631,10.902,0.00483,14808558.0,117263927.0,0.5241776962390254,7.631
HK.01055,中国南方航空股份,2018-05-25 00:00:00,7.701,7.691,7.871,7.661,10.93,0.0046,14110000.0,111632750.0,0.2607222004953666,7.671
HK.01055,中国南方航空股份,2018-05-28 00:00:00,7.940999999,7.811,8.010999999,7.771,11.097,0.00847,25977000.0,209663150.0,1.560265245091667,7.691
HK.01055,中国南方航空股份,2018-05-29 00:00:00,7.881,7.631,7.881,7.571,10.847,0.00554,16968216.0,133079562.0,-2.304442452950963,7.811
HK.01055,中国南方航空股份,2018-05-30 00:00:00,7.531,7.421,7.621,7.401,10.555,0.00483,14806000.0,113121310.0,-2.751932905254881,7.631
HK.01055,中国南方航空股份,2018-05-31 00:00:00,7.561,7.581,7.621,7.351,10.777,0.00492,15087020.0,116561552.0,2.1560436598841144,7.421
HK.01055,中国南方航空股份,2018-06-01 00:00:00,7.601,7.791,7.821,7.541,11.069,0.00646,19809034.0,156569075.0,2.770083102493074,7.581
HK.01055,中国南方航空股份,2018-06-04 00:00:00,7.821,7.901,7.971,7.751,11.222,0.00583,17865192.0,144255743.0,1.411885508920542,7.791
HK.01055,中国南方航空股份,2018-06-05 00:00:00,8.091,8.061,8.301,7.951,11.444,0.00924,28322000.0,234394390.0,2.025060118972284,7.901
HK.01055,中国南方航空股份,2018-06-06 00:00:00,8.051,8.491,8.671,8.020999999,12.041,0.0105,32196700.0,276934984.0,5.334325766033987,8.061
HK.01055,中国南方航空股份,2018-06-07 00:00:00,8.521,8.391,8.621,8.281,11.902,0.00449,13767700.0,117943025.0,-1.1777175833235147,8.491
HK.01055,中国南方航空股份,2018-06-08 00:00:00,8.391,8.381,8.481,8.270999999,11.888,0.00442,13538326.0,116231249.0,-0.11917530687641266,8.391
HK.01055,中国南方航空股份,2018-06-11 00:00:00,8.341,8.521,8.601,8.321,12.083,0.00511,15650952.0,135841964.0,1.670445054289471,8.381
HK.01055,中国南方航空股份,2018-06-12 00:00:00,8.531,8.711,8.971,8.531,12.347,0.00681,20874125.0,187977943.0,2.2297852364745863,8.521
HK.01055,中国南方航空股份,2018-06-13 00:00:00,8.711,8.791,8.961,8.641,12.458,0.00577,17686872.0,159807510.0,0.9183790609574108,8.711
HK.01055,中国南方航空股份,2018-06-14 00:00:00,8.791,8.631,8.821,8.431,12.236,0.00418,12823804.0,112661134.0,-1.8200432260266197,8.791
HK.01055,中国南方航空股份,2018-06-15 00:00:00,8.911,8.591,8.971,8.531,12.18,0.00819,25093921.0,224346517.0,-0.46344571892018216,8.631
HK.01055,中国南方航空股份,2018-06-19 00:00:00,8.281,8.270999999,8.531,8.061,11.736,0.00792,24278000.0,205934270.0,-3.7248283203352184,8.591
HK.01055,中国南方航空股份,2018-06-20 00:00:00,8.343,8.023,8.472999999,7.923,11.222,0.0068,20860043.0,170094178.0,-2.9984282315316806,8.270999999
HK.01055,中国南方航空股份,2018-06-21 00:00:00,8.153,7.843,8.312999999,7.843,10.972,0.00559,17125000.0,138342290.0,-2.2435497943412654,8.023
HK.01055,中国南方航空股份,2018-06-22 00:00:00,7.863,7.673,7.863,7.523,10.736,0.00638,19558400.0,151388759.0,-2.1675379319138077,7.843
HK.01055,中国南方航空股份,2018-06-25 00:00:00,7.663,6.953,7.743,6.823,9.736,0.01628,49911708.0,356882699.0,-9.383552717320471,7.673
HK.01055,中国南方航空股份,2018-06-26 00:00:00,6.953,6.663,6.953,6.543,9.333,0.01486,45542864.0,305979900.0,-4.170861498633684,6.953
HK.01055,中国南方航空股份,2018-06-27 00:00:00,6.833,6.053,6.833,6.053,8.486,0.02117,64884047.0,410232371.0,-9.155035269398173,6.663
HK.01055,中国南方航空股份,2018-06-28 00:00:00,6.033,5.793,6.223,5.723,8.125,0.01912,58597925.0,351812748.0,-4.295390715347757,6.053
HK.01055,中国南方航空股份,2018-06-29 00:00:00,5.843,6.113,6.153,5.613,8.569,0.01769,54228777.0,323225808.0,5.523908165026762,5.793
HK.01055,中国南方航空股份,2018-07-03 00:00:00,5.793,5.803,6.043,5.403,8.138,0.02625,80458080.0,457077207.0,-5.071159823327343,6.113
HK.01055,中国南方航空股份,2018-07-04 00:00:00,5.843,5.523,6.033,5.483,7.75,0.01817,55686910.0,319645302.0,-4.825090470446325,5.803
HK.01055,中国南方航空股份,2018-07-05 00:00:00,5.613,5.623,5.733,5.403,7.888,0.01748,53592066.0,301881915.0,1.810610175629197,5.523
HK.01055,中国南方航空股份,2018-07-06 00:00:00,5.713,5.623,5.753,5.453,7.888,0.00926,28393835.0,161506170.0,0.0,5.623
HK.01055,中国南方航空股份,2018-07-09 00:00:00,5.723,5.773,5.813,5.603,8.097,0.00991,30394109.0,175177417.0,2.667615152054054,5.623
HK.01055,中国南方航空股份,2018-07-10 00:00:00,5.823,5.893,6.043,5.823,8.263,0.01047,32085719.0,192310228.0,2.0786419539234386,5.773
HK.01055,中国南方航空股份,2018-07-11 00:00:00,5.683,5.583,5.713,5.493,7.833,0.01013,31039283.0,174743375.0,-5.2604785338537186,5.893
HK.01055,中国南方航空股份,2018-07-12 00:00:00,5.703,5.753,5.843,5.563,8.069,0.01526,46765520.0,268992053.0,3.044957907934801,5.583
HK.01055,中国南方航空股份,2018-07-13 00:00:00,5.823,5.633,5.853,5.583,7.902,0.00546,16741547.0,95676800.0,-2.0858682426560073,5.753
HK.01055,中国南方航空股份,2018-07-16 00:00:00,5.643,5.493,5.653,5.343,7.708,0.00912,27950180.0,153860780.0,-2.4853541629682177,5.633
HK.01055,中国南方航空股份,2018-07-17 00:00:00,5.623,5.493,5.653,5.453,7.708,0.00767,23515350.0,131662041.0,0.0,5.493
HK.01055,中国南方航空股份,2018-07-18 00:00:00,5.523,5.373,5.623,5.343,7.541,0.00729,22355000.0,122797320.0,-2.184598580010925,5.493
HK.01055,中国南方航空股份,2018-07-19 00:00:00,5.433,5.053,5.433,5.053,7.097,0.01607,49261437.0,258873173.0,-5.955704448166765,5.373
HK.01055,中国南方航空股份,2018-07-20 00:00:00,5.063,5.273,5.363,4.933,7.402,0.01489,45639622.0,238490522.0,4.353849198495938,5.053
HK.01055,中国南方航空股份,2018-07-23 00:00:00,5.263,5.423,5.443,5.233,7.611,0.00757,23207622.0,126223772.0,2.844680447563064,5.273
HK.01055,中国南方航空股份,2018-07-24 00:00:00,5.373,5.603,5.623,5.313,7.861,0.00845,25912779.0,144874243.0,3.3191960169647747,5.423
HK.01055,中国南方航空股份,2018-07-25 00:00:00,5.683,5.653,5.703,5.483,7.93,0.00695,21315163.0,121305186.0,0.8923790826342999,5.603
HK.01055,中国南方航空股份,2018-07-26 00:00:00,5.743,5.513,5.893,5.383,7.736,0.01242,38087985.0,215978313.0,-2.476561117990442,5.653
HK.01055,中国南方航空股份,2018-07-27 00:00:00,5.493,5.443,5.633,5.393,7.638,0.00327,10026000.0,55618770.0,-1.2697261019408723,5.513
HK.01055,中国南方航空股份,2018-07-30 00:00:00,5.443,5.393,5.553,5.353,7.569,0.00276,8474853.0,46289666.0,-0.9186110600771602,5.443
HK.01055,中国南方航空股份,2018-07-31 00:00:00,5.393,5.473,5.503,5.353,7.68,0.00336,10288000.0,56625680.0,1.4834044131281305,5.393
HK.01055,中国南方航空股份,2018-08-01 00:00:00,5.573,5.433,5.713,5.403,7.625,0.00777,23822321.0,134261841.0,-0.7308605883427742,5.473
HK.01055,中国南方航空股份,2018-08-02 00:00:00,5.453,5.293,5.463,5.163,7.43,0.00534,16371321.0,87493669.0,-2.5768452052273085,5.433
HK.01055,中国南方航空股份,2018-08-03 00:00:00,5.313,5.013,5.313,4.973,7.041,0.00742,22752000.0,116597490.0,-5.29000566786322,5.293
HK.01055,中国南方航空股份,2018-08-06 00:00:00,5.123,5.023,5.283,4.993,7.055,0.00724,22190350.0,114893574.0,0.19948134849391155,5.013
HK.01055,中国南方航空股份,2018-08-07 00:00:00,5.073,5.183,5.193,4.923,7.277,0.01455,44610000.0,227488120.0,3.185347401951028,5.023
HK.01055,中国南方航空股份,2018-08-08 00:00:00,5.213,5.123,5.283,5.053,7.194,0.00576,17644048.0,92610192.0,-1.1576307158016517,5.183
HK.01055,中国南方航空股份,2018-08-09 00:00:00,5.153,5.443,5.493,5.063,7.638,0.01316,40328312.0,219435602.0,6.246340035135651,5.123
HK.01055,中国南方航空股份,2018-08-10 00:00:00,5.443,5.243,5.443,5.163,7.361,0.0103,31563657.0,167764976.0,-3.674444240308641,5.443
HK.01055,中国南方航空股份,2018-08-13 00:00:00,5.163,5.093,5.183,4.993,7.152,0.0084,25764445.0,132155298.0,-2.860957467098996,5.243
HK.01055,中国南方航空股份,2018-08-14 00:00:00,5.093,5.043,5.163,4.953,7.083,0.00503,15426000.0,78453328.0,-0.9817396426467666,5.093
HK.01055,中国南方航空股份,2018-08-15 00:00:00,5.093,4.603,5.093,4.583,6.472,0.01955,59925010.0,287623194.0,-8.72496529843348,5.043
HK.01055,中国南方航空股份,2018-08-16 00:00:00,4.593,4.803,4.933,4.533,6.75,0.01851,56733200.0,273719470.0,4.344992396263311,4.603
HK.01055,中国南方航空股份,2018-08-17 00:00:00,4.943,4.773,4.983,4.663,6.708,0.008,24513015.0,118606121.0,-0.6246096189881376,4.803
HK.01055,中国南方航空股份,2018-08-20 00:00:00,4.823,5.033,5.113,4.783,7.069,0.01729,53014000.0,267927060.0,5.447307772889183,4.773
HK.01055,中国南方航空股份,2018-08-21 00:00:00,5.073,5.323,5.373,5.073,7.472,0.01223,37492565.0,199470433.0,5.761970991456388,5.033
HK.01055,中国南方航空股份,2018-08-22 00:00:00,5.343,5.273,5.353,5.193,7.402,0.00522,16009240.0,85387034.0,-0.9393199323689781,5.323
HK.01055,中国南方航空股份,2018-08-23 00:00:00,5.243,5.183,5.273,5.063,7.277,0.00502,15402047.0,80125853.0,-1.7068082685378314,5.273
HK.01055,中国南方航空股份,2018-08-24 00:00:00,5.103,5.343,5.363,5.043,7.5,0.00684,20977150.0,111959439.0,3.0870152421377606,5.183
HK.01055,中国南方航空股份,2018-08-27 00:00:00,5.563,5.413,5.733,5.383,7.597,0.01523,46678863.0,261333851.0,1.310125397716644,5.343
HK.01055,中国南方航空股份,2018-08-28 00:00:00,5.473,5.503,5.583,5.423,7.722,0.00846,25929000.0,144593060.0,1.6626639571402153,5.413
HK.01055,中国南方航空股份,2018-08-29 00:00:00,5.543,5.243,5.543,5.183,7.361,0.01101,33741270.0,179617083.0,-4.724695620570594,5.503
HK.01055,中国南方航空股份,2018-08-30 00:00:00,5.313,5.313,5.323,5.183,7.458,0.00692,21217891.0,112838042.0,1.3351134846461834,5.243
HK.01055,中国南方航空股份,2018-08-31 00:00:00,5.213,5.133,5.283,5.083,7.208,0.00689,21108846.0,110538035.0,-3.3879164313946872,5.313
HK.01055,中国南方航空股份,2018-09-03 00:00:00,5.143,5.053,5.183,4.983,7.097,0.00359,10998220.0,56283088.0,-1.558542762517048,5.133
HK.01055,中国南方航空股份,2018-09-04 00:00:00,5.043,5.103,5.183,5.013,7.166,0.00379,11612983.0,59834823.0,0.9895111814763472,5.053
HK.01055,中国南方航空股份,2018-09-05 00:00:00,5.093,4.943,5.143,4.943,6.944,0.00554,16988000.0,86072194.0,-3.1354105428179535,5.103
HK.01055,中国南方航空股份,2018-09-06 00:00:00,4.993,4.823,5.033,4.803,6.777,0.00588,18037245.0,89042702.0,-2.427675500708056,4.943
HK.01055,中国南方航空股份,2018-09-07 00:00:00,4.863,4.903,4.963,4.783,6.888,0.00385,11789000.0,58276032.0,1.6587186398506981,4.823
HK.01055,中国南方航空股份,2018-09-10 00:00:00,4.903,4.653,4.903,4.593,6.541,0.00653,20006343.0,94787981.0,-5.098919029165818,4.903
HK.01055,中国南方航空股份,2018-09-11 00:00:00,4.673,4.513,4.673,4.493,6.347,0.00596,18266053.0,83962684.0,-3.008811519449811,4.653
HK.01055,中国南方航空股份,2018-09-12 00:00:00,4.593,4.513,4.653,4.493,6.347,0.00473,14496075.0,66910465.0,0.0,4.513
HK.01055,中国南方航空股份,2018-09-13 00:00:00,4.693,4.733,4.753,4.623,6.652,0.00731,26798614.0,127365041.0,4.874806115665849,4.513
HK.01055,中国南方航空股份,2018-09-14 00:00:00,4.773,4.703,4.783,4.553,6.611,0.00485,17793361.0,84685073.0,-0.6338474540460461,4.733
HK.01055,中国南方航空股份,2018-09-17 00:00:00,4.623,4.643,4.653,4.523,6.527,0.00607,22244400.0,103142256.0,-1.2757814161173824,4.703
HK.01055,中国南方航空股份,2018-09-18 00:00:00,4.633,4.653,4.683,4.503,6.541,0.00763,27970000.0,130121518.0,0.21537798836958408,4.643
HK.01055,中国南方航空股份,2018-09-19 00:00:00,4.703,4.853,4.943,4.663,6.819,0.00786,28834391.0,140903670.0,4.2983021706426,4.653
HK.01055,中国南方航空股份,2018-09-20 00:00:00,4.933,4.983,5.013,4.863,7.0,0.00545,19981800.0,100097672.0,2.678755409025343,4.853
HK.01055,中国南方航空股份,2018-09-21 00:00:00,5.063,5.333,5.443,5.003,7.486,0.01168,42822091.0,227959895.0,7.023881196066638,4.983
HK.01055,中国南方航空股份,2018-09-24 00:00:00,5.263,5.013,5.293,4.923,7.041,0.00514,18839000.0,95855750.0,-6.000375023438971,5.333
HK.01055,中国南方航空股份,2018-09-26 00:00:00,5.013,4.963,5.143,4.893,6.972,0.00695,25479286.0,128581938.0,-0.9974067424695756,5.013
HK.01055,中国南方航空股份,2018-09-27 00:00:00,4.993,4.903,5.003,4.823,6.888,0.00277,10166000.0,50454148.0,-1.2089462018940258,4.963
HK.01055,中国南方航空股份,2018-09-28 00:00:00,4.943,4.953,5.023,4.903,6.958,0.00185,6795155.0,34114117.0,1.0197838058331778,4.903
HK.01055,中国南方航空股份,2018-10-02 00:00:00,4.943,4.733,4.943,4.663,6.652,0.00568,20842000.0,99815460.0,-4.441752473248549,4.953
HK.01055,中国南方航空股份,2018-10-03 00:00:00,4.753,4.803,4.873,4.703,6.75,0.00265,9734000.0,47458486.0,1.4789773927741452,4.733
HK.01055,中国南方航空股份,2018-10-04 00:00:00,4.763,4.633,4.773,4.603,6.513,0.00623,22842576.0,107516972.0,-3.5394545075994155,4.803
HK.01055,中国南方航空股份,2018-10-05 00:00:00,4.603,4.503,4.673,4.503,6.333,0.00694,25462955.0,117064683.0,-2.805957263112452,4.633
HK.01055,中国南方航空股份,2018-10-08 00:00:00,4.563,4.393,4.583,4.393,6.18,0.00755,27696576.0,125375076.0,-2.4428159005107775,4.503
HK.01055,中国南方航空股份,2018-10-09 00:00:00,4.453,4.433,4.483,4.363,6.236,0.00371,13616704.0,61228024.0,0.9105394946505814,4.393
HK.01055,中国南方航空股份,2018-10-10 00:00:00,4.463,4.393,4.543,4.393,6.18,0.00364,13337000.0,60031920.0,-0.9023234829686452,4.433
HK.01055,中国南方航空股份,2018-10-11 00:00:00,4.263,4.073,4.283,3.983,5.736,0.01238,45383510.0,188225019.0,-7.2843159572046305,4.393
HK.01055,中国南方航空股份,2018-10-12 00:00:00,4.162999999,4.253,4.283,4.093,5.986,0.00608,22303702.0,94892632.0,4.419346918733113,4.073
HK.01055,中国南方航空股份,2018-10-15 00:00:00,4.203,4.113,4.233,4.073,5.791,0.00397,14572565.0,61124656.0,-3.2917940277451136,4.253
HK.01055,中国南方航空股份,2018-10-16 00:00:00,4.162999999,4.033,4.162999999,3.983,5.68,0.00742,27194186.0,111012042.0,-1.9450522732798459,4.113
HK.01055,中国南方航空股份,2018-10-18 00:00:00,4.082999999,4.033,4.093,3.983,5.68,0.0044,16149369.0,65860358.0,0.0,4.033
HK.01055,中国南方航空股份,2018-10-19 00:00:00,3.993,4.082999999,4.153,3.923,5.822,0.00714,26194000.0,107628436.0,1.2397718571782725,4.033
HK.01055,中国南方航空股份,2018-10-22 00:00:00,4.162999999,4.313,4.423,4.162999999,6.146,0.00615,22552000.0,98838380.0,5.633112933047532,4.082999999
HK.01055,中国南方航空股份,2018-10-23 00:00:00,4.283,4.153,4.323,4.103,5.921,0.00358,13139387.0,55996238.0,-3.709714815673549,4.313
HK.01055,中国南方航空股份,2018-10-24 00:00:00,4.233,4.243,4.363,4.183,6.047,0.0053,19417091.0,84398974.0,2.1671081146159588,4.153
HK.01055,中国南方航空股份,2018-10-25 00:00:00,4.093,4.243,4.253,4.053,6.047,0.00436,15987031.0,67348351.0,0.0,4.243
HK.01055,中国南方航空股份,2018-10-26 00:00:00,4.243,4.073,4.313,4.033,5.808,0.00477,17495354.0,72790200.0,-4.006599104407257,4.243
HK.01055,中国南方航空股份,2018-10-29 00:00:00,4.133,4.033,4.183,4.013,5.68,0.00374,13729326.0,57130325.0,-0.9820770930518052,4.073
HK.01055,中国南方航空股份,2018-10-30 00:00:00,4.073,3.962999999,4.073,3.953,5.583,0.00366,13410656.0,54460017.0,-1.7356806595586503,4.033
HK.01055,中国南方航空股份,2018-10-31 00:00:00,4.042999999,4.183,4.183,3.983,5.888,0.00668,24481940.0,101796206.0,5.551350014017496,3.962999999
HK.01055,中国南方航空股份,2018-11-01 00:00:00,4.253,4.333,4.373,4.243,6.097,0.00713,26151666.0,114099612.0,3.585943103036107,4.183
HK.01055,中国南方航空股份,2018-11-02 00:00:00,4.793,4.913,4.923,4.693,6.902,0.02201,80694454.0,392596317.0,13.385645049619201,4.333
HK.01055,中国南方航空股份,2018-11-05 00:00:00,4.833,4.713,4.833,4.643,6.625,0.01147,42042448.0,201034644.0,-4.070832485243236,4.913
HK.01055,中国南方航空股份,2018-11-06 00:00:00,4.773,4.763,4.773,4.643,6.694,0.00422,15488000.0,73849490.0,1.0608953957139788,4.713
HK.01055,中国南方航空股份,2018-11-07 00:00:00,4.823,4.873,4.973,4.743,6.847,0.00788,28903213.0,141767343.0,2.309468822170907,4.763
HK.01055,中国南方航空股份,2018-11-08 00:00:00,5.003,4.773,5.013,4.693,6.708,0.00626,22949000.0,111852210.0,-2.0521239482864875,4.873
HK.01055,中国南方航空股份,2018-11-09 00:00:00,4.713,4.633,4.713,4.613,6.513,0.00611,22398000.0,105478030.0,-2.9331657238633917,4.773
HK.01055,中国南方航空股份,2018-11-12 00:00:00,4.633,4.713,4.783,4.563,6.625,0.00396,14506000.0,69225090.0,1.726742931146127,4.633
HK.01055,中国南方航空股份,2018-11-13 00:00:00,4.643,4.923,4.933,4.573,6.916,0.01005,36860029.0,179296544.0,4.455760661998727,4.713
HK.01055,中国南方航空股份,2018-11-14 00:00:00,5.213,5.143,5.303,5.023,7.222,0.01926,70614895.0,369040786.0,4.468819825309765,4.923
HK.01055,中国南方航空股份,2018-11-15 00:00:00,5.143,5.223,5.263,5.003,7.333,0.00745,27325873.0,142943438.0,1.5555123468792549,5.143
HK.01055,中国南方航空股份,2018-11-16 00:00:00,5.243,5.223,5.383,5.163,7.333,0.01083,39690750.0,209844838.0,0.0,5.223
HK.01055,中国南方航空股份,2018-11-19 00:00:00,5.223,5.223,5.323,5.153,7.333,0.00503,18425000.0,97491430.0,0.0,5.223
HK.01055,中国南方航空股份,2018-11-20 00:00:00,5.193,5.103,5.193,5.063,7.166,0.00441,16156917.0,83365674.0,-2.2975301550832876,5.223
HK.01055,中国南方航空股份,2018-11-21 00:00:00,5.143,5.203,5.313,5.143,7.305,0.00858,31454000.0,165450320.0,1.9596315892612293,5.103
HK.01055,中国南方航空股份,2018-11-22 00:00:00,5.143,5.293,5.363,5.123,7.43,0.00564,20678784.0,110030778.0,1.7297712857966532,5.203
HK.01055,中国南方航空股份,2018-11-23 00:00:00,5.323,5.213,5.343,5.163,7.319,0.00429,15746000.0,82851190.0,-1.5114301908180627,5.293
HK.01055,中国南方航空股份,2018-11-26 00:00:00,5.373,5.363,5.493,5.283,7.527,0.00869,31846000.0,173826164.0,2.8774218300402907,5.213
HK.01055,中国南方航空股份,2018-11-27 00:00:00,5.353,5.243,5.353,5.143,7.361,0.00481,17628722.0,93078169.0,-2.2375536080551948,5.363
HK.01055,中国南方航空股份,2018-11-28 00:00:00,5.313,5.193,5.313,5.103,7.291,0.00344,12596192.0,65922606.0,-0.9536524890330099,5.243
HK.01055,中国南方航空股份,2018-11-29 00:00:00,5.313,5.303,5.393,5.213,7.444,0.00689,25265988.0,135259535.0,2.118236087040253,5.193
HK.01055,中国南方航空股份,2018-11-30 00:00:00,5.323,5.273,5.343,5.193,7.402,0.00527,19311932.0,103055263.0,-0.5657175183858241,5.303
HK.01055,中国南方航空股份,2018-12-03 00:00:00,5.493,5.453,5.533,5.353,7.652,0.00975,35750643.0,196748253.0,3.41361653707568,5.273
HK.01055,中国南方航空股份,2018-12-04 00:00:00,5.483,5.653,5.653,5.373,7.93,0.00798,29265321.0,163404090.0,3.6677058499908175,5.453
HK.01055,中国南方航空股份,2018-12-05 00:00:00,5.503,5.573,5.693,5.463,7.819,0.00535,19614300.0,110472462.0,-1.415177781708813,5.653
HK.01055,中国南方航空股份,2018-12-06 00:00:00,5.453,5.243,5.493,5.233,7.361,0.00682,25021768.0,135051373.0,-5.921406782702316,5.573
HK.01055,中国南方航空股份,2018-12-07 00:00:00,5.343,5.293,5.373,5.243,7.43,0.00266,9763255.0,52448380.0,0.9536524890329929,5.243
HK.01055,中国南方航空股份,2018-12-10 00:00:00,5.183,5.163,5.233,5.043,7.25,0.00526,19286245.0,99938966.0,-2.456074060079348,5.293
HK.01055,中国南方航空股份,2018-12-11 00:00:00,5.163,5.123,5.193,5.063,7.194,0.00369,13516347.0,69824692.0,-0.774743366259927,5.163
HK.01055,中国南方航空股份,2018-12-12 00:00:00,5.193,5.193,5.213,5.093,7.291,0.00295,10807364.0,56437493.0,1.3663868826859142,5.123
HK.01055,中国南方航空股份,2018-12-13 00:00:00,5.263,5.383,5.413,5.173,7.555,0.00518,19009000.0,102672030.0,3.658771423069525,5.193
HK.01055,中国南方航空股份,2018-12-14 00:00:00,5.303,5.303,5.353,5.243,7.444,0.00216,7918695.0,42364230.0,-1.4861601337544132,5.383
HK.01055,中国南方航空股份,2018-12-17 00:00:00,5.313,5.233,5.313,5.153,7.347,0.00282,10346480.0,54399590.0,-1.3200075429002505,5.303
HK.01055,中国南方航空股份,2018-12-18 00:00:00,5.193,5.123,5.223,5.033,7.194,0.00695,25496000.0,131815420.0,-2.1020447162239524,5.233
HK.01055,中国南方航空股份,2018-12-19 00:00:00,5.183,5.143,5.263,5.083,7.222,0.00508,18613873.0,97471262.0,0.3903962521959706,5.123
HK.01055,中国南方航空股份,2018-12-20 00:00:00,5.093,4.843,5.093,4.823,6.805,0.00706,25891000.0,128343600.0,-5.833171300797197,5.143
HK.01055,中国南方航空股份,2018-12-21 00:00:00,4.833,4.733,4.863,4.713,6.652,0.00621,22761251.0,109238561.0,-2.2713194301053132,4.843
HK.01055,中国南方航空股份,2018-12-24 00:00:00,4.703,4.663,4.703,4.583,6.555,0.00242,8876420.0,41691365.0,-1.4789773927741263,4.733
HK.01055,中国南方航空股份,2018-12-27 00:00:00,4.783,4.593,4.833,4.563,6.458,0.0026,9522408.0,44814023.0,-1.5011794981771454,4.663
HK.01055,中国南方航空股份,2018-12-28 00:00:00,4.573,4.653,4.773,4.563,6.541,0.00163,5968000.0,28304186.0,1.3063357282821602,4.593
HK.01055,中国南方航空股份,2018-12-31 00:00:00,4.703,4.793,4.803,4.653,6.736,0.00094,3442000.0,16476980.0,3.00881151944983,4.653
HK.01055,中国南方航空股份,2019-01-02 00:00:00,4.743,4.623,4.763,4.583,6.5,0.00412,15121869.0,71161264.0,-3.546839140413101,4.793
HK.01055,中国南方航空股份,2019-01-03 00:00:00,4.643,4.563,4.713,4.523,6.416,0.00411,15050895.0,70288980.0,-1.297858533419868,4.623
HK.01055,中国南方航空股份,2019-01-04 00:00:00,4.483,4.563,4.613,4.353,6.416,0.0053,19417420.0,88691945.0,0.0,4.563
HK.01055,中国南方航空股份,2019-01-07 00:00:00,4.603,4.863,4.873,4.553,6.833,0.00648,23773192.0,113839940.0,6.57462195923736,4.563
HK.01055,中国南方航空股份,2019-01-08 00:00:00,4.863,4.893,4.953,4.783,6.875,0.00339,12426783.0,61377066.0,0.6169031462060324,4.863
HK.01055,中国南方航空股份,2019-01-09 00:00:00,4.903,4.943,5.013,4.863,6.944,0.0054,19811586.0,99420973.0,1.0218679746576707,4.893
HK.01055,中国南方航空股份,2019-01-10 00:00:00,4.943,5.003,5.123,4.883,7.027,0.00438,16052200.0,81540858.0,1.213837750354046,4.943
HK.01055,中国南方航空股份,2019-01-11 00:00:00,5.093,5.313,5.363,5.043,7.458,0.01261,46241670.0,245292570.0,6.196282230661595,5.003
HK.01055,中国南方航空股份,2019-01-14 00:00:00,5.313,5.193,5.353,5.143,7.291,0.0047,17237405.0,90500992.0,-2.2586109542631303,5.313
HK.01055,中国南方航空股份,2019-01-15 00:00:00,5.153,5.233,5.253,5.143,7.347,0.00508,18612270.0,98034443.0,0.7702676680146358,5.193
HK.01055,中国南方航空股份,2019-01-16 00:00:00,5.163,5.273,5.303,5.163,7.402,0.00373,13662000.0,72388920.0,0.7643798968087147,5.233
HK.01055,中国南方航空股份,2019-01-17 00:00:00,5.303,5.273,5.353,5.193,7.402,0.00403,14777000.0,79031860.0,0.0,5.273
HK.01055,中国南方航空股份,2019-01-18 00:00:00,5.303,5.413,5.413,5.303,7.597,0.00412,15091000.0,82021760.0,2.6550350843921975,5.273
HK.01055,中国南方航空股份,2019-01-21 00:00:00,5.393,5.333,5.433,5.273,7.486,0.00264,9682000.0,52320790.0,-1.4779235174579728,5.413
HK.01055,中国南方航空股份,2019-01-22 00:00:00,5.353,5.253,5.353,5.103,7.375,0.0038,13948000.0,73340420.0,-1.5000937558597427,5.333
HK.01055,中国南方航空股份,2019-01-23 00:00:00,5.193,5.193,5.273,5.123,7.291,0.00347,12735000.0,66951850.0,-1.1422044545973824,5.253
HK.01055,中国南方航空股份,2019-01-24 00:00:00,5.243,5.273,5.303,5.133,7.402,0.002,7328000.0,38828102.0,1.5405353360292715,5.193
HK.01055,中国南方航空股份,2019-01-25 00:00:00,5.313,5.373,5.373,5.243,7.541,0.00365,13378000.0,71869690.0,1.8964536317087148,5.273
HK.01055,中国南方航空股份,2019-01-28 00:00:00,5.393,5.463,5.623,5.373,7.666,0.00746,27353000.0,152345450.0,1.6750418760468986,5.373
HK.01055,中国南方航空股份,2019-01-29 00:00:00,5.393,5.493,5.523,5.333,7.708,0.00321,11756000.0,64694700.0,0.549148819330043,5.463
HK.01055,中国南方航空股份,2019-01-30 00:00:00,5.453,5.483,5.593,5.373,7.694,0.00328,12036000.0,66940530.0,-0.18204988166758918,5.493
HK.01055,中国南方航空股份,2019-01-31 00:00:00,5.513,5.513,5.553,5.393,7.736,0.00261,9580000.0,53114920.0,0.5471457231442687,5.483
HK.01055,中国南方航空股份,2019-02-01 00:00:00,5.593,5.523,5.593,5.463,7.75,0.00281,10317856.0,57563154.0,0.18138944313440572,5.513
HK.01055,中国南方航空股份,2019-02-04 00:00:00,5.523,5.443,5.553,5.403,7.638,0.00122,4476804.0,24645514.0,-1.448488140503351,5.523
HK.01055,中国南方航空股份,2019-02-08 00:00:00,5.453,5.453,5.503,5.363,7.652,0.00167,6124484.0,33715425.0,0.18372221201544509,5.443
HK.01055,中国南方航空股份,2019-02-11 00:00:00,5.453,5.353,5.453,5.313,7.513,0.00696,25520041.0,138105859.0,-1.8338529249954252,5.453
HK.01055,中国南方航空股份,2019-02-12 00:00:00,5.333,5.313,5.353,5.173,7.458,0.00697,25537168.0,135485737.0,-0.7472445357743328,5.353
HK.01055,中国南方航空股份,2019-02-13 00:00:00,5.333,5.603,5.613,5.333,7.861,0.00878,32177000.0,178790300.0,5.458309806135894,5.313
HK.01055,中国南方航空股份,2019-02-14 00:00:00,5.563,5.793,5.823,5.563,8.125,0.00961,35218140.0,203116250.0,3.3910405140103586,5.603
HK.01055,中国南方航空股份,2019-02-15 00:00:00,5.863,5.553,5.863,5.543,7.791,0.00821,30086154.0,169967427.0,-4.142931123770071,5.793
HK.01055,中国南方航空股份,2019-02-18 00:00:00,5.573,5.613,5.783,5.543,7.875,0.00487,17841875.0,102376742.0,1.0804970286331803,5.553
HK.01055,中国南方航空股份,2019-02-19 00:00:00,5.623,5.503,5.693,5.363,7.722,0.00564,20680000.0,114859200.0,-1.9597363263851828,5.613
HK.01055,中国南方航空股份,2019-02-20 00:00:00,5.553,5.643,5.733,5.493,7.916,0.00557,20439307.0,116079788.0,2.5440668726149314,5.503
HK.01055,中国南方航空股份,2019-02-21 00:00:00,5.723,6.023,6.243,5.693,8.444,0.01665,61048000.0,369526420.0,6.734006734006733,5.643
HK.01055,中国南方航空股份,2019-02-22 00:00:00,6.043,6.293,6.293,5.903,8.819,0.01038,38071082.0,238129384.0,4.482815872488801,6.023
HK.01055,中国南方航空股份,2019-02-25 00:00:00,6.423,6.753,6.893,6.423,9.458,0.01891,69328054.0,465149286.0,7.309709200699189,6.293
HK.01055,中国南方航空股份,2019-02-26 00:00:00,6.823,6.633,6.843,6.563,9.291,0.01341,49167506.0,333639536.0,-1.7769880053309657,6.753
HK.01055,中国南方航空股份,2019-02-27 00:00:00,6.563,6.633,6.763,6.443,9.291,0.00739,27095558.0,180489052.0,0.0,6.633
HK.01055,中国南方航空股份,2019-02-28 00:00:00,6.693,6.353,6.693,6.243,8.902,0.00626,22954751.0,147975946.0,-4.221317654153479,6.633
HK.01055,中国南方航空股份,2019-03-01 00:00:00,6.353,6.423,6.483,6.203,9.0,0.00478,17524300.0,112132223.0,1.10184164961436,6.353
HK.01055,中国南方航空股份,2019-03-04 00:00:00,6.443,6.323,6.593,6.303,8.861,0.00649,23786200.0,154201956.0,-1.5569048731122475,6.423
HK.01055,中国南方航空股份,2019-03-05 00:00:00,6.383,6.373,6.403,6.223,8.93,0.0025,9151000.0,58338880.0,0.7907638779060543,6.323
HK.01055,中国南方航空股份,2019-03-06 00:00:00,6.463,6.433,6.473,6.303,9.013,0.00404,14795773.0,95543431.0,0.941471834300951,6.373
HK.01055,中国南方航空股份,2019-03-07 00:00:00,6.423,6.193,6.433,6.153,8.68,0.00445,16330915.0,103504107.0,-3.7307632519819713,6.433
HK.01055,中国南方航空股份,2019-03-08 00:00:00,6.113,6.033,6.193,5.943,8.458,0.00537,19672900.0,120327731.0,-2.5835620862263724,6.193
HK.01055,中国南方航空股份,2019-03-11 00:00:00,5.933,5.993,6.133,5.903,8.402,0.00404,14817120.0,89766508.0,-0.6630200563567054,6.033
HK.01055,中国南方航空股份,2019-03-12 00:00:00,6.013,6.023,6.163,5.963,8.444,0.00434,15895960.0,96884476.0,0.5005840146837871,5.993
HK.01055,中国南方航空股份,2019-03-13 00:00:00,6.023,6.003,6.053,5.893,8.416,0.00259,9506445.0,57381595.0,-0.33206043499916277,6.023
HK.01055,中国南方航空股份,2019-03-14 00:00:00,6.043,6.203,6.393,5.963,8.694,0.00643,23592000.0,148442460.0,3.3316674995835447,6.003
HK.01055,中国南方航空股份,2019-03-15 00:00:00,6.233,6.323,6.333,6.133,8.861,0.004,14656694.0,92775926.0,1.9345477994518796,6.203
HK.01055,中国南方航空股份,2019-03-18 00:00:00,6.283,6.333,6.383,6.173,8.875,0.00499,18306000.0,116741720.0,0.15815277558120808,6.323
HK.01055,中国南方航空股份,2019-03-19 00:00:00,6.373,6.543,6.613,6.253,9.166,0.00654,23995000.0,157694156.0,3.3159639981051625,6.333
HK.01055,中国南方航空股份,2019-03-20 00:00:00,6.503,6.473,6.593,6.263,9.069,0.00627,22976666.0,148569468.0,-1.0698456365581581,6.543
HK.01055,中国南方航空股份,2019-03-21 00:00:00,6.543,6.483,6.743,6.433,9.083,0.00457,16763444.0,110969298.0,0.1544878727019896,6.473
HK.01055,中国南方航空股份,2019-03-22 00:00:00,6.543,6.443,6.543,6.353,9.027,0.00358,13138402.0,85484992.0,-0.6169983032546666,6.483
HK.01055,中国南方航空股份,2019-03-25 00:00:00,6.283,6.203,6.283,6.053,8.694,0.00539,19760000.0,123731750.0,-3.7249728387397076,6.443
HK.01055,中国南方航空股份,2019-03-26 00:00:00,6.203,6.203,6.273,6.143,8.694,0.00221,8098568.0,50574845.0,0.0,6.203
HK.01055,中国南方航空股份,2019-03-27 00:00:00,6.263,6.503,6.543,6.213,9.111,0.00489,17944064.0,115719512.0,4.836369498629693,6.203
HK.01055,中国南方航空股份,2019-03-28 00:00:00,6.443,6.583,6.633,6.353,9.222,0.00811,29742525.0,197245203.0,1.2302014454866994,6.503
HK.01055,中国南方航空股份,2019-03-29 00:00:00,6.583,6.963,7.123,6.563,9.75,0.01539,56433850.0,396641586.0,5.772444174388575,6.583
HK.01055,中国南方航空股份,2019-04-01 00:00:00,7.143,7.223,7.243,6.853,23.636,0.00795,29152120.0,208055166.0,3.7340226913686596,6.963
HK.01055,中国南方航空股份,2019-04-02 00:00:00,7.333,7.183,7.333,7.163,23.506,0.0047,17241383.0,125331315.0,-0.553786515298353,7.223
HK.01055,中国南方航空股份,2019-04-03 00:00:00,7.143,7.393,7.403,7.103,24.188,0.00674,24700789.0,181426338.0,2.923569539189753,7.183
HK.01055,中国南方航空股份,2019-04-04 00:00:00,8.392999999,7.673,8.503,7.633,25.097,0.02041,74815510.0,601302594.0,3.7873664277018833,7.393
HK.01055,中国南方航空股份,2019-04-08 00:00:00,7.653,7.673,7.863,7.463,25.097,0.01253,45948636.0,352691902.0,0.0,7.673
HK.01055,中国南方航空股份,2019-04-09 00:00:00,7.723,7.573,7.743,7.493,24.772,0.00356,13046000.0,99408832.0,-1.3032712107389501,7.673
HK.01055,中国南方航空股份,2019-04-10 00:00:00,7.583,7.643,7.723,7.383,25.0,0.00512,18770500.0,142371200.0,0.9243364584708754,7.573
HK.01055,中国南方航空股份,2019-04-11 00:00:00,7.693,7.283,7.693,7.253,23.831,0.00594,21781987.0,162045666.0,-4.710192332853584,7.643
HK.01055,中国南方航空股份,2019-04-12 00:00:00,7.343,7.433,7.473,7.233,24.318,0.0053,19420775.0,143736623.0,2.0595908279555055,7.283
HK.01055,中国南方航空股份,2019-04-15 00:00:00,7.473,7.323,7.583,7.253,23.961,0.00343,12593000.0,94072784.0,-1.4798869904479945,7.433
HK.01055,中国南方航空股份,2019-04-16 00:00:00,7.243,7.273,7.333,7.013,23.798,0.00671,24602133.0,177920258.0,-0.6827802813054855,7.323
HK.01055,中国南方航空股份,2019-04-17 00:00:00,7.243,7.373,7.403,7.193,24.123,0.00332,12160000.0,89994700.0,1.3749484394335285,7.273
HK.01055,中国南方航空股份,2019-04-18 00:00:00,7.373,7.353,7.553,7.303,24.058,0.00245,8992000.0,67125670.0,-0.2712600027126063,7.373
HK.01055,中国南方航空股份,2019-04-23 00:00:00,7.193,6.803,7.193,6.723,22.272,0.00927,34002250.0,235357816.0,-7.479940160478714,7.353
HK.01055,中国南方航空股份,2019-04-24 00:00:00,6.803,6.883,6.923,6.773,22.532,0.00277,10139000.0,70284510.0,1.1759517859767759,6.803
HK.01055,中国南方航空股份,2019-04-25 00:00:00,6.943,6.643,6.943,6.613,21.753,0.00221,8111933.0,55187283.0,-3.4868516635188174,6.883
HK.01055,中国南方航空股份,2019-04-26 00:00:00,6.713,6.623,6.783,6.553,21.688,0.00242,8861292.0,59360457.0,-0.30106879421947275,6.643
HK.01055,中国南方航空股份,2019-04-29 00:00:00,6.683,6.813,6.923,6.673,22.305,0.00373,13659771.0,93865283.0,2.8687905782877774,6.623
HK.01055,中国南方航空股份,2019-04-30 00:00:00,6.843,6.783,6.863,6.583,22.207,0.00298,10912845.0,74286599.0,-0.440334654337287,6.813
HK.01055,中国南方航空股份,2019-05-02 00:00:00,6.813,6.943,6.983,6.703,22.727,0.00274,10035171.0,69931438.0,2.3588382721509547,6.783
HK.01055,中国南方航空股份,2019-05-03 00:00:00,6.893,6.923,6.943,6.763,22.662,0.00246,9002000.0,62216230.0,-0.2880599164626181,6.943
HK.01055,中国南方航空股份,2019-05-06 00:00:00,6.393,6.203,6.443,6.093,20.324,0.01358,49773526.0,314161286.0,-10.400115556839516,6.923
HK.01055,中国南方航空股份,2019-05-07 00:00:00,6.313,6.113,6.313,6.053,20.032,0.00468,17175000.0,106559874.0,-1.4509108495889063,6.203
HK.01055,中国南方航空股份,2019-05-08 00:00:00,6.003,5.983,6.123,5.873,19.61,0.01313,48153569.0,290819283.0,-2.1266154097824437,6.113
HK.01055,中国南方航空股份,2019-05-09 00:00:00,5.953,5.683,5.953,5.623,18.636,0.00671,24609986.0,143275593.0,-5.014206919605546,5.983
HK.01055,中国南方航空股份,2019-05-10 00:00:00,5.763,5.893,5.983,5.703,19.318,0.01022,37487123.0,221833869.0,3.6952313918704904,5.683
HK.01055,中国南方航空股份,2019-05-14 00:00:00,5.363,5.533,5.613,5.363,18.149,0.0107,39223106.0,218287904.0,-6.108942813507542,5.893
HK.01055,中国南方航空股份,2019-05-15 00:00:00,5.453,5.513,5.673,5.453,18.084,0.00349,12804426.0,71723458.0,-0.3614675582866521,5.533
HK.01055,中国南方航空股份,2019-05-16 00:00:00,5.503,5.523,5.663,5.463,18.116,0.00335,12292460.0,69144593.0,0.18138944313440572,5.513
HK.01055,中国南方航空股份,2019-05-17 00:00:00,5.643,5.343,5.643,5.293,17.532,0.00521,19101000.0,104831950.0,-3.259098316132532,5.523
HK.01055,中国南方航空股份,2019-05-20 00:00:00,5.353,5.113,5.403,5.043,16.785,0.006,22000071.0,114247884.0,-4.304697735354661,5.343
HK.01055,中国南方航空股份,2019-05-21 00:00:00,5.023,5.153,5.223,5.023,16.915,0.00367,13449500.0,70012993.0,0.7823195775474113,5.113
HK.01055,中国南方航空股份,2019-05-22 00:00:00,5.233,5.093,5.243,5.073,16.72,0.00435,15939259.0,83067792.0,-1.1643702697457716,5.153
HK.01055,中国南方航空股份,2019-05-23 00:00:00,5.063,4.893,5.133,4.883,16.071,0.0066,24191385.0,121144813.0,-3.9269585705870838,5.093
HK.01055,中国南方航空股份,2019-05-24 00:00:00,5.003,4.953,5.033,4.903,16.266,0.00433,15862366.0,79371378.0,1.2262415695892193,4.893
HK.01055,中国南方航空股份,2019-05-27 00:00:00,4.963,5.033,5.093,4.843,16.525,0.00305,11176000.0,56596420.0,1.6151827175449236,4.953
HK.01055,中国南方航空股份,2019-05-28 00:00:00,5.063,5.113,5.243,4.993,16.785,0.00728,26704000.0,138627010.0,1.5895092390224532,5.033
HK.01055,中国南方航空股份,2019-05-29 00:00:00,5.093,5.123,5.163,4.983,16.818,0.00479,17552214.0,90780061.0,0.19557989438685283,5.113
HK.01055,中国南方航空股份,2019-05-30 00:00:00,5.143,5.013,5.163,4.983,16.461,0.00238,8708000.0,44344000.0,-2.14717938707789,5.123
HK.01055,中国南方航空股份,2019-05-31 00:00:00,5.033,4.983,5.113,4.943,16.363,0.00291,10665343.0,54215992.0,-0.5984440454817525,5.013
HK.01055,中国南方航空股份,2019-06-03 00:00:00,5.023,5.023,5.083,4.963,16.493,0.00307,11255000.0,57184198.0,0.8027292795504724,4.983
HK.01055,中国南方航空股份,2019-06-04 00:00:00,5.063,4.903,5.063,4.893,16.103,0.00168,6152344.0,30796143.0,-2.3890105514632713,5.023
HK.01055,中国南方航空股份,2019-06-05 00:00:00,4.973,4.973,5.063,4.963,16.331,0.00193,7074000.0,35781380.0,1.4276973281664347,4.903
HK.01055,中国南方航空股份,2019-06-06 00:00:00,4.993,4.963,5.003,4.903,16.298,0.00292,10723000.0,53714940.0,-0.20108586366378015,4.973
HK.01055,中国南方航空股份,2019-06-10 00:00:00,4.983,4.953,4.993,4.893,16.266,0.00372,13654000.0,68105704.0,-0.20149103364899834,4.963
HK.01055,中国南方航空股份,2019-06-11 00:00:00,4.923,5.143,5.203,4.913,16.883,0.00566,20748977.0,106865275.0,3.8360589541691805,4.953
HK.01055,中国南方航空股份,2019-06-12 00:00:00,5.073,5.023,5.093,4.993,16.493,0.00246,9030776.0,45919489.0,-2.333268520318882,5.143
HK.01055,中国南方航空股份,2019-06-13 00:00:00,5.033,5.003,5.043,4.903,16.428,0.00188,6882000.0,34678812.0,-0.3981684252438697,5.023
HK.01055,中国南方航空股份,2019-06-14 00:00:00,5.033,5.023,5.143,4.973,16.493,0.00325,11905642.0,61047878.0,0.3997601439136433,5.003
HK.01055,中国南方航空股份,2019-06-17 00:00:00,5.033,4.943,5.093,4.943,16.233,0.00218,7977480.0,40176155.0,-1.592673700975514,5.023
HK.01055,中国南方航空股份,2019-06-18 00:00:00,4.983,4.943,4.983,4.853,16.233,0.00287,10527896.0,52223217.0,0.0,4.943
HK.01055,中国南方航空股份,2019-06-19 00:00:00,5.193,5.233,5.423,5.173,17.175,0.00804,29472000.0,157474330.0,5.866882460044509,4.943
HK.01055,中国南方航空股份,2019-06-20 00:00:00,5.283,5.583,5.613,5.283,18.311,0.01005,36840000.0,204622368.0,6.688324097076258,5.233
HK.01055,中国南方航空股份,2019-06-21 00:00:00,5.523,5.503,5.613,5.363,18.051,0.00738,27051043.0,150115003.0,-1.432921368439908,5.583
HK.01055,中国南方航空股份,2019-06-24 00:00:00,5.503,5.373,5.543,5.303,17.629,0.00467,17136000.0,93352880.0,-2.362347810285297,5.503
HK.01055,中国南方航空股份,2019-06-25 00:00:00,5.343,5.233,5.383,5.183,17.175,0.00342,12527462.0,66323808.0,-2.6056206960729678,5.373
HK.01055,中国南方航空股份,2019-06-26 00:00:00,5.213,5.253,5.323,5.123,17.24,0.00145,5321000.0,28260820.0,0.3821899484043658,5.233
HK.01055,中国南方航空股份,2019-06-27 00:00:00,5.293,5.343,5.473,5.273,17.532,0.0041,15026191.0,81769472.0,1.7133066818960565,5.253
HK.01055,中国南方航空股份,2019-06-28 00:00:00,5.4,5.44,5.46,5.34,17.662,0.00414,15169712.0,82275676.0,1.8154594796930643,5.343
HK.01055,中国南方航空股份,2019-07-02 00:00:00,5.6,5.73,5.8,5.6,18.603,0.01181,43290532.0,246726623.0,5.330882352941177,5.44
HK.01055,中国南方航空股份,2019-07-03 00:00:00,5.7,5.65,5.7,5.54,18.344,0.0066,24181990.0,135501976.0,-1.3961605584642245,5.73
HK.01055,中国南方航空股份,2019-07-04 00:00:00,5.66,5.74,5.75,5.57,18.636,0.00296,10868000.0,61927720.0,1.5929203539822985,5.65
HK.01055,中国南方航空股份,2019-07-05 00:00:00,5.73,5.7,5.78,5.65,18.506,0.00216,7925500.0,45288600.0,-0.6968641114982584,5.74
HK.01055,中国南方航空股份,2019-07-08 00:00:00,5.69,5.53,5.69,5.39,17.954,0.0053,19425708.0,106384421.0,-2.982456140350876,5.7
HK.01055,中国南方航空股份,2019-07-09 00:00:00,5.5,5.36,5.5,5.31,17.402,0.00322,11818400.0,63618302.0,-3.0741410488245915,5.53
HK.01055,中国南方航空股份,2019-07-10 00:00:00,5.45,5.42,5.45,5.31,17.597,0.00259,9482000.0,50929930.0,1.1194029850746194,5.36
HK.01055,中国南方航空股份,2019-07-11 00:00:00,5.44,5.37,5.45,5.35,17.435,0.00199,7294377.0,39387427.0,-0.9225092250922476,5.42
HK.01055,中国南方航空股份,2019-07-12 00:00:00,5.37,5.33,5.45,5.32,17.305,0.00153,5617000.0,30156640.0,-0.7448789571694606,5.37
HK.01055,中国南方航空股份,2019-07-15 00:00:00,5.35,5.29,5.35,5.17,17.175,0.00364,13329466.0,70193586.0,-0.7504690431519707,5.33
HK.01055,中国南方航空股份,2019-07-16 00:00:00,5.36,5.44,5.49,5.34,17.662,0.00299,10948000.0,59381100.0,2.8355387523629556,5.29
HK.01055,中国南方航空股份,2019-07-17 00:00:00,5.42,5.44,5.52,5.38,17.662,0.00207,7596000.0,41420300.0,0.0,5.44
HK.01055,中国南方航空股份,2019-07-18 00:00:00,5.42,5.36,5.46,5.29,17.402,0.00195,7155059.0,38288616.0,-1.4705882352941189,5.44
HK.01055,中国南方航空股份,2019-07-19 00:00:00,5.39,5.4,5.45,5.34,17.532,0.00244,8942090.0,48502442.0,0.7462686567164185,5.36
HK.01055,中国南方航空股份,2019-07-22 00:00:00,5.44,5.39,5.49,5.35,17.5,0.00148,5426000.0,29351732.0,-0.1851851851851977,5.4
HK.01055,中国南方航空股份,2019-07-23 00:00:00,5.43,5.35,5.44,5.32,17.37,0.00159,5846000.0,31300470.0,-0.7421150278293143,5.39
HK.01055,中国南方航空股份,2019-07-24 00:00:00,5.38,5.32,5.44,5.3,17.272,0.00188,6904000.0,37000000.0,-0.5607476635513899,5.35
HK.01055,中国南方航空股份,2019-07-25 00:00:00,5.38,5.31,5.38,5.23,17.24,0.00309,11323717.0,59766034.0,-0.18796992481204275,5.32
HK.01055,中国南方航空股份,2019-07-26 00:00:00,5.28,5.25,5.28,5.19,17.045,0.00213,7827440.0,40986970.0,-1.1299435028248515,5.31
HK.01055,中国南方航空股份,2019-07-29 00:00:00,5.26,5.15,5.26,5.11,16.72,0.00219,8020690.0,41266583.0,-1.904761904761898,5.25
HK.01055,中国南方航空股份,2019-07-30 00:00:00,5.14,5.14,5.23,5.12,16.688,0.00196,7204000.0,37272680.0,-0.1941747572815665,5.15
HK.01055,中国南方航空股份,2019-07-31 00:00:00,5.1,5.07,5.12,5.06,16.461,0.00167,6128000.0,31166240.0,-1.3618677042801441,5.14
HK.01055,中国南方航空股份,2019-08-01 00:00:00,5.08,4.99,5.09,4.94,16.201,0.00445,16326049.0,81301620.0,-1.577909270216964,5.07
HK.01055,中国南方航空股份,2019-08-02 00:00:00,4.79,4.89,4.89,4.75,15.876,0.0052,19048000.0,91962240.0,-2.004008016032075,4.99
HK.01055,中国南方航空股份,2019-08-05 00:00:00,4.8,4.59,4.8,4.57,14.902,0.00885,32442183.0,151039120.0,-6.134969325153371,4.89
HK.01055,中国南方航空股份,2019-08-06 00:00:00,4.43,4.55,4.55,4.41,14.772,0.00902,33080000.0,148257180.0,-0.8714596949891076,4.59
HK.01055,中国南方航空股份,2019-08-07 00:00:00,4.64,4.47,4.65,4.42,14.512,0.00515,18896214.0,84589380.0,-1.75824175824176,4.55
HK.01055,中国南方航空股份,2019-08-08 00:00:00,4.47,4.49,4.56,4.47,14.577,0.00339,12437000.0,55998020.0,0.4474272930648874,4.47
HK.01055,中国南方航空股份,2019-08-09 00:00:00,4.52,4.46,4.59,4.43,14.48,0.00351,12856100.0,57641512.0,-0.6681514476614754,4.49
HK.01055,中国南方航空股份,2019-08-12 00:00:00,4.49,4.42,4.53,4.41,14.35,0.0024,8788000.0,39125100.0,-0.896860986547086,4.46
HK.01055,中国南方航空股份,2019-08-13 00:00:00,4.4,4.46,4.48,4.3,14.48,0.0039,14294391.0,63026304.0,0.9049773755656116,4.42
HK.01055,中国南方航空股份,2019-08-14 00:00:00,4.69,4.57,4.7,4.53,14.837,0.00509,18677804.0,85861944.0,2.4663677130044914,4.46
HK.01055,中国南方航空股份,2019-08-15 00:00:00,4.5,4.52,4.57,4.4,14.675,0.00355,13006946.0,58296247.0,-1.094091903719928,4.57
HK.01055,中国南方航空股份,2019-08-16 00:00:00,4.51,4.59,4.76,4.51,14.902,0.00887,32531800.0,151551450.0,1.5486725663716878,4.52
HK.01055,中国南方航空股份,2019-08-19 00:00:00,4.63,4.8,4.86,4.63,15.584,0.00619,22694000.0,109012732.0,4.57516339869281,4.59
HK.01055,中国南方航空股份,2019-08-20 00:00:00,4.77,4.65,4.8,4.58,15.097,0.00699,25637392.0,119515267.0,-3.124999999999989,4.8
HK.01055,中国南方航空股份,2019-08-21 00:00:00,4.65,4.65,4.67,4.6,15.097,0.00159,5823484.0,27005570.0,0.0,4.65
HK.01055,中国南方航空股份,2019-08-22 00:00:00,4.67,4.68,4.72,4.62,15.194,0.00263,9659533.0,45093201.0,0.6451612903225669,4.65
HK.01055,中国南方航空股份,2019-08-23 00:00:00,4.66,4.67,4.73,4.65,15.162,0.00149,5454000.0,25542914.0,-0.21367521367520914,4.68
HK.01055,中国南方航空股份,2019-08-26 00:00:00,4.46,4.63,4.63,4.46,15.032,0.00331,12141000.0,55189320.0,-0.856531049250536,4.67
HK.01055,中国南方航空股份,2019-08-27 00:00:00,4.65,4.57,4.65,4.56,14.837,0.00375,13731392.0,62937470.0,-1.2958963282937281,4.63
HK.01055,中国南方航空股份,2019-08-28 00:00:00,4.57,4.41,4.65,4.37,14.318,0.00631,23152720.0,103378588.0,-3.5010940919037226,4.57
HK.01055,中国南方航空股份,2019-08-29 00:00:00,4.45,4.43,4.45,4.3,14.383,0.00364,13348000.0,58707590.0,0.45351473922901525,4.41
HK.01055,中国南方航空股份,2019-08-30 00:00:00,4.43,4.41,4.46,4.36,14.318,0.00308,11291191.0,49798905.0,-0.4514672686230152,4.43
HK.01055,中国南方航空股份,2019-09-02 00:00:00,4.4,4.39,4.43,4.36,14.253,0.00307,11248000.0,49343180.0,-0.45351473922903535,4.41
HK.01055,中国南方航空股份,2019-09-03 00:00:00,4.41,4.43,4.5,4.4,14.383,0.00401,14702000.0,65467420.0,0.9111617312072902,4.39
HK.01055,中国南方航空股份,2019-09-04 00:00:00,4.44,4.56,4.6,4.4,14.805,0.00599,21948480.0,99993087.0,2.934537246049659,4.43
HK.01055,中国南方航空股份,2019-09-05 00:00:00,4.59,4.69,4.73,4.56,15.227,0.00507,18598060.0,86889366.0,2.8508771929824737,4.56
HK.01055,中国南方航空股份,2019-09-06 00:00:00,4.75,4.78,4.84,4.67,15.519,0.00551,20200463.0,96217677.0,1.918976545842214,4.69
HK.01055,中国南方航空股份,2019-09-09 00:00:00,4.78,4.8,4.91,4.77,15.584,0.00405,14857295.0,71955624.0,0.41841004184099523,4.78
HK.01055,中国南方航空股份,2019-09-10 00:00:00,4.83,4.78,4.85,4.71,15.519,0.00394,14458000.0,69002440.0,-0.4166666666666578,4.8
HK.01055,中国南方航空股份,2019-09-11 00:00:00,4.83,4.84,4.87,4.74,15.714,0.0015,5507657.0,26479997.0,1.2552301255230043,4.78
HK.01055,中国南方航空股份,2019-09-12 00:00:00,4.9,5.01,5.05,4.9,16.266,0.00622,22798012.0,113840844.0,3.5123966942148748,4.84
HK.01055,中国南方航空股份,2019-09-13 00:00:00,5.1,5.14,5.19,5.01,16.688,0.00327,11982285.0,61464201.0,2.594810379241515,5.01
HK.01055,中国南方航空股份,2019-09-16 00:00:00,4.99,4.94,5.0,4.86,16.038,0.00742,27197046.0,133846556.0,-3.8910505836575737,5.14
HK.01055,中国南方航空股份,2019-09-17 00:00:00,4.9,4.77,4.91,4.72,15.487,0.00331,12123779.0,58027053.0,-3.441295546558721,4.94
HK.01055,中国南方航空股份,2019-09-18 00:00:00,4.87,4.9,4.98,4.86,15.909,0.00495,18140978.0,89070540.0,2.725366876310289,4.77
HK.01055,中国南方航空股份,2019-09-19 00:00:00,4.95,4.85,5.01,4.78,15.746,0.00461,16887192.0,81945881.0,-1.0204081632653206,4.9
HK.01055,中国南方航空股份,2019-09-20 00:00:00,4.88,4.87,4.88,4.79,15.811,0.00345,12645000.0,61126030.0,0.4123711340206281,4.85
HK.01055,中国南方航空股份,2019-09-23 00:00:00,4.83,4.8,4.86,4.74,15.584,0.00139,5078823.0,24295153.0,-1.437371663244359,4.87
HK.01055,中国南方航空股份,2019-09-24 00:00:00,4.82,4.76,4.86,4.75,15.454,0.00346,12691500.0,60779235.0,-0.8333333333333341,4.8
HK.01055,中国南方航空股份,2019-09-25 00:00:00,4.77,4.73,4.83,4.69,15.357,0.0029,10628603.0,50507489.0,-0.6302521008403227,4.76
HK.01055,中国南方航空股份,2019-09-26 00:00:00,4.8,4.75,4.85,4.73,15.422,0.00223,8172000.0,39064040.0,0.42283298097250677,4.73
HK.01055,中国南方航空股份,2019-09-27 00:00:00,4.8,4.73,4.8,4.67,15.357,0.00163,5990934.0,28320609.0,-0.4210526315789384,4.75
HK.01055,中国南方航空股份,2019-09-30 00:00:00,4.73,4.75,4.8,4.65,15.422,0.0013,4774000.0,22569340.0,0.42283298097250677,4.73
HK.01055,中国南方航空股份,2019-10-02 00:00:00,4.74,4.76,4.79,4.7,15.454,0.00173,6328822.0,30044520.0,0.2105263157894692,4.75
HK.01055,中国南方航空股份,2019-10-03 00:00:00,4.77,4.71,4.77,4.63,15.292,0.00185,6794000.0,31951060.0,-1.0504201680672232,4.76
HK.01055,中国南方航空股份,2019-10-04 00:00:00,4.76,4.73,4.78,4.67,15.357,0.00181,6648169.0,31386064.0,0.4246284501061669,4.71
HK.01055,中国南方航空股份,2019-10-08 00:00:00,4.8,4.53,4.82,4.49,14.707,0.0072,26384600.0,120573992.0,-4.228329809725162,4.73
HK.01055,中国南方航空股份,2019-10-09 00:00:00,4.51,4.54,4.6,4.49,14.74,0.00305,11168425.0,50774860.0,0.22075055187637496,4.53
HK.01055,中国南方航空股份,2019-10-10 00:00:00,4.58,4.71,4.77,4.52,15.292,0.00475,17414000.0,81368858.0,3.744493392070483,4.54
HK.01055,中国南方航空股份,2019-10-11 00:00:00,4.76,4.86,4.91,4.73,15.779,0.00462,16922042.0,81932424.0,3.184713375796186,4.71
HK.01055,中国南方航空股份,2019-10-14 00:00:00,4.91,4.87,4.92,4.8,15.811,0.0058,21248020.0,103575456.0,0.20576131687242358,4.86
HK.01055,中国南方航空股份,2019-10-15 00:00:00,4.94,4.9,5.0,4.84,15.909,0.00466,17088493.0,84187241.0,0.6160164271047278,4.87
HK.01055,中国南方航空股份,2019-10-16 00:00:00,4.94,4.96,5.0,4.9,16.103,0.00299,10980000.0,54366534.0,1.2244897959183594,4.9
HK.01055,中国南方航空股份,2019-10-17 00:00:00,4.98,4.96,4.98,4.89,16.103,0.00296,10848313.0,53696117.0,0.0,4.96
HK.01055,中国南方航空股份,2019-10-18 00:00:00,4.99,4.88,5.0,4.82,15.844,0.00165,6052297.0,29590233.0,-1.6129032258064528,4.96
HK.01055,中国南方航空股份,2019-10-21 00:00:00,4.94,4.82,4.94,4.76,17.527,0.00251,9199000.0,44145812.0,-1.2295081967213035,4.88
HK.01055,中国南方航空股份,2019-10-22 00:00:00,4.86,4.84,4.86,4.75,17.6,0.00194,7123475.0,34293781.0,0.41493775933609073,4.82
HK.01055,中国南方航空股份,2019-10-23 00:00:00,4.82,4.78,4.82,4.72,17.381,0.00224,8216000.0,39077124.0,-1.2396694214875952,4.84
HK.01055,中国南方航空股份,2019-10-24 00:00:00,4.8,4.78,4.81,4.72,17.381,0.00157,5773169.0,27485950.0,0.0,4.78
HK.01055,中国南方航空股份,2019-10-25 00:00:00,4.79,4.77,4.81,4.71,17.345,0.00171,6274000.0,29931534.0,-0.2092050209205162,4.78
HK.01055,中国南方航空股份,2019-10-28 00:00:00,4.83,4.9,4.93,4.77,17.818,0.00384,14073620.0,68253293.0,2.725366876310289,4.77
HK.01055,中国南方航空股份,2019-10-29 00:00:00,4.91,4.89,4.91,4.86,17.781,0.00118,4321296.0,21100352.0,-0.204081632653075,4.9
HK.01055,中国南方航空股份,2019-10-30 00:00:00,4.92,4.88,4.96,4.82,17.745,0.002,7326000.0,35738680.0,-0.20449897750510812,4.89
HK.01055,中国南方航空股份,2019-10-31 00:00:00,4.91,4.84,4.95,4.8,17.6,0.00201,7380000.0,35819692.0,-0.8196721311475417,4.88
HK.01055,中国南方航空股份,2019-11-01 00:00:00,4.88,4.85,4.94,4.78,17.636,0.00217,7956000.0,38753366.0,0.20661157024792948,4.84
HK.01055,中国南方航空股份,2019-11-04 00:00:00,4.93,5.17,5.29,4.92,18.8,0.01229,45076746.0,233934207.0,6.597938144329903,4.85
HK.01055,中国南方航空股份,2019-11-05 00:00:00,5.23,5.31,5.33,5.14,19.309,0.00746,27367800.0,143246754.0,2.7079303675048294,5.17
HK.01055,中国南方航空股份,2019-11-06 00:00:00,5.34,5.25,5.41,5.2,19.09,0.00467,17129530.0,90822168.0,-1.1299435028248515,5.31
HK.01055,中国南方航空股份,2019-11-07 00:00:00,5.28,5.37,5.37,5.18,19.527,0.00327,11979047.0,63565944.0,2.285714285714288,5.25
HK.01055,中国南方航空股份,2019-11-08 00:00:00,5.46,5.36,5.5,5.3,19.49,0.00394,14435827.0,77666478.0,-0.18621973929236102,5.37
HK.01055,中国南方航空股份,2019-11-11 00:00:00,5.35,5.12,5.35,5.07,18.618,0.00283,10386633.0,53456478.0,-4.4776119402985115,5.36
HK.01055,中国南方航空股份,2019-11-12 00:00:00,5.13,5.12,5.16,5.07,18.618,0.00106,3873040.0,19780359.0,0.0,5.12
HK.01055,中国南方航空股份,2019-11-13 00:00:00,5.11,5.04,5.11,4.98,18.327,0.00218,7986624.0,40003436.0,-1.5625000000000013,5.12
HK.01055,中国南方航空股份,2019-11-14 00:00:00,4.97,4.97,5.05,4.94,18.072,0.00212,7756286.0,38625369.0,-1.3888888888888946,5.04
HK.01055,中国南方航空股份,2019-11-15 00:00:00,5.05,5.0,5.05,4.95,18.181,0.00235,8627000.0,43050590.0,0.6036217303822987,4.97
HK.01055,中国南方航空股份,2019-11-18 00:00:00,5.05,5.05,5.06,4.94,18.363,0.00233,8534000.0,42643860.0,0.9999999999999963,5.0
HK.01055,中国南方航空股份,2019-11-19 00:00:00,4.98,5.03,5.05,4.95,18.29,0.00264,9670000.0,48241520.0,-0.3960396039603876,5.05
HK.01055,中国南方航空股份,2019-11-20 00:00:00,5.0,4.9,5.01,4.86,17.818,0.00341,12489100.0,61245488.0,-2.5844930417495005,5.03
HK.01055,中国南方航空股份,2019-11-21 00:00:00,4.81,4.85,4.85,4.77,17.636,0.00289,10610240.0,50994572.0,-1.0204081632653206,4.9
HK.01055,中国南方航空股份,2019-11-22 00:00:00,4.88,4.81,4.88,4.75,17.49,0.00431,15784539.0,75797746.0,-0.8247422680412378,4.85
HK.01055,中国南方航空股份,2019-11-25 00:00:00,4.84,4.9,4.95,4.79,17.818,0.00329,12049760.0,58975877.0,1.8711018711018867,4.81
HK.01055,中国南方航空股份,2019-11-26 00:00:00,4.96,4.88,4.98,4.83,17.745,0.00345,12646000.0,61791560.0,-0.40816326530613184,4.9
HK.01055,中国南方航空股份,2019-11-27 00:00:00,4.92,4.95,4.97,4.87,18.0,0.00218,8001029.0,39554632.0,1.4344262295082026,4.88
HK.01055,中国南方航空股份,2019-11-28 00:00:00,4.92,4.93,4.97,4.89,17.927,0.00141,5172000.0,25492800.0,-0.4040404040404133,4.95
HK.01055,中国南方航空股份,2019-11-29 00:00:00,4.93,4.89,4.96,4.84,17.781,0.00183,6708000.0,32713460.0,-0.811359026369169,4.93
HK.01055,中国南方航空股份,2019-12-02 00:00:00,4.9,4.95,4.98,4.86,18.0,0.00387,14186000.0,69787460.0,1.226993865030685,4.89
HK.01055,中国南方航空股份,2019-12-03 00:00:00,4.92,4.88,4.97,4.84,17.745,0.00397,14544790.0,71123580.0,-1.4141414141414197,4.95
HK.01055,中国南方航空股份,2019-12-04 00:00:00,4.87,4.78,4.87,4.73,17.381,0.00299,10960600.0,52428500.0,-2.049180327868845,4.88
HK.01055,中国南方航空股份,2019-12-05 00:00:00,4.83,4.8,4.84,4.76,17.454,0.00149,5461000.0,26195180.0,0.41841004184099523,4.78
HK.01055,中国南方航空股份,2019-12-06 00:00:00,4.79,4.84,4.89,4.79,17.6,0.00168,6164000.0,29854682.0,0.8333333333333341,4.8
HK.01055,中国南方航空股份,2019-12-09 00:00:00,4.82,4.88,4.9,4.82,17.745,0.00113,4133468.0,20145894.0,0.8264462809917362,4.84
HK.01055,中国南方航空股份,2019-12-10 00:00:00,4.9,4.88,4.92,4.83,17.745,0.00159,5820000.0,28350126.0,0.0,4.88
HK.01055,中国南方航空股份,2019-12-11 00:00:00,4.9,4.95,5.02,4.89,18.0,0.00311,11384795.0,56537065.0,1.4344262295082026,4.88
HK.01055,中国南方航空股份,2019-12-12 00:00:00,4.98,5.0,5.04,4.96,18.181,0.00268,9822528.0,49126478.0,1.0101010101010066,4.95
HK.01055,中国南方航空股份,2019-12-13 00:00:00,5.3,5.24,5.45,5.16,19.054,0.01071,39283662.0,206756467.0,4.800000000000004,5.0
HK.01055,中国南方航空股份,2019-12-16 00:00:00,5.23,5.33,5.38,5.15,19.381,0.00506,18542036.0,98214242.0,1.7175572519083944,5.24
HK.01055,中国南方航空股份,2019-12-17 00:00:00,5.38,5.41,5.47,5.33,19.672,0.00817,29961000.0,161645579.0,1.5009380863039414,5.33
HK.01055,中国南方航空股份,2019-12-18 00:00:00,5.41,5.37,5.43,5.34,19.527,0.0074,27140000.0,146419920.0,-0.739371534195934,5.41
HK.01055,中国南方航空股份,2019-12-19 00:00:00,5.34,5.32,5.38,5.22,19.345,0.00167,6125750.0,32579895.0,-0.9310986964618215,5.37
HK.01055,中国南方航空股份,2019-12-20 00:00:00,5.37,5.28,5.37,5.26,19.2,0.00133,4862393.0,25792435.0,-0.7518796992481209,5.32
HK.01055,中国南方航空股份,2019-12-23 00:00:00,5.34,5.28,5.35,5.22,19.2,0.00279,10219920.0,54133146.0,0.0,5.28
HK.01055,中国南方航空股份,2019-12-24 00:00:00,5.31,5.21,5.35,5.18,18.945,0.00121,4452000.0,23283020.0,-1.325757575757581,5.28
HK.01055,中国南方航空股份,2019-12-27 00:00:00,5.21,5.34,5.4,5.21,19.418,0.00289,10585700.0,56259481.0,2.4952015355086354,5.21
HK.01055,中国南方航空股份,2019-12-30 00:00:00,5.36,5.36,5.53,5.33,19.49,0.00905,33193989.0,179830469.0,0.3745318352060012,5.34
HK.01055,中国南方航空股份,2019-12-31 00:00:00,5.4,5.24,5.43,5.17,19.054,0.00549,20114989.0,106208471.0,-2.2388059701492558,5.36
HK.01055,中国南方航空股份,2020-01-02 00:00:00,5.33,5.38,5.4,5.27,19.563,0.00387,14176000.0,75691680.0,2.6717557251908333,5.24
HK.01055,中国南方航空股份,2020-01-03 00:00:00,5.48,5.38,5.65,5.33,19.563,0.00518,18986000.0,103549830.0,0.0,5.38
HK.01055,中国南方航空股份,2020-01-06 00:00:00,5.31,5.08,5.38,5.03,18.472,0.00766,28074739.0,143223566.0,-5.576208178438659,5.38
HK.01055,中国南方航空股份,2020-01-07 00:00:00,5.1,5.13,5.19,5.09,18.654,0.00463,16983000.0,87254020.0,0.9842519685039335,5.08
HK.01055,中国南方航空股份,2020-01-08 00:00:00,4.96,5.0,5.08,4.91,18.181,0.00728,26685165.0,133507636.0,-2.534113060428848,5.13
HK.01055,中国南方航空股份,2020-01-09 00:00:00,5.15,5.25,5.27,5.12,19.09,0.00569,20870000.0,108255000.0,5.0,5.0
HK.01055,中国南方航空股份,2020-01-10 00:00:00,5.27,5.4,5.45,5.26,19.636,0.00648,23756941.0,127887058.0,2.857142857142864,5.25
HK.01055,中国南方航空股份,2020-01-13 00:00:00,5.36,5.49,5.55,5.32,19.963,0.00451,16533165.0,90526876.0,1.6666666666666639,5.4
HK.01055,中国南方航空股份,2020-01-14 00:00:00,5.52,5.49,5.62,5.4,19.963,0.00501,18369518.0,101349248.0,0.0,5.49
HK.01055,中国南方航空股份,2020-01-15 00:00:00,5.48,5.38,5.48,5.3,19.563,0.00353,12940700.0,69439702.0,-2.0036429872495503,5.49
HK.01055,中国南方航空股份,2020-01-16 00:00:00,5.38,5.31,5.38,5.27,19.309,0.00351,12867222.0,68369937.0,-1.301115241635693,5.38
HK.01055,中国南方航空股份,2020-01-17 00:00:00,5.32,5.34,5.39,5.26,19.418,0.00294,10788917.0,57305342.0,0.564971751412434,5.31
HK.01055,中国南方航空股份,2020-01-20 00:00:00,5.33,5.07,5.33,4.98,18.436,0.01223,44858015.0,226773851.0,-5.056179775280891,5.34
HK.01055,中国南方航空股份,2020-01-21 00:00:00,5.04,4.74,5.05,4.72,17.236,0.01582,57998000.0,279337907.0,-6.508875739644972,5.07
HK.01055,中国南方航空股份,2020-01-22 00:00:00,4.79,4.82,4.86,4.68,17.527,0.00816,29912549.0,143413770.0,1.6877637130801704,4.74
HK.01055,中国南方航空股份,2020-01-23 00:00:00,4.77,4.65,4.77,4.64,16.909,0.00662,24264656.0,113744540.0,-3.526970954356845,4.82
HK.01055,中国南方航空股份,2020-01-24 00:00:00,4.63,4.66,4.67,4.54,16.945,0.00339,12417623.0,56909942.0,0.2150537634408556,4.65
HK.01055,中国南方航空股份,2020-01-29 00:00:00,4.4,4.49,4.49,4.35,16.327,0.00643,23567797.0,104744758.0,-3.648068669527895,4.66
HK.01055,中国南方航空股份,2020-01-30 00:00:00,4.44,4.34,4.48,4.3,15.781,0.00735,26962850.0,117289277.0,-3.340757238307358,4.49
HK.01055,中国南方航空股份,2020-01-31 00:00:00,4.34,4.35,4.4,4.29,15.818,0.0045,16506000.0,71731530.0,0.2304147465437739,4.34
HK.01055,中国南方航空股份,2020-02-03 00:00:00,4.32,4.28,4.34,4.1,15.563,0.01225,44916254.0,189043885.0,-1.6091954022988366,4.35
HK.01055,中国南方航空股份,2020-02-04 00:00:00,4.3,4.31,4.34,4.24,15.672,0.00682,24986859.0,107335384.0,0.7009345794392373,4.28
HK.01055,中国南方航空股份,2020-02-05 00:00:00,4.63,4.35,4.63,4.33,15.818,0.01061,38895800.0,172290828.0,0.928074245939676,4.31
HK.01055,中国南方航空股份,2020-02-06 00:00:00,4.54,4.66,4.74,4.44,16.945,0.01184,43426250.0,199168457.0,7.126436781609208,4.35
HK.01055,中国南方航空股份,2020-02-07 00:00:00,4.71,4.64,4.71,4.5,16.872,0.00793,29062443.0,133338155.0,-0.42918454935623307,4.66
HK.01055,中国南方航空股份,2020-02-10 00:00:00,4.6,4.38,4.6,4.36,15.927,0.02346,86016115.0,379429796.0,-5.603448275862065,4.64
HK.01055,中国南方航空股份,2020-02-11 00:00:00,4.41,4.53,4.54,4.41,16.472,0.01087,39870883.0,179079253.0,3.4246575342465837,4.38
HK.01055,中国南方航空股份,2020-02-12 00:00:00,4.53,4.63,4.66,4.5,16.836,0.00764,28012229.0,129271885.0,2.207505518763789,4.53
HK.01055,中国南方航空股份,2020-02-13 00:00:00,4.65,4.59,4.68,4.54,16.69,0.00776,28440000.0,130439060.0,-0.8639308855291584,4.63
HK.01055,中国南方航空股份,2020-02-14 00:00:00,4.6,4.6,4.63,4.57,16.727,0.0041,15026407.0,69106878.0,0.21786492374727207,4.59
HK.01055,中国南方航空股份,2020-02-17 00:00:00,4.63,4.7,4.72,4.54,17.09,0.00636,23317000.0,107779360.0,2.1739130434782727,4.6
HK.01055,中国南方航空股份,2020-02-18 00:00:00,4.72,4.62,4.72,4.57,16.8,0.00349,12802000.0,59274320.0,-1.7021276595744694,4.7
HK.01055,中国南方航空股份,2020-02-19 00:00:00,4.65,4.73,4.83,4.6,17.2,0.00888,32540055.0,153181844.0,2.3809523809523876,4.62
HK.01055,中国南方航空股份,2020-02-20 00:00:00,4.78,4.69,4.85,4.62,17.054,0.01801,66014444.0,310079924.0,-0.8456659619450324,4.73
HK.01055,中国南方航空股份,2020-02-21 00:00:00,4.68,4.55,4.68,4.52,16.545,0.00584,21409070.0,98043246.0,-2.9850746268656834,4.69
HK.01055,中国南方航空股份,2020-02-24 00:00:00,4.5,4.4,4.55,4.33,16.0,0.01012,37105007.0,162574324.0,-3.296703296703285,4.55
HK.01055,中国南方航空股份,2020-02-25 00:00:00,4.31,4.38,4.41,4.31,15.927,0.0055,20156800.0,88261740.0,-0.454545454545465,4.4
HK.01055,中国南方航空股份,2020-02-26 00:00:00,4.31,4.22,4.41,4.17,15.345,0.02148,78765671.0,335951973.0,-3.6529680365296837,4.38
HK.01055,中国南方航空股份,2020-02-27 00:00:00,4.22,4.26,4.27,4.12,15.49,0.00661,24233360.0,101887672.0,0.9478672985782,4.22
HK.01055,中国南方航空股份,2020-02-28 00:00:00,4.17,4.11,4.21,4.06,14.945,0.00932,34185228.0,140698312.0,-3.521126760563368,4.26
HK.01055,中国南方航空股份,2020-03-02 00:00:00,4.14,4.12,4.17,4.08,14.981,0.00591,21682000.0,89604820.0,0.24330900243308481,4.11
HK.01055,中国南方航空股份,2020-03-03 00:00:00,4.17,4.12,4.23,4.1,14.981,0.00681,24983194.0,103802085.0,0.0,4.12
HK.01055,中国南方航空股份,2020-03-04 00:00:00,4.16,4.18,4.21,4.11,15.2,0.00486,17803057.0,74257139.0,1.456310679611641,4.12
HK.01055,中国南方航空股份,2020-03-05 00:00:00,4.23,4.22,4.24,4.15,15.345,0.00589,21604250.0,90767710.0,0.956937799043063,4.18
HK.01055,中国南方航空股份,2020-03-06 00:00:00,4.18,4.11,4.18,4.05,14.945,0.008,29347043.0,119779549.0,-2.606635071090034,4.22
HK.01055,中国南方航空股份,2020-03-09 00:00:00,4.05,4.1,4.3,4.05,14.909,0.01246,45674000.0,190123278.0,-0.24330900243310644,4.11
HK.01055,中国南方航空股份,2020-03-10 00:00:00,4.18,4.29,4.32,4.06,15.6,0.00884,32420008.0,136571585.0,4.634146341463424,4.1
HK.01055,中国南方航空股份,2020-03-11 00:00:00,4.32,4.32,4.46,4.25,15.709,0.00842,30871076.0,134514732.0,0.6993006993007052,4.29
HK.01055,中国南方航空股份,2020-03-12 00:00:00,4.21,4.11,4.22,4.05,14.945,0.0125,45823600.0,187828764.0,-4.86111111111111,4.32
HK.01055,中国南方航空股份,2020-03-13 00:00:00,3.85,4.05,4.12,3.71,14.727,0.01716,62930000.0,244314980.0,-1.4598540145985521,4.11
HK.01055,中国南方航空股份,2020-03-16 00:00:00,4.0,3.87,4.06,3.8,14.072,0.01095,40131420.0,158134845.0,-4.4444444444444375,4.05
HK.01055,中国南方航空股份,2020-03-17 00:00:00,3.86,3.66,3.88,3.54,13.309,0.01386,50821021.0,185146995.0,-5.426356589147286,3.87
HK.01055,中国南方航空股份,2020-03-18 00:00:00,3.59,3.38,3.67,3.29,12.29,0.01428,52348445.0,180906488.0,-7.650273224043723,3.66
HK.01055,中国南方航空股份,2020-03-19 00:00:00,3.28,3.15,3.29,2.92,11.454,0.02082,76348000.0,232833470.0,-6.804733727810651,3.38
HK.01055,中国南方航空股份,2020-03-20 00:00:00,3.19,3.17,3.21,3.05,11.527,0.01534,56250588.0,176267439.0,0.6349206349206356,3.15
HK.01055,中国南方航空股份,2020-03-23 00:00:00,2.89,2.9,3.05,2.89,10.545,0.00988,36220066.0,107507816.0,-8.517350157728707,3.17
HK.01055,中国南方航空股份,2020-03-24 00:00:00,2.95,3.06,3.17,2.95,11.127,0.00857,31419189.0,96313543.0,5.51724137931035,2.9
HK.01055,中国南方航空股份,2020-03-25 00:00:00,3.29,3.32,3.48,3.25,12.072,0.01797,65885000.0,220861016.0,8.496732026143784,3.06
HK.01055,中国南方航空股份,2020-03-26 00:00:00,3.38,3.42,3.52,3.3,12.436,0.01002,36723000.0,126196794.0,3.012048192771087,3.32
HK.01055,中国南方航空股份,2020-03-27 00:00:00,3.57,3.35,3.57,3.32,12.181,0.00631,23143046.0,78493378.0,-2.0467836257309897,3.42
HK.01055,中国南方航空股份,2020-03-30 00:00:00,3.34,3.29,3.34,3.16,11.963,0.00771,28262825.0,91218669.0,-1.7910447761194044,3.35
HK.01055,中国南方航空股份,2020-03-31 00:00:00,3.34,3.33,3.38,3.26,12.109,0.00415,15216753.0,50415479.0,1.2158054711246211,3.29
HK.01055,中国南方航空股份,2020-04-01 00:00:00,3.3,3.25,3.46,3.22,13.713,0.00531,19471226.0,64876176.0,-2.4024024024024047,3.33
HK.01055,中国南方航空股份,2020-04-02 00:00:00,3.25,3.32,3.32,3.17,14.008,0.00235,8614290.0,28180143.0,2.153846153846149,3.25
HK.01055,中国南方航空股份,2020-04-03 00:00:00,3.32,3.29,3.33,3.23,13.881,0.00139,5086000.0,16662470.0,-0.9036144578313196,3.32
HK.01055,中国南方航空股份,2020-04-06 00:00:00,3.36,3.3,3.36,3.15,13.924,0.00359,13155053.0,42501778.0,0.30395136778114856,3.29
HK.01055,中国南方航空股份,2020-04-07 00:00:00,3.38,3.44,3.48,3.29,14.514,0.00779,28554828.0,97014397.0,4.242424242424246,3.3
HK.01055,中国南方航空股份,2020-04-08 00:00:00,3.42,3.41,3.49,3.37,14.388,0.00686,25143196.0,86086432.0,-0.8720930232558082,3.44
HK.01055,中国南方航空股份,2020-04-09 00:00:00,3.45,3.45,3.52,3.4,14.556,0.00796,29178000.0,100890032.0,1.1730205278592385,3.41
HK.01055,中国南方航空股份,2020-04-14 00:00:00,3.45,3.38,3.46,3.3,14.261,0.00672,24628000.0,82785484.0,-2.028985507246385,3.45
HK.01055,中国南方航空股份,2020-04-15 00:00:00,3.4,3.32,3.43,3.3,14.008,0.00539,19779851.0,66325287.0,-1.7751479289940846,3.38
HK.01055,中国南方航空股份,2020-04-16 00:00:00,3.3,3.26,3.34,3.22,14.424,0.00765,28056000.0,91352972.0,-1.8072289156626522,3.32
HK.01055,中国南方航空股份,2020-04-17 00:00:00,3.35,3.5,3.54,3.34,15.486,0.0155,66250496.0,228977156.0,7.361963190184056,3.26
HK.01055,中国南方航空股份,2020-04-20 00:00:00,3.56,3.6,3.71,3.54,15.929,0.00999,42722610.0,155129872.0,2.85714285714286,3.5
HK.01055,中国南方航空股份,2020-04-21 00:00:00,3.6,3.47,3.6,3.39,15.353,0.00679,29048715.0,100254207.0,-3.611111111111108,3.6
HK.01055,中国南方航空股份,2020-04-22 00:00:00,3.47,3.66,3.7,3.41,16.194,0.00848,36262176.0,130668171.0,5.475504322766569,3.47
HK.01055,中国南方航空股份,2020-04-23 00:00:00,3.73,3.74,3.83,3.67,16.548,0.00981,41939615.0,157919819.0,2.1857923497267775,3.66
HK.01055,中国南方航空股份,2020-04-24 00:00:00,3.78,3.71,3.78,3.65,16.415,0.0052,22220936.0,82204512.0,-0.8021390374331617,3.74
HK.01055,中国南方航空股份,2020-04-27 00:00:00,3.76,3.71,3.78,3.66,16.415,0.00343,14659591.0,54193190.0,0.0,3.71
HK.01055,中国南方航空股份,2020-04-28 00:00:00,3.75,3.83,3.86,3.7,16.946,0.00665,28428458.0,108194432.0,3.234501347708898,3.71
HK.01055,中国南方航空股份,2020-04-29 00:00:00,3.85,3.87,3.91,3.8,17.123,0.00409,17469282.0,67428290.0,1.044386422976502,3.83
HK.01055,中国南方航空股份,2020-05-04 00:00:00,3.79,3.63,3.79,3.53,16.061,0.00847,36202010.0,131525272.0,-6.201550387596905,3.87
HK.01055,中国南方航空股份,2020-05-05 00:00:00,3.6,3.64,3.69,3.55,16.106,0.00308,13180000.0,47689388.0,0.27548209366391824,3.63
HK.01055,中国南方航空股份,2020-05-06 00:00:00,3.65,3.5,3.67,3.5,15.486,0.00873,37307976.0,132117635.0,-3.8461538461538494,3.64
HK.01055,中国南方航空股份,2020-05-07 00:00:00,3.49,3.41,3.49,3.36,15.088,0.00686,29339000.0,99715350.0,-2.571428571428567,3.5
HK.01055,中国南方航空股份,2020-05-08 00:00:00,3.42,3.45,3.48,3.4,15.265,0.00496,21212948.0,73061845.0,1.1730205278592385,3.41
HK.01055,中国南方航空股份,2020-05-11 00:00:00,3.49,3.54,3.59,3.47,15.663,0.00503,21509000.0,76249874.0,2.6086956521739086,3.45
HK.01055,中国南方航空股份,2020-05-12 00:00:00,3.55,3.45,3.55,3.42,15.265,0.00393,16791944.0,57776039.0,-2.542372881355928,3.54
HK.01055,中国南方航空股份,2020-05-13 00:00:00,3.41,3.35,3.44,3.35,14.823,0.0065,27789000.0,94135020.0,-2.898550724637684,3.45
HK.01055,中国南方航空股份,2020-05-14 00:00:00,3.32,3.23,3.34,3.21,14.292,0.00633,27055900.0,88215966.0,-3.5820895522388088,3.35
HK.01055,中国南方航空股份,2020-05-15 00:00:00,3.24,3.3,3.32,3.13,14.601,0.00577,24660000.0,79900030.0,2.167182662538695,3.23
HK.01055,中国南方航空股份,2020-05-18 00:00:00,3.3,3.31,3.37,3.27,14.646,0.00377,16133956.0,53626225.0,0.30303030303031003,3.3
HK.01055,中国南方航空股份,2020-05-19 00:00:00,3.46,3.5,3.58,3.45,15.486,0.0108,46183739.0,162222482.0,5.740181268882173,3.31
HK.01055,中国南方航空股份,2020-05-20 00:00:00,3.54,3.51,3.59,3.5,15.53,0.00265,11334000.0,40105340.0,0.28571428571427965,3.5
HK.01055,中国南方航空股份,2020-05-21 00:00:00,3.56,3.42,3.57,3.38,15.132,0.00409,17466669.0,60041384.0,-2.5641025641025603,3.51
HK.01055,中国南方航空股份,2020-05-22 00:00:00,3.36,3.2,3.36,3.12,14.159,0.01339,57232050.0,183034635.0,-6.432748538011689,3.42
HK.01055,中国南方航空股份,2020-05-25 00:00:00,3.2,3.2,3.21,3.1,14.159,0.00417,17829000.0,56367390.0,0.0,3.2
HK.01055,中国南方航空股份,2020-05-26 00:00:00,3.26,3.25,3.3,3.22,14.38,0.00271,11566000.0,37760220.0,1.5624999999999944,3.2
HK.01055,中国南方航空股份,2020-05-27 00:00:00,3.29,3.35,3.35,3.25,14.823,0.0053,22665450.0,74892209.0,3.0769230769230793,3.25
HK.01055,中国南方航空股份,2020-05-28 00:00:00,3.34,3.26,3.34,3.21,14.424,0.00486,20794972.0,67812728.0,-2.6865671641791136,3.35
HK.01055,中国南方航空股份,2020-05-29 00:00:00,3.26,3.18,3.29,3.16,14.07,0.00543,23224162.0,74025398.0,-2.453987730061338,3.26
HK.01055,中国南方航空股份,2020-06-01 00:00:00,3.22,3.33,3.35,3.22,14.734,0.00349,14939827.0,49309659.0,4.716981132075468,3.18
HK.01055,中国南方航空股份,2020-06-02 00:00:00,3.38,3.32,3.42,3.32,14.69,0.0033,14091000.0,47325050.0,-0.30030030030030724,3.33
HK.01055,中国南方航空股份,2020-06-03 00:00:00,3.37,3.42,3.46,3.37,15.132,0.00397,16953516.0,58036226.0,3.012048192771087,3.32
HK.01055,中国南方航空股份,2020-06-04 00:00:00,3.45,3.45,3.47,3.35,15.265,0.00434,18573550.0,63578325.0,0.8771929824561476,3.42
HK.01055,中国南方航空股份,2020-06-05 00:00:00,3.55,3.82,3.84,3.55,16.902,0.01868,79870213.0,297901754.0,10.724637681159411,3.45
HK.01055,中国南方航空股份,2020-06-08 00:00:00,3.9,3.94,4.02,3.84,17.433,0.01946,83182719.0,327391071.0,3.141361256544505,3.82
HK.01055,中国南方航空股份,2020-06-09 00:00:00,4.1,4.13,4.15,4.02,18.274,0.01136,48546980.0,198611692.0,4.822335025380709,3.94
HK.01055,中国南方航空股份,2020-06-10 00:00:00,4.13,4.01,4.13,3.92,17.743,0.00761,32554600.0,129764118.0,-2.9055690072639253,4.13
HK.01055,中国南方航空股份,2020-06-11 00:00:00,3.93,3.8,3.96,3.77,16.814,0.00962,41140492.0,158390089.0,-5.236907730673316,4.01
HK.01055,中国南方航空股份,2020-06-12 00:00:00,3.65,3.72,3.79,3.6,16.46,0.01021,43666948.0,162038403.0,-2.105263157894727,3.8
HK.01055,中国南方航空股份,2020-06-15 00:00:00,3.65,3.54,3.72,3.5,15.663,0.00838,35832772.0,127922178.0,-4.8387096774193585,3.72
HK.01055,中国南方航空股份,2020-06-16 00:00:00,3.65,3.68,3.68,3.59,16.283,0.00475,20322746.0,74175986.0,3.9548022598870096,3.54
HK.01055,中国南方航空股份,2020-06-17 00:00:00,3.7,3.64,3.7,3.59,16.106,0.00275,11748067.0,42664678.0,-1.0869565217391313,3.68
HK.01055,中国南方航空股份,2020-06-18 00:00:00,3.65,3.67,3.71,3.55,16.238,0.00298,12754000.0,46601860.0,0.8241758241758188,3.64
HK.01055,中国南方航空股份,2020-06-19 00:00:00,3.71,3.67,3.73,3.63,19.315,0.00469,20032903.0,73641332.0,0.0,3.67
HK.01055,中国南方航空股份,2020-06-22 00:00:00,3.66,3.53,3.67,3.49,18.578,0.00775,33116340.0,117617165.0,-3.814713896457769,3.67
HK.01055,中国南方航空股份,2020-06-23 00:00:00,3.56,3.57,3.61,3.5,18.789,0.00207,8850035.0,31574548.0,1.133144475920681,3.53
HK.01055,中国南方航空股份,2020-06-24 00:00:00,3.57,3.52,3.63,3.51,18.526,0.00211,9006614.0,31854478.0,-1.4005602240896309,3.57
HK.01055,中国南方航空股份,2020-06-26 00:00:00,3.48,3.46,3.52,3.45,18.21,0.00235,10032929.0,34830187.0,-1.7045454545454561,3.52
HK.01055,中国南方航空股份,2020-06-29 00:00:00,3.46,3.41,3.5,3.35,17.947,0.00458,19582000.0,66462640.0,-1.445086705202307,3.46
HK.01055,中国南方航空股份,2020-06-30 00:00:00,3.47,3.43,3.52,3.38,18.052,0.00365,15595797.0,53849671.0,0.5865102639296192,3.41
HK.01055,中国南方航空股份,2020-07-02 00:00:00,3.44,3.57,3.62,3.41,18.789,0.00638,27264708.0,96374830.0,4.081632653061215,3.43
HK.01055,中国南方航空股份,2020-07-03 00:00:00,3.59,3.6,3.65,3.56,18.947,0.00443,18959466.0,68269642.0,0.8403361344537886,3.57
HK.01055,中国南方航空股份,2020-07-06 00:00:00,3.66,3.85,3.88,3.65,20.263,0.01018,43503068.0,165449705.0,6.944444444444445,3.6
HK.01055,中国南方航空股份,2020-07-07 00:00:00,3.98,3.74,4.12,3.7,19.684,0.01103,47173090.0,182071677.0,-2.857142857142854,3.85
HK.01055,中国南方航空股份,2020-07-08 00:00:00,3.76,3.78,3.79,3.63,19.894,0.00552,23599915.0,88138169.0,1.069518716577529,3.74
HK.01055,中国南方航空股份,2020-07-09 00:00:00,3.79,3.74,3.86,3.7,19.684,0.00845,36142830.0,135360627.0,-1.0582010582010475,3.78
HK.01055,中国南方航空股份,2020-07-10 00:00:00,3.69,3.64,3.73,3.61,19.157,0.00531,22711000.0,83121590.0,-2.6737967914438525,3.74
HK.01055,中国南方航空股份,2020-07-13 00:00:00,3.64,3.64,3.7,3.6,19.157,0.00417,17825021.0,64799736.0,0.0,3.64
HK.01055,中国南方航空股份,2020-07-14 00:00:00,3.66,3.57,3.66,3.52,18.789,0.00475,20292000.0,72376490.0,-1.923076923076931,3.64
HK.01055,中国南方航空股份,2020-07-15 00:00:00,3.63,3.64,3.79,3.62,19.157,0.00709,30327779.0,111581001.0,1.960784313725498,3.57
HK.01055,中国南方航空股份,2020-07-16 00:00:00,3.67,3.6,3.76,3.54,18.947,0.00789,33727567.0,123174956.0,-1.0989010989010999,3.64
HK.01055,中国南方航空股份,2020-07-17 00:00:00,3.6,3.56,3.62,3.5,18.736,0.00442,18901184.0,66817378.0,-1.111111111111112,3.6
HK.01055,中国南方航空股份,2020-07-20 00:00:00,3.58,3.6,3.6,3.49,18.947,0.00361,15446635.0,54849070.0,1.1235955056179785,3.56
HK.01055,中国南方航空股份,2020-07-21 00:00:00,3.62,3.64,3.68,3.6,19.157,0.00347,14834622.0,54017206.0,1.111111111111112,3.6
HK.01055,中国南方航空股份,2020-07-22 00:00:00,3.61,3.65,3.8,3.61,19.21,0.00841,35954789.0,133728964.0,0.27472527472526886,3.64
HK.01055,中国南方航空股份,2020-07-23 00:00:00,3.68,3.64,3.68,3.58,19.157,0.00252,10758581.0,39050539.0,-0.2739726027397202,3.65
HK.01055,中国南方航空股份,2020-07-24 00:00:00,3.62,3.56,3.69,3.5,18.736,0.00461,19689000.0,70186160.0,-2.1978021978021998,3.64
HK.01055,中国南方航空股份,2020-07-27 00:00:00,3.56,3.54,3.63,3.51,18.631,0.00248,10598880.0,37480213.0,-0.5617977528089892,3.56
HK.01055,中国南方航空股份,2020-07-28 00:00:00,3.6,3.58,3.6,3.54,18.842,0.00171,7305000.0,26034340.0,1.12994350282486,3.54
HK.01055,中国南方航空股份,2020-07-29 00:00:00,3.55,3.6,3.63,3.54,18.947,0.00321,13733468.0,49321718.0,0.5586592178770954,3.58
HK.01055,中国南方航空股份,2020-07-30 00:00:00,3.61,3.58,3.64,3.54,18.842,0.00221,9462584.0,33889995.0,-0.555555555555556,3.6
HK.01055,中国南方航空股份,2020-07-31 00:00:00,3.6,3.59,3.63,3.55,18.894,0.00261,11177611.0,40107683.0,0.27932960893854153,3.58
HK.01055,中国南方航空股份,2020-08-03 00:00:00,3.6,3.59,3.6,3.53,18.894,0.00419,17908178.0,63686293.0,0.0,3.59
HK.01055,中国南方航空股份,2020-08-04 00:00:00,3.6,3.66,3.71,3.58,19.263,0.00406,17349009.0,63176724.0,1.9498607242339914,3.59
HK.01055,中国南方航空股份,2020-08-05 00:00:00,3.66,3.65,3.68,3.62,19.21,0.00272,11642713.0,42437287.0,-0.2732240437158533,3.66
HK.01055,中国南方航空股份,2020-08-06 00:00:00,3.69,3.69,3.73,3.66,19.421,0.00309,13223042.0,48848164.0,1.0958904109589052,3.65
HK.01055,中国南方航空股份,2020-08-07 00:00:00,3.69,3.62,3.77,3.58,19.052,0.00617,26362617.0,96067133.0,-1.8970189701896976,3.69
HK.01055,中国南方航空股份,2020-08-10 00:00:00,3.62,3.58,3.64,3.56,18.842,0.00162,6913000.0,24807430.0,-1.1049723756906087,3.62
HK.01055,中国南方航空股份,2020-08-11 00:00:00,3.65,3.76,3.83,3.64,19.789,0.01015,43386306.0,163012928.0,5.027932960893847,3.58
HK.01055,中国南方航空股份,2020-08-12 00:00:00,3.77,3.9,3.95,3.77,20.526,0.01054,45070572.0,175415645.0,3.7234042553191524,3.76
HK.01055,中国南方航空股份,2020-08-13 00:00:00,3.94,3.87,4.0,3.85,20.368,0.00605,25863215.0,101077308.0,-0.7692307692307643,3.9
HK.01055,中国南方航空股份,2020-08-14 00:00:00,3.86,3.86,3.91,3.8,20.315,0.00244,10422318.0,40222432.0,-0.25839793281654344,3.87
HK.01055,中国南方航空股份,2020-08-17 00:00:00,3.9,3.86,3.9,3.82,20.315,0.0033,14114442.0,54482724.0,0.0,3.86
HK.01055,中国南方航空股份,2020-08-18 00:00:00,3.87,3.8,3.87,3.74,20.0,0.00412,17616000.0,66623586.0,-1.5544041450777215,3.86
HK.01055,中国南方航空股份,2020-08-19 00:00:00,3.81,3.8,3.86,3.73,20.0,0.00434,18552000.0,70668442.0,0.0,3.8
HK.01055,中国南方航空股份,2020-08-20 00:00:00,3.77,3.86,3.93,3.75,20.315,0.00372,15912568.0,61270336.0,1.578947368421054,3.8
HK.01055,中国南方航空股份,2020-08-21 00:00:00,3.86,3.89,3.9,3.81,20.473,0.00362,15481673.0,59764595.0,0.7772020725388666,3.86
HK.01055,中国南方航空股份,2020-08-24 00:00:00,3.9,3.85,3.92,3.82,20.263,0.00207,8843000.0,34105550.0,-1.0282776349614406,3.89
HK.01055,中国南方航空股份,2020-08-25 00:00:00,3.95,4.05,4.09,3.91,21.315,0.0117,50028000.0,201653842.0,5.194805194805188,3.85
HK.01055,中国南方航空股份,2020-08-26 00:00:00,4.05,4.0,4.09,3.99,21.052,0.00693,29618963.0,119194179.0,-1.2345679012345634,4.05
HK.01055,中国南方航空股份,2020-08-27 00:00:00,4.0,4.01,4.02,3.9,21.105,0.00327,13985674.0,55362579.0,0.24999999999999467,4.0
HK.01055,中国南方航空股份,2020-08-28 00:00:00,4.04,4.02,4.08,4.0,21.157,0.00309,13202890.0,53265858.0,0.24937655860348598,4.01
HK.01055,中国南方航空股份,2020-08-31 00:00:00,4.13,4.09,4.25,4.09,21.526,0.00987,42216494.0,176359381.0,1.7412935323383159,4.02
HK.01055,中国南方航空股份,2020-09-01 00:00:00,4.08,4.16,4.2,4.06,21.894,0.00422,18039687.0,75039860.0,1.711491442542794,4.09
HK.01055,中国南方航空股份,2020-09-02 00:00:00,4.17,4.16,4.23,4.09,21.894,0.00433,18505447.0,76669889.0,0.0,4.16
HK.01055,中国南方航空股份,2020-09-03 00:00:00,4.19,4.26,4.36,4.1,22.421,0.0086,36781620.0,157462545.0,2.4038461538461453,4.16
HK.01055,中国南方航空股份,2020-09-04 00:00:00,4.15,4.31,4.36,4.09,22.684,0.00884,37801528.0,160217555.0,1.1737089201877893,4.26
HK.01055,中国南方航空股份,2020-09-07 00:00:00,4.33,4.62,4.62,4.33,24.315,0.01682,71914795.0,326704186.0,7.1925754060324945,4.31
HK.01055,中国南方航空股份,2020-09-08 00:00:00,4.65,4.63,4.67,4.37,24.368,0.01258,53787629.0,244668155.0,0.2164502164502118,4.62
HK.01055,中国南方航空股份,2020-09-09 00:00:00,4.63,4.8,4.8,4.56,25.263,0.01543,65957178.0,311953448.0,3.6717062634989186,4.63
HK.01055,中国南方航空股份,2020-09-10 00:00:00,4.86,4.63,4.9,4.62,24.368,0.00809,34603456.0,162869259.0,-3.541666666666665,4.8
HK.01055,中国南方航空股份,2020-09-11 00:00:00,4.6,4.57,4.63,4.49,24.052,0.00678,28982858.0,131786530.0,-1.2958963282937281,4.63
HK.01055,中国南方航空股份,2020-09-14 00:00:00,4.62,4.71,4.77,4.62,24.789,0.00698,29855551.0,140083660.0,3.0634573304157477,4.57
HK.01055,中国南方航空股份,2020-09-15 00:00:00,4.73,4.84,4.9,4.65,25.473,0.00725,30984910.0,149633079.0,2.760084925690019,4.71
HK.01055,中国南方航空股份,2020-09-16 00:00:00,4.89,4.86,5.0,4.83,25.578,0.00869,37143301.0,182920194.0,0.41322314049587733,4.84
HK.01055,中国南方航空股份,2020-09-17 00:00:00,4.89,4.8,4.95,4.76,25.263,0.00417,17829397.0,85811790.0,-1.234567901234578,4.86
HK.01055,中国南方航空股份,2020-09-18 00:00:00,4.77,4.79,4.9,4.71,25.21,0.00443,18945529.0,90868180.0,-0.2083333333333289,4.8
HK.01055,中国南方航空股份,2020-09-21 00:00:00,4.84,4.55,4.85,4.53,23.947,0.0077,32925789.0,152082413.0,-5.0104384133611735,4.79
HK.01055,中国南方航空股份,2020-09-22 00:00:00,4.51,4.31,4.51,4.28,22.684,0.01289,55088323.0,239221405.0,-5.27472527472528,4.55
HK.01055,中国南方航空股份,2020-09-23 00:00:00,4.31,4.26,4.38,4.21,22.421,0.00493,21057451.0,89589945.0,-1.16009280742459,4.31
HK.01055,中国南方航空股份,2020-09-24 00:00:00,4.23,4.04,4.23,4.02,21.263,0.00884,37786378.0,154383715.0,-5.164319248826286,4.26
HK.01055,中国南方航空股份,2020-09-25 00:00:00,4.03,3.93,4.13,3.92,20.684,0.0055,23506800.0,93981753.0,-2.72277227722772,4.04
HK.01055,中国南方航空股份,2020-09-28 00:00:00,4.0,4.19,4.23,3.99,22.052,0.00514,21992000.0,91016180.0,6.615776081424942,3.93
HK.01055,中国南方航空股份,2020-09-29 00:00:00,4.28,4.12,4.35,4.05,21.684,0.00435,18580125.0,77732156.0,-1.670644391408121,4.19
HK.01055,中国南方航空股份,2020-09-30 00:00:00,4.17,4.18,4.22,4.13,22.0,0.00207,8844000.0,36945420.0,1.456310679611641,4.12
HK.01055,中国南方航空股份,2020-10-05 00:00:00,4.22,4.15,4.3,4.13,21.842,0.00171,7296000.0,30490170.0,-0.7177033492822814,4.18
HK.01055,中国南方航空股份,2020-10-06 00:00:00,4.16,4.31,4.32,4.16,22.684,0.0024,10260000.0,43807690.0,3.8554216867469697,4.15
HK.01055,中国南方航空股份,2020-10-07 00:00:00,4.21,4.28,4.31,4.21,22.526,0.00162,6941704.0,29678643.0,-0.6960556844547416,4.31
HK.01055,中国南方航空股份,2020-10-08 00:00:00,4.31,4.4,4.43,4.26,23.157,0.00245,10489610.0,45626646.0,2.803738317757012,4.28
HK.01055,中国南方航空股份,2020-10-09 00:00:00,4.44,4.28,4.45,4.21,22.526,0.00429,18349132.0,78611206.0,-2.7272727272727297,4.4
HK.01055,中国南方航空股份,2020-10-12 00:00:00,4.28,4.21,4.28,4.17,22.157,0.00327,13987029.0,59140831.0,-1.6355140186915953,4.28
HK.01055,中国南方航空股份,2020-10-14 00:00:00,4.26,4.19,4.27,4.15,22.052,0.00305,13037901.0,54609591.0,-0.4750593824227927,4.21
HK.01055,中国南方航空股份,2020-10-15 00:00:00,4.17,4.11,4.18,4.1,21.631,0.00258,11021206.0,45519950.0,-1.9093078758949895,4.19
HK.01055,中国南方航空股份,2020-10-16 00:00:00,4.13,4.15,4.17,4.13,21.842,0.00147,6272706.0,26082768.0,0.9732360097323608,4.11
HK.01055,中国南方航空股份,2020-10-19 00:00:00,4.15,4.21,4.26,4.15,22.157,0.00286,12225773.0,51413529.0,1.445783132530111,4.15
HK.01055,中国南方航空股份,2020-10-20 00:00:00,4.21,4.23,4.24,4.16,22.263,0.00155,6630533.0,27874976.0,0.4750593824228138,4.21
HK.01055,中国南方航空股份,2020-10-21 00:00:00,4.23,4.35,4.39,4.22,22.894,0.00487,20804764.0,90487826.0,2.8368794326240945,4.23
HK.01055,中国南方航空股份,2020-10-22 00:00:00,4.41,4.37,4.41,4.27,23.0,0.00232,9903101.0,42823084.0,0.4597701149425394,4.35
HK.01055,中国南方航空股份,2020-10-23 00:00:00,4.36,4.5,4.52,4.36,23.684,0.00456,19476968.0,87035444.0,2.9748283752860387,4.37
HK.01055,中国南方航空股份,2020-10-27 00:00:00,4.4,4.27,4.43,4.24,22.473,0.00424,18133728.0,78036895.0,-5.1111111111111205,4.5
HK.01055,中国南方航空股份,2020-10-28 00:00:00,4.29,4.13,4.29,4.09,21.736,0.00575,24597910.0,101852863.0,-3.2786885245901565,4.27
HK.01055,中国南方航空股份,2020-10-29 00:00:00,4.05,4.09,4.13,4.01,21.526,0.0023,9848957.0,40217243.0,-0.9685230024213084,4.13
HK.01055,中国南方航空股份,2020-10-30 00:00:00,4.1,4.05,4.14,3.98,21.315,0.00291,12450608.0,50421449.0,-0.9779951100244507,4.09
HK.01055,中国南方航空股份,2020-11-02 00:00:00,4.0,4.08,4.09,4.0,21.473,0.00225,9624532.0,39016050.0,0.7407407407407469,4.05
HK.01055,中国南方航空股份,2020-11-03 00:00:00,4.11,4.26,4.27,4.11,22.421,0.00349,14937851.0,62957954.0,4.411764705882345,4.08
HK.01055,中国南方航空股份,2020-11-04 00:00:00,4.26,4.3,4.32,4.21,22.631,0.00523,22365329.0,95988791.0,0.9389671361502356,4.26
HK.01055,中国南方航空股份,2020-11-05 00:00:00,4.36,4.33,4.37,4.26,22.789,0.00206,8804840.0,38018486.0,0.697674418604657,4.3
HK.01055,中国南方航空股份,2020-11-06 00:00:00,4.38,4.43,4.48,4.38,23.315,0.00551,23558337.0,104430812.0,2.3094688221708926,4.33
HK.01055,中国南方航空股份,2020-11-09 00:00:00,4.5,4.57,4.72,4.49,24.052,0.00668,28546000.0,131607530.0,3.160270880361187,4.43
HK.01055,中国南方航空股份,2020-11-10 00:00:00,4.98,4.85,4.98,4.8,25.526,0.02202,94148247.0,458956490.0,6.1269146608314955,4.57
HK.01055,中国南方航空股份,2020-11-11 00:00:00,4.89,4.85,4.94,4.67,25.526,0.01197,51185626.0,246919492.0,0.0,4.85
HK.01055,中国南方航空股份,2020-11-12 00:00:00,4.79,4.66,4.8,4.61,24.526,0.00622,26601000.0,124113858.0,-3.9175257731958664,4.85
HK.01055,中国南方航空股份,2020-11-13 00:00:00,4.53,4.59,4.64,4.53,24.157,0.0033,14126995.0,65037877.0,-1.5021459227467873,4.66
HK.01055,中国南方航空股份,2020-11-16 00:00:00,4.62,4.71,4.76,4.62,24.789,0.00357,15279706.0,71918419.0,2.614379084967323,4.59
HK.01055,中国南方航空股份,2020-11-17 00:00:00,4.82,4.87,4.89,4.74,25.631,0.00594,25401000.0,122873470.0,3.3970276008492597,4.71
HK.01055,中国南方航空股份,2020-11-18 00:00:00,4.87,4.87,4.9,4.8,25.631,0.00422,18045101.0,87652922.0,0.0,4.87
HK.01055,中国南方航空股份,2020-11-19 00:00:00,4.88,4.89,4.95,4.81,25.736,0.00366,15633483.0,76575786.0,0.41067761806980646,4.87
HK.01055,中国南方航空股份,2020-11-20 00:00:00,4.91,4.87,4.95,4.82,25.631,0.00226,9657179.0,47059081.0,-0.40899795501021624,4.89
HK.01055,中国南方航空股份,2020-11-23 00:00:00,4.78,4.7,4.78,4.61,24.736,0.00629,26895670.0,125979661.0,-3.4907597535934274,4.87
HK.01055,中国南方航空股份,2020-11-24 00:00:00,4.75,4.91,4.91,4.74,25.842,0.00347,14818358.0,71987302.0,4.468085106382977,4.7
HK.01055,中国南方航空股份,2020-11-25 00:00:00,4.98,4.89,5.05,4.82,25.736,0.00476,20336373.0,100344040.0,-0.4073319755600909,4.91
HK.01055,中国南方航空股份,2020-11-26 00:00:00,4.89,4.84,4.89,4.75,25.473,0.00355,15169337.0,72910041.0,-1.0224948875255588,4.89
HK.01055,中国南方航空股份,2020-11-27 00:00:00,4.84,4.84,4.89,4.77,25.473,0.00273,11684758.0,56353805.0,0.0,4.84
HK.01055,中国南方航空股份,2020-11-30 00:00:00,4.83,4.76,4.95,4.73,25.052,0.00509,21777708.0,104993404.0,-1.6528925619834725,4.84
HK.01055,中国南方航空股份,2020-12-01 00:00:00,4.79,4.93,4.98,4.78,25.947,0.00421,17981288.0,88286176.0,3.57142857142857,4.76
HK.01055,中国南方航空股份,2020-12-02 00:00:00,4.93,4.91,4.98,4.88,25.842,0.00277,11830000.0,58302910.0,-0.40567951318457557,4.93
HK.01055,中国南方航空股份,2020-12-03 00:00:00,4.95,5.14,5.14,4.9,27.052,0.00989,42274407.0,214637218.0,4.684317718940927,4.91
HK.01055,中国南方航空股份,2020-12-04 00:00:00,5.19,5.12,5.23,5.02,26.947,0.00503,21509384.0,110313539.0,-0.3891050583657505,5.14
HK.01055,中国南方航空股份,2020-12-07 00:00:00,5.17,5.0,5.17,4.87,26.315,0.00522,22298282.0,110553171.0,-2.343750000000002,5.12
HK.01055,中国南方航空股份,2020-12-08 00:00:00,5.02,4.92,5.05,4.9,25.894,0.00229,9794455.0,48512681.0,-1.6000000000000014,5.0
HK.01055,中国南方航空股份,2020-12-09 00:00:00,4.92,4.87,4.98,4.86,25.631,0.00241,10310292.0,50718039.0,-1.0162601626016223,4.92
HK.01055,中国南方航空股份,2020-12-10 00:00:00,4.88,4.85,4.94,4.82,25.526,0.0015,6433741.0,31279123.0,-0.41067761806982467,4.87
HK.01055,中国南方航空股份,2020-12-11 00:00:00,4.9,4.95,4.96,4.84,26.052,0.00344,14711272.0,72353701.0,2.0618556701031037,4.85
HK.01055,中国南方航空股份,2020-12-14 00:00:00,4.96,4.83,4.96,4.82,25.421,0.00284,12128695.0,59038689.0,-2.4242424242424265,4.95
HK.01055,中国南方航空股份,2020-12-15 00:00:00,4.87,4.8,4.89,4.62,25.263,0.0034,14521427.0,69061120.0,-0.6211180124223654,4.83
HK.01055,中国南方航空股份,2020-12-16 00:00:00,4.8,4.85,4.9,4.77,25.526,0.00164,7005177.0,33831042.0,1.041666666666663,4.8
HK.01055,中国南方航空股份,2020-12-17 00:00:00,4.81,4.9,4.92,4.81,25.789,0.00155,6611859.0,32255813.0,1.0309278350515612,4.85
HK.01055,中国南方航空股份,2020-12-18 00:00:00,4.94,4.82,4.94,4.82,25.368,0.00205,8780000.0,42641060.0,-1.632653061224491,4.9
HK.01055,中国南方航空股份,2020-12-21 00:00:00,4.82,4.68,4.86,4.67,24.631,0.00422,18044812.0,85027514.0,-2.9045643153527085,4.82
HK.01055,中国南方航空股份,2020-12-22 00:00:00,4.7,4.54,4.73,4.5,23.894,0.00377,16136410.0,73878714.0,-2.991452991452985,4.68
HK.01055,中国南方航空股份,2020-12-23 00:00:00,4.55,4.51,4.59,4.46,23.736,0.0024,10248305.0,46456984.0,-0.6607929515418557,4.54
HK.01055,中国南方航空股份,2020-12-24 00:00:00,4.55,4.65,4.67,4.54,24.473,0.00097,4130000.0,19109380.0,3.104212860310434,4.51
HK.01055,中国南方航空股份,2020-12-28 00:00:00,4.56,4.49,4.66,4.49,23.631,0.0034,14517000.0,65964700.0,-3.440860215053766,4.65
HK.01055,中国南方航空股份,2020-12-29 00:00:00,4.55,4.65,4.65,4.53,24.473,0.0016,6831000.0,31508960.0,3.563474387527843,4.49
HK.01055,中国南方航空股份,2020-12-30 00:00:00,4.64,4.54,4.64,4.45,23.894,0.00429,18342327.0,82946288.0,-2.365591397849469,4.65
HK.01055,中国南方航空股份,2020-12-31 00:00:00,4.55,4.62,4.62,4.5,24.315,0.00153,6532192.0,30018512.0,1.7621145374449354,4.54
HK.01055,中国南方航空股份,2021-01-04 00:00:00,4.62,4.75,4.75,4.56,25.0,0.00374,15996000.0,74656700.0,2.8138528138528116,4.62
HK.01055,中国南方航空股份,2021-01-05 00:00:00,4.72,4.68,4.73,4.65,24.631,0.00326,13943746.0,65321811.0,-1.473684210526322,4.75
HK.01055,中国南方航空股份,2021-01-06 00:00:00,4.65,4.61,4.68,4.56,24.263,0.00331,14135291.0,65017651.0,-1.4957264957264829,4.68
HK.01055,中国南方航空股份,2021-01-07 00:00:00,4.61,4.56,4.63,4.48,24.0,0.0039,16660657.0,75710449.0,-1.084598698481577,4.61
HK.01055,中国南方航空股份,2021-01-08 00:00:00,4.56,4.43,4.6,4.41,23.315,0.00645,27554082.0,122328556.0,-2.8508771929824537,4.56
HK.01055,中国南方航空股份,2021-01-11 00:00:00,4.43,4.24,4.45,4.23,22.315,0.00763,32605380.0,140191179.0,-4.2889390519187245,4.43
HK.01055,中国南方航空股份,2021-01-12 00:00:00,4.24,4.29,4.36,4.23,22.578,0.00496,21209542.0,91095708.0,1.1792452830188638,4.24
HK.01055,中国南方航空股份,2021-01-13 00:00:00,4.32,4.44,4.44,4.27,23.368,0.00506,21630000.0,94747610.0,3.496503496503505,4.29
HK.01055,中国南方航空股份,2021-01-14 00:00:00,4.42,4.38,4.43,4.34,23.052,0.00346,14770673.0,64580863.0,-1.3513513513513624,4.44
HK.01055,中国南方航空股份,2021-01-15 00:00:00,4.38,4.32,4.38,4.27,22.736,0.00405,17308124.0,74448057.0,-1.3698630136986212,4.38
HK.01055,中国南方航空股份,2021-01-18 00:00:00,4.32,4.35,4.37,4.26,22.894,0.00339,14476250.0,62699695.0,0.6944444444444295,4.32
HK.01055,中国南方航空股份,2021-01-19 00:00:00,4.39,4.59,4.59,4.36,24.157,0.00645,27568994.0,125088918.0,5.5172413793103505,4.35
HK.01055,中国南方航空股份,2021-01-20 00:00:00,4.59,4.47,4.59,4.41,23.526,0.00503,21500885.0,96533190.0,-2.614379084967323,4.59
HK.01055,中国南方航空股份,2021-01-21 00:00:00,4.47,4.39,4.49,4.39,23.105,0.00438,18724837.0,82928093.0,-1.7897091722595095,4.47
HK.01055,中国南方航空股份,2021-01-22 00:00:00,4.48,4.2,4.48,4.18,22.105,0.0092,39338736.0,167101131.0,-4.328018223234613,4.39
HK.01055,中国南方航空股份,2021-01-25 00:00:00,4.26,4.23,4.26,4.15,22.263,0.00419,17920642.0,75229314.0,0.7142857142857202,4.2
HK.01055,中国南方航空股份,2021-01-26 00:00:00,4.24,4.2,4.24,4.16,22.105,0.00327,13967982.0,58591407.0,-0.7092198581560342,4.23
HK.01055,中国南方航空股份,2021-01-27 00:00:00,4.2,4.26,4.27,4.17,22.421,0.00276,11819196.0,49954980.0,1.428571428571419,4.2
HK.01055,中国南方航空股份,2021-01-28 00:00:00,4.2,4.15,4.23,4.14,21.842,0.00332,14174738.0,59287978.0,-2.582159624413132,4.26
HK.01055,中国南方航空股份,2021-01-29 00:00:00,4.17,4.33,4.45,4.17,22.789,0.00716,30612950.0,132838640.0,4.337349397590354,4.15
HK.01055,中国南方航空股份,2021-02-01 00:00:00,4.3,4.43,4.55,4.22,23.315,0.00769,32872682.0,145373937.0,2.3094688221708926,4.33
HK.01055,中国南方航空股份,2021-02-02 00:00:00,4.51,4.44,4.52,4.36,23.368,0.00335,14318991.0,63692114.0,0.22573363431152765,4.43
HK.01055,中国南方航空股份,2021-02-03 00:00:00,4.45,4.48,4.51,4.41,23.578,0.00215,9177555.0,41060201.0,0.9009009009009016,4.44
HK.01055,中国南方航空股份,2021-02-04 00:00:00,4.48,4.38,4.52,4.33,23.052,0.00251,10731618.0,47379771.0,-2.232142857142869,4.48
HK.01055,中国南方航空股份,2021-02-05 00:00:00,4.38,4.67,4.68,4.36,24.578,0.01408,60192771.0,275405682.0,6.621004566210047,4.38
HK.01055,中国南方航空股份,2021-02-08 00:00:00,4.69,4.82,4.98,4.68,25.368,0.0131,56000000.0,272695550.0,3.211991434689515,4.67
HK.01055,中国南方航空股份,2021-02-09 00:00:00,4.85,5.0,5.0,4.85,26.315,0.00784,33510847.0,165659944.0,3.73443983402489,4.82
HK.01055,中国南方航空股份,2021-02-10 00:00:00,4.95,4.92,5.0,4.85,25.894,0.0059,25238423.0,124157482.0,-1.6000000000000014,5.0
HK.01055,中国南方航空股份,2021-02-11 00:00:00,4.95,4.91,4.98,4.9,25.842,0.00151,6468558.0,31922751.0,-0.2032520325203209,4.92
HK.01055,中国南方航空股份,2021-02-16 00:00:00,4.99,5.04,5.1,4.98,26.526,0.00536,22911882.0,115593867.0,2.647657841140527,4.91
HK.01055,中国南方航空股份,2021-02-17 00:00:00,5.04,5.03,5.1,4.98,26.473,0.00495,21174024.0,106757155.0,-0.19841269841269418,5.04
HK.01055,中国南方航空股份,2021-02-18 00:00:00,4.92,5.09,5.28,4.88,26.789,0.00928,39678534.0,202077859.0,1.1928429423459166,5.03
HK.01055,中国南方航空股份,2021-02-19 00:00:00,5.1,5.17,5.25,5.05,27.21,0.00558,23850704.0,123725562.0,1.5717092337917498,5.09
HK.01055,中国南方航空股份,2021-02-22 00:00:00,5.17,5.1,5.3,5.1,26.842,0.00555,23726414.0,123359193.0,-1.3539651837524234,5.17
HK.01055,中国南方航空股份,2021-02-23 00:00:00,5.25,5.85,5.89,5.19,30.789,0.02694,115193426.0,650983715.0,14.705882352941178,5.1
HK.01055,中国南方航空股份,2021-02-24 00:00:00,5.83,5.73,5.99,5.5,30.157,0.01464,62600132.0,356295789.0,-2.051282051282038,5.85
HK.01055,中国南方航空股份,2021-02-25 00:00:00,5.8,5.6,5.93,5.55,29.473,0.00849,36307682.0,207338103.0,-2.2687609075043764,5.73
HK.01055,中国南方航空股份,2021-02-26 00:00:00,5.4,5.3,5.57,5.23,27.894,0.01424,60874850.0,328488171.0,-5.357142857142854,5.6
HK.01055,中国南方航空股份,2021-03-01 00:00:00,5.35,5.35,5.49,5.32,28.157,0.00432,18456649.0,99331680.0,0.943396226415091,5.3
HK.01055,中国南方航空股份,2021-03-02 00:00:00,5.55,5.23,5.57,5.15,27.526,0.00616,26317613.0,139141373.0,-2.242990654205593,5.35
HK.01055,中国南方航空股份,2021-03-03 00:00:00,5.31,5.56,5.68,5.23,29.263,0.00781,33398589.0,185402258.0,6.309751434034401,5.23
HK.01055,中国南方航空股份,2021-03-04 00:00:00,5.55,5.6,5.64,5.5,29.473,0.00398,17007196.0,94833029.0,0.7194244604316554,5.56
HK.01055,中国南方航空股份,2021-03-05 00:00:00,5.5,5.3,5.5,5.25,27.894,0.00618,26399511.0,140730759.0,-5.357142857142854,5.6
HK.01055,中国南方航空股份,2021-03-08 00:00:00,5.4,5.02,5.4,4.99,26.421,0.00419,17923120.0,91839026.0,-5.283018867924533,5.3
HK.01055,中国南方航空股份,2021-03-09 00:00:00,5.11,5.14,5.32,5.07,27.052,0.00547,23390246.0,121427173.0,2.3904382470119545,5.02
HK.01055,中国南方航空股份,2021-03-10 00:00:00,5.14,5.17,5.26,5.08,27.21,0.00327,13981072.0,72339216.0,0.5836575875486429,5.14
HK.01055,中国南方航空股份,2021-03-11 00:00:00,5.26,5.55,5.64,5.26,29.21,0.00761,32534930.0,179584294.0,7.350096711798837,5.17
HK.01055,中国南方航空股份,2021-03-12 00:00:00,5.59,5.61,5.69,5.49,29.526,0.00577,24663115.0,138447503.0,1.0810810810810902,5.55
HK.01055,中国南方航空股份,2021-03-15 00:00:00,5.63,6.14,6.19,5.63,32.315,0.01354,57897373.0,348765264.0,9.447415329768258,5.61
HK.01055,中国南方航空股份,2021-03-16 00:00:00,6.24,6.2,6.3,6.02,32.631,0.00764,32679488.0,200421722.0,0.977198697068412,6.14
HK.01055,中国南方航空股份,2021-03-17 00:00:00,6.1,6.03,6.19,5.99,31.736,0.00567,24251061.0,146632725.0,-2.741935483870966,6.2
HK.01055,中国南方航空股份,2021-03-18 00:00:00,6.09,6.17,6.28,5.96,32.473,0.00786,33614647.0,206225250.0,2.321724709784406,6.03
HK.01055,中国南方航空股份,2021-03-19 00:00:00,6.09,5.97,6.09,5.86,31.421,0.00596,25499855.0,151807644.0,-3.2414910858995163,6.17
HK.01055,中国南方航空股份,2021-03-22 00:00:00,5.91,6.03,6.2,5.91,31.736,0.00358,15305000.0,93289680.0,1.005025125628149,5.97
HK.01055,中国南方航空股份,2021-03-23 00:00:00,6.01,5.94,6.14,5.87,31.263,0.00419,17927062.0,107003205.0,-1.4925373134328335,6.03
HK.01055,中国南方航空股份,2021-03-24 00:00:00,5.91,5.5,5.92,5.45,28.947,0.00788,33699615.0,188004780.0,-7.407407407407414,5.94
HK.01055,中国南方航空股份,2021-03-25 00:00:00,5.39,5.55,5.68,5.37,29.21,0.00329,14082436.0,78185335.0,0.909090909090906,5.5
HK.01055,中国南方航空股份,2021-03-26 00:00:00,5.58,5.67,5.88,5.58,29.842,0.004,17082796.0,97975716.0,2.162162162162164,5.55
HK.01055,中国南方航空股份,2021-03-29 00:00:00,5.78,5.83,5.88,5.7,30.684,0.00243,10385196.0,60371948.0,2.8218694885361577,5.67
HK.01055,中国南方航空股份,2021-03-30 00:00:00,5.85,5.79,5.9,5.68,30.473,0.00213,9092536.0,52582575.0,-0.6861063464837056,5.83
HK.01055,中国南方航空股份,2021-03-31 00:00:00,5.83,5.76,5.85,5.7,0.0,0.00171,7316933.0,42255628.0,-0.518134715025911,5.79
HK.01055,中国南方航空股份,2021-04-01 00:00:00,5.84,5.7,5.87,5.6,0.0,0.00298,12748634.0,72377259.0,-1.0416666666666599,5.76
HK.01055,中国南方航空股份,2021-04-07 00:00:00,5.68,5.76,5.83,5.66,0.0,0.00363,15507200.0,89233046.0,1.0526315789473615,5.7
HK.01055,中国南方航空股份,2021-04-08 00:00:00,5.74,5.85,5.89,5.7,0.0,0.00248,10597510.0,61604621.0,1.5624999999999976,5.76
HK.01055,中国南方航空股份,2021-04-09 00:00:00,5.9,5.71,5.92,5.66,0.0,0.00286,12244713.0,70237305.0,-2.3931623931623878,5.85
HK.01055,中国南方航空股份,2021-04-12 00:00:00,5.72,5.55,5.73,5.48,0.0,0.0038,16229794.0,89853165.0,-2.802101576182139,5.71
HK.01055,中国南方航空股份,2021-04-13 00:00:00,5.57,5.5,5.6,5.43,0.0,0.00251,10710767.0,58837803.0,-0.9009009009008978,5.55
HK.01055,中国南方航空股份,2021-04-14 00:00:00,5.5,5.52,5.66,5.5,0.0,0.00167,7142876.0,39662052.0,0.3636363636363559,5.5
HK.01055,中国南方航空股份,2021-04-15 00:00:00,5.52,5.51,5.56,5.45,0.0,0.00125,5345388.0,29376184.0,-0.18115942028985121,5.52
HK.01055,中国南方航空股份,2021-04-16 00:00:00,5.52,5.59,5.66,5.48,0.0,0.00211,9014000.0,50278322.0,1.4519056261343026,5.51
HK.01055,中国南方航空股份,2021-04-19 00:00:00,5.72,5.77,5.79,5.64,0.0,0.00296,12638350.0,72615214.0,3.220035778175308,5.59
HK.01055,中国南方航空股份,2021-04-20 00:00:00,5.77,5.7,5.77,5.66,0.0,0.00141,6031826.0,34336695.0,-1.2131715771230398,5.77
HK.01055,中国南方航空股份,2021-04-21 00:00:00,5.65,5.52,5.65,5.51,0.0,0.00273,11686448.0,64728630.0,-3.157894736842116,5.7
HK.01055,中国南方航空股份,2021-04-22 00:00:00,5.57,5.52,5.59,5.51,0.0,0.0017,7272622.0,40226141.0,0.0,5.52
HK.01055,中国南方航空股份,2021-04-23 00:00:00,5.52,5.52,5.58,5.5,0.0,0.00246,10534513.0,58095805.0,0.0,5.52
HK.01055,中国南方航空股份,2021-04-26 00:00:00,5.58,5.55,5.62,5.51,0.0,0.00268,11445874.0,63663409.0,0.5434782608695699,5.52
HK.01055,中国南方航空股份,2021-04-27 00:00:00,5.55,5.43,5.55,5.38,0.0,0.00314,13423537.0,72796486.0,-2.162162162162164,5.55
HK.01055,中国南方航空股份,2021-04-28 00:00:00,5.46,5.42,5.49,5.36,0.0,0.00351,14998260.0,80981203.0,-0.18416206261509738,5.43
HK.01055,中国南方航空股份,2021-04-29 00:00:00,5.42,5.35,5.42,5.3,0.0,0.00375,16013851.0,85589593.0,-1.2915129151291564,5.42
HK.01055,中国南方航空股份,2021-04-30 00:00:00,5.37,5.28,5.38,5.19,0.0,0.00222,9486000.0,49844180.0,-1.3084112149532598,5.35
HK.01055,中国南方航空股份,2021-05-03 00:00:00,5.3,5.19,5.3,5.13,0.0,0.00206,8825576.0,45512604.0,-1.7045454545454517,5.28
HK.01055,中国南方航空股份,2021-05-04 00:00:00,5.22,5.25,5.27,5.15,0.0,0.00099,4248000.0,22191760.0,1.156069364161842,5.19
HK.01055,中国南方航空股份,2021-05-05 00:00:00,5.22,5.2,5.27,5.16,0.0,0.0008,3429592.0,17855737.0,-0.952380952380949,5.25
HK.01055,中国南方航空股份,2021-05-06 00:00:00,5.31,5.2,5.31,5.09,0.0,0.00178,7592716.0,39314816.0,0.0,5.2
HK.01055,中国南方航空股份,2021-05-07 00:00:00,5.2,5.18,5.34,5.11,0.0,0.00313,13378647.0,69873983.0,-0.38461538461539346,5.2
HK.01055,中国南方航空股份,2021-05-10 00:00:00,5.19,5.2,5.25,5.11,0.0,0.00158,6763000.0,35044914.0,0.38610038610039504,5.18
HK.01055,中国南方航空股份,2021-05-11 00:00:00,5.2,5.21,5.29,5.06,0.0,0.00488,20845127.0,108292885.0,0.1923076923076882,5.2
HK.01055,中国南方航空股份,2021-05-12 00:00:00,5.2,5.19,5.28,5.17,0.0,0.00266,11359656.0,59267741.0,-0.38387715930901295,5.21
HK.01055,中国南方航空股份,2021-05-13 00:00:00,5.14,5.07,5.15,5.0,0.0,0.00234,9985231.0,50538915.0,-2.3121387283237014,5.19
HK.01055,中国南方航空股份,2021-05-14 00:00:00,5.07,5.14,5.19,5.01,0.0,0.00242,10328000.0,52943860.0,1.3806706114398302,5.07
HK.01055,中国南方航空股份,2021-05-17 00:00:00,5.16,5.18,5.26,5.06,0.0,0.00258,11012027.0,57153924.0,0.7782101167315182,5.14
HK.01055,中国南方航空股份,2021-05-18 00:00:00,5.24,5.44,5.46,5.18,0.0,0.00355,15183036.0,81889273.0,5.019305019305033,5.18
HK.01055,中国南方航空股份,2021-05-20 00:00:00,5.37,5.43,5.48,5.3,0.0,0.00232,9923840.0,53516798.0,-0.1838235294117771,5.44
HK.01055,中国南方航空股份,2021-05-21 00:00:00,5.42,5.44,5.53,5.37,0.0,0.00221,9448693.0,51607695.0,0.18416206261511373,5.43
HK.01055,中国南方航空股份,2021-05-24 00:00:00,5.44,5.46,5.46,5.32,0.0,0.00156,6648011.0,35938931.0,0.36764705882352156,5.44
HK.01055,中国南方航空股份,2021-05-25 00:00:00,5.46,5.54,5.55,5.36,0.0,0.00246,10496000.0,57475670.0,1.4652014652014667,5.46
HK.01055,中国南方航空股份,2021-05-26 00:00:00,5.59,5.61,5.64,5.51,0.0,0.00307,13142154.0,73246053.0,1.2635379061371892,5.54
HK.01055,中国南方航空股份,2021-05-27 00:00:00,5.6,5.62,5.65,5.53,0.0,0.00413,17660002.0,98915037.0,0.17825311942958622,5.61
HK.01055,中国南方航空股份,2021-05-28 00:00:00,5.6,5.52,5.62,5.37,0.0,0.00443,18927370.0,103273086.0,-1.7793594306049918,5.62
HK.01055,中国南方航空股份,2021-05-31 00:00:00,5.45,5.26,5.46,5.15,0.0,0.00722,30882576.0,162120979.0,-4.710144927536229,5.52
HK.01055,中国南方航空股份,2021-06-01 00:00:00,5.27,5.35,5.38,5.16,0.0,0.00297,12677720.0,66684853.0,1.711026615969579,5.26
HK.01055,中国南方航空股份,2021-06-02 00:00:00,5.33,5.46,5.48,5.3,0.0,0.00344,14714982.0,79747563.0,2.0560747663551466,5.35
HK.01055,中国南方航空股份,2021-06-03 00:00:00,5.4,5.43,5.44,5.36,0.0,0.00174,7428133.0,40111789.0,-0.549450549450554,5.46
HK.01055,中国南方航空股份,2021-06-04 00:00:00,5.4,5.33,5.4,5.28,0.0,0.00259,11077301.0,58998781.0,-1.8416206261510064,5.43
HK.01055,中国南方航空股份,2021-06-07 00:00:00,5.33,5.29,5.33,5.24,0.0,0.00095,4040361.0,21332299.0,-0.7504690431519707,5.33
HK.01055,中国南方航空股份,2021-06-08 00:00:00,5.31,5.39,5.4,5.27,0.0,0.00194,8293196.0,44373556.0,1.8903591682419594,5.29
HK.01055,中国南方航空股份,2021-06-09 00:00:00,5.39,5.34,5.39,5.23,0.0,0.00259,11068662.0,58762249.0,-0.9276437847866387,5.39
HK.01055,中国南方航空股份,2021-06-10 00:00:00,5.32,5.24,5.36,5.23,0.0,0.00373,15967581.0,83933445.0,-1.872659176029956,5.34
HK.01055,中国南方航空股份,2021-06-11 00:00:00,5.3,5.2,5.3,5.18,0.0,0.00639,27332965.0,142209160.0,-0.7633587786259549,5.24
HK.01055,中国南方航空股份,2021-06-15 00:00:00,5.26,5.14,5.27,5.11,0.0,0.00249,10652637.0,55032175.0,-1.1538461538461635,5.2
HK.01055,中国南方航空股份,2021-06-16 00:00:00,5.13,5.16,5.19,5.1,0.0,0.00138,5921073.0,30445201.0,0.3891050583657678,5.14
HK.01055,中国南方航空股份,2021-06-17 00:00:00,5.18,5.1,5.21,5.09,0.0,0.00253,10818171.0,55425697.0,-1.1627906976744282,5.16
HK.01055,中国南方航空股份,2021-06-18 00:00:00,5.13,5.26,5.28,5.06,0.0,0.00241,10303325.0,53391784.0,3.137254901960787,5.1
HK.01055,中国南方航空股份,2021-06-21 00:00:00,5.2,5.19,5.2,5.13,0.0,0.00165,7051708.0,36401543.0,-1.3307984790874412,5.26
HK.01055,中国南方航空股份,2021-06-22 00:00:00,5.2,5.07,5.2,5.07,0.0,0.00159,6784396.0,34647412.0,-2.3121387283237014,5.19
HK.01055,中国南方航空股份,2021-06-23 00:00:00,5.09,5.05,5.09,5.02,0.0,0.00152,6485056.0,32768519.0,-0.39447731755424975,5.07
HK.01055,中国南方航空股份,2021-06-24 00:00:00,5.11,5.09,5.15,5.03,0.0,0.00192,8222000.0,41778758.0,0.7920792079207928,5.05
HK.01055,中国南方航空股份,2021-06-25 00:00:00,5.09,5.07,5.1,4.97,0.0,0.00282,12041219.0,60605699.0,-0.3929273084479288,5.09
HK.01055,中国南方航空股份,2021-06-28 00:00:00,5.07,4.98,5.1,4.93,0.0,0.00205,8747239.0,43501889.0,-1.7751479289940801,5.07
HK.01055,中国南方航空股份,2021-06-29 00:00:00,4.98,4.84,4.99,4.78,0.0,0.00791,33819094.0,163293860.0,-2.8112449799196897,4.98
HK.01055,中国南方航空股份,2021-06-30 00:00:00,4.89,4.82,4.89,4.8,0.0,0.00268,11470899.0,55380394.0,-0.41322314049585895,4.84
HK.01055,中国南方航空股份,2021-07-02 00:00:00,4.81,4.79,4.83,4.74,0.0,0.00242,10346886.0,49443343.0,-0.6224066390041545,4.82
HK.01055,中国南方航空股份,2021-07-05 00:00:00,4.72,4.74,4.83,4.68,0.0,0.00216,9244425.0,43769032.0,-1.0438413361169065,4.79
HK.01055,中国南方航空股份,2021-07-06 00:00:00,4.79,4.79,4.79,4.7,0.0,0.00125,5344714.0,25342315.0,1.0548523206751017,4.74
HK.01055,中国南方航空股份,2021-07-07 00:00:00,4.73,4.74,4.77,4.68,0.0,0.00195,8346000.0,39287918.0,-1.0438413361169065,4.79
HK.01055,中国南方航空股份,2021-07-08 00:00:00,4.78,4.63,4.78,4.58,0.0,0.00298,12725597.0,58832472.0,-2.320675105485239,4.74
HK.01055,中国南方航空股份,2021-07-09 00:00:00,4.67,4.67,4.7,4.58,0.0,0.002,8550732.0,39655200.0,0.8639308855291584,4.63
HK.01055,中国南方航空股份,2021-07-12 00:00:00,4.67,4.63,4.76,4.59,0.0,0.00165,7046145.0,32726197.0,-0.856531049250536,4.67
HK.01055,中国南方航空股份,2021-07-13 00:00:00,4.66,4.63,4.7,4.6,0.0,0.00226,9682893.0,44852804.0,0.0,4.63
HK.01055,中国南方航空股份,2021-07-14 00:00:00,4.66,4.54,4.66,4.46,0.0,0.00221,9436000.0,42613496.0,-1.9438444924406015,4.63
HK.01055,中国南方航空股份,2021-07-15 00:00:00,4.54,4.56,4.58,4.48,0.0,0.00278,11870652.0,53660087.0,0.4405286343612241,4.54
HK.01055,中国南方航空股份,2021-07-16 00:00:00,4.59,4.62,4.63,4.51,0.0,0.00186,7966744.0,36473811.0,1.3157894736842215,4.56
HK.01055,中国南方航空股份,2021-07-19 00:00:00,4.6,4.68,4.7,4.47,0.0,0.00418,17866000.0,82451168.0,1.2987012987012903,4.62
HK.01055,中国南方航空股份,2021-07-20 00:00:00,4.64,4.63,4.68,4.58,0.0,0.00322,13758028.0,63569156.0,-1.0683760683760646,4.68
HK.01055,中国南方航空股份,2021-07-21 00:00:00,4.6,4.5,4.67,4.47,0.0,0.0031,13240438.0,59798792.0,-2.8077753779697603,4.63
HK.01055,中国南方航空股份,2021-07-22 00:00:00,4.5,4.59,4.61,4.5,0.0,0.00158,6772586.0,30926545.0,1.999999999999997,4.5
HK.01055,中国南方航空股份,2021-07-23 00:00:00,4.61,4.45,4.61,4.36,0.0,0.00467,19958000.0,88300810.0,-3.0501089324618667,4.59
HK.01055,中国南方航空股份,2021-07-26 00:00:00,4.34,4.28,4.36,4.2,0.0,0.00398,16995346.0,72639793.0,-3.8202247191011214,4.45
HK.01055,中国南方航空股份,2021-07-27 00:00:00,4.3,4.14,4.32,4.09,0.0,0.00408,17457038.0,72822253.0,-3.2710280373831906,4.28
HK.01055,中国南方航空股份,2021-07-28 00:00:00,4.18,4.16,4.19,4.03,0.0,0.00306,13102085.0,53577446.0,0.48309178743962466,4.14
HK.01055,中国南方航空股份,2021-07-29 00:00:00,4.21,4.23,4.26,4.18,0.0,0.00189,8083200.0,34197940.0,1.6826923076923146,4.16
HK.01055,中国南方航空股份,2021-07-30 00:00:00,4.2,4.09,4.23,4.04,0.0,0.00305,13041459.0,53493013.0,-3.3096926713948123,4.23
HK.01055,中国南方航空股份,2021-08-02 00:00:00,4.05,4.1,4.11,3.9,0.0,0.00318,13615770.0,54949526.0,0.24449877750610727,4.09
HK.01055,中国南方航空股份,2021-08-03 00:00:00,4.1,4.02,4.11,3.98,0.0,0.00221,9450146.0,37983772.0,-1.9512195121951237,4.1
HK.01055,中国南方航空股份,2021-08-04 00:00:00,4.01,3.94,4.01,3.92,0.0,0.00266,11356000.0,44923720.0,-1.990049751243772,4.02
HK.01055,中国南方航空股份,2021-08-05 00:00:00,3.94,3.96,4.0,3.89,0.0,0.00227,9709528.0,38256754.0,0.5076142131979701,3.94
HK.01055,中国南方航空股份,2021-08-06 00:00:00,3.98,3.97,4.01,3.91,0.0,0.00157,6714006.0,26605025.0,0.25252525252525837,3.96
HK.01055,中国南方航空股份,2021-08-09 00:00:00,3.97,4.03,4.05,3.93,0.0,0.00221,9431685.0,37786259.0,1.5113350125944598,3.97
HK.01055,中国南方航空股份,2021-08-10 00:00:00,4.03,4.06,4.07,3.99,0.0,0.00124,5280000.0,21269622.0,0.7444168734491157,4.03
HK.01055,中国南方航空股份,2021-08-11 00:00:00,4.03,4.17,4.2,4.03,0.0,0.00227,9683261.0,40253526.0,2.709359605911338,4.06
HK.01055,中国南方航空股份,2021-08-12 00:00:00,4.19,4.21,4.36,4.19,0.0,0.0023,9819748.0,41865419.0,0.9592326139088737,4.17
HK.01055,中国南方航空股份,2021-08-13 00:00:00,4.21,4.18,4.25,4.16,0.0,0.00109,4654119.0,19520270.0,-0.7125890736342102,4.21
HK.01055,中国南方航空股份,2021-08-16 00:00:00,4.18,4.24,4.29,4.14,0.0,0.00212,9078207.0,38696582.0,1.4354066985646052,4.18
HK.01055,中国南方航空股份,2021-08-17 00:00:00,4.24,4.35,4.42,4.24,0.0,0.00465,19873900.0,86736016.0,2.594339622641496,4.24
HK.01055,中国南方航空股份,2021-08-18 00:00:00,4.35,4.38,4.43,4.31,0.0,0.00249,10647684.0,46554415.0,0.6896551724137989,4.35
HK.01055,中国南方航空股份,2021-08-19 00:00:00,4.38,4.3,4.38,4.22,0.0,0.00281,12007805.0,51238911.0,-1.8264840182648419,4.38
HK.01055,中国南方航空股份,2021-08-20 00:00:00,4.31,4.24,4.31,4.1,0.0,0.00391,16733168.0,69913026.0,-1.3953488372092933,4.3
HK.01055,中国南方航空股份,2021-08-23 00:00:00,4.25,4.2,4.29,4.17,0.0,0.00106,4552335.0,19100756.0,-0.9433962264150951,4.24
HK.01055,中国南方航空股份,2021-08-24 00:00:00,4.28,4.35,4.39,4.22,0.0,0.00191,8153166.0,35144676.0,3.5714285714285587,4.2
HK.01055,中国南方航空股份,2021-08-25 00:00:00,4.4,4.47,4.52,4.36,0.0,0.0032,13670384.0,60700739.0,2.7586206896551753,4.35
HK.01055,中国南方航空股份,2021-08-26 00:00:00,4.47,4.45,4.49,4.36,0.0,0.00179,7655172.0,33865877.0,-0.4474272930648674,4.47
HK.01055,中国南方航空股份,2021-08-27 00:00:00,4.43,4.37,4.47,4.29,0.0,0.00197,8408096.0,36697421.0,-1.7977528089887655,4.45
HK.01055,中国南方航空股份,2021-08-30 00:00:00,4.35,4.42,4.48,4.34,0.0,0.00267,11398000.0,50326450.0,1.1441647597253963,4.37
HK.01055,中国南方航空股份,2021-08-31 00:00:00,4.4,4.53,4.53,4.33,0.0,0.00432,18463000.0,82758424.0,2.488687782805437,4.42
HK.01055,中国南方航空股份,2021-09-01 00:00:00,4.53,4.56,4.6,4.49,0.0,0.00306,13092173.0,59378369.0,0.6622516556291249,4.53
HK.01055,中国南方航空股份,2021-09-02 00:00:00,4.56,4.51,4.56,4.47,0.0,0.00118,5054100.0,22741145.0,-1.0964912280701715,4.56
HK.01055,中国南方航空股份,2021-09-03 00:00:00,4.57,4.56,4.59,4.49,0.0,0.00392,16770000.0,76235060.0,1.1086474501108607,4.51
HK.01055,中国南方航空股份,2021-09-06 00:00:00,4.57,4.58,4.6,4.48,0.0,0.00295,12629100.0,57359019.0,0.4385964912280803,4.56
HK.01055,中国南方航空股份,2021-09-07 00:00:00,4.55,4.55,4.66,4.53,0.0,0.00225,9635893.0,44373368.0,-0.6550218340611408,4.58
HK.01055,中国南方航空股份,2021-09-08 00:00:00,4.55,4.66,4.72,4.55,0.0,0.00411,17585424.0,82263106.0,2.4175824175824245,4.55
HK.01055,中国南方航空股份,2021-09-09 00:00:00,4.71,4.7,4.79,4.61,0.0,0.00345,14756430.0,69733260.0,0.858369098712447,4.66
HK.01055,中国南方航空股份,2021-09-10 00:00:00,4.75,4.74,4.91,4.7,0.0,0.0081,34639260.0,165549720.0,0.8510638297872347,4.7
HK.01055,中国南方航空股份,2021-09-13 00:00:00,4.72,4.62,4.73,4.59,0.0,0.00648,27720208.0,129619071.0,-2.531645569620255,4.74
HK.01055,中国南方航空股份,2021-09-14 00:00:00,4.62,4.46,4.62,4.4,0.0,0.00453,19356000.0,86918420.0,-3.463203463203466,4.62
HK.01055,中国南方航空股份,2021-09-15 00:00:00,4.46,4.33,4.46,4.3,0.0,0.00392,16775444.0,72861969.0,-2.9147982062780247,4.46
HK.01055,中国南方航空股份,2021-09-16 00:00:00,4.3,4.21,4.31,4.15,0.0,0.00374,15994060.0,67303771.0,-2.7713625866050835,4.33
HK.01055,中国南方航空股份,2021-09-17 00:00:00,4.21,4.23,4.29,4.2,0.0,0.00196,8400259.0,35520440.0,0.4750593824228138,4.21
HK.01055,中国南方航空股份,2021-09-20 00:00:00,4.23,4.12,4.23,4.05,0.0,0.00185,7902259.0,32405355.0,-2.600472813238778,4.23
HK.01055,中国南方航空股份,2021-09-21 00:00:00,4.12,4.26,4.29,4.05,0.0,0.00153,6556173.0,27761935.0,3.3980582524271767,4.12
HK.01055,中国南方航空股份,2021-09-23 00:00:00,4.26,4.25,4.38,4.2,0.0,0.00296,12655154.0,53840445.0,-0.2347417840375537,4.26
HK.01055,中国南方航空股份,2021-09-24 00:00:00,4.26,4.29,4.47,4.26,0.0,0.00404,17254550.0,75088046.0,0.9411764705882361,4.25
HK.01055,中国南方航空股份,2021-09-27 00:00:00,4.33,4.22,4.36,4.18,0.0,0.00298,12744368.0,54024637.0,-1.6317016317016382,4.29
HK.01055,中国南方航空股份,2021-09-28 00:00:00,4.2,4.34,4.39,4.2,0.0,0.00206,8827914.0,38187857.0,2.8436018957346,4.22
HK.01055,中国南方航空股份,2021-09-29 00:00:00,4.33,4.31,4.4,4.25,0.0,0.00176,7516000.0,32445830.0,-0.6912442396313422,4.34
HK.01055,中国南方航空股份,2021-09-30 00:00:00,4.31,4.4,4.45,4.28,0.0,0.00222,9490000.0,41649340.0,2.0881670533642867,4.31
HK.01055,中国南方航空股份,2021-10-04 00:00:00,4.5,4.6,4.68,4.47,0.0,0.00403,17220518.0,79322955.0,4.545454545454529,4.4
HK.01055,中国南方航空股份,2021-10-05 00:00:00,4.6,4.66,4.67,4.5,0.0,0.00205,8772602.0,40419468.0,1.3043478260869674,4.6
HK.01055,中国南方航空股份,2021-10-06 00:00:00,4.7,4.7,4.75,4.56,0.0,0.00244,10447626.0,48784385.0,0.858369098712447,4.66
HK.01055,中国南方航空股份,2021-10-07 00:00:00,4.7,4.68,4.74,4.62,0.0,0.00135,5774000.0,26921120.0,-0.42553191489362685,4.7
HK.01055,中国南方航空股份,2021-10-08 00:00:00,4.61,4.71,4.71,4.53,0.0,0.00231,9888605.0,46077336.0,0.6410256410256464,4.68
HK.01055,中国南方航空股份,2021-10-11 00:00:00,4.7,4.69,4.84,4.66,0.0,0.00305,13043705.0,61525156.0,-0.4246284501061481,4.71
HK.01055,中国南方航空股份,2021-10-12 00:00:00,4.68,4.79,4.85,4.67,0.0,0.00364,15576115.0,74672124.0,2.1321961620469008,4.69
HK.01055,中国南方航空股份,2021-10-15 00:00:00,4.85,4.83,4.85,4.73,0.0,0.0033,14091238.0,67632990.0,0.835073068893529,4.79
HK.01055,中国南方航空股份,2021-10-18 00:00:00,4.83,4.85,4.89,4.77,0.0,0.00238,10165358.0,49059415.0,0.41407867494823136,4.83
HK.01055,中国南方航空股份,2021-10-19 00:00:00,4.84,4.83,4.88,4.77,0.0,0.0024,10266322.0,49634208.0,-0.4123711340206098,4.85
HK.01055,中国南方航空股份,2021-10-20 00:00:00,4.83,4.85,4.88,4.73,0.0,0.00265,11331148.0,54626684.0,0.41407867494823136,4.83
HK.01055,中国南方航空股份,2021-10-21 00:00:00,4.84,4.8,4.85,4.78,0.0,0.00092,3929249.0,18867160.0,-1.0309278350515427,4.85
HK.01055,中国南方航空股份,2021-10-22 00:00:00,4.78,4.78,4.8,4.66,0.0,0.00266,11367024.0,53940599.0,-0.4166666666666578,4.8
HK.01055,中国南方航空股份,2021-10-25 00:00:00,4.78,4.65,4.78,4.63,0.0,0.00303,12951926.0,60489840.0,-2.719665271966525,4.78
HK.01055,中国南方航空股份,2021-10-26 00:00:00,4.62,4.75,4.79,4.57,0.0,0.00238,10166223.0,48236729.0,2.1505376344085945,4.65
HK.01055,中国南方航空股份,2021-10-27 00:00:00,4.69,4.67,4.75,4.66,0.0,0.00079,3373200.0,15806384.0,-1.6842105263157907,4.75
HK.01055,中国南方航空股份,2021-10-28 00:00:00,4.65,4.73,4.78,4.6,0.0,0.00162,6910000.0,32433540.0,1.2847965738758138,4.67
HK.01055,中国南方航空股份,2021-10-29 00:00:00,4.67,4.74,4.81,4.64,0.0,0.00198,8450174.0,39997743.0,0.21141649048625338,4.73
HK.01055,中国南方航空股份,2021-11-01 00:00:00,4.74,4.66,4.74,4.56,0.0,0.00179,7665998.0,35413273.0,-1.6877637130801704,4.74
HK.01055,中国南方航空股份,2021-11-02 00:00:00,4.66,4.56,4.67,4.54,0.0,0.00136,5819000.0,26597550.0,-2.1459227467811273,4.66
HK.01055,中国南方航空股份,2021-11-03 00:00:00,4.58,4.51,4.67,4.49,0.0,0.00168,7182551.0,32513180.0,-1.0964912280701715,4.56
HK.01055,中国南方航空股份,2021-11-04 00:00:00,4.51,4.5,4.54,4.49,0.0,0.00061,2598873.0,11710018.0,-0.2217294900221682,4.51
HK.01055,中国南方航空股份,2021-11-05 00:00:00,4.5,4.46,4.57,4.46,0.0,0.0024,10270099.0,46163845.0,-0.8888888888888897,4.5
HK.01055,中国南方航空股份,2021-11-08 00:00:00,4.66,4.76,5.2,4.63,0.0,0.01209,51703040.0,254952202.0,6.7264573991031344,4.46
HK.01055,中国南方航空股份,2021-11-09 00:00:00,4.82,4.83,4.88,4.73,0.0,0.00335,14310555.0,68962430.0,1.4705882352941237,4.76
HK.01055,中国南方航空股份,2021-11-10 00:00:00,4.82,4.86,4.9,4.73,0.0,0.00204,8726000.0,41949670.0,0.6211180124223654,4.83
HK.01055,中国南方航空股份,2021-11-11 00:00:00,4.81,4.88,4.9,4.77,0.0,0.00099,4211142.0,20506002.0,0.41152263374484715,4.86
HK.01055,中国南方航空股份,2021-11-12 00:00:00,4.9,4.87,4.9,4.78,0.0,0.00128,5458000.0,26469590.0,-0.20491803278688087,4.88
HK.01055,中国南方航空股份,2021-11-15 00:00:00,4.84,4.82,4.85,4.75,0.0,0.00092,3931353.0,18810336.0,-1.0266940451745343,4.87
HK.01055,中国南方航空股份,2021-11-16 00:00:00,4.84,4.84,4.87,4.78,0.0,0.00129,5522944.0,26643687.0,0.41493775933609073,4.82
HK.01055,中国南方航空股份,2021-11-17 00:00:00,4.84,4.84,4.85,4.8,0.0,0.00063,2711744.0,13072716.0,0.0,4.84
HK.01055,中国南方航空股份,2021-11-18 00:00:00,4.83,4.79,4.84,4.75,0.0,0.00124,5302179.0,25466872.0,-1.0330578512396658,4.84
HK.01055,中国南方航空股份,2021-11-19 00:00:00,4.73,4.72,4.75,4.66,0.0,0.00119,5076240.0,23879560.0,-1.4613778705636802,4.79
HK.01055,中国南方航空股份,2021-11-22 00:00:00,4.72,4.68,4.72,4.62,0.0,0.00068,2903000.0,13542762.0,-0.8474576271186449,4.72
HK.01055,中国南方航空股份,2021-11-23 00:00:00,4.77,4.74,4.82,4.7,0.0,0.00123,5240001.0,24994900.0,1.2820512820512928,4.68
HK.01055,中国南方航空股份,2021-11-24 00:00:00,4.75,4.73,4.76,4.68,0.0,0.00092,3940818.0,18590932.0,-0.21097046413501658,4.74
HK.01055,中国南方航空股份,2021-11-25 00:00:00,4.76,4.73,4.78,4.69,0.0,0.00059,2529423.0,11988294.0,0.0,4.73
HK.01055,中国南方航空股份,2021-11-26 00:00:00,4.73,4.62,4.73,4.58,0.0,0.00234,10009000.0,46283670.0,-2.3255813953488436,4.73
HK.01055,中国南方航空股份,2021-11-29 00:00:00,4.5,4.44,4.5,4.35,0.0,0.00341,14557116.0,64519075.0,-3.89610389610389,4.62
HK.01055,中国南方航空股份,2021-11-30 00:00:00,4.42,4.31,4.42,4.27,0.0,0.00321,13711979.0,59298465.0,-2.927927927927945,4.44
HK.01055,中国南方航空股份,2021-12-01 00:00:00,4.28,4.33,4.38,4.18,0.0,0.00298,12725228.0,54963454.0,0.46403712296984834,4.31
HK.01055,中国南方航空股份,2021-12-02 00:00:00,4.26,4.27,4.34,4.24,0.0,0.00188,8019842.0,34365100.0,-1.385681293302552,4.33
HK.01055,中国南方航空股份,2021-12-03 00:00:00,4.34,4.42,4.46,4.29,0.0,0.00231,9873080.0,43474560.0,3.5128805620608987,4.27
HK.01055,中国南方航空股份,2021-12-06 00:00:00,4.36,4.31,4.44,4.3,0.0,0.00153,6556542.0,28492410.0,-2.488687782805437,4.42
HK.01055,中国南方航空股份,2021-12-07 00:00:00,4.43,4.59,4.64,4.42,0.0,0.00274,11692782.0,53334056.0,6.496519721577733,4.31
HK.01055,中国南方航空股份,2021-12-08 00:00:00,4.58,4.62,4.7,4.58,0.0,0.00238,10158400.0,47090346.0,0.6535947712418355,4.59
HK.01055,中国南方航空股份,2021-12-09 00:00:00,4.68,4.63,4.68,4.58,0.0,0.00096,4124000.0,19074390.0,0.2164502164502118,4.62
HK.01055,中国南方航空股份,2021-12-10 00:00:00,4.63,4.61,4.69,4.59,0.0,0.00153,6547265.0,30445417.0,-0.43196544276456966,4.63
HK.01055,中国南方航空股份,2021-12-13 00:00:00,4.62,4.5,4.63,4.45,0.0,0.00231,9861315.0,44402390.0,-2.386117136659443,4.61
HK.01055,中国南方航空股份,2021-12-14 00:00:00,4.5,4.36,4.5,4.32,0.0,0.00163,6982648.0,30508391.0,-3.111111111111104,4.5
HK.01055,中国南方航空股份,2021-12-15 00:00:00,4.37,4.38,4.43,4.36,0.0,0.00107,4590400.0,20150142.0,0.45871559633026543,4.36
HK.01055,中国南方航空股份,2021-12-16 00:00:00,4.38,4.44,4.47,4.32,0.0,0.00122,5232453.0,23102721.0,1.3698630136986416,4.38
HK.01055,中国南方航空股份,2021-12-17 00:00:00,4.43,4.34,4.43,4.32,0.0,0.00225,9608816.0,41964276.0,-2.252252252252264,4.44
HK.01055,中国南方航空股份,2021-12-20 00:00:00,4.35,4.29,4.38,4.25,0.0,0.00162,6906050.0,29633726.0,-1.15207373271889,4.34
HK.01055,中国南方航空股份,2021-12-21 00:00:00,4.21,4.32,4.38,4.21,0.0,0.00203,8661807.0,37482341.0,0.6993006993007052,4.29
HK.01055,中国南方航空股份,2021-12-22 00:00:00,4.4,4.41,4.49,4.4,0.0,0.00123,5266129.0,23338568.0,2.08333333333333,4.32
HK.01055,中国南方航空股份,2021-12-23 00:00:00,4.43,4.4,4.48,4.38,0.0,0.00124,5280785.0,23298064.0,-0.22675736961450763,4.41
HK.01055,中国南方航空股份,2021-12-24 00:00:00,4.4,4.49,4.52,4.4,0.0,0.00119,5108156.0,22869120.0,2.045454545454542,4.4
HK.01055,中国南方航空股份,2021-12-28 00:00:00,4.52,4.58,4.63,4.47,0.0,0.00145,6211000.0,28385834.0,2.0044543429844066,4.49
HK.01055,中国南方航空股份,2021-12-29 00:00:00,4.61,4.61,4.69,4.59,0.0,0.00075,3215391.0,14911562.0,0.6550218340611408,4.58
HK.01055,中国南方航空股份,2021-12-30 00:00:00,4.6,4.66,4.7,4.59,0.0,0.00095,4042013.0,18856258.0,1.0845986984815579,4.61
HK.01055,中国南方航空股份,2021-12-31 00:00:00,4.71,4.67,4.71,4.61,0.0,0.00078,3320000.0,15505800.0,0.214592274678107,4.66
HK.01055,中国南方航空股份,2022-01-03 00:00:00,4.69,4.7,4.75,4.66,0.0,0.00165,7059000.0,33223130.0,0.6423982869379069,4.67
HK.01055,中国南方航空股份,2022-01-04 00:00:00,4.73,4.83,4.88,4.7,0.0,0.00351,15018360.0,72514690.0,2.765957446808508,4.7
HK.01055,中国南方航空股份,2022-01-05 00:00:00,4.83,4.87,4.96,4.82,0.0,0.00307,13139270.0,64171306.0,0.828157349896481,4.83
HK.01055,中国南方航空股份,2022-01-06 00:00:00,4.8,4.79,4.88,4.72,0.0,0.00175,7489275.0,35896924.0,-1.6427104722792623,4.87
HK.01055,中国南方航空股份,2022-01-07 00:00:00,4.77,4.86,4.96,4.77,0.0,0.00184,7854751.0,38445865.0,1.4613778705636802,4.79
HK.01055,中国南方航空股份,2022-01-10 00:00:00,4.86,4.94,4.97,4.8,0.0,0.00165,7073334.0,34751460.0,1.646090534979425,4.86
HK.01055,中国南方航空股份,2022-01-11 00:00:00,4.89,4.94,5.05,4.84,0.0,0.00284,12130209.0,60221809.0,0.0,4.94
HK.01055,中国南方航空股份,2022-01-12 00:00:00,4.97,4.97,5.02,4.9,0.0,0.0017,7280888.0,36183532.0,0.6072874493926995,4.94
HK.01055,中国南方航空股份,2022-01-13 00:00:00,4.91,4.99,5.0,4.88,0.0,0.00216,9253840.0,45836739.0,0.4024144869215385,4.97
HK.01055,中国南方航空股份,2022-01-14 00:00:00,4.99,5.08,5.09,4.9,0.0,0.00227,9723000.0,48871390.0,1.8036072144288546,4.99
HK.01055,中国南方航空股份,2022-01-17 00:00:00,5.0,5.05,5.09,4.94,0.0,0.00296,12637436.0,63629851.0,-0.590551181102367,5.08
HK.01055,中国南方航空股份,2022-01-18 00:00:00,5.03,5.12,5.13,5.02,0.0,0.00233,9944888.0,50655483.0,1.3861386138613918,5.05
HK.01055,中国南方航空股份,2022-01-19 00:00:00,5.04,4.97,5.04,4.9,0.0,0.00376,16070838.0,79809101.0,-2.929687500000007,5.12
HK.01055,中国南方航空股份,2022-01-20 00:00:00,4.97,5.18,5.2,4.94,0.0,0.00588,25150000.0,128378340.0,4.225352112676055,4.97
HK.01055,中国南方航空股份,2022-01-21 00:00:00,5.11,5.25,5.36,5.11,0.0,0.00358,15295946.0,80487405.0,1.351351351351357,5.18
HK.01055,中国南方航空股份,2022-01-24 00:00:00,5.2,5.17,5.34,5.07,0.0,0.00383,16359218.0,84988376.0,-1.5238095238095253,5.25
HK.01055,中国南方航空股份,2022-01-25 00:00:00,5.18,5.18,5.3,5.04,0.0,0.00266,11355531.0,58853646.0,0.1934235976789127,5.17
HK.01055,中国南方航空股份,2022-01-26 00:00:00,5.23,5.12,5.25,5.09,0.0,0.00157,6700200.0,34418816.0,-1.1583011583011509,5.18
HK.01055,中国南方航空股份,2022-01-27 00:00:00,5.14,4.99,5.14,4.96,0.0,0.00107,4589440.0,23078360.0,-2.539062499999998,5.12
HK.01055,中国南方航空股份,2022-01-28 00:00:00,4.96,4.93,5.05,4.92,0.0,0.00114,4890000.0,24282880.0,-1.2024048096192483,4.99
HK.01055,中国南方航空股份,2022-01-31 00:00:00,4.93,4.95,4.99,4.81,0.0,0.00084,3570450.0,17645880.0,0.40567951318459355,4.93
HK.01055,中国南方航空股份,2022-02-04 00:00:00,4.92,5.12,5.15,4.92,0.0,0.00126,5389574.0,27436362.0,3.434343434343433,4.95
HK.01055,中国南方航空股份,2022-02-07 00:00:00,5.12,5.21,5.25,5.08,0.0,0.00128,5451900.0,28276076.0,1.7578124999999973,5.12
HK.01055,中国南方航空股份,2022-02-08 00:00:00,5.25,5.31,5.35,5.23,0.0,0.00213,9117140.0,48325329.0,1.9193857965450989,5.21
HK.01055,中国南方航空股份,2022-02-09 00:00:00,5.35,5.41,5.42,5.28,0.0,0.00278,11868772.0,63828510.0,1.883239171374775,5.31
HK.01055,中国南方航空股份,2022-02-10 00:00:00,5.41,5.48,5.53,5.36,0.0,0.00378,16161563.0,88700788.0,1.2939001848428888,5.41
HK.01055,中国南方航空股份,2022-02-11 00:00:00,5.48,5.48,5.54,5.41,0.0,0.00297,12711277.0,69888000.0,0.0,5.48
HK.01055,中国南方航空股份,2022-02-14 00:00:00,5.4,5.39,5.44,5.27,0.0,0.00284,12156300.0,64960359.0,-1.6423357664233713,5.48
HK.01055,中国南方航空股份,2022-02-15 00:00:00,5.32,5.19,5.32,5.11,0.0,0.00225,9624555.0,49769983.0,-3.7105751391465547,5.39
HK.01055,中国南方航空股份,2022-02-16 00:00:00,5.28,5.36,5.41,5.26,0.0,0.00298,12729136.0,67898383.0,3.2755298651252396,5.19
HK.01055,中国南方航空股份,2022-02-17 00:00:00,5.39,5.37,5.39,5.26,0.0,0.001,4274000.0,22804078.0,0.1865671641791005,5.36
HK.01055,中国南方航空股份,2022-02-18 00:00:00,5.41,5.39,5.42,5.28,0.0,0.00189,8076571.0,43285900.0,0.37243947858472204,5.37
HK.01055,中国南方航空股份,2022-02-21 00:00:00,5.43,5.48,5.52,5.31,0.0,0.00198,8450000.0,46151482.0,1.6697588126159693,5.39
HK.01055,中国南方航空股份,2022-02-22 00:00:00,5.48,5.43,5.48,5.3,0.0,0.00195,8348000.0,44862220.0,-0.9124087591241006,5.48
HK.01055,中国南方航空股份,2022-02-23 00:00:00,5.4,5.25,5.4,5.24,0.0,0.00101,4324949.0,22976179.0,-3.3149171270718183,5.43
HK.01055,中国南方航空股份,2022-02-24 00:00:00,5.21,5.09,5.21,4.98,0.0,0.00239,10233457.0,52032952.0,-3.0476190476190506,5.25
HK.01055,中国南方航空股份,2022-02-25 00:00:00,5.02,5.09,5.15,5.0,0.0,0.00147,6292535.0,31928019.0,0.0,5.09
HK.01055,中国南方航空股份,2022-02-28 00:00:00,5.12,4.93,5.13,4.84,0.0,0.00211,9028079.0,44452222.0,-3.1434184675834995,5.09
HK.01055,中国南方航空股份,2022-03-01 00:00:00,4.92,4.95,4.99,4.89,0.0,0.00074,3159199.0,15618560.0,0.40567951318459355,4.93
HK.01055,中国南方航空股份,2022-03-02 00:00:00,4.88,4.84,4.97,4.82,0.0,0.00098,4185180.0,20336911.0,-2.2222222222222285,4.95
HK.01055,中国南方航空股份,2022-03-03 00:00:00,4.84,5.12,5.14,4.83,0.0,0.00203,8696949.0,44060097.0,5.7851239669421535,4.84
HK.01055,中国南方航空股份,2022-03-04 00:00:00,5.05,4.93,5.09,4.91,0.0,0.00161,6889336.0,34217949.0,-3.7109375000000075,5.12
HK.01055,中国南方航空股份,2022-03-07 00:00:00,4.91,4.52,4.91,4.41,0.0,0.00379,16196324.0,73890592.0,-8.31643002028398,4.93
HK.01055,中国南方航空股份,2022-03-08 00:00:00,4.52,4.25,4.52,4.14,0.0,0.00496,21224855.0,92126941.0,-5.97345132743362,4.52
HK.01055,中国南方航空股份,2022-03-09 00:00:00,4.21,4.25,4.32,4.03,0.0,0.00354,15138361.0,63454513.0,0.0,4.25
HK.01055,中国南方航空股份,2022-03-10 00:00:00,4.42,4.44,4.62,4.38,0.0,0.00565,24141335.0,108609089.0,4.470588235294127,4.25
HK.01055,中国南方航空股份,2022-03-11 00:00:00,4.44,4.43,4.52,4.24,0.0,0.00232,9908235.0,43608851.0,-0.2252252252252404,4.44
HK.01055,中国南方航空股份,2022-03-14 00:00:00,4.39,4.08,4.39,4.08,0.0,0.0055,23491972.0,97340082.0,-7.900677200902926,4.43
HK.01055,中国南方航空股份,2022-03-15 00:00:00,4.05,3.85,4.07,3.83,0.0,0.00557,23793515.0,93235288.0,-5.637254901960784,4.08
HK.01055,中国南方航空股份,2022-03-16 00:00:00,4.04,4.42,4.42,3.93,0.0,0.00784,33507536.0,139126482.0,14.805194805194802,3.85
HK.01055,中国南方航空股份,2022-03-17 00:00:00,4.75,4.68,4.75,4.32,0.0,0.00618,26419000.0,119014174.0,5.882352941176466,4.42
HK.01055,中国南方航空股份,2022-03-18 00:00:00,4.53,4.63,4.7,4.46,0.0,0.00299,12763742.0,58832741.0,-1.0683760683760646,4.68
HK.01055,中国南方航空股份,2022-03-21 00:00:00,4.68,4.48,4.71,4.47,0.0,0.00195,8327809.0,37815118.0,-3.2397408207343297,4.63
HK.01055,中国南方航空股份,2022-03-22 00:00:00,4.4,4.58,4.59,4.32,0.0,0.00311,13297000.0,59388630.0,2.2321428571428488,4.48
HK.01055,中国南方航空股份,2022-03-23 00:00:00,4.6,4.59,4.64,4.52,0.0,0.00203,8689100.0,39823008.0,0.21834061135370714,4.58
HK.01055,中国南方航空股份,2022-03-24 00:00:00,4.59,4.59,4.65,4.48,0.0,0.00182,7778000.0,35568900.0,0.0,4.59
HK.01055,中国南方航空股份,2022-03-25 00:00:00,4.55,4.48,4.63,4.46,0.0,0.00118,5032000.0,22652820.0,-2.3965141612200314,4.59
HK.01055,中国南方航空股份,2022-03-28 00:00:00,4.41,4.48,4.52,4.36,0.0,0.00103,4410064.0,19669154.0,0.0,4.48
HK.01055,中国南方航空股份,2022-03-29 00:00:00,4.54,4.43,4.54,4.39,0.0,0.00117,5001064.0,22110309.0,-1.1160714285714444,4.48
HK.01055,中国南方航空股份,2022-03-30 00:00:00,4.45,4.61,4.66,4.45,0.0,0.00305,13021500.0,59748284.0,4.063205417607238,4.43
HK.01055,中国南方航空股份,2022-03-31 00:00:00,4.61,4.56,4.64,4.51,0.0,0.00121,5172880.0,23625397.0,-1.084598698481577,4.61
HK.01055,中国南方航空股份,2022-04-01 00:00:00,4.54,4.62,4.62,4.46,0.0,0.001,4257756.0,19451691.0,1.3157894736842215,4.56
HK.01055,中国南方航空股份,2022-04-04 00:00:00,4.66,4.68,4.7,4.58,0.0,0.00165,7055299.0,32853078.0,1.2987012987012903,4.62
HK.01055,中国南方航空股份,2022-04-06 00:00:00,4.65,4.66,4.69,4.56,0.0,0.00324,13840606.0,64454903.0,-0.4273504273504183,4.68
HK.01055,中国南方航空股份,2022-04-07 00:00:00,4.65,4.54,4.65,4.51,0.0,0.00148,6333181.0,28986859.0,-2.5751072961373414,4.66
HK.01055,中国南方航空股份,2022-04-08 00:00:00,4.54,4.57,4.59,4.5,0.0,0.00083,3563007.0,16179652.0,0.6607929515418557,4.54
HK.01055,中国南方航空股份,2022-04-11 00:00:00,4.55,4.4,4.55,4.38,0.0,0.00138,5887155.0,25978331.0,-3.7199124726477004,4.57
HK.01055,中国南方航空股份,2022-04-12 00:00:00,4.39,4.61,4.64,4.38,0.0,0.00421,17977207.0,81497698.0,4.772727272727272,4.4
HK.01055,中国南方航空股份,2022-04-13 00:00:00,4.58,4.52,4.61,4.5,0.0,0.00142,6066000.0,27600160.0,-1.9522776572668272,4.61
HK.01055,中国南方航空股份,2022-04-14 00:00:00,4.6,4.7,4.74,4.56,0.0,0.00304,12991697.0,60794901.0,3.982300884955766,4.52
HK.01055,中国南方航空股份,2022-04-19 00:00:00,4.62,4.59,4.63,4.51,0.0,0.00189,8098000.0,36890569.0,-2.3404255319149003,4.7
HK.01055,中国南方航空股份,2022-04-20 00:00:00,4.59,4.56,4.66,4.52,0.0,0.00137,5844718.0,26667236.0,-0.6535947712418355,4.59
HK.01055,中国南方航空股份,2022-04-21 00:00:00,4.58,4.43,4.58,4.41,0.0,0.00109,4656000.0,20769340.0,-2.8508771929824537,4.56
HK.01055,中国南方航空股份,2022-04-22 00:00:00,4.39,4.38,4.44,4.21,0.0,0.00144,6175888.0,26916864.0,-1.1286681715575582,4.43
HK.01055,中国南方航空股份,2022-04-25 00:00:00,4.31,4.23,4.31,4.15,0.0,0.00217,9259377.0,39269500.0,-3.4246575342465633,4.38
HK.01055,中国南方航空股份,2022-04-26 00:00:00,4.23,4.24,4.4,4.22,0.0,0.00261,11161146.0,48011769.0,0.23640661938533772,4.23
HK.01055,中国南方航空股份,2022-04-27 00:00:00,4.2,4.29,4.3,4.11,0.0,0.00125,5350000.0,22578100.0,1.1792452830188638,4.24
HK.01055,中国南方航空股份,2022-04-28 00:00:00,4.39,4.33,4.39,4.25,0.0,0.00087,3740000.0,16149928.0,0.9324009324009332,4.29
HK.01055,中国南方航空股份,2022-04-29 00:00:00,4.3,4.43,4.45,4.24,0.0,0.00192,8222249.0,35843529.0,2.3094688221708926,4.33
HK.01055,中国南方航空股份,2022-05-03 00:00:00,4.4,4.5,4.52,4.35,0.0,0.00144,6170381.0,27478225.0,1.5801354401805936,4.43
HK.01055,中国南方航空股份,2022-05-04 00:00:00,4.5,4.47,4.5,4.43,0.0,0.00094,4006609.0,17859956.0,-0.6666666666666722,4.5
HK.01055,中国南方航空股份,2022-05-05 00:00:00,4.47,4.29,4.52,4.26,0.0,0.00165,7060000.0,30620052.0,-4.026845637583887,4.47
HK.01055,中国南方航空股份,2022-05-06 00:00:00,4.29,4.04,4.29,4.04,0.0,0.00346,14774179.0,60281377.0,-5.827505827505827,4.29
HK.01055,中国南方航空股份,2022-05-10 00:00:00,4.04,3.91,4.04,3.88,0.0,0.0074,31649988.0,123760385.0,-3.2178217821782154,4.04
HK.01055,中国南方航空股份,2022-05-11 00:00:00,3.91,4.0,4.08,3.87,0.0,0.00258,11022319.0,44072751.0,2.3017902813299194,3.91
HK.01055,中国南方航空股份,2022-05-12 00:00:00,3.95,3.9,3.97,3.87,0.0,0.0021,8985375.0,35139114.0,-2.500000000000002,4.0
HK.01055,中国南方航空股份,2022-05-13 00:00:00,3.91,3.91,4.04,3.85,0.0,0.00569,24308061.0,94894460.0,0.2564102564102623,3.9
HK.01055,中国南方航空股份,2022-05-16 00:00:00,3.98,3.92,4.01,3.88,0.0,0.00364,15557404.0,61163463.0,0.2557544757033194,3.91
HK.01055,中国南方航空股份,2022-05-17 00:00:00,3.98,4.01,4.01,3.9,0.0,0.00342,14611062.0,57872634.0,2.295918367346935,3.92
HK.01055,中国南方航空股份,2022-05-18 00:00:00,4.02,4.02,4.04,3.94,0.0,0.00271,11604082.0,46287498.0,0.24937655860348598,4.01
HK.01055,中国南方航空股份,2022-05-19 00:00:00,3.93,4.0,4.02,3.9,0.0,0.00272,11626480.0,46165872.0,-0.4975124378109347,4.02
HK.01055,中国南方航空股份,2022-05-20 00:00:00,4.03,4.1,4.15,4.03,0.0,0.00384,16434068.0,67280486.0,2.499999999999991,4.0
HK.01055,中国南方航空股份,2022-05-23 00:00:00,4.13,4.09,4.15,4.04,0.0,0.00169,7230096.0,29550912.0,-0.24390243902438508,4.1
HK.01055,中国南方航空股份,2022-05-24 00:00:00,4.06,4.14,4.2,4.06,0.0,0.00262,11200198.0,46516163.0,1.222493887530558,4.09
HK.01055,中国南方航空股份,2022-05-25 00:00:00,4.14,4.19,4.23,4.11,0.0,0.00331,14141944.0,59262109.0,1.2077294685990512,4.14
HK.01055,中国南方航空股份,2022-05-26 00:00:00,4.24,4.24,4.27,4.15,0.0,0.00291,12459461.0,52649137.0,1.1933174224343632,4.19
HK.01055,中国南方航空股份,2022-05-27 00:00:00,4.27,4.29,4.31,4.24,0.0,0.00165,7034700.0,30055915.0,1.1792452830188638,4.24
HK.01055,中国南方航空股份,2022-05-30 00:00:00,4.34,4.37,4.4,4.32,0.0,0.00363,15535710.0,67681658.0,1.8648018648018665,4.29
HK.01055,中国南方航空股份,2022-05-31 00:00:00,4.37,4.33,4.4,4.3,0.0,0.00765,32711448.0,141881910.0,-0.9153318077803212,4.37
HK.01055,中国南方航空股份,2022-06-01 00:00:00,4.35,4.37,4.4,4.25,0.0,0.00628,26856100.0,116878097.0,0.9237875288683611,4.33
HK.01055,中国南方航空股份,2022-06-02 00:00:00,4.4,4.25,4.4,4.23,0.0,0.00159,6788000.0,29060724.0,-2.7459954233409634,4.37
HK.01055,中国南方航空股份,2022-06-06 00:00:00,4.28,4.27,4.33,4.2,0.0,0.00251,10718000.0,45658230.0,0.47058823529410765,4.25
HK.01055,中国南方航空股份,2022-06-07 00:00:00,4.31,4.25,4.31,4.17,0.0,0.00217,9269010.0,39386983.0,-0.468384074941442,4.27
HK.01055,中国南方航空股份,2022-06-08 00:00:00,4.29,4.26,4.29,4.2,0.0,0.01371,58595135.0,248227187.0,0.23529411764705382,4.25
HK.01055,中国南方航空股份,2022-06-09 00:00:00,4.26,4.22,4.28,4.19,0.0,0.00194,8293505.0,35017476.0,-0.9389671361502356,4.26
HK.01055,中国南方航空股份,2022-06-10 00:00:00,4.2,4.12,4.2,4.09,0.0,0.00286,12236569.0,50450885.0,-2.3696682464454897,4.22
HK.01055,中国南方航空股份,2022-06-13 00:00:00,4.11,3.99,4.11,3.98,0.0,0.0024,10266820.0,41260997.0,-3.15533980582524,4.12
HK.01055,中国南方航空股份,2022-06-14 00:00:00,3.94,4.01,4.02,3.88,0.0,0.00237,10133266.0,40052060.0,0.5012531328320695,3.99
HK.01055,中国南方航空股份,2022-06-15 00:00:00,3.99,3.99,4.03,3.97,0.0,0.00215,9176144.0,36745492.0,-0.49875311720697196,4.01
HK.01055,中国南方航空股份,2022-06-16 00:00:00,4.02,3.96,4.05,3.95,0.0,0.00258,11050898.0,44123025.0,-0.7518796992481265,3.99
HK.01055,中国南方航空股份,2022-06-17 00:00:00,3.96,3.91,3.97,3.85,0.0,0.00613,26205681.0,102594529.0,-1.262626262626258,3.96
HK.01055,中国南方航空股份,2022-06-20 00:00:00,3.95,4.1,4.1,3.92,0.0,0.00423,18066102.0,72927634.0,4.859335038363159,3.91
HK.01055,中国南方航空股份,2022-06-21 00:00:00,4.12,4.17,4.19,4.1,0.0,0.00378,16147650.0,67147127.0,1.7073170731707388,4.1
HK.01055,中国南方航空股份,2022-06-22 00:00:00,4.18,4.18,4.22,4.07,0.0,0.00605,25870000.0,106330188.0,0.23980815347721313,4.17
HK.01055,中国南方航空股份,2022-06-23 00:00:00,4.18,4.21,4.22,4.12,0.0,0.00225,9600000.0,39977800.0,0.7177033492823026,4.18
HK.01055,中国南方航空股份,2022-06-24 00:00:00,4.21,4.23,4.23,4.16,0.0,0.00435,18612596.0,78005347.0,0.4750593824228138,4.21
HK.01055,中国南方航空股份,2022-06-27 00:00:00,4.26,4.34,4.38,4.26,0.0,0.01027,43910000.0,189058610.0,2.600472813238757,4.23
HK.01055,中国南方航空股份,2022-06-28 00:00:00,4.36,4.57,4.62,4.24,0.0,0.01038,44381089.0,199314485.0,5.299539170506922,4.34
HK.01055,中国南方航空股份,2022-06-29 00:00:00,4.5,4.52,4.64,4.43,0.0,0.00697,29809380.0,134851183.0,-1.094091903719928,4.57
HK.01055,中国南方航空股份,2022-06-30 00:00:00,4.54,4.54,4.65,4.51,0.0,0.00516,22055664.0,101208888.0,0.4424778761062049,4.52
HK.01055,中国南方航空股份,2022-07-04 00:00:00,4.54,4.4,4.65,4.31,0.0,0.0057,24358491.0,107063726.0,-3.0837004405286272,4.54
HK.01055,中国南方航空股份,2022-07-05 00:00:00,4.46,4.48,4.58,4.37,0.0,0.00314,13444425.0,60638256.0,1.8181818181818195,4.4
HK.01055,中国南方航空股份,2022-07-06 00:00:00,4.55,4.3,4.55,4.24,0.0,0.00418,17869769.0,77378110.0,-4.017857142857156,4.48
HK.01055,中国南方航空股份,2022-07-07 00:00:00,4.3,4.46,4.48,4.26,0.0,0.00445,19039545.0,83678722.0,3.720930232558143,4.3
HK.01055,中国南方航空股份,2022-07-08 00:00:00,4.5,4.6,4.63,4.46,0.0,0.00454,19396814.0,88502657.0,3.1390134529147913,4.46
HK.01055,中国南方航空股份,2022-07-11 00:00:00,4.6,4.41,4.6,4.36,0.0,0.00268,11462800.0,50677614.0,-4.130434782608685,4.6
HK.01055,中国南方航空股份,2022-07-12 00:00:00,4.4,4.44,4.5,4.38,0.0,0.00223,9539971.0,42498880.0,0.680272108843543,4.41
HK.01055,中国南方航空股份,2022-07-13 00:00:00,4.44,4.58,4.68,4.44,0.0,0.00336,14352114.0,66234623.0,3.153153153153146,4.44
HK.01055,中国南方航空股份,2022-07-14 00:00:00,4.61,4.69,4.7,4.52,0.0,0.00354,15154515.0,70606438.0,2.401746724890837,4.58
HK.01055,中国南方航空股份,2022-07-15 00:00:00,4.68,4.5,4.68,4.5,0.0,0.00218,9336771.0,42848951.0,-4.051172707889133,4.69
HK.01055,中国南方航空股份,2022-07-18 00:00:00,4.5,4.58,4.59,4.46,0.0,0.00164,7020414.0,31939662.0,1.7777777777777795,4.5
HK.01055,中国南方航空股份,2022-07-19 00:00:00,4.58,4.53,4.58,4.46,0.0,0.00117,4990514.0,22520502.0,-1.091703056768555,4.58
HK.01055,中国南方航空股份,2022-07-20 00:00:00,4.54,4.48,4.59,4.48,0.0,0.00133,5696616.0,25750054.0,-1.1037527593818945,4.53
HK.01055,中国南方航空股份,2022-07-21 00:00:00,4.49,4.43,4.52,4.41,0.0,0.00074,3160388.0,14111923.0,-1.1160714285714444,4.48
HK.01055,中国南方航空股份,2022-07-22 00:00:00,4.43,4.42,4.49,4.39,0.0,0.00108,4623782.0,20520926.0,-0.2257336343115076,4.43
HK.01055,中国南方航空股份,2022-07-25 00:00:00,4.4,4.39,4.43,4.33,0.0,0.00121,5190002.0,22739770.0,-0.6787330316742138,4.42
HK.01055,中国南方航空股份,2022-07-26 00:00:00,4.44,4.47,4.55,4.44,0.0,0.00132,5642000.0,25393308.0,1.8223234624145803,4.39
HK.01055,中国南方航空股份,2022-07-27 00:00:00,4.54,4.49,4.54,4.43,0.0,0.00063,2682610.0,12026943.0,0.4474272930648874,4.47
HK.01055,中国南方航空股份,2022-07-28 00:00:00,4.49,4.42,4.5,4.4,0.0,0.00075,3190093.0,14141026.0,-1.5590200445434361,4.49
HK.01055,中国南方航空股份,2022-07-29 00:00:00,4.41,4.25,4.45,4.25,0.0,0.00249,10647000.0,45768820.0,-3.8461538461538445,4.42
HK.01055,中国南方航空股份,2022-08-01 00:00:00,4.26,4.28,4.36,4.21,0.0,0.0019,8131720.0,34681715.0,0.7058823529411823,4.25
HK.01055,中国南方航空股份,2022-08-02 00:00:00,4.28,4.23,4.29,4.09,0.0,0.00268,11446824.0,48158732.0,-1.1682242990654164,4.28
HK.01055,中国南方航空股份,2022-08-03 00:00:00,4.23,4.15,4.28,4.12,0.0,0.00161,6865204.0,28636565.0,-1.8912529550827437,4.23
HK.01055,中国南方航空股份,2022-08-04 00:00:00,4.15,4.24,4.28,4.14,0.0,0.00127,5423389.0,22910395.0,2.168674698795177,4.15
HK.01055,中国南方航空股份,2022-08-05 00:00:00,4.24,4.23,4.27,4.18,0.0,0.00107,4574888.0,19250956.0,-0.23584905660376854,4.24
HK.01055,中国南方航空股份,2022-08-08 00:00:00,4.25,4.28,4.31,4.21,0.0,0.00135,5774000.0,24623532.0,1.1820330969267097,4.23
HK.01055,中国南方航空股份,2022-08-09 00:00:00,4.27,4.23,4.33,4.22,0.0,0.00112,4785644.0,20425161.0,-1.1682242990654164,4.28
HK.01055,中国南方航空股份,2022-08-10 00:00:00,4.22,4.21,4.25,4.16,0.0,0.00084,3570653.0,14941522.0,-0.4728132387706964,4.23
HK.01055,中国南方航空股份,2022-08-11 00:00:00,4.21,4.27,4.28,4.21,0.0,0.00076,3548908.0,15097909.0,1.4251781472683993,4.21
HK.01055,中国南方航空股份,2022-08-12 00:00:00,4.25,4.33,4.33,4.22,0.0,0.00098,4547000.0,19467082.0,1.4051522248243677,4.27
HK.01055,中国南方航空股份,2022-08-15 00:00:00,4.28,4.25,4.35,4.22,0.0,0.00107,4978931.0,21331079.0,-1.8475750577367223,4.33
HK.01055,中国南方航空股份,2022-08-16 00:00:00,4.24,4.25,4.29,4.22,0.0,0.00063,2926000.0,12438260.0,0.0,4.25
HK.01055,中国南方航空股份,2022-08-17 00:00:00,4.23,4.29,4.31,4.23,0.0,0.0011,5092900.0,21771155.0,0.9411764705882361,4.25
HK.01055,中国南方航空股份,2022-08-18 00:00:00,4.27,4.21,4.29,4.2,0.0,0.00079,3674100.0,15541009.0,-1.8648018648018665,4.29
HK.01055,中国南方航空股份,2022-08-19 00:00:00,4.2,4.23,4.25,4.18,0.0,0.00078,3642000.0,15368358.0,0.4750593824228138,4.21
HK.01055,中国南方航空股份,2022-08-22 00:00:00,4.17,4.24,4.29,4.17,0.0,0.00098,4564000.0,19454326.0,0.23640661938533772,4.23
HK.01055,中国南方航空股份,2022-08-23 00:00:00,4.23,4.27,4.28,4.2,0.0,0.00077,3565526.0,15131944.0,0.7075471698113057,4.24
HK.01055,中国南方航空股份,2022-08-24 00:00:00,4.3,4.24,4.32,4.19,0.0,0.00052,2437964.0,10323066.0,-0.7025761124121631,4.27
HK.01055,中国南方航空股份,2022-08-25 00:00:00,4.2,4.24,4.28,4.09,0.0,0.00071,3291300.0,13917432.0,0.0,4.24
HK.01055,中国南方航空股份,2022-08-26 00:00:00,4.24,4.26,4.29,4.19,0.0,0.00112,5220000.0,22232780.0,0.4716981132075371,4.24
HK.01055,中国南方航空股份,2022-08-29 00:00:00,4.25,4.29,4.29,4.18,0.0,0.001,4636000.0,19679850.0,0.704225352112682,4.26
HK.01055,中国南方航空股份,2022-08-30 00:00:00,4.31,4.22,4.31,4.22,0.0,0.00116,5384868.0,22862712.0,-1.6317016317016382,4.29
HK.01055,中国南方航空股份,2022-08-31 00:00:00,4.18,4.25,4.25,4.16,0.0,0.00259,12040000.0,51021520.0,0.7109004739336553,4.22
HK.01055,中国南方航空股份,2022-09-01 00:00:00,4.2,4.11,4.21,4.1,0.0,0.00167,7764000.0,32143550.0,-3.2941176470588163,4.25
HK.01055,中国南方航空股份,2022-09-02 00:00:00,4.11,4.11,4.12,4.06,0.0,0.00092,4256000.0,17400280.0,0.0,4.11
HK.01055,中国南方航空股份,2022-09-05 00:00:00,4.07,4.04,4.08,3.99,0.0,0.00098,4534583.0,18245064.0,-1.7031630170316372,4.11
HK.01055,中国南方航空股份,2022-09-06 00:00:00,4.03,4.09,4.13,4.03,0.0,0.00121,5606000.0,22933680.0,1.2376237623762332,4.04
HK.01055,中国南方航空股份,2022-09-07 00:00:00,4.02,4.08,4.11,4.0,0.0,0.00117,5445622.0,22154017.0,-0.24449877750610727,4.09
HK.01055,中国南方航空股份,2022-09-08 00:00:00,4.15,4.15,4.19,4.08,0.0,0.00137,6368220.0,26330389.0,1.715686274509811,4.08
HK.01055,中国南方航空股份,2022-09-09 00:00:00,4.1,4.13,4.19,4.1,0.0,0.00092,4274102.0,17708937.0,-0.48192771084338454,4.15
HK.01055,中国南方航空股份,2022-09-13 00:00:00,4.1,4.23,4.29,4.1,0.0,0.00157,7274375.0,30795902.0,2.421307506053282,4.13
HK.01055,中国南方航空股份,2022-09-14 00:00:00,4.16,4.19,4.23,4.16,0.0,0.00097,4482028.0,18792621.0,-0.9456264775413719,4.23
HK.01055,中国南方航空股份,2022-09-15 00:00:00,4.17,4.16,4.23,4.14,0.0,0.00069,3197884.0,13350482.0,-0.7159904534606264,4.19
HK.01055,中国南方航空股份,2022-09-16 00:00:00,4.15,4.22,4.23,4.14,0.0,0.00193,8969896.0,37748215.0,1.4423076923076827,4.16
HK.01055,中国南方航空股份,2022-09-19 00:00:00,4.16,4.21,4.24,4.15,0.0,0.00114,5275388.0,22248242.0,-0.23696682464454472,4.22
HK.01055,中国南方航空股份,2022-09-20 00:00:00,4.17,4.27,4.28,4.17,0.0,0.00098,4548000.0,19253050.0,1.4251781472683993,4.21
HK.01055,中国南方航空股份,2022-09-21 00:00:00,4.23,4.22,4.27,4.2,0.0,0.0008,3694000.0,15645500.0,-1.170960187353626,4.27
HK.01055,中国南方航空股份,2022-09-22 00:00:00,4.16,4.1,4.2,4.08,0.0,0.0009,4200662.0,17286273.0,-2.8436018957346,4.22
HK.01055,中国南方航空股份,2022-09-23 00:00:00,4.1,4.12,4.15,4.06,0.0,0.00124,5757977.0,23631985.0,0.48780487804879175,4.1
HK.01055,中国南方航空股份,2022-09-26 00:00:00,4.12,4.18,4.25,4.05,0.0,0.00177,8230796.0,34505331.0,1.456310679611641,4.12
HK.01055,中国南方航空股份,2022-09-27 00:00:00,4.17,4.35,4.35,4.13,0.0,0.00215,10003000.0,42537820.0,4.066985645933013,4.18
HK.01055,中国南方航空股份,2022-09-28 00:00:00,4.32,4.26,4.32,4.23,0.0,0.00116,5371945.0,22977495.0,-2.0689655172413763,4.35
HK.01055,中国南方航空股份,2022-09-29 00:00:00,4.3,4.14,4.3,4.12,0.0,0.00083,3856000.0,16059280.0,-2.8169014084507067,4.26
HK.01055,中国南方航空股份,2022-09-30 00:00:00,4.18,4.14,4.2,4.08,0.0,0.0008,3730116.0,15420435.0,0.0,4.14
HK.01055,中国南方航空股份,2022-10-03 00:00:00,4.14,4.17,4.19,4.08,0.0,0.00098,4572831.0,19006975.0,0.7246376811594264,4.14
HK.01055,中国南方航空股份,2022-10-05 00:00:00,4.28,4.32,4.36,4.26,0.0,0.00081,3758337.0,16185896.0,3.597122302158282,4.17
HK.01055,中国南方航空股份,2022-10-06 00:00:00,4.28,4.59,4.66,4.28,0.0,0.00327,15171409.0,69034577.0,6.249999999999989,4.32
HK.01055,中国南方航空股份,2022-10-07 00:00:00,4.57,4.56,4.63,4.49,0.0,0.00171,7922000.0,36219724.0,-0.6535947712418355,4.59
HK.01055,中国南方航空股份,2022-10-10 00:00:00,4.51,4.3,4.51,4.24,0.0,0.00303,14092477.0,61124154.0,-5.701754385964907,4.56
HK.01055,中国南方航空股份,2022-10-11 00:00:00,4.3,4.03,4.3,4.03,0.0,0.0026,12078845.0,49402786.0,-6.279069767441851,4.3
HK.01055,中国南方航空股份,2022-10-12 00:00:00,4.05,4.06,4.14,4.04,0.0,0.00152,7038000.0,28640500.0,0.7444168734491157,4.03
HK.01055,中国南方航空股份,2022-10-13 00:00:00,4.05,4.01,4.09,4.01,0.0,0.00171,7933669.0,32037255.0,-1.2315270935960547,4.06
HK.01055,中国南方航空股份,2022-10-14 00:00:00,4.07,4.03,4.12,4.03,0.0,0.0014,6506059.0,26520670.0,0.49875311720699406,4.01
HK.01055,中国南方航空股份,2022-10-17 00:00:00,4.02,4.16,4.17,4.0,0.0,0.00149,6903592.0,28195727.0,3.2258064516129004,4.03
HK.01055,中国南方航空股份,2022-10-18 00:00:00,4.2,4.27,4.31,4.18,0.0,0.00269,12506145.0,53001375.0,2.6442307692307554,4.16
HK.01055,中国南方航空股份,2022-10-19 00:00:00,4.27,4.19,4.34,4.18,0.0,0.00163,7562424.0,32262752.0,-1.873536299765789,4.27
HK.01055,中国南方航空股份,2022-10-20 00:00:00,4.18,4.27,4.42,4.12,0.0,0.00187,8701944.0,37246843.0,1.9093078758949684,4.19
HK.01055,中国南方航空股份,2022-10-21 00:00:00,4.3,4.34,4.39,4.25,0.0,0.00138,6414227.0,27838875.0,1.6393442622950887,4.27
HK.01055,中国南方航空股份,2022-10-24 00:00:00,4.36,4.07,4.36,4.06,0.0,0.00149,6898134.0,28501463.0,-6.221198156682018,4.34
HK.01055,中国南方航空股份,2022-10-25 00:00:00,4.09,4.24,4.28,4.05,0.0,0.00231,10706640.0,44864604.0,4.176904176904174,4.07
HK.01055,中国南方航空股份,2022-10-26 00:00:00,4.28,4.29,4.36,4.23,0.0,0.00177,8237417.0,35377082.0,1.1792452830188638,4.24
HK.01055,中国南方航空股份,2022-10-27 00:00:00,4.3,4.27,4.42,4.25,0.0,0.00118,5464000.0,23732490.0,-0.46620046620047695,4.29
HK.01055,中国南方航空股份,2022-10-28 00:00:00,4.32,4.23,4.32,4.16,0.0,0.00126,5836000.0,24633894.0,-0.936768149882884,4.27
HK.01055,中国南方航空股份,2022-10-31 00:00:00,4.18,4.05,4.18,4.05,0.0,0.00211,9793500.0,40022675.0,-4.255319148936184,4.23
HK.01055,中国南方航空股份,2022-11-01 00:00:00,4.05,4.2,4.26,4.02,0.0,0.00213,9876000.0,40927480.0,3.7037037037037126,4.05
HK.01055,中国南方航空股份,2022-11-02 00:00:00,4.2,4.36,4.4,4.12,0.0,0.00355,16464166.0,70691727.0,3.809523809523813,4.2
HK.01055,中国南方航空股份,2022-11-03 00:00:00,4.27,4.26,4.42,4.25,0.0,0.00186,8634540.0,37249505.0,-2.293577981651388,4.36
HK.01055,中国南方航空股份,2022-11-04 00:00:00,4.26,4.57,4.61,4.26,0.0,0.00598,27781587.0,125267528.0,7.2769953051643315,4.26
HK.01055,中国南方航空股份,2022-11-07 00:00:00,4.54,4.46,4.56,4.35,0.0,0.00308,14316964.0,63595078.0,-2.407002188183814,4.57
HK.01055,中国南方航空股份,2022-11-08 00:00:00,4.47,4.44,4.47,4.37,0.0,0.00182,8472000.0,37520740.0,-0.44843049327353307,4.46
HK.01055,中国南方航空股份,2022-11-09 00:00:00,4.43,4.41,4.54,4.38,0.0,0.00154,7154844.0,31660415.0,-0.6756756756756812,4.44
HK.01055,中国南方航空股份,2022-11-10 00:00:00,4.37,4.42,4.5,4.32,0.0,0.0016,7422000.0,32850000.0,0.22675736961450763,4.41
HK.01055,中国南方航空股份,2022-11-11 00:00:00,4.6,4.57,4.65,4.39,0.0,0.00324,15029446.0,68285134.0,3.3936651583710487,4.42
HK.01055,中国南方航空股份,2022-11-14 00:00:00,4.6,4.43,4.6,4.37,0.0,0.00329,15261996.0,67681942.0,-3.0634573304157673,4.57
HK.01055,中国南方航空股份,2022-11-15 00:00:00,4.43,4.46,4.51,4.4,0.0,0.00112,5204984.0,23226963.0,0.6772009029345428,4.43
HK.01055,中国南方航空股份,2022-11-16 00:00:00,4.53,4.43,4.54,4.42,0.0,0.00147,6808617.0,30544185.0,-0.6726457399103195,4.46
HK.01055,中国南方航空股份,2022-11-17 00:00:00,4.4,4.4,4.47,4.38,0.0,0.00103,4797066.0,21150257.0,-0.6772009029345228,4.43
HK.01055,中国南方航空股份,2022-11-18 00:00:00,4.47,4.39,4.47,4.35,0.0,0.00148,6871468.0,30162236.0,-0.22727272727274261,4.4
HK.01055,中国南方航空股份,2022-11-21 00:00:00,4.34,4.19,4.36,4.17,0.0,0.00255,11848169.0,49945402.0,-4.555808656036431,4.39
HK.01055,中国南方航空股份,2022-11-22 00:00:00,4.23,4.22,4.28,4.19,0.0,0.00087,4052485.0,17153107.0,0.7159904534606052,4.19
HK.01055,中国南方航空股份,2022-11-23 00:00:00,4.24,4.25,4.26,4.21,0.0,0.00072,3350000.0,14187158.0,0.7109004739336553,4.22
HK.01055,中国南方航空股份,2022-11-24 00:00:00,4.26,4.17,4.26,4.13,0.0,0.00152,7064000.0,29436570.0,-1.8823529411764721,4.25
HK.01055,中国南方航空股份,2022-11-25 00:00:00,4.17,4.18,4.2,4.15,0.0,0.00129,5989722.0,24935506.0,0.23980815347721313,4.17
HK.01055,中国南方航空股份,2022-11-28 00:00:00,4.15,4.23,4.27,4.1,0.0,0.00257,11950464.0,50145835.0,1.1961722488038447,4.18
HK.01055,中国南方航空股份,2022-11-29 00:00:00,4.26,4.4,4.44,4.24,0.0,0.0044,20435747.0,89309085.0,4.018912529550826,4.23
HK.01055,中国南方航空股份,2022-11-30 00:00:00,4.4,4.62,4.63,4.32,0.0,0.00524,24356397.0,109238330.0,4.999999999999994,4.4
HK.01055,中国南方航空股份,2022-12-01 00:00:00,4.66,4.44,4.79,4.42,0.0,0.00474,22030052.0,99761598.0,-3.89610389610389,4.62
HK.01055,中国南方航空股份,2022-12-02 00:00:00,4.43,4.39,4.49,4.32,0.0,0.00339,15756476.0,68869394.0,-1.126126126126142,4.44
HK.01055,中国南方航空股份,2022-12-05 00:00:00,4.48,4.6,4.65,4.4,0.0,0.0056,25985622.0,118432428.0,4.783599088838268,4.39
HK.01055,中国南方航空股份,2022-12-06 00:00:00,4.6,4.7,4.71,4.5,0.0,0.00357,16583557.0,77276053.0,2.1739130434782727,4.6
HK.01055,中国南方航空股份,2022-12-07 00:00:00,4.72,4.8,5.25,4.71,0.0,0.0148,68725720.0,339436435.0,2.1276595744680775,4.7
HK.01055,中国南方航空股份,2022-12-08 00:00:00,4.88,5.08,5.12,4.86,0.0,0.00695,32276303.0,161639634.0,5.833333333333339,4.8
HK.01055,中国南方航空股份,2022-12-09 00:00:00,5.15,5.14,5.25,5.01,0.0,0.00499,23161300.0,118344423.0,1.1811023622047168,5.08
HK.01055,中国南方航空股份,2022-12-12 00:00:00,5.14,5.36,5.4,5.09,0.0,0.00739,34317966.0,182060360.0,4.280155642023359,5.14
HK.01055,中国南方航空股份,2022-12-13 00:00:00,5.3,5.34,5.57,5.27,0.0,0.00741,34394302.0,185603845.0,-0.3731343283582175,5.36
HK.01055,中国南方航空股份,2022-12-14 00:00:00,5.4,5.32,5.43,5.22,0.0,0.0039,18128586.0,96003201.0,-0.37453183520598454,5.34
HK.01055,中国南方航空股份,2022-12-15 00:00:00,5.32,5.26,5.4,5.23,0.0,0.00161,7471904.0,39377619.0,-1.1278195488721898,5.32
HK.01055,中国南方航空股份,2022-12-16 00:00:00,5.26,5.35,5.35,5.13,0.0,0.00253,11734707.0,62020970.0,1.711026615969579,5.26
HK.01055,中国南方航空股份,2022-12-19 00:00:00,5.25,5.16,5.35,5.11,0.0,0.00374,17382224.0,89857285.0,-3.5514018691588696,5.35
HK.01055,中国南方航空股份,2022-12-20 00:00:00,5.11,5.19,5.23,5.09,0.0,0.00171,7960956.0,41075091.0,0.5813953488372141,5.16
HK.01055,中国南方航空股份,2022-12-21 00:00:00,5.3,5.3,5.3,5.14,0.0,0.00114,5302151.0,27795072.0,2.11946050096338,5.19
HK.01055,中国南方航空股份,2022-12-22 00:00:00,5.4,5.33,5.4,5.27,0.0,0.0023,10696234.0,56934086.0,0.5660377358490614,5.3
HK.01055,中国南方航空股份,2022-12-23 00:00:00,5.25,5.18,5.32,5.16,0.0,0.00218,10114519.0,52741713.0,-2.814258911819894,5.33
HK.01055,中国南方航空股份,2022-12-28 00:00:00,5.22,5.14,5.33,5.12,0.0,0.00316,14680000.0,76060130.0,-0.7722007722007729,5.18
HK.01055,中国南方航空股份,2022-12-29 00:00:00,5.15,5.05,5.15,4.95,0.0,0.00224,10415029.0,52311580.0,-1.7509727626459117,5.14
HK.01055,中国南方航空股份,2022-12-30 00:00:00,5.08,5.08,5.15,5.05,0.0,0.00154,7148349.0,36514632.0,0.594059405940599,5.05
HK.01055,中国南方航空股份,2023-01-03 00:00:00,5.08,5.3,5.36,5.01,0.0,0.00405,18821205.0,99041715.0,4.330708661417318,5.08
HK.01055,中国南方航空股份,2023-01-04 00:00:00,5.31,5.43,5.44,5.25,0.0,0.00371,17212334.0,92696527.0,2.4528301886792434,5.3
HK.01055,中国南方航空股份,2023-01-05 00:00:00,5.45,5.59,5.59,5.44,0.0,0.00493,22882046.0,126839078.0,2.9465930018416233,5.43
HK.01055,中国南方航空股份,2023-01-06 00:00:00,5.6,5.31,5.6,5.29,0.0,0.00409,18996058.0,102525210.0,-5.008944543828269,5.59
HK.01055,中国南方航空股份,2023-01-09 00:00:00,5.35,5.54,5.57,5.35,0.0,0.00275,12757342.0,69534341.0,4.331450094161967,5.31
HK.01055,中国南方航空股份,2023-01-10 00:00:00,5.59,5.49,5.62,5.46,0.0,0.0024,11143000.0,61662744.0,-0.9025270758122712,5.54
HK.01055,中国南方航空股份,2023-01-11 00:00:00,5.51,5.41,5.56,5.37,0.0,0.00182,8466952.0,46099186.0,-1.4571948998178519,5.49
HK.01055,中国南方航空股份,2023-01-12 00:00:00,5.45,5.44,5.47,5.3,0.0,0.00178,8285779.0,44681899.0,0.5545286506469547,5.41
HK.01055,中国南方航空股份,2023-01-13 00:00:00,5.46,5.73,5.76,5.46,0.0,0.00654,30377106.0,172161197.0,5.330882352941177,5.44
HK.01055,中国南方航空股份,2023-01-16 00:00:00,5.66,5.69,5.73,5.59,0.0,0.00312,14476623.0,81874007.0,-0.6980802792321122,5.73
HK.01055,中国南方航空股份,2023-01-17 00:00:00,5.63,5.62,5.69,5.53,0.0,0.00345,16015118.0,90039878.0,-1.2302284710017624,5.69
HK.01055,中国南方航空股份,2023-01-18 00:00:00,5.61,5.7,5.71,5.58,0.0,0.00316,14657437.0,82974592.0,1.4234875444839872,5.62
HK.01055,中国南方航空股份,2023-01-19 00:00:00,5.64,5.57,5.64,5.52,0.0,0.00126,5851189.0,32583747.0,-2.280701754385963,5.7
HK.01055,中国南方航空股份,2023-01-20 00:00:00,5.57,5.6,5.63,5.56,0.0,0.00208,9659147.0,54127997.0,0.5385996409335612,5.57
HK.01055,中国南方航空股份,2023-01-26 00:00:00,5.6,5.53,5.64,5.48,0.0,0.00213,9912983.0,54858704.0,-1.2499999999999893,5.6
HK.01055,中国南方航空股份,2023-01-27 00:00:00,5.54,5.47,5.59,5.42,0.0,0.00223,10343212.0,56660575.0,-1.084990958408689,5.53
HK.01055,中国南方航空股份,2023-01-30 00:00:00,5.55,5.34,5.55,5.27,0.0,0.00511,23740699.0,126827314.0,-2.3765996343692852,5.47
HK.01055,中国南方航空股份,2023-01-31 00:00:00,5.28,5.2,5.38,5.15,0.0,0.00318,14746170.0,76785649.0,-2.6217228464419415,5.34
HK.01055,中国南方航空股份,2023-02-01 00:00:00,5.23,5.24,5.24,5.11,0.0,0.00375,17420331.0,90067325.0,0.7692307692307698,5.2
HK.01055,中国南方航空股份,2023-02-02 00:00:00,5.26,5.24,5.34,5.17,0.0,0.00427,19850717.0,104179342.0,0.0,5.24
HK.01055,中国南方航空股份,2023-02-03 00:00:00,5.2,5.17,5.24,5.13,0.0,0.00337,15635320.0,81229467.0,-1.3358778625954253,5.24
HK.01055,中国南方航空股份,2023-02-06 00:00:00,5.15,5.08,5.18,5.05,0.0,0.00186,8641618.0,44003279.0,-1.7408123791102486,5.17
HK.01055,中国南方航空股份,2023-02-07 00:00:00,5.08,5.08,5.13,5.06,0.0,0.00213,9901100.0,50327098.0,0.0,5.08
HK.01055,中国南方航空股份,2023-02-08 00:00:00,5.11,5.2,5.2,5.07,0.0,0.00183,8519113.0,43821944.0,2.362204724409451,5.08
HK.01055,中国南方航空股份,2023-02-09 00:00:00,5.22,5.13,5.22,5.09,0.0,0.00172,7991499.0,41131204.0,-1.3461538461538516,5.2
HK.01055,中国南方航空股份,2023-02-10 00:00:00,5.13,5.1,5.13,5.03,0.0,0.00148,6879759.0,34871972.0,-0.5847953216374318,5.13
HK.01055,中国南方航空股份,2023-02-13 00:00:00,5.02,5.36,5.37,5.0,0.0,0.00467,21669914.0,113688583.0,5.098039215686288,5.1
HK.01055,中国南方航空股份,2023-02-14 00:00:00,5.35,5.38,5.45,5.28,0.0,0.00194,8999839.0,48411430.0,0.373134328358201,5.36
HK.01055,中国南方航空股份,2023-02-15 00:00:00,5.38,5.38,5.43,5.29,0.0,0.00285,13246038.0,71044909.0,0.0,5.38
HK.01055,中国南方航空股份,2023-02-16 00:00:00,5.36,5.4,5.58,5.35,0.0,0.00235,10912887.0,59863365.0,0.3717472118959194,5.38
HK.01055,中国南方航空股份,2023-02-17 00:00:00,5.38,5.43,5.52,5.33,0.0,0.00244,11309700.0,61240014.0,0.5555555555555437,5.4
HK.01055,中国南方航空股份,2023-02-20 00:00:00,5.48,5.38,5.49,5.33,0.0,0.00184,8546998.0,46420879.0,-0.9208103130755032,5.43
HK.01055,中国南方航空股份,2023-02-21 00:00:00,5.4,5.38,5.44,5.31,0.0,0.00197,9171100.0,49169387.0,0.0,5.38
HK.01055,中国南方航空股份,2023-02-22 00:00:00,5.38,5.35,5.4,5.23,0.0,0.0021,9753047.0,51919253.0,-0.5576208178438709,5.38
HK.01055,中国南方航空股份,2023-02-23 00:00:00,5.34,5.41,5.45,5.32,0.0,0.003,13931909.0,75346929.0,1.1214953271028132,5.35
HK.01055,中国南方航空股份,2023-02-24 00:00:00,5.41,5.39,5.47,5.36,0.0,0.00219,10176208.0,54955306.0,-0.3696857670979753,5.41
HK.01055,中国南方航空股份,2023-02-27 00:00:00,5.36,5.54,5.64,5.3,0.0,0.00481,22316739.0,123058563.0,2.7829313543599326,5.39
HK.01055,中国南方航空股份,2023-02-28 00:00:00,5.55,5.72,5.74,5.55,0.0,0.00602,27943631.0,158209914.0,3.2490974729241824,5.54
HK.01055,中国南方航空股份,2023-03-01 00:00:00,5.7,5.73,5.74,5.59,0.0,0.0031,14382000.0,81525178.0,0.17482517482518664,5.72
HK.01055,中国南方航空股份,2023-03-02 00:00:00,5.74,5.93,5.95,5.72,0.0,0.00663,30811380.0,180715728.0,3.490401396160546,5.73
HK.01055,中国南方航空股份,2023-03-03 00:00:00,5.95,5.91,6.0,5.82,0.0,0.00401,18627334.0,110128342.0,-0.3372681281618815,5.93
HK.01055,中国南方航空股份,2023-03-06 00:00:00,5.95,5.86,5.98,5.85,0.0,0.00137,6364086.0,37502454.0,-0.8460236886632796,5.91
HK.01055,中国南方航空股份,2023-03-07 00:00:00,5.88,5.83,5.95,5.75,0.0,0.00218,10118084.0,58912242.0,-0.5119453924914719,5.86
HK.01055,中国南方航空股份,2023-03-08 00:00:00,5.77,5.78,5.81,5.69,0.0,0.00204,9470000.0,54608836.0,-0.8576329331046282,5.83
HK.01055,中国南方航空股份,2023-03-09 00:00:00,5.78,5.65,5.85,5.64,0.0,0.00117,5451275.0,31142178.0,-2.249134948096884,5.78
HK.01055,中国南方航空股份,2023-03-10 00:00:00,5.59,5.59,5.69,5.55,0.0,0.00161,7474150.0,42089692.0,-1.061946902654876,5.65
HK.01055,中国南方航空股份,2023-03-13 00:00:00,5.56,5.75,5.77,5.56,0.0,0.00209,9706156.0,55277474.0,2.862254025044725,5.59
HK.01055,中国南方航空股份,2023-03-14 00:00:00,5.75,5.66,5.8,5.6,0.0,0.00229,10654902.0,60930211.0,-1.5652173913043455,5.75
HK.01055,中国南方航空股份,2023-03-15 00:00:00,5.72,5.77,5.81,5.7,0.0,0.00188,8743036.0,50270910.0,1.9434628975264916,5.66
HK.01055,中国南方航空股份,2023-03-16 00:00:00,5.68,5.6,5.72,5.53,0.0,0.00226,10488803.0,58746308.0,-2.9462738301559783,5.77
HK.01055,中国南方航空股份,2023-03-17 00:00:00,5.66,5.75,5.79,5.61,0.0,0.00259,12017773.0,68446809.0,2.678571428571435,5.6
HK.01055,中国南方航空股份,2023-03-20 00:00:00,5.75,5.53,5.77,5.48,0.0,0.00184,8545100.0,47791723.0,-3.826086956521735,5.75
HK.01055,中国南方航空股份,2023-03-21 00:00:00,5.56,5.64,5.68,5.51,0.0,0.00327,15205883.0,84935628.0,1.9891500904159027,5.53
HK.01055,中国南方航空股份,2023-03-22 00:00:00,5.64,5.63,5.72,5.61,0.0,0.00093,4323482.0,24411039.0,-0.17730496453900332,5.64
HK.01055,中国南方航空股份,2023-03-23 00:00:00,5.61,5.55,5.65,5.5,0.0,0.00202,9370442.0,51985199.0,-1.420959147424513,5.63
HK.01055,中国南方航空股份,2023-03-24 00:00:00,5.51,5.46,5.59,5.4,0.0,0.00212,9847886.0,53965369.0,-1.6216216216216193,5.55
HK.01055,中国南方航空股份,2023-03-27 00:00:00,5.46,5.42,5.51,5.35,0.0,0.00131,6096000.0,33122080.0,-0.7326007326007333,5.46
HK.01055,中国南方航空股份,2023-03-28 00:00:00,5.39,5.47,5.53,5.39,0.0,0.00142,6614000.0,36100532.0,0.9225092250922476,5.42
HK.01055,中国南方航空股份,2023-03-29 00:00:00,5.44,5.42,5.57,5.36,0.0,0.00231,10724062.0,58249996.0,-0.9140767824497225,5.47
HK.01055,中国南方航空股份,2023-03-30 00:00:00,5.42,5.7,5.72,5.35,0.0,0.00161,7465007.0,41878608.0,5.16605166051661,5.42
HK.01055,中国南方航空股份,2023-03-31 00:00:00,5.74,5.6,5.75,5.6,0.0,0.00089,4134687.0,23469532.0,-1.75438596491229,5.7
HK.01055,中国南方航空股份,2023-04-03 00:00:00,5.72,5.84,5.9,5.62,0.0,0.00207,9632104.0,56086878.0,4.28571428571429,5.6
HK.01055,中国南方航空股份,2023-04-04 00:00:00,5.81,5.81,5.94,5.75,0.0,0.00107,4946311.0,28793006.0,-0.5136986301369906,5.84
HK.01055,中国南方航空股份,2023-04-06 00:00:00,5.82,5.81,5.83,5.72,0.0,0.00089,4142862.0,23954250.0,0.0,5.81
HK.01055,中国南方航空股份,2023-04-11 00:00:00,5.79,5.73,5.79,5.65,0.0,0.00199,9245766.0,52781329.0,-1.3769363166953388,5.81
HK.01055,中国南方航空股份,2023-04-12 00:00:00,5.8,5.74,5.8,5.68,0.0,0.00133,6186070.0,35442631.0,0.1745200698080242,5.73
HK.01055,中国南方航空股份,2023-04-13 00:00:00,5.69,5.7,5.7,5.58,0.0,0.00157,7278402.0,41052835.0,-0.6968641114982584,5.74
HK.01055,中国南方航空股份,2023-04-14 00:00:00,5.71,5.65,5.76,5.62,0.0,0.00072,3335232.0,18910305.0,-0.8771929824561372,5.7
HK.01055,中国南方航空股份,2023-04-17 00:00:00,5.65,5.87,5.92,5.63,0.0,0.00329,15278000.0,89394280.0,3.8938053097345082,5.65
HK.01055,中国南方航空股份,2023-04-18 00:00:00,5.83,5.82,5.91,5.75,0.0,0.00172,7968206.0,46568125.0,-0.8517887563884127,5.87
HK.01055,中国南方航空股份,2023-04-19 00:00:00,5.76,5.69,5.86,5.65,0.0,0.00132,6120032.0,34987943.0,-2.233676975945015,5.82
HK.01055,中国南方航空股份,2023-04-20 00:00:00,5.65,5.64,5.73,5.59,0.0,0.00143,6646825.0,37419278.0,-0.8787346221441249,5.69
HK.01055,中国南方航空股份,2023-04-21 00:00:00,5.6,5.57,5.62,5.52,0.0,0.0013,6054807.0,33706774.0,-1.241134751773039,5.64
HK.01055,中国南方航空股份,2023-04-24 00:00:00,5.54,5.42,5.54,5.3,0.0,0.00227,10534588.0,56713940.0,-2.6929982046678695,5.57
HK.01055,中国南方航空股份,2023-04-25 00:00:00,5.4,5.27,5.45,5.24,0.0,0.00226,10498800.0,55782241.0,-2.7675276752767592,5.42
HK.01055,中国南方航空股份,2023-04-26 00:00:00,5.29,5.38,5.42,5.25,0.0,0.00198,9190000.0,49305578.0,2.087286527514238,5.27
HK.01055,中国南方航空股份,2023-04-27 00:00:00,5.35,5.5,5.51,5.34,0.0,0.00121,5613853.0,30551142.0,2.2304832713754665,5.38
HK.01055,中国南方航空股份,2023-04-28 00:00:00,5.5,5.48,5.52,5.36,0.0,0.00196,9102000.0,49687444.0,-0.3636363636363559,5.5
HK.01055,中国南方航空股份,2023-05-02 00:00:00,5.44,5.55,5.6,5.44,0.0,0.00046,2147674.0,11892874.0,1.2773722627737116,5.48
HK.01055,中国南方航空股份,2023-05-03 00:00:00,5.46,5.48,5.5,5.36,0.0,0.00068,3168304.0,17213738.0,-1.2612612612612504,5.55
HK.01055,中国南方航空股份,2023-05-04 00:00:00,5.48,5.37,5.52,5.35,0.0,0.00162,7520510.0,40729807.0,-2.0072992700729984,5.48
HK.01055,中国南方航空股份,2023-05-05 00:00:00,5.47,5.43,5.47,5.29,0.0,0.00192,8916000.0,48030198.0,1.1173184357541828,5.37
HK.01055,中国南方航空股份,2023-05-08 00:00:00,5.4,5.26,5.44,5.18,0.0,0.00516,23984480.0,126014834.0,-3.130755064456721,5.43
HK.01055,中国南方航空股份,2023-05-09 00:00:00,5.26,5.21,5.37,5.15,0.0,0.00207,9618914.0,50489563.0,-0.9505703422053199,5.26
HK.01055,中国南方航空股份,2023-05-10 00:00:00,5.2,5.11,5.26,5.04,0.0,0.0027,12528000.0,63830390.0,-1.9193857965450989,5.21
HK.01055,中国南方航空股份,2023-05-11 00:00:00,5.1,5.06,5.13,4.98,0.0,0.00282,13100263.0,66026882.0,-0.9784735812133211,5.11
HK.01055,中国南方航空股份,2023-05-12 00:00:00,5.04,4.92,5.08,4.9,0.0,0.00263,12202000.0,60349684.0,-2.766798418972326,5.06
HK.01055,中国南方航空股份,2023-05-15 00:00:00,4.88,5.0,5.06,4.86,0.0,0.0042,19522536.0,96995845.0,1.6260162601626031,4.92
HK.01055,中国南方航空股份,2023-05-16 00:00:00,5.01,4.97,5.08,4.96,0.0,0.00124,5746000.0,28805480.0,-0.600000000000005,5.0
HK.01055,中国南方航空股份,2023-05-17 00:00:00,4.97,4.95,5.03,4.86,0.0,0.00318,14768000.0,72779792.0,-0.4024144869215206,4.97
HK.01055,中国南方航空股份,2023-05-18 00:00:00,5.0,4.95,5.03,4.94,0.0,0.00212,9849501.0,48958959.0,0.0,4.95
HK.01055,中国南方航空股份,2023-05-19 00:00:00,4.95,5.02,5.02,4.86,0.0,0.00191,8891000.0,44282944.0,1.414141414141402,4.95
HK.01055,中国南方航空股份,2023-05-22 00:00:00,5.01,5.06,5.1,4.99,0.0,0.002,9285000.0,46899278.0,0.7968127490039849,5.02
HK.01055,中国南方航空股份,2023-05-23 00:00:00,5.04,4.95,5.09,4.91,0.0,0.00204,9465000.0,47145114.0,-2.1739130434782497,5.06
HK.01055,中国南方航空股份,2023-05-24 00:00:00,4.87,4.78,4.87,4.73,0.0,0.0026,12068300.0,57746889.0,-3.434343434343433,4.95
HK.01055,中国南方航空股份,2023-05-25 00:00:00,4.74,4.65,4.74,4.57,0.0,0.0037,17196000.0,79649264.0,-2.719665271966525,4.78
HK.01055,中国南方航空股份,2023-05-29 00:00:00,4.8,4.53,4.8,4.51,0.0,0.00256,11891836.0,54629206.0,-2.5806451612903247,4.65
HK.01055,中国南方航空股份,2023-05-30 00:00:00,4.55,4.49,4.57,4.37,0.0,0.0033,15302000.0,68177670.0,-0.8830022075055195,4.53
HK.01055,中国南方航空股份,2023-05-31 00:00:00,4.49,4.51,4.54,4.45,0.0,0.00517,24022611.0,108004660.0,0.4454342984409705,4.49
HK.01055,中国南方航空股份,2023-06-01 00:00:00,4.54,4.23,4.57,4.17,0.0,0.00541,25145720.0,107677613.0,-6.208425720620828,4.51
HK.01055,中国南方航空股份,2023-06-02 00:00:00,4.3,4.33,4.38,4.22,0.0,0.00361,16781950.0,72524888.0,2.3640661938534193,4.23
HK.01055,中国南方航空股份,2023-06-05 00:00:00,4.31,4.37,4.41,4.25,0.0,0.00272,12616261.0,55093269.0,0.9237875288683611,4.33
HK.01055,中国南方航空股份,2023-06-06 00:00:00,4.36,4.32,4.43,4.29,0.0,0.00248,11511564.0,49895017.0,-1.1441647597253963,4.37
HK.01055,中国南方航空股份,2023-06-07 00:00:00,4.42,4.38,4.42,4.31,0.0,0.00199,9237000.0,40334653.0,1.3888888888888797,4.32
HK.01055,中国南方航空股份,2023-06-08 00:00:00,4.43,4.38,4.43,4.32,0.0,0.00119,5504720.0,23988400.0,0.0,4.38
HK.01055,中国南方航空股份,2023-06-09 00:00:00,4.38,4.49,4.51,4.38,0.0,0.00179,8326000.0,37284064.0,2.5114155251141628,4.38
HK.01055,中国南方航空股份,2023-06-12 00:00:00,4.45,4.48,4.54,4.42,0.0,0.0011,5106000.0,22910974.0,-0.22271714922048524,4.49
HK.01055,中国南方航空股份,2023-06-13 00:00:00,4.48,4.52,4.57,4.48,0.0,0.00109,5074053.0,22920433.0,0.8928571428571237,4.48
HK.01055,中国南方航空股份,2023-06-14 00:00:00,4.47,4.5,4.57,4.46,0.0,0.00191,8869000.0,39956232.0,-0.44247787610618533,4.52
HK.01055,中国南方航空股份,2023-06-15 00:00:00,4.5,4.56,4.56,4.45,0.0,0.00145,6749960.0,30506888.0,1.3333333333333246,4.5
HK.01055,中国南方航空股份,2023-06-16 00:00:00,4.64,4.68,4.7,4.6,0.0,0.00271,12587893.0,58582056.0,2.631578947368424,4.56
HK.01055,中国南方航空股份,2023-06-19 00:00:00,4.69,4.71,4.73,4.63,0.0,0.00174,8095054.0,37929771.0,0.6410256410256464,4.68
HK.01055,中国南方航空股份,2023-06-20 00:00:00,4.72,4.65,4.75,4.6,0.0,0.00197,9154158.0,42505211.0,-1.273885350318463,4.71
HK.01055,中国南方航空股份,2023-06-21 00:00:00,4.6,4.58,4.65,4.58,0.0,0.00109,5076633.0,23450625.0,-1.5053763440860275,4.65
HK.01055,中国南方航空股份,2023-06-23 00:00:00,4.58,4.48,4.58,4.42,0.0,0.00091,4217700.0,18856740.0,-2.18340611353711,4.58
HK.01055,中国南方航空股份,2023-06-26 00:00:00,4.43,4.45,4.53,4.43,0.0,0.00084,3910579.0,17456588.0,-0.6696428571428626,4.48
HK.01055,中国南方航空股份,2023-06-27 00:00:00,4.48,4.53,4.54,4.47,0.0,0.00064,2986197.0,13490978.0,1.7977528089887655,4.45
HK.01055,中国南方航空股份,2023-06-28 00:00:00,4.54,4.59,4.64,4.52,0.0,0.00148,6874020.0,31557314.0,1.3245033112582694,4.53
HK.01055,中国南方航空股份,2023-06-29 00:00:00,4.6,4.45,4.6,4.42,0.0,0.00178,8275000.0,36904910.0,-3.0501089324618667,4.59
HK.01055,中国南方航空股份,2023-06-30 00:00:00,4.4,4.42,4.53,4.4,0.0,0.00107,4949200.0,22112008.0,-0.674157303370792,4.45
HK.01055,中国南方航空股份,2023-07-03 00:00:00,4.42,4.79,4.82,4.42,0.0,0.00253,11761193.0,55601344.0,8.371040723981903,4.42
HK.01055,中国南方航空股份,2023-07-04 00:00:00,4.8,4.78,4.81,4.73,0.0,0.00172,7968199.0,38083665.0,-0.2087682672233776,4.79
HK.01055,中国南方航空股份,2023-07-05 00:00:00,4.74,4.65,4.74,4.65,0.0,0.00081,3769377.0,17675276.0,-2.719665271966525,4.78
HK.01055,中国南方航空股份,2023-07-06 00:00:00,4.65,4.61,4.85,4.57,0.0,0.00198,9212271.0,42767953.0,-0.8602150537634415,4.65
HK.01055,中国南方航空股份,2023-07-07 00:00:00,4.58,4.61,4.69,4.57,0.0,0.00155,7212300.0,33410692.0,0.0,4.61
HK.01055,中国南方航空股份,2023-07-10 00:00:00,4.56,4.66,4.69,4.56,0.0,0.00058,2686000.0,12501320.0,1.0845986984815579,4.61
HK.01055,中国南方航空股份,2023-07-11 00:00:00,4.7,4.72,4.74,4.66,0.0,0.00092,4277728.0,20119058.0,1.2875536480686611,4.66
HK.01055,中国南方航空股份,2023-07-12 00:00:00,4.79,4.68,4.79,4.62,0.0,0.00138,6397010.0,29808296.0,-0.8474576271186449,4.72
HK.01055,中国南方航空股份,2023-07-13 00:00:00,4.69,4.67,4.75,4.66,0.0,0.00098,4531447.0,21237751.0,-0.21367521367520914,4.68
HK.01055,中国南方航空股份,2023-07-14 00:00:00,4.76,4.69,4.76,4.62,0.0,0.00095,4434000.0,20741180.0,0.42826552462527756,4.67
HK.01055,中国南方航空股份,2023-07-18 00:00:00,4.66,4.71,4.77,4.5,0.0,0.00244,11313849.0,52706657.0,0.42643923240937254,4.69
HK.01055,中国南方航空股份,2023-07-19 00:00:00,4.7,4.63,4.7,4.58,0.0,0.00126,5836659.0,26980537.0,-1.6985138004246298,4.71
HK.01055,中国南方航空股份,2023-07-20 00:00:00,4.65,4.6,4.69,4.59,0.0,0.00086,3978000.0,18420780.0,-0.6479481641468736,4.63
HK.01055,中国南方航空股份,2023-07-21 00:00:00,4.6,4.62,4.67,4.57,0.0,0.00058,2707300.0,12491227.0,0.43478260869566226,4.6
HK.01055,中国南方航空股份,2023-07-24 00:00:00,4.6,4.7,4.74,4.6,0.0,0.00195,9066262.0,42584411.0,1.731601731601733,4.62
HK.01055,中国南方航空股份,2023-07-25 00:00:00,4.8,4.84,4.85,4.7,0.0,0.00245,11380000.0,54476260.0,2.9787234042553123,4.7
HK.01055,中国南方航空股份,2023-07-26 00:00:00,4.8,4.75,4.83,4.73,0.0,0.00084,3914000.0,18640906.0,-1.8595041322314023,4.84
HK.01055,中国南方航空股份,2023-07-27 00:00:00,4.75,4.77,4.82,4.75,0.0,0.00101,4682884.0,22420683.0,0.4210526315789384,4.75
HK.01055,中国南方航空股份,2023-07-28 00:00:00,4.72,4.79,4.82,4.7,0.0,0.00111,5140900.0,24622727.0,0.4192872117400517,4.77
HK.01055,中国南方航空股份,2023-07-31 00:00:00,4.85,4.87,4.96,4.83,0.0,0.00237,11013496.0,53974319.0,1.670146137787058,4.79
HK.01055,中国南方航空股份,2023-08-01 00:00:00,4.88,4.79,4.91,4.75,0.0,0.00116,5408000.0,26022234.0,-1.6427104722792623,4.87
HK.01055,中国南方航空股份,2023-08-02 00:00:00,4.75,4.72,4.82,4.67,0.0,0.00134,6230000.0,29454480.0,-1.4613778705636802,4.79
HK.01055,中国南方航空股份,2023-08-03 00:00:00,4.72,4.7,4.75,4.64,0.0,0.00117,5444202.0,25594795.0,-0.423728813559313,4.72
HK.01055,中国南方航空股份,2023-08-04 00:00:00,4.7,4.65,4.77,4.62,0.0,0.00111,5155622.0,24064858.0,-1.0638297872340388,4.7
HK.01055,中国南方航空股份,2023-08-07 00:00:00,4.61,4.69,4.73,4.58,0.0,0.00144,6676916.0,31180890.0,0.8602150537634415,4.65
HK.01055,中国南方航空股份,2023-08-08 00:00:00,4.66,4.58,4.69,4.58,0.0,0.00088,4072000.0,18811080.0,-2.345415778251606,4.69
HK.01055,中国南方航空股份,2023-08-09 00:00:00,4.65,4.55,4.65,4.52,0.0,0.00132,6107744.0,27787711.0,-0.6550218340611408,4.58
HK.01055,中国南方航空股份,2023-08-10 00:00:00,4.6,4.69,4.71,4.55,0.0,0.00418,19429932.0,90370101.0,3.0769230769230895,4.55
HK.01055,中国南方航空股份,2023-08-11 00:00:00,4.7,4.61,4.74,4.6,0.0,0.00215,9993085.0,46541426.0,-1.705756929637528,4.69
HK.01055,中国南方航空股份,2023-08-14 00:00:00,4.54,4.66,4.66,4.51,0.0,0.00237,11008000.0,50635750.0,1.0845986984815579,4.61
HK.01055,中国南方航空股份,2023-08-15 00:00:00,4.63,4.54,4.63,4.47,0.0,0.00171,7950870.0,36110843.0,-2.5751072961373414,4.66
HK.01055,中国南方航空股份,2023-08-16 00:00:00,4.47,4.42,4.55,4.41,0.0,0.00118,5484384.0,24568599.0,-2.643171806167403,4.54
HK.01055,中国南方航空股份,2023-08-17 00:00:00,4.35,4.41,4.44,4.3,0.0,0.00138,6399400.0,28096426.0,-0.2262443438913979,4.42
HK.01055,中国南方航空股份,2023-08-18 00:00:00,4.35,4.29,4.41,4.26,0.0,0.00177,8214690.0,35427289.0,-2.721088435374152,4.41
HK.01055,中国南方航空股份,2023-08-21 00:00:00,4.26,4.21,4.26,4.16,0.0,0.00153,7103000.0,29938470.0,-1.8648018648018665,4.29
HK.01055,中国南方航空股份,2023-08-22 00:00:00,4.21,4.21,4.29,4.17,0.0,0.00098,4549000.0,19200410.0,0.0,4.21
HK.01055,中国南方航空股份,2023-08-23 00:00:00,4.2,4.15,4.22,4.15,0.0,0.00089,4136272.0,17296913.0,-1.4251781472683993,4.21
HK.01055,中国南方航空股份,2023-08-24 00:00:00,4.17,4.21,4.27,4.17,0.0,0.00091,4216304.0,17831404.0,1.445783132530111,4.15
HK.01055,中国南方航空股份,2023-08-25 00:00:00,4.17,4.16,4.2,4.13,0.0,0.00087,4022000.0,16757090.0,-1.1876484560570029,4.21
HK.01055,中国南方航空股份,2023-08-28 00:00:00,4.22,4.19,4.3,4.15,0.0,0.00158,7324000.0,30727680.0,0.7211538461538521,4.16
HK.01055,中国南方航空股份,2023-08-29 00:00:00,4.19,4.28,4.32,4.18,0.0,0.00162,7522300.0,31947097.0,2.1479713603818578,4.19
HK.01055,中国南方航空股份,2023-08-30 00:00:00,4.3,4.22,4.33,4.2,0.0,0.00118,5484000.0,23224518.0,-1.4018691588785164,4.28
HK.01055,中国南方航空股份,2023-08-31 00:00:00,4.22,4.17,4.25,4.17,0.0,0.00106,4902002.0,20516958.0,-1.1848341232227448,4.22
HK.01055,中国南方航空股份,2023-09-04 00:00:00,4.19,4.33,4.34,4.18,0.0,0.0012,5552363.0,23692277.0,3.836930455635495,4.17
HK.01055,中国南方航空股份,2023-09-05 00:00:00,4.29,4.19,4.29,4.15,0.0,0.00183,8510138.0,35613943.0,-3.2332563510392536,4.33
HK.01055,中国南方航空股份,2023-09-06 00:00:00,4.18,4.09,4.18,4.06,0.0,0.00335,15558575.0,63748518.0,-2.3866348448687473,4.19
HK.01055,中国南方航空股份,2023-09-07 00:00:00,4.09,4.05,4.1,4.04,0.0,0.00146,6760000.0,27443860.0,-0.9779951100244507,4.09
HK.01055,中国南方航空股份,2023-09-11 00:00:00,4.04,4.08,4.08,3.96,0.0,0.00189,8762283.0,35187320.0,0.7407407407407469,4.05
HK.01055,中国南方航空股份,2023-09-12 00:00:00,4.03,4.02,4.11,3.99,0.0,0.00164,7628427.0,30814344.0,-1.4705882352941297,4.08
HK.01055,中国南方航空股份,2023-09-13 00:00:00,4.02,4.01,4.04,3.98,0.0,0.00073,3396000.0,13583179.0,-0.24875621890546734,4.02
HK.01055,中国南方航空股份,2023-09-14 00:00:00,4.01,3.99,4.06,3.99,0.0,0.00079,3650989.0,14666345.0,-0.49875311720697196,4.01
HK.01055,中国南方航空股份,2023-09-15 00:00:00,3.96,4.0,4.03,3.94,0.0,0.00117,5420000.0,21630926.0,0.25062656641603476,3.99
HK.01055,中国南方航空股份,2023-09-18 00:00:00,4.02,3.98,4.02,3.96,0.0,0.00078,3614000.0,14406162.0,-0.5000000000000004,4.0
HK.01055,中国南方航空股份,2023-09-19 00:00:00,3.98,4.0,4.0,3.95,0.0,0.00059,2740759.0,10930394.0,0.5025125628140708,3.98
HK.01055,中国南方航空股份,2023-09-20 00:00:00,3.97,3.95,3.98,3.93,0.0,0.00093,4323743.0,17137901.0,-1.2499999999999956,4.0
HK.01055,中国南方航空股份,2023-09-21 00:00:00,3.95,3.94,3.99,3.92,0.0,0.00115,5322000.0,21028500.0,-0.2531645569620311,3.95
HK.01055,中国南方航空股份,2023-09-22 00:00:00,3.92,4.0,4.01,3.92,0.0,0.00096,4471420.0,17725753.0,1.52284263959391,3.94
HK.01055,中国南方航空股份,2023-09-25 00:00:00,3.98,3.91,3.98,3.91,0.0,0.00148,6870000.0,27047580.0,-2.2499999999999964,4.0
HK.01055,中国南方航空股份,2023-09-26 00:00:00,3.91,3.82,3.91,3.81,0.0,0.00156,7222200.0,27707712.0,-2.301790281329931,3.91
HK.01055,中国南方航空股份,2023-09-27 00:00:00,3.82,3.83,3.87,3.82,0.0,0.00096,4476000.0,17206840.0,0.26178010471204793,3.82
HK.01055,中国南方航空股份,2023-09-28 00:00:00,3.83,3.72,3.83,3.69,0.0,0.00187,8690750.0,32529639.0,-2.872062663185375,3.83
HK.01055,中国南方航空股份,2023-09-29 00:00:00,3.73,3.81,3.84,3.73,0.0,0.00049,2260000.0,8577304.0,2.4193548387096735,3.72
HK.01055,中国南方航空股份,2023-10-03 00:00:00,3.81,3.75,3.81,3.69,0.0,0.00045,2082000.0,7751960.0,-1.5748031496063006,3.81
HK.01055,中国南方航空股份,2023-10-04 00:00:00,3.69,3.73,3.75,3.67,0.0,0.0004,1848646.0,6868110.0,-0.5333333333333339,3.75
HK.01055,中国南方航空股份,2023-10-05 00:00:00,3.75,3.82,3.87,3.72,0.0,0.00067,3132000.0,11992040.0,2.412868632707771,3.73
HK.01055,中国南方航空股份,2023-10-06 00:00:00,3.85,3.89,3.92,3.85,0.0,0.00028,1304000.0,5073640.0,1.8324607329843006,3.82
HK.01055,中国南方航空股份,2023-10-09 00:00:00,3.78,3.75,3.84,3.74,0.0,0.00072,3324553.0,12526877.0,-3.5989717223650417,3.89
HK.01055,中国南方航空股份,2023-10-10 00:00:00,3.76,3.75,3.83,3.74,0.0,0.00061,2835387.0,10726312.0,0.0,3.75
HK.01055,中国南方航空股份,2023-10-11 00:00:00,3.77,3.73,3.8,3.7,0.0,0.00091,4227538.0,15837345.0,-0.5333333333333339,3.75
HK.01055,中国南方航空股份,2023-10-12 00:00:00,3.76,3.83,3.84,3.76,0.0,0.00145,6744877.0,25676673.0,2.680965147453086,3.73
HK.01055,中国南方航空股份,2023-10-13 00:00:00,3.8,3.67,3.8,3.65,0.0,0.00139,6467060.0,23944278.0,-4.177545691906008,3.83
HK.01055,中国南方航空股份,2023-10-16 00:00:00,3.66,3.63,3.66,3.58,0.0,0.00079,3672200.0,13273758.0,-1.0899182561307912,3.67
HK.01055,中国南方航空股份,2023-10-17 00:00:00,3.63,3.62,3.66,3.59,0.0,0.00101,4697000.0,16990080.0,-0.275482093663906,3.63
HK.01055,中国南方航空股份,2023-10-18 00:00:00,3.62,3.51,3.62,3.5,0.0,0.00192,8930763.0,31567739.0,-3.03867403314918,3.62
HK.01055,中国南方航空股份,2023-10-19 00:00:00,3.5,3.43,3.5,3.41,0.0,0.00168,7808000.0,26836940.0,-2.2792022792022686,3.51
HK.01055,中国南方航空股份,2023-10-20 00:00:00,3.44,3.4,3.46,3.37,0.0,0.00109,5041566.0,17183714.0,-0.8746355685131266,3.43
HK.01055,中国南方航空股份,2023-10-24 00:00:00,3.39,3.39,3.42,3.33,0.0,0.00133,6180644.0,20881569.0,-0.29411764705881727,3.4
HK.01055,中国南方航空股份,2023-10-25 00:00:00,3.45,3.44,3.55,3.42,0.0,0.0015,6944280.0,24089412.0,1.4749262536873105,3.39
HK.01055,中国南方航空股份,2023-10-26 00:00:00,3.42,3.43,3.46,3.39,0.0,0.00119,5546000.0,19007930.0,-0.29069767441859845,3.44
HK.01055,中国南方航空股份,2023-10-27 00:00:00,3.48,3.57,3.61,3.44,0.0,0.00249,11556000.0,41184970.0,4.081632653061215,3.43
HK.01055,中国南方航空股份,2023-10-30 00:00:00,3.6,3.68,3.69,3.56,0.0,0.00187,8697000.0,31629200.0,3.081232492997208,3.57
HK.01055,中国南方航空股份,2023-10-31 00:00:00,3.66,3.7,3.72,3.65,0.0,0.00133,6176202.0,22767771.0,0.5434782608695656,3.68
HK.01055,中国南方航空股份,2023-11-01 00:00:00,3.7,3.7,3.74,3.64,0.0,0.00101,4704000.0,17453874.0,0.0,3.7
HK.01055,中国南方航空股份,2023-11-02 00:00:00,3.7,3.66,3.75,3.63,0.0,0.00113,5230014.0,19238184.0,-1.081081081081082,3.7
HK.01055,中国南方航空股份,2023-11-03 00:00:00,3.68,3.71,3.75,3.68,0.0,0.00061,2850254.0,10613067.0,1.36612021857923,3.66
HK.01055,中国南方航空股份,2023-11-06 00:00:00,3.73,3.77,3.81,3.73,0.0,0.00094,4378340.0,16524046.0,1.617250673854449,3.71
HK.01055,中国南方航空股份,2023-11-07 00:00:00,3.79,3.67,3.79,3.66,0.0,0.0011,5104010.0,18817920.0,-2.6525198938992065,3.77
HK.01055,中国南方航空股份,2023-11-08 00:00:00,3.69,3.73,3.76,3.69,0.0,0.00094,4364000.0,16272120.0,1.6348773841961868,3.67
HK.01055,中国南方航空股份,2023-11-09 00:00:00,3.73,3.73,3.76,3.68,0.0,0.0012,5591200.0,20949308.0,0.0,3.73
HK.01055,中国南方航空股份,2023-11-10 00:00:00,3.64,3.69,3.71,3.64,0.0,0.00054,2512000.0,9231838.0,-1.0723860589812342,3.73
HK.01055,中国南方航空股份,2023-11-13 00:00:00,3.73,3.65,3.73,3.6,0.0,0.00076,3507980.0,12759578.0,-1.084010840108402,3.69
HK.01055,中国南方航空股份,2023-11-14 00:00:00,3.65,3.67,3.7,3.64,0.0,0.00069,3222700.0,11807287.0,0.5479452054794526,3.65
HK.01055,中国南方航空股份,2023-11-15 00:00:00,3.67,3.76,3.77,3.67,0.0,0.00071,3284655.0,12242761.0,2.452316076294274,3.67
HK.01055,中国南方航空股份,2023-11-16 00:00:00,3.8,3.8,3.83,3.75,0.0,0.0011,5102428.0,19381159.0,1.0638297872340436,3.76
HK.01055,中国南方航空股份,2023-11-17 00:00:00,3.8,3.86,3.86,3.78,0.0,0.00125,5822000.0,22316980.0,1.578947368421054,3.8
HK.01055,中国南方航空股份,2023-11-20 00:00:00,3.86,3.96,3.97,3.84,0.0,0.00257,11944000.0,46902332.0,2.5906735751295358,3.86
HK.01055,中国南方航空股份,2023-11-21 00:00:00,3.99,3.89,4.02,3.82,0.0,0.0024,11132970.0,43348594.0,-1.7676767676767637,3.96
HK.01055,中国南方航空股份,2023-11-22 00:00:00,3.89,3.83,3.89,3.81,0.0,0.00069,3204000.0,12297160.0,-1.5424164524421609,3.89
HK.01055,中国南方航空股份,2023-11-23 00:00:00,3.83,3.92,3.93,3.77,0.0,0.00096,4480000.0,17312022.0,2.349869451697124,3.83
HK.01055,中国南方航空股份,2023-11-24 00:00:00,3.91,3.83,3.91,3.8,0.0,0.00073,3380000.0,12948540.0,-2.295918367346935,3.92
HK.01055,中国南方航空股份,2023-11-27 00:00:00,3.86,3.86,3.91,3.79,0.0,0.00098,4536000.0,17486674.0,0.7832898172323709,3.83
HK.01055,中国南方航空股份,2023-11-28 00:00:00,3.89,3.77,3.89,3.74,0.0,0.00127,5882600.0,22250572.0,-2.3316062176165766,3.86
HK.01055,中国南方航空股份,2023-11-29 00:00:00,3.8,3.71,3.8,3.62,0.0,0.00176,8170967.0,30020737.0,-1.591511936339524,3.77
HK.01055,中国南方航空股份,2023-11-30 00:00:00,3.71,3.75,3.79,3.64,0.0,0.00199,9236238.0,34590427.0,1.078167115902966,3.71
HK.01055,中国南方航空股份,2023-12-01 00:00:00,3.74,3.64,3.75,3.64,0.0,0.00128,5930000.0,21754540.0,-2.93333333333333,3.75
HK.01055,中国南方航空股份,2023-12-04 00:00:00,3.63,3.65,3.74,3.62,0.0,0.00119,5524752.0,20340881.0,0.27472527472526886,3.64
HK.01055,中国南方航空股份,2023-12-05 00:00:00,3.65,3.51,3.65,3.48,0.0,0.00252,11692263.0,41331789.0,-3.835616438356168,3.65
HK.01055,中国南方航空股份,2023-12-06 00:00:00,3.56,3.54,3.6,3.41,0.0,0.00161,7497126.0,26489332.0,0.8547008547008619,3.51
HK.01055,中国南方航空股份,2023-12-07 00:00:00,3.55,3.48,3.55,3.43,0.0,0.00186,8650263.0,29946172.0,-1.6949152542372896,3.54
HK.01055,中国南方航空股份,2023-12-08 00:00:00,3.5,3.43,3.56,3.42,0.0,0.0029,13468000.0,46885030.0,-1.4367816091953973,3.48
HK.01055,中国南方航空股份,2023-12-11 00:00:00,3.42,3.34,3.42,3.25,0.0,0.00337,15646000.0,51837380.0,-2.6239067055393672,3.43
HK.01055,中国南方航空股份,2023-12-12 00:00:00,3.36,3.37,3.4,3.3,0.0,0.00196,9084292.0,30518081.0,0.8982035928143787,3.34
HK.01055,中国南方航空股份,2023-12-13 00:00:00,3.36,3.25,3.36,3.21,0.0,0.00305,14174000.0,46245964.0,-3.5608308605341277,3.37
HK.01055,中国南方航空股份,2023-12-14 00:00:00,3.27,3.21,3.29,3.19,0.0,0.00292,13568119.0,43693278.0,-1.2307692307692317,3.25
HK.01055,中国南方航空股份,2023-12-15 00:00:00,3.25,3.3,3.36,3.24,0.0,0.00309,14332994.0,47382954.0,2.8037383177570048,3.21
HK.01055,中国南方航空股份,2023-12-18 00:00:00,3.3,3.26,3.35,3.26,0.0,0.00281,13052331.0,43137557.0,-1.2121212121212133,3.3
HK.01055,中国南方航空股份,2023-12-19 00:00:00,3.28,3.19,3.29,3.16,0.0,0.00158,7327450.0,23462739.0,-2.147239263803676,3.26
HK.01055,中国南方航空股份,2023-12-20 00:00:00,3.2,3.09,3.2,3.07,0.0,0.00426,19767463.0,61608083.0,-3.134796238244517,3.19
HK.01055,中国南方航空股份,2023-12-21 00:00:00,3.09,3.11,3.12,3.01,0.0,0.00338,15709010.0,48256668.0,0.647249190938512,3.09
HK.01055,中国南方航空股份,2023-12-22 00:00:00,3.11,3.11,3.16,3.05,0.0,0.00174,8064000.0,25044774.0,0.0,3.11
HK.01055,中国南方航空股份,2023-12-27 00:00:00,3.12,3.14,3.14,3.04,0.0,0.00309,14359500.0,44234836.0,0.9646302250803939,3.11
HK.01055,中国南方航空股份,2023-12-28 00:00:00,3.13,3.29,3.31,3.05,0.0,0.00353,16388000.0,53127680.0,4.777070063694264,3.14
HK.01055,中国南方航空股份,2023-12-29 00:00:00,3.26,3.31,3.32,3.21,0.0,0.0022,10223468.0,33708041.0,0.6079027355623106,3.29
HK.01055,中国南方航空股份,2024-01-02 00:00:00,3.31,3.25,3.31,3.23,0.0,0.00096,4456508.0,14507289.0,-1.8126888217522674,3.31
HK.01055,中国南方航空股份,2024-01-03 00:00:00,3.27,3.18,3.27,3.15,0.0,0.00192,8914295.0,28391694.0,-2.153846153846149,3.25
HK.01055,中国南方航空股份,2024-01-04 00:00:00,3.23,3.08,3.23,3.04,0.0,0.00306,14208000.0,43814614.0,-3.1446540880503173,3.18
HK.01055,中国南方航空股份,2024-01-05 00:00:00,3.08,3.06,3.1,3.0,0.0,0.00452,21002000.0,64137064.0,-0.6493506493506499,3.08
HK.01055,中国南方航空股份,2024-01-08 00:00:00,3.05,3.05,3.07,2.97,0.0,0.00303,14053200.0,42510580.0,-0.3267973856209226,3.06
HK.01055,中国南方航空股份,2024-01-09 00:00:00,3.03,3.08,3.14,3.0,0.0,0.00242,11248000.0,34665384.0,0.9836065573770574,3.05
HK.01055,中国南方航空股份,2024-01-10 00:00:00,3.09,3.03,3.1,3.0,0.0,0.00261,12126000.0,36897720.0,-1.6233766233766318,3.08
HK.01055,中国南方航空股份,2024-01-11 00:00:00,3.03,3.04,3.09,3.0,0.0,0.00175,8107104.0,24764085.0,0.3300330033003377,3.03
HK.01055,中国南方航空股份,2024-01-12 00:00:00,3.03,3.06,3.09,3.0,0.0,0.00184,8542908.0,26107701.0,0.6578947368421059,3.04
HK.01055,中国南方航空股份,2024-01-15 00:00:00,3.07,3.17,3.22,3.04,0.0,0.00259,12015626.0,37948696.0,3.594771241830061,3.06
HK.01055,中国南方航空股份,2024-01-16 00:00:00,3.21,3.21,3.28,3.16,0.0,0.00319,14833000.0,47770350.0,1.2618296529968467,3.17
HK.01055,中国南方航空股份,2024-01-17 00:00:00,3.18,3.07,3.19,3.01,0.0,0.00452,21003813.0,64328478.0,-4.3613707165109075,3.21
HK.01055,中国南方航空股份,2024-01-18 00:00:00,3.07,3.1,3.13,3.01,0.0,0.00255,11826000.0,36494128.0,0.977198697068412,3.07
HK.01055,中国南方航空股份,2024-01-19 00:00:00,3.06,3.06,3.11,3.04,0.0,0.00188,8753386.0,26879465.0,-1.2903225806451624,3.1
HK.01055,中国南方航空股份,2024-01-22 00:00:00,3.01,2.92,3.05,2.89,0.0,0.0033,15319227.0,45146001.0,-4.575163398692815,3.06
HK.01055,中国南方航空股份,2024-01-23 00:00:00,2.91,2.98,3.02,2.87,0.0,0.00227,10528867.0,31207312.0,2.054794520547947,2.92
HK.01055,中国南方航空股份,2024-01-24 00:00:00,2.95,3.13,3.15,2.95,0.0,0.00224,10424657.0,32097788.0,5.033557046979863,2.98
HK.01055,中国南方航空股份,2024-01-25 00:00:00,3.16,3.17,3.18,3.07,0.0,0.00361,16783730.0,52852699.0,1.2779552715654963,3.13
HK.01055,中国南方航空股份,2024-01-26 00:00:00,3.17,3.15,3.22,3.12,0.0,0.00302,14018860.0,44385871.0,-0.6309148264984233,3.17
HK.01055,中国南方航空股份,2024-01-29 00:00:00,3.16,3.11,3.22,3.1,0.0,0.00201,9320500.0,29310199.0,-1.269841269841271,3.15
HK.01055,中国南方航空股份,2024-01-30 00:00:00,3.1,2.99,3.11,2.94,0.0,0.00291,13512481.0,40596465.0,-3.8585209003215324,3.11
HK.01055,中国南方航空股份,2024-01-31 00:00:00,2.94,2.89,2.96,2.84,0.0,0.00356,16509878.0,47722948.0,-3.3444816053511732,2.99
HK.01055,中国南方航空股份,2024-02-01 00:00:00,2.89,2.84,2.92,2.82,0.0,0.00425,19748000.0,56364662.0,-1.730103806228383,2.89
HK.01055,中国南方航空股份,2024-02-02 00:00:00,2.85,2.85,2.94,2.81,0.0,0.00354,16451656.0,47245454.0,0.35211267605634616,2.84
HK.01055,中国南方航空股份,2024-02-05 00:00:00,2.85,2.77,2.86,2.72,0.0,0.00361,16787769.0,46451332.0,-2.8070175438596516,2.85
HK.01055,中国南方航空股份,2024-02-06 00:00:00,2.77,2.92,2.93,2.73,0.0,0.00295,13715755.0,39272538.0,5.415162454873642,2.77
HK.01055,中国南方航空股份,2024-02-07 00:00:00,2.92,3.01,3.05,2.92,0.0,0.00255,11850200.0,35581752.0,3.0821917808219133,2.92
HK.01055,中国南方航空股份,2024-02-08 00:00:00,2.95,3.06,3.07,2.95,0.0,0.00186,8644158.0,26324034.0,1.6611295681063212,3.01
HK.01055,中国南方航空股份,2024-02-09 00:00:00,3.01,2.94,3.01,2.89,0.0,0.00093,4336486.0,12699439.0,-3.921568627450984,3.06
HK.01055,中国南方航空股份,2024-02-14 00:00:00,2.92,2.93,2.96,2.82,0.0,0.00235,10899367.0,31663088.0,-0.3401360544217614,2.94
HK.01055,中国南方航空股份,2024-02-15 00:00:00,2.93,2.93,2.93,2.82,0.0,0.00158,7329484.0,21188465.0,0.0,2.93
HK.01055,中国南方航空股份,2024-02-16 00:00:00,2.95,3.03,3.03,2.88,0.0,0.00253,11742201.0,35134132.0,3.4129692832764382,2.93
HK.01055,中国南方航空股份,2024-02-19 00:00:00,3.03,2.99,3.06,2.97,0.0,0.00244,11338783.0,34162196.0,-1.3201320132013068,3.03
HK.01055,中国南方航空股份,2024-02-20 00:00:00,3.04,2.98,3.04,2.9,0.0,0.00319,14806000.0,43745450.0,-0.33444816053512477,2.99
HK.01055,中国南方航空股份,2024-02-21 00:00:00,2.98,3.07,3.09,2.93,0.0,0.0039,18106646.0,54968590.0,3.020134228187915,2.98
HK.01055,中国南方航空股份,2024-02-22 00:00:00,3.07,3.12,3.13,3.0,0.0,0.0028,13003000.0,40031032.0,1.6286644951140152,3.07
HK.01055,中国南方航空股份,2024-02-23 00:00:00,3.13,3.04,3.14,3.02,0.0,0.00251,11654377.0,35658656.0,-2.5641025641025665,3.12
HK.01055,中国南方航空股份,2024-02-26 00:00:00,3.04,3.0,3.07,2.98,0.0,0.00208,9672520.0,29116266.0,-1.3157894736842117,3.04
HK.01055,中国南方航空股份,2024-02-27 00:00:00,3.01,3.0,3.02,2.95,0.0,0.00337,15637536.0,46625235.0,0.0,3.0
HK.01055,中国南方航空股份,2024-02-28 00:00:00,3.0,2.91,3.02,2.91,0.0,0.00427,19820636.0,58525792.0,-2.9999999999999956,3.0
HK.01055,中国南方航空股份,2024-02-29 00:00:00,2.9,2.91,2.98,2.9,0.0,0.03595,166942301.0,486444415.0,0.0,2.91
HK.01055,中国南方航空股份,2024-03-01 00:00:00,2.94,2.86,2.97,2.84,0.0,0.00854,39647482.0,114664926.0,-1.7182130584192532,2.91
HK.01055,中国南方航空股份,2024-03-04 00:00:00,2.87,2.77,2.87,2.76,0.0,0.00284,13192183.0,36916581.0,-3.146853146853142,2.86
HK.01055,中国南方航空股份,2024-03-05 00:00:00,2.78,2.71,2.78,2.71,0.0,0.00337,15671204.0,42837708.0,-2.1660649819494604,2.77
HK.01055,中国南方航空股份,2024-03-06 00:00:00,2.73,2.73,2.76,2.69,0.0,0.00152,7078500.0,19336270.0,0.7380073800738014,2.71
HK.01055,中国南方航空股份,2024-03-07 00:00:00,2.75,2.73,2.8,2.72,0.0,0.00198,9192000.0,25331456.0,0.0,2.73
HK.01055,中国南方航空股份,2024-03-08 00:00:00,2.73,2.79,2.82,2.73,0.0,0.00169,7861500.0,21960699.0,2.1978021978021998,2.73
HK.01055,中国南方航空股份,2024-03-11 00:00:00,2.79,2.88,2.91,2.79,0.0,0.00235,10926000.0,31425792.0,3.225806451612898,2.79
HK.01055,中国南方航空股份,2024-03-12 00:00:00,2.88,3.03,3.03,2.88,0.0,0.00374,17350639.0,51941811.0,5.20833333333333,2.88
HK.01055,中国南方航空股份,2024-03-13 00:00:00,3.01,2.99,3.04,2.96,0.0,0.00278,12918752.0,38728263.0,-1.3201320132013068,3.03
HK.01055,中国南方航空股份,2024-03-14 00:00:00,3.01,3.01,3.06,2.93,0.0,0.00411,19108319.0,57371782.0,0.6688963210702198,2.99
HK.01055,中国南方航空股份,2024-03-15 00:00:00,3.01,3.0,3.03,2.94,0.0,0.00222,10317031.0,30949305.0,-0.3322259136212554,3.01
HK.01055,中国南方航空股份,2024-03-18 00:00:00,3.02,3.03,3.07,3.01,0.0,0.00122,5650000.0,17160460.0,0.9999999999999934,3.0
HK.01055,中国南方航空股份,2024-03-19 00:00:00,3.05,2.93,3.05,2.93,0.0,0.00171,7957204.0,23550991.0,-3.3003300330032888,3.03
HK.01055,中国南方航空股份,2024-03-20 00:00:00,2.95,2.91,2.95,2.9,0.0,0.00151,7025635.0,20523397.0,-0.6825938566552906,2.93
HK.01055,中国南方航空股份,2024-03-21 00:00:00,2.93,2.97,3.01,2.93,0.0,0.0019,8836380.0,26357692.0,2.0618556701030943,2.91
HK.01055,中国南方航空股份,2024-03-22 00:00:00,2.97,2.89,2.97,2.87,0.0,0.00199,9238000.0,26780480.0,-2.693602693602696,2.97
HK.01055,中国南方航空股份,2024-03-25 00:00:00,2.91,2.85,2.91,2.84,0.0,0.00168,7824043.0,22454832.0,-1.3840830449827002,2.89
HK.01055,中国南方航空股份,2024-03-26 00:00:00,2.87,2.83,2.89,2.81,0.0,0.00125,5825000.0,16525000.0,-0.7017543859649129,2.85
HK.01055,中国南方航空股份,2024-03-27 00:00:00,2.83,2.77,2.83,2.77,0.0,0.00173,8022000.0,22352720.0,-2.1201413427561855,2.83
HK.01055,中国南方航空股份,2024-03-28 00:00:00,2.81,2.81,2.85,2.78,0.0,0.00171,7952000.0,22365910.0,1.4440433212996402,2.77
HK.01055,中国南方航空股份,2024-04-02 00:00:00,2.82,2.75,2.85,2.75,0.0,0.003,13921615.0,38743231.0,-2.1352313167259807,2.81
HK.01055,中国南方航空股份,2024-04-03 00:00:00,2.78,2.76,2.79,2.74,0.0,0.0013,6024341.0,16662323.0,0.3636363636363559,2.75
HK.01055,中国南方航空股份,2024-04-05 00:00:00,2.82,2.69,2.82,2.62,0.0,0.00212,9848200.0,26351452.0,-2.5362318840579654,2.76
HK.01055,中国南方航空股份,2024-04-08 00:00:00,2.72,2.73,2.8,2.67,0.0,0.00179,8301108.0,22823404.0,1.4869888475836444,2.69
HK.01055,中国南方航空股份,2024-04-09 00:00:00,2.77,2.76,2.79,2.75,0.0,0.00102,4734879.0,13104063.0,1.0989010989010917,2.73
HK.01055,中国南方航空股份,2024-04-10 00:00:00,2.76,2.77,2.81,2.75,0.0,0.00117,5446000.0,15152152.0,0.3623188405797185,2.76
HK.01055,中国南方航空股份,2024-04-11 00:00:00,2.73,2.78,2.79,2.72,0.0,0.00107,4958476.0,13677562.0,0.36101083032490205,2.77
HK.01055,中国南方航空股份,2024-04-12 00:00:00,2.8,2.7,2.8,2.7,0.0,0.00232,10785238.0,29400930.0,-2.8776978417266053,2.78
HK.01055,中国南方航空股份,2024-04-15 00:00:00,2.68,2.65,2.7,2.65,0.0,0.00191,8877556.0,23667341.0,-1.8518518518518614,2.7
HK.01055,中国南方航空股份,2024-04-16 00:00:00,2.67,2.57,2.67,2.57,0.0,0.00293,13605052.0,35405128.0,-3.0188679245283048,2.65
HK.01055,中国南方航空股份,2024-04-17 00:00:00,2.65,2.58,2.65,2.56,0.0,0.00186,8650000.0,22442340.0,0.3891050583657678,2.57
HK.01055,中国南方航空股份,2024-04-18 00:00:00,2.6,2.68,2.72,2.6,0.0,0.00266,12332239.0,32927166.0,3.8759689922480653,2.58
HK.01055,中国南方航空股份,2024-04-19 00:00:00,2.68,2.57,2.68,2.54,0.0,0.00343,15934001.0,41090022.0,-4.10447761194031,2.68
HK.01055,中国南方航空股份,2024-04-22 00:00:00,2.58,2.63,2.67,2.58,0.0,0.00158,7328000.0,19283240.0,2.3346303501945544,2.57
HK.01055,中国南方航空股份,2024-04-23 00:00:00,2.65,2.62,2.66,2.6,0.0,0.00193,8941137.0,23431990.0,-0.3802281368821212,2.63
HK.01055,中国南方航空股份,2024-04-24 00:00:00,2.62,2.69,2.7,2.61,0.0,0.00206,9548051.0,25352853.0,2.6717557251908333,2.62
HK.01055,中国南方航空股份,2024-04-25 00:00:00,2.71,2.74,2.78,2.67,0.0,0.00254,11812883.0,32364671.0,1.8587360594795637,2.69
HK.01055,中国南方航空股份,2024-04-26 00:00:00,2.74,2.84,2.87,2.69,0.0,0.00391,18160124.0,51031284.0,3.649635036496337,2.74
HK.01055,中国南方航空股份,2024-04-29 00:00:00,2.81,2.84,2.87,2.71,0.0,0.00364,16919000.0,47513768.0,0.0,2.84
HK.01055,中国南方航空股份,2024-04-30 00:00:00,2.93,2.84,2.98,2.82,0.0,0.00392,18196868.0,52256416.0,0.0,2.84
HK.01055,中国南方航空股份,2024-05-02 00:00:00,2.88,2.99,2.99,2.81,0.0,0.00236,10954500.0,32140153.0,5.281690140845083,2.84
HK.01055,中国南方航空股份,2024-05-03 00:00:00,3.03,2.91,3.04,2.91,0.0,0.00146,6762320.0,20011247.0,-2.6755852842809387,2.99
HK.01055,中国南方航空股份,2024-05-06 00:00:00,2.95,2.95,2.99,2.89,0.0,0.0044,20420000.0,60207458.0,1.3745704467353963,2.91
HK.01055,中国南方航空股份,2024-05-07 00:00:00,2.95,2.92,2.96,2.88,0.0,0.00311,14443998.0,42029274.0,-1.0169491525423813,2.95
HK.01055,中国南方航空股份,2024-05-08 00:00:00,2.92,2.87,2.94,2.86,0.0,0.00112,5191140.0,15008948.0,-1.7123287671232816,2.92
HK.01055,中国南方航空股份,2024-05-09 00:00:00,2.9,2.98,2.98,2.89,0.0,0.00221,10251576.0,30314673.0,3.8327526132404137,2.87
HK.01055,中国南方航空股份,2024-05-10 00:00:00,2.97,3.06,3.08,2.97,0.0,0.00281,13051000.0,39627660.0,2.684563758389264,2.98
HK.01055,中国南方航空股份,2024-05-13 00:00:00,3.06,3.12,3.12,2.99,0.0,0.00291,13510430.0,41544107.0,1.960784313725492,3.06
HK.01055,中国南方航空股份,2024-05-14 00:00:00,3.13,3.06,3.13,3.03,0.0,0.00241,11186000.0,34239360.0,-1.9230769230769247,3.12
HK.01055,中国南方航空股份,2024-05-16 00:00:00,3.09,3.11,3.13,3.03,0.0,0.00299,13891333.0,43016767.0,1.6339869281045694,3.06
HK.01055,中国南方航空股份,2024-05-17 00:00:00,3.13,3.16,3.2,3.12,0.0,0.00421,19531271.0,61777498.0,1.6077170418006517,3.11
HK.01055,中国南方航空股份,2024-05-20 00:00:00,3.16,3.32,3.36,3.16,0.0,0.00986,45778280.0,150927720.0,5.063291139240497,3.16
HK.01055,中国南方航空股份,2024-05-21 00:00:00,3.32,3.27,3.33,3.24,0.0,0.00366,16999350.0,55764777.0,-1.506024096385537,3.32
HK.01055,中国南方航空股份,2024-05-22 00:00:00,3.27,3.41,3.48,3.27,0.0,0.0053,24597756.0,84056637.0,4.281345565749239,3.27
HK.01055,中国南方航空股份,2024-05-23 00:00:00,3.39,3.23,3.42,3.2,0.0,0.0066,30627498.0,100253616.0,-5.278592375366573,3.41
HK.01055,中国南方航空股份,2024-05-24 00:00:00,3.21,3.23,3.29,3.17,0.0,0.00245,11390050.0,36691674.0,0.0,3.23
HK.01055,中国南方航空股份,2024-05-27 00:00:00,3.23,3.21,3.26,3.13,0.0,0.00302,14024000.0,44755220.0,-0.6191950464396291,3.23
HK.01055,中国南方航空股份,2024-05-28 00:00:00,3.21,3.2,3.27,3.17,0.0,0.00122,5663000.0,18267550.0,-0.3115264797507722,3.21
HK.01055,中国南方航空股份,2024-05-29 00:00:00,3.17,3.18,3.22,3.17,0.0,0.00174,8082000.0,25846052.0,-0.6250000000000006,3.2
HK.01055,中国南方航空股份,2024-05-30 00:00:00,3.16,3.17,3.23,3.14,0.0,0.0013,6028000.0,19089080.0,-0.3144654088050387,3.18
HK.01055,中国南方航空股份,2024-05-31 00:00:00,3.21,3.19,3.25,3.17,0.0,0.00244,11338000.0,36449888.0,0.6309148264984233,3.17
HK.01055,中国南方航空股份,2024-06-03 00:00:00,3.21,3.18,3.26,3.13,0.0,0.00168,7780518.0,24851417.0,-0.3134796238244447,3.19
HK.01055,中国南方航空股份,2024-06-04 00:00:00,3.18,3.36,3.39,3.17,0.0,0.00514,23850291.0,79098718.0,5.660377358490557,3.18
HK.01055,中国南方航空股份,2024-06-05 00:00:00,3.38,3.27,3.44,3.25,0.0,0.00201,9355076.0,31282867.0,-2.6785714285714244,3.36
HK.01055,中国南方航空股份,2024-06-06 00:00:00,3.27,3.24,3.31,3.22,0.0,0.00122,5650000.0,18382960.0,-0.9174311926605444,3.27
HK.01055,中国南方航空股份,2024-06-07 00:00:00,3.24,3.25,3.32,3.23,0.0,0.00087,4032000.0,13210700.0,0.30864197530863535,3.24
HK.01055,中国南方航空股份,2024-06-11 00:00:00,3.25,3.14,3.25,3.12,0.0,0.00203,9423000.0,29789870.0,-3.384615384615381,3.25
HK.01055,中国南方航空股份,2024-06-12 00:00:00,3.13,3.2,3.23,3.08,0.0,0.00214,9920544.0,31416830.0,1.9108280254777086,3.14
HK.01055,中国南方航空股份,2024-06-13 00:00:00,3.2,3.12,3.23,3.1,0.0,0.00208,9640000.0,30252730.0,-2.500000000000002,3.2
HK.01055,中国南方航空股份,2024-06-14 00:00:00,3.13,3.09,3.13,3.06,0.0,0.00163,7563294.0,23379278.0,-0.9615384615384694,3.12
HK.01055,中国南方航空股份,2024-06-17 00:00:00,3.08,3.07,3.11,3.05,0.0,0.00086,3991000.0,12271490.0,-0.647249190938512,3.09
HK.01055,中国南方航空股份,2024-06-18 00:00:00,3.09,3.1,3.13,3.07,0.0,0.00128,5926065.0,18346619.0,0.977198697068412,3.07
HK.01055,中国南方航空股份,2024-06-19 00:00:00,3.16,3.13,3.18,3.1,0.0,0.00194,9026000.0,28215646.0,0.9677419354838646,3.1
HK.01055,中国南方航空股份,2024-06-20 00:00:00,3.13,3.08,3.15,3.07,0.0,0.00148,6856000.0,21182828.0,-1.5974440894568633,3.13
HK.01055,中国南方航空股份,2024-06-21 00:00:00,3.08,3.02,3.1,3.02,0.0,0.00241,11180000.0,33961060.0,-1.9480519480519498,3.08
HK.01055,中国南方航空股份,2024-06-24 00:00:00,3.06,2.99,3.06,2.93,0.0,0.00236,10958499.0,32510347.0,-0.993377483443702,3.02
HK.01055,中国南方航空股份,2024-06-25 00:00:00,2.97,2.94,2.98,2.92,0.0,0.00139,6456000.0,19003580.0,-1.6722408026755942,2.99
HK.01055,中国南方航空股份,2024-06-26 00:00:00,2.92,2.94,2.95,2.88,0.0,0.00145,6723004.0,19584621.0,0.0,2.94
HK.01055,中国南方航空股份,2024-06-27 00:00:00,2.95,2.95,3.01,2.91,0.0,0.00207,9613000.0,28554770.0,0.3401360544217766,2.94
HK.01055,中国南方航空股份,2024-06-28 00:00:00,2.94,2.92,2.99,2.92,0.0,0.00077,3588000.0,10604760.0,-1.0169491525423813,2.95
HK.01055,中国南方航空股份,2024-07-02 00:00:00,2.95,2.93,3.07,2.92,0.0,0.00291,13505000.0,40308600.0,0.34246575342466545,2.92
HK.01055,中国南方航空股份,2024-07-03 00:00:00,2.94,2.97,3.02,2.93,0.0,0.00173,8030839.0,23823558.0,1.3651877133105812,2.93
HK.01055,中国南方航空股份,2024-07-04 00:00:00,3.02,2.95,3.02,2.93,0.0,0.00112,5180220.0,15297330.0,-0.673400673400674,2.97
HK.01055,中国南方航空股份,2024-07-05 00:00:00,2.98,2.98,2.99,2.9,0.0,0.001,4636000.0,13663640.0,1.0169491525423662,2.95
HK.01055,中国南方航空股份,2024-07-08 00:00:00,2.98,2.99,3.03,2.96,0.0,0.00209,9684000.0,28968081.0,0.33557046979866545,2.98
HK.01055,中国南方航空股份,2024-07-09 00:00:00,3.0,3.06,3.08,2.97,0.0,0.00194,9000000.0,27347900.0,2.341137123745814,2.99
HK.01055,中国南方航空股份,2024-07-10 00:00:00,3.06,2.98,3.12,2.98,0.0,0.00151,6998000.0,21357320.0,-2.6143790849673225,3.06
HK.01055,中国南方航空股份,2024-07-11 00:00:00,2.98,3.07,3.1,2.98,0.0,0.00232,10778489.0,32894780.0,3.020134228187915,2.98
HK.01055,中国南方航空股份,2024-07-12 00:00:00,2.98,3.0,3.03,2.95,0.0,0.0035,16234000.0,48589380.0,-2.280130293159604,3.07
HK.01055,中国南方航空股份,2024-07-15 00:00:00,3.0,2.87,3.0,2.82,0.0,0.00417,19359364.0,55864356.0,-4.33333333333333,3.0
HK.01055,中国南方航空股份,2024-07-16 00:00:00,2.85,2.86,2.89,2.81,0.0,0.00229,10648240.0,30335464.0,-0.34843205574913694,2.87
HK.01055,中国南方航空股份,2024-07-17 00:00:00,2.87,2.88,2.91,2.83,0.0,0.00133,6168000.0,17756380.0,0.6993006993007,2.86
HK.01055,中国南方航空股份,2024-07-18 00:00:00,2.91,2.89,2.92,2.86,0.0,0.00063,2912000.0,8425300.0,0.34722222222223026,2.88
HK.01055,中国南方航空股份,2024-07-19 00:00:00,2.89,2.86,2.89,2.81,0.0,0.00241,11173000.0,31752580.0,-1.0380622837370328,2.89
HK.01055,中国南方航空股份,2024-07-22 00:00:00,2.86,2.89,2.92,2.84,0.0,0.00182,8454080.0,24520917.0,1.0489510489510576,2.86
HK.01055,中国南方航空股份,2024-07-23 00:00:00,2.9,2.85,2.91,2.83,0.0,0.00065,3026000.0,8647390.0,-1.3840830449827002,2.89
HK.01055,中国南方航空股份,2024-07-24 00:00:00,2.85,2.79,2.87,2.77,0.0,0.0023,10684000.0,30087420.0,-2.1052631578947385,2.85
HK.01055,中国南方航空股份,2024-07-25 00:00:00,2.8,2.83,2.84,2.78,0.0,0.0018,8340000.0,23416436.0,1.4336917562724028,2.79
HK.01055,中国南方航空股份,2024-07-26 00:00:00,2.85,2.87,2.91,2.85,0.0,0.00141,6560000.0,18884700.0,1.413427561837457,2.83
HK.01055,中国南方航空股份,2024-07-29 00:00:00,2.87,2.83,2.87,2.81,0.0,0.00134,6236000.0,17681480.0,-1.3937282229965169,2.87
HK.01055,中国南方航空股份,2024-07-30 00:00:00,2.8,2.82,2.84,2.78,0.0,0.00096,4448000.0,12491900.0,-0.35335689045937213,2.83
HK.01055,中国南方航空股份,2024-07-31 00:00:00,2.83,2.87,2.89,2.81,0.0,0.0007,3248889.0,9313880.0,1.7730496453900804,2.82
HK.01055,中国南方航空股份,2024-08-01 00:00:00,2.89,2.9,2.93,2.85,0.0,0.00146,6773202.0,19619149.0,1.04529616724738,2.87
HK.01055,中国南方航空股份,2024-08-02 00:00:00,2.86,2.85,2.86,2.81,0.0,0.00106,4920000.0,13980086.0,-1.7241379310344769,2.9
HK.01055,中国南方航空股份,2024-08-05 00:00:00,2.8,2.9,2.97,2.79,0.0,0.00298,13828326.0,40289438.0,1.7543859649122744,2.85
HK.01055,中国南方航空股份,2024-08-06 00:00:00,2.96,2.94,2.97,2.91,0.0,0.00163,7578000.0,22273998.0,1.3793103448275874,2.9
HK.01055,中国南方航空股份,2024-08-07 00:00:00,2.98,2.9,2.98,2.89,0.0,0.00093,4304000.0,12547780.0,-1.360544217687076,2.94
HK.01055,中国南方航空股份,2024-08-08 00:00:00,2.88,2.92,2.93,2.86,0.0,0.00062,2900000.0,8427070.0,0.6896551724137937,2.9
HK.01055,中国南方航空股份,2024-08-09 00:00:00,2.91,2.9,2.96,2.88,0.0,0.0011,5106431.0,14839462.0,-0.6849315068493157,2.92
HK.01055,中国南方航空股份,2024-08-12 00:00:00,2.9,2.86,2.9,2.84,0.0,0.00118,5464000.0,15626390.0,-1.3793103448275874,2.9
HK.01055,中国南方航空股份,2024-08-13 00:00:00,2.88,2.8,2.88,2.77,0.0,0.00248,11526267.0,32250388.0,-2.0979020979020997,2.86
HK.01055,中国南方航空股份,2024-08-14 00:00:00,2.81,2.77,2.82,2.77,0.0,0.00039,1804000.0,5029180.0,-1.0714285714285645,2.8
HK.01055,中国南方航空股份,2024-08-15 00:00:00,2.78,2.79,2.82,2.76,0.0,0.00075,3499216.0,9768038.0,0.7220216606498201,2.77
HK.01055,中国南方航空股份,2024-08-16 00:00:00,2.82,2.83,2.84,2.78,0.0,0.00072,3335000.0,9403770.0,1.4336917562724028,2.79
HK.01055,中国南方航空股份,2024-08-19 00:00:00,2.83,2.81,2.85,2.81,0.0,0.00041,1903000.0,5378760.0,-0.7067137809187285,2.83
HK.01055,中国南方航空股份,2024-08-20 00:00:00,2.83,2.84,2.85,2.79,0.0,0.001,4630000.0,13018800.0,1.0676156583629823,2.81
HK.01055,中国南方航空股份,2024-08-21 00:00:00,2.83,2.82,2.83,2.79,0.0,0.00056,2596000.0,7297680.0,-0.7042253521126767,2.84
HK.01055,中国南方航空股份,2024-08-22 00:00:00,2.84,2.8,2.85,2.77,0.0,0.00115,5324000.0,14861940.0,-0.7092198581560291,2.82
HK.01055,中国南方航空股份,2024-08-23 00:00:00,2.8,2.79,2.8,2.76,0.0,0.00048,2224000.0,6181640.0,-0.35714285714284955,2.8
HK.01055,中国南方航空股份,2024-08-26 00:00:00,2.79,2.77,2.8,2.76,0.0,0.00059,2746000.0,7617238.0,-0.7168458781362014,2.79
HK.01055,中国南方航空股份,2024-08-27 00:00:00,2.78,2.7,2.78,2.67,0.0,0.00203,9442000.0,25458590.0,-2.5270758122743624,2.77
HK.01055,中国南方航空股份,2024-08-28 00:00:00,2.7,2.7,2.72,2.65,0.0,0.00148,6881000.0,18413780.0,0.0,2.7
HK.01055,中国南方航空股份,2024-08-29 00:00:00,2.69,2.72,2.74,2.69,0.0,0.00046,2136000.0,5805320.0,0.7407407407407414,2.7
HK.01055,中国南方航空股份,2024-08-30 00:00:00,2.72,2.74,2.78,2.7,0.0,0.00114,5298000.0,14558620.0,0.7352941176470594,2.72
HK.01055,中国南方航空股份,2024-09-02 00:00:00,2.74,2.7,2.75,2.69,0.0,0.00044,2030000.0,5495674.0,-1.4598540145985412,2.74
HK.01055,中国南方航空股份,2024-09-03 00:00:00,2.71,2.71,2.72,2.68,0.0,0.00045,2093700.0,5649947.0,0.37037037037036247,2.7
HK.01055,中国南方航空股份,2024-09-04 00:00:00,2.67,2.69,2.72,2.66,0.0,0.00069,3191150.0,8565997.0,-0.7380073800738014,2.71
HK.01055,中国南方航空股份,2024-09-05 00:00:00,2.69,2.63,2.69,2.61,0.0,0.00193,8984000.0,23651660.0,-2.2304832713754665,2.69
HK.01055,中国南方航空股份,2024-09-09 00:00:00,2.62,2.63,2.67,2.59,0.0,0.00149,6935528.0,18182661.0,0.0,2.63
HK.01055,中国南方航空股份,2024-09-10 00:00:00,2.61,2.57,2.61,2.53,0.0,0.00164,7635925.0,19541912.0,-2.281368821292778,2.63
HK.01055,中国南方航空股份,2024-09-11 00:00:00,2.57,2.54,2.57,2.52,0.0,0.00097,4523188.0,11473822.0,-1.1673151750972686,2.57
HK.01055,中国南方航空股份,2024-09-12 00:00:00,2.52,2.53,2.55,2.51,0.0,0.00128,5936655.0,14962715.0,-0.39370078740158393,2.54
HK.01055,中国南方航空股份,2024-09-13 00:00:00,2.53,2.46,2.53,2.44,0.0,0.00255,11853988.0,29348589.0,-2.766798418972326,2.53
HK.01055,中国南方航空股份,2024-09-16 00:00:00,2.45,2.46,2.46,2.37,0.0,0.001,4640000.0,11160120.0,0.0,2.46
HK.01055,中国南方航空股份,2024-09-17 00:00:00,2.47,2.45,2.49,2.44,0.0,0.0004,1850000.0,4540800.0,-0.4065040650406418,2.46
HK.01055,中国南方航空股份,2024-09-19 00:00:00,2.43,2.46,2.48,2.37,0.0,0.00548,25426354.0,62079306.0,0.40816326530611374,2.45
HK.01055,中国南方航空股份,2024-09-20 00:00:00,2.48,2.43,2.48,2.39,0.0,0.00402,18692000.0,45291380.0,-1.2195121951219432,2.46
HK.01055,中国南方航空股份,2024-09-23 00:00:00,2.44,2.37,2.44,2.36,0.0,0.00439,20404000.0,48687222.0,-2.469135802469138,2.43
HK.01055,中国南方航空股份,2024-09-24 00:00:00,2.39,2.47,2.48,2.37,0.0,0.0068,31586000.0,76980920.0,4.2194092827004255,2.37
HK.01055,中国南方航空股份,2024-09-25 00:00:00,2.54,2.49,2.6,2.47,0.0,0.0096,44602000.0,113376286.0,0.8097165991902842,2.47
HK.01055,中国南方航空股份,2024-09-26 00:00:00,2.5,2.74,2.75,2.49,0.0,0.00975,45259314.0,120502365.0,10.04016064257028,2.49
HK.01055,中国南方航空股份,2024-09-27 00:00:00,2.89,3.12,3.23,2.88,0.0,0.02277,105758178.0,323729727.0,13.868613138686126,2.74
HK.01055,中国南方航空股份,2024-09-30 00:00:00,3.31,3.71,3.75,3.24,0.0,0.02516,116860309.0,407464253.0,18.910256410256405,3.12
HK.01055,中国南方航空股份,2024-10-02 00:00:00,3.68,3.44,3.7,3.34,0.0,0.01353,62835151.0,216015107.0,-7.277628032345014,3.71
HK.01055,中国南方航空股份,2024-10-03 00:00:00,3.44,3.33,3.52,3.21,0.0,0.00509,23644686.0,78787644.0,-3.197674418604648,3.44
HK.01055,中国南方航空股份,2024-10-04 00:00:00,3.35,3.38,3.42,3.3,0.0,0.00615,28574400.0,96195902.0,1.501501501501496,3.33
HK.01055,中国南方航空股份,2024-10-07 00:00:00,3.5,3.8,3.8,3.45,0.0,0.00839,38955586.0,140222283.0,12.426035502958579,3.38
HK.01055,中国南方航空股份,2024-10-08 00:00:00,3.86,3.14,3.86,3.05,0.0,0.02727,126631460.0,409457279.0,-17.36842105263157,3.8
HK.01055,中国南方航空股份,2024-10-09 00:00:00,3.17,3.08,3.26,2.96,0.0,0.01211,56216426.0,175435622.0,-1.9108280254777086,3.14
HK.01055,中国南方航空股份,2024-10-10 00:00:00,3.12,3.15,3.3,3.11,0.0,0.00892,41438899.0,132127380.0,2.2727272727272676,3.08
HK.01055,中国南方航空股份,2024-10-14 00:00:00,3.11,3.05,3.19,2.99,0.0,0.00605,28099744.0,85976777.0,-3.174603174603177,3.15
HK.01055,中国南方航空股份,2024-10-15 00:00:00,3.1,3.0,3.12,2.97,0.0,0.0037,17190000.0,52336700.0,-1.6393442622950762,3.05
HK.01055,中国南方航空股份,2024-10-16 00:00:00,3.0,3.02,3.05,2.91,0.0,0.00275,12762354.0,38361325.0,0.6666666666666672,3.0
HK.01055,中国南方航空股份,2024-10-17 00:00:00,3.04,2.92,3.08,2.92,0.0,0.00346,16083105.0,48180641.0,-3.3112582781456985,3.02
HK.01055,中国南方航空股份,2024-10-18 00:00:00,2.92,3.09,3.11,2.91,0.0,0.00542,25186000.0,75985440.0,5.821917808219176,2.92
HK.01055,中国南方航空股份,2024-10-21 00:00:00,3.09,3.07,3.13,3.05,0.0,0.00194,8997500.0,27705255.0,-0.647249190938512,3.09
HK.01055,中国南方航空股份,2024-10-22 00:00:00,3.07,3.08,3.14,3.05,0.0,0.00255,11822000.0,36522708.0,0.3257328990228089,3.07
HK.01055,中国南方航空股份,2024-10-23 00:00:00,3.08,3.11,3.16,3.06,0.0,0.00204,9464000.0,29539100.0,0.9740259740259676,3.08
HK.01055,中国南方航空股份,2024-10-24 00:00:00,3.12,3.05,3.15,3.01,0.0,0.00219,10190000.0,31192220.0,-1.9292604501607735,3.11
HK.01055,中国南方航空股份,2024-10-25 00:00:00,3.03,3.1,3.11,3.03,0.0,0.00146,6773000.0,20922430.0,1.6393442622950907,3.05
HK.01055,中国南方航空股份,2024-10-28 00:00:00,3.12,3.19,3.24,3.1,0.0,0.00523,24265000.0,77335782.0,2.903225806451608,3.1
HK.01055,中国南方航空股份,2024-10-29 00:00:00,3.25,3.22,3.31,3.2,0.0,0.00602,27960000.0,90801372.0,0.9404388714733621,3.19
HK.01055,中国南方航空股份,2024-10-30 00:00:00,3.23,3.33,3.38,3.21,0.0,0.00538,24968712.0,83116852.0,3.4161490683229774,3.22
HK.01055,中国南方航空股份,2024-10-31 00:00:00,3.33,3.39,3.47,3.32,0.0,0.00622,28882712.0,98424690.0,1.8018018018018036,3.33
HK.01055,中国南方航空股份,2024-11-01 00:00:00,3.4,3.39,3.41,3.32,0.0,0.00203,9412000.0,31719050.0,0.0,3.39
HK.01055,中国南方航空股份,2024-11-04 00:00:00,3.35,3.44,3.46,3.35,0.0,0.00287,13339000.0,45549890.0,1.4749262536873105,3.39
HK.01055,中国南方航空股份,2024-11-05 00:00:00,3.45,3.43,3.46,3.37,0.0,0.00244,11327554.0,38812296.0,-0.29069767441859845,3.44
HK.01055,中国南方航空股份,2024-11-06 00:00:00,3.38,3.42,3.49,3.37,0.0,0.00304,14108100.0,48344188.0,-0.2915451895043799,3.43
HK.01055,中国南方航空股份,2024-11-07 00:00:00,3.39,3.52,3.56,3.38,0.0,0.00466,21636000.0,75951034.0,2.9239766081871372,3.42
HK.01055,中国南方航空股份,2024-11-08 00:00:00,3.52,3.56,3.63,3.52,0.0,0.00439,20397079.0,72994825.0,1.1363636363636374,3.52
HK.01055,中国南方航空股份,2024-11-11 00:00:00,3.47,3.41,3.53,3.34,0.0,0.00508,23582196.0,80326082.0,-4.2134831460674125,3.56
HK.01055,中国南方航空股份,2024-11-12 00:00:00,3.41,3.39,3.51,3.36,0.0,0.00251,11653518.0,39904872.0,-0.5865102639296192,3.41
HK.01055,中国南方航空股份,2024-11-13 00:00:00,3.39,3.29,3.4,3.26,0.0,0.00485,22510000.0,74592726.0,-2.949852507374634,3.39
HK.01055,中国南方航空股份,2024-11-14 00:00:00,3.28,3.24,3.34,3.18,0.0,0.00442,20506208.0,66706188.0,-1.5197568389057698,3.29
HK.01055,中国南方航空股份,2024-11-15 00:00:00,3.24,3.32,3.39,3.22,0.0,0.00338,15673924.0,52208233.0,2.469135802469124,3.24
HK.01055,中国南方航空股份,2024-11-18 00:00:00,3.32,3.45,3.51,3.32,0.0,0.00565,26251530.0,90560466.0,3.91566265060242,3.32
HK.01055,中国南方航空股份,2024-11-19 00:00:00,3.43,3.48,3.5,3.43,0.0,0.00236,10972000.0,38075560.0,0.8695652173912987,3.45
HK.01055,中国南方航空股份,2024-11-20 00:00:00,3.48,3.58,3.61,3.46,0.0,0.00401,18619130.0,66546900.0,2.8735632183908075,3.48
HK.01055,中国南方航空股份,2024-11-21 00:00:00,3.58,3.58,3.62,3.51,0.0,0.00245,11393458.0,40771468.0,0.0,3.58
HK.01055,中国南方航空股份,2024-11-22 00:00:00,3.57,3.68,3.8,3.57,0.0,0.00798,37073600.0,136895222.0,2.793296089385477,3.58
HK.01055,中国南方航空股份,2024-11-25 00:00:00,3.69,3.69,3.9,3.6,0.0,0.00724,33629500.0,126811540.0,0.27173913043477677,3.68
HK.01055,中国南方航空股份,2024-11-26 00:00:00,3.7,3.76,4.0,3.66,0.0,0.00887,41177550.0,158741933.0,1.8970189701896976,3.69
HK.01055,中国南方航空股份,2024-11-27 00:00:00,3.8,3.81,3.88,3.72,0.0,0.00689,31996100.0,121714129.0,1.3297872340425603,3.76
HK.01055,中国南方航空股份,2024-11-28 00:00:00,3.82,3.82,3.91,3.78,0.0,0.00476,22110402.0,84651943.0,0.26246719160104426,3.81
HK.01055,中国南方航空股份,2024-11-29 00:00:00,3.8,3.81,3.88,3.7,0.0,0.00523,24302000.0,91537420.0,-0.26178010471203633,3.82
HK.01055,中国南方航空股份,2024-12-02 00:00:00,3.81,3.72,3.81,3.68,0.0,0.00338,15712410.0,58451814.0,-2.362204724409445,3.81
HK.01055,中国南方航空股份,2024-12-03 00:00:00,3.74,3.69,3.74,3.61,0.0,0.00325,15080560.0,55121215.0,-0.8064516129032324,3.72
HK.01055,中国南方航空股份,2024-12-04 00:00:00,3.7,3.62,3.7,3.6,0.0,0.00254,11792000.0,42844720.0,-1.8970189701896976,3.69
HK.01055,中国南方航空股份,2024-12-05 00:00:00,3.61,3.73,3.76,3.6,0.0,0.00348,16140000.0,59661190.0,3.0386740331491677,3.62
HK.01055,中国南方航空股份,2024-12-06 00:00:00,3.73,3.95,3.98,3.73,0.0,0.00541,25124220.0,98679541.0,5.8981233243967885,3.73
HK.01055,中国南方航空股份,2024-12-09 00:00:00,3.95,4.22,4.22,3.9,0.0,0.0113,52478520.0,216900204.0,6.835443037974673,3.95
HK.01055,中国南方航空股份,2024-12-10 00:00:00,4.3,4.18,4.42,4.13,0.0,0.00943,43815650.0,187794697.0,-0.9478672985782,4.22
HK.01055,中国南方航空股份,2024-12-11 00:00:00,4.15,4.27,4.37,4.1,0.0,0.00618,28721605.0,123452942.0,2.1531100478468868,4.18
HK.01055,中国南方航空股份,2024-12-12 00:00:00,4.3,4.29,4.42,4.25,0.0,0.00491,22779275.0,99159327.0,0.46838407494146284,4.27
HK.01055,中国南方航空股份,2024-12-13 00:00:00,4.3,4.24,4.34,4.21,0.0,0.00206,9547947.0,40573116.0,-1.1655011655011613,4.29
HK.01055,中国南方航空股份,2024-12-16 00:00:00,4.23,4.09,4.25,4.04,0.0,0.00278,12889500.0,52994733.0,-3.537735849056612,4.24
HK.01055,中国南方航空股份,2024-12-17 00:00:00,4.08,4.08,4.21,3.98,0.0,0.00695,32270605.0,132783938.0,-0.24449877750610727,4.09
HK.01055,中国南方航空股份,2024-12-18 00:00:00,4.09,4.0,4.13,3.97,0.0,0.00358,16622000.0,66535240.0,-1.960784313725492,4.08
HK.01055,中国南方航空股份,2024-12-19 00:00:00,4.0,4.2,4.28,3.92,0.0,0.00527,24491000.0,101545304.0,5.000000000000004,4.0
HK.01055,中国南方航空股份,2024-12-20 00:00:00,4.12,4.07,4.19,4.05,0.0,0.00407,18921562.0,77457114.0,-3.0952380952380927,4.2
HK.01055,中国南方航空股份,2024-12-23 00:00:00,4.05,4.22,4.28,4.04,0.0,0.00354,16439000.0,69019462.0,3.6855036855036722,4.07
HK.01055,中国南方航空股份,2024-12-24 00:00:00,4.22,4.16,4.28,4.16,0.0,0.00109,5046000.0,21329980.0,-1.4218009478672893,4.22
HK.01055,中国南方航空股份,2024-12-27 00:00:00,4.16,4.2,4.24,4.04,0.0,0.00272,12651314.0,53058793.0,0.9615384615384623,4.16
HK.01055,中国南方航空股份,2024-12-30 00:00:00,4.2,4.08,4.21,4.08,0.0,0.00129,5974008.0,24620250.0,-2.8571428571428594,4.2
HK.01055,中国南方航空股份,2024-12-31 00:00:00,4.11,4.08,4.12,4.05,0.0,0.00064,2962000.0,12116520.0,0.0,4.08
HK.01055,中国南方航空股份,2025-01-02 00:00:00,4.09,3.98,4.12,3.96,0.0,0.002,9265174.0,37110451.0,-2.4509803921568647,4.08
HK.01055,中国南方航空股份,2025-01-03 00:00:00,4.0,3.93,4.03,3.9,0.0,0.00123,5734239.0,22622268.0,-1.2562814070351713,3.98
HK.01055,中国南方航空股份,2025-01-06 00:00:00,3.9,3.86,3.96,3.8,0.0,0.0024,11132763.0,43158389.0,-1.781170483460567,3.93
HK.01055,中国南方航空股份,2025-01-07 00:00:00,3.8,3.86,3.9,3.8,0.0,0.0009,4169559.0,16029784.0,0.0,3.86
HK.01055,中国南方航空股份,2025-01-08 00:00:00,3.82,3.73,3.85,3.7,0.0,0.00248,11496129.0,43038359.0,-3.367875647668391,3.86
HK.01055,中国南方航空股份,2025-01-09 00:00:00,3.73,3.79,3.82,3.72,0.0,0.00118,5494000.0,20739820.0,1.6085790884718514,3.73
HK.01055,中国南方航空股份,2025-01-10 00:00:00,3.75,3.7,3.87,3.69,0.0,0.00115,5320000.0,19977860.0,-2.374670184696566,3.79
HK.01055,中国南方航空股份,2025-01-13 00:00:00,3.7,3.61,3.7,3.43,0.0,0.00647,30027679.0,105865763.0,-2.4324324324324405,3.7
HK.01055,中国南方航空股份,2025-01-14 00:00:00,3.61,4.02,4.02,3.54,0.0,0.00399,18512662.0,72217315.0,11.357340720221599,3.61
HK.01055,中国南方航空股份,2025-01-15 00:00:00,4.07,4.04,4.1,3.97,0.0,0.00178,8267084.0,33355435.0,0.4975124378109568,4.02
HK.01055,中国南方航空股份,2025-01-16 00:00:00,4.04,3.96,4.09,3.9,0.0,0.00137,6379000.0,25395400.0,-1.980198019801982,4.04
HK.01055,中国南方航空股份,2025-01-17 00:00:00,3.96,3.96,3.98,3.84,0.0,0.00124,5778000.0,22736756.0,0.0,3.96
HK.01055,中国南方航空股份,2025-01-20 00:00:00,3.93,3.93,4.08,3.92,0.0,0.00293,13616000.0,54326730.0,-0.7575757575757527,3.96
HK.01055,中国南方航空股份,2025-01-21 00:00:00,3.99,3.97,4.1,3.94,0.0,0.00437,20308200.0,81381288.0,1.0178117048346065,3.93
HK.01055,中国南方航空股份,2025-01-22 00:00:00,3.95,3.8,3.98,3.76,0.0,0.00447,20742238.0,78852956.0,-4.282115869017641,3.97
HK.01055,中国南方航空股份,2025-01-23 00:00:00,3.8,3.78,3.85,3.75,0.0,0.00351,16294000.0,61705617.0,-0.5263157894736847,3.8
HK.01055,中国南方航空股份,2025-01-24 00:00:00,3.78,3.87,3.9,3.77,0.0,0.00162,7531000.0,28992770.0,2.3809523809523894,3.78
HK.01055,中国南方航空股份,2025-01-27 00:00:00,3.85,3.7,3.85,3.68,0.0,0.00349,16200400.0,60392176.0,-4.392764857881136,3.87
HK.01055,中国南方航空股份,2025-01-28 00:00:00,3.7,3.71,3.73,3.62,0.0,0.00051,2380400.0,8777622.0,0.2702702702702645,3.7
HK.01055,中国南方航空股份,2025-02-03 00:00:00,3.71,3.61,3.71,3.58,0.0,0.00164,7618699.0,27553481.0,-2.695417789757415,3.71
HK.01055,中国南方航空股份,2025-02-04 00:00:00,3.62,3.63,3.69,3.57,0.0,0.00167,7758000.0,28128226.0,0.5540166204986154,3.61
HK.01055,中国南方航空股份,2025-02-05 00:00:00,3.61,3.51,3.67,3.48,0.0,0.00455,21141466.0,74633680.0,-3.305785123966945,3.63
HK.01055,中国南方航空股份,2025-02-06 00:00:00,3.5,3.6,3.63,3.47,0.0,0.00215,10006620.0,35846772.0,2.564102564102573,3.51
HK.01055,中国南方航空股份,2025-02-07 00:00:00,3.59,3.62,3.7,3.57,0.0,0.00181,8393400.0,30524430.0,0.555555555555556,3.6
HK.01055,中国南方航空股份,2025-02-10 00:00:00,3.62,3.66,3.68,3.61,0.0,0.00108,5014697.0,18281052.0,1.1049723756906087,3.62
HK.01055,中国南方航空股份,2025-02-11 00:00:00,3.69,3.58,3.7,3.54,0.0,0.00185,8595302.0,30912472.0,-2.1857923497267775,3.66
HK.01055,中国南方航空股份,2025-02-12 00:00:00,3.57,3.56,3.58,3.51,0.0,0.00318,14769485.0,52233890.0,-0.5586592178770954,3.58
HK.01055,中国南方航空股份,2025-02-13 00:00:00,3.56,3.52,3.6,3.5,0.0,0.00177,8234699.0,29296045.0,-1.1235955056179785,3.56
HK.01055,中国南方航空股份,2025-02-14 00:00:00,3.51,3.56,3.57,3.51,0.0,0.0013,6028000.0,21347050.0,1.1363636363636374,3.52
HK.01055,中国南方航空股份,2025-02-17 00:00:00,3.51,3.47,3.61,3.43,0.0,0.00434,20163960.0,70356734.0,-2.5280898876404456,3.56
HK.01055,中国南方航空股份,2025-02-18 00:00:00,3.45,3.43,3.5,3.4,0.0,0.00436,20247666.0,69635619.0,-1.1527377521613842,3.47
HK.01055,中国南方航空股份,2025-02-19 00:00:00,3.4,3.45,3.48,3.39,0.0,0.00124,5758003.0,19808002.0,0.5830903790087468,3.43
HK.01055,中国南方航空股份,2025-02-20 00:00:00,3.44,3.36,3.48,3.35,0.0,0.00535,24831166.0,84326606.0,-2.6086956521739215,3.45
HK.01055,中国南方航空股份,2025-02-21 00:00:00,3.38,3.37,3.43,3.31,0.0,0.00349,16227542.0,54441012.0,0.2976190476190545,3.36
HK.01055,中国南方航空股份,2025-02-24 00:00:00,3.38,3.62,3.66,3.32,0.0,0.00794,36881100.0,130999894.0,7.418397626112759,3.37
HK.01055,中国南方航空股份,2025-02-25 00:00:00,3.62,3.53,3.66,3.5,0.0,0.00236,10970350.0,39102779.0,-2.4861878453038755,3.62
HK.01055,中国南方航空股份,2025-02-26 00:00:00,3.53,3.61,3.63,3.5,0.0,0.00368,17074200.0,61164496.0,2.266288951841362,3.53
HK.01055,中国南方航空股份,2025-02-27 00:00:00,3.61,3.76,3.8,3.6,0.0,0.00787,36551247.0,136072954.0,4.15512465373961,3.61
HK.01055,中国南方航空股份,2025-02-28 00:00:00,3.75,3.71,3.86,3.67,0.0,0.00387,17985050.0,67296259.0,-1.3297872340425485,3.76
HK.01055,中国南方航空股份,2025-03-03 00:00:00,3.74,3.6,3.78,3.57,0.0,0.00278,12888755.0,46813547.0,-2.9649595687331503,3.71
HK.01055,中国南方航空股份,2025-03-04 00:00:00,3.6,3.66,3.68,3.58,0.0,0.00211,9806262.0,35675008.0,1.666666666666668,3.6
HK.01055,中国南方航空股份,2025-03-05 00:00:00,3.67,3.8,3.86,3.66,0.0,0.00557,25864282.0,98793348.0,3.825136612021849,3.66
HK.01055,中国南方航空股份,2025-03-06 00:00:00,3.85,4.04,4.05,3.83,0.0,0.00838,38935509.0,154599192.0,6.315789473684216,3.8
HK.01055,中国南方航空股份,2025-03-07 00:00:00,3.98,3.95,4.05,3.91,0.0,0.00376,17481564.0,69462297.0,-2.2277227722772244,4.04
HK.01055,中国南方航空股份,2025-03-10 00:00:00,3.97,3.82,3.97,3.77,0.0,0.0026,12064006.0,46224667.0,-3.2911392405063378,3.95
HK.01055,中国南方航空股份,2025-03-11 00:00:00,3.72,3.86,3.88,3.72,0.0,0.00166,7700689.0,29336966.0,1.0471204188481684,3.82
HK.01055,中国南方航空股份,2025-03-12 00:00:00,3.86,3.83,3.95,3.8,0.0,0.00296,13734288.0,53294271.0,-0.7772020725388551,3.86
HK.01055,中国南方航空股份,2025-03-13 00:00:00,3.82,3.73,3.86,3.65,0.0,0.00429,19924610.0,74024957.0,-2.6109660574412556,3.83
HK.01055,中国南方航空股份,2025-03-14 00:00:00,3.71,3.9,3.96,3.68,0.0,0.00412,19116158.0,73713230.0,4.55764075067024,3.73
HK.01055,中国南方航空股份,2025-03-17 00:00:00,3.91,3.95,4.07,3.91,0.0,0.00406,18858063.0,75153086.0,1.282051282051289,3.9
HK.01055,中国南方航空股份,2025-03-18 00:00:00,3.99,3.97,4.06,3.9,0.0,0.00336,15605758.0,62257590.0,0.5063291139240511,3.95
HK.01055,中国南方航空股份,2025-03-19 00:00:00,3.94,3.99,4.07,3.91,0.0,0.00305,14146382.0,56718964.0,0.5037783375314866,3.97
HK.01055,中国南方航空股份,2025-03-20 00:00:00,4.01,3.93,4.04,3.93,0.0,0.00235,10933423.0,43545001.0,-1.5037593984962419,3.99
HK.01055,中国南方航空股份,2025-03-21 00:00:00,3.92,3.78,3.92,3.74,0.0,0.00429,19909954.0,75680588.0,-3.81679389312978,3.93
HK.01055,中国南方航空股份,2025-03-24 00:00:00,3.78,3.86,3.87,3.75,0.0,0.00216,10021758.0,38293265.0,2.1164021164021185,3.78
HK.01055,中国南方航空股份,2025-03-25 00:00:00,3.8,3.99,4.04,3.8,0.0,0.00298,13845000.0,54967020.0,3.367875647668403,3.86
HK.01055,中国南方航空股份,2025-03-26 00:00:00,3.98,3.97,4.03,3.88,0.0,0.00255,11841277.0,46719308.0,-0.5012531328320806,3.99
HK.01055,中国南方航空股份,2025-03-27 00:00:00,3.96,3.98,3.99,3.88,0.0,0.00178,8275361.0,32687649.0,0.2518891687657377,3.97
HK.01055,中国南方航空股份,2025-03-28 00:00:00,4.0,3.67,4.0,3.66,0.0,0.00638,29615957.0,111286295.0,-7.788944723618092,3.98
HK.01055,中国南方航空股份,2025-03-31 00:00:00,3.67,3.55,3.7,3.45,0.0,0.00515,23917200.0,84241461.0,-3.2697547683923736,3.67
HK.01055,中国南方航空股份,2025-04-01 00:00:00,3.53,3.51,3.59,3.48,0.0,0.00252,11698160.0,41391364.0,-1.1267605633802829,3.55
HK.01055,中国南方航空股份,2025-04-02 00:00:00,3.53,3.5,3.56,3.47,0.0,0.00228,10580000.0,37056740.0,-0.28490028490027886,3.51
HK.01055,中国南方航空股份,2025-04-03 00:00:00,3.4,3.46,3.49,3.37,0.0,0.00339,15758753.0,54121931.0,-1.142857142857144,3.5
HK.01055,中国南方航空股份,2025-04-07 00:00:00,3.24,2.98,3.3,2.95,0.0,0.01318,61227338.0,187486694.0,-13.872832369942195,3.46
HK.01055,中国南方航空股份,2025-04-08 00:00:00,2.98,3.1,3.14,2.97,0.0,0.00633,29416242.0,90620140.0,4.026845637583897,2.98
HK.01055,中国南方航空股份,2025-04-09 00:00:00,3.07,3.19,3.22,2.95,0.0,0.0045,20919144.0,64862206.0,2.903225806451608,3.1
HK.01055,中国南方航空股份,2025-04-10 00:00:00,3.23,3.26,3.32,3.16,0.0,0.00566,26272000.0,85457890.0,2.194357366771155,3.19
HK.01055,中国南方航空股份,2025-04-11 00:00:00,3.26,3.29,3.4,3.25,0.0,0.00471,21859005.0,72796646.0,0.9202453987730138,3.26
HK.01055,中国南方航空股份,2025-04-14 00:00:00,3.33,3.32,3.38,3.29,0.0,0.00206,9574286.0,31900081.0,0.9118541033434591,3.29
HK.01055,中国南方航空股份,2025-04-15 00:00:00,3.32,3.28,3.38,3.23,0.0,0.00154,7129672.0,23400355.0,-1.204819277108435,3.32
HK.01055,中国南方航空股份,2025-04-16 00:00:00,3.26,3.31,3.38,3.25,0.0,0.00332,15429286.0,51167577.0,0.914634146341471,3.28
HK.01055,中国南方航空股份,2025-04-17 00:00:00,3.3,3.34,3.36,3.25,0.0,0.00228,10582000.0,35160338.0,0.9063444108761269,3.31
HK.01055,中国南方航空股份,2025-04-22 00:00:00,3.28,3.35,3.38,3.28,0.0,0.00325,15109022.0,50568443.0,0.29940119760479733,3.34
HK.01055,中国南方航空股份,2025-04-23 00:00:00,3.38,3.33,3.4,3.3,0.0,0.00174,8090589.0,27070295.0,-0.5970149253731348,3.35
HK.01055,中国南方航空股份,2025-04-24 00:00:00,3.31,3.25,3.4,3.21,0.0,0.00449,20872497.0,68518884.0,-2.4024024024024047,3.33
HK.01055,中国南方航空股份,2025-04-25 00:00:00,3.25,3.22,3.28,3.21,0.0,0.00223,10339145.0,33543772.0,-0.9230769230769171,3.25
HK.01055,中国南方航空股份,2025-04-28 00:00:00,3.23,3.18,3.23,3.14,0.0,0.00277,12866500.0,40816727.0,-1.2422360248447215,3.22
HK.01055,中国南方航空股份,2025-04-29 00:00:00,3.19,3.24,3.3,3.19,0.0,0.00148,6884000.0,22362086.0,1.8867924528301903,3.18
HK.01055,中国南方航空股份,2025-04-30 00:00:00,3.17,3.2,3.24,3.17,0.0,0.00299,13883178.0,44485380.0,-1.234567901234569,3.24
HK.01055,中国南方航空股份,2025-05-02 00:00:00,3.2,3.2,3.27,3.2,0.0,0.00049,2290000.0,7379612.0,0.0,3.2
HK.01055,中国南方航空股份,2025-05-06 00:00:00,3.27,3.41,3.48,3.27,0.0,0.00706,32784276.0,111696626.0,6.562499999999999,3.2
HK.01055,中国南方航空股份,2025-05-07 00:00:00,3.44,3.41,3.51,3.36,0.0,0.00418,19410000.0,66649512.0,0.0,3.41
HK.01055,中国南方航空股份,2025-05-08 00:00:00,3.42,3.4,3.48,3.39,0.0,0.00142,6598320.0,22739228.0,-0.2932551319648162,3.41
HK.01055,中国南方航空股份,2025-05-09 00:00:00,3.41,3.36,3.41,3.33,0.0,0.0014,6493452.0,21779017.0,-1.176470588235295,3.4
HK.01055,中国南方航空股份,2025-05-12 00:00:00,3.39,3.57,3.61,3.39,0.0,0.00477,22142315.0,77580798.0,6.249999999999999,3.36
HK.01055,中国南方航空股份,2025-05-13 00:00:00,3.58,3.55,3.61,3.5,0.0,0.00241,11175487.0,39728483.0,-0.5602240896358549,3.57
HK.01055,中国南方航空股份,2025-05-14 00:00:00,3.52,3.51,3.57,3.46,0.0,0.00179,8298000.0,29106900.0,-1.1267605633802829,3.55
HK.01055,中国南方航空股份,2025-05-15 00:00:00,3.55,3.47,3.55,3.45,0.0,0.00119,5542135.0,19315905.0,-1.139601139601128,3.51
HK.01055,中国南方航空股份,2025-05-16 00:00:00,3.45,3.54,3.67,3.44,0.0,0.00264,12276000.0,43855842.0,2.0172910662824157,3.47
HK.01055,中国南方航空股份,2025-05-19 00:00:00,3.55,3.61,3.64,3.51,0.0,0.00351,16305610.0,58742206.0,1.9774011299434981,3.54
HK.01055,中国南方航空股份,2025-05-20 00:00:00,3.61,3.63,3.63,3.53,0.0,0.00139,6474000.0,23229412.0,0.5540166204986154,3.61
HK.01055,中国南方航空股份,2025-05-21 00:00:00,3.62,3.7,3.75,3.58,0.0,0.00423,19652100.0,72691314.0,1.9283746556473909,3.63
HK.01055,中国南方航空股份,2025-05-22 00:00:00,3.69,3.73,3.83,3.69,0.0,0.0046,21360296.0,80476710.0,0.8108108108108055,3.7
HK.01055,中国南方航空股份,2025-05-23 00:00:00,3.73,3.67,3.81,3.65,0.0,0.00327,15181761.0,56731824.0,-1.6085790884718514,3.73
HK.01055,中国南方航空股份,2025-05-26 00:00:00,3.67,3.8,3.9,3.67,0.0,0.00442,20527100.0,78592609.0,3.542234332425066,3.67
HK.01055,中国南方航空股份,2025-05-27 00:00:00,3.83,3.91,3.98,3.8,0.0,0.00745,34575054.0,134221083.0,2.8947368421052717,3.8
HK.01055,中国南方航空股份,2025-05-28 00:00:00,3.91,4.01,4.06,3.91,0.0,0.00696,32320009.0,129503385.0,2.557544757033239,3.91
HK.01055,中国南方航空股份,2025-05-29 00:00:00,4.0,3.94,4.0,3.86,0.0,0.00408,18959154.0,74313882.0,-1.745635910224435,4.01
HK.01055,中国南方航空股份,2025-05-30 00:00:00,3.95,3.9,3.97,3.87,0.0,0.0019,8806000.0,34458976.0,-1.0152284263959401,3.94
HK.01055,中国南方航空股份,2025-06-02 00:00:00,3.9,3.9,3.9,3.8,0.0,0.00064,2966001.0,11394503.0,0.0,3.9
HK.01055,中国南方航空股份,2025-06-03 00:00:00,3.9,3.85,3.91,3.82,0.0,0.00259,12031413.0,46444379.0,-1.2820512820512775,3.9
HK.01055,中国南方航空股份,2025-06-04 00:00:00,3.86,3.82,3.92,3.81,0.0,0.00169,7836000.0,30236170.0,-0.7792207792207856,3.85
HK.01055,中国南方航空股份,2025-06-05 00:00:00,3.89,3.82,3.89,3.82,0.0,0.00136,6305899.0,24241136.0,0.0,3.82
HK.01055,中国南方航空股份,2025-06-06 00:00:00,3.82,3.83,3.87,3.78,0.0,0.00073,3376000.0,12935720.0,0.26178010471204793,3.82
HK.01055,中国南方航空股份,2025-06-09 00:00:00,3.85,3.83,3.9,3.79,0.0,0.00222,10326001.0,39643651.0,0.0,3.83
HK.01055,中国南方航空股份,2025-06-10 00:00:00,3.83,3.96,4.03,3.83,0.0,0.00301,13981573.0,55388936.0,3.394255874673626,3.83
HK.01055,中国南方航空股份,2025-06-11 00:00:00,3.95,4.07,4.09,3.92,0.0,0.00414,19236192.0,77238078.0,2.777777777777786,3.96
HK.01055,中国南方航空股份,2025-06-12 00:00:00,4.02,3.92,4.09,3.91,0.0,0.00283,13134000.0,52190970.0,-3.6855036855036936,4.07
HK.01055,中国南方航空股份,2025-06-13 00:00:00,3.85,3.81,3.91,3.69,0.0,0.00917,42599336.0,161696333.0,-2.806122448979589,3.92
HK.01055,中国南方航空股份,2025-06-16 00:00:00,3.81,3.86,3.87,3.67,0.0,0.00494,22948001.0,86048189.0,1.3123359580052447,3.81
HK.01055,中国南方航空股份,2025-06-17 00:00:00,3.81,3.85,3.97,3.81,0.0,0.00228,10610003.0,41282191.0,-0.25906735751294785,3.86
HK.01055,中国南方航空股份,2025-06-18 00:00:00,3.81,3.87,3.91,3.79,0.0,0.00166,7696000.0,29581077.0,0.5194805194805199,3.85
HK.01055,中国南方航空股份,2025-06-19 00:00:00,3.91,3.69,3.91,3.66,0.0,0.00329,15286400.0,57073438.0,-4.651162790697678,3.87
HK.01055,中国南方航空股份,2025-06-20 00:00:00,3.65,3.73,3.77,3.65,0.0,0.0014,6505402.0,24233788.0,1.084010840108402,3.69
HK.01055,中国南方航空股份,2025-06-23 00:00:00,3.73,3.74,3.75,3.61,0.0,0.00214,9929565.0,36611568.0,0.26809651474531454,3.73
HK.01055,中国南方航空股份,2025-06-24 00:00:00,3.84,3.88,3.95,3.81,0.0,0.00543,25230000.0,97929200.0,3.743315508021382,3.74
HK.01055,中国南方航空股份,2025-06-25 00:00:00,3.92,3.94,3.98,3.92,0.0,0.00215,9992500.0,39437440.0,1.546391752577321,3.88
HK.01055,中国南方航空股份,2025-06-26 00:00:00,3.9,4.05,4.08,3.86,0.0,0.00298,13841850.0,55506977.0,2.7918781725888295,3.94
HK.01055,中国南方航空股份,2025-06-27 00:00:00,4.08,4.01,4.08,3.95,0.0,0.00211,9801000.0,39301700.0,-0.9876543209876552,4.05
HK.01055,中国南方航空股份,2025-06-30 00:00:00,4.01,4.02,4.13,4.01,0.0,0.00234,10888001.0,44300838.0,0.24937655860348598,4.01
HK.01055,中国南方航空股份,2025-07-02 00:00:00,4.03,3.95,4.13,3.91,0.0,0.00308,14323564.0,57351025.0,-1.7412935323382936,4.02
HK.01055,中国南方航空股份,2025-07-03 00:00:00,3.94,3.91,3.99,3.9,0.0,0.00157,7307730.0,28706385.0,-1.0126582278481022,3.95
HK.01055,中国南方航空股份,2025-07-04 00:00:00,3.91,3.85,3.91,3.8,0.0,0.00334,15507700.0,59512950.0,-1.5345268542199502,3.91
HK.01055,中国南方航空股份,2025-07-07 00:00:00,3.86,3.82,3.88,3.76,0.0,0.00217,10099030.0,38455580.0,-0.7792207792207856,3.85
HK.01055,中国南方航空股份,2025-07-08 00:00:00,3.83,3.83,3.85,3.77,0.0,0.00112,5220188.0,19907440.0,0.26178010471204793,3.82
HK.01055,中国南方航空股份,2025-07-09 00:00:00,3.83,3.76,3.83,3.76,0.0,0.00143,6656200.0,25166606.0,-1.8276762402088846,3.83
HK.01055,中国南方航空股份,2025-07-10 00:00:00,3.75,3.73,3.78,3.68,0.0,0.00518,24036300.0,89234226.0,-0.7978723404255268,3.76
HK.01055,中国南方航空股份,2025-07-11 00:00:00,3.73,3.73,3.79,3.72,0.0,0.00359,16649384.0,62464535.0,0.0,3.73
HK.01055,中国南方航空股份,2025-07-14 00:00:00,3.72,3.76,3.76,3.69,0.0,0.00399,18543364.0,68990601.0,0.8042895442359197,3.73
HK.01055,中国南方航空股份,2025-07-15 00:00:00,3.73,3.64,3.75,3.58,0.0,0.00705,32760741.0,118970201.0,-3.191489361702119,3.76
HK.01055,中国南方航空股份,2025-07-16 00:00:00,3.64,3.61,3.7,3.6,0.0,0.00402,18670001.0,67757033.0,-0.824175824175831,3.64
HK.01055,中国南方航空股份,2025-07-17 00:00:00,3.59,3.64,3.66,3.59,0.0,0.00283,13137000.0,47691620.0,0.8310249307479294,3.61
HK.01055,中国南方航空股份,2025-07-18 00:00:00,3.64,3.67,3.7,3.62,0.0,0.0023,10678009.0,39032698.0,0.8241758241758188,3.64
HK.01055,中国南方航空股份,2025-07-21 00:00:00,3.67,3.72,3.75,3.63,0.0,0.00396,18383001.0,67932893.0,1.362397820163495,3.67
HK.01055,中国南方航空股份,2025-07-22 00:00:00,3.73,3.7,3.74,3.67,0.0,0.00278,12932461.0,47802047.0,-0.5376344086021511,3.72
HK.01055,中国南方航空股份,2025-07-23 00:00:00,3.74,3.77,3.91,3.74,0.0,0.00884,41059000.0,156430820.0,1.8918918918918874,3.7
HK.01055,中国南方航空股份,2025-07-24 00:00:00,3.78,3.83,3.84,3.75,0.0,0.00259,12029013.0,45816508.0,1.591511936339524,3.77
HK.01055,中国南方航空股份,2025-07-25 00:00:00,3.83,3.92,3.96,3.83,0.0,0.00672,31196367.0,121718527.0,2.349869451697124,3.83
HK.01055,中国南方航空股份,2025-07-28 00:00:00,3.92,3.79,3.92,3.76,0.0,0.00429,19912426.0,75821496.0,-3.3163265306122423,3.92
HK.01055,中国南方航空股份,2025-07-29 00:00:00,3.77,3.78,3.79,3.71,0.0,0.00364,16881000.0,63224770.0,-0.26385224274406943,3.79
HK.01055,中国南方航空股份,2025-07-30 00:00:00,3.74,3.71,3.78,3.68,0.0,0.00263,12220000.0,45501330.0,-1.8518518518518476,3.78
HK.01055,中国南方航空股份,2025-07-31 00:00:00,3.72,3.62,3.74,3.6,0.0,0.00506,23496300.0,85757932.0,-2.4258760107816673,3.71
HK.01055,中国南方航空股份,2025-08-01 00:00:00,3.63,3.62,3.66,3.59,0.0,0.0033,15321552.0,55416988.0,0.0,3.62
HK.01055,中国南方航空股份,2025-08-04 00:00:00,3.58,3.67,3.67,3.58,0.0,0.00127,5888008.0,21491929.0,1.3812154696132548,3.62
HK.01055,中国南方航空股份,2025-08-05 00:00:00,3.69,3.7,3.74,3.6,0.0,0.00278,12890000.0,47734960.0,0.8174386920980995,3.67
HK.01055,中国南方航空股份,2025-08-06 00:00:00,3.7,3.65,3.71,3.65,0.0,0.00088,4073300.0,14960771.0,-1.3513513513513586,3.7
HK.01055,中国南方航空股份,2025-08-07 00:00:00,3.66,3.72,3.73,3.65,0.0,0.00133,6163000.0,22825578.0,1.9178082191780899,3.65
HK.01055,中国南方航空股份,2025-08-08 00:00:00,3.69,3.66,3.69,3.64,0.0,0.00123,5732000.0,20994480.0,-1.6129032258064528,3.72
HK.01055,中国南方航空股份,2025-08-11 00:00:00,3.66,3.73,3.73,3.64,0.0,0.00182,8438100.0,31174563.0,1.9125683060109244,3.66
HK.01055,中国南方航空股份,2025-08-12 00:00:00,3.73,3.75,3.77,3.72,0.0,0.00154,7147852.0,26833563.0,0.5361930294906171,3.73
HK.01055,中国南方航空股份,2025-08-13 00:00:00,3.77,3.85,3.88,3.76,0.0,0.00434,20139000.0,77241800.0,2.6666666666666687,3.75
HK.01055,中国南方航空股份,2025-08-14 00:00:00,3.85,3.82,3.87,3.79,0.0,0.0018,8360204.0,31885298.0,-0.7792207792207856,3.85
HK.01055,中国南方航空股份,2025-08-15 00:00:00,3.84,4.04,4.06,3.79,0.0,0.01258,58441000.0,233102086.0,5.759162303664927,3.82
HK.01055,中国南方航空股份,2025-08-18 00:00:00,4.04,3.98,4.07,3.96,0.0,0.00258,11994330.0,47913224.0,-1.4851485148514865,4.04
HK.01055,中国南方航空股份,2025-08-19 00:00:00,3.97,3.97,4.0,3.93,0.0,0.00409,18973050.0,75083810.0,-0.2512562814070298,3.98
HK.01055,中国南方航空股份,2025-08-20 00:00:00,3.97,3.94,3.97,3.87,0.0,0.00289,13408200.0,52406678.0,-0.7556675062972354,3.97
HK.01055,中国南方航空股份,2025-08-21 00:00:00,3.96,3.96,4.06,3.92,0.0,0.00434,20146877.0,80495150.0,0.5076142131979701,3.94
HK.01055,中国南方航空股份,2025-08-22 00:00:00,3.94,3.89,3.96,3.8,0.0,0.00646,30004309.0,115207546.0,-1.7676767676767637,3.96
HK.01055,中国南方航空股份,2025-08-25 00:00:00,3.93,3.98,3.99,3.87,0.0,0.00295,13681050.0,53925126.0,2.3136246786632353,3.89
HK.01055,中国南方航空股份,2025-08-26 00:00:00,4.0,4.0,4.06,3.95,0.0,0.00268,12461000.0,49966105.0,0.5025125628140708,3.98
HK.01055,中国南方航空股份,2025-08-27 00:00:00,3.96,3.94,4.02,3.88,0.0,0.0043,19984000.0,78498220.0,-1.5000000000000013,4.0
HK.01055,中国南方航空股份,2025-08-28 00:00:00,3.94,3.95,3.97,3.88,0.0,0.00209,9699000.0,38029802.0,0.25380710659899064,3.94
HK.01055,中国南方航空股份,2025-08-29 00:00:00,3.97,3.85,4.05,3.83,0.0,0.0047,21823000.0,84824350.0,-2.531645569620255,3.95
HK.01055,中国南方航空股份,2025-09-01 00:00:00,3.85,3.83,3.9,3.8,0.0,0.00334,15508409.0,59508380.0,-0.5194805194805199,3.85
HK.01055,中国南方航空股份,2025-09-02 00:00:00,3.8,3.79,3.84,3.74,0.0,0.00264,12254000.0,46338620.0,-1.044386422976502,3.83
HK.01055,中国南方航空股份,2025-09-03 00:00:00,3.78,3.7,3.82,3.68,0.0,0.00336,15620852.0,58135389.0,-2.374670184696566,3.79
HK.01055,中国南方航空股份,2025-09-04 00:00:00,3.7,3.68,3.73,3.64,0.0,0.00397,18421624.0,67658242.0,-0.540540540540541,3.7
HK.01055,中国南方航空股份,2025-09-05 00:00:00,3.7,3.72,3.74,3.66,0.0,0.00392,18194000.0,67203848.0,1.0869565217391313,3.68
HK.01055,中国南方航空股份,2025-09-08 00:00:00,3.73,3.86,3.89,3.73,0.0,0.0048,22302100.0,85956238.0,3.763440860215045,3.72
HK.01055,中国南方航空股份,2025-09-09 00:00:00,3.86,3.84,3.89,3.8,0.0,0.00169,7866000.0,30208880.0,-0.5181347150259072,3.86
HK.01055,中国南方航空股份,2025-09-10 00:00:00,3.85,3.79,3.87,3.78,0.0,0.00301,13961569.0,53148417.0,-1.3020833333333286,3.84
HK.01055,中国南方航空股份,2025-09-11 00:00:00,3.81,3.79,3.83,3.76,0.0,0.00191,8884897.0,33655348.0,0.0,3.79
HK.01055,中国南方航空股份,2025-09-12 00:00:00,3.83,3.81,3.86,3.76,0.0,0.00233,10799000.0,40979960.0,0.5277044854881272,3.79
HK.01055,中国南方航空股份,2025-09-15 00:00:00,3.82,3.78,3.82,3.73,0.0,0.00301,13967054.0,52547134.0,-0.7874015748031562,3.81
HK.01055,中国南方航空股份,2025-09-16 00:00:00,3.78,3.87,3.92,3.78,0.0,0.00465,21572391.0,83257167.0,2.3809523809523894,3.78
HK.01055,中国南方航空股份,2025-09-17 00:00:00,3.87,4.16,4.18,3.79,0.0,0.01149,53368303.0,217196459.0,7.493540051679587,3.87
HK.01055,中国南方航空股份,2025-09-18 00:00:00,4.18,4.09,4.19,4.02,0.0,0.00349,16210000.0,66562390.0,-1.6826923076923146,4.16
HK.01055,中国南方航空股份,2025-09-19 00:00:00,4.09,4.14,4.2,4.07,0.0,0.00477,22139500.0,91480555.0,1.222493887530558,4.09
HK.01055,中国南方航空股份,2025-09-22 00:00:00,4.19,4.06,4.19,4.03,0.0,0.00225,10436169.0,42566372.0,-1.932367149758456,4.14
HK.01055,中国南方航空股份,2025-09-23 00:00:00,4.05,3.9,4.05,3.83,0.0,0.00479,22233500.0,86374481.0,-3.940886699507382,4.06
HK.01055,中国南方航空股份,2025-09-24 00:00:00,3.9,3.89,3.91,3.83,0.0,0.00298,13826000.0,53538940.0,-0.25641025641025095,3.9
HK.01055,中国南方航空股份,2025-09-25 00:00:00,3.89,3.95,4.02,3.86,0.0,0.00477,22171000.0,86998650.0,1.5424164524421609,3.89
HK.01055,中国南方航空股份,2025-09-26 00:00:00,3.91,3.92,3.98,3.79,0.0,0.00356,16511341.0,64147535.0,-0.7594936708860822,3.95
HK.01055,中国南方航空股份,2025-09-29 00:00:00,3.96,3.98,4.04,3.89,0.0,0.00609,28300581.0,112852923.0,1.5306122448979604,3.92
HK.01055,中国南方航空股份,2025-09-30 00:00:00,3.98,4.16,4.18,3.98,0.0,0.00602,27959755.0,114500526.0,4.522613065326637,3.98
HK.01055,中国南方航空股份,2025-10-02 00:00:00,4.04,4.0,4.13,4.0,0.0,0.00112,5180019.0,20926018.0,-3.8461538461538494,4.16
HK.01055,中国南方航空股份,2025-10-03 00:00:00,4.0,4.0,4.03,3.95,0.0,0.00084,3902200.0,15559646.0,0.0,4.0
HK.01055,中国南方航空股份,2025-10-06 00:00:00,3.94,3.97,3.99,3.92,0.0,0.00071,3313696.0,13081373.0,-0.7499999999999951,4.0
HK.01055,中国南方航空股份,2025-10-08 00:00:00,3.91,3.81,3.91,3.76,0.0,0.00446,20712400.0,78470518.0,-4.030226700251893,3.97
HK.01055,中国南方航空股份,2025-10-09 00:00:00,3.79,4.03,4.13,3.79,0.0,0.00858,39862275.0,160353881.0,5.774278215223102,3.81
HK.01055,中国南方航空股份,2025-10-10 00:00:00,4.01,4.05,4.09,3.97,0.0,0.00301,13962000.0,56452000.0,0.49627791563274376,4.03
HK.01055,中国南方航空股份,2025-10-13 00:00:00,3.98,4.03,4.1,3.9,0.0,0.00344,15989659.0,63699097.0,-0.49382716049381664,4.05
HK.01055,中国南方航空股份,2025-10-14 00:00:00,4.03,4.01,4.14,3.98,0.0,0.00387,17983807.0,72952299.0,-0.4962779156327658,4.03
HK.01055,中国南方航空股份,2025-10-15 00:00:00,4.01,4.33,4.39,3.95,0.0,0.01295,60122259.0,254408457.0,7.980049875311729,4.01
HK.01055,中国南方航空股份,2025-10-16 00:00:00,4.33,4.4,4.52,4.3,0.0,0.00827,38405005.0,169872974.0,1.6166281755196372,4.33
HK.01055,中国南方航空股份,2025-10-17 00:00:00,4.4,4.39,4.52,4.36,0.0,0.00658,30563000.0,136027380.0,-0.22727272727274261,4.4
HK.01055,中国南方航空股份,2025-10-20 00:00:00,4.41,4.67,4.74,4.41,0.0,0.01098,50995070.0,236502260.0,6.378132118451031,4.39
HK.01055,中国南方航空股份,2025-10-21 00:00:00,4.72,4.63,4.72,4.57,0.0,0.00724,33618960.0,155678362.0,-0.856531049250536,4.67
HK.01055,中国南方航空股份,2025-10-22 00:00:00,4.61,4.67,4.7,4.53,0.0,0.00629,29208988.0,134992854.0,0.8639308855291584,4.63
HK.01055,中国南方航空股份,2025-10-23 00:00:00,4.61,4.62,4.66,4.49,0.0,0.00448,20782852.0,95018755.0,-1.0706638115631655,4.67
HK.01055,中国南方航空股份,2025-10-24 00:00:00,4.67,4.63,4.67,4.47,0.0,0.00411,19088000.0,87138190.0,0.2164502164502118,4.62
HK.01055,中国南方航空股份,2025-10-27 00:00:00,4.63,4.65,4.69,4.53,0.0,0.00248,11512280.0,53217603.0,0.4319654427645888,4.63
HK.01055,中国南方航空股份,2025-10-28 00:00:00,4.69,4.79,4.93,4.68,0.0,0.00745,34581924.0,166974230.0,3.010752688172036,4.65
HK.01055,中国南方航空股份,2025-10-30 00:00:00,4.8,4.78,4.89,4.7,0.0,0.00428,19859262.0,94909082.0,-0.2087682672233776,4.79
HK.01055,中国南方航空股份,2025-10-31 00:00:00,4.88,4.68,4.88,4.52,0.0,0.00821,38111000.0,176421120.0,-2.092050209205032,4.78
HK.01055,中国南方航空股份,2025-11-03 00:00:00,4.7,4.87,4.89,4.65,0.0,0.00628,29157700.0,139908694.0,4.0598290598290685,4.68
HK.01055,中国南方航空股份,2025-11-04 00:00:00,4.87,4.81,4.92,4.74,0.0,0.00206,9559000.0,46008042.0,-1.2320328542094556,4.87
HK.01055,中国南方航空股份,2025-11-05 00:00:00,4.84,4.92,4.94,4.67,0.0,0.00361,16743820.0,81207041.0,2.2869022869022935,4.81
HK.01055,中国南方航空股份,2025-11-06 00:00:00,4.95,4.97,5.06,4.88,0.0,0.00515,23932025.0,119267384.0,1.0162601626016223,4.92
HK.01055,中国南方航空股份,2025-11-07 00:00:00,4.97,4.95,5.02,4.86,0.0,0.00329,15296000.0,75617146.0,-0.4024144869215206,4.97
HK.01055,中国南方航空股份,2025-11-10 00:00:00,4.95,5.18,5.32,4.95,0.0,0.00714,33169299.0,171967496.0,4.646464646464636,4.95
HK.01055,中国南方航空股份,2025-11-11 00:00:00,5.2,5.26,5.3,5.17,0.0,0.00414,19208342.0,100541775.0,1.5444015444015458,5.18
HK.01055,中国南方航空股份,2025-11-12 00:00:00,5.26,5.29,5.4,5.22,0.0,0.00342,15875236.0,84200452.0,0.5703422053231987,5.26
HK.01055,中国南方航空股份,2025-11-13 00:00:00,5.28,5.5,5.57,5.28,0.0,0.01066,49506450.0,271709536.0,3.9697542533081274,5.29
HK.01055,中国南方航空股份,2025-11-14 00:00:00,5.32,5.34,5.59,5.27,0.0,0.00348,16138000.0,87193398.0,-2.9090909090909114,5.5
HK.01055,中国南方航空股份,2025-11-17 00:00:00,5.2,5.39,5.39,5.19,0.0,0.0072,33432000.0,177169106.0,0.936329588014978,5.34
HK.01055,中国南方航空股份,2025-11-18 00:00:00,5.4,5.37,5.46,5.26,0.0,0.00438,20322000.0,108843010.0,-0.37105751391464886,5.39
HK.01055,中国南方航空股份,2025-11-19 00:00:00,5.37,5.43,5.59,5.37,0.0,0.00382,17754000.0,97083780.0,1.1173184357541828,5.37
HK.01055,中国南方航空股份,2025-11-20 00:00:00,5.43,5.48,5.63,5.42,0.0,0.0033,15307532.0,84035275.0,0.9208103130755195,5.43
HK.01055,中国南方航空股份,2025-11-21 00:00:00,5.34,5.22,5.52,5.16,0.0,0.00949,44092550.0,231996055.0,-4.744525547445268,5.48
HK.01055,中国南方航空股份,2025-11-24 00:00:00,5.25,5.16,5.3,5.0,0.0,0.00608,28256871.0,144006154.0,-1.1494252873563144,5.22
HK.01055,中国南方航空股份,2025-11-25 00:00:00,5.05,5.06,5.18,4.94,0.0,0.00495,22970850.0,115743664.0,-1.9379844961240413,5.16
HK.01055,中国南方航空股份,2025-11-26 00:00:00,5.1,5.14,5.3,5.04,0.0,0.00999,46389000.0,238448910.0,1.5810276679841913,5.06
HK.01055,中国南方航空股份,2025-11-27 00:00:00,5.14,5.22,5.25,4.99,0.0,0.00487,22606000.0,116561450.0,1.5564202334630364,5.14
HK.01055,中国南方航空股份,2025-11-28 00:00:00,5.13,5.27,5.31,5.13,0.0,0.00308,14286000.0,75153320.0,0.9578544061302648,5.22
HK.01055,中国南方航空股份,2025-12-01 00:00:00,5.26,5.42,5.42,5.15,0.0,0.00389,18058998.0,96367639.0,2.8462998102466863,5.27
HK.01055,中国南方航空股份,2025-12-02 00:00:00,5.3,5.35,5.48,5.28,0.0,0.00276,12830100.0,68684509.0,-1.2915129151291564,5.42
HK.01055,中国南方航空股份,2025-12-03 00:00:00,5.32,5.47,5.55,5.29,0.0,0.00384,17812176.0,97339825.0,2.24299065420561,5.35
HK.01055,中国南方航空股份,2025-12-04 00:00:00,5.47,5.54,5.65,5.47,0.0,0.0035,16244000.0,90227080.0,1.2797074954296213,5.47
HK.01055,中国南方航空股份,2025-12-05 00:00:00,5.6,5.36,5.6,5.34,0.0,0.00389,18042499.0,97405090.0,-3.2490974729241824,5.54
HK.01055,中国南方航空股份,2025-12-08 00:00:00,5.41,5.38,5.41,5.18,0.0,0.00338,15685500.0,83128840.0,0.373134328358201,5.36
HK.01055,中国南方航空股份,2025-12-09 00:00:00,5.38,5.19,5.41,5.13,0.0,0.00495,22974000.0,119988070.0,-3.531598513011143,5.38
HK.01055,中国南方航空股份,2025-12-10 00:00:00,5.26,5.14,5.26,5.12,0.0,0.00191,8873000.0,45890570.0,-0.9633911368015551,5.19
HK.01055,中国南方航空股份,2025-12-11 00:00:00,5.24,5.12,5.28,5.11,0.0,0.002,9267664.0,48102945.0,-0.3891050583657505,5.14
HK.01055,中国南方航空股份,2025-12-12 00:00:00,5.18,5.23,5.29,5.06,0.0,0.00516,23950600.0,124774944.0,2.148437500000006,5.12
HK.01055,中国南方航空股份,2025-12-15 00:00:00,5.23,5.19,5.23,5.05,0.0,0.00172,7992776.0,41093890.0,-0.7648183556405359,5.23
HK.01055,中国南方航空股份,2025-12-16 00:00:00,5.19,5.26,5.34,5.13,0.0,0.00417,19362001.0,101242847.0,1.3487475915221463,5.19
HK.01055,中国南方航空股份,2025-12-17 00:00:00,5.3,5.57,5.7,5.3,0.0,0.01174,54515260.0,303544289.0,5.893536121673013,5.26
HK.01055,中国南方航空股份,2025-12-18 00:00:00,5.5,5.88,5.92,5.5,0.0,0.0092,42731970.0,247566248.0,5.565529622980244,5.57
HK.01055,中国南方航空股份,2025-12-19 00:00:00,5.88,5.82,5.92,5.74,0.0,0.00411,19094679.0,110788227.0,-1.0204081632652995,5.88
HK.01055,中国南方航空股份,2025-12-22 00:00:00,5.82,5.74,5.95,5.71,0.0,0.00287,13340051.0,76775009.0,-1.3745704467353963,5.82
HK.01055,中国南方航空股份,2025-12-23 00:00:00,5.73,5.63,5.74,5.56,0.0,0.00456,21194000.0,119713846.0,-1.9163763066202144,5.74
HK.01055,中国南方航空股份,2025-12-24 00:00:00,5.64,5.59,5.65,5.47,0.0,0.00379,17578420.0,97813718.0,-0.7104795737122565,5.63
HK.01055,中国南方航空股份,2025-12-29 00:00:00,5.64,5.66,5.78,5.52,0.0,0.0075,34845892.0,198097125.0,1.2522361359570713,5.59
HK.01055,中国南方航空股份,2025-12-30 00:00:00,5.61,5.58,5.65,5.5,0.0,0.0047,21814000.0,121697834.0,-1.413427561837457,5.66
HK.01055,中国南方航空股份,2025-12-31 00:00:00,5.55,5.82,5.84,5.55,0.0,0.00726,33732402.0,194560369.0,4.3010752688172085,5.58
HK.01055,中国南方航空股份,2026-01-02 00:00:00,5.82,5.86,5.89,5.69,0.0,0.00177,8206000.0,47895340.0,0.6872852233676982,5.82
HK.01055,中国南方航空股份,2026-01-05 00:00:00,5.9,5.92,6.08,5.83,0.0,0.00483,22448161.0,132721098.0,1.0238907849829284,5.86
HK.01055,中国南方航空股份,2026-01-06 00:00:00,5.92,6.09,6.16,5.7,0.0,0.00545,25302245.0,151948591.0,2.8716216216216206,5.92
HK.01055,中国南方航空股份,2026-01-07 00:00:00,6.0,6.02,6.18,6.0,0.0,0.00307,14243145.0,86415428.0,-1.1494252873563264,6.09
HK.01055,中国南方航空股份,2026-01-08 00:00:00,6.02,6.06,6.15,5.99,0.0,0.00373,17299778.0,105031405.0,0.6644518272425255,6.02
HK.01055,中国南方航空股份,2026-01-09 00:00:00,6.08,5.85,6.08,5.79,0.0,0.00282,13101696.0,77190699.0,-3.465346534653465,6.06
HK.01055,中国南方航空股份,2026-01-12 00:00:00,5.82,5.74,5.96,5.66,0.0,0.00434,20154000.0,116075980.0,-1.880341880341871,5.85
HK.01055,中国南方航空股份,2026-01-13 00:00:00,5.74,5.66,5.78,5.55,0.0,0.006,27844113.0,157494699.0,-1.3937282229965169,5.74
HK.01055,中国南方航空股份,2026-01-14 00:00:00,5.66,5.55,5.66,5.47,0.0,0.00775,35986000.0,199031730.0,-1.9434628975265071,5.66
HK.01055,中国南方航空股份,2026-01-15 00:00:00,5.6,5.63,5.72,5.48,0.0,0.00433,20128724.0,113550238.0,1.441441441441443,5.55
HK.01055,中国南方航空股份,2026-01-16 00:00:00,5.64,5.56,5.74,5.51,0.0,0.00408,18930402.0,105829319.0,-1.2433392539964525,5.63
HK.01055,中国南方航空股份,2026-01-19 00:00:00,5.5,5.91,5.93,5.5,0.0,0.00642,29804362.0,173695008.0,6.294964028776988,5.56
HK.01055,中国南方航空股份,2026-01-20 00:00:00,5.91,6.18,6.18,5.91,0.0,0.00512,23756010.0,145211173.0,4.568527918781719,5.91
HK.01055,中国南方航空股份,2026-01-21 00:00:00,6.16,6.19,6.25,6.05,0.0,0.00265,12323168.0,75594651.0,0.16181229773463876,6.18
HK.01055,中国南方航空股份,2026-01-22 00:00:00,6.2,6.11,6.24,6.03,0.0,0.00166,7708822.0,46927556.0,-1.2924071082390964,6.19
HK.01055,中国南方航空股份,2026-01-23 00:00:00,6.02,5.95,6.06,5.88,0.0,0.00265,12296000.0,73114400.0,-2.6186579378068764,6.11
HK.01055,中国南方航空股份,2026-01-26 00:00:00,5.9,5.88,6.1,5.84,0.0,0.00443,20579455.0,122473130.0,-1.1764705882352988,5.95
HK.01055,中国南方航空股份,2026-01-27 00:00:00,5.82,6.0,6.1,5.82,0.0,0.00398,18460000.0,110890526.0,2.040816326530614,5.88
HK.01055,中国南方航空股份,2026-01-28 00:00:00,6.0,5.59,6.02,5.54,0.0,0.00841,39061265.0,222668924.0,-6.833333333333336,6.0
HK.01055,中国南方航空股份,2026-01-29 00:00:00,5.59,5.66,5.74,5.54,0.0,0.00795,36904305.0,207754096.0,1.2522361359570713,5.59
HK.01055,中国南方航空股份,2026-01-30 00:00:00,5.66,5.82,5.85,5.62,0.0,0.00358,16616100.0,95841925.0,2.826855123674914,5.66
HK.01055,中国南方航空股份,2026-02-02 00:00:00,5.75,5.79,6.01,5.65,0.0,0.00576,26732625.0,156283514.0,-0.5154639175257775,5.82
HK.01055,中国南方航空股份,2026-02-03 00:00:00,5.8,6.1,6.13,5.8,0.0,0.0043,19955512.0,120256388.0,5.354058721934363,5.79
HK.01055,中国南方航空股份,2026-02-04 00:00:00,6.11,6.44,6.52,6.11,0.0,0.01085,50400633.0,323257822.0,5.573770491803291,6.1
HK.01055,中国南方航空股份,2026-02-05 00:00:00,6.44,6.5,6.53,6.36,0.0,0.00413,19172798.0,123565821.0,0.9316770186335344,6.44
HK.01055,中国南方航空股份,2026-02-06 00:00:00,6.48,6.36,6.53,6.3,0.0,0.00432,20048640.0,128214099.0,-2.153846153846149,6.5
HK.01055,中国南方航空股份,2026-02-09 00:00:00,6.3,6.44,6.62,6.3,0.0,0.00571,26532452.0,171848644.0,1.2578616352201268,6.36
HK.01055,中国南方航空股份,2026-02-10 00:00:00,6.5,6.47,6.5,6.15,0.0,0.00844,39197000.0,247091568.0,0.46583850931676024,6.44
HK.01055,中国南方航空股份,2026-02-11 00:00:00,6.48,6.37,6.49,6.28,0.0,0.00368,17081999.0,109146892.0,-1.5455950540958214,6.47
HK.01055,中国南方航空股份,2026-02-12 00:00:00,6.37,6.35,6.49,6.29,0.0,0.00273,12661455.0,80717720.0,-0.3139717425431784,6.37
HK.01055,中国南方航空股份,2026-02-13 00:00:00,6.32,6.23,6.34,6.16,0.0,0.00358,16634997.0,103688447.0,-1.8897637795275468,6.35
HK.01055,中国南方航空股份,2026-02-16 00:00:00,6.26,6.18,6.34,6.16,0.0,0.00039,1834000.0,11407306.0,-0.8025682182985667,6.23
HK.01055,中国南方航空股份,2026-02-20 00:00:00,6.18,6.14,6.21,6.08,0.0,0.00064,2981455.0,18325142.0,-0.647249190938512,6.18
HK.01055,中国南方航空股份,2026-02-23 00:00:00,6.2,6.13,6.22,6.07,0.0,0.00073,3376873.0,20705857.0,-0.1628664495113972,6.14
HK.01055,中国南方航空股份,2026-02-24 00:00:00,6.13,6.0,6.22,5.93,0.0,0.00681,31607519.0,191029015.0,-2.1207177814029348,6.13
HK.01055,中国南方航空股份,2026-02-25 00:00:00,6.13,6.16,6.23,5.98,0.0,0.00375,17411000.0,106944410.0,2.6666666666666687,6.0
HK.01055,中国南方航空股份,2026-02-26 00:00:00,6.19,6.19,6.43,6.11,0.0,0.00393,18261500.0,114632926.0,0.48701298701299106,6.16
HK.01055,中国南方航空股份,2026-02-27 00:00:00,6.26,5.88,6.33,5.85,0.0,0.00686,31849000.0,189828048.0,-5.008077544426502,6.19
HK.01055,中国南方航空股份,2026-03-02 00:00:00,5.76,5.39,5.76,5.31,0.0,0.01567,72791722.0,396172486.0,-8.333333333333337,5.88
HK.01055,中国南方航空股份,2026-03-03 00:00:00,5.4,5.25,5.41,5.21,0.0,0.00563,26164591.0,138742191.0,-2.5974025974025916,5.39
HK.01055,中国南方航空股份,2026-03-04 00:00:00,5.2,5.12,5.34,5.06,0.0,0.00406,18854090.0,97420880.0,-2.476190476190474,5.25
HK.01055,中国南方航空股份,2026-03-05 00:00:00,5.23,4.91,5.25,4.75,0.0,0.00931,43226034.0,211822232.0,-4.101562499999999,5.12
HK.01055,中国南方航空股份,2026-03-06 00:00:00,4.85,4.91,4.97,4.76,0.0,0.00484,22478831.0,109781147.0,0.0,4.91
HK.01055,中国南方航空股份,2026-03-09 00:00:00,4.6,4.81,4.85,4.38,0.0,0.01163,53999345.0,249437260.0,-2.0366598778004184,4.91
HK.01055,中国南方航空股份,2026-03-10 00:00:00,5.1,4.92,5.18,4.9,0.0,0.00891,41401000.0,205583434.0,2.2869022869022935,4.81
HK.01055,中国南方航空股份,2026-03-11 00:00:00,5.0,4.83,5.03,4.81,0.0,0.0052,24149213.0,117862632.0,-1.829268292682924,4.92
HK.01055,中国南方航空股份,2026-03-12 00:00:00,4.8,4.86,4.94,4.73,0.0,0.00617,28666357.0,138264474.0,0.6211180124223654,4.83
HK.01055,中国南方航空股份,2026-03-13 00:00:00,4.75,4.65,4.85,4.62,0.0,0.007,32501368.0,152947202.0,-4.320987654320986,4.86
HK.01055,中国南方航空股份,2026-03-16 00:00:00,4.65,4.64,4.71,4.6,0.0,0.01052,48852648.0,226049566.0,-0.2150537634408747,4.65
HK.01055,中国南方航空股份,2026-03-17 00:00:00,4.72,4.59,4.84,4.54,0.0,0.00499,23150500.0,107786200.0,-1.077586206896548,4.64
HK.01055,中国南方航空股份,2026-03-18 00:00:00,4.59,4.51,4.62,4.46,0.0,0.00556,25816736.0,116267540.0,-1.7429193899782152,4.59
HK.01055,中国南方航空股份,2026-03-19 00:00:00,4.36,4.3,4.4,4.24,0.0,0.00895,41573444.0,178403906.0,-4.656319290465631,4.51
HK.01055,中国南方航空股份,2026-03-20 00:00:00,4.36,4.28,4.37,4.24,0.0,0.00482,22369680.0,95989859.0,-0.46511627906975755,4.3
HK.01055,中国南方航空股份,2026-03-23 00:00:00,4.16,3.94,4.19,3.85,0.0,0.01103,51219500.0,203737990.0,-7.943925233644866,4.28
HK.01055,中国南方航空股份,2026-03-24 00:00:00,4.04,4.11,4.12,3.92,0.0,0.00769,35729136.0,143648924.0,4.314720812182751,3.94
HK.01055,中国南方航空股份,2026-03-25 00:00:00,4.18,4.22,4.25,4.15,0.0,0.00571,26520000.0,111318930.0,2.6763990267639763,4.11
HK.01055,中国南方航空股份,2026-03-26 00:00:00,4.21,4.04,4.23,3.97,0.0,0.00432,20046500.0,81117124.0,-4.265402843601889,4.22
HK.01055,中国南方航空股份,2026-03-27 00:00:00,3.98,4.06,4.12,3.98,0.0,0.00234,10852184.0,44083710.0,0.4950495049504845,4.04
HK.01055,中国南方航空股份,2026-03-30 00:00:00,4.0,3.96,4.0,3.84,0.0,0.00539,25036000.0,98209172.0,-2.4630541871921094,4.06
HK.01055,中国南方航空股份,2026-03-31 00:00:00,3.9,3.9,4.07,3.84,75.0,0.00629,29226400.0,114120876.0,-1.5151515151515165,3.96
HK.01055,中国南方航空股份,2026-04-01 00:00:00,4.04,4.23,4.25,4.02,81.346,0.01096,50879736.0,211176091.0,8.461538461538474,3.9
HK.01055,中国南方航空股份,2026-04-02 00:00:00,4.18,4.05,4.18,3.98,77.884,0.00601,27895746.0,112839602.0,-4.255319148936184,4.23
HK.01055,中国南方航空股份,2026-04-08 00:00:00,4.4,4.28,4.42,4.23,82.307,0.01,46462405.0,199660502.0,5.6790123456790225,4.05
HK.01055,中国南方航空股份,2026-04-09 00:00:00,4.18,4.16,4.23,4.1,80.0,0.00472,21916000.0,91157598.0,-2.803738317757012,4.28
HK.01055,中国南方航空股份,2026-04-10 00:00:00,4.26,4.19,4.3,4.11,80.576,0.00438,20326197.0,85293698.0,0.7211538461538521,4.16
HK.01055,中国南方航空股份,2026-04-13 00:00:00,4.09,4.11,4.2,4.06,79.038,0.00405,18826852.0,77616517.0,-1.9093078758949895,4.19
HK.01055,中国南方航空股份,2026-04-14 00:00:00,4.23,4.14,4.23,4.09,79.615,0.00392,18187250.0,74906448.0,0.7299270072992544,4.11
HK.01055,中国南方航空股份,2026-04-15 00:00:00,4.27,4.21,4.45,4.2,80.961,0.0083,38559927.0,165921843.0,1.6908212560386544,4.14
HK.01055,中国南方航空股份,2026-04-16 00:00:00,4.26,4.24,4.33,4.24,81.538,0.00397,18432200.0,78810418.0,0.7125890736342102,4.21
HK.01055,中国南方航空股份,2026-04-17 00:00:00,4.21,4.16,4.25,4.11,80.0,0.00511,23708300.0,99139522.0,-1.8867924528301903,4.24
HK.01055,中国南方航空股份,2026-04-20 00:00:00,4.2,4.3,4.31,4.19,82.692,0.00568,26394000.0,112717020.0,3.3653846153846074,4.16
HK.01055,中国南方航空股份,2026-04-21 00:00:00,4.31,4.28,4.35,4.27,82.307,0.0024,11124000.0,47917846.0,-0.46511627906975755,4.3
HK.01055,中国南方航空股份,2026-04-22 00:00:00,4.24,4.27,4.29,4.17,82.115,0.0023,10686000.0,45301806.0,-0.23364485981309988,4.28
HK.01055,中国南方航空股份,2026-04-23 00:00:00,4.22,4.08,4.22,4.04,78.461,0.00725,33664920.0,137802369.0,-4.449648711943783,4.27
HK.01055,中国南方航空股份,2026-04-24 00:00:00,4.08,4.12,4.15,4.0,79.23,0.0028,12998000.0,53051004.0,0.980392156862746,4.08
HK.01055,中国南方航空股份,2026-04-27 00:00:00,4.12,4.07,4.12,4.01,78.269,0.00344,15986310.0,64665671.0,-1.2135922330097044,4.12
HK.01055,中国南方航空股份,2026-04-28 00:00:00,4.09,3.95,4.09,3.93,75.961,0.00386,17932400.0,71281764.0,-2.948402948402951,4.07
HK.01055,中国南方航空股份,2026-04-29 00:00:00,3.99,4.06,4.07,3.97,78.076,0.00161,7490513.0,30245704.0,2.784810126582264,3.95
HK.01055,中国南方航空股份,2026-04-30 00:00:00,3.98,3.96,4.03,3.89,76.153,0.00559,25950400.0,102457738.0,-2.4630541871921094,4.06
HK.01055,中国南方航空股份,2026-05-04 00:00:00,3.98,4.14,4.15,3.98,79.615,0.0025,11612150.0,47668858.0,4.545454545454539,3.96
HK.01055,中国南方航空股份,2026-05-05 00:00:00,4.06,4.07,4.08,4.02,78.269,0.0009,4175056.0,16911514.0,-1.690821256038633,4.14
HK.01055,中国南方航空股份,2026-05-06 00:00:00,4.05,4.16,4.21,4.02,80.0,0.00363,16875961.0,69412439.0,2.2113022113022076,4.07
HK.01055,中国南方航空股份,2026-05-07 00:00:00,4.28,4.37,4.45,4.26,84.038,0.01081,50211876.0,218257528.0,5.048076923076922,4.16
HK.01055,中国南方航空股份,2026-05-08 00:00:00,4.3,4.43,4.46,4.25,85.192,0.00348,16152182.0,71144963.0,1.3729977116704717,4.37
HK.01055,中国南方航空股份,2026-05-11 00:00:00,4.39,4.3,4.39,4.26,82.692,0.00389,18055398.0,77582425.0,-2.934537246049659,4.43
HK.01055,中国南方航空股份,2026-05-12 00:00:00,4.27,4.26,4.32,4.22,81.923,0.00223,10347327.0,44062192.0,-0.9302325581395358,4.3
HK.01055,中国南方航空股份,2026-05-13 00:00:00,4.23,4.27,4.28,4.19,82.115,0.00153,7102000.0,30076210.0,0.2347417840375537,4.26
HK.01055,中国南方航空股份,2026-05-14 00:00:00,4.3,4.11,4.3,4.1,79.038,0.00275,12778157.0,53026363.0,-3.7470725995315988,4.27
HK.01055,中国南方航空股份,2026-05-15 00:00:00,4.1,3.93,4.11,3.89,75.576,0.00431,20026900.0,79117199.0,-4.379562043795624,4.11
HK.01055,中国南方航空股份,2026-05-18 00:00:00,3.93,3.75,3.93,3.72,72.115,0.00725,33650410.0,127640571.0,-4.580152671755729,3.93
HK.01055,中国南方航空股份,2026-05-19 00:00:00,3.77,3.8,3.84,3.76,73.076,0.00269,12503308.0,47420623.0,1.3333333333333286,3.75
HK.01055,中国南方航空股份,2026-05-20 00:00:00,3.76,3.76,3.76,3.68,72.307,0.00275,12776000.0,47517210.0,-1.0526315789473695,3.8
HK.01055,中国南方航空股份,2026-05-21 00:00:00,3.9,3.87,3.98,3.84,74.423,0.00495,23010917.0,89720744.0,2.9255319148936256,3.76
HK.01055,中国南方航空股份,2026-05-22 00:00:00,3.89,3.84,3.91,3.81,73.846,0.00244,11340697.0,43584924.0,-0.7751937984496188,3.87
HK.01055,中国南方航空股份,2026-05-26 00:00:00,3.99,4.0,4.12,3.92,76.923,0.0071,32969000.0,132652150.0,4.1666666666666705,3.84
HK.01055,中国南方航空股份,2026-05-27 00:00:00,4.01,3.9,4.01,3.83,75.0,0.00486,22562500.0,87638165.0,-2.500000000000002,4.0
HK.01055,中国南方航空股份,2026-05-28 00:00:00,3.9,3.77,3.96,3.73,72.5,0.00483,22420300.0,86035448.0,-3.3333333333333304,3.9
HK.01055,中国南方航空股份,2026-05-29 00:00:00,3.85,3.9,3.98,3.79,75.0,0.00385,17896359.0,70095486.0,3.4482758620689626,3.77
HK.01055,中国南方航空股份,2026-06-01 00:00:00,3.93,3.82,3.93,3.74,73.461,0.00312,14503970.0,55244065.0,-2.051282051282053,3.9
HK.01055,中国南方航空股份,2026-06-02 00:00:00,3.73,3.82,3.84,3.73,73.461,0.00222,10304000.0,39119602.0,0.0,3.82
HK.01055,中国南方航空股份,2026-06-03 00:00:00,3.79,3.69,3.79,3.65,70.961,0.00598,27773300.0,102764877.0,-3.4031413612565418,3.82
HK.01055,中国南方航空股份,2026-06-04 00:00:00,3.69,3.63,3.7,3.62,69.807,0.00196,9104853.0,33193622.0,-1.6260162601626031,3.69
HK.01055,中国南方航空股份,2026-06-05 00:00:00,3.68,3.6,3.7,3.58,69.23,0.00235,10927355.0,39591929.0,-0.8264462809917302,3.63
HK.01055,中国南方航空股份,2026-06-08 00:00:00,3.55,3.43,3.55,3.36,65.961,0.00658,30572986.0,104616718.0,-4.72222222222222,3.6
HK.01055,中国南方航空股份,2026-06-09 00:00:00,3.47,3.51,3.52,3.41,67.5,0.00516,23976000.0,83285820.0,2.3323615160349744,3.43
HK.01055,中国南方航空股份,2026-06-10 00:00:00,3.45,3.5,3.5,3.36,67.307,0.00391,18144382.0,62400862.0,-0.28490028490027886,3.51
HK.01055,中国南方航空股份,2026-06-11 00:00:00,3.4,3.42,3.44,3.33,65.769,0.00398,18462343.0,62303231.0,-2.285714285714288,3.5
HK.01055,中国南方航空股份,2026-06-12 00:00:00,3.56,3.61,3.61,3.51,69.423,0.00573,26588830.0,94950249.0,5.555555555555554,3.42
HK.01055,中国南方航空股份,2026-06-15 00:00:00,3.8,3.9,3.99,3.76,75.0,0.01293,60053159.0,234334946.0,8.033240997229917,3.61
HK.01055,中国南方航空股份,2026-06-16 00:00:00,3.92,3.84,3.92,3.8,73.846,0.00356,16548068.0,63459926.0,-1.5384615384615399,3.9
HK.01055,中国南方航空股份,2026-06-17 00:00:00,3.92,3.83,3.95,3.81,73.653,0.00257,11920180.0,45983345.0,-0.26041666666666113,3.84
HK.01055,中国南方航空股份,2026-06-18 00:00:00,3.83,3.68,3.83,3.61,70.769,0.00412,19146633.0,70227146.0,-3.9164490861618773,3.83
HK.01055,中国南方航空股份,2026-06-22 00:00:00,3.62,3.6,3.68,3.47,69.23,0.00262,12175804.0,43454599.0,-2.1739130434782625,3.68
HK.01055,中国南方航空股份,2026-06-23 00:00:00,3.62,3.47,3.64,3.39,66.73,0.00504,23386090.0,81234976.0,-3.611111111111108,3.6
HK.01055,中国南方航空股份,2026-06-24 00:00:00,3.47,3.47,3.55,3.41,66.73,0.00398,18485244.0,64149409.0,0.0,3.47
HK.01055,中国南方航空股份,2026-06-25 00:00:00,3.56,3.64,3.7,3.53,70.0,0.00836,38841040.0,140237924.0,4.899135446685877,3.47
HK.01055,中国南方航空股份,2026-06-26 00:00:00,3.67,3.58,3.67,3.51,68.846,0.00484,22453810.0,79922210.0,-1.6483516483516498,3.64
HK.01055,中国南方航空股份,2026-06-29 00:00:00,3.57,3.48,3.57,3.45,66.923,0.0034,15789646.0,55199826.0,-2.793296089385477,3.58
HK.01055,中国南方航空股份,2026-06-30 00:00:00,3.46,3.39,3.46,3.35,65.192,0.00375,17392853.0,59010059.0,-2.5862068965517198,3.48
HK.01055,中国南方航空股份,2026-07-02 00:00:00,3.5,3.39,3.5,3.34,65.192,0.00404,18744470.0,63850165.0,0.0,3.39
HK.01055,中国南方航空股份,2026-07-03 00:00:00,3.4,3.39,3.46,3.38,65.192,0.00262,12188371.0,41521911.0,0.0,3.39
HK.01055,中国南方航空股份,2026-07-06 00:00:00,3.39,3.51,3.54,3.38,67.5,0.00549,25500909.0,88885240.0,3.539823008849548,3.39
HK.01055,中国南方航空股份,2026-07-07 00:00:00,3.47,3.43,3.52,3.38,65.961,0.00383,17783870.0,61105078.0,-2.2792022792022686,3.51
HK.01055,中国南方航空股份,2026-07-08 00:00:00,3.42,3.43,3.45,3.35,65.961,0.00264,12254400.0,41613944.0,0.0,3.43
HK.01055,中国南方航空股份,2026-07-09 00:00:00,3.4,3.32,3.4,3.25,63.846,0.00554,25736939.0,84857241.0,-3.206997084548114,3.43
HK.01055,中国南方航空股份,2026-07-10 00:00:00,3.32,3.41,3.48,3.27,65.576,0.00394,18293250.0,62218372.0,2.710843373493985,3.32
HK.01055,中国南方航空股份,2026-07-13 00:00:00,3.38,3.34,3.39,3.3,64.23,0.00248,11520425.0,38431862.0,-2.052785923753674,3.41
HK.01055,中国南方航空股份,2026-07-14 00:00:00,3.32,3.37,3.38,3.23,64.807,0.00253,11754957.0,38855148.0,0.8982035928143787,3.34
HK.01055,中国南方航空股份,2026-07-15 00:00:00,3.36,3.3,3.36,3.26,63.461,0.00324,15036741.0,49691820.0,-2.077151335311581,3.37
HK.01055,中国南方航空股份,2026-07-16 00:00:00,3.33,3.37,3.4,3.3,64.807,0.00339,15725510.0,52784623.0,2.12121212121213,3.3
HK.01055,中国南方航空股份,2026-07-17 00:00:00,3.38,3.23,3.4,3.19,62.115,0.00456,21163740.0,68673171.0,-4.1543026706231485,3.37
HK.01055,中国南方航空股份,2026-07-20 00:00:00,3.2,3.39,3.39,3.2,65.192,0.00394,18309123.0,60476633.0,4.953560371517033,3.23
HK.01055,中国南方航空股份,2026-07-21 00:00:00,3.4,3.47,3.5,3.35,66.73,0.00272,12629130.0,43547033.0,2.359882005899707,3.39
HK.01055,中国南方航空股份,2026-07-22 00:00:00,3.43,3.47,3.5,3.38,66.73,0.00174,8074577.0,27862698.0,0.0,3.47
HK.01055,中国南方航空股份,2026-07-23 00:00:00,3.48,3.45,3.53,3.4,66.346,0.00206,9566000.0,33187190.0,-0.5763688760806921,3.47
HK.01055,中国南方航空股份,2026-07-24 00:00:00,3.43,3.36,3.43,3.32,64.615,0.00175,8147940.0,27287998.0,-2.6086956521739215,3.45
HK.01055,中国南方航空股份,2026-07-27 00:00:00,3.42,3.59,3.62,3.42,69.038,0.0044,20438946.0,72417736.0,6.845238095238095,3.36
HK.01055,中国南方航空股份,2026-07-28 00:00:00,3.59,3.53,3.62,3.5,67.884,0.00145,6751650.0,23922794.0,-1.6713091922005585,3.59
HK.01055,中国南方航空股份,2026-07-29 00:00:00,3.54,3.55,3.58,3.49,68.269,0.00224,10402195.0,36737222.0,0.5665722379603405,3.53
HK.01055,中国南方航空股份,2026-07-30 00:00:00,3.55,3.52,3.58,3.46,67.692,0.00142,6590470.0,23127437.0,-0.8450704225352058,3.55
HK.01055,中国南方航空股份,2026-07-31 00:00:00,3.54,3.52,3.54,3.48,67.692,0.00142,6611000.0,23235090.0,0.0,3.52
HK.01055,中国南方航空股份,2026-08-03 00:00:00,3.54,3.575,3.6,3.505,68.75,0.00154,7131944.0,25255760.0,1.5625000000000044,3.52
HK.01055,中国南方航空股份,2026-08-04 00:00:00,3.555,3.5,3.56,3.48,67.307,0.00164,7626271.0,26721392.0,-2.097902097902103,3.575
HK.01055,中国南方航空股份,2026-08-05 00:00:00,3.55,3.555,3.63,3.52,68.365,0.00352,16338062.0,58447013.0,1.571428571428576,3.5
HK.01055,中国南方航空股份,2026-08-06 00:00:00,3.555,3.535,3.61,3.5,67.98,0.00134,6202003.0,21941350.0,-0.5625879043600567,3.555
HK.01055,中国南方航空股份,2026-08-07 00:00:00,3.495,3.425,3.52,3.4,65.865,0.00242,11253286.0,38705829.0,-3.1117397454031206,3.535
HK.01055,中国南方航空股份,2026-08-10 00:00:00,3.42,3.46,3.48,3.4,66.538,0.00092,4250000.0,14583970.0,1.0218978102189822,3.425
HK.01055,中国南方航空股份,2026-08-11 00:00:00,3.41,3.325,3.42,3.32,63.942,0.00442,20508832.0,68664957.0,-3.9017341040462368,3.46
HK.01055,中国南方航空股份,2026-08-12 00:00:00,3.315,3.35,3.35,3.27,64.423,0.00306,14218963.0,46877991.0,0.7518796992481176,3.325
HK.01055,中国南方航空股份,2026-08-13 00:00:00,3.375,3.335,3.375,3.295,64.134,0.0014,6479700.0,21499286.0,-0.4477611940298544,3.35
HK.01055,中国南方航空股份,2026-08-14 00:00:00,3.31,3.32,3.365,3.29,63.846,0.00146,6760000.0,22465800.0,-0.4497751124437818,3.335
HK.01055,中国南方航空股份,2026-08-17 00:00:00,3.31,3.26,3.34,3.26,62.692,0.00246,11408001.0,37631203.0,-1.8072289156626522,3.32
HK.01055,中国南方航空股份,2026-08-18 00:00:00,3.27,3.195,3.27,3.19,61.442,0.0029,13463989.0,43202309.0,-1.993865030674845,3.26
HK.01055,中国南方航空股份,2026-08-19 00:00:00,3.18,3.09,3.195,3.08,59.423,0.00444,20627984.0,64151136.0,-3.286384976525821,3.195
HK.01055,中国南方航空股份,2026-08-20 00:00:00,3.09,3.145,3.2,3.09,60.48,0.00212,9835000.0,31066279.0,1.7799352750809114,3.09
HK.01055,中国南方航空股份,2026-08-21 00:00:00,3.18,3.185,3.21,3.1,61.25,0.00151,7014000.0,22327840.0,1.2718600953895083,3.145
