code,name,time_key,open,close,high,low,pe_ratio,turnover_rate,volume,turnover,change_rate,last_close
HK.01024,快手-W,2021-02-05 00:00:00,336.85,298.85,343.85,298.85,0.0,0.02919,119899748.0,37547101408.0,162.49451032059733,113.85
HK.01024,快手-W,2021-02-08 00:00:00,300.65,301.85,308.85,281.85,0.0,0.00699,28700114.0,8500619673.0,1.0038480843232391,298.85
HK.01024,快手-W,2021-02-09 00:00:00,307.85,349.45,350.85,306.85,0.0,0.00926,38036864.0,12880523847.0,15.769421898293842,301.85
HK.01024,快手-W,2021-02-10 00:00:00,365.65,395.85,396.85,363.85,0.0,0.00612,25460855.0,9747054457.0,13.278008298755198,349.45
HK.01024,快手-W,2021-02-11 00:00:00,387.85,396.85,399.65,376.85,0.0,0.00233,9706512.0,3820016391.0,0.25262094227611465,395.85
HK.01024,快手-W,2021-02-16 00:00:00,402.45,401.85,416.65,397.85,0.0,0.00447,18593677.0,7522672648.0,1.2599218848431397,396.85
HK.01024,快手-W,2021-02-17 00:00:00,400.85,413.85,413.85,386.85,0.0,0.00289,12038231.0,4876114431.0,2.986188876446435,401.85
HK.01024,快手-W,2021-02-18 00:00:00,414.05,392.45,415.85,386.85,0.0,0.003,12469470.0,4995254958.0,-5.170955660263388,413.85
HK.01024,快手-W,2021-02-19 00:00:00,384.85,386.85,394.85,361.25,0.0,0.00437,18155131.0,6871741898.0,-1.4269333673079287,392.45
HK.01024,快手-W,2021-02-22 00:00:00,395.85,376.65,400.85,376.65,0.0,0.00546,22708535.0,8803570843.0,-2.636680884063602,386.85
HK.01024,快手-W,2021-02-23 00:00:00,363.65,356.85,366.85,348.85,0.0,0.00419,17419667.0,6320326711.0,-5.256869772998794,376.65
HK.01024,快手-W,2021-02-24 00:00:00,358.85,326.05,362.45,323.85,0.0,0.00409,16989699.0,5668920429.0,-8.631077483536503,356.85
HK.01024,快手-W,2021-02-25 00:00:00,339.05,338.05,344.25,328.85,0.0,0.00202,8412718.0,2840668449.0,3.68041711393958,326.05
HK.01024,快手-W,2021-02-26 00:00:00,316.45,307.65,324.85,303.85,0.0,0.00541,22520220.0,7037672000.0,-8.992752551397732,338.05
HK.01024,快手-W,2021-03-01 00:00:00,319.65,312.65,323.65,301.05,0.0,0.00239,9949607.0,3104594755.0,1.6252234682268811,307.65
HK.01024,快手-W,2021-03-02 00:00:00,333.85,317.85,338.85,314.85,0.0,0.00185,7681023.0,2504219222.0,1.663201663201678,312.65
HK.01024,快手-W,2021-03-03 00:00:00,319.45,316.05,322.05,313.45,0.0,0.00086,3593400.0,1138372350.0,-0.5663048607833919,317.85
HK.01024,快手-W,2021-03-04 00:00:00,308.25,298.45,308.25,288.85,0.0,0.00267,11099200.0,3295233843.0,-5.568739123556407,316.05
HK.01024,快手-W,2021-03-05 00:00:00,292.05,283.85,293.85,280.85,0.0,0.002,8328260.0,2388649365.0,-4.8919416987770035,298.45
HK.01024,快手-W,2021-03-08 00:00:00,287.45,264.85,290.65,262.65,0.0,0.00315,13089444.0,3557870517.0,-6.693676237449357,283.85
HK.01024,快手-W,2021-03-09 00:00:00,260.45,270.85,279.65,248.85,0.0,0.00252,10489951.0,2807953270.0,2.265433264111761,264.85
HK.01024,快手-W,2021-03-10 00:00:00,298.05,277.05,298.05,273.249999999,0.0,0.00175,7276653.0,2080474717.0,2.289089902159863,270.85
HK.01024,快手-W,2021-03-11 00:00:00,283.85,306.65,308.25,282.45,0.0,0.00257,10698016.0,3223962649.0,10.683992059195079,277.05
HK.01024,快手-W,2021-03-12 00:00:00,320.25,302.85,321.85,297.05,0.0,0.00317,13186099.0,4088053797.0,-1.239197782488164,306.65
HK.01024,快手-W,2021-03-15 00:00:00,303.45,288.45,308.85,285.85,0.0,0.00147,6105491.0,1793020915.0,-4.754829123328391,302.85
HK.01024,快手-W,2021-03-16 00:00:00,297.65,301.65,306.85,296.45,0.0,0.00096,3999594.0,1208967982.0,4.576183047321889,288.45
HK.01024,快手-W,2021-03-17 00:00:00,300.85,311.25,316.25,299.85,0.0,0.00146,6087852.0,1897952994.0,3.182496270512191,301.65
HK.01024,快手-W,2021-03-18 00:00:00,317.85,316.65,325.85,314.05,0.0,0.00146,6054837.0,1946414743.0,1.7349397590361373,311.25
HK.01024,快手-W,2021-03-19 00:00:00,312.85,314.65,316.25,300.85,0.0,0.00233,9709007.0,3040230391.0,-0.6316121901152693,316.65
HK.01024,快手-W,2021-03-22 00:00:00,309.85,313.65,318.05,308.05,0.0,0.00061,2522977.0,792041171.0,-0.3178134435086604,314.65
HK.01024,快手-W,2021-03-23 00:00:00,315.25,300.05,316.65,290.85,0.0,0.00164,6801931.0,2047560975.0,-4.336043360433594,313.65
HK.01024,快手-W,2021-03-24 00:00:00,290.25,263.85,290.85,260.249999999,0.0,0.00393,16342120.0,4403016082.0,-12.064655890684882,300.05
HK.01024,快手-W,2021-03-25 00:00:00,251.85,264.85,269.65,247.05,0.0,0.00233,9701115.0,2518206451.0,0.37900322152738297,263.85
HK.01024,快手-W,2021-03-26 00:00:00,269.85,278.85,288.65,269.85,0.0,0.00136,5647878.0,1583332144.0,5.286010949594109,264.85
HK.01024,快手-W,2021-03-29 00:00:00,272.05,264.45,273.45,257.85,0.0,0.00177,7370452.0,1950507163.0,-5.1640667025282525,278.85
HK.01024,快手-W,2021-03-30 00:00:00,266.85,262.65,270.85,262.249999999,0.0,0.00077,3199054.0,852798985.0,-0.6806579693703957,264.45
HK.01024,快手-W,2021-03-31 00:00:00,270.85,268.85,279.65,266.249999999,0.0,0.00126,5227198.0,1427091097.0,2.3605558728345883,262.65
HK.01024,快手-W,2021-04-01 00:00:00,274.05,283.85,284.85,271.05,0.0,0.00139,5798932.0,1624485833.0,5.579319323042588,268.85
HK.01024,快手-W,2021-04-07 00:00:00,284.65,273.65,286.65,269.65,0.0,0.00125,5195612.0,1437447392.0,-3.593447243262302,283.85
HK.01024,快手-W,2021-04-08 00:00:00,268.85,271.249999999,275.25,266.85,0.0,0.00081,3380116.0,919588378.0,-0.8770327063767465,273.65
HK.01024,快手-W,2021-04-09 00:00:00,272.65,275.25,278.05,271.249999999,0.0,0.0008,3325368.0,917309147.0,1.4746543782542805,271.249999999
HK.01024,快手-W,2021-04-12 00:00:00,275.85,266.45,276.85,262.85,0.0,0.00088,3640294.0,969843450.0,-3.1970935513169887,275.25
HK.01024,快手-W,2021-04-13 00:00:00,266.65,258.05,267.249999999,254.85,0.0,0.00087,3602578.0,934957803.0,-3.15256145618314,266.45
HK.01024,快手-W,2021-04-14 00:00:00,259.85,259.05,272.249999999,256.85,0.0,0.00136,5673768.0,1501905656.0,0.3875217981011432,258.05
HK.01024,快手-W,2021-04-15 00:00:00,258.85,238.85,260.249999999,233.85,0.0,0.00384,15966745.0,3869601397.0,-7.797722447403982,259.05
HK.01024,快手-W,2021-04-16 00:00:00,235.65,240.85,242.85,235.65,0.0,0.00125,5198280.0,1251717489.0,0.8373456144023446,238.85
HK.01024,快手-W,2021-04-19 00:00:00,240.85,245.65,246.85,235.25,0.0,0.00129,5356299.0,1307155574.0,1.9929416649366876,240.85
HK.01024,快手-W,2021-04-20 00:00:00,241.85,244.85,247.65,239.85,0.0,0.00077,3187195.0,782349503.0,-0.3256665988194632,245.65
HK.01024,快手-W,2021-04-21 00:00:00,239.25,235.85,239.65,231.25,0.0,0.00187,7760005.0,1830579997.0,-3.6757198284664083,244.85
HK.01024,快手-W,2021-04-22 00:00:00,239.65,244.45,245.45,238.85,0.0,0.00118,4918038.0,1196296515.0,3.6463854144583396,235.85
HK.01024,快手-W,2021-04-23 00:00:00,245.85,255.65,256.65,244.85,0.0,0.00193,8040600.0,2050013460.0,4.581714051953372,244.45
HK.01024,快手-W,2021-04-26 00:00:00,262.65,273.249999999,276.25,261.65,0.0,0.00257,10670317.0,2897857505.0,6.884412282026209,255.65
HK.01024,快手-W,2021-04-27 00:00:00,271.45,272.85,276.85,267.65,0.0,0.00108,4475189.0,1224688798.0,-0.14638609295570051,273.249999999
HK.01024,快手-W,2021-04-28 00:00:00,272.85,272.249999999,275.25,270.05,0.0,0.00042,1748764.0,478117319.0,-0.2199010448964677,272.85
HK.01024,快手-W,2021-04-29 00:00:00,272.65,271.45,278.05,270.05,0.0,0.00041,1707758.0,468767351.0,-0.29384756620861724,272.249999999
HK.01024,快手-W,2021-04-30 00:00:00,268.85,261.85,269.85,257.65,0.0,0.00095,3936380.0,1029587815.0,-3.5365629029287042,271.45
HK.01024,快手-W,2021-05-03 00:00:00,261.85,257.65,263.249999999,251.85,0.0,0.0006,2489482.0,638116737.0,-1.6039717395455586,261.85
HK.01024,快手-W,2021-05-04 00:00:00,256.249999999,258.45,258.85,254.25,0.0,0.00028,1172317.0,302920267.0,0.3104987385988789,257.65
HK.01024,快手-W,2021-05-05 00:00:00,254.85,255.85,258.05,252.05,0.0,0.00044,1847660.0,474362037.0,-1.0059972915457513,258.45
HK.01024,快手-W,2021-05-06 00:00:00,256.45,257.45,259.85,254.05,0.0,0.00082,3411837.0,879054899.0,0.6253664256400213,255.85
HK.01024,快手-W,2021-05-07 00:00:00,258.85,243.05,258.85,241.05,0.0,0.00136,5671340.0,1400251736.0,-5.593319091085639,257.45
HK.01024,快手-W,2021-05-10 00:00:00,243.05,238.65,244.85,235.05,0.0,0.001,4166767.0,997600547.0,-1.8103270931907038,243.05
HK.01024,快手-W,2021-05-11 00:00:00,227.85,226.05,229.65,218.85,0.0,0.00238,9878876.0,2222811931.0,-5.279698302954115,238.65
HK.01024,快手-W,2021-05-12 00:00:00,234.85,235.05,236.45,231.25,0.0,0.0015,6226367.0,1467595585.0,3.9814200398142,226.05
HK.01024,快手-W,2021-05-13 00:00:00,227.45,219.85,227.85,218.85,0.0,0.00143,5941677.0,1323986976.0,-6.466709210806218,235.05
HK.01024,快手-W,2021-05-14 00:00:00,218.85,220.65,221.85,212.05,0.0,0.00128,5333048.0,1166984295.0,0.3638844666818337,219.85
HK.01024,快手-W,2021-05-17 00:00:00,224.65,224.05,226.65,221.85,0.0,0.00053,2223662.0,499598020.0,1.5409018808067099,220.65
HK.01024,快手-W,2021-05-18 00:00:00,226.85,226.25,227.85,224.05,0.0,0.00053,2206291.0,501056577.0,0.981923677750497,224.05
HK.01024,快手-W,2021-05-20 00:00:00,224.45,225.65,227.25,219.25,0.0,0.00104,4323954.0,972026540.0,-0.26519337016574335,226.25
HK.01024,快手-W,2021-05-21 00:00:00,230.25,238.65,239.25,227.85,0.0,0.00188,7799573.0,1852700504.0,5.761134500332373,225.65
HK.01024,快手-W,2021-05-24 00:00:00,234.05,231.05,234.45,227.05,0.0,0.00087,3614251.0,836867021.0,-3.184579928765973,238.65
HK.01024,快手-W,2021-05-25 00:00:00,220.85,204.45,220.85,203.85,0.0,0.00537,22334690.0,4662055863.0,-11.51265959748973,231.05
HK.01024,快手-W,2021-05-26 00:00:00,203.85,203.65,206.65,197.35,0.0,0.00306,12732060.0,2576700790.0,-0.391293714844697,204.45
HK.01024,快手-W,2021-05-27 00:00:00,203.05,203.65,205.25,199.05,0.0,0.00284,11821037.0,2410015838.0,0.0,203.65
HK.01024,快手-W,2021-05-28 00:00:00,201.45,199.25,206.25,198.85,0.0,0.00105,4358602.0,884477701.0,-2.160569604713973,203.65
HK.01024,快手-W,2021-05-31 00:00:00,199.25,193.15,201.85,189.05,0.0,0.00226,9411529.0,1820281149.0,-3.0614805520702606,199.25
HK.01024,快手-W,2021-06-01 00:00:00,193.45,211.05,213.45,193.45,0.0,0.00349,14516328.0,3038168304.0,9.26740874967642,193.15
HK.01024,快手-W,2021-06-02 00:00:00,215.65,211.05,217.65,207.65,0.0,0.00174,7241773.0,1546984213.0,0.0,211.05
HK.01024,快手-W,2021-06-03 00:00:00,211.05,205.05,214.85,203.25,0.0,0.00162,6740214.0,1413453209.0,-2.8429282160625444,211.05
HK.01024,快手-W,2021-06-04 00:00:00,203.25,205.25,205.25,198.85,0.0,0.00173,7211019.0,1479176075.0,0.09753718605217684,205.05
HK.01024,快手-W,2021-06-07 00:00:00,204.85,205.65,213.45,198.85,0.0,0.00134,5583834.0,1159053858.0,0.19488428745432676,205.25
HK.01024,快手-W,2021-06-08 00:00:00,205.65,203.85,206.65,201.25,0.0,0.0006,2511399.0,512875228.0,-0.8752735229759355,205.65
HK.01024,快手-W,2021-06-09 00:00:00,203.85,202.25,203.85,199.25,0.0,0.00091,3786222.0,762916457.0,-0.7848908511160139,203.85
HK.01024,快手-W,2021-06-10 00:00:00,202.85,203.45,205.65,200.85,0.0,0.00047,1937800.0,397202791.0,0.5933250927070401,202.25
HK.01024,快手-W,2021-06-11 00:00:00,205.85,207.65,208.05,200.45,0.0,0.00136,5637992.0,1165877725.0,2.0643892848365777,203.45
HK.01024,快手-W,2021-06-15 00:00:00,205.85,204.65,206.85,199.25,0.0,0.00121,5027840.0,1021773239.0,-1.4447387430772936,207.65
HK.01024,快手-W,2021-06-16 00:00:00,202.85,200.45,204.25,196.85,0.0,0.0014,5832379.0,1169338007.0,-2.052284387979485,204.65
HK.01024,快手-W,2021-06-17 00:00:00,198.75,189.35,198.75,187.25,0.0,0.0024,9962936.0,1905964572.0,-5.53754053379895,200.45
HK.01024,快手-W,2021-06-18 00:00:00,191.15,190.85,193.75,187.05,0.0,0.00126,5225783.0,998877553.0,0.7921837866385001,189.35
HK.01024,快手-W,2021-06-21 00:00:00,188.35,192.05,194.35,187.85,0.0,0.001,4146426.0,802338425.0,0.6287660466334908,190.85
HK.01024,快手-W,2021-06-22 00:00:00,192.05,186.65,192.05,184.55,0.0,0.00092,3838745.0,721813234.0,-2.8117677688102085,192.05
HK.01024,快手-W,2021-06-23 00:00:00,186.15,198.35,198.75,186.15,0.0,0.00317,13166291.0,2571725778.0,6.268416822930613,186.65
HK.01024,快手-W,2021-06-24 00:00:00,198.85,190.35,201.05,188.25,0.0,0.00128,5319340.0,1024795991.0,-4.03327451474666,198.35
HK.01024,快手-W,2021-06-25 00:00:00,196.25,205.65,205.65,192.75,0.0,0.00318,13243012.0,2689875544.0,8.03782505910166,190.35
HK.01024,快手-W,2021-06-28 00:00:00,205.65,204.05,208.85,202.85,0.0,0.00086,3574806.0,736129483.0,-0.778020909311935,205.65
HK.01024,快手-W,2021-06-29 00:00:00,205.85,201.25,209.85,199.45,0.0,0.00143,5927098.0,1209623688.0,-1.3722126929674154,204.05
HK.01024,快手-W,2021-06-30 00:00:00,201.25,193.65,202.85,192.95,0.0,0.00128,5324266.0,1050039354.0,-3.7763975155279477,201.25
HK.01024,快手-W,2021-07-02 00:00:00,193.65,182.05,194.35,178.85,0.0,0.00275,11438342.0,2121117990.0,-5.990188484379031,193.65
HK.01024,快手-W,2021-07-05 00:00:00,181.35,171.25,181.65,168.85,0.0,0.0027,11222206.0,1945174969.0,-5.932436143916512,182.05
HK.01024,快手-W,2021-07-06 00:00:00,170.95,169.75,172.85,166.55,0.0,0.00114,4752819.0,809663935.0,-0.8759124087591241,171.25
HK.01024,快手-W,2021-07-07 00:00:00,168.85,163.95,170.35,162.35,0.0,0.00144,5995806.0,992802032.0,-3.416789396170846,169.75
HK.01024,快手-W,2021-07-08 00:00:00,163.05,158.85,164.85,157.65,0.0,0.00229,9514472.0,1534807872.0,-3.1107044830741044,163.95
HK.01024,快手-W,2021-07-09 00:00:00,153.85,151.65,156.15,147.25,0.0,0.00378,15702183.0,2388669575.0,-4.5325779036827125,158.85
HK.01024,快手-W,2021-07-12 00:00:00,152.85,148.35,154.65,146.05,0.0,0.00148,6144895.0,919726141.0,-2.17606330365975,151.65
HK.01024,快手-W,2021-07-13 00:00:00,147.85,156.85,166.45,143.85,0.0,0.00352,14626012.0,2329008352.0,5.72969329288844,148.35
HK.01024,快手-W,2021-07-14 00:00:00,156.35,159.25,164.15,153.35,0.0,0.00153,6347555.0,1020461273.0,1.5301243226012151,156.85
HK.01024,快手-W,2021-07-15 00:00:00,159.15,153.65,159.25,152.15,0.0,0.00157,6508741.0,1010775465.0,-3.516483516483513,159.25
HK.01024,快手-W,2021-07-16 00:00:00,152.15,149.85,154.25,148.35,0.0,0.00162,6722995.0,1014656044.0,-2.4731532704197927,153.65
HK.01024,快手-W,2021-07-19 00:00:00,148.85,141.15,149.15,139.55,0.0,0.00204,8500028.0,1216296827.0,-5.805805805805798,149.85
HK.01024,快手-W,2021-07-20 00:00:00,138.35,137.65,140.85,135.049999999,0.0,0.00168,6998892.0,969850654.0,-2.479631597591215,141.15
HK.01024,快手-W,2021-07-21 00:00:00,138.55,134.549999999,141.95,133.049999999,0.0,0.00124,5166092.0,706057846.0,-2.2520886313113055,137.65
HK.01024,快手-W,2021-07-22 00:00:00,137.35,143.95,144.25,136.35,0.0,0.00177,7346993.0,1047656220.0,6.986250465306472,134.549999999
HK.01024,快手-W,2021-07-23 00:00:00,140.85,128.35,142.65,126.25,0.0,0.00348,14476371.0,1921614342.0,-10.837096213963179,143.95
HK.01024,快手-W,2021-07-26 00:00:00,120.95,112.85,121.85,111.45,0.0,0.0036,14966762.0,1758689338.0,-12.076353720296067,128.35
HK.01024,快手-W,2021-07-27 00:00:00,112.05,107.75,120.75,103.85,0.0,0.00366,15246806.0,1710126858.0,-4.519273371732383,112.85
HK.01024,快手-W,2021-07-28 00:00:00,109.55,113.55,114.25,107.65,0.0,0.0033,13745366.0,1547606946.0,5.382830626450113,107.75
HK.01024,快手-W,2021-07-29 00:00:00,122.85,117.75,126.85,115.35,0.0,0.00327,13606303.0,1645291840.0,3.6988110964332916,113.55
HK.01024,快手-W,2021-07-30 00:00:00,113.75,108.95,113.75,104.15,0.0,0.00206,8553931.0,930182360.0,-7.473460721868362,117.75
HK.01024,快手-W,2021-08-02 00:00:00,108.35,109.65,111.45,103.85,0.0,0.00097,4051021.0,443605146.0,0.6424965580541558,108.95
HK.01024,快手-W,2021-08-03 00:00:00,109.65,106.75,109.95,102.15,0.0,0.00202,8402072.0,897122914.0,-2.644778841769271,109.65
HK.01024,快手-W,2021-08-04 00:00:00,105.75,104.05,110.45,101.15,0.0,0.0021,8731902.0,928445131.0,-2.5292740046838436,106.75
HK.01024,快手-W,2021-08-05 00:00:00,98.85,87.95,100.85,87.55,0.0,0.00985,40995401.0,3865972174.0,-15.47333012974531,104.05
HK.01024,快手-W,2021-08-06 00:00:00,82.45,83.75,86.85,77.45,0.0,0.01987,82653554.0,6952118631.0,-4.775440591245029,87.95
HK.01024,快手-W,2021-08-09 00:00:00,81.85,81.35,90.05,80.4,0.0,0.01447,60177817.0,5195161052.0,-2.8656716417910513,83.75
HK.01024,快手-W,2021-08-10 00:00:00,83.9,83.85,89.2,83.4,0.0,0.01041,43300721.0,3757788209.0,3.0731407498463432,81.35
HK.01024,快手-W,2021-08-11 00:00:00,83.9,83.1,86.2,81.85,0.0,0.00433,18001528.0,1529500519.0,-0.8944543828264759,83.85
HK.01024,快手-W,2021-08-12 00:00:00,82.85,82.95,85.4,81.9,0.0,0.00296,12298100.0,1039915908.0,-0.18050541516244462,83.1
HK.01024,快手-W,2021-08-13 00:00:00,81.85,78.9,82.3,77.9,0.0,0.00353,14681309.0,1180127132.0,-4.882459312839056,82.95
HK.01024,快手-W,2021-08-16 00:00:00,78.9,73.5,80.55,72.7,0.0,0.00371,15431338.0,1188931232.0,-6.844106463878334,78.9
HK.01024,快手-W,2021-08-17 00:00:00,71.85,70.0,75.1,69.65,0.0,0.00436,18137629.0,1322704302.0,-4.761904761904762,73.5
HK.01024,快手-W,2021-08-18 00:00:00,70.0,69.6,72.8,68.85,0.0,0.00334,13902785.0,994588002.0,-0.5714285714285796,70.0
HK.01024,快手-W,2021-08-19 00:00:00,68.85,64.6,69.6,63.9,0.0,0.00428,17813954.0,1203261829.0,-7.183908045977012,69.6
HK.01024,快手-W,2021-08-20 00:00:00,64.55,66.9,68.35,63.35,0.0,0.01077,44793147.0,2994414942.0,3.560371517027882,64.6
HK.01024,快手-W,2021-08-23 00:00:00,69.65,68.65,73.55,66.9,0.0,0.00853,35466520.0,2531438649.0,2.615844544095665,66.9
HK.01024,快手-W,2021-08-24 00:00:00,70.7,79.2,80.35,70.45,0.0,0.01161,48298367.0,3738784186.0,15.367807720320462,68.65
HK.01024,快手-W,2021-08-25 00:00:00,81.85,76.35,84.4,73.15,0.0,0.00997,41479114.0,3279499522.0,-3.5984848484848593,79.2
HK.01024,快手-W,2021-08-26 00:00:00,75.25,69.25,75.65,66.65,0.0,0.01275,53044915.0,3779738325.0,-9.299279633267838,76.35
HK.01024,快手-W,2021-08-27 00:00:00,69.6,70.3,72.7,69.45,0.0,0.00508,21149289.0,1525165704.0,1.5162454873646167,69.25
HK.01024,快手-W,2021-08-30 00:00:00,70.35,76.65,76.75,70.25,0.0,0.0069,28686267.0,2179992287.0,9.032716927453782,70.3
HK.01024,快手-W,2021-08-31 00:00:00,77.05,83.35,85.55,76.75,0.0,0.01063,44209500.0,3652062185.0,8.741030658838863,76.65
HK.01024,快手-W,2021-09-01 00:00:00,82.35,82.8,87.15,81.85,0.0,0.01179,49031742.0,4197373588.0,-0.6598680263947176,83.35
HK.01024,快手-W,2021-09-02 00:00:00,88.85,87.2,92.35,85.65,0.0,0.00983,40913739.0,3669608075.0,5.3140096618357555,82.8
HK.01024,快手-W,2021-09-03 00:00:00,85.4,89.0,89.0,83.0,0.0,0.01072,44578986.0,3921612240.0,2.0642201834862353,87.2
HK.01024,快手-W,2021-09-06 00:00:00,87.35,92.05,92.65,86.85,0.0,0.00864,35933165.0,3263165207.0,3.426966292134828,89.0
HK.01024,快手-W,2021-09-07 00:00:00,92.85,100.75,101.55,92.65,0.0,0.0111,46379966.0,4661356135.0,9.45138511678436,92.05
HK.01024,快手-W,2021-09-08 00:00:00,103.85,98.1,103.85,96.85,0.0,0.00606,25301314.0,2536798216.0,-2.6302729528536037,100.75
HK.01024,快手-W,2021-09-09 00:00:00,94.65,91.25,94.8,90.05,0.0,0.00627,26185739.0,2449607506.0,-6.982670744138629,98.1
HK.01024,快手-W,2021-09-10 00:00:00,92.85,96.3,97.7,92.05,0.0,0.00425,17768949.0,1720764614.0,5.534246575342463,91.25
HK.01024,快手-W,2021-09-13 00:00:00,94.45,98.95,99.85,93.5,0.0,0.00399,16652940.0,1641128026.0,2.7518172377985524,96.3
HK.01024,快手-W,2021-09-14 00:00:00,100.85,96.55,101.25,96.15,0.0,0.0043,17959615.0,1795997256.0,-2.4254674077817135,98.95
HK.01024,快手-W,2021-09-15 00:00:00,95.55,91.95,99.75,91.65,0.0,0.00468,19554086.0,1875179793.0,-4.764370792335572,96.55
HK.01024,快手-W,2021-09-16 00:00:00,92.35,93.75,95.45,90.3,0.0,0.00347,14487264.0,1360865576.0,1.957585644371938,91.95
HK.01024,快手-W,2021-09-17 00:00:00,94.45,99.65,100.85,92.05,0.0,0.02243,93674041.0,9397670768.0,6.29333333333334,93.75
HK.01024,快手-W,2021-09-20 00:00:00,97.15,96.7,98.35,93.15,0.0,0.00358,14939942.0,1457690888.0,-2.960361264425492,99.65
HK.01024,快手-W,2021-09-21 00:00:00,93.35,95.2,97.65,93.35,0.0,0.00287,11974207.0,1156689382.0,-1.5511892450879008,96.7
HK.01024,快手-W,2021-09-23 00:00:00,98.85,95.0,101.35,94.7,0.0,0.00329,13728592.0,1350537249.0,-0.21008403361344835,95.2
HK.01024,快手-W,2021-09-24 00:00:00,94.1,85.7,94.85,84.3,0.0,0.00681,28437303.0,2567482859.0,-9.789473684210522,95.0
HK.01024,快手-W,2021-09-27 00:00:00,85.7,80.25,85.8,78.2,0.0,0.00619,25855746.0,2126998250.0,-6.359393232205371,85.7
HK.01024,快手-W,2021-09-28 00:00:00,80.7,84.85,86.25,80.7,0.0,0.00329,13749602.0,1173165926.0,5.732087227414323,80.25
HK.01024,快手-W,2021-09-29 00:00:00,81.45,83.45,83.65,79.55,0.0,0.00242,10125375.0,846835736.0,-1.6499705362404145,84.85
HK.01024,快手-W,2021-09-30 00:00:00,81.25,81.55,83.4,80.85,0.0,0.00134,5594922.0,464422021.0,-2.2768124625524333,83.45
HK.01024,快手-W,2021-10-04 00:00:00,79.75,79.95,82.4,79.05,0.0,0.00147,6139421.0,500485539.0,-1.9619865113427275,81.55
HK.01024,快手-W,2021-10-05 00:00:00,78.85,78.2,79.8,76.6,0.0,0.00175,7326445.0,583534627.0,-2.1888680425265794,79.95
HK.01024,快手-W,2021-10-06 00:00:00,79.35,78.35,80.65,77.4,0.0,0.00212,8847363.0,707312834.0,0.1918158567774827,78.2
HK.01024,快手-W,2021-10-07 00:00:00,80.6,85.1,85.65,79.65,0.0,0.00374,15607729.0,1329687374.0,8.615188257817486,78.35
HK.01024,快手-W,2021-10-08 00:00:00,86.85,82.6,87.7,81.8,0.0,0.00273,11417508.0,969854783.0,-2.9377203290246774,85.1
HK.01024,快手-W,2021-10-11 00:00:00,83.65,86.85,89.75,83.05,0.0,0.0054,22579024.0,1996289188.0,5.145278450363197,82.6
HK.01024,快手-W,2021-10-12 00:00:00,84.5,81.6,85.05,81.0,0.0,0.00335,14031895.0,1183284697.0,-6.0449050086355784,86.85
HK.01024,快手-W,2021-10-15 00:00:00,82.0,83.6,84.3,82.0,0.0,0.00224,9386056.0,789972983.0,2.450980392156863,81.6
HK.01024,快手-W,2021-10-18 00:00:00,83.6,81.05,83.6,77.9,0.0,0.00435,18188146.0,1467464553.0,-3.0502392344497578,83.6
HK.01024,快手-W,2021-10-19 00:00:00,82.05,88.85,89.15,82.05,0.0,0.00594,24853129.0,2192755070.0,9.623689080814309,81.05
HK.01024,快手-W,2021-10-20 00:00:00,89.8,92.7,94.15,89.8,0.0,0.01103,46139251.0,4249672961.0,4.333145751266189,88.85
HK.01024,快手-W,2021-10-21 00:00:00,92.65,95.5,96.7,91.1,0.0,0.00662,27713845.0,2655529843.0,3.0204962243797167,92.7
HK.01024,快手-W,2021-10-22 00:00:00,97.15,101.05,103.35,97.05,0.0,0.00767,32098530.0,3261533140.0,5.811518324607326,95.5
HK.01024,快手-W,2021-10-25 00:00:00,100.85,106.85,109.35,98.15,0.0,0.00991,41453541.0,4464744320.0,5.739732805541808,101.05
HK.01024,快手-W,2021-10-26 00:00:00,105.95,107.05,109.15,103.85,0.0,0.00529,22124799.0,2380785174.0,0.1871782873186737,106.85
HK.01024,快手-W,2021-10-27 00:00:00,103.65,104.05,104.15,100.35,0.0,0.00426,17842026.0,1854799537.0,-2.802428771602055,107.05
HK.01024,快手-W,2021-10-28 00:00:00,105.45,102.65,109.15,101.25,0.0,0.00338,14148438.0,1499122113.0,-1.3455069678039322,104.05
HK.01024,快手-W,2021-10-29 00:00:00,102.65,102.35,103.85,98.95,0.0,0.00255,10679020.0,1102277405.0,-0.2922552362396603,102.65
HK.01024,快手-W,2021-11-01 00:00:00,102.45,98.75,103.05,97.05,0.0,0.00332,13883438.0,1387322908.0,-3.5173424523693155,102.35
HK.01024,快手-W,2021-11-02 00:00:00,103.45,98.85,106.75,98.3,0.0,0.00424,17731829.0,1835888955.0,0.10126582278480437,98.75
HK.01024,快手-W,2021-11-03 00:00:00,97.9,94.8,98.8,90.7,0.0,0.00445,18621234.0,1772006528.0,-4.097116843702577,98.85
HK.01024,快手-W,2021-11-04 00:00:00,96.1,95.45,98.45,94.9,0.0,0.00294,12307862.0,1201691969.0,0.6856540084388246,94.8
HK.01024,快手-W,2021-11-05 00:00:00,93.85,94.1,96.95,93.0,0.0,0.00265,11091883.0,1060874967.0,-1.4143530644316484,95.45
HK.01024,快手-W,2021-11-08 00:00:00,92.95,92.2,93.35,89.15,0.0,0.00327,13711325.0,1268671134.0,-2.0191285866099804,94.1
HK.01024,快手-W,2021-11-09 00:00:00,92.8,90.9,93.85,89.15,0.0,0.00364,15246076.0,1401840907.0,-1.409978308026027,92.2
HK.01024,快手-W,2021-11-10 00:00:00,90.05,92.1,93.15,87.75,0.0,0.00414,17371751.0,1585536435.0,1.3201320132013075,90.9
HK.01024,快手-W,2021-11-11 00:00:00,90.45,98.55,101.65,90.3,0.0,0.00511,21405730.0,2090251387.0,7.003257328990231,92.1
HK.01024,快手-W,2021-11-12 00:00:00,100.75,98.85,101.85,97.85,0.0,0.00403,16908372.0,1696185374.0,0.3044140030441371,98.55
HK.01024,快手-W,2021-11-15 00:00:00,99.25,97.85,100.45,96.9,0.0,0.00313,13143362.0,1307081789.0,-1.0116337885685383,98.85
HK.01024,快手-W,2021-11-16 00:00:00,97.85,100.75,101.55,96.35,0.0,0.00394,16506139.0,1665471927.0,2.9637199795605578,97.85
HK.01024,快手-W,2021-11-17 00:00:00,99.45,100.05,101.15,97.45,0.0,0.00275,11545048.0,1165728021.0,-0.694789081885859,100.75
HK.01024,快手-W,2021-11-18 00:00:00,97.5,97.3,98.35,95.85,0.0,0.003,12564334.0,1234252288.0,-2.7486256871564216,100.05
HK.01024,快手-W,2021-11-19 00:00:00,91.85,95.15,95.6,90.9,0.0,0.00485,20316640.0,1930402014.0,-2.209660842754359,97.3
HK.01024,快手-W,2021-11-22 00:00:00,93.85,92.5,96.8,92.05,0.0,0.00323,13547157.0,1287759564.0,-2.7850761954808254,95.15
HK.01024,快手-W,2021-11-23 00:00:00,91.9,93.6,94.3,89.05,0.0,0.0038,15938133.0,1479183205.0,1.189189189189183,92.5
HK.01024,快手-W,2021-11-24 00:00:00,97.95,98.55,107.65,97.95,0.0,0.0169,70834825.0,7305086981.0,5.288461538461542,93.6
HK.01024,快手-W,2021-11-25 00:00:00,99.85,96.7,99.85,95.55,0.0,0.00584,24495070.0,2412995748.0,-1.8772196854388579,98.55
HK.01024,快手-W,2021-11-26 00:00:00,95.65,88.85,97.1,88.8,0.0,0.00738,30940329.0,2861774205.0,-8.117890382626689,96.7
HK.01024,快手-W,2021-11-29 00:00:00,88.35,84.35,89.85,83.45,0.0,0.00703,29474774.0,2559581064.0,-5.064715813168261,88.85
HK.01024,快手-W,2021-11-30 00:00:00,84.85,83.8,87.65,82.4,0.0,0.0093,38995539.0,3326607660.0,-0.652045050385296,84.35
HK.01024,快手-W,2021-12-01 00:00:00,84.8,86.25,87.95,83.8,0.0,0.00521,21850864.0,1915226264.0,2.9236276849642038,83.8
HK.01024,快手-W,2021-12-02 00:00:00,84.85,83.1,86.35,81.75,0.0,0.00491,20605117.0,1743607140.0,-3.6521739130434847,86.25
HK.01024,快手-W,2021-12-03 00:00:00,81.35,80.1,82.35,75.95,0.0,0.01074,45034388.0,3609974033.0,-3.6101083032490973,83.1
HK.01024,快手-W,2021-12-06 00:00:00,76.05,78.15,80.6,76.05,0.0,0.00703,29493697.0,2333983294.0,-2.4344569288389373,80.1
HK.01024,快手-W,2021-12-07 00:00:00,80.35,82.85,83.1,79.2,0.0,0.0059,24827534.0,2051508542.0,6.014075495841316,78.15
HK.01024,快手-W,2021-12-08 00:00:00,83.1,83.05,84.0,81.65,0.0,0.00387,16304533.0,1374754358.0,0.24140012070006378,82.85
HK.01024,快手-W,2021-12-09 00:00:00,82.85,84.6,86.65,82.85,0.0,0.00471,19829572.0,1712640077.0,1.8663455749548432,83.05
HK.01024,快手-W,2021-12-10 00:00:00,84.15,85.15,87.65,82.9,0.0,0.0063,26515763.0,2294761200.0,0.6501182033097062,84.6
HK.01024,快手-W,2021-12-13 00:00:00,87.85,85.6,89.0,85.45,0.0,0.00447,18800628.0,1666346842.0,0.5284791544333395,85.15
HK.01024,快手-W,2021-12-14 00:00:00,84.1,81.35,84.45,80.9,0.0,0.00304,12775672.0,1062074033.0,-4.964953271028038,85.6
HK.01024,快手-W,2021-12-15 00:00:00,80.85,80.95,83.1,79.8,0.0,0.00244,10286393.0,848604425.0,-0.49170251997540443,81.35
HK.01024,快手-W,2021-12-16 00:00:00,80.5,83.8,84.25,77.6,0.0,0.00354,14880762.0,1225758319.0,3.520691785052495,80.95
HK.01024,快手-W,2021-12-17 00:00:00,83.6,80.3,83.6,79.75,0.0,0.00461,19392328.0,1587729529.0,-4.176610978520286,83.8
HK.01024,快手-W,2021-12-20 00:00:00,80.3,77.0,82.0,76.65,0.0,0.00355,14923927.0,1196840171.0,-4.109589041095886,80.3
HK.01024,快手-W,2021-12-21 00:00:00,76.75,77.5,78.95,73.95,0.0,0.0049,20619378.0,1596881263.0,0.6493506493506493,77.0
HK.01024,快手-W,2021-12-22 00:00:00,80.3,77.55,81.75,76.35,0.0,0.00402,16929549.0,1348014414.0,0.0645161290322544,77.5
HK.01024,快手-W,2021-12-23 00:00:00,77.0,74.7,78.8,74.4,0.0,0.00431,18119352.0,1390029730.0,-3.675048355899412,77.55
HK.01024,快手-W,2021-12-24 00:00:00,76.05,74.4,76.85,74.1,0.0,0.00183,7684665.0,585932971.0,-0.4016064257028074,74.7
HK.01024,快手-W,2021-12-28 00:00:00,74.15,71.35,74.85,70.95,0.0,0.00429,18038791.0,1322148697.0,-4.099462365591413,74.4
HK.01024,快手-W,2021-12-29 00:00:00,71.85,67.35,71.85,67.05,0.0,0.00299,12594621.0,874680866.0,-5.606166783461808,71.35
HK.01024,快手-W,2021-12-30 00:00:00,66.85,66.949999999,68.85,65.949999999,0.0,0.00261,10989516.0,750873800.0,-0.5939123994060804,67.35
HK.01024,快手-W,2021-12-31 00:00:00,71.85,70.9,72.15,69.95,0.0,0.00241,10145893.0,733726220.0,5.899925318982832,66.949999999
HK.01024,快手-W,2022-01-03 00:00:00,72.05,73.45,75.05,71.85,0.0,0.00265,11151820.0,829482380.0,3.5966149506346925,70.9
HK.01024,快手-W,2022-01-04 00:00:00,73.45,71.9,74.05,70.95,0.0,0.00346,14559005.0,1072937541.0,-2.11027910142954,73.45
HK.01024,快手-W,2022-01-05 00:00:00,68.25,66.4,70.1,66.05,0.0,0.00643,27058870.0,1860191024.0,-7.649513212795549,71.9
HK.01024,快手-W,2022-01-06 00:00:00,65.05,66.8,67.85,61.15,0.0,0.00686,28983585.0,1901153227.0,0.6024096385542039,66.4
HK.01024,快手-W,2022-01-07 00:00:00,68.1,69.6,71.1,67.05,0.0,0.00443,18719847.0,1317834865.0,4.191616766467062,66.8
HK.01024,快手-W,2022-01-10 00:00:00,69.8,76.75,78.2,69.55,0.0,0.00854,36108979.0,2760525934.0,10.272988505747135,69.6
HK.01024,快手-W,2022-01-11 00:00:00,76.9,79.35,80.3,75.95,0.0,0.005,21117434.0,1682086520.0,3.3876221498371257,76.75
HK.01024,快手-W,2022-01-12 00:00:00,80.85,84.5,85.5,80.5,0.0,0.008,33823884.0,2843101349.0,6.490233144297425,79.35
HK.01024,快手-W,2022-01-13 00:00:00,85.75,84.3,86.35,81.75,0.0,0.00506,21389694.0,1816655888.0,-0.23668639053254772,84.5
HK.01024,快手-W,2022-01-14 00:00:00,80.95,88.4,88.4,80.35,0.0,0.00923,39206852.0,3409274235.0,4.863582443653628,84.3
HK.01024,快手-W,2022-01-17 00:00:00,88.4,86.0,89.5,83.55,0.0,0.00381,16163159.0,1413063415.0,-2.714932126696839,88.4
HK.01024,快手-W,2022-01-18 00:00:00,87.75,84.4,89.4,83.5,0.0,0.00523,22200542.0,1947805359.0,-1.860465116279063,86.0
HK.01024,快手-W,2022-01-19 00:00:00,84.15,82.6,85.7,82.0,0.0,0.00388,16472028.0,1396581811.0,-2.1327014218009612,84.4
HK.01024,快手-W,2022-01-20 00:00:00,84.2,88.3,89.15,82.7,0.0,0.00982,41730320.0,3702846884.0,6.90072639225182,82.6
HK.01024,快手-W,2022-01-21 00:00:00,86.25,87.2,88.9,85.85,0.0,0.00625,26534932.0,2340827407.0,-1.2457531143827796,88.3
HK.01024,快手-W,2022-01-24 00:00:00,85.05,84.1,85.2,82.95,0.0,0.00433,18395237.0,1567551943.0,-3.555045871559643,87.2
HK.01024,快手-W,2022-01-25 00:00:00,82.3,81.8,84.05,81.05,0.0,0.00403,17098854.0,1422406242.0,-2.734839476813314,84.1
HK.01024,快手-W,2022-01-26 00:00:00,82.3,85.15,88.35,82.3,0.0,0.00722,30674610.0,2675344973.0,4.095354523227394,81.8
HK.01024,快手-W,2022-01-27 00:00:00,82.45,81.2,83.4,79.7,0.0,0.00405,17220499.0,1414874393.0,-4.638872577803879,85.15
HK.01024,快手-W,2022-01-28 00:00:00,81.3,81.35,82.1,77.65,0.0,0.00351,14894119.0,1218357251.0,0.18472906403939837,81.2
HK.01024,快手-W,2022-01-31 00:00:00,83.15,86.8,87.75,83.15,0.0,0.00426,18095032.0,1575785065.0,6.699446834665032,81.35
HK.01024,快手-W,2022-02-04 00:00:00,87.65,88.5,89.3,85.95,0.0,0.00456,19347321.0,1729227261.0,1.9585253456221232,86.8
HK.01024,快手-W,2022-02-07 00:00:00,87.3,88.25,88.65,84.65,0.0,0.00362,15373172.0,1356988224.0,-0.2824858757062147,88.5
HK.01024,快手-W,2022-02-08 00:00:00,88.2,88.8,89.35,86.85,0.0,0.0036,15305709.0,1367702023.0,0.6232294617563707,88.25
HK.01024,快手-W,2022-02-09 00:00:00,90.45,93.5,94.4,89.9,0.0,0.00781,33166335.0,3103745821.0,5.292792792792796,88.8
HK.01024,快手-W,2022-02-10 00:00:00,93.2,93.35,95.85,90.4,0.0,0.00483,20542752.0,1930416146.0,-0.1604278074866371,93.5
HK.01024,快手-W,2022-02-11 00:00:00,91.65,91.2,94.55,89.6,0.0,0.00323,13735852.0,1274622378.0,-2.30316014997321,93.35
HK.01024,快手-W,2022-02-14 00:00:00,90.05,88.6,90.55,87.65,0.0,0.00231,9824106.0,884765188.0,-2.8508771929824652,91.2
HK.01024,快手-W,2022-02-15 00:00:00,88.15,89.45,90.35,87.85,0.0,0.00197,8386191.0,760561405.0,0.9593679458239375,88.6
HK.01024,快手-W,2022-02-16 00:00:00,92.35,94.45,94.65,91.55,0.0,0.0042,17895721.0,1696268679.0,5.589714924538848,89.45
HK.01024,快手-W,2022-02-17 00:00:00,94.4,97.65,98.25,92.55,0.0,0.00521,22168854.0,2172986144.0,3.3880359978824806,94.45
HK.01024,快手-W,2022-02-18 00:00:00,96.5,92.85,97.45,88.85,0.0,0.00574,24444442.0,2324734785.0,-4.915514592933959,97.65
HK.01024,快手-W,2022-02-21 00:00:00,90.85,86.0,91.65,84.15,0.0,0.00722,30733385.0,2732726615.0,-7.377490576198163,92.85
HK.01024,快手-W,2022-02-22 00:00:00,84.15,88.4,88.85,83.15,0.0,0.00629,26770816.0,2334964335.0,2.7906976744186114,86.0
HK.01024,快手-W,2022-02-23 00:00:00,89.2,90.5,92.75,86.2,0.0,0.00426,18152233.0,1653987604.0,2.375565610859722,88.4
HK.01024,快手-W,2022-02-24 00:00:00,86.7,85.35,88.45,82.7,0.0,0.00665,28325770.0,2448107833.0,-5.690607734806636,90.5
HK.01024,快手-W,2022-02-25 00:00:00,87.7,85.5,90.35,85.3,0.0,0.00553,23560611.0,2076587405.0,0.17574692442882917,85.35
HK.01024,快手-W,2022-02-28 00:00:00,86.85,88.4,89.9,85.85,0.0,0.00563,23961544.0,2133819013.0,3.3918128654970827,85.5
HK.01024,快手-W,2022-03-01 00:00:00,88.9,87.5,89.75,86.5,0.0,0.00286,12161124.0,1079433250.0,-1.0180995475113186,88.4
HK.01024,快手-W,2022-03-02 00:00:00,87.25,79.7,87.7,79.65,0.0,0.00823,35019807.0,2903597071.0,-8.914285714285711,87.5
HK.01024,快手-W,2022-03-03 00:00:00,81.4,78.75,81.75,74.85,0.0,0.00737,31373599.0,2474453555.0,-1.1919698870765405,79.7
HK.01024,快手-W,2022-03-04 00:00:00,75.55,75.5,78.0,72.5,0.0,0.00981,41741171.0,3212835031.0,-4.1269841269841265,78.75
HK.01024,快手-W,2022-03-07 00:00:00,72.65,74.3,76.35,69.75,0.0,0.00822,34989979.0,2611690631.0,-1.5894039735099377,75.5
HK.01024,快手-W,2022-03-08 00:00:00,74.45,70.75,76.35,70.45,0.0,0.00833,35448446.0,2599183823.0,-4.777927321668906,74.3
HK.01024,快手-W,2022-03-09 00:00:00,71.4,70.8,72.85,67.35,0.0,0.00754,32094497.0,2295415383.0,0.07067137809186878,70.75
HK.01024,快手-W,2022-03-10 00:00:00,74.85,72.75,76.35,70.85,0.0,0.0064,27235559.0,2041854311.0,2.7542372881355974,70.8
HK.01024,快手-W,2022-03-11 00:00:00,68.85,68.0,71.15,62.85,0.0,0.01602,68209839.0,4577195054.0,-6.529209621993128,72.75
HK.01024,快手-W,2022-03-14 00:00:00,63.35,59.05,66.75,58.65,0.0,0.01286,54722562.0,3470163566.0,-13.161764705882357,68.0
HK.01024,快手-W,2022-03-15 00:00:00,54.35,55.0,62.65,53.5,0.0,0.01781,75824979.0,4437317932.0,-6.85859441151566,59.05
HK.01024,快手-W,2022-03-16 00:00:00,59.45,74.45,74.85,58.0,0.0,0.02177,92689506.0,6335681553.0,35.36363636363637,55.0
HK.01024,快手-W,2022-03-17 00:00:00,81.85,73.8,84.85,73.05,0.0,0.01599,68087389.0,5415818919.0,-0.8730691739422506,74.45
HK.01024,快手-W,2022-03-18 00:00:00,70.7,75.25,77.0,70.45,0.0,0.00833,35454530.0,2646701039.0,1.964769647696481,73.8
HK.01024,快手-W,2022-03-21 00:00:00,78.25,70.65,78.25,69.85,0.0,0.00855,36409427.0,2684495612.0,-6.112956810631222,75.25
HK.01024,快手-W,2022-03-22 00:00:00,70.35,74.3,75.1,69.6,0.0,0.00552,23492740.0,1729003913.0,5.166312809624899,70.65
HK.01024,快手-W,2022-03-23 00:00:00,77.65,79.05,81.35,75.9,0.0,0.0091,38758219.0,3107741096.0,6.39300134589502,74.3
HK.01024,快手-W,2022-03-24 00:00:00,78.85,75.8,80.25,74.8,0.0,0.00467,19865881.0,1562811356.0,-4.111321948134092,79.05
HK.01024,快手-W,2022-03-25 00:00:00,75.0,69.6,76.75,69.45,0.0,0.00617,26261081.0,1912181693.0,-8.179419525065967,75.8
HK.01024,快手-W,2022-03-28 00:00:00,70.7,73.9,74.6,68.6,0.0,0.00581,24723789.0,1834383412.0,6.178160919540247,69.6
HK.01024,快手-W,2022-03-29 00:00:00,73.85,77.35,77.65,72.45,0.0,0.0061,25980410.0,1989137560.0,4.668470906630566,73.9
HK.01024,快手-W,2022-03-30 00:00:00,83.85,72.45,83.85,70.85,0.0,0.02031,86476520.0,6650194201.0,-6.334841628959266,77.35
HK.01024,快手-W,2022-03-31 00:00:00,73.9,73.05,75.15,72.65,0.0,0.0037,15732464.0,1183880865.0,0.8281573498964724,72.45
HK.01024,快手-W,2022-04-01 00:00:00,70.25,71.95,72.05,70.1,0.0,0.00347,14761825.0,1067570843.0,-1.505817932922648,73.05
HK.01024,快手-W,2022-04-04 00:00:00,73.35,78.35,78.45,73.35,0.0,0.00621,26428551.0,2049794901.0,8.895066018068091,71.95
HK.01024,快手-W,2022-04-06 00:00:00,74.85,74.15,77.35,73.65,0.0,0.00486,20690332.0,1585724814.0,-5.360561582641977,78.35
HK.01024,快手-W,2022-04-07 00:00:00,73.05,70.85,75.05,70.25,0.0,0.00804,34234418.0,2495139198.0,-4.450438300741755,74.15
HK.01024,快手-W,2022-04-08 00:00:00,70.35,69.1,71.15,67.95,0.0,0.00532,22699357.0,1593655776.0,-2.470007057163021,70.85
HK.01024,快手-W,2022-04-11 00:00:00,68.35,64.25,68.35,63.9,0.0,0.00732,31223029.0,2065671582.0,-7.01881331403762,69.1
HK.01024,快手-W,2022-04-12 00:00:00,64.5,59.5,65.65,56.4,0.0,0.02167,92432865.0,5590885341.0,-7.392996108949417,64.25
HK.01024,快手-W,2022-04-13 00:00:00,59.25,62.85,63.6,58.35,0.0,0.00736,31382270.0,1976361061.0,5.630252100840338,59.5
HK.01024,快手-W,2022-04-14 00:00:00,63.85,62.55,64.75,61.35,0.0,0.00552,23540937.0,1512058093.0,-0.4773269689737538,62.85
HK.01024,快手-W,2022-04-19 00:00:00,59.95,60.65,61.25,59.05,0.0,0.00553,23594584.0,1446713956.0,-3.0375699440447623,62.55
HK.01024,快手-W,2022-04-20 00:00:00,61.05,60.2,62.55,60.0,0.0,0.00426,18168849.0,1130335549.0,-0.7419620774938099,60.65
HK.01024,快手-W,2022-04-21 00:00:00,58.95,58.65,60.7,57.45,0.0,0.0056,23884769.0,1427713490.0,-2.574750830564791,60.2
HK.01024,快手-W,2022-04-22 00:00:00,56.9,58.15,59.05,56.45,0.0,0.0051,21764631.0,1283804056.0,-0.8525149190110828,58.65
HK.01024,快手-W,2022-04-25 00:00:00,56.45,54.15,56.8,53.45,0.0,0.00785,33492486.0,1874860981.0,-6.878761822871883,58.15
HK.01024,快手-W,2022-04-26 00:00:00,55.05,56.9,59.35,55.05,0.0,0.00711,30314614.0,1771557580.0,5.078485687903971,54.15
HK.01024,快手-W,2022-04-27 00:00:00,55.65,59.8,60.6,55.65,0.0,0.00685,29232268.0,1754312021.0,5.096660808435851,56.9
HK.01024,快手-W,2022-04-28 00:00:00,60.85,60.1,61.4,58.65,0.0,0.00429,18323015.0,1117321390.0,0.5016722408026827,59.8
HK.01024,快手-W,2022-04-29 00:00:00,59.15,65.6,66.8,57.95,0.0,0.01069,45593460.0,2963537381.0,9.151414309484181,60.1
HK.01024,快手-W,2022-05-03 00:00:00,65.1,65.35,67.15,61.75,0.0,0.00535,22809721.0,1511242828.0,-0.3810975609756098,65.6
HK.01024,快手-W,2022-05-04 00:00:00,64.35,61.5,64.85,60.85,0.0,0.00435,18574503.0,1181464905.0,-5.891354246365714,65.35
HK.01024,快手-W,2022-05-05 00:00:00,63.6,62.7,64.3,62.3,0.0,0.00574,24484217.0,1577910748.0,1.9512195121951263,61.5
HK.01024,快手-W,2022-05-06 00:00:00,59.7,58.95,61.2,58.45,0.0,0.00465,19827185.0,1201229714.0,-5.980861244019139,62.7
HK.01024,快手-W,2022-05-10 00:00:00,54.35,57.35,57.65,52.0,0.0,0.00973,41542860.0,2343413027.0,-2.7141645462256174,58.95
HK.01024,快手-W,2022-05-11 00:00:00,56.65,61.75,64.35,55.25,0.0,0.01054,45022123.0,2809950111.0,7.6721883173496055,57.35
HK.01024,快手-W,2022-05-12 00:00:00,59.85,61.4,64.0,59.6,0.0,0.00745,31791121.0,2008785771.0,-0.5668016194332006,61.75
HK.01024,快手-W,2022-05-13 00:00:00,64.25,66.65,66.85,62.949999999,0.0,0.01238,52844441.0,3524790838.0,8.550488599348546,61.4
HK.01024,快手-W,2022-05-16 00:00:00,68.85,67.199999999,69.7,66.35,0.0,0.00575,24542221.0,1687567101.0,0.825206300075009,66.65
HK.01024,快手-W,2022-05-17 00:00:00,67.85,70.6,70.8,67.85,0.0,0.00715,30543581.0,2163320891.0,5.059523811087188,67.199999999
HK.01024,快手-W,2022-05-18 00:00:00,70.8,68.7,70.85,67.25,0.0,0.00645,27538285.0,1916381905.0,-2.691218130311603,70.6
HK.01024,快手-W,2022-05-19 00:00:00,65.85,66.699999999,68.05,65.1,0.0,0.00599,25582732.0,1728772268.0,-2.9112081528384333,68.7
HK.01024,快手-W,2022-05-20 00:00:00,69.35,70.1,70.35,68.45,0.0,0.0071,30329204.0,2140972679.0,5.097451275938485,66.699999999
HK.01024,快手-W,2022-05-23 00:00:00,69.3,64.8,69.45,63.85,0.0,0.00749,31962292.0,2139642731.0,-7.560627674750354,70.1
HK.01024,快手-W,2022-05-24 00:00:00,64.85,62.2,66.9,60.45,0.0,0.00638,27260337.0,1755567205.0,-4.012345679012337,64.8
HK.01024,快手-W,2022-05-25 00:00:00,64.55,65.6,66.55,63.5,0.0,0.01086,46387908.0,3076923161.0,5.466237942122173,62.2
HK.01024,快手-W,2022-05-26 00:00:00,66.699999999,66.65,66.949999999,64.3,0.0,0.00561,23953544.0,1610631775.0,1.6006097560975783,65.6
HK.01024,快手-W,2022-05-27 00:00:00,69.85,67.4,70.6,67.199999999,0.0,0.00849,36268220.0,2528808905.0,1.1252813203300824,66.65
HK.01024,快手-W,2022-05-30 00:00:00,69.85,69.75,70.6,68.95,0.0,0.00755,32222475.0,2292863280.0,3.4866468842729885,67.4
HK.01024,快手-W,2022-05-31 00:00:00,69.75,74.85,76.3,69.35,0.0,0.03959,169062501.0,12748240880.0,7.311827956989239,69.75
HK.01024,快手-W,2022-06-01 00:00:00,72.6,76.15,76.25,72.6,0.0,0.01252,53470896.0,4060329633.0,1.7368069472278043,74.85
HK.01024,快手-W,2022-06-02 00:00:00,76.15,78.75,80.6,74.7,0.0,0.00847,36151818.0,2856531912.0,3.414313854235055,76.15
HK.01024,快手-W,2022-06-06 00:00:00,79.55,82.85,82.95,78.55,0.0,0.01206,51484003.0,4229724257.0,5.206349206349199,78.75
HK.01024,快手-W,2022-06-07 00:00:00,83.85,83.85,85.85,81.95,0.0,0.00793,33850284.0,2890057404.0,1.2070006035003018,82.85
HK.01024,快手-W,2022-06-08 00:00:00,86.45,86.3,89.05,84.7,0.0,0.01265,54044664.0,4771290937.0,2.921884317233158,83.85
HK.01024,快手-W,2022-06-09 00:00:00,87.95,86.2,88.85,83.6,0.0,0.00831,35486076.0,3076659591.0,-0.11587485515642446,86.3
HK.01024,快手-W,2022-06-10 00:00:00,84.2,85.35,87.95,82.35,0.0,0.01348,57574425.0,4989571403.0,-0.9860788863109147,86.2
HK.01024,快手-W,2022-06-13 00:00:00,81.85,85.35,86.85,81.2,0.0,0.00919,39267097.0,3379515601.0,0.0,85.35
HK.01024,快手-W,2022-06-14 00:00:00,83.65,85.15,85.85,82.0,0.0,0.00622,26571774.0,2264604297.0,-0.23432923257175,85.35
HK.01024,快手-W,2022-06-15 00:00:00,86.2,86.9,88.75,86.1,0.0,0.00735,31394800.0,2778558906.0,2.055196711685261,85.15
HK.01024,快手-W,2022-06-16 00:00:00,85.05,79.2,86.85,78.0,0.0,0.01795,76670969.0,6285995537.0,-8.860759493670889,86.9
HK.01024,快手-W,2022-06-17 00:00:00,78.25,82.1,82.2,77.05,0.0,0.01369,58465543.0,4812608477.0,3.6616161616161507,79.2
HK.01024,快手-W,2022-06-20 00:00:00,81.1,81.7,81.95,78.15,0.0,0.00574,24511925.0,2000274986.0,-0.4872107186357996,82.1
HK.01024,快手-W,2022-06-21 00:00:00,81.85,84.7,85.1,80.95,0.0,0.005,21380581.0,1817511316.0,3.6719706242350063,81.7
HK.01024,快手-W,2022-06-22 00:00:00,83.85,81.2,85.3,80.5,0.0,0.00552,23575835.0,1974729731.0,-4.132231404958678,84.7
HK.01024,快手-W,2022-06-23 00:00:00,81.1,82.4,82.85,79.65,0.0,0.00466,19916583.0,1651394297.0,1.4778325123152742,81.2
HK.01024,快手-W,2022-06-24 00:00:00,83.05,86.2,87.2,83.05,0.0,0.00638,27271152.0,2368801118.0,4.61165048543689,82.4
HK.01024,快手-W,2022-06-27 00:00:00,87.25,88.8,89.65,86.4,0.0,0.00833,35579631.0,3196180877.0,3.0162412993039376,86.2
HK.01024,快手-W,2022-06-28 00:00:00,88.7,88.45,88.9,85.35,0.0,0.00527,22509353.0,1996085197.0,-0.3941441441441378,88.8
HK.01024,快手-W,2022-06-29 00:00:00,86.9,86.35,88.55,84.85,0.0,0.00513,21933822.0,1915004902.0,-2.3742227247032317,88.45
HK.01024,快手-W,2022-06-30 00:00:00,85.55,86.25,88.85,84.4,0.0,0.00503,21504982.0,1900070574.0,-0.11580775911985446,86.35
HK.01024,快手-W,2022-07-04 00:00:00,86.4,86.5,87.65,84.55,0.0,0.00344,14697588.0,1283825357.0,0.2898550724637681,86.25
HK.01024,快手-W,2022-07-05 00:00:00,88.0,87.65,90.35,86.7,0.0,0.00536,23019188.0,2063667477.0,1.3294797687861337,86.5
HK.01024,快手-W,2022-07-06 00:00:00,88.85,85.45,88.85,83.6,0.0,0.00441,18934534.0,1643637058.0,-2.509982886480323,87.65
HK.01024,快手-W,2022-07-07 00:00:00,84.3,85.05,85.6,82.0,0.0,0.00309,13259271.0,1130657681.0,-0.4681100058513817,85.45
HK.01024,快手-W,2022-07-08 00:00:00,87.15,85.45,87.6,84.75,0.0,0.00217,9296246.0,810882178.0,0.47031158142269924,85.05
HK.01024,快手-W,2022-07-11 00:00:00,85.15,81.05,85.15,80.25,0.0,0.00488,20950546.0,1731519155.0,-5.149210064365133,85.45
HK.01024,快手-W,2022-07-12 00:00:00,79.5,79.3,81.2,78.45,0.0,0.003,12879315.0,1040505631.0,-2.1591610117211597,81.05
HK.01024,快手-W,2022-07-13 00:00:00,80.35,79.55,81.7,79.15,0.0,0.00228,9798630.0,796897294.0,0.31525851197982346,79.3
HK.01024,快手-W,2022-07-14 00:00:00,79.85,79.4,80.65,77.65,0.0,0.00245,10512141.0,844781824.0,-0.18856065367692204,79.55
HK.01024,快手-W,2022-07-15 00:00:00,77.8,76.85,78.55,75.95,0.0,0.00304,13045426.0,1018162208.0,-3.211586901763238,79.4
HK.01024,快手-W,2022-07-18 00:00:00,76.75,79.6,80.25,75.8,0.0,0.00408,17497925.0,1399478524.0,3.5783994795055305,76.85
HK.01024,快手-W,2022-07-19 00:00:00,79.05,78.2,79.3,76.95,0.0,0.00224,9615474.0,760572245.0,-1.7587939698492359,79.6
HK.01024,快手-W,2022-07-20 00:00:00,80.4,80.25,81.0,79.35,0.0,0.00428,18375049.0,1495080855.0,2.6214833759590754,78.2
HK.01024,快手-W,2022-07-21 00:00:00,80.05,81.25,82.35,79.35,0.0,0.00447,19166029.0,1579929322.0,1.2461059190031152,80.25
HK.01024,快手-W,2022-07-22 00:00:00,82.55,83.95,85.15,82.35,0.0,0.00485,20813630.0,1776243939.0,3.3230769230769264,81.25
HK.01024,快手-W,2022-07-25 00:00:00,83.45,82.15,83.65,80.5,0.0,0.00233,10003229.0,828157733.0,-2.1441334127456786,83.95
HK.01024,快手-W,2022-07-26 00:00:00,82.35,83.5,84.8,82.35,0.0,0.00228,9796605.0,833481660.0,1.6433353621424154,82.15
HK.01024,快手-W,2022-07-27 00:00:00,82.25,83.5,84.35,82.25,0.0,0.0016,6885401.0,582180994.0,0.0,83.5
HK.01024,快手-W,2022-07-28 00:00:00,84.0,83.9,85.05,83.45,0.0,0.00226,9689781.0,826481425.0,0.4790419161676715,83.5
HK.01024,快手-W,2022-07-29 00:00:00,83.95,77.85,84.35,75.4,0.0,0.00951,40831869.0,3238365099.0,-7.210965435041729,83.9
HK.01024,快手-W,2022-08-01 00:00:00,77.85,78.0,78.5,75.8,0.0,0.00285,12234266.0,961378514.0,0.1926782273603156,77.85
HK.01024,快手-W,2022-08-02 00:00:00,75.75,75.35,76.2,72.7,0.0,0.00511,21920843.0,1650700286.0,-3.397435897435905,78.0
HK.01024,快手-W,2022-08-03 00:00:00,77.05,78.1,79.35,76.95,0.0,0.00442,18955527.0,1505999420.0,3.649635036496351,75.35
HK.01024,快手-W,2022-08-04 00:00:00,80.15,78.7,80.7,77.85,0.0,0.00264,11310628.0,909204528.0,0.7682458386683849,78.1
HK.01024,快手-W,2022-08-05 00:00:00,79.6,78.2,79.6,77.1,0.0,0.00198,8492717.0,673396191.0,-0.6353240152477764,78.7
HK.01024,快手-W,2022-08-08 00:00:00,75.95,76.15,77.8,75.05,0.0,0.00257,11022735.0,849409767.0,-2.6214833759590754,78.2
HK.01024,快手-W,2022-08-09 00:00:00,75.85,75.7,77.3,74.9,0.0,0.00196,8405556.0,647221522.0,-0.5909389363099183,76.15
HK.01024,快手-W,2022-08-10 00:00:00,75.55,72.9,75.9,71.45,0.0,0.00446,19154491.0,1409993941.0,-3.6988110964332854,75.7
HK.01024,快手-W,2022-08-11 00:00:00,73.95,74.4,74.75,72.5,0.0,0.00282,12128965.0,909920895.0,2.05761316872428,72.9
HK.01024,快手-W,2022-08-12 00:00:00,74.45,74.55,74.85,73.45,0.0,0.00156,6718006.0,506394595.0,0.201612903225795,74.4
HK.01024,快手-W,2022-08-15 00:00:00,73.75,74.05,75.35,73.35,0.0,0.0014,6023811.0,454158333.0,-0.670690811535882,74.55
HK.01024,快手-W,2022-08-16 00:00:00,74.5,70.75,75.95,69.7,0.0,0.00552,23697870.0,1719365670.0,-4.456448345712353,74.05
HK.01024,快手-W,2022-08-17 00:00:00,71.5,70.55,71.85,69.1,0.0,0.00609,26161440.0,1874944877.0,-0.2826855123674952,70.75
HK.01024,快手-W,2022-08-18 00:00:00,70.85,69.55,71.4,67.95,0.0,0.00394,16897173.0,1188608908.0,-1.417434443656981,70.55
HK.01024,快手-W,2022-08-19 00:00:00,69.5,72.85,73.5,69.3,0.0,0.00683,29336360.0,2159114403.0,4.744787922358012,69.55
HK.01024,快手-W,2022-08-22 00:00:00,71.25,73.4,73.95,70.45,0.0,0.00292,12526056.0,928087568.0,0.7549759780370782,72.85
HK.01024,快手-W,2022-08-23 00:00:00,73.45,73.95,75.15,73.0,0.0,0.00341,14623649.0,1100492483.0,0.7493188010899143,73.4
HK.01024,快手-W,2022-08-24 00:00:00,72.65,67.85,73.25,66.0,0.0,0.01306,56096546.0,3932447286.0,-8.248816768086556,73.95
HK.01024,快手-W,2022-08-25 00:00:00,67.95,72.6,73.45,67.95,0.0,0.00583,25054306.0,1820345971.0,7.000736919675756,67.85
HK.01024,快手-W,2022-08-26 00:00:00,74.2,69.6,75.05,69.1,0.0,0.00762,32715311.0,2352281505.0,-4.132231404958678,72.6
HK.01024,快手-W,2022-08-29 00:00:00,68.75,69.8,70.75,67.85,0.0,0.00223,9595048.0,680810119.0,0.28735632183908455,69.6
HK.01024,快手-W,2022-08-30 00:00:00,69.95,66.85,70.0,64.9,0.0,0.00759,32588307.0,2194724876.0,-4.226361031518628,69.8
HK.01024,快手-W,2022-08-31 00:00:00,65.0,67.65,68.85,65.0,0.0,0.00415,17828990.0,1216362977.0,1.1967090501122086,66.85
HK.01024,快手-W,2022-09-01 00:00:00,66.05,65.9,67.5,63.949999999,0.0,0.00492,21127625.0,1415779750.0,-2.5868440502586845,67.65
HK.01024,快手-W,2022-09-02 00:00:00,65.9,65.65,66.65,64.6,0.0,0.00494,21232439.0,1415070708.0,-0.3793626707132018,65.9
HK.01024,快手-W,2022-09-05 00:00:00,65.15,64.5,65.15,63.9,0.0,0.00273,11738667.0,770452466.0,-1.75171363290176,65.65
HK.01024,快手-W,2022-09-06 00:00:00,65.3,64.25,65.449999999,63.35,0.0,0.00216,9282943.0,605441658.0,-0.3875968992248062,64.5
HK.01024,快手-W,2022-09-07 00:00:00,62.85,61.6,62.85,60.25,0.0,0.00617,26528098.0,1653049082.0,-4.124513618677041,64.25
HK.01024,快手-W,2022-09-08 00:00:00,61.9,61.25,62.7,60.75,0.0,0.00325,13971398.0,878397114.0,-0.5681818181818205,61.6
HK.01024,快手-W,2022-09-09 00:00:00,61.75,63.35,64.0,60.95,0.0,0.00372,15987343.0,1032066644.0,3.4285714285714306,61.25
HK.01024,快手-W,2022-09-13 00:00:00,63.8,62.1,64.3,61.05,0.0,0.00316,13589149.0,858413294.0,-1.973164956590371,63.35
HK.01024,快手-W,2022-09-14 00:00:00,60.0,60.3,60.9,59.5,0.0,0.00271,11646355.0,714734579.0,-2.898550724637688,62.1
HK.01024,快手-W,2022-09-15 00:00:00,60.4,60.75,61.35,60.05,0.0,0.00197,8480856.0,523821511.0,0.7462686567164226,60.3
HK.01024,快手-W,2022-09-16 00:00:00,59.4,56.15,59.95,55.85,0.0,0.00832,35762917.0,2081547116.0,-7.572016460905353,60.75
HK.01024,快手-W,2022-09-19 00:00:00,55.95,55.5,56.05,54.0,0.0,0.00509,21890498.0,1232059663.0,-1.1576135351736394,56.15
HK.01024,快手-W,2022-09-20 00:00:00,56.45,56.55,57.45,56.15,0.0,0.00329,14154275.0,818459337.0,1.8918918918918868,55.5
HK.01024,快手-W,2022-09-21 00:00:00,55.85,54.7,55.85,54.45,0.0,0.00306,13165010.0,738622052.0,-3.271441202475675,56.55
HK.01024,快手-W,2022-09-22 00:00:00,52.75,54.35,55.2,52.5,0.0,0.00314,13473575.0,745645243.0,-0.6398537477148106,54.7
HK.01024,快手-W,2022-09-23 00:00:00,53.95,53.6,55.4,53.55,0.0,0.00297,12770882.0,705790032.0,-1.3799448022079117,54.35
HK.01024,快手-W,2022-09-26 00:00:00,53.2,54.45,56.15,52.05,0.0,0.00381,16359087.0,913540898.0,1.5858208955223905,53.6
HK.01024,快手-W,2022-09-27 00:00:00,54.5,55.0,55.45,52.65,0.0,0.00371,15937669.0,881453157.0,1.0101010101010048,54.45
HK.01024,快手-W,2022-09-28 00:00:00,53.9,52.15,54.1,51.9,0.0,0.00366,15733318.0,845769334.0,-5.181818181818184,55.0
HK.01024,快手-W,2022-09-29 00:00:00,54.15,51.0,54.15,50.15,0.0,0.0033,14196123.0,751352064.0,-2.205177372962605,52.15
HK.01024,快手-W,2022-09-30 00:00:00,51.3,49.8,52.15,49.3,0.0,0.00248,10661471.0,546178970.0,-2.3529411764705936,51.0
HK.01024,快手-W,2022-10-03 00:00:00,49.35,50.85,51.55,49.35,0.0,0.00172,7395643.0,383675590.0,2.1084337349397675,49.8
HK.01024,快手-W,2022-10-05 00:00:00,53.85,55.1,55.45,53.6,0.0,0.00353,15154377.0,846153881.0,8.357915437561456,50.85
HK.01024,快手-W,2022-10-06 00:00:00,55.5,54.8,55.8,53.75,0.0,0.00215,9232350.0,515710472.0,-0.5444646098003707,55.1
HK.01024,快手-W,2022-10-07 00:00:00,53.9,52.7,54.05,52.7,0.0,0.00155,6658257.0,361065486.0,-3.8321167883211578,54.8
HK.01024,快手-W,2022-10-10 00:00:00,50.7,50.85,51.4,50.45,0.0,0.00261,11212160.0,583592166.0,-3.5104364326375737,52.7
HK.01024,快手-W,2022-10-11 00:00:00,50.55,49.25,50.9,47.9,0.0,0.00304,13090119.0,659206090.0,-3.1465093411996095,50.85
HK.01024,快手-W,2022-10-12 00:00:00,48.65,48.7,51.0,46.75,0.0,0.0044,18895030.0,935485290.0,-1.1167512690355272,49.25
HK.01024,快手-W,2022-10-13 00:00:00,48.7,46.45,48.7,46.45,0.0,0.00312,13406883.0,648834916.0,-4.620123203285421,48.7
HK.01024,快手-W,2022-10-14 00:00:00,47.9,47.6,50.25,47.3,0.0,0.004,17189202.0,853832071.0,2.4757804090419775,46.45
HK.01024,快手-W,2022-10-17 00:00:00,46.9,47.7,48.65,44.5,0.0,0.00485,20835063.0,989610054.0,0.21008403361344835,47.6
HK.01024,快手-W,2022-10-18 00:00:00,49.05,50.3,50.5,47.85,0.0,0.00402,17303862.0,877880760.0,5.450733752620533,47.7
HK.01024,快手-W,2022-10-19 00:00:00,49.75,46.5,49.85,46.4,0.0,0.00445,19138185.0,929339384.0,-7.55467196819085,50.3
HK.01024,快手-W,2022-10-20 00:00:00,44.65,42.4,45.45,42.0,0.0,0.01158,49805041.0,2224745399.0,-8.817204301075272,46.5
HK.01024,快手-W,2022-10-21 00:00:00,42.65,38.85,42.95,38.7,0.0,0.01079,46403229.0,1909690143.0,-8.372641509433956,42.4
HK.01024,快手-W,2022-10-24 00:00:00,36.85,33.8,38.35,33.35,0.0,0.01257,54055655.0,1972468212.0,-12.998712998713009,38.85
HK.01024,快手-W,2022-10-25 00:00:00,33.85,35.4,37.3,32.35,0.0,0.01311,56369329.0,2044623659.0,4.733727810650892,33.8
HK.01024,快手-W,2022-10-26 00:00:00,35.15,36.7,38.3,34.4,0.0,0.01015,43640972.0,1658556421.0,3.672316384180803,35.4
HK.01024,快手-W,2022-10-27 00:00:00,38.85,34.6,39.35,33.85,0.0,0.00949,40799957.0,1521546166.0,-5.722070844686652,36.7
HK.01024,快手-W,2022-10-28 00:00:00,34.35,31.649999999,34.9,30.6,0.0,0.012,51572976.0,1713519297.0,-8.526011563583822,34.6
HK.01024,快手-W,2022-10-31 00:00:00,31.5,31.149999999,33.0,30.85,0.0,0.00979,42108340.0,1388721298.0,-1.5797788310135792,31.649999999
HK.01024,快手-W,2022-11-01 00:00:00,31.649999999,36.0,36.65,31.2,0.0,0.01363,58607696.0,2075832041.0,15.569823438702088,31.149999999
HK.01024,快手-W,2022-11-02 00:00:00,35.4,36.05,36.4,33.4,0.0,0.0091,39130459.0,1421338318.0,0.138888888888881,36.0
HK.01024,快手-W,2022-11-03 00:00:00,34.8,35.0,36.95,34.5,0.0,0.00631,27111247.0,995498415.0,-2.9126213592232935,36.05
HK.01024,快手-W,2022-11-04 00:00:00,35.4,40.75,41.9,35.35,0.0,0.01677,72084760.0,2961805090.0,16.428571428571427,35.0
HK.01024,快手-W,2022-11-07 00:00:00,40.15,44.2,45.6,39.6,0.0,0.01264,54355328.0,2431729358.0,8.466257668711663,40.75
HK.01024,快手-W,2022-11-08 00:00:00,44.55,44.6,45.6,42.9,0.0,0.00694,29840953.0,1359085155.0,0.9049773755656076,44.2
HK.01024,快手-W,2022-11-09 00:00:00,45.0,43.35,46.6,43.1,0.0,0.00795,34180295.0,1554888276.0,-2.802690582959641,44.6
HK.01024,快手-W,2022-11-10 00:00:00,41.8,39.6,41.8,39.2,0.0,0.00927,39867483.0,1647742798.0,-8.650519031141869,43.35
HK.01024,快手-W,2022-11-11 00:00:00,45.45,46.75,47.25,44.45,0.0,0.01371,58947324.0,2783233130.0,18.055555555555554,39.6
HK.01024,快手-W,2022-11-14 00:00:00,49.15,46.0,49.5,44.7,0.0,0.01031,44360489.0,2116409198.0,-1.6042780748663104,46.75
HK.01024,快手-W,2022-11-15 00:00:00,45.85,51.05,53.3,45.55,0.0,0.01649,70933474.0,3633830602.0,10.978260869565212,46.0
HK.01024,快手-W,2022-11-16 00:00:00,51.05,51.65,51.75,49.05,0.0,0.0112,48173975.0,2489357079.0,1.175318315377084,51.05
HK.01024,快手-W,2022-11-17 00:00:00,49.85,52.45,53.35,47.65,0.0,0.01049,45126932.0,2318725458.0,1.5488867376573172,51.65
HK.01024,快手-W,2022-11-18 00:00:00,54.85,53.15,56.25,51.95,0.0,0.01122,48280189.0,2680415501.0,1.3346043851286857,52.45
HK.01024,快手-W,2022-11-21 00:00:00,50.85,52.5,54.45,48.65,0.0,0.00784,33716134.0,1798252664.0,-1.2229539040451525,53.15
HK.01024,快手-W,2022-11-22 00:00:00,51.95,49.1,53.0,48.65,0.0,0.00759,32658564.0,1676262245.0,-6.476190476190473,52.5
HK.01024,快手-W,2022-11-23 00:00:00,50.1,51.95,53.05,49.95,0.0,0.01031,44351774.0,2338444045.0,5.804480651731163,49.1
HK.01024,快手-W,2022-11-24 00:00:00,52.25,52.6,53.8,52.0,0.0,0.00396,17048817.0,921076751.0,1.2512030798845015,51.95
HK.01024,快手-W,2022-11-25 00:00:00,52.8,49.65,52.85,49.5,0.0,0.00544,23385579.0,1199784646.0,-5.608365019011412,52.6
HK.01024,快手-W,2022-11-28 00:00:00,46.85,49.55,50.3,46.25,0.0,0.00513,22053680.0,1101442717.0,-0.20140986908358796,49.65
HK.01024,快手-W,2022-11-29 00:00:00,51.1,53.65,53.75,50.1,0.0,0.00682,29349530.0,1568148163.0,8.274470232088802,49.55
HK.01024,快手-W,2022-11-30 00:00:00,53.55,55.4,55.7,52.25,0.0,0.00597,25674857.0,1422989284.0,3.2618825722274,53.65
HK.01024,快手-W,2022-12-01 00:00:00,58.85,56.55,60.45,54.6,0.0,0.01264,54382311.0,3173287087.0,2.0758122743682286,55.4
HK.01024,快手-W,2022-12-02 00:00:00,57.25,58.85,59.8,56.9,0.0,0.00981,42187220.0,2517304398.0,4.067197170645454,56.55
HK.01024,快手-W,2022-12-05 00:00:00,62.65,62.5,62.65,60.2,0.0,0.01343,57747905.0,3623047128.0,6.202209005947322,58.85
HK.01024,快手-W,2022-12-06 00:00:00,61.05,62.5,65.55,61.0,0.0,0.00797,34271116.0,2207348462.0,0.0,62.5
HK.01024,快手-W,2022-12-07 00:00:00,62.1,60.7,66.75,59.9,0.0,0.0108,46482107.0,3020296323.0,-2.8799999999999955,62.5
HK.01024,快手-W,2022-12-08 00:00:00,61.0,67.55,67.65,61.0,0.0,0.01025,44125559.0,2943208734.0,11.28500823723228,60.7
HK.01024,快手-W,2022-12-09 00:00:00,67.85,68.95,70.85,66.05,0.0,0.01459,62791810.0,4400961362.0,2.072538860103635,67.55
HK.01024,快手-W,2022-12-12 00:00:00,68.05,66.85,71.2,66.25,0.0,0.00712,30653786.0,2118730124.0,-3.0456852791878295,68.95
HK.01024,快手-W,2022-12-13 00:00:00,66.85,69.9,71.75,66.55,0.0,0.00798,34347659.0,2456768391.0,4.562453253552747,66.85
HK.01024,快手-W,2022-12-14 00:00:00,70.65,69.85,72.05,68.35,0.0,0.00574,24723394.0,1760823686.0,-0.07153075822605345,69.9
HK.01024,快手-W,2022-12-15 00:00:00,69.7,67.55,70.4,66.9,0.0,0.00435,18719748.0,1296885485.0,-3.292770221904076,69.85
HK.01024,快手-W,2022-12-16 00:00:00,66.85,68.35,69.85,65.6,0.0,0.0058,24986674.0,1725641308.0,1.1843079200592113,67.55
HK.01024,快手-W,2022-12-19 00:00:00,68.35,69.15,71.75,67.8,0.0,0.00452,19469938.0,1381537678.0,1.1704462326262055,68.35
HK.01024,快手-W,2022-12-20 00:00:00,68.85,65.75,68.85,64.35,0.0,0.00618,26582768.0,1786140405.0,-4.916847433116421,69.15
HK.01024,快手-W,2022-12-21 00:00:00,66.0,65.949999999,66.949999999,64.8,0.0,0.00327,14074975.0,943269122.0,0.3041825079847897,65.75
HK.01024,快手-W,2022-12-22 00:00:00,68.3,70.65,71.1,67.6,0.0,0.00704,30303120.0,2149570605.0,7.126611070616032,65.949999999
HK.01024,快手-W,2022-12-23 00:00:00,69.2,68.2,72.0,67.1,0.0,0.00677,29153554.0,2056633666.0,-3.467799009200287,70.65
HK.01024,快手-W,2022-12-28 00:00:00,70.0,71.95,72.85,69.85,0.0,0.00769,33092742.0,2413775259.0,5.4985337243401755,68.2
HK.01024,快手-W,2022-12-29 00:00:00,70.6,69.5,71.1,68.95,0.0,0.0057,24517831.0,1736030253.0,-3.4051424600417,71.95
HK.01024,快手-W,2022-12-30 00:00:00,71.35,69.9,72.15,69.3,0.0,0.00448,19282425.0,1381517036.0,0.5755395683453319,69.5
HK.01024,快手-W,2023-01-03 00:00:00,69.6,72.45,73.1,68.95,0.0,0.00527,22687813.0,1651789408.0,3.648068669527892,69.9
HK.01024,快手-W,2023-01-04 00:00:00,73.05,76.4,77.05,72.15,0.0,0.00843,36302156.0,2778832553.0,5.452035886818499,72.45
HK.01024,快手-W,2023-01-05 00:00:00,78.55,78.2,79.7,77.15,0.0,0.00903,38861764.0,3101385721.0,2.356020942408373,76.4
HK.01024,快手-W,2023-01-06 00:00:00,78.85,77.05,79.45,75.9,0.0,0.00638,27446149.0,2173492005.0,-1.4705882352941249,78.2
HK.01024,快手-W,2023-01-09 00:00:00,78.85,78.7,79.25,77.25,0.0,0.00547,23582621.0,1878745681.0,2.141466580142772,77.05
HK.01024,快手-W,2023-01-10 00:00:00,78.8,76.6,79.2,74.7,0.0,0.00545,23566547.0,1825416498.0,-2.6683608640406713,78.7
HK.01024,快手-W,2023-01-11 00:00:00,76.8,75.55,78.1,75.25,0.0,0.0055,23811793.0,1847116443.0,-1.3707571801566545,76.6
HK.01024,快手-W,2023-01-12 00:00:00,76.05,72.1,76.05,70.7,0.0,0.01023,44263209.0,3268386035.0,-4.566512243547324,75.55
HK.01024,快手-W,2023-01-13 00:00:00,72.1,73.25,73.4,71.7,0.0,0.0041,17739151.0,1307197217.0,1.595006934812768,72.1
HK.01024,快手-W,2023-01-16 00:00:00,73.35,70.35,74.2,69.25,0.0,0.00534,23110934.0,1667723832.0,-3.959044368600691,73.25
HK.01024,快手-W,2023-01-17 00:00:00,70.35,70.35,73.3,69.7,0.0,0.00456,19724340.0,1423287639.0,0.0,70.35
HK.01024,快手-W,2023-01-18 00:00:00,70.35,71.35,72.05,68.65,0.0,0.00564,24396147.0,1755117714.0,1.4214641080312724,70.35
HK.01024,快手-W,2023-01-19 00:00:00,68.45,67.0,68.65,66.5,0.0,0.00752,32539045.0,2232470898.0,-6.0967063770147085,71.35
HK.01024,快手-W,2023-01-20 00:00:00,67.7,68.95,69.35,67.0,0.0,0.00482,20863961.0,1453572380.0,2.910447761194034,67.0
HK.01024,快手-W,2023-01-26 00:00:00,71.05,70.55,71.25,69.15,0.0,0.00365,15777581.0,1124269050.0,2.320522117476424,68.95
HK.01024,快手-W,2023-01-27 00:00:00,70.85,71.55,72.05,70.55,0.0,0.00368,15916816.0,1154793618.0,1.417434443656981,70.55
HK.01024,快手-W,2023-01-30 00:00:00,72.85,67.449999999,72.85,66.949999999,0.0,0.00885,38323215.0,2698990876.0,-5.7302585618448605,71.55
HK.01024,快手-W,2023-01-31 00:00:00,67.8,67.5,69.35,66.5,0.0,0.00526,22774317.0,1567313520.0,0.07412898591659316,67.449999999
HK.01024,快手-W,2023-02-01 00:00:00,68.25,70.25,70.5,66.25,0.0,0.00517,22377570.0,1573394834.0,4.074074074074074,67.5
HK.01024,快手-W,2023-02-02 00:00:00,71.65,69.7,72.85,69.35,0.0,0.0046,19889363.0,1431453581.0,-0.7829181494661882,70.25
HK.01024,快手-W,2023-02-03 00:00:00,69.35,68.1,71.1,67.6,0.0,0.00412,17847896.0,1241657289.0,-2.295552367288391,69.7
HK.01024,快手-W,2023-02-06 00:00:00,66.15,64.6,66.15,63.65,0.0,0.00595,25755767.0,1689183010.0,-5.139500734214391,68.1
HK.01024,快手-W,2023-02-07 00:00:00,64.55,65.449999999,66.8,64.1,0.0,0.00372,16119321.0,1072781398.0,1.3157894721362307,64.6
HK.01024,快手-W,2023-02-08 00:00:00,65.25,61.35,65.55,60.85,0.0,0.00952,41228599.0,2603648476.0,-6.2643239099505585,65.449999999
HK.01024,快手-W,2023-02-09 00:00:00,60.8,63.85,63.85,60.15,0.0,0.00534,23135942.0,1468955458.0,4.074979625101874,61.35
HK.01024,快手-W,2023-02-10 00:00:00,62.7,60.15,63.3,59.9,0.0,0.00573,24818601.0,1536706769.0,-5.794831636648399,63.85
HK.01024,快手-W,2023-02-13 00:00:00,59.85,62.1,62.8,58.95,0.0,0.00501,21704991.0,1357954588.0,3.2418952618453916,60.15
HK.01024,快手-W,2023-02-14 00:00:00,62.85,61.05,62.85,60.9,0.0,0.00474,20510061.0,1286313657.0,-1.6908212560386542,62.1
HK.01024,快手-W,2023-02-15 00:00:00,61.1,59.6,61.6,59.3,0.0,0.00363,15733777.0,960443021.0,-2.3751023751023683,61.05
HK.01024,快手-W,2023-02-16 00:00:00,60.55,60.75,62.8,60.3,0.0,0.00509,22061119.0,1383040591.0,1.9295302013422795,59.6
HK.01024,快手-W,2023-02-17 00:00:00,60.55,58.8,61.65,58.6,0.0,0.00378,16377389.0,993693224.0,-3.209876543209881,60.75
HK.01024,快手-W,2023-02-20 00:00:00,58.3,59.6,60.2,57.5,0.0,0.0039,16883854.0,1017311092.0,1.3605442176870821,58.8
HK.01024,快手-W,2023-02-21 00:00:00,59.0,55.8,59.45,55.2,0.0,0.0073,31618880.0,1819049183.0,-6.375838926174504,59.6
HK.01024,快手-W,2023-02-22 00:00:00,55.35,54.35,55.95,53.85,0.0,0.00681,29490435.0,1640248404.0,-2.5985663082437203,55.8
HK.01024,快手-W,2023-02-23 00:00:00,53.9,53.9,54.95,52.7,0.0,0.00597,25845997.0,1422525168.0,-0.8279668813247522,54.35
HK.01024,快手-W,2023-02-24 00:00:00,53.6,51.7,53.85,51.6,0.0,0.00579,25071606.0,1341418666.0,-4.081632653061217,53.9
HK.01024,快手-W,2023-02-27 00:00:00,50.65,53.05,53.85,50.4,0.0,0.00627,27128115.0,1465815318.0,2.611218568665366,51.7
HK.01024,快手-W,2023-02-28 00:00:00,52.15,51.35,52.9,50.75,0.0,0.0066,28583472.0,1508079019.0,-3.2045240339302463,53.05
HK.01024,快手-W,2023-03-01 00:00:00,51.4,54.9,55.45,51.25,0.0,0.00854,36986358.0,2034081058.0,6.913339824732224,51.35
HK.01024,快手-W,2023-03-02 00:00:00,53.35,54.45,55.05,53.35,0.0,0.00442,19120463.0,1057116227.0,-0.8196721311475332,54.9
HK.01024,快手-W,2023-03-03 00:00:00,56.3,57.6,58.55,55.8,0.0,0.00717,31036902.0,1813529979.0,5.785123966942146,54.45
HK.01024,快手-W,2023-03-06 00:00:00,57.6,56.45,58.35,55.2,0.0,0.00517,22402290.0,1289558679.0,-1.9965277777777752,57.6
HK.01024,快手-W,2023-03-07 00:00:00,56.2,54.7,57.4,53.9,0.0,0.005,21669574.0,1226498822.0,-3.100088573959256,56.45
HK.01024,快手-W,2023-03-08 00:00:00,53.3,53.2,53.8,52.45,0.0,0.00403,17473992.0,947877949.0,-2.742230347349177,54.7
HK.01024,快手-W,2023-03-09 00:00:00,52.95,51.95,53.4,51.8,0.0,0.00279,12068363.0,646248534.0,-2.3496240601503757,53.2
HK.01024,快手-W,2023-03-10 00:00:00,50.4,49.05,50.45,48.55,0.0,0.00985,42677520.0,2152847002.0,-5.582290664100107,51.95
HK.01024,快手-W,2023-03-13 00:00:00,50.25,51.15,52.8,49.85,0.0,0.00631,27349789.0,1432710382.0,4.2813455657492385,49.05
HK.01024,快手-W,2023-03-14 00:00:00,50.9,48.9,51.45,48.55,0.0,0.00476,20626651.0,1047662750.0,-4.398826979472141,51.15
HK.01024,快手-W,2023-03-15 00:00:00,50.2,50.15,51.65,49.7,0.0,0.00381,16523787.0,853395578.0,2.556237218813906,48.9
HK.01024,快手-W,2023-03-16 00:00:00,48.65,50.0,51.2,48.65,0.0,0.00367,15907565.0,813541511.0,-0.29910269192422445,50.15
HK.01024,快手-W,2023-03-17 00:00:00,51.65,52.25,52.85,50.95,0.0,0.00631,27353918.0,1458024531.0,4.5,50.0
HK.01024,快手-W,2023-03-20 00:00:00,51.9,51.85,52.9,50.65,0.0,0.00383,16609033.0,879109752.0,-0.765550239234447,52.25
HK.01024,快手-W,2023-03-21 00:00:00,52.1,52.15,52.55,50.6,0.0,0.00356,15408504.0,815804942.0,0.5785920925747293,51.85
HK.01024,快手-W,2023-03-22 00:00:00,52.7,52.85,55.2,52.7,0.0,0.00511,22144012.0,1216479461.0,1.3422818791946365,52.15
HK.01024,快手-W,2023-03-23 00:00:00,52.85,55.45,55.7,52.0,0.0,0.00502,21760853.0,1206386292.0,4.91958372753075,52.85
HK.01024,快手-W,2023-03-24 00:00:00,54.9,55.75,56.85,54.3,0.0,0.00471,20418281.0,1160743127.0,0.5410279531109056,55.45
HK.01024,快手-W,2023-03-27 00:00:00,55.75,54.25,56.35,53.45,0.0,0.00525,22736086.0,1266171671.0,-2.690582959641256,55.75
HK.01024,快手-W,2023-03-28 00:00:00,55.0,54.25,55.45,53.5,0.0,0.00445,19259513.0,1071375020.0,0.0,54.25
HK.01024,快手-W,2023-03-29 00:00:00,56.15,55.1,58.45,54.4,0.0,0.00659,28552514.0,1631569392.0,1.5668202764976984,54.25
HK.01024,快手-W,2023-03-30 00:00:00,58.0,58.25,60.75,57.35,0.0,0.0129,55892243.0,3365199753.0,5.716878402903808,55.1
HK.01024,快手-W,2023-03-31 00:00:00,59.65,59.3,60.2,58.75,0.0,0.00462,20004974.0,1212581021.0,1.8025751072961325,58.25
HK.01024,快手-W,2023-04-03 00:00:00,59.1,57.25,59.7,55.85,0.0,0.006,25997991.0,1510034544.0,-3.456998313659355,59.3
HK.01024,快手-W,2023-04-04 00:00:00,57.2,55.75,57.2,54.35,0.0,0.00493,21341711.0,1204987198.0,-2.6200873362445414,57.25
HK.01024,快手-W,2023-04-06 00:00:00,54.3,55.0,55.25,53.2,0.0,0.00475,20597431.0,1137188992.0,-1.345291479820628,55.75
HK.01024,快手-W,2023-04-11 00:00:00,55.25,55.05,56.0,53.9,0.0,0.00407,17652918.0,989007806.0,0.09090909090908574,55.0
HK.01024,快手-W,2023-04-12 00:00:00,55.05,52.95,55.35,51.95,0.0,0.00531,23031709.0,1253563493.0,-3.8147138964577554,55.05
HK.01024,快手-W,2023-04-13 00:00:00,51.25,53.6,53.6,50.95,0.0,0.00418,18095319.0,968084822.0,1.2275731822474005,52.95
HK.01024,快手-W,2023-04-14 00:00:00,53.85,52.9,55.05,52.4,0.0,0.00417,18069750.0,986129140.0,-1.3059701492537368,53.6
HK.01024,快手-W,2023-04-17 00:00:00,51.85,53.7,54.05,51.1,0.0,0.00518,22468751.0,1205410725.0,1.5122873345935808,52.9
HK.01024,快手-W,2023-04-18 00:00:00,53.05,52.95,53.1,51.65,0.0,0.0049,21252962.0,1140662401.0,-1.3966480446927374,53.7
HK.01024,快手-W,2023-04-19 00:00:00,52.4,50.55,52.65,49.95,0.0,0.00646,27991322.0,1458652766.0,-4.53257790368273,52.95
HK.01024,快手-W,2023-04-20 00:00:00,49.65,47.85,49.65,47.25,0.0,0.01003,43458299.0,2144961748.0,-5.341246290801179,50.55
HK.01024,快手-W,2023-04-21 00:00:00,47.4,47.4,48.55,47.05,0.0,0.00366,15863034.0,774726803.0,-0.9404388714733601,47.85
HK.01024,快手-W,2023-04-24 00:00:00,47.6,48.9,49.7,47.5,0.0,0.0043,18628592.0,931482668.0,3.1645569620253164,47.4
HK.01024,快手-W,2023-04-25 00:00:00,48.3,46.95,48.65,46.3,0.0,0.00395,17103309.0,825024956.0,-3.987730061349685,48.9
HK.01024,快手-W,2023-04-26 00:00:00,46.85,49.6,50.05,46.7,0.0,0.00564,24426104.0,1220046029.0,5.644302449414267,46.95
HK.01024,快手-W,2023-04-27 00:00:00,49.2,50.2,50.55,48.75,0.0,0.00328,14197072.0,721001440.0,1.2096774193548416,49.6
HK.01024,快手-W,2023-04-28 00:00:00,50.2,50.15,51.9,49.85,0.0,0.00381,16516636.0,855785154.0,-0.09960159362550648,50.2
HK.01024,快手-W,2023-05-02 00:00:00,51.35,49.7,51.6,49.05,0.0,0.00112,4842631.0,247394126.0,-0.8973080757726735,50.15
HK.01024,快手-W,2023-05-03 00:00:00,48.5,49.2,49.35,48.25,0.0,0.00138,5963475.0,298079180.0,-1.0060362173038229,49.7
HK.01024,快手-W,2023-05-04 00:00:00,49.5,49.3,50.45,48.8,0.0,0.00201,8713902.0,441956492.0,0.20325203252031365,49.2
HK.01024,快手-W,2023-05-05 00:00:00,50.25,50.6,51.35,49.55,0.0,0.00304,13168305.0,680793133.0,2.6369168356998056,49.3
HK.01024,快手-W,2023-05-08 00:00:00,50.8,50.7,51.35,50.15,0.0,0.00238,10318057.0,535226506.0,0.19762845849802652,50.6
HK.01024,快手-W,2023-05-09 00:00:00,50.7,48.9,50.7,48.5,0.0,0.00327,14158705.0,715567170.0,-3.550295857988174,50.7
HK.01024,快手-W,2023-05-10 00:00:00,48.95,49.8,50.25,48.25,0.0,0.00251,10885730.0,550280606.0,1.8404907975460092,48.9
HK.01024,快手-W,2023-05-11 00:00:00,49.95,49.9,50.35,48.95,0.0,0.0025,10823619.0,549133385.0,0.20080321285140845,49.8
HK.01024,快手-W,2023-05-12 00:00:00,51.2,49.9,51.8,49.75,0.0,0.00328,14210191.0,734633333.0,0.0,49.9
HK.01024,快手-W,2023-05-15 00:00:00,49.1,51.5,52.05,48.95,0.0,0.00355,15372268.0,803080976.0,3.206412825651306,49.9
HK.01024,快手-W,2023-05-16 00:00:00,52.25,51.85,52.85,51.6,0.0,0.00269,11646718.0,620403517.0,0.6796116504854397,51.5
HK.01024,快手-W,2023-05-17 00:00:00,52.15,51.45,53.6,51.15,0.0,0.00388,16840543.0,899945746.0,-0.771456123432977,51.85
HK.01024,快手-W,2023-05-18 00:00:00,52.2,51.4,53.1,50.95,0.0,0.00237,10266470.0,541492114.0,-0.09718172983479934,51.45
HK.01024,快手-W,2023-05-19 00:00:00,50.6,48.9,50.65,48.15,0.0,0.00494,21427896.0,1071951377.0,-4.863813229571985,51.4
HK.01024,快手-W,2023-05-22 00:00:00,49.35,52.35,52.95,49.0,0.0,0.00593,25695748.0,1360235686.0,7.055214723926387,48.9
HK.01024,快手-W,2023-05-23 00:00:00,54.1,54.0,55.95,53.75,0.0,0.00946,41019304.0,2295153091.0,3.1518624641833783,52.35
HK.01024,快手-W,2023-05-24 00:00:00,54.0,54.4,55.35,53.3,0.0,0.00569,24657048.0,1370070223.0,0.740740740740738,54.0
HK.01024,快手-W,2023-05-25 00:00:00,54.25,52.65,55.25,52.1,0.0,0.00604,26187178.0,1433740471.0,-3.2169117647058827,54.4
HK.01024,快手-W,2023-05-29 00:00:00,53.6,50.05,53.95,49.7,0.0,0.00574,24896456.0,1294776412.0,-4.938271604938274,52.65
HK.01024,快手-W,2023-05-30 00:00:00,50.75,53.35,53.65,50.25,0.0,0.00557,24168652.0,1289042665.0,6.593406593406602,50.05
HK.01024,快手-W,2023-05-31 00:00:00,52.65,51.85,52.85,50.15,0.0,0.01576,68326353.0,3604441473.0,-2.8116213683223994,53.35
HK.01024,快手-W,2023-06-01 00:00:00,51.3,52.4,54.15,50.65,0.0,0.00686,29763977.0,1600982814.0,1.0607521697203417,51.85
HK.01024,快手-W,2023-06-02 00:00:00,53.95,55.95,56.4,53.9,0.0,0.01026,44509055.0,2529315875.0,6.774809160305352,52.4
HK.01024,快手-W,2023-06-05 00:00:00,56.85,56.35,56.95,55.25,0.0,0.00421,18240841.0,1047363926.0,0.7149240393208195,55.95
HK.01024,快手-W,2023-06-06 00:00:00,55.95,55.05,56.55,54.35,0.0,0.00401,17404258.0,986123744.0,-2.307009760425917,56.35
HK.01024,快手-W,2023-06-07 00:00:00,56.45,57.3,57.8,56.45,0.0,0.00552,23952965.0,1398030967.0,4.087193460490464,55.05
HK.01024,快手-W,2023-06-08 00:00:00,56.85,55.65,57.1,54.9,0.0,0.00495,21462205.0,1219207816.0,-2.8795811518324586,57.3
HK.01024,快手-W,2023-06-09 00:00:00,56.35,57.25,57.5,55.6,0.0,0.00367,15916914.0,924168891.0,2.875112309074576,55.65
HK.01024,快手-W,2023-06-12 00:00:00,57.8,58.5,58.55,57.3,0.0,0.00393,17042354.0,1007405355.0,2.1834061135371177,57.25
HK.01024,快手-W,2023-06-13 00:00:00,58.25,58.2,58.75,57.15,0.0,0.00582,25243788.0,1497539400.0,-0.512820512820508,58.5
HK.01024,快手-W,2023-06-14 00:00:00,58.45,57.95,59.4,57.05,0.0,0.00405,17572098.0,1045984046.0,-0.42955326460481097,58.2
HK.01024,快手-W,2023-06-15 00:00:00,59.25,60.0,60.25,58.45,0.0,0.00635,27539014.0,1671165176.0,3.5375323554788562,57.95
HK.01024,快手-W,2023-06-16 00:00:00,60.25,58.75,60.85,58.45,0.0,0.01598,69257174.0,4175385279.0,-2.083333333333333,60.0
HK.01024,快手-W,2023-06-19 00:00:00,58.1,56.65,58.45,55.65,0.0,0.00518,22453292.0,1292813999.0,-3.574468085106385,58.75
HK.01024,快手-W,2023-06-20 00:00:00,56.3,55.5,56.95,54.95,0.0,0.00289,12524731.0,711124321.0,-2.030008826125328,56.65
HK.01024,快手-W,2023-06-21 00:00:00,54.4,53.75,54.85,53.4,0.0,0.00351,15227403.0,837690448.0,-3.153153153153153,55.5
HK.01024,快手-W,2023-06-23 00:00:00,53.75,53.0,54.25,52.65,0.0,0.00147,6362333.0,344699610.0,-1.3953488372093024,53.75
HK.01024,快手-W,2023-06-26 00:00:00,53.0,53.25,53.9,52.35,0.0,0.0032,13876289.0,754048579.0,0.4716981132075472,53.0
HK.01024,快手-W,2023-06-27 00:00:00,53.85,55.05,55.75,53.55,0.0,0.00354,15335001.0,860947620.0,3.3802816901408397,53.25
HK.01024,快手-W,2023-06-28 00:00:00,55.05,55.55,55.85,54.15,0.0,0.00282,12233995.0,690206636.0,0.9082652134423252,55.05
HK.01024,快手-W,2023-06-29 00:00:00,55.3,54.05,55.45,53.3,0.0,0.00273,11838933.0,655075665.0,-2.7002700270027007,55.55
HK.01024,快手-W,2023-06-30 00:00:00,54.1,52.4,54.1,51.95,0.0,0.00394,17087733.0,916553393.0,-3.052728954671598,54.05
HK.01024,快手-W,2023-07-03 00:00:00,52.95,54.45,55.2,52.7,0.0,0.00293,12692078.0,702057251.0,3.9122137404580233,52.4
HK.01024,快手-W,2023-07-04 00:00:00,54.2,54.6,55.15,53.85,0.0,0.00195,8455864.0,471290540.0,0.2754820936639092,54.45
HK.01024,快手-W,2023-07-05 00:00:00,54.45,54.1,54.8,53.1,0.0,0.00141,6103607.0,335414186.0,-0.9157509157509158,54.6
HK.01024,快手-W,2023-07-06 00:00:00,53.4,52.65,54.15,51.65,0.0,0.00273,11852043.0,635341720.0,-2.680221811460264,54.1
HK.01024,快手-W,2023-07-07 00:00:00,52.3,51.35,52.4,49.5,0.0,0.00512,22183654.0,1152340356.0,-2.4691358024691303,52.65
HK.01024,快手-W,2023-07-10 00:00:00,52.6,52.95,53.65,52.4,0.0,0.00282,12229323.0,662216595.0,3.1158714703018524,51.35
HK.01024,快手-W,2023-07-11 00:00:00,53.8,52.55,54.15,52.4,0.0,0.00235,10188726.0,551613311.0,-0.7554296506137973,52.95
HK.01024,快手-W,2023-07-12 00:00:00,53.2,54.3,55.65,53.0,0.0,0.0055,23830899.0,1330370529.0,3.3301617507136063,52.55
HK.01024,快手-W,2023-07-13 00:00:00,56.35,58.7,58.85,56.15,0.0,0.0092,39894915.0,2358742249.0,8.103130755064468,54.3
HK.01024,快手-W,2023-07-14 00:00:00,59.3,58.45,59.85,57.85,0.0,0.00494,21399047.0,1277804196.0,-0.42589437819420783,58.7
HK.01024,快手-W,2023-07-18 00:00:00,57.55,56.05,57.75,55.6,0.0,0.00358,15543281.0,890899774.0,-4.106073567151421,58.45
HK.01024,快手-W,2023-07-19 00:00:00,55.55,56.75,57.05,54.75,0.0,0.00311,13486911.0,770213703.0,1.248884924174849,56.05
HK.01024,快手-W,2023-07-20 00:00:00,57.35,55.85,58.95,55.55,0.0,0.00442,19175823.0,1112984972.0,-1.5859030837004378,56.75
HK.01024,快手-W,2023-07-21 00:00:00,55.9,58.6,58.95,55.9,0.0,0.00524,22698898.0,1345754567.0,4.923903312444047,55.85
HK.01024,快手-W,2023-07-24 00:00:00,57.3,57.2,58.95,56.9,0.0,0.0035,15183891.0,894795906.0,-2.3890784982935127,58.6
HK.01024,快手-W,2023-07-25 00:00:00,60.85,62.15,62.35,60.35,0.0,0.01089,47233534.0,2961110877.0,8.653846153846146,57.2
HK.01024,快手-W,2023-07-26 00:00:00,61.65,62.2,62.35,60.9,0.0,0.00416,18048551.0,1134941829.0,0.08045052292840589,62.15
HK.01024,快手-W,2023-07-27 00:00:00,63.199999999,62.9,64.1,61.6,0.0,0.00595,25791252.0,1644610906.0,1.1254019292604434,62.2
HK.01024,快手-W,2023-07-28 00:00:00,61.5,64.3,65.4,61.3,0.0,0.00692,30021732.0,1961433722.0,2.225755166931635,62.9
HK.01024,快手-W,2023-07-31 00:00:00,67.3,66.05,70.05,65.449999999,0.0,0.01216,52731429.0,3644706156.0,2.7216174183514776,64.3
HK.01024,快手-W,2023-08-01 00:00:00,69.85,66.85,71.35,66.15,0.0,0.01241,53774059.0,3732778680.0,1.2112036336108967,66.05
HK.01024,快手-W,2023-08-02 00:00:00,66.0,64.449999999,66.75,63.55,0.0,0.00579,25115578.0,1656054429.0,-3.5901271518324536,66.85
HK.01024,快手-W,2023-08-03 00:00:00,64.4,65.85,66.8,64.1,0.0,0.00424,18358220.0,1226023908.0,2.1722265337807873,64.449999999
HK.01024,快手-W,2023-08-04 00:00:00,67.95,67.7,70.05,66.449999999,0.0,0.00564,24430606.0,1690737825.0,2.809415337889155,65.85
HK.01024,快手-W,2023-08-07 00:00:00,67.4,67.4,67.65,66.25,0.0,0.0025,10816743.0,737165874.0,-0.4431314623338215,67.7
HK.01024,快手-W,2023-08-08 00:00:00,66.449999999,65.199999999,66.65,64.199999999,0.0,0.00434,18791757.0,1248215989.0,-3.2640949569733033,67.4
HK.01024,快手-W,2023-08-09 00:00:00,64.9,67.199999999,67.449999999,64.1,0.0,0.0041,17768280.0,1192588891.0,3.0674846626237344,65.199999999
HK.01024,快手-W,2023-08-10 00:00:00,67.0,68.0,68.35,66.15,0.0,0.0031,13416178.0,920692896.0,1.1904761919820024,67.199999999
HK.01024,快手-W,2023-08-11 00:00:00,68.05,65.949999999,68.15,65.4,0.0,0.00302,13075614.0,880514444.0,-3.0147058838235306,68.0
HK.01024,快手-W,2023-08-14 00:00:00,64.4,64.699999999,65.199999999,63.05,0.0,0.00491,21279881.0,1387923110.0,-1.895375284335032,65.949999999
HK.01024,快手-W,2023-08-15 00:00:00,64.65,63.5,65.55,62.1,0.0,0.00367,15924261.0,1027402488.0,-1.8547140633980626,64.699999999
HK.01024,快手-W,2023-08-16 00:00:00,61.95,61.9,63.25,61.35,0.0,0.00345,14953844.0,945257547.0,-2.519685039370081,63.5
HK.01024,快手-W,2023-08-17 00:00:00,60.9,63.25,63.8,59.7,0.0,0.00475,20594655.0,1312759580.0,2.1809369951534756,61.9
HK.01024,快手-W,2023-08-18 00:00:00,62.45,62.45,64.1,62.0,0.0,0.00395,17104709.0,1096052755.0,-1.2648221343873471,63.25
HK.01024,快手-W,2023-08-21 00:00:00,61.3,60.3,62.45,59.85,0.0,0.00494,21425450.0,1328633407.0,-3.442754203362699,62.45
HK.01024,快手-W,2023-08-22 00:00:00,60.9,61.35,62.2,59.05,0.0,0.0051,22102602.0,1367537841.0,1.7412935323383154,60.3
HK.01024,快手-W,2023-08-23 00:00:00,61.45,63.25,64.35,59.25,0.0,0.00769,33349955.0,2112653687.0,3.0969845150774225,61.35
HK.01024,快手-W,2023-08-24 00:00:00,63.5,66.75,67.1,63.5,0.0,0.00782,33909040.0,2268412276.0,5.533596837944664,63.25
HK.01024,快手-W,2023-08-25 00:00:00,65.5,64.1,66.75,64.05,0.0,0.00562,24489382.0,1619151542.0,-3.970037453183529,66.75
HK.01024,快手-W,2023-08-28 00:00:00,67.85,65.3,68.05,64.85,0.0,0.00457,19920042.0,1336408594.0,1.8720748829953244,64.1
HK.01024,快手-W,2023-08-29 00:00:00,65.85,67.5,67.85,65.75,0.0,0.00508,22131805.0,1513192076.0,3.3690658499234347,65.3
HK.01024,快手-W,2023-08-30 00:00:00,68.15,63.8,68.45,63.3,0.0,0.0093,40491475.0,2681859511.0,-5.481481481481485,67.5
HK.01024,快手-W,2023-08-31 00:00:00,64.65,63.05,65.25,62.65,0.0,0.00626,27263500.0,1764737845.0,-1.1755485893416928,63.8
HK.01024,快手-W,2023-09-04 00:00:00,64.9,64.35,65.8,63.699999999,0.0,0.00849,36964735.0,2426400352.0,2.061855670103088,63.05
HK.01024,快手-W,2023-09-05 00:00:00,63.949999999,63.85,64.75,63.449999999,0.0,0.00365,15876722.0,1035050017.0,-0.777000777000766,64.35
HK.01024,快手-W,2023-09-06 00:00:00,63.25,64.5,64.8,63.05,0.0,0.00416,18140835.0,1182265475.0,1.018010963194986,63.85
HK.01024,快手-W,2023-09-07 00:00:00,64.35,63.15,64.35,62.7,0.0,0.00275,11964159.0,772507252.0,-2.0930232558139554,64.5
HK.01024,快手-W,2023-09-11 00:00:00,61.1,63.85,64.449999999,60.55,0.0,0.00487,21216283.0,1356739580.0,1.1084718923198777,63.15
HK.01024,快手-W,2023-09-12 00:00:00,63.1,63.35,64.3,62.7,0.0,0.00218,9480935.0,613251778.0,-0.7830853563038371,63.85
HK.01024,快手-W,2023-09-13 00:00:00,63.75,63.15,64.15,62.5,0.0,0.00222,9692343.0,624104484.0,-0.3157063930544638,63.35
HK.01024,快手-W,2023-09-14 00:00:00,63.65,63.75,63.949999999,62.9,0.0,0.00175,7601768.0,491854046.0,0.950118764845608,63.15
HK.01024,快手-W,2023-09-15 00:00:00,64.5,64.0,64.6,62.6,0.0,0.00421,18336686.0,1193840159.0,0.39215686274509803,63.75
HK.01024,快手-W,2023-09-18 00:00:00,63.0,62.55,63.8,62.35,0.0,0.00264,11506747.0,737376162.0,-2.2656250000000044,64.0
HK.01024,快手-W,2023-09-19 00:00:00,62.6,62.45,62.8,61.35,0.0,0.00274,11919251.0,754086145.0,-0.1598721023181364,62.55
HK.01024,快手-W,2023-09-20 00:00:00,62.45,60.75,62.45,59.7,0.0,0.00461,20104436.0,1241304358.0,-2.7221777421937596,62.45
HK.01024,快手-W,2023-09-21 00:00:00,59.7,59.25,59.7,58.25,0.0,0.00445,19381159.0,1163017940.0,-2.4691358024691357,60.75
HK.01024,快手-W,2023-09-22 00:00:00,58.95,62.35,62.7,58.9,0.0,0.00495,21549317.0,1356322571.0,5.232067510548526,59.25
HK.01024,快手-W,2023-09-25 00:00:00,62.35,60.7,62.35,60.45,0.0,0.00249,10853752.0,673712903.0,-2.6463512429831573,62.35
HK.01024,快手-W,2023-09-26 00:00:00,60.75,59.85,60.75,59.2,0.0,0.00389,16951340.0,1032750765.0,-1.4003294892916003,60.7
HK.01024,快手-W,2023-09-27 00:00:00,60.15,60.95,62.05,60.1,0.0,0.00279,12169352.0,759674968.0,1.8379281537176297,59.85
HK.01024,快手-W,2023-09-28 00:00:00,60.9,60.9,61.45,60.2,0.0,0.00266,11583103.0,717777647.0,-0.08203445447088475,60.95
HK.01024,快手-W,2023-09-29 00:00:00,61.7,61.7,62.45,60.7,0.0,0.00175,7633954.0,480676376.0,1.3136288998358034,60.9
HK.01024,快手-W,2023-10-03 00:00:00,60.7,61.45,61.7,59.9,0.0,0.0015,6522399.0,405783441.0,-0.4051863857374392,61.7
HK.01024,快手-W,2023-10-04 00:00:00,61.45,60.1,61.45,59.95,0.0,0.00107,4654460.0,285820233.0,-2.1969080553295384,61.45
HK.01024,快手-W,2023-10-05 00:00:00,60.25,59.7,60.9,59.7,0.0,0.00112,4873185.0,298527633.0,-0.6655574043261208,60.1
HK.01024,快手-W,2023-10-06 00:00:00,60.85,60.75,61.25,60.0,0.0,0.00103,4465494.0,276695070.0,1.7587939698492414,59.7
HK.01024,快手-W,2023-10-09 00:00:00,60.0,61.35,62.05,60.0,0.0,0.00122,5307805.0,331592137.0,0.9876543209876567,60.75
HK.01024,快手-W,2023-10-10 00:00:00,62.25,62.75,63.949999999,62.1,0.0,0.00347,15109359.0,972787950.0,2.2819885900570474,61.35
HK.01024,快手-W,2023-10-11 00:00:00,63.949999999,63.199999999,64.25,62.05,0.0,0.00331,14405731.0,929032552.0,0.7171314725099589,62.75
HK.01024,快手-W,2023-10-12 00:00:00,63.85,63.85,64.55,63.449999999,0.0,0.00375,16348983.0,1064052421.0,1.0284810142567833,63.199999999
HK.01024,快手-W,2023-10-13 00:00:00,62.0,62.25,63.85,61.9,0.0,0.00302,13135841.0,837041961.0,-2.5058731401722807,63.85
HK.01024,快手-W,2023-10-16 00:00:00,61.95,61.3,62.65,60.65,0.0,0.00325,14135644.0,881029805.0,-1.5261044176706873,62.25
HK.01024,快手-W,2023-10-17 00:00:00,62.2,60.4,62.3,59.85,0.0,0.004,17405300.0,1073056615.0,-1.4681892332789537,61.3
HK.01024,快手-W,2023-10-18 00:00:00,59.9,54.9,60.4,54.6,0.0,0.00995,43349735.0,2493524510.0,-9.105960264900663,60.4
HK.01024,快手-W,2023-10-19 00:00:00,54.35,54.95,56.4,53.65,0.0,0.00602,26202047.0,1474452371.0,0.09107468123862343,54.9
HK.01024,快手-W,2023-10-20 00:00:00,54.35,55.4,56.1,54.15,0.0,0.00387,16838915.0,954962952.0,0.8189262966332952,54.95
HK.01024,快手-W,2023-10-24 00:00:00,55.4,52.5,55.7,51.4,0.0,0.00692,30150569.0,1624446087.0,-5.2346570397111885,55.4
HK.01024,快手-W,2023-10-25 00:00:00,55.1,50.4,55.7,49.35,0.0,0.00975,42431094.0,2243180341.0,-4.000000000000003,52.5
HK.01024,快手-W,2023-10-26 00:00:00,50.4,51.0,52.0,49.65,0.0,0.00436,19002720.0,983663060.0,1.1904761904761934,50.4
HK.01024,快手-W,2023-10-27 00:00:00,51.25,50.8,51.55,49.9,0.0,0.00417,18144562.0,941787103.0,-0.3921568627451036,51.0
HK.01024,快手-W,2023-10-30 00:00:00,50.2,48.85,50.85,48.3,0.0,0.0088,38307518.0,1920421986.0,-3.838582677165346,50.8
HK.01024,快手-W,2023-10-31 00:00:00,49.0,49.2,49.5,48.45,0.0,0.00392,17078182.0,857154208.0,0.7164790174002076,48.85
HK.01024,快手-W,2023-11-01 00:00:00,49.45,50.2,50.6,49.25,0.0,0.00355,15452918.0,790870581.0,2.0325203252032518,49.2
HK.01024,快手-W,2023-11-02 00:00:00,50.8,50.65,51.8,50.3,0.0,0.00345,15002820.0,782243457.0,0.8964143426294735,50.2
HK.01024,快手-W,2023-11-03 00:00:00,51.15,53.65,54.05,50.95,0.0,0.00545,23751041.0,1285829621.0,5.923000987166831,50.65
HK.01024,快手-W,2023-11-06 00:00:00,56.35,57.55,57.65,55.6,0.0,0.00707,30772800.0,1783528252.0,7.26933830382106,53.65
HK.01024,快手-W,2023-11-07 00:00:00,56.35,56.7,57.0,55.5,0.0,0.00376,16361977.0,942251462.0,-1.4769765421372623,57.55
HK.01024,快手-W,2023-11-08 00:00:00,56.85,56.25,58.1,56.0,0.0,0.00408,17770813.0,1034580948.0,-0.7936507936507986,56.7
HK.01024,快手-W,2023-11-09 00:00:00,56.85,56.3,57.05,55.85,0.0,0.0018,7855507.0,451548233.0,0.08888888888888384,56.25
HK.01024,快手-W,2023-11-10 00:00:00,55.7,53.45,55.7,53.15,0.0,0.00418,18208011.0,1001013870.0,-5.062166962699813,56.3
HK.01024,快手-W,2023-11-13 00:00:00,54.05,56.1,56.2,53.85,0.0,0.00409,17802703.0,1000592703.0,4.957904583723103,53.45
HK.01024,快手-W,2023-11-14 00:00:00,56.7,55.25,56.8,54.4,0.0,0.00303,13214219.0,746046534.0,-1.5151515151515176,56.1
HK.01024,快手-W,2023-11-15 00:00:00,57.8,57.1,57.8,55.85,0.0,0.00586,25526210.0,1480541083.0,3.348416289592763,55.25
HK.01024,快手-W,2023-11-16 00:00:00,59.85,58.85,59.85,57.9,0.0,0.00804,35007149.0,2102789808.0,3.064798598949212,57.1
HK.01024,快手-W,2023-11-17 00:00:00,57.5,57.45,58.55,57.15,0.0,0.00434,18913638.0,1113821864.0,-2.3789294817332176,58.85
HK.01024,快手-W,2023-11-20 00:00:00,58.2,58.95,59.35,56.95,0.0,0.00421,18347726.0,1097858814.0,2.610966057441253,57.45
HK.01024,快手-W,2023-11-21 00:00:00,59.65,57.35,61.1,56.9,0.0,0.00692,30133813.0,1810423196.0,-2.7141645462256174,58.95
HK.01024,快手-W,2023-11-22 00:00:00,57.6,59.05,60.5,57.35,0.0,0.00683,29757654.0,1792632034.0,2.9642545771577953,57.35
HK.01024,快手-W,2023-11-23 00:00:00,59.05,59.55,59.75,58.4,0.0,0.00274,11945465.0,721472756.0,0.8467400508044031,59.05
HK.01024,快手-W,2023-11-24 00:00:00,59.55,58.1,59.55,58.0,0.0,0.00221,9615943.0,574598811.0,-2.434928631402176,59.55
HK.01024,快手-W,2023-11-27 00:00:00,58.8,57.45,58.9,56.45,0.0,0.00261,11362068.0,663235246.0,-1.1187607573149718,58.1
HK.01024,快手-W,2023-11-28 00:00:00,57.9,55.15,57.9,54.45,0.0,0.00634,27637361.0,1560056631.0,-4.003481288076595,57.45
HK.01024,快手-W,2023-11-29 00:00:00,55.7,55.8,56.0,53.75,0.0,0.00451,19634801.0,1107852326.0,1.178603807796915,55.15
HK.01024,快手-W,2023-11-30 00:00:00,56.05,56.55,56.85,54.95,0.0,0.00391,17042743.0,979171130.0,1.3440860215053763,55.8
HK.01024,快手-W,2023-12-01 00:00:00,56.55,56.05,56.8,55.15,0.0,0.00614,26761931.0,1531869046.0,-0.8841732979664014,56.55
HK.01024,快手-W,2023-12-04 00:00:00,55.85,53.8,56.05,53.35,0.0,0.00489,21292293.0,1180116134.0,-4.014272970561998,56.05
HK.01024,快手-W,2023-12-05 00:00:00,53.75,52.8,53.75,51.9,0.0,0.00391,17049447.0,915486002.0,-1.858736059479554,53.8
HK.01024,快手-W,2023-12-06 00:00:00,52.85,54.0,54.3,51.85,0.0,0.00353,15397659.0,839450704.0,2.2727272727272783,52.8
HK.01024,快手-W,2023-12-07 00:00:00,53.75,53.0,53.75,51.95,0.0,0.00369,16068117.0,864560197.0,-1.8518518518518516,54.0
HK.01024,快手-W,2023-12-08 00:00:00,53.35,52.7,54.0,51.9,0.0,0.00359,15639290.0,840322470.0,-0.5660377358490513,53.0
HK.01024,快手-W,2023-12-11 00:00:00,51.35,51.9,52.25,50.65,0.0,0.00394,17151983.0,900159954.0,-1.5180265654649037,52.7
HK.01024,快手-W,2023-12-12 00:00:00,51.9,53.65,54.1,51.45,0.0,0.00375,16327460.0,892234744.0,3.371868978805395,51.9
HK.01024,快手-W,2023-12-13 00:00:00,53.55,53.15,53.7,52.35,0.0,0.00223,9735457.0,527174921.0,-0.9319664492078286,53.65
HK.01024,快手-W,2023-12-14 00:00:00,54.4,52.8,55.35,52.2,0.0,0.00333,14505600.0,790381847.0,-0.6585136406397016,53.15
HK.01024,快手-W,2023-12-15 00:00:00,54.25,54.05,55.15,53.4,0.0,0.00467,20366246.0,1129349384.0,2.367424242424242,52.8
HK.01024,快手-W,2023-12-18 00:00:00,54.05,53.7,54.9,53.4,0.0,0.00272,11844327.0,653514863.0,-0.6475485661424503,54.05
HK.01024,快手-W,2023-12-19 00:00:00,53.7,53.65,54.25,52.95,0.0,0.00245,10681977.0,585664116.0,-0.09310986964619043,53.7
HK.01024,快手-W,2023-12-20 00:00:00,54.35,53.3,54.95,53.0,0.0,0.00214,9338624.0,512385315.0,-0.6523765144454826,53.65
HK.01024,快手-W,2023-12-21 00:00:00,52.55,52.85,53.25,51.95,0.0,0.00182,7946787.0,426884859.0,-0.8442776735459583,53.3
HK.01024,快手-W,2023-12-22 00:00:00,53.55,48.95,54.15,47.8,0.0,0.01138,49440456.0,2492504498.0,-7.379375591296118,52.85
HK.01024,快手-W,2023-12-27 00:00:00,50.3,49.4,50.65,49.0,0.0,0.00404,17543346.0,890826083.0,0.9193054136874274,48.95
HK.01024,快手-W,2023-12-28 00:00:00,49.05,51.35,51.95,48.2,0.0,0.00608,26408259.0,1361967026.0,3.9473684210526376,49.4
HK.01024,快手-W,2023-12-29 00:00:00,51.6,51.8,52.3,50.75,0.0,0.00275,11968531.0,629282414.0,0.8763388510223871,51.35
HK.01024,快手-W,2024-01-02 00:00:00,52.85,50.85,53.2,50.3,0.0,0.00271,11759630.0,617066747.0,-1.8339768339768259,51.8
HK.01024,快手-W,2024-01-03 00:00:00,50.3,50.95,51.1,49.45,0.0,0.00227,9869391.0,508184321.0,0.1966568338249782,50.85
HK.01024,快手-W,2024-01-04 00:00:00,51.15,50.05,51.15,49.7,0.0,0.00239,10409899.0,533095858.0,-1.7664376840039364,50.95
HK.01024,快手-W,2024-01-05 00:00:00,49.65,49.2,50.1,48.75,0.0,0.00272,11884593.0,598803123.0,-1.698301698301687,50.05
HK.01024,快手-W,2024-01-08 00:00:00,49.85,48.05,49.85,47.8,0.0,0.00295,12882623.0,634676064.0,-2.337398373983751,49.2
HK.01024,快手-W,2024-01-09 00:00:00,48.25,46.4,48.85,46.1,0.0,0.00391,17059850.0,821053987.0,-3.433922996878249,48.05
HK.01024,快手-W,2024-01-10 00:00:00,45.85,47.2,47.35,45.05,0.0,0.00259,11307525.0,541831364.0,1.7241379310344922,46.4
HK.01024,快手-W,2024-01-11 00:00:00,46.8,47.65,48.4,46.45,0.0,0.0034,14869917.0,725195810.0,0.9533898305084655,47.2
HK.01024,快手-W,2024-01-12 00:00:00,47.4,47.1,48.1,46.8,0.0,0.00156,6820274.0,330470141.0,-1.1542497376705083,47.65
HK.01024,快手-W,2024-01-15 00:00:00,47.35,45.45,47.35,45.05,0.0,0.00356,15555177.0,727620559.0,-3.503184713375793,47.1
HK.01024,快手-W,2024-01-16 00:00:00,44.9,44.8,46.0,44.35,0.0,0.00339,14807545.0,682300770.0,-1.4301430143014426,45.45
HK.01024,快手-W,2024-01-17 00:00:00,44.15,41.95,44.15,41.5,0.0,0.00669,29199791.0,1271640016.0,-6.36160714285713,44.8
HK.01024,快手-W,2024-01-18 00:00:00,42.2,41.9,42.4,41.15,0.0,0.00479,20908808.0,896924178.0,-0.11918951132301374,41.95
HK.01024,快手-W,2024-01-19 00:00:00,41.85,40.4,42.95,39.85,0.0,0.00612,26725007.0,1119204605.0,-3.579952267303103,41.9
HK.01024,快手-W,2024-01-22 00:00:00,40.65,39.85,41.4,39.4,0.0,0.00498,21763868.0,897747852.0,-1.3613861386138544,40.4
HK.01024,快手-W,2024-01-23 00:00:00,39.9,41.2,42.15,39.65,0.0,0.00442,19316111.0,818522657.0,3.387703889585951,39.85
HK.01024,快手-W,2024-01-24 00:00:00,42.4,43.5,43.95,41.5,0.0,0.00691,30183755.0,1331249834.0,5.582524271844653,41.2
HK.01024,快手-W,2024-01-25 00:00:00,43.5,43.45,43.85,42.15,0.0,0.005,21845232.0,971416741.0,-0.11494252873562566,43.5
HK.01024,快手-W,2024-01-26 00:00:00,43.3,41.55,43.3,41.3,0.0,0.00518,22611306.0,981347110.0,-4.372842347525904,43.45
HK.01024,快手-W,2024-01-29 00:00:00,41.45,41.3,42.4,40.8,0.0,0.00401,17534378.0,745851128.0,-0.601684717208183,41.55
HK.01024,快手-W,2024-01-30 00:00:00,40.4,39.35,40.55,39.15,0.0,0.00453,19814483.0,808319242.0,-4.721549636803864,41.3
HK.01024,快手-W,2024-01-31 00:00:00,39.55,37.95,39.55,37.65,0.0,0.00398,17379154.0,684376606.0,-3.557814485387544,39.35
HK.01024,快手-W,2024-02-01 00:00:00,38.0,39.95,40.3,38.0,0.0,0.00412,17943678.0,731197947.0,5.270092226613966,37.95
HK.01024,快手-W,2024-02-02 00:00:00,41.05,38.7,41.5,38.5,0.0,0.00464,20219060.0,821179227.0,-3.128911138923654,39.95
HK.01024,快手-W,2024-02-05 00:00:00,38.35,38.95,40.15,37.25,0.0,0.00388,16897423.0,674410552.0,0.6459948320413437,38.7
HK.01024,快手-W,2024-02-06 00:00:00,38.95,42.55,42.8,38.95,0.0,0.00605,26393272.0,1130460796.0,9.242618741976878,38.95
HK.01024,快手-W,2024-02-07 00:00:00,42.9,42.05,44.05,41.6,0.0,0.00744,32427373.0,1415573596.0,-1.1750881316098707,42.55
HK.01024,快手-W,2024-02-08 00:00:00,42.1,41.6,42.95,41.25,0.0,0.00355,15476129.0,665590295.0,-1.070154577883462,42.05
HK.01024,快手-W,2024-02-09 00:00:00,41.6,41.35,41.85,40.35,0.0,0.00113,4937400.0,208593193.0,-0.6009615384615384,41.6
HK.01024,快手-W,2024-02-14 00:00:00,39.4,42.45,42.6,39.4,0.0,0.00201,8761291.0,372852011.0,2.660217654171708,41.35
HK.01024,快手-W,2024-02-15 00:00:00,42.35,43.0,43.2,41.65,0.0,0.00216,9422637.0,412734790.0,1.2956419316843277,42.45
HK.01024,快手-W,2024-02-16 00:00:00,42.8,43.95,44.35,42.35,0.0,0.00232,10132941.0,455009510.0,2.209302325581402,43.0
HK.01024,快手-W,2024-02-19 00:00:00,43.4,42.4,43.4,42.25,0.0,0.00302,13184809.0,577891630.0,-3.5267349260523417,43.95
HK.01024,快手-W,2024-02-20 00:00:00,43.0,43.05,43.3,41.85,0.0,0.00211,9200294.0,403040592.0,1.533018867924525,42.4
HK.01024,快手-W,2024-02-21 00:00:00,42.75,44.4,46.0,42.55,0.0,0.00505,21998767.0,1012393791.0,3.135888501742164,43.05
HK.01024,快手-W,2024-02-22 00:00:00,44.35,45.15,45.15,43.65,0.0,0.00241,10519127.0,480165099.0,1.6891891891891893,44.4
HK.01024,快手-W,2024-02-23 00:00:00,44.55,44.75,45.95,44.25,0.0,0.00235,10229335.0,469735850.0,-0.8859357696566967,45.15
HK.01024,快手-W,2024-02-26 00:00:00,44.2,44.9,45.4,43.95,0.0,0.00208,9073405.0,418340149.0,0.3351955307262538,44.75
HK.01024,快手-W,2024-02-27 00:00:00,45.0,44.6,45.5,43.05,0.0,0.00369,16071221.0,725262448.0,-0.6681514476614636,44.9
HK.01024,快手-W,2024-02-28 00:00:00,44.6,43.25,45.4,43.1,0.0,0.00323,14104725.0,637989990.0,-3.0269058295964157,44.6
HK.01024,快手-W,2024-02-29 00:00:00,42.8,43.35,44.1,42.7,0.0,0.00346,15095899.0,671572519.0,0.2312138728323732,43.25
HK.01024,快手-W,2024-03-01 00:00:00,42.65,43.5,44.1,42.1,0.0,0.00507,22068307.0,980891614.0,0.34602076124567144,43.35
HK.01024,快手-W,2024-03-04 00:00:00,43.95,43.8,44.45,42.35,0.0,0.0048,20858539.0,928528608.0,0.6896551724137866,43.5
HK.01024,快手-W,2024-03-05 00:00:00,43.1,42.0,43.3,41.9,0.0,0.00386,16797960.0,731467343.0,-4.109589041095884,43.8
HK.01024,快手-W,2024-03-06 00:00:00,42.05,45.1,45.45,41.9,0.0,0.00734,31918462.0,1455553162.0,7.380952380952384,42.0
HK.01024,快手-W,2024-03-07 00:00:00,45.45,44.65,46.3,44.15,0.0,0.00553,24062433.0,1107155782.0,-0.9977827050997845,45.1
HK.01024,快手-W,2024-03-08 00:00:00,44.35,45.55,46.35,44.35,0.0,0.0044,19150440.0,895053792.0,2.0156774916013407,44.65
HK.01024,快手-W,2024-03-11 00:00:00,45.55,47.3,47.75,45.5,0.0,0.00456,19842801.0,958870226.0,3.841931942919868,45.55
HK.01024,快手-W,2024-03-12 00:00:00,47.85,50.2,51.0,47.6,0.0,0.00984,42801132.0,2170459378.0,6.1310782241014925,47.3
HK.01024,快手-W,2024-03-13 00:00:00,50.2,50.9,52.45,50.0,0.0,0.0069,30023438.0,1578322690.0,1.3944223107569635,50.2
HK.01024,快手-W,2024-03-14 00:00:00,50.7,49.7,51.6,49.1,0.0,0.00595,25898611.0,1321676179.0,-2.3575638506876144,50.9
HK.01024,快手-W,2024-03-15 00:00:00,48.45,49.5,49.8,47.45,0.0,0.00705,30680220.0,1524628802.0,-0.40241448692153486,49.7
HK.01024,快手-W,2024-03-18 00:00:00,48.65,51.7,52.1,48.65,0.0,0.00664,28891580.0,1509292496.0,4.44444444444445,49.5
HK.01024,快手-W,2024-03-19 00:00:00,51.2,50.7,51.95,50.1,0.0,0.00433,18821471.0,980988358.0,-1.9342359767891681,51.7
HK.01024,快手-W,2024-03-20 00:00:00,50.65,51.1,51.35,49.6,0.0,0.00329,14299669.0,741817387.0,0.7889546351084784,50.7
HK.01024,快手-W,2024-03-21 00:00:00,52.3,50.1,54.3,49.5,31.596,0.01197,52067187.0,2732107866.0,-1.9569471624266144,51.1
HK.01024,快手-W,2024-03-22 00:00:00,49.35,47.85,49.7,47.5,30.209,0.00564,24553896.0,1209602948.0,-4.491017964071856,50.1
HK.01024,快手-W,2024-03-25 00:00:00,47.9,47.45,48.85,47.0,29.963,0.00464,20194685.0,984229852.0,-0.8359456635318674,47.85
HK.01024,快手-W,2024-03-26 00:00:00,47.85,47.75,48.35,47.35,30.147,0.00372,16199735.0,791661414.0,0.6322444678609003,47.45
HK.01024,快手-W,2024-03-27 00:00:00,46.85,46.8,47.9,46.1,29.562,0.00572,24876133.0,1197854245.0,-1.9895287958115244,47.75
HK.01024,快手-W,2024-03-28 00:00:00,46.8,47.9,49.4,46.7,30.24,0.00875,38069019.0,1878261000.0,2.3504273504273536,46.8
HK.01024,快手-W,2024-04-02 00:00:00,49.2,48.9,50.3,48.5,30.8,0.00475,20628102.0,1039150447.0,2.0876826722338206,47.9
HK.01024,快手-W,2024-04-03 00:00:00,49.1,48.05,49.35,47.8,30.276,0.0039,16926032.0,840013462.0,-1.738241308793459,48.9
HK.01024,快手-W,2024-04-05 00:00:00,48.35,48.5,48.8,47.75,30.553,0.00212,9204689.0,455495852.0,0.9365244536940747,48.05
HK.01024,快手-W,2024-04-08 00:00:00,48.4,48.5,49.75,47.7,30.553,0.00432,18749443.0,936037156.0,0.0,48.5
HK.01024,快手-W,2024-04-09 00:00:00,48.85,48.45,49.3,47.95,30.523,0.00258,11213042.0,557621800.0,-0.10309278350514879,48.5
HK.01024,快手-W,2024-04-10 00:00:00,49.15,48.95,50.3,48.6,30.83,0.00601,26114252.0,1312525391.0,1.0319917440660475,48.45
HK.01024,快手-W,2024-04-11 00:00:00,48.05,48.5,48.9,47.35,30.553,0.00393,17052763.0,839882115.0,-0.9193054136874419,48.95
HK.01024,快手-W,2024-04-12 00:00:00,48.2,48.0,48.8,47.4,30.246,0.0043,18664500.0,918186524.0,-1.0309278350515463,48.5
HK.01024,快手-W,2024-04-15 00:00:00,46.95,47.6,47.85,45.9,30.0,0.00429,18631306.0,895145173.0,-0.8333333333333304,48.0
HK.01024,快手-W,2024-04-16 00:00:00,46.4,45.95,46.95,45.0,28.984,0.0057,24771572.0,1166021999.0,-3.4663865546218453,47.6
HK.01024,快手-W,2024-04-17 00:00:00,45.5,44.5,46.25,43.85,28.092,0.00504,21892386.0,1004284736.0,-3.1556039173014208,45.95
HK.01024,快手-W,2024-04-18 00:00:00,44.2,44.7,45.5,43.7,28.215,0.00335,14541685.0,667314655.0,0.4494382022471974,44.5
HK.01024,快手-W,2024-04-19 00:00:00,44.0,43.2,44.25,42.85,27.292,0.00457,19851514.0,883159660.0,-3.3557046979865772,44.7
HK.01024,快手-W,2024-04-22 00:00:00,44.5,44.05,45.25,43.35,27.815,0.00498,21640157.0,985053769.0,1.9675925925925795,43.2
HK.01024,快手-W,2024-04-23 00:00:00,44.1,47.95,48.35,44.1,30.215,0.00888,38580989.0,1860481563.0,8.85357548240637,44.05
HK.01024,快手-W,2024-04-24 00:00:00,48.85,51.95,52.75,48.7,32.676,0.01494,64907580.0,3376224641.0,8.342022940563085,47.95
HK.01024,快手-W,2024-04-25 00:00:00,52.05,51.65,53.2,50.85,32.492,0.00639,27777890.0,1475947483.0,-0.5774783445620871,51.95
HK.01024,快手-W,2024-04-26 00:00:00,51.65,55.35,55.65,51.25,34.769,0.01073,46622637.0,2591354838.0,7.163601161665059,51.65
HK.01024,快手-W,2024-04-29 00:00:00,55.45,55.55,56.85,54.3,34.892,0.0103,44739430.0,2535823151.0,0.36133694670279265,55.35
HK.01024,快手-W,2024-04-30 00:00:00,55.65,54.8,56.1,54.5,34.43,0.0051,22173016.0,1247943446.0,-1.3501350135013503,55.55
HK.01024,快手-W,2024-05-02 00:00:00,54.8,58.05,58.25,54.4,36.385,0.00542,23509072.0,1378894623.0,5.93065693430657,54.8
HK.01024,快手-W,2024-05-03 00:00:00,61.85,61.05,61.85,59.45,38.229,0.00908,39382322.0,2423903732.0,5.167958656330749,58.05
HK.01024,快手-W,2024-05-06 00:00:00,61.85,60.8,62.2,59.35,38.076,0.00782,33921419.0,2094733461.0,-0.4095004095004095,61.05
HK.01024,快手-W,2024-05-07 00:00:00,61.45,57.85,61.45,57.35,36.263,0.00918,39816554.0,2370184522.0,-4.8519736842105194,60.8
HK.01024,快手-W,2024-05-08 00:00:00,58.0,55.85,58.4,55.45,35.033,0.01093,47410517.0,2730014155.0,-3.4572169403630073,57.85
HK.01024,快手-W,2024-05-09 00:00:00,55.95,56.7,57.6,55.85,35.556,0.006,26033300.0,1505374914.0,1.5219337511190714,55.85
HK.01024,快手-W,2024-05-10 00:00:00,57.95,55.6,58.95,54.35,34.88,0.01053,45696496.0,2599732193.0,-1.940035273368609,56.7
HK.01024,快手-W,2024-05-13 00:00:00,54.95,55.95,56.55,54.25,35.095,0.00847,36750214.0,2076550127.0,0.6294964028777004,55.6
HK.01024,快手-W,2024-05-14 00:00:00,57.65,56.35,59.25,56.1,35.341,0.01086,47104109.0,2768155550.0,0.7149240393208195,55.95
HK.01024,快手-W,2024-05-16 00:00:00,56.85,57.0,57.35,54.95,35.74,0.00976,42329615.0,2439529125.0,1.1535048802129522,56.35
HK.01024,快手-W,2024-05-17 00:00:00,58.35,57.05,59.65,56.15,35.771,0.00888,38540387.0,2263343144.0,0.08771929824560905,57.0
HK.01024,快手-W,2024-05-20 00:00:00,56.55,58.0,59.05,56.45,36.355,0.00834,36180902.0,2141883780.0,1.6652059596844924,57.05
HK.01024,快手-W,2024-05-21 00:00:00,57.95,55.75,58.25,55.35,34.972,0.008,34704808.0,1996957605.0,-3.8793103448275863,58.0
HK.01024,快手-W,2024-05-22 00:00:00,55.85,57.0,58.85,55.4,35.74,0.00781,33872479.0,1977038601.0,2.242152466367713,55.75
HK.01024,快手-W,2024-05-23 00:00:00,59.45,58.0,59.65,55.8,36.355,0.01865,80918297.0,4799164208.0,1.7543859649122806,57.0
HK.01024,快手-W,2024-05-24 00:00:00,58.05,55.5,58.6,54.85,34.84,0.01116,48437166.0,2784952554.0,-4.310344827586207,58.0
HK.01024,快手-W,2024-05-27 00:00:00,55.75,55.7,56.35,53.75,34.963,0.0054,23415916.0,1319993988.0,0.3603603603603655,55.5
HK.01024,快手-W,2024-05-28 00:00:00,55.85,55.4,56.15,54.45,34.778,0.00335,14542566.0,822947601.0,-0.5385996409335804,55.7
HK.01024,快手-W,2024-05-29 00:00:00,55.3,54.0,55.3,53.6,33.917,0.00693,30062795.0,1664091675.0,-2.5270758122743655,55.4
HK.01024,快手-W,2024-05-30 00:00:00,53.45,54.45,54.7,53.2,34.194,0.00658,28573447.0,1575900924.0,0.8333333333333385,54.0
HK.01024,快手-W,2024-05-31 00:00:00,55.35,54.3,57.45,53.95,34.102,0.013,56421330.0,3216921470.0,-0.2754820936639223,54.45
HK.01024,快手-W,2024-06-03 00:00:00,54.9,54.95,55.5,53.3,34.501,0.0058,25152718.0,1405268509.0,1.1970534069981689,54.3
HK.01024,快手-W,2024-06-04 00:00:00,54.45,54.6,54.95,54.05,34.286,0.00443,19218702.0,1070410173.0,-0.6369426751592382,54.95
HK.01024,快手-W,2024-06-05 00:00:00,54.8,53.75,55.7,53.55,33.763,0.00483,20967907.0,1163715930.0,-1.5567765567765595,54.6
HK.01024,快手-W,2024-06-06 00:00:00,54.3,52.9,54.7,52.05,33.241,0.00863,37457011.0,2020025259.0,-1.581395348837212,53.75
HK.01024,快手-W,2024-06-07 00:00:00,53.05,51.15,53.1,50.55,32.145,0.01031,44708228.0,2341978726.0,-3.308128544423441,52.9
HK.01024,快手-W,2024-06-11 00:00:00,50.8,50.5,50.85,49.7,31.745,0.00875,37955673.0,1954331428.0,-1.2707722385141713,51.15
HK.01024,快手-W,2024-06-12 00:00:00,50.5,50.85,51.7,50.15,31.96,0.00632,27413330.0,1429273895.0,0.6930693069306959,50.5
HK.01024,快手-W,2024-06-13 00:00:00,51.35,50.1,51.5,49.2,31.499,0.00646,28019814.0,1433204123.0,-1.4749262536873156,50.85
HK.01024,快手-W,2024-06-14 00:00:00,50.0,49.8,50.0,49.05,31.315,0.00728,31572605.0,1601627169.0,-0.5988023952095893,50.1
HK.01024,快手-W,2024-06-17 00:00:00,49.15,50.4,51.05,48.95,31.684,0.00601,26079744.0,1342751219.0,1.2048192771084365,49.8
HK.01024,快手-W,2024-06-18 00:00:00,51.1,50.3,51.65,49.8,31.622,0.00414,17976140.0,930677077.0,-0.19841269841270123,50.4
HK.01024,快手-W,2024-06-19 00:00:00,50.6,51.05,51.1,49.65,32.083,0.00596,25837419.0,1335594733.0,1.4910536779324057,50.3
HK.01024,快手-W,2024-06-20 00:00:00,51.15,48.35,51.45,47.65,30.424,0.01084,47003673.0,2339542124.0,-5.288932419196858,51.05
HK.01024,快手-W,2024-06-21 00:00:00,47.9,48.2,48.3,47.3,30.331,0.00812,35231528.0,1730022981.0,-0.31023784901757717,48.35
HK.01024,快手-W,2024-06-24 00:00:00,47.55,46.2,47.55,45.2,29.102,0.00871,37792030.0,1783490735.0,-4.149377593360995,48.2
HK.01024,快手-W,2024-06-25 00:00:00,45.75,45.75,46.7,45.05,28.826,0.00603,26147555.0,1226581807.0,-0.9740259740259801,46.2
HK.01024,快手-W,2024-06-26 00:00:00,44.9,46.35,46.6,44.9,29.194,0.00448,19420435.0,916179913.0,1.3114754098360688,45.75
HK.01024,快手-W,2024-06-27 00:00:00,46.25,45.25,46.5,45.15,28.518,0.00473,20532195.0,959573749.0,-2.3732470334412112,46.35
HK.01024,快手-W,2024-06-28 00:00:00,44.85,45.0,45.55,44.65,28.365,0.00511,22150551.0,1024721442.0,-0.5524861878453038,45.25
HK.01024,快手-W,2024-07-02 00:00:00,45.0,44.5,45.8,44.1,28.231,0.00449,19612851.0,900079086.0,-1.1111111111111112,45.0
HK.01024,快手-W,2024-07-03 00:00:00,45.0,45.8,46.05,44.6,29.035,0.00433,18904541.0,881395534.0,2.921348314606735,44.5
HK.01024,快手-W,2024-07-04 00:00:00,46.4,43.65,46.7,43.4,27.705,0.00797,34776363.0,1581386768.0,-4.694323144104801,45.8
HK.01024,快手-W,2024-07-05 00:00:00,43.65,43.6,43.9,42.35,27.674,0.00672,29333858.0,1297407504.0,-0.1145475372279431,43.65
HK.01024,快手-W,2024-07-08 00:00:00,43.5,44.6,45.05,43.5,28.293,0.00543,23714329.0,1080801831.0,2.2935779816513757,43.6
HK.01024,快手-W,2024-07-09 00:00:00,44.8,46.45,46.8,44.5,29.437,0.00733,32000254.0,1512048666.0,4.147982062780272,44.6
HK.01024,快手-W,2024-07-10 00:00:00,46.95,45.95,47.35,45.8,29.128,0.00487,21260866.0,1010865077.0,-1.0764262648008611,46.45
HK.01024,快手-W,2024-07-11 00:00:00,46.05,46.55,46.8,45.45,29.499,0.00421,18375792.0,870888152.0,1.3057671381936764,45.95
HK.01024,快手-W,2024-07-12 00:00:00,47.25,48.0,48.15,47.15,30.395,0.005,21828226.0,1068313887.0,3.1149301825993616,46.55
HK.01024,快手-W,2024-07-15 00:00:00,47.15,46.7,47.5,46.5,29.591,0.00374,16342515.0,783236903.0,-2.7083333333333277,48.0
HK.01024,快手-W,2024-07-16 00:00:00,45.65,45.15,46.3,44.75,28.633,0.00528,23058783.0,1068491224.0,-3.3190578158458335,46.7
HK.01024,快手-W,2024-07-17 00:00:00,44.85,45.6,46.15,44.35,28.911,0.00359,15652993.0,728487505.0,0.9966777408637937,45.15
HK.01024,快手-W,2024-07-18 00:00:00,45.35,45.25,45.75,44.6,28.695,0.00268,11687357.0,542843873.0,-0.7675438596491259,45.6
HK.01024,快手-W,2024-07-19 00:00:00,44.6,44.05,44.9,43.75,27.952,0.00448,19574307.0,886827068.0,-2.6519337016574647,45.25
HK.01024,快手-W,2024-07-22 00:00:00,43.4,44.3,44.65,43.4,28.107,0.00298,13023666.0,590048293.0,0.5675368898978435,44.05
HK.01024,快手-W,2024-07-23 00:00:00,44.65,43.4,45.05,43.25,27.551,0.00464,20260828.0,909400443.0,-2.0316027088036086,44.3
HK.01024,快手-W,2024-07-24 00:00:00,43.4,42.55,43.75,42.1,27.025,0.00447,19493208.0,855643991.0,-1.9585253456221232,43.4
HK.01024,快手-W,2024-07-25 00:00:00,42.2,42.0,42.55,41.65,26.685,0.00389,16958470.0,731373952.0,-1.2925969447708512,42.55
HK.01024,快手-W,2024-07-26 00:00:00,41.95,41.65,42.3,41.1,26.468,0.00395,17238218.0,738510587.0,-0.8333333333333368,42.0
HK.01024,快手-W,2024-07-29 00:00:00,42.65,42.25,42.85,41.55,26.839,0.00316,13781534.0,598535692.0,1.4405762304922003,41.65
HK.01024,快手-W,2024-07-30 00:00:00,42.45,40.95,42.45,40.75,26.035,0.00298,13002335.0,549252221.0,-3.07692307692307,42.25
HK.01024,快手-W,2024-07-31 00:00:00,41.05,42.65,43.05,40.85,27.02,0.00383,16683526.0,728179031.0,4.151404151404141,40.95
HK.01024,快手-W,2024-08-01 00:00:00,42.55,42.3,42.95,41.95,26.804,0.00258,11218307.0,488643004.0,-0.8206330597889835,42.65
HK.01024,快手-W,2024-08-02 00:00:00,41.65,41.85,42.15,41.2,26.526,0.00329,14319064.0,612703377.0,-1.0638297872340325,42.3
HK.01024,快手-W,2024-08-05 00:00:00,41.4,41.65,43.65,40.45,26.403,0.00537,23370239.0,1002976858.0,-0.4778972520908072,41.85
HK.01024,快手-W,2024-08-06 00:00:00,42.45,41.7,42.8,41.05,26.434,0.00366,15931457.0,683945203.0,0.12004801920769333,41.65
HK.01024,快手-W,2024-08-07 00:00:00,41.7,42.05,42.65,41.05,26.65,0.00293,12732167.0,549981633.0,0.83932853717025,41.7
HK.01024,快手-W,2024-08-08 00:00:00,41.55,42.7,43.65,41.1,27.051,0.00534,23224992.0,1022544986.0,1.5457788347205843,42.05
HK.01024,快手-W,2024-08-09 00:00:00,43.55,44.05,45.25,43.55,27.884,0.00618,26885988.0,1222523490.0,3.161592505854787,42.7
HK.01024,快手-W,2024-08-12 00:00:00,44.05,43.95,44.3,43.3,27.822,0.00273,11886019.0,535416027.0,-0.22701475595912446,44.05
HK.01024,快手-W,2024-08-13 00:00:00,43.65,43.9,44.3,43.6,27.791,0.00176,7669952.0,345282107.0,-0.11376564277589137,43.95
HK.01024,快手-W,2024-08-14 00:00:00,44.05,43.3,44.25,43.15,27.421,0.00214,9298581.0,415634136.0,-1.3667425968109372,43.9
HK.01024,快手-W,2024-08-15 00:00:00,42.85,42.85,43.2,41.65,27.143,0.00491,21381683.0,935611914.0,-1.0392609699768955,43.3
HK.01024,快手-W,2024-08-16 00:00:00,43.35,42.7,43.8,42.55,27.051,0.0036,15677024.0,690498608.0,-0.35005834305717287,42.85
HK.01024,快手-W,2024-08-19 00:00:00,43.0,43.05,44.05,42.8,27.267,0.00764,33267533.0,1477627738.0,0.8196721311475277,42.7
HK.01024,快手-W,2024-08-20 00:00:00,43.45,43.25,43.95,42.75,27.39,0.00584,25414936.0,1126350903.0,0.4645760743321785,43.05
HK.01024,快手-W,2024-08-21 00:00:00,41.05,38.85,41.45,37.85,24.676,0.02184,95091142.0,3779823800.0,-10.173410404624274,43.25
HK.01024,快手-W,2024-08-22 00:00:00,38.95,38.7,39.35,37.95,24.583,0.00907,39480789.0,1572094500.0,-0.38610038610038244,38.85
HK.01024,快手-W,2024-08-23 00:00:00,38.35,39.65,39.8,37.95,25.169,0.00604,26304902.0,1058793416.0,2.4547803617570945,38.7
HK.01024,快手-W,2024-08-26 00:00:00,40.05,39.3,40.7,39.15,24.953,0.00409,17813986.0,729729959.0,-0.8827238335435093,39.65
HK.01024,快手-W,2024-08-27 00:00:00,38.75,38.85,39.0,38.3,24.676,0.00478,20821869.0,828151469.0,-1.1450381679389205,39.3
HK.01024,快手-W,2024-08-28 00:00:00,38.85,37.95,39.05,37.85,24.12,0.00535,23296534.0,916676847.0,-2.316602316602313,38.85
HK.01024,快手-W,2024-08-29 00:00:00,37.55,38.25,38.45,36.4,24.305,0.0055,23940106.0,928734026.0,0.7905138339920873,37.95
HK.01024,快手-W,2024-08-30 00:00:00,38.4,39.15,40.15,38.15,24.754,0.01202,52118817.0,2101103443.0,2.3529411764705843,38.25
HK.01024,快手-W,2024-09-02 00:00:00,38.75,38.35,39.0,38.25,24.262,0.00402,17416760.0,691215865.0,-2.0434227330778985,39.15
HK.01024,快手-W,2024-09-03 00:00:00,38.35,37.75,38.85,37.25,23.894,0.00793,34364594.0,1338903486.0,-1.5645371577575002,38.35
HK.01024,快手-W,2024-09-04 00:00:00,37.35,38.4,38.5,37.0,24.293,0.00618,26807990.0,1048331761.0,1.7218543046357577,37.75
HK.01024,快手-W,2024-09-05 00:00:00,38.4,38.95,39.1,38.2,24.631,0.00598,25914192.0,1035251760.0,1.4322916666666778,38.4
HK.01024,快手-W,2024-09-09 00:00:00,38.25,38.2,39.5,37.95,24.17,0.01451,62909398.0,2494221529.0,-1.9255455712451859,38.95
HK.01024,快手-W,2024-09-10 00:00:00,38.35,37.9,38.75,37.15,23.986,0.00755,32715270.0,1273134168.0,-0.7853403141361367,38.2
HK.01024,快手-W,2024-09-11 00:00:00,37.4,37.6,37.75,37.2,23.802,0.00358,15534909.0,599391556.0,-0.7915567282321826,37.9
HK.01024,快手-W,2024-09-12 00:00:00,37.65,37.7,38.55,37.65,23.863,0.00335,14525918.0,569852354.0,0.2659574468085144,37.6
HK.01024,快手-W,2024-09-13 00:00:00,37.8,37.0,38.15,36.95,23.433,0.0047,20358713.0,783575673.0,-1.8567639257294501,37.7
HK.01024,快手-W,2024-09-16 00:00:00,36.95,38.75,38.75,36.6,24.508,0.00362,15703976.0,617027451.0,4.72972972972973,37.0
HK.01024,快手-W,2024-09-17 00:00:00,38.4,39.0,39.35,38.2,24.662,0.00198,8603304.0,344581998.0,0.6451612903225806,38.75
HK.01024,快手-W,2024-09-19 00:00:00,39.25,40.95,41.75,38.65,25.859,0.01062,46052005.0,1931112631.0,5.000000000000007,39.0
HK.01024,快手-W,2024-09-20 00:00:00,39.7,40.3,40.6,39.25,25.46,0.03679,159475242.0,6517538126.0,-1.5873015873016012,40.95
HK.01024,快手-W,2024-09-23 00:00:00,40.4,39.85,40.75,39.45,25.184,0.00796,34520760.0,1420943102.0,-1.1166253101736867,40.3
HK.01024,快手-W,2024-09-24 00:00:00,40.75,42.35,42.6,39.85,26.719,0.01549,67140754.0,2854470532.0,6.273525721455457,39.85
HK.01024,快手-W,2024-09-25 00:00:00,44.05,43.25,46.0,43.0,27.272,0.01982,85900583.0,3909640905.0,2.125147579693031,42.35
HK.01024,快手-W,2024-09-26 00:00:00,43.85,46.8,46.85,43.1,29.453,0.02159,93590817.0,4370077182.0,8.208092485549127,43.25
HK.01024,快手-W,2024-09-27 00:00:00,47.9,49.65,51.1,47.7,31.203,0.02807,121672889.0,6119246557.0,6.089743589743593,46.8
HK.01024,快手-W,2024-09-30 00:00:00,52.15,53.7,55.45,51.3,33.526,0.03045,131388932.0,7182461663.0,8.157099697885204,49.65
HK.01024,快手-W,2024-10-02 00:00:00,54.85,58.8,59.8,54.6,36.644,0.02191,94552905.0,5572162114.0,9.497206703910603,53.7
HK.01024,快手-W,2024-10-03 00:00:00,58.85,56.05,59.3,53.35,34.963,0.0138,59560381.0,3387143319.0,-4.67687074829932,58.8
HK.01024,快手-W,2024-10-04 00:00:00,55.6,57.65,57.9,54.65,35.941,0.00884,38162645.0,2217175069.0,2.8545941123996457,56.05
HK.01024,快手-W,2024-10-07 00:00:00,58.85,60.1,60.6,58.05,37.438,0.01241,53547166.0,3243802496.0,4.249783174327845,57.65
HK.01024,快手-W,2024-10-08 00:00:00,60.35,51.55,60.35,49.85,32.232,0.03076,132750858.0,7322741137.0,-14.226289517470889,60.1
HK.01024,快手-W,2024-10-09 00:00:00,52.4,49.75,53.6,48.25,31.131,0.02307,99573337.0,5143051151.0,-3.491755577109597,51.55
HK.01024,快手-W,2024-10-10 00:00:00,51.1,49.7,51.65,48.75,31.1,0.01486,64128149.0,3286175478.0,-0.10050251256280836,49.75
HK.01024,快手-W,2024-10-14 00:00:00,49.7,48.45,49.8,46.45,30.336,0.01542,66541781.0,3256356086.0,-2.515090543259557,49.7
HK.01024,快手-W,2024-10-15 00:00:00,48.15,46.3,49.05,45.55,29.021,0.01201,51827431.0,2500997673.0,-4.437564499484015,48.45
HK.01024,快手-W,2024-10-16 00:00:00,45.35,45.2,46.75,44.85,28.348,0.00839,36193806.0,1693054190.0,-2.3758099352051714,46.3
HK.01024,快手-W,2024-10-17 00:00:00,45.35,44.15,46.7,43.6,27.706,0.00845,36487412.0,1678229638.0,-2.323008849557531,45.2
HK.01024,快手-W,2024-10-18 00:00:00,43.95,46.65,47.2,43.75,29.235,0.01206,52047943.0,2437289210.0,5.662514156285391,44.15
HK.01024,快手-W,2024-10-21 00:00:00,46.85,45.1,47.1,44.85,28.287,0.00883,38118998.0,1787094713.0,-3.3226152197213232,46.65
HK.01024,快手-W,2024-10-22 00:00:00,45.35,45.5,46.05,45.1,28.532,0.00669,28854806.0,1346405090.0,0.8869179600886887,45.1
HK.01024,快手-W,2024-10-23 00:00:00,45.85,45.95,46.55,45.15,28.807,0.00572,24683796.0,1164162154.0,0.9890109890109953,45.5
HK.01024,快手-W,2024-10-24 00:00:00,45.05,44.1,45.3,43.9,27.675,0.00864,37303056.0,1699290204.0,-4.026115342763877,45.95
HK.01024,快手-W,2024-10-25 00:00:00,44.1,44.75,45.15,44.0,28.073,0.00514,22201918.0,1015605600.0,1.473922902494328,44.1
HK.01024,快手-W,2024-10-28 00:00:00,45.05,46.15,46.65,44.65,28.929,0.00756,32640724.0,1539196738.0,3.1284916201117285,44.75
HK.01024,快手-W,2024-10-29 00:00:00,47.05,46.15,47.65,45.8,28.929,0.00755,32594539.0,1556087326.0,0.0,46.15
HK.01024,快手-W,2024-10-30 00:00:00,45.75,45.05,46.2,44.85,28.256,0.00789,34075580.0,1581328279.0,-2.383531960996753,46.15
HK.01024,快手-W,2024-10-31 00:00:00,45.35,44.75,45.45,44.6,28.056,0.00578,24940027.0,1149841499.0,-0.6659267480577074,45.05
HK.01024,快手-W,2024-11-01 00:00:00,44.95,45.25,45.75,44.85,28.361,0.00442,19079425.0,885430242.0,1.1173184357541899,44.75
HK.01024,快手-W,2024-11-04 00:00:00,45.55,47.05,47.3,45.55,29.462,0.00697,30053492.0,1438789980.0,3.9779005524861812,45.25
HK.01024,快手-W,2024-11-05 00:00:00,47.05,52.2,52.35,46.9,32.61,0.01624,70035031.0,3607534066.0,10.945802337938376,47.05
HK.01024,快手-W,2024-11-06 00:00:00,51.65,50.15,52.1,49.7,31.356,0.01225,52844483.0,2734345668.0,-3.927203065134108,52.2
HK.01024,快手-W,2024-11-07 00:00:00,49.55,52.0,52.4,49.1,32.487,0.0086,37104763.0,1938803426.0,3.6889332003988065,50.15
HK.01024,快手-W,2024-11-08 00:00:00,53.7,52.55,54.9,51.35,32.823,0.01385,59742390.0,3226644614.0,1.0576923076923022,52.0
HK.01024,快手-W,2024-11-11 00:00:00,49.35,50.4,51.55,49.35,31.509,0.00874,37710046.0,1946066590.0,-4.091341579448142,52.55
HK.01024,快手-W,2024-11-12 00:00:00,50.2,48.9,51.75,48.65,30.592,0.01058,45635240.0,2326897884.0,-2.9761904761904763,50.4
HK.01024,快手-W,2024-11-13 00:00:00,48.6,50.85,51.1,48.35,31.784,0.01024,44149382.0,2238443129.0,3.9877300613496995,48.9
HK.01024,快手-W,2024-11-14 00:00:00,50.05,48.85,51.95,48.55,30.562,0.01038,44786701.0,2283632272.0,-3.933136676499508,50.85
HK.01024,快手-W,2024-11-15 00:00:00,48.85,50.25,50.75,48.85,31.418,0.00874,37701009.0,1933514398.0,2.8659160696008157,48.85
HK.01024,快手-W,2024-11-18 00:00:00,50.55,48.9,50.8,48.35,30.592,0.00779,33588942.0,1692785863.0,-2.6865671641791073,50.25
HK.01024,快手-W,2024-11-19 00:00:00,49.85,50.45,50.65,49.5,31.54,0.00699,30170082.0,1549671864.0,3.1697341513292523,48.9
HK.01024,快手-W,2024-11-20 00:00:00,50.45,51.4,51.95,50.0,32.121,0.0088,37957443.0,1985163240.0,1.883052527254699,50.45
HK.01024,快手-W,2024-11-21 00:00:00,48.6,45.25,48.6,44.65,28.361,0.02753,118758750.0,5565030938.0,-11.96498054474708,51.4
HK.01024,快手-W,2024-11-22 00:00:00,45.25,43.2,45.6,42.95,27.108,0.01357,58535392.0,2644888384.0,-4.530386740331485,45.25
HK.01024,快手-W,2024-11-25 00:00:00,44.1,45.2,45.55,43.95,28.331,0.01663,71755358.0,3307043239.0,4.62962962962963,43.2
HK.01024,快手-W,2024-11-26 00:00:00,45.0,45.6,45.65,44.75,28.575,0.00732,31561276.0,1466138193.0,0.8849557522123862,45.2
HK.01024,快手-W,2024-11-27 00:00:00,45.55,46.6,47.0,44.9,29.187,0.00663,28594343.0,1348054688.0,2.1929824561403506,45.6
HK.01024,快手-W,2024-11-28 00:00:00,47.15,46.25,47.3,46.05,28.973,0.00594,25605195.0,1221042932.0,-0.7510729613733936,46.6
HK.01024,快手-W,2024-11-29 00:00:00,46.2,47.05,48.0,45.95,29.444,0.00606,26149598.0,1259346664.0,1.7297297297297236,46.25
HK.01024,快手-W,2024-12-02 00:00:00,47.1,47.45,47.75,46.55,29.688,0.00491,21154175.0,1022866690.0,0.8501594048884287,47.05
HK.01024,快手-W,2024-12-03 00:00:00,47.45,47.5,48.35,46.55,29.718,0.00718,30972770.0,1507877129.0,0.10537407797681171,47.45
HK.01024,快手-W,2024-12-04 00:00:00,47.5,46.15,47.5,45.8,28.894,0.00988,42593097.0,2014524755.0,-2.842105263157898,47.5
HK.01024,快手-W,2024-12-05 00:00:00,45.7,45.6,46.05,45.2,28.558,0.00527,22707576.0,1061899168.0,-1.191765980498369,46.15
HK.01024,快手-W,2024-12-06 00:00:00,45.75,46.45,46.85,45.3,29.077,0.01553,66966648.0,3179616070.0,1.8640350877193013,45.6
HK.01024,快手-W,2024-12-09 00:00:00,45.75,47.3,47.3,44.55,29.614,0.02036,87807322.0,4142334572.0,1.8299246501614514,46.45
HK.01024,快手-W,2024-12-10 00:00:00,48.95,46.0,48.95,46.0,28.82,0.01701,73358238.0,3546205140.0,-2.748414376321347,47.3
HK.01024,快手-W,2024-12-11 00:00:00,46.3,45.45,47.05,45.1,28.484,0.00978,42187979.0,1989192717.0,-1.1956521739130372,46.0
HK.01024,快手-W,2024-12-12 00:00:00,45.4,46.6,47.25,45.25,29.187,0.00995,42901499.0,2043506215.0,2.5302530253025273,45.45
HK.01024,快手-W,2024-12-13 00:00:00,46.1,45.35,46.25,45.1,28.422,0.008,34492088.0,1610821411.0,-2.682403433476395,46.6
HK.01024,快手-W,2024-12-16 00:00:00,45.35,43.85,45.4,43.6,27.506,0.00857,36946944.0,1674428037.0,-3.30760749724366,45.35
HK.01024,快手-W,2024-12-17 00:00:00,43.7,44.05,45.15,43.55,27.628,0.00521,22482278.0,1017681070.0,0.45610034207524686,43.85
HK.01024,快手-W,2024-12-18 00:00:00,44.65,44.45,44.85,44.25,27.872,0.00335,14453420.0,659990302.0,0.9080590238365623,44.05
HK.01024,快手-W,2024-12-19 00:00:00,43.85,44.05,44.4,43.45,27.628,0.00549,23694081.0,1066691154.0,-0.8998875140607552,44.45
HK.01024,快手-W,2024-12-20 00:00:00,43.9,41.6,44.2,41.5,26.13,0.01956,84367587.0,3658180305.0,-5.561861520998856,44.05
HK.01024,快手-W,2024-12-23 00:00:00,41.75,41.3,42.2,40.9,25.947,0.00937,40404204.0,1712503239.0,-0.7211538461538564,41.6
HK.01024,快手-W,2024-12-24 00:00:00,41.35,41.9,42.05,41.0,26.186,0.00358,15386792.0,657166031.0,1.4527845036319649,41.3
HK.01024,快手-W,2024-12-27 00:00:00,42.0,41.1,42.3,40.75,25.715,0.00671,28826147.0,1220043917.0,-1.9093078758949813,41.9
HK.01024,快手-W,2024-12-30 00:00:00,41.2,40.75,41.4,40.45,25.502,0.00544,23349571.0,978567954.0,-0.8515815085158186,41.1
HK.01024,快手-W,2024-12-31 00:00:00,40.4,40.2,40.65,40.05,25.167,0.00404,17333170.0,719634589.0,-1.3496932515337354,40.75
HK.01024,快手-W,2025-01-02 00:00:00,40.05,39.4,40.2,39.3,24.68,0.00681,29270907.0,1191661061.0,-1.9900497512437916,40.2
HK.01024,快手-W,2025-01-03 00:00:00,39.4,39.65,40.1,39.05,24.832,0.00576,24754265.0,1007359299.0,0.6345177664974619,39.4
HK.01024,快手-W,2025-01-06 00:00:00,39.85,39.15,40.0,38.6,24.663,0.0075,32397026.0,1300078697.0,-1.2610340479192939,39.65
HK.01024,快手-W,2025-01-07 00:00:00,39.05,39.5,39.5,38.65,24.877,0.00555,23995447.0,964592610.0,0.8939974457215872,39.15
HK.01024,快手-W,2025-01-08 00:00:00,39.55,38.9,39.65,38.7,24.51,0.00462,19945229.0,802196805.0,-1.5189873417721556,39.5
HK.01024,快手-W,2025-01-09 00:00:00,38.75,38.9,39.4,38.65,24.51,0.00416,17953352.0,719702900.0,0.0,38.9
HK.01024,快手-W,2025-01-10 00:00:00,39.15,38.2,39.6,38.0,24.082,0.00567,24510361.0,972204375.0,-1.7994858611825082,38.9
HK.01024,快手-W,2025-01-13 00:00:00,37.45,37.65,37.8,37.0,23.745,0.0038,16426620.0,634109875.0,-1.4397905759162415,38.2
HK.01024,快手-W,2025-01-14 00:00:00,37.7,39.55,40.2,37.65,24.908,0.00829,35811756.0,1446231969.0,5.0464807436918955,37.65
HK.01024,快手-W,2025-01-15 00:00:00,39.45,39.05,39.55,38.85,24.602,0.00566,24461374.0,985056925.0,-1.2642225031605563,39.55
HK.01024,快手-W,2025-01-16 00:00:00,39.8,39.65,40.95,39.2,24.969,0.00618,26695765.0,1099319506.0,1.5364916773367514,39.05
HK.01024,快手-W,2025-01-17 00:00:00,39.55,39.6,40.2,39.2,24.938,0.00348,15044740.0,614212306.0,-0.12610340479192222,39.65
HK.01024,快手-W,2025-01-20 00:00:00,40.8,40.25,41.15,40.15,25.336,0.00603,26033180.0,1086417218.0,1.6414141414141377,39.6
HK.01024,快手-W,2025-01-21 00:00:00,40.65,40.35,40.85,39.75,25.397,0.00492,21259665.0,880828133.0,0.24844720496894762,40.25
HK.01024,快手-W,2025-01-22 00:00:00,39.85,39.3,40.05,38.95,24.755,0.00551,23821319.0,962741158.0,-2.602230483271386,40.35
HK.01024,快手-W,2025-01-23 00:00:00,39.4,38.95,40.25,38.65,24.541,0.00532,22982801.0,928528205.0,-0.8905852417302654,39.3
HK.01024,快手-W,2025-01-24 00:00:00,39.05,39.4,39.85,38.75,24.725,0.00582,25046616.0,1016409330.0,1.1553273427471007,38.95
HK.01024,快手-W,2025-01-27 00:00:00,39.5,40.95,41.7,39.5,25.67,0.01307,56237879.0,2363175618.0,3.934010152284275,39.4
HK.01024,快手-W,2025-01-28 00:00:00,41.45,40.95,41.65,40.45,25.67,0.00255,10965580.0,461585111.0,0.0,40.95
HK.01024,快手-W,2025-02-03 00:00:00,40.25,40.5,40.55,38.2,25.396,0.00768,33069351.0,1345337696.0,-1.0989010989011057,40.95
HK.01024,快手-W,2025-02-04 00:00:00,41.25,42.95,43.0,41.05,26.89,0.01191,51261036.0,2226727119.0,6.04938271604939,40.5
HK.01024,快手-W,2025-02-05 00:00:00,42.95,44.25,45.25,42.0,27.682,0.01977,85069542.0,3839116432.0,3.0267753201396905,42.95
HK.01024,快手-W,2025-02-06 00:00:00,44.05,44.4,44.6,43.05,27.774,0.01022,43989366.0,1982275170.0,0.3389830508474544,44.25
HK.01024,快手-W,2025-02-07 00:00:00,44.4,45.15,46.0,44.15,28.231,0.01418,61022697.0,2828524867.0,1.6891891891891893,44.4
HK.01024,快手-W,2025-02-10 00:00:00,45.8,46.5,47.05,45.7,29.054,0.01374,59135811.0,2820867912.0,2.9900332225913653,45.15
HK.01024,快手-W,2025-02-11 00:00:00,46.95,44.65,47.25,44.35,27.926,0.01125,48419151.0,2247655693.0,-3.978494623655917,46.5
HK.01024,快手-W,2025-02-12 00:00:00,45.25,45.6,45.7,44.5,28.506,0.00957,41173182.0,1912689395.0,2.1276595744680917,44.65
HK.01024,快手-W,2025-02-13 00:00:00,46.55,48.55,53.05,46.2,30.304,0.04614,198597810.0,10105937330.0,6.469298245614026,45.6
HK.01024,快手-W,2025-02-14 00:00:00,50.2,52.35,52.35,48.8,32.621,0.03259,140250039.0,7301391702.0,7.826982492276013,48.55
HK.01024,快手-W,2025-02-17 00:00:00,55.0,52.45,56.4,51.0,32.682,0.02968,127754797.0,6986378530.0,0.19102196752626824,52.35
HK.01024,快手-W,2025-02-18 00:00:00,52.55,57.6,58.65,51.85,35.823,0.04281,184264567.0,10588630052.0,9.818875119161103,52.45
HK.01024,快手-W,2025-02-19 00:00:00,57.05,57.75,58.7,55.65,35.914,0.0195,83936448.0,4885378173.0,0.2604166666666642,57.6
HK.01024,快手-W,2025-02-20 00:00:00,56.55,53.25,57.2,52.8,33.17,0.02689,115746336.0,6393994097.0,-7.792207792207792,57.75
HK.01024,快手-W,2025-02-21 00:00:00,55.7,57.25,57.25,52.5,35.609,0.03538,152250900.0,8582275657.0,7.511737089201878,53.25
HK.01024,快手-W,2025-02-24 00:00:00,55.75,54.0,56.15,53.35,33.628,0.02082,89601651.0,4977756056.0,-5.676855895196507,57.25
HK.01024,快手-W,2025-02-25 00:00:00,51.1,52.2,53.2,51.05,32.53,0.01673,72024031.0,3838986652.0,-3.3333333333333277,54.0
HK.01024,快手-W,2025-02-26 00:00:00,52.35,54.3,55.3,52.3,33.81,0.01693,72873716.0,4025527541.0,4.022988505747115,52.2
HK.01024,快手-W,2025-02-27 00:00:00,54.1,52.45,54.4,51.6,32.682,0.01863,80168273.0,4312749737.0,-3.4069981583793636,54.3
HK.01024,快手-W,2025-02-28 00:00:00,52.15,49.45,52.15,48.8,30.853,0.01962,84440680.0,4328420951.0,-5.719733079122974,52.45
HK.01024,快手-W,2025-03-03 00:00:00,49.7,49.6,50.95,48.75,30.945,0.01144,49245571.0,2512950471.0,0.3033367037411498,49.45
HK.01024,快手-W,2025-03-04 00:00:00,48.25,49.45,49.95,48.0,30.853,0.00852,36668745.0,1843567330.0,-0.3024193548387068,49.6
HK.01024,快手-W,2025-03-05 00:00:00,50.35,51.4,51.6,48.75,32.042,0.01175,50583769.0,2612704085.0,3.943377148634976,49.45
HK.01024,快手-W,2025-03-06 00:00:00,54.65,59.65,60.6,53.9,37.073,0.04533,195071767.0,11533607784.0,16.05058365758755,51.4
HK.01024,快手-W,2025-03-07 00:00:00,59.65,62.55,64.199999999,58.6,38.841,0.03784,162826250.0,10307690885.0,4.8616932103939625,59.65
HK.01024,快手-W,2025-03-10 00:00:00,63.35,61.95,64.55,60.0,38.475,0.02191,94292126.0,5957784876.0,-0.9592326139088638,62.55
HK.01024,快手-W,2025-03-11 00:00:00,59.85,65.199999999,66.35,59.05,40.457,0.02705,116391050.0,7546815908.0,5.246166261501204,61.95
HK.01024,快手-W,2025-03-12 00:00:00,66.35,64.699999999,67.75,62.9,40.152,0.01918,82546484.0,5469265160.0,-0.7668711656559336,65.199999999
HK.01024,快手-W,2025-03-13 00:00:00,64.85,62.15,65.35,60.6,38.597,0.01718,73943639.0,4684129908.0,-3.9412673864596806,64.699999999
HK.01024,快手-W,2025-03-14 00:00:00,63.25,63.75,65.199999999,61.65,39.573,0.01407,60534096.0,3932705241.0,2.5744167337087713,62.15
HK.01024,快手-W,2025-03-17 00:00:00,63.75,62.35,64.449999999,61.65,38.719,0.01042,44838325.0,2857675735.0,-2.1960784313725465,63.75
HK.01024,快手-W,2025-03-18 00:00:00,64.85,65.15,66.35,63.949999999,40.426,0.01241,53396321.0,3529530185.0,4.49077786688052,62.35
HK.01024,快手-W,2025-03-19 00:00:00,64.75,64.55,65.65,63.449999999,40.06,0.00813,34996748.0,2297965315.0,-0.9209516500383861,65.15
HK.01024,快手-W,2025-03-20 00:00:00,64.1,61.5,64.4,61.05,38.201,0.01302,56017364.0,3555662262.0,-4.725019364833458,64.55
HK.01024,快手-W,2025-03-21 00:00:00,60.65,58.15,61.25,57.55,36.158,0.01836,79006323.0,4744506234.0,-5.447154471544717,61.5
HK.01024,快手-W,2025-03-24 00:00:00,58.1,57.75,58.1,55.5,35.914,0.01248,53715705.0,3112872141.0,-0.6878761822871859,58.15
HK.01024,快手-W,2025-03-25 00:00:00,56.85,55.65,57.25,55.25,14.76,0.00894,38472546.0,2189326910.0,-3.636363636363639,57.75
HK.01024,快手-W,2025-03-26 00:00:00,55.2,54.7,55.95,52.25,14.529,0.02181,93958039.0,5190865559.0,-1.70709793351302,55.65
HK.01024,快手-W,2025-03-27 00:00:00,54.85,55.45,56.15,53.45,14.724,0.01274,54894023.0,3087724635.0,1.3711151736745886,54.7
HK.01024,快手-W,2025-03-28 00:00:00,56.4,54.95,57.65,54.5,14.594,0.0118,50859018.0,2894262643.0,-0.9017132551848512,55.45
HK.01024,快手-W,2025-03-31 00:00:00,54.35,53.2,54.65,52.1,14.138,0.01116,48089971.0,2603919209.0,-3.1847133757961785,54.95
HK.01024,快手-W,2025-04-01 00:00:00,53.9,55.0,55.65,53.15,14.607,0.01192,51349491.0,2870674777.0,3.3834586466165355,53.2
HK.01024,快手-W,2025-04-02 00:00:00,55.0,56.3,57.0,54.55,14.945,0.01023,44077140.0,2530436918.0,2.3636363636363584,55.0
HK.01024,快手-W,2025-04-03 00:00:00,54.9,55.05,55.95,54.05,14.62,0.0094,40495979.0,2265663742.0,-2.2202486678507993,56.3
HK.01024,快手-W,2025-04-07 00:00:00,48.25,44.4,48.65,43.85,11.852,0.0307,132293806.0,6256827034.0,-19.346049046321525,55.05
HK.01024,快手-W,2025-04-08 00:00:00,45.15,44.8,46.35,43.05,11.956,0.02332,100513691.0,4623677479.0,0.9009009009008978,44.4
HK.01024,快手-W,2025-04-09 00:00:00,42.95,45.45,46.4,41.75,12.125,0.02183,94057932.0,4271438406.0,1.4508928571428699,44.8
HK.01024,快手-W,2025-04-10 00:00:00,47.1,47.2,49.65,46.35,12.581,0.01862,80237970.0,3928355675.0,3.85038503850385,45.45
HK.01024,快手-W,2025-04-11 00:00:00,47.0,48.3,49.3,46.6,12.867,0.01069,46054047.0,2275411240.0,2.330508474576259,47.2
HK.01024,快手-W,2025-04-14 00:00:00,49.8,49.2,50.25,48.65,13.101,0.00937,40360675.0,2039162802.0,1.8633540372670927,48.3
HK.01024,快手-W,2025-04-15 00:00:00,50.35,50.05,50.95,48.0,13.322,0.01216,52402453.0,2658661565.0,1.7276422764227524,49.2
HK.01024,快手-W,2025-04-16 00:00:00,48.95,47.55,49.8,46.55,12.672,0.01211,52189559.0,2537372874.0,-4.9950049950049955,50.05
HK.01024,快手-W,2025-04-17 00:00:00,47.55,48.9,49.3,47.45,13.023,0.00647,27882014.0,1390377112.0,2.8391167192429054,47.55
HK.01024,快手-W,2025-04-22 00:00:00,48.9,48.9,49.95,48.35,13.023,0.00855,36841799.0,1848195178.0,0.0,48.9
HK.01024,快手-W,2025-04-23 00:00:00,50.8,50.65,51.15,49.9,13.479,0.00802,34563155.0,1786133594.0,3.5787321063394684,48.9
HK.01024,快手-W,2025-04-24 00:00:00,50.15,49.3,50.8,48.4,13.086,0.00856,36794389.0,1855168277.0,-2.665350444225077,50.65
HK.01024,快手-W,2025-04-25 00:00:00,49.95,49.6,51.55,49.4,13.164,0.00927,39829224.0,2053115988.0,0.608519269776885,49.3
HK.01024,快手-W,2025-04-28 00:00:00,49.85,49.5,50.0,49.25,13.138,0.003,12877601.0,654195125.0,-0.2016129032258093,49.6
HK.01024,快手-W,2025-04-29 00:00:00,49.8,49.65,50.45,49.1,13.177,0.00513,22048737.0,1120761771.0,0.30303030303030015,49.5
HK.01024,快手-W,2025-04-30 00:00:00,49.7,50.45,50.8,49.45,13.385,0.00426,18306485.0,941695497.0,1.6112789526686895,49.65
HK.01024,快手-W,2025-05-02 00:00:00,50.45,51.6,52.45,50.1,13.683,0.00449,19288562.0,1020020418.0,2.279484638255696,50.45
HK.01024,快手-W,2025-05-06 00:00:00,52.45,52.35,53.45,51.7,13.878,0.00752,32300749.0,1733041676.0,1.4534883720930232,51.6
HK.01024,快手-W,2025-05-07 00:00:00,55.35,51.9,55.35,51.85,13.761,0.00819,35170435.0,1904216937.0,-0.8595988538682002,52.35
HK.01024,快手-W,2025-05-08 00:00:00,51.9,52.1,52.75,51.3,13.813,0.00461,19817495.0,1056009453.0,0.3853564547206221,51.9
HK.01024,快手-W,2025-05-09 00:00:00,52.4,50.85,52.4,49.95,13.492,0.00541,23237372.0,1207515942.0,-2.399232245681382,52.1
HK.01024,快手-W,2025-05-12 00:00:00,52.0,54.05,55.05,51.25,14.322,0.01057,45411990.0,2471981191.0,6.293018682399206,50.85
HK.01024,快手-W,2025-05-13 00:00:00,53.55,51.5,53.65,51.35,13.661,0.00888,38157456.0,2029959848.0,-4.7178538390379225,54.05
HK.01024,快手-W,2025-05-14 00:00:00,51.75,51.9,52.25,50.85,13.764,0.00781,33551651.0,1766951530.0,0.7766990291262109,51.5
HK.01024,快手-W,2025-05-15 00:00:00,51.6,50.8,51.8,50.45,13.462,0.00518,22208037.0,1157292862.0,-2.1194605009633936,51.9
HK.01024,快手-W,2025-05-16 00:00:00,50.1,49.7,50.45,48.7,13.176,0.00792,33992302.0,1721827183.0,-2.1653543307086505,50.8
HK.01024,快手-W,2025-05-19 00:00:00,49.25,48.55,49.25,47.75,12.878,0.00893,38301184.0,1898037960.0,-2.313883299798804,49.7
HK.01024,快手-W,2025-05-20 00:00:00,48.8,48.75,49.35,48.2,12.93,0.00565,24243894.0,1211989824.0,0.41194644696190086,48.55
HK.01024,快手-W,2025-05-21 00:00:00,48.7,49.2,49.75,48.6,13.047,0.0053,22763052.0,1148005022.0,0.9230769230769289,48.75
HK.01024,快手-W,2025-05-22 00:00:00,48.7,47.7,48.8,47.45,12.658,0.00878,37660463.0,1844921850.0,-3.048780487804878,49.2
HK.01024,快手-W,2025-05-23 00:00:00,47.85,47.6,48.3,47.1,12.632,0.00657,28201032.0,1375763723.0,-0.20964360587002392,47.7
HK.01024,快手-W,2025-05-26 00:00:00,47.35,47.35,47.95,46.6,12.568,0.00652,27962201.0,1354279296.0,-0.5252100840336134,47.6
HK.01024,快手-W,2025-05-27 00:00:00,47.35,47.6,48.2,47.15,12.632,0.00619,26570116.0,1296732379.0,0.5279831045406547,47.35
HK.01024,快手-W,2025-05-28 00:00:00,50.75,50.5,51.05,49.05,13.384,0.01791,76857212.0,3944499534.0,6.092436974789913,47.6
HK.01024,快手-W,2025-05-29 00:00:00,50.85,53.05,53.4,50.7,14.045,0.01635,70158966.0,3736848859.0,5.049504950495043,50.5
HK.01024,快手-W,2025-05-30 00:00:00,52.85,52.15,52.85,51.5,13.811,0.00886,38005610.0,2022066299.0,-1.6965127238454263,53.05
HK.01024,快手-W,2025-06-02 00:00:00,50.65,51.3,51.4,48.9,13.591,0.00566,24284744.0,1249513553.0,-1.629913710450626,52.15
HK.01024,快手-W,2025-06-03 00:00:00,51.75,50.05,52.4,49.5,13.267,0.01008,43268609.0,2229319733.0,-2.436647173489279,51.3
HK.01024,快手-W,2025-06-04 00:00:00,49.7,50.75,51.05,49.45,13.449,0.00722,30988572.0,1603185645.0,1.3986013986014043,50.05
HK.01024,快手-W,2025-06-05 00:00:00,51.5,53.35,54.3,50.95,14.122,0.01492,64023855.0,3481395490.0,5.1231527093596085,50.75
HK.01024,快手-W,2025-06-06 00:00:00,53.6,57.95,58.5,53.35,15.314,0.0362,155364645.0,9025149467.0,8.622305529522027,53.35
HK.01024,快手-W,2025-06-09 00:00:00,58.75,61.25,62.15,58.65,16.169,0.02531,108633090.0,6719314382.0,5.694564279551332,57.95
HK.01024,快手-W,2025-06-10 00:00:00,62.85,60.35,62.85,59.45,15.936,0.01744,74858035.0,4638534455.0,-1.4693877551020385,61.25
HK.01024,快手-W,2025-06-11 00:00:00,60.75,61.05,61.9,59.75,16.118,0.01204,51654518.0,3211175591.0,1.1599005799502828,60.35
HK.01024,快手-W,2025-06-12 00:00:00,60.05,57.4,60.65,57.05,15.172,0.01766,75802499.0,4493339875.0,-5.978705978705976,61.05
HK.01024,快手-W,2025-06-13 00:00:00,56.35,56.85,58.05,55.8,15.002,0.01066,45675539.0,2637897387.0,-0.9581881533100997,57.4
HK.01024,快手-W,2025-06-16 00:00:00,56.65,58.85,59.35,56.0,15.519,0.01109,47517369.0,2802446162.0,3.5180299032541775,56.85
HK.01024,快手-W,2025-06-17 00:00:00,59.05,58.25,59.4,57.75,15.364,0.00592,25379156.0,1510483134.0,-1.0195412064570968,58.85
HK.01024,快手-W,2025-06-18 00:00:00,57.4,57.05,57.65,56.3,15.054,0.00473,20269891.0,1175275221.0,-2.060085836909876,58.25
HK.01024,快手-W,2025-06-19 00:00:00,56.85,55.15,56.85,54.55,14.562,0.00764,32742037.0,1849712909.0,-3.3304119193689723,57.05
HK.01024,快手-W,2025-06-20 00:00:00,55.15,55.3,55.75,54.85,14.601,0.00508,21775904.0,1228073747.0,0.2719854941069784,55.15
HK.01024,快手-W,2025-06-23 00:00:00,54.65,56.5,56.95,54.3,14.912,0.00521,22337520.0,1276372067.0,2.169981916817365,55.3
HK.01024,快手-W,2025-06-24 00:00:00,57.35,58.3,58.75,56.65,15.377,0.00832,35634270.0,2107997137.0,3.185840707964597,56.5
HK.01024,快手-W,2025-06-25 00:00:00,58.85,58.65,59.85,58.35,15.468,0.0069,29555672.0,1776209908.0,0.6003430531732443,58.3
HK.01024,快手-W,2025-06-26 00:00:00,58.1,60.6,61.2,57.9,15.972,0.01203,51535273.0,3168156686.0,3.3248081841432278,58.65
HK.01024,快手-W,2025-06-27 00:00:00,61.45,61.65,62.949999999,60.5,16.244,0.01253,53669220.0,3384614389.0,1.732673267326728,60.6
HK.01024,快手-W,2025-06-30 00:00:00,61.65,62.15,63.85,61.6,16.373,0.00897,38416566.0,2465292430.0,0.8110300081103,61.65
HK.01024,快手-W,2025-07-02 00:00:00,62.949999999,60.4,63.55,60.1,15.92,0.00843,36123561.0,2243225719.0,-2.8157683024939666,62.15
HK.01024,快手-W,2025-07-03 00:00:00,60.85,59.95,61.3,59.0,15.804,0.00693,29676874.0,1805576005.0,-0.7450331125827744,60.4
HK.01024,快手-W,2025-07-04 00:00:00,59.75,60.75,62.6,58.65,16.098,0.00867,37352933.0,2302683098.0,1.334445371142614,59.95
HK.01024,快手-W,2025-07-07 00:00:00,61.35,61.85,62.85,60.8,16.384,0.00778,33515444.0,2112910059.0,1.8106995884773687,60.75
HK.01024,快手-W,2025-07-08 00:00:00,62.05,65.1,65.3,62.0,17.23,0.0125,53842840.0,3518414450.0,5.2546483427647415,61.85
HK.01024,快手-W,2025-07-09 00:00:00,64.85,63.6,65.3,62.8,16.84,0.00616,26510795.0,1724454865.0,-2.304147465437777,65.1
HK.01024,快手-W,2025-07-10 00:00:00,63.85,63.3,63.949999999,62.2,16.762,0.00571,24605823.0,1580342212.0,-0.47169811320755384,63.6
HK.01024,快手-W,2025-07-11 00:00:00,63.3,62.0,64.75,60.35,16.423,0.01085,46731687.0,2974697424.0,-2.05371248025276,63.3
HK.01024,快手-W,2025-07-14 00:00:00,62.35,64.1,64.3,62.25,16.97,0.00624,26875715.0,1743546860.0,3.387096774193539,62.0
HK.01024,快手-W,2025-07-15 00:00:00,64.1,67.0,67.199999999,64.05,17.724,0.01185,51034913.0,3425706771.0,4.524180967238698,64.1
HK.01024,快手-W,2025-07-16 00:00:00,68.15,68.45,69.75,67.7,18.101,0.01328,57188105.0,4001366110.0,2.164179104477616,67.0
HK.01024,快手-W,2025-07-17 00:00:00,67.95,68.0,68.95,67.25,17.984,0.00698,30068040.0,2080386454.0,-0.6574141709276886,68.45
HK.01024,快手-W,2025-07-18 00:00:00,69.2,69.55,70.85,67.75,18.387,0.01059,45613544.0,3220545807.0,2.2794117647058783,68.0
HK.01024,快手-W,2025-07-21 00:00:00,70.7,70.3,71.35,69.2,18.582,0.00836,36007261.0,2568030092.0,1.0783608914450036,69.55
HK.01024,快手-W,2025-07-22 00:00:00,70.05,71.6,72.95,70.0,18.92,0.00892,38402289.0,2796200379.0,1.8492176386913188,70.3
HK.01024,快手-W,2025-07-23 00:00:00,72.5,76.75,77.7,71.95,20.26,0.01841,79279566.0,6068994874.0,7.192737430167606,71.6
HK.01024,快手-W,2025-07-24 00:00:00,77.2,75.05,78.8,74.7,19.817,0.01531,65945996.0,5122165633.0,-2.2149837133550525,76.75
HK.01024,快手-W,2025-07-25 00:00:00,73.85,71.35,74.4,70.9,18.855,0.01569,67591246.0,4952351257.0,-4.930046635576287,75.05
HK.01024,快手-W,2025-07-28 00:00:00,71.8,71.55,72.9,70.35,18.907,0.00939,40443486.0,2939534535.0,0.2803083391730944,71.35
HK.01024,快手-W,2025-07-29 00:00:00,71.15,70.95,71.55,69.25,18.751,0.01057,45509867.0,3242401404.0,-0.8385744234800759,71.55
HK.01024,快手-W,2025-07-30 00:00:00,71.05,71.25,72.75,69.9,18.829,0.00931,40098176.0,2910096283.0,0.4228329809725118,70.95
HK.01024,快手-W,2025-07-31 00:00:00,71.35,75.85,77.85,70.9,20.026,0.02066,88972514.0,6808259207.0,6.456140350877185,71.25
HK.01024,快手-W,2025-08-01 00:00:00,76.85,73.45,77.85,73.05,19.401,0.01243,53555156.0,4066624249.0,-3.1641397495055923,75.85
HK.01024,快手-W,2025-08-04 00:00:00,72.45,75.85,76.35,71.6,20.026,0.01016,43768700.0,3331851738.0,3.2675289312457334,73.45
HK.01024,快手-W,2025-08-05 00:00:00,77.4,78.0,78.55,75.15,20.585,0.01198,51599683.0,4041572225.0,2.8345418589321105,75.85
HK.01024,快手-W,2025-08-06 00:00:00,78.2,78.75,79.45,76.8,20.78,0.00835,35948430.0,2856216289.0,0.9615384615384616,78.0
HK.01024,快手-W,2025-08-07 00:00:00,79.85,78.85,80.5,77.55,20.849,0.00756,32644385.0,2616226723.0,0.12698412698411976,78.75
HK.01024,快手-W,2025-08-08 00:00:00,78.3,78.0,78.95,77.1,20.628,0.0058,25022120.0,1976307260.0,-1.077996195307539,78.85
HK.01024,快手-W,2025-08-11 00:00:00,78.15,77.75,79.35,76.65,20.562,0.00593,25609832.0,2013371643.0,-0.3205128205128205,78.0
HK.01024,快手-W,2025-08-12 00:00:00,76.9,70.45,77.3,69.7,18.66,0.02638,113868221.0,8343250140.0,-9.389067524115752,77.75
HK.01024,快手-W,2025-08-13 00:00:00,71.65,73.8,73.85,70.85,19.533,0.01221,52707265.0,3881113577.0,4.755145493257621,70.45
HK.01024,快手-W,2025-08-14 00:00:00,75.0,74.05,75.95,73.45,19.598,0.00741,31970460.0,2421825243.0,0.33875338753387535,73.8
HK.01024,快手-W,2025-08-15 00:00:00,73.05,73.65,74.6,72.2,19.494,0.00708,30543394.0,2272442585.0,-0.5401755570560317,74.05
HK.01024,快手-W,2025-08-18 00:00:00,73.15,72.55,74.35,71.85,19.207,0.00811,35017528.0,2598878431.0,-1.4935505770536435,73.65
HK.01024,快手-W,2025-08-19 00:00:00,72.55,72.85,74.45,71.55,19.285,0.00693,29924348.0,2217415122.0,0.41350792556856947,72.55
HK.01024,快手-W,2025-08-20 00:00:00,71.5,70.75,71.5,67.9,18.738,0.01446,62430963.0,4420215779.0,-2.88263555250514,72.85
HK.01024,快手-W,2025-08-21 00:00:00,70.75,70.6,72.15,69.95,18.699,0.00712,30745796.0,2213842426.0,-0.21201413427562643,70.75
HK.01024,快手-W,2025-08-22 00:00:00,70.75,73.75,74.15,68.05,19.52,0.01855,80053212.0,5873221451.0,4.4617563739376855,70.6
HK.01024,快手-W,2025-08-25 00:00:00,75.25,77.6,78.25,74.65,20.523,0.01337,57713452.0,4504211657.0,5.22033898305084,73.75
HK.01024,快手-W,2025-08-26 00:00:00,76.95,77.95,78.65,76.35,20.615,0.0091,39264739.0,3101076260.0,0.4510309278350626,77.6
HK.01024,快手-W,2025-08-27 00:00:00,78.45,75.3,80.0,74.55,19.924,0.01187,51237365.0,3982459678.0,-3.3996151379089232,77.95
HK.01024,快手-W,2025-08-28 00:00:00,75.3,75.3,75.95,73.9,19.924,0.00763,32913036.0,2506885641.0,0.0,75.3
HK.01024,快手-W,2025-08-29 00:00:00,76.85,74.2,76.85,72.9,19.637,0.01001,43210862.0,3262786884.0,-1.4608233731739633,75.3
HK.01024,快手-W,2025-09-01 00:00:00,75.2,72.45,76.55,71.55,19.196,0.01273,54979215.0,4072078458.0,-2.3584905660377355,74.2
HK.01024,快手-W,2025-09-02 00:00:00,72.2,70.6,72.3,70.15,18.714,0.01049,45311666.0,3254869571.0,-2.5534851621808263,72.45
HK.01024,快手-W,2025-09-03 00:00:00,71.15,70.85,72.0,70.35,18.779,0.00665,28728171.0,2070626855.0,0.3541076487252125,70.6
HK.01024,快手-W,2025-09-04 00:00:00,71.6,68.75,71.85,68.0,18.231,0.01137,49102188.0,3458922028.0,-2.9640084685956167,70.85
HK.01024,快手-W,2025-09-05 00:00:00,68.85,71.8,71.8,68.65,19.027,0.01541,66576369.0,4783643391.0,4.436363636363632,68.75
HK.01024,快手-W,2025-09-08 00:00:00,71.35,69.25,71.55,68.35,18.362,0.01391,60079579.0,4251626549.0,-3.55153203342618,71.8
HK.01024,快手-W,2025-09-09 00:00:00,69.81,72.26,72.81,69.46,19.027,0.00999,43155014.0,3134493587.0,4.346570397111921,69.25
HK.01024,快手-W,2025-09-10 00:00:00,72.96,73.46,74.56,71.96,19.34,0.00845,36515242.0,2712010032.0,1.6606698034873908,72.26
HK.01024,快手-W,2025-09-11 00:00:00,72.76,72.66,73.36,71.01,19.131,0.007,30229650.0,2203275095.0,-1.08902804247209,73.46
HK.01024,快手-W,2025-09-12 00:00:00,74.31,74.56,75.51,73.26,19.627,0.00797,34433732.0,2587272012.0,2.614918799889906,72.66
HK.01024,快手-W,2025-09-15 00:00:00,73.61,75.31,76.26,73.31,19.822,0.00876,37851428.0,2866040645.0,1.0059012875536482,74.56
HK.01024,快手-W,2025-09-16 00:00:00,75.81,74.86,76.71,74.11,19.705,0.00569,24577089.0,1866517148.0,-0.5975302084716543,75.31
HK.01024,快手-W,2025-09-17 00:00:00,74.81,77.51,78.01,74.51,20.396,0.01376,59420789.0,4598735860.0,3.5399412236174266,74.86
HK.01024,快手-W,2025-09-18 00:00:00,77.51,75.66,78.06,74.81,19.913,0.01138,49139140.0,3789126945.0,-2.3867888014449856,77.51
HK.01024,快手-W,2025-09-19 00:00:00,75.81,75.11,76.61,72.76,19.77,0.01166,50348893.0,3791874173.0,-0.7269362939465995,75.66
HK.01024,快手-W,2025-09-22 00:00:00,70.36,73.31,74.31,70.36,19.311,0.0146,63106513.0,4621706698.0,-2.396485155105841,75.11
HK.01024,快手-W,2025-09-23 00:00:00,73.16,73.36,73.51,71.56,19.324,0.00641,27696281.0,2026319261.0,0.06820351930159209,73.31
HK.01024,快手-W,2025-09-24 00:00:00,72.21,76.16,77.61,72.21,20.054,0.01072,46324874.0,3543327876.0,3.816793893129767,73.36
HK.01024,快手-W,2025-09-25 00:00:00,75.36,77.46,78.91,74.91,20.394,0.0088,38028175.0,2972962991.0,1.70693277310924,76.16
HK.01024,快手-W,2025-09-26 00:00:00,77.36,74.91,77.36,74.41,19.728,0.00591,25536275.0,1953245539.0,-3.2920216886134743,77.46
HK.01024,快手-W,2025-09-29 00:00:00,74.71,78.21,78.41,74.71,20.589,0.00905,39104002.0,3061944741.0,4.405286343612331,74.91
HK.01024,快手-W,2025-09-30 00:00:00,78.51,83.91,84.31,77.71,22.077,0.01663,71891789.0,5898878251.0,7.2880705792098235,78.21
HK.01024,快手-W,2025-10-02 00:00:00,86.41,91.16,91.91,86.11,23.969,0.01761,76114124.0,6872182282.0,8.640209748540101,83.91
HK.01024,快手-W,2025-10-03 00:00:00,90.36,88.01,90.36,86.41,23.147,0.00908,39247860.0,3465882606.0,-3.455462922334348,91.16
HK.01024,快手-W,2025-10-06 00:00:00,88.01,87.01,88.11,85.91,22.886,0.00375,16223092.0,1420146258.0,-1.1362345188046812,88.01
HK.01024,快手-W,2025-10-08 00:00:00,86.36,85.06,86.41,84.01,22.377,0.00512,22146122.0,1891565774.0,-2.2411217101482617,87.01
HK.01024,快手-W,2025-10-09 00:00:00,85.16,88.11,89.16,82.41,23.173,0.01544,66738764.0,5819435106.0,3.585704208793789,85.06
HK.01024,快手-W,2025-10-10 00:00:00,86.96,83.21,87.96,83.11,21.894,0.01057,45664028.0,3896635889.0,-5.561230280331411,88.11
HK.01024,快手-W,2025-10-13 00:00:00,80.66,79.76,82.06,76.96,20.994,0.01604,69344398.0,5557518490.0,-4.146136281696898,83.21
HK.01024,快手-W,2025-10-14 00:00:00,79.81,74.31,81.61,73.46,19.582,0.0172,74381335.0,5722641212.0,-6.832998996990976,79.76
HK.01024,快手-W,2025-10-15 00:00:00,74.66,75.81,76.36,73.91,19.973,0.00917,39646503.0,3010516803.0,2.018570851836899,74.31
HK.01024,快手-W,2025-10-16 00:00:00,76.51,75.31,76.86,74.61,19.843,0.00651,28141299.0,2143184150.0,-0.6595435958316844,75.81
HK.01024,快手-W,2025-10-17 00:00:00,75.31,72.26,75.31,71.71,19.046,0.0096,41523666.0,3058744815.0,-4.049926968530071,75.31
HK.01024,快手-W,2025-10-20 00:00:00,75.36,73.41,75.61,72.26,19.347,0.00592,25581920.0,1899833978.0,1.591475228342086,72.26
HK.01024,快手-W,2025-10-21 00:00:00,74.86,74.86,76.51,74.36,19.725,0.00638,27577113.0,2102486119.0,1.9752077373654853,73.41
HK.01024,快手-W,2025-10-22 00:00:00,73.91,73.06,74.21,72.61,19.255,0.00479,20700284.0,1533245430.0,-2.404488378306168,74.86
HK.01024,快手-W,2025-10-23 00:00:00,72.31,72.76,73.31,70.86,19.177,0.00618,26728434.0,1943928114.0,-0.41062140706268435,73.06
HK.01024,快手-W,2025-10-24 00:00:00,74.41,74.26,74.76,73.16,19.569,0.00435,18828643.0,1406945898.0,2.061572292468389,72.76
HK.01024,快手-W,2025-10-27 00:00:00,76.31,75.41,76.66,74.96,19.869,0.00618,26721925.0,2038127960.0,1.5486129814166325,74.26
HK.01024,快手-W,2025-10-28 00:00:00,76.31,75.26,77.01,74.76,19.83,0.00681,29429618.0,2253609877.0,-0.1989126110595299,75.41
HK.01024,快手-W,2025-10-30 00:00:00,76.81,73.96,77.01,72.86,19.49,0.00929,40157485.0,3026992129.0,-1.727345203295258,75.26
HK.01024,快手-W,2025-10-31 00:00:00,73.46,71.66,73.76,71.51,18.89,0.0063,27234999.0,1984322771.0,-3.109789075175767,73.96
HK.01024,快手-W,2025-11-03 00:00:00,71.31,72.76,73.26,70.91,19.177,0.00664,28694776.0,2090262569.0,1.5350265140943464,71.66
HK.01024,快手-W,2025-11-04 00:00:00,71.41,70.76,72.91,70.46,18.655,0.00532,23012844.0,1658880641.0,-2.7487630566245187,72.76
HK.01024,快手-W,2025-11-05 00:00:00,69.31,70.26,70.51,68.16,18.524,0.00684,29582205.0,2074719817.0,-0.7066139061616733,70.76
HK.01024,快手-W,2025-11-06 00:00:00,70.71,71.86,72.21,70.01,18.942,0.00455,19658320.0,1417335776.0,2.2772559066324995,70.26
HK.01024,快手-W,2025-11-07 00:00:00,70.81,67.56,71.16,66.81,17.819,0.0119,51425431.0,3534178037.0,-5.983857500695793,71.86
HK.01024,快手-W,2025-11-10 00:00:00,67.76,69.11,69.36,67.21,18.224,0.0064,27658165.0,1911927388.0,2.294256956779155,67.56
HK.01024,快手-W,2025-11-11 00:00:00,69.61,68.81,70.21,68.01,18.146,0.00339,14666406.0,1020255219.0,-0.4340905802344048,69.11
HK.01024,快手-W,2025-11-12 00:00:00,69.41,69.01,70.11,67.909999999,18.198,0.0046,19881998.0,1382690662.0,0.29065542799012184,68.81
HK.01024,快手-W,2025-11-13 00:00:00,67.56,68.41,69.51,67.159999999,18.041,0.00701,30318325.0,2086859296.0,-0.8694392117084603,69.01
HK.01024,快手-W,2025-11-14 00:00:00,66.81,66.409999999,67.36,65.659999999,17.519,0.00792,34231271.0,2301214901.0,-2.92354919017688,68.41
HK.01024,快手-W,2025-11-17 00:00:00,65.81,66.11,67.06,65.409999999,17.441,0.00518,22374156.0,1493334095.0,-0.45173919440522653,66.409999999
HK.01024,快手-W,2025-11-18 00:00:00,65.11,63.96,65.36,63.06,16.879,0.00844,36505783.0,2363865949.0,-3.252155498411736,66.11
HK.01024,快手-W,2025-11-19 00:00:00,63.96,62.81,64.21,62.16,16.579,0.0071,30697647.0,1950984724.0,-1.7979987492182592,63.96
HK.01024,快手-W,2025-11-20 00:00:00,64.409999999,64.26,65.61,63.16,16.958,0.01112,48063412.0,3119107074.0,2.3085495940136966,62.81
HK.01024,快手-W,2025-11-21 00:00:00,63.16,63.31,64.81,61.71,16.71,0.00889,38454102.0,2452169874.0,-1.4783691254279534,64.26
HK.01024,快手-W,2025-11-24 00:00:00,64.31,67.86,68.21,64.31,17.898,0.01555,67219569.0,4550737275.0,7.186858316221762,63.31
HK.01024,快手-W,2025-11-25 00:00:00,68.96,69.96,71.06,68.91,18.446,0.01171,50615478.0,3568005517.0,3.0946065428823966,67.86
HK.01024,快手-W,2025-11-26 00:00:00,70.81,67.96,70.81,67.659999999,17.924,0.00722,31216259.0,2159268843.0,-2.858776443682104,69.96
HK.01024,快手-W,2025-11-27 00:00:00,68.26,67.71,69.31,67.21,17.859,0.0057,24638073.0,1693546069.0,-0.3678634490876987,67.96
HK.01024,快手-W,2025-11-28 00:00:00,67.71,67.11,68.21,67.01,17.693,0.00438,18946864.0,1289192691.0,-0.8861320336730089,67.71
HK.01024,快手-W,2025-12-01 00:00:00,67.56,67.659999999,68.41,66.81,17.836,0.00365,15785474.0,1077724029.0,0.8195499910594449,67.11
HK.01024,快手-W,2025-12-02 00:00:00,69.81,68.26,71.26,67.909999999,17.993,0.01076,46497088.0,3263906985.0,0.8867868770453445,67.659999999
HK.01024,快手-W,2025-12-03 00:00:00,67.31,66.71,68.91,66.409999999,17.588,0.00677,29242095.0,1978793351.0,-2.2707295634339455,68.26
HK.01024,快手-W,2025-12-04 00:00:00,66.76,66.81,67.21,65.31,17.614,0.00676,29196862.0,1956204719.0,0.1499025633338458,66.71
HK.01024,快手-W,2025-12-05 00:00:00,66.81,68.51,68.51,65.86,18.058,0.00672,29058269.0,1986571828.0,2.544529262086518,66.81
HK.01024,快手-W,2025-12-08 00:00:00,68.06,67.56,68.81,67.409999999,17.81,0.00475,20534664.0,1407857935.0,-1.386658881915053,68.51
HK.01024,快手-W,2025-12-09 00:00:00,66.81,65.96,67.36,65.61,17.393,0.00585,25274683.0,1686870525.0,-2.3682652457075317,67.56
HK.01024,快手-W,2025-12-10 00:00:00,65.96,66.46,66.659999999,64.81,17.523,0.00468,20220199.0,1344399027.0,0.7580351728320195,65.96
HK.01024,快手-W,2025-12-11 00:00:00,67.159999999,66.06,67.31,65.659999999,17.419,0.00564,24385473.0,1630643697.0,-0.6018657839301709,66.46
HK.01024,快手-W,2025-12-12 00:00:00,67.11,66.76,67.909999999,65.96,17.601,0.00748,32330909.0,2192298940.0,1.0596427490160503,66.06
HK.01024,快手-W,2025-12-15 00:00:00,65.61,63.76,65.71,63.31,16.818,0.00851,36792404.0,2385423946.0,-4.4937088076692735,66.76
HK.01024,快手-W,2025-12-16 00:00:00,63.659999999,63.409999999,63.96,62.31,16.727,0.00502,21674866.0,1380785569.0,-0.5489335021957308,63.76
HK.01024,快手-W,2025-12-17 00:00:00,63.71,64.51,64.86,62.96,17.014,0.0044,19026047.0,1233320200.0,1.734742155838752,63.409999999
HK.01024,快手-W,2025-12-18 00:00:00,63.409999999,64.659999999,64.96,63.36,17.053,0.0035,15134025.0,983327552.0,0.23252208804834573,64.51
HK.01024,快手-W,2025-12-19 00:00:00,65.51,65.61,65.909999999,64.71,17.292,0.00489,21113784.0,1396466048.0,1.4692236328714798,64.659999999
HK.01024,快手-W,2025-12-22 00:00:00,66.159999999,66.01,66.51,65.31,17.396,0.00291,12582187.0,838242926.0,0.6096631611034989,65.61
HK.01024,快手-W,2025-12-23 00:00:00,63.81,63.659999999,64.01,62.01,16.784,0.01397,60345906.0,3854509671.0,-3.560066658082116,66.01
HK.01024,快手-W,2025-12-24 00:00:00,63.659999999,63.909999999,64.21,63.16,16.849,0.00245,10596186.0,681833916.0,0.3927112786740922,63.659999999
HK.01024,快手-W,2025-12-29 00:00:00,64.06,63.11,65.659999999,63.11,16.64,0.00514,22217367.0,1443627879.0,-1.2517602863597532,63.909999999
HK.01024,快手-W,2025-12-30 00:00:00,62.76,63.81,64.06,62.66,16.823,0.00319,13797838.0,886316376.0,1.1091744572967879,63.11
HK.01024,快手-W,2025-12-31 00:00:00,63.11,63.26,63.61,62.61,16.679,0.00249,10738145.0,684339155.0,-0.8619338661651845,63.81
HK.01024,快手-W,2026-01-02 00:00:00,63.16,65.56,66.01,62.91,17.279,0.00404,17459733.0,1150075529.0,3.6357888080935887,63.26
HK.01024,快手-W,2026-01-05 00:00:00,69.46,72.91,74.56,67.86,19.196,0.03128,135106867.0,9897960793.0,11.211104331909691,65.56
HK.01024,快手-W,2026-01-06 00:00:00,74.16,74.81,76.46,73.51,19.873,0.01252,54590686.0,4139696407.0,2.6059525442326237,72.91
HK.01024,快手-W,2026-01-07 00:00:00,74.81,73.06,75.11,71.81,19.413,0.00956,41694040.0,3069862632.0,-2.339259457291806,74.81
HK.01024,快手-W,2026-01-08 00:00:00,73.06,71.21,73.06,70.06,18.926,0.00813,35450887.0,2539845754.0,-2.532165343553255,73.06
HK.01024,快手-W,2026-01-09 00:00:00,70.56,74.01,74.76,70.56,19.663,0.00913,39815626.0,2958616591.0,3.93203201797502,71.21
HK.01024,快手-W,2026-01-12 00:00:00,75.11,79.56,79.96,75.11,21.123,0.01949,84959451.0,6691150896.0,7.4989866234292615,74.01
HK.01024,快手-W,2026-01-13 00:00:00,80.86,77.76,83.46,76.91,20.65,0.01478,64443100.0,5161552746.0,-2.2624434389140236,79.56
HK.01024,快手-W,2026-01-14 00:00:00,79.31,81.26,83.21,78.86,21.571,0.01634,71249443.0,5842325234.0,4.501028806584362,77.76
HK.01024,快手-W,2026-01-15 00:00:00,81.26,78.86,81.46,77.61,20.939,0.00846,36872005.0,2946790367.0,-2.953482648289448,81.26
HK.01024,快手-W,2026-01-16 00:00:00,80.16,77.66,80.46,76.66,20.623,0.0086,37472974.0,2934089181.0,-1.5216839969566356,78.86
HK.01024,快手-W,2026-01-19 00:00:00,76.46,76.06,77.21,75.31,20.213,0.00565,24646651.0,1887070460.0,-2.0602626834921383,77.66
HK.01024,快手-W,2026-01-20 00:00:00,75.86,75.36,76.91,74.56,20.028,0.00488,21277879.0,1621283514.0,-0.9203260583749708,76.06
HK.01024,快手-W,2026-01-21 00:00:00,74.51,78.11,79.41,74.06,20.753,0.00797,34754820.0,2705136525.0,3.6491507430997876,75.36
HK.01024,快手-W,2026-01-22 00:00:00,79.36,78.41,79.96,77.21,20.832,0.00704,30687098.0,2419455988.0,0.38407374215849077,78.11
HK.01024,快手-W,2026-01-23 00:00:00,79.41,80.56,80.76,78.06,21.409,0.00858,37445685.0,3012629973.0,2.7419971942354366,78.41
HK.01024,快手-W,2026-01-26 00:00:00,80.56,77.91,80.81,76.81,20.711,0.00764,33355337.0,2612228873.0,-3.289473684210533,80.56
HK.01024,快手-W,2026-01-27 00:00:00,78.31,78.11,78.96,77.11,20.764,0.00437,19079456.0,1503757704.0,0.25670645616737625,77.91
HK.01024,快手-W,2026-01-28 00:00:00,78.61,81.61,81.76,78.61,21.686,0.00981,42786278.0,3484924887.0,4.480860325182435,78.11
HK.01024,快手-W,2026-01-29 00:00:00,81.31,82.26,84.51,80.51,21.857,0.00969,42265026.0,3526816614.0,0.7964710207082535,81.61
HK.01024,快手-W,2026-01-30 00:00:00,80.31,79.46,81.01,79.36,21.064,0.00567,24698462.0,1987203565.0,-3.4038414782397415,82.26
HK.01024,快手-W,2026-02-02 00:00:00,78.61,76.31,79.06,75.36,20.236,0.00849,36958786.0,2859296606.0,-3.964258746539129,79.46
HK.01024,快手-W,2026-02-03 00:00:00,77.21,72.76,77.66,70.36,19.303,0.01605,69863157.0,5118234361.0,-4.652077054121343,76.31
HK.01024,快手-W,2026-02-04 00:00:00,71.46,72.46,73.51,70.41,19.224,0.00761,33102956.0,2405092271.0,-0.4123144584936934,72.76
HK.01024,快手-W,2026-02-05 00:00:00,70.81,72.31,72.56,69.86,19.185,0.00831,36182435.0,2597329371.0,-0.20701076455974535,72.46
HK.01024,快手-W,2026-02-06 00:00:00,69.61,70.56,71.46,69.41,18.725,0.00514,22361878.0,1594182557.0,-2.420135527589545,72.31
HK.01024,快手-W,2026-02-09 00:00:00,71.36,68.61,72.66,66.81,18.212,0.0187,81408157.0,5615491002.0,-2.7636054421768748,70.56
HK.01024,快手-W,2026-02-10 00:00:00,69.31,69.71,72.01,69.16,18.501,0.0088,38285514.0,2726087538.0,1.6032648301996713,68.61
HK.01024,快手-W,2026-02-11 00:00:00,70.66,70.21,71.06,69.61,18.633,0.00508,22115145.0,1569037547.0,0.7172572084349449,69.71
HK.01024,快手-W,2026-02-12 00:00:00,70.21,68.86,70.21,67.71,18.278,0.00623,27116566.0,1880850047.0,-1.922803019512882,70.21
HK.01024,快手-W,2026-02-13 00:00:00,67.46,67.76,68.06,67.159999999,17.989,0.00712,31010133.0,2114921521.0,-1.5974440894568607,68.86
HK.01024,快手-W,2026-02-16 00:00:00,67.76,67.71,67.96,65.909999999,17.976,0.00253,10994774.0,743652923.0,-0.07378984651713602,67.76
HK.01024,快手-W,2026-02-20 00:00:00,67.409999999,65.81,67.61,65.46,17.477,0.00418,18191244.0,1213908926.0,-2.8060847732978758,67.71
HK.01024,快手-W,2026-02-23 00:00:00,67.909999999,67.86,68.51,67.159999999,18.015,0.00368,16026815.0,1100853685.0,3.115028111229292,65.81
HK.01024,快手-W,2026-02-24 00:00:00,66.81,65.96,66.86,64.81,17.516,0.00838,36470646.0,2415728219.0,-2.7998821102269464,67.86
HK.01024,快手-W,2026-02-25 00:00:00,66.21,65.659999999,66.909999999,65.31,17.437,0.0059,25693979.0,1710994138.0,-0.45482110521528324,65.96
HK.01024,快手-W,2026-02-26 00:00:00,66.31,62.91,66.56,62.91,16.714,0.01102,47953773.0,3091404864.0,-4.188242459704354,65.659999999
HK.01024,快手-W,2026-02-27 00:00:00,62.91,62.16,63.409999999,61.41,16.517,0.00985,42879063.0,2701375596.0,-1.1921793037672868,62.91
HK.01024,快手-W,2026-03-02 00:00:00,61.06,60.06,61.31,59.36,15.965,0.01096,47704329.0,2898027147.0,-3.3783783783783696,62.16
HK.01024,快手-W,2026-03-03 00:00:00,60.56,59.56,61.11,59.21,15.834,0.00801,34870591.0,2115554259.0,-0.8325008325008324,60.06
HK.01024,快手-W,2026-03-04 00:00:00,58.76,58.86,59.56,57.21,15.65,0.00934,40670155.0,2404026948.0,-1.1752854264607167,59.56
HK.01024,快手-W,2026-03-05 00:00:00,60.16,58.91,60.86,58.51,15.667,0.00653,28402081.0,1711815238.0,0.08494733265374985,58.86
HK.01024,快手-W,2026-03-06 00:00:00,58.61,60.76,61.01,58.51,16.154,0.00817,35578752.0,2171929413.0,3.140383636055002,58.91
HK.01024,快手-W,2026-03-09 00:00:00,57.36,59.86,60.11,57.31,15.917,0.00804,34975196.0,2088284026.0,-1.4812376563528615,60.76
HK.01024,快手-W,2026-03-10 00:00:00,61.61,60.71,61.96,59.91,16.14,0.00774,33703532.0,2068376215.0,1.4199799532241921,59.86
HK.01024,快手-W,2026-03-11 00:00:00,61.51,60.16,61.81,60.06,15.996,0.00526,22914593.0,1402809438.0,-0.9059463020919194,60.71
HK.01024,快手-W,2026-03-12 00:00:00,59.31,59.51,60.21,58.51,15.825,0.00433,18845973.0,1129342739.0,-1.0804521276595722,60.16
HK.01024,快手-W,2026-03-13 00:00:00,58.86,58.46,59.76,58.26,15.549,0.00499,21726887.0,1294260813.0,-1.7644093429675638,59.51
HK.01024,快手-W,2026-03-16 00:00:00,58.21,59.31,59.71,57.56,15.772,0.00591,25723198.0,1536178786.0,1.4539856312008235,58.46
HK.01024,快手-W,2026-03-17 00:00:00,59.71,59.16,61.11,58.91,15.733,0.00578,25172006.0,1530134153.0,-0.25290844714214417,59.31
HK.01024,快手-W,2026-03-18 00:00:00,59.31,58.31,59.51,57.86,15.509,0.0069,30042411.0,1775584308.0,-1.4367816091953927,59.16
HK.01024,快手-W,2026-03-19 00:00:00,56.31,54.66,56.51,54.36,14.55,0.01532,66666228.0,3723215265.0,-6.259646715829198,58.31
HK.01024,快手-W,2026-03-20 00:00:00,54.56,53.11,54.66,52.51,14.143,0.01099,47849082.0,2583363137.0,-2.835711672155136,54.66
HK.01024,快手-W,2026-03-23 00:00:00,51.61,51.01,52.41,50.31,13.59,0.01162,50563711.0,2622598812.0,-3.954057616268126,53.11
HK.01024,快手-W,2026-03-24 00:00:00,52.31,52.11,52.51,50.76,13.88,0.00889,38677919.0,2025846987.0,2.1564399137424064,51.01
HK.01024,快手-W,2026-03-25 00:00:00,53.06,52.36,53.66,51.36,11.203,0.01006,43780312.0,2322779503.0,0.4797543657647284,52.11
HK.01024,快手-W,2026-03-26 00:00:00,47.21,44.91,48.21,44.45,9.63,0.04542,197726011.0,9103750737.0,-14.228418640183351,52.36
HK.01024,快手-W,2026-03-27 00:00:00,44.31,45.39,45.91,44.11,9.731,0.01408,61294784.0,2822478875.0,1.0688042752171099,44.91
HK.01024,快手-W,2026-03-30 00:00:00,44.31,44.33,44.59,43.51,9.507,0.01154,50219454.0,2244910183.0,-2.3353161489314878,45.39
HK.01024,快手-W,2026-03-31 00:00:00,44.77,44.43,45.43,43.91,9.529,0.00814,35425207.0,1600158694.0,0.22558087074216426,44.33
HK.01024,快手-W,2026-04-01 00:00:00,46.11,45.51,46.29,45.19,9.757,0.00988,42990782.0,1991195036.0,2.4307900067521904,44.43
HK.01024,快手-W,2026-04-02 00:00:00,45.11,44.21,45.37,43.91,9.482,0.0078,33975607.0,1527154046.0,-2.856515051636997,45.51
HK.01024,快手-W,2026-04-08 00:00:00,45.51,46.01,47.47,44.99,9.862,0.02452,106727734.0,4983043278.0,4.071477041393344,44.21
HK.01024,快手-W,2026-04-09 00:00:00,44.83,44.33,45.11,44.11,9.507,0.01454,63319657.0,2855743117.0,-3.651380134753314,46.01
HK.01024,快手-W,2026-04-10 00:00:00,44.33,44.45,45.65,44.33,9.533,0.01045,45499769.0,2072309176.0,0.27069704489060353,44.33
HK.01024,快手-W,2026-04-13 00:00:00,44.31,43.85,44.45,43.55,9.408,0.00559,24317141.0,1082808242.0,-1.3498312710911167,44.45
HK.01024,快手-W,2026-04-14 00:00:00,44.41,43.95,44.75,43.53,9.429,0.0064,27851234.0,1246875927.0,0.2280501710376315,43.85
HK.01024,快手-W,2026-04-15 00:00:00,44.81,44.97,46.19,44.75,9.628,0.01052,45746938.0,2105984689.0,2.320819112627977,43.95
HK.01024,快手-W,2026-04-16 00:00:00,45.51,46.37,46.37,45.47,9.924,0.00973,42302125.0,1975055872.0,3.113186568823657,44.97
HK.01024,快手-W,2026-04-17 00:00:00,46.15,45.77,46.49,45.39,9.797,0.00631,27409685.0,1273701218.0,-1.2939400474444562,46.37
HK.01024,快手-W,2026-04-20 00:00:00,45.97,46.29,46.75,45.39,9.907,0.00822,35725043.0,1679386916.0,1.1361153594057154,45.77
HK.01024,快手-W,2026-04-21 00:00:00,46.29,45.69,46.29,45.37,9.78,0.00549,23869543.0,1105671439.0,-1.2961762799740797,46.29
HK.01024,快手-W,2026-04-22 00:00:00,45.31,44.65,45.31,44.15,9.561,0.00871,37879378.0,1711233756.0,-2.2762092361567063,45.69
HK.01024,快手-W,2026-04-23 00:00:00,44.53,43.45,44.55,43.33,9.308,0.0103,44784113.0,1983765105.0,-2.687569988801782,44.65
HK.01024,快手-W,2026-04-24 00:00:00,42.93,43.01,43.19,42.25,9.217,0.00867,37674070.0,1635543461.0,-1.0126582278481124,43.45
HK.01024,快手-W,2026-04-27 00:00:00,43.01,42.95,43.57,42.63,9.204,0.00934,40606465.0,1773263967.0,-0.1395024412927114,43.01
HK.01024,快手-W,2026-04-28 00:00:00,42.87,41.59,42.87,41.23,8.917,0.01007,43762993.0,1856873465.0,-3.1664726426076815,42.95
HK.01024,快手-W,2026-04-29 00:00:00,42.35,42.83,43.01,41.63,9.179,0.00869,37779763.0,1628294755.0,2.981485934118766,41.59
HK.01024,快手-W,2026-04-30 00:00:00,41.99,42.21,42.53,41.79,9.048,0.00592,25714098.0,1100532643.0,-1.4475834695306968,42.83
HK.01024,快手-W,2026-05-04 00:00:00,43.01,43.77,44.43,42.99,9.377,0.00701,30482525.0,1357910609.0,3.6958066808813133,42.21
HK.01024,快手-W,2026-05-05 00:00:00,43.31,43.49,43.63,42.63,9.318,0.00331,14373316.0,629980669.0,-0.6397075622572564,43.77
HK.01024,快手-W,2026-05-06 00:00:00,43.49,44.31,44.77,42.31,9.491,0.01362,59213188.0,2643831688.0,1.8854909174522885,43.49
HK.01024,快手-W,2026-05-07 00:00:00,46.65,47.71,48.11,46.37,10.208,0.02776,120676204.0,5819941655.0,7.673211464680656,44.31
HK.01024,快手-W,2026-05-08 00:00:00,47.31,52.26,53.01,47.13,11.168,0.04049,176026526.0,8997614812.0,9.536784741144407,47.71
HK.01024,快手-W,2026-05-11 00:00:00,52.26,50.91,52.36,49.51,10.883,0.02677,116359467.0,6006308473.0,-2.5832376578645264,52.26
HK.01024,快手-W,2026-05-12 00:00:00,56.01,51.91,56.71,51.91,11.094,0.03491,151743764.0,8288691208.0,1.9642506383814575,50.91
HK.01024,快手-W,2026-05-13 00:00:00,51.91,50.91,51.91,49.81,10.883,0.01593,69261813.0,3555470400.0,-1.9264110961279137,51.91
HK.01024,快手-W,2026-05-14 00:00:00,53.41,50.16,53.71,49.86,10.725,0.01408,61207264.0,3169512818.0,-1.4731879787860933,50.91
HK.01024,快手-W,2026-05-15 00:00:00,50.06,48.65,50.06,48.09,10.382,0.01165,50533425.0,2505114852.0,-3.010366826156296,50.16
HK.01024,快手-W,2026-05-18 00:00:00,47.49,47.99,48.39,47.21,10.244,0.0076,32951327.0,1595502484.0,-1.3566289825282563,48.65
HK.01024,快手-W,2026-05-19 00:00:00,47.81,48.19,48.85,47.31,10.286,0.00734,31824580.0,1559791947.0,0.41675349031047243,47.99
HK.01024,快手-W,2026-05-20 00:00:00,47.55,46.99,47.89,46.49,10.033,0.00933,40483418.0,1927215141.0,-2.490143183233027,48.19
HK.01024,快手-W,2026-05-21 00:00:00,47.21,44.29,47.29,44.01,9.465,0.01615,70060700.0,3202923374.0,-5.745903383698665,46.99
HK.01024,快手-W,2026-05-22 00:00:00,44.81,44.95,45.67,44.21,9.604,0.00747,32412208.0,1479086110.0,1.4901783698351856,44.29
HK.01024,快手-W,2026-05-26 00:00:00,45.11,45.11,45.79,43.21,9.638,0.01377,59740303.0,2719345860.0,0.3559510567296921,44.95
HK.01024,快手-W,2026-05-27 00:00:00,45.27,44.59,46.01,44.35,9.528,0.00695,30128956.0,1372095818.0,-1.1527377521613746,45.11
HK.01024,快手-W,2026-05-28 00:00:00,43.77,44.19,45.55,43.11,9.444,0.01513,65618843.0,2950191501.0,-0.8970621215519302,44.59
HK.01024,快手-W,2026-05-29 00:00:00,44.81,44.85,46.73,43.33,9.583,0.02127,92263044.0,4226341538.0,1.4935505770536406,44.19
HK.01024,快手-W,2026-06-01 00:00:00,45.47,45.85,47.11,45.11,9.793,0.01317,57139966.0,2664285437.0,2.229654403567447,44.85
HK.01024,快手-W,2026-06-02 00:00:00,45.85,48.29,48.41,45.33,10.307,0.01987,86192086.0,4160928480.0,5.32170119956379,45.85
HK.01024,快手-W,2026-06-03 00:00:00,47.71,46.05,47.71,45.67,9.835,0.01401,60746131.0,2851262180.0,-4.638641540691659,48.29
HK.01024,快手-W,2026-06-04 00:00:00,45.81,46.25,46.63,45.23,9.877,0.01203,52175062.0,2437411845.0,0.4343105320304079,46.05
HK.01024,快手-W,2026-06-05 00:00:00,46.39,46.17,46.75,45.45,9.861,0.01079,46782307.0,2193626569.0,-0.1729729729729693,46.25
HK.01024,快手-W,2026-06-08 00:00:00,44.51,43.45,45.11,42.99,9.288,0.01589,68925057.0,3079671480.0,-5.891271388347409,46.17
HK.01024,快手-W,2026-06-09 00:00:00,42.89,43.65,44.37,42.89,9.33,0.00847,36735664.0,1633499538.0,0.4602991944763999,43.45
HK.01024,快手-W,2026-06-10 00:00:00,44.23,45.33,45.89,43.79,9.684,0.01279,55473572.0,2547985184.0,3.848797250859106,43.65
HK.01024,快手-W,2026-06-11 00:00:00,46.19,44.95,47.39,44.27,9.604,0.0114,49459518.0,2276326509.0,-0.8382969335980487,45.33
HK.01024,快手-W,2026-06-12 00:00:00,45.47,45.19,46.37,44.85,9.654,0.00978,42401617.0,1955682810.0,0.5339265850945382,44.95
HK.01024,快手-W,2026-06-15 00:00:00,46.11,45.55,46.27,45.09,9.73,0.00508,22031269.0,1022521812.0,0.7966364239876067,45.19
HK.01024,快手-W,2026-06-16 00:00:00,45.31,43.75,45.31,43.39,9.351,0.00824,35741225.0,1591893336.0,-3.9517014270032873,45.55
HK.01024,快手-W,2026-06-17 00:00:00,43.97,47.01,47.71,43.63,10.037,0.01772,76851194.0,3611261315.0,7.4514285714285675,43.75
HK.01024,快手-W,2026-06-18 00:00:00,46.31,46.55,47.95,46.01,9.916,0.01512,65426672.0,3105648425.0,-0.978515209529889,47.01
HK.01024,快手-W,2026-06-22 00:00:00,46.21,44.83,46.51,44.71,9.554,0.01036,44809494.0,2064825363.0,-3.6949516648764744,46.55
HK.01024,快手-W,2026-06-23 00:00:00,44.83,42.53,45.05,42.45,9.072,0.01124,48631069.0,2130938835.0,-5.13049297345527,44.83
HK.01024,快手-W,2026-06-24 00:00:00,42.53,42.23,43.37,41.65,9.009,0.00957,41404970.0,1787485627.0,-0.7053844345168216,42.53
HK.01024,快手-W,2026-06-25 00:00:00,42.07,41.47,42.29,40.69,8.849,0.00809,35024837.0,1472312023.0,-1.7996684821217097,42.23
HK.01024,快手-W,2026-06-26 00:00:00,40.99,40.19,41.29,39.91,8.581,0.01177,50942375.0,2089037696.0,-3.0865686038099858,41.47
HK.01024,快手-W,2026-06-29 00:00:00,41.0,41.0,42.18,40.38,8.606,0.00828,35817124.0,1479994532.0,2.015426723065445,40.19
HK.01024,快手-W,2026-06-30 00:00:00,41.0,41.6,42.26,39.72,8.732,0.01297,56110661.0,2296132154.0,1.4634146341463448,41.0
HK.01024,快手-W,2026-07-02 00:00:00,43.16,42.64,44.9,42.44,8.95,0.01262,54587338.0,2366566563.0,2.499999999999998,41.6
HK.01024,快手-W,2026-07-03 00:00:00,45.3,42.6,45.58,41.52,8.942,0.02204,95345163.0,4134365065.0,-0.09380863039399424,42.64
HK.01024,快手-W,2026-07-06 00:00:00,42.96,46.0,46.18,42.12,9.655,0.02026,87680557.0,3940526839.0,7.9812206572769915,42.6
HK.01024,快手-W,2026-07-07 00:00:00,43.26,40.46,43.86,40.02,8.492,0.10443,451841317.0,19273964528.0,-12.043478260869565,46.0
HK.01024,快手-W,2026-07-08 00:00:00,40.48,43.98,44.6,39.96,9.262,0.03388,147081538.0,6332736116.0,8.69995056846267,40.46
HK.01024,快手-W,2026-07-09 00:00:00,43.8,42.1,44.44,42.02,8.866,0.01653,71767191.0,3069783706.0,-4.274670304683937,43.98
HK.01024,快手-W,2026-07-10 00:00:00,42.72,43.04,44.18,42.4,9.064,0.01229,53347938.0,2307433437.0,2.232779097387168,42.1
HK.01024,快手-W,2026-07-13 00:00:00,43.08,43.6,44.52,42.7,9.182,0.01623,70461507.0,3085243151.0,1.301115241635693,43.04
HK.01024,快手-W,2026-07-14 00:00:00,43.86,43.8,45.06,42.4,9.224,0.02145,93126177.0,4098205878.0,0.45871559633026543,43.6
HK.01024,快手-W,2026-07-15 00:00:00,44.16,44.7,45.36,43.66,9.414,0.01493,64812032.0,2894258385.0,2.0547945205479583,43.8
HK.01024,快手-W,2026-07-16 00:00:00,45.18,46.92,48.18,45.18,9.882,0.03253,141243407.0,6660874902.0,4.966442953020132,44.7
HK.01024,快手-W,2026-07-17 00:00:00,47.18,43.28,47.4,43.06,9.115,0.01926,83630638.0,3695660139.0,-7.7578857630008535,46.92
HK.01024,快手-W,2026-07-20 00:00:00,44.44,45.26,45.64,44.34,9.532,0.01004,43582340.0,1964875006.0,4.574861367837331,43.28
HK.01024,快手-W,2026-07-21 00:00:00,44.8,45.1,45.88,44.66,9.498,0.00688,29856516.0,1347519853.0,-0.3535130357931873,45.26
HK.01024,快手-W,2026-07-22 00:00:00,44.6,42.7,44.6,42.1,8.993,0.01579,68534115.0,2947450646.0,-5.321507760532147,45.1
HK.01024,快手-W,2026-07-23 00:00:00,42.62,43.08,43.34,42.08,9.073,0.00613,26618712.0,1144620346.0,0.8899297423887481,42.7
HK.01024,快手-W,2026-07-24 00:00:00,42.0,42.1,42.14,41.36,8.866,0.00666,28934610.0,1209008211.0,-2.274837511606307,43.08
HK.01024,快手-W,2026-07-27 00:00:00,42.18,42.66,43.44,41.86,8.954,0.00636,27500609.0,1178820387.0,1.3301662707838364,42.1
HK.01024,快手-W,2026-07-28 00:00:00,42.84,42.34,43.12,41.5,8.887,0.00606,26226403.0,1108918508.0,-0.7501172058133925,42.66
HK.01024,快手-W,2026-07-29 00:00:00,42.66,42.8,43.26,42.12,8.984,0.00999,43220249.0,1846803605.0,1.0864430798299332,42.34
HK.01024,快手-W,2026-07-30 00:00:00,43.2,42.94,44.2,42.68,9.013,0.00876,37884770.0,1637092388.0,0.3271028037383191,42.8
HK.01024,快手-W,2026-07-31 00:00:00,43.0,43.7,44.44,42.54,9.172,0.01044,45160299.0,1968942855.0,1.7699115044247908,42.94
HK.01024,快手-W,2026-08-03 00:00:00,44.18,45.02,45.58,43.64,9.45,0.00986,42666995.0,1918707400.0,3.0205949656750577,43.7
HK.01024,快手-W,2026-08-04 00:00:00,45.14,45.52,45.88,44.0,9.554,0.00947,40959210.0,1838566669.0,1.1106175033318524,45.02
HK.01024,快手-W,2026-08-05 00:00:00,45.56,45.48,46.28,44.9,9.546,0.00767,33205906.0,1511422297.0,-0.08787346221442498,45.52
HK.01024,快手-W,2026-08-06 00:00:00,44.98,44.24,45.52,44.04,9.286,0.00749,32397693.0,1444514513.0,-2.7264731750219764,45.48
HK.01024,快手-W,2026-08-07 00:00:00,44.2,44.18,45.0,43.72,9.273,0.00541,23414357.0,1036184015.0,-0.13562386980109012,44.24
HK.01024,快手-W,2026-08-10 00:00:00,44.52,44.32,44.94,43.8,9.303,0.00505,21862682.0,969445032.0,0.3168854685378012,44.18
HK.01024,快手-W,2026-08-11 00:00:00,44.4,42.64,44.42,42.38,8.95,0.01032,44645983.0,1920864324.0,-3.7906137184115516,44.32
HK.01024,快手-W,2026-08-12 00:00:00,42.46,41.54,42.46,41.38,8.719,0.01089,47119678.0,1962797846.0,-2.5797373358349,42.64
HK.01024,快手-W,2026-08-13 00:00:00,41.4,40.82,41.52,40.66,8.568,0.00869,37601319.0,1543625523.0,-1.7332691381800647,41.54
HK.01024,快手-W,2026-08-14 00:00:00,40.8,40.06,40.82,40.0,8.408,0.01083,46867792.0,1885116793.0,-1.8618324350808377,40.82
HK.01024,快手-W,2026-08-17 00:00:00,40.5,40.08,40.6,39.6,8.413,0.00986,42639971.0,1710772775.0,0.049925112331492806,40.06
HK.01024,快手-W,2026-08-18 00:00:00,40.08,39.38,40.24,38.12,8.266,0.01622,70189209.0,2736405147.0,-1.7465069860279336,40.08
HK.01024,快手-W,2026-08-19 00:00:00,38.84,37.8,38.86,37.42,7.934,0.01913,82788886.0,3142240576.0,-4.012188928390059,39.38
HK.01024,快手-W,2026-08-20 00:00:00,36.0,33.64,36.02,33.2,7.061,0.05766,249499220.0,8436433472.0,-11.005291005290998,37.8
HK.01024,快手-W,2026-08-21 00:00:00,33.66,34.42,34.52,33.42,7.225,0.02124,91903282.0,3124198233.0,2.3186682520808595,33.64
