code,name,time_key,open,close,high,low,pe_ratio,turnover_rate,volume,turnover,change_rate,last_close
HK.01071,华电国际电力股份,2018-01-02 00:00:00,1.12507,1.16507,1.17507,1.11507,8.21,0.00574,9854000.0,28306600.0,4.484023424538374,1.11507
HK.01071,华电国际电力股份,2018-01-03 00:00:00,1.17507,1.17507,1.18507,1.15507,8.238,0.00513,8816532.0,25554203.0,0.8583175259855639,1.16507
HK.01071,华电国际电力股份,2018-01-04 00:00:00,1.17507,1.19507,1.20507,1.16507,8.295,0.00659,11315412.0,32950390.0,1.7020262622652282,1.17507
HK.01071,华电国际电力股份,2018-01-05 00:00:00,1.20507,1.22507,1.25507,1.17507,8.38,0.01027,17630000.0,51752930.0,2.5103132034106808,1.19507
HK.01071,华电国际电力股份,2018-01-08 00:00:00,1.22507,1.22507,1.25507,1.19507,8.38,0.00684,11748000.0,34601720.0,0.0,1.22507
HK.01071,华电国际电力股份,2018-01-09 00:00:00,1.23507,1.20507,1.23507,1.20507,8.323,0.00314,5386000.0,15836420.0,-1.632559772094657,1.22507
HK.01071,华电国际电力股份,2018-01-10 00:00:00,1.22507,1.20507,1.22507,1.16507,8.323,0.00609,10464000.0,30457754.0,0.0,1.20507
HK.01071,华电国际电力股份,2018-01-11 00:00:00,1.18507,1.18507,1.21507,1.17507,8.267,0.00442,7587457.0,22181549.0,-1.6596546258723575,1.20507
HK.01071,华电国际电力股份,2018-01-12 00:00:00,1.19507,1.19507,1.21507,1.17507,8.295,0.00786,13490000.0,39272850.0,0.8438320099234651,1.18507
HK.01071,华电国际电力股份,2018-01-15 00:00:00,1.20507,1.15507,1.20507,1.12507,8.181,0.00771,13237710.0,38290447.0,-3.3470842712142415,1.19507
HK.01071,华电国际电力股份,2018-01-16 00:00:00,1.15507,1.14507,1.16507,1.10507,8.153,0.00437,7502000.0,21501850.0,-0.8657483962010968,1.15507
HK.01071,华电国际电力股份,2018-01-17 00:00:00,1.15507,1.18507,1.18507,1.15507,8.267,0.00519,8913000.0,25755940.0,3.4932362213663826,1.14507
HK.01071,华电国际电力股份,2018-01-18 00:00:00,1.20507,1.23507,1.28507,1.20507,8.409,0.00871,14957000.0,44523700.0,4.219160049617307,1.18507
HK.01071,华电国际电力股份,2018-01-19 00:00:00,1.23507,1.28507,1.28507,1.22507,8.551,0.00432,7414000.0,22221240.0,4.048353534617475,1.23507
HK.01071,华电国际电力股份,2018-01-22 00:00:00,1.26507,1.30507,1.30507,1.26507,8.607,0.00411,7062000.0,21282160.0,1.5563354525434427,1.28507
HK.01071,华电国际电力股份,2018-01-23 00:00:00,1.29507,1.28507,1.30507,1.22507,8.551,0.00844,14500000.0,43232800.0,-1.5324848475560713,1.30507
HK.01071,华电国际电力股份,2018-01-24 00:00:00,1.27507,1.28507,1.29507,1.25507,8.551,0.00815,13992780.0,42045177.0,0.0,1.28507
HK.01071,华电国际电力股份,2018-01-25 00:00:00,1.28507,1.30507,1.35507,1.28507,8.607,0.0072,12358000.0,37622780.0,1.5563354525434427,1.28507
HK.01071,华电国际电力股份,2018-01-26 00:00:00,1.30507,1.36507,1.39507,1.30507,8.778,0.00767,13166000.0,40521320.0,4.597454542668214,1.30507
HK.01071,华电国际电力股份,2018-01-29 00:00:00,1.36507,1.32507,1.37507,1.30507,8.664,0.00914,15700000.0,48027430.0,-2.9302526610357003,1.36507
HK.01071,华电国际电力股份,2018-01-30 00:00:00,1.31507,1.31507,1.36507,1.28507,8.636,0.00469,8046000.0,24509640.0,-0.7546771113978892,1.32507
HK.01071,华电国际电力股份,2018-01-31 00:00:00,1.26507,1.24507,1.27507,1.17507,8.437,0.01633,28038000.0,82680890.0,-5.3229105674983135,1.31507
HK.01071,华电国际电力股份,2018-02-01 00:00:00,1.24507,1.22507,1.25507,1.19507,8.38,0.00533,9151702.0,26932731.0,-1.6063353867653865,1.24507
HK.01071,华电国际电力股份,2018-02-02 00:00:00,1.22507,1.22507,1.22507,1.17507,8.38,0.00491,8424000.0,24704384.0,0.0,1.22507
HK.01071,华电国际电力股份,2018-02-05 00:00:00,1.19507,1.19507,1.20507,1.12507,8.295,0.00805,13824624.0,39905484.0,-2.448839658141986,1.22507
HK.01071,华电国际电力股份,2018-02-06 00:00:00,1.15507,1.05507,1.15507,1.04507,7.897,0.01266,21742000.0,61007660.0,-11.714794949249844,1.19507
HK.01071,华电国际电力股份,2018-02-07 00:00:00,1.10507,0.99507,1.11507,0.99507,7.727,0.01071,18396000.0,50887400.0,-5.68682646649037,1.05507
HK.01071,华电国际电力股份,2018-02-08 00:00:00,1.01507,1.01507,1.02507,0.98507,7.784,0.00468,8038000.0,21951520.0,2.0099088506336145,0.99507
HK.01071,华电国际电力股份,2018-02-09 00:00:00,0.96507,0.89507,0.96507,0.82507,7.443,0.01859,31921200.0,82785630.0,-11.821844798880855,1.01507
HK.01071,华电国际电力股份,2018-02-12 00:00:00,0.89507,0.87507,0.90507,0.86507,7.386,0.00678,11646000.0,30433470.0,-2.2344621091087866,0.89507
HK.01071,华电国际电力股份,2018-02-13 00:00:00,0.89507,0.91507,0.94507,0.88507,7.5,0.0035,6015921.0,15912670.0,4.571062886397663,0.87507
HK.01071,华电国际电力股份,2018-02-14 00:00:00,0.93507,0.93507,0.93507,0.87507,7.556,0.00189,3250000.0,8547560.0,2.18562514343164,0.91507
HK.01071,华电国际电力股份,2018-02-15 00:00:00,0.93507,0.97507,0.97507,0.92507,7.67,0.00077,1317456.0,3527817.0,4.2777546066069965,0.93507
HK.01071,华电国际电力股份,2018-02-20 00:00:00,0.98507,0.97507,0.99507,0.93507,7.67,0.00474,8147864.0,21926490.0,0.0,0.97507
HK.01071,华电国际电力股份,2018-02-21 00:00:00,0.98507,0.98507,0.98507,0.92507,7.698,0.00518,8902888.0,23838099.0,1.025567395161374,0.97507
HK.01071,华电国际电力股份,2018-02-22 00:00:00,0.96507,0.92507,0.96507,0.91507,7.528,0.0076,13057600.0,34705064.0,-6.090937699858898,0.98507
HK.01071,华电国际电力股份,2018-02-23 00:00:00,0.93507,1.00507,1.00507,0.92507,7.755,0.00778,13355205.0,36133373.0,8.64799420584388,0.92507
HK.01071,华电国际电力股份,2018-02-26 00:00:00,1.00507,1.02507,1.02507,0.98507,7.812,0.00663,11383078.0,31120847.0,1.9899111504671336,1.00507
HK.01071,华电国际电力股份,2018-02-27 00:00:00,1.02507,1.03507,1.04507,0.97507,7.84,0.00569,9772919.0,26759167.0,0.9755431336396548,1.02507
HK.01071,华电国际电力股份,2018-02-28 00:00:00,1.01507,1.01507,1.03507,0.96507,7.784,0.00651,11179550.0,30396264.0,-1.9322364670988454,1.03507
HK.01071,华电国际电力股份,2018-03-01 00:00:00,0.97507,1.05507,1.05507,0.97507,7.897,0.00623,10701290.0,29414107.0,3.940614932960292,1.01507
HK.01071,华电国际电力股份,2018-03-02 00:00:00,1.03507,1.07507,1.13507,1.02507,7.954,0.01192,20466000.0,57692880.0,1.8956088221634602,1.05507
HK.01071,华电国际电力股份,2018-03-05 00:00:00,1.07507,1.06507,1.12507,1.04507,7.926,0.00535,9192000.0,25755640.0,-0.9301719888007302,1.07507
HK.01071,华电国际电力股份,2018-03-06 00:00:00,1.07507,1.07507,1.09507,1.01507,7.954,0.00569,9766000.0,27152320.0,0.9389054240566356,1.06507
HK.01071,华电国际电力股份,2018-03-07 00:00:00,1.03507,1.05507,1.08507,1.03507,7.897,0.00514,8818000.0,24632020.0,-1.8603439776014603,1.07507
HK.01071,华电国际电力股份,2018-03-08 00:00:00,1.06507,1.15507,1.19507,1.05507,8.181,0.01523,26160000.0,75283400.0,9.4780441108173,1.05507
HK.01071,华电国际电力股份,2018-03-09 00:00:00,1.20507,1.16507,1.20507,1.10507,8.21,0.0045,7729100.0,22155079.0,0.8657483962010968,1.15507
HK.01071,华电国际电力股份,2018-03-12 00:00:00,1.17507,1.16507,1.18507,1.13507,8.21,0.00375,6442000.0,18558930.0,0.0,1.16507
HK.01071,华电国际电力股份,2018-03-13 00:00:00,1.18507,1.17507,1.18507,1.13507,8.238,0.0041,7043719.0,20281310.0,0.8583175259855639,1.16507
HK.01071,华电国际电力股份,2018-03-14 00:00:00,1.13507,1.15507,1.18507,1.11507,8.181,0.00434,7450000.0,21455200.0,-1.7020262622652282,1.17507
HK.01071,华电国际电力股份,2018-03-15 00:00:00,1.13507,1.15507,1.17507,1.12507,8.181,0.00336,5772000.0,16620520.0,0.0,1.15507
HK.01071,华电国际电力股份,2018-03-16 00:00:00,1.17507,1.11507,1.17507,1.10507,8.068,0.01308,22456523.0,63915914.0,-3.462993584804387,1.15507
HK.01071,华电国际电力股份,2018-03-19 00:00:00,1.13507,1.13507,1.16507,1.09507,8.125,0.00434,7449018.0,21364701.0,1.7936093698153495,1.11507
HK.01071,华电国际电力股份,2018-03-20 00:00:00,1.14507,1.19507,1.21507,1.13507,8.295,0.00427,7326000.0,21313780.0,5.286017602438621,1.13507
HK.01071,华电国际电力股份,2018-03-21 00:00:00,1.17507,1.12507,1.19507,1.10507,8.096,0.00561,9633000.0,27561090.0,-5.857397474624922,1.19507
HK.01071,华电国际电力股份,2018-03-22 00:00:00,1.14507,1.09507,1.14507,1.08507,7.966,0.00295,5074000.0,14365540.0,-2.6665007510643806,1.12507
HK.01071,华电国际电力股份,2018-03-23 00:00:00,1.05507,1.08507,1.10507,1.02507,7.937,0.00469,8062000.0,22451900.0,-0.9131836320965792,1.09507
HK.01071,华电国际电力股份,2018-03-26 00:00:00,1.05507,1.09507,1.11507,0.97507,7.966,0.00361,6197900.0,17215697.0,0.9215995281410424,1.08507
HK.01071,华电国际电力股份,2018-03-27 00:00:00,1.09507,1.16507,1.21507,1.09507,8.163,0.00823,14138000.0,41065998.0,6.3922854246760545,1.09507
HK.01071,华电国际电力股份,2018-03-28 00:00:00,1.19507,1.25507,1.31507,1.15507,56.226,0.01908,32763308.0,98173429.0,7.7248577338700555,1.16507
HK.01071,华电国际电力股份,2018-03-29 00:00:00,1.25507,1.29507,1.31507,1.25507,56.981,0.01225,21028139.0,63099378.0,3.1870732309751673,1.25507
HK.01071,华电国际电力股份,2018-04-03 00:00:00,1.26507,1.31507,1.31507,1.25507,57.358,0.00713,12250000.0,36849480.0,1.5443180677492352,1.29507
HK.01071,华电国际电力股份,2018-04-04 00:00:00,1.33507,1.28507,1.33507,1.26507,56.792,0.00523,8982000.0,27091180.0,-2.281247386070705,1.31507
HK.01071,华电国际电力股份,2018-04-06 00:00:00,1.29507,1.28507,1.29507,1.26507,56.792,0.00199,3420000.0,10297960.0,0.0,1.28507
HK.01071,华电国际电力股份,2018-04-09 00:00:00,1.26507,1.25507,1.27507,1.19507,56.226,0.01133,19462000.0,57631140.0,-2.334503178815164,1.28507
HK.01071,华电国际电力股份,2018-04-10 00:00:00,1.27507,1.24507,1.27507,1.21507,56.037,0.00683,11734000.0,34739080.0,-0.7967683077437918,1.25507
HK.01071,华电国际电力股份,2018-04-11 00:00:00,1.24507,1.29507,1.32507,1.24507,56.981,0.01047,17972910.0,54115733.0,4.015838466913511,1.24507
HK.01071,华电国际电力股份,2018-04-12 00:00:00,1.29507,1.25507,1.29507,1.22507,56.226,0.00198,3406000.0,10121800.0,-3.0886361354984704,1.29507
HK.01071,华电国际电力股份,2018-04-13 00:00:00,1.27507,1.26507,1.30507,1.25507,56.415,0.00188,3236000.0,9691580.0,0.7967683077437918,1.25507
HK.01071,华电国际电力股份,2018-04-16 00:00:00,1.28507,1.24507,1.28507,1.22507,56.037,0.00302,5186000.0,15383660.0,-1.5809401851280973,1.26507
HK.01071,华电国际电力股份,2018-04-17 00:00:00,1.25507,1.28507,1.32507,1.22507,56.792,0.00909,15610014.0,47037892.0,3.2126707735308084,1.24507
HK.01071,华电国际电力股份,2018-04-18 00:00:00,1.31507,1.32507,1.35507,1.28507,57.547,0.00795,13652000.0,41556230.0,3.1126709050868855,1.28507
HK.01071,华电国际电力股份,2018-04-19 00:00:00,1.36507,1.35507,1.36507,1.31507,58.113,0.00339,5828000.0,17869880.0,2.264031334193667,1.32507
HK.01071,华电国际电力股份,2018-04-20 00:00:00,1.36507,1.31507,1.36507,1.30507,57.358,0.00223,3822000.0,11656520.0,-2.9518770248031494,1.35507
HK.01071,华电国际电力股份,2018-04-23 00:00:00,1.31507,1.25507,1.31507,1.20507,56.226,0.00488,8382000.0,25019690.0,-4.56249477214141,1.31507
HK.01071,华电国际电力股份,2018-04-24 00:00:00,1.26507,1.32507,1.36507,1.23507,57.547,0.00641,11006000.0,33600100.0,5.577378154206544,1.25507
HK.01071,华电国际电力股份,2018-04-25 00:00:00,1.34507,1.38507,1.39507,1.32507,58.679,0.00575,9880228.0,30505133.0,4.528062668387334,1.32507
HK.01071,华电国际电力股份,2018-04-26 00:00:00,1.39507,1.31507,1.39507,1.29507,57.358,0.00203,3494000.0,10670880.0,-5.053896192972201,1.38507
HK.01071,华电国际电力股份,2018-04-27 00:00:00,1.34507,1.35507,1.37507,1.31507,58.113,0.00143,2447772.0,7509280.0,3.0416631814276074,1.31507
HK.01071,华电国际电力股份,2018-04-30 00:00:00,1.42507,1.47507,1.51507,1.42507,60.377,0.00672,11536000.0,36917610.0,8.855631074409448,1.35507
HK.01071,华电国际电力股份,2018-05-02 00:00:00,1.48507,1.62507,1.63507,1.47507,63.207,0.01552,26656000.0,88103906.0,10.169008928389832,1.47507
HK.01071,华电国际电力股份,2018-05-03 00:00:00,1.62507,1.56507,1.62507,1.54507,62.075,0.00605,10382932.0,34300442.0,-3.6921486459044877,1.62507
HK.01071,华电国际电力股份,2018-05-04 00:00:00,1.58507,1.55507,1.61507,1.53507,61.886,0.00639,10970000.0,36170280.0,-0.6389490565917185,1.56507
HK.01071,华电国际电力股份,2018-05-07 00:00:00,1.57507,1.54507,1.59507,1.52507,61.698,0.00679,11652000.0,38233950.0,-0.643057868777612,1.55507
HK.01071,华电国际电力股份,2018-05-08 00:00:00,1.56507,1.59507,1.62507,1.52507,62.641,0.00831,14262000.0,47163100.0,3.2360993353051994,1.54507
HK.01071,华电国际电力股份,2018-05-09 00:00:00,1.57507,1.50507,1.57507,1.47507,60.943,0.00521,8944000.0,28822610.0,-5.642385600631952,1.59507
HK.01071,华电国际电力股份,2018-05-10 00:00:00,1.49507,1.51507,1.55507,1.49507,61.132,0.00507,8712000.0,28335940.0,0.6644209239437374,1.50507
HK.01071,华电国际电力股份,2018-05-11 00:00:00,1.54507,1.53507,1.54507,1.49507,61.509,0.00248,4258393.0,13828435.0,1.3200710198208676,1.51507
HK.01071,华电国际电力股份,2018-05-14 00:00:00,1.54507,1.53507,1.58507,1.50507,61.509,0.00481,8253000.0,26941630.0,0.0,1.53507
HK.01071,华电国际电力股份,2018-05-15 00:00:00,1.53507,1.60507,1.63507,1.53507,62.83,0.01716,29465900.0,98112505.0,4.560052636036146,1.53507
HK.01071,华电国际电力股份,2018-05-16 00:00:00,1.63507,1.61507,1.65507,1.58507,63.018,0.01227,21064023.0,70432565.0,0.623025787037326,1.60507
HK.01071,华电国际电力股份,2018-05-17 00:00:00,1.64507,1.65507,1.65507,1.60507,63.773,0.0072,12370000.0,41533230.0,2.476672837709823,1.61507
HK.01071,华电国际电力股份,2018-05-18 00:00:00,1.65507,1.65507,1.65507,1.59507,63.773,0.00678,11643768.0,39184342.0,0.0,1.65507
HK.01071,华电国际电力股份,2018-05-21 00:00:00,1.64507,1.68507,1.72507,1.63507,64.339,0.01014,17418000.0,59487852.0,1.8126121553771155,1.65507
HK.01071,华电国际电力股份,2018-05-23 00:00:00,1.70507,1.87507,1.89507,1.68507,67.924,0.0483,82944000.0,294693360.0,11.275495973461041,1.68507
HK.01071,华电国际电力股份,2018-05-24 00:00:00,1.91507,1.89507,1.96507,1.84507,68.301,0.02074,35618000.0,128790020.0,1.0666268459310861,1.87507
HK.01071,华电国际电力股份,2018-05-25 00:00:00,1.89507,1.91507,1.92507,1.81507,68.679,0.01933,33189000.0,119143010.0,1.0553699863329598,1.89507
HK.01071,华电国际电力股份,2018-05-28 00:00:00,1.91507,1.88507,1.93507,1.85507,68.113,0.01244,21363000.0,77451350.0,-1.566522372550352,1.91507
HK.01071,华电国际电力股份,2018-05-29 00:00:00,1.86507,1.86507,1.97507,1.79507,67.735,0.02127,36519000.0,132094470.0,-1.0609685581967787,1.88507
HK.01071,华电国际电力股份,2018-05-30 00:00:00,1.85507,1.87507,1.88507,1.80507,67.924,0.01382,23732372.0,84757324.0,0.5361729050384173,1.86507
HK.01071,华电国际电力股份,2018-05-31 00:00:00,1.89507,1.88507,1.92507,1.85507,68.113,0.08576,147266643.0,531408695.0,0.5333134229655431,1.87507
HK.01071,华电国际电力股份,2018-06-01 00:00:00,1.89507,1.75507,1.89507,1.69507,65.66,0.01413,24259941.0,85046251.0,-6.896295628279062,1.88507
HK.01071,华电国际电力股份,2018-06-04 00:00:00,1.77507,1.72507,1.78507,1.66507,65.094,0.01608,27612000.0,94726110.0,-1.7093335308563082,1.75507
HK.01071,华电国际电力股份,2018-06-05 00:00:00,1.70507,1.69507,1.76507,1.67507,64.528,0.0109,18716868.0,64326360.0,-1.7390598642373947,1.72507
HK.01071,华电国际电力股份,2018-06-06 00:00:00,1.69507,1.73507,1.82507,1.69507,65.283,0.00797,13684000.0,47652890.0,2.3597845516704212,1.69507
HK.01071,华电国际电力股份,2018-06-07 00:00:00,1.73507,1.74507,1.77507,1.72507,65.471,0.00894,15354000.0,53308510.0,0.576345622943167,1.73507
HK.01071,华电国际电力股份,2018-06-08 00:00:00,1.76507,1.74507,1.82507,1.70507,65.471,0.00638,10962000.0,38146440.0,0.0,1.74507
HK.01071,华电国际电力股份,2018-06-11 00:00:00,1.76507,1.73507,1.78507,1.67507,65.283,0.00623,10700000.0,37063810.0,-0.5730429151839187,1.74507
HK.01071,华电国际电力股份,2018-06-12 00:00:00,1.76507,1.79507,1.84507,1.72507,66.415,0.00771,13238334.0,46739752.0,3.4580737376590025,1.73507
HK.01071,华电国际电力股份,2018-06-13 00:00:00,1.80507,1.74507,1.80507,1.70507,65.471,0.00556,9554606.0,33134318.0,-2.785406697231865,1.79507
HK.01071,华电国际电力股份,2018-06-14 00:00:00,1.74507,1.77507,1.78507,1.71507,66.037,0.00415,7128000.0,24833526.0,1.719128745551756,1.74507
HK.01071,华电国际电力股份,2018-06-15 00:00:00,1.78507,1.68507,1.78507,1.68507,64.339,0.0074,12712567.0,43597455.0,-5.070222582771375,1.77507
HK.01071,华电国际电力股份,2018-06-19 00:00:00,1.66507,1.51507,1.68507,1.48507,61.132,0.01462,25110000.0,82355340.0,-10.088601660465152,1.68507
HK.01071,华电国际电力股份,2018-06-20 00:00:00,1.54507,1.50507,1.54507,1.44507,60.943,0.00615,10562000.0,34046988.0,-0.6600355099104338,1.51507
HK.01071,华电国际电力股份,2018-06-21 00:00:00,1.53507,1.37507,1.53507,1.36507,58.49,0.01348,23140000.0,73017280.0,-8.637472011268573,1.50507
HK.01071,华电国际电力股份,2018-06-22 00:00:00,1.36507,1.47507,1.47507,1.34507,60.377,0.01174,20153308.0,63820361.0,7.2723570436414215,1.37507
HK.01071,华电国际电力股份,2018-06-25 00:00:00,1.48507,1.43507,1.52507,1.42507,59.622,0.00692,11876848.0,37992771.0,-2.711735714237293,1.47507
HK.01071,华电国际电力股份,2018-06-26 00:00:00,1.43507,1.39507,1.44507,1.37507,58.867,0.00297,5092591.0,15970306.0,-2.7873204791403925,1.43507
HK.01071,华电国际电力股份,2018-06-27 00:00:00,1.44507,1.34507,1.49507,1.34507,57.924,0.00399,6860000.0,21528040.0,-3.5840495459009256,1.39507
HK.01071,华电国际电力股份,2018-06-28 00:00:00,1.34685,1.29685,1.36685,1.24685,56.603,0.00856,14692310.0,44132632.0,-3.5849435345372305,1.34507
HK.01071,华电国际电力股份,2018-06-29 00:00:00,1.29685,1.39685,1.47685,1.29685,58.49,0.0175,30044000.0,92986780.0,7.71099201912325,1.29685
HK.01071,华电国际电力股份,2018-07-03 00:00:00,1.37685,1.48685,1.53685,1.25685,60.188,0.01094,18788862.0,58848661.0,6.443068332319153,1.39685
HK.01071,华电国际电力股份,2018-07-04 00:00:00,1.45685,1.47685,1.49685,1.42685,60.0,0.00531,9120775.0,28977967.0,-0.6725628005515021,1.48685
HK.01071,华电国际电力股份,2018-07-05 00:00:00,1.46685,1.36685,1.50685,1.31685,57.924,0.00736,12640000.0,38910740.0,-7.448285201611545,1.47685
HK.01071,华电国际电力股份,2018-07-06 00:00:00,1.37685,1.40685,1.42685,1.31685,58.679,0.00588,10094294.0,31262087.0,2.9264366975161895,1.36685
HK.01071,华电国际电力股份,2018-07-09 00:00:00,1.43685,1.50685,1.57685,1.43685,60.566,0.01034,17762000.0,57647540.0,7.108078331023214,1.40685
HK.01071,华电国际电力股份,2018-07-10 00:00:00,1.50685,1.55685,1.56685,1.47685,61.509,0.00357,6126000.0,19830020.0,3.3181803099180436,1.50685
HK.01071,华电国际电力股份,2018-07-11 00:00:00,1.52685,1.53685,1.55685,1.45685,61.132,0.00611,10483808.0,33754342.0,-1.2846452773228003,1.55685
HK.01071,华电国际电力股份,2018-07-12 00:00:00,1.50685,1.68685,1.71685,1.50685,63.962,0.00952,16341871.0,54778692.0,9.760223834466597,1.53685
HK.01071,华电国际电力股份,2018-07-13 00:00:00,1.72685,1.70685,1.76685,1.67685,64.339,0.00779,13383227.0,46098789.0,1.1856418768710921,1.68685
HK.01071,华电国际电力股份,2018-07-16 00:00:00,1.70685,1.69685,1.70685,1.63685,64.15,0.00276,4742000.0,16014940.0,-0.5858745642557933,1.70685
HK.01071,华电国际电力股份,2018-07-17 00:00:00,1.68685,1.70685,1.76685,1.62685,64.339,0.00609,10451005.0,35564357.0,0.5893272829065627,1.69685
HK.01071,华电国际电力股份,2018-07-18 00:00:00,1.69685,1.82685,1.94685,1.69685,66.603,0.02267,38932012.0,138620323.0,7.03049477106952,1.70685
HK.01071,华电国际电力股份,2018-07-19 00:00:00,1.85685,1.87685,1.92685,1.85685,67.547,0.00884,15182000.0,54730820.0,2.7369515833264813,1.82685
HK.01071,华电国际电力股份,2018-07-20 00:00:00,1.87685,1.95685,1.96685,1.82685,69.056,0.01481,25428792.0,91965754.0,4.2624610384420745,1.87685
HK.01071,华电国际电力股份,2018-07-23 00:00:00,1.98685,2.06685,2.11685,1.85685,71.132,0.01624,27885792.0,103807048.0,5.621279096507147,1.95685
HK.01071,华电国际电力股份,2018-07-24 00:00:00,2.06685,1.86685,2.19685,1.86685,67.358,0.01362,23391757.0,85946992.0,-9.676560950238294,2.06685
HK.01071,华电国际电力股份,2018-07-25 00:00:00,1.89685,1.93685,1.97685,1.81685,68.679,0.01024,17584000.0,63261320.0,3.749631732597695,1.86685
HK.01071,华电国际电力股份,2018-07-26 00:00:00,1.97685,1.96685,2.10685,1.93685,69.245,0.01191,20448000.0,76091600.0,1.5489067299997432,1.93685
HK.01071,华电国际电力股份,2018-07-27 00:00:00,1.97685,1.95685,2.03685,1.93685,69.056,0.00565,9696640.0,35602085.0,-0.5084271805170709,1.96685
HK.01071,华电国际电力股份,2018-07-30 00:00:00,1.99685,2.04685,2.09685,1.93685,70.754,0.01431,24578000.0,91986590.0,4.599228351687666,1.95685
HK.01071,华电国际电力股份,2018-07-31 00:00:00,2.04685,1.97685,2.04685,1.89685,69.433,0.01066,18304000.0,67000980.0,-3.4198890978821144,2.04685
HK.01071,华电国际电力股份,2018-08-01 00:00:00,1.97685,1.93685,1.97685,1.89685,68.679,0.01208,20738000.0,75415270.0,-2.023421099223514,1.97685
HK.01071,华电国际电力股份,2018-08-02 00:00:00,1.91685,1.87685,1.92685,1.75685,67.547,0.01042,17898000.0,63510960.0,-3.0978134599994864,1.93685
HK.01071,华电国际电力股份,2018-08-03 00:00:00,1.88685,1.88685,1.89685,1.77685,67.735,0.01172,20132000.0,71735290.0,0.5328076298052593,1.87685
HK.01071,华电国际电力股份,2018-08-06 00:00:00,1.86685,1.85685,1.95685,1.85685,67.169,0.00413,7094000.0,25607720.0,-1.5899515064790537,1.88685
HK.01071,华电国际电力股份,2018-08-07 00:00:00,1.90685,1.78685,1.90685,1.72685,65.849,0.0086,14772000.0,51541600.0,-3.769825241672717,1.85685
HK.01071,华电国际电力股份,2018-08-08 00:00:00,1.81685,1.83685,1.90685,1.76685,66.792,0.00801,13748136.0,48618313.0,2.798220331868934,1.78685
HK.01071,华电国际电力股份,2018-08-09 00:00:00,1.84685,1.84685,1.88685,1.77685,66.981,0.0076,13059093.0,46230597.0,0.544410267577647,1.83685
HK.01071,华电国际电力股份,2018-08-10 00:00:00,1.84685,1.55685,1.84685,1.51685,61.509,0.02001,34366381.0,113694868.0,-15.70241221539378,1.84685
HK.01071,华电国际电力股份,2018-08-13 00:00:00,1.51685,1.46685,1.53685,1.43685,59.811,0.00649,11150058.0,35391104.0,-5.7809037479526015,1.55685
HK.01071,华电国际电力股份,2018-08-14 00:00:00,1.44685,1.49685,1.49685,1.42685,60.377,0.00435,7468680.0,23683175.0,2.0451988955925984,1.46685
HK.01071,华电国际电力股份,2018-08-15 00:00:00,1.48685,1.36685,1.48685,1.32685,57.924,0.00731,12554000.0,38531280.0,-8.684904967097578,1.49685
HK.01071,华电国际电力股份,2018-08-16 00:00:00,1.34685,1.38685,1.40685,1.32685,58.301,0.00364,6250000.0,19235720.0,1.4632183487580948,1.36685
HK.01071,华电国际电力股份,2018-08-17 00:00:00,1.41685,1.34685,1.42685,1.32685,57.547,0.00464,7974000.0,24488160.0,-2.8842340555935984,1.38685
HK.01071,华电国际电力股份,2018-08-20 00:00:00,1.37685,1.43685,1.45685,1.36685,59.245,0.00382,6556000.0,20499100.0,6.6822586034079405,1.34685
HK.01071,华电国际电力股份,2018-08-21 00:00:00,1.43685,1.44685,1.47685,1.42685,59.433,0.00222,3816000.0,12036200.0,0.6959668719768946,1.43685
HK.01071,华电国际电力股份,2018-08-22 00:00:00,1.42685,1.40685,1.45685,1.32685,58.679,0.00542,9300000.0,28570740.0,-2.764626602619486,1.44685
HK.01071,华电国际电力股份,2018-08-23 00:00:00,1.39685,1.36685,1.40685,1.34685,57.924,0.0029,4977523.0,15322639.0,-2.8432313324092857,1.40685
HK.01071,华电国际电力股份,2018-08-24 00:00:00,1.34685,1.22685,1.39685,1.19685,55.283,0.02024,34760000.0,102257950.0,-10.242528441306648,1.36685
HK.01071,华电国际电力股份,2018-08-27 00:00:00,1.24685,1.27685,1.33685,1.24685,56.226,0.00557,9564483.0,28720563.0,4.07547784977789,1.22685
HK.01071,华电国际电力股份,2018-08-28 00:00:00,1.29685,1.31685,1.32685,1.26685,56.981,0.00303,5200000.0,15606900.0,3.1327094020440955,1.27685
HK.01071,华电国际电力股份,2018-08-29 00:00:00,1.34685,1.26685,1.34685,1.17685,56.037,0.00846,14528000.0,42439680.0,-3.7969396666287007,1.31685
HK.01071,华电国际电力股份,2018-08-30 00:00:00,1.28685,1.19685,1.28685,1.18685,54.716,0.00705,12109620.0,35271253.0,-5.5255160437305175,1.26685
HK.01071,华电国际电力股份,2018-08-31 00:00:00,1.17685,1.21685,1.21685,1.12685,55.094,0.00454,7792001.0,22527172.0,1.6710531812674951,1.19685
HK.01071,华电国际电力股份,2018-09-03 00:00:00,1.19685,1.16685,1.19685,1.14685,54.15,0.00313,5381600.0,15453060.0,-4.108969881250775,1.21685
HK.01071,华电国际电力股份,2018-09-04 00:00:00,1.17685,1.16685,1.22685,1.15685,54.15,0.00408,7010000.0,20286140.0,0.0,1.16685
HK.01071,华电国际电力股份,2018-09-05 00:00:00,1.16685,1.10685,1.18685,1.10685,53.018,0.00498,8549881.0,24238551.0,-5.142049106568972,1.16685
HK.01071,华电国际电力股份,2018-09-06 00:00:00,1.10685,1.14685,1.15685,1.09685,53.773,0.00349,5988658.0,16978867.0,3.6138591498396386,1.10685
HK.01071,华电国际电力股份,2018-09-07 00:00:00,1.10685,1.16685,1.17685,1.10685,54.15,0.00362,6222000.0,17759190.0,1.7439072241356774,1.14685
HK.01071,华电国际电力股份,2018-09-10 00:00:00,1.15685,1.05685,1.15685,1.04685,52.075,0.00465,7987448.0,22246312.0,-9.427090028709765,1.16685
HK.01071,华电国际电力股份,2018-09-11 00:00:00,1.06685,1.03685,1.07685,1.00685,51.698,0.00294,5048254.0,13883975.0,-1.8924161423096955,1.05685
HK.01071,华电国际电力股份,2018-09-12 00:00:00,1.06685,1.01685,1.08685,1.00685,51.32,0.00497,8535552.0,23400989.0,-1.9289193229493191,1.03685
HK.01071,华电国际电力股份,2018-09-13 00:00:00,1.00685,1.14685,1.16685,1.00685,53.773,0.00692,11890000.0,33310390.0,12.784579829866734,1.01685
HK.01071,华电国际电力股份,2018-09-14 00:00:00,1.12685,1.20685,1.21685,1.04685,54.905,0.00934,16037900.0,46017919.0,5.2317216724070335,1.14685
HK.01071,华电国际电力股份,2018-09-17 00:00:00,1.16685,1.13685,1.16685,1.09685,53.584,0.0046,7894000.0,22343680.0,-5.800223722915032,1.20685
HK.01071,华电国际电力股份,2018-09-18 00:00:00,1.12685,1.14685,1.23685,1.07685,53.773,0.00657,11286876.0,32196541.0,0.8796235211329559,1.13685
HK.01071,华电国际电力股份,2018-09-19 00:00:00,1.14685,1.31685,1.35685,1.14685,56.981,0.01302,22362000.0,67009390.0,14.82321140515326,1.14685
HK.01071,华电国际电力股份,2018-09-20 00:00:00,1.31685,1.26685,1.36685,1.26685,56.037,0.00275,4728000.0,14149480.0,-3.7969396666287007,1.31685
HK.01071,华电国际电力股份,2018-09-21 00:00:00,1.32685,1.35685,1.36685,1.26685,57.735,0.0066,11332834.0,34498772.0,7.10423491336779,1.26685
HK.01071,华电国际电力股份,2018-09-24 00:00:00,1.36685,1.28685,1.36685,1.25685,56.415,0.00185,3176000.0,9545440.0,-5.159007996462383,1.35685
HK.01071,华电国际电力股份,2018-09-26 00:00:00,1.29685,1.43685,1.45685,1.27685,59.245,0.0126,21636348.0,66756868.0,11.656370206317746,1.28685
HK.01071,华电国际电力股份,2018-09-27 00:00:00,1.43685,1.31685,1.43685,1.27685,56.981,0.00467,8017528.0,24205967.0,-8.35160246372272,1.43685
HK.01071,华电国际电力股份,2018-09-28 00:00:00,1.31685,1.35685,1.36685,1.31685,57.735,0.00144,2469297.0,7526566.0,3.0375517333029434,1.31685
HK.01071,华电国际电力股份,2018-10-02 00:00:00,1.35685,1.17685,1.35685,1.16685,54.339,0.00299,5130000.0,14941780.0,-13.266020562331867,1.35685
HK.01071,华电国际电力股份,2018-10-03 00:00:00,1.18685,1.18685,1.24685,1.16685,54.528,0.00341,5862000.0,16982700.0,0.8497259633768118,1.17685
HK.01071,华电国际电力股份,2018-10-04 00:00:00,1.19685,1.17685,1.20685,1.11685,54.339,0.00208,3576000.0,10255320.0,-0.8425664574293305,1.18685
HK.01071,华电国际电力股份,2018-10-05 00:00:00,1.16685,1.09685,1.16685,1.07685,52.83,0.00407,6996000.0,19639920.0,-6.797807707014475,1.17685
HK.01071,华电国际电力股份,2018-10-08 00:00:00,1.13685,1.12685,1.17685,1.06685,53.396,0.00801,13748000.0,38931040.0,2.735105073619893,1.09685
HK.01071,华电国际电力股份,2018-10-09 00:00:00,1.16685,1.18685,1.23685,1.11685,54.528,0.01052,18062612.0,51970826.0,5.324577361671922,1.12685
HK.01071,华电国际电力股份,2018-10-10 00:00:00,1.20685,1.20685,1.24685,1.14685,54.905,0.00492,8448014.0,24607119.0,1.685132914858661,1.18685
HK.01071,华电国际电力股份,2018-10-11 00:00:00,1.13685,1.02685,1.13685,0.99685,51.509,0.01209,20769671.0,56783738.0,-14.914861001781492,1.20685
HK.01071,华电国际电力股份,2018-10-12 00:00:00,0.99685,1.08685,1.09685,0.96685,52.641,0.00879,15098000.0,41375620.0,5.843112431221702,1.02685
HK.01071,华电国际电力股份,2018-10-15 00:00:00,1.04685,0.98685,1.06685,0.94685,50.754,0.01343,23056000.0,61961900.0,-9.200901688365468,1.08685
HK.01071,华电国际电力股份,2018-10-16 00:00:00,0.99685,1.03685,1.10685,0.99685,51.698,0.00889,15272053.0,41876549.0,5.066626133657602,0.98685
HK.01071,华电国际电力股份,2018-10-18 00:00:00,1.06685,1.08685,1.09685,0.99685,52.641,0.00641,11016000.0,30281860.0,4.822298307373298,1.03685
HK.01071,华电国际电力股份,2018-10-19 00:00:00,1.04685,1.03685,1.08685,0.98685,52.692,0.02024,34762000.0,94975810.0,-4.600450844182734,1.08685
HK.01071,华电国际电力股份,2018-10-22 00:00:00,1.02685,1.09685,1.16685,1.01685,53.846,0.00723,12408000.0,34914140.0,5.786757968847958,1.03685
HK.01071,华电国际电力股份,2018-10-23 00:00:00,1.08685,0.99685,1.12685,0.93685,51.923,0.00622,10688000.0,28954560.0,-9.11701691206638,1.09685
HK.01071,华电国际电力股份,2018-10-24 00:00:00,0.99685,0.94685,0.99685,0.91685,50.961,0.00579,9947599.0,26358795.0,-5.015799769273215,0.99685
HK.01071,华电国际电力股份,2018-10-25 00:00:00,0.92685,0.94685,0.94685,0.89685,50.961,0.00288,4942275.0,13013697.0,0.0,0.94685
HK.01071,华电国际电力股份,2018-10-26 00:00:00,0.95685,0.94685,0.99685,0.92685,50.961,0.00245,4204000.0,11182120.0,0.0,0.94685
HK.01071,华电国际电力股份,2018-10-29 00:00:00,0.96685,1.04685,1.04685,0.93685,51.886,0.00369,6331674.0,17137406.0,10.561334952738036,0.94685
HK.01071,华电国际电力股份,2018-10-30 00:00:00,1.03685,1.05685,1.12685,0.99685,52.075,0.00548,9418000.0,26209570.0,0.9552466924583283,1.04685
HK.01071,华电国际电力股份,2018-10-31 00:00:00,1.10685,1.26685,1.26685,1.08685,56.037,0.00865,14855600.0,43238784.0,19.87036949425178,1.05685
HK.01071,华电国际电力股份,2018-11-01 00:00:00,1.27685,1.27685,1.32685,1.20685,56.226,0.00273,4691682.0,13920221.0,0.7893594348186453,1.26685
HK.01071,华电国际电力股份,2018-11-02 00:00:00,1.28685,1.33685,1.37685,1.27685,57.358,0.00865,14856400.0,45084896.0,4.699064103066143,1.27685
HK.01071,华电国际电力股份,2018-11-05 00:00:00,1.30685,1.32685,1.36685,1.28685,57.169,0.00298,5116000.0,15483580.0,-0.7480270785802452,1.33685
HK.01071,华电国际电力股份,2018-11-06 00:00:00,1.35685,1.44685,1.44685,1.34685,59.433,0.0047,8064000.0,25037790.0,9.043976334928582,1.32685
HK.01071,华电国际电力股份,2018-11-07 00:00:00,1.45685,1.43685,1.51685,1.39685,59.245,0.00707,12148000.0,38445920.0,-0.6911566506548715,1.44685
HK.01071,华电国际电力股份,2018-11-08 00:00:00,1.46685,1.50685,1.51685,1.42685,60.566,0.00447,7672000.0,24506520.0,4.871768103838262,1.43685
HK.01071,华电国际电力股份,2018-11-09 00:00:00,1.51685,1.39685,1.51685,1.37685,58.49,0.00382,6554360.0,20513641.0,-7.299996681819697,1.50685
HK.01071,华电国际电力股份,2018-11-12 00:00:00,1.39685,1.58685,1.58685,1.37685,62.075,0.00545,9362000.0,30148440.0,13.6020331460071,1.39685
HK.01071,华电国际电力股份,2018-11-13 00:00:00,1.53685,1.59685,1.60685,1.48685,62.264,0.00759,13026024.0,42585015.0,0.6301792860068695,1.58685
HK.01071,华电国际电力股份,2018-11-14 00:00:00,1.59685,1.59685,1.67685,1.55685,62.264,0.00982,16856000.0,56039510.0,0.0,1.59685
HK.01071,华电国际电力股份,2018-11-15 00:00:00,1.60685,1.58685,1.61685,1.54685,62.075,0.004,6862000.0,22630283.0,-0.6262328960140282,1.59685
HK.01071,华电国际电力股份,2018-11-16 00:00:00,1.61685,1.50685,1.61685,1.47685,60.566,0.00749,12865620.0,41643836.0,-5.041434288054956,1.58685
HK.01071,华电国际电力股份,2018-11-19 00:00:00,1.52685,1.61685,1.61685,1.48685,62.641,0.0075,12874000.0,41990860.0,7.299996681819682,1.50685
HK.01071,华电国际电力股份,2018-11-20 00:00:00,1.56685,1.45685,1.59685,1.39685,59.622,0.00941,16160000.0,51571322.0,-9.895785014070565,1.61685
HK.01071,华电国际电力股份,2018-11-21 00:00:00,1.45685,1.58685,1.58685,1.44685,62.075,0.00661,11354000.0,36755360.0,8.923362048254804,1.45685
HK.01071,华电国际电力股份,2018-11-22 00:00:00,1.55685,1.58685,1.59685,1.49685,62.075,0.00147,2519980.0,8197809.0,0.0,1.58685
HK.01071,华电国际电力股份,2018-11-23 00:00:00,1.60685,1.46685,1.60685,1.43685,59.811,0.00413,7094000.0,22612920.0,-7.562151432082434,1.58685
HK.01071,华电国际电力股份,2018-11-26 00:00:00,1.48685,1.63685,1.64685,1.48685,63.018,0.01085,18636000.0,61412560.0,11.589460408358041,1.46685
HK.01071,华电国际电力股份,2018-11-27 00:00:00,1.64685,1.66685,1.68685,1.58685,63.584,0.008,13735596.0,45942782.0,1.832788587836395,1.63685
HK.01071,华电国际电力股份,2018-11-28 00:00:00,1.65685,1.53685,1.65685,1.53685,61.132,0.00629,10799900.0,35834663.0,-7.799142094369612,1.66685
HK.01071,华电国际电力股份,2018-11-29 00:00:00,1.58685,1.51685,1.59685,1.49685,60.754,0.00263,4513856.0,14610327.0,-1.3013631779288817,1.53685
HK.01071,华电国际电力股份,2018-11-30 00:00:00,1.54685,1.64685,1.67685,1.53685,63.207,0.0158,27130539.0,90721537.0,8.570392589906707,1.51685
HK.01071,华电国际电力股份,2018-12-03 00:00:00,1.68685,1.73685,1.81685,1.64685,64.905,0.01648,28294030.0,97654476.0,5.464978595500506,1.64685
HK.01071,华电国际电力股份,2018-12-04 00:00:00,1.73685,1.77685,1.78685,1.72685,65.66,0.0131,22490933.0,77885934.0,2.303019834758329,1.73685
HK.01071,华电国际电力股份,2018-12-05 00:00:00,1.72685,1.82685,1.85685,1.72685,66.603,0.01209,20754000.0,72888090.0,2.8139685398317273,1.77685
HK.01071,华电国际电力股份,2018-12-06 00:00:00,1.77685,1.74685,1.83685,1.69685,65.094,0.00434,7450252.0,25736310.0,-4.379122533322389,1.82685
HK.01071,华电国际电力股份,2018-12-07 00:00:00,1.71685,1.73685,1.78685,1.71685,64.905,0.00396,6808000.0,23524340.0,-0.5724589976242956,1.74685
HK.01071,华电国际电力股份,2018-12-10 00:00:00,1.75685,1.67685,1.75685,1.63685,63.773,0.00349,5993100.0,20249232.0,-3.454529752137493,1.73685
HK.01071,华电国际电力股份,2018-12-11 00:00:00,1.68685,1.71685,1.74685,1.66685,64.528,0.00307,5264000.0,17963500.0,2.3854250529266205,1.67685
HK.01071,华电国际电力股份,2018-12-12 00:00:00,1.70685,1.67685,1.73685,1.66685,63.773,0.0025,4290133.0,14586186.0,-2.3298482686315074,1.71685
HK.01071,华电国际电力股份,2018-12-13 00:00:00,1.72685,1.69685,1.73685,1.63685,64.15,0.00298,5114000.0,17372800.0,1.1927125264633103,1.67685
HK.01071,华电国际电力股份,2018-12-14 00:00:00,1.67685,1.75685,1.81685,1.66685,65.283,0.0093,15968000.0,55341580.0,3.535963697439376,1.69685
HK.01071,华电国际电力股份,2018-12-17 00:00:00,1.75685,1.73685,1.78685,1.69685,64.905,0.00379,6510460.0,22380746.0,-1.1384011156330942,1.75685
HK.01071,华电国际电力股份,2018-12-18 00:00:00,1.69685,1.70685,1.76685,1.67685,64.339,0.00309,5308000.0,18145140.0,-1.7272648760687466,1.73685
HK.01071,华电国际电力股份,2018-12-19 00:00:00,1.71685,1.76685,1.80685,1.69685,65.471,0.00729,12515995.0,43303942.0,3.51524738553476,1.70685
HK.01071,华电国际电力股份,2018-12-20 00:00:00,1.78685,1.82685,1.83685,1.70685,66.603,0.00611,10500000.0,36835220.0,3.3958740130741174,1.76685
HK.01071,华电国际电力股份,2018-12-21 00:00:00,1.77685,1.82685,1.83685,1.74685,66.603,0.00485,8322001.0,29131523.0,0.0,1.82685
HK.01071,华电国际电力股份,2018-12-24 00:00:00,1.76685,1.85685,1.85685,1.74685,67.169,0.00267,4590360.0,16185805.0,1.6421709499958839,1.82685
HK.01071,华电国际电力股份,2018-12-27 00:00:00,1.87685,1.87685,1.88685,1.80685,67.547,0.00195,3353215.0,11920221.0,1.0770929261922084,1.85685
HK.01071,华电国际电力股份,2018-12-28 00:00:00,1.88685,1.83685,1.88685,1.80685,66.792,0.00047,809566.0,2866861.0,-2.1312305192210257,1.87685
HK.01071,华电国际电力股份,2018-12-31 00:00:00,1.86685,1.82685,1.87685,1.81685,66.603,0.0007,1196000.0,4245540.0,-0.544410267577647,1.83685
HK.01071,华电国际电力股份,2019-01-02 00:00:00,1.84685,1.74685,1.87685,1.68685,65.094,0.00726,12463166.0,43169762.0,-4.379122533322389,1.82685
HK.01071,华电国际电力股份,2019-01-03 00:00:00,1.74685,1.67685,1.79685,1.62685,63.773,0.00542,9302020.0,31600588.0,-4.00721298337007,1.74685
HK.01071,华电国际电力股份,2019-01-04 00:00:00,1.64685,1.70685,1.71685,1.58685,64.339,0.00504,8651860.0,29162804.0,1.7890687896949655,1.67685
HK.01071,华电国际电力股份,2019-01-07 00:00:00,1.69685,1.81685,1.81685,1.64685,66.415,0.00606,10401208.0,35922671.0,6.444620206813727,1.70685
HK.01071,华电国际电力股份,2019-01-08 00:00:00,1.83685,1.85685,1.85685,1.79685,67.169,0.00439,7533455.0,26615065.0,2.201612681289034,1.81685
HK.01071,华电国际电力股份,2019-01-09 00:00:00,1.84685,1.87685,1.92685,1.80685,67.547,0.00925,15883236.0,57035087.0,1.0770929261922084,1.85685
HK.01071,华电国际电力股份,2019-01-10 00:00:00,1.88685,1.84685,1.88685,1.80685,66.981,0.00343,5887870.0,20913072.0,-1.5984228894157662,1.87685
HK.01071,华电国际电力股份,2019-01-11 00:00:00,1.85685,1.91685,1.91685,1.83685,68.301,0.00303,5209672.0,18716577.0,3.7902374313019376,1.84685
HK.01071,华电国际电力股份,2019-01-14 00:00:00,1.92685,1.82685,1.92685,1.80685,66.603,0.00343,5898000.0,20997720.0,-4.695203067532663,1.91685
HK.01071,华电国际电力股份,2019-01-15 00:00:00,1.84685,1.95685,1.95685,1.82685,69.056,0.00387,6640000.0,24058968.0,7.1160741166488695,1.82685
HK.01071,华电国际电力股份,2019-01-16 00:00:00,1.97685,1.92685,1.97685,1.84685,68.49,0.00476,8168000.0,29502834.0,-1.5330761172292218,1.95685
HK.01071,华电国际电力股份,2019-01-17 00:00:00,1.89685,1.92685,1.95685,1.87685,68.49,0.00619,10624000.0,38539530.0,0.0,1.92685
HK.01071,华电国际电力股份,2019-01-18 00:00:00,1.93685,1.89685,1.94685,1.83685,67.924,0.00645,11082120.0,39708069.0,-1.5569452733736424,1.92685
HK.01071,华电国际电力股份,2019-01-21 00:00:00,1.90685,1.97685,1.99685,1.86685,69.433,0.00692,11881518.0,43470288.0,4.217518517542245,1.89685
HK.01071,华电国际电力股份,2019-01-22 00:00:00,1.94685,1.98685,1.99685,1.92685,69.622,0.00485,8331600.0,30655496.0,0.5058552748058786,1.97685
HK.01071,华电国际电力股份,2019-01-23 00:00:00,1.99685,2.00685,2.01685,1.95685,70.0,0.01135,19496000.0,72081840.0,1.0066185167476165,1.98685
HK.01071,华电国际电力股份,2019-01-24 00:00:00,1.97685,2.03685,2.04685,1.97685,70.566,0.00408,7014000.0,26105760.0,1.4948800358771113,2.00685
HK.01071,华电国际电力股份,2019-01-25 00:00:00,2.02685,2.02685,2.08685,1.94685,70.377,0.00727,12486000.0,46623820.0,-0.49095416942827347,2.03685
HK.01071,华电国际电力股份,2019-01-28 00:00:00,2.02685,1.86685,2.02685,1.84685,67.358,0.00907,15583700.0,56368707.0,-7.894022744653039,2.02685
HK.01071,华电国际电力股份,2019-01-29 00:00:00,1.88685,2.00685,2.00685,1.85685,70.0,0.00539,9251600.0,33837194.0,7.49926346519539,1.86685
HK.01071,华电国际电力股份,2019-01-30 00:00:00,2.00685,1.95685,2.00685,1.91685,69.056,0.0032,5495600.0,20089517.0,-2.49146672646187,2.00685
HK.01071,华电国际电力股份,2019-01-31 00:00:00,1.96685,1.93685,1.98685,1.90685,68.679,0.00254,4363711.0,15928491.0,-1.022050744819481,1.95685
HK.01071,华电国际电力股份,2019-02-01 00:00:00,1.97685,1.94685,2.00685,1.90685,68.867,0.00658,11307600.0,41308184.0,0.5163022433332477,1.93685
HK.01071,华电国际电力股份,2019-02-04 00:00:00,1.96685,1.94685,1.96685,1.92685,68.867,0.00035,600000.0,2185607.0,0.0,1.94685
HK.01071,华电国际电力股份,2019-02-08 00:00:00,1.94685,1.86685,1.94685,1.84685,67.358,0.00246,4221139.0,15138407.0,-4.109202044328021,1.94685
HK.01071,华电国际电力股份,2019-02-11 00:00:00,1.85685,1.82685,1.88685,1.75685,66.603,0.00829,14240713.0,49883087.0,-2.142646704341528,1.86685
HK.01071,华电国际电力股份,2019-02-12 00:00:00,1.86685,1.96685,1.98685,1.80685,69.245,0.00364,6249786.0,22610659.0,7.66346443331417,1.82685
HK.01071,华电国际电力股份,2019-02-13 00:00:00,1.97685,1.89685,1.97685,1.85685,67.924,0.00338,5800759.0,21015290.0,-3.5589902636194966,1.96685
HK.01071,华电国际电力股份,2019-02-14 00:00:00,1.86685,1.89685,1.89685,1.81685,67.924,0.00213,3650000.0,13077230.0,0.0,1.89685
HK.01071,华电国际电力股份,2019-02-15 00:00:00,1.87685,1.85685,1.90685,1.80685,67.169,0.00278,4765571.0,16972665.0,-2.1087592587711224,1.89685
HK.01071,华电国际电力股份,2019-02-18 00:00:00,1.86685,1.80685,1.86685,1.79685,66.226,0.00369,6339325.0,22291070.0,-2.6927323154805087,1.85685
HK.01071,华电国际电力股份,2019-02-19 00:00:00,1.80685,1.81685,1.85685,1.78685,66.415,0.00295,5060000.0,17882360.0,0.5534493732185853,1.80685
HK.01071,华电国际电力股份,2019-02-20 00:00:00,1.80685,1.78685,1.84685,1.77685,65.849,0.00252,4318955.0,15140094.0,-1.6512095109667846,1.81685
HK.01071,华电国际电力股份,2019-02-21 00:00:00,1.82685,1.75685,1.82685,1.74685,65.283,0.005,8582000.0,29798570.0,-1.6789321991213604,1.78685
HK.01071,华电国际电力股份,2019-02-22 00:00:00,1.74685,1.73685,1.76685,1.65685,64.905,0.01187,20383325.0,69115044.0,-1.1384011156330942,1.75685
HK.01071,华电国际电力股份,2019-02-25 00:00:00,1.74685,1.75685,1.83685,1.69685,65.283,0.01066,18312000.0,63039380.0,1.1515099173791645,1.73685
HK.01071,华电国际电力股份,2019-02-26 00:00:00,1.77685,1.76685,1.77685,1.70685,65.471,0.00721,12374000.0,42714312.0,0.5692005578165471,1.75685
HK.01071,华电国际电力股份,2019-02-27 00:00:00,1.74685,1.74685,1.78685,1.71685,65.094,0.00382,6564000.0,22698120.0,-1.1319580043580393,1.76685
HK.01071,华电国际电力股份,2019-02-28 00:00:00,1.69685,1.73685,1.75685,1.69685,64.905,0.00606,10401198.0,35632515.0,-0.5724589976242956,1.74685
HK.01071,华电国际电力股份,2019-03-01 00:00:00,1.71685,1.69685,1.73685,1.69685,64.15,0.00415,7124000.0,24296148.0,-2.303019834758329,1.73685
HK.01071,华电国际电力股份,2019-03-04 00:00:00,1.71685,1.79685,1.83685,1.69685,66.037,0.01192,20462000.0,71209680.0,5.893272829065626,1.69685
HK.01071,华电国际电力股份,2019-03-05 00:00:00,1.77685,1.90685,1.96685,1.77685,68.113,0.00734,12610000.0,45428232.0,6.121824303642478,1.79685
HK.01071,华电国际电力股份,2019-03-06 00:00:00,1.89685,1.92685,2.01685,1.88685,68.49,0.00646,11099225.0,40708615.0,1.0488501979704759,1.90685
HK.01071,华电国际电力股份,2019-03-07 00:00:00,1.92685,1.88685,1.97685,1.85685,67.735,0.00276,4736395.0,17104243.0,-2.0759270311648566,1.92685
HK.01071,华电国际电力股份,2019-03-08 00:00:00,1.90685,1.84685,1.92685,1.81685,66.981,0.00508,8727906.0,31193977.0,-2.11993534197206,1.88685
HK.01071,华电国际电力股份,2019-03-11 00:00:00,1.86685,1.85685,1.91685,1.82685,67.169,0.00313,5376000.0,19231978.0,0.5414624901859808,1.84685
HK.01071,华电国际电力股份,2019-03-12 00:00:00,1.89685,1.92685,1.95685,1.89685,68.49,0.0023,3948000.0,14301486.0,3.7698252416727285,1.85685
HK.01071,华电国际电力股份,2019-03-13 00:00:00,1.89685,1.79685,1.94685,1.77685,66.037,0.00519,8916200.0,31395954.0,-6.746762851285772,1.92685
HK.01071,华电国际电力股份,2019-03-14 00:00:00,1.79685,1.75685,1.82685,1.75685,65.283,0.00147,2518000.0,8768120.0,-2.226117928597269,1.79685
HK.01071,华电国际电力股份,2019-03-15 00:00:00,1.78685,1.74685,1.80685,1.73685,65.094,0.00573,9842113.0,34072186.0,-0.5692005578165471,1.75685
HK.01071,华电国际电力股份,2019-03-18 00:00:00,1.78685,1.73685,1.78685,1.64685,64.905,0.00493,8465728.0,28875694.0,-0.5724589976242956,1.74685
HK.01071,华电国际电力股份,2019-03-19 00:00:00,1.73685,1.72685,1.77685,1.69685,64.716,0.00196,3368000.0,11576620.0,-0.5757549586895823,1.73685
HK.01071,华电国际电力股份,2019-03-20 00:00:00,1.74685,1.64685,1.74685,1.62685,63.207,0.0035,6010900.0,20248701.0,-4.632712742855492,1.72685
HK.01071,华电国际电力股份,2019-03-21 00:00:00,1.61685,1.63685,1.69685,1.61685,63.018,0.00219,3754283.0,12635933.0,-0.6072198439445007,1.64685
HK.01071,华电国际电力股份,2019-03-22 00:00:00,1.64685,1.67685,1.70685,1.64685,63.773,0.00461,7922000.0,26806880.0,2.443718117115193,1.63685
HK.01071,华电国际电力股份,2019-03-25 00:00:00,1.65685,1.46685,1.65685,1.42685,59.811,0.01017,17467000.0,55776620.0,-12.523481527864744,1.67685
HK.01071,华电国际电力股份,2019-03-26 00:00:00,1.49685,1.44685,1.49685,1.42685,59.433,0.00701,12041304.0,37970853.0,-1.3634659303950656,1.46685
HK.01071,华电国际电力股份,2019-03-27 00:00:00,1.41685,1.44685,1.47685,1.37685,59.433,0.00891,15301435.0,48045165.0,0.0,1.44685
HK.01071,华电国际电力股份,2019-03-28 00:00:00,1.42685,1.50685,1.55685,1.29685,21.258,0.01089,18705631.0,58874557.0,4.14693990392923,1.44685
HK.01071,华电国际电力股份,2019-03-29 00:00:00,1.49685,1.52685,1.55685,1.45685,21.39,0.0061,10480000.0,33696960.0,1.3272721239672176,1.50685
HK.01071,华电国际电力股份,2019-04-01 00:00:00,1.54685,1.57685,1.60685,1.51685,21.721,0.00679,11654540.0,38229419.0,3.2747159183940817,1.52685
HK.01071,华电国际电力股份,2019-04-02 00:00:00,1.59685,1.61685,1.66685,1.53685,21.986,0.00327,5607196.0,18508902.0,2.536702920379225,1.57685
HK.01071,华电国际电力股份,2019-04-03 00:00:00,1.61685,1.64685,1.66685,1.56685,22.185,0.0058,9967571.0,33157850.0,1.8554596901382336,1.61685
HK.01071,华电国际电力股份,2019-04-04 00:00:00,1.66685,1.64685,1.66685,1.55685,22.185,0.00786,13494000.0,44660378.0,0.0,1.64685
HK.01071,华电国际电力股份,2019-04-08 00:00:00,1.61685,1.68685,1.70685,1.55685,22.45,0.00701,12031066.0,40472701.0,2.4288793757780027,1.64685
HK.01071,华电国际电力股份,2019-04-09 00:00:00,1.67685,1.68685,1.71685,1.59685,22.45,0.00606,10412000.0,35156204.0,0.0,1.68685
HK.01071,华电国际电力股份,2019-04-10 00:00:00,1.66685,1.59685,1.67685,1.58685,21.854,0.0079,13562000.0,44955390.0,-5.335388445919902,1.68685
HK.01071,华电国际电力股份,2019-04-11 00:00:00,1.62685,1.74685,1.76685,1.61685,22.847,0.00446,7650575.0,26102543.0,9.393493440210408,1.59685
HK.01071,华电国际电力股份,2019-04-12 00:00:00,1.72685,1.87685,1.89685,1.69685,23.708,0.00799,13720000.0,48386100.0,7.44196696911583,1.74685
HK.01071,华电国际电力股份,2019-04-15 00:00:00,1.87685,1.72685,1.89685,1.68685,22.715,0.00818,14054000.0,49086316.0,-7.992114447078878,1.87685
HK.01071,华电国际电力股份,2019-04-16 00:00:00,1.73685,1.73685,1.80685,1.68685,22.781,0.00254,4353202.0,15022333.0,0.5790890928569365,1.72685
HK.01071,华电国际电力股份,2019-04-17 00:00:00,1.76685,1.76685,1.79685,1.70685,22.98,0.00337,5793000.0,20014400.0,1.7272648760687466,1.73685
HK.01071,华电国际电力股份,2019-04-18 00:00:00,1.74685,1.86685,1.86685,1.74685,23.642,0.00643,11046204.0,38999894.0,5.659790021790184,1.76685
HK.01071,华电国际电力股份,2019-04-23 00:00:00,1.80685,1.77685,1.82685,1.73685,23.046,0.00521,8953276.0,31020237.0,-4.820955084768453,1.86685
HK.01071,华电国际电力股份,2019-04-24 00:00:00,1.78685,1.84685,1.85685,1.77685,23.509,0.00755,12970000.0,45772630.0,3.9395559557644177,1.77685
HK.01071,华电国际电力股份,2019-04-25 00:00:00,1.80685,1.87685,1.88685,1.75685,23.708,0.00665,11425709.0,40531356.0,1.6243874705579662,1.84685
HK.01071,华电国际电力股份,2019-04-26 00:00:00,1.79685,1.83685,1.85685,1.64685,23.443,0.01865,32023700.0,110438912.0,-2.1312305192210257,1.87685
HK.01071,华电国际电力股份,2019-04-29 00:00:00,1.76685,1.66685,1.76685,1.66685,22.317,0.00324,5560980.0,18954525.0,-9.254974548819998,1.83685
HK.01071,华电国际电力股份,2019-04-30 00:00:00,1.66685,1.64685,1.67685,1.60685,22.185,0.0033,5672575.0,19060577.0,-1.1998680145184042,1.66685
HK.01071,华电国际电力股份,2019-05-02 00:00:00,1.65685,1.63685,1.67685,1.61685,22.119,0.0008,1374000.0,4601300.0,-0.6072198439445007,1.64685
HK.01071,华电国际电力股份,2019-05-03 00:00:00,1.62685,1.62685,1.63685,1.59685,22.052,0.00215,3697500.0,12279462.0,-0.6109295292787983,1.63685
HK.01071,华电国际电力股份,2019-05-06 00:00:00,1.62685,1.49685,1.62685,1.45685,21.192,0.00961,16495124.0,53043905.0,-7.99090266465869,1.62685
HK.01071,华电国际电力股份,2019-05-07 00:00:00,1.48685,1.45685,1.52685,1.44685,20.927,0.00885,15202000.0,48348376.0,-2.67227845141464,1.49685
HK.01071,华电国际电力股份,2019-05-08 00:00:00,1.41685,1.38685,1.44685,1.31685,20.463,0.00713,12252000.0,37837890.0,-4.804887256752587,1.45685
HK.01071,华电国际电力股份,2019-05-09 00:00:00,1.37685,1.37685,1.38685,1.27685,20.397,0.00815,13992000.0,42423688.0,-0.7210585138984036,1.38685
HK.01071,华电国际电力股份,2019-05-10 00:00:00,1.35685,1.29685,1.37685,1.26685,19.867,0.00793,13618000.0,41084460.0,-5.810364237208109,1.37685
HK.01071,华电国际电力股份,2019-05-14 00:00:00,1.36685,1.22685,1.36685,1.14685,19.403,0.0117,20088672.0,58694155.0,-5.3976944133862865,1.29685
HK.01071,华电国际电力股份,2019-05-15 00:00:00,1.19685,1.30685,1.36685,1.19685,19.933,0.00798,13699870.0,41299854.0,6.520764559644625,1.22685
HK.01071,华电国际电力股份,2019-05-16 00:00:00,1.34685,1.29685,1.34685,1.28685,19.867,0.00479,8231444.0,24779820.0,-0.7651987603780088,1.30685
HK.01071,华电国际电力股份,2019-05-17 00:00:00,1.29685,1.28685,1.32685,1.25685,19.801,0.00544,9338000.0,27980220.0,-0.7710992019123267,1.29685
HK.01071,华电国际电力股份,2019-05-20 00:00:00,1.26685,1.21685,1.27685,1.19685,19.337,0.00561,9637676.0,28229990.0,-5.439639429614956,1.28685
HK.01071,华电国际电力股份,2019-05-21 00:00:00,1.22685,1.25685,1.28685,1.21685,19.602,0.00191,3276000.0,9717810.0,3.2871759050006193,1.21685
HK.01071,华电国际电力股份,2019-05-22 00:00:00,1.25685,1.25685,1.31685,1.23685,19.602,0.00222,3812000.0,11349770.0,0.0,1.25685
HK.01071,华电国际电力股份,2019-05-23 00:00:00,1.23685,1.24685,1.29685,1.21685,19.536,0.00422,7248972.0,21421897.0,-0.795639893384255,1.25685
HK.01071,华电国际电力股份,2019-05-24 00:00:00,1.23685,1.29685,1.33685,1.23685,19.867,0.00453,7782000.0,23337980.0,4.010105465773753,1.24685
HK.01071,华电国际电力股份,2019-05-27 00:00:00,1.30685,1.40685,1.44685,1.29685,20.596,0.00693,11900000.0,36877180.0,8.482091221035576,1.29685
HK.01071,华电国际电力股份,2019-05-28 00:00:00,1.40685,1.47685,1.47685,1.34685,21.059,0.0057,9786000.0,30835290.0,4.97565483171625,1.40685
HK.01071,华电国际电力股份,2019-05-29 00:00:00,1.46685,1.47685,1.50685,1.39685,21.059,0.00496,8523300.0,27045524.0,0.0,1.47685
HK.01071,华电国际电力股份,2019-05-30 00:00:00,1.47685,1.47685,1.48685,1.43685,21.059,0.00574,9862000.0,31247320.0,0.0,1.47685
HK.01071,华电国际电力股份,2019-05-31 00:00:00,1.48685,1.54685,1.55685,1.48685,21.523,0.0049,8415007.0,27174802.0,4.739817855570983,1.47685
HK.01071,华电国际电力股份,2019-06-03 00:00:00,1.51685,1.57685,1.59685,1.50685,21.721,0.00434,7460000.0,24417620.0,1.9394252836409493,1.54685
HK.01071,华电国际电力股份,2019-06-04 00:00:00,1.60685,1.56685,1.62685,1.53685,21.655,0.00266,4573040.0,15001594.0,-0.6341757300948098,1.57685
HK.01071,华电国际电力股份,2019-06-05 00:00:00,1.58685,1.53685,1.58685,1.51685,21.456,0.0031,5328000.0,17341410.0,-1.9146695599451142,1.56685
HK.01071,华电国际电力股份,2019-06-06 00:00:00,1.55685,1.53685,1.55685,1.51685,21.456,0.0005,852000.0,2761020.0,0.0,1.53685
HK.01071,华电国际电力股份,2019-06-10 00:00:00,1.51685,1.47685,1.52685,1.47685,21.059,0.00169,2894600.0,9261121.0,-3.904089533786645,1.53685
HK.01071,华电国际电力股份,2019-06-11 00:00:00,1.51685,1.53685,1.56685,1.48685,21.456,0.00431,7394861.0,24049139.0,4.062701019060842,1.47685
HK.01071,华电国际电力股份,2019-06-12 00:00:00,1.52685,1.54685,1.54685,1.48685,21.523,0.00165,2841274.0,9152607.0,0.6506815889644408,1.53685
HK.01071,华电国际电力股份,2019-06-13 00:00:00,1.50685,1.52685,1.53685,1.48685,21.39,0.0023,3954000.0,12717524.0,-1.292950189093966,1.54685
HK.01071,华电国际电力股份,2019-06-14 00:00:00,1.53685,1.49685,1.56685,1.49685,21.192,0.00385,6613100.0,21260865.0,-1.9648295510364493,1.52685
HK.01071,华电国际电力股份,2019-06-17 00:00:00,1.51685,1.48685,1.55685,1.48685,21.125,0.00153,2630480.0,8447232.0,-0.66806961285366,1.49685
HK.01071,华电国际电力股份,2019-06-18 00:00:00,1.50685,1.46685,1.50685,1.45685,20.993,0.00232,3978176.0,12648904.0,-1.3451256011030042,1.48685
HK.01071,华电国际电力股份,2019-06-19 00:00:00,1.49685,1.44685,1.52685,1.40685,20.86,0.00286,4910000.0,15565350.0,-1.3634659303950656,1.46685
HK.01071,华电国际电力股份,2019-06-20 00:00:00,1.45685,1.48685,1.49685,1.44685,21.125,0.00188,3232200.0,10263486.0,2.764626602619486,1.44685
HK.01071,华电国际电力股份,2019-06-21 00:00:00,1.49685,1.50685,1.51685,1.44685,21.258,0.00258,4437003.0,14185879.0,1.3451256011030042,1.48685
HK.01071,华电国际电力股份,2019-06-24 00:00:00,1.49685,1.49685,1.52685,1.45685,21.192,0.00253,4338000.0,13857040.0,-0.6636360619836088,1.50685
HK.01071,华电国际电力股份,2019-06-25 00:00:00,1.50685,1.42685,1.53685,1.41685,20.728,0.00156,2676000.0,8434020.0,-4.67648728997562,1.49685
HK.01071,华电国际电力股份,2019-06-26 00:00:00,1.45685,1.45685,1.47685,1.40685,20.927,0.00207,3548000.0,11151382.0,2.102533552931284,1.42685
HK.01071,华电国际电力股份,2019-06-27 00:00:00,1.45685,1.40685,1.46685,1.40685,20.596,0.00353,6057264.0,18953256.0,-3.432062326251848,1.45685
HK.01071,华电国际电力股份,2019-06-28 00:00:00,1.45185,1.46185,1.47185,1.36185,20.463,0.00322,5536219.0,16853279.0,3.909443082062776,1.40685
HK.01071,华电国际电力股份,2019-07-02 00:00:00,1.46185,1.46185,1.51185,1.37185,20.463,0.00877,15066786.0,45871948.0,0.0,1.46185
HK.01071,华电国际电力股份,2019-07-03 00:00:00,1.45185,1.46185,1.46185,1.41185,20.463,0.00178,3064934.0,9407020.0,0.0,1.46185
HK.01071,华电国际电力股份,2019-07-04 00:00:00,1.47185,1.41185,1.55185,1.41185,20.132,0.00359,6168000.0,18975870.0,-3.4203235626090254,1.46185
HK.01071,华电国际电力股份,2019-07-05 00:00:00,1.43185,1.48185,1.49185,1.42185,20.596,0.00121,2086000.0,6447320.0,4.958033785458784,1.41185
HK.01071,华电国际电力股份,2019-07-08 00:00:00,1.47185,1.47185,1.48185,1.42185,20.529,0.00154,2641304.0,8127619.0,-0.6748321355062784,1.48185
HK.01071,华电国际电力股份,2019-07-09 00:00:00,1.48185,1.41185,1.48185,1.39185,20.132,0.00228,3908000.0,11879580.0,-4.076502360974287,1.47185
HK.01071,华电国际电力股份,2019-07-10 00:00:00,1.40185,1.43185,1.45185,1.33185,20.264,0.00518,8898000.0,26882420.0,1.4165810815596571,1.41185
HK.01071,华电国际电力股份,2019-07-11 00:00:00,1.44185,1.43185,1.47185,1.40185,20.264,0.00221,3799924.0,11638986.0,0.0,1.43185
HK.01071,华电国际电力股份,2019-07-12 00:00:00,1.41185,1.40185,1.44185,1.39185,20.066,0.00295,5070000.0,15436020.0,-2.0951915354261987,1.43185
HK.01071,华电国际电力股份,2019-07-15 00:00:00,1.40185,1.41185,1.43185,1.39185,20.132,0.0028,4802000.0,14602480.0,0.7133430823554595,1.40185
HK.01071,华电国际电力股份,2019-07-16 00:00:00,1.42185,1.46185,1.53185,1.42185,20.463,0.00413,7094000.0,21888890.0,3.541452703899142,1.41185
HK.01071,华电国际电力股份,2019-07-17 00:00:00,1.43185,1.41185,1.47185,1.38185,20.132,0.00296,5090000.0,15516540.0,-3.4203235626090254,1.46185
HK.01071,华电国际电力股份,2019-07-18 00:00:00,1.39185,1.43185,1.44185,1.38185,20.264,0.00274,4702000.0,14313460.0,1.4165810815596571,1.41185
HK.01071,华电国际电力股份,2019-07-19 00:00:00,1.44185,1.54185,1.54185,1.42185,20.993,0.00342,5881000.0,18477730.0,7.68236896322938,1.43185
HK.01071,华电国际电力股份,2019-07-22 00:00:00,1.50185,1.46185,1.50185,1.45185,20.463,0.0032,5496000.0,17046200.0,-5.188572169796014,1.54185
HK.01071,华电国际电力股份,2019-07-23 00:00:00,1.46185,1.47185,1.50185,1.44185,20.529,0.00108,1850000.0,5743760.0,0.6840647125218051,1.46185
HK.01071,华电国际电力股份,2019-07-24 00:00:00,1.46185,1.48185,1.52185,1.46185,20.596,0.00185,3176000.0,9918040.0,0.6794170601623661,1.47185
HK.01071,华电国际电力股份,2019-07-25 00:00:00,1.49185,1.52185,1.55185,1.49185,20.86,0.00179,3077019.0,9697187.0,2.699328542025174,1.48185
HK.01071,华电国际电力股份,2019-07-26 00:00:00,1.54185,1.52185,1.58185,1.51185,20.86,0.00264,4532558.0,14393210.0,0.0,1.52185
HK.01071,华电国际电力股份,2019-07-29 00:00:00,1.52185,1.62185,1.65185,1.49185,21.523,0.00698,11987278.0,38862424.0,6.570949830798048,1.52185
HK.01071,华电国际电力股份,2019-07-30 00:00:00,1.61185,1.66185,1.68185,1.61185,21.788,0.00307,5270000.0,17320940.0,2.466319326694826,1.62185
HK.01071,华电国际电力股份,2019-07-31 00:00:00,1.69185,1.66185,1.78185,1.62185,21.788,0.00621,10666000.0,35687700.0,0.0,1.66185
HK.01071,华电国际电力股份,2019-08-01 00:00:00,1.66185,1.80185,1.81185,1.63185,22.715,0.00534,9164522.0,31070827.0,8.424346360983236,1.66185
HK.01071,华电国际电力股份,2019-08-02 00:00:00,1.76185,1.74185,1.77185,1.69185,22.317,0.00677,11626000.0,39144240.0,-3.3299109248827627,1.80185
HK.01071,华电国际电力股份,2019-08-05 00:00:00,1.70185,1.67185,1.71185,1.65185,21.854,0.00499,8562000.0,28288262.0,-4.018715733272087,1.74185
HK.01071,华电国际电力股份,2019-08-06 00:00:00,1.66185,1.61185,1.67185,1.51185,21.456,0.00568,9758000.0,31443440.0,-3.588838711606906,1.67185
HK.01071,华电国际电力股份,2019-08-07 00:00:00,1.63185,1.70185,1.76185,1.60185,22.052,0.00829,14234000.0,47391480.0,5.583646120916963,1.61185
HK.01071,华电国际电力股份,2019-08-08 00:00:00,1.76185,1.67185,1.76185,1.66185,21.854,0.00374,6415158.0,21260627.0,-1.7627875547198653,1.70185
HK.01071,华电国际电力股份,2019-08-09 00:00:00,1.68185,1.62185,1.69185,1.56185,21.523,0.0024,4122777.0,13365675.0,-2.990698926339088,1.67185
HK.01071,华电国际电力股份,2019-08-12 00:00:00,1.60185,1.58185,1.65185,1.57185,21.258,0.00159,2734000.0,8799420.0,-2.466319326694826,1.62185
HK.01071,华电国际电力股份,2019-08-13 00:00:00,1.57185,1.52185,1.63185,1.51185,20.86,0.00472,8111342.0,25888247.0,-3.793027151752698,1.58185
HK.01071,华电国际电力股份,2019-08-14 00:00:00,1.56185,1.52185,1.56185,1.51185,20.86,0.00275,4714000.0,14920950.0,0.0,1.52185
HK.01071,华电国际电力股份,2019-08-15 00:00:00,1.50185,1.57185,1.59185,1.47185,21.192,0.00429,7362369.0,23398167.0,3.285474915399024,1.52185
HK.01071,华电国际电力股份,2019-08-16 00:00:00,1.54185,1.56185,1.58185,1.50185,21.125,0.00224,3846000.0,12196802.0,-0.6361930209625606,1.57185
HK.01071,华电国际电力股份,2019-08-19 00:00:00,1.55185,1.55185,1.59185,1.55185,21.059,0.00097,1668251.0,5330600.0,-0.6402663508019342,1.56185
HK.01071,华电国际电力股份,2019-08-20 00:00:00,1.54185,1.53185,1.58185,1.53185,20.927,0.00158,2718000.0,8664950.0,-1.2887843541579416,1.55185
HK.01071,华电国际电力股份,2019-08-21 00:00:00,1.55185,1.54185,1.56185,1.51185,20.993,0.00109,1879704.0,5953470.0,0.6528054313411894,1.53185
HK.01071,华电国际电力股份,2019-08-22 00:00:00,1.54185,1.47185,1.57185,1.46185,20.529,0.00121,2082000.0,6508520.0,-4.540000648571511,1.54185
HK.01071,华电国际电力股份,2019-08-23 00:00:00,1.47185,1.55185,1.58185,1.42185,21.059,0.00305,5240000.0,16522260.0,5.435336481299035,1.47185
HK.01071,华电国际电力股份,2019-08-26 00:00:00,1.47185,1.45185,1.56185,1.43185,20.397,0.00839,14408649.0,45238358.0,-6.443921770789694,1.55185
HK.01071,华电国际电力股份,2019-08-27 00:00:00,1.44185,1.51185,1.56185,1.44185,20.794,0.00436,7478804.0,23454050.0,4.132658332472351,1.45185
HK.01071,华电国际电力股份,2019-08-28 00:00:00,1.48185,1.43185,1.54185,1.42185,20.264,0.00226,3884000.0,11991052.0,-5.291530244402543,1.51185
HK.01071,华电国际电力股份,2019-08-29 00:00:00,1.43185,1.37185,1.44185,1.32185,19.867,0.00309,5298000.0,15882560.0,-4.1903830708523975,1.43185
HK.01071,华电国际电力股份,2019-08-30 00:00:00,1.35185,1.43185,1.44185,1.35185,20.264,0.00372,6382638.0,19403384.0,4.3736560119546635,1.37185
HK.01071,华电国际电力股份,2019-09-02 00:00:00,1.44185,1.44185,1.45185,1.39185,20.331,0.00172,2950000.0,9012510.0,0.6983971784753995,1.43185
HK.01071,华电国际电力股份,2019-09-03 00:00:00,1.45185,1.42185,1.47185,1.41185,20.198,0.00208,3568000.0,10942816.0,-1.3871068419044987,1.44185
HK.01071,华电国际电力股份,2019-09-04 00:00:00,1.42185,1.43185,1.49185,1.41185,20.264,0.00372,6385838.0,19641307.0,0.7033090691704476,1.42185
HK.01071,华电国际电力股份,2019-09-05 00:00:00,1.45185,1.47185,1.47185,1.42185,20.529,0.00398,6830000.0,21003116.0,2.793588713901598,1.43185
HK.01071,华电国际电力股份,2019-09-06 00:00:00,1.45185,1.50185,1.53185,1.45185,20.728,0.00104,1784000.0,5593360.0,2.0382511804871286,1.47185
HK.01071,华电国际电力股份,2019-09-09 00:00:00,1.49185,1.53185,1.53185,1.49185,20.927,0.00073,1260000.0,3967620.0,1.9975363718081052,1.50185
HK.01071,华电国际电力股份,2019-09-10 00:00:00,1.54185,1.52185,1.55185,1.49185,20.86,0.00111,1907707.0,6001674.0,-0.6528054313411894,1.53185
HK.01071,华电国际电力股份,2019-09-11 00:00:00,1.53185,1.57185,1.57185,1.49185,21.192,0.00096,1656541.0,5273629.0,3.285474915399024,1.52185
HK.01071,华电国际电力股份,2019-09-12 00:00:00,1.53185,1.52185,1.55185,1.45185,20.86,0.00122,2096000.0,6549090.0,-3.180965104812803,1.57185
HK.01071,华电国际电力股份,2019-09-13 00:00:00,1.49185,1.56185,1.56185,1.49185,21.125,0.00062,1069169.0,3393455.0,2.628379932319219,1.52185
HK.01071,华电国际电力股份,2019-09-16 00:00:00,1.54185,1.59185,1.60185,1.52185,21.324,0.00526,9038000.0,28881646.0,1.9207990524058027,1.56185
HK.01071,华电国际电力股份,2019-09-17 00:00:00,1.54185,1.55185,1.56185,1.52185,21.059,0.00368,6316000.0,20007760.0,-2.512799572824075,1.59185
HK.01071,华电国际电力股份,2019-09-18 00:00:00,1.55185,1.54185,1.55185,1.51185,20.993,0.00154,2646000.0,8367620.0,-0.6443921770789708,1.55185
HK.01071,华电国际电力股份,2019-09-19 00:00:00,1.51185,1.46185,1.53185,1.41185,20.463,0.00642,11026941.0,34086584.0,-5.188572169796014,1.54185
HK.01071,华电国际电力股份,2019-09-20 00:00:00,1.48185,1.45185,1.49185,1.43185,20.397,0.00394,6773432.0,20879319.0,-0.6840647125218051,1.46185
HK.01071,华电国际电力股份,2019-09-23 00:00:00,1.47185,1.44185,1.47185,1.40185,20.331,0.00241,4132941.0,12644768.0,-0.6887763887453944,1.45185
HK.01071,华电国际电力股份,2019-09-24 00:00:00,1.44185,1.46185,1.48185,1.39185,20.463,0.00413,7088000.0,21653420.0,1.3871068419044987,1.44185
HK.01071,华电国际电力股份,2019-09-25 00:00:00,1.42185,1.36185,1.42185,1.35185,19.801,0.00432,7423021.0,22338482.0,-6.840647125218051,1.46185
HK.01071,华电国际电力股份,2019-09-26 00:00:00,1.40185,1.42185,1.45185,1.36185,20.198,0.00273,4695372.0,14284678.0,4.405771560744579,1.36185
HK.01071,华电国际电力股份,2019-09-27 00:00:00,1.41185,1.39185,1.41185,1.35185,20.0,0.00187,3214334.0,9660667.0,-2.1099272075113427,1.42185
HK.01071,华电国际电力股份,2019-09-30 00:00:00,1.39185,1.35185,1.39185,1.33185,19.735,0.00162,2790000.0,8316584.0,-2.8738729029708683,1.39185
HK.01071,华电国际电力股份,2019-10-02 00:00:00,1.35185,1.32185,1.36185,1.32185,19.536,0.0008,1372000.0,4065720.0,-2.219181122165923,1.35185
HK.01071,华电国际电力股份,2019-10-03 00:00:00,1.32185,1.25185,1.32185,1.25185,19.072,0.00134,2296000.0,6637960.0,-5.29560842758256,1.32185
HK.01071,华电国际电力股份,2019-10-04 00:00:00,1.25185,1.29185,1.30185,1.25185,19.337,0.00106,1828000.0,5319660.0,3.195270998921599,1.25185
HK.01071,华电国际电力股份,2019-10-08 00:00:00,1.29185,1.25185,1.31185,1.24185,19.072,0.00452,7766000.0,22572448.0,-3.096334713782563,1.29185
HK.01071,华电国际电力股份,2019-10-09 00:00:00,1.26185,1.26185,1.28185,1.24185,19.139,0.00337,5783880.0,16733936.0,0.7988177497303998,1.25185
HK.01071,华电国际电力股份,2019-10-10 00:00:00,1.28185,1.33185,1.35185,1.24185,19.602,0.00333,5712000.0,16732012.0,5.547410548004919,1.26185
HK.01071,华电国际电力股份,2019-10-11 00:00:00,1.35185,1.38185,1.39185,1.35185,19.933,0.00067,1155027.0,3463479.0,3.7541765213800384,1.33185
HK.01071,华电国际电力股份,2019-10-14 00:00:00,1.38185,1.41185,1.41185,1.36185,20.132,0.00126,2164000.0,6527080.0,2.171002641386549,1.38185
HK.01071,华电国际电力股份,2019-10-15 00:00:00,1.41185,1.38185,1.41185,1.35185,19.933,0.00125,2152000.0,6469360.0,-2.1248716223394855,1.41185
HK.01071,华电国际电力股份,2019-10-16 00:00:00,1.38185,1.40185,1.40185,1.36185,20.066,0.00125,2140100.0,6466749.0,1.4473350942576992,1.38185
HK.01071,华电国际电力股份,2019-10-17 00:00:00,1.39185,1.37185,1.39185,1.32185,19.867,0.00336,5772000.0,17219460.0,-2.140029247066378,1.40185
HK.01071,华电国际电力股份,2019-10-18 00:00:00,1.35185,1.38185,1.42185,1.34185,19.933,0.00172,2948000.0,8866540.0,0.7289426686591106,1.37185
HK.01071,华电国际电力股份,2019-10-21 00:00:00,1.38185,1.37185,1.40185,1.34185,17.543,0.00108,1862000.0,5567040.0,-0.7236675471288496,1.38185
HK.01071,华电国际电力股份,2019-10-22 00:00:00,1.37185,1.39185,1.40185,1.36185,17.66,0.00153,2619425.0,7879526.0,1.4578853373182212,1.37185
HK.01071,华电国际电力股份,2019-10-23 00:00:00,1.36185,1.43185,1.43185,1.36185,17.894,0.00164,2812000.0,8529540.0,2.8738729029708683,1.39185
HK.01071,华电国际电力股份,2019-10-24 00:00:00,1.43185,1.40185,1.46185,1.37185,17.719,0.0028,4800294.0,14497944.0,-2.0951915354261987,1.43185
HK.01071,华电国际电力股份,2019-10-25 00:00:00,1.41185,1.41185,1.45185,1.34185,17.777,0.00478,8200000.0,24869014.0,0.7133430823554595,1.40185
HK.01071,华电国际电力股份,2019-10-28 00:00:00,1.42185,1.42185,1.47185,1.41185,17.836,0.00316,5428000.0,16688752.0,0.7082905407798286,1.41185
HK.01071,华电国际电力股份,2019-10-29 00:00:00,1.44185,1.42185,1.44185,1.38185,17.836,0.00327,5617688.0,17063846.0,0.0,1.42185
HK.01071,华电国际电力股份,2019-10-30 00:00:00,1.41185,1.36185,1.42185,1.35185,17.485,0.00632,10858680.0,32705607.0,-4.219854415022685,1.42185
HK.01071,华电国际电力股份,2019-10-31 00:00:00,1.37185,1.31185,1.37185,1.27185,17.192,0.00471,8090680.0,23730624.0,-3.6714763006204825,1.36185
HK.01071,华电国际电力股份,2019-11-01 00:00:00,1.32185,1.32185,1.33185,1.31185,17.251,0.00084,1444000.0,4260814.0,0.7622822731257392,1.31185
HK.01071,华电国际电力股份,2019-11-04 00:00:00,1.34185,1.37185,1.38185,1.31185,17.543,0.00417,7159294.0,21313190.0,3.782577448273257,1.32185
HK.01071,华电国际电力股份,2019-11-05 00:00:00,1.37185,1.37185,1.41185,1.36185,17.543,0.00238,4091000.0,12335726.0,0.0,1.37185
HK.01071,华电国际电力股份,2019-11-06 00:00:00,1.37185,1.43185,1.45185,1.36185,17.894,0.00477,8187000.0,24747395.0,4.3736560119546635,1.37185
HK.01071,华电国际电力股份,2019-11-07 00:00:00,1.40185,1.44185,1.44185,1.39185,17.953,0.00226,3887770.0,11857369.0,0.6983971784753995,1.43185
HK.01071,华电国际电力股份,2019-11-08 00:00:00,1.43185,1.42185,1.44185,1.41185,17.836,0.00165,2839294.0,8663639.0,-1.3871068419044987,1.44185
HK.01071,华电国际电力股份,2019-11-11 00:00:00,1.41185,1.34185,1.41185,1.32185,17.368,0.00116,1993980.0,5955941.0,-5.62647255336358,1.42185
HK.01071,华电国际电力股份,2019-11-12 00:00:00,1.37185,1.32185,1.37185,1.29185,17.251,0.0016,2743017.0,8092272.0,-1.49047956179901,1.34185
HK.01071,华电国际电力股份,2019-11-13 00:00:00,1.33185,1.27185,1.33185,1.26185,16.959,0.00226,3887462.0,11351752.0,-3.782577448273257,1.32185
HK.01071,华电国际电力股份,2019-11-14 00:00:00,1.28185,1.19185,1.28185,1.18185,16.491,0.00255,4378000.0,12513234.0,-6.290049927271286,1.27185
HK.01071,华电国际电力股份,2019-11-15 00:00:00,1.24185,1.17185,1.24185,1.13185,16.374,0.00199,3410000.0,9539620.0,-1.678063514704033,1.19185
HK.01071,华电国际电力股份,2019-11-18 00:00:00,1.19185,1.14185,1.19185,1.10185,16.198,0.00397,6810000.0,18813150.0,-2.5600546144984446,1.17185
HK.01071,华电国际电力股份,2019-11-19 00:00:00,1.16185,1.15185,1.16185,1.11185,16.257,0.00232,3984000.0,11012686.0,0.8757717738757288,1.14185
HK.01071,华电国际电力股份,2019-11-20 00:00:00,1.16185,1.14185,1.18185,1.11185,16.198,0.00226,3878692.0,10788702.0,-0.8681685983417987,1.15185
HK.01071,华电国际电力股份,2019-11-21 00:00:00,1.15185,1.12185,1.15185,1.09185,16.081,0.00268,4594000.0,12652210.0,-1.7515435477514576,1.14185
HK.01071,华电国际电力股份,2019-11-22 00:00:00,1.15185,1.17185,1.17185,1.12185,16.374,0.00316,5423328.0,15064155.0,4.456923831171729,1.12185
HK.01071,华电国际电力股份,2019-11-25 00:00:00,1.17185,1.22185,1.22185,1.15185,16.666,0.00195,3355888.0,9498727.0,4.266757690830741,1.17185
HK.01071,华电国际电力股份,2019-11-26 00:00:00,1.24185,1.19185,1.24185,1.16185,16.491,0.00558,9585100.0,27100487.0,-2.455293202929985,1.22185
HK.01071,华电国际电力股份,2019-11-27 00:00:00,1.21185,1.25185,1.27185,1.19185,16.842,0.00193,3322000.0,9546430.0,5.03419054411208,1.19185
HK.01071,华电国际电力股份,2019-11-28 00:00:00,1.26185,1.24185,1.26185,1.23185,16.783,0.0014,2412000.0,6925300.0,-0.7988177497303998,1.25185
HK.01071,华电国际电力股份,2019-11-29 00:00:00,1.23185,1.22185,1.24185,1.19185,16.666,0.00186,3192000.0,9079216.0,-1.6105004630188668,1.24185
HK.01071,华电国际电力股份,2019-12-02 00:00:00,1.24185,1.25185,1.30185,1.24185,16.842,0.00243,4166000.0,12097780.0,2.455293202929967,1.22185
HK.01071,华电国际电力股份,2019-12-03 00:00:00,1.25185,1.32185,1.34185,1.25185,17.251,0.00426,7319770.0,21520644.0,5.591724248112798,1.25185
HK.01071,华电国际电力股份,2019-12-04 00:00:00,1.34185,1.26185,1.35185,1.25185,16.9,0.00223,3828000.0,11144390.0,-4.539092937927909,1.32185
HK.01071,华电国际电力股份,2019-12-05 00:00:00,1.30185,1.27185,1.31185,1.25185,16.959,0.00274,4704000.0,13671964.0,0.7924872211435597,1.26185
HK.01071,华电国际电力股份,2019-12-06 00:00:00,1.29185,1.25185,1.29185,1.22185,16.842,0.00109,1870000.0,5370582.0,-1.5725124818178258,1.27185
HK.01071,华电国际电力股份,2019-12-09 00:00:00,1.24185,1.23185,1.26185,1.22185,16.725,0.00202,3468000.0,9956530.0,-1.5976354994607995,1.25185
HK.01071,华电国际电力股份,2019-12-10 00:00:00,1.25185,1.22185,1.25185,1.19185,16.666,0.00138,2362000.0,6736170.0,-0.8117871494094077,1.23185
HK.01071,华电国际电力股份,2019-12-11 00:00:00,1.24185,1.25185,1.26185,1.21185,16.842,0.00165,2829057.0,8100113.0,2.455293202929967,1.22185
HK.01071,华电国际电力股份,2019-12-12 00:00:00,1.27185,1.25185,1.27185,1.22185,16.842,0.00174,2983736.0,8589562.0,0.0,1.25185
HK.01071,华电国际电力股份,2019-12-13 00:00:00,1.25185,1.25185,1.29185,1.24185,16.842,0.00428,7354000.0,21249320.0,0.0,1.25185
HK.01071,华电国际电力股份,2019-12-16 00:00:00,1.25185,1.27185,1.29185,1.25185,16.959,0.00111,1910000.0,5545800.0,1.5976354994607995,1.25185
HK.01071,华电国际电力股份,2019-12-17 00:00:00,1.28185,1.30185,1.31185,1.27185,17.134,0.00143,2450000.0,7146950.0,2.358768722726739,1.27185
HK.01071,华电国际电力股份,2019-12-18 00:00:00,1.31185,1.30185,1.31185,1.27185,17.134,0.00099,1706000.0,4990280.0,0.0,1.30185
HK.01071,华电国际电力股份,2019-12-19 00:00:00,1.30185,1.29185,1.33185,1.26185,17.076,0.00321,5516294.0,16108627.0,-0.7681376502669286,1.30185
HK.01071,华电国际电力股份,2019-12-20 00:00:00,1.30185,1.29185,1.31185,1.26185,17.076,0.00211,3624083.0,10557017.0,0.0,1.29185
HK.01071,华电国际电力股份,2019-12-23 00:00:00,1.30185,1.27185,1.31185,1.25185,16.959,0.00163,2802100.0,8126480.0,-1.5481673568912815,1.29185
HK.01071,华电国际电力股份,2019-12-24 00:00:00,1.27185,1.25185,1.28185,1.25185,16.842,0.00034,576000.0,1663560.0,-1.5725124818178258,1.27185
HK.01071,华电国际电力股份,2019-12-27 00:00:00,1.26185,1.29185,1.30185,1.26185,17.076,0.0018,3095852.0,9013875.0,3.195270998921599,1.25185
HK.01071,华电国际电力股份,2019-12-30 00:00:00,1.27185,1.28185,1.31185,1.25185,17.017,0.00162,2788200.0,8113396.0,-0.7740836784456407,1.29185
HK.01071,华电国际电力股份,2019-12-31 00:00:00,1.31185,1.33185,1.33185,1.28185,17.309,0.00466,7998000.0,23430740.0,3.9006123961461983,1.28185
HK.01071,华电国际电力股份,2020-01-02 00:00:00,1.33185,1.32185,1.35185,1.31185,17.251,0.00194,3336000.0,9864260.0,-0.7508353042760078,1.33185
HK.01071,华电国际电力股份,2020-01-03 00:00:00,1.34185,1.32185,1.34185,1.30185,17.251,0.00151,2590000.0,7649520.0,0.0,1.32185
HK.01071,华电国际电力股份,2020-01-06 00:00:00,1.30185,1.28185,1.31185,1.27185,17.017,0.00131,2244256.0,6535687.0,-3.0260619586186053,1.32185
HK.01071,华电国际电力股份,2020-01-07 00:00:00,1.27185,1.27185,1.29185,1.26185,16.959,0.00221,3788400.0,11017010.0,-0.7801224792292397,1.28185
HK.01071,华电国际电力股份,2020-01-08 00:00:00,1.25185,1.21185,1.26185,1.20185,16.608,0.00239,4106602.0,11723183.0,-4.71753744545346,1.27185
HK.01071,华电国际电力股份,2020-01-09 00:00:00,1.24185,1.21185,1.26185,1.19185,16.608,0.00289,4970006.0,14188660.0,0.0,1.21185
HK.01071,华电国际电力股份,2020-01-10 00:00:00,1.21185,1.21185,1.22185,1.20185,16.608,0.00102,1760000.0,4999374.0,0.0,1.21185
HK.01071,华电国际电力股份,2020-01-13 00:00:00,1.19185,1.20185,1.21185,1.17185,16.549,0.00305,5229799.0,14735593.0,-0.8251846350620958,1.21185
HK.01071,华电国际电力股份,2020-01-14 00:00:00,1.20185,1.27185,1.29185,1.20185,16.959,0.00433,7442000.0,21544096.0,5.8243541207305265,1.20185
HK.01071,华电国际电力股份,2020-01-15 00:00:00,1.27185,1.25185,1.28185,1.21185,16.842,0.00211,3626062.0,10433157.0,-1.5725124818178258,1.27185
HK.01071,华电国际电力股份,2020-01-16 00:00:00,1.25185,1.23185,1.25185,1.21185,16.725,0.00159,2731085.0,7807063.0,-1.5976354994607995,1.25185
HK.01071,华电国际电力股份,2020-01-17 00:00:00,1.25185,1.27185,1.27185,1.23185,16.959,0.00451,7751861.0,22363239.0,3.247148597637703,1.23185
HK.01071,华电国际电力股份,2020-01-20 00:00:00,1.30185,1.28185,1.31185,1.26185,17.017,0.00349,5991861.0,17500994.0,0.7862562409089129,1.27185
HK.01071,华电国际电力股份,2020-01-21 00:00:00,1.27185,1.18185,1.28185,1.16185,16.432,0.00377,6476000.0,18302576.0,-7.80122479229238,1.28185
HK.01071,华电国际电力股份,2020-01-22 00:00:00,1.19185,1.24185,1.25185,1.15185,16.783,0.00253,4339737.0,12358843.0,5.07678639421245,1.18185
HK.01071,华电国际电力股份,2020-01-23 00:00:00,1.22185,1.23185,1.25185,1.21185,16.725,0.00122,2092000.0,5985296.0,-0.8052502315094424,1.24185
HK.01071,华电国际电力股份,2020-01-24 00:00:00,1.24185,1.24185,1.24185,1.18185,16.783,0.0002,336000.0,954440.0,0.8117871494094258,1.23185
HK.01071,华电国际电力股份,2020-01-29 00:00:00,1.23185,1.07185,1.23185,1.07185,15.789,0.00269,4618000.0,12551240.0,-13.689253935660503,1.24185
HK.01071,华电国际电力股份,2020-01-30 00:00:00,1.07185,1.05185,1.09185,1.04185,15.672,0.00253,4338000.0,11685590.0,-1.8659327331249727,1.07185
HK.01071,华电国际电力股份,2020-01-31 00:00:00,1.08185,0.94185,1.08185,0.93185,15.029,0.0023,3954000.0,10240120.0,-10.457764890431145,1.05185
HK.01071,华电国际电力股份,2020-02-03 00:00:00,0.94185,0.95185,1.00185,0.93185,15.087,0.00367,6293976.0,16256395.0,1.0617401921749758,0.94185
HK.01071,华电国际电力股份,2020-02-04 00:00:00,0.97185,0.97185,1.00185,0.95185,15.204,0.00155,2656000.0,6924820.0,2.101171403057206,0.95185
HK.01071,华电国际电力股份,2020-02-05 00:00:00,1.00185,0.96185,1.00185,0.95185,15.146,0.00126,2156400.0,5611420.0,-1.0289653753151216,0.97185
HK.01071,华电国际电力股份,2020-02-06 00:00:00,0.98185,1.00185,1.02185,0.97185,15.38,0.00129,2222500.0,5848825.0,4.158652596558707,0.96185
HK.01071,华电国际电力股份,2020-02-07 00:00:00,1.00185,0.99185,1.00185,0.96185,15.321,0.00168,2887610.0,7544944.0,-0.9981534161800568,1.00185
HK.01071,华电国际电力股份,2020-02-10 00:00:00,0.96185,0.96185,1.00185,0.95185,15.146,0.00176,3030000.0,7887570.0,-3.024650904874732,0.99185
HK.01071,华电国际电力股份,2020-02-11 00:00:00,0.98185,0.99185,1.00185,0.98185,15.321,0.0022,3784000.0,9904700.0,3.118989447419039,0.96185
HK.01071,华电国际电力股份,2020-02-12 00:00:00,1.00185,0.96185,1.00185,0.95185,15.146,0.00588,10093047.0,26183082.0,-3.024650904874732,0.99185
HK.01071,华电国际电力股份,2020-02-13 00:00:00,0.95185,0.93185,0.97185,0.93185,14.97,0.00442,7592000.0,19575328.0,-3.118989447419039,0.96185
HK.01071,华电国际电力股份,2020-02-14 00:00:00,0.94185,0.93185,0.95185,0.90185,14.97,0.00584,10027000.0,25597416.0,0.0,0.93185
HK.01071,华电国际电力股份,2020-02-17 00:00:00,0.91185,0.93185,0.95185,0.91185,14.97,0.00176,3014000.0,7724440.0,0.0,0.93185
HK.01071,华电国际电力股份,2020-02-18 00:00:00,0.93185,0.89185,0.94185,0.89185,14.736,0.00483,8302000.0,21044560.0,-4.292536352417227,0.93185
HK.01071,华电国际电力股份,2020-02-19 00:00:00,0.90185,0.88185,0.91185,0.86185,14.678,0.00545,9355430.0,23475343.0,-1.1212647866793752,0.89185
HK.01071,华电国际电力股份,2020-02-20 00:00:00,0.89185,0.88185,0.90185,0.86185,14.678,0.00337,5786000.0,14488520.0,0.0,0.88185
HK.01071,华电国际电力股份,2020-02-21 00:00:00,0.87185,0.87185,0.89185,0.86185,14.619,0.00184,3162000.0,7927500.0,-1.1339797017633393,0.88185
HK.01071,华电国际电力股份,2020-02-24 00:00:00,0.88185,0.86185,0.89185,0.84185,14.561,0.00421,7230818.0,18051767.0,-1.1469862935137936,0.87185
HK.01071,华电国际电力股份,2020-02-25 00:00:00,0.83185,0.82185,0.86185,0.81185,14.327,0.00406,6966000.0,17158020.0,-4.641178859430299,0.86185
HK.01071,华电国际电力股份,2020-02-26 00:00:00,0.81185,0.82185,0.84185,0.80185,14.327,0.00284,4874014.0,11970153.0,0.0,0.82185
HK.01071,华电国际电力股份,2020-02-27 00:00:00,0.82185,0.82185,0.86185,0.82185,14.327,0.00218,3742000.0,9223640.0,0.0,0.82185
HK.01071,华电国际电力股份,2020-02-28 00:00:00,0.81185,0.72185,0.81185,0.69185,13.742,0.00594,10199288.0,24166381.0,-12.167670499482872,0.82185
HK.01071,华电国际电力股份,2020-03-02 00:00:00,0.72185,0.74185,0.77185,0.68185,13.859,0.00786,13502304.0,31822480.0,2.77065872411166,0.72185
HK.01071,华电国际电力股份,2020-03-03 00:00:00,0.76185,0.72185,0.79185,0.71185,13.742,0.00507,8714000.0,20579680.0,-2.6959627957134216,0.74185
HK.01071,华电国际电力股份,2020-03-04 00:00:00,0.74185,0.70185,0.74185,0.70185,13.625,0.00651,11178000.0,26236500.0,-2.77065872411166,0.72185
HK.01071,华电国际电力股份,2020-03-05 00:00:00,0.73185,0.74185,0.76185,0.72185,13.859,0.00451,7746000.0,18343200.0,5.699223480800746,0.70185
HK.01071,华电国际电力股份,2020-03-06 00:00:00,0.74185,0.67185,0.74185,0.67185,13.45,0.00769,13201893.0,30632891.0,-9.435869784996974,0.74185
HK.01071,华电国际电力股份,2020-03-09 00:00:00,0.63185,0.481849999,0.68185,0.421849999,12.339,0.02716,46642000.0,101349140.0,-28.280122199895807,0.67185
HK.01071,华电国际电力股份,2020-03-10 00:00:00,0.51185,0.59185,0.65185,0.50185,12.982,0.01044,17931550.0,39365467.0,22.828681379742,0.481849999
HK.01071,华电国际电力股份,2020-03-11 00:00:00,0.60185,0.62185,0.64185,0.60185,13.157,0.00243,4165643.0,9391488.0,5.068851905043513,0.59185
HK.01071,华电国际电力股份,2020-03-12 00:00:00,0.61185,0.53185,0.61185,0.51185,12.631,0.00455,7820193.0,16949265.0,-14.472943635925056,0.62185
HK.01071,华电国际电力股份,2020-03-13 00:00:00,0.47185,0.50185,0.53185,0.401849999,12.456,0.0102,17510000.0,36485840.0,-5.640688163956007,0.53185
HK.01071,华电国际电力股份,2020-03-16 00:00:00,0.481849999,0.401849999,0.52185,0.401849999,11.871,0.00436,7492000.0,15569280.0,-19.92627298993723,0.50185
HK.01071,华电国际电力股份,2020-03-17 00:00:00,0.401849999,0.35185,0.421849999,0.33185,11.578,0.00641,11002000.0,21971254.0,-12.442453433974007,0.401849999
HK.01071,华电国际电力股份,2020-03-18 00:00:00,0.35185,0.30185,0.39185,0.28185,11.286,0.01162,19956000.0,39609500.0,-14.210601108426884,0.35185
HK.01071,华电国际电力股份,2020-03-19 00:00:00,0.30185,0.24185,0.33185,0.22185,10.935,0.01558,26758000.0,50762540.0,-19.877422560874606,0.30185
HK.01071,华电国际电力股份,2020-03-20 00:00:00,0.26185,0.35185,0.35185,0.26185,11.578,0.00832,14280218.0,28081078.0,45.48273723382261,0.24185
HK.01071,华电国际电力股份,2020-03-23 00:00:00,0.31185,0.30185,0.381849999,0.28185,11.286,0.00472,8112000.0,15924040.0,-14.210601108426884,0.35185
HK.01071,华电国际电力股份,2020-03-24 00:00:00,0.31185,0.401849999,0.421849999,0.31185,11.871,0.00653,11208908.0,22609799.0,33.1290372701673,0.30185
HK.01071,华电国际电力股份,2020-03-25 00:00:00,0.461849999,0.45185,0.481849999,0.421849999,12.163,0.00852,14628000.0,30547900.0,12.44245393167214,0.401849999
HK.01071,华电国际电力股份,2020-03-26 00:00:00,0.51185,0.51185,0.57185,0.461849999,5.691,0.00817,14026000.0,30167760.0,13.278742945667824,0.45185
HK.01071,华电国际电力股份,2020-03-27 00:00:00,0.55185,0.66185,0.68185,0.55185,6.09,0.01102,18932000.0,42812160.0,29.30546058415552,0.51185
HK.01071,华电国际电力股份,2020-03-30 00:00:00,0.61185,0.64185,0.71185,0.61185,6.037,0.00664,11394000.0,26074590.0,-3.0218327415577573,0.66185
HK.01071,华电国际电力股份,2020-03-31 00:00:00,0.67185,0.68185,0.69185,0.65185,6.143,0.0039,6703994.0,15416266.0,6.231985666432955,0.64185
HK.01071,华电国际电力股份,2020-04-01 00:00:00,0.67185,0.62185,0.75185,0.61185,5.984,0.0057,9794755.0,22727554.0,-8.799589352496875,0.68185
HK.01071,华电国际电力股份,2020-04-02 00:00:00,0.61185,0.65185,0.67185,0.60185,6.063,0.00255,4378736.0,9933858.0,4.824314545308359,0.62185
HK.01071,华电国际电力股份,2020-04-03 00:00:00,0.63185,0.59185,0.63185,0.56185,5.904,0.00164,2824000.0,6264880.0,-9.204571603896609,0.65185
HK.01071,华电国际电力股份,2020-04-06 00:00:00,0.62185,0.58185,0.62185,0.52185,5.877,0.00352,6052000.0,13214870.0,-1.6896173016811709,0.59185
HK.01071,华电国际电力股份,2020-04-07 00:00:00,0.62185,0.64185,0.69185,0.61185,6.037,0.00905,15535600.0,35450400.0,10.3119360659964,0.58185
HK.01071,华电国际电力股份,2020-04-08 00:00:00,0.66185,0.66185,0.70185,0.63185,6.09,0.00795,13659552.0,31507433.0,3.1159928332164863,0.64185
HK.01071,华电国际电力股份,2020-04-09 00:00:00,0.70185,0.75185,0.76185,0.66185,6.329,0.00799,13722000.0,32069120.0,13.59824733700989,0.66185
HK.01071,华电国际电力股份,2020-04-14 00:00:00,0.74185,0.76185,0.81185,0.71185,6.356,0.00854,14670000.0,35441040.0,1.3300525370752156,0.75185
HK.01071,华电国际电力股份,2020-04-15 00:00:00,0.76185,0.77185,0.79185,0.73185,6.382,0.00682,11719495.0,28103605.0,1.312594342718384,0.76185
HK.01071,华电国际电力股份,2020-04-16 00:00:00,0.74185,0.70185,0.78185,0.69185,6.196,0.00637,10947134.0,25861005.0,-9.06911964759993,0.77185
HK.01071,华电国际电力股份,2020-04-17 00:00:00,0.73185,0.75185,0.79185,0.71185,6.329,0.00831,14278000.0,34106900.0,7.1240293510009325,0.70185
HK.01071,华电国际电力股份,2020-04-20 00:00:00,0.80185,0.73185,0.80185,0.71185,6.276,0.00554,9514000.0,22484260.0,-2.6601050741504313,0.75185
HK.01071,华电国际电力股份,2020-04-21 00:00:00,0.72185,0.70185,0.73185,0.65185,6.196,0.0085,14596000.0,33925100.0,-4.099200655872108,0.73185
HK.01071,华电国际电力股份,2020-04-22 00:00:00,0.68185,0.76185,0.76185,0.67185,6.356,0.00604,10370846.0,24406856.0,8.548835221201118,0.70185
HK.01071,华电国际电力股份,2020-04-23 00:00:00,0.73185,0.75185,0.89185,0.73185,6.329,0.01072,18415495.0,45033772.0,-1.312594342718384,0.76185
HK.01071,华电国际电力股份,2020-04-24 00:00:00,0.76185,0.74185,0.86185,0.74185,6.303,0.00757,12998590.0,31553004.0,-1.3300525370752156,0.75185
HK.01071,华电国际电力股份,2020-04-27 00:00:00,0.77185,0.83185,0.84185,0.74185,6.542,0.00788,13540000.0,33110620.0,12.131832580710382,0.74185
HK.01071,华电国际电力股份,2020-04-28 00:00:00,0.80185,0.80185,0.85185,0.77185,6.462,0.00342,5865660.0,14241030.0,-3.6064194265793144,0.83185
HK.01071,华电国际电力股份,2020-04-29 00:00:00,0.87185,1.06185,1.11185,0.87185,7.154,0.01256,21574186.0,56704728.0,32.42501714784561,0.80185
HK.01071,华电国际电力股份,2020-05-04 00:00:00,1.07185,0.91185,1.07185,0.89185,6.755,0.00648,11130186.0,28439533.0,-14.12628902387342,1.06185
HK.01071,华电国际电力股份,2020-05-05 00:00:00,0.94185,0.90185,0.94185,0.87185,6.728,0.00568,9753019.0,24561297.0,-1.0966716016888751,0.91185
HK.01071,华电国际电力股份,2020-05-06 00:00:00,0.92185,0.97185,1.01185,0.88185,6.914,0.00908,15600955.0,40432205.0,7.761822919554244,0.90185
HK.01071,华电国际电力股份,2020-05-07 00:00:00,0.96185,0.93185,1.02185,0.92185,6.808,0.00883,15162000.0,38997140.0,-4.115861501260486,0.97185
HK.01071,华电国际电力股份,2020-05-08 00:00:00,0.93185,0.87185,0.94185,0.87185,6.648,0.01208,20744000.0,52506760.0,-6.4388045286258455,0.93185
HK.01071,华电国际电力股份,2020-05-11 00:00:00,0.90185,0.83185,0.91185,0.82185,6.542,0.01419,24364000.0,60643570.0,-4.587945174055174,0.87185
HK.01071,华电国际电力股份,2020-05-12 00:00:00,0.82185,0.83185,0.87185,0.81185,6.542,0.00754,12947638.0,32001738.0,0.0,0.83185
HK.01071,华电国际电力股份,2020-05-13 00:00:00,0.83185,0.88185,0.89185,0.83185,6.675,0.01085,18637977.0,46509018.0,6.010699044298858,0.83185
HK.01071,华电国际电力股份,2020-05-14 00:00:00,0.87185,0.77185,0.87185,0.77185,6.382,0.01572,26999990.0,65779035.0,-12.47377671939672,0.88185
HK.01071,华电国际电力股份,2020-05-15 00:00:00,0.79185,0.74185,0.79185,0.72185,6.303,0.01263,21696000.0,51713310.0,-3.886765563257113,0.77185
HK.01071,华电国际电力股份,2020-05-18 00:00:00,0.72185,0.72185,0.75185,0.71185,6.25,0.01127,19353998.0,45623229.0,-2.6959627957134216,0.74185
HK.01071,华电国际电力股份,2020-05-19 00:00:00,0.76185,0.76185,0.77185,0.73185,6.356,0.01513,25983426.0,61904096.0,5.54131744822332,0.72185
HK.01071,华电国际电力股份,2020-05-20 00:00:00,0.76185,0.82185,0.84185,0.76185,6.515,0.01481,25426020.0,61978078.0,7.875566056310289,0.76185
HK.01071,华电国际电力股份,2020-05-21 00:00:00,0.83185,0.82185,0.84185,0.79185,6.515,0.00999,17160137.0,41976788.0,0.0,0.82185
HK.01071,华电国际电力股份,2020-05-22 00:00:00,0.79185,0.73185,0.81185,0.69185,6.276,0.01028,17646718.0,41619903.0,-10.950903449534584,0.82185
HK.01071,华电国际电力股份,2020-05-25 00:00:00,0.71185,0.77185,0.77185,0.67185,6.382,0.00894,15353000.0,36321660.0,5.465600874496144,0.73185
HK.01071,华电国际电力股份,2020-05-26 00:00:00,0.78185,0.77185,0.84185,0.74185,6.382,0.00887,15232000.0,37098280.0,0.0,0.77185
HK.01071,华电国际电力股份,2020-05-27 00:00:00,0.78185,0.79185,0.81185,0.75185,6.436,0.00957,16434000.0,39577992.0,2.5911770421714087,0.77185
HK.01071,华电国际电力股份,2020-05-28 00:00:00,0.80185,0.73185,0.87185,0.72185,6.276,0.00955,16396760.0,39554866.0,-7.577192650123135,0.79185
HK.01071,华电国际电力股份,2020-05-29 00:00:00,0.74185,0.75185,0.76185,0.69185,6.329,0.07041,120912007.0,287253708.0,2.732800437248072,0.73185
HK.01071,华电国际电力股份,2020-06-01 00:00:00,0.76185,0.77185,0.79185,0.75185,6.382,0.00806,13835261.0,33291185.0,2.6601050741504313,0.75185
HK.01071,华电国际电力股份,2020-06-02 00:00:00,0.81185,0.76185,0.82185,0.74185,6.356,0.00837,14378000.0,34420990.0,-1.2955885210857043,0.77185
HK.01071,华电国际电力股份,2020-06-03 00:00:00,0.79185,0.77185,0.81185,0.74185,6.382,0.00585,10046000.0,24109156.0,1.312594342718384,0.76185
HK.01071,华电国际电力股份,2020-06-04 00:00:00,0.79185,0.75185,0.79185,0.74185,6.329,0.00663,11393100.0,27215003.0,-2.5911770421714087,0.77185
HK.01071,华电国际电力股份,2020-06-05 00:00:00,0.76185,0.77185,0.79185,0.75185,6.382,0.00393,6754676.0,16244402.0,2.6601050741504313,0.75185
HK.01071,华电国际电力股份,2020-06-08 00:00:00,0.80185,0.75185,0.80185,0.75185,6.329,0.00637,10934050.0,26296541.0,-2.5911770421714087,0.77185
HK.01071,华电国际电力股份,2020-06-09 00:00:00,0.77185,0.77185,0.79185,0.77185,6.382,0.00367,6296843.0,15165746.0,2.6601050741504313,0.75185
HK.01071,华电国际电力股份,2020-06-10 00:00:00,0.78185,0.78185,0.81185,0.77185,6.409,0.00386,6624000.0,16027970.0,1.2955885210857043,0.77185
HK.01071,华电国际电力股份,2020-06-11 00:00:00,0.79185,0.73185,0.79185,0.72185,6.276,0.00526,9029479.0,21471834.0,-6.395088571976728,0.78185
HK.01071,华电国际电力股份,2020-06-12 00:00:00,0.70185,0.68185,0.71185,0.66185,6.143,0.007,12028000.0,27803192.0,-6.832001093120181,0.73185
HK.01071,华电国际电力股份,2020-06-15 00:00:00,0.68185,0.65185,0.70185,0.64185,6.063,0.00354,6080000.0,13937000.0,-4.39979467624843,0.68185
HK.01071,华电国际电力股份,2020-06-16 00:00:00,0.67185,0.69185,0.73185,0.66185,6.17,0.01413,24270030.0,56293638.0,6.136381069264389,0.65185
HK.01071,华电国际电力股份,2020-06-17 00:00:00,0.69185,0.68185,0.70185,0.66185,6.143,0.00265,4557000.0,10515190.0,-1.4454000144540016,0.69185
HK.01071,华电国际电力股份,2020-06-18 00:00:00,0.69185,0.72185,0.75185,0.68185,6.25,0.00397,6822000.0,16064180.0,5.866392901664595,0.68185
HK.01071,华电国际电力股份,2020-06-19 00:00:00,0.71185,0.75185,0.77185,0.71185,6.329,0.01013,17392969.0,41356138.0,4.15598808616749,0.72185
HK.01071,华电国际电力股份,2020-06-22 00:00:00,0.74185,0.74185,0.76185,0.71185,6.303,0.00346,5943330.0,14080125.0,-1.3300525370752156,0.75185
HK.01071,华电国际电力股份,2020-06-23 00:00:00,0.74185,0.73185,0.74185,0.70185,6.276,0.00338,5809525.0,13671224.0,-1.3479813978567108,0.74185
HK.01071,华电国际电力股份,2020-06-24 00:00:00,0.72185,0.71185,0.72185,0.69185,6.223,0.002,3429160.0,7997209.0,-2.732800437248072,0.73185
HK.01071,华电国际电力股份,2020-06-26 00:00:00,0.69185,0.63185,0.69185,0.63185,6.01,0.00282,4848092.0,11041746.0,-11.238322680339955,0.71185
HK.01071,华电国际电力股份,2020-06-29 00:00:00,0.65185,0.65185,0.67185,0.63185,6.063,0.00527,9044805.0,20600323.0,3.1653082218881092,0.63185
HK.01071,华电国际电力股份,2020-06-30 00:00:00,0.65185,0.60185,0.67185,0.59185,5.93,0.0126,21635257.0,48791045.0,-7.670476336580507,0.65185
HK.01071,华电国际电力股份,2020-07-02 00:00:00,0.63185,0.69185,0.72185,0.62185,6.17,0.00802,13778000.0,31840740.0,14.953892165822044,0.60185
HK.01071,华电国际电力股份,2020-07-03 00:00:00,0.74185,0.74185,0.78185,0.70185,5.877,0.00984,16894000.0,37063300.0,7.227000072270008,0.69185
HK.01071,华电国际电力股份,2020-07-06 00:00:00,0.78185,0.92185,0.96185,0.75185,6.356,0.01672,28706000.0,66748810.0,24.263665161420764,0.74185
HK.01071,华电国际电力股份,2020-07-07 00:00:00,1.00185,0.82185,1.02185,0.81185,6.09,0.01408,24172730.0,56993952.0,-10.847751803438735,0.92185
HK.01071,华电国际电力股份,2020-07-08 00:00:00,0.83185,0.84185,0.88185,0.83185,6.143,0.0069,11846000.0,27473780.0,2.433534099896577,0.82185
HK.01071,华电国际电力股份,2020-07-09 00:00:00,0.86185,0.83185,0.88185,0.83185,6.117,0.00919,15780024.0,36610714.0,-1.1878600700837452,0.84185
HK.01071,华电国际电力股份,2020-07-10 00:00:00,0.83185,0.78185,0.84185,0.76185,5.984,0.00856,14704000.0,33276000.0,-6.010699044298844,0.83185
HK.01071,华电国际电力股份,2020-07-13 00:00:00,0.77185,0.79185,0.84185,0.77185,6.01,0.00387,6637938.0,15135752.0,1.2790177143953454,0.78185
HK.01071,华电国际电力股份,2020-07-14 00:00:00,0.80185,0.77185,0.83185,0.75185,5.957,0.00771,13246000.0,29743990.0,-2.5257308833743783,0.79185
HK.01071,华电国际电力股份,2020-07-15 00:00:00,0.78185,0.75185,0.81185,0.73185,5.904,0.0091,15618448.0,34740541.0,-2.5911770421714087,0.77185
HK.01071,华电国际电力股份,2020-07-16 00:00:00,0.75185,0.75185,0.77185,0.71185,5.904,0.00909,15601914.0,34364975.0,0.0,0.75185
HK.01071,华电国际电力股份,2020-07-17 00:00:00,0.76185,0.72185,0.77185,0.72185,5.824,0.00602,10346000.0,22837040.0,-3.990157611225647,0.75185
HK.01071,华电国际电力股份,2020-07-20 00:00:00,0.71185,0.83185,0.85185,0.71185,6.117,0.01226,21048000.0,47941900.0,15.238622982614114,0.72185
HK.01071,华电国际电力股份,2020-07-21 00:00:00,0.85185,0.87185,0.90185,0.85185,6.223,0.01516,26030000.0,60815790.0,4.808559235439086,0.83185
HK.01071,华电国际电力股份,2020-07-22 00:00:00,0.86185,0.80185,0.86185,0.79185,6.037,0.01088,18683792.0,42996111.0,-8.028904054596554,0.87185
HK.01071,华电国际电力股份,2020-07-23 00:00:00,0.81185,0.83185,0.87185,0.81185,6.117,0.01035,17770000.0,41155230.0,3.7413481324437274,0.80185
HK.01071,华电国际电力股份,2020-07-24 00:00:00,0.81185,0.81185,0.85185,0.80185,6.063,0.00855,14686000.0,33635600.0,-2.404279617719543,0.83185
HK.01071,华电国际电力股份,2020-07-27 00:00:00,0.81185,0.80185,0.85185,0.77185,6.037,0.00985,16910000.0,38541080.0,-1.2317546344768135,0.81185
HK.01071,华电国际电力股份,2020-07-28 00:00:00,0.81185,0.81185,0.85185,0.80185,6.063,0.00636,10914000.0,25072780.0,1.2471160441479092,0.80185
HK.01071,华电国际电力股份,2020-07-29 00:00:00,0.83185,0.84185,0.88185,0.83185,6.143,0.01065,18296000.0,42591840.0,3.6952639034304404,0.81185
HK.01071,华电国际电力股份,2020-07-30 00:00:00,0.84185,0.83185,0.88185,0.83185,6.117,0.00714,12261468.0,28473827.0,-1.1878600700837452,0.84185
HK.01071,华电国际电力股份,2020-07-31 00:00:00,0.83185,0.88185,0.92185,0.83185,6.25,0.01209,20754000.0,49137118.0,6.010699044298858,0.83185
HK.01071,华电国际电力股份,2020-08-03 00:00:00,0.87185,0.92185,0.94185,0.87185,6.356,0.00592,10174000.0,24403240.0,4.535918807053345,0.88185
HK.01071,华电国际电力股份,2020-08-04 00:00:00,0.93185,0.85185,0.93185,0.85185,6.17,0.00432,7414106.0,17382705.0,-7.593426262407112,0.92185
HK.01071,华电国际电力股份,2020-08-05 00:00:00,0.85185,0.85185,0.88185,0.83185,6.17,0.00424,7286000.0,16889440.0,0.0,0.85185
HK.01071,华电国际电力股份,2020-08-06 00:00:00,0.84185,0.81185,0.87185,0.81185,6.063,0.00759,13032726.0,29999739.0,-4.695662381874747,0.85185
HK.01071,华电国际电力股份,2020-08-07 00:00:00,0.83185,0.81185,0.83185,0.80185,6.063,0.00318,5458480.0,12468694.0,0.0,0.81185
HK.01071,华电国际电力股份,2020-08-10 00:00:00,0.81185,0.80185,0.84185,0.79185,6.037,0.00366,6280000.0,14323680.0,-1.2317546344768135,0.81185
HK.01071,华电国际电力股份,2020-08-11 00:00:00,0.80185,0.79185,0.83185,0.79185,6.01,0.00422,7242000.0,16502440.0,-1.2471160441478952,0.80185
HK.01071,华电国际电力股份,2020-08-12 00:00:00,0.79185,0.80185,0.82185,0.78185,6.037,0.0019,3270367.0,7421489.0,1.2628654416871752,0.79185
HK.01071,华电国际电力股份,2020-08-13 00:00:00,0.81185,0.85185,0.87185,0.80185,6.17,0.0086,14770000.0,34160640.0,6.235580220739545,0.80185
HK.01071,华电国际电力股份,2020-08-14 00:00:00,0.84185,0.85185,0.88185,0.83185,6.17,0.00477,8186000.0,19047760.0,0.0,0.85185
HK.01071,华电国际电力股份,2020-08-17 00:00:00,0.84185,0.88185,0.91185,0.84185,6.25,0.00753,12934000.0,30474340.0,3.5217467864060605,0.85185
HK.01071,华电国际电力股份,2020-08-18 00:00:00,0.88185,0.82185,0.89185,0.82185,6.09,0.00681,11692000.0,27025340.0,-6.803878210580036,0.88185
HK.01071,华电国际电力股份,2020-08-19 00:00:00,1.04185,1.03185,1.52185,0.98185,6.648,0.03019,51846000.0,131792820.0,25.55210804891403,0.82185
HK.01071,华电国际电力股份,2020-08-20 00:00:00,1.04185,1.00185,1.07185,0.97185,6.569,0.01392,23899442.0,59271529.0,-2.9073993312981568,1.03185
HK.01071,华电国际电力股份,2020-08-21 00:00:00,0.99185,0.88185,1.00185,0.85185,6.25,0.02136,36682000.0,86457840.0,-11.977840994160792,1.00185
HK.01071,华电国际电力股份,2020-08-24 00:00:00,0.89185,0.82185,0.91185,0.82185,6.09,0.01333,22884000.0,53059710.0,-6.803878210580036,0.88185
HK.01071,华电国际电力股份,2020-08-25 00:00:00,0.83185,0.79185,0.86185,0.77185,6.01,0.01405,24120000.0,54860710.0,-3.650301149844852,0.82185
HK.01071,华电国际电力股份,2020-08-26 00:00:00,0.80185,0.77185,0.82185,0.76185,5.957,0.00913,15678000.0,35417520.0,-2.5257308833743783,0.79185
HK.01071,华电国际电力股份,2020-08-27 00:00:00,0.78185,0.74185,0.79185,0.73185,5.877,0.00921,15820000.0,35015220.0,-3.886765563257113,0.77185
HK.01071,华电国际电力股份,2020-08-28 00:00:00,0.74185,0.73185,0.77185,0.72185,5.851,0.00955,16394000.0,36342550.0,-1.3479813978567108,0.74185
HK.01071,华电国际电力股份,2020-08-31 00:00:00,0.74185,0.70185,0.77185,0.70185,5.771,0.01899,32602000.0,71701560.0,-4.099200655872108,0.73185
HK.01071,华电国际电力股份,2020-09-01 00:00:00,0.71185,0.70185,0.74185,0.69185,5.771,0.00727,12477656.0,27301379.0,0.0,0.70185
HK.01071,华电国际电力股份,2020-09-02 00:00:00,0.72185,0.65185,0.72185,0.641849999,5.638,0.0137,23518000.0,50405500.0,-7.124029351000917,0.70185
HK.01071,华电国际电力股份,2020-09-03 00:00:00,0.67185,0.66185,0.71185,0.641849999,5.664,0.00474,8132000.0,17490120.0,1.5340952673161017,0.65185
HK.01071,华电国际电力股份,2020-09-04 00:00:00,0.641849999,0.641849999,0.67185,0.621849999,5.611,0.00364,6254000.0,13258150.0,-3.0218328926494067,0.66185
HK.01071,华电国际电力股份,2020-09-07 00:00:00,0.641849999,0.63185,0.67185,0.63185,5.585,0.00315,5401600.0,11440132.0,-1.5579962632359414,0.641849999
HK.01071,华电国际电力股份,2020-09-08 00:00:00,0.641849999,0.67185,0.67185,0.641849999,5.691,0.00231,3974000.0,8458240.0,6.330616443776201,0.63185
HK.01071,华电国际电力股份,2020-09-09 00:00:00,0.65185,0.66185,0.68185,0.641849999,5.664,0.00233,3996000.0,8517080.0,-1.4884274763711987,0.67185
HK.01071,华电国际电力股份,2020-09-10 00:00:00,0.67185,0.66185,0.67185,0.641849999,5.664,0.00283,4860000.0,10320720.0,0.0,0.66185
HK.01071,华电国际电力股份,2020-09-11 00:00:00,0.65185,0.59185,0.65185,0.581849999,5.478,0.00996,17111042.0,35550908.0,-10.576414595452151,0.66185
HK.01071,华电国际电力股份,2020-09-14 00:00:00,0.601849999,0.621849999,0.621849999,0.581849999,5.558,0.00425,7304000.0,15121160.0,5.068851736081787,0.59185
HK.01071,华电国际电力股份,2020-09-15 00:00:00,0.61185,0.621849999,0.621849999,0.57185,5.558,0.00696,11952000.0,24689438.0,0.0,0.621849999
HK.01071,华电国际电力股份,2020-09-16 00:00:00,0.621849999,0.541849999,0.621849999,0.541849999,5.345,0.01703,29252000.0,59576994.0,-12.864838808176964,0.621849999
HK.01071,华电国际电力股份,2020-09-17 00:00:00,0.55185,0.601849999,0.601849999,0.541849999,5.505,0.00559,9602000.0,19545020.0,11.073175253433941,0.541849999
HK.01071,华电国际电力股份,2020-09-18 00:00:00,0.581849999,0.59185,0.601849999,0.561849999,5.478,0.01217,20891751.0,42803117.0,-1.661543410586603,0.601849999
HK.01071,华电国际电力股份,2020-09-21 00:00:00,0.59185,0.57185,0.61185,0.57185,5.425,0.00507,8700034.0,17990426.0,-3.3792346033623417,0.59185
HK.01071,华电国际电力股份,2020-09-22 00:00:00,0.581849999,0.581849999,0.601849999,0.55185,5.452,0.00244,4184128.0,8555998.0,1.74871015126345,0.57185
HK.01071,华电国际电力股份,2020-09-23 00:00:00,0.57185,0.561849999,0.59185,0.541849999,5.398,0.00337,5782128.0,11713578.0,-3.437312027906357,0.581849999
HK.01071,华电国际电力股份,2020-09-24 00:00:00,0.561849999,0.55185,0.561849999,0.51185,5.372,0.00503,8646000.0,17342000.0,-1.7798343005781578,0.561849999
HK.01071,华电国际电力股份,2020-09-25 00:00:00,0.55185,0.57185,0.601849999,0.541849999,5.425,0.00649,11138000.0,22755100.0,3.6241732354806593,0.55185
HK.01071,华电国际电力股份,2020-09-28 00:00:00,0.581849999,0.581849999,0.59185,0.541849999,5.452,0.00525,9020000.0,18383940.0,1.74871015126345,0.57185
HK.01071,华电国际电力股份,2020-09-29 00:00:00,0.59185,0.53185,0.601849999,0.53185,5.319,0.00248,4265000.0,8639046.0,-8.593279897900278,0.581849999
HK.01071,华电国际电力股份,2020-09-30 00:00:00,0.53185,0.52185,0.55185,0.52185,5.292,0.00131,2250000.0,4506040.0,-1.8802293879853358,0.53185
HK.01071,华电国际电力股份,2020-10-05 00:00:00,0.52185,0.57185,0.581849999,0.51185,5.425,0.00176,3022000.0,6128052.0,9.581297307655442,0.52185
HK.01071,华电国际电力股份,2020-10-06 00:00:00,0.561849999,0.59185,0.59185,0.561849999,5.478,0.00194,3340000.0,6825070.0,3.4974206522689553,0.57185
HK.01071,华电国际电力股份,2020-10-07 00:00:00,0.581849999,0.59185,0.601849999,0.561849999,5.478,0.00221,3794000.0,7813296.0,0.0,0.59185
HK.01071,华电国际电力股份,2020-10-08 00:00:00,0.59185,0.601849999,0.601849999,0.57185,5.505,0.00164,2820000.0,5797324.0,1.6896171327194454,0.59185
HK.01071,华电国际电力股份,2020-10-09 00:00:00,0.581849999,0.581849999,0.601849999,0.57185,5.452,0.00395,6780000.0,13903720.0,-3.323087153481912,0.601849999
HK.01071,华电国际电力股份,2020-10-12 00:00:00,0.57185,0.601849999,0.621849999,0.57185,5.505,0.00832,14284028.0,29615257.0,3.437312027906357,0.581849999
HK.01071,华电国际电力股份,2020-10-14 00:00:00,0.601849999,0.67185,0.69185,0.57185,5.691,0.02412,41424631.0,87954233.0,11.630805203341026,0.601849999
HK.01071,华电国际电力股份,2020-10-15 00:00:00,0.66185,0.601849999,0.68185,0.601849999,5.505,0.00439,7534000.0,15842040.0,-10.418992483441233,0.67185
HK.01071,华电国际电力股份,2020-10-16 00:00:00,0.601849999,0.61185,0.63185,0.601849999,5.531,0.00305,5230000.0,10925400.0,1.6615437428953093,0.601849999
HK.01071,华电国际电力股份,2020-10-19 00:00:00,0.621849999,0.621849999,0.66185,0.61185,5.558,0.00748,12848418.0,27053363.0,1.6343873498406534,0.61185
HK.01071,华电国际电力股份,2020-10-20 00:00:00,0.621849999,0.561849999,0.63185,0.55185,5.398,0.0085,14604272.0,29875213.0,-9.648629106132724,0.621849999
HK.01071,华电国际电力股份,2020-10-21 00:00:00,0.561849999,0.57185,0.581849999,0.541849999,5.425,0.00561,9636000.0,19531990.0,1.7798346565450436,0.561849999
HK.01071,华电国际电力股份,2020-10-22 00:00:00,0.57185,0.55185,0.581849999,0.55185,5.372,0.00212,3634000.0,7372940.0,-3.4974206522689553,0.57185
HK.01071,华电国际电力股份,2020-10-23 00:00:00,0.561849999,0.59185,0.59185,0.561849999,5.478,0.0023,3952000.0,8075120.0,7.248346470961319,0.55185
HK.01071,华电国际电力股份,2020-10-27 00:00:00,0.57185,0.561849999,0.581849999,0.55185,5.398,0.00304,5218000.0,10613180.0,-5.068852074005237,0.59185
HK.01071,华电国际电力股份,2020-10-28 00:00:00,0.57185,0.561849999,0.621849999,0.561849999,5.398,0.00674,11574000.0,23714060.0,0.0,0.561849999
HK.01071,华电国际电力股份,2020-10-29 00:00:00,0.561849999,0.48185,0.561849999,0.48185,5.186,0.01839,31580000.0,62516440.0,-14.238675650509345,0.561849999
HK.01071,华电国际电力股份,2020-10-30 00:00:00,0.50185,0.45185,0.51185,0.45185,5.106,0.0086,14762000.0,28706560.0,-6.2260039431358365,0.48185
HK.01071,华电国际电力股份,2020-11-02 00:00:00,0.46185,0.46185,0.47185,0.44185,5.132,0.00417,7160000.0,13741920.0,2.2131238242779703,0.45185
HK.01071,华电国际电力股份,2020-11-03 00:00:00,0.47185,0.50185,0.52185,0.47185,5.239,0.00518,8890000.0,17473070.0,8.660820612753065,0.46185
HK.01071,华电国际电力股份,2020-11-04 00:00:00,0.50185,0.47185,0.51185,0.45185,5.159,0.00396,6802000.0,13221060.0,-5.977881837202356,0.50185
HK.01071,华电国际电力股份,2020-11-05 00:00:00,0.48185,0.49185,0.50185,0.46185,5.212,0.00507,8702000.0,16981840.0,4.238635159478651,0.47185
HK.01071,华电国际电力股份,2020-11-06 00:00:00,0.50185,0.53185,0.541849999,0.49185,5.319,0.00625,10736000.0,21349940.0,8.132560740063035,0.49185
HK.01071,华电国际电力股份,2020-11-09 00:00:00,0.55185,0.541849999,0.561849999,0.53185,5.345,0.00454,7794000.0,15707940.0,1.8802291999623812,0.53185
HK.01071,华电国际电力股份,2020-11-10 00:00:00,0.55185,0.561849999,0.581849999,0.541849999,5.398,0.00573,9836746.0,20022812.0,3.691058417811314,0.541849999
HK.01071,华电国际电力股份,2020-11-11 00:00:00,0.57185,0.63185,0.66185,0.561849999,5.585,0.01134,19468490.0,40641719.0,12.458841527914648,0.561849999
HK.01071,华电国际电力股份,2020-11-12 00:00:00,0.641849999,0.621849999,0.65185,0.59185,5.558,0.00479,8218000.0,17133820.0,-1.582654269209461,0.63185
HK.01071,华电国际电力股份,2020-11-13 00:00:00,0.601849999,0.57185,0.601849999,0.55185,5.425,0.00472,8112746.0,16538712.0,-8.040524094300123,0.621849999
HK.01071,华电国际电力股份,2020-11-16 00:00:00,0.57185,0.621849999,0.63185,0.57185,5.558,0.00905,15540740.0,32315814.0,8.74355145580136,0.57185
HK.01071,华电国际电力股份,2020-11-17 00:00:00,0.63185,0.621849999,0.63185,0.59185,5.558,0.00309,5304000.0,11022860.0,0.0,0.621849999
HK.01071,华电国际电力股份,2020-11-18 00:00:00,0.61185,0.621849999,0.63185,0.61185,5.558,0.00191,3272000.0,6835900.0,0.0,0.621849999
HK.01071,华电国际电力股份,2020-11-19 00:00:00,0.61185,0.61185,0.621849999,0.59185,5.531,0.00417,7158000.0,14836160.0,-1.60810469021164,0.621849999
HK.01071,华电国际电力股份,2020-11-20 00:00:00,0.601849999,0.581849999,0.61185,0.57185,5.452,0.00535,9182000.0,18830720.0,-4.903162703276947,0.61185
HK.01071,华电国际电力股份,2020-11-23 00:00:00,0.59185,0.59185,0.61185,0.561849999,5.478,0.01058,18164000.0,37340590.0,1.718656185818775,0.581849999
HK.01071,华电国际电力股份,2020-11-24 00:00:00,0.601849999,0.63185,0.641849999,0.601849999,5.585,0.0041,7034000.0,14734040.0,6.758469206724683,0.59185
HK.01071,华电国际电力股份,2020-11-25 00:00:00,0.641849999,0.61185,0.66185,0.601849999,5.531,0.00493,8458000.0,17767810.0,-3.1653082218881092,0.63185
HK.01071,华电国际电力股份,2020-11-26 00:00:00,0.61185,0.66185,0.68185,0.601849999,5.664,0.01263,21688000.0,45920190.0,8.171937566397,0.61185
HK.01071,华电国际电力股份,2020-11-27 00:00:00,0.66185,0.641849999,0.66185,0.621849999,5.611,0.00437,7500080.0,15797567.0,-3.0218328926494067,0.66185
HK.01071,华电国际电力股份,2020-11-30 00:00:00,0.65185,0.581849999,0.70185,0.581849999,5.452,0.01276,21910000.0,46174120.0,-9.347978514213558,0.641849999
HK.01071,华电国际电力股份,2020-12-01 00:00:00,0.581849999,0.59185,0.61185,0.57185,5.478,0.00744,12778000.0,26309150.0,1.718656185818775,0.581849999
HK.01071,华电国际电力股份,2020-12-02 00:00:00,0.59185,0.59185,0.61185,0.57185,5.478,0.01105,18970000.0,38930260.0,0.0,0.59185
HK.01071,华电国际电力股份,2020-12-03 00:00:00,0.59185,0.57185,0.59185,0.561849999,5.425,0.00803,13788560.0,28221028.0,-3.3792346033623417,0.59185
HK.01071,华电国际电力股份,2020-12-04 00:00:00,0.57185,0.57185,0.59185,0.561849999,5.425,0.00654,11236000.0,22908340.0,0.0,0.57185
HK.01071,华电国际电力股份,2020-12-07 00:00:00,0.57185,0.52185,0.581849999,0.52185,5.292,0.0109,18726000.0,37522140.0,-8.743551630672368,0.57185
HK.01071,华电国际电力股份,2020-12-08 00:00:00,0.53185,0.50185,0.53185,0.50185,5.239,0.00756,12988000.0,25743840.0,-3.8325189230621857,0.52185
HK.01071,华电国际电力股份,2020-12-09 00:00:00,0.51185,0.48185,0.51185,0.48185,5.186,0.0057,9795652.0,19192808.0,-3.985254558134904,0.50185
HK.01071,华电国际电力股份,2020-12-10 00:00:00,0.48185,0.44185,0.48185,0.43185,5.079,0.011,18890000.0,36311710.0,-8.30133859084777,0.48185
HK.01071,华电国际电力股份,2020-12-11 00:00:00,0.45185,0.42185,0.46185,0.41185,5.026,0.00982,16871178.0,31991379.0,-4.526422994228815,0.44185
HK.01071,华电国际电力股份,2020-12-14 00:00:00,0.44185,0.44185,0.46185,0.42185,5.079,0.00637,10936000.0,20945940.0,4.741021690174237,0.42185
HK.01071,华电国际电力股份,2020-12-15 00:00:00,0.44185,0.43185,0.45185,0.41185,5.053,0.00612,10502000.0,19945120.0,-2.2632114971144075,0.44185
HK.01071,华电国际电力股份,2020-12-16 00:00:00,0.44185,0.44185,0.45185,0.43185,5.079,0.00377,6472000.0,12339480.0,2.315618849137434,0.43185
HK.01071,华电国际电力股份,2020-12-17 00:00:00,0.44185,0.43185,0.45185,0.42185,5.053,0.0043,7378000.0,14047280.0,-2.2632114971144075,0.44185
HK.01071,华电国际电力股份,2020-12-18 00:00:00,0.43185,0.47185,0.48185,0.43185,5.159,0.02448,42042000.0,81152080.0,9.262475396549723,0.43185
HK.01071,华电国际电力股份,2020-12-21 00:00:00,0.47185,0.43185,0.48185,0.43185,5.053,0.00759,13036000.0,25118200.0,-8.477270318957292,0.47185
HK.01071,华电国际电力股份,2020-12-22 00:00:00,0.44185,0.40185,0.44185,0.38185,4.973,0.01367,23468150.0,43927323.0,-6.946856547412302,0.43185
HK.01071,华电国际电力股份,2020-12-23 00:00:00,0.40185,0.41185,0.42185,0.39185,5.0,0.00484,8307946.0,15532179.0,2.488490730372032,0.40185
HK.01071,华电国际电力股份,2020-12-24 00:00:00,0.41185,0.45185,0.45185,0.41185,5.106,0.00435,7474000.0,14235950.0,9.712273886123585,0.41185
HK.01071,华电国际电力股份,2020-12-28 00:00:00,0.46185,0.53185,0.53185,0.46185,5.319,0.01517,26054000.0,51705540.0,17.704990594223762,0.45185
HK.01071,华电国际电力股份,2020-12-29 00:00:00,0.53185,0.52185,0.53185,0.48185,5.292,0.00493,8464000.0,16654260.0,-1.8802293879853358,0.53185
HK.01071,华电国际电力股份,2020-12-30 00:00:00,0.52185,0.48185,0.53185,0.47185,5.186,0.01146,19686000.0,38587920.0,-7.665037846124371,0.52185
HK.01071,华电国际电力股份,2020-12-31 00:00:00,0.49185,0.48185,0.51185,0.47185,5.186,0.00885,15194000.0,29801540.0,0.0,0.48185
HK.01071,华电国际电力股份,2021-01-04 00:00:00,0.49185,0.601849999,0.621849999,0.46185,5.505,0.02806,48194000.0,97434880.0,24.904015565009864,0.48185
HK.01071,华电国际电力股份,2021-01-05 00:00:00,0.59185,0.561849999,0.59185,0.541849999,5.398,0.00415,7121545.0,14428858.0,-6.646174306963824,0.601849999
HK.01071,华电国际电力股份,2021-01-06 00:00:00,0.55185,0.57185,0.57185,0.52185,5.425,0.01918,32931399.0,66428475.0,1.7798346565450436,0.561849999
HK.01071,华电国际电力股份,2021-01-07 00:00:00,0.57185,0.53185,0.581849999,0.53185,5.319,0.0074,12702730.0,25531789.0,-6.994841304537891,0.57185
HK.01071,华电国际电力股份,2021-01-08 00:00:00,0.53185,0.52185,0.541849999,0.50185,5.292,0.01298,22284000.0,44241580.0,-1.8802293879853358,0.53185
HK.01071,华电国际电力股份,2021-01-11 00:00:00,0.52185,0.51185,0.53185,0.49185,5.265,0.01524,26172827.0,51780462.0,-1.9162594615310928,0.52185
HK.01071,华电国际电力股份,2021-01-12 00:00:00,0.51185,0.53185,0.53185,0.51185,5.319,0.00774,13298000.0,26396520.0,3.907394744554072,0.51185
HK.01071,华电国际电力股份,2021-01-13 00:00:00,0.53185,0.581849999,0.59185,0.53185,5.452,0.0091,15622355.0,31803917.0,9.401146751903724,0.53185
HK.01071,华电国际电力股份,2021-01-14 00:00:00,0.581849999,0.61185,0.621849999,0.57185,5.531,0.00944,16203965.0,33570026.0,5.1559682137251315,0.581849999
HK.01071,华电国际电力股份,2021-01-15 00:00:00,0.61185,0.57185,0.61185,0.561849999,5.425,0.00639,10966000.0,22521220.0,-6.5375500531176,0.61185
HK.01071,华电国际电力股份,2021-01-18 00:00:00,0.581849999,0.581849999,0.59185,0.561849999,5.452,0.01275,21892000.0,44718300.0,1.74871015126345,0.57185
HK.01071,华电国际电力股份,2021-01-19 00:00:00,0.59185,0.69185,0.70185,0.59185,5.744,0.03219,55274000.0,117952280.0,18.90521632535054,0.581849999
HK.01071,华电国际电力股份,2021-01-20 00:00:00,0.70185,0.68185,0.71185,0.65185,5.718,0.00929,15950000.0,34237170.0,-1.4454000144540016,0.69185
HK.01071,华电国际电力股份,2021-01-21 00:00:00,0.69185,0.68185,0.70185,0.641849999,5.718,0.00764,13114000.0,28134100.0,0.0,0.68185
HK.01071,华电国际电力股份,2021-01-22 00:00:00,0.68185,0.61185,0.69185,0.61185,5.531,0.0071,12188000.0,25726390.0,-10.266187577913024,0.68185
HK.01071,华电国际电力股份,2021-01-25 00:00:00,0.621849999,0.601849999,0.641849999,0.57185,5.505,0.0118,20271786.0,41786639.0,-1.6343876767181469,0.61185
HK.01071,华电国际电力股份,2021-01-26 00:00:00,0.59185,0.55185,0.601849999,0.55185,5.372,0.00611,10495310.0,21371092.0,-8.307717717550428,0.601849999
HK.01071,华电国际电力股份,2021-01-27 00:00:00,0.57185,0.581849999,0.581849999,0.541849999,5.452,0.00506,8694197.0,17657941.0,5.436259672012333,0.55185
HK.01071,华电国际电力股份,2021-01-28 00:00:00,0.55185,0.53185,0.561849999,0.52185,5.319,0.00728,12506000.0,25082540.0,-8.593279897900278,0.581849999
HK.01071,华电国际电力股份,2021-01-29 00:00:00,0.541849999,0.51185,0.55185,0.50185,5.265,0.00619,10622000.0,21157580.0,-3.7604587759706716,0.53185
HK.01071,华电国际电力股份,2021-02-01 00:00:00,0.51185,0.52185,0.541849999,0.49185,5.292,0.01064,18279000.0,36245020.0,1.953697372277036,0.51185
HK.01071,华电国际电力股份,2021-02-02 00:00:00,0.53185,0.52185,0.57185,0.51185,5.292,0.01295,22242000.0,44459560.0,0.0,0.52185
HK.01071,华电国际电力股份,2021-02-03 00:00:00,0.52185,0.53185,0.53185,0.50185,5.319,0.00819,14060000.0,27921940.0,1.9162594615310928,0.52185
HK.01071,华电国际电力股份,2021-02-04 00:00:00,0.53185,0.52185,0.53185,0.50185,5.292,0.00623,10696000.0,21182780.0,-1.8802293879853358,0.53185
HK.01071,华电国际电力股份,2021-02-05 00:00:00,0.52185,0.51185,0.53185,0.50185,5.265,0.00456,7830000.0,15554860.0,-1.9162594615310928,0.52185
HK.01071,华电国际电力股份,2021-02-08 00:00:00,0.52185,0.50185,0.53185,0.49185,5.239,0.00916,15734000.0,31097400.0,-1.953697372277036,0.51185
HK.01071,华电国际电力股份,2021-02-09 00:00:00,0.50185,0.49185,0.51185,0.49185,5.212,0.00181,3104000.0,6119080.0,-1.992627279067452,0.50185
HK.01071,华电国际电力股份,2021-02-10 00:00:00,0.51185,0.52185,0.53185,0.50185,5.292,0.00101,1740000.0,3454140.0,6.099420555047276,0.49185
HK.01071,华电国际电力股份,2021-02-11 00:00:00,0.53185,0.53185,0.53185,0.51185,5.319,0.0008,1367062.0,2719373.0,1.9162594615310928,0.52185
HK.01071,华电国际电力股份,2021-02-16 00:00:00,0.53185,0.581849999,0.581849999,0.53185,5.452,0.00385,6618000.0,13466040.0,9.401146751903724,0.53185
HK.01071,华电国际电力股份,2021-02-17 00:00:00,0.59185,0.59185,0.59185,0.55185,5.478,0.00373,6412431.0,13108477.0,1.718656185818775,0.581849999
HK.01071,华电国际电力股份,2021-02-18 00:00:00,0.581849999,0.621849999,0.65185,0.561849999,5.558,0.0136,23350000.0,48490520.0,5.068851736081787,0.59185
HK.01071,华电国际电力股份,2021-02-19 00:00:00,0.61185,0.66185,0.68185,0.61185,5.664,0.01053,18088000.0,38439000.0,6.432419564898963,0.621849999
HK.01071,华电国际电力股份,2021-02-22 00:00:00,0.67185,0.69185,0.75185,0.67185,5.744,0.01517,26055900.0,57036397.0,4.532749112336619,0.66185
HK.01071,华电国际电力股份,2021-02-23 00:00:00,0.70185,0.68185,0.71185,0.66185,5.718,0.00773,13276000.0,28626720.0,-1.4454000144540016,0.69185
HK.01071,华电国际电力股份,2021-02-24 00:00:00,0.68185,0.63185,0.70185,0.601849999,5.585,0.01269,21790000.0,45979540.0,-7.332991127080726,0.68185
HK.01071,华电国际电力股份,2021-02-25 00:00:00,0.641849999,0.70185,0.72185,0.63185,5.771,0.0069,11848000.0,25550300.0,11.078578776608364,0.63185
HK.01071,华电国际电力股份,2021-02-26 00:00:00,0.68185,0.66185,0.71185,0.65185,5.664,0.00626,10746000.0,23021590.0,-5.699223480800731,0.70185
HK.01071,华电国际电力股份,2021-03-01 00:00:00,0.67185,0.66185,0.69185,0.65185,5.664,0.00447,7670038.0,16384782.0,0.0,0.66185
HK.01071,华电国际电力股份,2021-03-02 00:00:00,0.67185,0.67185,0.68185,0.641849999,5.691,0.00631,10839092.0,23104351.0,1.5109163707788618,0.66185
HK.01071,华电国际电力股份,2021-03-03 00:00:00,0.68185,0.70185,0.71185,0.68185,5.771,0.00424,7286000.0,15766360.0,4.465282429113645,0.67185
HK.01071,华电国际电力股份,2021-03-04 00:00:00,0.71185,0.71185,0.72185,0.69185,5.797,0.00787,13521195.0,29369185.0,1.4248058702001865,0.70185
HK.01071,华电国际电力股份,2021-03-05 00:00:00,0.71185,0.69185,0.71185,0.66185,5.744,0.00623,10706000.0,23101220.0,-2.8095806700849923,0.71185
HK.01071,华电国际电力股份,2021-03-08 00:00:00,0.69185,0.68185,0.71185,0.68185,5.718,0.00727,12485325.0,27027222.0,-1.4454000144540016,0.69185
HK.01071,华电国际电力股份,2021-03-09 00:00:00,0.68185,0.67185,0.70185,0.65185,5.691,0.0093,15966000.0,34242380.0,-1.4665982254161487,0.68185
HK.01071,华电国际电力股份,2021-03-10 00:00:00,0.68185,0.65185,0.68185,0.641849999,5.638,0.00451,7748000.0,16493020.0,-2.976854952742414,0.67185
HK.01071,华电国际电力股份,2021-03-11 00:00:00,0.65185,0.65185,0.68185,0.65185,5.638,0.00459,7880520.0,16782544.0,0.0,0.65185
HK.01071,华电国际电力股份,2021-03-12 00:00:00,0.67185,0.68185,0.79185,0.63185,5.718,0.04121,70774000.0,155596220.0,4.602285801948288,0.65185
HK.01071,华电国际电力股份,2021-03-15 00:00:00,0.70185,0.66185,0.73185,0.641849999,5.664,0.02202,37818213.0,80969953.0,-2.933196450832281,0.68185
HK.01071,华电国际电力股份,2021-03-16 00:00:00,0.66185,0.63185,0.66185,0.61185,5.585,0.02658,45644000.0,95938378.0,-4.532749112336636,0.66185
HK.01071,华电国际电力股份,2021-03-17 00:00:00,0.63185,0.601849999,0.641849999,0.59185,5.505,0.02247,38594000.0,80167358.0,-4.74796249109757,0.63185
HK.01071,华电国际电力股份,2021-03-18 00:00:00,0.61185,0.601849999,0.61185,0.581849999,5.505,0.01704,29270000.0,60425312.0,0.0,0.601849999
HK.01071,华电国际电力股份,2021-03-19 00:00:00,0.59185,0.61185,0.621849999,0.59185,5.531,0.02898,49759751.0,103170129.0,1.6615437428953093,0.601849999
HK.01071,华电国际电力股份,2021-03-22 00:00:00,0.621849999,0.75185,0.76185,0.621849999,5.904,0.0376,64564000.0,140691440.0,22.88142518591158,0.61185
HK.01071,华电国际电力股份,2021-03-23 00:00:00,0.77185,0.70185,0.78185,0.68185,5.771,0.01067,18316000.0,39967550.0,-6.650262685376078,0.75185
HK.01071,华电国际电力股份,2021-03-24 00:00:00,0.70185,0.67185,0.71185,0.66185,5.691,0.0093,15964000.0,34332700.0,-4.274417610600559,0.70185
HK.01071,华电国际电力股份,2021-03-25 00:00:00,0.68185,0.641849999,0.68185,0.621849999,5.611,0.00967,16606000.0,35145450.0,-4.46528257795639,0.67185
HK.01071,华电国际电力股份,2021-03-26 00:00:00,0.68185,0.72185,0.75185,0.68185,5.824,0.0189,32452000.0,70914100.0,12.463971508084407,0.641849999
HK.01071,华电国际电力股份,2021-03-29 00:00:00,0.73185,0.77185,0.80185,0.73185,5.957,0.01222,20980000.0,46825540.0,6.926646810279149,0.72185
HK.01071,华电国际电力股份,2021-03-30 00:00:00,0.77185,0.77185,0.78185,0.71185,5.957,0.00829,14241000.0,31509464.0,0.0,0.77185
HK.01071,华电国际电力股份,2021-03-31 00:00:00,0.91185,0.93185,0.96185,0.84185,6.382,0.04829,82917000.0,196542026.0,20.72941633737124,0.77185
HK.01071,华电国际电力股份,2021-04-01 00:00:00,0.94185,0.90185,0.95185,0.88185,6.303,0.01236,21218000.0,50435520.0,-3.219402264312917,0.93185
HK.01071,华电国际电力股份,2021-04-07 00:00:00,0.91185,0.92185,0.93185,0.89185,4.78,0.00953,16371900.0,38939918.0,2.2176636913012038,0.90185
HK.01071,华电国际电力股份,2021-04-08 00:00:00,0.93185,0.91185,0.97185,0.90185,4.76,0.01014,17414000.0,41723324.0,-1.0847751803438628,0.92185
HK.01071,华电国际电力股份,2021-04-09 00:00:00,0.92185,0.91185,0.93185,0.90185,4.76,0.0057,9788000.0,23333020.0,0.0,0.91185
HK.01071,华电国际电力股份,2021-04-12 00:00:00,0.91185,0.91185,0.96185,0.91185,4.76,0.0095,16310200.0,39222236.0,0.0,0.91185
HK.01071,华电国际电力股份,2021-04-13 00:00:00,0.93185,0.92185,0.94185,0.89185,4.78,0.01228,21083746.0,50411870.0,1.0966716016888631,0.91185
HK.01071,华电国际电力股份,2021-04-14 00:00:00,0.91185,0.93185,0.93185,0.90185,4.8,0.00316,5435000.0,12965636.0,1.0847751803438748,0.92185
HK.01071,华电国际电力股份,2021-04-15 00:00:00,0.92185,0.92185,0.94185,0.90185,4.78,0.00637,10937000.0,26126210.0,-1.0731340881043097,0.93185
HK.01071,华电国际电力股份,2021-04-16 00:00:00,0.92185,0.94185,0.95185,0.90185,4.82,0.00432,7420654.0,17824636.0,2.1695503606877495,0.92185
HK.01071,华电国际电力股份,2021-04-19 00:00:00,0.95185,0.98185,1.05185,0.94185,4.9,0.01249,21454000.0,52950580.0,4.246960768699903,0.94185
HK.01071,华电国际电力股份,2021-04-20 00:00:00,0.99185,1.00185,1.01185,0.96185,4.94,0.00503,8642415.0,21329761.0,2.036971024087173,0.98185
HK.01071,华电国际电力股份,2021-04-21 00:00:00,1.00185,0.99185,1.01185,0.96185,4.92,0.00504,8658000.0,21292410.0,-0.9981534161800568,1.00185
HK.01071,华电国际电力股份,2021-04-22 00:00:00,1.00185,0.97185,1.02185,0.96185,4.88,0.00523,8980000.0,21998260.0,-2.0164339365831547,0.99185
HK.01071,华电国际电力股份,2021-04-23 00:00:00,0.98185,0.95185,0.98185,0.93185,4.84,0.00416,7152000.0,17329180.0,-2.057930750630243,0.97185
HK.01071,华电国际电力股份,2021-04-26 00:00:00,0.96185,0.93185,0.96185,0.90185,4.8,0.00677,11622000.0,27831540.0,-2.101171403057206,0.95185
HK.01071,华电国际电力股份,2021-04-27 00:00:00,0.92185,0.91185,0.93185,0.90185,4.76,0.00333,5717304.0,13624211.0,-2.1462681762086073,0.93185
HK.01071,华电国际电力股份,2021-04-28 00:00:00,0.93185,0.93185,0.98185,0.91185,4.8,0.0052,8930000.0,21600206.0,2.1933432033777382,0.91185
HK.01071,华电国际电力股份,2021-04-29 00:00:00,0.94185,0.95185,0.97185,0.94185,4.84,0.00165,2834000.0,6878812.0,2.1462681762086193,0.93185
HK.01071,华电国际电力股份,2021-04-30 00:00:00,0.94185,0.91185,0.94185,0.91185,4.76,0.00285,4890000.0,11697274.0,-4.202342806114401,0.95185
HK.01071,华电国际电力股份,2021-05-03 00:00:00,0.91185,0.88185,0.91185,0.87185,4.7,0.00243,4172000.0,9833760.0,-3.290014805066625,0.91185
HK.01071,华电国际电力股份,2021-05-04 00:00:00,0.88185,0.91185,0.92185,0.88185,4.76,0.00097,1662000.0,3952100.0,3.401939105290018,0.88185
HK.01071,华电国际电力股份,2021-05-05 00:00:00,0.90185,0.91185,0.94185,0.90185,4.76,0.00321,5516000.0,13181160.0,0.0,0.91185
HK.01071,华电国际电力股份,2021-05-06 00:00:00,0.93185,0.92185,0.94185,0.89185,4.78,0.00652,11190000.0,26605902.0,1.0966716016888631,0.91185
HK.01071,华电国际电力股份,2021-05-07 00:00:00,0.92185,0.94185,0.94185,0.90185,4.82,0.00885,15205000.0,36307750.0,2.1695503606877495,0.92185
HK.01071,华电国际电力股份,2021-05-10 00:00:00,0.95185,0.93185,0.97185,0.92185,4.8,0.00798,13704000.0,33094120.0,-1.0617401921749758,0.94185
HK.01071,华电国际电力股份,2021-05-11 00:00:00,0.93185,0.91185,0.95185,0.91185,4.76,0.00902,15489100.0,37022186.0,-2.1462681762086073,0.93185
HK.01071,华电国际电力股份,2021-05-12 00:00:00,0.92185,0.96185,0.97185,0.92185,4.86,0.00835,14334655.0,34660765.0,5.483358008444364,0.91185
HK.01071,华电国际电力股份,2021-05-13 00:00:00,0.95185,0.92185,0.96185,0.91185,4.78,0.00744,12781000.0,30740520.0,-4.158652596558719,0.96185
HK.01071,华电国际电力股份,2021-05-14 00:00:00,0.93185,0.98185,0.99185,0.92185,4.9,0.00839,14407366.0,35059014.0,6.508651082063248,0.92185
HK.01071,华电国际电力股份,2021-05-17 00:00:00,0.98185,0.94185,0.99185,0.94185,4.82,0.00459,7876000.0,19164670.0,-4.073942048174368,0.98185
HK.01071,华电国际电力股份,2021-05-18 00:00:00,0.94185,0.96185,0.97185,0.93185,4.86,0.01431,24576916.0,59315445.0,2.1234803843499517,0.94185
HK.01071,华电国际电力股份,2021-05-20 00:00:00,0.97185,0.93185,0.97185,0.92185,4.8,0.01001,17193900.0,41457172.0,-3.118989447419039,0.96185
HK.01071,华电国际电力股份,2021-05-21 00:00:00,0.94185,0.97185,0.97185,0.92185,4.88,0.007,12016000.0,29115520.0,4.292536352417239,0.93185
HK.01071,华电国际电力股份,2021-05-24 00:00:00,0.95185,0.99185,1.02185,0.95185,4.92,0.00836,14352000.0,35469696.0,2.057930750630243,0.97185
HK.01071,华电国际电力股份,2021-05-25 00:00:00,1.01185,0.95185,1.01185,0.91185,4.84,0.01709,29344000.0,70510660.0,-4.0328678731663095,0.99185
HK.01071,华电国际电力股份,2021-05-26 00:00:00,0.93185,0.94185,0.94185,0.93185,4.82,0.00263,4518000.0,10867838.0,-1.050585701528603,0.95185
HK.01071,华电国际电力股份,2021-05-27 00:00:00,0.94185,0.93185,0.94185,0.91185,4.8,0.00599,10280000.0,24627620.0,-1.0617401921749758,0.94185
HK.01071,华电国际电力股份,2021-05-28 00:00:00,0.93185,0.92185,0.95185,0.92185,4.78,0.00299,5133366.0,12323149.0,-1.0731340881043097,0.93185
HK.01071,华电国际电力股份,2021-05-31 00:00:00,0.93185,0.93185,0.94185,0.91185,4.8,0.00495,8502000.0,20363380.0,1.0847751803438748,0.92185
HK.01071,华电国际电力股份,2021-06-01 00:00:00,0.93185,0.95185,0.95185,0.92185,4.84,0.00315,5403120.0,13021644.0,2.1462681762086193,0.93185
HK.01071,华电国际电力股份,2021-06-02 00:00:00,0.94185,0.97185,0.99185,0.93185,4.88,0.00678,11650000.0,28404140.0,2.101171403057206,0.95185
HK.01071,华电国际电力股份,2021-06-03 00:00:00,0.97185,0.98185,0.99185,0.97185,4.9,0.00344,5903000.0,14463180.0,1.0289653753151216,0.97185
HK.01071,华电国际电力股份,2021-06-04 00:00:00,0.98185,1.00185,1.01185,0.97185,4.94,0.00523,8985318.0,22124256.0,2.036971024087173,0.98185
HK.01071,华电国际电力股份,2021-06-07 00:00:00,1.00185,0.99185,1.02185,0.99185,4.92,0.00324,5568000.0,13762600.0,-0.9981534161800568,1.00185
HK.01071,华电国际电力股份,2021-06-08 00:00:00,0.99185,0.97185,1.01185,0.96185,4.88,0.00323,5550000.0,13637394.0,-2.0164339365831547,0.99185
HK.01071,华电国际电力股份,2021-06-09 00:00:00,0.98185,1.00185,1.01185,0.97185,4.94,0.0055,9442000.0,23330920.0,3.086896125945353,0.97185
HK.01071,华电国际电力股份,2021-06-10 00:00:00,0.98185,1.01185,1.02185,0.98185,4.96,0.00384,6598000.0,16337920.0,0.9981534161800679,1.00185
HK.01071,华电国际电力股份,2021-06-11 00:00:00,1.01185,1.05185,1.09185,1.00185,5.04,0.0124,21292779.0,53628552.0,3.953155111923708,1.01185
HK.01071,华电国际电力股份,2021-06-15 00:00:00,1.07185,1.07185,1.11185,1.04185,5.08,0.01412,24246000.0,61729130.0,1.9014117982602101,1.05185
HK.01071,华电国际电力股份,2021-06-16 00:00:00,1.08185,1.07185,1.09185,1.05185,5.08,0.00767,13164000.0,33461230.0,0.0,1.07185
HK.01071,华电国际电力股份,2021-06-17 00:00:00,1.07185,1.09185,1.09185,1.06185,5.12,0.00453,7772344.0,19808654.0,1.8659327331249727,1.07185
HK.01071,华电国际电力股份,2021-06-18 00:00:00,1.08185,1.07185,1.09185,1.05185,5.08,0.00835,14332118.0,36340477.0,-1.8317534459861717,1.09185
HK.01071,华电国际电力股份,2021-06-21 00:00:00,1.07185,1.07185,1.09185,1.05185,5.08,0.00923,15849604.0,40264054.0,0.0,1.07185
HK.01071,华电国际电力股份,2021-06-22 00:00:00,1.08185,1.08185,1.10185,1.08185,5.1,0.00914,15694000.0,40170780.0,0.9329663665624863,1.07185
HK.01071,华电国际电力股份,2021-06-23 00:00:00,1.08185,1.07185,1.09185,1.07185,5.08,0.00524,9000000.0,22963660.0,-0.9243425613532384,1.08185
HK.01071,华电国际电力股份,2021-06-24 00:00:00,1.07185,1.05185,1.09185,1.04185,5.04,0.00765,13142000.0,33334420.0,-1.8659327331249727,1.07185
HK.01071,华电国际电力股份,2021-06-25 00:00:00,1.06185,1.07185,1.08185,1.05185,5.08,0.0109,18726000.0,47445420.0,1.9014117982602101,1.05185
HK.01071,华电国际电力股份,2021-06-28 00:00:00,1.09185,1.16185,1.16185,1.09185,5.26,0.01752,30082000.0,78543600.0,8.396697299062376,1.07185
HK.01071,华电国际电力股份,2021-06-29 00:00:00,1.16185,1.09185,1.17185,1.06185,5.12,0.01475,25324204.0,65290344.0,-6.024874123165646,1.16185
HK.01071,华电国际电力股份,2021-06-30 00:00:00,1.09185,1.06185,1.09185,1.05185,5.06,0.00919,15783083.0,39994496.0,-2.7476301689792577,1.09185
HK.01071,华电国际电力股份,2021-07-02 00:00:00,1.07185,1.05185,1.08185,1.04185,5.04,0.01544,26508000.0,66936580.0,-0.9417526015915627,1.06185
HK.01071,华电国际电力股份,2021-07-05 00:00:00,1.03198,1.07198,1.08198,1.03198,4.48,0.00666,11430000.0,25459100.0,1.9137709749488978,1.05185
HK.01071,华电国际电力股份,2021-07-06 00:00:00,1.07198,1.01198,1.07198,1.01198,4.36,0.01076,18475000.0,40575620.0,-5.597119349241575,1.07198
HK.01071,华电国际电力股份,2021-07-07 00:00:00,1.01198,1.00198,1.02198,1.00198,4.34,0.00327,5618000.0,12230720.0,-0.98816182137987,1.01198
HK.01071,华电国际电力股份,2021-07-08 00:00:00,1.02198,0.96198,1.02198,0.95198,4.26,0.00782,13434000.0,28833330.0,-3.992095650611803,1.00198
HK.01071,华电国际电力股份,2021-07-09 00:00:00,0.97198,0.98198,0.98198,0.93198,4.3,0.00699,12004000.0,25469100.0,2.0790453023971414,0.96198
HK.01071,华电国际电力股份,2021-07-12 00:00:00,0.99198,0.96198,1.00198,0.95198,4.26,0.0043,7384000.0,15831160.0,-2.036701358479808,0.98198
HK.01071,华电国际电力股份,2021-07-13 00:00:00,0.96198,1.00198,1.01198,0.95198,4.34,0.00526,9029414.0,19482245.0,4.158090604794294,0.96198
HK.01071,华电国际电力股份,2021-07-14 00:00:00,1.00198,0.99198,1.03198,0.99198,4.32,0.00407,6984000.0,15163660.0,-0.9980239126529591,1.00198
HK.01071,华电国际电力股份,2021-07-15 00:00:00,1.01198,1.02198,1.03198,1.00198,4.38,0.00178,3061656.0,6689490.0,3.024254521260523,0.99198
HK.01071,华电国际电力股份,2021-07-16 00:00:00,1.03198,1.02198,1.04198,1.01198,4.38,0.00217,3728000.0,8194920.0,0.0,1.02198
HK.01071,华电国际电力股份,2021-07-19 00:00:00,1.01198,1.00198,1.02198,0.99198,4.34,0.00292,5020000.0,10906140.0,-1.9569854595980367,1.02198
HK.01071,华电国际电力股份,2021-07-20 00:00:00,1.00198,0.98198,1.01198,0.97198,4.3,0.00262,4500000.0,9673860.0,-1.996047825305907,1.00198
HK.01071,华电国际电力股份,2021-07-21 00:00:00,0.97198,1.00198,1.00198,0.97198,4.34,0.00313,5374000.0,11566220.0,2.036701358479819,0.98198
HK.01071,华电国际电力股份,2021-07-22 00:00:00,1.00198,1.03198,1.04198,0.99198,4.4,0.00413,7100000.0,15489400.0,2.9940717379588215,1.00198
HK.01071,华电国际电力股份,2021-07-23 00:00:00,1.03198,1.01198,1.04198,1.00198,4.36,0.00623,10706000.0,23371100.0,-1.9380220546909628,1.03198
HK.01071,华电国际电力股份,2021-07-26 00:00:00,1.01198,0.96198,1.01198,0.95198,4.26,0.00884,15186340.0,32541450.0,-4.94080910689936,1.01198
HK.01071,华电国际电力股份,2021-07-27 00:00:00,0.96198,0.941979999,1.01198,0.91198,4.22,0.00867,14882578.0,31656605.0,-2.0790454063494033,0.96198
HK.01071,华电国际电力股份,2021-07-28 00:00:00,0.941979999,0.95198,0.97198,0.93198,4.24,0.00746,12802445.0,27196461.0,1.0615937716953683,0.941979999
HK.01071,华电国际电力股份,2021-07-29 00:00:00,0.96198,0.98198,0.99198,0.95198,4.3,0.00587,10082000.0,21518260.0,3.1513267085442878,0.95198
HK.01071,华电国际电力股份,2021-07-30 00:00:00,0.98198,0.98198,1.03198,0.97198,4.3,0.00622,10678292.0,23071731.0,0.0,0.98198
HK.01071,华电国际电力股份,2021-08-02 00:00:00,0.99198,1.11198,1.12198,0.99198,4.56,0.01466,25170000.0,56714300.0,13.238558830118741,0.98198
HK.01071,华电国际电力股份,2021-08-03 00:00:00,1.11198,1.10198,1.11198,1.06198,4.54,0.0049,8422000.0,19027782.0,-0.8992967499415465,1.11198
HK.01071,华电国际电力股份,2021-08-04 00:00:00,1.10198,1.10198,1.12198,1.08198,4.54,0.00317,5440000.0,12381430.0,0.0,1.10198
HK.01071,华电国际电力股份,2021-08-05 00:00:00,1.12198,1.10198,1.12198,1.06198,4.54,0.00239,4106000.0,9273154.0,0.0,1.10198
HK.01071,华电国际电力股份,2021-08-06 00:00:00,1.10198,1.09198,1.10198,1.06198,4.52,0.00249,4278000.0,9648160.0,-0.9074574856167996,1.10198
HK.01071,华电国际电力股份,2021-08-09 00:00:00,1.09198,1.13198,1.13198,1.09198,4.6,0.00577,9908000.0,22600320.0,3.663070752211582,1.09198
HK.01071,华电国际电力股份,2021-08-10 00:00:00,1.13198,1.09198,1.13198,1.05198,4.52,0.00237,4062000.0,9201620.0,-3.533631336242693,1.13198
HK.01071,华电国际电力股份,2021-08-11 00:00:00,1.11198,1.22198,1.23198,1.11198,4.78,0.0236,40534191.0,95307375.0,11.904979944687643,1.09198
HK.01071,华电国际电力股份,2021-08-12 00:00:00,1.22198,1.26198,1.29198,1.21198,4.86,0.01161,19942000.0,48465420.0,3.2733759963338214,1.22198
HK.01071,华电国际电力股份,2021-08-13 00:00:00,1.25198,1.23198,1.28198,1.19198,4.8,0.00558,9584000.0,22983880.0,-2.3772167546236886,1.26198
HK.01071,华电国际电力股份,2021-08-16 00:00:00,1.21198,1.24198,1.29198,1.20198,4.82,0.00723,12408000.0,29949788.0,0.8117014886605309,1.23198
HK.01071,华电国际电力股份,2021-08-17 00:00:00,1.25198,1.17198,1.25198,1.15198,4.68,0.00852,14636000.0,34614088.0,-5.636161612908426,1.24198
HK.01071,华电国际电力股份,2021-08-18 00:00:00,1.19198,1.21198,1.23198,1.17198,4.76,0.00356,6105943.0,14538663.0,3.4130275260670007,1.17198
HK.01071,华电国际电力股份,2021-08-19 00:00:00,1.23198,1.32198,1.34198,1.21198,4.98,0.02176,37360000.0,92078266.0,9.076057360682508,1.21198
HK.01071,华电国际电力股份,2021-08-20 00:00:00,1.33198,1.25198,1.34198,1.21198,4.84,0.01187,20378000.0,49782158.0,-5.295087671523007,1.32198
HK.01071,华电国际电力股份,2021-08-23 00:00:00,1.25198,1.58198,1.60198,1.25198,5.5,0.06183,106181931.0,281569231.0,26.35824853432162,1.25198
HK.01071,华电国际电力股份,2021-08-24 00:00:00,1.58198,1.45198,1.58198,1.44198,5.24,0.0165,28342908.0,75487987.0,-8.217550158661924,1.58198
HK.01071,华电国际电力股份,2021-08-25 00:00:00,1.46198,1.57198,1.61198,1.45198,5.48,0.02358,40499000.0,110145778.0,8.264576647061245,1.45198
HK.01071,华电国际电力股份,2021-08-26 00:00:00,1.59198,1.62198,1.62198,1.49198,5.58,0.01871,32138000.0,87703220.0,3.1807020445552774,1.57198
HK.01071,华电国际电力股份,2021-08-27 00:00:00,1.62198,1.53198,1.66198,1.49198,5.4,0.02006,34454000.0,93635800.0,-5.548773721007662,1.62198
HK.01071,华电国际电力股份,2021-08-30 00:00:00,1.49198,1.61198,1.66198,1.48198,5.56,0.02871,49308000.0,137247600.0,5.222000287210021,1.53198
HK.01071,华电国际电力股份,2021-08-31 00:00:00,1.61198,1.47198,1.61198,1.45198,5.28,0.02665,45764000.0,120994522.0,-8.684971277559269,1.61198
HK.01071,华电国际电力股份,2021-09-01 00:00:00,1.49198,1.56198,1.64198,1.48198,5.46,0.0282,48431660.0,132521570.0,6.114213508335701,1.47198
HK.01071,华电国际电力股份,2021-09-02 00:00:00,1.59198,1.86198,1.89198,1.53198,6.06,0.04475,76844900.0,224750730.0,19.20639188722007,1.56198
HK.01071,华电国际电力股份,2021-09-03 00:00:00,1.84198,2.07198,2.15198,1.82198,6.48,0.05221,89659000.0,287725133.0,11.278316630683465,1.86198
HK.01071,华电国际电力股份,2021-09-06 00:00:00,2.12198,2.03198,2.25198,1.94198,6.4,0.02114,36307000.0,117194880.0,-1.930520564870319,2.07198
HK.01071,华电国际电力股份,2021-09-07 00:00:00,2.01198,1.91198,2.01198,1.81198,6.16,0.01846,31701000.0,97162670.0,-5.90556993671197,2.03198
HK.01071,华电国际电力股份,2021-09-08 00:00:00,1.93198,1.93198,2.03198,1.89198,6.2,0.01888,32420000.0,101425266.0,1.0460360464021599,1.91198
HK.01071,华电国际电力股份,2021-09-09 00:00:00,1.93198,1.90198,1.98198,1.83198,6.14,0.01179,20252000.0,62531660.0,-1.5528111057050293,1.93198
HK.01071,华电国际电力股份,2021-09-10 00:00:00,1.90198,1.81198,1.99198,1.77198,5.96,0.01699,29183261.0,88115640.0,-4.731910955951171,1.90198
HK.01071,华电国际电力股份,2021-09-13 00:00:00,1.84198,1.85198,1.91198,1.77198,6.04,0.01123,19286490.0,58337691.0,2.2075298844358127,1.81198
HK.01071,华电国际电力股份,2021-09-14 00:00:00,1.88198,1.79198,1.94198,1.77198,5.92,0.00836,14364000.0,43383070.0,-3.2397758075141234,1.85198
HK.01071,华电国际电力股份,2021-09-15 00:00:00,1.79198,1.72198,1.83198,1.71198,5.78,0.00709,12176000.0,35680764.0,-3.9062935970267434,1.79198
HK.01071,华电国际电力股份,2021-09-16 00:00:00,1.72198,1.62198,1.73198,1.53198,5.58,0.01468,25204000.0,69842874.0,-5.807268377100784,1.72198
HK.01071,华电国际电力股份,2021-09-17 00:00:00,1.62198,1.66198,1.72198,1.54198,5.66,0.01018,17483395.0,49285836.0,2.466121653781183,1.62198
HK.01071,华电国际电力股份,2021-09-20 00:00:00,1.64198,1.55198,1.64198,1.47198,5.44,0.00694,11920000.0,32296300.0,-6.6186115356382205,1.66198
HK.01071,华电国际电力股份,2021-09-21 00:00:00,1.53198,1.61198,1.64198,1.48198,5.56,0.00267,4584000.0,12647280.0,3.866029201407238,1.55198
HK.01071,华电国际电力股份,2021-09-23 00:00:00,1.87198,2.06198,2.14198,1.82198,6.46,0.07544,129540000.0,411170416.0,27.915979106440535,1.61198
HK.01071,华电国际电力股份,2021-09-24 00:00:00,2.01198,2.23198,2.46198,2.01198,6.8,0.06033,103595721.0,355605720.0,8.24450285647775,2.06198
HK.01071,华电国际电力股份,2021-09-27 00:00:00,2.28198,1.80198,2.33198,1.78198,5.94,0.04854,83356000.0,263465194.0,-19.265405603992875,2.23198
HK.01071,华电国际电力股份,2021-09-28 00:00:00,1.82198,1.86198,2.01198,1.73198,6.06,0.02143,36808000.0,112849548.0,3.329670695568211,1.80198
HK.01071,华电国际电力股份,2021-09-29 00:00:00,1.87198,1.91198,2.01198,1.81198,6.16,0.01448,24871000.0,76698556.0,2.6853134834960657,1.86198
HK.01071,华电国际电力股份,2021-09-30 00:00:00,1.94198,2.06198,2.07198,1.82198,6.46,0.01679,28828238.0,89480315.0,7.845270348016199,1.91198
HK.01071,华电国际电力股份,2021-10-04 00:00:00,2.04198,1.88198,2.04198,1.81198,6.1,0.01618,27778000.0,84657778.0,-8.72947361274116,2.06198
HK.01071,华电国际电力股份,2021-10-05 00:00:00,1.85198,1.91198,2.00198,1.81198,6.16,0.01152,19782000.0,61236000.0,1.5940658242914394,1.88198
HK.01071,华电国际电力股份,2021-10-06 00:00:00,1.95198,2.01198,2.05198,1.89198,6.36,0.00787,13512000.0,42677432.0,5.230180232010788,1.91198
HK.01071,华电国际电力股份,2021-10-07 00:00:00,2.05198,2.03198,2.07198,1.98198,6.4,0.00482,8282200.0,26455352.0,0.994045666457918,2.01198
HK.01071,华电国际电力股份,2021-10-08 00:00:00,2.00198,1.85198,2.01198,1.79198,6.04,0.03551,60980136.0,183986759.0,-8.85835490506796,2.03198
HK.01071,华电国际电力股份,2021-10-11 00:00:00,2.03198,1.87198,2.10198,1.76198,6.08,0.03927,67444000.0,206544586.0,1.0799252691713743,1.85198
HK.01071,华电国际电力股份,2021-10-12 00:00:00,1.87198,1.89198,1.99198,1.84198,6.12,0.01617,27768010.0,84689768.0,1.0683874827722528,1.87198
HK.01071,华电国际电力股份,2021-10-15 00:00:00,1.83198,1.81198,1.86198,1.71198,5.96,0.0297,51008150.0,150321997.0,-4.2283745071301,1.89198
HK.01071,华电国际电力股份,2021-10-18 00:00:00,1.81198,1.71198,1.82198,1.65198,5.76,0.0217,37256210.0,106981193.0,-5.518824711089519,1.81198
HK.01071,华电国际电力股份,2021-10-19 00:00:00,1.71198,1.76198,1.86198,1.67198,5.86,0.01506,25864000.0,76326986.0,2.9205948667624644,1.71198
HK.01071,华电国际电力股份,2021-10-20 00:00:00,1.88198,1.93198,2.04198,1.86198,6.2,0.03399,58375000.0,182268784.0,9.648236642867678,1.76198
HK.01071,华电国际电力股份,2021-10-21 00:00:00,1.94198,1.83198,1.95198,1.79198,6.0,0.01495,25680000.0,77468260.0,-5.176037019016764,1.93198
HK.01071,华电国际电力股份,2021-10-22 00:00:00,1.83198,1.75198,1.83198,1.72198,5.84,0.01295,22232000.0,64923880.0,-4.366859900217243,1.83198
HK.01071,华电国际电力股份,2021-10-25 00:00:00,1.73198,1.75198,1.84198,1.71198,5.84,0.01299,22312000.0,65947648.0,0.0,1.75198
HK.01071,华电国际电力股份,2021-10-26 00:00:00,1.76198,1.67198,1.81198,1.66198,5.68,0.01036,17798150.0,51411573.0,-4.566262171942606,1.75198
HK.01071,华电国际电力股份,2021-10-27 00:00:00,1.57198,1.84198,1.93198,1.48198,6.02,0.04314,74077228.0,219144129.0,10.167585736671487,1.67198
HK.01071,华电国际电力股份,2021-10-28 00:00:00,1.94198,1.76198,2.06198,1.76198,5.86,0.02805,48165360.0,148554163.0,-4.343152477225586,1.84198
HK.01071,华电国际电力股份,2021-10-29 00:00:00,1.77198,1.72198,1.78198,1.64198,5.78,0.01264,21714000.0,62012700.0,-2.2701733277335743,1.76198
HK.01071,华电国际电力股份,2021-11-01 00:00:00,1.72198,1.79198,1.80198,1.71198,5.92,0.01103,18938000.0,55505320.0,4.065087863970536,1.72198
HK.01071,华电国际电力股份,2021-11-02 00:00:00,1.81198,1.67198,1.81198,1.63198,5.68,0.00643,11048000.0,31546820.0,-6.696503309188713,1.79198
HK.01071,华电国际电力股份,2021-11-03 00:00:00,1.69198,1.62198,1.74198,1.59198,5.58,0.00911,15649500.0,44146265.0,-2.9904663931386763,1.67198
HK.01071,华电国际电力股份,2021-11-04 00:00:00,1.63198,1.61198,1.65198,1.58198,5.56,0.00454,7789901.0,21695747.0,-0.6165304134452958,1.62198
HK.01071,华电国际电力股份,2021-11-05 00:00:00,1.63198,1.46198,1.63198,1.43198,5.26,0.01264,21711499.0,57819057.0,-9.305326368813503,1.61198
HK.01071,华电国际电力股份,2021-11-08 00:00:00,1.46198,1.43198,1.51198,1.40198,5.2,0.00867,14892766.0,38895153.0,-2.0520116554262042,1.46198
HK.01071,华电国际电力股份,2021-11-09 00:00:00,1.43198,1.46198,1.54198,1.42198,5.26,0.00918,15768000.0,41738440.0,2.0950013268341756,1.43198
HK.01071,华电国际电力股份,2021-11-10 00:00:00,1.48198,1.38198,1.48198,1.33198,5.1,0.01048,17994000.0,45700940.0,-5.472031081136546,1.46198
HK.01071,华电国际电力股份,2021-11-11 00:00:00,1.34198,1.35198,1.39198,1.29198,5.04,0.01948,33460112.0,83634484.0,-2.170798419658752,1.38198
HK.01071,华电国际电力股份,2021-11-12 00:00:00,1.36198,1.27198,1.36198,1.24198,4.88,0.02956,50757000.0,123945040.0,-5.917247296557631,1.35198
HK.01071,华电国际电力股份,2021-11-15 00:00:00,1.29198,1.26198,1.30198,1.21198,4.86,0.01741,29898000.0,71912594.0,-0.7861758832686055,1.27198
HK.01071,华电国际电力股份,2021-11-16 00:00:00,1.27198,1.27198,1.28198,1.24198,4.88,0.00353,6058000.0,14753686.0,0.7924055848745628,1.26198
HK.01071,华电国际电力股份,2021-11-17 00:00:00,1.29198,1.31198,1.32198,1.23198,4.96,0.00669,11494000.0,28296280.0,3.144703533074404,1.27198
HK.01071,华电国际电力股份,2021-11-18 00:00:00,1.31198,1.30198,1.39198,1.27198,4.94,0.01132,19447468.0,48927101.0,-0.7622067409564177,1.31198
HK.01071,华电国际电力股份,2021-11-19 00:00:00,1.29198,1.28198,1.30198,1.26198,4.9,0.00173,2964421.0,7263441.0,-1.536121906634512,1.30198
HK.01071,华电国际电力股份,2021-11-22 00:00:00,1.29198,1.21198,1.31198,1.18198,4.76,0.00913,15682000.0,37460090.0,-5.460303592879752,1.28198
HK.01071,华电国际电力股份,2021-11-23 00:00:00,1.21198,1.22198,1.25198,1.19198,4.78,0.00319,5486421.0,13119257.0,0.8250961236984116,1.21198
HK.01071,华电国际电力股份,2021-11-24 00:00:00,1.22198,1.29198,1.30198,1.20198,4.92,0.00409,7022000.0,17104206.0,5.728407993584169,1.22198
HK.01071,华电国际电力股份,2021-11-25 00:00:00,1.33198,1.27198,1.39198,1.27198,4.88,0.0087,14938000.0,37343960.0,-1.5480115791265963,1.29198
HK.01071,华电国际电力股份,2021-11-26 00:00:00,1.28198,1.22198,1.28198,1.20198,4.78,0.00386,6620000.0,15885600.0,-3.9308794163430276,1.27198
HK.01071,华电国际电力股份,2021-11-29 00:00:00,1.22198,1.31198,1.33198,1.19198,4.96,0.0056,9622000.0,23642380.0,7.3650959917510805,1.22198
HK.01071,华电国际电力股份,2021-11-30 00:00:00,1.31198,1.26198,1.42198,1.26198,4.86,0.00826,14186000.0,35298440.0,-3.811033704782072,1.31198
HK.01071,华电国际电力股份,2021-12-01 00:00:00,1.26198,1.35198,1.38198,1.25198,5.04,0.01041,17880000.0,44697380.0,7.131650263871048,1.26198
HK.01071,华电国际电力股份,2021-12-02 00:00:00,1.35198,1.28198,1.35198,1.27198,4.9,0.00764,13126000.0,32396060.0,-5.177591384487941,1.35198
HK.01071,华电国际电力股份,2021-12-03 00:00:00,1.28198,1.44198,1.49198,1.26198,5.22,0.01708,29328000.0,75793244.0,12.48069392658233,1.28198
HK.01071,华电国际电力股份,2021-12-06 00:00:00,1.45198,1.48198,1.63198,1.43198,5.3,0.03052,52404000.0,142229468.0,2.7739635778582254,1.44198
HK.01071,华电国际电力股份,2021-12-07 00:00:00,1.56198,1.68198,1.70198,1.46198,5.7,0.02902,49832000.0,138435762.0,13.495458778121158,1.48198
HK.01071,华电国际电力股份,2021-12-08 00:00:00,1.61198,1.77198,1.80198,1.61198,5.88,0.03045,52284000.0,150606420.0,5.350836514108377,1.68198
HK.01071,华电国际电力股份,2021-12-09 00:00:00,1.79198,2.11198,2.17198,1.76198,6.56,0.05016,86134852.0,274609490.0,19.187575480535887,1.77198
HK.01071,华电国际电力股份,2021-12-10 00:00:00,2.09198,1.96198,2.19198,1.95198,6.26,0.03257,55935717.0,179558654.0,-7.10233998428015,2.11198
HK.01071,华电国际电力股份,2021-12-13 00:00:00,2.03198,1.91198,2.09198,1.91198,6.16,0.02368,40659129.0,129303912.0,-2.5484459576550242,1.96198
HK.01071,华电国际电力股份,2021-12-14 00:00:00,1.90198,1.97198,2.01198,1.87198,6.28,0.0122,20948000.0,65658730.0,3.1381081392064796,1.91198
HK.01071,华电国际电力股份,2021-12-15 00:00:00,1.97198,2.25198,2.26198,1.87198,6.84,0.03875,66536101.0,220960869.0,14.198926966804937,1.97198
HK.01071,华电国际电力股份,2021-12-16 00:00:00,2.25198,2.28198,2.33198,2.22198,6.9,0.0184,31600400.0,108867426.0,1.3321610316254942,2.25198
HK.01071,华电国际电力股份,2021-12-17 00:00:00,2.27198,2.25198,2.49198,2.20198,6.84,0.02279,39132113.0,138500700.0,-1.3146478058528035,2.28198
HK.01071,华电国际电力股份,2021-12-20 00:00:00,2.21198,2.18198,2.27198,2.06198,6.7,0.01578,27098000.0,90336456.0,-3.108375740459519,2.25198
HK.01071,华电国际电力股份,2021-12-21 00:00:00,2.18198,2.24198,2.28198,2.09198,6.82,0.01459,25046000.0,84374452.0,2.7497960567924573,2.18198
HK.01071,华电国际电力股份,2021-12-22 00:00:00,2.24198,2.15198,2.35198,2.12198,6.64,0.01344,23087734.0,77874052.0,-4.0143087806314,2.24198
HK.01071,华电国际电力股份,2021-12-23 00:00:00,2.15198,2.43198,2.48198,2.12198,7.2,0.03688,63335000.0,224909440.0,13.011273338971543,2.15198
HK.01071,华电国际电力股份,2021-12-24 00:00:00,2.45198,2.50198,2.53198,2.36198,7.34,0.01047,17988000.0,65031960.0,2.8783131440225778,2.43198
HK.01071,华电国际电力股份,2021-12-28 00:00:00,2.50198,2.20198,2.50198,2.10198,6.74,0.01862,31972000.0,108490124.0,-11.990503521211211,2.50198
HK.01071,华电国际电力股份,2021-12-29 00:00:00,2.20198,2.17198,2.23198,2.14198,6.68,0.00384,6588002.0,22011100.0,-1.3624101944613396,2.20198
HK.01071,华电国际电力股份,2021-12-30 00:00:00,2.17198,2.22198,2.32198,2.13198,6.78,0.00566,9712884.0,33171579.0,2.3020469801747634,2.17198
HK.01071,华电国际电力股份,2021-12-31 00:00:00,2.28198,2.23198,2.31198,2.21198,6.8,0.00252,4334777.0,14785201.0,0.4500490553470433,2.22198
HK.01071,华电国际电力股份,2022-01-03 00:00:00,2.24198,2.43198,2.51198,2.24198,7.2,0.00718,12328000.0,44395440.0,8.960653769298995,2.23198
HK.01071,华电国际电力股份,2022-01-04 00:00:00,2.40198,2.14198,2.41198,2.01198,6.62,0.02734,46953000.0,157861754.0,-11.92444016809347,2.43198
HK.01071,华电国际电力股份,2022-01-05 00:00:00,2.13198,2.01198,2.14198,1.94198,6.36,0.01792,30765000.0,97288274.0,-6.069150972464744,2.14198
HK.01071,华电国际电力股份,2022-01-06 00:00:00,1.99198,1.92198,2.05198,1.92198,6.18,0.01034,17756000.0,55820126.0,-4.4732054990606205,2.01198
HK.01071,华电国际电力股份,2022-01-07 00:00:00,1.93198,1.82198,1.97198,1.79198,5.98,0.01484,25476312.0,76854683.0,-5.20296777281762,1.92198
HK.01071,华电国际电力股份,2022-01-10 00:00:00,1.81198,1.80198,1.88198,1.76198,5.94,0.00854,14658000.0,43664580.0,-1.0977068903061513,1.82198
HK.01071,华电国际电力股份,2022-01-11 00:00:00,1.78198,1.89198,1.95198,1.78198,6.12,0.01086,18646000.0,56580190.0,4.994506043352317,1.80198
HK.01071,华电国际电力股份,2022-01-12 00:00:00,1.89198,1.92198,1.96198,1.86198,6.18,0.00898,15427769.0,47403195.0,1.5856404401737876,1.89198
HK.01071,华电国际电力股份,2022-01-13 00:00:00,1.90198,1.84198,1.93198,1.84198,6.02,0.00519,8914000.0,27138732.0,-4.162374218254096,1.92198
HK.01071,华电国际电力股份,2022-01-14 00:00:00,1.83198,1.79198,1.93198,1.77198,5.92,0.00833,14302000.0,42848188.0,-2.714470298265999,1.84198
HK.01071,华电国际电力股份,2022-01-17 00:00:00,1.81198,1.75198,1.87198,1.71198,5.84,0.00971,16675000.0,49056164.0,-2.2321677697295628,1.79198
HK.01071,华电国际电力股份,2022-01-18 00:00:00,1.75198,1.82198,1.95198,1.73198,5.98,0.01601,27500000.0,82757040.0,3.9954794004497676,1.75198
HK.01071,华电国际电力股份,2022-01-19 00:00:00,1.83198,1.86198,1.90198,1.79198,6.06,0.00556,9544000.0,28803000.0,2.1954137806123026,1.82198
HK.01071,华电国际电力股份,2022-01-20 00:00:00,1.89198,1.86198,1.89198,1.81198,6.06,0.00381,6550000.0,19800580.0,0.0,1.86198
HK.01071,华电国际电力股份,2022-01-21 00:00:00,1.88198,1.89198,1.94198,1.83198,6.12,0.00846,14522000.0,44393322.0,1.6111880900976396,1.86198
HK.01071,华电国际电力股份,2022-01-24 00:00:00,1.88198,1.82198,1.91198,1.79198,5.98,0.00478,8206274.0,24636130.0,-3.699827693738838,1.89198
HK.01071,华电国际电力股份,2022-01-25 00:00:00,1.82198,1.69198,1.82198,1.68198,5.72,0.00892,15312674.0,44331494.0,-7.135094786989972,1.82198
HK.01071,华电国际电力股份,2022-01-26 00:00:00,1.68198,1.80198,1.88198,1.68198,5.94,0.01038,17817998.0,53062893.0,6.501258880128599,1.69198
HK.01071,华电国际电力股份,2022-01-27 00:00:00,1.75198,1.70198,1.78198,1.67198,5.74,0.0036,6188000.0,17791352.0,-5.54945115928034,1.80198
HK.01071,华电国际电力股份,2022-01-28 00:00:00,1.72198,1.63198,1.72198,1.57198,5.6,0.00435,7468000.0,20848920.0,-4.112856790326564,1.70198
HK.01071,华电国际电力股份,2022-01-31 00:00:00,1.60198,1.68198,1.68198,1.47198,5.7,0.00525,9022000.0,24921640.0,3.0637630363117223,1.63198
HK.01071,华电国际电力股份,2022-02-04 00:00:00,1.68198,1.70198,1.73198,1.65198,5.74,0.00199,3423619.0,9788013.0,1.1890747809129727,1.68198
HK.01071,华电国际电力股份,2022-02-07 00:00:00,1.73198,1.76198,1.80198,1.71198,5.86,0.00496,8526000.0,24852140.0,3.5253058202799123,1.70198
HK.01071,华电国际电力股份,2022-02-08 00:00:00,1.75198,1.73198,1.80198,1.66198,5.8,0.00736,12632000.0,36560970.0,-1.7026299958001807,1.76198
HK.01071,华电国际电力股份,2022-02-09 00:00:00,1.74198,1.90198,1.90198,1.74198,6.14,0.00855,14690000.0,44456900.0,9.815355835517726,1.73198
HK.01071,华电国际电力股份,2022-02-10 00:00:00,1.91198,1.89198,1.91198,1.82198,6.12,0.00638,10952044.0,33250554.0,-0.5257678839945745,1.90198
HK.01071,华电国际电力股份,2022-02-11 00:00:00,1.86198,1.74198,1.89198,1.74198,5.82,0.01253,21525329.0,63908937.0,-7.928202200868927,1.89198
HK.01071,华电国际电力股份,2022-02-14 00:00:00,1.74198,1.65198,1.75198,1.63198,5.64,0.00987,16944000.0,48266262.0,-5.1665346330038275,1.74198
HK.01071,华电国际电力股份,2022-02-15 00:00:00,1.68198,1.63198,1.68198,1.61198,5.6,0.0034,5832000.0,16358600.0,-1.2106684100291782,1.65198
HK.01071,华电国际电力股份,2022-02-16 00:00:00,1.66198,1.69198,1.73198,1.65198,5.72,0.0053,9100000.0,26050364.0,3.6765156435740667,1.63198
HK.01071,华电国际电力股份,2022-02-17 00:00:00,1.68198,1.73198,1.73198,1.62198,5.8,0.00734,12612000.0,35813198.0,2.364094138228586,1.69198
HK.01071,华电国际电力股份,2022-02-18 00:00:00,1.69198,1.66198,1.75198,1.65198,5.66,0.00396,6796100.0,19429655.0,-4.0416171087425985,1.73198
HK.01071,华电国际电力股份,2022-02-21 00:00:00,1.65198,1.60198,1.66198,1.60198,5.54,0.00539,9264000.0,25854140.0,-3.6101517467117565,1.66198
HK.01071,华电国际电力股份,2022-02-22 00:00:00,1.60198,1.58198,1.60198,1.53198,5.5,0.0056,9616000.0,26184110.0,-1.2484550368918474,1.60198
HK.01071,华电国际电力股份,2022-02-23 00:00:00,1.60198,1.56198,1.61198,1.54198,5.46,0.00445,7636000.0,20889048.0,-1.2642384859479903,1.58198
HK.01071,华电国际电力股份,2022-02-24 00:00:00,1.53198,1.56198,1.61198,1.51198,5.46,0.01214,20854000.0,56889580.0,0.0,1.56198
HK.01071,华电国际电力股份,2022-02-25 00:00:00,1.55198,1.79198,1.85198,1.55198,5.92,0.02059,35364000.0,103224776.0,14.724900446868716,1.56198
HK.01071,华电国际电力股份,2022-02-28 00:00:00,1.80198,1.78198,1.83198,1.70198,5.9,0.00667,11462000.0,33567630.0,-0.5580419424323938,1.79198
HK.01071,华电国际电力股份,2022-03-01 00:00:00,1.79198,1.74198,1.85198,1.67198,5.82,0.01412,24250000.0,70108302.0,-2.2446941043109248,1.78198
HK.01071,华电国际电力股份,2022-03-02 00:00:00,1.74198,1.71198,1.74198,1.65198,5.76,0.00371,6366000.0,18198744.0,-1.7221782110012758,1.74198
HK.01071,华电国际电力股份,2022-03-03 00:00:00,1.72198,1.64198,1.74198,1.63198,5.62,0.00832,14286000.0,40713310.0,-4.08883281346745,1.71198
HK.01071,华电国际电力股份,2022-03-04 00:00:00,1.61198,1.66198,1.70198,1.60198,5.66,0.01333,22898020.0,64128271.0,1.2180416326630055,1.64198
HK.01071,华电国际电力股份,2022-03-07 00:00:00,1.63198,1.56198,1.67198,1.56198,5.46,0.00529,9088000.0,25115910.0,-6.016919577852928,1.66198
HK.01071,华电国际电力股份,2022-03-08 00:00:00,1.59198,1.50198,1.65198,1.50198,5.34,0.00755,12968000.0,35407176.0,-3.8412783774440027,1.56198
HK.01071,华电国际电力股份,2022-03-09 00:00:00,1.55198,1.50198,1.62198,1.45198,5.34,0.00969,16636000.0,44871260.0,0.0,1.50198
HK.01071,华电国际电力股份,2022-03-10 00:00:00,1.55198,1.59198,1.59198,1.48198,5.52,0.00907,15568000.0,42272380.0,5.992090440618374,1.50198
HK.01071,华电国际电力股份,2022-03-11 00:00:00,1.57198,1.48198,1.57198,1.46198,5.3,0.00657,11286176.0,30112511.0,-6.9096345431475195,1.59198
HK.01071,华电国际电力股份,2022-03-14 00:00:00,1.51198,1.27198,1.51198,1.26198,4.88,0.01431,24566000.0,62216140.0,-14.170231717027217,1.48198
HK.01071,华电国际电力股份,2022-03-15 00:00:00,1.27198,1.10198,1.30198,1.05198,4.54,0.01716,29459195.0,68706343.0,-13.364990015566294,1.27198
HK.01071,华电国际电力股份,2022-03-16 00:00:00,1.14198,1.26198,1.31198,1.12198,4.86,0.01523,26146000.0,62709600.0,14.519319769868794,1.10198
HK.01071,华电国际电力股份,2022-03-17 00:00:00,1.35198,1.33198,1.39198,1.26198,5.0,0.01608,27608000.0,68884948.0,5.546839094121922,1.26198
HK.01071,华电国际电力股份,2022-03-18 00:00:00,1.33198,1.35198,1.48198,1.26198,5.019,0.03133,53794916.0,136562495.0,1.5015240469076125,1.33198
HK.01071,华电国际电力股份,2022-03-21 00:00:00,1.42198,1.34198,1.42198,1.29198,5.0,0.00999,17162000.0,43039890.0,-0.7396559120697058,1.35198
HK.01071,华电国际电力股份,2022-03-22 00:00:00,1.33198,1.36198,1.40198,1.29198,5.039,0.007,12016000.0,30341100.0,1.4903351763811694,1.34198
HK.01071,华电国际电力股份,2022-03-23 00:00:00,1.33198,1.31198,1.35198,1.29198,4.94,0.00688,11809920.0,29319840.0,-3.6711258608790174,1.36198
HK.01071,华电国际电力股份,2022-03-24 00:00:00,1.29198,1.27198,1.32198,1.23198,4.86,0.00944,16207046.0,39373456.0,-3.048826963825654,1.31198
HK.01071,华电国际电力股份,2022-03-25 00:00:00,1.23198,1.18198,1.27198,1.14198,4.681,0.00972,16697086.0,39368314.0,-7.07558294941745,1.27198
HK.01071,华电国际电力股份,2022-03-28 00:00:00,1.27198,1.29198,1.31198,1.19198,4.9,0.02315,39750000.0,96715090.0,9.306418044298539,1.18198
HK.01071,华电国际电力股份,2022-03-29 00:00:00,1.29198,1.23198,1.30198,1.20198,0.0,0.0136,23358535.0,55975922.0,-4.6440347373798225,1.29198
HK.01071,华电国际电力股份,2022-03-30 00:00:00,1.23198,1.25198,1.29198,1.20198,0.0,0.02781,47748000.0,115131050.0,1.6234029773210619,1.23198
HK.01071,华电国际电力股份,2022-03-31 00:00:00,1.23198,1.24198,1.25198,1.19198,0.0,0.0068,11671505.0,27920587.0,-0.7987348040703532,1.25198
HK.01071,华电国际电力股份,2022-04-01 00:00:00,1.24198,1.28198,1.29198,1.22198,0.0,0.00519,8920466.0,21763261.0,3.2206637788047963,1.24198
HK.01071,华电国际电力股份,2022-04-04 00:00:00,1.28198,1.35198,1.38198,1.27198,0.0,0.00518,8892466.0,22293637.0,5.460303592879769,1.28198
HK.01071,华电国际电力股份,2022-04-06 00:00:00,1.30198,1.37198,1.39198,1.29198,0.0,0.00937,16098000.0,40538620.0,1.4793118241394116,1.35198
HK.01071,华电国际电力股份,2022-04-07 00:00:00,1.34198,1.29198,1.37198,1.29198,0.0,0.00713,12250000.0,30418000.0,-5.8309887899240564,1.37198
HK.01071,华电国际电力股份,2022-04-08 00:00:00,1.28198,1.35198,1.35198,1.28198,0.0,0.00774,13295000.0,32986156.0,4.64403473737984,1.29198
HK.01071,华电国际电力股份,2022-04-11 00:00:00,1.36198,1.30198,1.36198,1.29198,0.0,0.00772,13262885.0,32898754.0,-3.6982795603485297,1.35198
HK.01071,华电国际电力股份,2022-04-12 00:00:00,1.29198,1.26198,1.32198,1.23198,0.0,0.01149,19728000.0,47960640.0,-3.0722438132690066,1.30198
HK.01071,华电国际电力股份,2022-04-13 00:00:00,1.25198,1.30198,1.32198,1.25198,0.0,0.00518,8893768.0,21887689.0,3.1696223394982335,1.26198
HK.01071,华电国际电力股份,2022-04-14 00:00:00,1.30198,1.33198,1.35198,1.29198,0.0,0.00524,9000000.0,22373540.0,2.304182859951768,1.30198
HK.01071,华电国际电力股份,2022-04-19 00:00:00,1.37198,1.41198,1.44198,1.36198,0.0,0.01427,24508000.0,63231382.0,6.00609618763045,1.33198
HK.01071,华电国际电力股份,2022-04-20 00:00:00,1.44198,1.42198,1.46198,1.39198,0.0,0.00599,10283529.0,26694651.0,0.7082253289706659,1.41198
HK.01071,华电国际电力股份,2022-04-21 00:00:00,1.40198,1.32198,1.43198,1.30198,0.0,0.01099,18876000.0,47459800.0,-7.032447713751254,1.42198
HK.01071,华电国际电力股份,2022-04-22 00:00:00,1.30198,1.43198,1.45198,1.28198,0.0,0.009,15460000.0,39628260.0,8.320852055250466,1.32198
HK.01071,华电国际电力股份,2022-04-25 00:00:00,1.40198,1.37198,1.44198,1.37198,0.0,0.00778,13356000.0,34304380.0,-4.190002653668351,1.43198
HK.01071,华电国际电力股份,2022-04-26 00:00:00,1.41198,1.38198,1.43198,1.35198,0.0,0.00477,8194000.0,21021050.0,0.7288735987405071,1.37198
HK.01071,华电国际电力股份,2022-04-27 00:00:00,1.36198,1.48198,1.50198,1.33198,0.0,0.0101,17336822.0,45355786.0,7.2359947321958416,1.38198
HK.01071,华电国际电力股份,2022-04-28 00:00:00,1.49198,1.58198,1.58198,1.46198,0.0,0.00515,8846822.0,23952338.0,6.747729389060572,1.48198
HK.01071,华电国际电力股份,2022-04-29 00:00:00,1.65198,1.57198,1.68198,1.51198,0.0,0.00646,11100000.0,30332720.0,-0.6321192429739951,1.58198
HK.01071,华电国际电力股份,2022-05-03 00:00:00,1.57198,1.59198,1.61198,1.51198,0.0,0.00314,5394000.0,14826520.0,1.2722808178221108,1.57198
HK.01071,华电国际电力股份,2022-05-04 00:00:00,1.60198,1.57198,1.60198,1.54198,0.0,0.00096,1654194.0,4511373.0,-1.2562971896631878,1.59198
HK.01071,华电国际电力股份,2022-05-05 00:00:00,1.55198,1.50198,1.58198,1.48198,0.0,0.00694,11910000.0,32291290.0,-4.452982862377374,1.57198
HK.01071,华电国际电力股份,2022-05-06 00:00:00,1.48198,1.42198,1.48198,1.42198,0.0,0.00417,7160000.0,18739980.0,-5.326302613883012,1.50198
HK.01071,华电国际电力股份,2022-05-10 00:00:00,1.42198,1.53198,1.57198,1.38198,0.0,0.01148,19707772.0,52540820.0,7.735692485126363,1.42198
HK.01071,华电国际电力股份,2022-05-11 00:00:00,1.53198,1.50198,1.55198,1.48198,0.0,0.00893,15338000.0,41158700.0,-1.9582501077037433,1.53198
HK.01071,华电国际电力股份,2022-05-12 00:00:00,1.52198,1.50198,1.58198,1.47198,0.0,0.0117,20085500.0,53722915.0,0.0,1.50198
HK.01071,华电国际电力股份,2022-05-13 00:00:00,1.51198,1.53198,1.55198,1.49198,0.0,0.00274,4705883.0,12672129.0,1.9973634802061146,1.50198
HK.01071,华电国际电力股份,2022-05-16 00:00:00,1.53198,1.51198,1.54198,1.50198,0.0,0.00319,5476000.0,14735080.0,-1.3055000718024907,1.53198
HK.01071,华电国际电力股份,2022-05-17 00:00:00,1.54198,1.44198,1.54198,1.43198,0.0,0.00842,14456000.0,38056540.0,-4.629690868926842,1.51198
HK.01071,华电国际电力股份,2022-05-18 00:00:00,1.45198,1.53198,1.57198,1.43198,0.0,0.00998,17140000.0,46265794.0,6.241418050180991,1.44198
HK.01071,华电国际电力股份,2022-05-19 00:00:00,1.51198,1.59198,1.61198,1.50198,0.0,0.00837,14380000.0,39540972.0,3.9165002154075155,1.53198
HK.01071,华电国际电力股份,2022-05-20 00:00:00,1.60198,1.57198,1.66198,1.56198,0.0,0.00491,8426000.0,23395860.0,-1.2562971896631878,1.59198
HK.01071,华电国际电力股份,2022-05-23 00:00:00,1.57198,1.50198,1.59198,1.50198,0.0,0.0056,9620000.0,26054680.0,-4.452982862377374,1.57198
HK.01071,华电国际电力股份,2022-05-24 00:00:00,1.50198,1.55198,1.59198,1.50198,0.0,0.0061,10476000.0,28636540.0,3.328939133676868,1.50198
HK.01071,华电国际电力股份,2022-05-25 00:00:00,1.53198,1.63198,1.64198,1.52198,0.0,0.00879,15102000.0,41845930.0,5.1547056018763175,1.55198
HK.01071,华电国际电力股份,2022-05-26 00:00:00,1.64198,1.56198,1.65198,1.56198,0.0,0.00303,5200000.0,14389858.0,-4.289268250836411,1.63198
HK.01071,华电国际电力股份,2022-05-27 00:00:00,1.58198,1.52198,1.60198,1.52198,0.0,0.00383,6580000.0,17923600.0,-2.5608522516293304,1.56198
HK.01071,华电国际电力股份,2022-05-30 00:00:00,1.55198,1.51198,1.58198,1.50198,0.0,0.00654,11234000.0,30331980.0,-0.65703885727802,1.52198
HK.01071,华电国际电力股份,2022-05-31 00:00:00,1.53198,1.64198,1.65198,1.53198,0.0,0.01317,22612000.0,62768940.0,8.597997328006976,1.51198
HK.01071,华电国际电力股份,2022-06-01 00:00:00,1.64198,1.68198,1.68198,1.62198,0.0,0.00769,13200800.0,37247460.0,2.436083265326011,1.64198
HK.01071,华电国际电力股份,2022-06-02 00:00:00,1.67198,1.62198,1.69198,1.62198,0.0,0.00497,8538000.0,24110240.0,-3.567224342738918,1.68198
HK.01071,华电国际电力股份,2022-06-06 00:00:00,1.62198,1.60198,1.63198,1.55198,0.0,0.007,12016000.0,33198360.0,-1.2330608268905916,1.62198
HK.01071,华电国际电力股份,2022-06-07 00:00:00,1.60198,1.61198,1.63198,1.57198,0.0,0.00957,16440000.0,45559870.0,0.6242275184459237,1.60198
HK.01071,华电国际电力股份,2022-06-08 00:00:00,1.63198,1.60198,1.66198,1.58198,0.0,0.00623,10706100.0,29792967.0,-0.6203550912542345,1.61198
HK.01071,华电国际电力股份,2022-06-09 00:00:00,1.60198,1.62198,1.70198,1.58198,0.0,0.00887,15232000.0,43011534.0,1.2484550368918474,1.60198
HK.01071,华电国际电力股份,2022-06-10 00:00:00,1.61198,1.57198,1.63198,1.57198,0.0,0.00547,9390000.0,25922590.0,-3.082652067226479,1.62198
HK.01071,华电国际电力股份,2022-06-13 00:00:00,1.57198,1.55198,1.57198,1.51198,0.0,0.00641,11003443.0,29778890.0,-1.2722808178221108,1.57198
HK.01071,华电国际电力股份,2022-06-14 00:00:00,1.52198,1.51198,1.57198,1.47198,0.0,0.00826,14180000.0,38095300.0,-2.5773528009381446,1.55198
HK.01071,华电国际电力股份,2022-06-15 00:00:00,1.53198,1.49198,1.57198,1.48198,0.0,0.00615,10560200.0,28306812.0,-1.3227688196933833,1.51198
HK.01071,华电国际电力股份,2022-06-16 00:00:00,1.50198,1.47198,1.54198,1.47198,0.0,0.0044,7556000.0,20181980.0,-1.340500542902721,1.49198
HK.01071,华电国际电力股份,2022-06-17 00:00:00,1.50198,1.46198,1.51198,1.45198,0.0,0.0051,8754000.0,23141680.0,-0.6793570564817463,1.47198
HK.01071,华电国际电力股份,2022-06-20 00:00:00,1.46198,1.58198,1.60198,1.45198,0.0,0.00691,11870000.0,32363140.0,8.208046621704804,1.46198
HK.01071,华电国际电力股份,2022-06-21 00:00:00,1.60198,1.63198,1.66198,1.57198,0.0,0.00846,14526208.0,40619524.0,3.160596214869976,1.58198
HK.01071,华电国际电力股份,2022-06-22 00:00:00,1.62198,1.59198,1.64198,1.58198,0.0,0.00225,3863000.0,10706720.0,-2.451010429049378,1.63198
HK.01071,华电国际电力股份,2022-06-23 00:00:00,1.59198,1.57198,1.60198,1.55198,0.0,0.00456,7829430.0,21409296.0,-1.2562971896631878,1.59198
HK.01071,华电国际电力股份,2022-06-24 00:00:00,1.57198,1.57198,1.60198,1.54198,0.0,0.00391,6710000.0,18336970.0,0.0,1.57198
HK.01071,华电国际电力股份,2022-06-27 00:00:00,1.56198,1.61198,1.61198,1.53198,0.0,0.00914,15704000.0,43154650.0,2.5445616356442216,1.57198
HK.01071,华电国际电力股份,2022-06-28 00:00:00,1.62198,1.69198,1.70198,1.59198,0.0,0.01305,22417500.0,63719590.0,4.962840730033876,1.61198
HK.01071,华电国际电力股份,2022-06-29 00:00:00,1.69198,1.64198,1.69198,1.63198,0.0,0.00692,11878000.0,33448574.0,-2.955117672785733,1.69198
HK.01071,华电国际电力股份,2022-06-30 00:00:00,1.63198,1.69198,1.72198,1.63198,0.0,0.01394,23933541.0,68429124.0,3.0451040816575135,1.64198
HK.01071,华电国际电力股份,2022-07-04 00:00:00,1.77491,1.89491,1.93491,1.70491,0.0,0.02037,34971842.0,95121518.0,11.99364058676817,1.69198
HK.01071,华电国际电力股份,2022-07-05 00:00:00,1.90491,1.98491,2.00491,1.88491,0.0,0.01614,27723500.0,78718070.0,4.749565942445807,1.89491
HK.01071,华电国际电力股份,2022-07-06 00:00:00,1.97491,2.01491,2.10491,1.96491,0.0,0.01072,18406901.0,53518118.0,1.5114035397070913,1.98491
HK.01071,华电国际电力股份,2022-07-07 00:00:00,2.01491,2.07491,2.15491,2.00491,0.0,0.01151,19767000.0,58736740.0,2.977800497292686,2.01491
HK.01071,华电国际电力股份,2022-07-08 00:00:00,2.05491,2.11491,2.12491,2.02491,0.0,0.00696,11955000.0,35247380.0,1.9277944585548306,2.07491
HK.01071,华电国际电力股份,2022-07-11 00:00:00,2.08491,2.11491,2.22491,2.05491,0.0,0.01048,18002000.0,54253948.0,0.0,2.11491
HK.01071,华电国际电力股份,2022-07-12 00:00:00,2.12491,2.08491,2.13491,2.05491,0.0,0.004,6876276.0,20379551.0,-1.418500078017516,2.11491
HK.01071,华电国际电力股份,2022-07-13 00:00:00,2.09491,2.08491,2.14491,2.05491,0.0,0.00315,5404893.0,16096392.0,0.0,2.08491
HK.01071,华电国际电力股份,2022-07-14 00:00:00,2.10491,1.97491,2.10491,1.90491,0.0,0.00689,11839500.0,33772892.0,-5.276007117813234,2.08491
HK.01071,华电国际电力股份,2022-07-15 00:00:00,1.97491,2.05491,2.06491,1.97491,0.0,0.01284,22051000.0,64116902.0,4.050817505607855,1.97491
HK.01071,华电国际电力股份,2022-07-18 00:00:00,2.07491,2.25491,2.25491,2.06491,0.0,0.01904,32696003.0,100497689.0,9.73278635074043,2.05491
HK.01071,华电国际电力股份,2022-07-19 00:00:00,2.25491,2.14491,2.25491,2.14491,0.0,0.00317,5439179.0,16618839.0,-4.8782434775667465,2.25491
HK.01071,华电国际电力股份,2022-07-20 00:00:00,2.16491,2.14491,2.20491,2.12491,0.0,0.00353,6064224.0,18423025.0,0.0,2.14491
HK.01071,华电国际电力股份,2022-07-21 00:00:00,2.14491,2.07491,2.23491,2.06491,0.0,0.00544,9338000.0,28263000.0,-3.2635401951596963,2.14491
HK.01071,华电国际电力股份,2022-07-22 00:00:00,2.10491,2.01491,2.10491,1.98491,0.0,0.01,17170000.0,49648980.0,-2.8916916878322456,2.07491
HK.01071,华电国际电力股份,2022-07-25 00:00:00,2.02491,1.93491,2.02491,1.92491,0.0,0.00391,6706000.0,18974790.0,-3.9704006630569144,2.01491
HK.01071,华电国际电力股份,2022-07-26 00:00:00,1.93491,1.88491,1.95491,1.86491,0.0,0.0097,16652000.0,46255792.0,-2.5840995188406604,1.93491
HK.01071,华电国际电力股份,2022-07-27 00:00:00,1.88491,1.88491,1.90491,1.84491,0.0,0.0033,5672000.0,15556260.0,0.0,1.88491
HK.01071,华电国际电力股份,2022-07-28 00:00:00,1.89491,1.91491,1.93491,1.85491,0.0,0.00501,8596000.0,23900990.0,1.591587927275032,1.88491
HK.01071,华电国际电力股份,2022-07-29 00:00:00,1.90491,1.84491,1.97491,1.84491,0.0,0.00956,16410000.0,45654650.0,-3.6555242805144808,1.91491
HK.01071,华电国际电力股份,2022-08-01 00:00:00,1.84491,1.83491,1.91491,1.81491,0.0,0.00799,13720000.0,37572580.0,-0.5420318606327684,1.84491
HK.01071,华电国际电力股份,2022-08-02 00:00:00,1.83491,1.82491,1.84491,1.75491,0.0,0.00849,14574500.0,38963884.0,-0.5449858576169953,1.83491
HK.01071,华电国际电力股份,2022-08-03 00:00:00,1.84491,1.75491,1.85491,1.73491,0.0,0.00449,7712000.0,20390200.0,-3.8358056013721256,1.82491
HK.01071,华电国际电力股份,2022-08-04 00:00:00,1.76491,1.80491,1.82491,1.76491,0.0,0.00204,3510000.0,9389820.0,2.849148959205888,1.75491
HK.01071,华电国际电力股份,2022-08-05 00:00:00,1.81491,1.84491,1.88491,1.81491,0.0,0.00406,6964000.0,19031650.0,2.2161769838939356,1.80491
HK.01071,华电国际电力股份,2022-08-08 00:00:00,1.86491,1.98491,1.98491,1.84491,0.0,0.00647,11106500.0,31231146.0,7.588446048858747,1.84491
HK.01071,华电国际电力股份,2022-08-09 00:00:00,1.92491,1.91491,1.97491,1.88491,0.0,0.00349,5990000.0,16790580.0,-3.5266082593165464,1.98491
HK.01071,华电国际电力股份,2022-08-10 00:00:00,1.92491,1.86491,1.92491,1.86491,0.0,0.00217,3726000.0,10289980.0,-2.6110887717960543,1.91491
HK.01071,华电国际电力股份,2022-08-11 00:00:00,1.91491,1.92491,1.97491,1.90491,0.0,0.00384,6601642.0,18620383.0,3.2173134360371183,1.86491
HK.01071,华电国际电力股份,2022-08-12 00:00:00,1.91491,2.08491,2.13491,1.91491,0.0,0.01017,17464200.0,51609422.0,8.312076928271967,1.92491
HK.01071,华电国际电力股份,2022-08-15 00:00:00,2.08491,2.11491,2.17491,2.08491,0.0,0.00773,13270000.0,39973282.0,1.4389110321308953,2.08491
HK.01071,华电国际电力股份,2022-08-16 00:00:00,2.13491,2.31491,2.35491,2.13491,0.0,0.02087,35832000.0,113181750.0,9.45666718678335,2.11491
HK.01071,华电国际电力股份,2022-08-17 00:00:00,2.35491,2.29491,2.36491,2.26491,0.0,0.00747,12834000.0,40827160.0,-0.863964473780839,2.31491
HK.01071,华电国际电力股份,2022-08-18 00:00:00,2.28491,2.33491,2.43491,2.28491,0.0,0.02088,35855800.0,116985634.0,1.7429877424387028,2.29491
HK.01071,华电国际电力股份,2022-08-19 00:00:00,2.34491,2.52491,2.68491,2.30491,0.0,0.05011,86057000.0,296494306.0,8.13735861339411,2.33491
HK.01071,华电国际电力股份,2022-08-22 00:00:00,2.52491,2.47491,2.60491,2.47491,0.0,0.02276,39080000.0,133656618.0,-1.9802686036334072,2.52491
HK.01071,华电国际电力股份,2022-08-23 00:00:00,2.45491,2.62491,2.66491,2.43491,0.0,0.02057,35318000.0,122996640.0,6.060826454295305,2.47491
HK.01071,华电国际电力股份,2022-08-24 00:00:00,2.62491,2.52491,2.62491,2.45491,0.0,0.01068,18340000.0,62592270.0,-3.809654426246982,2.62491
HK.01071,华电国际电力股份,2022-08-25 00:00:00,2.54491,2.65491,2.67491,2.53491,0.0,0.01055,18118000.0,63696380.0,5.148698369446827,2.52491
HK.01071,华电国际电力股份,2022-08-26 00:00:00,2.65491,2.53491,2.75491,2.51491,0.0,0.01013,17387018.0,61094989.0,-4.519927229171614,2.65491
HK.01071,华电国际电力股份,2022-08-29 00:00:00,2.49491,2.44491,2.53491,2.38491,0.0,0.00567,9732000.0,32493329.0,-3.5504219084701174,2.53491
HK.01071,华电国际电力股份,2022-08-30 00:00:00,2.47491,2.41491,2.58491,2.35491,0.0,0.01116,19156000.0,63425160.0,-1.2270390321116216,2.44491
HK.01071,华电国际电力股份,2022-08-31 00:00:00,2.42491,2.35491,2.45491,2.28491,0.0,0.01183,20312000.0,65768120.0,-2.4845646421605796,2.41491
HK.01071,华电国际电力股份,2022-09-01 00:00:00,2.33491,2.36491,2.42491,2.31491,0.0,0.00525,9022859.0,29191648.0,0.42464467856522037,2.35491
HK.01071,华电国际电力股份,2022-09-02 00:00:00,2.38491,2.54491,2.59491,2.38491,0.0,0.01873,32165200.0,109176138.0,7.611283304650058,2.36491
HK.01071,华电国际电力股份,2022-09-05 00:00:00,2.54491,2.64491,2.67491,2.48491,0.0,0.01396,23974000.0,84022368.0,3.9294120420761485,2.54491
HK.01071,华电国际电力股份,2022-09-06 00:00:00,2.64491,2.71491,2.77491,2.60491,0.0,0.01553,26672000.0,95474470.0,2.6465928897391704,2.64491
HK.01071,华电国际电力股份,2022-09-07 00:00:00,2.69491,2.84491,2.88491,2.67491,0.0,0.02763,47455500.0,174651780.0,4.7883723585680515,2.71491
HK.01071,华电国际电力股份,2022-09-08 00:00:00,2.84491,2.86491,2.97491,2.74491,0.0,0.02871,49298683.0,186874705.0,0.7030099370454608,2.84491
HK.01071,华电国际电力股份,2022-09-09 00:00:00,2.88491,2.84491,2.94491,2.81491,0.0,0.01118,19192800.0,72080632.0,-0.6981022091444414,2.86491
HK.01071,华电国际电力股份,2022-09-13 00:00:00,2.85491,2.62491,2.88491,2.62491,0.0,0.01446,24822884.0,88217933.0,-7.733109307500068,2.84491
HK.01071,华电国际电力股份,2022-09-14 00:00:00,2.59491,2.65491,2.70491,2.56491,0.0,0.00835,14331632.0,50450362.0,1.142896327874108,2.62491
HK.01071,华电国际电力股份,2022-09-15 00:00:00,2.68491,2.47491,2.71491,2.40491,0.0,0.01533,26332000.0,87913040.0,-6.779890843757422,2.65491
HK.01071,华电国际电力股份,2022-09-16 00:00:00,2.45491,2.23491,2.55491,2.23491,0.0,0.02136,36685009.0,118275898.0,-9.697322326872483,2.47491
HK.01071,华电国际电力股份,2022-09-19 00:00:00,2.23491,2.34491,2.34491,2.10491,0.0,0.02101,36082000.0,112903854.0,4.9218984209654915,2.23491
HK.01071,华电国际电力股份,2022-09-20 00:00:00,2.34491,2.25491,2.35491,2.23491,0.0,0.00715,12284000.0,38748480.0,-3.8381003961772455,2.34491
HK.01071,华电国际电力股份,2022-09-21 00:00:00,2.21491,2.39491,2.40491,2.21491,0.0,0.01458,25038723.0,80260340.0,6.208673516903099,2.25491
HK.01071,华电国际电力股份,2022-09-22 00:00:00,2.33491,2.33491,2.46491,2.29491,0.0,0.00771,13237800.0,42742048.0,-2.505313352067512,2.39491
HK.01071,华电国际电力股份,2022-09-23 00:00:00,2.30491,2.23491,2.43491,2.18491,0.0,0.01369,23502000.0,73821380.0,-4.2828203228389805,2.33491
HK.01071,华电国际电力股份,2022-09-26 00:00:00,2.22491,2.24491,2.27491,2.13491,0.0,0.00655,11248440.0,34785924.0,0.44744531099685386,2.23491
HK.01071,华电国际电力股份,2022-09-27 00:00:00,2.19491,2.18491,2.25491,2.15491,0.0,0.00724,12436723.0,38134047.0,-2.6727129372669753,2.24491
HK.01071,华电国际电力股份,2022-09-28 00:00:00,2.17491,1.99491,2.21491,1.96491,0.0,0.01103,18947560.0,55183953.0,-8.696010361982871,2.18491
HK.01071,华电国际电力股份,2022-09-29 00:00:00,2.04491,1.94491,2.10491,1.92491,0.0,0.00557,9564000.0,27441680.0,-2.506378733877721,1.99491
HK.01071,华电国际电力股份,2022-09-30 00:00:00,1.90491,1.99491,2.02491,1.90491,0.0,0.00471,8095800.0,23156902.0,2.5708130453337197,1.94491
HK.01071,华电国际电力股份,2022-10-03 00:00:00,1.92491,1.88491,1.96491,1.88491,0.0,0.00236,4057405.0,11278726.0,-5.514033214530975,1.99491
HK.01071,华电国际电力股份,2022-10-05 00:00:00,1.98491,1.94491,1.99491,1.92491,0.0,0.00306,5256400.0,14956618.0,3.183175854550076,1.88491
HK.01071,华电国际电力股份,2022-10-06 00:00:00,1.94491,1.94491,1.96491,1.89491,0.0,0.0024,4120000.0,11544820.0,0.0,1.94491
HK.01071,华电国际电力股份,2022-10-07 00:00:00,1.89491,1.87491,1.89491,1.84491,0.0,0.00232,3992000.0,10984400.0,-3.5991382634671965,1.94491
HK.01071,华电国际电力股份,2022-10-10 00:00:00,1.87491,1.88491,2.01491,1.86491,0.0,0.0154,26446000.0,74121000.0,0.5333589345621927,1.87491
HK.01071,华电国际电力股份,2022-10-11 00:00:00,1.88491,2.16491,2.18491,1.87491,0.0,0.01587,27250000.0,80626390.0,14.85482065456705,1.88491
HK.01071,华电国际电力股份,2022-10-12 00:00:00,2.15491,2.10491,2.15491,2.03491,0.0,0.00795,13654123.0,40410993.0,-2.7714777981532746,2.16491
HK.01071,华电国际电力股份,2022-10-13 00:00:00,2.10491,2.25491,2.36491,2.07491,0.0,0.01494,25651100.0,80633362.0,7.1261954192816015,2.10491
HK.01071,华电国际电力股份,2022-10-14 00:00:00,2.27491,2.27491,2.33491,2.23491,0.0,0.00633,10878000.0,34308940.0,0.8869533595575885,2.25491
HK.01071,华电国际电力股份,2022-10-17 00:00:00,2.23491,2.23491,2.24491,2.12491,0.0,0.01394,23944000.0,73085260.0,-1.7583113178103762,2.27491
HK.01071,华电国际电力股份,2022-10-18 00:00:00,2.24491,2.26491,2.33491,2.17491,0.0,0.01186,20359000.0,63618540.0,1.3423359329905813,2.23491
HK.01071,华电国际电力股份,2022-10-19 00:00:00,2.24491,2.23491,2.34491,2.20491,0.0,0.00558,9590000.0,30243180.0,-1.3245559426202278,2.26491
HK.01071,华电国际电力股份,2022-10-20 00:00:00,2.20491,1.97491,2.20491,1.95491,0.0,0.02327,39952000.0,116690060.0,-11.633578085918458,2.23491
HK.01071,华电国际电力股份,2022-10-21 00:00:00,2.02491,2.16491,2.23491,1.98491,0.0,0.01193,20494711.0,61959970.0,9.620691575818642,1.97491
HK.01071,华电国际电力股份,2022-10-24 00:00:00,2.16491,2.00491,2.16491,1.99491,0.0,0.00961,16500000.0,48545024.0,-7.390607461742045,2.16491
HK.01071,华电国际电力股份,2022-10-25 00:00:00,1.99491,2.02491,2.08491,1.97491,0.0,0.00772,13254000.0,38376860.0,0.9975510122648905,2.00491
HK.01071,华电国际电力股份,2022-10-26 00:00:00,2.00491,2.03491,2.06491,1.90491,0.0,0.01734,29776000.0,84756886.0,0.4938491093431207,2.02491
HK.01071,华电国际电力股份,2022-10-27 00:00:00,1.97491,1.71491,1.98491,1.71491,0.0,0.03642,62542000.0,167687925.0,-15.725511201969624,2.03491
HK.01071,华电国际电力股份,2022-10-28 00:00:00,1.73491,1.53491,1.79491,1.50491,0.0,0.02921,50154000.0,123570104.0,-10.496177641975377,1.71491
HK.01071,华电国际电力股份,2022-10-31 00:00:00,1.61491,1.48491,1.63491,1.46491,0.0,0.01566,26888000.0,65017104.0,-3.2575199848851097,1.53491
HK.01071,华电国际电力股份,2022-11-01 00:00:00,1.48491,1.46491,1.53491,1.40491,0.0,0.01618,27789400.0,65233320.0,-1.346882976072625,1.48491
HK.01071,华电国际电力股份,2022-11-02 00:00:00,1.44491,1.42491,1.47491,1.36491,0.0,0.01183,20322000.0,46525140.0,-2.7305431733007515,1.46491
HK.01071,华电国际电力股份,2022-11-03 00:00:00,1.41491,1.47491,1.54491,1.40491,0.0,0.01365,23446800.0,55510654.0,3.5089935504698575,1.42491
HK.01071,华电国际电力股份,2022-11-04 00:00:00,1.50491,1.75491,1.75491,1.50491,0.0,0.01824,31330000.0,79153140.0,18.984209205985454,1.47491
HK.01071,华电国际电力股份,2022-11-07 00:00:00,1.70491,1.71491,1.76491,1.65491,0.0,0.00893,15335245.0,39540225.0,-2.27931916736471,1.75491
HK.01071,华电国际电力股份,2022-11-08 00:00:00,1.74491,1.67491,1.74491,1.66491,0.0,0.00575,9882000.0,25328150.0,-2.3324839204389756,1.71491
HK.01071,华电国际电力股份,2022-11-09 00:00:00,1.66491,1.70491,1.84491,1.66491,0.0,0.00736,12638336.0,33300454.0,1.7911410165322332,1.67491
HK.01071,华电国际电力股份,2022-11-10 00:00:00,1.75491,1.71491,1.82491,1.69491,0.0,0.01072,18413504.0,48662478.0,0.5865412250500032,1.70491
HK.01071,华电国际电力股份,2022-11-11 00:00:00,1.75491,1.79491,1.79491,1.72491,0.0,0.00632,10855000.0,28650572.0,4.664967840877951,1.71491
HK.01071,华电国际电力股份,2022-11-14 00:00:00,1.79491,1.87491,1.92491,1.79491,0.0,0.00938,16103400.0,44343163.0,4.45704798569288,1.79491
HK.01071,华电国际电力股份,2022-11-15 00:00:00,1.89491,1.90491,1.92491,1.85491,0.0,0.00383,6569491.0,18178722.0,1.6000768036865782,1.87491
HK.01071,华电国际电力股份,2022-11-16 00:00:00,1.93491,1.90491,2.11491,1.90491,0.0,0.00961,16500064.0,47251961.0,0.0,1.90491
HK.01071,华电国际电力股份,2022-11-17 00:00:00,1.90491,1.90491,1.92491,1.85491,0.0,0.0054,9276000.0,25712620.0,0.0,1.90491
HK.01071,华电国际电力股份,2022-11-18 00:00:00,1.93491,1.86491,1.96491,1.86491,0.0,0.00548,9412770.0,26124743.0,-2.099836737693646,1.90491
HK.01071,华电国际电力股份,2022-11-21 00:00:00,1.84491,2.00491,2.01491,1.82491,0.0,0.01172,20130000.0,57209282.0,7.507064684086638,1.86491
HK.01071,华电国际电力股份,2022-11-22 00:00:00,2.00491,1.98491,2.04491,1.93491,0.0,0.00363,6231697.0,17836832.0,-0.9975510122649016,2.00491
HK.01071,华电国际电力股份,2022-11-23 00:00:00,1.97491,2.08491,2.09491,1.97491,0.0,0.00596,10236000.0,30062602.0,5.038011799023627,1.98491
HK.01071,华电国际电力股份,2022-11-24 00:00:00,2.10491,2.11491,2.19491,2.10491,0.0,0.00513,8808364.0,26552822.0,1.4389110321308953,2.08491
HK.01071,华电国际电力股份,2022-11-25 00:00:00,2.12491,2.08491,2.18491,2.05491,0.0,0.00536,9210000.0,27584686.0,-1.418500078017516,2.11491
HK.01071,华电国际电力股份,2022-11-28 00:00:00,2.04491,2.18491,2.21491,1.95491,0.0,0.01285,22064636.0,66174471.0,4.796370107102949,2.08491
HK.01071,华电国际电力股份,2022-11-29 00:00:00,2.18491,2.13491,2.20491,2.07491,0.0,0.00766,13159082.0,39425018.0,-2.288423779469169,2.18491
HK.01071,华电国际电力股份,2022-11-30 00:00:00,2.10491,2.13491,2.19491,2.06491,0.0,0.00932,16002000.0,48485100.0,0.0,2.13491
HK.01071,华电国际电力股份,2022-12-01 00:00:00,2.16491,2.03491,2.21491,2.03491,0.0,0.00916,15735400.0,46890280.0,-4.684038203015588,2.13491
HK.01071,华电国际电力股份,2022-12-02 00:00:00,2.05491,1.97491,2.06491,1.92491,0.0,0.01367,23481450.0,66952072.0,-2.9485333503693067,2.03491
HK.01071,华电国际电力股份,2022-12-05 00:00:00,1.99491,2.18491,2.19491,1.98491,0.0,0.01263,21682750.0,64164497.0,10.633395952220607,1.97491
HK.01071,华电国际电力股份,2022-12-06 00:00:00,2.15491,2.19491,2.27491,2.15491,0.0,0.00812,13936600.0,43022642.0,0.457684755893846,2.18491
HK.01071,华电国际电力股份,2022-12-07 00:00:00,2.17491,2.01491,2.17491,1.99491,0.0,0.01449,24879000.0,73351534.0,-8.200791832011342,2.19491
HK.01071,华电国际电力股份,2022-12-08 00:00:00,2.01491,2.03491,2.08491,1.98491,0.0,0.01093,18774003.0,54872482.0,0.9926001657642286,2.01491
HK.01071,华电国际电力股份,2022-12-09 00:00:00,2.07491,2.01491,2.15491,2.01491,0.0,0.01261,21656000.0,63880608.0,-0.9828444501231021,2.03491
HK.01071,华电国际电力股份,2022-12-12 00:00:00,2.04491,1.90491,2.05491,1.88491,0.0,0.0138,23702191.0,66517864.0,-5.459300911703246,2.01491
HK.01071,华电国际电力股份,2022-12-13 00:00:00,1.92491,1.95491,1.97491,1.92491,0.0,0.00415,7127400.0,20144544.0,2.6247959221170456,1.90491
HK.01071,华电国际电力股份,2022-12-14 00:00:00,1.97491,1.94491,1.99491,1.92491,0.0,0.00158,2707700.0,7667707.0,-0.5115325002174017,1.95491
HK.01071,华电国际电力股份,2022-12-15 00:00:00,1.95491,1.98491,2.00491,1.90491,0.0,0.00524,9002000.0,25526056.0,2.0566504362669757,1.94491
HK.01071,华电国际电力股份,2022-12-16 00:00:00,1.98491,2.07491,2.10491,1.96491,0.0,0.00757,12992000.0,38234470.0,4.534210619121274,1.98491
HK.01071,华电国际电力股份,2022-12-19 00:00:00,2.07491,2.02491,2.10491,1.99491,0.0,0.00278,4776312.0,13868601.0,-2.4097430731935274,2.07491
HK.01071,华电国际电力股份,2022-12-20 00:00:00,2.05491,1.97491,2.05491,1.96491,0.0,0.0033,5666520.0,16280157.0,-2.4692455467156695,2.02491
HK.01071,华电国际电力股份,2022-12-21 00:00:00,1.97491,1.95491,2.00491,1.95491,0.0,0.00152,2614000.0,7429826.0,-1.0127043764019636,1.97491
HK.01071,华电国际电力股份,2022-12-22 00:00:00,1.96491,1.94491,2.00491,1.94491,0.0,0.00326,5600000.0,15917346.0,-0.5115325002174017,1.95491
HK.01071,华电国际电力股份,2022-12-23 00:00:00,1.94491,1.91491,2.00491,1.90491,0.0,0.00342,5874000.0,16529750.0,-1.5424878272002318,1.94491
HK.01071,华电国际电力股份,2022-12-28 00:00:00,1.93491,2.30491,2.34491,1.93491,0.0,0.02987,51301353.0,158839193.0,20.3664924200093,1.91491
HK.01071,华电国际电力股份,2022-12-29 00:00:00,2.29491,2.31491,2.35491,2.27491,0.0,0.01006,17275000.0,55021540.0,0.4338564195565027,2.30491
HK.01071,华电国际电力股份,2022-12-30 00:00:00,2.32491,2.35491,2.40491,2.28491,0.0,0.00616,10570002.0,34185786.0,1.727928947561678,2.31491
HK.01071,华电国际电力股份,2023-01-03 00:00:00,2.35491,2.46491,2.51491,2.35491,0.0,0.01935,33235998.0,111144855.0,4.67109146421733,2.35491
HK.01071,华电国际电力股份,2023-01-04 00:00:00,2.48491,2.53491,2.56491,2.41491,0.0,0.00834,14329400.0,48515436.0,2.8398602788742724,2.46491
HK.01071,华电国际电力股份,2023-01-05 00:00:00,2.53491,2.49491,2.62491,2.44491,0.0,0.01267,21761998.0,74326263.0,-1.5779652926533896,2.53491
HK.01071,华电国际电力股份,2023-01-06 00:00:00,2.49491,2.60491,2.61491,2.45491,0.0,0.011,18895000.0,65150180.0,4.408976676513376,2.49491
HK.01071,华电国际电力股份,2023-01-09 00:00:00,2.58491,2.40491,2.58491,2.35491,0.0,0.02178,37399398.0,122721523.0,-7.677808446357062,2.60491
HK.01071,华电国际电力股份,2023-01-10 00:00:00,2.40491,2.35491,2.47491,2.33491,0.0,0.00987,16941358.0,55333280.0,-2.0790798824072527,2.40491
HK.01071,华电国际电力股份,2023-01-11 00:00:00,2.36491,2.27491,2.40491,2.26491,0.0,0.01507,25876531.0,83058261.0,-3.397157428521669,2.35491
HK.01071,华电国际电力股份,2023-01-12 00:00:00,2.30491,2.27491,2.32491,2.22491,0.0,0.00797,13685998.0,42964637.0,0.0,2.27491
HK.01071,华电国际电力股份,2023-01-13 00:00:00,2.27491,2.28491,2.34491,2.23491,0.0,0.00639,10970000.0,34740530.0,0.43957782945258433,2.27491
HK.01071,华电国际电力股份,2023-01-16 00:00:00,2.34491,2.26491,2.42491,2.25491,0.0,0.00962,16518000.0,52743836.0,-0.8753079990021496,2.28491
HK.01071,华电国际电力股份,2023-01-17 00:00:00,2.26491,2.22491,2.29491,2.16491,0.0,0.00663,11381998.0,35128637.0,-1.766074590160317,2.26491
HK.01071,华电国际电力股份,2023-01-18 00:00:00,2.18491,2.24491,2.29491,2.17491,0.0,0.00643,11037400.0,34264669.0,0.8989127650107204,2.22491
HK.01071,华电国际电力股份,2023-01-19 00:00:00,2.24491,2.26491,2.26491,2.16491,0.0,0.00252,4322000.0,13350080.0,0.8909043124223252,2.24491
HK.01071,华电国际电力股份,2023-01-20 00:00:00,2.23491,2.33491,2.35491,2.21491,0.0,0.0044,7561600.0,24107842.0,3.090630532780545,2.26491
HK.01071,华电国际电力股份,2023-01-26 00:00:00,2.37491,2.37491,2.39491,2.31491,0.0,0.00355,6090400.0,19614338.0,1.7131281291356,2.33491
HK.01071,华电国际电力股份,2023-01-27 00:00:00,2.35491,2.37491,2.37491,2.30491,0.0,0.00134,2295523.0,7376321.0,0.0,2.37491
HK.01071,华电国际电力股份,2023-01-30 00:00:00,2.38491,2.23491,2.39491,2.23491,0.0,0.00987,16946000.0,53944396.0,-5.894960230071863,2.37491
HK.01071,华电国际电力股份,2023-01-31 00:00:00,2.22491,2.25491,2.34491,2.15491,0.0,0.01225,21039400.0,65241648.0,0.8948906219937276,2.23491
HK.01071,华电国际电力股份,2023-02-01 00:00:00,2.26491,2.23491,2.26491,2.17491,0.0,0.00509,8739000.0,26972390.0,-0.8869533595575885,2.25491
HK.01071,华电国际电力股份,2023-02-02 00:00:00,2.24491,2.24491,2.29491,2.18491,0.0,0.009,15461700.0,48424619.0,0.44744531099685386,2.23491
HK.01071,华电国际电力股份,2023-02-03 00:00:00,2.24491,2.29491,2.30491,2.18491,0.0,0.00763,13107400.0,40896230.0,2.2272607810558025,2.24491
HK.01071,华电国际电力股份,2023-02-06 00:00:00,2.24491,2.31491,2.39491,2.24491,0.0,0.0122,20943000.0,67166638.0,0.8714938712193514,2.29491
HK.01071,华电国际电力股份,2023-02-07 00:00:00,2.31491,2.52491,2.57491,2.28491,0.0,0.03051,52391100.0,176139342.0,9.071626974698818,2.31491
HK.01071,华电国际电力股份,2023-02-08 00:00:00,2.55491,2.65491,2.71491,2.50491,0.0,0.02198,37739200.0,132280198.0,5.148698369446827,2.52491
HK.01071,华电国际电力股份,2023-02-09 00:00:00,2.67491,2.61491,2.69491,2.54491,0.0,0.01242,21328000.0,74169640.0,-1.5066424097238713,2.65491
HK.01071,华电国际电力股份,2023-02-10 00:00:00,2.62491,2.72491,2.85491,2.60491,0.0,0.02845,48857468.0,177194223.0,4.2066457354172755,2.61491
HK.01071,华电国际电力股份,2023-02-13 00:00:00,2.71491,2.65491,2.79491,2.64491,0.0,0.01027,17638000.0,63228662.0,-2.5688921835950485,2.72491
HK.01071,华电国际电力股份,2023-02-14 00:00:00,2.68491,2.62491,2.78491,2.62491,0.0,0.01402,24074000.0,85965270.0,-1.129981807292912,2.65491
HK.01071,华电国际电力股份,2023-02-15 00:00:00,2.63491,2.55491,2.63491,2.50491,0.0,0.00691,11865413.0,40638907.0,-2.666758098372891,2.62491
HK.01071,华电国际电力股份,2023-02-16 00:00:00,2.53491,2.50491,2.57491,2.48491,0.0,0.00621,10660000.0,36280858.0,-1.9570160984144187,2.55491
HK.01071,华电国际电力股份,2023-02-17 00:00:00,2.49491,2.52491,2.58491,2.48491,0.0,0.00342,5872000.0,20044164.0,0.7984318797880968,2.50491
HK.01071,华电国际电力股份,2023-02-20 00:00:00,2.52491,2.44491,2.56491,2.41491,0.0,0.01294,22228000.0,74645195.0,-3.1684297658134373,2.52491
HK.01071,华电国际电力股份,2023-02-21 00:00:00,2.44491,2.45491,2.49491,2.41491,0.0,0.00538,9236000.0,30708573.0,0.40901301070386176,2.44491
HK.01071,华电国际电力股份,2023-02-22 00:00:00,2.42491,2.34491,2.46491,2.31491,0.0,0.0143,24562000.0,79531532.0,-4.4808159973278,2.45491
HK.01071,华电国际电力股份,2023-02-23 00:00:00,2.31491,2.35491,2.38491,2.22491,0.0,0.01327,22788000.0,72448639.0,0.4264555995752411,2.34491
HK.01071,华电国际电力股份,2023-02-24 00:00:00,2.35491,2.23491,2.36491,2.22491,0.0,0.01177,20208000.0,63354646.0,-5.0957361427825125,2.35491
HK.01071,华电国际电力股份,2023-02-27 00:00:00,2.23491,2.20491,2.23491,2.14491,0.0,0.0118,20266000.0,62114790.0,-1.3423359329906013,2.23491
HK.01071,华电国际电力股份,2023-02-28 00:00:00,2.19491,2.26491,2.27491,2.15491,0.0,0.01447,24844000.0,76778442.0,2.721199504741693,2.20491
HK.01071,华电国际电力股份,2023-03-01 00:00:00,2.23491,2.29491,2.29491,2.19491,0.0,0.01418,24357400.0,75953722.0,1.3245559426202278,2.26491
HK.01071,华电国际电力股份,2023-03-02 00:00:00,2.29491,2.18491,2.29491,2.18491,0.0,0.01578,27101500.0,83674655.0,-4.793216291706424,2.29491
HK.01071,华电国际电力股份,2023-03-03 00:00:00,2.22491,2.37491,2.45491,2.18491,0.0,0.02904,49875000.0,158452402.0,8.696010361982871,2.18491
HK.01071,华电国际电力股份,2023-03-06 00:00:00,2.37491,2.48491,2.53491,2.36491,0.0,0.01261,21661200.0,72460724.0,4.631754466485059,2.37491
HK.01071,华电国际电力股份,2023-03-07 00:00:00,2.48491,2.45491,2.53491,2.43491,0.0,0.00755,12972000.0,43701166.0,-1.2072871854513945,2.48491
HK.01071,华电国际电力股份,2023-03-08 00:00:00,2.44491,2.35491,2.45491,2.35491,0.0,0.00792,13592000.0,44294384.0,-4.073469088479826,2.45491
HK.01071,华电国际电力股份,2023-03-09 00:00:00,2.35491,2.30491,2.42491,2.30491,0.0,0.00832,14280000.0,46111500.0,-2.1232233928260453,2.35491
HK.01071,华电国际电力股份,2023-03-10 00:00:00,2.30491,2.26491,2.30491,2.23491,0.0,0.00701,12035010.0,37855685.0,-1.7354256782260495,2.30491
HK.01071,华电国际电力股份,2023-03-13 00:00:00,2.26491,2.25491,2.29491,2.22491,0.0,0.00852,14631400.0,45902631.0,-0.4415186475400694,2.26491
HK.01071,华电国际电力股份,2023-03-14 00:00:00,2.26491,2.27491,2.36491,2.24491,0.0,0.01113,19120900.0,60664586.0,0.8869533595575885,2.25491
HK.01071,华电国际电力股份,2023-03-15 00:00:00,2.28491,2.41491,2.42491,2.25491,0.0,0.01126,19342000.0,62349066.0,6.154089612336298,2.27491
HK.01071,华电国际电力股份,2023-03-16 00:00:00,2.37491,2.45491,2.52491,2.37491,0.0,0.01483,25474000.0,85538160.0,1.6563764281070532,2.41491
HK.01071,华电国际电力股份,2023-03-17 00:00:00,2.46491,2.40491,2.52491,2.39491,0.0,0.02313,39726078.0,131442993.0,-2.036734544239904,2.45491
HK.01071,华电国际电力股份,2023-03-20 00:00:00,2.39491,2.30491,2.43491,2.24491,0.0,0.01734,29779750.0,95870700.0,-4.158159764814487,2.40491
HK.01071,华电国际电力股份,2023-03-21 00:00:00,2.30491,2.36491,2.36491,2.27491,0.0,0.00439,7534000.0,24157428.0,2.603138517339074,2.30491
HK.01071,华电国际电力股份,2023-03-22 00:00:00,2.35491,2.30491,2.36491,2.29491,0.0,0.00518,8892000.0,28417282.0,-2.5370944348833593,2.36491
HK.01071,华电国际电力股份,2023-03-23 00:00:00,2.32491,2.32491,2.34491,2.28491,0.0,0.00659,11310000.0,36056558.0,0.8677128391130248,2.30491
HK.01071,华电国际电力股份,2023-03-24 00:00:00,2.32491,2.30491,2.36491,2.28491,0.0,0.00488,8378000.0,26770382.0,-0.8602483536997139,2.32491
HK.01071,华电国际电力股份,2023-03-27 00:00:00,2.28491,2.25491,2.28491,2.22491,0.0,0.00487,8356359.0,26145710.0,-2.169282097782552,2.30491
HK.01071,华电国际电力股份,2023-03-28 00:00:00,2.28491,2.32491,2.37491,2.27491,0.0,0.00875,15025665.0,48146268.0,3.1043367584515495,2.25491
HK.01071,华电国际电力股份,2023-03-29 00:00:00,2.33491,2.40491,2.43491,2.33491,0.0,0.00927,15926129.0,52055710.0,3.4409934147988555,2.32491
HK.01071,华电国际电力股份,2023-03-30 00:00:00,2.40491,2.42491,2.46491,2.33491,0.0,0.01007,17286000.0,56718970.0,0.8316319529628975,2.40491
HK.01071,华电国际电力股份,2023-03-31 00:00:00,2.44491,2.34491,2.48491,2.34491,0.0,0.01004,17237195.0,56616711.0,-3.2990915126747,2.42491
HK.01071,华电国际电力股份,2023-04-03 00:00:00,2.39491,2.19491,2.39491,2.11491,0.0,0.0301,51696000.0,157956818.0,-6.396833993628749,2.34491
HK.01071,华电国际电力股份,2023-04-04 00:00:00,2.19491,2.18491,2.21491,2.14491,0.0,0.0062,10640782.0,32458271.0,-0.4555995462228625,2.19491
HK.01071,华电国际电力股份,2023-04-06 00:00:00,2.20491,2.19491,2.20491,2.15491,0.0,0.00608,10432867.0,31890335.0,0.457684755893846,2.18491
HK.01071,华电国际电力股份,2023-04-11 00:00:00,2.32491,2.42491,2.53491,2.32491,0.0,0.02504,43004000.0,142686474.0,10.478789563125595,2.19491
HK.01071,华电国际电力股份,2023-04-12 00:00:00,2.42491,2.44491,2.45491,2.37491,0.0,0.00554,9517951.0,31300302.0,0.824772878168675,2.42491
HK.01071,华电国际电力股份,2023-04-13 00:00:00,2.42491,2.54491,2.61491,2.42491,0.0,0.01625,27905762.0,95544714.0,4.09013010703869,2.44491
HK.01071,华电国际电力股份,2023-04-14 00:00:00,2.58491,2.69491,2.79491,2.58491,0.0,0.01899,32602000.0,117108826.0,5.894118063114231,2.54491
HK.01071,华电国际电力股份,2023-04-17 00:00:00,2.74491,2.80491,2.87491,2.70491,0.0,0.01413,24266000.0,88700340.0,4.081768964455209,2.69491
HK.01071,华电国际电力股份,2023-04-18 00:00:00,2.80491,2.64491,2.80491,2.62491,0.0,0.00687,11802000.0,41849376.0,-5.704282846864968,2.80491
HK.01071,华电国际电力股份,2023-04-19 00:00:00,2.64491,2.70491,2.72491,2.64491,0.0,0.00522,8966000.0,31994240.0,2.268508191204996,2.64491
HK.01071,华电国际电力股份,2023-04-20 00:00:00,2.72491,2.60491,2.72491,2.57491,0.0,0.00684,11750100.0,40970311.0,-3.6969806758820103,2.70491
HK.01071,华电国际电力股份,2023-04-21 00:00:00,2.61491,2.61491,2.70491,2.61491,0.0,0.00397,6826000.0,24103200.0,0.38389042231786247,2.60491
HK.01071,华电国际电力股份,2023-04-24 00:00:00,2.62491,2.79491,2.81491,2.62491,0.0,0.01264,21714000.0,78984912.0,6.883602112500993,2.61491
HK.01071,华电国际电力股份,2023-04-25 00:00:00,2.77491,2.75491,2.83491,2.71491,0.0,0.00974,16718000.0,60978808.0,-1.4311730968081118,2.79491
HK.01071,华电国际电力股份,2023-04-26 00:00:00,2.87491,2.94491,3.11491,2.85491,0.0,0.02895,49713300.0,192962910.0,6.896777027198708,2.75491
HK.01071,华电国际电力股份,2023-04-27 00:00:00,2.94491,2.91491,3.03491,2.87491,0.0,0.00903,15504000.0,59086862.0,-1.01870685352015,2.94491
HK.01071,华电国际电力股份,2023-04-28 00:00:00,2.88491,2.92491,2.94491,2.85491,0.0,0.00991,17012000.0,64179840.0,0.3430637652620572,2.91491
HK.01071,华电国际电力股份,2023-05-02 00:00:00,2.94491,3.00491,3.02491,2.89491,0.0,0.00327,5620000.0,21580992.0,2.735126892793285,2.92491
HK.01071,华电国际电力股份,2023-05-03 00:00:00,3.01491,2.87491,3.01491,2.80491,0.0,0.00615,10562000.0,39375792.0,-4.32625269974809,3.00491
HK.01071,华电国际电力股份,2023-05-04 00:00:00,2.90491,2.97491,3.03491,2.90491,0.0,0.00865,14860000.0,57345020.0,3.4783697576619823,2.87491
HK.01071,华电国际电力股份,2023-05-05 00:00:00,2.97491,3.03491,3.05491,2.92491,0.0,0.01098,18860600.0,72585574.0,2.016867737175244,2.97491
HK.01071,华电国际电力股份,2023-05-08 00:00:00,3.05491,2.92491,3.11491,2.89491,0.0,0.01725,29630000.0,114745330.0,-3.6244896883268325,3.03491
HK.01071,华电国际电力股份,2023-05-09 00:00:00,2.94491,2.86491,3.00491,2.81491,0.0,0.00829,14232000.0,53735370.0,-2.051345169594964,2.92491
HK.01071,华电国际电力股份,2023-05-10 00:00:00,2.88491,2.78491,2.88491,2.76491,0.0,0.00671,11519347.0,42402783.0,-2.7924088365777657,2.86491
HK.01071,华电国际电力股份,2023-05-11 00:00:00,2.82491,2.87491,2.91491,2.76491,0.0,0.00661,11348000.0,42390748.0,3.231702281222727,2.78491
HK.01071,华电国际电力股份,2023-05-12 00:00:00,2.90491,2.99491,3.11491,2.85491,0.0,0.01959,33644000.0,131469012.0,4.174043709194378,2.87491
HK.01071,华电国际电力股份,2023-05-15 00:00:00,3.02491,2.97491,3.10491,2.96491,0.0,0.01361,23376000.0,91258958.0,-0.6677997001579352,2.99491
HK.01071,华电国际电力股份,2023-05-16 00:00:00,2.97491,3.03491,3.05491,2.96491,0.0,0.00427,7326000.0,28482120.0,2.016867737175244,2.97491
HK.01071,华电国际电力股份,2023-05-17 00:00:00,3.00491,2.93491,3.06491,2.92491,0.0,0.00969,16634000.0,64339402.0,-3.2949906257516726,3.03491
HK.01071,华电国际电力股份,2023-05-18 00:00:00,2.98491,2.89491,3.07491,2.89491,0.0,0.00788,13534000.0,52106134.0,-1.362903802842337,2.93491
HK.01071,华电国际电力股份,2023-05-19 00:00:00,2.96491,2.87491,2.96491,2.83491,0.0,0.00539,9260000.0,34775596.0,-0.690867764455545,2.89491
HK.01071,华电国际电力股份,2023-05-22 00:00:00,2.87491,3.04491,3.06491,2.87491,0.0,0.01092,18750000.0,72801100.0,5.913228588025362,2.87491
HK.01071,华电国际电力股份,2023-05-23 00:00:00,3.04491,2.86491,3.04491,2.84491,0.0,0.01175,20172000.0,76318501.0,-5.911504773540096,3.04491
HK.01071,华电国际电力股份,2023-05-24 00:00:00,2.86491,2.89491,2.92491,2.84491,0.0,0.00435,7468000.0,28126564.0,1.0471533137166544,2.86491
HK.01071,华电国际电力股份,2023-05-25 00:00:00,2.90491,2.98491,3.00491,2.85491,0.0,0.01024,17592000.0,67331938.0,3.1089049400499604,2.89491
HK.01071,华电国际电力股份,2023-05-29 00:00:00,3.07491,3.38491,3.47491,3.06491,0.0,0.05149,88418160.0,371693144.0,13.400739050758645,2.98491
HK.01071,华电国际电力股份,2023-05-30 00:00:00,3.394909999,3.47491,3.49491,3.32491,0.0,0.01852,31810000.0,136836844.0,2.6588594674599872,3.38491
HK.01071,华电国际电力股份,2023-05-31 00:00:00,3.45491,3.47491,3.48491,3.33491,0.0,0.0181,31084384.0,133214105.0,0.0,3.47491
HK.01071,华电国际电力股份,2023-06-01 00:00:00,3.43491,3.33491,3.45491,3.29491,0.0,0.01409,24202570.0,102639784.0,-4.0288813235450744,3.47491
HK.01071,华电国际电力股份,2023-06-02 00:00:00,3.37491,3.29491,3.394909999,3.23491,0.0,0.01074,18441000.0,76887351.0,-1.1994326683478727,3.33491
HK.01071,华电国际电力股份,2023-06-05 00:00:00,3.33647,3.35647,3.42647,3.25647,0.0,0.01414,24284702.0,97068961.0,1.8683363126762207,3.29491
HK.01071,华电国际电力股份,2023-06-06 00:00:00,3.34647,3.20647,3.34647,3.15647,0.0,0.01653,28378000.0,109981434.0,-4.468980804237783,3.35647
HK.01071,华电国际电力股份,2023-06-07 00:00:00,3.20647,3.24647,3.28647,3.11647,0.0,0.01267,21762000.0,84219162.0,1.247477755912266,3.20647
HK.01071,华电国际电力股份,2023-06-08 00:00:00,3.25647,3.30647,3.35647,3.20647,0.0,0.0099,16996000.0,67403992.0,1.8481612335860198,3.24647
HK.01071,华电国际电力股份,2023-06-09 00:00:00,3.30647,3.45647,3.47647,3.30647,0.0,0.01201,20630000.0,84301350.0,4.5365601381533756,3.30647
HK.01071,华电国际电力股份,2023-06-12 00:00:00,3.47647,3.31647,3.53647,3.26647,0.0,0.00849,14581515.0,58305962.0,-4.050375093664928,3.45647
HK.01071,华电国际电力股份,2023-06-13 00:00:00,3.30647,3.23647,3.30647,3.22647,0.0,0.00422,7248000.0,28380886.0,-2.412203336680254,3.31647
HK.01071,华电国际电力股份,2023-06-14 00:00:00,3.22647,3.21647,3.23647,3.11647,0.0,0.01115,19154000.0,73338760.0,-0.6179572188217415,3.23647
HK.01071,华电国际电力股份,2023-06-15 00:00:00,3.23647,3.08647,3.23647,3.05647,0.0,0.01395,23961951.0,89739314.0,-4.041697886192016,3.21647
HK.01071,华电国际电力股份,2023-06-16 00:00:00,3.07647,3.00647,3.11647,2.97647,0.0,0.01128,19366200.0,71223924.0,-2.5919578029269563,3.08647
HK.01071,华电国际电力股份,2023-06-19 00:00:00,3.04647,3.10647,3.11647,2.96647,0.0,0.0082,14074250.0,52190930.0,3.3261599151163868,3.00647
HK.01071,华电国际电力股份,2023-06-20 00:00:00,3.09647,3.16647,3.26647,3.04647,0.0,0.01129,19396000.0,74251856.0,1.9314527421800325,3.10647
HK.01071,华电国际电力股份,2023-06-21 00:00:00,3.16647,3.22647,3.28647,3.14647,0.0,0.00958,16452000.0,63996674.0,1.8948545225440334,3.16647
HK.01071,华电国际电力股份,2023-06-23 00:00:00,3.22647,3.14647,3.22647,3.07647,0.0,0.00304,5226302.0,19669171.0,-2.4794899689133967,3.22647
HK.01071,华电国际电力股份,2023-06-26 00:00:00,3.15647,3.366469999,3.41647,3.15647,0.0,0.01769,30382349.0,121957389.0,6.991962389598506,3.14647
HK.01071,华电国际电力股份,2023-06-27 00:00:00,3.366469999,3.35647,3.39647,3.26647,0.0,0.00776,13320000.0,53372240.0,-0.29704702560755386,3.366469999
HK.01071,华电国际电力股份,2023-06-28 00:00:00,3.39647,3.47647,3.49647,3.34647,0.0,0.00905,15540000.0,63549408.0,3.575184643390232,3.35647
HK.01071,华电国际电力股份,2023-06-29 00:00:00,3.486469999,3.45647,3.50647,3.42647,0.0,0.0086,14763456.0,60726600.0,-0.5752962056338763,3.47647
HK.01071,华电国际电力股份,2023-06-30 00:00:00,3.49647,3.43647,3.49647,3.37647,0.0,0.00884,15178000.0,61883980.0,-0.5786250133807039,3.45647
HK.01071,华电国际电力股份,2023-07-03 00:00:00,3.43647,3.51647,3.53647,3.38647,0.0,0.00696,11944818.0,49462443.0,2.327970271819631,3.43647
HK.01071,华电国际电力股份,2023-07-04 00:00:00,3.526469999,3.50647,3.53647,3.46647,0.0,0.00434,7460467.0,31015307.0,-0.2843760930706017,3.51647
HK.01071,华电国际电力股份,2023-07-05 00:00:00,3.50647,3.45647,3.57647,3.43647,0.0,0.00542,9314000.0,38654360.0,-1.4259354849749253,3.50647
HK.01071,华电国际电力股份,2023-07-06 00:00:00,3.51647,3.45647,3.51647,3.35647,0.0,0.00444,7627000.0,31061690.0,0.0,3.45647
HK.01071,华电国际电力股份,2023-07-07 00:00:00,3.42647,3.38647,3.486469999,3.38647,0.0,0.00357,6128000.0,25094280.0,-2.0251875468324574,3.45647
HK.01071,华电国际电力股份,2023-07-10 00:00:00,3.42647,3.39647,3.526469999,3.37647,0.0,0.0077,13220000.0,54072660.0,0.2952927384562623,3.38647
HK.01071,华电国际电力股份,2023-07-11 00:00:00,3.43647,3.41647,3.43647,3.30647,0.0,0.00632,10859000.0,43685350.0,0.588846655498209,3.39647
HK.01071,华电国际电力股份,2023-07-12 00:00:00,3.406469999,3.41647,3.42647,3.366469999,0.0,0.00481,8257049.0,33488908.0,0.0,3.41647
HK.01071,华电国际电力股份,2023-07-13 00:00:00,3.43647,3.33647,3.43647,3.27647,0.0,0.01277,21928000.0,87352032.0,-2.3415981993109867,3.41647
HK.01071,华电国际电力股份,2023-07-14 00:00:00,3.32647,3.33647,3.33647,3.19647,0.0,0.01364,23419157.0,91555302.0,0.0,3.33647
HK.01071,华电国际电力股份,2023-07-18 00:00:00,3.27647,3.12647,3.27647,3.04647,0.0,0.01733,29767800.0,111925214.0,-6.294077273285838,3.33647
HK.01071,华电国际电力股份,2023-07-19 00:00:00,3.09647,3.04647,3.09647,3.00647,0.0,0.01507,25872000.0,95303390.0,-2.5587963422006315,3.12647
HK.01071,华电国际电力股份,2023-07-20 00:00:00,3.02647,2.96647,3.06647,2.94647,0.0,0.00615,10555184.0,38692978.0,-2.625990080322459,3.04647
HK.01071,华电国际电力股份,2023-07-21 00:00:00,2.96647,2.93647,3.00647,2.91647,0.0,0.00467,8018000.0,28875060.0,-1.011302996490787,2.96647
HK.01071,华电国际电力股份,2023-07-24 00:00:00,2.93647,2.97647,3.05647,2.90647,0.0,0.01136,19510000.0,70988602.0,1.3621797600520367,2.93647
HK.01071,华电国际电力股份,2023-07-25 00:00:00,3.03647,2.83647,3.03647,2.77647,0.0,0.02567,44086000.0,153421108.0,-4.703558241809933,2.97647
HK.01071,华电国际电力股份,2023-07-26 00:00:00,2.83647,2.83647,2.88647,2.79647,0.0,0.00819,14055650.0,49059588.0,0.0,2.83647
HK.01071,华电国际电力股份,2023-07-27 00:00:00,2.82647,2.76647,2.82647,2.72647,0.0,0.01675,28770843.0,98430324.0,-2.467856173342212,2.83647
HK.01071,华电国际电力股份,2023-07-28 00:00:00,2.74647,2.76647,2.77647,2.70647,0.0,0.00765,13136400.0,44693030.0,0.0,2.76647
HK.01071,华电国际电力股份,2023-07-31 00:00:00,2.76647,2.79647,2.81647,2.74647,0.0,0.00881,15136000.0,52050080.0,1.0844144342790563,2.76647
HK.01071,华电国际电力股份,2023-08-01 00:00:00,2.80647,2.87647,2.89647,2.78647,0.0,0.01369,23514304.0,82425025.0,2.8607494448358137,2.79647
HK.01071,华电国际电力股份,2023-08-02 00:00:00,2.87647,2.85647,2.90647,2.82647,0.0,0.00658,11304300.0,39790397.0,-0.6952966657048403,2.87647
HK.01071,华电国际电力股份,2023-08-03 00:00:00,2.84647,2.84647,2.93647,2.84647,0.0,0.00453,7772350.0,27537123.0,-0.35008244441565245,2.85647
HK.01071,华电国际电力股份,2023-08-04 00:00:00,2.85647,2.82647,2.90647,2.79647,0.0,0.00498,8546169.0,29715816.0,-0.7026246543964988,2.84647
HK.01071,华电国际电力股份,2023-08-07 00:00:00,2.80647,2.86647,2.87647,2.76647,0.0,0.00355,6090000.0,21296304.0,1.4151928023294087,2.82647
HK.01071,华电国际电力股份,2023-08-08 00:00:00,2.85647,2.84647,2.90647,2.78647,0.0,0.00465,7986000.0,27749338.0,-0.6977222855986638,2.86647
HK.01071,华电国际电力股份,2023-08-09 00:00:00,2.84647,2.81647,2.84647,2.75647,0.0,0.00532,9144000.0,31359480.0,-1.053936981594756,2.84647
HK.01071,华电国际电力股份,2023-08-10 00:00:00,2.80647,2.83647,2.83647,2.76647,0.0,0.00545,9361224.0,32435863.0,0.7101087531555464,2.81647
HK.01071,华电国际电力股份,2023-08-11 00:00:00,2.81647,2.74647,2.81647,2.70647,0.0,0.00613,10530000.0,35771400.0,-3.172957937154275,2.83647
HK.01071,华电国际电力股份,2023-08-14 00:00:00,2.74647,2.78647,2.79647,2.66647,0.0,0.00656,11260304.0,38111675.0,1.4564149617509035,2.74647
HK.01071,华电国际电力股份,2023-08-15 00:00:00,2.77647,2.82647,2.85647,2.75647,0.0,0.00639,10966000.0,38157672.0,1.435508008340303,2.78647
HK.01071,华电国际电力股份,2023-08-16 00:00:00,2.78647,2.75647,2.80647,2.72647,0.0,0.00375,6440000.0,21993400.0,-2.476587404076457,2.82647
HK.01071,华电国际电力股份,2023-08-17 00:00:00,2.74647,2.72647,2.74647,2.65647,0.0,0.00653,11208000.0,37444760.0,-1.0883485037022078,2.75647
HK.01071,华电国际电力股份,2023-08-18 00:00:00,2.71647,2.70647,2.78647,2.68647,0.0,0.00396,6796000.0,22980360.0,-0.7335492413266977,2.72647
HK.01071,华电国际电力股份,2023-08-21 00:00:00,2.70647,2.56647,2.70647,2.52647,0.0,0.01007,17296000.0,55919430.0,-5.172789648508948,2.70647
HK.01071,华电国际电力股份,2023-08-22 00:00:00,2.54647,2.56647,2.58647,2.49647,0.0,0.00553,9498000.0,30348220.0,0.0,2.56647
HK.01071,华电国际电力股份,2023-08-23 00:00:00,2.54647,2.53647,2.59647,2.50647,0.0,0.00677,11630000.0,37204900.0,-1.1689207354849191,2.56647
HK.01071,华电国际电力股份,2023-08-24 00:00:00,2.57647,2.51647,2.57647,2.49647,0.0,0.00379,6502000.0,20649458.0,-0.7884973999298245,2.53647
HK.01071,华电国际电力股份,2023-08-25 00:00:00,2.51647,2.49647,2.58647,2.49647,0.0,0.00297,5093637.0,16266551.0,-0.7947640941477553,2.51647
HK.01071,华电国际电力股份,2023-08-28 00:00:00,2.55647,2.47647,2.65647,2.41647,0.0,0.01015,17428000.0,55070664.0,-0.8011311972505184,2.49647
HK.01071,华电国际电力股份,2023-08-29 00:00:00,2.47647,2.51647,2.51647,2.42647,0.0,0.00464,7960000.0,25000940.0,1.615202283896031,2.47647
HK.01071,华电国际电力股份,2023-08-30 00:00:00,2.51647,2.45647,2.56647,2.36647,0.0,0.00971,16668000.0,51619402.0,-2.384292282443266,2.51647
HK.01071,华电国际电力股份,2023-08-31 00:00:00,2.43647,2.50647,2.53647,2.41647,0.0,0.00847,14546000.0,45724604.0,2.0354411004408877,2.45647
HK.01071,华电国际电力股份,2023-09-04 00:00:00,2.47647,2.41647,2.47647,2.31647,0.0,0.01818,31212000.0,94456608.0,-3.590707249637949,2.50647
HK.01071,华电国际电力股份,2023-09-05 00:00:00,2.39647,2.48647,2.52647,2.39647,0.0,0.0136,23350000.0,73361572.0,2.8967874627038737,2.41647
HK.01071,华电国际电力股份,2023-09-06 00:00:00,2.48647,2.50647,2.50647,2.45647,0.0,0.00567,9730000.0,30549392.0,0.8043531592981221,2.48647
HK.01071,华电国际电力股份,2023-09-07 00:00:00,2.48647,2.49647,2.49647,2.43647,0.0,0.00305,5238000.0,16381420.0,-0.3989674721820022,2.50647
HK.01071,华电国际电力股份,2023-09-11 00:00:00,2.58647,2.54647,2.63647,2.52647,0.0,0.00879,15096000.0,48854310.0,2.0028279931262873,2.49647
HK.01071,华电国际电力股份,2023-09-12 00:00:00,2.56647,2.61647,2.62647,2.54647,0.0,0.01154,19816341.0,64559935.0,2.748903383900077,2.54647
HK.01071,华电国际电力股份,2023-09-13 00:00:00,2.61647,2.69647,2.72647,2.58647,0.0,0.01094,18779896.0,62581319.0,3.05755464423441,2.61647
HK.01071,华电国际电力股份,2023-09-14 00:00:00,2.69647,2.73647,2.86647,2.69647,0.0,0.0121,20773000.0,71491480.0,1.483420916976641,2.69647
HK.01071,华电国际电力股份,2023-09-15 00:00:00,2.75647,2.68647,2.78647,2.63647,0.0,0.00878,15070000.0,50342340.0,-1.8271715019715276,2.73647
HK.01071,华电国际电力股份,2023-09-18 00:00:00,2.69647,2.67647,2.69647,2.61647,0.0,0.00633,10862000.0,35943580.0,-0.37223568474614593,2.68647
HK.01071,华电国际电力股份,2023-09-19 00:00:00,2.64647,2.63647,2.73647,2.60647,0.0,0.00642,11032524.0,36419009.0,-1.494505822968314,2.67647
HK.01071,华电国际电力股份,2023-09-20 00:00:00,2.61647,2.59647,2.62647,2.57647,0.0,0.0039,6696000.0,21771718.0,-1.517180168938013,2.63647
HK.01071,华电国际电力股份,2023-09-21 00:00:00,2.58647,2.61647,2.62647,2.57647,0.0,0.00409,7032000.0,22876780.0,0.7702765678016699,2.59647
HK.01071,华电国际电力股份,2023-09-22 00:00:00,2.63647,2.63647,2.65647,2.59647,0.0,0.00379,6508000.0,21393920.0,0.7643886610586025,2.61647
HK.01071,华电国际电力股份,2023-09-25 00:00:00,2.64647,2.62647,2.67647,2.60647,0.0,0.0035,6008000.0,19695630.0,-0.3792950422345117,2.63647
HK.01071,华电国际电力股份,2023-09-26 00:00:00,2.60647,2.61647,2.62647,2.57647,0.0,0.00508,8720000.0,28423560.0,-0.3807391670188423,2.62647
HK.01071,华电国际电力股份,2023-09-27 00:00:00,2.58647,2.55647,2.61647,2.52647,0.0,0.00524,8998000.0,28894420.0,-2.2931659831758076,2.61647
HK.01071,华电国际电力股份,2023-09-28 00:00:00,2.54647,2.51647,2.58647,2.50647,0.0,0.00451,7740000.0,24654088.0,-1.5646575160279619,2.55647
HK.01071,华电国际电力股份,2023-09-29 00:00:00,2.52647,2.58647,2.59647,2.51647,0.0,0.00128,2196000.0,7093400.0,2.7816743295171347,2.51647
HK.01071,华电国际电力股份,2023-10-03 00:00:00,2.54647,2.50647,2.55647,2.45647,0.0,0.00123,2112000.0,6647166.0,-3.093018670233934,2.58647
HK.01071,华电国际电力股份,2023-10-04 00:00:00,2.49647,2.46647,2.49647,2.39647,0.0,0.00224,3844000.0,11885034.0,-1.5958698887279732,2.50647
HK.01071,华电国际电力股份,2023-10-05 00:00:00,2.44647,2.46647,2.46647,2.40647,0.0,0.00121,2070000.0,6431200.0,0.0,2.46647
HK.01071,华电国际电力股份,2023-10-06 00:00:00,2.47647,2.50647,2.50647,2.46647,0.0,0.00036,610000.0,1919780.0,1.6217509233844334,2.46647
HK.01071,华电国际电力股份,2023-10-09 00:00:00,2.67647,2.47647,2.67647,2.45647,0.0,0.00194,3324000.0,10412110.0,-1.196902416545989,2.50647
HK.01071,华电国际电力股份,2023-10-10 00:00:00,2.46647,2.42647,2.51647,2.41647,0.0,0.00457,7850000.0,24272650.0,-2.0190028548700294,2.47647
HK.01071,华电国际电力股份,2023-10-11 00:00:00,2.42647,2.47647,2.47647,2.41647,0.0,0.00308,5284188.0,16371742.0,2.060606560147037,2.42647
HK.01071,华电国际电力股份,2023-10-12 00:00:00,2.47647,2.38647,2.47647,2.36647,0.0,0.00895,15364000.0,46989780.0,-3.6342051387660605,2.47647
HK.01071,华电国际电力股份,2023-10-13 00:00:00,2.39647,2.37647,2.44647,2.33647,0.0,0.00587,10074021.0,30517879.0,-0.4190289423290563,2.38647
HK.01071,华电国际电力股份,2023-10-16 00:00:00,2.40647,2.36647,2.44647,2.33647,0.0,0.0052,8934000.0,27023080.0,-0.4207921833643929,2.37647
HK.01071,华电国际电力股份,2023-10-17 00:00:00,2.37647,2.40647,2.45647,2.36647,0.0,0.00432,7426000.0,22720180.0,1.6902813050661971,2.36647
HK.01071,华电国际电力股份,2023-10-18 00:00:00,2.41647,2.30647,2.41647,2.27647,0.0,0.01202,20638604.0,61222518.0,-4.155464227686199,2.40647
HK.01071,华电国际电力股份,2023-10-19 00:00:00,2.30647,2.32647,2.32647,2.22647,0.0,0.00625,10738000.0,31488812.0,0.8671259543805043,2.30647
HK.01071,华电国际电力股份,2023-10-20 00:00:00,2.32647,2.31647,2.33647,2.29647,0.0,0.00168,2880000.0,8548300.0,-0.4298357597562071,2.32647
HK.01071,华电国际电力股份,2023-10-24 00:00:00,2.29647,2.23647,2.33647,2.22647,0.0,0.0056,9622000.0,27904020.0,-3.453530587488706,2.31647
HK.01071,华电国际电力股份,2023-10-25 00:00:00,2.29647,2.15647,2.31647,2.15647,0.0,0.01008,17314000.0,49337560.0,-3.577065643625896,2.23647
HK.01071,华电国际电力股份,2023-10-26 00:00:00,2.18647,2.33647,2.37647,2.18647,0.0,0.01192,20462000.0,60727300.0,8.34697445362095,2.15647
HK.01071,华电国际电力股份,2023-10-27 00:00:00,2.32647,2.43647,2.47647,2.32647,0.0,0.00809,13900000.0,42687120.0,4.279960795559116,2.33647
HK.01071,华电国际电力股份,2023-10-30 00:00:00,2.41647,2.41647,2.44647,2.37647,0.0,0.00652,11192000.0,34394620.0,-0.8208596863495146,2.43647
HK.01071,华电国际电力股份,2023-10-31 00:00:00,2.41647,2.48647,2.51647,2.39647,0.0,0.01014,17412000.0,54509502.0,2.8967874627038737,2.41647
HK.01071,华电国际电力股份,2023-11-01 00:00:00,2.43647,2.50647,2.50647,2.43647,0.0,0.00329,5642000.0,17738600.0,0.8043531592981221,2.48647
HK.01071,华电国际电力股份,2023-11-02 00:00:00,2.49647,2.52647,2.56647,2.48647,0.0,0.00849,14578000.0,46558290.0,0.7979349443639866,2.50647
HK.01071,华电国际电力股份,2023-11-03 00:00:00,2.54647,2.52647,2.57647,2.50647,0.0,0.00251,4316000.0,13797019.0,0.0,2.52647
HK.01071,华电国际电力股份,2023-11-06 00:00:00,2.49647,2.46647,2.57647,2.43647,0.0,0.01066,18302000.0,57736070.0,-2.3748550348905804,2.52647
HK.01071,华电国际电力股份,2023-11-07 00:00:00,2.47647,2.41647,2.51647,2.41647,0.0,0.00441,7579800.0,23556152.0,-2.0271886542305504,2.46647
HK.01071,华电国际电力股份,2023-11-08 00:00:00,2.41647,2.42647,2.48647,2.40647,0.0,0.00481,8263778.0,25554660.0,0.4138267803862755,2.41647
HK.01071,华电国际电力股份,2023-11-09 00:00:00,2.41647,2.42647,2.47647,2.40647,0.0,0.00289,4956000.0,15317380.0,0.0,2.42647
HK.01071,华电国际电力股份,2023-11-10 00:00:00,2.42647,2.50647,2.53647,2.36647,0.0,0.01206,20709697.0,64525650.0,3.296970496235275,2.42647
HK.01071,华电国际电力股份,2023-11-13 00:00:00,2.55647,2.55647,2.61647,2.45647,0.0,0.01628,27948000.0,89837870.0,1.994837360909958,2.50647
HK.01071,华电国际电力股份,2023-11-14 00:00:00,2.55647,2.54647,2.63647,2.53647,0.0,0.00861,14784000.0,47826870.0,-0.39116437900699913,2.55647
HK.01071,华电国际电力股份,2023-11-15 00:00:00,2.57647,2.54647,2.58647,2.51647,0.0,0.00391,6712000.0,21477799.0,0.0,2.54647
HK.01071,华电国际电力股份,2023-11-16 00:00:00,2.54647,2.57647,2.59647,2.52647,0.0,0.00307,5280000.0,17017980.0,1.1781014502428953,2.54647
HK.01071,华电国际电力股份,2023-11-17 00:00:00,2.55647,2.57647,2.59647,2.53647,0.0,0.00313,5378000.0,17329958.0,0.0,2.57647
HK.01071,华电国际电力股份,2023-11-20 00:00:00,2.57647,2.56647,2.62647,2.55647,0.0,0.00777,13335000.0,43250888.0,-0.388127942494973,2.57647
HK.01071,华电国际电力股份,2023-11-21 00:00:00,2.56647,2.53647,2.59647,2.50647,0.0,0.00502,8622000.0,27499950.0,-1.1689207354849191,2.56647
HK.01071,华电国际电力股份,2023-11-22 00:00:00,2.53647,2.51647,2.54647,2.49647,0.0,0.00274,4708000.0,14935194.0,-0.7884973999298245,2.53647
HK.01071,华电国际电力股份,2023-11-23 00:00:00,2.49647,2.53647,2.54647,2.49647,0.0,0.00275,4727151.0,14990868.0,0.7947640941477553,2.51647
HK.01071,华电国际电力股份,2023-11-24 00:00:00,2.50647,2.48647,2.53647,2.47647,0.0,0.002,3434000.0,10789950.0,-1.9712434998245523,2.53647
HK.01071,华电国际电力股份,2023-11-27 00:00:00,2.47647,2.46647,2.49647,2.45647,0.0,0.00172,2956000.0,9255820.0,-0.8043531592981221,2.48647
HK.01071,华电国际电力股份,2023-11-28 00:00:00,2.46647,2.45647,2.46647,2.39647,0.0,0.00603,10351400.0,31871594.0,-0.4054377308461174,2.46647
HK.01071,华电国际电力股份,2023-11-29 00:00:00,2.45647,2.44647,2.46647,2.41647,0.0,0.00284,4876000.0,15019222.0,-0.4070882200881667,2.45647
HK.01071,华电国际电力股份,2023-11-30 00:00:00,2.46647,2.54647,2.59647,2.46647,0.0,0.00944,16216980.0,51871069.0,4.087522021524876,2.44647
HK.01071,华电国际电力股份,2023-12-01 00:00:00,2.51647,2.57647,2.60647,2.50647,0.0,0.0079,13566000.0,43823440.0,1.1781014502428953,2.54647
HK.01071,华电国际电力股份,2023-12-04 00:00:00,2.55647,2.60647,2.63647,2.54647,0.0,0.00667,11458000.0,37270220.0,1.1643838274848846,2.57647
HK.01071,华电国际电力股份,2023-12-05 00:00:00,2.58647,2.65647,2.67647,2.57647,0.0,0.00984,16894000.0,55773232.0,1.9183032990980242,2.60647
HK.01071,华电国际电力股份,2023-12-06 00:00:00,2.60647,2.64647,2.67647,2.60647,0.0,0.00395,6782000.0,22431089.0,-0.3764394101947408,2.65647
HK.01071,华电国际电力股份,2023-12-07 00:00:00,2.64647,2.68647,2.72647,2.62647,0.0,0.00407,6984600.0,23238882.0,1.5114473241714448,2.64647
HK.01071,华电国际电力股份,2023-12-08 00:00:00,2.70647,2.68647,2.72647,2.65647,0.0,0.00409,7024000.0,23522174.0,0.0,2.68647
HK.01071,华电国际电力股份,2023-12-11 00:00:00,2.68647,2.69647,2.69647,2.57647,0.0,0.00657,11280000.0,37119190.0,0.3722356847461625,2.68647
HK.01071,华电国际电力股份,2023-12-12 00:00:00,2.64647,2.68647,2.70647,2.64647,0.0,0.00248,4265611.0,14142780.0,-0.37085522924416847,2.69647
HK.01071,华电国际电力股份,2023-12-13 00:00:00,2.67647,2.68647,2.69647,2.64647,0.0,0.00435,7474000.0,24860454.0,0.0,2.68647
HK.01071,华电国际电力股份,2023-12-14 00:00:00,2.70647,2.71647,2.71647,2.65647,0.0,0.00308,5292000.0,17716229.0,1.116707054238471,2.68647
HK.01071,华电国际电力股份,2023-12-15 00:00:00,2.66647,2.66647,2.73647,2.66647,0.0,0.00455,7812000.0,26140958.0,-1.8406240451762863,2.71647
HK.01071,华电国际电力股份,2023-12-18 00:00:00,2.68647,2.72647,2.74647,2.66647,0.0,0.00542,9315332.0,31351102.0,2.2501659497387956,2.66647
HK.01071,华电国际电力股份,2023-12-19 00:00:00,2.71647,2.71647,2.76647,2.66647,0.0,0.00754,12950000.0,43710440.0,-0.36677462066334077,2.72647
HK.01071,华电国际电力股份,2023-12-20 00:00:00,2.72647,2.76647,2.88647,2.72647,0.0,0.01265,21729875.0,75558905.0,1.8406240451762697,2.71647
HK.01071,华电国际电力股份,2023-12-21 00:00:00,2.73647,2.79647,2.82647,2.72647,0.0,0.00664,11406000.0,39271020.0,1.0844144342790563,2.76647
HK.01071,华电国际电力股份,2023-12-22 00:00:00,2.76647,2.80647,2.84647,2.76647,0.0,0.00553,9504000.0,33060692.0,0.35759368060448465,2.79647
HK.01071,华电国际电力股份,2023-12-27 00:00:00,2.78647,2.85647,2.86647,2.78647,0.0,0.00476,8170000.0,28652520.0,1.7815975228667977,2.80647
HK.01071,华电国际电力股份,2023-12-28 00:00:00,2.82647,2.82647,2.87647,2.79647,0.0,0.00441,7566000.0,26325698.0,-1.0502473332469728,2.85647
HK.01071,华电国际电力股份,2023-12-29 00:00:00,2.79647,2.81647,2.83647,2.77647,0.0,0.00297,5102000.0,17646840.0,-0.35379820058236,2.82647
HK.01071,华电国际电力股份,2024-01-02 00:00:00,2.84647,2.88647,2.91647,2.81647,0.0,0.0123,21126540.0,74437277.0,2.4853806360444204,2.81647
HK.01071,华电国际电力股份,2024-01-03 00:00:00,2.87647,2.96647,2.99647,2.85647,0.0,0.01053,18082000.0,65018930.0,2.7715514105464485,2.88647
HK.01071,华电国际电力股份,2024-01-04 00:00:00,2.97647,3.00647,3.01647,2.93647,0.0,0.00554,9518000.0,34646160.0,1.3484039953210392,2.96647
HK.01071,华电国际电力股份,2024-01-05 00:00:00,3.00647,3.01647,3.08647,2.98647,0.0,0.01241,21318000.0,78668276.0,0.3326159915116328,3.00647
HK.01071,华电国际电力股份,2024-01-08 00:00:00,2.98647,3.00647,3.02647,2.92647,0.0,0.00529,9076600.0,33041438.0,-0.33151332517809845,3.01647
HK.01071,华电国际电力股份,2024-01-09 00:00:00,2.98647,3.04647,3.05647,2.97647,0.0,0.00791,13585428.0,49997566.0,1.3304639660465458,3.00647
HK.01071,华电国际电力股份,2024-01-10 00:00:00,3.00647,3.10647,3.10647,2.95647,0.0,0.01981,34026800.0,126691942.0,1.9694925602418554,3.04647
HK.01071,华电国际电力股份,2024-01-11 00:00:00,3.06647,2.91647,3.06647,2.88647,0.0,0.02017,34639285.0,125366565.0,-6.1162670169034286,3.10647
HK.01071,华电国际电力股份,2024-01-12 00:00:00,2.90647,3.01647,3.03647,2.89647,0.0,0.00546,9376000.0,34173596.0,3.4288026278343366,2.91647
HK.01071,华电国际电力股份,2024-01-15 00:00:00,2.96647,3.12647,3.14647,2.96647,0.0,0.01545,26530828.0,99625628.0,3.646646576959157,3.01647
HK.01071,华电国际电力股份,2024-01-16 00:00:00,3.11647,3.07647,3.11647,3.03647,0.0,0.00759,13032000.0,48580290.0,-1.5992477138753873,3.12647
HK.01071,华电国际电力股份,2024-01-17 00:00:00,3.04647,2.92647,3.05647,2.89647,0.0,0.01065,18280082.0,66056728.0,-4.875717949468057,3.07647
HK.01071,华电国际电力股份,2024-01-18 00:00:00,2.94647,2.89647,2.94647,2.73647,0.0,0.01519,26083494.0,91184753.0,-1.025125834196156,2.92647
HK.01071,华电国际电力股份,2024-01-19 00:00:00,2.90647,2.70647,2.91647,2.60647,0.0,0.01929,33132943.0,111504808.0,-6.559708887024549,2.89647
HK.01071,华电国际电力股份,2024-01-22 00:00:00,2.74647,2.72647,2.76647,2.65647,0.0,0.00897,15412000.0,51947542.0,0.7389699497869926,2.70647
HK.01071,华电国际电力股份,2024-01-23 00:00:00,2.70647,2.74647,2.79647,2.66647,0.0,0.00558,9588000.0,32522420.0,0.7335492413266977,2.72647
HK.01071,华电国际电力股份,2024-01-24 00:00:00,2.81647,2.94647,2.95647,2.75647,0.0,0.0082,14081753.0,49703219.0,7.282074808754517,2.74647
HK.01071,华电国际电力股份,2024-01-25 00:00:00,2.94647,3.01647,3.01647,2.90647,0.0,0.00742,12742000.0,46425960.0,2.375724171635884,2.94647
HK.01071,华电国际电力股份,2024-01-26 00:00:00,3.01647,3.08647,3.11647,2.94647,0.0,0.00886,15216675.0,56536668.0,2.3205932762467336,3.01647
HK.01071,华电国际电力股份,2024-01-29 00:00:00,3.10647,3.12647,3.19647,3.06647,0.0,0.01675,28758118.0,109360432.0,1.2959789014634853,3.08647
HK.01071,华电国际电力股份,2024-01-30 00:00:00,3.13647,3.02647,3.15647,2.99647,0.0,0.0047,8068000.0,30019300.0,-3.1984954277507747,3.12647
HK.01071,华电国际电力股份,2024-01-31 00:00:00,2.94647,3.09647,3.19647,2.90647,0.0,0.01965,33746000.0,126519186.0,2.312925619616247,3.02647
HK.01071,华电国际电力股份,2024-02-01 00:00:00,3.10647,2.94647,3.16647,2.90647,0.0,0.01432,24596000.0,89838910.0,-4.844225844267824,3.09647
HK.01071,华电国际电力股份,2024-02-02 00:00:00,2.94647,3.01647,3.05647,2.86647,0.0,0.00838,14399000.0,52660402.0,2.375724171635884,2.94647
HK.01071,华电国际电力股份,2024-02-05 00:00:00,3.01647,2.92647,3.06647,2.89647,0.0,0.01618,27781200.0,101184518.0,-2.983619926602945,3.01647
HK.01071,华电国际电力股份,2024-02-06 00:00:00,2.93647,2.98647,3.02647,2.78647,0.0,0.01151,19766000.0,70631800.0,2.050251668392297,2.92647
HK.01071,华电国际电力股份,2024-02-07 00:00:00,3.00647,3.09647,3.12647,2.91647,0.0,0.00858,14736909.0,54460219.0,3.683278251581294,2.98647
HK.01071,华电国际电力股份,2024-02-08 00:00:00,3.07647,3.08647,3.11647,3.01647,0.0,0.00357,6124000.0,22837164.0,-0.3229483896178626,3.09647
HK.01071,华电国际电力股份,2024-02-09 00:00:00,3.08647,3.00647,3.08647,2.95647,0.0,0.00094,1614000.0,5901560.0,-2.5919578029269563,3.08647
HK.01071,华电国际电力股份,2024-02-14 00:00:00,2.95647,2.88647,2.95647,2.87647,0.0,0.00197,3383509.0,12037832.0,-3.991391898139682,3.00647
HK.01071,华电国际电力股份,2024-02-15 00:00:00,2.88647,2.82647,2.88647,2.80647,0.0,0.00263,4518000.0,15729080.0,-2.0786635579098363,2.88647
HK.01071,华电国际电力股份,2024-02-16 00:00:00,2.84647,2.85647,2.86647,2.81647,0.0,0.004,6876000.0,24037620.0,1.0613946017470486,2.82647
HK.01071,华电国际电力股份,2024-02-19 00:00:00,2.91647,3.02647,3.10647,2.91647,0.0,0.00811,13928000.0,51307640.0,5.951401555066232,2.85647
HK.01071,华电国际电力股份,2024-02-20 00:00:00,2.98647,3.15647,3.19647,2.98647,0.0,0.00872,14968873.0,56960120.0,4.295433293573037,3.02647
HK.01071,华电国际电力股份,2024-02-21 00:00:00,3.12647,3.07647,3.16647,3.04647,0.0,0.01095,18798000.0,70547592.0,-2.5344768047850943,3.15647
HK.01071,华电国际电力股份,2024-02-22 00:00:00,3.07647,3.17647,3.17647,3.04647,0.0,0.01701,29216000.0,109772250.0,3.2504786329787088,3.07647
HK.01071,华电国际电力股份,2024-02-23 00:00:00,3.16647,3.27647,3.28647,3.16647,0.0,0.01317,22614000.0,88392760.0,3.1481487311386567,3.17647
HK.01071,华电国际电力股份,2024-02-26 00:00:00,3.28647,3.14647,3.28647,3.09647,0.0,0.00866,14876000.0,56511850.0,-3.9676847338751866,3.27647
HK.01071,华电国际电力股份,2024-02-27 00:00:00,3.15647,3.10647,3.15647,3.05647,0.0,0.00991,17011114.0,63842424.0,-1.2712658947963922,3.14647
HK.01071,华电国际电力股份,2024-02-28 00:00:00,3.11647,3.11647,3.18647,3.05647,0.0,0.00821,14096000.0,53189040.0,0.3219087903633459,3.10647
HK.01071,华电国际电力股份,2024-02-29 00:00:00,3.13647,3.13647,3.15647,3.07647,0.0,0.00457,7845043.0,29586698.0,0.6417517255099525,3.11647
HK.01071,华电国际电力股份,2024-03-01 00:00:00,3.11647,3.03647,3.14647,3.01647,0.0,0.01109,19038000.0,70587208.0,-3.188297672223872,3.13647
HK.01071,华电国际电力股份,2024-03-04 00:00:00,3.04647,3.12647,3.12647,2.96647,0.0,0.00963,16543750.0,61638254.0,2.9639680286648593,3.03647
HK.01071,华电国际电力股份,2024-03-05 00:00:00,3.11647,3.23647,3.27647,3.08647,0.0,0.00885,15193974.0,59045699.0,3.518344970525875,3.12647
HK.01071,华电国际电力股份,2024-03-06 00:00:00,3.25647,3.29647,3.35647,3.21647,0.0,0.00638,10953000.0,43121530.0,1.8538716564652107,3.23647
HK.01071,华电国际电力股份,2024-03-07 00:00:00,3.26647,3.406469999,3.43647,3.25647,0.0,0.00954,16377401.0,66081749.0,3.336902777819918,3.29647
HK.01071,华电国际电力股份,2024-03-08 00:00:00,3.42647,3.50647,3.526469999,3.35647,0.0,0.00727,12489174.0,51380124.0,2.9355902453083713,3.406469999
HK.01071,华电国际电力股份,2024-03-11 00:00:00,3.54647,3.526469999,3.70647,3.38647,0.0,0.01347,23134000.0,96885678.0,0.5703741654712555,3.50647
HK.01071,华电国际电力股份,2024-03-12 00:00:00,3.45647,3.37647,3.51647,3.32647,0.0,0.01035,17774935.0,71689052.0,-4.253545302881798,3.526469999
HK.01071,华电国际电力股份,2024-03-13 00:00:00,3.32647,3.51647,3.526469999,3.32647,0.0,0.00751,12904040.0,53259266.0,4.146342185773904,3.37647
HK.01071,华电国际电力股份,2024-03-14 00:00:00,3.51647,3.51647,3.60647,3.446469999,0.0,0.00808,13883653.0,58249378.0,0.0,3.51647
HK.01071,华电国际电力股份,2024-03-15 00:00:00,3.566469999,3.64647,3.73647,3.50647,0.0,0.02469,42403711.0,181875608.0,3.6968892099178974,3.51647
HK.01071,华电国际电力股份,2024-03-18 00:00:00,3.65647,3.70647,3.78647,3.65647,0.0,0.01069,18364662.0,80635886.0,1.645426947157115,3.64647
HK.01071,华电国际电力股份,2024-03-19 00:00:00,3.74647,3.58647,3.74647,3.55647,0.0,0.00662,11370000.0,48593896.0,-3.237581850116151,3.70647
HK.01071,华电国际电力股份,2024-03-20 00:00:00,3.54647,3.50647,3.59647,3.47647,0.0,0.00481,8262000.0,34588460.0,-2.230605581532806,3.58647
HK.01071,华电国际电力股份,2024-03-21 00:00:00,3.49647,3.486469999,3.59647,3.45647,0.0,0.01181,20280000.0,84400856.0,-0.5703742225086796,3.50647
HK.01071,华电国际电力股份,2024-03-22 00:00:00,3.45647,3.446469999,3.58647,3.38647,0.0,0.00576,9886000.0,40594526.0,-1.1472922472148894,3.486469999
HK.01071,华电国际电力股份,2024-03-25 00:00:00,3.42647,3.53647,3.62647,3.42647,0.0,0.00469,8056741.0,33819215.0,2.6113676029709705,3.446469999
HK.01071,华电国际电力股份,2024-03-26 00:00:00,3.51647,3.53647,3.60647,3.49647,0.0,0.0064,10986000.0,46190760.0,0.0,3.53647
HK.01071,华电国际电力股份,2024-03-27 00:00:00,3.57647,3.59647,3.64647,3.53647,0.0,0.00623,10691433.0,45485189.0,1.6966070686305852,3.53647
HK.01071,华电国际电力股份,2024-03-28 00:00:00,3.34647,3.53647,3.58647,3.32647,8.447,0.02114,36306000.0,150799398.0,-1.668302529980788,3.59647
HK.01071,华电国际电力股份,2024-04-02 00:00:00,3.53647,3.43647,3.68647,3.35647,8.245,0.02371,40724000.0,167614816.0,-2.8276784477176418,3.53647
HK.01071,华电国际电力股份,2024-04-03 00:00:00,3.446469999,3.59647,3.64647,3.43647,8.568,0.00731,12554000.0,52970540.0,4.655940543639262,3.43647
HK.01071,华电国际电力股份,2024-04-05 00:00:00,3.58647,3.41647,3.58647,3.41647,8.205,0.00249,4282000.0,17543750.0,-5.0049075899423645,3.59647
HK.01071,华电国际电力股份,2024-04-08 00:00:00,3.47647,3.70647,3.76647,3.47647,8.79,0.00773,13278000.0,57532836.0,8.488293472502322,3.41647
HK.01071,华电国际电力股份,2024-04-09 00:00:00,3.71647,3.81647,3.88647,3.65647,9.012,0.01078,18505623.0,82876707.0,2.967783362606466,3.70647
HK.01071,华电国际电力股份,2024-04-10 00:00:00,3.84647,3.92647,4.03647,3.81647,9.233,0.01294,22212542.0,102621864.0,2.882244587275685,3.81647
HK.01071,华电国际电力股份,2024-04-11 00:00:00,3.92647,4.06647,4.13647,3.90647,9.516,0.01814,31148500.0,146681315.0,3.5655436053248764,3.92647
HK.01071,华电国际电力股份,2024-04-12 00:00:00,4.06647,4.06647,4.17647,4.04647,9.516,0.00813,13964000.0,66501060.0,0.0,4.06647
HK.01071,华电国际电力股份,2024-04-15 00:00:00,4.03647,4.08647,4.13647,3.96647,9.556,0.00694,11923000.0,56343032.0,0.4918270637678493,4.06647
HK.01071,华电国际电力股份,2024-04-16 00:00:00,4.08647,3.80647,4.10647,3.75647,8.991,0.01693,29070381.0,131132536.0,-6.851879495016487,4.08647
HK.01071,华电国际电力股份,2024-04-17 00:00:00,3.80647,3.88647,3.93647,3.78647,9.153,0.01114,19138000.0,86643329.0,2.1016847630481803,3.80647
HK.01071,华电国际电力股份,2024-04-18 00:00:00,3.88647,3.77647,4.00647,3.68647,8.931,0.01117,19174000.0,84945216.0,-2.8303318950101217,3.88647
HK.01071,华电国际电力股份,2024-04-19 00:00:00,3.71647,3.65647,3.74647,3.526469999,8.689,0.02262,38846000.0,165649262.0,-3.1775705884066365,3.77647
HK.01071,华电国际电力股份,2024-04-22 00:00:00,3.65647,3.616469999,3.76647,3.526469999,8.608,0.00873,14998000.0,64519640.0,-1.0939512972894654,3.65647
HK.01071,华电国际电力股份,2024-04-23 00:00:00,3.57647,3.57647,3.62647,3.526469999,8.528,0.00402,6910174.0,29201002.0,-1.1060509007695478,3.616469999
HK.01071,华电国际电力股份,2024-04-24 00:00:00,3.74647,3.58647,3.82647,3.566469999,8.548,0.01937,33258000.0,144294160.0,0.2796053091456041,3.57647
HK.01071,华电国际电力股份,2024-04-25 00:00:00,3.566469999,3.71647,3.72647,3.53647,8.81,0.00679,11666000.0,50545458.0,3.6247340699908364,3.58647
HK.01071,华电国际电力股份,2024-04-26 00:00:00,3.71647,3.57647,3.71647,3.55647,8.528,0.01295,22234720.0,94413070.0,-3.7670154743614264,3.71647
HK.01071,华电国际电力股份,2024-04-29 00:00:00,3.58647,3.47647,3.59647,3.38647,8.326,0.02502,42968000.0,176369642.0,-2.7960530914561033,3.57647
HK.01071,华电国际电力股份,2024-04-30 00:00:00,3.526469999,3.62647,3.64647,3.47647,8.629,0.01591,27324000.0,115975720.0,4.314721542254066,3.47647
HK.01071,华电国际电力股份,2024-05-02 00:00:00,3.62647,3.446469999,3.62647,3.42647,8.266,0.00444,7628720.0,31424825.0,-4.963504482320268,3.62647
HK.01071,华电国际电力股份,2024-05-03 00:00:00,3.446469999,3.51647,3.526469999,3.446469999,8.407,0.00219,3760000.0,15601538.0,2.031063697647464,3.446469999
HK.01071,华电国际电力股份,2024-05-06 00:00:00,3.51647,3.66647,3.67647,3.50647,8.709,0.01436,24656000.0,105265860.0,4.265641396059114,3.51647
HK.01071,华电国际电力股份,2024-05-07 00:00:00,3.66647,3.54647,3.67647,3.47647,8.467,0.01703,29252000.0,122626062.0,-3.27290281933304,3.66647
HK.01071,华电国际电力股份,2024-05-08 00:00:00,3.566469999,3.42647,3.58647,3.406469999,8.225,0.01686,28960000.0,119914660.0,-3.3836462736185466,3.54647
HK.01071,华电国际电力股份,2024-05-09 00:00:00,3.446469999,3.47647,3.50647,3.42647,8.326,0.01035,17770000.0,73119440.0,1.4592277183223499,3.42647
HK.01071,华电国际电力股份,2024-05-10 00:00:00,3.47647,3.68647,3.70647,3.47647,8.75,0.0151,25925956.0,111186931.0,6.040610159155695,3.47647
HK.01071,华电国际电力股份,2024-05-13 00:00:00,3.71647,4.01647,4.01647,3.69647,9.415,0.02057,35320000.0,161146880.0,8.951652936277796,3.68647
HK.01071,华电国际电力股份,2024-05-14 00:00:00,3.94647,4.10647,4.17647,3.93647,9.596,0.01754,30118000.0,142791360.0,2.240773614641709,4.01647
HK.01071,华电国际电力股份,2024-05-16 00:00:00,4.09647,3.86647,4.13647,3.79647,9.112,0.03056,52484032.0,239676555.0,-5.844435731905987,4.10647
HK.01071,华电国际电力股份,2024-05-17 00:00:00,3.86647,3.92647,3.97647,3.82647,9.233,0.012,20602000.0,94218646.0,1.5518030658455917,3.86647
HK.01071,华电国际电力股份,2024-05-20 00:00:00,3.92647,3.94647,4.02647,3.82647,9.274,0.01749,30034244.0,137897210.0,0.5093633721892696,3.92647
HK.01071,华电国际电力股份,2024-05-21 00:00:00,3.98647,3.81647,3.98647,3.75647,9.012,0.0086,14760000.0,66012568.0,-3.2940830666393093,3.94647
HK.01071,华电国际电力股份,2024-05-22 00:00:00,3.85647,3.78647,3.96647,3.72647,8.951,0.01516,26035553.0,115971359.0,-0.7860667056206339,3.81647
HK.01071,华电国际电力股份,2024-05-23 00:00:00,3.81647,3.66647,3.83647,3.57647,8.709,0.01446,24823631.0,106739436.0,-3.1691786809350164,3.78647
HK.01071,华电国际电力股份,2024-05-24 00:00:00,3.66647,3.92647,3.93647,3.66647,9.233,0.02737,47002447.0,212269705.0,7.091289441888253,3.66647
HK.01071,华电国际电力股份,2024-05-27 00:00:00,3.94647,4.04647,4.20647,3.90647,9.475,0.01887,32402000.0,154132412.0,3.0561802331356183,3.92647
HK.01071,华电国际电力股份,2024-05-28 00:00:00,4.04647,4.00647,4.11647,3.93647,9.395,0.01138,19544000.0,90937580.0,-0.9885159163418987,4.04647
HK.01071,华电国际电力股份,2024-05-29 00:00:00,3.99647,4.02647,4.14647,3.93647,9.435,0.00857,14724000.0,69379284.0,0.49919255604059365,4.00647
HK.01071,华电国际电力股份,2024-05-30 00:00:00,4.07647,3.89647,4.13647,3.85647,9.173,0.00857,14711946.0,68448191.0,-3.2286345111226433,4.02647
HK.01071,华电国际电力股份,2024-05-31 00:00:00,3.97647,3.88647,4.01647,3.81647,9.153,0.00607,10418659.0,47691813.0,-0.2566425508216357,3.89647
HK.01071,华电国际电力股份,2024-06-03 00:00:00,3.84647,3.92647,3.99647,3.84647,9.233,0.00374,6417960.0,29457240.0,1.0292115981855008,3.88647
HK.01071,华电国际电力股份,2024-06-04 00:00:00,3.98647,4.13647,4.14647,3.85647,9.657,0.00735,12628000.0,59364948.0,5.348315407987326,3.92647
HK.01071,华电国际电力股份,2024-06-05 00:00:00,4.13647,4.03647,4.13647,3.97647,9.455,0.00368,6320448.0,29772893.0,-2.4175202527759305,4.13647
HK.01071,华电国际电力股份,2024-06-06 00:00:00,4.04647,4.28647,4.33647,4.04647,9.959,0.01339,22998000.0,113122440.0,6.193530485795757,4.03647
HK.01071,华电国际电力股份,2024-06-07 00:00:00,4.29647,4.47647,4.52647,4.26647,10.342,0.01317,22622660.0,115773859.0,4.432551726712199,4.28647
HK.01071,华电国际电力股份,2024-06-11 00:00:00,4.51647,4.30647,4.51647,4.29647,10.0,0.00704,12088000.0,60858560.0,-3.797635190228013,4.47647
HK.01071,华电国际电力股份,2024-06-12 00:00:00,4.30647,4.43647,4.44647,4.30647,10.262,0.0046,7902000.0,39926300.0,3.01871370287033,4.30647
HK.01071,华电国际电力股份,2024-06-13 00:00:00,4.44647,4.63647,4.65647,4.44647,10.665,0.01185,20350816.0,106037818.0,4.508088638038806,4.43647
HK.01071,华电国际电力股份,2024-06-14 00:00:00,4.65647,4.61647,4.91647,4.60647,10.625,0.02169,37244064.0,202002917.0,-0.4313626530528713,4.63647
HK.01071,华电国际电力股份,2024-06-17 00:00:00,4.61647,4.27647,4.64647,4.11647,9.939,0.03004,51582703.0,256321337.0,-7.364934679527862,4.61647
HK.01071,华电国际电力股份,2024-06-18 00:00:00,4.19647,4.31647,4.34647,4.19647,10.02,0.00823,14134000.0,69907616.0,0.9353508851926949,4.27647
HK.01071,华电国际电力股份,2024-06-19 00:00:00,4.32647,4.29647,4.34647,4.20647,9.979,0.00998,17141000.0,84209588.0,-0.46334157309096496,4.31647
HK.01071,华电国际电力股份,2024-06-20 00:00:00,4.33116,4.34116,4.41116,4.29116,9.737,0.00578,9918000.0,48072990.0,1.040156221270022,4.29647
HK.01071,华电国际电力股份,2024-06-21 00:00:00,4.34116,4.20116,4.40116,4.20116,9.455,0.00741,12717679.0,60561163.0,-3.2249444848842375,4.34116
HK.01071,华电国际电力股份,2024-06-24 00:00:00,4.27116,4.23116,4.28116,4.09116,9.516,0.01062,18230000.0,85415980.0,0.7140884898456676,4.20116
HK.01071,华电国际电力股份,2024-06-25 00:00:00,4.31116,4.22116,4.31116,4.14116,9.495,0.00911,15644000.0,73499554.0,-0.23634180697491436,4.23116
HK.01071,华电国际电力股份,2024-06-26 00:00:00,4.31116,4.19116,4.31116,4.05116,9.435,0.01066,18306000.0,84705078.0,-0.7107051142340078,4.22116
HK.01071,华电国际电力股份,2024-06-27 00:00:00,4.21116,4.04116,4.23116,4.01116,9.133,0.00865,14852000.0,67667196.0,-3.5789614331116057,4.19116
HK.01071,华电国际电力股份,2024-06-28 00:00:00,4.04116,4.24116,4.30116,4.00116,9.536,0.01088,18680515.0,88126271.0,4.94907402824932,4.04116
HK.01071,华电国际电力股份,2024-07-02 00:00:00,4.29116,4.43116,4.49116,4.27116,9.919,0.01659,28486000.0,139470090.0,4.479906440690764,4.24116
HK.01071,华电国际电力股份,2024-07-03 00:00:00,4.43116,4.42116,4.49116,4.33116,9.899,0.00776,13321102.0,65387393.0,-0.2256745412036529,4.43116
HK.01071,华电国际电力股份,2024-07-04 00:00:00,4.45116,4.33116,4.48116,4.32116,9.717,0.00614,10550000.0,51317700.0,-2.035664848139419,4.42116
HK.01071,华电国际电力股份,2024-07-05 00:00:00,4.39116,4.28116,4.39116,4.21116,9.616,0.0045,7736000.0,36826180.0,-1.1544251424560588,4.33116
HK.01071,华电国际电力股份,2024-07-08 00:00:00,4.29116,4.33116,4.35116,4.16116,9.717,0.00824,14141864.0,67283472.0,1.16790776331648,4.28116
HK.01071,华电国际电力股份,2024-07-09 00:00:00,4.33116,4.21116,4.33116,4.15116,9.475,0.00797,13682000.0,64270760.0,-2.7706203418945528,4.33116
HK.01071,华电国际电力股份,2024-07-10 00:00:00,4.23116,3.94116,4.23116,3.88116,8.931,0.02108,36205638.0,161087856.0,-6.411535063972863,4.21116
HK.01071,华电国际电力股份,2024-07-11 00:00:00,3.99116,3.691159999,3.99116,3.64116,8.427,0.03468,59551433.0,250229681.0,-6.343310116818401,3.94116
HK.01071,华电国际电力股份,2024-07-12 00:00:00,3.66116,3.58116,3.70116,3.54116,8.205,0.02904,49873896.0,203003546.0,-2.980092952616541,3.691159999
HK.01071,华电国际电力股份,2024-07-15 00:00:00,3.571159999,3.58116,3.63116,3.51116,8.205,0.01573,27007273.0,109398667.0,0.0,3.58116
HK.01071,华电国际电力股份,2024-07-16 00:00:00,3.58116,3.49116,3.60116,3.46116,8.024,0.01216,20882000.0,83874614.0,-2.5131521629863034,3.58116
HK.01071,华电国际电力股份,2024-07-17 00:00:00,3.49116,3.30116,3.49116,3.26116,7.641,0.02714,46600125.0,177807411.0,-5.442317166786969,3.49116
HK.01071,华电国际电力股份,2024-07-18 00:00:00,3.28116,3.34116,3.38116,3.26116,7.721,0.01267,21762000.0,83191180.0,1.2116952828702647,3.30116
HK.01071,华电国际电力股份,2024-07-19 00:00:00,3.49116,3.34116,3.531159999,3.32116,7.721,0.03253,55857756.0,219126424.0,0.0,3.34116
HK.01071,华电国际电力股份,2024-07-22 00:00:00,3.35116,3.55116,3.571159999,3.28116,8.145,0.01861,31962000.0,126723340.0,6.285242251194195,3.34116
HK.01071,华电国际电力股份,2024-07-23 00:00:00,3.52116,3.47116,3.56116,3.46116,7.983,0.01468,25206000.0,100695216.0,-2.2527850054630054,3.55116
HK.01071,华电国际电力股份,2024-07-24 00:00:00,3.45116,3.56116,3.63116,3.44116,8.165,0.01153,19802000.0,80595860.0,2.592793187291865,3.47116
HK.01071,华电国际电力股份,2024-07-25 00:00:00,3.52116,3.531159999,3.60116,3.50116,8.104,0.00658,11306000.0,45579742.0,-0.8424221601949895,3.56116
HK.01071,华电国际电力股份,2024-07-26 00:00:00,3.49116,3.691159999,3.691159999,3.49116,8.427,0.01162,19959581.0,82452802.0,4.531088935231216,3.531159999
HK.01071,华电国际电力股份,2024-07-29 00:00:00,3.70116,3.66116,3.71116,3.63116,8.366,0.00654,11226000.0,46735158.0,-0.8127526037377748,3.691159999
HK.01071,华电国际电力股份,2024-07-30 00:00:00,3.66116,3.54116,3.66116,3.51116,8.125,0.00703,12080000.0,48685930.0,-3.277649706650354,3.66116
HK.01071,华电国际电力股份,2024-07-31 00:00:00,3.51116,3.531159999,3.531159999,3.35116,8.104,0.01569,26940000.0,106393466.0,-0.2823933682747989,3.54116
HK.01071,华电国际电力股份,2024-08-01 00:00:00,3.49116,3.51116,3.59116,3.45116,8.064,0.00502,8622191.0,34300314.0,-0.5663860885846078,3.531159999
HK.01071,华电国际电力股份,2024-08-02 00:00:00,3.52116,3.41116,3.611159999,3.30116,7.862,0.01725,29615116.0,114850182.0,-2.8480616092687217,3.51116
HK.01071,华电国际电力股份,2024-08-05 00:00:00,3.41116,3.33116,3.41116,3.25116,7.701,0.01297,22264000.0,84656600.0,-2.345243260357183,3.41116
HK.01071,华电国际电力股份,2024-08-06 00:00:00,3.28116,3.48116,3.52116,3.28116,8.004,0.01196,20530000.0,80690810.0,4.502935914216066,3.33116
HK.01071,华电国际电力股份,2024-08-07 00:00:00,3.48116,3.531159999,3.59116,3.48116,8.104,0.00871,14958000.0,60408800.0,1.4363028128554902,3.48116
HK.01071,华电国际电力股份,2024-08-08 00:00:00,3.531159999,3.531159999,3.56116,3.47116,8.104,0.00564,9680000.0,38766020.0,0.0,3.531159999
HK.01071,华电国际电力股份,2024-08-09 00:00:00,3.56116,3.56116,3.59116,3.531159999,8.165,0.00593,10182000.0,41224920.0,0.849579203675157,3.531159999
HK.01071,华电国际电力股份,2024-08-12 00:00:00,3.531159999,3.52116,3.611159999,3.50116,8.084,0.00453,7782923.0,31468347.0,-1.1232295094856741,3.56116
HK.01071,华电国际电力股份,2024-08-13 00:00:00,3.56116,3.55116,3.571159999,3.49116,8.145,0.00573,9839955.0,39534899.0,0.8519919571959186,3.52116
HK.01071,华电国际电力股份,2024-08-14 00:00:00,3.52116,3.62116,3.64116,3.51116,8.286,0.00933,16028000.0,65519280.0,1.9711868797801364,3.55116
HK.01071,华电国际电力股份,2024-08-15 00:00:00,3.62116,3.70116,3.75116,3.60116,8.447,0.01093,18769800.0,78802532.0,2.2092368191408176,3.62116
HK.01071,华电国际电力股份,2024-08-16 00:00:00,3.71116,3.66116,3.72116,3.651159999,8.366,0.00592,10174000.0,42506900.0,-1.0807422537798852,3.70116
HK.01071,华电国际电力股份,2024-08-19 00:00:00,3.64116,3.63116,3.70116,3.571159999,8.306,0.00704,12086000.0,49758920.0,-0.8194124266625946,3.66116
HK.01071,华电国际电力股份,2024-08-20 00:00:00,3.611159999,3.55116,3.64116,3.531159999,8.145,0.00344,5908147.0,23898915.0,-2.2031527115302016,3.63116
HK.01071,华电国际电力股份,2024-08-21 00:00:00,3.531159999,3.48116,3.55116,3.36116,8.004,0.01191,20456000.0,80285370.0,-1.971186879780124,3.55116
HK.01071,华电国际电力股份,2024-08-22 00:00:00,3.48116,3.651159999,3.68116,3.43116,8.346,0.01312,22530000.0,91608958.0,4.883429632651181,3.48116
HK.01071,华电国际电力股份,2024-08-23 00:00:00,3.63116,3.62116,3.731159999,3.531159999,8.286,0.00928,15944000.0,65589760.0,-0.8216566518097341,3.651159999
HK.01071,华电国际电力股份,2024-08-26 00:00:00,3.62116,3.55116,3.62116,3.52116,8.145,0.00848,14564000.0,58849252.0,-1.933082216748232,3.62116
HK.01071,华电国际电力股份,2024-08-27 00:00:00,3.54116,3.651159999,3.68116,3.531159999,8.346,0.0079,13568000.0,55556720.0,2.8159812286689423,3.55116
HK.01071,华电国际电力股份,2024-08-28 00:00:00,3.651159999,3.80116,3.84116,3.651159999,8.649,0.01645,28254880.0,120469444.0,4.108283423380044,3.651159999
HK.01071,华电国际电力股份,2024-08-29 00:00:00,3.82116,3.68116,3.82116,3.611159999,8.407,0.01022,17552000.0,73135352.0,-3.1569310421029284,3.80116
HK.01071,华电国际电力股份,2024-08-30 00:00:00,3.66116,3.63116,3.74116,3.63116,8.306,0.00775,13311974.0,55449905.0,-1.3582675026350461,3.68116
HK.01071,华电国际电力股份,2024-09-02 00:00:00,3.63116,3.70116,3.79116,3.63116,8.447,0.00625,10736200.0,45270224.0,1.9277586225889203,3.63116
HK.01071,华电国际电力股份,2024-09-03 00:00:00,3.72116,3.651159999,3.77116,3.63116,8.346,0.00639,10978258.0,45807003.0,-1.350927844243424,3.70116
HK.01071,华电国际电力股份,2024-09-04 00:00:00,3.63116,3.55116,3.63116,3.52116,8.145,0.00733,12590213.0,51093334.0,-2.7388555699391035,3.651159999
HK.01071,华电国际电力股份,2024-09-05 00:00:00,3.531159999,3.55116,3.60116,3.51116,8.145,0.005,8592770.0,34746950.0,0.0,3.55116
HK.01071,华电国际电力股份,2024-09-09 00:00:00,3.531159999,3.35116,3.54116,3.29116,7.741,0.01821,31271952.0,120009278.0,-5.631962513657502,3.55116
HK.01071,华电国际电力股份,2024-09-10 00:00:00,3.37891,3.35891,3.45891,3.29891,7.58,0.00632,10848000.0,40588260.0,0.231263204382951,3.35116
HK.01071,华电国际电力股份,2024-09-11 00:00:00,3.33891,3.25891,3.33891,3.19891,7.379,0.01016,17450170.0,63594206.0,-2.9771562798645883,3.35891
HK.01071,华电国际电力股份,2024-09-12 00:00:00,3.25891,3.26891,3.31891,3.22891,7.399,0.00688,11806518.0,43284940.0,0.3068510636992058,3.25891
HK.01071,华电国际电力股份,2024-09-13 00:00:00,3.22891,3.37891,3.40891,3.22891,7.62,0.00587,10084000.0,38076940.0,3.3650360517726052,3.26891
HK.01071,华电国际电力股份,2024-09-16 00:00:00,3.34891,3.39891,3.42891,3.32891,7.661,0.00092,1572000.0,5963162.0,0.5919068575368985,3.37891
HK.01071,华电国际电力股份,2024-09-17 00:00:00,3.41891,3.40891,3.42891,3.39891,7.681,0.00079,1361305.0,5200155.0,0.29421196795443927,3.39891
HK.01071,华电国际电力股份,2024-09-19 00:00:00,3.40891,3.48891,3.48891,3.31891,7.842,0.00454,7791952.0,29841087.0,2.346791203053177,3.40891
HK.01071,华电国际电力股份,2024-09-20 00:00:00,3.49891,3.49891,3.53891,3.42891,7.862,0.01024,17586566.0,68284264.0,0.2866224694818664,3.48891
HK.01071,华电国际电力股份,2024-09-23 00:00:00,3.52891,3.67891,3.71891,3.48891,8.225,0.0072,12370000.0,50186984.0,5.1444592744597655,3.49891
HK.01071,华电国际电力股份,2024-09-24 00:00:00,3.698909999,3.83891,3.868909999,3.658909999,8.548,0.00913,15672000.0,65916650.0,4.349114275695782,3.67891
HK.01071,华电国际电力股份,2024-09-25 00:00:00,3.87891,3.83891,3.99891,3.80891,8.548,0.01985,34095271.0,146744863.0,0.0,3.83891
HK.01071,华电国际电力股份,2024-09-26 00:00:00,3.83891,3.98891,3.99891,3.80891,8.85,0.0166,28507994.0,122924778.0,3.907359120166932,3.83891
HK.01071,华电国际电力股份,2024-09-27 00:00:00,3.98891,3.96891,4.05891,3.778909999,8.81,0.01866,32051781.0,137335007.0,-0.5013901040635165,3.98891
HK.01071,华电国际电力股份,2024-09-30 00:00:00,3.99891,4.01891,4.21891,3.96891,8.911,0.02148,36878831.0,164184217.0,1.2597917312309883,3.96891
HK.01071,华电国际电力股份,2024-10-02 00:00:00,4.02891,3.99891,4.07891,3.89891,8.87,0.00673,11560658.0,50631459.0,-0.4976473720486405,4.01891
HK.01071,华电国际电力股份,2024-10-03 00:00:00,4.07891,3.95891,4.07891,3.89891,8.79,0.00334,5732000.0,25000907.0,-1.0002725742764913,3.99891
HK.01071,华电国际电力股份,2024-10-04 00:00:00,4.03891,4.20891,4.24891,3.84891,9.294,0.00611,10487280.0,47361264.0,6.314869496906988,3.95891
HK.01071,华电国际电力股份,2024-10-07 00:00:00,4.20891,4.35891,4.40891,4.20891,9.596,0.00552,9484004.0,44886316.0,3.5638680798591427,4.20891
HK.01071,华电国际电力股份,2024-10-08 00:00:00,4.31891,3.97891,4.40891,3.91891,8.83,0.0207,35541601.0,159338181.0,-8.717775774218781,4.35891
HK.01071,华电国际电力股份,2024-10-09 00:00:00,4.09891,3.85891,4.09891,3.71891,8.588,0.02614,44891288.0,190111246.0,-3.015901339814173,3.97891
HK.01071,华电国际电力股份,2024-10-10 00:00:00,3.88891,4.04891,4.09891,3.88891,8.971,0.01141,19594613.0,86572003.0,4.923670155562073,3.85891
HK.01071,华电国际电力股份,2024-10-14 00:00:00,4.05891,3.88891,4.06891,3.84891,8.649,0.01168,20054312.0,87375392.0,-3.9516808227399505,4.04891
HK.01071,华电国际电力股份,2024-10-15 00:00:00,3.91891,3.71891,3.91891,3.698909999,8.306,0.00818,14046956.0,59111071.0,-4.371404840945147,3.88891
HK.01071,华电国际电力股份,2024-10-16 00:00:00,3.82891,3.818909999,3.83891,3.698909999,8.508,0.01141,19590000.0,82039900.0,2.6889599102962967,3.71891
HK.01071,华电国际电力股份,2024-10-17 00:00:00,3.84891,3.64891,3.868909999,3.618909999,8.165,0.00521,8946610.0,36805092.0,-4.45153195661892,3.818909999
HK.01071,华电国际电力股份,2024-10-18 00:00:00,3.68891,3.71891,3.74891,3.618909999,8.306,0.01188,20402365.0,83311539.0,1.9183811055904443,3.64891
HK.01071,华电国际电力股份,2024-10-21 00:00:00,3.70891,3.64891,3.70891,3.62891,8.165,0.01241,21305780.0,86582889.0,-1.8822719560301344,3.71891
HK.01071,华电国际电力股份,2024-10-22 00:00:00,3.66891,3.82891,3.91891,3.66891,8.528,0.01744,29952000.0,126516188.0,4.932979985803984,3.64891
HK.01071,华电国际电力股份,2024-10-23 00:00:00,3.82891,3.698909999,3.82891,3.68891,8.266,0.0129,22150000.0,91255258.0,-3.395222165054806,3.82891
HK.01071,华电国际电力股份,2024-10-24 00:00:00,3.70891,3.62891,3.738909999,3.58891,8.125,0.01763,30269720.0,121864943.0,-1.8924493707315044,3.698909999
HK.01071,华电国际电力股份,2024-10-25 00:00:00,3.62891,3.52891,3.62891,3.47891,7.923,0.02064,35442040.0,139088240.0,-2.755648390287983,3.62891
HK.01071,华电国际电力股份,2024-10-28 00:00:00,3.52891,3.48891,3.55891,3.44891,7.842,0.01418,24352000.0,94778632.0,-1.1334944784650227,3.52891
HK.01071,华电国际电力股份,2024-10-29 00:00:00,3.52891,3.38891,3.52891,3.36891,7.641,0.01667,28624000.0,109350762.0,-2.866224694818728,3.48891
HK.01071,华电国际电力股份,2024-10-30 00:00:00,3.39891,3.31891,3.39891,3.25891,7.5,0.01447,24841039.0,92065106.0,-2.0655609030632354,3.38891
HK.01071,华电国际电力股份,2024-10-31 00:00:00,3.35891,3.46891,3.51891,3.34891,7.802,0.01518,26066000.0,100722382.0,4.519556119328345,3.31891
HK.01071,华电国际电力股份,2024-11-01 00:00:00,3.46891,3.36891,3.51891,3.32891,7.6,0.01725,29622000.0,112715540.0,-2.8827499127968177,3.46891
HK.01071,华电国际电力股份,2024-11-04 00:00:00,3.36891,3.44891,3.48891,3.35891,7.762,0.00617,10594000.0,40692532.0,2.3746553039410396,3.36891
HK.01071,华电国际电力股份,2024-11-05 00:00:00,3.44891,3.45891,3.48891,3.40891,7.782,0.01069,18354000.0,70823020.0,0.2899466788057614,3.44891
HK.01071,华电国际电力股份,2024-11-06 00:00:00,3.45891,3.40891,3.46891,3.37891,7.681,0.00677,11620000.0,44282980.0,-1.4455420927401934,3.45891
HK.01071,华电国际电力股份,2024-11-07 00:00:00,3.39891,3.53891,3.57891,3.39891,7.943,0.01086,18652525.0,73264582.0,3.8135357049614065,3.40891
HK.01071,华电国际电力股份,2024-11-08 00:00:00,3.54891,3.49891,3.56891,3.46891,7.862,0.01461,25082000.0,98121572.0,-1.1302915304429906,3.53891
HK.01071,华电国际电力股份,2024-11-11 00:00:00,3.48891,3.39891,3.50891,3.36891,7.661,0.01226,21044806.0,80282656.0,-2.8580329302554253,3.49891
HK.01071,华电国际电力股份,2024-11-12 00:00:00,3.39891,3.27891,3.41891,3.22891,7.419,0.02175,37354452.0,137966049.0,-3.5305436154531793,3.39891
HK.01071,华电国际电力股份,2024-11-13 00:00:00,3.27891,3.28891,3.30891,3.19891,7.439,0.01909,32788000.0,119516672.0,0.3049793986416152,3.27891
HK.01071,华电国际电力股份,2024-11-14 00:00:00,3.28891,3.19891,3.32891,3.15891,7.258,0.00952,16348820.0,59326864.0,-2.7364689213143523,3.28891
HK.01071,华电国际电力股份,2024-11-15 00:00:00,3.21891,3.19891,3.26891,3.15891,7.258,0.01241,21317266.0,76865871.0,0.0,3.19891
HK.01071,华电国际电力股份,2024-11-18 00:00:00,3.22891,3.23891,3.27891,3.19891,7.338,0.00974,16724036.0,60886954.0,1.2504259263311577,3.19891
HK.01071,华电国际电力股份,2024-11-19 00:00:00,3.23891,3.15891,3.25891,3.14891,7.177,0.01411,24238734.0,86872664.0,-2.469966748072656,3.23891
HK.01071,华电国际电力股份,2024-11-20 00:00:00,3.15891,3.20891,3.24891,3.15891,7.278,0.0084,14430000.0,52139077.0,1.582824455270958,3.15891
HK.01071,华电国际电力股份,2024-11-21 00:00:00,3.17891,3.19891,3.22891,3.17891,7.258,0.00291,4994000.0,17978976.0,-0.31163229881797205,3.20891
HK.01071,华电国际电力股份,2024-11-22 00:00:00,3.19891,3.11891,3.22891,3.11891,7.096,0.00466,7998000.0,28401461.0,-2.5008518526623154,3.19891
HK.01071,华电国际电力股份,2024-11-25 00:00:00,3.11891,3.08891,3.13891,3.04891,7.036,0.00531,9118324.0,31815162.0,-0.9618745010276106,3.11891
HK.01071,华电国际电力股份,2024-11-26 00:00:00,3.07891,3.06891,3.10891,3.05891,6.995,0.00267,4581253.0,15926759.0,-0.647477589181945,3.08891
HK.01071,华电国际电力股份,2024-11-27 00:00:00,3.09891,3.10891,3.11891,3.02891,7.076,0.00346,5938000.0,20641090.0,1.303394364774465,3.06891
HK.01071,华电国际电力股份,2024-11-28 00:00:00,3.08891,3.04891,3.08891,3.01891,6.955,0.00597,10258630.0,35345783.0,-1.9299368588991017,3.10891
HK.01071,华电国际电力股份,2024-11-29 00:00:00,3.06891,3.05891,3.07891,3.02891,6.975,0.00469,8062000.0,27898844.0,0.327986067151875,3.04891
HK.01071,华电国际电力股份,2024-12-02 00:00:00,3.05891,3.04891,3.09891,3.02891,6.955,0.0078,13390200.0,46241128.0,-0.3269138353204321,3.05891
HK.01071,华电国际电力股份,2024-12-03 00:00:00,3.03891,3.24891,3.26891,3.00891,7.358,0.0219,37610000.0,135006962.0,6.559721343037355,3.04891
HK.01071,华电国际电力股份,2024-12-04 00:00:00,3.25891,3.29891,3.30891,3.19891,7.459,0.00855,14682434.0,53694711.0,1.5389776879014754,3.24891
HK.01071,华电国际电力股份,2024-12-05 00:00:00,3.29891,3.32891,3.35891,3.27891,7.52,0.01052,18060000.0,67500040.0,0.909391283787683,3.29891
HK.01071,华电国际电力股份,2024-12-06 00:00:00,3.34891,3.39891,3.43891,3.30891,7.661,0.01015,17431272.0,66500311.0,2.1027904028645965,3.32891
HK.01071,华电国际电力股份,2024-12-09 00:00:00,3.39891,3.45891,3.45891,3.39891,7.782,0.00834,14317689.0,54939849.0,1.7652718077265963,3.39891
HK.01071,华电国际电力股份,2024-12-10 00:00:00,3.49891,3.34891,3.50891,3.33891,7.56,0.00651,11180000.0,42481428.0,-3.1801926040284334,3.45891
HK.01071,华电国际电力股份,2024-12-11 00:00:00,3.36891,3.46891,3.49891,3.34891,7.802,0.00951,16327089.0,62992460.0,3.583255447294795,3.34891
HK.01071,华电国际电力股份,2024-12-12 00:00:00,3.47891,3.45891,3.49891,3.43891,7.782,0.00537,9226000.0,35770280.0,-0.28827499127968814,3.46891
HK.01071,华电国际电力股份,2024-12-13 00:00:00,3.46891,3.38891,3.46891,3.38891,7.641,0.01117,19182000.0,73083838.0,-2.0237589298362733,3.45891
HK.01071,华电国际电力股份,2024-12-16 00:00:00,3.38891,3.44891,3.47891,3.37891,7.762,0.01096,18814000.0,72330910.0,1.7704807740541961,3.38891
HK.01071,华电国际电力股份,2024-12-17 00:00:00,3.42891,3.34891,3.48891,3.32891,7.56,0.00762,13093724.0,49773666.0,-2.8994667880576785,3.44891
HK.01071,华电国际电力股份,2024-12-18 00:00:00,3.35891,3.48891,3.51891,3.35891,7.842,0.01092,18757000.0,72859912.0,4.180464688510593,3.34891
HK.01071,华电国际电力股份,2024-12-19 00:00:00,3.52891,3.50891,3.53891,3.43891,7.883,0.00658,11307313.0,44261133.0,0.5732449389637456,3.48891
HK.01071,华电国际电力股份,2024-12-20 00:00:00,3.52891,3.46891,3.52891,3.43891,7.802,0.00569,9775964.0,37969536.0,-1.139955142765133,3.50891
HK.01071,华电国际电力股份,2024-12-23 00:00:00,3.47891,3.618909999,3.658909999,3.45891,8.104,0.0152,26107000.0,104234438.0,4.324124840367719,3.46891
HK.01071,华电国际电力股份,2024-12-24 00:00:00,3.618909999,3.57891,3.658909999,3.57891,8.024,0.0063,10822000.0,43544840.0,-1.1053051612516753,3.618909999
HK.01071,华电国际电力股份,2024-12-27 00:00:00,3.54891,3.50891,3.54891,3.40891,7.883,0.01787,30682000.0,118833510.0,-1.9559027748672038,3.57891
HK.01071,华电国际电力股份,2024-12-30 00:00:00,3.45891,3.53891,3.57891,3.45891,7.943,0.00976,16760603.0,66035709.0,0.8549663570738435,3.50891
HK.01071,华电国际电力股份,2024-12-31 00:00:00,3.56891,3.59891,3.63891,3.51891,8.064,0.00526,9038000.0,36196980.0,1.6954372956644859,3.53891
HK.01071,华电国际电力股份,2025-01-02 00:00:00,3.57891,3.48891,3.59891,3.47891,7.842,0.00806,13838000.0,54405484.0,-3.0564809900775476,3.59891
HK.01071,华电国际电力股份,2025-01-03 00:00:00,3.46891,3.34891,3.50891,3.32891,7.56,0.01616,27754000.0,105540560.0,-4.012714572746219,3.48891
HK.01071,华电国际电力股份,2025-01-06 00:00:00,3.39891,3.37891,3.40891,3.34891,7.62,0.00676,11604000.0,43825650.0,0.895813861823692,3.34891
HK.01071,华电国际电力股份,2025-01-07 00:00:00,3.37891,3.28891,3.39891,3.26891,7.439,0.00829,14234000.0,52931940.0,-2.663580858916037,3.37891
HK.01071,华电国际电力股份,2025-01-08 00:00:00,3.28891,3.28891,3.31891,3.21891,7.439,0.00844,14501053.0,53141462.0,0.0,3.28891
HK.01071,华电国际电力股份,2025-01-09 00:00:00,3.31891,3.32891,3.34891,3.23891,7.52,0.00781,13406274.0,49704011.0,1.2162084094730483,3.28891
HK.01071,华电国际电力股份,2025-01-10 00:00:00,3.28891,3.17891,3.32891,3.16891,7.217,0.00854,14669149.0,53216505.0,-4.505979434709857,3.32891
HK.01071,华电国际电力股份,2025-01-13 00:00:00,3.15891,3.30891,3.34891,3.14891,7.479,0.01376,23634505.0,86790006.0,4.089452044883306,3.17891
HK.01071,华电国际电力股份,2025-01-14 00:00:00,3.30891,3.37891,3.41891,3.27891,7.62,0.00799,13720692.0,51894718.0,2.1155002704818155,3.30891
HK.01071,华电国际电力股份,2025-01-15 00:00:00,3.34891,3.36891,3.39891,3.31891,7.6,0.00499,8572000.0,32233240.0,-0.29595342876844266,3.37891
HK.01071,华电国际电力股份,2025-01-16 00:00:00,3.34891,3.37891,3.42891,3.33891,7.62,0.00642,11032000.0,41866148.0,0.29683191299262335,3.36891
HK.01071,华电国际电力股份,2025-01-17 00:00:00,3.35891,3.43891,3.44891,3.33891,7.741,0.00652,11192000.0,42722948.0,1.7757205726106957,3.37891
HK.01071,华电国际电力股份,2025-01-20 00:00:00,3.43891,3.33891,3.44891,3.31891,7.54,0.01164,19986000.0,74921098.0,-2.9078981421438796,3.43891
HK.01071,华电国际电力股份,2025-01-21 00:00:00,3.33891,3.36891,3.38891,3.33891,7.6,0.00346,5939555.0,22390645.0,0.8984968148287988,3.33891
HK.01071,华电国际电力股份,2025-01-22 00:00:00,3.38891,3.38891,3.41891,3.35891,7.641,0.00392,6732000.0,25527894.0,0.5936638259852599,3.36891
HK.01071,华电国际电力股份,2025-01-23 00:00:00,3.35891,3.43891,3.44891,3.35891,7.741,0.00356,6112000.0,23378680.0,1.4754006450451567,3.38891
HK.01071,华电国际电力股份,2025-01-24 00:00:00,3.41891,3.44891,3.48891,3.40891,7.762,0.00385,6606000.0,25477826.0,0.2907898142143944,3.43891
HK.01071,华电国际电力股份,2025-01-27 00:00:00,3.44891,3.47891,3.53891,3.44891,7.822,0.00302,5185672.0,20268843.0,0.8698400364172971,3.44891
HK.01071,华电国际电力股份,2025-01-28 00:00:00,3.43891,3.40891,3.43891,3.39891,7.681,0.00024,412000.0,1571118.0,-2.012124487267559,3.47891
HK.01071,华电国际电力股份,2025-02-03 00:00:00,3.39891,3.43891,3.43891,3.34891,7.741,0.00075,1296000.0,4927298.0,0.880046701144935,3.40891
HK.01071,华电国际电力股份,2025-02-04 00:00:00,3.43891,3.40891,3.43891,3.36891,7.681,0.00076,1306000.0,4962188.0,-0.8723694426431574,3.43891
HK.01071,华电国际电力股份,2025-02-05 00:00:00,3.41891,3.43891,3.46891,3.39891,7.741,0.00181,3110000.0,11939230.0,0.880046701144935,3.40891
HK.01071,华电国际电力股份,2025-02-06 00:00:00,3.40891,3.44891,3.46891,3.38891,7.762,0.00207,3548100.0,13588522.0,0.2907898142143944,3.43891
HK.01071,华电国际电力股份,2025-02-07 00:00:00,3.40891,3.39891,3.43891,3.38891,7.661,0.00495,8492111.0,32332993.0,-1.4497333940288457,3.44891
HK.01071,华电国际电力股份,2025-02-10 00:00:00,3.39891,3.33891,3.43891,3.32891,7.54,0.00651,11187441.0,42140143.0,-1.7652718077265963,3.39891
HK.01071,华电国际电力股份,2025-02-11 00:00:00,3.33891,3.23891,3.35891,3.23891,7.338,0.01457,25028000.0,91911520.0,-2.9949893827626273,3.33891
HK.01071,华电国际电力股份,2025-02-12 00:00:00,3.22891,3.24891,3.26891,3.20891,7.358,0.01,17174246.0,62386410.0,0.30874584350907514,3.23891
HK.01071,华电国际电力股份,2025-02-13 00:00:00,3.24891,3.27891,3.36891,3.21891,7.419,0.00941,16160240.0,59857202.0,0.9233866127408962,3.24891
HK.01071,华电国际电力股份,2025-02-14 00:00:00,3.33891,3.29891,3.34891,3.25891,7.459,0.00454,7793000.0,28763530.0,0.6099587972832304,3.27891
HK.01071,华电国际电力股份,2025-02-17 00:00:00,3.32891,3.45891,3.49891,3.29891,7.782,0.01034,17762000.0,68025696.0,4.850086846867606,3.29891
HK.01071,华电国际电力股份,2025-02-18 00:00:00,3.41891,3.54891,3.59891,3.41891,7.963,0.0103,17682000.0,69875730.0,2.601975766932353,3.45891
HK.01071,华电国际电力股份,2025-02-19 00:00:00,3.55891,3.51891,3.59891,3.47891,7.903,0.00486,8350000.0,32695232.0,-0.8453299745555624,3.54891
HK.01071,华电国际电力股份,2025-02-20 00:00:00,3.54891,3.67891,3.85891,3.53891,8.225,0.02926,50250695.0,206577358.0,4.546862522769839,3.51891
HK.01071,华电国际电力股份,2025-02-21 00:00:00,3.75891,3.70891,3.76891,3.63891,8.286,0.0132,22674000.0,92836080.0,0.8154589266929554,3.67891
HK.01071,华电国际电力股份,2025-02-24 00:00:00,3.70891,3.698909999,3.74891,3.66891,8.266,0.00679,11657600.0,47868270.0,-0.2696210207311547,3.70891
HK.01071,华电国际电力股份,2025-02-25 00:00:00,3.698909999,3.82891,3.87891,3.66891,8.528,0.01523,26148000.0,109719658.0,3.51454890860133,3.698909999
HK.01071,华电国际电力股份,2025-02-26 00:00:00,3.82891,3.88891,3.91891,3.778909999,8.649,0.00903,15512846.0,66195078.0,1.5670256025866383,3.82891
HK.01071,华电国际电力股份,2025-02-27 00:00:00,3.87891,3.88891,3.95891,3.85891,8.649,0.00887,15232000.0,65652560.0,0.0,3.88891
HK.01071,华电国际电力股份,2025-02-28 00:00:00,3.85891,3.85891,3.97891,3.84891,8.588,0.00764,13116000.0,56344320.0,-0.7714243836962091,3.88891
HK.01071,华电国际电力股份,2025-03-03 00:00:00,3.82891,3.88891,3.94891,3.82891,8.649,0.00604,10372000.0,44485976.0,0.7774216035098058,3.85891
HK.01071,华电国际电力股份,2025-03-04 00:00:00,3.868909999,3.84891,3.89891,3.82891,8.568,0.00577,9904000.0,42095220.0,-1.0285658449282713,3.88891
HK.01071,华电国际电力股份,2025-03-05 00:00:00,3.80891,3.80891,3.91891,3.778909999,8.487,0.00526,9030000.0,38248300.0,-1.0392552696737527,3.84891
HK.01071,华电国际电力股份,2025-03-06 00:00:00,3.80891,3.698909999,3.82891,3.64891,8.266,0.0112,19230786.0,78581444.0,-2.887965349666964,3.80891
HK.01071,华电国际电力股份,2025-03-07 00:00:00,3.698909999,3.75891,3.778909999,3.658909999,8.387,0.00719,12344000.0,51182780.0,1.622099510834844,3.698909999
HK.01071,华电国际电力股份,2025-03-10 00:00:00,3.68891,3.78891,3.818909999,3.68891,8.447,0.00605,10387620.0,43244989.0,0.7981037055954999,3.75891
HK.01071,华电国际电力股份,2025-03-11 00:00:00,3.76891,3.91891,3.95891,3.698909999,8.709,0.01023,17564050.0,74880810.0,3.431065926612136,3.78891
HK.01071,华电国际电力股份,2025-03-12 00:00:00,3.94891,3.94891,3.97891,3.82891,8.77,0.0066,11342028.0,48987492.0,0.7655189835949345,3.91891
HK.01071,华电国际电力股份,2025-03-13 00:00:00,3.868909999,3.90891,3.95891,3.868909999,8.689,0.00421,7230000.0,31144956.0,-1.0129377473783914,3.94891
HK.01071,华电国际电力股份,2025-03-14 00:00:00,3.97891,3.91891,3.97891,3.818909999,8.709,0.00562,9647691.0,41453530.0,0.2558257928680831,3.90891
HK.01071,华电国际电力股份,2025-03-17 00:00:00,3.85891,3.95891,4.00891,3.83891,8.79,0.00614,10537418.0,45945910.0,1.020691978126572,3.91891
HK.01071,华电国际电力股份,2025-03-18 00:00:00,3.94891,3.92891,3.97891,3.88891,8.729,0.00374,6429810.0,27861406.0,-0.7577843396288323,3.95891
HK.01071,华电国际电力股份,2025-03-19 00:00:00,3.90891,3.99891,4.03891,3.90891,8.87,0.00564,9681000.0,42653796.0,1.7816646347205674,3.92891
HK.01071,华电国际电力股份,2025-03-20 00:00:00,3.99891,4.13891,4.14891,3.95891,9.153,0.01198,20569864.0,92873816.0,3.5009540099677197,3.99891
HK.01071,华电国际电力股份,2025-03-21 00:00:00,4.07891,3.98891,4.18891,3.97891,8.85,0.00826,14180071.0,63104403.0,-3.6241425882659906,4.13891
HK.01071,华电国际电力股份,2025-03-24 00:00:00,3.99891,4.07891,4.08891,3.98891,9.032,0.00297,5095290.0,22710893.0,2.256255468285808,3.98891
HK.01071,华电国际电力股份,2025-03-25 00:00:00,4.04891,4.13891,4.13891,4.00891,9.153,0.00512,8797930.0,39671365.0,1.4709812180214936,4.07891
HK.01071,华电国际电力股份,2025-03-26 00:00:00,4.13891,4.03891,4.16891,3.99891,8.951,0.00571,9812917.0,43766576.0,-2.4160950588440078,4.13891
HK.01071,华电国际电力股份,2025-03-27 00:00:00,4.08891,3.98891,4.17891,3.90891,8.85,0.00566,9720755.0,42729421.0,-1.2379577658328456,4.03891
HK.01071,华电国际电力股份,2025-03-28 00:00:00,3.98891,4.02891,4.12891,3.93891,7.395,0.00519,8906000.0,39614074.0,1.0027802081270218,3.98891
HK.01071,华电国际电力股份,2025-03-31 00:00:00,4.02891,4.11891,4.19891,3.99891,7.545,0.00834,14322000.0,64755060.0,2.2338548143294306,4.02891
HK.01071,华电国际电力股份,2025-04-01 00:00:00,4.08891,4.06891,4.11891,3.99891,7.462,0.00547,9394000.0,42037628.0,-1.213913389707467,4.11891
HK.01071,华电国际电力股份,2025-04-02 00:00:00,4.06891,4.06891,4.07891,3.97891,7.462,0.00375,6438504.0,28662903.0,0.0,4.06891
HK.01071,华电国际电力股份,2025-04-03 00:00:00,4.05891,4.03891,4.13891,3.97891,7.412,0.00946,16245256.0,72451904.0,-0.73729819533979,4.06891
HK.01071,华电国际电力股份,2025-04-07 00:00:00,3.75891,3.57891,3.818909999,3.54891,6.644,0.01198,20580000.0,83869834.0,-11.389211445662308,4.03891
HK.01071,华电国际电力股份,2025-04-08 00:00:00,3.66891,3.68891,3.818909999,3.57891,6.828,0.00867,14880000.0,61547520.0,3.073561503362752,3.57891
HK.01071,华电国际电力股份,2025-04-09 00:00:00,3.59891,3.778909999,3.818909999,3.49891,6.978,0.00926,15904000.0,64764642.0,2.4397450466397994,3.68891
HK.01071,华电国际电力股份,2025-04-10 00:00:00,3.87891,3.76891,3.87891,3.738909999,6.961,0.00426,7308233.0,30718950.0,-0.26462654581999606,3.778909999
HK.01071,华电国际电力股份,2025-04-11 00:00:00,3.698909999,3.72891,3.778909999,3.698909999,6.894,0.00371,6378000.0,26363740.0,-1.0613148098521863,3.76891
HK.01071,华电国际电力股份,2025-04-14 00:00:00,3.83891,3.83891,3.85891,3.76891,7.078,0.00304,5222000.0,21988160.0,2.9499237042460096,3.72891
HK.01071,华电国际电力股份,2025-04-15 00:00:00,3.88891,3.92891,3.99891,3.80891,7.228,0.00759,13036000.0,55976390.0,2.3444154721001613,3.83891
HK.01071,华电国际电力股份,2025-04-16 00:00:00,3.92891,3.87891,3.98891,3.83891,7.145,0.00331,5687840.0,24338251.0,-1.2726175962289863,3.92891
HK.01071,华电国际电力股份,2025-04-17 00:00:00,3.93891,3.88891,3.93891,3.83891,7.161,0.00353,6064000.0,26092958.0,0.25780438319012894,3.87891
HK.01071,华电国际电力股份,2025-04-22 00:00:00,3.88891,3.95891,4.01891,3.88891,7.278,0.00306,5263083.0,23014320.0,1.799990228624469,3.88891
HK.01071,华电国际电力股份,2025-04-23 00:00:00,4.01891,3.97891,4.05891,3.96891,7.312,0.00313,5378433.0,23727115.0,0.5051895597525586,3.95891
HK.01071,华电国际电力股份,2025-04-24 00:00:00,3.97891,4.07891,4.16891,3.94891,7.479,0.00592,10168000.0,45689998.0,2.5132511165117997,3.97891
HK.01071,华电国际电力股份,2025-04-25 00:00:00,4.14891,4.15891,4.18891,4.05891,7.612,0.00786,13494000.0,61165530.0,1.9613082906953103,4.07891
HK.01071,华电国际电力股份,2025-04-28 00:00:00,4.17891,4.18891,4.30891,4.07891,7.662,0.01293,22200000.0,102126910.0,0.7213428518530156,4.15891
HK.01071,华电国际电力股份,2025-04-29 00:00:00,4.23891,4.09891,4.23891,4.06891,7.512,0.00626,10748000.0,48720280.0,-2.1485302859216326,4.18891
HK.01071,华电国际电力股份,2025-04-30 00:00:00,4.14891,3.93891,4.14891,3.90891,7.245,0.0075,12872866.0,56118444.0,-3.9034767779726836,4.09891
HK.01071,华电国际电力股份,2025-05-02 00:00:00,3.97891,4.06891,4.06891,3.93891,7.462,0.00142,2446000.0,10842486.0,3.300405442114694,3.93891
HK.01071,华电国际电力股份,2025-05-06 00:00:00,4.09891,4.09891,4.10891,3.97891,7.512,0.00637,10942000.0,48799362.0,0.73729819533979,4.06891
HK.01071,华电国际电力股份,2025-05-07 00:00:00,4.11891,3.97891,4.11891,3.93891,7.312,0.00766,13151500.0,57830530.0,-2.927607583479513,4.09891
HK.01071,华电国际电力股份,2025-05-08 00:00:00,4.03891,4.00891,4.04891,3.96891,7.362,0.00247,4236000.0,18727200.0,0.7539753349535488,3.97891
HK.01071,华电国际电力股份,2025-05-09 00:00:00,4.06891,4.11891,4.19891,4.01891,7.545,0.00846,14527240.0,65607973.0,2.7438879895033668,4.00891
HK.01071,华电国际电力股份,2025-05-12 00:00:00,4.10891,4.13891,4.14891,4.05891,7.579,0.00335,5752066.0,25925637.0,0.48556535588299976,4.11891
HK.01071,华电国际电力股份,2025-05-13 00:00:00,4.13891,4.08891,4.14891,4.07891,7.495,0.00176,3024433.0,13653962.0,-1.2080475294219934,4.13891
HK.01071,华电国际电力股份,2025-05-14 00:00:00,4.07891,4.07891,4.10891,4.03891,7.479,0.00256,4394000.0,19626722.0,-0.2445639546969895,4.08891
HK.01071,华电国际电力股份,2025-05-15 00:00:00,4.10891,4.09891,4.14891,4.05891,7.512,0.0051,8754000.0,39505100.0,0.4903270726738384,4.07891
HK.01071,华电国际电力股份,2025-05-16 00:00:00,4.07891,4.04891,4.12891,4.02891,7.429,0.00359,6164000.0,27574280.0,-1.2198364931164583,4.09891
HK.01071,华电国际电力股份,2025-05-19 00:00:00,4.01891,4.00891,4.09891,3.98891,7.362,0.00506,8686729.0,38536596.0,-0.9879202056849876,4.04891
HK.01071,华电国际电力股份,2025-05-20 00:00:00,4.01891,4.12891,4.13891,3.99891,7.562,0.00756,12988000.0,58294000.0,2.9933323521855093,4.00891
HK.01071,华电国际电力股份,2025-05-21 00:00:00,4.10891,4.14891,4.19891,4.07891,7.595,0.00766,13158000.0,59613220.0,0.4843893424656767,4.12891
HK.01071,华电国际电力股份,2025-05-22 00:00:00,4.16891,3.98891,4.16891,3.92891,7.328,0.0122,20953030.0,92598497.0,-3.856434581612995,4.14891
HK.01071,华电国际电力股份,2025-05-23 00:00:00,3.98891,3.94891,4.06891,3.92891,7.262,0.00599,10292151.0,45149101.0,-1.002780208127033,3.98891
HK.01071,华电国际电力股份,2025-05-26 00:00:00,3.98891,4.08891,4.08891,3.93891,7.495,0.0075,12874000.0,57225420.0,3.54528211582437,3.94891
HK.01071,华电国际电力股份,2025-05-27 00:00:00,4.10891,4.20891,4.24891,4.05891,7.696,0.00904,15520000.0,71237088.0,2.9347674563636788,4.08891
HK.01071,华电国际电力股份,2025-05-28 00:00:00,4.23891,4.18891,4.23891,4.13891,7.662,0.00549,9433326.0,43246787.0,-0.47518241064789835,4.20891
HK.01071,华电国际电力股份,2025-05-29 00:00:00,4.18891,4.14891,4.18891,4.07891,7.595,0.00601,10314000.0,46631278.0,-0.9549023492985057,4.18891
HK.01071,华电国际电力股份,2025-05-30 00:00:00,4.16891,4.14891,4.17891,4.10891,7.595,0.00336,5778000.0,26311696.0,0.0,4.14891
HK.01071,华电国际电力股份,2025-06-02 00:00:00,4.14891,4.00891,4.14891,3.93891,7.362,0.0027,4638000.0,20348350.0,-3.374380258911369,4.14891
HK.01071,华电国际电力股份,2025-06-03 00:00:00,4.04891,4.10891,4.11891,4.03891,7.529,0.00552,9472000.0,42544272.0,2.494443626821247,4.00891
HK.01071,华电国际电力股份,2025-06-04 00:00:00,4.09891,4.16891,4.16891,4.04891,7.629,0.00494,8480000.0,38308300.0,1.4602412805342657,4.10891
HK.01071,华电国际电力股份,2025-06-05 00:00:00,4.16891,4.04891,4.18891,4.02891,7.429,0.01856,31872000.0,142759350.0,-2.8784502423895,4.16891
HK.01071,华电国际电力股份,2025-06-06 00:00:00,4.06891,4.15891,4.16891,4.03891,7.612,0.00726,12462000.0,56208270.0,2.7167805656336994,4.04891
HK.01071,华电国际电力股份,2025-06-09 00:00:00,4.13891,4.18891,4.20891,4.12891,7.662,0.00391,6722000.0,30751270.0,0.7213428518530156,4.15891
HK.01071,华电国际电力股份,2025-06-10 00:00:00,4.18891,4.32891,4.39891,4.13891,7.896,0.00849,14576000.0,68877830.0,3.3421582225447595,4.18891
HK.01071,华电国际电力股份,2025-06-11 00:00:00,4.37891,4.38891,4.39891,4.27891,7.996,0.00545,9361561.0,44529375.0,1.3860302015981045,4.32891
HK.01071,华电国际电力股份,2025-06-12 00:00:00,4.38891,4.34891,4.46891,4.30891,7.929,0.00634,10894000.0,52066014.0,-0.9113880211715445,4.38891
HK.01071,华电国际电力股份,2025-06-13 00:00:00,4.35891,4.37891,4.44891,4.33891,7.979,0.00541,9286000.0,44592654.0,0.6898280258731555,4.34891
HK.01071,华电国际电力股份,2025-06-16 00:00:00,4.32891,4.30891,4.43891,4.29891,7.863,0.00515,8839000.0,41917699.0,-1.598571333962111,4.37891
HK.01071,华电国际电力股份,2025-06-17 00:00:00,4.36891,4.38891,4.46891,4.29891,7.996,0.00777,13342000.0,63891546.0,1.8566180310101643,4.30891
HK.01071,华电国际电力股份,2025-06-18 00:00:00,4.41891,4.35891,4.45891,4.33891,7.946,0.00357,6122000.0,29372418.0,-0.6835410158786634,4.38891
HK.01071,华电国际电力股份,2025-06-19 00:00:00,4.38105,4.11105,4.40105,4.09105,7.295,0.01113,19104232.0,84545837.0,-5.686283956310183,4.35891
HK.01071,华电国际电力股份,2025-06-20 00:00:00,4.12105,4.12105,4.21105,4.10105,7.312,0.00611,10495720.0,46307869.0,0.24324685907494864,4.11105
HK.01071,华电国际电力股份,2025-06-23 00:00:00,4.13105,4.06105,4.13105,4.03105,7.212,0.00501,8594998.0,37130229.0,-1.4559396270368108,4.12105
HK.01071,华电国际电力股份,2025-06-24 00:00:00,4.07105,4.07105,4.11105,4.04105,7.718,0.00433,7436000.0,32166196.0,0.24624173551174663,4.06105
HK.01071,华电国际电力股份,2025-06-25 00:00:00,4.09105,4.14105,4.19105,4.09105,7.843,0.00649,11140206.0,48946776.0,1.7194581250537404,4.07105
HK.01071,华电国际电力股份,2025-06-26 00:00:00,4.15105,4.04105,4.15105,4.00105,7.664,0.01182,20298000.0,87612006.0,-2.414846476135271,4.14105
HK.01071,华电国际电力股份,2025-06-27 00:00:00,4.03105,3.86105,4.05105,3.801049999,7.344,0.02999,51506000.0,213138160.0,-4.454287870726671,4.04105
HK.01071,华电国际电力股份,2025-06-30 00:00:00,3.881049999,3.90105,3.90105,3.79105,7.415,0.01713,29418000.0,120738658.0,1.0359876199479425,3.86105
HK.01071,华电国际电力股份,2025-07-02 00:00:00,3.921049999,4.00105,4.04105,3.921049999,7.593,0.01274,21878000.0,93141878.0,2.563412414606326,3.90105
HK.01071,华电国际电力股份,2025-07-03 00:00:00,4.02105,4.03105,4.03105,3.98105,7.647,0.00351,6026000.0,25710534.0,0.7498031766661091,4.00105
HK.01071,华电国际电力股份,2025-07-04 00:00:00,4.03105,3.99105,4.09105,3.98105,7.575,0.00746,12810000.0,54742770.0,-0.9922972922687536,4.03105
HK.01071,华电国际电力股份,2025-07-07 00:00:00,4.05105,4.15105,4.30105,3.97105,7.86,0.01977,33956000.0,149732700.0,4.0089700705328095,3.99105
HK.01071,华电国际电力股份,2025-07-08 00:00:00,4.19105,4.08105,4.19105,4.06105,7.736,0.01326,22778000.0,99369860.0,-1.686320328591547,4.15105
HK.01071,华电国际电力股份,2025-07-09 00:00:00,4.11105,4.03105,4.13105,4.00105,7.647,0.00886,15208000.0,65461152.0,-1.2251748937160953,4.08105
HK.01071,华电国际电力股份,2025-07-10 00:00:00,4.06105,4.011049999,4.06105,3.97105,7.611,0.00719,12342214.0,52529301.0,-0.49614867094180565,4.03105
HK.01071,华电国际电力股份,2025-07-11 00:00:00,4.011049999,3.961049999,4.011049999,3.921049999,7.522,0.01728,29670000.0,124978506.0,-1.2465563882889865,4.011049999
HK.01071,华电国际电力股份,2025-07-14 00:00:00,3.961049999,4.02105,4.05105,3.961049999,7.629,0.00818,14039500.0,60158081.0,1.5147499025548072,3.961049999
HK.01071,华电国际电力股份,2025-07-15 00:00:00,4.03105,4.05105,4.09105,4.00105,7.682,0.00954,16384000.0,70481820.0,0.7460737866975106,4.02105
HK.01071,华电国际电力股份,2025-07-16 00:00:00,4.07105,4.06105,4.13105,4.03105,7.7,0.0093,15978236.0,69379199.0,0.24684958220707684,4.05105
HK.01071,华电国际电力股份,2025-07-17 00:00:00,4.06105,3.99105,4.06105,3.97105,7.575,0.00731,12555500.0,53409391.0,-1.7236921485822592,4.06105
HK.01071,华电国际电力股份,2025-07-18 00:00:00,3.99105,3.99105,4.011049999,3.97105,7.575,0.00484,8303500.0,35266585.0,0.0,3.99105
HK.01071,华电国际电力股份,2025-07-21 00:00:00,3.99105,4.02105,4.08105,3.99105,7.629,0.01381,23712806.0,101571461.0,0.7516818882248983,3.99105
HK.01071,华电国际电力股份,2025-07-22 00:00:00,4.02105,4.08105,4.13105,4.011049999,7.736,0.01486,25521126.0,110769999.0,1.4921475733950211,4.02105
HK.01071,华电国际电力股份,2025-07-23 00:00:00,4.08105,4.04105,4.13105,4.02105,7.664,0.0094,16142602.0,69632262.0,-0.9801399149728631,4.08105
HK.01071,华电国际电力股份,2025-07-24 00:00:00,4.04105,4.00105,4.04105,3.99105,7.593,0.01414,24274000.0,103564830.0,-0.9898417490503714,4.04105
HK.01071,华电国际电力股份,2025-07-25 00:00:00,4.00105,3.95105,4.011049999,3.94105,7.504,0.00986,16930000.0,71552106.0,-1.2496719611102152,4.00105
HK.01071,华电国际电力股份,2025-07-28 00:00:00,3.95105,3.94105,3.97105,3.91105,7.486,0.00404,6929920.0,29163411.0,-0.2530972779387704,3.95105
HK.01071,华电国际电力股份,2025-07-29 00:00:00,3.95105,3.91105,3.95105,3.86105,7.433,0.00951,16329960.0,67772410.0,-0.7612184570101939,3.94105
HK.01071,华电国际电力股份,2025-07-30 00:00:00,3.94105,4.03105,4.12105,3.94105,7.647,0.02207,37895960.0,163142133.0,3.0682297592717984,3.91105
HK.01071,华电国际电力股份,2025-07-31 00:00:00,4.03105,3.961049999,4.05105,3.89105,7.522,0.01602,27508000.0,115367739.0,-1.736520286277756,4.03105
HK.01071,华电国际电力股份,2025-08-01 00:00:00,3.961049999,3.94105,3.99105,3.921049999,7.486,0.00512,8800220.0,37150334.0,-0.5049166005238283,3.961049999
HK.01071,华电国际电力股份,2025-08-04 00:00:00,3.94105,3.94105,3.97105,3.921049999,7.486,0.00383,6577466.0,27659406.0,0.0,3.94105
HK.01071,华电国际电力股份,2025-08-05 00:00:00,3.94105,4.03105,4.04105,3.94105,7.647,0.00669,11487921.0,48952425.0,2.283655371030548,3.94105
HK.01071,华电国际电力股份,2025-08-06 00:00:00,4.03105,4.00105,4.08105,3.99105,7.593,0.00476,8182000.0,35034620.0,-0.744222969201557,4.03105
HK.01071,华电国际电力股份,2025-08-07 00:00:00,4.04105,4.04105,4.05105,3.98105,7.664,0.00318,5454000.0,23371920.0,0.9997375688881677,4.00105
HK.01071,华电国际电力股份,2025-08-08 00:00:00,4.06105,4.16105,4.27105,4.05105,7.878,0.02276,39080761.0,173534991.0,2.969525247151114,4.04105
HK.01071,华电国际电力股份,2025-08-11 00:00:00,4.15105,4.09105,4.18105,4.05105,7.754,0.00733,12584000.0,54692102.0,-1.6822676968553676,4.16105
HK.01071,华电国际电力股份,2025-08-12 00:00:00,4.09105,4.10105,4.14105,4.08105,7.771,0.00204,3504096.0,15307345.0,0.24443602498135653,4.09105
HK.01071,华电国际电力股份,2025-08-13 00:00:00,4.10105,4.10105,4.13105,4.04105,7.771,0.01042,17902000.0,77453150.0,0.0,4.10105
HK.01071,华电国际电力股份,2025-08-14 00:00:00,4.10105,4.10105,4.12105,4.07105,7.771,0.01076,18480000.0,80555490.0,0.0,4.10105
HK.01071,华电国际电力股份,2025-08-15 00:00:00,4.09105,4.14105,4.16105,4.07105,7.843,0.00504,8650000.0,37919430.0,0.9753599687884819,4.10105
HK.01071,华电国际电力股份,2025-08-18 00:00:00,4.12105,4.09105,4.18105,4.07105,7.754,0.01222,20985109.0,91685699.0,-1.2074232380676355,4.14105
HK.01071,华电国际电力股份,2025-08-19 00:00:00,4.08105,4.11105,4.17105,4.08105,7.789,0.00683,11733000.0,51661200.0,0.48887204996271305,4.09105
HK.01071,华电国际电力股份,2025-08-20 00:00:00,4.11105,4.15105,4.17105,4.06105,7.86,0.00637,10937000.0,47796100.0,0.9729874362997296,4.11105
HK.01071,华电国际电力股份,2025-08-21 00:00:00,4.17105,4.19105,4.26105,4.15105,7.932,0.00937,16083412.0,71732435.0,0.9636116163380358,4.15105
HK.01071,华电国际电力股份,2025-08-22 00:00:00,4.21105,4.17105,4.22105,4.12105,7.896,0.00458,7868052.0,34692209.0,-0.47720738239819555,4.19105
HK.01071,华电国际电力股份,2025-08-25 00:00:00,4.17105,4.23105,4.27105,4.17105,8.519,0.00817,14024000.0,63075452.0,1.4384867119789888,4.17105
HK.01071,华电国际电力股份,2025-08-26 00:00:00,4.24105,4.21105,4.29105,4.19105,8.481,0.0051,8765105.0,39464578.0,-0.47269590290825153,4.23105
HK.01071,华电国际电力股份,2025-08-27 00:00:00,4.21105,4.17105,4.26105,4.13105,8.406,0.00781,13408146.0,59836536.0,-0.9498818584438568,4.21105
HK.01071,华电国际电力股份,2025-08-28 00:00:00,4.18105,4.13105,4.19105,4.07105,8.33,0.00727,12476547.0,54627538.0,-0.9589911413193328,4.17105
HK.01071,华电国际电力股份,2025-08-29 00:00:00,4.10105,4.02105,4.18105,4.011049999,8.121,0.01506,25869000.0,112370580.0,-2.6627612834509464,4.13105
HK.01071,华电国际电力股份,2025-09-01 00:00:00,4.05105,4.09105,4.11105,3.98105,8.254,0.00793,13612000.0,58835014.0,1.7408388356275173,4.02105
HK.01071,华电国际电力股份,2025-09-02 00:00:00,4.09105,4.20105,4.34105,4.09105,8.462,0.01666,28616000.0,128141120.0,2.688796274794987,4.09105
HK.01071,华电国际电力股份,2025-09-03 00:00:00,4.22105,4.19105,4.23105,4.17105,8.444,0.00404,6933726.0,30898484.0,-0.23803572916296342,4.20105
HK.01071,华电国际电力股份,2025-09-04 00:00:00,4.22105,4.20105,4.22105,4.13105,8.462,0.0049,8418000.0,37474780.0,0.23860369119911898,4.19105
HK.01071,华电国际电力股份,2025-09-05 00:00:00,4.22105,4.24105,4.25105,4.16105,8.538,0.00639,10974000.0,49108440.0,0.9521429166517902,4.20105
HK.01071,华电国际电力股份,2025-09-08 00:00:00,4.28105,4.29105,4.33105,4.23105,8.633,0.00702,12058000.0,54872849.0,1.1789533252378495,4.24105
HK.01071,华电国际电力股份,2025-09-09 00:00:00,4.29105,4.28105,4.32105,4.22105,8.614,0.00908,15592632.0,70496970.0,-0.23304319455612668,4.29105
HK.01071,华电国际电力股份,2025-09-10 00:00:00,4.28105,4.29105,4.30105,4.23105,8.633,0.006,10309980.0,46654339.0,0.2335875544551144,4.28105
HK.01071,华电国际电力股份,2025-09-11 00:00:00,4.26105,4.37105,4.42105,4.23105,8.785,0.01635,28072000.0,129615610.0,1.8643455564488893,4.29105
HK.01071,华电国际电力股份,2025-09-12 00:00:00,4.37105,4.31105,4.39105,4.27105,8.671,0.00341,5849118.0,26831958.0,-1.3726678944418502,4.37105
HK.01071,华电国际电力股份,2025-09-15 00:00:00,4.32105,4.29105,4.35105,4.26105,8.633,0.00302,5192000.0,23667394.0,-0.46392410201690015,4.31105
HK.01071,华电国际电力股份,2025-09-16 00:00:00,4.27105,4.23105,4.32105,4.19105,8.519,0.0033,5666000.0,25440342.0,-1.3982591673366773,4.29105
HK.01071,华电国际电力股份,2025-09-17 00:00:00,4.20105,4.22105,4.23105,4.18105,8.5,0.00335,5757000.0,25675590.0,-0.23634795145412577,4.23105
HK.01071,华电国际电力股份,2025-09-18 00:00:00,4.25105,4.08105,4.27105,4.05105,8.235,0.01017,17466000.0,76998844.0,-3.316710297200926,4.22105
HK.01071,华电国际电力股份,2025-09-19 00:00:00,4.09105,4.06105,4.11105,4.03105,8.197,0.00706,12124000.0,52461610.0,-0.4900699574864425,4.08105
HK.01071,华电国际电力股份,2025-09-22 00:00:00,4.06105,3.99105,4.06105,3.961049999,8.064,0.01386,23796000.0,101161556.0,-1.7236921485822592,4.06105
HK.01071,华电国际电力股份,2025-09-23 00:00:00,3.99105,3.97105,4.02105,3.93105,8.026,0.00678,11636000.0,49048809.0,-0.5011212588166025,3.99105
HK.01071,华电国际电力股份,2025-09-24 00:00:00,3.961049999,3.961049999,3.99105,3.93105,8.007,0.00737,12658000.0,53370300.0,-0.2518225910023765,3.97105
HK.01071,华电国际电力股份,2025-09-25 00:00:00,3.961049999,3.91105,3.97105,3.89105,7.912,0.00913,15676159.0,65530996.0,-1.2622915391783265,3.961049999
HK.01071,华电国际电力股份,2025-09-26 00:00:00,3.921049999,3.91105,3.95105,3.881049999,7.912,0.00725,12452500.0,52008415.0,0.0,3.91105
HK.01071,华电国际电力股份,2025-09-29 00:00:00,3.95105,3.95105,3.97105,3.90105,7.988,0.00485,8326134.0,34956383.0,1.0227432530906033,3.91105
HK.01071,华电国际电力股份,2025-09-30 00:00:00,3.94105,3.93105,3.97105,3.91105,7.95,0.00634,10881033.0,45573797.0,-0.506194555877552,3.95105
HK.01071,华电国际电力股份,2025-10-02 00:00:00,4.02946,3.92946,4.02946,3.88946,7.76,0.0032,5496000.0,22494417.0,-0.0404472087610119,3.93105
HK.01071,华电国际电力股份,2025-10-03 00:00:00,3.94946,3.95946,3.98946,3.90946,7.817,0.00283,4866999.0,19939625.0,0.7634636820326407,3.92946
HK.01071,华电国际电力股份,2025-10-06 00:00:00,3.95946,3.94946,3.96946,3.92946,7.798,0.00094,1618000.0,6653000.0,-0.25255969248331306,3.95946
HK.01071,华电国际电力股份,2025-10-08 00:00:00,3.94946,3.979459999,3.98946,3.899459999,7.855,0.00126,2170033.0,8934037.0,0.759597489277008,3.94946
HK.01071,华电国际电力股份,2025-10-09 00:00:00,3.99946,4.04946,4.059459999,3.96946,7.988,0.00584,10030000.0,42017320.0,1.7590326581393017,3.979459999
HK.01071,华电国际电力股份,2025-10-10 00:00:00,4.04946,4.06946,4.109459999,4.02946,8.026,0.00626,10758464.0,45464248.0,0.493893012895558,4.04946
HK.01071,华电国际电力股份,2025-10-13 00:00:00,4.019459999,4.07946,4.07946,3.96946,8.045,0.00521,8950820.0,37511112.0,0.2457328490757935,4.06946
HK.01071,华电国际电力股份,2025-10-14 00:00:00,4.07946,4.109459999,4.15946,4.06946,8.102,0.00924,15874000.0,67932550.0,0.7353914243551883,4.07946
HK.01071,华电国际电力股份,2025-10-15 00:00:00,4.12946,4.15946,4.15946,4.07946,8.197,0.00421,7225587.0,31031302.0,1.2167048958297915,4.109459999
HK.01071,华电国际电力股份,2025-10-16 00:00:00,4.15946,4.20946,4.23946,4.12946,8.292,0.00908,15584410.0,68053937.0,1.202079116039097,4.15946
HK.01071,华电国际电力股份,2025-10-17 00:00:00,4.21946,4.19946,4.29946,4.14946,8.273,0.00757,13000530.0,56900439.0,-0.23756016211104958,4.20946
HK.01071,华电国际电力股份,2025-10-20 00:00:00,4.19946,4.17946,4.21946,4.14946,8.235,0.00391,6720200.0,29110798.0,-0.4762517085530154,4.19946
HK.01071,华电国际电力股份,2025-10-21 00:00:00,4.17946,4.23946,4.30946,4.14946,8.349,0.01279,21956000.0,96982518.0,1.4355921578385844,4.17946
HK.01071,华电国际电力股份,2025-10-22 00:00:00,4.23946,4.23946,4.26946,4.22946,8.349,0.00415,7124057.0,31338790.0,0.0,4.23946
HK.01071,华电国际电力股份,2025-10-23 00:00:00,4.21946,4.25946,4.25946,4.18946,8.387,0.00966,16583098.0,72866491.0,0.47175819561924326,4.23946
HK.01071,华电国际电力股份,2025-10-24 00:00:00,4.22946,4.17946,4.25946,4.15946,8.235,0.00859,14757300.0,64094982.0,-1.8781723504857442,4.25946
HK.01071,华电国际电力股份,2025-10-27 00:00:00,4.17946,4.25946,4.29946,4.16946,8.387,0.00614,10538420.0,46544824.0,1.9141228771180983,4.17946
HK.01071,华电国际电力股份,2025-10-28 00:00:00,4.26946,4.25946,4.27946,4.20946,8.387,0.0077,13217936.0,58089397.0,0.0,4.25946
HK.01071,华电国际电力股份,2025-10-30 00:00:00,4.31946,4.43946,4.47946,4.29946,8.728,0.02622,45023943.0,206326822.0,4.225887788592934,4.25946
HK.01071,华电国际电力股份,2025-10-31 00:00:00,4.43946,4.41946,4.46946,4.37946,8.69,0.01096,18817000.0,86257878.0,-0.4505052416284967,4.43946
HK.01071,华电国际电力股份,2025-11-03 00:00:00,4.43946,4.49946,4.50946,4.36946,8.842,0.00831,14266586.0,66040568.0,1.8101759038434577,4.41946
HK.01071,华电国际电力股份,2025-11-04 00:00:00,4.49946,4.56946,4.65946,4.46946,8.975,0.0142,24390000.0,115828540.0,1.555742244624917,4.49946
HK.01071,华电国际电力股份,2025-11-05 00:00:00,4.54946,4.62946,4.63946,4.49946,9.089,0.00567,9740869.0,46374683.0,1.3130654388045766,4.56946
HK.01071,华电国际电力股份,2025-11-06 00:00:00,4.64946,4.67946,4.72946,4.62946,9.184,0.00643,11049283.0,53633870.0,1.080039572649938,4.62946
HK.01071,华电国际电力股份,2025-11-07 00:00:00,4.69946,4.58946,4.70946,4.57946,9.013,0.00702,12053342.0,57546643.0,-1.923298842174094,4.67946
HK.01071,华电国际电力股份,2025-11-10 00:00:00,4.61946,4.48946,4.61946,4.46946,8.823,0.0097,16663760.0,78136613.0,-2.178905579305619,4.58946
HK.01071,华电国际电力股份,2025-11-11 00:00:00,4.53946,4.47946,4.53946,4.41946,8.804,0.00979,16819412.0,77842951.0,-0.22274393802372192,4.48946
HK.01071,华电国际电力股份,2025-11-12 00:00:00,4.49946,4.55946,4.56946,4.46946,8.956,0.00748,12845645.0,60042825.0,1.7859295540087237,4.47946
HK.01071,华电国际电力股份,2025-11-13 00:00:00,4.53946,4.49946,4.53946,4.44946,8.842,0.00478,8206000.0,38128410.0,-1.3159453093129365,4.55946
HK.01071,华电国际电力股份,2025-11-14 00:00:00,4.49946,4.38946,4.51946,4.38946,8.633,0.00325,5579968.0,25656113.0,-2.4447378129820097,4.49946
HK.01071,华电国际电力股份,2025-11-17 00:00:00,4.42946,4.34946,4.43946,4.31946,8.557,0.00684,11744880.0,52901710.0,-0.91127382411504,4.38946
HK.01071,华电国际电力股份,2025-11-18 00:00:00,4.32946,4.36946,4.37946,4.27946,8.595,0.00768,13182960.0,59202129.0,0.4598271969394008,4.34946
HK.01071,华电国际电力股份,2025-11-19 00:00:00,4.38946,4.36946,4.38946,4.29946,8.595,0.00479,8234000.0,37015294.0,0.0,4.36946
HK.01071,华电国际电力股份,2025-11-20 00:00:00,4.33946,4.37946,4.37946,4.32946,8.614,0.00337,5785100.0,26122125.0,0.22886123228041422,4.36946
HK.01071,华电国际电力股份,2025-11-21 00:00:00,4.37946,4.21946,4.37946,4.18946,8.311,0.00752,12909000.0,57042520.0,-3.6534184579834075,4.37946
HK.01071,华电国际电力股份,2025-11-24 00:00:00,4.25946,4.25946,4.26946,4.19946,8.387,0.00285,4896000.0,21534946.0,0.9479886051769667,4.21946
HK.01071,华电国际电力股份,2025-11-25 00:00:00,4.25946,4.25946,4.27946,4.21946,8.387,0.00459,7875025.0,34786918.0,0.0,4.25946
HK.01071,华电国际电力股份,2025-11-26 00:00:00,4.27946,4.27946,4.30946,4.25946,8.425,0.00236,4056000.0,18040132.0,0.4695430876214464,4.25946
HK.01071,华电国际电力股份,2025-11-27 00:00:00,4.27946,4.34946,4.34946,4.26946,8.557,0.00403,6927000.0,31083980.0,1.6357203946292147,4.27946
HK.01071,华电国际电力股份,2025-11-28 00:00:00,4.29946,4.28946,4.34946,4.27946,8.444,0.00348,5982000.0,26667900.0,-1.3794815908181617,4.34946
HK.01071,华电国际电力股份,2025-12-01 00:00:00,4.26946,4.29946,4.32946,4.26946,8.462,0.00201,3448000.0,15362900.0,0.23312957808208462,4.28946
HK.01071,华电国际电力股份,2025-12-02 00:00:00,4.28946,4.35946,4.35946,4.28946,8.576,0.00314,5390000.0,24284449.0,1.3955240890716625,4.29946
HK.01071,华电国际电力股份,2025-12-03 00:00:00,4.33946,4.33946,4.38946,4.31946,8.538,0.00229,3933468.0,17779011.0,-0.4587724167672248,4.35946
HK.01071,华电国际电力股份,2025-12-04 00:00:00,4.32946,4.30946,4.36946,4.26946,8.481,0.00331,5690000.0,25406600.0,-0.6913302576818371,4.33946
HK.01071,华电国际电力股份,2025-12-05 00:00:00,4.30946,4.30946,4.34946,4.29946,8.481,0.00221,3798000.0,16995572.0,0.0,4.30946
HK.01071,华电国际电力股份,2025-12-08 00:00:00,4.33946,4.21946,4.33946,4.21946,8.311,0.00281,4824000.0,21234539.0,-2.0884287126461287,4.30946
HK.01071,华电国际电力股份,2025-12-09 00:00:00,4.21946,4.14946,4.23946,4.14946,8.178,0.00373,6398000.0,27801560.0,-1.6589800590596757,4.21946
HK.01071,华电国际电力股份,2025-12-10 00:00:00,4.19946,4.15946,4.19946,4.13946,8.197,0.0025,4288865.0,18505126.0,0.24099521383504807,4.14946
HK.01071,华电国际电力股份,2025-12-11 00:00:00,4.19946,4.109459999,4.19946,4.109459999,8.102,0.00254,4362000.0,18796950.0,-1.2020791400806812,4.15946
HK.01071,华电国际电力股份,2025-12-12 00:00:00,4.14946,4.18946,4.19946,4.11946,8.254,0.00188,3230000.0,13981250.0,1.9467278187272155,4.109459999
HK.01071,华电国际电力股份,2025-12-15 00:00:00,4.18946,4.18946,4.20946,4.14946,8.254,0.00181,3114000.0,13553480.0,0.0,4.18946
HK.01071,华电国际电力股份,2025-12-16 00:00:00,4.21946,4.109459999,4.21946,4.08946,8.102,0.00288,4949000.0,21168229.0,-1.9095539997995004,4.18946
HK.01071,华电国际电力股份,2025-12-17 00:00:00,4.14946,4.11946,4.14946,4.07946,8.121,0.00243,4166000.0,17766720.0,0.24334099863323352,4.109459999
HK.01071,华电国际电力股份,2025-12-18 00:00:00,4.11946,4.07946,4.12946,4.07946,8.045,0.00543,9328000.0,39660350.0,-0.9710010535361439,4.11946
HK.01071,华电国际电力股份,2025-12-19 00:00:00,4.11946,4.04946,4.11946,4.019459999,7.988,0.00828,14217988.0,59975025.0,-0.7353914488682387,4.07946
HK.01071,华电国际电力股份,2025-12-22 00:00:00,4.059459999,4.059459999,4.06946,4.00946,8.007,0.00391,6715222.0,28217463.0,0.24694648175313727,4.04946
HK.01071,华电国际电力股份,2025-12-23 00:00:00,4.07946,4.03946,4.11946,4.02946,7.969,0.00784,13470000.0,56894274.0,-0.4926763413096112,4.059459999
HK.01071,华电国际电力股份,2025-12-24 00:00:00,4.059459999,4.00946,4.06946,4.00946,7.912,0.00216,3714130.0,15577338.0,-0.7426735256692788,4.03946
HK.01071,华电国际电力股份,2025-12-29 00:00:00,4.04946,3.91946,4.04946,3.859459999,7.741,0.01466,25170749.0,102528983.0,-2.2446913050635215,4.00946
HK.01071,华电国际电力股份,2025-12-30 00:00:00,3.939459999,3.899459999,3.95946,3.859459999,7.703,0.00952,16349741.0,66584268.0,-0.5102744000449068,3.91946
HK.01071,华电国际电力股份,2025-12-31 00:00:00,3.94946,3.90946,3.95946,3.87946,7.722,0.00368,6320000.0,25736504.0,0.25644578999566026,3.899459999
HK.01071,华电国际电力股份,2026-01-02 00:00:00,3.899459999,3.87946,3.91946,3.859459999,7.666,0.00233,4008000.0,16204996.0,-0.7673694065165073,3.90946
HK.01071,华电国际电力股份,2026-01-05 00:00:00,3.899459999,3.979459999,4.00946,3.899459999,7.855,0.00511,8772000.0,36275854.0,2.57767831089894,3.87946
HK.01071,华电国际电力股份,2026-01-06 00:00:00,3.99946,3.979459999,4.019459999,3.939459999,7.855,0.00655,11246000.0,46412850.0,0.0,3.979459999
HK.01071,华电国际电力股份,2026-01-07 00:00:00,3.979459999,3.90946,3.99946,3.87946,7.722,0.01347,23129706.0,94141286.0,-1.759032607881222,3.979459999
HK.01071,华电国际电力股份,2026-01-08 00:00:00,3.91946,4.02946,4.04946,3.899459999,7.95,0.01041,17884000.0,74070680.0,3.0694776260660066,3.90946
HK.01071,华电国际电力股份,2026-01-09 00:00:00,4.02946,3.96946,4.03946,3.96946,7.836,0.00352,6040726.0,25082303.0,-1.4890332699666966,4.02946
HK.01071,华电国际电力股份,2026-01-12 00:00:00,3.96946,3.96946,3.99946,3.939459999,7.836,0.00451,7748306.0,31919782.0,0.0,3.96946
HK.01071,华电国际电力股份,2026-01-13 00:00:00,3.99946,4.03946,4.04946,3.979459999,7.969,0.00612,10508000.0,43899400.0,1.7634640480065258,3.96946
HK.01071,华电国际电力股份,2026-01-14 00:00:00,4.059459999,3.99946,4.059459999,3.96946,7.893,0.00455,7819000.0,32532130.0,-0.9902313675590311,4.03946
HK.01071,华电国际电力股份,2026-01-15 00:00:00,3.98946,3.979459999,4.00946,3.94946,7.855,0.00282,4838000.0,19971298.0,-0.5000675341171084,3.99946
HK.01071,华电国际电力股份,2026-01-16 00:00:00,3.98946,3.94946,4.03946,3.91946,7.798,0.0084,14417120.0,59746842.0,-0.7538711033039265,3.979459999
HK.01071,华电国际电力股份,2026-01-19 00:00:00,3.92946,3.96946,4.02946,3.92946,7.836,0.0051,8760000.0,36379720.0,0.506398343064622,3.94946
HK.01071,华电国际电力股份,2026-01-20 00:00:00,3.96946,3.99946,3.99946,3.94946,7.893,0.00592,10169976.0,42045229.0,0.7557703062885078,3.96946
HK.01071,华电国际电力股份,2026-01-21 00:00:00,3.98946,3.979459999,4.00946,3.90946,7.855,0.00761,13069240.0,53599346.0,-0.5000675341171084,3.99946
HK.01071,华电国际电力股份,2026-01-22 00:00:00,3.96946,3.96946,4.00946,3.939459999,7.836,0.00536,9212000.0,38109862.0,-0.2512903510152787,3.979459999
HK.01071,华电国际电力股份,2026-01-23 00:00:00,3.96946,3.94946,3.99946,3.899459999,7.798,0.01157,19874000.0,81360256.0,-0.5038468708590089,3.96946
HK.01071,华电国际电力股份,2026-01-26 00:00:00,3.91946,3.94946,3.979459999,3.91946,7.798,0.0051,8757937.0,35995030.0,0.0,3.94946
HK.01071,华电国际电力股份,2026-01-27 00:00:00,3.94946,3.95946,3.95946,3.90946,7.817,0.00491,8424000.0,34477850.0,0.2531991715323053,3.94946
HK.01071,华电国际电力股份,2026-01-28 00:00:00,3.92946,3.99946,4.00946,3.88946,7.893,0.00773,13280000.0,54794228.0,1.0102387699332747,3.95946
HK.01071,华电国际电力股份,2026-01-29 00:00:00,3.98946,3.99946,3.99946,3.939459999,7.893,0.00397,6823568.0,28182691.0,0.0,3.99946
HK.01071,华电国际电力股份,2026-01-30 00:00:00,3.99946,3.96946,3.99946,3.91946,7.836,0.00528,9073784.0,37330732.0,-0.7501012636705906,3.99946
HK.01071,华电国际电力股份,2026-02-02 00:00:00,3.96946,3.83946,3.99946,3.78946,7.59,0.0166,28511784.0,114671320.0,-3.275004660583564,3.96946
HK.01071,华电国际电力股份,2026-02-03 00:00:00,3.859459999,3.80946,3.86946,3.79946,7.533,0.0069,11853244.0,47264527.0,-0.7813598787329419,3.83946
HK.01071,华电国际电力股份,2026-02-04 00:00:00,3.82946,3.82946,3.84946,3.79946,7.571,0.00511,8770000.0,34941000.0,0.5250087938972983,3.80946
HK.01071,华电国际电力股份,2026-02-05 00:00:00,3.83946,3.83946,3.83946,3.78946,7.59,0.0037,6359648.0,25252127.0,0.26113342351140334,3.82946
HK.01071,华电国际电力股份,2026-02-06 00:00:00,3.81946,3.86946,3.88946,3.81946,7.647,0.00353,6061784.0,24397887.0,0.7813598787329533,3.83946
HK.01071,华电国际电力股份,2026-02-09 00:00:00,3.88946,3.90946,3.92946,3.87946,7.722,0.00423,7257518.0,29561283.0,1.0337359734950105,3.86946
HK.01071,华电国际电力股份,2026-02-10 00:00:00,3.91946,3.899459999,3.92946,3.899459999,7.703,0.00239,4107118.0,16705770.0,-0.2557898277511552,3.90946
HK.01071,华电国际电力股份,2026-02-11 00:00:00,3.88946,3.979459999,3.979459999,3.88946,7.855,0.00429,7369429.0,30229538.0,2.0515661148086077,3.899459999
HK.01071,华电国际电力股份,2026-02-12 00:00:00,3.94946,4.03946,4.07946,3.94946,7.969,0.01142,19619122.0,82399304.0,1.5077422819949833,3.979459999
HK.01071,华电国际电力股份,2026-02-13 00:00:00,4.02946,4.019459999,4.02946,3.95946,7.931,0.00537,9218875.0,38271642.0,-0.49511570853529074,4.03946
HK.01071,华电国际电力股份,2026-02-16 00:00:00,4.019459999,4.03946,4.059459999,3.979459999,7.969,0.00103,1762000.0,7393974.0,0.49757930182102694,4.019459999
HK.01071,华电国际电力股份,2026-02-20 00:00:00,4.02946,4.019459999,4.02946,3.98946,7.931,0.00087,1486397.0,6202449.0,-0.49511570853529074,4.03946
HK.01071,华电国际电力股份,2026-02-23 00:00:00,4.03946,4.11946,4.12946,4.019459999,8.121,0.00316,5430000.0,23096500.0,2.487896409589315,4.019459999
HK.01071,华电国际电力股份,2026-02-24 00:00:00,4.09946,4.06946,4.09946,4.03946,8.026,0.0056,9624893.0,40632076.0,-1.2137513169201746,4.11946
HK.01071,华电国际电力股份,2026-02-25 00:00:00,4.08946,4.059459999,4.12946,4.059459999,8.007,0.0047,8074000.0,34336300.0,-0.24573287364908045,4.06946
HK.01071,华电国际电力股份,2026-02-26 00:00:00,4.06946,4.09946,4.12946,4.06946,8.083,0.005,8592000.0,36660816.0,0.9853527565206395,4.059459999
HK.01071,华电国际电力股份,2026-02-27 00:00:00,4.07946,4.30946,4.30946,4.09946,8.481,0.01542,26483352.0,116766797.0,5.122625906826753,4.09946
HK.01071,华电国际电力股份,2026-03-02 00:00:00,4.29946,4.43946,4.44946,4.19946,8.728,0.01895,32540369.0,147551478.0,3.016619251599987,4.30946
HK.01071,华电国际电力股份,2026-03-03 00:00:00,4.44946,4.33946,4.44946,4.30946,8.538,0.00805,13820000.0,62500730.0,-2.2525262081424433,4.43946
HK.01071,华电国际电力股份,2026-03-04 00:00:00,4.33946,4.31946,4.37946,4.25946,8.5,0.00887,15231500.0,68118874.0,-0.4608868384545444,4.33946
HK.01071,华电国际电力股份,2026-03-05 00:00:00,4.35946,4.42946,4.48946,4.34946,8.709,0.01115,19151627.0,88092843.0,2.5466146231241735,4.31946
HK.01071,华电国际电力股份,2026-03-06 00:00:00,4.40946,4.38946,4.49946,4.33946,8.633,0.02495,42838000.0,196205006.0,-0.9030446149192008,4.42946
HK.01071,华电国际电力股份,2026-03-09 00:00:00,4.38946,4.31946,4.41946,4.30946,8.5,0.01032,17722000.0,80179240.0,-1.5947291922013047,4.38946
HK.01071,华电国际电力股份,2026-03-10 00:00:00,4.37946,4.27946,4.37946,4.24946,8.425,0.00535,9194000.0,40966714.0,-0.9260416811360688,4.31946
HK.01071,华电国际电力股份,2026-03-11 00:00:00,4.27946,4.46946,4.48946,4.25946,8.785,0.00937,16095317.0,73446881.0,4.439812499707895,4.27946
HK.01071,华电国际电力股份,2026-03-12 00:00:00,4.43946,4.54946,4.55946,4.43946,8.937,0.00803,13790000.0,64257876.0,1.7899254048587543,4.46946
HK.01071,华电国际电力股份,2026-03-13 00:00:00,4.54946,4.48946,4.61946,4.42946,8.823,0.0094,16150000.0,75160200.0,-1.3188378400952996,4.54946
HK.01071,华电国际电力股份,2026-03-16 00:00:00,4.45946,4.40946,4.51946,4.34946,8.671,0.00596,10240480.0,46740228.0,-1.7819515041898148,4.48946
HK.01071,华电国际电力股份,2026-03-17 00:00:00,4.38946,4.35946,4.45946,4.35946,8.576,0.00204,3508000.0,15973120.0,-1.1339256961169808,4.40946
HK.01071,华电国际电力股份,2026-03-18 00:00:00,4.35946,4.42946,4.45946,4.34946,8.709,0.00438,7528000.0,34465906.0,1.605703458685236,4.35946
HK.01071,华电国际电力股份,2026-03-19 00:00:00,4.45946,4.38946,4.46946,4.36946,8.633,0.00326,5596000.0,25569100.0,-0.9030446149192008,4.42946
HK.01071,华电国际电力股份,2026-03-20 00:00:00,4.41946,4.37946,4.48946,4.31946,8.614,0.01745,29970000.0,135909130.0,-0.22781845602875497,4.38946
HK.01071,华电国际电力股份,2026-03-23 00:00:00,4.27946,4.23946,4.28946,4.15946,8.349,0.01186,20362000.0,89298900.0,-3.1967411507354715,4.37946
HK.01071,华电国际电力股份,2026-03-24 00:00:00,4.28946,4.36946,4.36946,4.15946,8.595,0.0052,8926000.0,39987790.0,3.0664282715251443,4.23946
HK.01071,华电国际电力股份,2026-03-25 00:00:00,4.38946,4.61946,4.67946,4.31946,9.07,0.01574,27022000.0,127961198.0,5.721530807010477,4.36946
HK.01071,华电国际电力股份,2026-03-26 00:00:00,4.61946,4.58946,4.63946,4.52946,9.013,0.00883,15168000.0,72040780.0,-0.6494265563507476,4.61946
HK.01071,华电国际电力股份,2026-03-27 00:00:00,4.39946,4.27946,4.39946,4.23946,7.668,0.0203,34854000.0,155107594.0,-6.754607295847434,4.58946
HK.01071,华电国际电力股份,2026-03-30 00:00:00,4.23946,4.02946,4.30946,3.96946,7.236,0.01499,25744200.0,107716718.0,-5.8418585522472455,4.27946
HK.01071,华电国际电力股份,2026-03-31 00:00:00,4.07946,3.86946,4.07946,3.859459999,6.96,0.01564,26849406.0,109134408.0,-3.9707553865778573,4.02946
HK.01071,华电国际电力股份,2026-04-01 00:00:00,3.92946,3.86946,3.96946,3.859459999,6.96,0.00979,16820056.0,68527603.0,0.0,3.86946
HK.01071,华电国际电力股份,2026-04-02 00:00:00,3.899459999,3.87946,3.90946,3.83946,6.977,0.00553,9494200.0,38155862.0,0.2584339933737469,3.86946
HK.01071,华电国际电力股份,2026-04-08 00:00:00,3.88946,3.899459999,3.91946,3.83946,7.012,0.01144,19649000.0,79418106.0,0.5155356415583595,3.87946
HK.01071,华电国际电力股份,2026-04-09 00:00:00,3.899459999,3.84946,3.90946,3.82946,6.925,0.01133,19449568.0,78121163.0,-1.2822287961107954,3.899459999
HK.01071,华电国际电力股份,2026-04-10 00:00:00,3.859459999,3.83946,3.88946,3.83946,6.908,0.00434,7449443.0,29926089.0,-0.2597766959521655,3.84946
HK.01071,华电国际电力股份,2026-04-13 00:00:00,3.83946,3.87946,3.88946,3.78946,6.977,0.00839,14410000.0,57589320.0,1.04181317164393,3.83946
HK.01071,华电国际电力股份,2026-04-14 00:00:00,3.87946,3.81946,3.88946,3.80946,6.873,0.00893,15334000.0,61219910.0,-1.546607002005435,3.87946
HK.01071,华电国际电力股份,2026-04-15 00:00:00,3.84946,3.859459999,3.86946,3.79946,6.943,0.00828,14223850.0,56932412.0,1.0472684358521873,3.81946
HK.01071,华电国际电力股份,2026-04-16 00:00:00,3.87946,3.86946,3.899459999,3.82946,6.96,0.00707,12134089.0,48823858.0,0.2591036311450657,3.859459999
HK.01071,华电国际电力股份,2026-04-17 00:00:00,3.87946,3.859459999,3.899459999,3.81946,6.943,0.00831,14264905.0,57155188.0,-0.25843401921715986,3.86946
HK.01071,华电国际电力股份,2026-04-20 00:00:00,3.86946,3.94946,3.95946,3.84946,7.098,0.00674,11576000.0,47185602.0,2.3319324730226434,3.859459999
HK.01071,华电国际电力股份,2026-04-21 00:00:00,3.91946,4.03946,4.07946,3.90946,7.253,0.01065,18282715.0,76621830.0,2.278792543790793,3.94946
HK.01071,华电国际电力股份,2026-04-22 00:00:00,4.019459999,4.09946,4.15946,4.019459999,7.357,0.012,20600839.0,87930826.0,1.4853470513385356,4.03946
HK.01071,华电国际电力股份,2026-04-23 00:00:00,4.09946,4.18946,4.21946,4.06946,7.512,0.00839,14402000.0,62272290.0,2.1954111029257697,4.09946
HK.01071,华电国际电力股份,2026-04-24 00:00:00,4.18946,4.16946,4.18946,4.11946,7.478,0.00367,6304526.0,27188328.0,-0.477388493982529,4.18946
HK.01071,华电国际电力股份,2026-04-27 00:00:00,4.13946,4.13946,4.15946,4.11946,7.426,0.00234,4010000.0,17250820.0,-0.7195176353772491,4.16946
HK.01071,华电国际电力股份,2026-04-28 00:00:00,4.14946,4.17946,4.20946,4.06946,7.495,0.00618,10618000.0,45876298.0,0.9663096152638276,4.13946
HK.01071,华电国际电力股份,2026-04-29 00:00:00,4.109459999,4.11946,4.17946,4.08946,7.392,0.00511,8772000.0,37644800.0,-1.435592157838563,4.17946
HK.01071,华电国际电力股份,2026-04-30 00:00:00,4.08946,4.08946,4.15946,4.059459999,7.34,0.00456,7837000.0,33333480.0,-0.7282507901521134,4.11946
HK.01071,华电国际电力股份,2026-05-04 00:00:00,4.08946,4.13946,4.13946,4.08946,7.426,0.00154,2636216.0,11302414.0,1.222655313904521,4.08946
HK.01071,华电国际电力股份,2026-05-05 00:00:00,4.14946,4.07946,4.14946,4.059459999,7.322,0.00178,3064000.0,12972440.0,-1.4494644228957307,4.13946
HK.01071,华电国际电力股份,2026-05-06 00:00:00,4.06946,4.11946,4.12946,4.04946,7.392,0.00627,10764662.0,45779693.0,0.9805219318243109,4.07946
HK.01071,华电国际电力股份,2026-05-07 00:00:00,4.12946,4.24946,4.26946,4.11946,7.616,0.0089,15278216.0,66879412.0,3.1557534239924627,4.11946
HK.01071,华电国际电力股份,2026-05-08 00:00:00,4.23946,4.23946,4.38946,4.16946,7.599,0.0098,16834000.0,74536508.0,-0.23532401763988334,4.24946
HK.01071,华电国际电力股份,2026-05-11 00:00:00,4.28946,4.36946,4.38946,4.24946,7.823,0.00793,13623041.0,61437117.0,3.0664282715251443,4.23946
HK.01071,华电国际电力股份,2026-05-12 00:00:00,4.37946,4.43946,4.47946,4.34946,7.944,0.00664,11396314.0,52312169.0,1.60202862596294,4.36946
HK.01071,华电国际电力股份,2026-05-13 00:00:00,4.41946,4.53946,4.53946,4.41946,8.117,0.0093,15977280.0,74624914.0,2.2525262081424238,4.43946
HK.01071,华电国际电力股份,2026-05-14 00:00:00,4.48946,4.37946,4.57946,4.34946,7.841,0.00709,12179794.0,56145547.0,-3.5246483061862017,4.53946
HK.01071,华电国际电力股份,2026-05-15 00:00:00,4.37946,4.34946,4.39946,4.29946,7.789,0.00504,8657965.0,38945904.0,-0.6850159608718941,4.37946
HK.01071,华电国际电力股份,2026-05-18 00:00:00,4.31946,4.33946,4.38946,4.30946,7.772,0.00449,7710000.0,34698700.0,-0.2299135984696902,4.34946
HK.01071,华电国际电力股份,2026-05-19 00:00:00,4.31946,4.42946,4.45946,4.31946,7.927,0.00704,12096155.0,55275759.0,2.073990773045491,4.33946
HK.01071,华电国际电力股份,2026-05-20 00:00:00,4.43946,4.22946,4.43946,4.16946,7.582,0.0064,10998052.0,48520159.0,-4.515223074595984,4.42946
HK.01071,华电国际电力股份,2026-05-21 00:00:00,4.22946,4.16946,4.27946,4.14946,7.478,0.00407,6994726.0,30556447.0,-1.418620816841878,4.22946
HK.01071,华电国际电力股份,2026-05-22 00:00:00,4.20946,4.15946,4.22946,4.14946,7.461,0.00627,10769674.0,46695398.0,-0.23983921179240925,4.16946
HK.01071,华电国际电力股份,2026-05-26 00:00:00,4.15946,4.22946,4.27946,4.14946,7.582,0.00644,11059326.0,48383217.0,1.6829107624547486,4.15946
HK.01071,华电国际电力股份,2026-05-27 00:00:00,4.26946,4.32946,4.41946,4.19946,7.754,0.00832,14285216.0,64375338.0,2.3643680280697685,4.22946
HK.01071,华电国际电力股份,2026-05-28 00:00:00,4.38946,4.32946,4.43946,4.29946,7.754,0.00634,10883662.0,49110207.0,0.0,4.32946
HK.01071,华电国际电力股份,2026-05-29 00:00:00,4.39946,4.51946,4.62946,4.29946,8.082,0.01202,20640000.0,96544740.0,4.388538062483532,4.32946
HK.01071,华电国际电力股份,2026-06-01 00:00:00,4.64,4.75,4.87,4.49,8.203,0.01447,24856000.0,118377192.0,5.101051895580455,4.51946
HK.01071,华电国际电力股份,2026-06-02 00:00:00,4.76,4.8,4.85,4.68,8.29,0.01127,19352000.0,92331354.0,1.0526315789473648,4.75
HK.01071,华电国际电力股份,2026-06-03 00:00:00,4.84,4.87,4.89,4.69,8.411,0.01355,23266000.0,111330630.0,1.4583333333333393,4.8
HK.01071,华电国际电力股份,2026-06-04 00:00:00,4.87,4.82,4.88,4.76,8.324,0.01321,22688000.0,109242362.0,-1.0266940451745343,4.87
HK.01071,华电国际电力股份,2026-06-05 00:00:00,4.8,4.48,4.87,4.48,7.737,0.01404,24114000.0,110033210.0,-7.05394190871369,4.82
HK.01071,华电国际电力股份,2026-06-08 00:00:00,4.48,4.53,4.55,4.4,7.823,0.00632,10844860.0,48825098.0,1.1160714285714244,4.48
HK.01071,华电国际电力股份,2026-06-09 00:00:00,4.46,4.51,4.53,4.39,7.789,0.00494,8484530.0,38085700.0,-0.4415011037527695,4.53
HK.01071,华电国际电力股份,2026-06-10 00:00:00,4.51,4.48,4.55,4.41,7.737,0.0057,9790423.0,43718117.0,-0.6651884700665047,4.51
HK.01071,华电国际电力股份,2026-06-11 00:00:00,4.46,4.48,4.56,4.4,7.737,0.00533,9156000.0,41225580.0,0.0,4.48
HK.01071,华电国际电力股份,2026-06-12 00:00:00,4.47,4.51,4.56,4.46,7.789,0.00313,5377559.0,24251779.0,0.6696428571428428,4.48
HK.01071,华电国际电力股份,2026-06-15 00:00:00,4.51,4.45,4.57,4.43,7.685,0.00238,4078775.0,18265992.0,-1.330376940133029,4.51
HK.01071,华电国际电力股份,2026-06-16 00:00:00,4.43,4.35,4.5,4.3,7.512,0.00379,6516000.0,28465880.0,-2.2471910112359668,4.45
HK.01071,华电国际电力股份,2026-06-17 00:00:00,4.35,4.33,4.36,4.28,7.478,0.00285,4888000.0,21118290.0,-0.459770114942519,4.35
HK.01071,华电国际电力股份,2026-06-18 00:00:00,4.31,4.17,4.34,4.13,7.202,0.00607,10416000.0,43613640.0,-3.6951501154734445,4.33
HK.01071,华电国际电力股份,2026-06-22 00:00:00,4.13,4.12,4.16,4.08,7.115,0.00311,5342523.0,21996529.0,-1.199040767386087,4.17
HK.01071,华电国际电力股份,2026-06-23 00:00:00,4.11,4.08,4.21,4.02,7.046,0.00554,9506000.0,38909260.0,-0.9708737864077678,4.12
HK.01071,华电国际电力股份,2026-06-24 00:00:00,4.06,3.89,4.07,3.89,6.718,0.01008,17313659.0,68209513.0,-4.656862745098038,4.08
HK.01071,华电国际电力股份,2026-06-25 00:00:00,3.93,3.83,3.94,3.81,6.614,0.0062,10654000.0,41042590.0,-1.5424164524421609,3.89
HK.01071,华电国际电力股份,2026-06-26 00:00:00,3.85,3.76,3.89,3.74,6.493,0.01106,18997486.0,71863092.0,-1.8276762402088846,3.83
HK.01071,华电国际电力股份,2026-06-29 00:00:00,3.79,3.85,3.87,3.72,6.649,0.00577,9914304.0,37720692.0,2.393617021276604,3.76
HK.01071,华电国际电力股份,2026-06-30 00:00:00,3.87,3.73,3.87,3.67,6.442,0.01428,24525098.0,91015693.0,-3.1168831168831197,3.85
HK.01071,华电国际电力股份,2026-07-02 00:00:00,3.77,3.75,3.84,3.72,6.476,0.00462,7938000.0,29897410.0,0.5361930294906171,3.73
HK.01071,华电国际电力股份,2026-07-03 00:00:00,3.8,3.85,3.88,3.76,6.649,0.00462,7926000.0,30446982.0,2.6666666666666687,3.75
HK.01071,华电国际电力股份,2026-07-06 00:00:00,3.89,3.91,3.93,3.83,6.753,0.00592,10173614.0,39530471.0,1.5584415584415598,3.85
HK.01071,华电国际电力股份,2026-07-07 00:00:00,3.86,3.77,3.91,3.76,6.511,0.0039,6700000.0,25420830.0,-3.5805626598465508,3.91
HK.01071,华电国际电力股份,2026-07-08 00:00:00,3.82,3.83,3.83,3.73,6.614,0.00176,3027000.0,11517164.0,1.591511936339524,3.77
HK.01071,华电国际电力股份,2026-07-09 00:00:00,3.83,3.79,3.83,3.76,6.545,0.00166,2857118.0,10795757.0,-1.044386422976502,3.83
HK.01071,华电国际电力股份,2026-07-10 00:00:00,3.79,3.83,3.89,3.76,6.614,0.00263,4516678.0,17340987.0,1.0554089709762544,3.79
HK.01071,华电国际电力股份,2026-07-13 00:00:00,3.83,3.85,3.85,3.79,6.649,0.00203,3489134.0,13353065.0,0.522193211488251,3.83
HK.01071,华电国际电力股份,2026-07-14 00:00:00,3.82,3.9,3.9,3.81,6.735,0.00162,2787782.0,10797858.0,1.298701298701294,3.85
HK.01071,华电国际电力股份,2026-07-15 00:00:00,3.9,3.89,3.92,3.85,6.718,0.0033,5660433.0,21994844.0,-0.25641025641025095,3.9
HK.01071,华电国际电力股份,2026-07-16 00:00:00,3.91,3.89,3.91,3.87,6.718,0.00175,3000000.0,11658460.0,0.0,3.89
HK.01071,华电国际电力股份,2026-07-17 00:00:00,3.92,3.93,3.96,3.87,6.787,0.00497,8532000.0,33399570.0,1.0282776349614406,3.89
HK.01071,华电国际电力股份,2026-07-20 00:00:00,3.94,4.04,4.07,3.91,6.977,0.00538,9238000.0,36986060.0,2.7989821882951618,3.93
HK.01071,华电国际电力股份,2026-07-21 00:00:00,4.05,4.07,4.12,3.99,7.029,0.00564,9682000.0,39475780.0,0.7425742574257487,4.04
HK.01071,华电国际电力股份,2026-07-22 00:00:00,4.09,4.15,4.15,4.08,7.167,0.00344,5902756.0,24320227.0,1.9656019656019672,4.07
HK.01071,华电国际电力股份,2026-07-23 00:00:00,4.16,4.22,4.23,4.15,7.288,0.00377,6476000.0,27227160.0,1.6867469879517927,4.15
HK.01071,华电国际电力股份,2026-07-24 00:00:00,4.21,4.13,4.21,4.1,7.132,0.00355,6098000.0,25259430.0,-2.1327014218009444,4.22
HK.01071,华电国际电力股份,2026-07-27 00:00:00,4.19,4.11,4.19,4.07,7.098,0.00354,6082000.0,24968240.0,-0.48426150121064343,4.13
HK.01071,华电国际电力股份,2026-07-28 00:00:00,4.14,4.14,4.14,4.06,7.15,0.00477,8194000.0,33605956.0,0.7299270072992544,4.11
HK.01071,华电国际电力股份,2026-07-29 00:00:00,4.15,4.19,4.19,4.12,7.236,0.00418,7178105.0,29897966.0,1.2077294685990512,4.14
HK.01071,华电国际电力股份,2026-07-30 00:00:00,4.16,4.21,4.21,4.14,7.271,0.00292,5014000.0,20997800.0,0.47732696897373683,4.19
HK.01071,华电国际电力股份,2026-07-31 00:00:00,4.21,4.16,4.21,4.13,7.184,0.00169,2902000.0,12138734.0,-1.1876484560570029,4.21
HK.01071,华电国际电力股份,2026-08-03 00:00:00,4.16,4.165,4.24,4.13,7.193,0.00701,12037305.0,50189695.0,0.12019230769230511,4.16
HK.01071,华电国际电力股份,2026-08-04 00:00:00,4.18,4.145,4.195,4.105,7.158,0.00255,4376000.0,18076550.0,-0.4801920768307434,4.165
HK.01071,华电国际电力股份,2026-08-05 00:00:00,4.14,4.11,4.14,4.06,7.098,0.00323,5540000.0,22715800.0,-0.8443908323280883,4.145
HK.01071,华电国际电力股份,2026-08-06 00:00:00,4.11,4.08,4.12,4.03,7.046,0.00283,4862000.0,19747800.0,-0.7299270072992761,4.11
HK.01071,华电国际电力股份,2026-08-07 00:00:00,4.1,4.025,4.1,3.99,6.951,0.00398,6826971.0,27405851.0,-1.3480392156862675,4.08
HK.01071,华电国际电力股份,2026-08-10 00:00:00,4.01,4.055,4.08,4.01,7.003,0.00156,2675824.0,10827532.0,0.7453416149068163,4.025
HK.01071,华电国际电力股份,2026-08-11 00:00:00,4.055,4.065,4.1,4.035,7.02,0.00272,4666000.0,18961204.0,0.24660912453762454,4.055
HK.01071,华电国际电力股份,2026-08-12 00:00:00,4.065,3.995,4.065,3.98,6.899,0.00169,2905578.0,11623730.0,-1.7220172201722086,4.065
HK.01071,华电国际电力股份,2026-08-13 00:00:00,4.0,3.98,4.005,3.955,6.873,0.00162,2790000.0,11093886.0,-0.37546933667084165,3.995
HK.01071,华电国际电力股份,2026-08-14 00:00:00,3.98,3.955,3.99,3.94,6.83,0.00131,2256566.0,8922862.0,-0.6281407035175857,3.98
HK.01071,华电国际电力股份,2026-08-17 00:00:00,3.97,3.985,4.005,3.97,6.882,0.00117,2014000.0,8038100.0,0.7585335018963288,3.955
HK.01071,华电国际电力股份,2026-08-18 00:00:00,4.005,3.955,4.005,3.94,6.83,0.00137,2344118.0,9289361.0,-0.7528230865746501,3.985
HK.01071,华电国际电力股份,2026-08-19 00:00:00,3.92,3.9,3.92,3.85,6.735,0.00422,7248440.0,28178565.0,-1.390644753476616,3.955
HK.01071,华电国际电力股份,2026-08-20 00:00:00,3.9,3.895,3.945,3.87,6.727,0.00266,4569870.0,17819878.0,-0.12820512820512547,3.9
HK.01071,华电国际电力股份,2026-08-21 00:00:00,3.895,3.92,3.92,3.87,6.77,0.00217,3732000.0,14544650.0,0.6418485237483931,3.895
