code,name,time_key,open,close,high,low,pe_ratio,turnover_rate,volume,turnover,change_rate,last_close
HK.09901,新东方-S,2020-11-09 00:00:00,136.70032,135.10032,137.40032,130.50032,71.932,0.00458,7736210.0,1043431312.0,14.880911888675143,117.60032
HK.09901,新东方-S,2020-11-10 00:00:00,132.20032,132.60032,133.70032,130.90032,70.641,0.00129,2174800.0,290449890.0,-1.8504767420240011,135.10032
HK.09901,新东方-S,2020-11-11 00:00:00,132.60032,132.40032,135.30032,131.60032,70.536,0.00106,1793170.0,240497308.0,-0.1508291986022485,132.60032
HK.09901,新东方-S,2020-11-12 00:00:00,132.20032,132.80032,133.40032,131.10032,70.747,0.00083,1403200.0,187752865.0,0.3021140734403102,132.40032
HK.09901,新东方-S,2020-11-13 00:00:00,131.60032,130.60032,131.60032,128.60032,69.587,0.00025,421500.0,55366849.0,-1.6566225141626079,132.80032
HK.09901,新东方-S,2020-11-16 00:00:00,132.60032,135.60032,136.60032,131.60032,72.223,0.00082,1385700.0,188362629.0,3.8284745397254767,130.60032
HK.09901,新东方-S,2020-11-17 00:00:00,137.00032,136.10032,137.30032,135.90032,72.486,0.00052,871000.0,120062550.0,0.3687306932609008,135.60032
HK.09901,新东方-S,2020-11-18 00:00:00,136.70032,138.80032,141.00032,136.20032,73.91,0.00091,1544000.0,216377106.0,1.9838307507285717,136.10032
HK.09901,新东方-S,2020-11-19 00:00:00,137.40032,135.70032,137.40032,135.50032,72.82,0.00055,933700.0,128285587.0,-2.233424245707787,138.80032
HK.09901,新东方-S,2020-11-20 00:00:00,137.10032,137.30032,138.40032,135.60032,73.67,0.00033,561000.0,77683295.0,1.179068700795985,135.70032
HK.09901,新东方-S,2020-11-23 00:00:00,137.20032,138.60032,139.60032,137.20032,74.361,0.00031,533000.0,74672990.0,0.9468295485400263,137.30032
HK.09901,新东方-S,2020-11-24 00:00:00,138.90032,138.90032,139.60032,135.60032,74.52,0.00067,1136760.0,159077469.0,0.21644971671059846,138.60032
HK.09901,新东方-S,2020-11-25 00:00:00,135.60032,132.70032,136.60032,129.00032,71.227,0.00068,1149400.0,153240014.0,-4.463632625180409,138.90032
HK.09901,新东方-S,2020-11-26 00:00:00,130.60032,129.00032,130.90032,121.10032,69.262,0.00094,1599310.0,210247608.0,-2.78823743605141,132.70032
HK.09901,新东方-S,2020-11-27 00:00:00,129.00032,128.90032,130.50032,127.80032,69.209,0.0003,515400.0,67103560.0,-0.0775191875492978,129.00032
HK.09901,新东方-S,2020-11-30 00:00:00,128.60032,126.20032,131.20032,125.40032,67.775,0.00084,1424150.0,183566662.0,-2.09464181314677,128.90032
HK.09901,新东方-S,2020-12-01 00:00:00,126.90032,127.30032,129.80032,123.60032,68.359,0.00083,1407500.0,178827280.0,0.8716301194798828,126.20032
HK.09901,新东方-S,2020-12-02 00:00:00,125.10032,125.60032,125.60032,122.90032,67.456,0.00028,470400.0,59233435.0,-1.3354247656251004,127.30032
HK.09901,新东方-S,2020-12-03 00:00:00,121.60032,121.10032,122.50032,120.80032,65.066,0.00048,812580.0,100292454.0,-3.5827934196346,125.60032
HK.09901,新东方-S,2020-12-04 00:00:00,123.40032,126.10032,129.60032,123.10032,67.721,0.00075,1271800.0,160183265.0,4.1288082475752335,121.10032
HK.09901,新东方-S,2020-12-07 00:00:00,125.60032,123.90032,126.70032,123.70032,66.553,0.00036,620400.0,78163361.0,-1.744642678147052,126.10032
HK.09901,新东方-S,2020-12-08 00:00:00,124.20032,123.20032,125.00032,123.20032,66.181,0.00025,428100.0,53693180.0,-0.5649702922478237,123.90032
HK.09901,新东方-S,2020-12-09 00:00:00,123.50032,123.50032,124.10032,123.10032,66.34,0.00029,499400.0,62495160.0,0.24350586102373528,123.20032
HK.09901,新东方-S,2020-12-10 00:00:00,123.20032,123.50032,125.10032,123.20032,66.34,0.0002,333850.0,41798782.0,0.0,123.50032
HK.09901,新东方-S,2020-12-11 00:00:00,124.60032,125.40032,126.60032,124.60032,67.35,0.00015,251800.0,31986354.0,1.5384575521747565,123.50032
HK.09901,新东方-S,2020-12-14 00:00:00,123.40032,122.60032,123.40032,120.50032,65.862,0.00014,231200.0,28624590.0,-2.2328491665730974,125.40032
HK.09901,新东方-S,2020-12-15 00:00:00,123.20032,122.90032,123.20032,121.10032,66.022,0.00031,525300.0,64868840.0,0.24469756685789823,122.60032
HK.09901,新东方-S,2020-12-16 00:00:00,123.10032,126.10032,126.40032,123.10032,67.721,0.00029,501200.0,63729035.0,2.6037361009312288,122.90032
HK.09901,新东方-S,2020-12-17 00:00:00,126.60032,129.90032,130.20032,126.60032,69.74,0.00019,325900.0,42650470.0,3.0134737167994476,126.10032
HK.09901,新东方-S,2020-12-18 00:00:00,130.20032,127.80032,130.20032,126.90032,68.624,0.00029,492100.0,63723130.0,-1.6166241930735772,129.90032
HK.09901,新东方-S,2020-12-21 00:00:00,130.60032,132.40032,133.90032,130.60032,71.068,0.00019,318600.0,42752610.0,3.5993650094146825,127.80032
HK.09901,新东方-S,2020-12-22 00:00:00,132.10032,131.40032,132.90032,129.50032,70.536,0.00033,566900.0,75371866.0,-0.7552851836007648,132.40032
HK.09901,新东方-S,2020-12-23 00:00:00,130.80032,132.00032,133.00032,130.20032,70.855,0.00018,307500.0,41040687.0,0.45661989255429086,131.40032
HK.09901,新东方-S,2020-12-24 00:00:00,133.70032,133.90032,134.00032,132.50032,71.864,0.00029,491200.0,66314930.0,1.43939044996255,132.00032
HK.09901,新东方-S,2020-12-28 00:00:00,133.90032,131.70032,133.90032,131.20032,70.696,0.0003,515300.0,68674850.0,-1.643013250453762,133.90032
HK.09901,新东方-S,2020-12-29 00:00:00,131.20032,130.50032,132.20032,130.30032,70.058,0.0002,344400.0,45629020.0,-0.911159517304147,131.70032
HK.09901,新东方-S,2020-12-30 00:00:00,127.60032,129.60032,130.70032,127.60032,69.58,0.00038,648200.0,84710244.0,-0.6896534813094537,130.50032
HK.09901,新东方-S,2020-12-31 00:00:00,137.80032,137.80032,139.00032,137.00032,73.936,0.00052,880400.0,121770361.0,6.3271448712472225,129.60032
HK.09901,新东方-S,2021-01-04 00:00:00,141.40032,141.80032,143.10032,140.90032,76.06,0.00037,633820.0,90814571.0,2.902750878952966,137.80032
HK.09901,新东方-S,2021-01-05 00:00:00,134.80032,136.50032,136.60032,133.30032,73.245,0.00038,641850.0,87656950.0,-3.7376502394352933,141.80032
HK.09901,新东方-S,2021-01-06 00:00:00,138.40032,135.90032,139.90032,135.90032,72.927,0.00022,368300.0,50836608.0,-0.43955940909149105,136.50032
HK.09901,新东方-S,2021-01-07 00:00:00,134.40032,133.50032,134.40032,132.20032,71.652,0.0003,505000.0,68140145.0,-1.7660002566587083,135.90032
HK.09901,新东方-S,2021-01-08 00:00:00,131.60032,131.80032,133.10032,129.10032,70.749,0.00172,2919130.0,386138638.0,-1.2734051873433627,133.50032
HK.09901,新东方-S,2021-01-11 00:00:00,137.10032,140.50032,140.80032,136.90032,75.37,0.00049,834270.0,117365078.0,6.600894443958853,131.80032
HK.09901,新东方-S,2021-01-12 00:00:00,136.00032,136.70032,136.70032,135.10032,73.352,0.00069,1174200.0,161671515.0,-2.7046201745305516,140.50032
HK.09901,新东方-S,2021-01-13 00:00:00,135.60032,134.60032,135.80032,134.30032,72.236,0.00054,927400.0,126296452.0,-1.53620708422628,136.70032
HK.09901,新东方-S,2021-01-14 00:00:00,135.90032,134.40032,135.90032,134.40032,72.13,0.00025,425100.0,57884820.0,-0.1485880568486145,134.60032
HK.09901,新东方-S,2021-01-15 00:00:00,134.40032,135.30032,135.90032,133.70032,72.608,0.00015,255600.0,34875920.0,0.6696412627589025,134.40032
HK.09901,新东方-S,2021-01-18 00:00:00,132.80032,135.10032,137.10032,132.80032,72.502,0.0004,687600.0,93792095.0,-0.14781931040517024,135.30032
HK.09901,新东方-S,2021-01-19 00:00:00,134.60032,136.30032,137.10032,134.60032,73.139,0.00037,621330.0,85315633.0,0.888228836171512,135.10032
HK.09901,新东方-S,2021-01-20 00:00:00,137.80032,135.00032,137.80032,133.70032,72.449,0.00104,1769610.0,242375658.0,-0.9537761906942048,136.30032
HK.09901,新东方-S,2021-01-21 00:00:00,132.20032,130.10032,132.20032,130.00032,69.846,0.0004,674900.0,89258875.0,-3.6296210260834774,135.00032
HK.09901,新东方-S,2021-01-22 00:00:00,139.60032,137.70032,140.40032,136.20032,73.883,0.00048,809800.0,113121635.0,5.841645892953987,130.10032
HK.09901,新东方-S,2021-01-25 00:00:00,132.40032,132.50032,135.20032,130.50032,71.121,0.00064,1088300.0,146462835.0,-3.77631656919898,137.70032
HK.09901,新东方-S,2021-01-26 00:00:00,132.40032,132.70032,134.20032,130.80032,71.227,0.00054,918200.0,123266970.0,0.15094303168476655,132.50032
HK.09901,新东方-S,2021-01-27 00:00:00,132.50032,132.70032,135.00032,132.20032,71.227,0.00063,1066500.0,143636231.0,0.0,132.70032
HK.09901,新东方-S,2021-01-28 00:00:00,132.10032,130.30032,135.70032,129.50032,69.952,0.00035,600700.0,79504200.0,-1.808586445006316,132.70032
HK.09901,新东方-S,2021-01-29 00:00:00,128.80032,128.20032,129.60032,127.60032,68.837,0.00062,1051690.0,136721698.0,-1.6116614295344742,130.30032
HK.09901,新东方-S,2021-02-01 00:00:00,128.90032,130.90032,132.60032,128.90032,70.271,6e-05,103500.0,13594080.0,2.1060789863862963,128.20032
HK.09901,新东方-S,2021-02-02 00:00:00,132.60032,135.80032,137.10032,132.60032,72.874,0.00068,1153100.0,157333730.0,3.7433063570814844,130.90032
HK.09901,新东方-S,2021-02-03 00:00:00,135.60032,138.50032,139.00032,135.60032,74.308,0.0003,511430.0,71536847.0,1.9882132825607395,135.80032
HK.09901,新东方-S,2021-02-04 00:00:00,138.60032,139.80032,140.50032,138.60032,74.998,0.00057,976500.0,137644112.0,0.9386259901782259,138.50032
HK.09901,新东方-S,2021-02-05 00:00:00,140.60032,141.00032,142.20032,139.70032,75.636,0.00026,435600.0,62057554.0,0.8583671339235766,139.80032
HK.09901,新东方-S,2021-02-08 00:00:00,141.10032,142.90032,145.40032,141.10032,76.645,0.00027,455550.0,66216109.0,1.3475146723071307,141.00032
HK.09901,新东方-S,2021-02-09 00:00:00,144.40032,146.40032,146.50032,144.00032,78.504,0.00045,767260.0,113142323.0,2.4492597357374706,142.90032
HK.09901,新东方-S,2021-02-10 00:00:00,146.10032,144.70032,146.30032,142.30032,77.601,0.00016,278980.0,40660568.0,-1.1611996476510356,146.40032
HK.09901,新东方-S,2021-02-11 00:00:00,145.40032,146.10032,146.80032,145.40032,78.344,3e-05,58800.0,8684930.0,0.9675168652011312,144.70032
HK.09901,新东方-S,2021-02-16 00:00:00,150.50032,152.20032,152.80032,149.00032,81.584,0.00016,278400.0,42552845.0,4.175213305487622,146.10032
HK.09901,新东方-S,2021-02-17 00:00:00,151.60032,152.70032,155.60032,149.70032,81.85,0.0001,164000.0,25239915.0,0.32851442099464706,152.20032
HK.09901,新东方-S,2021-02-18 00:00:00,152.70032,148.60032,152.70032,148.10032,79.672,0.00039,658900.0,99703365.0,-2.6849976476801056,152.70032
HK.09901,新东方-S,2021-02-19 00:00:00,148.10032,150.10032,157.40032,148.10032,80.469,0.0003,507300.0,77222135.0,1.0094190914259136,148.60032
HK.09901,新东方-S,2021-02-22 00:00:00,149.90032,148.10032,150.00032,148.10032,79.407,0.00024,406100.0,60944430.0,-1.3324421959926533,150.10032
HK.09901,新东方-S,2021-02-23 00:00:00,143.30032,142.30032,145.70032,140.80032,76.326,0.00041,700200.0,100964900.0,-3.9162643267752637,148.10032
HK.09901,新东方-S,2021-02-24 00:00:00,143.10032,136.70032,143.10032,135.90032,73.352,0.00042,707700.0,99203785.0,-3.9353390069677947,142.30032
HK.09901,新东方-S,2021-02-25 00:00:00,140.50032,142.20032,142.50032,139.30032,76.273,0.0003,510750.0,72686548.0,4.0233995063069345,136.70032
HK.09901,新东方-S,2021-02-26 00:00:00,138.60032,135.30032,138.60032,135.20032,72.608,0.00016,266600.0,36616160.0,-4.8523097557023815,142.20032
HK.09901,新东方-S,2021-03-01 00:00:00,137.50032,138.60032,139.00032,136.20032,74.361,0.00014,242250.0,33685060.0,2.439018621685456,135.30032
HK.09901,新东方-S,2021-03-02 00:00:00,140.70032,144.10032,147.40032,140.70032,77.282,0.00054,920850.0,134530788.0,3.9682448063611973,138.60032
HK.09901,新东方-S,2021-03-03 00:00:00,140.40032,145.30032,145.30032,140.40032,77.92,0.00023,385550.0,56242780.0,0.8327531819499002,144.10032
HK.09901,新东方-S,2021-03-04 00:00:00,144.90032,141.60032,144.90032,141.10032,75.954,0.0002,333500.0,47876470.0,-2.5464500009359847,145.30032
HK.09901,新东方-S,2021-03-05 00:00:00,136.10032,135.60032,139.30032,131.90032,72.767,0.00049,832900.0,114503952.0,-4.237278559822463,141.60032
HK.09901,新东方-S,2021-03-08 00:00:00,139.60032,138.20032,142.00032,137.90032,74.148,0.00027,454500.0,63887554.0,1.9173996049566802,135.60032
HK.09901,新东方-S,2021-03-09 00:00:00,138.60032,136.60032,138.60032,134.90032,73.298,0.00037,627050.0,86590961.0,-1.1577397215867475,138.20032
HK.09901,新东方-S,2021-03-10 00:00:00,138.90032,142.20032,148.60032,138.70032,0.0,0.00034,579640.0,82098917.0,4.099551157713242,136.60032
HK.09901,新东方-S,2021-03-11 00:00:00,127.60032,140.40032,149.60032,121.20032,0.0,0.00631,10824650.0,1515550878.0,-1.2658199362701936,142.20032
HK.09901,新东方-S,2021-03-12 00:00:00,135.40032,132.90032,138.60032,127.10032,0.0,0.00173,2968330.0,402107735.0,-5.341868166682241,140.40032
HK.09901,新东方-S,2021-03-15 00:00:00,136.60032,135.60032,136.60032,132.60032,0.0,0.00052,883300.0,120160462.0,2.0315978170707316,132.90032
HK.09901,新东方-S,2021-03-16 00:00:00,133.70032,132.10032,133.70032,129.60032,0.0,0.00035,594800.0,78965001.0,-2.581114852826306,135.60032
HK.09901,新东方-S,2021-03-17 00:00:00,132.10032,132.10032,132.90032,129.90032,0.0,0.00013,224872.0,29815092.0,0.0,132.10032
HK.09901,新东方-S,2021-03-18 00:00:00,130.800319999,130.20032,131.50032,129.300319999,0.0,0.00036,619600.0,81769390.0,-1.4383008307625642,132.10032
HK.09901,新东方-S,2021-03-19 00:00:00,126.60032,123.10032,126.60032,121.80032,0.0,0.00099,1697630.0,213312559.0,-5.453135599052297,130.20032
HK.09901,新东方-S,2021-03-22 00:00:00,123.80032,126.800319999,128.00032,123.80032,0.0,0.00016,280200.0,35374040.0,3.005678619681898,123.10032
HK.09901,新东方-S,2021-03-23 00:00:00,127.90032,123.40032,127.90032,120.80032,0.0,0.0002,348200.0,43446915.0,-2.6813812449580694,126.800319999
HK.09901,新东方-S,2021-03-24 00:00:00,122.60032,122.40032,124.10032,121.90032,66.238,3e-05,45100.0,5602030.0,-0.810370670027436,123.40032
HK.09901,新东方-S,2021-03-25 00:00:00,118.70032,124.30032,127.60032,115.20032,67.255,0.00049,844500.0,105538318.0,1.5522835234417736,122.40032
HK.09901,新东方-S,2021-03-26 00:00:00,123.50032,124.60032,127.50032,121.10032,67.415,0.00039,675500.0,85132825.0,0.241350947447277,124.30032
HK.09901,新东方-S,2021-03-29 00:00:00,119.00032,107.30032,119.00032,106.90032,58.159,0.00168,2882290.0,323136938.0,-13.884394518408941,124.60032
HK.09901,新东方-S,2021-03-30 00:00:00,105.10032,103.90032,105.10032,103.10032,56.34,0.0006,1022400.0,107759395.0,-3.1686764773860934,107.30032
HK.09901,新东方-S,2021-03-31 00:00:00,108.60032,104.90032,110.40032,100.40032,56.875,0.00133,2272700.0,243543279.0,0.9624609433349196,103.90032
HK.09901,新东方-S,2021-04-01 00:00:00,108.60032,110.40032,110.40032,104.70032,59.818,0.00073,1259912.0,138591271.0,5.243072661742119,104.90032
HK.09901,新东方-S,2021-04-07 00:00:00,113.60032,112.10032,115.50032,111.90032,60.727,0.00068,1160116.0,131748250.0,1.5398506091286719,110.40032
HK.09901,新东方-S,2021-04-08 00:00:00,112.10032,111.60032,113.20032,110.60032,60.46,0.00056,963200.0,108646950.0,-0.4460290568305247,112.10032
HK.09901,新东方-S,2021-04-09 00:00:00,111.60032,109.80032,113.60032,109.00032,59.497,0.00078,1340100.0,149624208.0,-1.6128986010075932,111.60032
HK.09901,新东方-S,2021-04-12 00:00:00,113.30032,112.20032,116.60032,110.10032,60.781,0.00049,846200.0,96084790.0,2.1857859794944186,109.80032
HK.09901,新东方-S,2021-04-13 00:00:00,112.20032,112.40032,113.70032,111.60032,60.888,0.00019,331600.0,37733290.0,0.17825261104423645,112.20032
HK.09901,新东方-S,2021-04-14 00:00:00,112.40032,113.80032,113.80032,111.00032,61.637,0.00018,312787.0,35473016.0,1.2455480553792069,112.40032
HK.09901,新东方-S,2021-04-15 00:00:00,112.60032,111.00032,112.60032,110.50032,60.139,0.00056,962100.0,108246290.0,-2.4604500233391233,113.80032
HK.09901,新东方-S,2021-04-16 00:00:00,112.60032,113.00032,114.70032,111.80032,61.209,0.00022,369300.0,41965898.0,1.8017966074332037,111.00032
HK.09901,新东方-S,2021-04-19 00:00:00,113.00032,115.80032,116.60032,113.00032,62.707,0.00024,405600.0,47238060.0,2.4778690892202757,113.00032
HK.09901,新东方-S,2021-04-20 00:00:00,115.80032,116.50032,117.90032,114.70032,63.081,0.00022,375500.0,44210560.0,0.6044888304281049,115.80032
HK.09901,新东方-S,2021-04-21 00:00:00,121.60032,121.90032,123.40032,119.00032,65.971,0.00102,1753800.0,214453800.0,4.635180401221208,116.50032
HK.09901,新东方-S,2021-04-22 00:00:00,124.10032,126.50032,127.800319999,124.10032,68.432,0.00099,1692600.0,216174890.0,3.773574999639057,121.90032
HK.09901,新东方-S,2021-04-23 00:00:00,127.00032,126.90032,127.60032,124.10032,68.646,0.00038,644700.0,82367181.0,0.31620473371133884,126.50032
HK.09901,新东方-S,2021-04-26 00:00:00,126.40032,122.50032,126.40032,121.60032,66.292,0.00056,962513.0,121012590.0,-3.46728834095926,126.90032
HK.09901,新东方-S,2021-04-27 00:00:00,123.60032,124.80032,125.20032,122.80032,67.522,0.00029,495400.0,62388575.0,1.8775461157978992,122.50032
HK.09901,新东方-S,2021-04-28 00:00:00,123.60032,122.40032,123.90032,121.50032,66.238,0.00053,914500.0,113731345.0,-1.9230719921231016,124.80032
HK.09901,新东方-S,2021-04-29 00:00:00,125.60032,124.60032,126.10032,123.20032,67.415,0.00026,445200.0,56063385.0,1.797380921879945,122.40032
HK.09901,新东方-S,2021-04-30 00:00:00,121.00032,119.20032,121.00032,118.90032,64.526,0.00011,195400.0,23603800.0,-4.333857248520704,124.60032
HK.09901,新东方-S,2021-05-03 00:00:00,119.20032,115.60032,119.20032,114.30032,62.6,0.00026,440394.0,51407569.0,-3.0201261204667977,119.20032
HK.09901,新东方-S,2021-05-04 00:00:00,119.80032,116.30032,119.80032,115.10032,62.974,8e-05,141700.0,16693410.0,0.6055346559594323,115.60032
HK.09901,新东方-S,2021-05-05 00:00:00,116.60032,114.60032,119.80032,113.80032,62.065,0.0003,516700.0,60050064.0,-1.4617328653953856,116.30032
HK.09901,新东方-S,2021-05-06 00:00:00,113.00032,110.20032,113.10032,109.50032,59.711,0.00073,1258570.0,140897003.0,-3.8394308148528657,114.60032
HK.09901,新东方-S,2021-05-07 00:00:00,113.30032,113.60032,114.90032,112.20032,61.53,0.00018,308700.0,35509682.0,3.0852904964341223,110.20032
HK.09901,新东方-S,2021-05-10 00:00:00,113.70032,112.50032,118.20032,112.00032,60.941,0.00023,397417.0,45387224.0,-0.968307131529202,113.60032
HK.09901,新东方-S,2021-05-11 00:00:00,108.70032,109.10032,110.50032,108.60032,59.122,0.00018,313520.0,35068278.0,-3.0222136257034697,112.50032
HK.09901,新东方-S,2021-05-12 00:00:00,109.10032,109.60032,109.90032,107.90032,59.39,0.00057,981600.0,108445472.0,0.4582937978550384,109.10032
HK.09901,新东方-S,2021-05-13 00:00:00,104.50032,99.10032,106.60032,98.60032,53.772,0.00113,1940798.0,198398711.0,-9.5802639992292,109.60032
HK.09901,新东方-S,2021-05-14 00:00:00,89.10032,88.30032,89.10032,83.15032,47.993,0.00223,3817200.0,332783345.0,-10.898047554235948,99.10032
HK.09901,新东方-S,2021-05-17 00:00:00,90.60032,91.50032,93.35032,90.15032,49.705,0.00208,3558000.0,328300238.0,3.6239959266285817,88.30032
HK.09901,新东方-S,2021-05-18 00:00:00,93.60032,93.70032,95.75032,93.35032,50.882,0.00067,1147600.0,109291002.0,2.404363175997639,91.50032
HK.09901,新东方-S,2021-05-20 00:00:00,89.35032,88.60032,93.60032,87.90032,48.154,0.00072,1239100.0,112293377.0,-5.442884293244685,93.70032
HK.09901,新东方-S,2021-05-21 00:00:00,89.15032,88.80032,90.85032,88.40032,48.261,0.00077,1327887.0,119908311.0,0.2257328190236817,88.60032
HK.09901,新东方-S,2021-05-24 00:00:00,86.25032,82.20032,86.80032,81.40032,44.729,0.00144,2476300.0,207649376.0,-7.432405648988646,88.80032
HK.09901,新东方-S,2021-05-25 00:00:00,70.60032,82.10032,88.10032,69.40032,44.676,0.00552,9463700.0,754528169.0,-0.12165402762423373,82.20032
HK.09901,新东方-S,2021-05-26 00:00:00,83.10032,80.90032,85.10032,79.65032,44.034,0.00194,3333221.0,275079990.0,-1.461626458946814,82.10032
HK.09901,新东方-S,2021-05-27 00:00:00,81.60032,76.05032,81.60032,75.20032,41.439,0.00146,2503555.0,195319477.0,-5.995031910875006,80.90032
HK.09901,新东方-S,2021-05-28 00:00:00,76.05032,76.25032,77.55032,76.05032,41.546,0.001,1711400.0,133155985.0,0.26298377179741367,76.05032
HK.09901,新东方-S,2021-05-31 00:00:00,78.20032,81.00032,81.00032,75.35032,44.087,0.00072,1237300.0,98580168.0,6.2294820533212185,76.25032
HK.09901,新东方-S,2021-06-01 00:00:00,81.00032,83.10032,83.50032,78.65032,45.211,0.00104,1775700.0,148699186.0,2.5925823502919427,81.00032
HK.09901,新东方-S,2021-06-02 00:00:00,83.10032,87.05032,88.30032,83.10032,47.324,0.00204,3499900.0,309733931.0,4.753290962056467,83.10032
HK.09901,新东方-S,2021-06-03 00:00:00,82.55032,79.10032,82.55032,78.80032,43.071,0.00245,4192600.0,342632264.0,-9.132648794398461,87.05032
HK.09901,新东方-S,2021-06-04 00:00:00,71.55032,67.15032,72.50032,65.60032,36.677,0.00556,9537500.0,665638582.0,-15.107397795609428,79.10032
HK.09901,新东方-S,2021-06-07 00:00:00,68.60032,66.700319999,68.80032,65.90032,36.436,0.00298,5116900.0,351393366.0,-0.6701382822896337,67.15032
HK.09901,新东方-S,2021-06-08 00:00:00,66.700319999,64.60032,67.60032,63.30032,35.313,0.00272,4671100.0,306818110.0,-3.1484106808355476,66.700319999
HK.09901,新东方-S,2021-06-09 00:00:00,64.60032,62.30032,64.60032,61.50032,34.082,0.00346,5925376.0,377257242.0,-3.560353880599968,64.60032
HK.09901,新东方-S,2021-06-10 00:00:00,68.00032,74.65032,76.05032,67.40032,40.69,0.00391,6703476.0,494071269.0,19.823333170680336,62.30032
HK.09901,新东方-S,2021-06-11 00:00:00,76.80032,75.55032,78.40032,72.25032,41.171,0.00196,3354961.0,255156866.0,1.2056210877595779,74.65032
HK.09901,新东方-S,2021-06-15 00:00:00,75.55032,74.40032,76.50032,72.75032,40.556,0.00103,1761916.0,132564858.0,-1.5221643005615406,75.55032
HK.09901,新东方-S,2021-06-16 00:00:00,73.60032,73.10032,75.55032,71.25032,39.86,0.0012,2059076.0,154491291.0,-1.7473043126696193,74.40032
HK.09901,新东方-S,2021-06-17 00:00:00,65.40032,63.700319999,66.30032,62.60032,34.831,0.00318,5459038.0,361507232.0,-12.859040837304125,73.10032
HK.09901,新东方-S,2021-06-18 00:00:00,58.30032,59.80032,60.05032,57.40032,32.744,0.01095,18766682.0,1138302596.0,-6.122418221857012,63.700319999
HK.09901,新东方-S,2021-06-21 00:00:00,58.60032,58.20032,59.40032,57.65032,31.888,0.00126,2156025.0,128856699.0,-2.675570966844327,59.80032
HK.09901,新东方-S,2021-06-22 00:00:00,61.65032,62.60032,65.55032,59.75032,34.242,0.0027,4625485.0,292799791.0,7.5600958895071475,58.20032
HK.09901,新东方-S,2021-06-23 00:00:00,60.15032,57.60032,60.15032,57.50032,31.567,0.00198,3387539.0,203713262.0,-7.987179618251153,62.60032
HK.09901,新东方-S,2021-06-24 00:00:00,60.60032,60.00032,62.20032,59.55032,32.851,0.00218,3745407.0,230754514.0,4.166643518647116,57.60032
HK.09901,新东方-S,2021-06-25 00:00:00,64.60032,64.65032,64.65032,61.65032,35.339,0.00175,3002898.0,195144579.0,7.749958666887095,60.00032
HK.09901,新东方-S,2021-06-28 00:00:00,64.60032,60.80032,64.65032,59.75032,33.279,0.00104,1788212.0,111406184.0,-5.955113601912558,64.65032
HK.09901,新东方-S,2021-06-29 00:00:00,61.60032,60.75032,61.70032,59.90032,33.253,0.00122,2091885.0,129388778.0,-0.08223640928205174,60.80032
HK.09901,新东方-S,2021-06-30 00:00:00,61.90032,62.60032,62.65032,61.65032,34.242,0.00101,1726842.0,109718522.0,3.045251448881259,60.75032
HK.09901,新东方-S,2021-07-02 00:00:00,59.80032,57.60032,60.20032,57.35032,31.567,0.00188,3222408.0,191166400.0,-7.987179618251153,62.60032
HK.09901,新东方-S,2021-07-05 00:00:00,57.60032,55.60032,57.95032,55.50032,30.497,0.00109,1870626.0,107801325.0,-3.472202932205932,57.60032
HK.09901,新东方-S,2021-07-06 00:00:00,56.50032,57.30032,57.30032,54.60032,31.407,0.0015,2571888.0,147801723.0,3.0575363595029588,55.60032
HK.09901,新东方-S,2021-07-07 00:00:00,58.40032,57.35032,58.50032,55.70032,31.433,0.00077,1324347.0,77239290.0,0.08725954759066662,57.30032
HK.09901,新东方-S,2021-07-08 00:00:00,52.10032,50.40032,52.90032,50.20032,27.715,0.00433,7429196.0,395229855.0,-12.118502564589008,57.35032
HK.09901,新东方-S,2021-07-09 00:00:00,47.85032,47.25032,48.50032,45.80032,26.029,0.00394,6750560.0,328546754.0,-6.249960317712266,50.40032
HK.09901,新东方-S,2021-07-12 00:00:00,49.00032,48.75032,49.60032,47.85032,26.832,0.00184,3148076.0,156852632.0,3.174581674790774,47.25032
HK.09901,新东方-S,2021-07-13 00:00:00,48.45032,50.35032,50.70032,48.15032,27.688,0.00087,1489625.0,76482073.0,3.282029738471463,48.75032
HK.09901,新东方-S,2021-07-14 00:00:00,52.10032,52.85032,53.90032,51.60032,29.026,0.00113,1936915.0,104416656.0,4.96521174046163,50.35032
HK.09901,新东方-S,2021-07-15 00:00:00,52.90032,52.70032,53.00032,50.85032,28.945,0.00055,936863.0,50286757.0,-0.28382041963039334,52.85032
HK.09901,新东方-S,2021-07-16 00:00:00,52.50032,52.15032,52.60032,51.15032,28.651,0.00043,743213.0,39742414.0,-1.0436369266827927,52.70032
HK.09901,新东方-S,2021-07-19 00:00:00,49.65032,46.75032,50.40032,45.80032,25.762,0.00173,2966691.0,142425423.0,-10.354682387375568,52.15032
HK.09901,新东方-S,2021-07-20 00:00:00,44.60032,44.45032,44.90032,43.65032,24.531,0.00144,2469618.0,112774371.0,-4.919752420946004,46.75032
HK.09901,新东方-S,2021-07-21 00:00:00,46.60032,46.50032,47.30032,45.75032,25.628,0.00131,2239793.0,107912562.0,4.6118903081012785,44.45032
HK.09901,新东方-S,2021-07-22 00:00:00,49.60032,49.45032,52.30032,49.10032,27.207,0.00255,4379635.0,225487190.0,6.344042363579424,46.50032
HK.09901,新东方-S,2021-07-23 00:00:00,49.60032,28.80032,49.60032,23.80032,16.158,0.04804,82354112.0,2590377956.0,-41.75908265103239,49.45032
HK.09901,新东方-S,2021-07-26 00:00:00,24.30032,14.60032,24.30032,14.60032,8.56,0.0484,82959710.0,1561245581.0,-49.305007722136416,28.80032
HK.09901,新东方-S,2021-07-27 00:00:00,14.50032,13.22032,15.160319999,12.80032,7.822,0.01371,23506526.0,363265293.0,-9.451847630736866,14.60032
HK.09901,新东方-S,2021-07-28 00:00:00,15.08032,14.64032,15.46032,13.94032,8.582,0.01519,26041108.0,417278308.0,10.741041064058964,13.22032
HK.09901,新东方-S,2021-07-29 00:00:00,16.20032,16.80032,16.80032,15.70032,9.737,0.01034,17731914.0,314008886.0,14.753775873751396,14.64032
HK.09901,新东方-S,2021-07-30 00:00:00,15.38032,15.40032,15.680319999,14.90032,8.988,0.00359,6155300.0,102384895.0,-8.33317460619797,16.80032
HK.09901,新东方-S,2021-08-02 00:00:00,14.980319999,15.94032,16.32032,14.40032,9.277,0.00395,6771200.0,115064746.0,3.5064206458047567,15.40032
HK.09901,新东方-S,2021-08-03 00:00:00,15.500319999,15.08032,15.680319999,14.40032,8.817,0.00341,5839510.0,96810520.0,-5.3951238118180775,15.94032
HK.09901,新东方-S,2021-08-04 00:00:00,15.26032,16.22032,16.78032,15.26032,9.427,0.00343,5880100.0,104490431.0,7.559521283367995,15.08032
HK.09901,新东方-S,2021-08-05 00:00:00,15.000319999,14.840319999,15.56032,14.820319999,8.689,0.0025,4284600.0,70786559.0,-8.50784695369759,16.22032
HK.09901,新东方-S,2021-08-06 00:00:00,15.30032,15.10032,15.340319999,14.680319999,8.828,0.00086,1475509.0,24347604.0,1.7519837915726866,14.840319999
HK.09901,新东方-S,2021-08-09 00:00:00,15.06032,15.10032,15.30032,14.80032,8.828,0.00099,1697400.0,27894076.0,0.0,15.10032
HK.09901,新东方-S,2021-08-10 00:00:00,15.60032,16.10032,16.54032,15.60032,9.363,0.00301,5159200.0,89792266.0,6.622376214543797,15.10032
HK.09901,新东方-S,2021-08-11 00:00:00,15.82032,15.660319999,15.92032,15.44032,9.127,0.00119,2036700.0,34706663.0,-2.73286494305703,16.10032
HK.09901,新东方-S,2021-08-12 00:00:00,15.30032,14.96032,15.52032,14.820319999,8.753,0.00175,3002700.0,49389006.0,-4.4698958836390315,15.660319999
HK.09901,新东方-S,2021-08-13 00:00:00,14.34032,14.34032,14.58032,14.08032,8.421,0.0016,2747289.0,43051536.0,-4.1442963786870815,14.96032
HK.09901,新东方-S,2021-08-16 00:00:00,14.00032,13.76032,14.24032,13.50032,8.111,0.00139,2378200.0,36127380.0,-4.044540149731666,14.34032
HK.09901,新东方-S,2021-08-17 00:00:00,13.58032,12.58032,13.58032,12.12032,7.479,0.00301,5156350.0,72579359.0,-8.57538196786121,13.76032
HK.09901,新东方-S,2021-08-18 00:00:00,12.82032,13.02032,13.16032,12.58032,7.715,0.00179,3071100.0,44068088.0,3.497526295038596,12.58032
HK.09901,新东方-S,2021-08-19 00:00:00,13.60032,12.54032,13.60032,12.40032,7.458,0.00168,2871800.0,40862558.0,-3.686545338363423,13.02032
HK.09901,新东方-S,2021-08-20 00:00:00,12.48032,12.10032,12.48032,11.60032,7.223,0.00201,3448310.0,46333121.0,-3.508682394069685,12.54032
HK.09901,新东方-S,2021-08-23 00:00:00,12.20032,12.68032,12.96032,12.20032,7.533,0.00155,2663700.0,37088848.0,4.793261665807186,12.10032
HK.09901,新东方-S,2021-08-24 00:00:00,11.88032,12.32032,12.52032,11.70032,7.34,0.00208,3568200.0,48366780.0,-2.8390450714177518,12.68032
HK.09901,新东方-S,2021-08-25 00:00:00,14.36032,14.08032,15.40032,13.78032,8.282,0.00743,12742600.0,200287535.0,14.285343237837974,12.32032
HK.09901,新东方-S,2021-08-26 00:00:00,13.78032,14.04032,14.36032,13.52032,8.261,0.00222,3807710.0,58182592.0,-0.28408445262608323,14.08032
HK.09901,新东方-S,2021-08-27 00:00:00,14.02032,14.00032,14.26032,13.82032,8.239,0.00103,1768000.0,27299304.0,-0.2848937915944875,14.04032
HK.09901,新东方-S,2021-08-30 00:00:00,14.48032,14.48032,14.48032,13.96032,8.496,0.00279,4783400.0,74778554.0,3.4284930630157056,14.00032
HK.09901,新东方-S,2021-08-31 00:00:00,15.46032,15.72032,15.94032,15.10032,9.159,0.00655,11222848.0,191380863.0,8.563346666372002,14.48032
HK.09901,新东方-S,2021-09-01 00:00:00,15.80032,16.06032,16.44032,15.70032,9.341,0.00217,3728197.0,65499935.0,2.1628058461914366,15.72032
HK.09901,新东方-S,2021-09-02 00:00:00,16.40032,17.00032,17.06032,16.12032,9.844,0.00448,7671327.0,138794583.0,5.852934437171848,16.06032
HK.09901,新东方-S,2021-09-03 00:00:00,16.52032,16.12032,16.52032,16.02032,9.373,0.00117,2013348.0,35496501.0,-5.176373150623042,17.00032
HK.09901,新东方-S,2021-09-06 00:00:00,16.60032,16.74032,17.10032,16.48032,9.705,0.00216,3695366.0,67113045.0,3.846077497220905,16.12032
HK.09901,新东方-S,2021-09-07 00:00:00,16.82032,16.80032,17.20032,16.62032,9.737,0.00243,4170290.0,75902967.0,0.35841608762555743,16.74032
HK.09901,新东方-S,2021-09-08 00:00:00,17.02032,16.58032,17.54032,16.54032,9.62,0.0022,3777000.0,69335718.0,-1.3094988666882468,16.80032
HK.09901,新东方-S,2021-09-09 00:00:00,15.94032,15.60032,16.02032,15.30032,9.095,0.00187,3210500.0,54465332.0,-5.91062174915804,16.58032
HK.09901,新东方-S,2021-09-10 00:00:00,15.88032,16.04032,16.18032,15.70032,9.331,0.00181,3109647.0,54063134.0,2.8204549650263666,15.60032
HK.09901,新东方-S,2021-09-13 00:00:00,14.80032,14.660319999,15.20032,14.50032,8.592,0.00262,4497701.0,72386082.0,-8.6033196407553,16.04032
HK.09901,新东方-S,2021-09-14 00:00:00,14.94032,13.92032,14.94032,13.80032,8.196,0.00326,5582731.0,86125197.0,-5.047638789947808,14.660319999
HK.09901,新东方-S,2021-09-15 00:00:00,13.70032,13.98032,14.16032,13.60032,8.228,0.00111,1897200.0,28904674.0,0.4310245741477243,13.92032
HK.09901,新东方-S,2021-09-16 00:00:00,13.42032,13.04032,13.60032,12.88032,7.726,0.00189,3243200.0,47131528.0,-6.723737367957251,13.98032
HK.09901,新东方-S,2021-09-17 00:00:00,13.04032,13.16032,13.48032,12.74032,7.79,0.00132,2257400.0,32973848.0,0.9202228166180046,13.04032
HK.09901,新东方-S,2021-09-20 00:00:00,13.16032,12.60032,13.30032,12.24032,7.49,0.00177,3028100.0,41988690.0,-4.255215678646115,13.16032
HK.09901,新东方-S,2021-09-21 00:00:00,12.60032,12.96032,13.02032,12.30032,7.683,0.00114,1960976.0,27666614.0,2.857070296627383,12.60032
HK.09901,新东方-S,2021-09-23 00:00:00,13.92032,14.04032,14.24032,13.72032,8.261,0.00327,5603300.0,86003256.0,8.333127577096864,12.96032
HK.09901,新东方-S,2021-09-24 00:00:00,13.82032,13.34032,13.88032,13.20032,7.886,0.0012,2052516.0,30749929.0,-4.985641352903633,14.04032
HK.09901,新东方-S,2021-09-27 00:00:00,13.28032,13.20032,13.46032,13.04032,9.611,0.00087,1492400.0,21854934.0,-1.0494500881538118,13.34032
HK.09901,新东方-S,2021-09-28 00:00:00,13.26032,13.50032,13.80032,13.26032,9.809,0.00129,2209465.0,33055211.0,2.272672177644184,13.20032
HK.09901,新东方-S,2021-09-29 00:00:00,13.20032,13.00032,13.42032,12.62032,9.479,0.00197,3382000.0,49513356.0,-3.703615914289439,13.50032
HK.09901,新东方-S,2021-09-30 00:00:00,13.00032,13.02032,13.22032,12.80032,9.493,0.00064,1101322.0,15823459.0,0.15384236695711778,13.00032
HK.09901,新东方-S,2021-10-04 00:00:00,14.38032,14.80032,14.96032,13.92032,10.664,0.00544,9328870.0,149934769.0,13.670938963097676,13.02032
HK.09901,新东方-S,2021-10-05 00:00:00,13.60032,13.88032,13.94032,13.46032,10.059,0.00157,2685817.0,40611618.0,-6.216081814447255,14.80032
HK.09901,新东方-S,2021-10-06 00:00:00,14.50032,14.30032,14.70032,13.80032,10.335,0.00134,2304200.0,35948808.0,3.0258668388048684,13.88032
HK.09901,新东方-S,2021-10-07 00:00:00,15.000319999,15.30032,15.30032,14.660319999,10.994,0.0022,3778740.0,62408229.0,6.992850509638945,14.30032
HK.09901,新东方-S,2021-10-08 00:00:00,15.30032,15.20032,15.58032,14.86032,10.928,0.00145,2489600.0,41510698.0,-0.6535811015717296,15.30032
HK.09901,新东方-S,2021-10-11 00:00:00,15.12032,15.26032,15.52032,15.000319999,10.967,0.0013,2229900.0,37211374.0,0.39472853203090785,15.20032
HK.09901,新东方-S,2021-10-12 00:00:00,15.94032,15.40032,16.00032,15.30032,11.059,0.00111,1896000.0,32082861.0,0.9174119546641262,15.26032
HK.09901,新东方-S,2021-10-15 00:00:00,16.70032,16.58032,16.76032,16.22032,11.836,0.00454,7789777.0,139923501.0,7.662178448240034,15.40032
HK.09901,新东方-S,2021-10-18 00:00:00,16.62032,16.94032,17.10032,16.48032,12.073,0.00329,5645500.0,103062308.0,2.1712488058131534,16.58032
HK.09901,新东方-S,2021-10-19 00:00:00,16.80032,16.70032,16.96032,16.02032,11.915,0.00133,2287441.0,41182768.0,-1.4167382906580186,16.94032
HK.09901,新东方-S,2021-10-20 00:00:00,17.28032,17.42032,17.86032,17.16032,12.389,0.00174,2985700.0,56446127.0,4.311294633875272,16.70032
HK.09901,新东方-S,2021-10-21 00:00:00,17.74032,17.40032,17.88032,17.10032,12.376,0.00147,2511500.0,47439998.0,-0.11480845357605127,17.42032
HK.09901,新东方-S,2021-10-22 00:00:00,16.66032,16.82032,17.08032,16.62032,11.994,0.00108,1843900.0,33707220.0,-3.333272031778736,17.40032
HK.09901,新东方-S,2021-10-25 00:00:00,16.82032,16.80032,17.08032,16.72032,11.981,0.0006,1026719.0,18788091.0,-0.1189038020679724,16.82032
HK.09901,新东方-S,2021-10-26 00:00:00,16.10032,15.90032,16.42032,15.86032,11.389,0.00069,1184100.0,20716296.0,-5.35704081827012,16.80032
HK.09901,新东方-S,2021-10-27 00:00:00,15.62032,14.94032,15.62032,14.820319999,10.757,0.00065,1115438.0,18303423.0,-6.037614337321518,15.90032
HK.09901,新东方-S,2021-10-28 00:00:00,14.94032,14.88032,15.24032,14.64032,10.717,0.00098,1687300.0,27483210.0,-0.40159782387526166,14.94032
HK.09901,新东方-S,2021-10-29 00:00:00,15.000319999,14.680319999,15.000319999,14.42032,10.585,0.00059,1019500.0,16295143.0,-1.3440571237715275,14.88032
HK.09901,新东方-S,2021-11-01 00:00:00,14.40032,14.10032,14.40032,14.02032,10.204,0.00035,592750.0,9232679.0,-3.9508675494778633,14.680319999
HK.09901,新东方-S,2021-11-02 00:00:00,15.08032,14.80032,15.36032,14.42032,10.664,0.00166,2848400.0,46206000.0,4.96442633926038,14.10032
HK.09901,新东方-S,2021-11-03 00:00:00,13.92032,14.14032,14.40032,13.92032,10.23,0.00075,1288000.0,19928166.0,-4.459363040799119,14.80032
HK.09901,新东方-S,2021-11-04 00:00:00,14.42032,14.34032,14.50032,14.12032,10.362,0.00054,928400.0,14581036.0,1.4143951480588917,14.14032
HK.09901,新东方-S,2021-11-05 00:00:00,14.34032,14.12032,14.34032,13.80032,10.217,0.00055,939800.0,14473516.0,-1.5341359188637396,14.34032
HK.09901,新东方-S,2021-11-08 00:00:00,14.12032,14.30032,14.44032,13.98032,10.335,0.00046,781500.0,12223696.0,1.2747586456964128,14.12032
HK.09901,新东方-S,2021-11-09 00:00:00,15.08032,15.22032,15.22032,14.64032,10.941,0.00094,1601609.0,26156142.0,6.433422468867829,14.30032
HK.09901,新东方-S,2021-11-10 00:00:00,14.14032,14.40032,14.50032,14.00032,10.299,0.00076,1287100.0,20154093.0,-5.387534559063138,15.22032
HK.09901,新东方-S,2021-11-11 00:00:00,14.28032,15.08032,15.20032,14.02032,10.743,0.00124,2108200.0,34273941.0,4.722117286282525,14.40032
HK.09901,新东方-S,2021-11-12 00:00:00,15.24032,15.56032,16.44032,15.02032,11.056,0.00127,2155670.0,36716498.0,3.182956329839157,15.08032
HK.09901,新东方-S,2021-11-15 00:00:00,15.60032,15.660319999,15.76032,15.30032,11.121,0.00086,1454200.0,24650409.0,0.6426602987599198,15.56032
HK.09901,新东方-S,2021-11-16 00:00:00,15.30032,15.320319999,15.60032,14.62032,10.899,0.00164,2778800.0,46034917.0,-2.1710922894405145,15.660319999
HK.09901,新东方-S,2021-11-17 00:00:00,15.40032,16.60032,16.78032,15.10032,11.734,0.0032,5426090.0,96326749.0,8.354916875649781,15.320319999
HK.09901,新东方-S,2021-11-18 00:00:00,15.92032,15.90032,16.22032,15.62032,11.277,0.00226,3841993.0,66648832.0,-4.216786182435033,16.60032
HK.09901,新东方-S,2021-11-19 00:00:00,15.38032,14.90032,15.38032,14.820319999,10.625,0.00203,3443060.0,56295892.0,-6.289181601376575,15.90032
HK.09901,新东方-S,2021-11-22 00:00:00,15.14032,15.84032,16.36032,15.14032,11.238,0.00215,3644500.0,62972541.0,6.308589345732169,14.90032
HK.09901,新东方-S,2021-11-23 00:00:00,16.18032,16.68032,16.82032,16.18032,11.786,0.00164,2788400.0,50152091.0,5.302923173269215,15.84032
HK.09901,新东方-S,2021-11-24 00:00:00,16.64032,16.50032,16.66032,15.90032,11.668,0.00106,1796700.0,31856418.0,-1.0791159881824794,16.68032
HK.09901,新东方-S,2021-11-25 00:00:00,16.48032,17.86032,18.30032,16.40032,12.555,0.00707,12001877.0,228659505.0,8.242264392448165,16.50032
HK.09901,新东方-S,2021-11-26 00:00:00,17.72032,16.54032,17.72032,16.30032,11.694,0.00435,7375900.0,134586211.0,-7.390685049316027,17.86032
HK.09901,新东方-S,2021-11-29 00:00:00,16.34032,15.660319999,16.52032,15.660319999,11.121,0.00157,2662900.0,46429920.0,-5.320332381719343,16.54032
HK.09901,新东方-S,2021-11-30 00:00:00,15.660319999,14.74032,15.78032,14.64032,10.521,0.00126,2146200.0,35194066.0,-5.8747203062181805,15.660319999
HK.09901,新东方-S,2021-12-01 00:00:00,14.96032,15.320319999,15.660319999,14.96032,10.899,0.00138,2339300.0,39358742.0,3.9347856695105667,14.74032
HK.09901,新东方-S,2021-12-02 00:00:00,15.10032,14.22032,15.10032,14.10032,10.182,0.00372,6313200.0,98949838.0,-7.180006677874884,15.320319999
HK.09901,新东方-S,2021-12-03 00:00:00,14.20032,14.20032,14.62032,14.08032,10.169,0.0017,2877200.0,45220998.0,-0.14064381110973292,14.22032
HK.09901,新东方-S,2021-12-06 00:00:00,13.04032,12.96032,13.56032,12.92032,9.361,0.00229,3877900.0,56394632.0,-8.732197584279792,14.20032
HK.09901,新东方-S,2021-12-07 00:00:00,13.40032,13.22032,13.40032,12.64032,9.53,0.00177,2997100.0,43328462.0,2.006123305597391,12.96032
HK.09901,新东方-S,2021-12-08 00:00:00,13.90032,14.10032,14.18032,13.70032,10.104,0.00155,2630950.0,40382649.0,6.656419814346407,13.22032
HK.09901,新东方-S,2021-12-09 00:00:00,15.02032,16.14032,16.24032,14.86032,11.434,0.00368,6238500.0,106249045.0,14.46775676013026,14.10032
HK.09901,新东方-S,2021-12-10 00:00:00,15.680319999,15.70032,15.96032,15.480319999,11.147,0.00096,1620800.0,27813239.0,-2.7260921716545865,16.14032
HK.09901,新东方-S,2021-12-13 00:00:00,16.34032,15.92032,16.76032,15.80032,11.29,0.00133,2253500.0,39787360.0,1.4012453249360564,15.70032
HK.09901,新东方-S,2021-12-14 00:00:00,15.88032,15.24032,15.88032,14.64032,10.847,0.00102,1731746.0,28743743.0,-4.271270929227551,15.92032
HK.09901,新东方-S,2021-12-15 00:00:00,15.38032,14.88032,15.40032,14.76032,10.612,0.00147,2495100.0,40805583.0,-2.362155125351707,15.24032
HK.09901,新东方-S,2021-12-16 00:00:00,15.44032,15.70032,15.70032,15.08032,11.147,0.00091,1538406.0,25855433.0,5.510634179910111,14.88032
HK.09901,新东方-S,2021-12-17 00:00:00,15.480319999,14.62032,15.480319999,14.60032,10.443,0.00131,2219400.0,35864973.0,-6.8788406860497116,15.70032
HK.09901,新东方-S,2021-12-20 00:00:00,14.94032,14.54032,15.10032,14.30032,10.391,0.00064,1093300.0,17453038.0,-0.5471836457751956,14.62032
HK.09901,新东方-S,2021-12-21 00:00:00,14.54032,14.38032,14.70032,14.00032,10.286,0.00064,1078900.0,16941658.0,-1.1003884371183037,14.54032
HK.09901,新东方-S,2021-12-22 00:00:00,15.000319999,14.46032,15.000319999,14.34032,10.338,0.00033,561300.0,8966880.0,0.5563158538892047,14.38032
HK.09901,新东方-S,2021-12-23 00:00:00,14.76032,14.52032,14.76032,14.18032,10.378,0.00067,1138200.0,17994889.0,0.4149285769609559,14.46032
HK.09901,新东方-S,2021-12-24 00:00:00,14.42032,14.10032,14.52032,14.04032,10.104,0.00028,474500.0,7436056.0,-2.892498236953455,14.52032
HK.09901,新东方-S,2021-12-28 00:00:00,14.10032,13.90032,14.22032,13.70032,9.973,0.00096,1635400.0,25100602.0,-1.4184075255029622,14.10032
HK.09901,新东方-S,2021-12-29 00:00:00,14.22032,13.86032,14.22032,13.22032,9.947,0.00119,2022400.0,30559720.0,-0.28776315940928643,13.90032
HK.09901,新东方-S,2021-12-30 00:00:00,13.48032,12.94032,13.68032,12.88032,9.348,0.00164,2787864.0,40880855.0,-6.637653387511976,13.86032
HK.09901,新东方-S,2021-12-31 00:00:00,14.30032,14.86032,14.92032,13.82032,10.599,0.00337,5718000.0,91735616.0,14.837345598872362,12.94032
HK.09901,新东方-S,2022-01-03 00:00:00,14.80032,14.76032,15.08032,14.38032,10.534,0.00059,1005600.0,16083230.0,-0.6729330189390246,14.86032
HK.09901,新东方-S,2022-01-04 00:00:00,14.58032,13.78032,14.58032,13.78032,9.895,0.00104,1762989.0,27168038.0,-6.639422451545769,14.76032
HK.09901,新东方-S,2022-01-05 00:00:00,13.58032,12.94032,13.58032,12.90032,9.348,0.00118,2007100.0,28976424.0,-6.09564944790832,13.78032
HK.09901,新东方-S,2022-01-06 00:00:00,12.64032,12.52032,12.86032,12.02032,9.074,0.00239,4055700.0,55783734.0,-3.245669349753329,12.94032
HK.09901,新东方-S,2022-01-07 00:00:00,12.94032,12.86032,13.00032,12.48032,9.295,0.00107,1811600.0,25556108.0,2.715585544139446,12.52032
HK.09901,新东方-S,2022-01-10 00:00:00,12.86032,13.00032,13.26032,12.34032,9.387,0.00053,901300.0,12945358.0,1.0886198788210601,12.86032
HK.09901,新东方-S,2022-01-11 00:00:00,12.40032,12.44032,12.64032,12.24032,9.022,0.00086,1451780.0,20101967.0,-4.307586274799393,13.00032
HK.09901,新东方-S,2022-01-12 00:00:00,12.92032,13.10032,13.26032,12.92032,9.452,0.00086,1460600.0,21209766.0,5.305329766436877,12.44032
HK.09901,新东方-S,2022-01-13 00:00:00,13.24032,12.82032,13.44032,12.82032,9.269,0.00054,912800.0,13205076.0,-2.1373523700184376,13.10032
HK.09901,新东方-S,2022-01-14 00:00:00,12.48032,12.60032,12.68032,12.32032,9.126,0.00034,570600.0,7945406.0,-1.7160258090281728,12.82032
HK.09901,新东方-S,2022-01-17 00:00:00,12.42032,12.42032,12.76032,12.22032,9.009,0.00059,997600.0,13779496.0,-1.4285351483136914,12.60032
HK.09901,新东方-S,2022-01-18 00:00:00,12.40032,12.24032,12.76032,12.24032,8.891,0.00051,861800.0,11931929.0,-1.4492380228528712,12.42032
HK.09901,新东方-S,2022-01-19 00:00:00,11.88032,11.70032,11.90032,11.60032,8.539,0.00119,2018120.0,26431597.0,-4.411649368643964,12.24032
HK.09901,新东方-S,2022-01-20 00:00:00,11.80032,12.14032,12.26032,11.72032,8.826,0.00094,1592000.0,21446272.0,3.7605809071888587,11.70032
HK.09901,新东方-S,2022-01-21 00:00:00,11.88032,11.82032,12.00032,11.68032,8.617,0.00044,742800.0,9821300.0,-2.6358448541718715,12.14032
HK.09901,新东方-S,2022-01-24 00:00:00,10.90032,11.08032,11.46032,10.80032,8.135,0.00103,1753800.0,22050231.0,-6.260405809656593,11.82032
HK.09901,新东方-S,2022-01-25 00:00:00,10.90032,10.06032,10.90032,10.00032,7.47,0.00196,3326935.0,38848574.0,-9.205510310171542,11.08032
HK.09901,新东方-S,2022-01-26 00:00:00,9.80032,9.72032,10.32032,9.50032,7.249,0.00221,3754400.0,42087454.0,-3.3796141673426052,10.06032
HK.09901,新东方-S,2022-01-27 00:00:00,9.24032,9.02032,9.46032,8.90032,6.792,0.00114,1935200.0,20268404.0,-7.20140900711087,9.72032
HK.09901,新东方-S,2022-01-28 00:00:00,8.60032,8.90032,9.24032,8.40032,6.714,0.00247,4189200.0,42832627.0,-1.3303297443993032,9.02032
HK.09901,新东方-S,2022-01-31 00:00:00,9.00032,9.16032,9.28032,8.72032,6.883,0.00098,1660400.0,17319732.0,2.9212432811404505,8.90032
HK.09901,新东方-S,2022-02-04 00:00:00,9.16032,9.60032,9.80032,8.50032,7.17,0.00154,2608800.0,27706713.0,4.803325648012291,9.16032
HK.09901,新东方-S,2022-02-07 00:00:00,9.78032,10.18032,10.30032,9.74032,7.548,0.00106,1802992.0,20259739.0,6.041465284490518,9.60032
HK.09901,新东方-S,2022-02-08 00:00:00,10.40032,10.26032,10.56032,10.00032,7.601,0.00062,1049300.0,12283626.0,0.7858299149732039,10.18032
HK.09901,新东方-S,2022-02-09 00:00:00,10.60032,10.74032,10.86032,10.44032,7.913,0.00046,780406.0,9445697.0,4.678216663807761,10.26032
HK.09901,新东方-S,2022-02-10 00:00:00,10.96032,11.28032,11.46032,10.96032,8.265,0.00092,1558170.0,19636380.0,5.027783157298843,10.74032
HK.09901,新东方-S,2022-02-11 00:00:00,11.22032,10.90032,11.28032,10.72032,8.018,0.00046,775000.0,9549641.0,-3.368698760318847,11.28032
HK.09901,新东方-S,2022-02-14 00:00:00,10.60032,10.48032,10.60032,10.26032,7.744,0.00039,663600.0,7842230.0,-3.8530978907041256,10.90032
HK.09901,新东方-S,2022-02-15 00:00:00,10.18032,10.22032,10.78032,10.12032,7.574,0.00053,899900.0,10536144.0,-2.4808402796861313,10.48032
HK.09901,新东方-S,2022-02-16 00:00:00,11.12032,11.14032,11.36032,11.02032,8.174,0.00079,1333542.0,16778870.0,9.0016750943219,10.22032
HK.09901,新东方-S,2022-02-17 00:00:00,11.10032,11.00032,11.20032,10.82032,8.083,0.00049,825500.0,10205768.0,-1.2566963965128364,11.14032
HK.09901,新东方-S,2022-02-18 00:00:00,10.66032,10.70032,11.18032,10.64032,7.887,0.00044,748000.0,9167848.0,-2.7271933907377304,11.00032
HK.09901,新东方-S,2022-02-21 00:00:00,10.64032,10.26032,10.64032,10.24032,7.601,0.0003,502400.0,5918552.0,-4.112026556215137,10.70032
HK.09901,新东方-S,2022-02-22 00:00:00,10.10032,9.74032,10.10032,9.60032,7.262,0.00078,1331340.0,14866918.0,-5.068068052458399,10.26032
HK.09901,新东方-S,2022-02-23 00:00:00,10.06032,10.34032,10.56032,10.06032,7.653,0.0005,849900.0,10020774.0,6.159961890369101,9.74032
HK.09901,新东方-S,2022-02-24 00:00:00,10.30032,9.74032,10.30032,9.48032,7.262,0.00085,1444200.0,16108820.0,-5.802528355021892,10.34032
HK.09901,新东方-S,2022-02-25 00:00:00,9.70032,9.60032,9.86032,9.42032,7.17,0.00026,433800.0,4773058.0,-1.4373244410861301,9.74032
HK.09901,新东方-S,2022-02-28 00:00:00,9.40032,9.20032,9.40032,8.80032,6.91,0.00035,601520.0,6324165.0,-4.166527782407257,9.60032
HK.09901,新东方-S,2022-03-01 00:00:00,9.68032,10.02032,10.20032,9.68032,7.444,0.00067,1134000.0,12910318.0,8.912733470140173,9.20032
HK.09901,新东方-S,2022-03-02 00:00:00,9.86032,9.74032,9.92032,9.58032,7.262,0.0003,515100.0,5758795.0,-2.7943219378223385,10.02032
HK.09901,新东方-S,2022-03-03 00:00:00,9.44032,9.16032,9.62032,9.02032,6.883,0.00066,1122478.0,11869725.0,-5.954629827356802,9.74032
HK.09901,新东方-S,2022-03-04 00:00:00,9.06032,8.28032,9.06032,8.23032,6.31,0.0014,2379000.0,23237667.0,-9.606651296024602,9.16032
HK.09901,新东方-S,2022-03-07 00:00:00,8.28032,7.61032,8.28032,7.45032,5.873,0.00078,1321278.0,12011408.0,-8.091474725614468,8.28032
HK.09901,新东方-S,2022-03-08 00:00:00,7.64032,7.70032,7.95032,7.35032,5.932,0.00101,1708060.0,15452061.0,1.1826046736536684,7.61032
HK.09901,新东方-S,2022-03-09 00:00:00,7.70032,7.70032,7.96032,7.33032,5.932,0.00109,1847900.0,16769393.0,0.0,7.70032
HK.09901,新东方-S,2022-03-10 00:00:00,8.20032,8.10032,8.38032,7.88032,6.192,0.00057,970500.0,9333442.0,5.194589315768701,7.70032
HK.09901,新东方-S,2022-03-11 00:00:00,7.94032,7.79032,7.94032,7.27032,5.99,0.00076,1297600.0,11542386.0,-3.8270093033361596,8.10032
HK.09901,新东方-S,2022-03-14 00:00:00,6.800319999,6.36032,6.800319999,6.25032,5.058,0.00191,3241200.0,25567916.0,-18.356113741155696,7.79032
HK.09901,新东方-S,2022-03-15 00:00:00,5.60032,5.35032,6.08032,5.22032,4.4,0.00416,7058900.0,49598494.0,-15.879704165828132,6.36032
HK.09901,新东方-S,2022-03-16 00:00:00,6.36032,7.85032,7.85032,5.95032,6.029,0.00542,9197766.0,74506729.0,46.72617712585416,5.35032
HK.09901,新东方-S,2022-03-17 00:00:00,7.91032,7.44032,8.10032,7.27032,5.762,0.00372,6317800.0,56486014.0,-5.222717035738672,7.85032
HK.09901,新东方-S,2022-03-18 00:00:00,7.46032,7.35032,7.70032,7.11032,5.718,0.0017,2886040.0,25454489.0,-1.2096253924562366,7.44032
HK.09901,新东方-S,2022-03-21 00:00:00,8.30032,7.95032,8.31032,7.73032,6.111,0.00179,3043720.0,28467158.0,8.162909914126184,7.35032
HK.09901,新东方-S,2022-03-22 00:00:00,7.90032,8.15032,8.19032,7.81032,6.241,0.00074,1264200.0,11879574.0,2.5156220126988735,7.95032
HK.09901,新东方-S,2022-03-23 00:00:00,8.46032,8.72032,9.08032,8.46032,6.614,0.00191,3237300.0,33200639.0,6.993590435712934,8.15032
HK.09901,新东方-S,2022-03-24 00:00:00,8.72032,8.68032,9.28032,8.58032,6.588,0.00081,1366986.0,14064743.0,-0.4586987633481243,8.72032
HK.09901,新东方-S,2022-03-25 00:00:00,8.74032,8.18032,8.84032,8.00032,6.261,0.00188,3195700.0,31131460.0,-5.760156307601563,8.68032
HK.09901,新东方-S,2022-03-28 00:00:00,8.17032,8.24032,8.50032,7.76032,6.3,0.00048,811900.0,7776351.0,0.7334676394077555,8.18032
HK.09901,新东方-S,2022-03-29 00:00:00,8.24032,8.17032,8.48032,8.02032,6.254,0.0006,1009700.0,9733938.0,-0.8494815735311283,8.24032
HK.09901,新东方-S,2022-03-30 00:00:00,8.17032,8.24032,8.38032,8.03032,6.3,0.00076,1292000.0,12399069.0,0.8567595883637394,8.17032
HK.09901,新东方-S,2022-03-31 00:00:00,8.01032,8.23032,8.40032,8.01032,6.294,0.00062,1044900.0,9992798.0,-0.12135451050444383,8.24032
HK.09901,新东方-S,2022-04-01 00:00:00,7.99032,7.82032,7.99032,7.56032,6.026,0.00063,1074000.0,9826870.0,-4.981580303074497,8.23032
HK.09901,新东方-S,2022-04-04 00:00:00,7.99032,8.40032,8.40032,7.99032,6.405,0.00042,714900.0,6899307.0,7.4165763037829775,7.82032
HK.09901,新东方-S,2022-04-06 00:00:00,8.40032,8.23032,8.64032,8.11032,6.294,0.00063,1075908.0,10521982.0,-2.02373242924079,8.40032
HK.09901,新东方-S,2022-04-07 00:00:00,8.51032,8.29032,8.56032,8.17032,6.333,0.00023,383860.0,3726962.0,0.7290117516694213,8.23032
HK.09901,新东方-S,2022-04-08 00:00:00,8.17032,7.81032,8.17032,7.68032,6.019,0.0005,842100.0,7760516.0,-5.78988507078134,8.29032
HK.09901,新东方-S,2022-04-11 00:00:00,8.00032,7.41032,8.00032,7.31032,5.758,0.00044,741200.0,6632888.0,-5.121429083571485,7.81032
HK.09901,新东方-S,2022-04-12 00:00:00,7.17032,7.49032,7.79032,7.07032,5.81,0.00134,2265589.0,19950207.0,1.0795755109091116,7.41032
HK.09901,新东方-S,2022-04-13 00:00:00,7.40032,7.34032,7.66032,7.27032,5.712,0.00042,716300.0,6319329.0,-2.00258466927981,7.49032
HK.09901,新东方-S,2022-04-14 00:00:00,7.48032,7.30032,7.59032,7.27032,5.686,0.00032,537300.0,4745480.0,-0.5449353706650396,7.34032
HK.09901,新东方-S,2022-04-19 00:00:00,7.19032,6.75032,7.19032,6.70032,5.326,0.00043,736100.0,6056184.0,-7.533916321476316,7.30032
HK.09901,新东方-S,2022-04-20 00:00:00,6.99032,6.85032,7.21032,6.83032,5.392,0.0004,670520.0,5639022.0,1.4814112516147329,6.75032
HK.09901,新东方-S,2022-04-21 00:00:00,6.800319999,6.68032,7.15032,6.60032,5.281,0.00048,814400.0,6672614.0,-2.4816358943815753,6.85032
HK.09901,新东方-S,2022-04-22 00:00:00,6.44032,6.68032,6.74032,6.20032,5.281,0.00058,991900.0,7807965.0,0.0,6.68032
HK.09901,新东方-S,2022-04-25 00:00:00,6.74032,6.19032,6.74032,6.05032,4.96,0.00049,838629.0,6399456.0,-7.334977965127422,6.68032
HK.09901,新东方-S,2022-04-26 00:00:00,6.51032,6.45032,6.890319999,6.30032,5.13,0.00047,791900.0,6364483.0,4.200105971904518,6.19032
HK.09901,新东方-S,2022-04-27 00:00:00,6.00032,6.58032,6.69032,6.00032,5.215,0.00049,827600.0,6511264.0,2.015403886938955,6.45032
HK.09901,新东方-S,2022-04-28 00:00:00,6.92032,7.10032,7.17032,6.92032,5.555,0.00066,1120980.0,9496499.0,7.902351253434476,6.58032
HK.09901,新东方-S,2022-04-29 00:00:00,7.20032,8.00032,8.24032,7.140319999,6.143,0.00108,1826130.0,16838351.0,12.675485048561196,7.10032
HK.09901,新东方-S,2022-05-03 00:00:00,8.41032,8.82032,9.12032,8.17032,6.679,0.00131,2222740.0,22608936.0,10.249590016399347,8.00032
HK.09901,新东方-S,2022-05-04 00:00:00,8.82032,8.48032,8.82032,8.42032,6.457,0.00022,373693.0,3728044.0,-3.8547354291000766,8.82032
HK.09901,新东方-S,2022-05-05 00:00:00,8.70032,8.35032,8.80032,8.26032,6.372,0.00046,773200.0,7618258.0,-1.5329610203388642,8.48032
HK.09901,新东方-S,2022-05-06 00:00:00,8.17032,7.98032,8.21032,7.83032,6.13,0.00039,655300.0,6201362.0,-4.4309679150020616,8.35032
HK.09901,新东方-S,2022-05-10 00:00:00,7.02032,7.140319999,7.27032,6.61032,5.581,0.00041,694700.0,5864499.0,-10.52589371102913,7.98032
HK.09901,新东方-S,2022-05-11 00:00:00,6.70032,6.76032,7.07032,6.50032,5.333,0.00056,956900.0,7857014.0,-5.321890322187503,7.140319999
HK.09901,新东方-S,2022-05-12 00:00:00,6.55032,6.30032,6.59032,6.11032,5.032,0.00109,1855300.0,14309974.0,-6.804411625485184,6.76032
HK.09901,新东方-S,2022-05-13 00:00:00,6.38032,6.720319999,6.880319999,6.35032,5.307,0.00159,2703100.0,21673279.0,6.666328043654923,6.30032
HK.09901,新东方-S,2022-05-16 00:00:00,7.20032,6.960319999,7.21032,6.960319999,5.464,0.00101,1711600.0,14436360.0,3.5712585120308677,6.720319999
HK.09901,新东方-S,2022-05-17 00:00:00,7.08032,7.42032,7.53032,7.050319999,5.764,0.00127,2147500.0,18831413.0,6.608891560532977,6.960319999
HK.09901,新东方-S,2022-05-18 00:00:00,7.60032,7.61032,7.75032,7.27032,5.888,0.00044,743240.0,6666379.0,2.5605364728205724,7.42032
HK.09901,新东方-S,2022-05-19 00:00:00,7.52032,7.29032,7.55032,7.08032,5.679,0.00066,1121900.0,9735959.0,-4.204816617435264,7.61032
HK.09901,新东方-S,2022-05-20 00:00:00,8.15032,8.45032,8.56032,8.13032,6.437,0.00091,1552205.0,15229320.0,15.911510057171691,7.29032
HK.09901,新东方-S,2022-05-23 00:00:00,8.45032,8.27032,8.59032,8.12032,6.32,0.00047,798300.0,7713340.0,-2.130096848403371,8.45032
HK.09901,新东方-S,2022-05-24 00:00:00,8.10032,7.55032,8.10032,7.47032,5.849,0.00041,700900.0,6410677.0,-8.70583000415945,8.27032
HK.09901,新东方-S,2022-05-25 00:00:00,7.45032,7.40032,7.64032,7.21032,5.751,0.00024,406800.0,3588785.0,-1.986670763623268,7.55032
HK.09901,新东方-S,2022-05-26 00:00:00,7.40032,7.22032,7.50032,7.03032,5.633,0.00024,399100.0,3415412.0,-2.4323272507134788,7.40032
HK.09901,新东方-S,2022-05-27 00:00:00,7.71032,7.51032,7.85032,7.44032,5.823,0.00034,583720.0,5257880.0,4.016442484543622,7.22032
HK.09901,新东方-S,2022-05-30 00:00:00,7.65032,8.41032,8.46032,7.65032,6.411,0.0014,2383600.0,22862543.0,11.983510689291538,7.51032
HK.09901,新东方-S,2022-05-31 00:00:00,8.53032,9.20032,9.40032,8.31032,6.928,0.00353,5996619.0,62772305.0,9.393221661006942,8.41032
HK.09901,新东方-S,2022-06-01 00:00:00,9.18032,9.20032,9.38032,8.80032,6.928,0.00099,1683880.0,17738764.0,0.0,9.20032
HK.09901,新东方-S,2022-06-02 00:00:00,8.60032,8.70032,8.92032,8.59032,6.601,0.00098,1655640.0,16802040.0,-5.434593579353762,9.20032
HK.09901,新东方-S,2022-06-06 00:00:00,8.70032,9.18032,9.32032,8.70032,6.915,0.00062,1045661.0,10879928.0,5.517038453758028,8.70032
HK.09901,新东方-S,2022-06-07 00:00:00,9.60032,9.82032,10.08032,9.50032,7.333,0.00231,3916686.0,43740927.0,6.971434546943904,9.18032
HK.09901,新东方-S,2022-06-08 00:00:00,9.86032,10.44032,10.60032,9.86032,7.738,0.00125,2126547.0,25166542.0,6.313439887905885,9.82032
HK.09901,新东方-S,2022-06-09 00:00:00,11.88032,11.62032,12.24032,11.34032,8.509,0.00269,4566027.0,60384997.0,11.302335560595841,10.44032
HK.09901,新东方-S,2022-06-10 00:00:00,10.24032,11.40032,11.40032,10.20032,8.366,0.00418,7096128.0,88541754.0,-1.8932352981673384,11.62032
HK.09901,新东方-S,2022-06-13 00:00:00,12.20032,13.08032,14.660319999,12.20032,9.464,0.00901,15287299.0,225652237.0,14.736428451131193,11.40032
HK.09901,新东方-S,2022-06-14 00:00:00,12.60032,13.20032,13.36032,11.90032,9.542,0.00576,9769416.0,137180887.0,0.9174087484098188,13.08032
HK.09901,新东方-S,2022-06-15 00:00:00,15.38032,16.48032,19.80032,15.10032,11.686,0.02234,37907315.0,702788784.0,24.84788247557635,13.20032
HK.09901,新东方-S,2022-06-16 00:00:00,17.74032,16.12032,18.60032,14.88032,11.45,0.0246,41747126.0,785959787.0,-2.1844236034251727,16.48032
HK.09901,新东方-S,2022-06-17 00:00:00,15.92032,15.06032,16.20032,14.20032,10.758,0.00799,13564144.0,222591299.0,-6.575551850087336,16.12032
HK.09901,新东方-S,2022-06-20 00:00:00,15.06032,14.46032,15.06032,13.18032,10.366,0.00861,14606172.0,228010622.0,-3.9839790920777345,15.06032
HK.09901,新东方-S,2022-06-21 00:00:00,14.16032,15.10032,15.56032,14.16032,10.784,0.00394,6683900.0,109648264.0,4.425904820916831,14.46032
HK.09901,新东方-S,2022-06-22 00:00:00,15.000319999,14.60032,15.660319999,14.50032,10.457,0.00258,4386100.0,71658350.0,-3.3111881072718985,15.10032
HK.09901,新东方-S,2022-06-23 00:00:00,14.80032,15.08032,15.28032,14.76032,10.771,0.00238,4035670.0,66388709.0,3.287599175908476,14.60032
HK.09901,新东方-S,2022-06-24 00:00:00,13.62032,14.58032,14.680319999,13.62032,10.444,0.00336,5699445.0,89823781.0,-3.315579510249119,15.08032
HK.09901,新东方-S,2022-06-27 00:00:00,15.08032,14.48032,15.10032,14.40032,10.379,0.00212,3598515.0,57727779.0,-0.685856003160422,14.58032
HK.09901,新东方-S,2022-06-28 00:00:00,14.08032,13.84032,14.22032,13.28032,9.96,0.0032,5434600.0,82551226.0,-4.419791827804914,14.48032
HK.09901,新东方-S,2022-06-29 00:00:00,13.50032,13.32032,14.10032,13.12032,9.62,0.00233,3950070.0,59137586.0,-3.7571385632702103,13.84032
HK.09901,新东方-S,2022-06-30 00:00:00,14.30032,14.42032,14.78032,13.98032,10.339,0.00302,5132218.0,81192573.0,8.258059866429631,13.32032
HK.09901,新东方-S,2022-07-04 00:00:00,14.50032,15.02032,15.10032,14.22032,10.732,0.00233,3950508.0,63627915.0,4.160795322156511,14.42032
HK.09901,新东方-S,2022-07-05 00:00:00,15.02032,14.660319999,15.42032,14.52032,10.496,0.00138,2346700.0,37918216.0,-2.3967532049916347,15.02032
HK.09901,新东方-S,2022-07-06 00:00:00,16.20032,16.62032,17.28032,15.94032,11.777,0.00515,8738035.0,157057476.0,13.369421684749675,14.660319999
HK.09901,新东方-S,2022-07-07 00:00:00,16.62032,16.42032,16.70032,16.00032,11.647,0.00124,2096898.0,37229740.0,-1.2033462652945268,16.62032
HK.09901,新东方-S,2022-07-08 00:00:00,16.42032,16.72032,16.90032,16.42032,11.843,0.00111,1885265.0,34064326.0,1.827004589435533,16.42032
HK.09901,新东方-S,2022-07-11 00:00:00,17.10032,16.14032,17.48032,15.90032,11.464,0.00232,3936496.0,70271848.0,-3.468833132380252,16.72032
HK.09901,新东方-S,2022-07-12 00:00:00,15.660319999,15.40032,15.660319999,14.60032,10.98,0.00127,2159795.0,36127431.0,-4.584791379600891,16.14032
HK.09901,新东方-S,2022-07-13 00:00:00,15.40032,15.84032,16.28032,15.40032,11.267,0.00129,2185146.0,37865978.0,2.8570834891742476,15.40032
HK.09901,新东方-S,2022-07-14 00:00:00,16.56032,16.40032,16.86032,16.22032,11.633,0.00177,3007900.0,53968844.0,3.5352821155128207,15.84032
HK.09901,新东方-S,2022-07-15 00:00:00,16.22032,15.60032,16.94032,15.36032,11.111,0.00331,5620410.0,97127304.0,-4.877953600905352,16.40032
HK.09901,新东方-S,2022-07-18 00:00:00,15.80032,16.10032,16.42032,15.60032,11.437,0.0038,6447880.0,112084549.0,3.2050624602572255,15.60032
HK.09901,新东方-S,2022-07-19 00:00:00,15.90032,15.92032,16.16032,15.60032,11.32,0.0013,2203985.0,38008778.0,-1.1179902014369882,16.10032
HK.09901,新东方-S,2022-07-20 00:00:00,16.22032,16.58032,16.88032,16.22032,11.751,0.00112,1896228.0,34135790.0,4.145645313662038,15.92032
HK.09901,新东方-S,2022-07-21 00:00:00,16.58032,16.38032,16.92032,16.12032,11.62,0.0014,2374815.0,42231548.0,-1.2062493365628606,16.58032
HK.09901,新东方-S,2022-07-22 00:00:00,16.70032,16.60032,16.82032,16.36032,11.764,0.00094,1596700.0,28687597.0,1.343075104759851,16.38032
HK.09901,新东方-S,2022-07-25 00:00:00,16.70032,16.76032,16.88032,16.38032,11.869,0.00059,1007274.0,18194466.0,0.963836841699438,16.60032
HK.09901,新东方-S,2022-07-26 00:00:00,17.20032,18.22032,18.34032,16.96032,12.823,0.00198,3364700.0,64547546.0,8.711050862990689,16.76032
HK.09901,新东方-S,2022-07-27 00:00:00,17.68032,17.26032,17.92032,16.66032,12.196,0.00244,4133800.0,76532752.0,-5.268842698701234,18.22032
HK.09901,新东方-S,2022-07-28 00:00:00,18.20032,19.10032,19.15032,17.88032,0.0,0.00404,6854554.0,136583380.0,10.660289032880039,17.26032
HK.09901,新东方-S,2022-07-29 00:00:00,21.40032,20.30032,21.45032,19.65032,0.0,0.00468,7942500.0,173579548.0,6.282617254580024,19.10032
HK.09901,新东方-S,2022-08-01 00:00:00,20.25032,20.30032,21.45032,19.65032,0.0,0.00217,3685265.0,80700440.0,0.0,20.30032
HK.09901,新东方-S,2022-08-02 00:00:00,19.00032,19.05032,19.35032,18.12032,0.0,0.00296,5019741.0,100869413.0,-6.157538403335514,20.30032
HK.09901,新东方-S,2022-08-03 00:00:00,19.45032,20.10032,20.45032,19.30032,0.0,0.00162,2752070.0,58586189.0,5.51171843832545,19.05032
HK.09901,新东方-S,2022-08-04 00:00:00,19.90032,19.75032,20.30032,19.30032,0.0,0.00213,3609847.0,76795118.0,-1.7412658106935681,20.10032
HK.09901,新东方-S,2022-08-05 00:00:00,19.75032,20.35032,20.45032,19.45032,0.0,0.00207,3520382.0,75743589.0,3.037925461460885,19.75032
HK.09901,新东方-S,2022-08-08 00:00:00,19.65032,19.60032,20.00032,18.95032,0.0,0.00112,1896000.0,39479995.0,-3.685445732548678,20.35032
HK.09901,新东方-S,2022-08-09 00:00:00,18.30032,18.20032,18.75032,17.62032,0.0,0.00173,2939127.0,57653081.0,-7.142740526685272,19.60032
HK.09901,新东方-S,2022-08-10 00:00:00,18.20032,17.94032,18.58032,17.46032,0.0,0.00119,2019762.0,38772204.0,-1.4285463112736565,18.20032
HK.09901,新东方-S,2022-08-11 00:00:00,18.30032,18.90032,18.90032,18.30032,0.0,0.00112,1896700.0,38003116.0,5.351075120176234,17.94032
HK.09901,新东方-S,2022-08-12 00:00:00,18.80032,18.40032,18.80032,18.08032,0.0,0.00067,1140800.0,22505931.0,-2.6454578546818253,18.90032
HK.09901,新东方-S,2022-08-15 00:00:00,18.40032,19.00032,19.40032,18.30032,0.0,0.00145,2466940.0,50523303.0,3.2608128554285893,18.40032
HK.09901,新东方-S,2022-08-16 00:00:00,18.85032,18.40032,19.40032,18.30032,0.0,0.00118,2009020.0,40475335.0,-3.1578415521422687,19.00032
HK.09901,新东方-S,2022-08-17 00:00:00,18.20032,18.48032,18.60032,17.60032,0.0,0.00148,2519835.0,49327022.0,0.4347750473904709,18.40032
HK.09901,新东方-S,2022-08-18 00:00:00,18.32032,17.72032,18.32032,17.58032,0.0,0.00091,1546900.0,29675428.0,-4.112482900728981,18.48032
HK.09901,新东方-S,2022-08-19 00:00:00,17.40032,17.92032,18.20032,17.40032,0.0,0.00078,1318780.0,25513245.0,1.1286477896561649,17.72032
HK.09901,新东方-S,2022-08-22 00:00:00,17.64032,17.98032,18.48032,17.52032,0.0,0.00113,1920370.0,37458710.0,0.33481544972410493,17.92032
HK.09901,新东方-S,2022-08-23 00:00:00,18.14032,18.80032,19.60032,18.14032,0.0,0.00266,4505641.0,91658827.0,4.560541747866558,17.98032
HK.09901,新东方-S,2022-08-24 00:00:00,19.10032,18.85032,19.60032,18.75032,0.0,0.00146,2471740.0,50532576.0,0.2659529199503025,18.80032
HK.09901,新东方-S,2022-08-25 00:00:00,18.85032,19.80032,20.15032,18.80032,0.0,0.00081,1376500.0,28808322.0,5.039702243781534,18.85032
HK.09901,新东方-S,2022-08-26 00:00:00,20.20032,20.55032,20.65032,20.00032,0.0,0.00138,2346450.0,51185980.0,3.787817570625121,19.80032
HK.09901,新东方-S,2022-08-29 00:00:00,21.40032,20.60032,21.80032,20.25032,0.0,0.00232,3931550.0,87897182.0,0.24330521373876762,20.55032
HK.09901,新东方-S,2022-08-30 00:00:00,20.60032,22.05032,23.40032,20.50032,0.0,0.00409,6945014.0,162069641.0,7.0387256120293245,20.60032
HK.09901,新东方-S,2022-08-31 00:00:00,21.10032,22.10032,22.75032,20.80032,0.0,0.00408,6920683.0,161781618.0,0.22675407885237361,22.05032
HK.09901,新东方-S,2022-09-01 00:00:00,21.30032,20.45032,21.75032,20.30032,0.0,0.00332,5629500.0,125823833.0,-7.465955244086957,22.10032
HK.09901,新东方-S,2022-09-02 00:00:00,20.30032,20.60032,20.80032,19.70032,0.0,0.00203,3444092.0,75046804.0,0.7334848550047068,20.45032
HK.09901,新东方-S,2022-09-05 00:00:00,20.10032,19.70032,20.15032,18.90032,0.0,0.00166,2809716.0,58727860.0,-4.368864172983714,20.60032
HK.09901,新东方-S,2022-09-06 00:00:00,20.00032,20.00032,20.30032,19.40032,0.0,0.0015,2543547.0,54229704.0,1.522817903465513,19.70032
HK.09901,新东方-S,2022-09-07 00:00:00,19.10032,19.35032,19.65032,18.50032,0.0,0.00232,3944420.0,80500086.0,-3.24994800083198,20.00032
HK.09901,新东方-S,2022-09-08 00:00:00,19.35032,18.65032,19.45032,18.32032,0.0,0.00173,2932656.0,58887000.0,-3.6175112349563174,19.35032
HK.09901,新东方-S,2022-09-09 00:00:00,18.90032,19.65032,20.00032,18.90032,0.0,0.00104,1771940.0,37280582.0,5.361838295535948,18.65032
HK.09901,新东方-S,2022-09-13 00:00:00,20.10032,19.60032,20.10032,19.20032,0.0,0.00121,2061487.0,43333293.0,-0.25444878251346903,19.65032
HK.09901,新东方-S,2022-09-14 00:00:00,19.60032,19.45032,19.90032,19.05032,0.0,0.00087,1468160.0,30749330.0,-0.7652936278591298,19.60032
HK.09901,新东方-S,2022-09-15 00:00:00,18.20032,18.24032,18.56032,17.72032,0.0,0.00138,2334475.0,45677975.0,-6.220977341246832,19.45032
HK.09901,新东方-S,2022-09-16 00:00:00,18.14032,19.05032,19.25032,18.14032,0.0,0.00677,11496518.0,234346362.0,4.440711566463739,18.24032
HK.09901,新东方-S,2022-09-19 00:00:00,18.02032,17.36032,18.02032,17.28032,0.0,0.00154,2618861.0,49695059.0,-8.87124205787618,19.05032
HK.09901,新东方-S,2022-09-20 00:00:00,17.70032,17.50032,17.90032,17.40032,0.0,0.00083,1402270.0,26665189.0,0.8064367477097024,17.36032
HK.09901,新东方-S,2022-09-21 00:00:00,17.50032,16.52032,17.50032,16.38032,0.0,0.00137,2321594.0,41987581.0,-5.599897601872406,17.50032
HK.09901,新东方-S,2022-09-22 00:00:00,16.10032,16.34032,16.50032,15.500319999,0.0,0.00145,2460357.0,43230094.0,-1.0895672723046723,16.52032
HK.09901,新东方-S,2022-09-23 00:00:00,16.34032,15.80032,16.34032,15.70032,0.0,0.00092,1553347.0,26876071.0,-3.304708842911272,16.34032
HK.09901,新东方-S,2022-09-26 00:00:00,15.70032,16.50032,17.20032,15.70032,0.0,0.00187,3175143.0,57429671.0,4.43029001944264,15.80032
HK.09901,新东方-S,2022-09-27 00:00:00,17.68032,18.04032,18.04032,17.14032,0.0,0.0017,2892720.0,55261245.0,9.333152326742772,16.50032
HK.09901,新东方-S,2022-09-28 00:00:00,18.00032,17.22032,18.00032,17.12032,0.0,0.00097,1640798.0,30870638.0,-4.545373917979283,18.04032
HK.09901,新东方-S,2022-09-29 00:00:00,18.14032,18.06032,18.50032,17.66032,0.0,0.00236,4002584.0,77727724.0,4.877958133182193,17.22032
HK.09901,新东方-S,2022-09-30 00:00:00,18.08032,18.50032,18.85032,17.80032,0.0,0.00203,3448230.0,68457566.0,2.4362801988004517,18.06032
HK.09901,新东方-S,2022-10-03 00:00:00,17.50032,17.92032,18.02032,16.60032,0.0,0.00119,2017849.0,38254710.0,-3.1350809067086316,18.50032
HK.09901,新东方-S,2022-10-05 00:00:00,19.25032,19.90032,20.00032,18.80032,0.0,0.00215,3641601.0,76876047.0,11.0489098408957,17.92032
HK.09901,新东方-S,2022-10-06 00:00:00,19.90032,19.90032,20.05032,19.60032,0.0,0.00083,1400410.0,29746657.0,0.0,19.90032
HK.09901,新东方-S,2022-10-07 00:00:00,19.30032,19.35032,19.45032,19.00032,0.0,0.0008,1359435.0,28047883.0,-2.763774652869907,19.90032
HK.09901,新东方-S,2022-10-10 00:00:00,18.70032,18.10032,18.90032,18.00032,0.0,0.00069,1163776.0,22815385.0,-6.45984149099343,19.35032
HK.09901,新东方-S,2022-10-11 00:00:00,16.92032,16.40032,16.92032,16.10032,0.0,0.00157,2666013.0,47729473.0,-9.392099145208478,18.10032
HK.09901,新东方-S,2022-10-12 00:00:00,16.40032,16.98032,17.56032,15.84032,0.0,0.00199,3386200.0,61122166.0,3.536516360656367,16.40032
HK.09901,新东方-S,2022-10-13 00:00:00,16.88032,16.34032,17.38032,16.22032,0.0,0.00097,1640452.0,29452924.0,-3.769069134150597,16.98032
HK.09901,新东方-S,2022-10-14 00:00:00,16.42032,16.92032,17.52032,16.42032,0.0,0.00099,1678904.0,30730906.0,3.549502090534346,16.34032
HK.09901,新东方-S,2022-10-17 00:00:00,16.56032,16.72032,16.96032,16.00032,0.0,0.0008,1355340.0,24143185.0,-1.1820107421136201,16.92032
HK.09901,新东方-S,2022-10-18 00:00:00,17.06032,17.34032,17.38032,16.58032,0.0,0.00112,1902530.0,35196760.0,3.708063003578863,16.72032
HK.09901,新东方-S,2022-10-19 00:00:00,16.82032,17.40032,17.86032,16.82032,0.0,0.00125,2125607.0,40294345.0,0.34601437574394406,17.34032
HK.09901,新东方-S,2022-10-20 00:00:00,16.24032,16.56032,16.94032,15.80032,0.0,0.00197,3348888.0,59782950.0,-4.827497425334705,17.40032
HK.09901,新东方-S,2022-10-21 00:00:00,17.10032,17.02032,17.24032,16.60032,0.0,0.00114,1938806.0,35574771.0,2.777724101949726,16.56032
HK.09901,新东方-S,2022-10-24 00:00:00,16.46032,14.38032,16.46032,13.90032,0.0,0.00337,5726227.0,92921720.0,-15.51087171099017,17.02032
HK.09901,新东方-S,2022-10-25 00:00:00,14.18032,14.46032,15.20032,13.52032,0.0,0.00361,6134280.0,96518492.0,0.5563158538892047,14.38032
HK.09901,新东方-S,2022-10-26 00:00:00,14.90032,15.80032,15.96032,14.90032,0.0,0.00243,4137830.0,70630678.0,9.266738218794604,14.46032
HK.09901,新东方-S,2022-10-27 00:00:00,18.38032,19.25032,20.40032,18.38032,0.0,0.00547,9290171.0,194379522.0,21.835000810110174,15.80032
HK.09901,新东方-S,2022-10-28 00:00:00,19.10032,18.06032,19.45032,17.78032,0.0,0.00216,3676337.0,71951705.0,-6.181715420834552,19.25032
HK.09901,新东方-S,2022-10-31 00:00:00,17.82032,17.82032,18.30032,17.38032,0.0,0.00255,4329373.0,83371787.0,-1.3288801084366277,18.06032
HK.09901,新东方-S,2022-11-01 00:00:00,17.34032,18.80032,19.35032,17.34032,0.0,0.00308,5231107.0,105132100.0,5.4993400791905,17.82032
HK.09901,新东方-S,2022-11-02 00:00:00,18.85032,19.45032,19.95032,18.42032,0.0,0.00137,2327053.0,48232318.0,3.4573879593538948,18.80032
HK.09901,新东方-S,2022-11-03 00:00:00,19.10032,19.00032,19.30032,18.50032,0.0,0.00148,2520460.0,51428496.0,-2.3135866145132975,19.45032
HK.09901,新东方-S,2022-11-04 00:00:00,19.70032,21.25032,21.60032,19.10032,0.0,0.0031,5264176.0,118142058.0,11.84190582053355,19.00032
HK.09901,新东方-S,2022-11-07 00:00:00,21.65032,21.70032,22.80032,21.35032,0.0,0.00397,6747439.0,158609546.0,2.1176151700303945,21.25032
HK.09901,新东方-S,2022-11-08 00:00:00,21.85032,22.10032,22.30032,21.25032,0.0,0.00245,4170940.0,96995265.0,1.8432907901818891,21.70032
HK.09901,新东方-S,2022-11-09 00:00:00,21.45032,20.60032,21.85032,20.00032,0.0,0.00258,4391642.0,96510205.0,-6.787232040079058,22.10032
HK.09901,新东方-S,2022-11-10 00:00:00,19.65032,19.20032,20.00032,19.10032,0.0,0.00162,2746780.0,57235267.0,-6.796010935752447,20.60032
HK.09901,新东方-S,2022-11-11 00:00:00,19.90032,20.75032,20.90032,19.10032,0.0,0.00234,3983500.0,85373278.0,8.07278212029798,19.20032
HK.09901,新东方-S,2022-11-14 00:00:00,18.90032,18.20032,19.35032,17.82032,0.0,0.00477,8098708.0,161389543.0,-12.288967109904798,20.75032
HK.09901,新东方-S,2022-11-15 00:00:00,18.22032,19.75032,19.75032,18.22032,0.0,0.00207,3511065.0,72269420.0,8.51633377874673,18.20032
HK.09901,新东方-S,2022-11-16 00:00:00,19.30032,19.65032,20.30032,19.30032,0.0,0.0014,2385063.0,50317241.0,-0.5063209102434688,19.75032
HK.09901,新东方-S,2022-11-17 00:00:00,18.80032,19.50032,19.55032,18.65032,0.0,0.0008,1366027.0,28111713.0,-0.7633463475404071,19.65032
HK.09901,新东方-S,2022-11-18 00:00:00,19.95032,19.90032,22.05032,19.55032,0.0,0.00467,7931566.0,174410306.0,2.0512483897700253,19.50032
HK.09901,新东方-S,2022-11-21 00:00:00,20.95032,20.75032,21.00032,19.70032,0.0,0.00361,6131530.0,133662823.0,4.271288099889841,19.90032
HK.09901,新东方-S,2022-11-22 00:00:00,19.90032,19.50032,20.05032,19.35032,0.0,0.00244,4153172.0,87481965.0,-6.024003485247457,20.75032
HK.09901,新东方-S,2022-11-23 00:00:00,18.95032,19.10032,19.35032,18.70032,0.0,0.00087,1473100.0,30087540.0,-2.0512483897700067,19.50032
HK.09901,新东方-S,2022-11-24 00:00:00,19.10032,19.30032,19.30032,18.95032,0.0,0.00101,1708500.0,35108925.0,1.0471028757633343,19.10032
HK.09901,新东方-S,2022-11-25 00:00:00,19.30032,18.60032,19.30032,18.40032,0.0,0.00135,2302300.0,46163337.0,-3.626882870335825,19.30032
HK.09901,新东方-S,2022-11-28 00:00:00,17.80032,18.10032,18.20032,17.00032,0.0,0.00165,2799000.0,53736904.0,-2.688125795685236,18.60032
HK.09901,新东方-S,2022-11-29 00:00:00,18.60032,19.35032,19.50032,18.46032,0.0,0.00156,2651241.0,54316712.0,6.905955253829767,18.10032
HK.09901,新东方-S,2022-11-30 00:00:00,18.90032,21.00032,21.00032,18.90032,0.0,0.00503,8553871.0,189226477.0,8.526990768111322,19.35032
HK.09901,新东方-S,2022-12-01 00:00:00,21.45032,20.10032,21.80032,19.95032,0.0,0.00276,4682464.0,102773575.0,-4.285648980586957,21.00032
HK.09901,新东方-S,2022-12-02 00:00:00,20.60032,20.70032,20.85032,20.05032,0.0,0.00138,2340716.0,51260478.0,2.985027104046112,20.10032
HK.09901,新东方-S,2022-12-05 00:00:00,22.05032,22.25032,22.40032,21.40032,0.0,0.00327,5554164.0,130619168.0,7.487806951776577,20.70032
HK.09901,新东方-S,2022-12-06 00:00:00,22.25032,21.75032,22.35032,21.35032,0.0,0.00171,2900240.0,67328466.0,-2.247158692549141,22.25032
HK.09901,新东方-S,2022-12-07 00:00:00,21.75032,20.85032,22.80032,20.65032,0.0,0.0024,4079460.0,94642402.0,-4.137870155473569,21.75032
HK.09901,新东方-S,2022-12-08 00:00:00,21.25032,22.95032,23.05032,21.20032,0.0,0.00195,3316060.0,79293463.0,10.071787867044733,20.85032
HK.09901,新东方-S,2022-12-09 00:00:00,23.60032,24.10032,24.50032,23.10032,0.0,0.00249,4224539.0,106832792.0,5.010823378497548,22.95032
HK.09901,新东方-S,2022-12-12 00:00:00,24.10032,23.90032,24.40032,23.45032,0.0,0.00242,4106670.0,104146554.0,-0.8298644997244821,24.10032
HK.09901,新东方-S,2022-12-13 00:00:00,23.75032,23.30032,24.20032,23.15032,0.0,0.00214,3629580.0,90446769.0,-2.510426638639154,23.90032
HK.09901,新东方-S,2022-12-14 00:00:00,23.55032,24.25032,24.80032,23.50032,0.0,0.00149,2534748.0,64966372.0,4.077197223042427,23.30032
HK.09901,新东方-S,2022-12-15 00:00:00,23.80032,23.55032,24.10032,23.15032,0.0,0.00078,1324509.0,32910628.0,-2.8865598474576806,24.25032
HK.09901,新东方-S,2022-12-16 00:00:00,24.40032,25.25032,25.70032,23.90032,0.0,0.00357,6065303.0,160999089.0,7.218585564867057,23.55032
HK.09901,新东方-S,2022-12-19 00:00:00,26.10032,27.10032,27.35032,25.65032,0.0,0.00378,6424794.0,180016540.0,7.326639820802278,25.25032
HK.09901,新东方-S,2022-12-20 00:00:00,27.10032,27.45032,28.25032,27.00032,0.0,0.00282,4793502.0,138135633.0,1.291497664972227,27.10032
HK.09901,新东方-S,2022-12-21 00:00:00,28.20032,28.60032,29.60032,27.75032,0.0,0.00231,3927420.0,117226472.0,4.189386498955198,27.45032
HK.09901,新东方-S,2022-12-22 00:00:00,29.60032,30.35032,30.60032,28.85032,0.0,0.00223,3786502.0,118935048.0,6.118812656641604,28.60032
HK.09901,新东方-S,2022-12-23 00:00:00,30.35032,29.70032,30.70032,29.60032,0.0,0.0016,2711635.0,85347452.0,-2.1416578144810288,30.35032
HK.09901,新东方-S,2022-12-28 00:00:00,28.85032,28.80032,29.55032,27.95032,0.0,0.0015,2548029.0,76683796.0,-3.0302703809251956,29.70032
HK.09901,新东方-S,2022-12-29 00:00:00,27.35032,27.00032,27.50032,26.00032,0.0,0.00249,4238596.0,119956245.0,-6.249930556327154,28.80032
HK.09901,新东方-S,2022-12-30 00:00:00,27.35032,27.10032,27.35032,26.40032,0.0,0.0019,3235941.0,91531532.0,0.37036598084763966,27.00032
HK.09901,新东方-S,2023-01-03 00:00:00,25.80032,26.50032,26.55032,25.00032,0.0,0.00164,2781271.0,75650504.0,-2.2139959970952425,27.10032
HK.09901,新东方-S,2023-01-04 00:00:00,26.50032,26.90032,27.35032,25.75032,0.0,0.00184,3133730.0,88065135.0,1.509415735357166,26.50032
HK.09901,新东方-S,2023-01-05 00:00:00,26.80032,26.35032,28.40032,26.15032,0.0,0.00329,5592666.0,157659693.0,-2.0445853432226855,26.90032
HK.09901,新东方-S,2023-01-06 00:00:00,27.30032,27.85032,28.65032,27.30032,0.0,0.00256,4356325.0,127608359.0,5.692530489193301,26.35032
HK.09901,新东方-S,2023-01-09 00:00:00,28.60032,29.85032,30.10032,28.60032,0.0,0.00323,5495284.0,169770954.0,7.181246032361567,27.85032
HK.09901,新东方-S,2023-01-10 00:00:00,29.35032,30.00032,30.20032,29.25032,0.0,0.00216,3675100.0,114898920.0,0.5025071758024657,29.85032
HK.09901,新东方-S,2023-01-11 00:00:00,30.20032,30.45032,31.30032,30.00032,0.0,0.00193,3284116.0,105434354.0,1.4999840001706743,30.00032
HK.09901,新东方-S,2023-01-12 00:00:00,30.45032,29.80032,30.45032,28.90032,0.0,0.00263,4472283.0,139054632.0,-2.134624529397399,30.45032
HK.09901,新东方-S,2023-01-13 00:00:00,29.80032,32.150319999,32.35032,29.05032,0.0,0.00301,5123071.0,166624949.0,7.885821356951865,29.80032
HK.09901,新东方-S,2023-01-16 00:00:00,32.10032,32.45032,33.20032,31.60032,0.0,0.00232,3942600.0,132486351.0,0.9331166875145628,32.150319999
HK.09901,新东方-S,2023-01-17 00:00:00,32.05032,32.70032,33.30032,31.80032,0.0,0.00205,3491500.0,118189069.0,0.7704084274053384,32.45032
HK.09901,新东方-S,2023-01-18 00:00:00,28.65032,30.20032,30.95032,27.90032,0.0,0.00748,12716440.0,395386158.0,-7.645185123570646,32.70032
HK.09901,新东方-S,2023-01-19 00:00:00,30.55032,31.80032,32.75032,29.90032,0.0,0.00414,7032516.0,231587871.0,5.297957107739249,30.20032
HK.09901,新东方-S,2023-01-20 00:00:00,33.55032,36.00032,36.05032,33.50032,0.0,0.00432,7347809.0,269409642.0,13.207414265013695,31.80032
HK.09901,新东方-S,2023-01-26 00:00:00,33.25032,34.40032,34.95032,33.25032,0.0,0.00471,8004528.0,284287598.0,-4.444404938622772,36.00032
HK.09901,新东方-S,2023-01-27 00:00:00,33.80032,33.40032,34.10032,32.900319999,0.0,0.00242,4109711.0,143332473.0,-2.906949702793462,34.40032
HK.09901,新东方-S,2023-01-30 00:00:00,33.30032,31.60032,33.30032,31.150319999,0.0,0.00385,6538598.0,216195782.0,-5.389169924120489,33.40032
HK.09901,新东方-S,2023-01-31 00:00:00,31.900319999,31.650319999,32.75032,31.05032,0.0,0.00347,5895127.0,194847411.0,0.15822624264564608,31.60032
HK.09901,新东方-S,2023-02-01 00:00:00,32.35032,33.55032,33.55032,32.05032,0.0,0.00274,4659788.0,160524552.0,6.003098866172694,31.650319999
HK.09901,新东方-S,2023-02-02 00:00:00,34.00032,33.75032,34.60032,33.40032,0.0,0.0013,2201910.0,77550481.0,0.5961195004995566,33.55032
HK.09901,新东方-S,2023-02-03 00:00:00,32.650319999,32.25032,32.85032,31.80032,0.0,0.00208,3541593.0,119027455.0,-4.444402304926294,33.75032
HK.09901,新东方-S,2023-02-06 00:00:00,31.80032,30.55032,32.25032,29.90032,0.0,0.00241,4089159.0,130182025.0,-5.271265525427353,32.25032
HK.09901,新东方-S,2023-02-07 00:00:00,30.70032,30.40032,31.00032,29.90032,0.0,0.00205,3478937.0,110459886.0,-0.49099322036560855,30.55032
HK.09901,新东方-S,2023-02-08 00:00:00,30.55032,30.55032,30.75032,30.00032,0.0,0.0009,1534132.0,48817109.0,0.49341585878042926,30.40032
HK.09901,新东方-S,2023-02-09 00:00:00,30.50032,31.50032,31.900319999,30.15032,0.0,0.00146,2482566.0,81178877.0,3.1096237289822146,30.55032
HK.09901,新东方-S,2023-02-10 00:00:00,31.75032,30.80032,31.75032,30.30032,0.0,0.001,1699430.0,54822826.0,-2.2221996474956422,31.50032
HK.09901,新东方-S,2023-02-13 00:00:00,30.10032,29.20032,30.10032,28.95032,0.0,0.00219,3720579.0,114471834.0,-5.194751223363906,30.80032
HK.09901,新东方-S,2023-02-14 00:00:00,30.00032,29.75032,30.85032,29.45032,0.0,0.00135,2287400.0,71412674.0,1.883541002290376,29.20032
HK.09901,新东方-S,2023-02-15 00:00:00,29.75032,29.10032,30.00032,28.80032,0.0,0.00164,2789820.0,85143519.0,-2.1848504486674383,29.75032
HK.09901,新东方-S,2023-02-16 00:00:00,30.35032,30.650319999,30.85032,30.05032,0.0,0.00237,4032412.0,127699081.0,5.326401905546058,29.10032
HK.09901,新东方-S,2023-02-17 00:00:00,30.650319999,30.45032,31.50032,29.45032,0.0,0.00132,2250417.0,71812729.0,-0.6525217322576874,30.650319999
HK.09901,新东方-S,2023-02-20 00:00:00,31.10032,31.900319999,32.05032,31.05032,0.0,0.00117,1988982.0,65295791.0,4.7618547161409115,30.45032
HK.09901,新东方-S,2023-02-21 00:00:00,31.900319999,30.85032,32.00032,30.60032,0.0,0.00079,1351002.0,43756651.0,-3.2915030289129255,31.900319999
HK.09901,新东方-S,2023-02-22 00:00:00,30.60032,29.80032,30.60032,28.90032,0.0,0.00107,1819164.0,56636657.0,-3.4035303361521074,30.85032
HK.09901,新东方-S,2023-02-23 00:00:00,31.60032,32.25032,33.00032,31.55032,0.0,0.00189,3218831.0,108676957.0,8.221388226703615,29.80032
HK.09901,新东方-S,2023-02-24 00:00:00,31.75032,31.30032,32.45032,31.00032,0.0,0.00124,2104694.0,69141866.0,-2.9457072053858777,32.25032
HK.09901,新东方-S,2023-02-27 00:00:00,30.40032,29.85032,30.45032,29.45032,0.0,0.00138,2348532.0,73456505.0,-4.632540497988517,31.30032
HK.09901,新东方-S,2023-02-28 00:00:00,29.80032,28.50032,29.80032,28.25032,0.0,0.00237,4026846.0,120890140.0,-4.522564582222239,29.85032
HK.09901,新东方-S,2023-03-01 00:00:00,29.35032,30.70032,30.80032,28.85032,0.0,0.00252,4290819.0,135177063.0,7.719211573764796,28.50032
HK.09901,新东方-S,2023-03-02 00:00:00,29.85032,30.75032,31.400319999,29.85032,0.0,0.00174,2951238.0,94612131.0,0.1628647518983423,30.70032
HK.09901,新东方-S,2023-03-03 00:00:00,31.50032,33.05032,33.40032,31.50032,0.0,0.00269,4572761.0,156078034.0,7.479596960291798,30.75032
HK.09901,新东方-S,2023-03-06 00:00:00,33.60032,32.95032,33.85032,31.85032,0.0,0.00213,3624802.0,124150060.0,-0.3025689312539226,33.05032
HK.09901,新东方-S,2023-03-07 00:00:00,32.30032,31.400319999,32.55032,30.80032,0.0,0.00331,5619031.0,184405373.0,-4.704051435615791,32.95032
HK.09901,新东方-S,2023-03-08 00:00:00,31.00032,27.95032,31.00032,27.45032,0.0,0.00367,6239800.0,184899771.0,-10.987149172715025,31.400319999
HK.09901,新东方-S,2023-03-09 00:00:00,30.05032,29.45032,30.20032,29.25032,0.0,0.00337,5723491.0,178511610.0,5.366664853926538,27.95032
HK.09901,新东方-S,2023-03-10 00:00:00,29.20032,29.90032,30.35032,29.00032,0.0,0.00245,4155650.0,129342649.0,1.5279969793197468,29.45032
HK.09901,新东方-S,2023-03-13 00:00:00,30.00032,31.70032,32.20032,30.00032,0.0,0.0028,4751024.0,156896731.0,6.02000246151212,29.90032
HK.09901,新东方-S,2023-03-14 00:00:00,30.70032,28.80032,30.900319999,28.65032,0.0,0.00299,5087786.0,157088512.0,-9.148172636743105,31.70032
HK.09901,新东方-S,2023-03-15 00:00:00,29.10032,27.60032,29.20032,26.95032,0.0,0.00433,7357573.0,215517191.0,-4.166620370884766,28.80032
HK.09901,新东方-S,2023-03-16 00:00:00,27.60032,27.65032,27.85032,26.70032,0.0,0.00247,4196656.0,121039824.0,0.18115731991513398,27.60032
HK.09901,新东方-S,2023-03-17 00:00:00,28.50032,27.00032,28.50032,26.60032,0.0,0.00428,7270178.0,206810159.0,-2.350786537009344,27.65032
HK.09901,新东方-S,2023-03-20 00:00:00,26.45032,25.30032,26.60032,24.90032,0.0,0.00206,3497964.0,95089735.0,-6.296221674409782,27.00032
HK.09901,新东方-S,2023-03-21 00:00:00,25.85032,26.50032,26.85032,25.40032,0.0,0.0023,3906760.0,107610371.0,4.743023013147657,25.30032
HK.09901,新东方-S,2023-03-22 00:00:00,27.30032,27.60032,28.35032,27.30032,0.0,0.00185,3136364.0,91276860.0,4.1508932722321905,26.50032
HK.09901,新东方-S,2023-03-23 00:00:00,27.35032,29.00032,29.20032,27.20032,0.0,0.00157,2674719.0,79757504.0,5.072404957623674,27.60032
HK.09901,新东方-S,2023-03-24 00:00:00,29.00032,29.05032,29.60032,28.60032,0.0,0.0014,2382090.0,72256557.0,0.17241189062741621,29.00032
HK.09901,新东方-S,2023-03-27 00:00:00,28.10032,27.50032,28.10032,26.95032,0.0,0.00128,2173420.0,62907434.0,-5.335569453279692,29.05032
HK.09901,新东方-S,2023-03-28 00:00:00,27.50032,27.95032,28.40032,27.35032,0.0,0.00039,666200.0,19488492.0,1.6363445952629019,27.50032
HK.09901,新东方-S,2023-03-29 00:00:00,29.55032,29.60032,30.60032,29.30032,0.0,0.00114,1929384.0,59702999.0,5.903331339319187,27.95032
HK.09901,新东方-S,2023-03-30 00:00:00,29.70032,29.50032,29.80032,29.20032,0.0,0.00088,1496026.0,46287101.0,-0.33783418557637696,29.60032
HK.09901,新东方-S,2023-03-31 00:00:00,29.50032,29.20032,30.05032,28.85032,0.0,0.00106,1799632.0,55248888.0,-1.0169381213491824,29.50032
HK.09901,新东方-S,2023-04-03 00:00:00,28.60032,28.60032,29.35032,27.90032,0.0,0.00146,2480076.0,74207609.0,-2.0547720024986074,29.20032
HK.09901,新东方-S,2023-04-04 00:00:00,29.60032,29.85032,30.05032,29.00032,0.0,0.00147,2504912.0,77419728.0,4.370580469029718,28.60032
HK.09901,新东方-S,2023-04-06 00:00:00,28.55032,28.15032,28.55032,27.40032,0.0,0.00111,1889488.0,55348596.0,-5.695081325761329,29.85032
HK.09901,新东方-S,2023-04-11 00:00:00,27.85032,28.15032,28.30032,27.20032,0.0,0.00077,1302396.0,38097497.0,0.0,28.15032
HK.09901,新东方-S,2023-04-12 00:00:00,28.35032,27.30032,29.05032,26.95032,0.0,0.00093,1586500.0,45760435.0,-3.0195038635440072,28.15032
HK.09901,新东方-S,2023-04-13 00:00:00,27.30032,27.40032,27.55032,26.45032,0.0,0.00094,1605427.0,45696845.0,0.36629607272003195,27.30032
HK.09901,新东方-S,2023-04-14 00:00:00,27.75032,27.55032,28.50032,27.35032,0.0,0.00115,1948728.0,56674729.0,0.5474388620278835,27.40032
HK.09901,新东方-S,2023-04-17 00:00:00,27.80032,29.05032,29.20032,27.80032,0.0,0.00149,2523777.0,76695774.0,5.444582857839764,27.55032
HK.09901,新东方-S,2023-04-18 00:00:00,28.90032,29.10032,29.45032,28.65032,0.0,0.00101,1721757.0,52218496.0,0.17211514365418595,29.05032
HK.09901,新东方-S,2023-04-19 00:00:00,29.10032,30.05032,30.95032,28.95032,0.0,0.00144,2454640.0,77109635.0,3.26456891195698,29.10032
HK.09901,新东方-S,2023-04-20 00:00:00,32.10032,33.75032,34.05032,32.05032,0.0,0.00447,7587862.0,262112620.0,12.312680863298636,30.05032
HK.09901,新东方-S,2023-04-21 00:00:00,33.80032,34.50032,34.60032,33.15032,0.0,0.00317,5394062.0,192045660.0,2.222201152463147,33.75032
HK.09901,新东方-S,2023-04-24 00:00:00,32.85032,33.15032,33.80032,32.55032,0.0,0.00365,6210316.0,213807822.0,-3.913007183701488,34.50032
HK.09901,新东方-S,2023-04-25 00:00:00,33.35032,32.70032,33.35032,32.30032,0.0,0.00311,5289536.0,180345980.0,-1.3574529597301106,33.15032
HK.09901,新东方-S,2023-04-26 00:00:00,33.10032,33.70032,33.95032,32.75032,0.0,0.00233,3954819.0,137064083.0,3.0580740494282628,32.70032
HK.09901,新东方-S,2023-04-27 00:00:00,34.20032,34.40032,34.40032,33.70032,0.0,0.00171,2911479.0,103464217.0,2.077131611806662,33.70032
HK.09901,新东方-S,2023-04-28 00:00:00,33.80032,33.90032,34.40032,33.65032,0.0,0.00318,5398369.0,191799568.0,-1.453474851396731,34.40032
HK.09901,新东方-S,2023-05-02 00:00:00,33.90032,33.15032,33.90032,32.30032,0.0,0.00111,1886880.0,64890225.0,-2.2123684968165493,33.90032
HK.09901,新东方-S,2023-05-03 00:00:00,31.70032,31.60032,31.70032,30.25032,0.0,0.0022,3742185.0,121107688.0,-4.67567130573702,33.15032
HK.09901,新东方-S,2023-05-04 00:00:00,31.35032,31.30032,32.05032,31.20032,0.0,0.00129,2196855.0,72396431.0,-0.9493574748610163,31.60032
HK.09901,新东方-S,2023-05-05 00:00:00,31.60032,31.00032,31.60032,30.60032,0.0,0.00189,3210657.0,104079427.0,-0.9584566547562475,31.30032
HK.09901,新东方-S,2023-05-08 00:00:00,31.00032,31.10032,31.650319999,30.60032,0.0,0.00104,1759586.0,57191284.0,0.3225773153309431,31.00032
HK.09901,新东方-S,2023-05-09 00:00:00,31.55032,31.05032,32.20032,30.85032,0.0,0.00137,2329466.0,76506158.0,-0.16077004995447222,31.10032
HK.09901,新东方-S,2023-05-10 00:00:00,30.05032,30.60032,31.650319999,29.40032,0.0,0.0029,4925800.0,157333769.0,-1.4492604263015625,31.05032
HK.09901,新东方-S,2023-05-11 00:00:00,29.85032,29.45032,30.15032,28.80032,0.0,0.00159,2703260.0,84068064.0,-3.7581306339280065,30.60032
HK.09901,新东方-S,2023-05-12 00:00:00,29.45032,29.20032,29.75032,29.15032,0.0,0.0009,1537838.0,47409731.0,-0.848887210733194,29.45032
HK.09901,新东方-S,2023-05-15 00:00:00,28.40032,28.90032,29.25032,28.20032,0.0,0.00126,2141000.0,64933409.0,-1.0273860012493037,29.20032
HK.09901,新东方-S,2023-05-16 00:00:00,29.50032,29.15032,29.95032,28.85032,0.0,0.00078,1331895.0,40623181.0,0.8650423247908674,28.90032
HK.09901,新东方-S,2023-05-17 00:00:00,29.15032,28.60032,29.50032,28.50032,0.0,0.00036,606991.0,18387536.0,-1.8867717404131437,29.15032
HK.09901,新东方-S,2023-05-18 00:00:00,28.50032,28.85032,29.15032,28.20032,0.0,0.00105,1786200.0,53996859.0,0.8741160938059434,28.60032
HK.09901,新东方-S,2023-05-19 00:00:00,27.80032,27.75032,27.85032,26.85032,0.0,0.00232,3934210.0,113847668.0,-3.812782665842186,28.85032
HK.09901,新东方-S,2023-05-22 00:00:00,27.60032,29.10032,29.55032,27.60032,0.0,0.00123,2085932.0,63484031.0,4.864808766169189,27.75032
HK.09901,新东方-S,2023-05-23 00:00:00,28.95032,28.65032,28.95032,28.25032,0.0,0.00141,2394491.0,71965255.0,-1.5463747477690943,29.10032
HK.09901,新东方-S,2023-05-24 00:00:00,28.30032,28.20032,28.65032,27.85032,0.0,0.00114,1937900.0,57413465.0,-1.5706630850894485,28.65032
HK.09901,新东方-S,2023-05-25 00:00:00,28.15032,27.55032,28.15032,27.10032,0.0,0.00124,2114246.0,60966980.0,-2.304938383677923,28.20032
HK.09901,新东方-S,2023-05-29 00:00:00,27.30032,27.60032,28.35032,27.30032,0.0,0.00161,2733317.0,79321146.0,0.18148609526132806,27.55032
HK.09901,新东方-S,2023-05-30 00:00:00,29.30032,28.80032,29.30032,27.80032,0.0,0.00181,3079743.0,91929860.0,4.347775677963151,27.60032
HK.09901,新东方-S,2023-05-31 00:00:00,28.55032,28.50032,28.60032,27.50032,0.0,0.00437,7419426.0,220225005.0,-1.0416550927211945,28.80032
HK.09901,新东方-S,2023-06-01 00:00:00,28.70032,29.05032,30.30032,28.45032,0.0,0.00329,5588293.0,172819224.0,1.929802893441199,28.50032
HK.09901,新东方-S,2023-06-02 00:00:00,30.60032,32.05032,32.80032,30.60032,0.0,0.00218,3707470.0,123687861.0,10.326908619251011,29.05032
HK.09901,新东方-S,2023-06-05 00:00:00,32.00032,32.60032,33.10032,32.00032,0.0,0.00175,2972493.0,101094239.0,1.7160515090021076,32.05032
HK.09901,新东方-S,2023-06-06 00:00:00,31.25032,31.25032,31.70032,30.70032,0.0,0.00126,2133020.0,69654847.0,-4.141063646001036,32.60032
HK.09901,新东方-S,2023-06-07 00:00:00,31.70032,31.75032,32.50032,31.25032,0.0,0.00296,5028600.0,166604611.0,1.5999836161677705,31.25032
HK.09901,新东方-S,2023-06-08 00:00:00,31.10032,31.85032,32.30032,30.55032,0.0,0.00377,6398326.0,210912436.0,0.31495745554690924,31.75032
HK.09901,新东方-S,2023-06-09 00:00:00,31.60032,32.55032,32.80032,31.60032,0.0,0.00186,3166563.0,107134257.0,2.197780116494903,31.85032
HK.09901,新东方-S,2023-06-12 00:00:00,31.70032,31.400319999,31.75032,30.75032,0.0,0.00161,2738200.0,89910942.0,-3.5329913838020603,32.55032
HK.09901,新东方-S,2023-06-13 00:00:00,30.30032,30.75032,31.20032,29.80032,0.0,0.00195,3315023.0,105869743.0,-2.0700425951732417,31.400319999
HK.09901,新东方-S,2023-06-14 00:00:00,30.60032,29.95032,30.60032,29.60032,0.0,0.0015,2550977.0,80100215.0,-2.6015989427101807,30.75032
HK.09901,新东方-S,2023-06-15 00:00:00,30.60032,31.150319999,31.30032,29.75032,0.0,0.00189,3212892.0,103576764.0,4.0066349842005,29.95032
HK.09901,新东方-S,2023-06-16 00:00:00,31.60032,32.25032,32.80032,31.45032,0.0,0.00404,6870737.0,231172870.0,3.5312638876111517,31.150319999
HK.09901,新东方-S,2023-06-19 00:00:00,31.70032,31.45032,31.80032,30.900319999,0.0,0.00102,1738980.0,56919658.0,-2.480595541377576,32.25032
HK.09901,新东方-S,2023-06-20 00:00:00,31.30032,30.80032,31.80032,30.60032,0.0,0.00132,2244678.0,72508274.0,-2.0667516260565937,31.45032
HK.09901,新东方-S,2023-06-21 00:00:00,29.35032,28.90032,29.50032,28.60032,0.0,0.00297,5044111.0,153337141.0,-6.168767077744643,30.80032
HK.09901,新东方-S,2023-06-23 00:00:00,28.75032,27.85032,28.75032,27.60032,0.0,0.00125,2118953.0,62042425.0,-3.633177764121645,28.90032
HK.09901,新东方-S,2023-06-26 00:00:00,27.85032,27.80032,28.30032,27.60032,0.0,0.00272,4621661.0,135544366.0,-0.17953115080904172,27.85032
HK.09901,新东方-S,2023-06-27 00:00:00,28.45032,28.75032,29.15032,28.25032,0.0,0.00153,2593082.0,78098069.0,3.41722685206501,27.80032
HK.09901,新东方-S,2023-06-28 00:00:00,29.75032,30.35032,30.45032,29.20032,0.0,0.00239,4066606.0,127865456.0,5.5651554487045765,28.75032
HK.09901,新东方-S,2023-06-29 00:00:00,30.20032,29.20032,30.20032,29.20032,0.0,0.00099,1684937.0,51788480.0,-3.789086902543362,30.35032
HK.09901,新东方-S,2023-06-30 00:00:00,29.40032,29.35032,29.90032,29.20032,0.0,0.00062,1052230.0,32476445.0,0.5136930006246457,29.20032
HK.09901,新东方-S,2023-07-03 00:00:00,29.55032,30.25032,30.35032,29.45032,0.0,0.00103,1750310.0,55095470.0,3.0664060902913444,29.35032
HK.09901,新东方-S,2023-07-04 00:00:00,30.35032,31.20032,31.20032,29.95032,0.0,0.00144,2452800.0,78639358.0,3.140462646345569,30.25032
HK.09901,新东方-S,2023-07-05 00:00:00,30.900319999,30.15032,31.35032,29.90032,0.0,0.00163,2772500.0,88416812.0,-3.365350098973346,31.20032
HK.09901,新东方-S,2023-07-06 00:00:00,30.25032,29.65032,30.55032,29.10032,0.0,0.00115,1947560.0,60633862.0,-1.6583571915654627,30.15032
HK.09901,新东方-S,2023-07-07 00:00:00,31.50032,29.40032,31.50032,29.00032,0.0,0.00084,1421674.0,43945807.0,-0.8431612205197111,29.65032
HK.09901,新东方-S,2023-07-10 00:00:00,31.400319999,31.50032,32.05032,31.10032,0.0,0.00127,2165600.0,71136468.0,7.142779398319467,29.40032
HK.09901,新东方-S,2023-07-11 00:00:00,32.60032,33.40032,33.65032,32.60032,0.0,0.00137,2333615.0,80935405.0,6.031684757488185,31.50032
HK.09901,新东方-S,2023-07-12 00:00:00,33.10032,34.65032,34.80032,33.10032,0.0,0.00176,2988717.0,107264004.0,3.7424791139725606,33.40032
HK.09901,新东方-S,2023-07-13 00:00:00,34.45032,35.00032,35.05032,34.40032,0.0,0.00141,2400523.0,86913681.0,1.010091681692987,34.65032
HK.09901,新东方-S,2023-07-14 00:00:00,35.00032,34.65032,35.45032,34.25032,0.0,0.00103,1741973.0,63089587.0,-0.9999908572264522,35.00032
HK.09901,新东方-S,2023-07-18 00:00:00,34.00032,34.05032,34.25032,33.45032,0.0,0.00079,1334579.0,47143073.0,-1.7315857400451176,34.65032
HK.09901,新东方-S,2023-07-19 00:00:00,33.10032,33.60032,33.75032,32.45032,0.0,0.00091,1547564.0,53772987.0,-1.3215734830098387,34.05032
HK.09901,新东方-S,2023-07-20 00:00:00,32.900319999,34.25032,34.65032,32.900319999,0.0,0.00048,823384.0,29333405.0,1.9345053856629892,33.60032
HK.09901,新东方-S,2023-07-21 00:00:00,34.15032,36.00032,36.40032,34.15032,0.0,0.00247,4189553.0,154614294.0,5.109441313249044,34.25032
HK.09901,新东方-S,2023-07-24 00:00:00,36.00032,36.80032,37.50032,35.65032,0.0,0.00349,5934230.0,226210740.0,2.2222024693113758,36.00032
HK.09901,新东方-S,2023-07-25 00:00:00,37.80032,38.10032,38.50032,37.20032,0.0,0.00486,8251178.0,325209993.0,3.5325779775828154,36.80032
HK.09901,新东方-S,2023-07-26 00:00:00,38.10032,38.40032,38.75032,37.00032,0.0,0.00243,4132514.0,162709524.0,0.7873949615121268,38.10032
HK.09901,新东方-S,2023-07-27 00:00:00,40.50032,39.75032,40.50032,39.05032,50.305,0.00541,9189500.0,376289035.0,3.515595703369142,38.40032
HK.09901,新东方-S,2023-07-28 00:00:00,39.65032,42.60032,43.25032,39.45032,53.789,0.00361,6128089.0,266611342.0,7.169753601983585,39.75032
HK.09901,新东方-S,2023-07-31 00:00:00,42.60032,44.45032,45.10032,42.60032,56.051,0.00547,9288496.0,423579276.0,4.342690383546401,42.60032
HK.09901,新东方-S,2023-08-01 00:00:00,43.10032,42.55032,44.05032,41.75032,53.728,0.00412,7004999.0,311410225.0,-4.274434919703612,44.45032
HK.09901,新东方-S,2023-08-02 00:00:00,42.50032,41.60032,43.10032,41.30032,52.567,0.00245,4163530.0,180246929.0,-2.2326506592664774,42.55032
HK.09901,新东方-S,2023-08-03 00:00:00,41.60032,41.90032,42.50032,40.80032,52.933,0.00278,4718673.0,204163281.0,0.7211482988592327,41.60032
HK.09901,新东方-S,2023-08-04 00:00:00,42.60032,43.00032,44.10032,42.50032,54.278,0.00227,3856471.0,171063633.0,2.62527827949763,41.90032
HK.09901,新东方-S,2023-08-07 00:00:00,43.00032,43.40032,43.75032,41.85032,54.767,0.00054,924504.0,41300638.0,0.9302256355301509,43.00032
HK.09901,新东方-S,2023-08-08 00:00:00,42.70032,41.25032,42.70032,40.90032,52.139,0.00281,4768138.0,203863933.0,-4.953880524383227,43.40032
HK.09901,新东方-S,2023-08-09 00:00:00,40.85032,41.30032,41.35032,39.45032,52.2,0.00315,5346834.0,225046502.0,0.12121118090719575,41.25032
HK.09901,新东方-S,2023-08-10 00:00:00,41.30032,41.25032,41.40032,40.45032,52.139,0.00147,2495217.0,105842951.0,-0.12106443727311837,41.30032
HK.09901,新东方-S,2023-08-11 00:00:00,41.25032,40.20032,41.25032,39.90032,50.855,0.0018,3055093.0,127549683.0,-2.5454347990512662,41.25032
HK.09901,新东方-S,2023-08-14 00:00:00,39.60032,40.10032,40.10032,39.15032,50.733,0.00142,2404926.0,98742335.0,-0.24875423877221453,40.20032
HK.09901,新东方-S,2023-08-15 00:00:00,40.10032,40.15032,40.65032,38.65032,50.794,0.0007,1185513.0,49168963.0,0.12468728429099107,40.10032
HK.09901,新东方-S,2023-08-16 00:00:00,39.00032,38.40032,39.00032,37.80032,48.655,0.00163,2769921.0,109953001.0,-4.358620304894208,40.15032
HK.09901,新东方-S,2023-08-17 00:00:00,38.45032,40.20032,40.45032,37.45032,50.855,0.00204,3460250.0,142211128.0,4.68746093782551,38.40032
HK.09901,新东方-S,2023-08-18 00:00:00,40.20032,39.00032,40.20032,39.00032,49.388,0.00134,2283622.0,93189997.0,-2.985050865266734,40.20032
HK.09901,新东方-S,2023-08-21 00:00:00,39.00032,38.75032,39.60032,38.05032,49.083,0.002,3390621.0,136591966.0,-0.6410203813712297,39.00032
HK.09901,新东方-S,2023-08-22 00:00:00,39.70032,40.80032,41.50032,39.70032,51.589,0.00164,2785621.0,117780875.0,5.290278893180746,38.75032
HK.09901,新东方-S,2023-08-23 00:00:00,40.80032,40.30032,40.80032,39.65032,50.977,0.00164,2781047.0,115925189.0,-1.2254805844660042,40.80032
HK.09901,新东方-S,2023-08-24 00:00:00,40.80032,42.50032,42.70032,40.80032,53.667,0.00159,2698840.0,117794978.0,5.459013724953059,40.30032
HK.09901,新东方-S,2023-08-25 00:00:00,42.50032,41.85032,42.50032,41.20032,52.872,0.00136,2317694.0,99861664.0,-1.5294002492216494,42.50032
HK.09901,新东方-S,2023-08-28 00:00:00,42.45032,41.60032,43.20032,41.50032,52.567,0.00189,3206393.0,139687997.0,-0.5973669974327556,41.85032
HK.09901,新东方-S,2023-08-29 00:00:00,41.60032,41.25032,41.60032,40.35032,52.139,0.00126,2142797.0,91196725.0,-0.8413396820024495,41.60032
HK.09901,新东方-S,2023-08-30 00:00:00,41.25032,41.25032,42.35032,40.85032,52.139,0.00122,2078151.0,88982235.0,0.0,41.25032
HK.09901,新东方-S,2023-08-31 00:00:00,41.25032,40.95032,41.25032,40.15032,51.772,0.0036,6115781.0,258440574.0,-0.7272670854432263,41.25032
HK.09901,新东方-S,2023-09-04 00:00:00,43.50032,45.00032,45.40032,43.45032,56.723,0.00248,4221517.0,189834389.0,9.890032605361824,40.95032
HK.09901,新东方-S,2023-09-05 00:00:00,46.05032,43.95032,46.05032,43.75032,55.44,0.00153,2607603.0,118746717.0,-2.333316740858741,45.00032
HK.09901,新东方-S,2023-09-06 00:00:00,43.85032,42.85032,43.90032,42.35032,54.095,0.00105,1777708.0,78683847.0,-2.5028259179910277,43.95032
HK.09901,新东方-S,2023-09-07 00:00:00,42.30032,41.75032,42.70032,41.60032,52.75,0.00088,1487597.0,64397302.0,-2.5670753450616033,42.85032
HK.09901,新东方-S,2023-09-11 00:00:00,40.90032,42.75032,43.20032,40.80032,53.973,0.00165,2803216.0,122977350.0,2.3951912224864382,41.75032
HK.09901,新东方-S,2023-09-12 00:00:00,43.40032,44.05032,44.55032,43.20032,55.562,0.00075,1271870.0,57691751.0,3.040912910125578,42.75032
HK.09901,新东方-S,2023-09-13 00:00:00,44.05032,44.15032,44.35032,43.65032,55.684,0.00061,1028885.0,46707168.0,0.22701310682873907,44.05032
HK.09901,新东方-S,2023-09-14 00:00:00,44.60032,44.80032,45.15032,44.05032,56.479,0.00127,2164114.0,99699569.0,1.4722430097901864,44.15032
HK.09901,新东方-S,2023-09-15 00:00:00,44.90032,44.75032,45.30032,44.05032,56.418,0.00171,2912693.0,134545102.0,-0.11160634566895317,44.80032
HK.09901,新东方-S,2023-09-18 00:00:00,43.65032,43.60032,44.10032,42.65032,55.012,0.00162,2756702.0,124387805.0,-2.569814025910873,44.75032
HK.09901,新东方-S,2023-09-19 00:00:00,43.80032,43.20032,43.80032,42.50032,54.523,0.00084,1433588.0,63501237.0,-0.9174244592700366,43.60032
HK.09901,新东方-S,2023-09-20 00:00:00,42.25032,42.50032,42.95032,41.90032,53.667,0.00093,1573468.0,69256376.0,-1.6203583677157847,43.20032
HK.09901,新东方-S,2023-09-21 00:00:00,41.65032,41.85032,42.10032,41.10032,52.872,0.0017,2883381.0,124456265.0,-1.5294002492216494,42.50032
HK.09901,新东方-S,2023-09-22 00:00:00,41.35032,42.60032,43.10032,40.50032,53.789,0.00143,2421942.0,106101450.0,1.7921009922982667,41.85032
HK.09901,新东方-S,2023-09-25 00:00:00,42.60032,40.70032,42.60032,40.45032,51.466,0.00074,1257322.0,53646651.0,-4.4600603939125465,42.60032
HK.09901,新东方-S,2023-09-26 00:00:00,41.50032,41.35032,41.60032,40.80032,50.892,0.00132,2177870.0,92994068.0,1.5970390404793027,40.70032
HK.09901,新东方-S,2023-09-27 00:00:00,41.90032,44.45032,44.70032,41.85032,54.583,0.00224,3708413.0,168654224.0,7.496919008123744,41.35032
HK.09901,新东方-S,2023-09-28 00:00:00,44.45032,44.70032,45.65032,44.45032,54.88,0.00171,2825507.0,130903461.0,0.562425647329423,44.45032
HK.09901,新东方-S,2023-09-29 00:00:00,44.95032,46.30032,46.50032,44.85032,56.785,0.0012,1985448.0,94176999.0,3.5793927202310885,44.70032
HK.09901,新东方-S,2023-10-03 00:00:00,44.90032,44.20032,44.90032,43.35032,54.285,0.00153,2532670.0,114829826.0,-4.53560580142859,46.30032
HK.09901,新东方-S,2023-10-04 00:00:00,44.50032,44.00032,44.60032,43.60032,54.047,0.00147,2440400.0,110878176.0,-0.45248541187031166,44.20032
HK.09901,新东方-S,2023-10-05 00:00:00,44.00032,44.60032,45.70032,44.00032,54.761,0.00089,1465136.0,67678668.0,1.3636264463531205,44.00032
HK.09901,新东方-S,2023-10-06 00:00:00,45.10032,45.55032,45.80032,45.10032,55.892,0.00117,1931585.0,90296487.0,2.130029560326015,44.60032
HK.09901,新东方-S,2023-10-09 00:00:00,45.55032,45.55032,46.20032,44.90032,55.892,0.00101,1670384.0,78397484.0,0.0,45.55032
HK.09901,新东方-S,2023-10-10 00:00:00,45.55032,47.35032,48.15032,45.55032,58.035,0.00217,3584671.0,175073116.0,3.951673665519813,45.55032
HK.09901,新东方-S,2023-10-11 00:00:00,48.10032,47.85032,48.35032,47.55032,58.63,0.00241,3984856.0,197014976.0,1.0559590727158759,47.35032
HK.09901,新东方-S,2023-10-12 00:00:00,49.20032,49.80032,50.15032,48.65032,60.952,0.00202,3344159.0,170351140.0,4.075207856499174,47.85032
HK.09901,新东方-S,2023-10-13 00:00:00,48.20032,47.65032,48.60032,47.45032,58.392,0.00136,2244097.0,110395333.0,-4.317241334995435,49.80032
HK.09901,新东方-S,2023-10-16 00:00:00,48.05032,46.90032,48.05032,46.55032,57.5,0.00086,1418163.0,68652049.0,-1.5739663448220285,47.65032
HK.09901,新东方-S,2023-10-17 00:00:00,47.95032,47.35032,48.45032,47.00032,58.035,0.00119,1973412.0,96476842.0,0.9594817263507005,46.90032
HK.09901,新东方-S,2023-10-18 00:00:00,47.50032,47.15032,47.60032,46.45032,57.797,0.00217,3588329.0,174004228.0,-0.4223836290863564,47.35032
HK.09901,新东方-S,2023-10-19 00:00:00,46.55032,46.75032,47.60032,46.50032,57.321,0.00119,1971938.0,95387059.0,-0.8483505520217013,47.15032
HK.09901,新东方-S,2023-10-20 00:00:00,47.00032,45.45032,47.00032,45.05032,55.773,0.00251,4152960.0,197795480.0,-2.7807296292303545,46.75032
HK.09901,新东方-S,2023-10-24 00:00:00,45.10032,46.10032,46.55032,44.65032,56.547,0.0027,4468505.0,211030313.0,1.4301329451585945,45.45032
HK.09901,新东方-S,2023-10-25 00:00:00,48.40032,46.60032,49.05032,46.45032,57.142,0.00219,3627340.0,177262097.0,1.084591169866066,46.10032
HK.09901,新东方-S,2023-10-26 00:00:00,48.95032,49.60032,51.10032,48.75032,60.714,0.00342,5655375.0,289210110.0,6.437724032796341,46.60032
HK.09901,新东方-S,2023-10-27 00:00:00,49.60032,50.95032,51.30032,49.45032,62.321,0.00221,3651706.0,190538351.0,2.721756633828157,49.60032
HK.09901,新东方-S,2023-10-30 00:00:00,49.65032,50.15032,50.35032,49.05032,61.369,0.00257,4261833.0,219169695.0,-1.5701569685921446,50.95032
HK.09901,新东方-S,2023-10-31 00:00:00,50.15032,49.80032,50.45032,49.10032,60.952,0.00182,3010706.0,154333605.0,-0.6979018279444706,50.15032
HK.09901,新东方-S,2023-11-01 00:00:00,50.05032,49.60032,50.40032,48.85032,60.714,0.00109,1800951.0,91696850.0,-0.40160384511584607,49.80032
HK.09901,新东方-S,2023-11-02 00:00:00,50.15032,50.65032,51.55032,49.85032,61.964,0.00156,2580100.0,134464362.0,2.1169218263107923,49.60032
HK.09901,新东方-S,2023-11-03 00:00:00,51.10032,51.25032,51.40032,49.70032,62.678,0.00092,1530386.0,79993649.0,1.1845927133333045,50.65032
HK.09901,新东方-S,2023-11-06 00:00:00,51.25032,51.45032,51.80032,49.60032,62.916,0.00189,3124618.0,164180448.0,0.39024146580937585,51.25032
HK.09901,新东方-S,2023-11-07 00:00:00,50.40032,50.30032,50.55032,49.70032,61.547,0.00177,2931047.0,151349733.0,-2.235165884293817,51.45032
HK.09901,新东方-S,2023-11-08 00:00:00,51.30032,51.30032,52.40032,50.80032,62.738,0.00105,1732399.0,91481230.0,1.98805892288558,50.30032
HK.09901,新东方-S,2023-11-09 00:00:00,51.45032,52.50032,53.25032,51.45032,64.166,0.00136,2247921.0,121438229.0,2.339166695256487,51.30032
HK.09901,新东方-S,2023-11-10 00:00:00,52.40032,51.10032,52.40032,50.95032,62.5,0.00061,1006641.0,53152425.0,-2.6666504127974813,52.50032
HK.09901,新东方-S,2023-11-13 00:00:00,51.10032,52.40032,52.60032,50.95032,64.047,0.00096,1582125.0,84182394.0,2.5440153799428202,51.10032
HK.09901,新东方-S,2023-11-14 00:00:00,52.85032,52.20032,53.70032,52.05032,63.809,0.00092,1517100.0,82004104.0,-0.3816770584607171,52.40032
HK.09901,新东方-S,2023-11-15 00:00:00,52.20032,52.15032,53.40032,50.80032,63.75,0.00152,2518798.0,133794426.0,-0.09578485342618044,52.20032
HK.09901,新东方-S,2023-11-16 00:00:00,51.75032,51.90032,52.25032,50.40032,63.452,0.00147,2437679.0,129070408.0,-0.47938344385998016,52.15032
HK.09901,新东方-S,2023-11-17 00:00:00,51.90032,52.15032,53.10032,51.55032,63.75,0.00117,1930489.0,103570455.0,0.4816925984271388,51.90032
HK.09901,新东方-S,2023-11-20 00:00:00,52.60032,53.85032,54.00032,52.20032,65.773,0.00206,3406097.0,186851880.0,3.2598074182478705,52.15032
HK.09901,新东方-S,2023-11-21 00:00:00,54.35032,53.60032,55.40032,53.20032,65.476,0.00093,1534337.0,85068712.0,-0.4642497946158908,53.85032
HK.09901,新东方-S,2023-11-22 00:00:00,53.65032,55.30032,55.60032,53.65032,67.5,0.00145,2392529.0,135086097.0,3.171622855982941,53.60032
HK.09901,新东方-S,2023-11-23 00:00:00,55.30032,56.10032,56.15032,54.40032,68.452,0.00089,1480221.0,84085256.0,1.4466462400217655,55.30032
HK.09901,新东方-S,2023-11-24 00:00:00,55.45032,55.40032,55.85032,54.75032,67.619,0.00121,1998958.0,113673767.0,-1.247764718632626,56.10032
HK.09901,新东方-S,2023-11-27 00:00:00,56.40032,57.30032,57.95032,56.25032,69.88,0.00108,1779709.0,104278243.0,3.4295830782204844,55.40032
HK.09901,新东方-S,2023-11-28 00:00:00,57.00032,57.35032,57.65032,56.20032,69.94,0.00116,1915262.0,112362805.0,0.08725954759066662,57.30032
HK.09901,新东方-S,2023-11-29 00:00:00,58.60032,60.30032,61.10032,58.40032,73.452,0.00251,4148550.0,254800840.0,5.143824829573742,57.35032
HK.09901,新东方-S,2023-11-30 00:00:00,60.30032,61.65032,62.00032,59.00032,75.059,0.00421,6961437.0,435771040.0,2.238794089318268,60.30032
HK.09901,新东方-S,2023-12-01 00:00:00,61.85032,63.25032,63.700319999,61.75032,76.964,0.00236,3904700.0,251638694.0,2.5952825548999603,61.65032
HK.09901,新东方-S,2023-12-04 00:00:00,62.00032,62.60032,64.450319999,61.65032,76.19,0.00337,5580501.0,359906873.0,-1.0276627849471727,63.25032
HK.09901,新东方-S,2023-12-05 00:00:00,61.90032,59.75032,62.35032,59.00032,72.797,0.00436,7214236.0,441684528.0,-4.552692382403159,62.60032
HK.09901,新东方-S,2023-12-06 00:00:00,58.85032,60.85032,61.70032,56.65032,74.107,0.00375,6205649.0,384537238.0,1.8409943243818634,59.75032
HK.09901,新东方-S,2023-12-07 00:00:00,60.10032,60.20032,61.50032,59.50032,73.333,0.00264,4373166.0,268810183.0,-1.0681948755569497,60.85032
HK.09901,新东方-S,2023-12-08 00:00:00,60.70032,61.45032,62.40032,60.70032,74.821,0.00136,2255075.0,142183719.0,2.0764009227857927,60.20032
HK.09901,新东方-S,2023-12-11 00:00:00,61.35032,59.75032,61.35032,57.70032,72.797,0.00178,2947754.0,178598990.0,-2.7664624041013877,61.45032
HK.09901,新东方-S,2023-12-12 00:00:00,60.40032,61.10032,61.10032,59.90032,74.404,0.00092,1527316.0,94914521.0,2.2594021253777408,59.75032
HK.09901,新东方-S,2023-12-13 00:00:00,62.05032,62.75032,63.00032,61.50032,76.369,0.00171,2832927.0,181069595.0,2.700476855113031,61.10032
HK.09901,新东方-S,2023-12-14 00:00:00,61.60032,61.35032,62.75032,60.90032,74.702,0.00135,2242422.0,140937681.0,-2.231064319671993,62.75032
HK.09901,新东方-S,2023-12-15 00:00:00,62.80032,60.25032,63.55032,59.35032,73.392,0.00738,12220119.0,758068709.0,-1.7929816828991296,61.35032
HK.09901,新东方-S,2023-12-18 00:00:00,58.10032,60.65032,62.950319999,57.95032,73.869,0.00522,8644353.0,536163885.0,0.6638968888463971,60.25032
HK.09901,新东方-S,2023-12-19 00:00:00,58.55032,58.20032,59.10032,56.05032,70.952,0.00482,7971184.0,471891886.0,-4.0395499974278835,60.65032
HK.09901,新东方-S,2023-12-20 00:00:00,57.75032,57.15032,57.90032,56.20032,69.702,0.00375,6210605.0,363307939.0,-1.804113791814198,58.20032
HK.09901,新东方-S,2023-12-21 00:00:00,55.45032,56.05032,56.35032,54.50032,68.392,0.00285,4723080.0,269698066.0,-1.9247486278292079,57.15032
HK.09901,新东方-S,2023-12-22 00:00:00,56.10032,52.70032,56.20032,51.00032,64.404,0.00729,12062297.0,652845164.0,-5.976772300318716,56.05032
HK.09901,新东方-S,2023-12-27 00:00:00,53.30032,54.85032,56.00032,53.30032,66.964,0.00343,5674109.0,316058833.0,4.079671622487313,52.70032
HK.09901,新东方-S,2023-12-28 00:00:00,53.95032,55.40032,56.05032,53.95032,67.619,0.00113,1868517.0,106099542.0,1.0027288810712447,54.85032
HK.09901,新东方-S,2023-12-29 00:00:00,54.60032,53.85032,54.70032,53.00032,65.773,0.00195,3235297.0,177748529.0,-2.7978177743377604,55.40032
HK.09901,新东方-S,2024-01-02 00:00:00,54.60032,56.90032,57.45032,54.60032,69.404,0.00271,4493468.0,261226762.0,5.663847494313863,53.85032
HK.09901,新东方-S,2024-01-03 00:00:00,54.60032,54.00032,54.80032,53.75032,65.952,0.0029,4803150.0,267802612.0,-5.0966321454782655,56.90032
HK.09901,新东方-S,2024-01-04 00:00:00,55.20032,57.25032,57.25032,55.20032,69.821,0.00226,3746329.0,217742511.0,6.018482853434942,54.00032
HK.09901,新东方-S,2024-01-05 00:00:00,57.90032,58.50032,59.20032,57.50032,71.309,0.00246,4068127.0,242504468.0,2.1833939094139563,57.25032
HK.09901,新东方-S,2024-01-08 00:00:00,58.15032,58.20032,59.30032,57.60032,70.952,0.00198,3282374.0,196419963.0,-0.5128177076638286,58.50032
HK.09901,新东方-S,2024-01-09 00:00:00,57.55032,57.00032,58.50032,56.50032,69.523,0.00186,3072337.0,179765551.0,-2.061844333501939,58.20032
HK.09901,新东方-S,2024-01-10 00:00:00,57.00032,57.25032,58.00032,56.30032,69.821,0.001,1661870.0,97336277.0,0.4385940289458024,57.00032
HK.09901,新东方-S,2024-01-11 00:00:00,57.40032,57.60032,58.80032,57.20032,70.238,0.00111,1834400.0,108829954.0,0.6113502946359102,57.25032
HK.09901,新东方-S,2024-01-12 00:00:00,58.10032,59.45032,59.90032,58.00032,72.44,0.00134,2220791.0,134417249.0,3.2117877122904774,57.60032
HK.09901,新东方-S,2024-01-15 00:00:00,59.45032,60.50032,60.80032,59.40032,73.69,0.00125,2064805.0,127537543.0,1.766180568918728,59.45032
HK.09901,新东方-S,2024-01-16 00:00:00,60.60032,59.55032,61.50032,59.55032,72.559,0.00143,2366389.0,145644989.0,-1.5702396284846143,60.50032
HK.09901,新东方-S,2024-01-17 00:00:00,58.80032,56.15032,58.80032,55.60032,68.511,0.00302,5003841.0,290599480.0,-5.709457144814669,59.55032
HK.09901,新东方-S,2024-01-18 00:00:00,56.65032,57.10032,57.55032,55.10032,69.642,0.00176,2915327.0,169673486.0,1.6918870631547653,56.15032
HK.09901,新东方-S,2024-01-19 00:00:00,56.15032,55.60032,57.10032,55.10032,67.857,0.0017,2806836.0,160832787.0,-2.626955505678427,57.10032
HK.09901,新东方-S,2024-01-22 00:00:00,55.50032,52.85032,55.55032,51.90032,64.583,0.00327,5415795.0,294986292.0,-4.946014699195976,55.60032
HK.09901,新东方-S,2024-01-23 00:00:00,52.85032,53.05032,53.65032,51.55032,64.821,0.00381,6298116.0,340882702.0,0.37842722617383534,52.85032
HK.09901,新东方-S,2024-01-24 00:00:00,55.90032,57.10032,57.55032,54.10032,69.642,0.00267,4425515.0,252639528.0,7.634261207095461,53.05032
HK.09901,新东方-S,2024-01-25 00:00:00,58.20032,61.10032,61.35032,56.75032,74.404,0.0036,5958920.0,365592013.0,7.0052146818091385,57.10032
HK.09901,新东方-S,2024-01-26 00:00:00,61.10032,60.65032,62.60032,60.20032,73.869,0.00291,4815668.0,301933253.0,-0.7364936877581048,61.10032
HK.09901,新东方-S,2024-01-29 00:00:00,60.65032,60.80032,62.85032,60.15032,74.047,0.00146,2419655.0,151243627.0,0.24731938759762284,60.65032
HK.09901,新东方-S,2024-01-30 00:00:00,59.60032,57.60032,59.60032,56.15032,70.238,0.00293,4849237.0,286730277.0,-5.2631301940516035,60.80032
HK.09901,新东方-S,2024-01-31 00:00:00,58.75032,58.05032,59.80032,57.45032,70.773,0.00213,3528095.0,210925512.0,0.7812456597463273,57.60032
HK.09901,新东方-S,2024-02-01 00:00:00,58.10032,59.70032,60.10032,57.65032,72.738,0.00226,3745920.0,227863669.0,2.8423615924942336,58.05032
HK.09901,新东方-S,2024-02-02 00:00:00,60.20032,59.30032,61.50032,58.20032,72.261,0.00184,3043342.0,185303017.0,-0.6700131590584415,59.70032
HK.09901,新东方-S,2024-02-05 00:00:00,61.00032,63.450319999,65.00032,61.00032,77.202,0.00371,6146879.0,400109539.0,6.99827589294628,59.30032
HK.09901,新东方-S,2024-02-06 00:00:00,60.95032,64.200319999,64.80032,60.05032,78.095,0.0033,5467517.0,352257261.0,1.1820271355791747,63.450319999
HK.09901,新东方-S,2024-02-07 00:00:00,61.90032,59.80032,62.10032,58.55032,72.857,0.00584,9666382.0,592001500.0,-6.853548392077388,64.200319999
HK.09901,新东方-S,2024-02-08 00:00:00,60.65032,62.700319999,63.55032,60.65032,76.309,0.00207,3433641.0,219667334.0,4.84947237573311,59.80032
HK.09901,新东方-S,2024-02-09 00:00:00,66.80032,66.450319999,66.80032,65.40032,80.773,0.00119,1969063.0,133268830.0,5.980830719938603,62.700319999
HK.09901,新东方-S,2024-02-14 00:00:00,67.200319999,68.45032,68.55032,65.55032,83.154,0.00167,2766711.0,190753089.0,3.009767298381861,66.450319999
HK.09901,新东方-S,2024-02-15 00:00:00,69.65032,70.85032,71.05032,68.40032,86.011,0.00104,1723935.0,123511237.0,3.506192520356357,68.45032
HK.09901,新东方-S,2024-02-16 00:00:00,70.85032,70.00032,71.00032,68.90032,85.0,0.00149,2473136.0,177092245.0,-1.1997122948774182,70.85032
HK.09901,新东方-S,2024-02-19 00:00:00,69.80032,68.90032,69.80032,66.75032,83.69,0.00154,2546176.0,178328490.0,-1.5714213877879537,70.00032
HK.09901,新东方-S,2024-02-20 00:00:00,68.05032,70.85032,71.70032,68.05032,86.011,0.00161,2671988.0,192337709.0,2.8301755347435296,68.90032
HK.09901,新东方-S,2024-02-21 00:00:00,69.55032,70.05032,71.20032,68.80032,85.059,0.00239,3956193.0,282686820.0,-1.1291409834140442,70.85032
HK.09901,新东方-S,2024-02-22 00:00:00,69.25032,70.15032,70.15032,67.80032,85.178,0.00234,3876804.0,274751357.0,0.14275452274878161,70.05032
HK.09901,新东方-S,2024-02-23 00:00:00,69.60032,70.55032,70.85032,68.65032,85.654,0.00163,2699720.0,192813654.0,0.5702040988551524,70.15032
HK.09901,新东方-S,2024-02-26 00:00:00,70.55032,70.95032,72.35032,70.55032,86.13,0.00132,2188210.0,158538791.0,0.5669712058003502,70.55032
HK.09901,新东方-S,2024-02-27 00:00:00,70.75032,71.50032,71.85032,68.90032,86.785,0.00143,2370756.0,170982839.0,0.7751903021719946,70.95032
HK.09901,新东方-S,2024-02-28 00:00:00,71.45032,70.00032,71.60032,69.30032,85.0,0.00185,3063546.0,219485396.0,-2.097892708731933,71.50032
HK.09901,新东方-S,2024-02-29 00:00:00,69.45032,72.85032,73.45032,69.45032,88.392,0.00376,6224320.0,460649953.0,4.071409959268749,70.00032
HK.09901,新东方-S,2024-03-01 00:00:00,74.10032,73.65032,74.60032,72.50032,89.345,0.00261,4314173.0,324325368.0,1.0981420534597477,72.85032
HK.09901,新东方-S,2024-03-04 00:00:00,73.65032,75.40032,75.65032,72.80032,91.428,0.00175,2900824.0,221320826.0,2.376092866942058,73.65032
HK.09901,新东方-S,2024-03-05 00:00:00,74.20032,73.95032,75.40032,73.30032,89.702,0.00197,3260327.0,246573665.0,-1.9230687615118727,75.40032
HK.09901,新东方-S,2024-03-06 00:00:00,75.20032,74.25032,75.20032,72.95032,90.059,0.00159,2623626.0,198570254.0,0.4056777577162576,73.95032
HK.09901,新东方-S,2024-03-07 00:00:00,73.10032,71.95032,73.55032,70.50032,87.321,0.00251,4155624.0,303845348.0,-3.0976297475889627,74.25032
HK.09901,新东方-S,2024-03-08 00:00:00,69.60032,69.40032,71.15032,69.40032,84.285,0.00199,3288700.0,234891496.0,-3.544112104018455,71.95032
HK.09901,新东方-S,2024-03-11 00:00:00,68.90032,69.10032,71.10032,68.90032,83.928,0.00178,2948590.0,208830708.0,-0.4322746638632173,69.40032
HK.09901,新东方-S,2024-03-12 00:00:00,68.00032,66.950319999,68.15032,66.30032,81.369,0.00431,7132852.0,491074169.0,-3.111418298786453,69.10032
HK.09901,新东方-S,2024-03-13 00:00:00,68.80032,69.60032,71.75032,68.25032,84.523,0.00424,7012822.0,500657452.0,3.9581588273806254,66.950319999
HK.09901,新东方-S,2024-03-14 00:00:00,72.00032,70.90032,72.00032,69.55032,86.071,0.00282,4660715.0,334373515.0,1.8678075043333093,69.60032
HK.09901,新东方-S,2024-03-15 00:00:00,71.30032,72.45032,72.70032,71.30032,87.916,0.00211,3493705.0,256889028.0,2.1861678480435796,70.90032
HK.09901,新东方-S,2024-03-18 00:00:00,72.45032,70.35032,72.45032,69.90032,85.416,0.00194,3206741.0,231425125.0,-2.898537922261777,72.45032
HK.09901,新东方-S,2024-03-19 00:00:00,70.35032,69.40032,71.75032,69.40032,84.285,0.00164,2708813.0,194265331.0,-1.350384760154613,70.35032
HK.09901,新东方-S,2024-03-20 00:00:00,69.90032,70.75032,72.10032,69.60032,85.892,0.0009,1487341.0,107896362.0,1.9452359873845086,69.40032
HK.09901,新东方-S,2024-03-21 00:00:00,72.25032,73.55032,74.15032,71.95032,89.226,0.00156,2577806.0,193372747.0,3.957579273139679,70.75032
HK.09901,新东方-S,2024-03-22 00:00:00,73.30032,73.75032,75.20032,73.20032,89.464,0.00236,3907076.0,294588197.0,0.27192267824260025,73.55032
HK.09901,新东方-S,2024-03-25 00:00:00,71.15032,71.85032,72.90032,70.95032,87.202,0.00204,3374910.0,247695038.0,-2.576260008092176,73.75032
HK.09901,新东方-S,2024-03-26 00:00:00,70.10032,69.25032,70.45032,68.10032,84.107,0.00286,4726692.0,333235364.0,-3.618633848812357,71.85032
HK.09901,新东方-S,2024-03-27 00:00:00,68.75032,67.35032,68.75032,67.15032,81.845,0.00306,5061210.0,352880575.0,-2.743669632140336,69.25032
HK.09901,新东方-S,2024-03-28 00:00:00,66.80032,66.75032,68.60032,65.00032,81.13,0.00349,5768550.0,392428072.0,-0.8908643641188257,67.35032
HK.09901,新东方-S,2024-04-02 00:00:00,66.80032,67.15032,67.15032,65.80032,81.607,0.00302,5003885.0,341377888.0,0.5992480635298699,66.75032
HK.09901,新东方-S,2024-04-03 00:00:00,67.200319999,66.200319999,67.30032,65.700319999,80.476,0.00158,2622010.0,177575840.0,-1.4147363720679103,67.15032
HK.09901,新东方-S,2024-04-05 00:00:00,65.85032,65.30032,65.90032,64.25032,79.404,0.0012,1982230.0,131807998.0,-1.3595100431744092,66.200319999
HK.09901,新东方-S,2024-04-08 00:00:00,65.35032,66.65032,68.30032,65.35032,81.011,0.00151,2498055.0,170790063.0,2.0673711859298614,65.30032
HK.09901,新东方-S,2024-04-09 00:00:00,65.60032,64.85032,67.05032,64.65032,78.869,0.00122,2011600.0,134531834.0,-2.7006622023720177,66.65032
HK.09901,新东方-S,2024-04-10 00:00:00,64.85032,66.200319999,66.700319999,64.80032,80.476,0.00176,2909405.0,196840350.0,2.081716788752939,64.85032
HK.09901,新东方-S,2024-04-11 00:00:00,66.200319999,67.55032,68.15032,65.65032,82.083,0.00124,2060463.0,141729621.0,2.039265068538023,66.200319999
HK.09901,新东方-S,2024-04-12 00:00:00,68.05032,69.20032,69.40032,68.05032,84.047,0.0015,2487790.0,175027777.0,2.4426235138486474,67.55032
HK.09901,新东方-S,2024-04-15 00:00:00,67.00032,65.60032,67.200319999,65.25032,79.761,0.00194,3207065.0,215883329.0,-5.202288081904836,69.20032
HK.09901,新东方-S,2024-04-16 00:00:00,67.40032,65.00032,67.40032,64.450319999,79.047,0.0019,3138436.0,208320113.0,-0.9146296847332366,65.60032
HK.09901,新东方-S,2024-04-17 00:00:00,64.700319999,65.90032,66.65032,64.700319999,80.119,0.00104,1717611.0,115794537.0,1.3846085680808824,65.00032
HK.09901,新东方-S,2024-04-18 00:00:00,65.60032,66.30032,67.00032,65.40032,80.595,0.00157,2597737.0,176417844.0,0.6069773257550277,65.90032
HK.09901,新东方-S,2024-04-19 00:00:00,66.30032,65.30032,66.65032,64.75032,79.404,0.00083,1371887.0,91707886.0,-1.5082883461195964,66.30032
HK.09901,新东方-S,2024-04-22 00:00:00,65.30032,66.90032,67.45032,65.25032,81.309,0.00127,2105881.0,143802192.0,2.4502177018428,65.30032
HK.09901,新东方-S,2024-04-23 00:00:00,68.30032,68.60032,69.90032,67.35032,83.333,0.00283,4684858.0,327950984.0,2.5410939738404883,66.90032
HK.09901,新东方-S,2024-04-24 00:00:00,67.90032,69.50032,69.70032,67.00032,84.404,0.00157,2601912.0,181874502.0,1.3119472328992137,68.60032
HK.09901,新东方-S,2024-04-25 00:00:00,58.90032,60.80032,61.25032,55.85032,74.047,0.01206,19966608.0,1203414765.0,-12.51792797500789,69.50032
HK.09901,新东方-S,2024-04-26 00:00:00,60.55032,67.25032,67.50032,60.55032,81.726,0.00759,12560869.0,834397690.0,10.608496797385282,60.80032
HK.09901,新东方-S,2024-04-29 00:00:00,63.950319999,62.55032,65.200319999,62.05032,76.13,0.00378,6253778.0,405657956.0,-6.988814328318442,67.25032
HK.09901,新东方-S,2024-04-30 00:00:00,62.50032,61.15032,62.80032,60.95032,74.464,0.00255,4221196.0,265151160.0,-2.238197982040697,62.55032
HK.09901,新东方-S,2024-05-02 00:00:00,60.90032,59.10032,61.10032,57.50032,72.023,0.00274,4535930.0,276065752.0,-3.3523945581969103,61.15032
HK.09901,新东方-S,2024-05-03 00:00:00,62.10032,62.50032,63.60032,61.75032,76.071,0.00319,5279092.0,337045412.0,5.7529299333743005,59.10032
HK.09901,新东方-S,2024-05-06 00:00:00,64.25032,64.15032,64.55032,62.85032,78.035,0.00491,8125240.0,528615331.0,2.639986483269192,62.50032
HK.09901,新东方-S,2024-05-07 00:00:00,63.700319999,62.40032,64.60032,61.90032,75.952,0.0025,4135957.0,264987319.0,-2.727967685897737,64.15032
HK.09901,新东方-S,2024-05-08 00:00:00,62.25032,61.30032,62.80032,61.10032,74.642,0.00149,2466889.0,155710692.0,-1.7628114727616804,62.40032
HK.09901,新东方-S,2024-05-09 00:00:00,62.25032,63.450319999,63.85032,62.25032,77.202,0.0023,3806099.0,246370318.0,3.5073226355098996,61.30032
HK.09901,新东方-S,2024-05-10 00:00:00,63.50032,65.55032,66.25032,63.50032,79.702,0.00271,4488071.0,300437845.0,3.3096759811977225,63.450319999
HK.09901,新东方-S,2024-05-13 00:00:00,64.90032,65.80032,66.40032,63.450319999,80.0,0.00186,3083208.0,206883561.0,0.38138639140129293,65.55032
HK.09901,新东方-S,2024-05-14 00:00:00,66.85032,68.40032,68.90032,66.65032,83.095,0.00247,4088339.0,284970887.0,3.9513485648701927,65.80032
HK.09901,新东方-S,2024-05-16 00:00:00,67.35032,63.80032,67.35032,63.80032,77.619,0.00421,6975140.0,460262324.0,-6.725114736305319,68.40032
HK.09901,新东方-S,2024-05-17 00:00:00,62.60032,62.60032,64.450319999,62.55032,76.19,0.00275,4547040.0,293276687.0,-1.8808683091244616,63.80032
HK.09901,新东方-S,2024-05-20 00:00:00,62.80032,61.55032,62.85032,60.80032,74.94,0.00255,4215410.0,265558526.0,-1.6773077198327486,62.60032
HK.09901,新东方-S,2024-05-21 00:00:00,61.55032,60.40032,61.85032,60.05032,73.571,0.00334,5535344.0,343059568.0,-1.868389961254464,61.55032
HK.09901,新东方-S,2024-05-22 00:00:00,60.40032,60.20032,61.00032,59.95032,73.333,0.00137,2261686.0,139610996.0,-0.33112407351484696,60.40032
HK.09901,新东方-S,2024-05-23 00:00:00,60.50032,60.10032,60.70032,59.85032,73.214,0.00158,2613698.0,160994780.0,-0.16611207382285395,60.20032
HK.09901,新东方-S,2024-05-24 00:00:00,60.10032,59.20032,60.30032,58.25032,72.142,0.00195,3228033.0,195556672.0,-1.497496186376388,60.10032
HK.09901,新东方-S,2024-05-27 00:00:00,59.60032,59.85032,60.50032,58.70032,72.916,0.00133,2209151.0,134441757.0,1.0979670380160205,59.20032
HK.09901,新东方-S,2024-05-28 00:00:00,59.05032,59.90032,60.00032,59.05032,72.976,0.00144,2378024.0,145392625.0,0.08354174213270231,59.85032
HK.09901,新东方-S,2024-05-29 00:00:00,61.85032,61.30032,62.85032,61.10032,74.642,0.00262,4343952.0,274771537.0,2.337216228561047,59.90032
HK.09901,新东方-S,2024-05-30 00:00:00,64.00032,63.80032,64.700319999,63.450319999,77.619,0.00223,3690683.0,240999180.0,4.078282136210708,61.30032
HK.09901,新东方-S,2024-05-31 00:00:00,63.80032,61.95032,64.90032,61.70032,75.416,0.00317,5249583.0,334859742.0,-2.899671976566891,63.80032
HK.09901,新东方-S,2024-06-03 00:00:00,60.30032,61.65032,62.30032,60.30032,75.059,0.00214,3534725.0,223016176.0,-0.48425899979208686,61.95032
HK.09901,新东方-S,2024-06-04 00:00:00,61.20032,59.70032,61.60032,58.45032,72.738,0.00215,3561621.0,217494440.0,-3.163000613784329,61.65032
HK.09901,新东方-S,2024-06-05 00:00:00,59.80032,58.20032,59.80032,58.05032,70.952,0.00207,3426270.0,205058311.0,-2.512549346469165,59.70032
HK.09901,新东方-S,2024-06-06 00:00:00,58.60032,57.60032,58.60032,56.90032,70.238,0.00266,4409069.0,260187385.0,-1.0309221667509634,58.20032
HK.09901,新东方-S,2024-06-07 00:00:00,59.50032,58.70032,60.20032,58.10032,71.547,0.00265,4380855.0,263946718.0,1.9097116127132527,57.60032
HK.09901,新东方-S,2024-06-11 00:00:00,58.70032,59.60032,59.75032,58.45032,72.619,0.00294,4862900.0,294084152.0,1.5332114032768573,58.70032
HK.09901,新东方-S,2024-06-12 00:00:00,58.20032,56.55032,58.55032,56.25032,68.988,0.00349,5782654.0,337100207.0,-5.117422188337251,59.60032
HK.09901,新东方-S,2024-06-13 00:00:00,58.40032,58.35032,59.10032,57.50032,71.13,0.00219,3628742.0,215809978.0,3.1830058609747995,56.55032
HK.09901,新东方-S,2024-06-14 00:00:00,58.30032,58.30032,58.75032,57.05032,71.071,0.00187,3087155.0,184184502.0,-0.0856893329805291,58.35032
HK.09901,新东方-S,2024-06-17 00:00:00,56.25032,57.50032,58.30032,56.25032,70.119,0.00078,1291447.0,76149760.0,-1.372205161138047,58.30032
HK.09901,新东方-S,2024-06-18 00:00:00,57.25032,55.50032,57.25032,55.30032,67.738,0.00293,4849393.0,277809868.0,-3.478241512395061,57.50032
HK.09901,新东方-S,2024-06-19 00:00:00,54.60032,56.15032,56.20032,54.60032,68.511,0.00121,1997766.0,113900490.0,1.1711644185114582,55.50032
HK.09901,新东方-S,2024-06-20 00:00:00,55.70032,54.95032,56.00032,54.20032,67.083,0.00212,3511262.0,197205277.0,-2.137120500827071,56.15032
HK.09901,新东方-S,2024-06-21 00:00:00,54.50032,53.70032,54.50032,53.45032,65.595,0.00284,4702237.0,259266497.0,-2.274782021287592,54.95032
HK.09901,新东方-S,2024-06-24 00:00:00,53.30032,54.95032,55.15032,53.10032,67.083,0.00152,2514052.0,140154878.0,2.3277328701206996,53.70032
HK.09901,新东方-S,2024-06-25 00:00:00,58.15032,57.80032,59.25032,57.30032,70.476,0.0031,5129932.0,305459653.0,5.186503008535713,54.95032
HK.09901,新东方-S,2024-06-26 00:00:00,57.80032,59.75032,59.85032,57.45032,72.797,0.00192,3174364.0,192149696.0,3.373683744311455,57.80032
HK.09901,新东方-S,2024-06-27 00:00:00,58.90032,58.15032,59.20032,57.90032,70.892,0.00185,3065111.0,184062132.0,-2.6778099263736186,59.75032
HK.09901,新东方-S,2024-06-28 00:00:00,58.15032,58.30032,58.95032,57.50032,71.071,0.00155,2566945.0,153577908.0,0.2579521488445783,58.15032
HK.09901,新东方-S,2024-07-02 00:00:00,60.00032,60.25032,60.40032,59.35032,73.392,0.00189,3124510.0,192083862.0,3.344750080274007,58.30032
HK.09901,新东方-S,2024-07-03 00:00:00,59.90032,61.65032,61.95032,59.90032,75.059,0.00169,2789842.0,174663068.0,2.3236391109623957,60.25032
HK.09901,新东方-S,2024-07-04 00:00:00,62.50032,62.90032,63.50032,62.40032,76.547,0.0012,1986575.0,127529289.0,2.0275644960155925,61.65032
HK.09901,新东方-S,2024-07-05 00:00:00,62.80032,63.10032,63.450319999,61.20032,76.785,0.00129,2134379.0,137276755.0,0.31796340622750857,62.90032
HK.09901,新东方-S,2024-07-08 00:00:00,61.10032,60.80032,61.35032,59.45032,74.047,0.00157,2597813.0,160922175.0,-3.644989439039301,63.10032
HK.09901,新东方-S,2024-07-09 00:00:00,60.85032,60.80032,61.25032,60.05032,74.047,0.00088,1459316.0,90663948.0,0.0,60.80032
HK.09901,新东方-S,2024-07-10 00:00:00,61.25032,62.10032,62.700319999,61.25032,75.595,0.00207,3432592.0,217999588.0,2.1381466413334738,60.80032
HK.09901,新东方-S,2024-07-11 00:00:00,61.20032,60.55032,61.30032,60.15032,73.75,0.00148,2446545.0,151921634.0,-2.4959613734679693,62.10032
HK.09901,新东方-S,2024-07-12 00:00:00,58.10032,59.05032,59.45032,58.10032,71.964,0.00131,2176284.0,131632225.0,-2.4772784024923404,60.55032
HK.09901,新东方-S,2024-07-15 00:00:00,58.50032,57.85032,58.85032,57.55032,70.535,0.00093,1547208.0,92142374.0,-2.0321651093507973,59.05032
HK.09901,新东方-S,2024-07-16 00:00:00,57.85032,56.30032,57.85032,55.40032,68.69,0.00112,1856095.0,106586449.0,-2.6793283079505943,57.85032
HK.09901,新东方-S,2024-07-17 00:00:00,56.25032,56.35032,56.65032,55.00032,68.75,0.00101,1674527.0,96550670.0,0.08880944193568396,56.30032
HK.09901,新东方-S,2024-07-18 00:00:00,55.15032,54.65032,55.55032,54.50032,66.726,0.00104,1728700.0,97258219.0,-3.0168417854592535,56.35032
HK.09901,新东方-S,2024-07-19 00:00:00,54.25032,54.05032,54.60032,53.70032,66.011,0.00154,2554913.0,141480385.0,-1.0978892712796584,54.65032
HK.09901,新东方-S,2024-07-22 00:00:00,56.10032,58.85032,59.00032,55.55032,71.726,0.00294,4866131.0,288405745.0,8.880613472778707,54.05032
HK.09901,新东方-S,2024-07-23 00:00:00,58.85032,57.25032,58.85032,57.25032,69.821,0.00153,2539120.0,150002796.0,-2.7187617671407756,58.85032
HK.09901,新东方-S,2024-07-24 00:00:00,58.50032,56.25032,58.50032,55.90032,68.63,0.00142,2351579.0,136303576.0,-1.7467151275311648,57.25032
HK.09901,新东方-S,2024-07-25 00:00:00,56.35032,56.10032,57.00032,55.05032,68.452,0.00086,1427738.0,81916641.0,-0.26666514963825727,56.25032
HK.09901,新东方-S,2024-07-26 00:00:00,51.60032,53.55032,53.70032,51.35032,65.416,0.00532,8807769.0,479052530.0,-4.5454286178759835,56.10032
HK.09901,新东方-S,2024-07-29 00:00:00,56.10032,54.65032,56.65032,54.50032,66.726,0.00347,5736886.0,324002367.0,2.05414272034229,53.55032
HK.09901,新东方-S,2024-07-30 00:00:00,54.65032,52.15032,54.65032,51.60032,63.75,0.00296,4893184.0,261984518.0,-4.574538630331899,54.65032
HK.09901,新东方-S,2024-07-31 00:00:00,52.80032,53.35032,55.00032,52.80032,37.448,0.0022,3645148.0,200884921.0,2.30104053052791,52.15032
HK.09901,新东方-S,2024-08-01 00:00:00,49.55032,49.05032,49.55032,43.80032,34.507,0.00924,15296726.0,740954849.0,-8.059932911367737,53.35032
HK.09901,新东方-S,2024-08-02 00:00:00,46.60032,45.65032,46.75032,44.50032,32.181,0.0074,12247861.0,575206781.0,-6.931657122726209,49.05032
HK.09901,新东方-S,2024-08-05 00:00:00,45.40032,46.00032,46.40032,43.95032,32.421,0.00635,10507165.0,495597615.0,0.7666978018993107,45.65032
HK.09901,新东方-S,2024-08-06 00:00:00,49.60032,51.10032,51.55032,49.20032,35.909,0.00671,11105177.0,577916291.0,11.0868793956216,46.00032
HK.09901,新东方-S,2024-08-07 00:00:00,58.30032,54.40032,58.30032,51.40032,38.166,0.01124,18611818.0,1023938059.0,6.457885195239475,51.10032
HK.09901,新东方-S,2024-08-08 00:00:00,52.35032,50.75032,52.45032,50.35032,35.67,0.00579,9585992.0,504644181.0,-6.709519355768492,54.40032
HK.09901,新东方-S,2024-08-09 00:00:00,50.75032,51.10032,51.65032,50.45032,35.909,0.00285,4715944.0,247256064.0,0.6896508238765813,50.75032
HK.09901,新东方-S,2024-08-12 00:00:00,50.60032,51.95032,52.55032,50.60032,36.491,0.00123,2038550.0,108907645.0,1.6633946715010677,51.10032
HK.09901,新东方-S,2024-08-13 00:00:00,52.65032,53.25032,54.45032,52.65032,37.38,0.00185,3064430.0,168024545.0,2.5023907456200543,51.95032
HK.09901,新东方-S,2024-08-14 00:00:00,52.80032,51.65032,52.80032,51.40032,36.285,0.00117,1928442.0,102512699.0,-3.00467677940715,53.25032
HK.09901,新东方-S,2024-08-15 00:00:00,51.65032,52.25032,52.85032,51.30032,36.696,0.00106,1759748.0,94122449.0,1.161657856137196,51.65032
HK.09901,新东方-S,2024-08-16 00:00:00,52.25032,52.85032,53.00032,51.80032,37.106,0.00131,2168749.0,117012568.0,1.1483183260887233,52.25032
HK.09901,新东方-S,2024-08-19 00:00:00,53.40032,53.45032,54.50032,53.15032,37.517,0.00152,2523637.0,138589864.0,1.1352816785215194,52.85032
HK.09901,新东方-S,2024-08-20 00:00:00,53.60032,52.45032,53.90032,52.00032,36.833,0.00129,2133144.0,114982403.0,-1.87089618920897,53.45032
HK.09901,新东方-S,2024-08-21 00:00:00,50.95032,51.25032,51.80032,50.40032,36.012,0.00119,1964688.0,103468654.0,-2.2878792731865047,52.45032
HK.09901,新东方-S,2024-08-22 00:00:00,51.25032,51.95032,52.05032,50.55032,36.491,0.0014,2309707.0,122434511.0,1.3658451303328365,51.25032
HK.09901,新东方-S,2024-08-23 00:00:00,51.60032,51.50032,52.90032,50.85032,36.183,0.00144,2375580.0,125502645.0,-0.8662121811761616,51.95032
HK.09901,新东方-S,2024-08-26 00:00:00,51.20032,50.85032,51.50032,50.55032,35.738,0.00154,2547568.0,133162246.0,-1.2621280799808594,51.50032
HK.09901,新东方-S,2024-08-27 00:00:00,50.25032,49.20032,50.45032,49.05032,34.61,0.00169,2789084.0,141961731.0,-3.2448173384159738,50.85032
HK.09901,新东方-S,2024-08-28 00:00:00,49.20032,49.30032,49.50032,48.50032,34.678,0.00175,2895857.0,146117842.0,0.203250710564487,49.20032
HK.09901,新东方-S,2024-08-29 00:00:00,48.35032,46.40032,48.35032,46.10032,32.694,0.00263,4347414.0,208377953.0,-5.882314759823057,49.30032
HK.09901,新东方-S,2024-08-30 00:00:00,45.85032,45.60032,46.15032,45.20032,32.147,0.00858,14198863.0,668996194.0,-1.7241260405100594,46.40032
HK.09901,新东方-S,2024-09-02 00:00:00,45.85032,47.40032,47.90032,45.60032,33.378,0.00238,3937857.0,189666502.0,3.9473407204159905,45.60032
HK.09901,新东方-S,2024-09-03 00:00:00,47.40032,47.25032,48.85032,47.20032,33.276,0.00094,1559665.0,76599715.0,-0.31645355980718815,47.40032
HK.09901,新东方-S,2024-09-04 00:00:00,45.80032,45.05032,46.00032,44.95032,31.771,0.00249,4114141.0,191852585.0,-4.656053123026474,47.25032
HK.09901,新东方-S,2024-09-05 00:00:00,45.05032,46.30032,46.60032,45.05032,32.626,0.00144,2377448.0,112956440.0,2.7746750744500814,45.05032
HK.09901,新东方-S,2024-09-09 00:00:00,46.36798,45.56798,46.36798,45.26798,31.805,0.00337,5575761.0,259445478.0,-1.5817169298181972,46.30032
HK.09901,新东方-S,2024-09-10 00:00:00,46.06798,47.51798,47.66798,45.01798,33.139,0.00315,5206963.0,247070706.0,4.279320698437813,45.56798
HK.09901,新东方-S,2024-09-11 00:00:00,47.46798,47.06798,47.91798,46.56798,32.831,0.00109,1799118.0,86386908.0,-0.9470099528641638,47.51798
HK.09901,新东方-S,2024-09-12 00:00:00,46.26798,45.91798,46.86798,45.56798,32.045,0.00145,2392371.0,112226971.0,-2.4432745998447323,47.06798
HK.09901,新东方-S,2024-09-13 00:00:00,46.06798,44.96798,46.46798,44.96798,31.395,0.00154,2553616.0,119144540.0,-2.068906341263276,45.91798
HK.09901,新东方-S,2024-09-16 00:00:00,44.86798,46.16798,46.21798,44.31798,32.216,0.00105,1739400.0,81068027.0,2.6685654992730448,44.96798
HK.09901,新东方-S,2024-09-17 00:00:00,46.16798,45.46798,46.16798,44.86798,31.737,0.00076,1252800.0,58027000.0,-1.516202354965504,46.16798
HK.09901,新东方-S,2024-09-19 00:00:00,45.01798,47.86798,48.21798,45.01798,33.378,0.00129,2133475.0,103243140.0,5.278439904301897,45.46798
HK.09901,新东方-S,2024-09-20 00:00:00,47.71798,48.81798,49.31798,47.21798,34.028,0.00313,5172400.0,256764092.0,1.9846252129293855,47.86798
HK.09901,新东方-S,2024-09-23 00:00:00,48.81798,47.91798,48.81798,47.36798,33.413,0.00194,3204000.0,156773432.0,-1.8435830405108908,48.81798
HK.09901,新东方-S,2024-09-24 00:00:00,47.06798,45.36798,47.06798,44.31798,31.668,0.01106,18313703.0,843775288.0,-5.321593272504386,47.91798
HK.09901,新东方-S,2024-09-25 00:00:00,49.31798,48.16798,50.41798,47.61798,33.584,0.00627,10378213.0,518178134.0,6.171753734682472,45.36798
HK.09901,新东方-S,2024-09-26 00:00:00,48.06798,51.81798,52.11798,46.36798,35.641,0.00664,10862466.0,560604520.0,7.577648055824635,48.16798
HK.09901,新东方-S,2024-09-27 00:00:00,54.66798,56.96798,57.96798,53.36798,39.121,0.00756,12361192.0,704465138.0,9.93863519959674,51.81798
HK.09901,新东方-S,2024-09-30 00:00:00,57.31798,61.06798,61.21798,57.31798,41.891,0.01522,24890022.0,1517952197.0,7.197025416734106,56.96798
HK.09901,新东方-S,2024-10-02 00:00:00,59.71798,62.96798,64.61798,59.71798,43.175,0.00754,12332556.0,786043661.0,3.11128679874461,61.06798
HK.09901,新东方-S,2024-10-03 00:00:00,60.56798,59.01798,60.76798,56.46798,40.506,0.00474,7747953.0,460451202.0,-6.273029562009129,62.96798
HK.09901,新东方-S,2024-10-04 00:00:00,60.06798,64.71798,65.56798,59.16798,44.358,0.00388,6352877.0,410805624.0,9.658073692118903,59.01798
HK.09901,新东方-S,2024-10-07 00:00:00,64.06798,63.36798,64.36798,62.16798,43.445,0.00574,9380217.0,601230898.0,-2.085973635147442,64.71798
HK.09901,新东方-S,2024-10-08 00:00:00,59.66798,55.61798,60.86798,55.56798,38.209,0.00825,13498840.0,788650492.0,-12.230151568662912,63.36798
HK.09901,新东方-S,2024-10-09 00:00:00,57.01798,57.01798,58.96798,55.46798,39.155,0.00593,9696633.0,564236237.0,2.517171605297421,55.61798
HK.09901,新东方-S,2024-10-10 00:00:00,57.01798,58.11798,59.56798,55.96798,39.898,0.00612,10000043.0,589091927.0,1.9292160122122906,57.01798
HK.09901,新东方-S,2024-10-14 00:00:00,58.01798,56.71798,58.01798,55.11798,38.952,0.0045,7359471.0,420892527.0,-2.4088930826570465,58.11798
HK.09901,新东方-S,2024-10-15 00:00:00,56.66798,54.46798,57.06798,53.96798,37.432,0.00345,5647878.0,314732986.0,-3.966996003736382,56.71798
HK.09901,新东方-S,2024-10-16 00:00:00,53.76798,53.11798,54.16798,52.76798,36.52,0.00318,5197867.0,282347801.0,-2.4785204077698393,54.46798
HK.09901,新东方-S,2024-10-17 00:00:00,53.26798,53.41798,55.11798,53.11798,36.722,0.00376,6153410.0,335868057.0,0.5647805131143864,53.11798
HK.09901,新东方-S,2024-10-18 00:00:00,53.41798,54.76798,55.71798,53.06798,37.635,0.00605,9891245.0,545922245.0,2.527238955872164,53.41798
HK.09901,新东方-S,2024-10-21 00:00:00,54.76798,52.21798,54.76798,52.11798,35.912,0.0034,5562949.0,298893320.0,-4.656005205961593,54.76798
HK.09901,新东方-S,2024-10-22 00:00:00,51.11798,50.56798,52.36798,50.16798,34.797,0.00398,6516529.0,338713174.0,-3.159831153943524,52.21798
HK.09901,新东方-S,2024-10-23 00:00:00,50.96798,49.11798,51.16798,48.46798,33.817,0.00414,6764816.0,341848842.0,-2.8674271742711412,50.56798
HK.09901,新东方-S,2024-10-24 00:00:00,46.56798,45.86798,46.56798,43.56798,31.621,0.0102,16673436.0,769093913.0,-6.616721615994795,49.11798
HK.09901,新东方-S,2024-10-25 00:00:00,47.16798,46.56798,47.86798,46.36798,32.094,0.00458,7489704.0,357225838.0,1.5261190922294718,45.86798
HK.09901,新东方-S,2024-10-28 00:00:00,46.66798,47.66798,48.61798,46.66798,32.837,0.00302,4936678.0,240456022.0,2.3621381043369314,46.56798
HK.09901,新东方-S,2024-10-29 00:00:00,48.61798,48.91798,49.71798,48.31798,33.682,0.00295,4821510.0,240612611.0,2.622305371446409,47.66798
HK.09901,新东方-S,2024-10-30 00:00:00,48.16798,47.16798,48.26798,46.81798,32.5,0.00188,3081788.0,148434281.0,-3.577416728981859,48.91798
HK.09901,新东方-S,2024-10-31 00:00:00,47.86798,47.41798,48.26798,47.36798,32.668,0.00189,3092726.0,150385150.0,0.5300205775189016,47.16798
HK.09901,新东方-S,2024-11-01 00:00:00,47.41798,47.56798,48.06798,46.86798,32.77,0.00173,2822906.0,136288404.0,0.31633570219566204,47.41798
HK.09901,新东方-S,2024-11-04 00:00:00,47.66798,48.36798,48.81798,47.66798,33.31,0.00126,2060032.0,101728763.0,1.6818035998165244,47.56798
HK.09901,新东方-S,2024-11-05 00:00:00,47.76798,47.81798,48.06798,47.01798,32.939,0.0027,4411641.0,213986884.0,-1.1371159184237263,48.36798
HK.09901,新东方-S,2024-11-06 00:00:00,47.81798,44.46798,47.81798,43.86798,30.675,0.0075,12266516.0,558384776.0,-7.005732989975741,47.81798
HK.09901,新东方-S,2024-11-07 00:00:00,44.71798,47.06798,47.46798,44.46798,32.432,0.00359,5867824.0,278729255.0,5.846903772107484,44.46798
HK.09901,新东方-S,2024-11-08 00:00:00,46.86798,45.51798,47.51798,45.31798,31.385,0.00247,4038370.0,190536559.0,-3.2931092432689852,47.06798
HK.09901,新东方-S,2024-11-11 00:00:00,44.66798,45.01798,45.16798,44.36798,31.047,0.00305,4989682.0,228710444.0,-1.0984670233608784,45.51798
HK.09901,新东方-S,2024-11-12 00:00:00,45.01798,44.11798,46.26798,44.01798,30.439,0.0028,4580426.0,208276321.0,-1.9992012080506467,45.01798
HK.09901,新东方-S,2024-11-13 00:00:00,44.11798,44.61798,44.76798,43.41798,30.777,0.0027,4412830.0,199039896.0,1.1333247805089897,44.11798
HK.09901,新东方-S,2024-11-14 00:00:00,42.56798,41.11798,42.61798,40.86798,28.412,0.00551,9008082.0,381430903.0,-7.8443712601960005,44.61798
HK.09901,新东方-S,2024-11-15 00:00:00,41.41798,41.51798,42.26798,41.26798,28.682,0.00279,4566642.0,194264560.0,0.9728104347538439,41.11798
HK.09901,新东方-S,2024-11-18 00:00:00,42.86798,42.81798,43.26798,42.26798,29.56,0.00162,2641811.0,115595304.0,3.131173530118751,41.51798
HK.09901,新东方-S,2024-11-19 00:00:00,42.81798,41.86798,43.16798,41.56798,28.918,0.00139,2267822.0,97494418.0,-2.218694109343775,42.81798
HK.09901,新东方-S,2024-11-20 00:00:00,41.76798,42.06798,42.36798,41.56798,29.054,0.00117,1908279.0,82142146.0,0.47769202144454004,41.86798
HK.09901,新东方-S,2024-11-21 00:00:00,42.61798,43.51798,43.71798,42.41798,30.033,0.00157,2573848.0,114146739.0,3.446802057051475,42.06798
HK.09901,新东方-S,2024-11-22 00:00:00,43.81798,43.21798,44.96798,43.11798,29.831,0.00281,4591440.0,204882281.0,-0.689370232717613,43.51798
HK.09901,新东方-S,2024-11-25 00:00:00,44.46798,44.91798,45.11798,43.91798,30.979,0.00477,7795207.0,356757013.0,3.933548027927272,43.21798
HK.09901,新东方-S,2024-11-26 00:00:00,44.91798,45.26798,45.41798,44.26798,31.216,0.00176,2881320.0,132780114.0,0.7791979959918087,44.91798
HK.09901,新东方-S,2024-11-27 00:00:00,45.26798,45.56798,45.91798,44.16798,31.418,0.00206,3373765.0,155046893.0,0.6627200948661662,45.26798
HK.09901,新东方-S,2024-11-28 00:00:00,45.66798,44.36798,45.66798,44.31798,30.608,0.00098,1597495.0,72769713.0,-2.633428122115564,45.56798
HK.09901,新东方-S,2024-11-29 00:00:00,44.96798,45.46798,46.06798,44.76798,31.351,0.00178,2908259.0,134843832.0,2.4792654522473057,44.36798
HK.09901,新东方-S,2024-12-02 00:00:00,44.81798,45.21798,45.31798,44.06798,31.182,0.00194,3176430.0,145497325.0,-0.5498374900314463,45.46798
HK.09901,新东方-S,2024-12-03 00:00:00,45.56798,46.56798,47.21798,45.16798,32.094,0.00368,6015402.0,284057804.0,2.9855380536680354,45.21798
HK.09901,新东方-S,2024-12-04 00:00:00,48.81798,48.96798,49.81798,48.51798,33.716,0.00374,6116138.0,305994657.0,5.153755864007841,46.56798
HK.09901,新东方-S,2024-12-05 00:00:00,48.56798,47.46798,48.86798,47.16798,32.702,0.00276,4511394.0,219740602.0,-3.0632262143547684,48.96798
HK.09901,新东方-S,2024-12-06 00:00:00,48.26798,48.71798,49.76798,47.91798,33.547,0.00766,12520061.0,622041898.0,2.6333541052305156,47.46798
HK.09901,新东方-S,2024-12-09 00:00:00,47.66798,49.81798,49.91798,46.71798,34.29,0.0064,10462306.0,517283227.0,2.257893287036945,48.71798
HK.09901,新东方-S,2024-12-10 00:00:00,52.26798,48.31798,52.56798,47.86798,33.277,0.00528,8635123.0,432061285.0,-3.0109611027986283,49.81798
HK.09901,新东方-S,2024-12-11 00:00:00,48.41798,47.91798,48.66798,47.51798,33.006,0.00125,2046206.0,100065962.0,-0.8278491774697506,48.31798
HK.09901,新东方-S,2024-12-12 00:00:00,47.91798,48.86798,49.31798,47.16798,33.648,0.00206,3366008.0,166890745.0,1.9825543564232107,47.91798
HK.09901,新东方-S,2024-12-13 00:00:00,48.86798,46.41798,48.86798,46.21798,31.993,0.0032,5238301.0,249584155.0,-5.01350782250464,48.86798
HK.09901,新东方-S,2024-12-16 00:00:00,46.56798,45.11798,47.36798,44.71798,31.114,0.0033,5389086.0,249467260.0,-2.8006388903610135,46.41798
HK.09901,新东方-S,2024-12-17 00:00:00,44.86798,44.56798,45.31798,44.36798,30.743,0.00408,6669784.0,304203292.0,-1.2190262064037534,45.11798
HK.09901,新东方-S,2024-12-18 00:00:00,45.26798,45.16798,45.61798,44.56798,31.148,0.00167,2735126.0,125729285.0,1.3462580085523317,44.56798
HK.09901,新东方-S,2024-12-19 00:00:00,45.06798,45.66798,45.81798,44.51798,31.486,0.00223,3640985.0,168523497.0,1.1069788819424733,45.16798
HK.09901,新东方-S,2024-12-20 00:00:00,46.11798,45.81798,46.36798,45.66798,31.587,0.00171,2797591.0,131110296.0,0.3284577071287116,45.66798
HK.09901,新东方-S,2024-12-23 00:00:00,47.11798,47.01798,47.36798,46.31798,32.398,0.00119,1941506.0,92895537.0,2.6190591553796194,45.81798
HK.09901,新东方-S,2024-12-24 00:00:00,47.31798,48.21798,48.26798,47.01798,33.209,0.00058,944106.0,46095139.0,2.55221513131784,47.01798
HK.09901,新东方-S,2024-12-27 00:00:00,48.21798,47.36798,48.41798,47.16798,32.635,0.00147,2408838.0,116752057.0,-1.7628278911725341,48.21798
HK.09901,新东方-S,2024-12-30 00:00:00,48.06798,47.71798,48.46798,47.56798,32.871,0.00138,2258266.0,110224376.0,0.7388957688294799,47.36798
HK.09901,新东方-S,2024-12-31 00:00:00,47.76798,48.01798,48.46798,47.66798,33.074,0.00041,672762.0,32948278.0,0.628693838255526,47.71798
HK.09901,新东方-S,2025-01-02 00:00:00,48.36798,47.96798,48.96798,46.86798,33.04,0.00174,2840259.0,138828831.0,-0.10412766217988399,48.01798
HK.09901,新东方-S,2025-01-03 00:00:00,47.01798,47.26798,47.36798,46.31798,32.567,0.00302,4944767.0,236767842.0,-1.4593068125862207,47.96798
HK.09901,新东方-S,2025-01-06 00:00:00,47.76798,47.66798,48.41798,47.26798,32.837,0.00224,3660396.0,177778593.0,0.8462388280607688,47.26798
HK.09901,新东方-S,2025-01-07 00:00:00,47.66798,47.76798,48.16798,46.96798,32.905,0.0028,4581780.0,222165409.0,0.2097844297157157,47.66798
HK.09901,新东方-S,2025-01-08 00:00:00,47.91798,47.86798,48.86798,47.31798,32.972,0.00194,3178612.0,154851230.0,0.209345255964354,47.76798
HK.09901,新东方-S,2025-01-09 00:00:00,48.11798,48.06798,48.76798,47.81798,33.108,0.0019,3113713.0,152985071.0,0.41781583430091623,47.86798
HK.09901,新东方-S,2025-01-10 00:00:00,48.06798,47.86798,48.36798,47.51798,32.972,0.00174,2840883.0,138500838.0,-0.4160773970530814,48.06798
HK.09901,新东方-S,2025-01-13 00:00:00,46.41798,47.06798,47.81798,46.41798,32.432,0.00124,2024350.0,97069406.0,-1.6712633372037093,47.86798
HK.09901,新东方-S,2025-01-14 00:00:00,45.06798,45.31798,46.06798,44.06798,31.25,0.00376,6152435.0,283041864.0,-3.718026564981119,47.06798
HK.09901,新东方-S,2025-01-15 00:00:00,45.31798,45.26798,45.56798,44.66798,31.216,0.00159,2593218.0,119584620.0,-0.11033148432475844,45.31798
HK.09901,新东方-S,2025-01-16 00:00:00,45.31798,45.21798,45.66798,44.21798,31.182,0.00311,5087588.0,233034755.0,-0.1104533491443715,45.26798
HK.09901,新东方-S,2025-01-17 00:00:00,45.21798,45.06798,45.91798,44.86798,31.081,0.00211,3449053.0,159255827.0,-0.331726450407556,45.21798
HK.09901,新东方-S,2025-01-20 00:00:00,46.36798,45.81798,47.81798,45.76798,31.587,0.003,4905800.0,231525463.0,1.6641526866746637,45.06798
HK.09901,新东方-S,2025-01-21 00:00:00,46.56798,45.76798,47.06798,44.76798,31.554,0.00473,7742672.0,360134946.0,-0.10912746480747768,45.81798
HK.09901,新东方-S,2025-01-22 00:00:00,38.76798,34.46798,38.76798,30.86798,23.918,0.02626,42944820.0,1472881426.0,-24.68975034511028,45.76798
HK.09901,新东方-S,2025-01-23 00:00:00,34.51798,35.26798,35.56798,34.26798,24.459,0.01107,18096928.0,650949254.0,2.32099473192222,34.46798
HK.09901,新东方-S,2025-01-24 00:00:00,35.26798,35.11798,35.96798,34.91798,24.358,0.00806,13186310.0,477574645.0,-0.4253149740926432,35.26798
HK.09901,新东方-S,2025-01-27 00:00:00,35.11798,35.56798,36.06798,35.11798,24.662,0.0048,7852926.0,287113495.0,1.2813948866079303,35.11798
HK.09901,新东方-S,2025-01-28 00:00:00,36.21798,36.91798,37.26798,36.21798,25.574,0.00213,3483272.0,131955325.0,3.7955486929536106,35.56798
HK.09901,新东方-S,2025-02-03 00:00:00,35.56798,36.46798,36.86798,35.51798,25.27,0.00339,5537765.0,205090100.0,-1.2189182615083567,36.91798
HK.09901,新东方-S,2025-02-04 00:00:00,37.06798,37.16798,38.06798,36.11798,25.743,0.00485,7931650.0,302690917.0,1.9194921133553404,36.46798
HK.09901,新东方-S,2025-02-05 00:00:00,37.16798,36.36798,37.16798,35.81798,25.202,0.00284,4638685.0,172461049.0,-2.152390310154055,37.16798
HK.09901,新东方-S,2025-02-06 00:00:00,36.41798,36.36798,36.66798,35.86798,25.202,0.00362,5924415.0,219885786.0,0.0,36.36798
HK.09901,新东方-S,2025-02-07 00:00:00,36.56798,37.36798,37.61798,36.36798,25.878,0.00303,4962093.0,188849464.0,2.749671551733145,36.36798
HK.09901,新东方-S,2025-02-10 00:00:00,37.26798,37.81798,38.06798,37.06798,26.182,0.0031,5064937.0,194596730.0,1.204239565531762,37.36798
HK.09901,新东方-S,2025-02-11 00:00:00,38.11798,38.66798,39.31798,38.06798,26.756,0.00572,9351511.0,372122701.0,2.2476081482934873,37.81798
HK.09901,新东方-S,2025-02-12 00:00:00,41.36798,40.41798,41.66798,40.16798,27.939,0.0074,12100225.0,502259544.0,4.525708350940494,38.66798
HK.09901,新东方-S,2025-02-13 00:00:00,39.76798,39.06798,40.16798,39.01798,27.027,0.005,8173460.0,332214960.0,-3.3400976496104,40.41798
HK.09901,新东方-S,2025-02-14 00:00:00,40.51798,41.46798,41.56798,40.31798,28.648,0.00519,8492297.0,355770081.0,6.143138191429397,39.06798
HK.09901,新东方-S,2025-02-17 00:00:00,41.46798,41.16798,42.71798,40.56798,28.445,0.00503,8232711.0,349391610.0,-0.7234497556910107,41.46798
HK.09901,新东方-S,2025-02-18 00:00:00,41.76798,42.31798,42.76798,40.96798,29.222,0.00281,4596509.0,197338908.0,2.7934331487724164,41.16798
HK.09901,新东方-S,2025-02-19 00:00:00,41.26798,41.26798,41.76798,40.91798,28.513,0.00285,4664240.0,196664123.0,-2.481214840594937,42.31798
HK.09901,新东方-S,2025-02-20 00:00:00,40.46798,39.96798,40.61798,39.61798,27.635,0.00296,4834397.0,198210449.0,-3.150142071407431,41.26798
HK.09901,新东方-S,2025-02-21 00:00:00,40.81798,40.41798,41.01798,40.11798,27.939,0.00427,6976379.0,288787071.0,1.1259012839778315,39.96798
HK.09901,新东方-S,2025-02-24 00:00:00,40.06798,38.46798,40.06798,38.06798,26.621,0.00559,9143866.0,362553811.0,-4.82458549388169,40.41798
HK.09901,新东方-S,2025-02-25 00:00:00,36.86798,36.46798,37.46798,36.16798,25.27,0.0059,9649623.0,363633125.0,-5.199129249833239,38.46798
HK.09901,新东方-S,2025-02-26 00:00:00,36.66798,36.46798,37.16798,35.96798,25.27,0.00891,14562784.0,543550467.0,0.0,36.46798
HK.09901,新东方-S,2025-02-27 00:00:00,36.06798,36.71798,36.81798,35.91798,25.439,0.0057,9322107.0,348054608.0,0.6855328976269046,36.46798
HK.09901,新东方-S,2025-02-28 00:00:00,36.16798,35.51798,36.56798,35.16798,24.628,0.01035,16924192.0,618448824.0,-3.2681536402601554,36.71798
HK.09901,新东方-S,2025-03-03 00:00:00,36.01798,35.16798,36.11798,34.71798,24.391,0.00603,9857104.0,356760367.0,-0.9854164003696196,35.51798
HK.09901,新东方-S,2025-03-04 00:00:00,34.56798,34.66798,35.06798,34.26798,24.054,0.00332,5427586.0,193178820.0,-1.4217478513124724,35.16798
HK.09901,新东方-S,2025-03-05 00:00:00,35.46798,35.71798,36.01798,35.01798,24.763,0.00441,7207632.0,263344754.0,3.028731411521517,34.66798
HK.09901,新东方-S,2025-03-06 00:00:00,36.76798,37.21798,37.66798,36.51798,25.777,0.00466,7627820.0,290113502.0,4.1995655969346535,35.71798
HK.09901,新东方-S,2025-03-07 00:00:00,36.41798,37.26798,38.16798,36.31798,25.81,0.00295,4821034.0,184377698.0,0.1343436693770169,37.21798
HK.09901,新东方-S,2025-03-10 00:00:00,36.86798,37.46798,37.66798,36.46798,25.945,0.0026,4244960.0,162009899.0,0.5366537172124589,37.26798
HK.09901,新东方-S,2025-03-11 00:00:00,36.56798,37.11798,37.21798,36.01798,25.709,0.00244,3991178.0,150136467.0,-0.9341309566194771,37.46798
HK.09901,新东方-S,2025-03-12 00:00:00,36.96798,36.21798,37.21798,35.86798,25.101,0.00207,3378162.0,126185248.0,-2.4247009131423787,37.11798
HK.09901,新东方-S,2025-03-13 00:00:00,36.06798,35.61798,36.21798,35.11798,24.695,0.00246,4018128.0,146540067.0,-1.656635737277436,36.21798
HK.09901,新东方-S,2025-03-14 00:00:00,36.66798,38.56798,39.16798,36.21798,26.689,0.00674,11029593.0,427882719.0,8.282333810058839,35.61798
HK.09901,新东方-S,2025-03-17 00:00:00,37.76798,38.06798,38.91798,37.76798,26.351,0.00256,4183891.0,164050882.0,-1.29641220515049,38.56798
HK.09901,新东方-S,2025-03-18 00:00:00,38.96798,40.41798,40.81798,38.31798,27.939,0.00532,8703170.0,356375516.0,6.173167055357289,38.06798
HK.09901,新东方-S,2025-03-19 00:00:00,40.26798,39.96798,40.66798,39.86798,27.635,0.00243,3979300.0,163578250.0,-1.1133658832034723,40.41798
HK.09901,新东方-S,2025-03-20 00:00:00,39.96798,39.66798,40.91798,39.36798,27.432,0.00187,3055193.0,125328172.0,-0.7506008559852091,39.96798
HK.09901,新东方-S,2025-03-21 00:00:00,39.06798,39.16798,39.91798,38.76798,27.094,0.00204,3336139.0,133763502.0,-1.260462468721624,39.66798
HK.09901,新东方-S,2025-03-24 00:00:00,39.01798,36.26798,39.01798,35.11798,25.135,0.01165,19056392.0,707629453.0,-7.404007048614707,39.16798
HK.09901,新东方-S,2025-03-25 00:00:00,36.21798,35.46798,36.21798,34.66798,24.594,0.01071,17521657.0,632378314.0,-2.205802473697196,36.26798
HK.09901,新东方-S,2025-03-26 00:00:00,35.46798,35.56798,36.31798,35.26798,24.662,0.0022,3602333.0,131931251.0,0.2819444467939855,35.46798
HK.09901,新东方-S,2025-03-27 00:00:00,35.96798,35.66798,36.46798,35.56798,24.729,0.00213,3482050.0,128502871.0,0.28115175503360446,35.56798
HK.09901,新东方-S,2025-03-28 00:00:00,36.06798,35.96798,36.61798,35.61798,24.932,0.00161,2628762.0,97341995.0,0.8410905243302177,35.66798
HK.09901,新东方-S,2025-03-31 00:00:00,35.96798,35.61798,35.96798,35.06798,24.695,0.00244,3987579.0,145501576.0,-0.9730877296973429,35.96798
HK.09901,新东方-S,2025-04-01 00:00:00,36.11798,36.06798,37.06798,35.96798,25.0,0.00246,4015020.0,149722118.0,1.2634068523818467,35.61798
HK.09901,新东方-S,2025-04-02 00:00:00,36.46798,36.71798,36.76798,36.06798,25.439,0.00165,2690134.0,100546633.0,1.8021524909351692,36.06798
HK.09901,新东方-S,2025-04-03 00:00:00,36.36798,35.66798,36.41798,35.21798,24.729,0.00254,4157399.0,152275788.0,-2.8596344352276386,36.71798
HK.09901,新东方-S,2025-04-07 00:00:00,32.06798,31.91798,33.41798,31.76798,22.195,0.00987,16135359.0,538280712.0,-10.51363155412782,35.66798
HK.09901,新东方-S,2025-04-08 00:00:00,32.117979999,32.66798,33.76798,31.91798,22.702,0.00542,8870520.0,298805415.0,2.34977276130883,31.91798
HK.09901,新东方-S,2025-04-09 00:00:00,31.56798,32.96798,33.41798,30.26798,22.905,0.00416,6795603.0,224432908.0,0.9183304263073419,32.66798
HK.09901,新东方-S,2025-04-10 00:00:00,32.76798,32.66798,33.51798,31.21798,22.702,0.005,8181072.0,274028657.0,-0.9099738594842546,32.96798
HK.09901,新东方-S,2025-04-11 00:00:00,32.96798,33.06798,33.46798,32.06798,22.972,0.00451,7380197.0,249477045.0,1.2244405684097963,32.66798
HK.09901,新东方-S,2025-04-14 00:00:00,33.31798,33.21798,33.41798,32.46798,23.074,0.00553,9049314.0,306246697.0,0.4536110158527935,33.06798
HK.09901,新东方-S,2025-04-15 00:00:00,33.21798,34.46798,34.61798,32.91798,23.918,0.00474,7749307.0,271947001.0,3.7630223150233704,33.21798
HK.09901,新东方-S,2025-04-16 00:00:00,34.16798,33.06798,34.16798,32.46798,22.972,0.004,6533851.0,222250329.0,-4.061740780863858,34.46798
HK.09901,新东方-S,2025-04-17 00:00:00,33.06798,34.41798,34.41798,33.06798,23.885,0.00364,5956812.0,208903569.0,4.082499142675185,33.06798
HK.09901,新东方-S,2025-04-22 00:00:00,33.71798,33.46798,33.76798,32.26798,23.243,0.00571,9337540.0,317003982.0,-2.7601852287670656,34.41798
HK.09901,新东方-S,2025-04-23 00:00:00,34.31798,34.51798,34.76798,33.41798,23.952,0.00244,3986723.0,140249608.0,3.1373270809890657,33.46798
HK.09901,新东方-S,2025-04-24 00:00:00,33.26798,35.11798,36.71798,33.26798,24.358,0.00744,12162111.0,443259708.0,1.7382245426876122,34.51798
HK.09901,新东方-S,2025-04-25 00:00:00,35.11798,35.26798,36.56798,34.26798,24.459,0.00549,8984033.0,326047312.0,0.4271316288693101,35.11798
HK.09901,新东方-S,2025-04-28 00:00:00,35.26798,35.46798,36.26798,34.86798,24.594,0.00227,3708482.0,135017837.0,0.5670866321235175,35.26798
HK.09901,新东方-S,2025-04-29 00:00:00,35.61798,36.61798,36.91798,35.06798,25.371,0.00487,7967200.0,297041411.0,3.242361138130804,35.46798
HK.09901,新东方-S,2025-04-30 00:00:00,37.16798,37.36798,37.56798,36.61798,25.878,0.00322,5258254.0,200352023.0,2.0481741483282256,36.61798
HK.09901,新东方-S,2025-05-02 00:00:00,37.26798,38.06798,38.31798,36.61798,26.351,0.00377,6160167.0,238713039.0,1.8732615463827471,37.36798
HK.09901,新东方-S,2025-05-06 00:00:00,37.36798,36.51798,38.06798,36.36798,25.304,0.00285,4666400.0,176533935.0,-4.071663376937776,38.06798
HK.09901,新东方-S,2025-05-07 00:00:00,37.71798,36.61798,38.06798,36.06798,25.371,0.00398,6502674.0,243932908.0,0.2738377095337733,36.51798
HK.09901,新东方-S,2025-05-08 00:00:00,36.21798,36.01798,36.21798,35.16798,24.966,0.00405,6616930.0,242470717.0,-1.638539318662584,36.61798
HK.09901,新东方-S,2025-05-09 00:00:00,35.56798,35.71798,35.76798,35.11798,24.763,0.00215,3513785.0,127989056.0,-0.8329173373965011,36.01798
HK.09901,新东方-S,2025-05-12 00:00:00,35.71798,36.76798,37.36798,35.71798,25.472,0.00269,4405625.0,165369359.0,2.9396959178542694,35.71798
HK.09901,新东方-S,2025-05-13 00:00:00,36.76798,37.21798,37.36798,36.06798,25.777,0.00262,4280553.0,162539553.0,1.2238910051626326,36.76798
HK.09901,新东方-S,2025-05-14 00:00:00,37.56798,37.61798,37.66798,36.66798,26.047,0.00244,3997551.0,152863941.0,1.0747493550160587,37.21798
HK.09901,新东方-S,2025-05-15 00:00:00,37.61798,37.51798,38.16798,37.26798,25.979,0.00233,3808556.0,146893299.0,-0.26583032900756876,37.61798
HK.09901,新东方-S,2025-05-16 00:00:00,37.21798,37.31798,37.51798,36.76798,25.844,0.00175,2866085.0,109330364.0,-0.5330777403261125,37.51798
HK.09901,新东方-S,2025-05-19 00:00:00,37.11798,37.01798,37.41798,36.66798,25.641,0.00166,2722243.0,103547500.0,-0.8039020332826086,37.31798
HK.09901,新东方-S,2025-05-20 00:00:00,37.01798,36.81798,37.16798,36.41798,25.506,0.00205,3355194.0,126650851.0,-0.5402779946393694,37.01798
HK.09901,新东方-S,2025-05-21 00:00:00,36.56798,36.66798,37.11798,36.46798,25.405,0.00196,3203014.0,120603259.0,-0.407409640615804,36.81798
HK.09901,新东方-S,2025-05-22 00:00:00,36.66798,35.81798,36.66798,35.56798,24.831,0.00279,4567120.0,168270645.0,-2.3180987880979576,36.66798
HK.09901,新东方-S,2025-05-23 00:00:00,35.76798,35.56798,36.21798,35.31798,24.662,0.00286,4681713.0,171234312.0,-0.6979734758911585,35.81798
HK.09901,新东方-S,2025-05-26 00:00:00,35.16798,35.36798,35.91798,34.86798,24.527,0.0023,3758428.0,136649174.0,-0.5623035100671889,35.56798
HK.09901,新东方-S,2025-05-27 00:00:00,35.36798,36.41798,36.51798,35.01798,25.236,0.00364,5950047.0,219946270.0,2.9687870214810035,35.36798
HK.09901,新东方-S,2025-05-28 00:00:00,35.51798,36.06798,36.06798,35.31798,25.0,0.00216,3534733.0,129587728.0,-0.961063738296307,36.41798
HK.09901,新东方-S,2025-05-29 00:00:00,36.06798,37.66798,38.26798,35.76798,26.081,0.00581,9509011.0,363415892.0,4.436067669994276,36.06798
HK.09901,新东方-S,2025-05-30 00:00:00,37.31798,36.26798,37.31798,36.21798,25.135,0.01588,25974910.0,967259451.0,-3.7166845686973358,37.66798
HK.09901,新东方-S,2025-06-02 00:00:00,35.61798,35.11798,36.06798,34.36798,24.358,0.00706,11538700.0,418606652.0,-3.170841055939698,36.26798
HK.09901,新东方-S,2025-06-03 00:00:00,34.86798,34.96798,35.76798,34.46798,24.256,0.00387,6328373.0,227301973.0,-0.42713162886933037,35.11798
HK.09901,新东方-S,2025-06-04 00:00:00,34.51798,34.91798,35.71798,34.51798,24.222,0.00235,3841412.0,138445477.0,-0.14298795641039935,34.96798
HK.09901,新东方-S,2025-06-05 00:00:00,35.46798,35.81798,36.16798,35.16798,24.831,0.0019,3109078.0,114058227.0,2.577468685187398,34.91798
HK.09901,新东方-S,2025-06-06 00:00:00,36.11798,35.66798,36.76798,35.36798,24.729,0.00301,4915311.0,180377662.0,-0.4187840855346912,35.81798
HK.09901,新东方-S,2025-06-09 00:00:00,35.31798,36.46798,36.96798,35.31798,25.27,0.00231,3784979.0,140978424.0,2.2429080648805937,35.66798
HK.09901,新东方-S,2025-06-10 00:00:00,36.81798,36.76798,37.51798,36.31798,25.472,0.00218,3566583.0,134833427.0,0.8226394771522972,36.46798
HK.09901,新东方-S,2025-06-11 00:00:00,38.06798,37.31798,38.06798,36.81798,25.844,0.00239,3912717.0,149284450.0,1.4958667840876685,36.76798
HK.09901,新东方-S,2025-06-12 00:00:00,36.76798,36.36798,37.01798,36.16798,25.202,0.00148,2418228.0,90537803.0,-2.545689772061606,37.31798
HK.09901,新东方-S,2025-06-13 00:00:00,36.01798,35.66798,36.41798,35.56798,24.729,0.00226,3702609.0,136100842.0,-1.9247700862132096,36.36798
HK.09901,新东方-S,2025-06-16 00:00:00,35.61798,35.86798,35.91798,35.11798,24.864,0.00173,2821053.0,103012738.0,0.5607270162201584,35.66798
HK.09901,新东方-S,2025-06-17 00:00:00,35.86798,36.66798,36.81798,35.71798,25.405,0.00165,2695704.0,100987234.0,2.2304016005361804,35.86798
HK.09901,新东方-S,2025-06-18 00:00:00,37.21798,35.91798,37.21798,35.71798,24.898,0.00232,3789420.0,140179310.0,-2.0453812836158414,36.66798
HK.09901,新东方-S,2025-06-19 00:00:00,35.61798,34.96798,35.71798,34.86798,24.256,0.00165,2700924.0,97713256.0,-2.644914886638956,35.91798
HK.09901,新东方-S,2025-06-20 00:00:00,34.91798,35.81798,35.81798,34.81798,24.831,0.00318,5193035.0,189878480.0,2.4307952589769313,34.96798
HK.09901,新东方-S,2025-06-23 00:00:00,36.26798,36.51798,36.76798,35.46798,25.304,0.00132,2158113.0,80306145.0,1.954325732495252,35.81798
HK.09901,新东方-S,2025-06-24 00:00:00,37.11798,39.76798,40.11798,36.91798,27.5,0.00512,8369768.0,337473806.0,8.899725559847504,36.51798
HK.09901,新东方-S,2025-06-25 00:00:00,41.56798,43.36798,44.56798,41.16798,29.932,0.01213,19829055.0,876442394.0,9.052509078912234,39.76798
HK.09901,新东方-S,2025-06-26 00:00:00,41.51798,41.91798,42.26798,40.56798,28.952,0.00639,10443510.0,445956073.0,-3.3434806048148955,43.36798
HK.09901,新东方-S,2025-06-27 00:00:00,41.91798,41.01798,42.06798,40.46798,28.344,0.00289,4720996.0,197857457.0,-2.1470500248342086,41.91798
HK.09901,新东方-S,2025-06-30 00:00:00,41.01798,41.21798,42.01798,41.01798,28.479,0.00191,3121155.0,132297564.0,0.4875910515339754,41.01798
HK.09901,新东方-S,2025-07-02 00:00:00,41.21798,40.91798,41.71798,40.01798,28.277,0.00338,5521725.0,229479000.0,-0.7278377057779085,41.21798
HK.09901,新东方-S,2025-07-03 00:00:00,40.01798,39.66798,40.51798,39.21798,27.432,0.00414,6768092.0,274537466.0,-3.0548917615190194,40.91798
HK.09901,新东方-S,2025-07-04 00:00:00,39.66798,39.46798,39.81798,39.06798,27.297,0.00148,2423188.0,97816175.0,-0.5041849874886567,39.66798
HK.09901,新东方-S,2025-07-07 00:00:00,40.01798,39.11798,40.01798,38.86798,27.06,0.00142,2315299.0,92635844.0,-0.8867948144293027,39.46798
HK.09901,新东方-S,2025-07-08 00:00:00,39.16798,40.31798,41.26798,38.96798,27.871,0.0033,5392046.0,222084727.0,3.067643063368803,39.11798
HK.09901,新东方-S,2025-07-09 00:00:00,40.31798,40.91798,41.51798,39.46798,28.277,0.00357,5835847.0,244093537.0,1.488169794220845,40.31798
HK.09901,新东方-S,2025-07-10 00:00:00,40.31798,40.66798,41.01798,40.21798,28.108,0.00286,4670181.0,193655048.0,-0.6109783523038039,40.91798
HK.09901,新东方-S,2025-07-11 00:00:00,40.66798,40.36798,41.56798,40.26798,27.905,0.0032,5227022.0,218616736.0,-0.7376810945613653,40.66798
HK.09901,新东方-S,2025-07-14 00:00:00,39.61798,40.06798,40.71798,39.61798,27.702,0.00174,2846435.0,116784935.0,-0.7431632695022249,40.36798
HK.09901,新东方-S,2025-07-15 00:00:00,39.86798,39.76798,39.91798,39.11798,27.5,0.00557,9108606.0,369013384.0,-0.7487275375499268,40.06798
HK.09901,新东方-S,2025-07-16 00:00:00,39.76798,39.56798,40.86798,39.41798,27.364,0.00442,7226288.0,295705988.0,-0.5029171710506866,39.76798
HK.09901,新东方-S,2025-07-17 00:00:00,39.46798,38.56798,39.56798,38.31798,26.689,0.00406,6638869.0,262610702.0,-2.5272960611079966,39.56798
HK.09901,新东方-S,2025-07-18 00:00:00,38.66798,38.96798,39.76798,38.66798,26.959,0.00393,6428523.0,258755694.0,1.0371297641203885,38.56798
HK.09901,新东方-S,2025-07-21 00:00:00,39.11798,37.71798,39.11798,37.61798,26.114,0.00611,9998829.0,389604029.0,-3.2077618598654594,38.96798
HK.09901,新东方-S,2025-07-22 00:00:00,35.91798,35.81798,36.41798,35.31798,24.831,0.00756,12362831.0,455296825.0,-5.037385353086243,37.71798
HK.09901,新东方-S,2025-07-23 00:00:00,36.66798,36.86798,37.06798,36.11798,25.54,0.00649,10607358.0,399538195.0,2.931488598742878,35.81798
HK.09901,新东方-S,2025-07-24 00:00:00,36.56798,36.21798,36.81798,35.81798,25.101,0.00438,7165221.0,266371462.0,-1.7630475008394972,36.86798
HK.09901,新东方-S,2025-07-25 00:00:00,35.51798,34.96798,35.66798,34.76798,24.256,0.00781,12768939.0,460418649.0,-3.451324452661358,36.21798
HK.09901,新东方-S,2025-07-28 00:00:00,35.86798,36.11798,36.76798,35.81798,25.033,0.00478,7818810.0,290515478.0,3.2887229974393883,34.96798
HK.09901,新东方-S,2025-07-29 00:00:00,36.06798,36.21798,36.36798,35.61798,25.101,0.00323,5288317.0,195540930.0,0.27687041191117084,36.11798
HK.09901,新东方-S,2025-07-30 00:00:00,35.86798,35.56798,36.76798,35.41798,20.482,0.00472,7725245.0,284996023.0,-1.7946887153839024,36.21798
HK.09901,新东方-S,2025-07-31 00:00:00,34.96798,34.06798,35.76798,33.86798,19.64,0.00932,15238415.0,537514395.0,-4.217276325504007,35.56798
HK.09901,新东方-S,2025-08-01 00:00:00,34.06798,33.41798,34.31798,33.26798,19.276,0.00535,8755865.0,302523537.0,-1.907949928349138,34.06798
HK.09901,新东方-S,2025-08-04 00:00:00,34.06798,35.64798,35.74798,34.04798,20.527,0.00506,8266850.0,299014038.0,6.673054445540984,33.41798
HK.09901,新东方-S,2025-08-05 00:00:00,35.64798,35.18798,35.84798,35.08798,20.269,0.00409,6684000.0,242680107.0,-1.2903956970352704,35.64798
HK.09901,新东方-S,2025-08-06 00:00:00,35.76798,35.14798,35.76798,35.04798,20.246,0.00266,4344947.0,157267919.0,-0.1136751811272095,35.18798
HK.09901,新东方-S,2025-08-07 00:00:00,35.12798,35.08798,35.38798,34.78798,20.213,0.00246,4028700.0,145091736.0,-0.170706822980994,35.14798
HK.09901,新东方-S,2025-08-08 00:00:00,35.06798,34.74798,35.20798,34.60798,20.022,0.00255,4162463.0,148980793.0,-0.9689928003835028,35.08798
HK.09901,新东方-S,2025-08-11 00:00:00,34.98798,35.04798,35.26798,34.60798,20.19,0.00224,3655625.0,131492597.0,0.8633595391732246,34.74798
HK.09901,新东方-S,2025-08-12 00:00:00,35.04798,34.92798,35.42798,34.58798,20.123,0.00222,3631584.0,129910257.0,-0.342387778125885,35.04798
HK.09901,新东方-S,2025-08-13 00:00:00,35.36798,35.46798,35.46798,35.00798,20.426,0.00261,4264683.0,154386971.0,1.5460384482583853,34.92798
HK.09901,新东方-S,2025-08-14 00:00:00,36.04798,35.56798,36.12798,35.32798,20.482,0.00239,3914010.0,143047252.0,0.2819444467939855,35.46798
HK.09901,新东方-S,2025-08-15 00:00:00,36.16798,36.74798,37.14798,35.46798,21.144,0.00592,9683345.0,363205580.0,3.3175907093964847,35.56798
HK.09901,新东方-S,2025-08-18 00:00:00,36.82798,36.90798,37.98798,36.74798,21.234,0.00444,7254980.0,277049833.0,0.4353980817449114,36.74798
HK.09901,新东方-S,2025-08-19 00:00:00,37.10798,36.06798,37.10798,36.00798,20.763,0.00527,8616872.0,321504698.0,-2.275930571112273,36.90798
HK.09901,新东方-S,2025-08-20 00:00:00,36.06798,35.68798,36.06798,34.90798,20.549,0.00329,5375944.0,195549769.0,-1.053566071623627,36.06798
HK.09901,新东方-S,2025-08-21 00:00:00,35.86798,35.72798,36.16798,35.28798,20.572,0.00314,5131313.0,187546677.0,0.11208255552709663,35.68798
HK.09901,新东方-S,2025-08-22 00:00:00,35.72798,36.04798,36.06798,35.54798,20.751,0.00121,1977853.0,72794843.0,0.8956565694450127,35.72798
HK.09901,新东方-S,2025-08-25 00:00:00,36.04798,36.74798,36.94798,36.04798,21.144,0.00286,4668790.0,175667070.0,1.941856381411651,36.04798
HK.09901,新东方-S,2025-08-26 00:00:00,36.70798,35.66798,36.70798,35.44798,20.538,0.00492,8051010.0,295667633.0,-2.9389370517780797,36.74798
HK.09901,新东方-S,2025-08-27 00:00:00,35.94798,34.88798,35.94798,34.80798,20.101,0.00353,5780218.0,209614772.0,-2.1868353632585897,35.66798
HK.09901,新东方-S,2025-08-28 00:00:00,35.12798,35.22798,36.00798,34.86798,20.291,0.00215,3523563.0,127281896.0,0.9745476808918241,34.88798
HK.09901,新东方-S,2025-08-29 00:00:00,35.68798,35.62798,36.20798,35.42798,20.516,0.0038,6217506.0,228922471.0,1.1354610738395972,35.22798
HK.09901,新东方-S,2025-09-01 00:00:00,36.34798,37.08798,37.16798,36.34798,21.335,0.00242,3963548.0,150042133.0,4.097902828058174,35.62798
HK.09901,新东方-S,2025-09-02 00:00:00,36.86798,37.02798,37.68798,36.86798,21.301,0.00269,4403870.0,168194829.0,-0.1617774815452399,37.08798
HK.09901,新东方-S,2025-09-03 00:00:00,37.30798,37.46798,38.06798,36.92798,21.548,0.00195,3193700.0,122225677.0,1.1882905845795468,37.02798
HK.09901,新东方-S,2025-09-04 00:00:00,38.76798,37.30798,38.76798,36.92798,21.459,0.00269,4400180.0,168723990.0,-0.4270312944546159,37.46798
HK.09901,新东方-S,2025-09-05 00:00:00,37.24798,36.72798,37.24798,36.56798,21.133,0.002,3275462.0,123549350.0,-1.5546271869985946,37.30798
HK.09901,新东方-S,2025-09-08 00:00:00,36.84798,37.38798,37.46798,36.78798,21.503,0.00146,2387264.0,90972407.0,1.7969950974706383,36.72798
HK.09901,新东方-S,2025-09-09 00:00:00,38.10798,39.46798,39.76798,38.10798,22.671,0.00642,10498816.0,421925551.0,5.563285312552319,37.38798
HK.09901,新东方-S,2025-09-10 00:00:00,39.96798,40.36798,40.52798,38.84798,23.176,0.00802,13110703.0,537151265.0,2.2803295228182585,39.46798
HK.09901,新东方-S,2025-09-11 00:00:00,41.86798,41.62798,42.28798,40.66798,23.883,0.00779,12740888.0,543693067.0,3.1212857319092953,40.36798
HK.09901,新东方-S,2025-09-12 00:00:00,41.62798,40.64798,41.90798,40.50798,23.333,0.00498,8147707.0,341680679.0,-2.3541858144450054,41.62798
HK.09901,新东方-S,2025-09-15 00:00:00,40.52798,40.90798,41.38798,40.52798,23.479,0.00246,4018192.0,168282998.0,0.6396381812823297,40.64798
HK.09901,新东方-S,2025-09-16 00:00:00,40.32798,40.24798,40.52798,39.44798,23.108,0.00221,3612567.0,148354369.0,-1.6133771454860488,40.90798
HK.09901,新东方-S,2025-09-17 00:00:00,40.06798,41.36798,41.70798,40.06798,23.737,0.00359,5877773.0,247761993.0,2.7827483515943023,40.24798
HK.09901,新东方-S,2025-09-18 00:00:00,42.06798,40.36798,42.06798,39.80798,23.176,0.00329,5377966.0,223107978.0,-2.417328571518358,41.36798
HK.09901,新东方-S,2025-09-19 00:00:00,39.86798,40.08798,40.52798,39.76798,23.019,0.00207,3378600.0,138597989.0,-0.6936190515354028,40.36798
HK.09901,新东方-S,2025-09-22 00:00:00,40.08798,38.96798,40.08798,38.70798,22.39,0.00241,3934684.0,157866673.0,-2.7938549161120227,40.08798
HK.09901,新东方-S,2025-09-23 00:00:00,39.96798,39.70798,40.24798,39.22798,22.805,0.00419,6858870.0,278395722.0,1.8989950210403568,38.96798
HK.09901,新东方-S,2025-09-24 00:00:00,39.40798,39.00798,39.40798,38.46798,22.413,0.00223,3641074.0,145220984.0,-1.7628698312026847,39.70798
HK.09901,新东方-S,2025-09-25 00:00:00,38.88798,38.58798,39.06798,38.26798,21.583,0.00256,4071516.0,160656684.0,-1.0767027669723006,39.00798
HK.09901,新东方-S,2025-09-26 00:00:00,38.58798,38.52798,39.24798,38.38798,21.551,0.00235,3743114.0,148823863.0,-0.1554888335694231,38.58798
HK.09901,新东方-S,2025-09-29 00:00:00,39.60798,41.62798,41.78798,39.42798,23.244,0.0055,8745428.0,367133593.0,8.046100522269793,38.52798
HK.09901,新东方-S,2025-09-30 00:00:00,41.06798,41.32798,41.32798,40.62798,23.08,0.00359,5709102.0,239680734.0,-0.7206691268709273,41.62798
HK.09901,新东方-S,2025-10-02 00:00:00,41.32798,41.60798,41.86798,41.02798,23.233,0.00348,5531440.0,235099985.0,0.6775071029360766,41.32798
HK.09901,新东方-S,2025-10-03 00:00:00,40.96798,40.64798,40.96798,40.30798,22.708,0.00179,2845900.0,118282798.0,-2.3072497150786964,41.60798
HK.09901,新东方-S,2025-10-06 00:00:00,40.68798,39.86798,41.26798,39.54798,22.282,0.00174,2768210.0,112946288.0,-1.9189145438469366,40.64798
HK.09901,新东方-S,2025-10-08 00:00:00,39.86798,39.98798,39.98798,39.20798,22.348,0.0018,2867979.0,116371619.0,0.30099342881178687,39.86798
HK.09901,新东方-S,2025-10-09 00:00:00,40.62798,40.80798,41.28798,40.46798,22.796,0.00257,4089486.0,171067037.0,2.050616210171157,39.98798
HK.09901,新东方-S,2025-10-10 00:00:00,40.80798,40.90798,41.26798,40.48798,22.85,0.00315,5018720.0,209354571.0,0.24505011029705812,40.80798
HK.09901,新东方-S,2025-10-13 00:00:00,39.46798,39.38798,39.72798,38.92798,22.02,0.00626,9956392.0,399953544.0,-3.715656456270887,40.90798
HK.09901,新东方-S,2025-10-14 00:00:00,39.92798,39.32798,40.46798,39.04798,21.987,0.00308,4896573.0,198826780.0,-0.15233073643279568,39.38798
HK.09901,新东方-S,2025-10-15 00:00:00,39.46798,41.04798,41.22798,39.46798,22.927,0.00299,4760975.0,198381991.0,4.373476593509268,39.32798
HK.09901,新东方-S,2025-10-16 00:00:00,43.76798,44.76798,44.94798,43.42798,24.959,0.0126,20052234.0,900994272.0,9.062565319901244,41.04798
HK.09901,新东方-S,2025-10-17 00:00:00,42.46798,42.30798,43.66798,42.06798,23.615,0.00679,10809583.0,469768291.0,-5.4949988808965715,44.76798
HK.09901,新东方-S,2025-10-20 00:00:00,44.10798,43.34798,44.12798,42.96798,24.183,0.00281,4471314.0,197761250.0,2.458165102659118,42.30798
HK.09901,新东方-S,2025-10-21 00:00:00,44.06798,44.80798,44.86798,43.68798,24.98,0.0027,4301671.0,194826278.0,3.368092354015114,43.34798
HK.09901,新东方-S,2025-10-22 00:00:00,45.96798,45.50798,46.34798,45.34798,25.363,0.00441,7016456.0,326916755.0,1.5622217292544829,44.80798
HK.09901,新东方-S,2025-10-23 00:00:00,45.50798,45.88798,46.32798,45.10798,25.57,0.00221,3522819.0,163996503.0,0.8350183857863949,45.50798
HK.09901,新东方-S,2025-10-24 00:00:00,45.60798,45.84798,46.30798,45.60798,25.548,0.00243,3859321.0,180637443.0,-0.08716879670885305,45.88798
HK.09901,新东方-S,2025-10-27 00:00:00,45.90798,46.30798,46.90798,45.20798,25.8,0.00382,6074850.0,287791159.0,1.003315740409939,45.84798
HK.09901,新东方-S,2025-10-28 00:00:00,46.30798,45.84798,46.62798,45.58798,25.548,0.00334,5312241.0,248605731.0,-0.9933493104212295,46.30798
HK.09901,新东方-S,2025-10-30 00:00:00,44.26798,44.78798,45.78798,44.26798,24.969,0.00716,11399305.0,523328620.0,-2.3119884452924695,45.84798
HK.09901,新东方-S,2025-10-31 00:00:00,45.22798,45.76798,46.14798,45.22798,25.505,0.00369,5876445.0,274659364.0,2.1880870715759095,44.78798
HK.09901,新东方-S,2025-11-03 00:00:00,45.76798,45.00798,45.76798,44.50798,25.09,0.00273,4350635.0,199683872.0,-1.660549580733076,45.76798
HK.09901,新东方-S,2025-11-04 00:00:00,44.66798,44.94798,45.60798,44.60798,25.057,0.00277,4412480.0,203142763.0,-0.13330969308109866,45.00798
HK.09901,新东方-S,2025-11-05 00:00:00,44.10798,43.48798,44.10798,42.72798,24.259,0.00243,3868316.0,170712407.0,-3.2481993629079677,44.94798
HK.09901,新东方-S,2025-11-06 00:00:00,43.48798,43.10798,43.48798,42.48798,24.052,0.00219,3486885.0,152908893.0,-0.8738046697041402,43.48798
HK.09901,新东方-S,2025-11-07 00:00:00,42.06798,40.92798,42.44798,40.82798,22.861,0.0046,7324634.0,309105889.0,-5.057068320065102,43.10798
HK.09901,新东方-S,2025-11-10 00:00:00,41.54798,42.44798,42.68798,41.38798,23.691,0.00237,3778449.0,163376608.0,3.7138407514859106,40.92798
HK.09901,新东方-S,2025-11-11 00:00:00,42.44798,42.60798,43.34798,42.36798,23.779,0.00291,4624800.0,201418145.0,0.3769319529456916,42.44798
HK.09901,新东方-S,2025-11-12 00:00:00,42.60798,42.50798,42.88798,42.24798,23.724,0.00214,3404314.0,148075440.0,-0.23469781951642468,42.60798
HK.09901,新东方-S,2025-11-13 00:00:00,42.12798,41.68798,42.12798,41.20798,23.276,0.00269,4285489.0,182076068.0,-1.929049557283127,42.50798
HK.09901,新东方-S,2025-11-14 00:00:00,41.06798,40.86798,41.64798,40.70798,22.829,0.00141,2236694.0,93923054.0,-1.9669938433092709,41.68798
HK.09901,新东方-S,2025-11-17 00:00:00,40.81399,41.01399,41.19399,40.71399,22.654,0.00299,4760129.0,196929434.0,0.3572723682452542,40.86798
HK.09901,新东方-S,2025-11-18 00:00:00,40.93399,40.11399,40.93399,39.81399,22.162,0.00257,4082170.0,165703035.0,-2.194373188270633,41.01399
HK.09901,新东方-S,2025-11-19 00:00:00,41.09399,40.63399,41.09399,40.27399,22.446,0.00189,3012049.0,123635594.0,1.2963058523971214,40.11399
HK.09901,新东方-S,2025-11-20 00:00:00,41.35399,40.53399,41.35399,40.29399,22.392,0.00231,3683810.0,151316887.0,-0.24609938625272665,40.63399
HK.09901,新东方-S,2025-11-21 00:00:00,39.79399,38.73399,39.79399,38.63399,21.409,0.00275,4375557.0,172749249.0,-4.4407175311386915,40.53399
HK.09901,新东方-S,2025-11-24 00:00:00,39.85399,39.11399,39.95399,39.09399,21.616,0.00804,12797082.0,507497273.0,0.9810504933780448,38.73399
HK.09901,新东方-S,2025-11-25 00:00:00,39.19399,38.63399,39.41399,38.55399,21.354,0.00223,3544542.0,139510827.0,-1.2271823968866484,39.11399
HK.09901,新东方-S,2025-11-26 00:00:00,39.35399,38.95399,39.39399,38.89399,21.529,0.00088,1403810.0,55523192.0,0.8282861801227374,38.63399
HK.09901,新东方-S,2025-11-27 00:00:00,39.21399,39.65399,40.01399,38.95399,21.911,0.00165,2623800.0,105238996.0,1.796991784410282,38.95399
HK.09901,新东方-S,2025-11-28 00:00:00,39.29399,39.83399,39.99399,39.29399,22.009,0.00173,2750447.0,110880621.0,0.4539265783846713,39.65399
HK.09901,新东方-S,2025-12-01 00:00:00,40.83399,41.23399,41.49399,39.69399,22.774,0.00403,6407758.0,266212582.0,3.5145864122574677,39.83399
HK.09901,新东方-S,2025-12-02 00:00:00,41.23399,41.03399,41.61399,40.67399,22.665,0.00225,3579689.0,148301167.0,-0.48503673789510965,41.23399
HK.09901,新东方-S,2025-12-03 00:00:00,40.67399,40.05399,40.75399,39.95399,22.129,0.0014,2229613.0,90480213.0,-2.388263973354782,41.03399
HK.09901,新东方-S,2025-12-04 00:00:00,40.03399,39.81399,40.03399,39.05399,21.998,0.00203,3228126.0,128823030.0,-0.5991912416216262,40.05399
HK.09901,新东方-S,2025-12-05 00:00:00,39.81399,40.93399,40.93399,39.71399,22.61,0.00464,7381160.0,304327523.0,2.813081532396036,39.81399
HK.09901,新东方-S,2025-12-08 00:00:00,40.93399,41.21399,42.09399,40.69399,22.763,0.00354,5627847.0,234776231.0,0.6840281145326931,40.93399
HK.09901,新东方-S,2025-12-09 00:00:00,41.37399,41.31399,41.79399,41.09399,22.818,0.00189,3012861.0,125894750.0,0.24263605634881336,41.21399
HK.09901,新东方-S,2025-12-10 00:00:00,41.31399,41.31399,41.39399,40.81399,22.818,0.00163,2600267.0,108236638.0,0.0,41.31399
HK.09901,新东方-S,2025-12-11 00:00:00,41.23399,41.39399,41.81399,41.19399,22.861,0.00113,1797347.0,75244596.0,0.193639007028867,41.31399
HK.09901,新东方-S,2025-12-12 00:00:00,40.93399,41.55399,41.83399,40.23399,22.949,0.0026,4132848.0,173317598.0,0.3865295420905223,41.39399
HK.09901,新东方-S,2025-12-15 00:00:00,41.55399,42.73399,42.81399,41.43399,23.593,0.00258,4113855.0,177056547.0,2.839679174009523,41.55399
HK.09901,新东方-S,2025-12-16 00:00:00,42.75399,41.99399,42.75399,41.43399,23.189,0.00146,2324488.0,98554038.0,-1.7316426572852244,42.73399
HK.09901,新东方-S,2025-12-17 00:00:00,42.27399,42.27399,42.27399,41.71399,23.342,0.00092,1456343.0,62097981.0,0.6667620771448514,41.99399
HK.09901,新东方-S,2025-12-18 00:00:00,42.35399,42.89399,43.03399,42.27399,23.681,0.00163,2601121.0,112642669.0,1.4666228572226199,42.27399
HK.09901,新东方-S,2025-12-19 00:00:00,42.89399,42.75399,42.89399,42.37399,23.604,0.00129,2050099.0,88469048.0,-0.3263860508197082,42.89399
HK.09901,新东方-S,2025-12-22 00:00:00,43.01399,42.81399,43.23399,42.35399,23.637,0.00111,1769315.0,76315457.0,0.14033777900026445,42.75399
HK.09901,新东方-S,2025-12-23 00:00:00,43.01399,43.05399,43.51399,42.87399,23.768,0.0008,1270078.0,55347785.0,0.5605644323269147,42.81399
HK.09901,新东方-S,2025-12-24 00:00:00,42.99399,43.11399,43.29399,42.89399,23.801,0.00027,427192.0,18603591.0,0.13935990601568465,43.05399
HK.09901,新东方-S,2025-12-29 00:00:00,43.11399,42.33399,43.11399,42.31399,23.375,0.00084,1343829.0,57861660.0,-1.8091575379592588,43.11399
HK.09901,新东方-S,2025-12-30 00:00:00,42.71399,42.85399,42.99399,42.15399,23.659,0.00155,2459193.0,106297321.0,1.2283274031103686,42.33399
HK.09901,新东方-S,2025-12-31 00:00:00,42.67399,41.77399,42.87399,41.69399,23.069,0.00061,978500.0,41477933.0,-2.520185401639393,42.85399
HK.09901,新东方-S,2026-01-02 00:00:00,42.43399,44.79399,44.79399,42.43399,24.718,0.00203,3234483.0,144367013.0,7.229378855120143,41.77399
HK.09901,新东方-S,2026-01-05 00:00:00,44.53399,43.43399,44.79399,43.23399,23.975,0.00178,2827633.0,124768842.0,-3.0361215868468054,44.79399
HK.09901,新东方-S,2026-01-06 00:00:00,44.13399,44.33399,44.53399,43.99399,24.467,0.00171,2724378.0,122006936.0,2.072109884447638,43.43399
HK.09901,新东方-S,2026-01-07 00:00:00,44.33399,43.97399,44.39399,43.67399,24.27,0.00196,3123955.0,138711309.0,-0.8120180475522267,44.33399
HK.09901,新东方-S,2026-01-08 00:00:00,43.97399,44.21399,44.53399,43.41399,24.401,0.0012,1914397.0,85014167.0,0.5457771741886556,43.97399
HK.09901,新东方-S,2026-01-09 00:00:00,45.19399,45.07399,46.03399,44.73399,24.871,0.0025,3981428.0,181706912.0,1.9450857070352605,44.21399
HK.09901,新东方-S,2026-01-12 00:00:00,45.41399,45.77399,45.79399,44.81399,25.253,0.00236,3751048.0,172077227.0,1.55300207503262,45.07399
HK.09901,新东方-S,2026-01-13 00:00:00,45.89399,45.07399,46.49399,44.93399,24.871,0.00245,3903920.0,178938393.0,-1.5292527481217952,45.77399
HK.09901,新东方-S,2026-01-14 00:00:00,44.83399,44.29399,45.01399,43.69399,24.445,0.00255,4060409.0,181783439.0,-1.7304880264649325,45.07399
HK.09901,新东方-S,2026-01-15 00:00:00,44.17399,43.57399,44.35399,43.13399,24.052,0.00145,2305603.0,101637356.0,-1.6255026923517137,44.29399
HK.09901,新东方-S,2026-01-16 00:00:00,43.57399,43.53399,43.91399,43.31399,24.03,0.00133,2119517.0,93228777.0,-0.09179788217695727,43.57399
HK.09901,新东方-S,2026-01-19 00:00:00,42.53399,42.33399,43.39399,42.01399,23.375,0.00204,3250695.0,139129797.0,-2.756466843494021,43.53399
HK.09901,新东方-S,2026-01-20 00:00:00,42.33399,42.03399,42.45399,41.89399,23.211,0.00154,2443247.0,103871498.0,-0.7086504248713555,42.33399
HK.09901,新东方-S,2026-01-21 00:00:00,41.59399,42.55399,42.65399,41.59399,23.495,0.00154,2456514.0,105187417.0,1.2370940755326725,42.03399
HK.09901,新东方-S,2026-01-22 00:00:00,42.55399,42.71399,42.99399,42.21399,23.582,0.00117,1865056.0,80417494.0,0.3759929444924053,42.55399
HK.09901,新东方-S,2026-01-23 00:00:00,43.21399,44.33399,44.41399,43.19399,24.467,0.00177,2818863.0,125617963.0,3.79266839740328,42.71399
HK.09901,新东方-S,2026-01-26 00:00:00,44.35399,43.53399,44.87399,43.35399,24.03,0.00177,2815134.0,124790545.0,-1.8044845501160558,44.33399
HK.09901,新东方-S,2026-01-27 00:00:00,42.75399,43.39399,43.77399,42.75399,23.954,0.0011,1744918.0,76580970.0,-0.3215877984076363,43.53399
HK.09901,新东方-S,2026-01-28 00:00:00,41.83399,44.23399,44.37399,41.83399,24.412,0.00167,2652685.0,117868172.0,1.9357519324680588,43.39399
HK.09901,新东方-S,2026-01-29 00:00:00,44.69399,45.57399,46.29399,44.21399,25.144,0.00698,11100608.0,509149998.0,3.029344628418109,44.23399
HK.09901,新东方-S,2026-01-30 00:00:00,45.57399,48.11399,48.13399,45.39399,26.531,0.00591,9404829.0,450544968.0,5.57335445064169,45.57399
HK.09901,新东方-S,2026-02-02 00:00:00,48.09399,46.57399,48.09399,46.33399,25.69,0.00759,12080068.0,572093384.0,-3.2007322610326003,48.11399
HK.09901,新东方-S,2026-02-03 00:00:00,47.83399,49.58399,49.58399,47.05399,27.334,0.00667,10609896.0,519919677.0,6.462834728139027,46.57399
HK.09901,新东方-S,2026-02-04 00:00:00,49.33399,50.38399,50.58399,48.81399,27.771,0.00681,10843197.0,546753190.0,1.6134240104517548,49.58399
HK.09901,新东方-S,2026-02-05 00:00:00,48.33399,48.79399,49.27399,47.99399,26.903,0.00446,7090374.0,347001164.0,-3.1557643608614487,50.38399
HK.09901,新东方-S,2026-02-06 00:00:00,48.81399,48.13399,49.13399,47.91399,26.542,0.00363,5780944.0,281167471.0,-1.3526255999970564,48.79399
HK.09901,新东方-S,2026-02-09 00:00:00,48.39399,48.33399,48.81399,48.17399,26.652,0.00452,7191177.0,352200762.0,0.4155067967563105,48.13399
HK.09901,新东方-S,2026-02-10 00:00:00,46.89399,46.19399,47.91399,45.13399,25.483,0.0074,11775511.0,548206731.0,-4.427526053611549,48.33399
HK.09901,新东方-S,2026-02-11 00:00:00,47.37399,47.69399,48.37399,47.31399,26.302,0.00278,4422806.0,212998794.0,3.2471756607298916,46.19399
HK.09901,新东方-S,2026-02-12 00:00:00,47.69399,47.71399,47.73399,46.97399,26.313,0.00317,5041158.0,241747385.0,0.04193400468277686,47.69399
HK.09901,新东方-S,2026-02-13 00:00:00,46.75399,46.17399,47.31399,45.97399,25.472,0.00266,4237377.0,198264355.0,-3.227564913351407,47.71399
HK.09901,新东方-S,2026-02-16 00:00:00,46.19399,45.87399,46.19399,45.63399,25.308,0.00092,1463600.0,67807820.0,-0.6497164312635842,46.17399
HK.09901,新东方-S,2026-02-20 00:00:00,46.75399,46.29399,47.03399,46.11399,25.537,0.00265,4218457.0,197684105.0,0.9155514922508413,45.87399
HK.09901,新东方-S,2026-02-23 00:00:00,46.29399,47.39399,47.73399,46.29399,26.138,0.00161,2570030.0,123140308.0,2.3761183687126586,46.29399
HK.09901,新东方-S,2026-02-24 00:00:00,47.39399,46.47399,47.39399,46.23399,25.636,0.00267,4241595.0,199020861.0,-1.9411743978508704,47.39399
HK.09901,新东方-S,2026-02-25 00:00:00,46.47399,45.51399,46.93399,45.05399,25.111,0.00406,6459456.0,297699286.0,-2.0656715724214787,46.47399
HK.09901,新东方-S,2026-02-26 00:00:00,44.49399,43.17399,44.49399,42.51399,23.833,0.0061,9712765.0,425225673.0,-5.14127634162594,45.51399
HK.09901,新东方-S,2026-02-27 00:00:00,43.17399,43.27399,43.95399,43.07399,23.888,0.00682,10852803.0,475558776.0,0.2316209365870384,43.17399
HK.09901,新东方-S,2026-03-02 00:00:00,42.53399,42.13399,43.67399,42.01399,23.265,0.00281,4477121.0,192512068.0,-2.6343769086234032,43.27399
HK.09901,新东方-S,2026-03-03 00:00:00,42.55399,40.65399,42.87399,40.47399,22.457,0.00196,3114256.0,129464054.0,-3.5126034823666044,42.13399
HK.09901,新东方-S,2026-03-04 00:00:00,40.65399,41.35399,41.35399,39.97399,22.839,0.0035,5572529.0,231177739.0,1.7218482121927094,40.65399
HK.09901,新东方-S,2026-03-05 00:00:00,41.65399,41.07399,41.89399,40.81399,22.687,0.00154,2449557.0,102086826.0,-0.6770809781595466,41.35399
HK.09901,新东方-S,2026-03-06 00:00:00,40.91399,41.79399,42.31399,40.91399,23.08,0.00256,4073922.0,172266180.0,1.7529341561411462,41.07399
HK.09901,新东方-S,2026-03-09 00:00:00,40.65399,41.01399,41.13399,39.97399,22.654,0.00269,4288855.0,177622498.0,-1.8662970441443878,41.79399
HK.09901,新东方-S,2026-03-10 00:00:00,41.43399,41.29399,42.13399,41.25399,22.807,0.00193,3069899.0,128601608.0,0.6826938807953119,41.01399
HK.09901,新东方-S,2026-03-11 00:00:00,41.77399,41.69399,42.51399,41.13399,23.025,0.00233,3705900.0,156797792.0,0.9686639629640985,41.29399
HK.09901,新东方-S,2026-03-12 00:00:00,41.69399,41.71399,42.23399,41.21399,23.036,0.00202,3218234.0,135443401.0,0.04796854414749734,41.69399
HK.09901,新东方-S,2026-03-13 00:00:00,41.83399,40.65399,41.83399,40.53399,22.457,0.00126,2000773.0,82938673.0,-2.5411139044718625,41.71399
HK.09901,新东方-S,2026-03-16 00:00:00,41.93399,41.81399,42.05399,41.01399,23.091,0.00205,3269754.0,137879863.0,2.853348465919327,40.65399
HK.09901,新东方-S,2026-03-17 00:00:00,41.85399,42.07399,43.11399,41.85399,23.233,0.00131,2084022.0,89258325.0,0.6218014592723755,41.81399
HK.09901,新东方-S,2026-03-18 00:00:00,42.59399,44.27399,44.55399,42.53399,24.434,0.00537,8551321.0,379317704.0,5.228883687998205,42.07399
HK.09901,新东方-S,2026-03-19 00:00:00,44.05399,44.87399,44.97399,43.51399,24.762,0.0054,8587400.0,386150169.0,1.355197487283169,44.27399
HK.09901,新东方-S,2026-03-20 00:00:00,44.89399,44.15399,44.95399,43.93399,24.369,0.0051,8121094.0,363002158.0,-1.604492936776959,44.87399
HK.09901,新东方-S,2026-03-23 00:00:00,43.69399,42.41399,43.79399,42.01399,23.418,0.00347,5530019.0,238359864.0,-3.9407537121786773,44.15399
HK.09901,新东方-S,2026-03-24 00:00:00,42.93399,43.43399,43.51399,42.45399,23.975,0.00195,3107310.0,135164190.0,2.4048668847236563,42.41399
HK.09901,新东方-S,2026-03-25 00:00:00,43.45399,43.45399,44.85399,41.77399,23.986,0.00306,4870780.0,215164226.0,0.04604688632104953,43.43399
HK.09901,新东方-S,2026-03-26 00:00:00,43.87399,42.83399,44.23399,42.57399,23.648,0.00235,3744093.0,162373929.0,-1.4267964805993592,43.45399
HK.09901,新东方-S,2026-03-27 00:00:00,42.67399,43.25399,43.55399,42.67399,23.877,0.00155,2474495.0,108141815.0,0.9805297148362823,42.83399
HK.09901,新东方-S,2026-03-30 00:00:00,41.73399,42.47399,42.77399,41.73399,23.451,0.00234,3721534.0,159898985.0,-1.8033018456794416,43.25399
HK.09901,新东方-S,2026-03-31 00:00:00,42.13399,43.13399,44.35399,42.13399,23.812,0.00186,2958811.0,129437807.0,1.5538921584715648,42.47399
HK.09901,新东方-S,2026-04-01 00:00:00,44.61399,44.57399,45.09399,43.61399,24.598,0.0029,4612672.0,207527890.0,3.3384344921487785,43.13399
HK.09901,新东方-S,2026-04-02 00:00:00,43.61399,44.33399,44.69399,43.61399,24.467,0.00135,2153201.0,96141111.0,-0.5384305959596661,44.57399
HK.09901,新东方-S,2026-04-08 00:00:00,45.53399,45.53399,46.27399,44.95399,25.122,0.0044,7005860.0,323359188.0,2.7067268251741,44.33399
HK.09901,新东方-S,2026-04-09 00:00:00,44.41399,45.49399,45.77399,44.29399,25.101,0.00432,6875482.0,316074247.0,-0.08784646370767475,45.53399
HK.09901,新东方-S,2026-04-10 00:00:00,45.49399,44.99399,46.19399,44.91399,24.827,0.00352,5593984.0,256156251.0,-1.0990462696281422,45.49399
HK.09901,新东方-S,2026-04-13 00:00:00,44.99399,43.83399,44.99399,43.23399,24.194,0.0025,3973725.0,175457349.0,-2.578122100307167,44.99399
HK.09901,新东方-S,2026-04-14 00:00:00,44.05399,44.31399,44.77399,44.03399,24.456,0.0019,3019867.0,135345560.0,1.0950406294293467,43.83399
HK.09901,新东方-S,2026-04-15 00:00:00,44.29399,41.65399,44.29399,41.65399,23.003,0.00475,7556462.0,324615585.0,-6.002619037464234,44.31399
HK.09901,新东方-S,2026-04-16 00:00:00,43.55399,44.49399,44.49399,42.93399,24.554,0.0058,9238385.0,410553242.0,6.818074330934435,41.65399
HK.09901,新东方-S,2026-04-17 00:00:00,44.73399,45.85399,46.39399,44.49399,25.297,0.00256,4067918.0,187084112.0,3.056592586998843,44.49399
HK.09901,新东方-S,2026-04-20 00:00:00,46.59399,45.53399,46.89399,45.31399,25.122,0.00288,4578558.0,211408882.0,-0.6978672957358788,45.85399
HK.09901,新东方-S,2026-04-21 00:00:00,45.53399,44.75399,45.73399,44.49399,24.696,0.00293,4669038.0,211852021.0,-1.7130060422993925,45.53399
HK.09901,新东方-S,2026-04-22 00:00:00,44.43399,43.11399,44.53399,41.97399,23.801,0.00342,5440589.0,236158983.0,-3.6644777370688075,44.75399
HK.09901,新东方-S,2026-04-23 00:00:00,43.11399,41.49399,43.11399,40.95399,22.916,0.00486,7740307.0,325562436.0,-3.7574810403769274,43.11399
HK.09901,新东方-S,2026-04-24 00:00:00,40.71399,41.21399,41.89399,39.71399,22.763,0.00464,7385922.0,306457122.0,-0.6747965187247457,41.49399
HK.09901,新东方-S,2026-04-27 00:00:00,41.21399,40.43399,41.47399,40.07399,22.337,0.0042,6691517.0,275465978.0,-1.8925612395208549,41.21399
HK.09901,新东方-S,2026-04-28 00:00:00,40.43399,40.91399,41.81399,40.43399,22.599,0.00307,4880792.0,202169287.0,1.1871200442993552,40.43399
HK.09901,新东方-S,2026-04-29 00:00:00,41.33399,41.89399,42.33399,41.33399,23.134,0.00281,4476694.0,189539220.0,2.3952687088206357,40.91399
HK.09901,新东方-S,2026-04-30 00:00:00,41.87399,41.55399,41.91399,40.97399,22.949,0.00313,4983659.0,208667806.0,-0.8115722565456366,41.89399
HK.09901,新东方-S,2026-05-04 00:00:00,42.33399,41.45399,42.33399,41.23399,22.894,0.00216,3443562.0,144901219.0,-0.24065077745843763,41.55399
HK.09901,新东方-S,2026-05-05 00:00:00,41.13399,41.53399,41.53399,40.13399,22.938,0.0033,5257600.0,218417251.0,0.1929850419706412,41.45399
HK.09901,新东方-S,2026-05-06 00:00:00,42.29399,42.97399,43.33399,42.13399,23.724,0.00342,5440414.0,236097281.0,3.467039887090062,41.53399
HK.09901,新东方-S,2026-05-07 00:00:00,43.03399,43.09399,43.63399,42.51399,23.79,0.0024,3816790.0,165812913.0,0.2792386743702352,42.97399
HK.09901,新东方-S,2026-05-08 00:00:00,43.09399,42.95399,43.99399,42.81399,23.713,0.00219,3492104.0,151936741.0,-0.3248712871562846,43.09399
HK.09901,新东方-S,2026-05-11 00:00:00,42.83399,40.79399,42.83399,40.03399,22.534,0.00414,6592432.0,270647528.0,-5.028636454960289,42.95399
HK.09901,新东方-S,2026-05-12 00:00:00,40.25399,40.53399,40.57399,39.81399,22.392,0.00253,4020844.0,163914977.0,-0.6373487859363549,40.79399
HK.09901,新东方-S,2026-05-13 00:00:00,40.53399,40.45399,41.31399,40.13399,22.348,0.00178,2837887.0,116226595.0,-0.19736522360617692,40.53399
HK.09901,新东方-S,2026-05-14 00:00:00,40.6,40.68,40.98,40.4,22.217,0.00168,2668929.0,108596448.0,0.5586840754150636,40.45399
HK.09901,新东方-S,2026-05-15 00:00:00,40.22,39.34,40.56,39.02,21.485,0.00316,5021306.0,197602649.0,-3.2940019665683296,40.68
HK.09901,新东方-S,2026-05-18 00:00:00,39.98,40.0,40.34,39.64,21.845,0.00235,3733019.0,149246657.0,1.6776817488561173,39.34
HK.09901,新东方-S,2026-05-19 00:00:00,40.0,40.26,40.66,39.96,21.987,0.00316,5024818.0,202156595.0,0.649999999999995,40.0
HK.09901,新东方-S,2026-05-20 00:00:00,39.8,40.28,40.4,39.18,21.998,0.00231,3671139.0,146653075.0,0.04967709885743449,40.26
HK.09901,新东方-S,2026-05-21 00:00:00,40.28,38.0,40.28,37.96,20.753,0.00281,4470337.0,171715197.0,-5.660377358490569,40.28
HK.09901,新东方-S,2026-05-22 00:00:00,38.2,37.96,38.2,37.26,20.731,0.00275,4384095.0,165781039.0,-0.1052631578947346,38.0
HK.09901,新东方-S,2026-05-26 00:00:00,36.96,37.6,37.86,36.42,20.535,0.00378,6015663.0,225560014.0,-0.9483667017913578,37.96
HK.09901,新东方-S,2026-05-27 00:00:00,36.76,36.7,37.08,36.0,20.043,0.00399,6352433.0,232079729.0,-2.393617021276592,37.6
HK.09901,新东方-S,2026-05-28 00:00:00,37.26,36.86,37.86,36.48,20.131,0.00349,5555522.0,204657310.0,0.43596730245230675,36.7
HK.09901,新东方-S,2026-05-29 00:00:00,36.86,36.44,36.88,36.0,19.901,0.00951,15129324.0,551518362.0,-1.1394465545306611,36.86
HK.09901,新东方-S,2026-06-01 00:00:00,35.94,36.94,37.26,35.92,20.174,0.00375,5975635.0,219977056.0,1.3721185510428102,36.44
HK.09901,新东方-S,2026-06-02 00:00:00,36.78,38.44,38.54,36.78,20.993,0.00255,4057695.0,154553367.0,4.060638873849485,36.94
HK.09901,新东方-S,2026-06-03 00:00:00,37.32,37.12,37.46,36.82,20.273,0.00234,3729557.0,138433539.0,-3.4339229968782528,38.44
HK.09901,新东方-S,2026-06-04 00:00:00,37.08,36.78,37.62,36.28,20.087,0.0036,5728754.0,210638034.0,-0.915948275862059,37.12
HK.09901,新东方-S,2026-06-05 00:00:00,36.78,36.3,37.0,36.16,19.825,0.00261,4159589.0,151183953.0,-1.3050570962479717,36.78
HK.09901,新东方-S,2026-06-08 00:00:00,36.26,36.76,36.78,35.72,20.076,0.0022,3493793.0,127252257.0,1.267217630853997,36.3
HK.09901,新东方-S,2026-06-09 00:00:00,35.7,35.6,36.18,35.08,19.442,0.00413,6573814.0,234397732.0,-3.1556039173014057,36.76
HK.09901,新东方-S,2026-06-10 00:00:00,35.6,35.94,36.06,35.4,19.628,0.00394,6275627.0,224531478.0,0.9550561797752705,35.6
HK.09901,新东方-S,2026-06-11 00:00:00,35.96,35.48,36.94,35.26,19.377,0.00546,8686958.0,309473637.0,-1.2799109627156395,35.94
HK.09901,新东方-S,2026-06-12 00:00:00,36.42,36.68,37.38,36.06,20.032,0.00378,6023624.0,222029469.0,3.382187147688847,35.48
HK.09901,新东方-S,2026-06-15 00:00:00,36.68,37.02,37.42,36.6,20.218,0.00209,3321040.0,122881368.0,0.9269356597600965,36.68
HK.09901,新东方-S,2026-06-16 00:00:00,37.02,35.92,37.08,35.38,19.617,0.00242,3856506.0,137824136.0,-2.9713668287412247,37.02
HK.09901,新东方-S,2026-06-17 00:00:00,36.88,36.28,36.88,36.14,19.814,0.00166,2637255.0,95887705.0,1.0022271714922033,35.92
HK.09901,新东方-S,2026-06-18 00:00:00,36.28,35.4,36.28,35.22,19.333,0.00163,2593013.0,91896325.0,-2.4255788313120243,36.28
HK.09901,新东方-S,2026-06-22 00:00:00,35.4,35.16,35.74,34.26,19.202,0.00209,3331224.0,116324268.0,-0.6779661016949209,35.4
HK.09901,新东方-S,2026-06-23 00:00:00,35.16,34.66,35.56,34.4,18.929,0.0019,3027994.0,105199705.0,-1.4220705346985212,35.16
HK.09901,新东方-S,2026-06-24 00:00:00,35.12,34.78,35.46,34.7,18.995,0.00118,1873306.0,65371393.0,0.34622042700520644,34.66
HK.09901,新东方-S,2026-06-25 00:00:00,35.3,34.88,35.94,34.72,19.049,0.00313,4974307.0,174431097.0,0.2875215641173129,34.78
HK.09901,新东方-S,2026-06-26 00:00:00,34.48,34.7,34.92,34.36,18.951,0.00179,2845627.0,98661474.0,-0.5160550458715588,34.88
HK.09901,新东方-S,2026-06-29 00:00:00,35.78,36.5,36.84,35.44,19.934,0.00216,3430871.0,124840989.0,5.187319884726216,34.7
HK.09901,新东方-S,2026-06-30 00:00:00,36.5,35.88,36.92,35.6,19.595,0.00332,5282815.0,189493167.0,-1.6986301369862944,36.5
HK.09901,新东方-S,2026-07-02 00:00:00,37.4,36.3,37.88,36.12,19.825,0.00291,4630589.0,169388910.0,1.1705685618728945,35.88
HK.09901,新东方-S,2026-07-03 00:00:00,36.5,37.22,37.78,36.46,20.327,0.00154,2454363.0,91396321.0,2.534435261707994,36.3
HK.09901,新东方-S,2026-07-06 00:00:00,37.14,37.66,37.78,36.42,20.567,0.00098,1556809.0,58456551.0,1.1821601289629171,37.22
HK.09901,新东方-S,2026-07-07 00:00:00,36.86,37.76,38.54,36.86,20.622,0.0022,3497688.0,132609634.0,0.2655337227827972,37.66
HK.09901,新东方-S,2026-07-08 00:00:00,37.72,38.56,38.76,37.4,21.059,0.00169,2683646.0,103079635.0,2.1186440677966214,37.76
HK.09901,新东方-S,2026-07-09 00:00:00,37.94,38.16,38.4,37.86,20.841,0.00153,2432586.0,92798386.0,-1.0373443983402637,38.56
HK.09901,新东方-S,2026-07-10 00:00:00,38.34,38.12,38.9,37.98,20.819,0.00174,2765377.0,106002894.0,-0.10482180293500826,38.16
HK.09901,新东方-S,2026-07-13 00:00:00,37.48,38.44,38.64,37.48,20.993,0.00115,1835315.0,70455801.0,0.8394543546694656,38.12
HK.09901,新东方-S,2026-07-14 00:00:00,38.48,38.9,39.06,37.68,21.245,0.00191,3037113.0,117361085.0,1.1966701352757567,38.44
HK.09901,新东方-S,2026-07-15 00:00:00,38.72,39.2,39.5,38.62,21.409,0.00179,2846348.0,111572722.0,0.7712082262210906,38.9
HK.09901,新东方-S,2026-07-16 00:00:00,39.2,39.74,40.08,39.08,21.703,0.00179,2855491.0,113468384.0,1.3775510204081611,39.2
HK.09901,新东方-S,2026-07-17 00:00:00,39.74,38.94,39.78,38.5,21.267,0.00224,3567524.0,138728297.0,-2.0130850528434934,39.74
HK.09901,新东方-S,2026-07-20 00:00:00,38.98,39.74,39.74,38.82,21.703,0.00147,2341447.0,92537171.0,2.054442732408845,38.94
HK.09901,新东方-S,2026-07-21 00:00:00,38.88,39.52,39.6,38.3,21.583,0.00272,4329569.0,168677872.0,-0.5535983895319548,39.74
HK.09901,新东方-S,2026-07-22 00:00:00,38.8,38.3,38.86,37.76,20.917,0.00219,3488495.0,133047944.0,-3.0870445344129704,39.52
HK.09901,新东方-S,2026-07-23 00:00:00,38.58,38.78,38.84,38.02,21.179,0.0017,2704233.0,104340925.0,1.253263707571812,38.3
HK.09901,新东方-S,2026-07-24 00:00:00,39.0,38.48,39.0,38.06,21.015,0.0015,2386738.0,91553693.0,-0.7735946364105318,38.78
HK.09901,新东方-S,2026-07-27 00:00:00,39.12,38.74,39.12,38.6,21.157,0.00199,3171626.0,123137239.0,0.675675675675689,38.48
HK.09901,新东方-S,2026-07-28 00:00:00,38.94,38.96,39.66,38.7,21.277,0.00205,3265142.0,127531010.0,0.5678884873515717,38.74
HK.09901,新东方-S,2026-07-29 00:00:00,38.96,39.92,40.54,38.96,17.067,0.00172,2735704.0,109116065.0,2.4640657084188935,38.96
HK.09901,新东方-S,2026-07-30 00:00:00,45.78,47.44,47.7,43.52,20.282,0.00958,15252179.0,707746293.0,18.837675350701392,39.92
HK.09901,新东方-S,2026-07-31 00:00:00,43.66,45.28,46.62,43.56,19.358,0.00594,9450772.0,427310518.0,-4.55311973018549,47.44
HK.09901,新东方-S,2026-08-03 00:00:00,45.9,47.42,47.8,45.8,20.273,0.00559,8903096.0,417721829.0,4.726148409893994,45.28
HK.09901,新东方-S,2026-08-04 00:00:00,47.44,46.02,47.44,45.52,19.675,0.00358,5699210.0,262322747.0,-2.95234078447912,47.42
HK.09901,新东方-S,2026-08-05 00:00:00,44.92,44.92,45.66,44.36,19.204,0.00559,8897350.0,398522082.0,-2.390265102129512,46.02
HK.09901,新东方-S,2026-08-06 00:00:00,44.92,44.58,46.16,44.18,19.059,0.00247,3923298.0,174964855.0,-0.7569011576135427,44.92
HK.09901,新东方-S,2026-08-07 00:00:00,44.34,43.92,44.6,43.34,18.777,0.00214,3400277.0,148597306.0,-1.4804845222072602,44.58
HK.09901,新东方-S,2026-08-10 00:00:00,43.56,44.64,44.7,43.56,19.085,0.0011,1750310.0,77797767.0,1.6393442622950793,43.92
HK.09901,新东方-S,2026-08-11 00:00:00,45.2,44.12,45.76,44.12,18.862,0.00163,2594693.0,115275045.0,-1.1648745519713333,44.64
HK.09901,新东方-S,2026-08-12 00:00:00,43.18,42.68,43.82,42.32,18.247,0.00223,3545309.0,151817543.0,-3.2638259292837666,44.12
HK.09901,新东方-S,2026-08-13 00:00:00,42.08,41.58,42.18,41.28,17.776,0.00236,3749226.0,155788786.0,-2.5773195876288693,42.68
HK.09901,新东方-S,2026-08-14 00:00:00,41.14,40.68,41.88,40.62,17.392,0.00103,1641728.0,67101273.0,-2.1645021645021614,41.58
HK.09901,新东方-S,2026-08-17 00:00:00,41.52,42.18,43.26,40.98,18.033,0.00192,3058473.0,129253593.0,3.687315634218289,40.68
HK.09901,新东方-S,2026-08-18 00:00:00,42.2,41.26,42.2,41.08,17.64,0.00177,2816661.0,116474994.0,-2.1811284969179745,42.18
HK.09901,新东方-S,2026-08-19 00:00:00,42.38,42.98,43.16,42.36,18.375,0.00398,6326470.0,271493521.0,4.168686379059619,41.26
HK.09901,新东方-S,2026-08-20 00:00:00,44.58,44.44,44.68,44.06,18.999,0.0034,5413880.0,240613341.0,3.39692880409493,42.98
HK.09901,新东方-S,2026-08-21 00:00:00,44.24,44.34,44.34,43.4,18.956,0.00173,2753727.0,121167169.0,-0.22502250225021223,44.44
