code,name,time_key,open,close,high,low,pe_ratio,turnover_rate,volume,turnover,change_rate,last_close
HK.01099,国药控股,2018-01-02 00:00:00,26.44537,27.04537,27.24537,26.44537,18.318,0.00453,5407460.0,184172284.0,1.5011988987768257,26.645369999
HK.01099,国药控股,2018-01-03 00:00:00,26.84537,27.04537,27.24537,26.74537,18.318,0.00392,4674409.0,159978574.0,0.0,27.04537
HK.01099,国药控股,2018-01-04 00:00:00,27.09537,27.145369999,27.39537,27.04537,18.371,0.00493,5881808.0,201809067.0,0.3697490513163671,27.04537
HK.01099,国药控股,2018-01-05 00:00:00,27.44537,26.99537,27.44537,26.59537,18.291,0.00297,3541837.0,120951242.0,-0.5525804179700785,27.145369999
HK.01099,国药控股,2018-01-08 00:00:00,26.34537,27.04537,27.24537,26.34537,18.318,0.00351,4186090.0,142410402.0,0.18521694646154935,26.99537
HK.01099,国药控股,2018-01-09 00:00:00,26.59537,26.59537,27.04537,26.34537,18.077,0.00467,5569135.0,188206673.0,-1.6638707475623344,27.04537
HK.01099,国药控股,2018-01-10 00:00:00,26.79537,26.49537,26.79537,26.04537,18.023,0.00473,5644014.0,189925459.0,-0.37600529716261843,26.59537
HK.01099,国药控股,2018-01-11 00:00:00,26.34537,26.49537,26.645369999,25.99537,18.023,0.00411,4896780.0,164365706.0,0.0,26.49537
HK.01099,国药控股,2018-01-12 00:00:00,26.49537,26.94537,27.04537,26.49537,18.264,0.00417,4976860.0,169176530.0,1.6984099486061122,26.49537
HK.01099,国药控股,2018-01-15 00:00:00,27.34537,27.04537,27.69537,26.94537,18.318,0.00479,5712283.0,197094786.0,0.37112127241154186,26.94537
HK.01099,国药控股,2018-01-16 00:00:00,26.94537,26.84537,26.94537,26.54537,18.211,0.00364,4338846.0,147400511.0,-0.7394981100277027,27.04537
HK.01099,国药控股,2018-01-17 00:00:00,27.09537,26.895369999,27.09537,26.54537,18.237,0.00307,3665934.0,124547892.0,0.18625185274034453,26.84537
HK.01099,国药控股,2018-01-18 00:00:00,26.395369999,26.74537,26.99537,26.395369999,18.157,0.00723,8623738.0,292995450.0,-0.557716807783554,26.895369999
HK.01099,国药控股,2018-01-19 00:00:00,26.59537,26.69537,26.895369999,26.49537,18.13,0.00459,5476664.0,185427712.0,-0.18694824562158124,26.74537
HK.01099,国药控股,2018-01-22 00:00:00,26.79537,26.74537,26.94537,26.395369999,18.157,0.00338,4033110.0,136571748.0,0.18729839668826734,26.69537
HK.01099,国药控股,2018-01-23 00:00:00,26.94537,26.54537,26.99537,26.19537,18.05,0.00373,4452137.0,149976154.0,-0.747792982486325,26.74537
HK.01099,国药控股,2018-01-24 00:00:00,26.19537,26.395369999,26.59537,25.645369999,17.97,0.00604,7200932.0,240826132.0,-0.5650702966279946,26.54537
HK.01099,国药控股,2018-01-25 00:00:00,26.645369999,26.44537,26.84537,26.29537,17.996,0.00441,5264176.0,177678212.0,0.18942716469553209,26.395369999
HK.01099,国药控股,2018-01-26 00:00:00,26.84537,26.24537,26.84537,26.24537,17.889,0.00664,7920493.0,266070237.0,-0.7562760513466036,26.44537
HK.01099,国药控股,2018-01-29 00:00:00,26.34537,26.49537,26.74537,26.145369999,18.023,0.0065,7754222.0,261281391.0,0.9525489638743899,26.24537
HK.01099,国药控股,2018-01-30 00:00:00,26.645369999,26.645369999,26.79537,26.44537,18.103,0.00392,4677956.0,157851396.0,0.5661366457611217,26.49537
HK.01099,国药控股,2018-01-31 00:00:00,26.84537,27.39537,27.54537,26.645369999,18.505,0.00662,7892927.0,270918651.0,2.8147479319226854,26.645369999
HK.01099,国药控股,2018-02-01 00:00:00,27.79537,27.49537,27.84537,27.09537,18.559,0.00577,6887469.0,239023976.0,0.36502518491263825,27.39537
HK.01099,国药控股,2018-02-02 00:00:00,27.64537,27.29537,27.64537,26.79537,18.452,0.00416,4965462.0,170994125.0,-0.7273951941727019,27.49537
HK.01099,国药控股,2018-02-05 00:00:00,27.99537,27.145369999,27.99537,26.74537,18.371,0.00444,5295956.0,182006637.0,-0.549543754123863,27.29537
HK.01099,国药控股,2018-02-06 00:00:00,25.44537,26.19537,26.69537,25.44537,17.862,0.00731,8718139.0,288734307.0,-3.4996760001245,27.145369999
HK.01099,国药控股,2018-02-07 00:00:00,26.04537,25.69537,26.645369999,25.69537,17.595,0.00712,8487915.0,282434127.0,-1.9087342534195928,26.19537
HK.01099,国药控股,2018-02-08 00:00:00,25.395369999,25.79537,26.24537,25.34537,17.648,0.00392,4680305.0,154538516.0,0.38917517046844574,25.69537
HK.01099,国药控股,2018-02-09 00:00:00,26.74537,24.895369999,26.74537,24.64537,17.166,0.00804,9588684.0,308876161.0,-3.4889982233245687,25.79537
HK.01099,国药控股,2018-02-12 00:00:00,24.99537,25.24537,25.79537,24.94537,17.354,0.00384,4586249.0,149249655.0,1.4058839093938365,24.895369999
HK.01099,国药控股,2018-02-13 00:00:00,25.395369999,25.895369999,26.24537,25.34537,17.702,0.00252,3003888.0,99223689.0,2.574729540505837,25.24537
HK.01099,国药控股,2018-02-14 00:00:00,25.79537,25.74537,25.94537,25.24537,17.621,0.00283,3380339.0,111153433.0,-0.5792541253737291,25.895369999
HK.01099,国药控股,2018-02-15 00:00:00,25.79537,25.54537,25.94537,25.395369999,17.514,0.00208,2479413.0,81405996.0,-0.776838709251422,25.74537
HK.01099,国药控股,2018-02-20 00:00:00,24.84537,25.99537,26.145369999,24.84537,17.755,0.00512,6102984.0,201002210.0,1.7615716664115761,25.54537
HK.01099,国药控股,2018-02-21 00:00:00,25.84537,25.895369999,26.04537,25.74537,17.702,0.00229,2726568.0,90194550.0,-0.3846838917853506,25.99537
HK.01099,国药控股,2018-02-22 00:00:00,25.69537,25.74537,25.94537,25.34537,17.621,0.0047,5609933.0,184320159.0,-0.5792541253737291,25.895369999
HK.01099,国药控股,2018-02-23 00:00:00,25.645369999,26.04537,26.19537,25.49537,17.782,0.00227,2713532.0,89559780.0,1.1652580638771055,25.74537
HK.01099,国药控股,2018-02-26 00:00:00,27.34537,27.94537,28.19537,25.895369999,18.8,0.00907,10822211.0,374880817.0,7.294962597958878,26.04537
HK.01099,国药控股,2018-02-27 00:00:00,28.14537,27.69537,28.14537,27.09537,18.666,0.00446,5323268.0,184698369.0,-0.8946025763838519,27.94537
HK.01099,国药控股,2018-02-28 00:00:00,27.04537,27.39537,27.69537,26.94537,18.505,0.00435,5188215.0,178989198.0,-1.0832135479684897,27.69537
HK.01099,国药控股,2018-03-01 00:00:00,27.29537,26.895369999,27.64537,26.44537,18.237,0.00474,5652200.0,192700842.0,-1.8251259282134173,27.39537
HK.01099,国药控股,2018-03-02 00:00:00,26.645369999,27.64537,28.04537,26.34537,18.639,0.00738,8798198.0,305599718.0,2.788584061226471,26.895369999
HK.01099,国药控股,2018-03-05 00:00:00,27.34537,27.94537,28.29537,27.34537,18.8,0.00408,4863093.0,170900661.0,1.0851726708667697,27.64537
HK.01099,国药控股,2018-03-06 00:00:00,28.34537,27.84537,28.39537,27.84537,18.746,0.00364,4342660.0,152837576.0,-0.35784103055354577,27.94537
HK.01099,国药控股,2018-03-07 00:00:00,27.74537,27.49537,27.74537,26.99537,18.559,0.00311,3706533.0,127993016.0,-1.2569414592084711,27.84537
HK.01099,国药控股,2018-03-08 00:00:00,27.49537,28.59537,28.84537,27.49537,19.148,0.00755,9005392.0,320839570.0,4.000673567949796,27.49537
HK.01099,国药控股,2018-03-09 00:00:00,28.89537,29.09537,29.14537,28.69537,19.416,0.00422,5037339.0,181860660.0,1.7485348152515598,28.59537
HK.01099,国药控股,2018-03-12 00:00:00,30.09537,29.59537,30.09537,28.99537,19.683,0.00522,6225255.0,228438204.0,1.718486480838704,29.09537
HK.01099,国药控股,2018-03-13 00:00:00,29.34537,29.39537,29.54537,28.74537,19.576,0.00366,4362453.0,158297748.0,-0.675781380668663,29.59537
HK.01099,国药控股,2018-03-14 00:00:00,28.89537,29.59537,29.64537,28.89537,19.683,0.00272,3243625.0,118185604.0,0.6803792570054376,29.39537
HK.01099,国药控股,2018-03-15 00:00:00,29.24537,29.44537,29.64537,29.09537,19.603,0.00166,1979557.0,72283120.0,-0.5068360355014943,29.59537
HK.01099,国药控股,2018-03-16 00:00:00,29.29537,29.34537,29.84537,28.29537,19.55,0.00603,7196850.0,262901189.0,-0.33961196615971007,29.44537
HK.01099,国药控股,2018-03-19 00:00:00,28.89537,29.74537,29.99537,28.89537,19.764,0.0054,6440567.0,236557476.0,1.3630770373656973,29.34537
HK.01099,国药控股,2018-03-20 00:00:00,29.79537,30.19537,30.29537,29.19537,20.005,0.00436,5203583.0,193052505.0,1.512840485762992,29.74537
HK.01099,国药控股,2018-03-21 00:00:00,30.74537,30.24537,31.34537,29.84537,20.032,0.00642,7662705.0,289050526.0,0.16558830045798645,30.19537
HK.01099,国药控股,2018-03-22 00:00:00,30.79537,29.44537,30.79537,29.24537,19.509,0.00317,3778176.0,139046217.0,-2.6450329422321524,30.24537
HK.01099,国药控股,2018-03-23 00:00:00,29.04537,28.99537,29.14537,27.94537,19.269,0.00367,4376837.0,157073491.0,-1.5282538477186711,29.44537
HK.01099,国药控股,2018-03-26 00:00:00,30.84537,30.44537,31.29537,28.99537,20.042,0.00626,7469958.0,278710562.0,5.000798403331288,28.99537
HK.01099,国药控股,2018-03-27 00:00:00,31.64537,32.64537,33.34537,31.44537,21.215,0.01101,13128081.0,519387427.0,7.22605768956002,30.44537
HK.01099,国药控股,2018-03-28 00:00:00,33.04537,33.19537,34.24537,32.69537,17.597,0.00966,11523529.0,468127144.0,1.6847718374764848,32.64537
HK.01099,国药控股,2018-03-29 00:00:00,33.09537,32.14537,33.34537,32.04537,17.139,0.00865,10315106.0,409813646.0,-3.1630917203212294,33.19537
HK.01099,国药控股,2018-04-03 00:00:00,32.04537,34.94537,35.19537,32.04537,18.36,0.0074,8822667.0,364284896.0,8.710430149038562,32.14537
HK.01099,国药控股,2018-04-04 00:00:00,37.84537,37.29537,38.49537,34.94537,19.385,0.01107,13201917.0,588865257.0,6.724782138520788,34.94537
HK.01099,国药控股,2018-04-06 00:00:00,37.44537,36.29537,37.44537,35.54537,18.948,0.01185,14140719.0,616325994.0,-2.6812979734481788,37.29537
HK.01099,国药控股,2018-04-09 00:00:00,36.19537,36.44537,37.84537,35.09537,19.014,0.01903,22696131.0,992007129.0,0.41327585309090004,36.29537
HK.01099,国药控股,2018-04-10 00:00:00,35.94537,35.74537,36.79537,35.49537,18.709,0.00981,11701570.0,503935976.0,-1.9206829289975538,36.44537
HK.01099,国药控股,2018-04-11 00:00:00,29.34537,28.49537,31.54537,27.64537,15.547,0.03296,39311445.0,1426280555.0,-20.28234705641598,35.74537
HK.01099,国药控股,2018-04-12 00:00:00,28.49537,28.39537,28.94537,27.94537,15.503,0.0104,12402859.0,442217507.0,-0.35093420439882483,28.49537
HK.01099,国药控股,2018-04-13 00:00:00,28.39537,27.19537,28.64537,26.79537,14.98,0.011,13124183.0,452916185.0,-4.22604107641492,28.39537
HK.01099,国药控股,2018-04-16 00:00:00,27.39537,27.29537,27.94537,26.84537,15.023,0.00719,8581037.0,295480420.0,0.36770965057654253,27.19537
HK.01099,国药控股,2018-04-17 00:00:00,27.64537,27.54537,27.74537,26.645369999,15.133,0.00909,10839785.0,374183412.0,0.9159062507670716,27.29537
HK.01099,国药控股,2018-04-18 00:00:00,28.24537,27.09537,28.24537,26.99537,14.936,0.00649,7737992.0,267315032.0,-1.6336683805663141,27.54537
HK.01099,国药控股,2018-04-19 00:00:00,27.64537,27.64537,28.14537,27.19537,15.176,0.00381,4545996.0,157796763.0,2.0298670953746,27.09537
HK.01099,国药控股,2018-04-20 00:00:00,27.54537,26.84537,27.89537,26.645369999,14.827,0.00462,5507242.0,188283840.0,-2.8937937889780487,27.64537
HK.01099,国药控股,2018-04-23 00:00:00,26.49537,26.44537,27.29537,26.29537,14.653,0.00568,6775615.0,229434217.0,-1.4900148517230294,26.84537
HK.01099,国药控股,2018-04-24 00:00:00,25.84537,27.19537,27.34537,25.84537,14.98,0.004,4769333.0,162774110.0,2.8360351925497733,26.44537
HK.01099,国药控股,2018-04-25 00:00:00,27.145369999,26.19537,27.34537,26.04537,14.544,0.00477,5684100.0,191222691.0,-3.677096505765504,27.19537
HK.01099,国药控股,2018-04-26 00:00:00,26.145369999,25.895369999,26.69537,25.74537,14.413,0.00272,3240198.0,107872695.0,-1.1452405558692271,26.19537
HK.01099,国药控股,2018-04-27 00:00:00,25.895369999,26.145369999,26.99537,25.895369999,14.522,0.00287,3421717.0,114444607.0,0.9654235487257152,25.895369999
HK.01099,国药控股,2018-04-30 00:00:00,26.09537,25.94537,26.94537,25.74537,14.435,0.00475,5664089.0,189162059.0,-0.7649537910828906,26.145369999
HK.01099,国药控股,2018-05-02 00:00:00,25.84537,24.79537,25.94537,24.09537,13.933,0.00947,11291092.0,359791116.0,-4.432390056491783,25.94537
HK.01099,国药控股,2018-05-03 00:00:00,24.69537,24.74537,25.04537,24.44537,13.911,0.00539,6435125.0,205003255.0,-0.2016505500825241,24.79537
HK.01099,国药控股,2018-05-04 00:00:00,24.79537,24.69537,25.24537,24.44537,13.89,0.00392,4675747.0,149146881.0,-0.20205800115334996,24.74537
HK.01099,国药控股,2018-05-07 00:00:00,24.79537,25.09537,25.29537,24.69537,14.064,0.00362,4322501.0,139379573.0,1.6197368170632738,24.69537
HK.01099,国药控股,2018-05-08 00:00:00,25.29537,25.94537,25.99537,25.145369999,14.435,0.00629,7503858.0,247162179.0,3.3870789711408973,25.09537
HK.01099,国药控股,2018-05-09 00:00:00,25.54537,26.395369999,27.29537,25.54537,14.631,0.00643,7674274.0,259327326.0,1.7344134965120914,25.94537
HK.01099,国药控股,2018-05-10 00:00:00,26.34537,25.99537,26.69537,25.44537,14.457,0.00636,7590240.0,251006521.0,-1.5154172834673378,26.395369999
HK.01099,国药控股,2018-05-11 00:00:00,25.895369999,26.24537,26.895369999,25.895369999,14.566,0.00424,5059703.0,169571478.0,0.9617097198462649,25.99537
HK.01099,国药控股,2018-05-14 00:00:00,26.44537,26.74537,26.84537,25.645369999,14.784,0.00608,7257172.0,242583844.0,1.9050979277487798,26.24537
HK.01099,国药控股,2018-05-15 00:00:00,26.09537,27.29537,27.59537,26.09537,15.023,0.00628,7485282.0,256882937.0,2.0564307018373538,26.74537
HK.01099,国药控股,2018-05-16 00:00:00,27.34537,27.39537,27.64537,26.59537,15.067,0.00507,6044856.0,207970092.0,0.3663625003068338,27.29537
HK.01099,国药控股,2018-05-17 00:00:00,27.34537,26.84537,27.34537,26.69537,14.827,0.00499,5952708.0,202896303.0,-2.007638517019484,27.39537
HK.01099,国药控股,2018-05-18 00:00:00,27.09537,27.29537,27.89537,26.69537,15.023,0.00408,4866237.0,168069657.0,1.6762667081884113,26.84537
HK.01099,国药控股,2018-05-21 00:00:00,28.14537,27.29537,28.14537,27.04537,15.023,0.00279,3329074.0,114714841.0,0.0,27.29537
HK.01099,国药控股,2018-05-23 00:00:00,26.99537,27.29537,27.64537,26.84537,15.023,0.00472,5631350.0,194412114.0,0.0,27.29537
HK.01099,国药控股,2018-05-24 00:00:00,27.09537,27.84537,27.84537,27.04537,15.263,0.00314,3743601.0,130275338.0,2.0149937516875602,27.29537
HK.01099,国药控股,2018-05-25 00:00:00,27.59537,27.74537,27.94537,27.49537,15.22,0.00494,5887600.0,205522534.0,-0.3591261312024149,27.84537
HK.01099,国药控股,2018-05-28 00:00:00,27.94537,28.24537,28.44537,27.64537,15.438,0.00425,5064048.0,178850340.0,1.8021024769177705,27.74537
HK.01099,国药控股,2018-05-29 00:00:00,28.64537,27.69537,28.64537,27.54537,15.198,0.0044,5248887.0,183464538.0,-1.9472217924566069,28.24537
HK.01099,国药控股,2018-05-30 00:00:00,27.44537,26.74537,27.54537,26.645369999,14.784,0.00437,5215130.0,177622630.0,-3.4301762352335405,27.69537
HK.01099,国药控股,2018-05-31 00:00:00,26.99537,27.69537,27.84537,26.74537,15.198,0.00614,7322562.0,254564673.0,3.552016666809991,26.74537
HK.01099,国药控股,2018-06-01 00:00:00,27.94537,27.54537,28.39537,26.79537,15.133,0.00711,8483204.0,293648478.0,-0.5416067739842513,27.69537
HK.01099,国药控股,2018-06-04 00:00:00,28.39537,28.29537,28.39537,27.64537,15.46,0.00244,2912092.0,102670484.0,2.7227806342771945,27.54537
HK.01099,国药控股,2018-06-05 00:00:00,28.19537,28.49537,28.54537,28.09537,15.547,0.00282,3369415.0,119675670.0,0.7068294212092043,28.29537
HK.01099,国药控股,2018-06-06 00:00:00,28.84537,28.74537,29.24537,28.39537,15.656,0.00279,3322044.0,119224993.0,0.8773355109970497,28.49537
HK.01099,国药控股,2018-06-07 00:00:00,28.99537,28.74537,28.99537,28.34537,15.656,0.00547,6527920.0,234308000.0,0.0,28.74537
HK.01099,国药控股,2018-06-08 00:00:00,28.44537,28.89537,28.99537,28.14537,15.721,0.006,7155874.0,255587854.0,0.5218231666525724,28.74537
HK.01099,国药控股,2018-06-11 00:00:00,29.09537,27.84537,29.19537,27.64537,15.263,0.00497,5933658.0,208375175.0,-3.6338001555266493,28.89537
HK.01099,国药控股,2018-06-12 00:00:00,27.34537,27.24537,28.04537,27.04537,15.002,0.00398,4748084.0,164099197.0,-2.1547567872145277,27.84537
HK.01099,国药控股,2018-06-13 00:00:00,27.04537,26.59537,27.59537,26.44537,14.718,0.0039,4650746.0,158310149.0,-2.385726455540894,27.24537
HK.01099,国药控股,2018-06-14 00:00:00,27.09537,26.395369999,27.09537,26.24537,14.631,0.0025,2987535.0,100756026.0,-0.7520105980853035,26.59537
HK.01099,国药控股,2018-06-15 00:00:00,26.69537,26.74537,26.895369999,25.84537,14.784,0.00431,5146695.0,174059335.0,1.32599013013745,26.395369999
HK.01099,国药控股,2018-06-19 00:00:00,27.04537,25.44537,27.04537,25.24537,14.217,0.00512,6106680.0,201296828.0,-4.8606543861610465,26.74537
HK.01099,国药控股,2018-06-20 00:00:00,25.44537,25.74537,26.19537,25.09537,14.348,0.00424,5054155.0,165664519.0,1.1789964146719056,25.44537
HK.01099,国药控股,2018-06-21 00:00:00,26.74537,25.29537,26.74537,25.29537,14.151,0.00401,4787851.0,157115905.0,-1.7478870958156856,25.74537
HK.01099,国药控股,2018-06-22 00:00:00,25.84537,25.34537,25.84537,24.895369999,14.173,0.00502,5984892.0,194560421.0,0.19766463190694863,25.29537
HK.01099,国药控股,2018-06-25 00:00:00,24.84537,25.29537,25.79537,24.84537,14.151,0.00513,6120050.0,198281727.0,-0.1972746896178699,25.34537
HK.01099,国药控股,2018-06-26 00:00:00,25.145369999,25.09537,25.645369999,24.54537,14.064,0.00417,4969535.0,160500401.0,-0.7906585276277805,25.29537
HK.01099,国药控股,2018-06-27 00:00:00,25.145369999,24.39537,25.34537,24.24537,13.759,0.00492,5869180.0,186569012.0,-2.789359152704261,25.09537
HK.01099,国药控股,2018-06-28 00:00:00,23.84537,23.69537,24.84537,23.59537,13.453,0.00541,6455287.0,200826205.0,-2.8693969388453597,24.39537
HK.01099,国药控股,2018-06-29 00:00:00,23.84537,24.39537,24.39537,23.09537,13.759,0.00399,4755614.0,148669459.0,2.954163619306216,23.69537
HK.01099,国药控股,2018-07-03 00:00:00,23.14537,23.79537,23.84537,22.84537,13.497,0.00558,6654918.0,202914990.0,-2.4594830904388885,24.39537
HK.01099,国药控股,2018-07-04 00:00:00,23.80327,23.85327,24.10327,23.55327,13.214,0.00443,5286954.0,160171699.0,0.2433246467695189,23.79537
HK.01099,国药控股,2018-07-05 00:00:00,24.05327,23.65327,24.05327,22.90327,13.126,0.00447,5329495.0,158903708.0,-0.8384594648867819,23.85327
HK.01099,国药控股,2018-07-06 00:00:00,23.75327,23.80327,24.30327,22.95327,13.192,0.00368,4388105.0,132674441.0,0.6341617882009639,23.65327
HK.01099,国药控股,2018-07-09 00:00:00,24.20327,24.25327,24.55327,24.05327,13.388,0.00476,5672695.0,174673499.0,1.8904965578258757,23.80327
HK.01099,国药控股,2018-07-10 00:00:00,24.65327,24.80327,25.20327,24.25327,13.628,0.00498,5938922.0,185506775.0,2.26773544350927,24.25327
HK.01099,国药控股,2018-07-11 00:00:00,23.55327,24.90327,25.10327,23.55327,13.672,0.00255,3042625.0,94850763.0,0.40317264618736903,24.80327
HK.01099,国药控股,2018-07-12 00:00:00,25.25327,25.75327,27.05327,25.20327,14.042,0.00699,8341232.0,271509660.0,3.4132063781182205,24.90327
HK.01099,国药控股,2018-07-13 00:00:00,25.853269999,26.55327,26.95327,25.55327,14.391,0.00751,8963367.0,294697831.0,3.106401633656622,25.75327
HK.01099,国药控股,2018-07-16 00:00:00,26.853269999,27.00327,27.103269999,26.15327,14.587,0.00361,4307301.0,143027660.0,1.6947065276706006,26.55327
HK.01099,国药控股,2018-07-17 00:00:00,26.603269999,26.75327,27.05327,26.30327,14.478,0.00383,4565147.0,151135295.0,-0.9258137995879758,27.00327
HK.01099,国药控股,2018-07-18 00:00:00,26.45327,26.853269999,27.20327,26.30327,14.522,0.00404,4820856.0,160586321.0,0.37378607923441803,26.75327
HK.01099,国药控股,2018-07-19 00:00:00,26.853269999,26.50327,27.05327,26.353269999,14.369,0.00352,4201251.0,138640309.0,-1.3033794357746062,26.853269999
HK.01099,国药控股,2018-07-20 00:00:00,26.55327,26.45327,27.15327,26.20327,14.348,0.00451,5380949.0,177741036.0,-0.1886559658487451,26.50327
HK.01099,国药控股,2018-07-23 00:00:00,26.50327,26.00327,26.65327,25.603269999,14.151,0.00443,5288261.0,171543689.0,-1.701112943692781,26.45327
HK.01099,国药控股,2018-07-24 00:00:00,25.35327,25.70327,26.40327,25.35327,14.02,0.00426,5086838.0,164189608.0,-1.1537010537520886,26.00327
HK.01099,国药控股,2018-07-25 00:00:00,25.75327,26.25327,26.603269999,25.15327,14.26,0.0031,3695191.0,120279700.0,2.139805557814242,25.70327
HK.01099,国药控股,2018-07-26 00:00:00,26.80327,26.70327,27.103269999,26.30327,14.457,0.00454,5411993.0,179609069.0,1.7140721898643456,26.25327
HK.01099,国药控股,2018-07-27 00:00:00,26.75327,26.603269999,26.853269999,25.80327,14.413,0.00155,1852669.0,60826738.0,-0.3744859749386555,26.70327
HK.01099,国药控股,2018-07-30 00:00:00,26.65327,26.30327,26.80327,25.853269999,14.282,0.00203,2418825.0,78948565.0,-1.1276809167116444,26.603269999
HK.01099,国药控股,2018-07-31 00:00:00,26.30327,26.75327,27.353269999,26.30327,14.478,0.00274,3272800.0,108608520.0,1.7108139026060232,26.30327
HK.01099,国药控股,2018-08-01 00:00:00,27.05327,27.40327,27.75327,26.853269999,14.762,0.00436,5202118.0,175266251.0,2.429609539319861,26.75327
HK.01099,国药控股,2018-08-02 00:00:00,27.50327,27.103269999,27.90327,26.25327,14.631,0.0051,6088824.0,204111060.0,-1.0947598626003423,27.40327
HK.01099,国药控股,2018-08-03 00:00:00,26.75327,26.95327,27.65327,26.50327,14.566,0.00309,3680867.0,123125662.0,-0.5534387511378992,27.103269999
HK.01099,国药控股,2018-08-06 00:00:00,26.853269999,27.25327,27.70327,26.55327,14.696,0.00399,4754848.0,159431468.0,1.1130374904417932,26.95327
HK.01099,国药控股,2018-08-07 00:00:00,26.90327,27.353269999,27.55327,26.80327,14.74,0.00227,2709028.0,91269406.0,0.36692844198144947,27.25327
HK.01099,国药控股,2018-08-08 00:00:00,27.45327,27.70327,27.80327,27.103269999,14.893,0.00235,2808854.0,95609071.0,1.2795545140043478,27.353269999
HK.01099,国药控股,2018-08-09 00:00:00,27.70327,28.15327,28.50327,27.103269999,15.089,0.00376,4479234.0,154172892.0,1.6243569802409583,27.70327
HK.01099,国药控股,2018-08-10 00:00:00,28.40327,28.60327,28.70327,27.90327,15.285,0.00266,3169814.0,110740849.0,1.598393366028171,28.15327
HK.01099,国药控股,2018-08-13 00:00:00,28.65327,28.65327,29.45327,28.05327,15.307,0.00587,6998151.0,246418561.0,0.17480518835783712,28.60327
HK.01099,国药控股,2018-08-14 00:00:00,28.40327,29.15327,29.30327,27.95327,15.525,0.00546,6513150.0,228909725.0,1.7450015303663424,28.65327
HK.01099,国药控股,2018-08-15 00:00:00,28.95327,28.75327,29.10327,28.05327,15.351,0.00588,7017569.0,246540112.0,-1.3720587776259698,29.15327
HK.01099,国药控股,2018-08-16 00:00:00,28.70327,28.95327,29.25327,28.30327,15.438,0.00337,4022592.0,141860671.0,0.6955730600380383,28.75327
HK.01099,国药控股,2018-08-17 00:00:00,28.95327,28.75327,29.10327,28.45327,15.351,0.00504,6009546.0,211594297.0,-0.6907682620995808,28.95327
HK.01099,国药控股,2018-08-20 00:00:00,28.95327,29.35327,29.65327,28.40327,15.612,0.00587,7007681.0,250173311.0,2.086719180114115,28.75327
HK.01099,国药控股,2018-08-21 00:00:00,28.60327,29.15327,29.35327,28.00327,15.525,0.00812,9686874.0,342371100.0,-0.6813550926353327,29.35327
HK.01099,国药控股,2018-08-22 00:00:00,28.80327,29.80327,29.90327,28.50327,15.808,0.00476,5676823.0,204297662.0,2.2295955136422165,29.15327
HK.01099,国药控股,2018-08-23 00:00:00,30.05327,30.25327,30.80327,29.45327,16.005,0.0059,7043543.0,259460349.0,1.5099014302792924,29.80327
HK.01099,国药控股,2018-08-24 00:00:00,30.20327,30.30327,30.45327,29.65327,16.027,0.00423,5048577.0,184608058.0,0.1652713904976246,30.25327
HK.01099,国药控股,2018-08-27 00:00:00,30.05327,30.35327,31.00327,29.90327,16.048,0.00563,6716348.0,248339118.0,0.16499869486031427,30.30327
HK.01099,国药控股,2018-08-28 00:00:00,30.65327,33.00327,33.20327,30.55327,17.204,0.0107,12766511.0,498943510.0,8.730525574345045,30.35327
HK.01099,国药控股,2018-08-29 00:00:00,32.95327,32.90327,34.60327,32.15327,17.16,0.00765,9120188.0,361002936.0,-0.30300027845726024,33.00327
HK.01099,国药控股,2018-08-30 00:00:00,33.20327,31.90327,34.20327,31.60327,16.724,0.00576,6868923.0,267056409.0,-3.0392116041961788,32.90327
HK.01099,国药控股,2018-08-31 00:00:00,31.90327,32.60327,33.00327,31.50327,17.03,0.00615,7331815.0,285625824.0,2.194132450999546,31.90327
HK.01099,国药控股,2018-09-03 00:00:00,33.05327,32.65327,33.05327,32.40327,17.051,0.00313,3739007.0,145983567.0,0.15335885020121343,32.60327
HK.01099,国药控股,2018-09-04 00:00:00,31.85327,32.55327,32.85327,31.85327,17.008,0.00396,4726938.0,183766357.0,-0.3062480419265863,32.65327
HK.01099,国药控股,2018-09-05 00:00:00,32.55327,31.40327,32.55327,31.00327,16.506,0.00517,6170233.0,234712688.0,-3.5326712185903246,32.55327
HK.01099,国药控股,2018-09-06 00:00:00,32.55327,31.20327,32.55327,31.05327,16.419,0.00618,7373141.0,280480147.0,-0.636876350774933,31.40327
HK.01099,国药控股,2018-09-07 00:00:00,31.55327,31.60327,32.05327,31.20327,16.593,0.00689,8221426.0,312770420.0,1.2819169272963975,31.20327
HK.01099,国药控股,2018-09-10 00:00:00,31.85327,31.60327,31.85327,30.95327,16.593,0.00413,4927950.0,186583355.0,0.0,31.60327
HK.01099,国药控股,2018-09-11 00:00:00,31.60327,30.80327,31.60327,30.35327,16.245,0.00374,4456131.0,166441631.0,-2.5313836194798744,31.60327
HK.01099,国药控股,2018-09-12 00:00:00,31.55327,30.60327,31.55327,29.75327,16.157,0.00774,9237199.0,340647402.0,-0.6492817158697854,30.80327
HK.01099,国药控股,2018-09-13 00:00:00,29.55327,29.75327,30.90327,28.85327,15.787,0.00672,8010392.0,289476410.0,-2.777480968537015,30.60327
HK.01099,国药控股,2018-09-14 00:00:00,30.60327,31.35327,31.70327,29.60327,16.484,0.0078,9307154.0,350345277.0,5.377560180780122,29.75327
HK.01099,国药控股,2018-09-17 00:00:00,30.75327,30.95327,31.15327,30.15327,16.31,0.00286,3417103.0,127020567.0,-1.2757839931847574,31.35327
HK.01099,国药控股,2018-09-18 00:00:00,30.20327,31.05327,31.35327,29.70327,16.354,0.00509,6067379.0,225967699.0,0.3230676435801498,30.95327
HK.01099,国药控股,2018-09-19 00:00:00,30.75327,30.95327,31.70327,29.90327,16.31,0.00447,5333924.0,199289722.0,-0.32202727764258454,31.05327
HK.01099,国药控股,2018-09-20 00:00:00,31.25327,31.35327,31.40327,30.80327,16.484,0.0029,3464840.0,130023396.0,1.292270574320576,30.95327
HK.01099,国药控股,2018-09-21 00:00:00,31.70327,31.55327,32.10327,30.95327,16.572,0.00226,2693557.0,102510998.0,0.63789199659239,31.35327
HK.01099,国药控股,2018-09-24 00:00:00,31.05327,30.40327,31.10327,30.05327,16.07,0.00328,3912600.0,145783902.0,-3.644630176206783,31.55327
HK.01099,国药控股,2018-09-26 00:00:00,29.95327,30.90327,31.30327,28.65327,16.288,0.00696,8304545.0,309369042.0,1.6445599437165805,30.40327
HK.01099,国药控股,2018-09-27 00:00:00,30.80327,31.30327,31.65327,30.80327,16.463,0.00134,1593843.0,60131520.0,1.294361405767099,30.90327
HK.01099,国药控股,2018-09-28 00:00:00,32.35327,31.85327,32.35327,31.00327,16.703,0.00463,5526068.0,210317593.0,1.7570049391006024,31.30327
HK.01099,国药控股,2018-10-02 00:00:00,30.35327,30.70327,31.25327,30.35327,16.201,0.00386,4607800.0,171310066.0,-3.610304373773866,31.85327
HK.01099,国药控股,2018-10-03 00:00:00,30.75327,31.25327,31.50327,30.75327,16.441,0.0012,1432782.0,53880905.0,1.7913401406430025,30.70327
HK.01099,国药控股,2018-10-04 00:00:00,30.55327,30.20327,30.85327,29.70327,15.983,0.00313,3736352.0,137052028.0,-3.3596484463865726,31.25327
HK.01099,国药控股,2018-10-05 00:00:00,30.45327,30.80327,31.05327,30.10327,16.245,0.00293,3493415.0,129741617.0,1.9865398680341613,30.20327
HK.01099,国药控股,2018-10-08 00:00:00,31.55327,30.65327,31.55327,30.55327,16.179,0.003,3582752.0,133539101.0,-0.48696128690233903,30.80327
HK.01099,国药控股,2018-10-09 00:00:00,31.40327,31.20327,32.45327,31.10327,16.419,0.00295,3519055.0,133903689.0,1.7942620803588025,30.65327
HK.01099,国药控股,2018-10-10 00:00:00,31.80327,30.65327,32.05327,30.60327,16.179,0.0023,2745612.0,103079533.0,-1.762635775032555,31.20327
HK.01099,国药控股,2018-10-11 00:00:00,28.30327,30.30327,30.45327,28.30327,16.027,0.0084,10022260.0,362119094.0,-1.1418031420465022,30.65327
HK.01099,国药控股,2018-10-12 00:00:00,31.05327,30.00327,31.60327,29.90327,15.896,0.00454,5416720.0,199455373.0,-0.9899921691619443,30.30327
HK.01099,国药控股,2018-10-15 00:00:00,29.45327,29.50327,30.10327,29.10327,15.678,0.00319,3808643.0,136969414.0,-1.6664850197995085,30.00327
HK.01099,国药控股,2018-10-16 00:00:00,30.60327,29.30327,30.60327,28.95327,15.59,0.00334,3982482.0,142337285.0,-0.6778909592055365,29.50327
HK.01099,国药控股,2018-10-18 00:00:00,29.85327,28.60327,29.90327,28.20327,15.285,0.00506,6041053.0,212404359.0,-2.3888118971022783,29.30327
HK.01099,国药控股,2018-10-19 00:00:00,29.15327,29.55327,29.75327,28.45327,15.908,0.00752,8970023.0,320041378.0,3.3212985787988676,28.60327
HK.01099,国药控股,2018-10-22 00:00:00,30.60327,30.35327,31.05327,30.00327,16.261,0.0047,5611611.0,206998780.0,2.706976250005489,29.55327
HK.01099,国药控股,2018-10-23 00:00:00,29.70327,29.60327,30.25327,29.05327,15.93,0.00288,3439342.0,123592988.0,-2.470903464437275,30.35327
HK.01099,国药控股,2018-10-24 00:00:00,30.30327,29.95327,30.45327,29.05327,16.084,0.00318,3794731.0,137819272.0,1.1823018200354265,29.60327
HK.01099,国药控股,2018-10-25 00:00:00,29.65327,30.90327,31.15327,28.95327,16.504,0.00646,7710598.0,285172771.0,3.171606973128474,29.95327
HK.01099,国药控股,2018-10-26 00:00:00,30.55327,29.85327,30.55327,29.55327,16.04,0.00313,3731281.0,135758832.0,-3.397698690138619,30.90327
HK.01099,国药控股,2018-10-29 00:00:00,29.25327,30.40327,31.25327,29.25327,16.07,0.00685,8167216.0,301471665.0,1.8423442390063156,29.85327
HK.01099,国药控股,2018-10-30 00:00:00,29.95327,29.80327,30.85327,29.55327,15.808,0.00638,7613703.0,278995918.0,-1.9734719324598897,30.40327
HK.01099,国药控股,2018-10-31 00:00:00,30.55327,31.35327,31.50327,30.25327,16.484,0.00766,9131830.0,342784931.0,5.200771593184228,29.80327
HK.01099,国药控股,2018-11-01 00:00:00,31.50327,30.35327,32.55327,29.85327,16.048,0.00588,7016345.0,259982641.0,-3.189459982961905,31.35327
HK.01099,国药控股,2018-11-02 00:00:00,30.95327,31.00327,31.25327,29.65327,16.332,0.00646,7708272.0,285278634.0,2.1414496691789786,30.35327
HK.01099,国药控股,2018-11-05 00:00:00,31.30327,31.30327,31.35327,30.45327,16.463,0.0039,4649650.0,174229725.0,0.9676398650852014,31.00327
HK.01099,国药控股,2018-11-06 00:00:00,31.85327,32.00327,32.35327,31.40327,16.768,0.00292,3488470.0,133990207.0,2.236188104309867,31.30327
HK.01099,国药控股,2018-11-07 00:00:00,34.55327,32.50327,34.55327,31.60327,16.986,0.00444,5300920.0,207022499.0,1.5623403483456535,32.00327
HK.01099,国药控股,2018-11-08 00:00:00,32.95327,32.55327,32.95327,31.85327,17.008,0.00411,4896754.0,189983080.0,0.1538306761135023,32.50327
HK.01099,国药控股,2018-11-09 00:00:00,32.70327,32.70327,32.70327,32.00327,17.073,0.00357,4260430.0,165945424.0,0.46078320242484305,32.55327
HK.01099,国药控股,2018-11-12 00:00:00,33.05327,32.65327,33.05327,32.20327,17.051,0.00306,3649165.0,142302409.0,-0.15288990978579287,32.70327
HK.01099,国药控股,2018-11-13 00:00:00,31.90327,33.05327,33.15327,31.90327,17.226,0.00333,3967328.0,155780015.0,1.2249921677063234,32.65327
HK.01099,国药控股,2018-11-14 00:00:00,33.05327,32.70327,33.15327,32.25327,17.073,0.00326,3888898.0,152428584.0,-1.0588967445580857,33.05327
HK.01099,国药控股,2018-11-15 00:00:00,33.05327,32.90327,33.30327,32.50327,17.16,0.00399,4759039.0,187291737.0,0.6115596391431062,32.70327
HK.01099,国药控股,2018-11-16 00:00:00,32.55327,32.20327,32.85327,31.40327,16.855,0.00284,3385693.0,130378305.0,-2.127448122937312,32.90327
HK.01099,国药控股,2018-11-19 00:00:00,32.85327,32.75327,32.90327,32.05327,17.095,0.00316,3766457.0,147225994.0,1.7079010920319493,32.20327
HK.01099,国药控股,2018-11-20 00:00:00,32.35327,32.35327,32.60327,31.65327,16.921,0.00192,2291438.0,88837752.0,-1.2212521070415217,32.75327
HK.01099,国药控股,2018-11-21 00:00:00,32.25327,32.00327,32.50327,31.65327,16.768,0.00301,3584806.0,137946717.0,-1.0818071867233248,32.35327
HK.01099,国药控股,2018-11-22 00:00:00,32.00327,32.25327,32.55327,31.55327,16.877,0.00142,1697439.0,65726312.0,0.7811701741728267,32.00327
HK.01099,国药控股,2018-11-23 00:00:00,31.75327,32.10327,32.15327,31.50327,16.812,0.0024,2859782.0,109644859.0,-0.4650691232237803,32.25327
HK.01099,国药控股,2018-11-26 00:00:00,32.35327,32.45327,32.55327,31.95327,16.964,0.00155,1847292.0,71710585.0,1.0902316181498066,32.10327
HK.01099,国药控股,2018-11-27 00:00:00,32.10327,32.10327,32.55327,31.30327,16.812,0.00304,3631474.0,139689947.0,-1.0784737562655518,32.45327
HK.01099,国药控股,2018-11-28 00:00:00,31.95327,32.10327,32.50327,31.90327,16.812,0.0042,5006791.0,193677023.0,0.0,32.10327
HK.01099,国药控股,2018-11-29 00:00:00,32.20327,32.45327,32.55327,32.00327,16.964,0.00352,4203835.0,162964639.0,1.0902316181498066,32.10327
HK.01099,国药控股,2018-11-30 00:00:00,32.35327,32.10327,32.55327,31.80327,16.812,0.00577,6881914.0,265526774.0,-1.0784737562655518,32.45327
HK.01099,国药控股,2018-12-03 00:00:00,32.95327,32.05327,32.95327,31.90327,16.79,0.00467,5575106.0,215643789.0,-0.1557473740214136,32.10327
HK.01099,国药控股,2018-12-04 00:00:00,32.05327,32.00327,32.35327,31.75327,16.768,0.00476,5677672.0,218540603.0,-0.15599032485608227,32.05327
HK.01099,国药控股,2018-12-05 00:00:00,31.45327,31.55327,32.00327,31.25327,16.572,0.00266,3170016.0,120652147.0,-1.4061063135110858,32.00327
HK.01099,国药控股,2018-12-06 00:00:00,30.55327,30.20327,30.95327,28.70327,15.983,0.00387,4613189.0,168464574.0,-4.278478902503611,31.55327
HK.01099,国药控股,2018-12-07 00:00:00,29.35327,28.55327,29.70327,27.90327,15.263,0.01182,14096296.0,493206098.0,-5.462984637093927,30.20327
HK.01099,国药控股,2018-12-10 00:00:00,28.55327,27.353269999,28.80327,27.05327,14.74,0.00579,6911273.0,234247831.0,-4.202671011061089,28.55327
HK.01099,国药控股,2018-12-11 00:00:00,27.50327,27.70327,27.95327,27.15327,14.893,0.00483,5766598.0,195822543.0,1.2795545140043478,27.353269999
HK.01099,国药控股,2018-12-12 00:00:00,28.05327,27.65327,28.05327,27.30327,14.871,0.0037,4416797.0,150546619.0,-0.18048410891566485,27.70327
HK.01099,国药控股,2018-12-13 00:00:00,28.25327,27.90327,28.70327,27.353269999,14.98,0.0038,4535008.0,155352964.0,0.9040522151629808,27.65327
HK.01099,国药控股,2018-12-14 00:00:00,27.20327,26.45327,27.45327,26.25327,14.348,0.00371,4426904.0,146396146.0,-5.196523561575398,27.90327
HK.01099,国药控股,2018-12-17 00:00:00,26.05327,26.00327,26.55327,25.80327,14.151,0.00445,5303687.0,172539578.0,-1.701112943692781,26.45327
HK.01099,国药控股,2018-12-18 00:00:00,26.45327,26.00327,27.103269999,25.65327,14.151,0.00382,4559730.0,148992420.0,0.0,26.00327
HK.01099,国药控股,2018-12-19 00:00:00,26.50327,25.65327,26.75327,25.40327,13.999,0.00249,2964950.0,95681809.0,-1.345984562710772,26.00327
HK.01099,国药控股,2018-12-20 00:00:00,26.103269999,25.40327,26.103269999,24.75327,13.89,0.00413,4924518.0,156214242.0,-0.9745346304779079,25.65327
HK.01099,国药控股,2018-12-21 00:00:00,24.45327,25.50327,25.603269999,24.45327,13.933,0.00364,4343536.0,137470113.0,0.3936501088245782,25.40327
HK.01099,国药控股,2018-12-24 00:00:00,24.55327,24.80327,24.80327,24.05327,13.628,0.00255,3044160.0,95401323.0,-2.744746065896645,25.50327
HK.01099,国药控股,2018-12-27 00:00:00,24.85327,25.40327,25.50327,24.85327,13.89,0.00215,2568611.0,81537590.0,2.4190358771242577,24.80327
HK.01099,国药控股,2018-12-28 00:00:00,25.853269999,25.70327,26.05327,24.95327,14.02,0.00251,2999894.0,96443038.0,1.1809503264737204,25.40327
HK.01099,国药控股,2018-12-31 00:00:00,25.55327,26.45327,26.603269999,25.55327,14.348,0.00213,2545953.0,83324139.0,2.91791666974669,25.70327
HK.01099,国药控股,2019-01-02 00:00:00,26.50327,24.60327,26.50327,24.25327,13.541,0.00436,5202328.0,161667924.0,-6.993464324070338,26.45327
HK.01099,国药控股,2019-01-03 00:00:00,25.30327,24.05327,25.30327,23.65327,13.301,0.00397,4730588.0,144665207.0,-2.235475203092911,24.60327
HK.01099,国药控股,2019-01-04 00:00:00,24.10327,24.65327,24.90327,23.75327,13.563,0.00151,1806074.0,56043206.0,2.494463330765413,24.05327
HK.01099,国药控股,2019-01-07 00:00:00,25.55327,25.25327,26.05327,24.65327,13.824,0.00436,5204495.0,164528448.0,2.433754224084681,24.65327
HK.01099,国药控股,2019-01-08 00:00:00,25.95327,26.20327,26.40327,25.55327,14.238,0.00359,4279682.0,139086239.0,3.7618890543680052,25.25327
HK.01099,国药控股,2019-01-09 00:00:00,26.853269999,26.55327,27.15327,26.30327,14.391,0.00486,5794685.0,191617352.0,1.335711153607933,26.20327
HK.01099,国药控股,2019-01-10 00:00:00,27.15327,26.353269999,27.15327,25.95327,14.304,0.00429,5113966.0,167837640.0,-0.7532029049529603,26.55327
HK.01099,国药控股,2019-01-11 00:00:00,26.55327,26.65327,26.80327,26.25327,14.435,0.00416,4960275.0,163807583.0,1.13837865665773,26.353269999
HK.01099,国药控股,2019-01-14 00:00:00,26.95327,26.353269999,27.30327,25.90327,14.304,0.00281,3356446.0,109954391.0,-1.1255654596978188,26.65327
HK.01099,国药控股,2019-01-15 00:00:00,27.05327,26.103269999,27.05327,25.90327,14.195,0.00304,3629981.0,118705273.0,-0.9486488773859431,26.353269999
HK.01099,国药控股,2019-01-16 00:00:00,25.65327,26.30327,26.70327,25.20327,14.282,0.00278,3310358.0,108104664.0,0.7661875351542731,26.103269999
HK.01099,国药控股,2019-01-17 00:00:00,26.30327,25.853269999,26.55327,25.603269999,14.086,0.00338,4032935.0,131002881.0,-1.7108139064078456,26.30327
HK.01099,国药控股,2019-01-18 00:00:00,25.65327,27.853269999,28.05327,25.50327,14.958,0.0063,7512880.0,253794019.0,7.7359653153251395,25.853269999
HK.01099,国药控股,2019-01-21 00:00:00,27.30327,28.20327,28.65327,27.15327,15.111,0.00429,5118048.0,176532673.0,1.2565849575743435,27.853269999
HK.01099,国药控股,2019-01-22 00:00:00,27.90327,27.55327,28.20327,27.40327,14.827,0.00279,3322147.0,113375715.0,-2.304697292193418,28.20327
HK.01099,国药控股,2019-01-23 00:00:00,27.50327,28.60327,29.10327,27.353269999,15.285,0.00441,5256500.0,183920246.0,3.8107999522379634,27.55327
HK.01099,国药控股,2019-01-24 00:00:00,28.90327,28.80327,29.15327,28.05327,15.372,0.00349,4156958.0,146204933.0,0.6992207534313485,28.60327
HK.01099,国药控股,2019-01-25 00:00:00,28.80327,28.70327,29.20327,28.45327,15.329,0.00179,2136896.0,75259758.0,-0.3471828025081924,28.80327
HK.01099,国药控股,2019-01-28 00:00:00,28.25327,28.35327,29.35327,28.05327,15.176,0.00176,2098491.0,73368583.0,-1.2193732630463407,28.70327
HK.01099,国药控股,2019-01-29 00:00:00,28.55327,28.50327,28.85327,28.15327,15.242,0.00255,3036465.0,106146782.0,0.529039507612357,28.35327
HK.01099,国药控股,2019-01-30 00:00:00,28.30327,27.65327,28.75327,27.50327,14.871,0.00259,3094901.0,106317898.0,-2.982113982009788,28.50327
HK.01099,国药控股,2019-01-31 00:00:00,28.00327,28.60327,28.70327,27.75327,15.285,0.00562,6700436.0,234371604.0,3.4353984176193246,27.65327
HK.01099,国药控股,2019-02-01 00:00:00,29.05327,29.60327,29.85327,28.60327,15.721,0.00406,4847848.0,173894052.0,3.4961037671566926,28.60327
HK.01099,国药控股,2019-02-04 00:00:00,29.55327,28.95327,29.55327,28.55327,15.438,0.00208,2485840.0,88017241.0,-2.195703380065779,29.60327
HK.01099,国药控股,2019-02-08 00:00:00,28.40327,28.95327,29.30327,28.25327,15.438,0.00297,3546325.0,125371469.0,0.0,28.95327
HK.01099,国药控股,2019-02-11 00:00:00,29.00327,28.90327,29.60327,28.85327,15.416,0.00242,2885939.0,102703141.0,-0.17269206552489824,28.95327
HK.01099,国药控股,2019-02-12 00:00:00,29.55327,29.45327,29.85327,28.65327,15.656,0.00487,5810375.0,208487286.0,1.9028988761479262,28.90327
HK.01099,国药控股,2019-02-13 00:00:00,29.75327,29.75327,29.85327,29.10327,15.787,0.00595,7093881.0,255214148.0,1.018562624795144,29.45327
HK.01099,国药控股,2019-02-14 00:00:00,29.30327,29.75327,30.05327,29.20327,15.787,0.00383,4567317.0,165091270.0,0.0,29.75327
HK.01099,国药控股,2019-02-15 00:00:00,29.10327,28.60327,29.35327,28.40327,15.285,0.00314,3740074.0,131654756.0,-3.865121379935725,29.75327
HK.01099,国药控股,2019-02-18 00:00:00,29.20327,29.15327,29.65327,28.90327,15.525,0.002,2389970.0,85172272.0,1.9228570719361835,28.60327
HK.01099,国药控股,2019-02-19 00:00:00,28.90327,28.40327,29.10327,28.20327,15.198,0.00287,3425902.0,119889213.0,-2.5726102080487028,29.15327
HK.01099,国药控股,2019-02-20 00:00:00,28.45327,27.20327,28.65327,26.55327,14.675,0.00681,8124315.0,274157420.0,-4.224865658073875,28.40327
HK.01099,国药控股,2019-02-21 00:00:00,27.25327,27.603269999,27.853269999,26.80327,14.849,0.00339,4040732.0,137119537.0,1.4704114578872263,27.20327
HK.01099,国药控股,2019-02-22 00:00:00,27.15327,27.15327,27.353269999,26.75327,14.653,0.00465,5548970.0,186099110.0,-1.6302416308513505,27.603269999
HK.01099,国药控股,2019-02-25 00:00:00,27.50327,26.95327,27.50327,26.65327,14.566,0.00433,5162875.0,172693833.0,-0.7365595377646939,27.15327
HK.01099,国药控股,2019-02-26 00:00:00,27.20327,28.55327,28.90327,27.00327,15.263,0.00585,6974320.0,242050646.0,5.936199949022888,26.95327
HK.01099,国药控股,2019-02-27 00:00:00,29.05327,28.50327,29.05327,28.20327,15.242,0.00466,5557224.0,195026336.0,-0.1751112919816214,28.55327
HK.01099,国药控股,2019-02-28 00:00:00,27.90327,28.45327,28.55327,27.90327,15.22,0.00353,4210575.0,146582100.0,-0.17541846952998974,28.50327
HK.01099,国药控股,2019-03-01 00:00:00,28.55327,28.05327,28.75327,27.603269999,15.045,0.0019,2260818.0,78443009.0,-1.4058138133156526,28.45327
HK.01099,国药控股,2019-03-04 00:00:00,27.853269999,28.55327,28.95327,27.853269999,15.263,0.004,4776431.0,167695165.0,1.782323415416456,28.05327
HK.01099,国药控股,2019-03-05 00:00:00,28.40327,29.65327,29.70327,28.05327,15.743,0.00404,4814221.0,171567117.0,3.8524484235956087,28.55327
HK.01099,国药控股,2019-03-06 00:00:00,30.25327,29.95327,30.25327,29.20327,15.874,0.00345,4111549.0,149019934.0,1.0116928082467826,29.65327
HK.01099,国药控股,2019-03-07 00:00:00,29.60327,29.20327,29.60327,28.70327,15.547,0.00517,6165993.0,219538009.0,-2.5039002419435343,29.95327
HK.01099,国药控股,2019-03-08 00:00:00,28.20327,28.00327,28.90327,27.70327,15.023,0.00484,5770362.0,199655701.0,-4.10912887495133,29.20327
HK.01099,国药控股,2019-03-11 00:00:00,27.15327,29.15327,29.35327,27.15327,15.525,0.00391,4667370.0,164796083.0,4.10666325754099,28.00327
HK.01099,国药控股,2019-03-12 00:00:00,29.25327,29.85327,30.05327,29.00327,15.83,0.00576,6869465.0,248132040.0,2.4011028608454534,29.15327
HK.01099,国药控股,2019-03-13 00:00:00,29.35327,28.55327,29.70327,28.40327,15.263,0.0037,4409505.0,155222823.0,-4.354631837651277,29.85327
HK.01099,国药控股,2019-03-14 00:00:00,29.35327,28.35327,29.35327,28.20327,15.176,0.00374,4464111.0,156206723.0,-0.7004451679264856,28.55327
HK.01099,国药控股,2019-03-15 00:00:00,28.35327,27.75327,28.65327,27.603269999,14.914,0.0062,7391739.0,253525890.0,-2.1161580304493905,28.35327
HK.01099,国药控股,2019-03-18 00:00:00,28.00327,27.70327,28.00327,27.40327,14.893,0.00576,6866593.0,234560198.0,-0.1801589506389723,27.75327
HK.01099,国药控股,2019-03-19 00:00:00,27.95327,28.10327,28.35327,27.80327,15.067,0.00411,4907335.0,169243653.0,1.4438728713252933,27.70327
HK.01099,国药控股,2019-03-20 00:00:00,27.603269999,27.70327,28.05327,27.603269999,14.893,0.00377,4494747.0,154257407.0,-1.4233219123610832,28.10327
HK.01099,国药控股,2019-03-21 00:00:00,28.05327,28.45327,28.50327,28.05327,15.22,0.00345,4120062.0,143431964.0,2.7072616337349347,27.70327
HK.01099,国药控股,2019-03-22 00:00:00,28.50327,26.853269999,28.65327,26.353269999,14.522,0.00725,8653386.0,290072389.0,-5.6232552567771705,28.45327
HK.01099,国药控股,2019-03-25 00:00:00,25.65327,25.15327,26.55327,24.90327,14.069,0.00747,8915842.0,284641342.0,-6.330700130983326,26.853269999
HK.01099,国药控股,2019-03-26 00:00:00,25.55327,24.00327,25.90327,23.85327,13.557,0.01239,14780761.0,455390662.0,-4.571970165310509,25.15327
HK.01099,国药控股,2019-03-27 00:00:00,24.55327,25.05327,25.65327,24.35327,14.024,0.0128,15266151.0,483362473.0,4.374403987456712,24.00327
HK.01099,国药控股,2019-03-28 00:00:00,25.853269999,25.853269999,26.00327,24.70327,14.381,0.01154,13768132.0,442051356.0,3.1931959341036,25.05327
HK.01099,国药控股,2019-03-29 00:00:00,26.353269999,26.25327,26.45327,25.55327,14.559,0.0102,12161200.0,396079500.0,1.5471930669330192,25.853269999
HK.01099,国药控股,2019-04-01 00:00:00,26.853269999,26.65327,26.95327,26.30327,14.737,0.01109,13226696.0,436895474.0,1.5236197243238598,26.25327
HK.01099,国药控股,2019-04-02 00:00:00,26.603269999,26.65327,26.853269999,26.103269999,14.737,0.00336,4006719.0,132571134.0,0.0,26.65327
HK.01099,国药控股,2019-04-03 00:00:00,26.55327,26.70327,26.853269999,26.05327,14.759,0.00636,7591586.0,250845500.0,0.1875942426576578,26.65327
HK.01099,国药控股,2019-04-04 00:00:00,26.55327,26.65327,26.853269999,26.25327,14.737,0.00622,7419000.0,245081387.0,-0.18724298559689773,26.70327
HK.01099,国药控股,2019-04-08 00:00:00,26.75327,26.50327,26.90327,26.353269999,14.67,0.00601,7167652.0,236454384.0,-0.56278272797296,26.65327
HK.01099,国药控股,2019-04-09 00:00:00,26.25327,26.55327,26.70327,26.25327,14.692,0.00538,6412762.0,211185586.0,0.1886559658487451,26.50327
HK.01099,国药控股,2019-04-10 00:00:00,26.50327,26.25327,26.50327,26.15327,14.559,0.00393,4687638.0,153424603.0,-1.1298043517804048,26.55327
HK.01099,国药控股,2019-04-11 00:00:00,26.65327,26.103269999,26.80327,25.70327,14.492,0.00397,4729776.0,153932099.0,-0.5713574004305072,26.25327
HK.01099,国药控股,2019-04-12 00:00:00,25.95327,25.80327,26.00327,25.45327,14.358,0.00321,3825872.0,123069291.0,-1.1492812931540375,26.103269999
HK.01099,国药控股,2019-04-15 00:00:00,26.103269999,25.55327,26.30327,25.50327,14.247,0.00432,5148000.0,165787420.0,-0.9688694494922542,25.80327
HK.01099,国药控股,2019-04-16 00:00:00,25.35327,25.40327,25.55327,24.85327,14.18,0.00952,11360675.0,359314139.0,-0.5870090207633001,25.55327
HK.01099,国药控股,2019-04-17 00:00:00,25.75327,25.50327,25.75327,25.05327,14.225,0.00665,7933422.0,252561230.0,0.3936501088245782,25.40327
HK.01099,国药控股,2019-04-18 00:00:00,25.80327,25.10327,25.80327,24.80327,14.047,0.01056,12594061.0,398454806.0,-1.5684263233695213,25.50327
HK.01099,国药控股,2019-04-23 00:00:00,25.25327,24.65327,25.30327,24.30327,13.846,0.00917,10936178.0,340223673.0,-1.7925951479627926,25.10327
HK.01099,国药控股,2019-04-24 00:00:00,25.40327,25.20327,25.40327,24.95327,14.091,0.00504,6010118.0,190122409.0,2.230941372077622,24.65327
HK.01099,国药控股,2019-04-25 00:00:00,25.45327,24.75327,25.45327,24.45327,13.891,0.00615,7330046.0,229064023.0,-1.7854825980914355,25.20327
HK.01099,国药控股,2019-04-26 00:00:00,24.80327,23.85327,25.05327,23.85327,13.49,0.01271,15162141.0,463022165.0,-3.6358832590603267,24.75327
HK.01099,国药控股,2019-04-29 00:00:00,24.05327,24.05327,24.35327,23.45327,13.579,0.01023,12205090.0,370816796.0,0.8384594648867969,23.85327
HK.01099,国药控股,2019-04-30 00:00:00,24.15327,24.35327,24.60327,23.85327,13.713,0.00973,11606349.0,357997225.0,1.2472316653826991,24.05327
HK.01099,国药控股,2019-05-02 00:00:00,24.30327,24.40327,24.70327,24.25327,13.735,0.0044,5251942.0,162209249.0,0.20531123746421204,24.35327
HK.01099,国药控股,2019-05-03 00:00:00,24.05327,24.65327,24.70327,23.95327,13.846,0.00621,7408889.0,228900061.0,1.0244528704554758,24.40327
HK.01099,国药控股,2019-05-06 00:00:00,23.95327,24.05327,24.55327,23.55327,13.579,0.006,7151900.0,218933771.0,-2.433754224084667,24.65327
HK.01099,国药控股,2019-05-07 00:00:00,24.15327,24.55327,24.95327,24.05327,13.802,0.00509,6065539.0,188081476.0,2.078719442304518,24.05327
HK.01099,国药控股,2019-05-08 00:00:00,23.75327,23.70327,24.10327,23.55327,13.423,0.00454,5418038.0,163891063.0,-3.4618606808787646,24.55327
HK.01099,国药控股,2019-05-09 00:00:00,23.75327,23.65327,23.90327,23.35327,13.401,0.00735,8765720.0,263444697.0,-0.21094135956769133,23.70327
HK.01099,国药控股,2019-05-10 00:00:00,24.10327,23.90327,24.25327,23.50327,13.512,0.00638,7604861.0,230887792.0,1.0569363136682581,23.65327
HK.01099,国药控股,2019-05-14 00:00:00,23.40327,23.95327,24.10327,22.75327,13.535,0.00635,7578128.0,228866471.0,0.2091764013877629,23.90327
HK.01099,国药控股,2019-05-15 00:00:00,23.75327,23.55327,24.15327,23.55327,13.357,0.00537,6402654.0,193035846.0,-1.6699181364381506,23.95327
HK.01099,国药控股,2019-05-16 00:00:00,23.65327,23.50327,24.00327,23.05327,13.334,0.0047,5609307.0,167789037.0,-0.21228474857206964,23.55327
HK.01099,国药控股,2019-05-17 00:00:00,23.95327,23.55327,24.00327,23.35327,13.357,0.00452,5389335.0,161929377.0,0.21273635540927158,23.50327
HK.01099,国药控股,2019-05-20 00:00:00,23.95327,23.35327,23.95327,23.10327,13.268,0.00278,3320281.0,98638149.0,-0.8491389942882785,23.55327
HK.01099,国药控股,2019-05-21 00:00:00,23.15327,23.00327,23.25327,22.65327,13.112,0.00327,3905600.0,114833776.0,-1.4987194512802613,23.35327
HK.01099,国药控股,2019-05-22 00:00:00,23.50327,22.75327,23.50327,22.65327,13.0,0.00186,2215963.0,64921337.0,-1.0868020068451139,23.00327
HK.01099,国药控股,2019-05-23 00:00:00,22.65327,22.55327,22.65327,21.80327,12.911,0.00367,4376443.0,125894856.0,-0.8789945357304655,22.75327
HK.01099,国药控股,2019-05-24 00:00:00,22.95327,22.50327,22.95327,22.15327,12.889,0.00251,2991367.0,86322387.0,-0.22169734144982392,22.55327
HK.01099,国药控股,2019-05-27 00:00:00,22.25327,22.25327,22.45327,21.90327,12.778,0.00235,2800920.0,80203334.0,-1.1109496530948613,22.50327
HK.01099,国药控股,2019-05-28 00:00:00,22.35327,22.65327,22.90327,22.15327,12.956,0.00665,7931257.0,230492223.0,1.7974886387483662,22.25327
HK.01099,国药控股,2019-05-29 00:00:00,22.70327,23.00327,23.15327,22.55327,13.112,0.00438,5223667.0,153587251.0,1.5450308057070852,22.65327
HK.01099,国药控股,2019-05-30 00:00:00,23.25327,23.25327,23.45327,23.00327,13.223,0.00583,6948310.0,206396702.0,1.0868020068451139,23.00327
HK.01099,国药控股,2019-05-31 00:00:00,23.15327,23.00327,23.35327,22.65327,13.112,0.0031,3699838.0,109106634.0,-1.0751176071150423,23.25327
HK.01099,国药控股,2019-06-03 00:00:00,23.10327,23.20327,23.55327,23.00327,13.201,0.00198,2357692.0,70129787.0,0.869441605476088,23.00327
HK.01099,国药控股,2019-06-04 00:00:00,23.55327,22.30327,23.60327,22.15327,12.8,0.00564,6725853.0,194416937.0,-3.8787636397800767,23.20327
HK.01099,国药控股,2019-06-05 00:00:00,22.70327,22.45327,22.75327,22.10327,12.867,0.00271,3237291.0,93453649.0,0.6725471197721167,22.30327
HK.01099,国药控股,2019-06-06 00:00:00,22.30327,22.15327,22.45327,21.90327,12.733,0.00364,4346075.0,124209323.0,-1.336108281778114,22.45327
HK.01099,国药控股,2019-06-10 00:00:00,22.30327,21.85327,22.75327,21.80327,12.6,0.00501,5981193.0,170828099.0,-1.3542018853198678,22.15327
HK.01099,国药控股,2019-06-11 00:00:00,22.05327,21.75327,22.05327,21.45327,12.555,0.0072,8586147.0,240916201.0,-0.4575974213470015,21.85327
HK.01099,国药控股,2019-06-12 00:00:00,21.30327,21.30327,21.50327,21.05327,12.355,0.00375,4475939.0,123913099.0,-2.068654505736376,21.75327
HK.01099,国药控股,2019-06-13 00:00:00,21.05327,20.75327,21.05327,20.30327,12.11,0.00625,7450105.0,201621107.0,-2.581763269207031,21.30327
HK.01099,国药控股,2019-06-14 00:00:00,21.00327,20.85327,21.00327,20.50327,12.154,0.00481,5731603.0,156019655.0,0.4818517756478756,20.75327
HK.01099,国药控股,2019-06-17 00:00:00,20.95327,21.20327,21.60327,20.85327,12.31,0.00589,7025057.0,194805260.0,1.6783938442268356,20.85327
HK.01099,国药控股,2019-06-18 00:00:00,21.20327,21.05327,21.65327,20.80327,12.243,0.0045,5363950.0,147647623.0,-0.7074380508289456,21.20327
HK.01099,国药控股,2019-06-19 00:00:00,21.45327,21.65327,21.85327,21.25327,12.511,0.00633,7556266.0,211228967.0,2.849913576370786,21.05327
HK.01099,国药控股,2019-06-20 00:00:00,21.55327,21.20327,21.95327,20.85327,12.31,0.00937,11179875.0,309578700.0,-2.0782080489459527,21.65327
HK.01099,国药控股,2019-06-21 00:00:00,21.20327,20.80327,21.20327,20.50327,12.132,0.00863,10289116.0,280018474.0,-1.8865014688771993,21.20327
HK.01099,国药控股,2019-06-24 00:00:00,20.65327,20.60327,20.80327,20.40327,12.043,0.00349,4162800.0,112391950.0,-0.9613873203587842,20.80327
HK.01099,国药控股,2019-06-25 00:00:00,20.75327,19.85327,20.75327,19.75327,11.709,0.0046,5487497.0,145191397.0,-3.6401988616370127,20.60327
HK.01099,国药控股,2019-06-26 00:00:00,19.85327,20.40327,20.55327,19.75327,11.954,0.00561,6686783.0,178567415.0,2.770324485588524,19.85327
HK.01099,国药控股,2019-06-27 00:00:00,20.55327,20.85327,21.05327,20.25327,12.154,0.00466,5558086.0,151609355.0,2.205528819645083,20.40327
HK.01099,国药控股,2019-06-28 00:00:00,20.75327,21.05327,21.15327,20.60327,12.243,0.00313,3733393.0,102481250.0,0.9590821967010588,20.85327
HK.01099,国药控股,2019-07-02 00:00:00,21.09321,21.54321,22.19321,21.09321,12.154,0.00447,5335126.0,146892017.0,2.3271444293451666,21.05327
HK.01099,国药控股,2019-07-03 00:00:00,21.34321,21.44321,21.54321,21.09321,12.11,0.00285,3403581.0,92235156.0,-0.46418337842873864,21.54321
HK.01099,国药控股,2019-07-04 00:00:00,21.74321,21.49321,21.94321,21.44321,12.132,0.00228,2719767.0,74484399.0,0.23317404437115855,21.44321
HK.01099,国药控股,2019-07-05 00:00:00,21.29321,21.39321,21.69321,21.14321,12.088,0.00139,1653413.0,44845459.0,-0.4652632156853323,21.49321
HK.01099,国药控股,2019-07-08 00:00:00,20.94321,21.19321,21.29321,20.64321,11.999,0.00267,3184168.0,85467490.0,-0.9348760658171414,21.39321
HK.01099,国药控股,2019-07-09 00:00:00,21.34321,20.69321,21.34321,20.54321,11.776,0.00282,3368552.0,89207614.0,-2.359246192530532,21.19321
HK.01099,国药控股,2019-07-10 00:00:00,20.94321,21.29321,21.64321,20.74321,12.043,0.00275,3282100.0,88865887.0,2.8995018172627534,20.69321
HK.01099,国药控股,2019-07-11 00:00:00,21.79321,22.69321,23.54321,21.74321,12.666,0.01056,12598359.0,359762405.0,6.574865884476799,21.29321
HK.01099,国药控股,2019-07-12 00:00:00,23.19321,22.89321,23.44321,22.79321,12.756,0.00863,10299676.0,296386498.0,0.8813208884948375,22.69321
HK.01099,国药控股,2019-07-15 00:00:00,23.24321,23.29321,23.44321,22.74321,12.934,0.00461,5495834.0,159260161.0,1.7472429598120953,22.89321
HK.01099,国药控股,2019-07-16 00:00:00,23.34321,23.49321,23.89321,22.74321,13.023,0.00759,9051663.0,264045585.0,0.8586193143839035,23.29321
HK.01099,国药控股,2019-07-17 00:00:00,23.39321,23.79321,23.89321,23.14321,13.156,0.00496,5918737.0,173860500.0,1.2769647059724796,23.49321
HK.01099,国药控股,2019-07-18 00:00:00,23.24321,23.69321,23.74321,23.24321,13.112,0.00219,2617069.0,76735083.0,-0.4202879729132718,23.79321
HK.01099,国药控股,2019-07-19 00:00:00,24.19321,24.24321,24.69321,23.99321,13.357,0.00955,11389343.0,342646327.0,2.321340164545035,23.69321
HK.01099,国药控股,2019-07-22 00:00:00,24.29321,24.19321,24.34321,23.94321,13.334,0.00319,3799619.0,113625335.0,-0.206243315138551,24.24321
HK.01099,国药控股,2019-07-23 00:00:00,24.44321,24.14321,24.44321,23.74321,13.312,0.00401,4786337.0,142793124.0,-0.2066695572848775,24.19321
HK.01099,国药控股,2019-07-24 00:00:00,24.34321,24.24321,24.44321,24.04321,13.357,0.00305,3643515.0,109133915.0,0.41419512981083056,24.14321
HK.01099,国药控股,2019-07-25 00:00:00,24.09321,24.44321,24.49321,23.89321,13.446,0.00326,3886962.0,116953948.0,0.8249732605541894,24.24321
HK.01099,国药控股,2019-07-26 00:00:00,23.74321,23.74321,23.99321,23.34321,13.134,0.0056,6682362.0,196466488.0,-2.8637809845760818,24.44321
HK.01099,国药控股,2019-07-29 00:00:00,23.24321,23.99321,24.19321,23.09321,13.245,0.00545,6499510.0,191415380.0,1.0529326068379128,23.74321
HK.01099,国药控股,2019-07-30 00:00:00,24.04321,23.59321,24.04321,23.49321,13.067,0.00352,4195984.0,123483727.0,-1.6671383278852732,23.99321
HK.01099,国药控股,2019-07-31 00:00:00,23.24321,23.44321,23.89321,23.09321,13.0,0.0025,2981494.0,86984283.0,-0.6357761406777568,23.59321
HK.01099,国药控股,2019-08-01 00:00:00,23.24321,23.59321,23.94321,23.09321,13.067,0.00302,3601990.0,105634722.0,0.6398441169106047,23.44321
HK.01099,国药控股,2019-08-02 00:00:00,23.09321,22.79321,23.29321,22.34321,12.711,0.00677,8076354.0,229916456.0,-3.390806083614738,23.59321
HK.01099,国药控股,2019-08-05 00:00:00,22.64321,22.54321,22.79321,22.19321,12.6,0.00721,8599600.0,242362460.0,-1.0968178681282716,22.79321
HK.01099,国药控股,2019-08-06 00:00:00,22.69321,22.29321,22.99321,21.94321,12.488,0.00736,8782286.0,246495017.0,-1.108981373992435,22.54321
HK.01099,国药控股,2019-08-07 00:00:00,22.24321,22.29321,22.59321,22.09321,12.488,0.00608,7258114.0,203814014.0,0.0,22.29321
HK.01099,国药控股,2019-08-08 00:00:00,22.14321,22.64321,23.04321,22.14321,12.644,0.00466,5557188.0,158001356.0,1.569984762176472,22.29321
HK.01099,国药控股,2019-08-09 00:00:00,22.49321,22.49321,22.74321,22.24321,12.577,0.00369,4396789.0,124256599.0,-0.6624502444662156,22.64321
HK.01099,国药控股,2019-08-12 00:00:00,22.74321,22.39321,22.74321,22.24321,12.533,0.00443,5279100.0,148714498.0,-0.4445786083889379,22.49321
HK.01099,国药控股,2019-08-13 00:00:00,22.49321,22.24321,22.64321,22.09321,12.466,0.00334,3978586.0,111633915.0,-0.6698459041825562,22.39321
HK.01099,国药控股,2019-08-14 00:00:00,23.04321,21.54321,23.04321,21.24321,12.154,0.00429,5117605.0,140299359.0,-3.147027789604121,22.24321
HK.01099,国药控股,2019-08-15 00:00:00,21.24321,20.39321,21.29321,20.19321,11.642,0.00766,9132151.0,240628402.0,-5.338108851930603,21.54321
HK.01099,国药控股,2019-08-16 00:00:00,20.34321,20.99321,21.14321,19.94321,11.91,0.0047,5607582.0,148471586.0,2.9421557469373454,20.39321
HK.01099,国药控股,2019-08-19 00:00:00,21.49321,21.39321,22.04321,21.24321,12.088,0.00584,6967631.0,189838558.0,1.9053779769744528,20.99321
HK.01099,国药控股,2019-08-20 00:00:00,20.99321,22.19321,22.69321,20.99321,12.444,0.00598,7138490.0,198604581.0,3.739504263268582,21.39321
HK.01099,国药控股,2019-08-21 00:00:00,23.24321,22.74321,23.49321,22.54321,12.689,0.00564,6725028.0,193507935.0,2.4782354603052044,22.19321
HK.01099,国药控股,2019-08-22 00:00:00,22.84321,23.09321,23.54321,22.79321,12.845,0.00814,9707553.0,281524645.0,1.5389208471451385,22.74321
HK.01099,国药控股,2019-08-23 00:00:00,23.09321,23.54321,23.54321,22.89321,13.045,0.00609,7262501.0,211009177.0,1.94862472562281,23.09321
HK.01099,国药控股,2019-08-26 00:00:00,22.59321,22.34321,23.19321,21.84321,12.511,0.0075,8947635.0,251338209.0,-5.097010985332924,23.54321
HK.01099,国药控股,2019-08-27 00:00:00,22.24321,22.49321,23.94321,22.14321,12.577,0.0094,11216239.0,319809729.0,0.6713448962794609,22.34321
HK.01099,国药控股,2019-08-28 00:00:00,22.84321,22.34321,22.84321,22.04321,12.511,0.00277,3300274.0,92766991.0,-0.6668679125834068,22.49321
HK.01099,国药控股,2019-08-29 00:00:00,22.64321,22.14321,22.74321,21.94321,12.422,0.00623,7431900.0,207760015.0,-0.8951265283725987,22.34321
HK.01099,国药控股,2019-08-30 00:00:00,22.59321,22.59321,23.19321,22.24321,12.622,0.00451,5376523.0,153109779.0,2.03222568001658,22.14321
HK.01099,国药控股,2019-09-02 00:00:00,22.94321,21.44321,22.94321,21.19321,12.11,0.00602,7179827.0,196069046.0,-5.090024834895079,22.59321
HK.01099,国药控股,2019-09-03 00:00:00,21.49321,21.09321,21.49321,20.69321,11.954,0.00489,5834210.0,156230253.0,-1.6322183105980932,21.44321
HK.01099,国药控股,2019-09-04 00:00:00,21.14321,21.24321,21.49321,20.84321,12.021,0.00553,6593137.0,177812418.0,0.7111293160216114,21.09321
HK.01099,国药控股,2019-09-05 00:00:00,21.34321,21.24321,21.94321,21.09321,12.021,0.00364,4337410.0,118084073.0,0.0,21.24321
HK.01099,国药控股,2019-09-06 00:00:00,21.44321,21.19321,21.74321,21.09321,11.999,0.00326,3889059.0,105356178.0,-0.23536932506904892,21.24321
HK.01099,国药控股,2019-09-09 00:00:00,21.24321,20.84321,21.34321,20.29321,11.843,0.00598,7137225.0,189066509.0,-1.6514723347713791,21.19321
HK.01099,国药控股,2019-09-10 00:00:00,21.24321,20.64321,21.34321,20.44321,11.754,0.00408,4871474.0,128748646.0,-0.9595450988595292,20.84321
HK.01099,国药控股,2019-09-11 00:00:00,20.64321,20.74321,20.84321,20.24321,11.798,0.00356,4245587.0,112055956.0,0.4844207853332957,20.64321
HK.01099,国药控股,2019-09-12 00:00:00,20.74321,21.09321,21.34321,20.49321,11.954,0.00314,3741998.0,100318821.0,1.6872991210135646,20.74321
HK.01099,国药控股,2019-09-13 00:00:00,20.94321,20.99321,21.14321,20.79321,11.91,0.00139,1655035.0,44340007.0,-0.47408621068105744,21.09321
HK.01099,国药控股,2019-09-16 00:00:00,20.99321,21.69321,21.69321,20.84321,12.221,0.00589,7030229.0,191659601.0,3.334411459705301,20.99321
HK.01099,国药控股,2019-09-17 00:00:00,21.44321,22.04321,22.14321,21.39321,12.377,0.00576,6874702.0,189620738.0,1.6134080663949588,21.69321
HK.01099,国药控股,2019-09-18 00:00:00,22.34321,21.99321,22.34321,21.89321,12.355,0.00335,4000187.0,111153859.0,-0.2268272179959142,22.04321
HK.01099,国药控股,2019-09-19 00:00:00,22.14321,21.94321,22.24321,21.74321,12.333,0.00244,2913874.0,80811238.0,-0.22734289355669637,21.99321
HK.01099,国药控股,2019-09-20 00:00:00,22.34321,21.64321,22.34321,21.49321,12.199,0.00431,5141687.0,141393110.0,-1.3671655149816309,21.94321
HK.01099,国药控股,2019-09-23 00:00:00,21.79321,21.44321,22.04321,21.34321,12.11,0.00402,4791595.0,131244526.0,-0.9240773434254868,21.64321
HK.01099,国药控股,2019-09-24 00:00:00,21.34321,20.79321,21.39321,20.34321,11.821,0.00753,8982566.0,238527950.0,-3.031262576825028,21.44321
HK.01099,国药控股,2019-09-25 00:00:00,20.74321,20.09321,20.79321,19.94321,11.509,0.00644,7684713.0,199870569.0,-3.3664835780526396,20.79321
HK.01099,国药控股,2019-09-26 00:00:00,20.34321,19.69321,20.34321,19.34321,11.331,0.00636,7587963.0,193163924.0,-1.9907222390051098,20.09321
HK.01099,国药控股,2019-09-27 00:00:00,19.29321,18.79321,19.59321,18.69321,10.93,0.00677,8073386.0,199380301.0,-4.5701030964479745,19.69321
HK.01099,国药控股,2019-09-30 00:00:00,18.94321,18.79321,19.14321,18.59321,10.93,0.00537,6404158.0,157327070.0,0.0,18.79321
HK.01099,国药控股,2019-10-02 00:00:00,18.69321,19.09321,19.39321,18.69321,11.064,0.0047,5609991.0,139678557.0,1.5963212245273732,18.79321
HK.01099,国药控股,2019-10-03 00:00:00,19.09321,19.34321,19.54321,18.99321,11.175,0.00457,5454142.0,136700657.0,1.3093659997454594,19.09321
HK.01099,国药控股,2019-10-04 00:00:00,19.74321,19.54321,19.94321,19.14321,11.264,0.00433,5159857.0,130122075.0,1.0339545504598218,19.34321
HK.01099,国药控股,2019-10-08 00:00:00,19.59321,19.39321,20.04321,19.24321,11.197,0.00479,5719129.0,145078012.0,-0.7675300014685335,19.54321
HK.01099,国药控股,2019-10-09 00:00:00,19.34321,19.39321,19.49321,18.79321,11.197,0.00416,4958912.0,123750962.0,0.0,19.39321
HK.01099,国药控股,2019-10-10 00:00:00,19.59321,19.79321,20.14321,19.39321,11.375,0.00342,4082249.0,104482364.0,2.062577572253374,19.39321
HK.01099,国药控股,2019-10-11 00:00:00,19.84321,20.14321,20.44321,19.84321,11.531,0.00368,4394202.0,113849783.0,1.768283163771826,19.79321
HK.01099,国药控股,2019-10-14 00:00:00,20.04321,20.09321,20.44321,19.99321,11.509,0.00188,2242923.0,58089861.0,-0.24822260205796748,20.14321
HK.01099,国药控股,2019-10-15 00:00:00,20.34321,20.19321,20.44321,20.04321,11.553,0.00287,3424729.0,88976094.0,0.4976805597512863,20.09321
HK.01099,国药控股,2019-10-16 00:00:00,20.44321,20.29321,20.64321,20.24321,11.598,0.00298,3556826.0,92949894.0,0.49521596615891117,20.19321
HK.01099,国药控股,2019-10-17 00:00:00,20.24321,20.39321,20.69321,20.19321,11.642,0.00164,1953449.0,51096127.0,0.49277566240137183,20.29321
HK.01099,国药控股,2019-10-18 00:00:00,20.59321,20.59321,20.94321,20.44321,11.731,0.00158,1881188.0,49639326.0,0.9807185823124428,20.39321
HK.01099,国药控股,2019-10-21 00:00:00,20.59321,20.39321,20.89321,20.19321,11.389,0.00191,2277515.0,59483335.0,-0.9711939032331496,20.59321
HK.01099,国药控股,2019-10-22 00:00:00,20.44321,20.34321,20.64321,20.24321,11.367,0.00379,4521037.0,117801034.0,-0.24517964557811503,20.39321
HK.01099,国药控股,2019-10-23 00:00:00,20.24321,19.89321,20.44321,19.69321,11.171,0.00688,8210743.0,211601155.0,-2.2120402827282386,20.34321
HK.01099,国药控股,2019-10-24 00:00:00,20.24321,20.29321,20.44321,20.14321,11.345,0.00408,4866695.0,126821175.0,2.010736326615959,19.89321
HK.01099,国药控股,2019-10-25 00:00:00,20.24321,20.59321,20.74321,20.24321,11.476,0.00291,3467645.0,91296102.0,1.4783269872040978,20.29321
HK.01099,国药控股,2019-10-28 00:00:00,20.24321,21.44321,21.64321,20.24321,11.846,0.00574,6842562.0,184724950.0,4.127574088740907,20.59321
HK.01099,国药控股,2019-10-29 00:00:00,21.84321,21.99321,22.24321,21.49321,12.086,0.00519,6193725.0,171953312.0,2.564914488082711,21.44321
HK.01099,国药控股,2019-10-30 00:00:00,22.14321,22.09321,22.54321,21.99321,12.129,0.00719,8570570.0,240036330.0,0.45468578711337665,21.99321
HK.01099,国药控股,2019-10-31 00:00:00,22.39321,22.39321,22.54321,22.09321,12.26,0.00561,6695516.0,188096564.0,1.3578832591551917,22.09321
HK.01099,国药控股,2019-11-01 00:00:00,22.14321,21.49321,22.54321,21.44321,11.868,0.00431,5140490.0,141107602.0,-4.019075425095369,22.39321
HK.01099,国药控股,2019-11-04 00:00:00,21.84321,22.09321,22.24321,21.69321,12.129,0.00337,4015228.0,111597565.0,2.7915792941119446,21.49321
HK.01099,国药控股,2019-11-05 00:00:00,22.04321,21.99321,22.19321,21.79321,12.086,0.00417,4977270.0,138139394.0,-0.4526277530517198,22.09321
HK.01099,国药控股,2019-11-06 00:00:00,21.99321,22.09321,22.09321,21.74321,12.129,0.00547,6519727.0,180883819.0,0.45468578711337665,21.99321
HK.01099,国药控股,2019-11-07 00:00:00,22.44321,22.74321,22.99321,22.19321,12.412,0.0049,5843543.0,165462903.0,2.942080394836251,22.09321
HK.01099,国药控股,2019-11-08 00:00:00,22.29321,22.69321,22.74321,22.19321,12.391,0.00252,3002611.0,85073136.0,-0.2198458353064528,22.74321
HK.01099,国药控股,2019-11-11 00:00:00,22.84321,21.69321,22.84321,21.39321,11.955,0.00444,5298077.0,145316877.0,-4.406604442474203,22.69321
HK.01099,国药控股,2019-11-12 00:00:00,22.54321,21.79321,22.54321,21.54321,11.999,0.00255,3046743.0,83822919.0,0.4609737332556955,21.69321
HK.01099,国药控股,2019-11-13 00:00:00,21.39321,21.64321,21.79321,21.09321,11.933,0.00253,3012905.0,81882029.0,-0.688287774036035,21.79321
HK.01099,国药控股,2019-11-14 00:00:00,21.64321,21.04321,21.64321,20.69321,11.672,0.00335,3999022.0,107038000.0,-2.7722320302764767,21.64321
HK.01099,国药控股,2019-11-15 00:00:00,21.04321,20.89321,21.34321,20.74321,11.607,0.00172,2050140.0,54734936.0,-0.7128190043249039,21.04321
HK.01099,国药控股,2019-11-18 00:00:00,21.24321,20.84321,21.29321,20.44321,11.585,0.00489,5827393.0,153559996.0,-0.23931219759912772,20.89321
HK.01099,国药控股,2019-11-19 00:00:00,20.64321,21.19321,21.34321,20.64321,11.737,0.00768,9163946.0,245902066.0,1.679203923004189,20.84321
HK.01099,国药控股,2019-11-20 00:00:00,20.94321,21.09321,21.39321,20.89321,11.694,0.00188,2247785.0,60417571.0,-0.4718492385061131,21.19321
HK.01099,国药控股,2019-11-21 00:00:00,21.04321,20.94321,21.34321,20.74321,11.628,0.00512,6111226.0,163272439.0,-0.7111293160215946,21.09321
HK.01099,国药控股,2019-11-22 00:00:00,20.79321,20.64321,20.94321,20.24321,11.498,0.0031,3697517.0,97063623.0,-1.4324451695800247,20.94321
HK.01099,国药控股,2019-11-25 00:00:00,21.09321,20.29321,21.09321,19.99321,11.345,0.00458,5459707.0,142010379.0,-1.6954727486665175,20.64321
HK.01099,国药控股,2019-11-26 00:00:00,20.54321,20.49321,21.29321,20.09321,11.432,0.01842,21972543.0,574466878.0,0.9855513248027437,20.29321
HK.01099,国药控股,2019-11-27 00:00:00,20.24321,20.44321,20.54321,20.19321,11.411,0.00443,5288682.0,138640717.0,-0.24398325103778623,20.49321
HK.01099,国药控股,2019-11-28 00:00:00,19.99321,20.39321,20.44321,19.99321,11.389,0.00473,5640520.0,147265954.0,-0.24457998523715554,20.44321
HK.01099,国药控股,2019-11-29 00:00:00,20.24321,20.09321,20.44321,19.69321,11.258,0.00601,7166211.0,184180809.0,-1.4710778734686727,20.39321
HK.01099,国药控股,2019-12-02 00:00:00,20.24321,20.09321,20.44321,19.94321,11.258,0.00249,2971438.0,76758583.0,0.0,20.09321
HK.01099,国药控股,2019-12-03 00:00:00,19.94321,20.19321,20.54321,19.84321,11.302,0.00379,4526020.0,117410161.0,0.4976805597512863,20.09321
HK.01099,国药控股,2019-12-04 00:00:00,20.54321,20.14321,20.54321,19.84321,11.28,0.00355,4231449.0,109565754.0,-0.2476079830794644,20.19321
HK.01099,国药控股,2019-12-05 00:00:00,20.64321,20.54321,20.94321,20.34321,11.454,0.0049,5850319.0,154370315.0,1.9857808164637045,20.14321
HK.01099,国药控股,2019-12-06 00:00:00,20.39321,20.59321,20.79321,20.29321,11.476,0.00395,4706216.0,123901307.0,0.24338942161424973,20.54321
HK.01099,国药控股,2019-12-09 00:00:00,20.29321,20.59321,20.74321,20.29321,11.476,0.00204,2429331.0,63974128.0,0.0,20.59321
HK.01099,国药控股,2019-12-10 00:00:00,20.19321,20.49321,20.74321,20.19321,11.432,0.00154,1833105.0,48247416.0,-0.48559695161656624,20.59321
HK.01099,国药控股,2019-12-11 00:00:00,20.24321,20.64321,20.89321,20.19321,11.498,0.00445,5307776.0,139775667.0,0.7319497531133413,20.49321
HK.01099,国药控股,2019-12-12 00:00:00,20.99321,20.89321,21.04321,20.64321,11.607,0.0034,4056678.0,108164244.0,1.2110519633332217,20.64321
HK.01099,国药控股,2019-12-13 00:00:00,21.24321,21.14321,21.49321,20.84321,11.716,0.00569,6782349.0,182674362.0,1.1965609879956216,20.89321
HK.01099,国药控股,2019-12-16 00:00:00,20.94321,21.14321,21.39321,20.69321,11.716,0.00278,3313243.0,89222554.0,0.0,21.14321
HK.01099,国药控股,2019-12-17 00:00:00,20.99321,21.54321,21.79321,20.99321,11.89,0.00476,5681079.0,155043869.0,1.891860318277114,21.14321
HK.01099,国药控股,2019-12-18 00:00:00,21.69321,21.59321,21.74321,21.39321,11.912,0.00388,4623140.0,126213851.0,0.23209168921437762,21.54321
HK.01099,国药控股,2019-12-19 00:00:00,21.79321,21.74321,21.99321,21.34321,11.977,0.00237,2826055.0,77754938.0,0.6946628129861292,21.59321
HK.01099,国药控股,2019-12-20 00:00:00,21.89321,21.99321,22.19321,21.74321,12.086,0.00302,3598090.0,99869469.0,1.1497842314911184,21.74321
HK.01099,国药控股,2019-12-23 00:00:00,22.24321,22.29321,22.64321,21.79321,12.216,0.00358,4273622.0,120373209.0,1.364057361340146,21.99321
HK.01099,国药控股,2019-12-24 00:00:00,22.14321,22.34321,22.59321,22.14321,12.238,0.00096,1147219.0,32267570.0,0.224283537453784,22.29321
HK.01099,国药控股,2019-12-27 00:00:00,22.54321,22.59321,22.74321,22.19321,12.347,0.00237,2821436.0,79835515.0,1.1189081604657523,22.34321
HK.01099,国药控股,2019-12-30 00:00:00,22.74321,22.64321,22.74321,22.44321,12.369,0.00183,2178327.0,61865214.0,0.22130542760413732,22.59321
HK.01099,国药控股,2019-12-31 00:00:00,22.84321,22.69321,22.84321,22.44321,12.391,0.00072,860894.0,24406788.0,0.22081674815541044,22.64321
HK.01099,国药控股,2020-01-02 00:00:00,22.54321,22.59321,22.64321,22.24321,12.347,0.00201,2399031.0,67641150.0,-0.4406604442474265,22.69321
HK.01099,国药控股,2020-01-03 00:00:00,23.04321,22.59321,23.04321,22.49321,12.347,0.00314,3746236.0,106493502.0,0.0,22.59321
HK.01099,国药控股,2020-01-06 00:00:00,22.69321,22.39321,22.74321,22.14321,12.26,0.00236,2814186.0,79257507.0,-0.8852217104165335,22.59321
HK.01099,国药控股,2020-01-07 00:00:00,22.64321,22.64321,22.89321,22.44321,12.369,0.0029,3454536.0,98210028.0,1.1164098403042708,22.39321
HK.01099,国药控股,2020-01-08 00:00:00,22.44321,22.19321,22.44321,21.89321,12.173,0.00421,5020480.0,140491339.0,-1.9873507333986624,22.64321
HK.01099,国药控股,2020-01-09 00:00:00,22.64321,22.29321,22.64321,22.09321,12.216,0.0027,3216517.0,90096561.0,0.450588265510027,22.19321
HK.01099,国药控股,2020-01-10 00:00:00,22.24321,22.29321,22.54321,21.79321,12.216,0.00281,3348863.0,93410693.0,0.0,22.29321
HK.01099,国药控股,2020-01-13 00:00:00,22.19321,23.14321,23.34321,22.19321,12.587,0.00571,6808355.0,194317657.0,3.8128201367142798,22.29321
HK.01099,国药控股,2020-01-14 00:00:00,23.29321,23.24321,23.39321,22.89321,12.63,0.00439,5235916.0,151383395.0,0.432092177360018,23.14321
HK.01099,国药控股,2020-01-15 00:00:00,23.29321,23.44321,23.64321,22.99321,12.717,0.00365,4355239.0,126642503.0,0.8604663469460513,23.24321
HK.01099,国药控股,2020-01-16 00:00:00,23.39321,23.69321,23.79321,23.34321,12.826,0.00302,3601099.0,105597175.0,1.0664068615176845,23.44321
HK.01099,国药控股,2020-01-17 00:00:00,23.64321,23.34321,23.64321,22.24321,12.674,0.02943,35107788.0,1007292292.0,-1.4772164683468445,23.69321
HK.01099,国药控股,2020-01-20 00:00:00,23.59321,22.64321,23.59321,22.49321,12.369,0.00797,9500963.0,270347835.0,-2.9987306801421023,23.34321
HK.01099,国药控股,2020-01-21 00:00:00,22.24321,21.79321,22.54321,21.74321,11.999,0.01309,15615707.0,432516032.0,-3.75388471864193,22.64321
HK.01099,国药控股,2020-01-22 00:00:00,22.04321,22.19321,22.49321,21.14321,12.173,0.00845,10085094.0,280430385.0,1.8354340640961204,21.79321
HK.01099,国药控股,2020-01-23 00:00:00,21.74321,21.74321,22.34321,21.54321,11.977,0.00931,11108902.0,306162386.0,-2.0276471947951618,22.19321
HK.01099,国药控股,2020-01-24 00:00:00,21.74321,21.89321,22.09321,21.29321,12.642,0.00268,3200357.0,88325128.0,0.6898705388946644,21.74321
HK.01099,国药控股,2020-01-29 00:00:00,21.09321,21.34321,21.74321,20.69321,12.391,0.01811,24305311.0,653245331.0,-2.5121944200964625,21.89321
HK.01099,国药控股,2020-01-30 00:00:00,21.84321,20.39321,21.89321,20.19321,11.957,0.01432,19214924.0,512269605.0,-4.451064296326557,21.34321
HK.01099,国药控股,2020-01-31 00:00:00,21.04321,19.74321,21.24321,19.64321,11.659,0.01051,14108925.0,365080282.0,-3.1873353925154433,20.39321
HK.01099,国药控股,2020-02-03 00:00:00,19.24321,19.34321,19.74321,19.14321,11.476,0.00536,7197012.0,180837649.0,-2.0260129938343465,19.74321
HK.01099,国药控股,2020-02-04 00:00:00,20.34321,19.29321,20.34321,19.24321,11.454,0.00659,8843012.0,222274012.0,-0.25848863761496005,19.34321
HK.01099,国药控股,2020-02-05 00:00:00,19.69321,19.39321,19.69321,19.19321,11.499,0.00498,6680298.0,168171414.0,0.5183170659522258,19.29321
HK.01099,国药控股,2020-02-06 00:00:00,19.54321,20.59321,21.04321,19.44321,12.048,0.0091,12210928.0,320218803.0,6.187732716760141,19.39321
HK.01099,国药控股,2020-02-07 00:00:00,20.39321,20.64321,21.14321,20.39321,12.071,0.00439,5896559.0,155972213.0,0.24279847580829175,20.59321
HK.01099,国药控股,2020-02-10 00:00:00,20.24321,20.24321,20.84321,20.19321,11.888,0.00456,6114345.0,159580674.0,-1.9376831413331481,20.64321
HK.01099,国药控股,2020-02-11 00:00:00,20.54321,20.09321,20.64321,20.04321,11.819,0.00501,6725944.0,174655482.0,-0.7409892008233977,20.24321
HK.01099,国药控股,2020-02-12 00:00:00,20.04321,20.04321,20.29321,19.94321,11.796,0.00392,5260006.0,135924305.0,-0.24884027987564314,20.09321
HK.01099,国药控股,2020-02-13 00:00:00,20.19321,19.94321,20.39321,19.79321,11.751,0.00369,4946800.0,127434518.0,-0.49892207884863693,20.04321
HK.01099,国药控股,2020-02-14 00:00:00,19.89321,20.04321,20.34321,19.64321,11.796,0.00474,6364449.0,164544737.0,0.5014237928598148,19.94321
HK.01099,国药控股,2020-02-17 00:00:00,20.24321,20.74321,20.79321,20.14321,12.117,0.0041,5495850.0,145060809.0,3.492454551940547,20.04321
HK.01099,国药控股,2020-02-18 00:00:00,20.44321,20.74321,20.99321,20.44321,12.117,0.00299,4008883.0,106074069.0,0.0,20.74321
HK.01099,国药控股,2020-02-19 00:00:00,21.14321,20.79321,21.14321,20.64321,12.139,0.00306,4105553.0,109389402.0,0.24104273157335415,20.74321
HK.01099,国药控股,2020-02-20 00:00:00,20.84321,20.74321,20.94321,20.59321,12.117,0.0031,4161584.0,110517049.0,-0.2404631127180323,20.79321
HK.01099,国药控股,2020-02-21 00:00:00,20.49321,20.44321,20.59321,20.19321,11.979,0.00358,4797047.0,125372568.0,-1.4462563894402105,20.74321
HK.01099,国药控股,2020-02-24 00:00:00,20.04321,19.69321,20.14321,19.59321,11.636,0.00495,6643275.0,169327218.0,-3.6686997785572815,20.44321
HK.01099,国药控股,2020-02-25 00:00:00,19.29321,19.44321,19.54321,19.14321,11.522,0.00376,5051875.0,126796906.0,-1.2694730823466565,19.69321
HK.01099,国药控股,2020-02-26 00:00:00,18.89321,19.09321,19.14321,18.79321,11.362,0.00468,6273298.0,155189442.0,-1.8001142815409668,19.44321
HK.01099,国药控股,2020-02-27 00:00:00,18.84321,19.24321,19.29321,18.84321,11.431,0.00339,4547623.0,113157164.0,0.7856195998472867,19.09321
HK.01099,国药控股,2020-02-28 00:00:00,18.74321,18.29321,18.74321,17.94321,10.996,0.008,10736142.0,257778227.0,-4.9368062812805285,19.24321
HK.01099,国药控股,2020-03-02 00:00:00,17.94321,18.39321,18.59321,17.94321,11.042,0.00388,5202228.0,125637440.0,0.5466509158316196,18.29321
HK.01099,国药控股,2020-03-03 00:00:00,18.24321,17.54321,18.49321,17.54321,10.653,0.01226,16445037.0,388413691.0,-4.621270566692825,18.39321
HK.01099,国药控股,2020-03-04 00:00:00,17.89321,16.79321,17.94321,16.69321,10.31,0.01553,20842316.0,474141215.0,-4.275158309112187,17.54321
HK.01099,国药控股,2020-03-05 00:00:00,16.94321,16.84321,17.04321,16.59321,10.333,0.01102,14781838.0,333803218.0,0.2977393839533997,16.79321
HK.01099,国药控股,2020-03-06 00:00:00,16.69321,16.14321,16.69321,16.09321,10.013,0.00985,13213222.0,290476895.0,-4.1559773938578175,16.84321
HK.01099,国药控股,2020-03-09 00:00:00,15.74321,13.84321,15.74321,13.60321,8.962,0.01741,23361966.0,465421982.0,-14.247476183485198,16.14321
HK.01099,国药控股,2020-03-10 00:00:00,13.84321,13.84321,14.22321,13.54321,8.962,0.01097,14717918.0,289709489.0,0.0,13.84321
HK.01099,国药控股,2020-03-11 00:00:00,14.08321,13.56321,14.08321,13.46321,8.834,0.00556,7456684.0,145234340.0,-2.0226522605667285,13.84321
HK.01099,国药控股,2020-03-12 00:00:00,12.68321,12.66321,12.94321,12.54321,8.422,0.00937,12574070.0,233319044.0,-6.635597325411907,13.56321
HK.01099,国药控股,2020-03-13 00:00:00,11.48321,12.30321,12.46321,10.983209999,8.257,0.01792,24039786.0,418627145.0,-2.842881070439481,12.66321
HK.01099,国药控股,2020-03-16 00:00:00,11.96321,11.88321,12.42321,11.64321,8.065,0.01701,22823661.0,404815270.0,-3.4137432426171697,12.30321
HK.01099,国药控股,2020-03-17 00:00:00,11.68321,11.04321,12.12321,10.643209999,7.681,0.01706,22887218.0,386691513.0,-7.068797067459045,11.88321
HK.01099,国药控股,2020-03-18 00:00:00,10.963209999,10.06321,11.62321,9.90321,7.233,0.01555,20867616.0,345950421.0,-8.874231314989032,11.04321
HK.01099,国药控股,2020-03-19 00:00:00,9.78321,9.10321,10.12321,8.94321,6.794,0.02013,27007362.0,409964184.0,-9.539699559087001,10.06321
HK.01099,国药控股,2020-03-20 00:00:00,9.54321,10.20321,10.36321,9.32321,7.297,0.02011,26987929.0,423230044.0,12.083649613707689,9.10321
HK.01099,国药控股,2020-03-23 00:00:00,9.94321,10.14321,10.623209999,9.62321,7.27,0.01178,15804891.0,251999478.0,-0.5880502312507583,10.20321
HK.01099,国药控股,2020-03-24 00:00:00,10.14321,11.50321,11.66321,10.14321,7.892,0.01496,20072929.0,339117441.0,13.407984257449066,10.14321
HK.01099,国药控股,2020-03-25 00:00:00,12.90321,12.56321,12.90321,12.08321,8.376,0.01643,22050974.0,399948660.0,9.214819167867061,11.50321
HK.01099,国药控股,2020-03-26 00:00:00,12.44321,12.06321,12.54321,11.88321,8.148,0.00849,11390400.0,203505832.0,-3.979874570273043,12.56321
HK.01099,国药控股,2020-03-27 00:00:00,12.44321,12.00321,12.54321,11.72321,8.12,0.00577,7739821.0,137964439.0,-0.4973800505835553,12.06321
HK.01099,国药控股,2020-03-30 00:00:00,11.48321,11.58321,12.12321,11.28321,7.928,0.00742,9962469.0,174319154.0,-3.4990640003798976,12.00321
HK.01099,国药控股,2020-03-31 00:00:00,11.74321,11.68321,12.20321,11.143209999,7.909,0.00981,13156719.0,228197060.0,0.8633185446866751,11.58321
HK.01099,国药控股,2020-04-01 00:00:00,11.84321,11.26321,11.84321,10.88321,7.718,0.00856,11487292.0,195543638.0,-3.5949024283565896,11.68321
HK.01099,国药控股,2020-04-02 00:00:00,11.78321,11.86321,11.86321,11.24321,7.99,0.00446,5979668.0,103639993.0,5.327078159778603,11.26321
HK.01099,国药控股,2020-04-03 00:00:00,11.42321,11.68321,11.88321,11.323209999,7.909,0.00301,4035650.0,69892487.0,-1.5172959089487559,11.86321
HK.01099,国药控股,2020-04-06 00:00:00,12.06321,12.50321,12.50321,11.68321,8.281,0.00396,5314778.0,95531758.0,7.018619026791425,11.68321
HK.01099,国药控股,2020-04-07 00:00:00,12.88321,12.94321,13.02321,12.50321,8.48,0.00733,9837200.0,182938876.0,3.5190962960711794,12.50321
HK.01099,国药控股,2020-04-08 00:00:00,12.98321,12.96321,13.30321,12.78321,8.489,0.00622,8342762.0,157010692.0,0.15452117365011905,12.94321
HK.01099,国药控股,2020-04-09 00:00:00,13.70321,13.56321,13.70321,13.12321,8.761,0.00578,7761644.0,149648006.0,4.628483222905435,12.96321
HK.01099,国药控股,2020-04-14 00:00:00,13.84321,13.86321,14.49321,13.66321,8.897,0.01227,16462112.0,325156616.0,2.2118657751373068,13.56321
HK.01099,国药控股,2020-04-15 00:00:00,14.04321,13.74321,14.18321,13.62321,8.843,0.01167,15658007.0,305870131.0,-0.865600391251384,13.86321
HK.01099,国药控股,2020-04-16 00:00:00,13.84321,14.20321,14.79321,13.56321,9.052,0.00985,13220937.0,265196966.0,3.3471074079490952,13.74321
HK.01099,国药控股,2020-04-17 00:00:00,14.54321,14.24321,14.74321,14.04321,9.07,0.0084,11272106.0,226430157.0,0.28162647739489277,14.20321
HK.01099,国药控股,2020-04-20 00:00:00,14.00321,14.14321,14.34321,13.86321,9.024,0.00663,8897739.0,176975812.0,-0.7020889251790828,14.24321
HK.01099,国药控股,2020-04-21 00:00:00,14.29321,13.84321,14.29321,13.66321,8.888,0.00919,12334630.0,241892381.0,-2.1211591993613945,14.14321
HK.01099,国药控股,2020-04-22 00:00:00,13.90321,14.24321,14.39321,13.68321,9.07,0.00503,6743704.0,133898482.0,2.8895032293810496,13.84321
HK.01099,国药控股,2020-04-23 00:00:00,14.04321,14.06321,14.69321,13.94321,8.988,0.00481,6458200.0,128738194.0,-1.2637600653223515,14.24321
HK.01099,国药控股,2020-04-24 00:00:00,14.08321,13.52321,14.34321,13.32321,8.743,0.00853,11449180.0,223277049.0,-3.8398061324548176,14.06321
HK.01099,国药控股,2020-04-27 00:00:00,14.04321,14.39321,14.49321,13.56321,9.138,0.00447,5995359.0,119710841.0,6.433383789795465,13.52321
HK.01099,国药控股,2020-04-28 00:00:00,14.29321,14.59321,14.64321,14.02321,9.229,0.00528,7087321.0,143437871.0,1.3895440975293163,14.39321
HK.01099,国药控股,2020-04-29 00:00:00,15.59321,15.24321,15.69321,14.89321,9.523,0.00746,10010422.0,211172176.0,4.454126268312457,14.59321
HK.01099,国药控股,2020-05-04 00:00:00,14.64321,14.18321,14.74321,14.06321,9.043,0.00722,9691957.0,195546578.0,-6.953915874674683,15.24321
HK.01099,国药控股,2020-05-05 00:00:00,14.29321,14.74321,14.89321,14.18321,9.297,0.00361,4840557.0,98383001.0,3.9483304555174654,14.18321
HK.01099,国药控股,2020-05-06 00:00:00,14.39321,14.84321,15.04321,14.34321,9.342,0.00418,5603860.0,115231712.0,0.6782783396560155,14.74321
HK.01099,国药控股,2020-05-07 00:00:00,14.79321,14.89321,15.09321,14.29321,9.365,0.00359,4815570.0,98775707.0,0.33685435967018396,14.84321
HK.01099,国药控股,2020-05-08 00:00:00,14.99321,15.09321,15.39321,14.84321,9.455,0.00383,5132467.0,107303747.0,1.3428938422274264,14.89321
HK.01099,国药控股,2020-05-11 00:00:00,15.54321,15.04321,15.59321,14.84321,9.433,0.00288,3860662.0,80985748.0,-0.3312747917772226,15.09321
HK.01099,国药控股,2020-05-12 00:00:00,14.89321,14.69321,15.04321,14.49321,9.274,0.00382,5120114.0,104823190.0,-2.326631084721942,15.04321
HK.01099,国药控股,2020-05-13 00:00:00,14.49321,14.20321,14.69321,14.16321,9.052,0.0048,6443205.0,129581627.0,-3.3348737273883664,14.69321
HK.01099,国药控股,2020-05-14 00:00:00,13.82321,13.56321,14.04321,13.24321,8.761,0.00805,10801621.0,209252395.0,-4.506023638318384,14.20321
HK.01099,国药控股,2020-05-15 00:00:00,13.42321,13.60321,13.68321,13.12321,8.78,0.00483,6483263.0,124770403.0,0.2949154366849803,13.56321
HK.01099,国药控股,2020-05-18 00:00:00,13.70321,14.34321,14.39321,13.28321,9.115,0.00787,10566231.0,209528976.0,5.439892495962338,13.60321
HK.01099,国药控股,2020-05-19 00:00:00,14.89321,14.59321,15.19321,14.34321,9.229,0.00439,5884575.0,119942505.0,1.7429850082373473,14.34321
HK.01099,国药控股,2020-05-20 00:00:00,14.89321,14.18321,14.89321,14.02321,9.043,0.00517,6942268.0,138522576.0,-2.8095258000124606,14.59321
HK.01099,国药控股,2020-05-21 00:00:00,14.34321,13.92321,14.39321,13.76321,8.925,0.00441,5910823.0,116678941.0,-1.8331534257759814,14.18321
HK.01099,国药控股,2020-05-22 00:00:00,13.42321,12.74321,13.52321,12.44321,8.39,0.00641,8605740.0,160889381.0,-8.475057116857391,13.92321
HK.01099,国药控股,2020-05-25 00:00:00,13.06321,12.98321,13.06321,12.36321,8.498,0.0038,5097073.0,94416150.0,1.8833559205255208,12.74321
HK.01099,国药控股,2020-05-26 00:00:00,13.10321,13.20321,13.70321,12.90321,8.598,0.00379,5091323.0,97232300.0,1.6944961993220524,12.98321
HK.01099,国药控股,2020-05-27 00:00:00,13.42321,13.10321,13.50321,12.68321,8.553,0.00337,4517761.0,84940086.0,-0.7573915737157831,13.20321
HK.01099,国药控股,2020-05-28 00:00:00,13.24321,12.86321,13.72321,12.66321,8.444,0.00626,8396954.0,158042366.0,-1.8316122537912483,13.10321
HK.01099,国药控股,2020-05-29 00:00:00,12.50321,13.30321,13.36321,12.40321,8.643,0.01056,14174381.0,268216759.0,3.420608075278251,12.86321
HK.01099,国药控股,2020-06-01 00:00:00,14.22321,13.96321,14.49321,13.84321,8.943,0.00739,9915373.0,196273090.0,4.961208610553394,13.30321
HK.01099,国药控股,2020-06-02 00:00:00,14.04321,14.06321,14.29321,13.74321,8.988,0.00352,4717434.0,93066961.0,0.7161677006934627,13.96321
HK.01099,国药控股,2020-06-03 00:00:00,14.44321,13.76321,14.44321,13.50321,8.852,0.00932,12502055.0,244810482.0,-2.133225629141561,14.06321
HK.01099,国药控股,2020-06-04 00:00:00,14.24321,14.29321,14.69321,14.04321,9.092,0.0086,11538602.0,231173140.0,3.850845841922047,13.76321
HK.01099,国药控股,2020-06-05 00:00:00,14.44321,14.39321,14.59321,14.16321,9.138,0.00634,8510073.0,170633278.0,0.6996329026159949,14.29321
HK.01099,国药控股,2020-06-08 00:00:00,14.54321,14.34321,14.69321,14.04321,9.115,0.00489,6556000.0,131711949.0,-0.34738602438233523,14.39321
HK.01099,国药控股,2020-06-09 00:00:00,14.34321,14.79321,14.94321,14.29321,9.319,0.00713,9571722.0,196770277.0,3.137373014827233,14.34321
HK.01099,国药控股,2020-06-10 00:00:00,14.64321,14.08321,14.99321,13.88321,8.997,0.01126,15114079.0,301241863.0,-4.799499229714178,14.79321
HK.01099,国药控股,2020-06-11 00:00:00,14.08321,13.66321,14.08321,13.46321,8.807,0.00853,11448626.0,223083725.0,-2.9822746376713827,14.08321
HK.01099,国药控股,2020-06-12 00:00:00,13.30321,13.74321,13.86321,13.18321,8.843,0.00695,9323483.0,179781132.0,0.5855139458443519,13.66321
HK.01099,国药控股,2020-06-15 00:00:00,13.96358,13.70358,14.28358,13.54358,8.526,0.00738,9898959.0,187824070.0,-0.2883605795152584,13.74321
HK.01099,国药控股,2020-06-16 00:00:00,14.12358,13.90358,14.26358,13.76358,8.616,0.0087,11669334.0,222671479.0,1.459472634158368,13.70358
HK.01099,国药控股,2020-06-17 00:00:00,14.90358,15.65358,16.70358,14.84358,9.41,0.03906,52408951.0,1096446777.0,12.586686306692233,13.90358
HK.01099,国药控股,2020-06-18 00:00:00,16.05358,15.55358,16.45358,14.90358,9.365,0.01798,24119171.0,496247138.0,-0.638831500525756,15.65358
HK.01099,国药控股,2020-06-19 00:00:00,15.25358,15.30358,15.55358,14.90358,9.251,0.01053,14126721.0,286595190.0,-1.607346990210614,15.55358
HK.01099,国药控股,2020-06-22 00:00:00,15.35358,14.50358,15.55358,14.10358,8.888,0.01474,19773365.0,387353051.0,-5.227534995079587,15.30358
HK.01099,国药控股,2020-06-23 00:00:00,14.14358,14.06358,14.22358,13.72358,8.689,0.01353,18154796.0,346050876.0,-3.0337337402213764,14.50358
HK.01099,国药控股,2020-06-24 00:00:00,14.12358,14.46358,15.15358,14.12358,8.87,0.01561,20949910.0,413407410.0,2.8442260078870416,14.06358
HK.01099,国药控股,2020-06-26 00:00:00,14.22358,14.34358,14.95358,14.22358,8.816,0.01081,14500479.0,285005340.0,-0.8296701093366995,14.46358
HK.01099,国药控股,2020-06-29 00:00:00,14.70358,14.58358,14.88358,14.38358,8.925,0.01546,20741030.0,408468159.0,1.673222445163622,14.34358
HK.01099,国药控股,2020-06-30 00:00:00,14.80358,14.74358,15.30358,14.62358,8.997,0.01535,20599525.0,411403075.0,1.0971243000689828,14.58358
HK.01099,国药控股,2020-07-02 00:00:00,15.40358,15.00358,15.40358,14.88358,9.115,0.01271,17054087.0,343251894.0,1.7634794262994455,14.74358
HK.01099,国药控股,2020-07-03 00:00:00,15.05358,14.90358,15.35358,14.44358,9.07,0.01171,15707844.0,312505250.0,-0.6665075935210106,15.00358
HK.01099,国药控股,2020-07-06 00:00:00,15.10358,15.65358,15.90358,14.76358,9.41,0.015,20121580.0,413417071.0,5.032347932510175,14.90358
HK.01099,国药控股,2020-07-07 00:00:00,15.50358,15.10358,16.00358,14.90358,9.16,0.01989,26690707.0,545790433.0,-3.513573252891675,15.65358
HK.01099,国药控股,2020-07-08 00:00:00,15.10358,14.86358,15.30358,14.50358,9.052,0.01242,16661752.0,330659713.0,-1.5890272372510257,15.10358
HK.01099,国药控股,2020-07-09 00:00:00,14.95358,15.25358,15.30358,14.78358,9.229,0.01403,18822293.0,379968253.0,2.623863160826657,14.86358
HK.01099,国药控股,2020-07-10 00:00:00,15.00358,14.62358,15.50358,14.46358,8.943,0.01085,14552830.0,290211755.0,-4.130177964779409,15.25358
HK.01099,国药控股,2020-07-13 00:00:00,14.78358,14.72358,14.95358,14.42358,8.988,0.00755,10135038.0,201239609.0,0.6838270792788061,14.62358
HK.01099,国药控股,2020-07-14 00:00:00,14.64358,14.28358,14.70358,14.02358,8.789,0.0072,9660048.0,187573664.0,-2.9884036355288557,14.72358
HK.01099,国药控股,2020-07-15 00:00:00,14.60358,14.18358,14.60358,13.98358,8.743,0.00666,8942331.0,172948931.0,-0.7001045956265965,14.28358
HK.01099,国药控股,2020-07-16 00:00:00,14.20358,13.14358,14.20358,13.06358,8.272,0.01361,18265150.0,337108269.0,-7.33242242085566,14.18358
HK.01099,国药控股,2020-07-17 00:00:00,13.44358,13.02358,13.68358,12.94358,8.217,0.00724,9716039.0,178098549.0,-0.9129932636313639,13.14358
HK.01099,国药控股,2020-07-20 00:00:00,13.10358,12.96358,13.20358,12.72358,8.19,0.00739,9916164.0,179088117.0,-0.460702817504868,13.02358
HK.01099,国药控股,2020-07-21 00:00:00,12.96358,13.00358,13.24358,12.94358,8.208,0.00725,9721439.0,176517486.0,0.3085567412705375,12.96358
HK.01099,国药控股,2020-07-22 00:00:00,13.58358,13.00358,13.84358,12.86358,8.208,0.01225,16433572.0,303733349.0,0.0,13.00358
HK.01099,国药控股,2020-07-23 00:00:00,13.32358,14.02358,14.28358,13.20358,8.671,0.0171,22945609.0,433773748.0,7.843993730957177,13.00358
HK.01099,国药控股,2020-07-24 00:00:00,13.92358,13.54358,13.96358,13.16358,8.453,0.01054,14146832.0,263061957.0,-3.4228064445740705,14.02358
HK.01099,国药控股,2020-07-27 00:00:00,13.60358,13.60358,13.86358,13.24358,8.48,0.00878,11778148.0,219273164.0,0.4430143285600906,13.54358
HK.01099,国药控股,2020-07-28 00:00:00,13.84358,13.36358,13.86358,13.12358,8.371,0.0065,8723993.0,161272803.0,-1.7642414717302244,13.60358
HK.01099,国药控股,2020-07-29 00:00:00,13.32358,13.50358,13.60358,13.12358,8.435,0.00471,6315640.0,117262382.0,1.047623466166991,13.36358
HK.01099,国药控股,2020-07-30 00:00:00,13.52358,13.46358,14.02358,13.36358,8.417,0.00836,11216360.0,210365744.0,-0.2962177437390614,13.50358
HK.01099,国药控股,2020-07-31 00:00:00,13.56358,13.36358,13.86358,13.30358,8.371,0.00501,6722918.0,125115294.0,-0.7427445003483445,13.46358
HK.01099,国药控股,2020-08-03 00:00:00,13.28358,13.90358,14.12358,13.28358,8.616,0.01104,14810852.0,280676158.0,4.0408333695012795,13.36358
HK.01099,国药控股,2020-08-04 00:00:00,14.36358,14.06358,14.50358,14.00358,8.689,0.00902,12105956.0,233457674.0,1.1507827480404338,13.90358
HK.01099,国药控股,2020-08-05 00:00:00,14.12358,14.12358,14.36358,13.84358,8.716,0.004,5363043.0,102913044.0,0.4266339011830594,14.06358
HK.01099,国药控股,2020-08-06 00:00:00,14.06358,13.88358,14.28358,13.74358,8.607,0.00661,8866067.0,168911408.0,-1.699285875110986,14.12358
HK.01099,国药控股,2020-08-07 00:00:00,14.20358,13.94358,14.20358,13.42358,8.634,0.00653,8762150.0,165823600.0,0.4321651908225436,13.88358
HK.01099,国药控股,2020-08-10 00:00:00,14.04358,14.10358,14.28358,14.00358,8.707,0.00616,8259828.0,158834602.0,1.1474814932750295,13.94358
HK.01099,国药控股,2020-08-11 00:00:00,14.34358,13.84358,14.68358,13.80358,8.589,0.00812,10899386.0,210362212.0,-1.8435035643432363,14.10358
HK.01099,国药控股,2020-08-12 00:00:00,13.88358,13.48358,13.96358,13.32358,8.426,0.00909,12196139.0,226216180.0,-2.6004834009699764,13.84358
HK.01099,国药控股,2020-08-13 00:00:00,13.78358,13.64358,13.86358,13.46358,8.498,0.0034,4568643.0,85353817.0,1.1866284770068494,13.48358
HK.01099,国药控股,2020-08-14 00:00:00,13.62358,13.68358,13.72358,13.42358,8.517,0.00336,4504067.0,84221581.0,0.2931781834386514,13.64358
HK.01099,国药控股,2020-08-17 00:00:00,13.84358,14.04358,14.26358,13.80358,8.68,0.00645,8652706.0,165949471.0,2.6308904541063174,13.68358
HK.01099,国药控股,2020-08-18 00:00:00,14.32358,14.60358,15.10358,14.30358,8.934,0.01293,17355854.0,342432839.0,3.987587210668495,14.04358
HK.01099,国药控股,2020-08-19 00:00:00,14.90358,14.66358,15.25358,14.52358,8.961,0.00777,10429700.0,206819640.0,0.41085815943762083,14.60358
HK.01099,国药控股,2020-08-20 00:00:00,14.50358,14.26358,14.70358,14.00358,8.78,0.00756,10138192.0,196214477.0,-2.7278468150342574,14.66358
HK.01099,国药控股,2020-08-21 00:00:00,14.44358,14.42358,14.56358,14.30358,8.852,0.00446,5986867.0,116814359.0,1.1217380208895673,14.26358
HK.01099,国药控股,2020-08-24 00:00:00,14.10358,14.52358,14.64358,13.98358,8.897,0.00804,10786981.0,209905756.0,0.6933091507101664,14.42358
HK.01099,国药控股,2020-08-25 00:00:00,14.70358,14.40358,14.76358,14.14358,8.843,0.00879,11791731.0,229848989.0,-0.8262425655382556,14.52358
HK.01099,国药控股,2020-08-26 00:00:00,14.52358,14.18358,14.60358,14.10358,8.743,0.00641,8606709.0,166769775.0,-1.5273980496515496,14.40358
HK.01099,国药控股,2020-08-27 00:00:00,14.02358,13.86358,14.18358,13.68358,8.598,0.00785,10538242.0,199652495.0,-2.2561299756478865,14.18358
HK.01099,国药控股,2020-08-28 00:00:00,13.90358,14.02358,14.30358,13.76358,8.671,0.00609,8178270.0,156778118.0,1.1541030527468383,13.86358
HK.01099,国药控股,2020-08-31 00:00:00,14.02358,13.98358,14.56358,13.94358,8.653,0.00868,11652164.0,225489550.0,-0.28523387038117887,14.02358
HK.01099,国药控股,2020-09-01 00:00:00,14.44358,13.68358,14.44358,13.68358,8.517,0.00764,10252881.0,194761089.0,-2.1453733593257285,13.98358
HK.01099,国药控股,2020-09-02 00:00:00,13.58358,13.10358,13.68358,12.94358,8.253,0.01014,13611589.0,247889045.0,-4.238656842726831,13.68358
HK.01099,国药控股,2020-09-03 00:00:00,13.14358,13.20358,13.56358,13.02358,8.299,0.0065,8725548.0,160233578.0,0.7631502230688211,13.10358
HK.01099,国药控股,2020-09-04 00:00:00,13.12358,12.96358,13.16358,12.60358,8.19,0.0202,27106440.0,487108574.0,-1.8176888389361083,13.20358
HK.01099,国药控股,2020-09-07 00:00:00,12.74358,12.80358,13.42358,12.72358,8.117,0.00793,10644616.0,192861248.0,-1.2342269650821773,12.96358
HK.01099,国药控股,2020-09-08 00:00:00,13.08358,13.08358,13.14358,12.76358,8.244,0.00589,7900713.0,142762627.0,2.1868883546633002,12.80358
HK.01099,国药控股,2020-09-09 00:00:00,12.90358,13.04358,13.30358,12.72358,8.226,0.00402,5390728.0,97847950.0,-0.3057267200567364,13.08358
HK.01099,国药控股,2020-09-10 00:00:00,13.34358,12.98358,13.34358,12.90358,8.199,0.00362,4851500.0,88124422.0,-0.45999641202798996,13.04358
HK.01099,国药控股,2020-09-11 00:00:00,13.10358,13.14358,13.18358,12.74358,8.272,0.0042,5630468.0,102253181.0,1.2323257529895464,12.98358
HK.01099,国药控股,2020-09-14 00:00:00,13.26358,13.52358,13.68358,13.18358,8.444,0.00455,6109926.0,113707335.0,2.891145334832677,13.14358
HK.01099,国药控股,2020-09-15 00:00:00,13.58358,13.60358,13.76358,13.40358,8.48,0.00524,7026972.0,131333091.0,0.5915593356196975,13.52358
HK.01099,国药控股,2020-09-16 00:00:00,13.80358,13.30358,13.86358,13.28358,8.344,0.00418,5607400.0,104284910.0,-2.205301839662787,13.60358
HK.01099,国药控股,2020-09-17 00:00:00,13.42358,13.30358,13.48358,13.04358,8.344,0.00465,6233892.0,113862309.0,0.0,13.30358
HK.01099,国药控股,2020-09-18 00:00:00,13.10358,13.46358,13.50358,13.10358,8.417,0.00395,5304469.0,98088134.0,1.2026837888748754,13.30358
HK.01099,国药控股,2020-09-21 00:00:00,13.64358,13.04358,13.64358,12.92358,8.226,0.0035,4697400.0,86080008.0,-3.1195269014630576,13.46358
HK.01099,国药控股,2020-09-22 00:00:00,12.92358,12.54358,13.00358,12.44358,8.0,0.00622,8344120.0,148209003.0,-3.833303433566551,13.04358
HK.01099,国药控股,2020-09-23 00:00:00,12.60358,12.32358,12.66358,12.18358,7.9,0.00563,7550902.0,131525969.0,-1.7538852544488943,12.54358
HK.01099,国药控股,2020-09-24 00:00:00,12.00358,11.72358,12.30358,11.70358,7.628,0.00704,9444737.0,159848996.0,-4.868715097398643,12.32358
HK.01099,国药控股,2020-09-25 00:00:00,11.803579999,11.463579999,12.00358,11.40358,7.51,0.00417,5600317.0,93760072.0,-2.217752606285792,11.72358
HK.01099,国药控股,2020-09-28 00:00:00,11.803579999,11.463579999,11.803579999,11.283579999,7.51,0.00368,4934132.0,81492928.0,0.0,11.463579999
HK.01099,国药控股,2020-09-29 00:00:00,11.50358,11.44358,11.54358,11.123579999,7.501,0.00396,5313411.0,87602400.0,-0.17446555963969498,11.463579999
HK.01099,国药控股,2020-09-30 00:00:00,11.303579999,11.16358,11.36358,11.02358,7.374,0.00605,8115124.0,131929891.0,-2.4467867572909974,11.44358
HK.01099,国药控股,2020-10-05 00:00:00,11.26358,11.38358,11.58358,11.16358,7.473,0.00479,6432810.0,105675080.0,1.9706939888458779,11.16358
HK.01099,国药控股,2020-10-06 00:00:00,11.54358,11.623579999,11.783579999,11.40358,7.582,0.0058,7785085.0,129886468.0,2.1082998406476707,11.38358
HK.01099,国药控股,2020-10-07 00:00:00,11.50358,11.783579999,11.82358,11.40358,7.655,0.00358,4802879.0,80528351.0,1.3765122278486082,11.623579999
HK.01099,国药控股,2020-10-08 00:00:00,11.70358,11.86358,11.86358,11.38358,7.691,0.00369,4955678.0,83055614.0,0.6789108319100754,11.783579999
HK.01099,国药控股,2020-10-09 00:00:00,12.16358,11.92358,12.16358,11.86358,7.718,0.00444,5963656.0,101433985.0,0.505749529231469,11.86358
HK.01099,国药控股,2020-10-12 00:00:00,12.08358,12.02358,12.10358,11.92358,7.764,0.00433,5811779.0,99382053.0,0.8386742907750979,11.92358
HK.01099,国药控股,2020-10-14 00:00:00,11.783579999,11.76358,11.963579999,11.42358,7.646,0.00783,10508241.0,176465626.0,-2.162417516247254,12.02358
HK.01099,国药控股,2020-10-15 00:00:00,11.76358,11.483579999,11.76358,11.303579999,7.519,0.00588,7887014.0,130586657.0,-2.380227796300101,11.76358
HK.01099,国药控股,2020-10-16 00:00:00,11.283579999,10.983579999,11.463579999,10.74358,7.292,0.01303,17478252.0,281324844.0,-4.354042903376302,11.483579999
HK.01099,国药控股,2020-10-19 00:00:00,10.90358,10.80358,11.06358,10.66358,7.21,0.00765,10261340.0,163554779.0,-1.638809923689614,10.983579999
HK.01099,国药控股,2020-10-20 00:00:00,10.80358,11.10358,11.143579999,10.68358,7.346,0.00747,10019016.0,160606982.0,2.776857301005768,10.80358
HK.01099,国药控股,2020-10-21 00:00:00,11.24358,11.803579999,12.10358,11.24358,7.664,0.01775,23811050.0,401555238.0,6.304273027257885,11.10358
HK.01099,国药控股,2020-10-22 00:00:00,12.06358,11.86358,12.10358,11.32358,7.691,0.00934,12526200.0,210524845.0,0.5083203655592946,11.803579999
HK.01099,国药控股,2020-10-23 00:00:00,12.00358,12.72358,13.04358,12.00358,8.081,0.01651,22156845.0,393534451.0,7.249076585651207,11.86358
HK.01099,国药控股,2020-10-27 00:00:00,12.92358,13.32358,13.46358,12.80358,8.353,0.01212,16261086.0,297881808.0,4.7156539275895595,12.72358
HK.01099,国药控股,2020-10-28 00:00:00,13.26358,13.38358,13.52358,12.94358,8.38,0.0082,11000192.0,202366593.0,0.4503294159677842,13.32358
HK.01099,国药控股,2020-10-29 00:00:00,13.10358,13.28358,13.46358,12.80358,8.335,0.00602,8083917.0,148375059.0,-0.7471842362058555,13.38358
HK.01099,国药控股,2020-10-30 00:00:00,13.46358,12.62358,13.46358,12.40358,8.036,0.0075,10067023.0,179049372.0,-4.968540107410805,13.28358
HK.01099,国药控股,2020-11-02 00:00:00,12.62358,12.56358,12.90358,12.26358,8.009,0.00422,5662633.0,100171887.0,-0.47530098434834256,12.62358
HK.01099,国药控股,2020-11-03 00:00:00,12.70358,12.72358,13.04358,12.56358,8.081,0.00527,7068399.0,126515820.0,1.2735223558890074,12.56358
HK.01099,国药控股,2020-11-04 00:00:00,12.84358,12.46358,12.98358,12.38358,7.963,0.00401,5381758.0,95107987.0,-2.0434500352888083,12.72358
HK.01099,国药控股,2020-11-05 00:00:00,12.72358,12.68358,12.74358,12.48358,8.063,0.00668,8964256.0,158703261.0,1.765142920412906,12.46358
HK.01099,国药控股,2020-11-06 00:00:00,12.90358,13.00358,13.00358,12.58358,8.208,0.00699,9382321.0,168118921.0,2.522946991306873,12.68358
HK.01099,国药控股,2020-11-09 00:00:00,13.12358,13.30358,13.50358,13.06358,8.344,0.00773,10378659.0,190453474.0,2.3070569796932903,13.00358
HK.01099,国药控股,2020-11-10 00:00:00,13.52358,13.90358,14.20358,13.52358,8.616,0.01437,19284216.0,367031536.0,4.510064208280776,13.30358
HK.01099,国药控股,2020-11-11 00:00:00,13.90358,14.46358,14.60358,13.90358,8.87,0.01508,20229065.0,393658598.0,4.027739618141518,13.90358
HK.01099,国药控股,2020-11-12 00:00:00,14.66358,14.34358,14.88358,14.02358,8.816,0.0141,18922307.0,370253851.0,-0.8296701093366995,14.46358
HK.01099,国药控股,2020-11-13 00:00:00,14.34358,13.92358,14.34358,13.52358,8.625,0.00568,7623876.0,144322780.0,-2.928139279036335,14.34358
HK.01099,国药控股,2020-11-16 00:00:00,14.16358,14.18358,14.34358,14.00358,8.743,0.00414,5555703.0,107224855.0,1.8673358432242266,13.92358
HK.01099,国药控股,2020-11-17 00:00:00,14.26358,14.14358,14.26358,13.78358,8.725,0.00525,7045963.0,134576449.0,-0.28201624695598115,14.18358
HK.01099,国药控股,2020-11-18 00:00:00,15.00358,14.42358,15.00358,14.16358,8.852,0.00905,12140200.0,238827307.0,1.9796967952951046,14.14358
HK.01099,国药控股,2020-11-19 00:00:00,14.40358,14.26358,14.58358,14.22358,8.78,0.00564,7570435.0,147462779.0,-1.1092946411362514,14.42358
HK.01099,国药控股,2020-11-20 00:00:00,14.52358,14.30358,14.52358,14.18358,8.798,0.00385,5161105.0,100070909.0,0.28043450522239805,14.26358
HK.01099,国药控股,2020-11-23 00:00:00,14.34358,14.06358,14.38358,13.90358,8.689,0.00353,4733554.0,90474577.0,-1.6779016162387332,14.30358
HK.01099,国药控股,2020-11-24 00:00:00,14.08358,13.60358,14.10358,13.44358,8.48,0.0063,8458580.0,158580139.0,-3.2708599090701007,14.06358
HK.01099,国药控股,2020-11-25 00:00:00,13.56358,14.64358,15.40358,13.56358,8.952,0.02517,33766743.0,669063867.0,7.645046377497695,13.60358
HK.01099,国药控股,2020-11-26 00:00:00,15.00358,14.64358,15.00358,14.64358,8.952,0.01184,15883526.0,315826639.0,0.0,14.64358
HK.01099,国药控股,2020-11-27 00:00:00,14.78358,14.54358,14.78358,13.98358,8.907,0.00779,10448077.0,203195398.0,-0.6828931176665791,14.64358
HK.01099,国药控股,2020-11-30 00:00:00,14.70358,14.06358,14.84358,14.04358,8.689,0.01177,15786769.0,304839493.0,-3.3004253423159935,14.54358
HK.01099,国药控股,2020-12-01 00:00:00,14.28358,14.20358,14.54358,14.06358,8.752,0.00588,7893820.0,152482004.0,0.9954791027604677,14.06358
HK.01099,国药控股,2020-12-02 00:00:00,14.38358,14.46358,14.64358,13.98358,8.87,0.00546,7329976.0,142704943.0,1.8305244170835788,14.20358
HK.01099,国药控股,2020-12-03 00:00:00,14.48358,14.28358,14.54358,14.16358,8.789,0.00688,9231383.0,179411574.0,-1.2445051640050369,14.46358
HK.01099,国药控股,2020-12-04 00:00:00,14.28358,14.08358,14.42358,13.68358,8.698,0.00988,13256564.0,252156781.0,-1.4002091912531807,14.28358
HK.01099,国药控股,2020-12-07 00:00:00,14.20358,13.96358,14.20358,13.80358,8.643,0.00529,7096304.0,134903439.0,-0.8520560823313336,14.08358
HK.01099,国药控股,2020-12-08 00:00:00,13.96358,13.88358,14.08358,13.70358,8.607,0.00816,10947068.0,207469816.0,-0.5729189792302551,13.96358
HK.01099,国药控股,2020-12-09 00:00:00,13.90358,14.04358,14.48358,13.46358,8.68,0.01314,17625873.0,336288934.0,1.1524405088601077,13.88358
HK.01099,国药控股,2020-12-10 00:00:00,14.20358,13.92358,14.28358,13.72358,8.625,0.01138,15269216.0,292052662.0,-0.8544829737146866,14.04358
HK.01099,国药控股,2020-12-11 00:00:00,14.12358,14.10358,14.30358,13.92358,8.707,0.00634,8511646.0,163403008.0,1.2927709683860023,13.92358
HK.01099,国药控股,2020-12-14 00:00:00,14.00358,13.82358,14.10358,13.72358,8.58,0.00604,8101369.0,153795014.0,-1.9853115308311746,14.10358
HK.01099,国药控股,2020-12-15 00:00:00,13.82358,12.84358,13.88358,12.66358,8.136,0.01276,17119553.0,309274314.0,-7.089335758175526,13.82358
HK.01099,国药控股,2020-12-16 00:00:00,13.26358,13.12358,13.26358,12.98358,8.263,0.00638,8558767.0,155429745.0,2.180077517327732,12.84358
HK.01099,国药控股,2020-12-17 00:00:00,13.12358,13.50358,13.88358,13.12358,8.435,0.01074,14412854.0,267413774.0,2.8955513663192436,13.12358
HK.01099,国药控股,2020-12-18 00:00:00,13.66358,13.60358,13.68358,13.34358,8.48,0.00485,6507989.0,121187613.0,0.7405443593476666,13.50358
HK.01099,国药控股,2020-12-21 00:00:00,13.56358,13.40358,13.70358,13.02358,8.39,0.00659,8836727.0,162764824.0,-1.470201226441858,13.60358
HK.01099,国药控股,2020-12-22 00:00:00,13.50358,13.30358,13.56358,13.02358,8.344,0.00684,9175962.0,168400168.0,-0.7460693337153183,13.40358
HK.01099,国药控股,2020-12-23 00:00:00,13.28358,13.06358,13.30358,12.90358,8.235,0.00546,7322632.0,132772920.0,-1.8040256833123132,13.30358
HK.01099,国药控股,2020-12-24 00:00:00,13.20358,13.18358,13.32358,13.06358,8.29,0.00188,2517698.0,45907795.0,0.9185843390555973,13.06358
HK.01099,国药控股,2020-12-28 00:00:00,13.22358,12.88358,13.50358,12.84358,8.154,0.00519,6967800.0,126220772.0,-2.2755579288781873,13.18358
HK.01099,国药控股,2020-12-29 00:00:00,12.90358,12.80358,12.92358,12.56358,8.117,0.0082,11008000.0,195897800.0,-0.6209454204499065,12.88358
HK.01099,国药控股,2020-12-30 00:00:00,12.80358,13.14358,13.18358,12.62358,8.272,0.00455,6101358.0,110714689.0,2.6555072878054404,12.80358
HK.01099,国药控股,2020-12-31 00:00:00,12.98358,13.76358,13.84358,12.98358,8.553,0.00737,9888337.0,184274094.0,4.717131862095405,13.14358
HK.01099,国药控股,2021-01-04 00:00:00,14.00358,13.88358,14.26358,13.78358,8.607,0.00996,13366280.0,255046293.0,0.8718661859777834,13.76358
HK.01099,国药控股,2021-01-05 00:00:00,14.14358,13.74358,14.14358,13.40358,8.544,0.005,6715702.0,125921319.0,-1.0083854452525975,13.88358
HK.01099,国药控股,2021-01-06 00:00:00,13.70358,13.90358,13.90358,13.44358,8.616,0.00398,5345725.0,100533858.0,1.1641799298290558,13.74358
HK.01099,国药控股,2021-01-07 00:00:00,14.20358,13.54358,14.20358,13.42358,8.453,0.00458,6148790.0,115140140.0,-2.5892611830909695,13.90358
HK.01099,国药控股,2021-01-08 00:00:00,13.34358,13.28358,13.62358,13.20358,8.335,0.00828,11112773.0,205663267.0,-1.9197287570937651,13.54358
HK.01099,国药控股,2021-01-11 00:00:00,13.52358,13.50358,13.58358,13.22358,8.435,0.00552,7401461.0,137225314.0,1.6561800358035925,13.28358
HK.01099,国药控股,2021-01-12 00:00:00,13.52358,13.02358,13.52358,12.90358,8.217,0.00916,12296124.0,223174634.0,-3.5546129248688025,13.50358
HK.01099,国药控股,2021-01-13 00:00:00,12.90358,12.84358,13.34358,12.60358,8.136,0.0116,15569723.0,279040385.0,-1.3821084525146041,13.02358
HK.01099,国药控股,2021-01-14 00:00:00,12.82358,13.22358,13.42358,12.82358,8.308,0.0106,14229165.0,260231328.0,2.9586766306590593,12.84358
HK.01099,国药控股,2021-01-15 00:00:00,13.40358,13.52358,13.76358,13.30358,8.444,0.00818,10973544.0,204119070.0,2.2686745949281564,13.22358
HK.01099,国药控股,2021-01-18 00:00:00,13.52358,13.80358,13.80358,13.38358,8.571,0.00575,7716020.0,144285588.0,2.0704576746689805,13.52358
HK.01099,国药控股,2021-01-19 00:00:00,13.76358,14.16358,14.40358,13.76358,8.734,0.01344,18036143.0,346460138.0,2.608019079108459,13.80358
HK.01099,国药控股,2021-01-20 00:00:00,14.40358,14.06358,14.44358,13.82358,8.689,0.00801,10747002.0,206207511.0,-0.7060361857665903,14.16358
HK.01099,国药控股,2021-01-21 00:00:00,14.00358,13.96358,14.28358,13.90358,8.643,0.00462,6195465.0,118566839.0,-0.7110565019717572,14.06358
HK.01099,国药控股,2021-01-22 00:00:00,14.02358,14.04358,14.10358,13.74358,8.68,0.00602,8073109.0,153476745.0,0.5729189792302551,13.96358
HK.01099,国药控股,2021-01-25 00:00:00,14.18358,14.46358,14.86358,14.16358,8.87,0.01203,16138007.0,315442072.0,2.990690408001378,14.04358
HK.01099,国药控股,2021-01-26 00:00:00,14.18358,13.80358,14.22358,13.64358,8.571,0.01081,14510023.0,274476136.0,-4.56318560135181,14.46358
HK.01099,国药控股,2021-01-27 00:00:00,14.12358,14.78358,15.00358,14.00358,9.015,0.02101,28186761.0,555330828.0,7.099607493128597,13.80358
HK.01099,国药控股,2021-01-28 00:00:00,14.42358,14.18358,14.68358,14.00358,8.743,0.00924,12393108.0,239354724.0,-4.058556858352317,14.78358
HK.01099,国药控股,2021-01-29 00:00:00,14.10358,13.84358,14.12358,13.56358,8.589,0.01036,13906795.0,263142926.0,-2.3971380991258897,14.18358
HK.01099,国药控股,2021-02-01 00:00:00,14.10358,14.04358,14.20358,13.72358,8.68,0.00638,8560171.0,163752676.0,1.4447130005388857,13.84358
HK.01099,国药控股,2021-02-02 00:00:00,14.10358,14.20358,14.36358,14.04358,8.752,0.00903,12119432.0,233565818.0,1.1393106316195738,14.04358
HK.01099,国药控股,2021-02-03 00:00:00,14.38358,14.10358,14.38358,14.04358,8.707,0.00531,7119652.0,137053718.0,-0.704047852724464,14.20358
HK.01099,国药控股,2021-02-04 00:00:00,14.14358,13.84358,14.38358,13.62358,8.589,0.00624,8366718.0,158615780.0,-1.8435035643432363,14.10358
HK.01099,国药控股,2021-02-05 00:00:00,13.84358,13.48358,14.06358,13.44358,8.426,0.00451,6053658.0,112972410.0,-2.6004834009699764,13.84358
HK.01099,国药控股,2021-02-08 00:00:00,13.62358,13.22358,13.72358,13.10358,8.308,0.00557,7477280.0,137711325.0,-1.9282712751361268,13.48358
HK.01099,国药控股,2021-02-09 00:00:00,12.96358,13.18358,13.50358,12.90358,8.29,0.0083,11142765.0,202943540.0,-0.3024899459904271,13.22358
HK.01099,国药控股,2021-02-10 00:00:00,13.44358,13.40358,13.64358,13.32358,8.39,0.00601,8070900.0,149394961.0,1.6687424811773484,13.18358
HK.01099,国药控股,2021-02-11 00:00:00,13.58358,13.78358,13.78358,13.46358,8.562,0.00432,5799856.0,108661924.0,2.835063468118225,13.40358
HK.01099,国药控股,2021-02-16 00:00:00,14.40358,13.74358,14.40358,13.70358,8.544,0.00807,10822921.0,205943205.0,-0.2902003688446755,13.78358
HK.01099,国药控股,2021-02-17 00:00:00,13.80358,13.76358,13.88358,13.50358,8.553,0.00516,6927477.0,130214144.0,0.14552249122862876,13.74358
HK.01099,国药控股,2021-02-18 00:00:00,13.86358,13.54358,13.88358,13.36358,8.453,0.0068,9120934.0,170008368.0,-1.5984213409592483,13.76358
HK.01099,国药控股,2021-02-19 00:00:00,13.54358,13.74358,13.78358,13.30358,8.544,0.00618,8294776.0,154912588.0,1.4767144285336617,13.54358
HK.01099,国药控股,2021-02-22 00:00:00,13.76358,13.40358,13.80358,13.32358,8.39,0.00757,10156994.0,189107533.0,-2.4738823508867402,13.74358
HK.01099,国药控股,2021-02-23 00:00:00,13.58358,13.42358,13.62358,13.34358,8.399,0.00444,5959129.0,110765817.0,0.149213866743061,13.40358
HK.01099,国药控股,2021-02-24 00:00:00,13.40358,13.02358,13.58358,12.90358,8.217,0.01072,14383328.0,261942055.0,-2.979831013783198,13.42358
HK.01099,国药控股,2021-02-25 00:00:00,13.30358,13.20358,13.48358,13.08358,8.299,0.00553,7422117.0,136388477.0,1.3821084525145906,13.02358
HK.01099,国药控股,2021-02-26 00:00:00,13.28358,13.06358,13.50358,12.74358,8.235,0.01033,13865423.0,252346712.0,-1.0603184893793998,13.20358
HK.01099,国药控股,2021-03-01 00:00:00,13.08358,12.88358,13.28358,12.76358,8.154,0.01023,13729555.0,247533344.0,-1.3778765085834028,13.06358
HK.01099,国药控股,2021-03-02 00:00:00,12.90358,12.62358,13.08358,12.50358,8.036,0.00784,10515092.0,187513127.0,-2.0180726164621925,12.88358
HK.01099,国药控股,2021-03-03 00:00:00,12.72358,12.86358,12.92358,12.58358,8.145,0.00453,6077478.0,108747252.0,1.901203937393356,12.62358
HK.01099,国药控股,2021-03-04 00:00:00,12.70358,12.46358,12.82358,12.42358,7.963,0.00642,8611408.0,151962754.0,-3.1095542609444675,12.86358
HK.01099,国药控股,2021-03-05 00:00:00,12.36358,12.54358,12.58358,12.08358,8.0,0.00715,9588457.0,167516460.0,0.6418701528774242,12.46358
HK.01099,国药控股,2021-03-08 00:00:00,12.54358,12.40358,12.80358,12.32358,7.936,0.00522,6998378.0,123497947.0,-1.1161087982856615,12.54358
HK.01099,国药控股,2021-03-09 00:00:00,12.02358,12.26358,12.54358,11.94358,7.873,0.01008,13531473.0,234311045.0,-1.128706389606876,12.40358
HK.01099,国药控股,2021-03-10 00:00:00,12.22358,12.38358,12.62358,12.14358,7.927,0.00537,7205290.0,125584200.0,0.9785070917301554,12.26358
HK.01099,国药控股,2021-03-11 00:00:00,12.32358,12.66358,12.74358,12.30358,8.054,0.00656,8807899.0,156046363.0,2.261058595333493,12.38358
HK.01099,国药控股,2021-03-12 00:00:00,12.66358,12.52358,12.84358,12.46358,7.99,0.00564,7566738.0,133938574.0,-1.105532558723511,12.66358
HK.01099,国药控股,2021-03-15 00:00:00,12.66358,12.42358,12.70358,12.38358,7.945,0.00344,4616444.0,81196490.0,-0.7984937214438795,12.52358
HK.01099,国药控股,2021-03-16 00:00:00,12.60358,12.84358,12.98358,12.60358,8.136,0.00405,5435669.0,97375354.0,3.3806680522039536,12.42358
HK.01099,国药控股,2021-03-17 00:00:00,12.90358,13.20358,13.22358,12.70358,8.299,0.00673,9026997.0,164014180.0,2.8029568079927967,12.84358
HK.01099,国药控股,2021-03-18 00:00:00,13.38358,13.04358,13.38358,12.90358,8.226,0.00405,5438931.0,98704842.0,-1.2117925592907388,13.20358
HK.01099,国药控股,2021-03-19 00:00:00,13.00358,13.18358,13.18358,12.72358,8.29,0.00508,6814161.0,123577854.0,1.073324961398625,13.04358
HK.01099,国药控股,2021-03-22 00:00:00,13.44358,13.78358,14.24358,13.44358,6.88,0.01833,24588957.0,467443342.0,4.551115857756402,13.18358
HK.01099,国药控股,2021-03-23 00:00:00,14.00358,13.78358,14.00358,13.64358,6.88,0.00828,11111928.0,209635274.0,0.0,13.78358
HK.01099,国药控股,2021-03-24 00:00:00,13.78358,13.90358,14.06358,13.74358,6.924,0.00623,8354872.0,158383304.0,0.8706011065340007,13.78358
HK.01099,国药控股,2021-03-25 00:00:00,13.72358,13.84358,13.96358,13.20358,6.902,0.00834,11190152.0,211210666.0,-0.43154353051516586,13.90358
HK.01099,国药控股,2021-03-26 00:00:00,13.72358,13.72358,14.00358,13.54358,6.858,0.00547,7334270.0,137986323.0,-0.8668278003233212,13.84358
HK.01099,国药控股,2021-03-29 00:00:00,13.90358,13.80358,14.08358,13.72358,6.887,0.0048,6436532.0,122328909.0,0.5829382712091165,13.72358
HK.01099,国药控股,2021-03-30 00:00:00,14.02358,13.80358,14.08358,13.80358,6.887,0.00529,7104398.0,135156210.0,0.0,13.80358
HK.01099,国药控股,2021-03-31 00:00:00,13.94358,13.72358,13.94358,13.62358,6.858,0.00476,6380763.0,120084173.0,-0.5795597953574367,13.80358
HK.01099,国药控股,2021-04-01 00:00:00,13.92358,14.30358,14.58358,13.76358,7.069,0.01697,22769486.0,442408585.0,4.226302466266092,13.72358
HK.01099,国药控股,2021-04-07 00:00:00,14.48358,13.92358,14.56358,13.88358,6.931,0.00848,11382986.0,218284128.0,-2.656677559044664,14.30358
HK.01099,国药控股,2021-04-08 00:00:00,14.10358,14.86358,15.05358,13.94358,7.274,0.01187,15926103.0,316114105.0,6.751137279349143,13.92358
HK.01099,国药控股,2021-04-09 00:00:00,14.80358,14.74358,14.90358,14.62358,7.23,0.00559,7503085.0,148807860.0,-0.8073425110235958,14.86358
HK.01099,国药控股,2021-04-12 00:00:00,14.82358,15.55358,15.65358,14.74358,7.525,0.01336,17920286.0,367151373.0,5.493916674240588,14.74358
HK.01099,国药控股,2021-04-13 00:00:00,15.35358,15.65358,15.75358,15.20358,7.561,0.00839,11254989.0,232785683.0,0.6429387960842432,15.55358
HK.01099,国药控股,2021-04-14 00:00:00,15.90358,15.65358,15.90358,15.25358,7.561,0.00582,7809421.0,161368956.0,0.0,15.65358
HK.01099,国药控股,2021-04-15 00:00:00,15.80358,16.95358,17.40358,15.65358,8.035,0.02567,34449475.0,755962074.0,8.30480950683485,15.65358
HK.01099,国药控股,2021-04-16 00:00:00,16.95358,17.05358,17.30358,16.80358,8.072,0.00999,13410476.0,296578423.0,0.5898459204486688,16.95358
HK.01099,国药控股,2021-04-19 00:00:00,17.75358,19.00358,19.10358,17.40358,8.782,0.02517,33775056.0,796779227.0,11.434549226613996,17.05358
HK.01099,国药控股,2021-04-20 00:00:00,18.90358,18.40358,19.15358,18.15358,8.564,0.01533,20565451.0,486291507.0,-3.1572998350836943,19.00358
HK.01099,国药控股,2021-04-21 00:00:00,18.05358,18.40358,18.75358,18.00358,8.564,0.0115,15429326.0,362328710.0,0.0,18.40358
HK.01099,国药控股,2021-04-22 00:00:00,18.55358,19.05358,19.40358,18.35358,8.801,0.00925,12410450.0,298650140.0,3.53192150657643,18.40358
HK.01099,国药控股,2021-04-23 00:00:00,19.25358,18.75358,19.25358,18.30358,8.691,0.00826,11082370.0,262506142.0,-1.5745072579536272,19.05358
HK.01099,国药控股,2021-04-26 00:00:00,18.75358,18.70358,19.15358,18.60358,8.673,0.00576,7728407.0,185185196.0,-0.26661576083073585,18.75358
HK.01099,国药控股,2021-04-27 00:00:00,18.70358,19.15358,19.70358,18.55358,8.837,0.00801,10749800.0,261718893.0,2.405956506722258,18.70358
HK.01099,国药控股,2021-04-28 00:00:00,19.40358,19.10358,19.60358,18.80358,8.819,0.00688,9236395.0,223392952.0,-0.26104780411808504,19.15358
HK.01099,国药控股,2021-04-29 00:00:00,19.60358,18.75358,19.65358,18.65358,8.691,0.00785,10532878.0,252947154.0,-1.8321173308877257,19.10358
HK.01099,国药控股,2021-04-30 00:00:00,18.65358,19.00358,19.30358,18.05358,8.782,0.00906,12152570.0,291520071.0,1.3330788041536603,18.75358
HK.01099,国药控股,2021-05-03 00:00:00,19.05358,21.60358,21.80358,19.00358,9.73,0.02002,26863027.0,697288847.0,13.681632618696064,19.00358
HK.01099,国药控股,2021-05-04 00:00:00,21.75358,20.45358,22.50358,20.35358,9.311,0.01732,23237005.0,611613901.0,-5.32319180432133,21.60358
HK.01099,国药控股,2021-05-05 00:00:00,20.20358,20.65358,21.10358,20.05358,9.384,0.00825,11076537.0,286568311.0,0.977823931067338,20.45358
HK.01099,国药控股,2021-05-06 00:00:00,20.25358,18.90358,20.25358,16.75358,8.746,0.03673,49282665.0,1159100802.0,-8.47310732570334,20.65358
HK.01099,国药控股,2021-05-07 00:00:00,18.75358,19.10358,19.90358,18.65358,8.819,0.01174,15750121.0,382484953.0,1.0580006538444002,18.90358
HK.01099,国药控股,2021-05-10 00:00:00,21.00358,20.70358,22.10358,20.40358,9.402,0.017,22806508.0,596828852.0,8.375393512629559,19.10358
HK.01099,国药控股,2021-05-11 00:00:00,20.80358,21.10358,21.80358,20.00358,9.548,0.01122,15050372.0,394489916.0,1.9320330107160315,20.70358
HK.01099,国药控股,2021-05-12 00:00:00,21.45358,20.30358,21.50358,20.20358,9.256,0.00736,9881892.0,253406765.0,-3.7908260115108465,21.10358
HK.01099,国药控股,2021-05-13 00:00:00,19.65358,19.80358,20.65358,19.50358,9.074,0.00913,12246220.0,307739468.0,-2.4626198926494736,20.30358
HK.01099,国药控股,2021-05-14 00:00:00,20.15358,20.50358,20.70358,19.90358,9.329,0.00659,8836149.0,225501098.0,3.5347144304211624,19.80358
HK.01099,国药控股,2021-05-17 00:00:00,20.90358,20.80358,21.20358,20.50358,9.438,0.00401,5385676.0,139315072.0,1.4631591166030553,20.50358
HK.01099,国药控股,2021-05-18 00:00:00,20.45358,21.00358,21.30358,20.30358,9.511,0.0056,7515718.0,195425428.0,0.9613729944557584,20.80358
HK.01099,国药控股,2021-05-20 00:00:00,20.85358,20.75358,21.10358,20.45358,9.42,0.00381,5117576.0,131972819.0,-1.1902732772222642,21.00358
HK.01099,国药控股,2021-05-21 00:00:00,20.50358,20.45358,20.75358,20.30358,9.311,0.00405,5428024.0,138808210.0,-1.4455337344207637,20.75358
HK.01099,国药控股,2021-05-24 00:00:00,20.45358,20.55358,20.55358,19.80358,9.347,0.00399,5350671.0,136017768.0,0.488911965533669,20.45358
HK.01099,国药控股,2021-05-25 00:00:00,20.50358,20.30358,21.00358,20.05358,9.256,0.00814,10919362.0,278309854.0,-1.2163331156907944,20.55358
HK.01099,国药控股,2021-05-26 00:00:00,20.30358,21.60358,21.70358,20.25358,9.73,0.00884,11867864.0,312561728.0,6.402811720888635,20.30358
HK.01099,国药控股,2021-05-27 00:00:00,21.90358,21.45358,22.10358,21.35358,9.675,0.01065,14290759.0,382050722.0,-0.6943293657810516,21.60358
HK.01099,国药控股,2021-05-28 00:00:00,21.45358,20.80358,21.65358,20.75358,9.438,0.00675,9050550.0,238352380.0,-3.0297973578302484,21.45358
HK.01099,国药控股,2021-05-31 00:00:00,20.90358,21.30358,21.60358,20.85358,9.62,0.00459,6160913.0,162035349.0,2.4034324861394047,20.80358
HK.01099,国药控股,2021-06-01 00:00:00,21.50358,21.10358,21.50358,20.55358,9.548,0.0034,4560946.0,118833305.0,-0.9388093456592708,21.30358
HK.01099,国药控股,2021-06-02 00:00:00,21.15358,21.05358,21.40358,20.85358,9.529,0.00401,5384111.0,140993545.0,-0.23692662571943107,21.10358
HK.01099,国药控股,2021-06-03 00:00:00,21.15358,21.65358,21.85358,21.00358,9.748,0.00575,7710312.0,205861499.0,2.8498716132838284,21.05358
HK.01099,国药控股,2021-06-04 00:00:00,21.80358,21.45358,21.80358,21.25358,9.675,0.00298,3996250.0,106080543.0,-0.9236347984952273,21.65358
HK.01099,国药控股,2021-06-07 00:00:00,21.70358,22.75358,22.90358,21.25358,10.149,0.00935,12539816.0,344140279.0,6.059594715660514,21.45358
HK.01099,国药控股,2021-06-08 00:00:00,22.50358,21.20358,22.90358,21.20358,9.584,0.00783,10508609.0,281127231.0,-6.812114840829446,22.75358
HK.01099,国药控股,2021-06-09 00:00:00,21.35358,21.40358,22.05358,21.30358,9.657,0.00229,3073559.0,81887179.0,0.9432369439500445,21.20358
HK.01099,国药控股,2021-06-10 00:00:00,20.95358,21.00358,21.80358,20.70358,9.511,0.00568,7616483.0,200160217.0,-1.868846239741212,21.40358
HK.01099,国药控股,2021-06-11 00:00:00,20.80358,20.90358,21.20358,20.75358,9.475,0.00327,4381934.0,113885684.0,-0.4761093108888954,21.00358
HK.01099,国药控股,2021-06-15 00:00:00,21.143,19.693,21.193,19.293,8.728,0.01073,14392782.0,347508148.0,-5.7912568086423475,20.90358
HK.01099,国药控股,2021-06-16 00:00:00,19.693,18.943,19.943,18.893,8.454,0.01263,16952111.0,398818611.0,-3.8084598588330874,19.693
HK.01099,国药控股,2021-06-17 00:00:00,18.743,19.293,19.443,18.743,8.582,0.00529,7097022.0,165841641.0,1.8476482077812268,18.943
HK.01099,国药控股,2021-06-18 00:00:00,19.143,18.293,19.193,17.793,8.217,0.0139,18645879.0,420204062.0,-5.183227077178251,19.293
HK.01099,国药控股,2021-06-21 00:00:00,18.143,18.643,19.243,18.043,8.345,0.00713,9561630.0,217394853.0,1.9133001694637373,18.293
HK.01099,国药控股,2021-06-22 00:00:00,18.843,18.493,18.893,18.243,8.29,0.0054,7241831.0,165492319.0,-0.8045915356970558,18.643
HK.01099,国药控股,2021-06-23 00:00:00,18.843,19.193,19.393,18.543,8.545,0.00544,7294316.0,170747992.0,3.7852160276861677,18.493
HK.01099,国药控股,2021-06-24 00:00:00,18.943,18.743,18.943,18.443,8.381,0.0037,4968640.0,114071940.0,-2.3446048038347462,19.193
HK.01099,国药控股,2021-06-25 00:00:00,18.543,19.043,19.143,18.543,8.491,0.00347,4658679.0,108011828.0,1.6005975564210677,18.743
HK.01099,国药控股,2021-06-28 00:00:00,18.593,19.293,19.293,18.243,8.582,0.00228,3053394.0,71359949.0,1.3128183584519246,19.043
HK.01099,国药控股,2021-06-29 00:00:00,19.293,18.793,19.443,18.593,8.4,0.00273,3669522.0,84781415.0,-2.5916135385891255,19.293
HK.01099,国药控股,2021-06-30 00:00:00,18.693,18.843,19.143,18.543,8.418,0.00407,5456495.0,125685245.0,0.26605651040281336,18.793
HK.01099,国药控股,2021-07-02 00:00:00,19.043,18.543,19.243,18.193,8.309,0.00539,7234633.0,165140955.0,-1.5921031682853086,18.843
HK.01099,国药控股,2021-07-05 00:00:00,18.143,18.393,18.693,18.093,8.254,0.0033,4426867.0,99918259.0,-0.8089305937550482,18.543
HK.01099,国药控股,2021-07-06 00:00:00,18.393,17.743,18.743,17.543,8.017,0.00347,4658970.0,102933349.0,-3.533953134344599,18.393
HK.01099,国药控股,2021-07-07 00:00:00,17.993,18.143,18.543,17.743,8.163,0.00329,4410920.0,98520754.0,2.2544101899340707,17.743
HK.01099,国药控股,2021-07-08 00:00:00,17.993,17.593,17.993,17.243,7.962,0.00551,7389054.0,160755783.0,-3.031472193132341,18.143
HK.01099,国药控股,2021-07-09 00:00:00,17.843,17.593,17.943,17.443,7.962,0.00467,6265574.0,137297276.0,0.0,17.593
HK.01099,国药控股,2021-07-12 00:00:00,18.093,17.743,18.093,17.543,8.017,0.00202,2710864.0,59753411.0,0.8526118342522513,17.593
HK.01099,国药控股,2021-07-13 00:00:00,17.893,17.643,17.943,17.543,7.981,0.00259,3474701.0,76204269.0,-0.5636025474835027,17.743
HK.01099,国药控股,2021-07-14 00:00:00,17.643,18.393,18.593,17.593,8.254,0.00439,5888894.0,133051369.0,4.250977724876721,17.643
HK.01099,国药控股,2021-07-15 00:00:00,18.143,18.393,18.543,17.943,8.254,0.00488,6545076.0,147356170.0,0.0,18.393
HK.01099,国药控股,2021-07-16 00:00:00,18.593,18.243,18.693,18.143,8.199,0.00192,2569907.0,57921791.0,-0.8155276463872241,18.393
HK.01099,国药控股,2021-07-19 00:00:00,17.993,18.293,18.443,17.693,8.217,0.00339,4551656.0,102109118.0,0.2740777284437906,18.243
HK.01099,国药控股,2021-07-20 00:00:00,18.093,17.993,18.643,17.743,8.108,0.00289,3881044.0,86429670.0,-1.6399715738260576,18.293
HK.01099,国药控股,2021-07-21 00:00:00,17.793,18.043,18.393,17.743,8.126,0.00272,3644442.0,81098814.0,0.2778858444950854,17.993
HK.01099,国药控股,2021-07-22 00:00:00,17.993,18.043,18.293,17.743,8.126,0.00245,3289243.0,73039126.0,0.0,18.043
HK.01099,国药控股,2021-07-23 00:00:00,17.943,17.743,18.243,17.693,8.017,0.003,4028592.0,89157282.0,-1.6626946738347321,18.043
HK.01099,国药控股,2021-07-26 00:00:00,17.443,17.443,17.593,17.093,7.908,0.00427,5728433.0,124427430.0,-1.6908076424505278,17.743
HK.01099,国药控股,2021-07-27 00:00:00,17.443,15.943,17.443,15.603,7.361,0.00724,9719756.0,197748279.0,-8.599438170039567,17.443
HK.01099,国药控股,2021-07-28 00:00:00,15.893,16.493,16.543,15.223,7.561,0.00435,5843472.0,119611614.0,3.4497898764347923,15.943
HK.01099,国药控股,2021-07-29 00:00:00,16.443,16.493,16.793,16.193,7.561,0.00571,7655501.0,158304992.0,0.0,16.493
HK.01099,国药控股,2021-07-30 00:00:00,16.143,16.143,16.243,15.643,7.434,0.00553,7425390.0,150139311.0,-2.1221124113260044,16.493
HK.01099,国药控股,2021-08-02 00:00:00,16.193,16.493,16.843,16.143,7.561,0.00324,4350817.0,89751630.0,2.1681224059963937,16.143
HK.01099,国药控股,2021-08-03 00:00:00,16.743,16.943,17.243,16.543,7.725,0.00419,5625179.0,118880521.0,2.728430243133468,16.493
HK.01099,国药控股,2021-08-04 00:00:00,17.143,17.143,17.493,16.643,7.798,0.0045,6043842.0,128860993.0,1.1804284955438782,16.943
HK.01099,国药控股,2021-08-05 00:00:00,17.293,16.543,18.143,16.393,7.58,0.00629,8433720.0,180211907.0,-3.499970833576395,17.143
HK.01099,国药控股,2021-08-06 00:00:00,16.543,16.643,17.093,16.343,7.616,0.003,4026067.0,84345529.0,0.6044852807834216,16.543
HK.01099,国药控股,2021-08-09 00:00:00,17.193,16.593,17.193,16.393,7.598,0.00167,2242397.0,46941598.0,-0.30042660578021213,16.643
HK.01099,国药控股,2021-08-10 00:00:00,16.443,16.993,16.993,16.343,7.744,0.00193,2593400.0,54633932.0,2.4106550955221997,16.593
HK.01099,国药控股,2021-08-11 00:00:00,16.943,17.093,17.343,16.743,7.78,0.00222,2974440.0,63153915.0,0.5884776084270077,16.993
HK.01099,国药控股,2021-08-12 00:00:00,17.243,16.993,17.243,16.793,7.744,0.00251,3366772.0,71425697.0,-0.5850348095711778,17.093
HK.01099,国药控股,2021-08-13 00:00:00,16.993,16.893,17.193,16.643,7.707,0.00189,2541520.0,53734548.0,-0.5884776084269868,16.993
HK.01099,国药控股,2021-08-16 00:00:00,16.893,17.943,17.993,16.643,8.09,0.00621,8338277.0,182516103.0,6.215592257147935,16.893
HK.01099,国药控股,2021-08-17 00:00:00,17.743,17.493,18.093,17.343,7.926,0.00554,7436024.0,162998449.0,-2.50794181574989,17.943
HK.01099,国药控股,2021-08-18 00:00:00,18.243,17.343,18.243,17.093,7.871,0.00221,2965806.0,64240532.0,-0.8574858514834425,17.493
HK.01099,国药控股,2021-08-19 00:00:00,17.943,16.843,17.943,16.743,7.689,0.0034,4565081.0,97156408.0,-2.88300755347979,17.343
HK.01099,国药控股,2021-08-20 00:00:00,16.843,16.243,17.193,15.993,7.47,0.00548,7357856.0,151355481.0,-3.5623107522412956,16.843
HK.01099,国药控股,2021-08-23 00:00:00,16.243,15.743,16.243,15.663,7.288,0.00658,8834992.0,177411877.0,-3.0782490919165073,16.243
HK.01099,国药控股,2021-08-24 00:00:00,15.943,15.403,16.093,15.263,7.164,0.00732,9827355.0,194737487.0,-2.1596900209616963,15.743
HK.01099,国药控股,2021-08-25 00:00:00,15.403,15.183,15.443,14.743,7.084,0.00519,6962800.0,134511272.0,-1.4282931896383861,15.403
HK.01099,国药控股,2021-08-26 00:00:00,15.183,14.823,15.183,14.623,6.953,0.00361,4837500.0,92015626.0,-2.371072910491994,15.183
HK.01099,国药控股,2021-08-27 00:00:00,14.843,14.723,15.063,14.643,6.916,0.00278,3733373.0,70976132.0,-0.6746272684341876,14.823
HK.01099,国药控股,2021-08-30 00:00:00,14.743,14.923,15.063,14.563,6.989,0.00322,4316764.0,82402710.0,1.3584188005161943,14.723
HK.01099,国药控股,2021-08-31 00:00:00,14.823,15.723,16.143,14.823,7.281,0.00759,10182572.0,202120898.0,5.360852375527713,14.923
HK.01099,国药控股,2021-09-01 00:00:00,16.143,16.043,16.293,15.583,7.397,0.00411,5512900.0,112015250.0,2.0352350060420945,15.723
HK.01099,国药控股,2021-09-02 00:00:00,16.543,16.093,16.693,15.793,7.416,0.0032,4295368.0,87235771.0,0.3116624072804383,16.043
HK.01099,国药控股,2021-09-03 00:00:00,16.393,16.293,16.393,15.893,7.489,0.00254,3404032.0,69614737.0,1.2427763623935828,16.093
HK.01099,国药控股,2021-09-06 00:00:00,16.343,16.843,16.993,16.343,7.689,0.00436,5856401.0,123533820.0,3.375682808568101,16.293
HK.01099,国药控股,2021-09-07 00:00:00,16.943,16.743,17.243,16.543,7.653,0.00146,1953300.0,41151716.0,-0.5937184587068896,16.843
HK.01099,国药控股,2021-09-08 00:00:00,17.193,16.593,17.193,16.343,7.598,0.00326,4369375.0,91097405.0,-0.8958967926894738,16.743
HK.01099,国药控股,2021-09-09 00:00:00,16.943,16.543,17.243,16.293,7.58,0.00326,4372364.0,91043541.0,-0.3013318869402803,16.593
HK.01099,国药控股,2021-09-10 00:00:00,16.943,16.693,16.993,16.393,7.634,0.00215,2882718.0,60122109.0,0.9067279211751322,16.543
HK.01099,国药控股,2021-09-13 00:00:00,16.493,16.493,16.693,16.343,7.561,0.00187,2513491.0,52116968.0,-1.198106990954309,16.693
HK.01099,国药控股,2021-09-14 00:00:00,16.293,16.793,16.943,16.293,7.671,0.00257,3442319.0,72136638.0,1.8189534954223048,16.493
HK.01099,国药控股,2021-09-15 00:00:00,16.693,16.293,16.743,16.143,7.489,0.00244,3275615.0,67536772.0,-2.9774310724706723,16.793
HK.01099,国药控股,2021-09-16 00:00:00,15.993,15.893,16.293,15.603,7.343,0.00365,4899534.0,98234503.0,-2.455042042594971,16.293
HK.01099,国药控股,2021-09-17 00:00:00,15.843,16.293,16.293,15.543,7.489,0.00415,5564566.0,113668409.0,2.51683130938148,15.893
HK.01099,国药控股,2021-09-20 00:00:00,16.343,16.043,16.893,15.683,7.397,0.00349,4679000.0,94447546.0,-1.5344012766218622,16.293
HK.01099,国药控股,2021-09-21 00:00:00,15.703,16.543,16.643,15.703,7.58,0.00186,2492705.0,51389281.0,3.1166240728043384,16.043
HK.01099,国药控股,2021-09-23 00:00:00,16.743,16.443,16.743,16.143,7.543,0.00288,3870398.0,80277940.0,-0.6044852807834001,16.543
HK.01099,国药控股,2021-09-24 00:00:00,16.443,15.993,16.543,15.843,7.379,0.00309,4152000.0,85083742.0,-2.7367268746579154,16.443
HK.01099,国药控股,2021-09-27 00:00:00,15.943,15.893,16.143,15.743,7.343,0.00229,3069051.0,61856620.0,-0.6252735571812645,15.993
HK.01099,国药控股,2021-09-28 00:00:00,15.893,15.993,16.143,15.503,7.379,0.00294,3938652.0,79505039.0,0.62920782734537,15.893
HK.01099,国药控股,2021-09-29 00:00:00,15.993,16.143,16.343,15.793,7.434,0.00392,5258040.0,107227160.0,0.9379103357719024,15.993
HK.01099,国药控股,2021-09-30 00:00:00,15.993,16.043,16.293,15.943,7.397,0.00286,3837014.0,77976931.0,-0.6194635445704108,16.143
HK.01099,国药控股,2021-10-04 00:00:00,15.793,15.943,16.093,15.463,7.361,0.00375,5033284.0,101243979.0,-0.6233248145608655,16.043
HK.01099,国药控股,2021-10-05 00:00:00,15.893,15.993,16.143,15.543,7.379,0.00333,4462093.0,89769092.0,0.3136172614940771,15.943
HK.01099,国药控股,2021-10-06 00:00:00,16.243,15.793,16.393,15.663,7.306,0.00145,1945528.0,39083577.0,-1.2505471143625402,15.993
HK.01099,国药控股,2021-10-07 00:00:00,15.893,16.493,16.593,15.843,7.561,0.00313,4205529.0,86663099.0,4.432343443297659,15.793
HK.01099,国药控股,2021-10-08 00:00:00,16.493,16.493,17.043,16.393,7.561,0.00287,3851571.0,80688913.0,0.0,16.493
HK.01099,国药控股,2021-10-11 00:00:00,16.593,16.743,16.943,16.443,7.653,0.00162,2171497.0,45441976.0,1.5157945795185839,16.493
HK.01099,国药控股,2021-10-12 00:00:00,16.293,16.243,16.543,15.993,7.47,0.00256,3438791.0,70497994.0,-2.986322642298274,16.743
HK.01099,国药控股,2021-10-15 00:00:00,16.293,16.693,16.743,15.723,7.634,0.0036,4826215.0,99523935.0,2.770424182724884,16.243
HK.01099,国药控股,2021-10-18 00:00:00,16.593,17.193,17.393,16.543,7.817,0.00485,6501630.0,138686772.0,2.99526747738573,16.693
HK.01099,国药控股,2021-10-19 00:00:00,17.243,17.443,17.493,17.193,7.908,0.00229,3067853.0,66139266.0,1.454080148897807,17.193
HK.01099,国药控股,2021-10-20 00:00:00,17.943,17.443,17.943,16.943,7.908,0.00748,10040494.0,216938103.0,0.0,17.443
HK.01099,国药控股,2021-10-21 00:00:00,17.543,17.093,17.543,16.993,7.78,0.00142,1906852.0,40810180.0,-2.006535573009238,17.443
HK.01099,国药控股,2021-10-22 00:00:00,16.943,16.743,17.343,16.593,7.653,0.0058,7787259.0,164913623.0,-2.0476218334991017,17.093
HK.01099,国药控股,2021-10-25 00:00:00,16.993,15.563,16.993,15.503,7.223,0.00688,9230497.0,186300667.0,-7.047721435823914,16.743
HK.01099,国药控股,2021-10-26 00:00:00,15.543,14.783,15.683,14.503,6.938,0.00944,12673248.0,242511383.0,-5.011887168283757,15.563
HK.01099,国药控股,2021-10-27 00:00:00,14.783,14.343,14.823,14.343,6.778,0.00459,6161317.0,115246172.0,-2.9763918013934894,14.783
HK.01099,国药控股,2021-10-28 00:00:00,14.323,14.203,14.423,14.123,6.727,0.00313,4201174.0,77651555.0,-0.9760858955588132,14.343
HK.01099,国药控股,2021-10-29 00:00:00,14.143,14.303,14.343,14.003,6.763,0.00323,4329556.0,80103109.0,0.7040766035344745,14.203
HK.01099,国药控股,2021-11-01 00:00:00,14.743,14.303,14.743,14.163,6.763,0.00271,3642761.0,67560102.0,0.0,14.303
HK.01099,国药控股,2021-11-02 00:00:00,14.343,13.903,14.443,13.823,6.618,0.00529,7093901.0,129450335.0,-2.796616094525626,14.303
HK.01099,国药控股,2021-11-03 00:00:00,13.843,13.583,14.123,13.523,6.501,0.00417,5597687.0,100267854.0,-2.3016615119039074,13.903
HK.01099,国药控股,2021-11-04 00:00:00,13.663,13.503,14.123,13.263,6.472,0.0049,6575115.0,116775874.0,-0.5889715085032766,13.583
HK.01099,国药控股,2021-11-05 00:00:00,13.183,13.383,13.543,13.183,6.428,0.00327,4387812.0,77275034.0,-0.888691401910694,13.503
HK.01099,国药控股,2021-11-08 00:00:00,13.183,13.383,13.523,13.143,6.428,0.00326,4373200.0,76910891.0,0.0,13.383
HK.01099,国药控股,2021-11-09 00:00:00,13.183,13.463,13.503,13.063,6.457,0.00342,4595657.0,80604610.0,0.5977732944780698,13.383
HK.01099,国药控股,2021-11-10 00:00:00,13.323,13.663,13.723,13.103,6.53,0.00686,9207149.0,162331783.0,1.4855529971031796,13.463
HK.01099,国药控股,2021-11-11 00:00:00,13.623,13.663,13.763,13.243,6.53,0.00311,4174826.0,74478968.0,0.0,13.663
HK.01099,国药控股,2021-11-12 00:00:00,13.843,13.643,13.963,13.523,6.523,0.00282,3784350.0,67794671.0,-0.14638073629510046,13.663
HK.01099,国药控股,2021-11-15 00:00:00,13.643,13.503,13.743,13.423,6.472,0.0019,2547970.0,45311990.0,-1.0261672652642422,13.643
HK.01099,国药控股,2021-11-16 00:00:00,13.663,13.743,13.903,13.323,6.559,0.00427,5723035.0,102225492.0,1.7773828038213746,13.503
HK.01099,国药控股,2021-11-17 00:00:00,13.943,14.043,14.123,13.683,6.669,0.00364,4877547.0,88727856.0,2.1829294913774206,13.743
HK.01099,国药控股,2021-11-18 00:00:00,14.043,13.763,14.043,13.583,6.567,0.00223,2987963.0,53778534.0,-1.9938759524318121,14.043
HK.01099,国药控股,2021-11-19 00:00:00,13.243,14.023,14.183,13.243,6.661,0.0039,5236360.0,94713178.0,1.8891230109714436,13.763
HK.01099,国药控股,2021-11-22 00:00:00,14.623,13.983,14.623,13.923,6.647,0.00255,3426520.0,62911601.0,-0.2852456678314137,14.023
HK.01099,国药控股,2021-11-23 00:00:00,13.983,14.103,14.163,13.823,6.69,0.00137,1832707.0,33589724.0,0.8581849388543175,13.983
HK.01099,国药控股,2021-11-24 00:00:00,14.163,14.103,14.223,13.983,6.69,0.00117,1568189.0,28804954.0,0.0,14.103
HK.01099,国药控股,2021-11-25 00:00:00,13.743,14.243,14.303,13.703,6.741,0.00254,3402045.0,62278787.0,0.9926965893781505,14.103
HK.01099,国药控股,2021-11-26 00:00:00,14.243,14.143,14.343,13.983,6.705,0.0014,1876890.0,34567000.0,-0.7020992768377423,14.243
HK.01099,国药控股,2021-11-29 00:00:00,14.263,14.083,14.403,14.023,6.683,0.00164,2200247.0,40455887.0,-0.42423813900870033,14.143
HK.01099,国药控股,2021-11-30 00:00:00,13.843,12.683,13.943,12.563,6.173,0.01492,20026031.0,341317525.0,-9.94106369381524,14.083
HK.01099,国药控股,2021-12-01 00:00:00,12.703,12.403,12.743,12.263,6.071,0.00575,7715873.0,129678659.0,-2.207679571079393,12.683
HK.01099,国药控股,2021-12-02 00:00:00,12.263,12.482999999,12.603,12.142999999,6.1,0.00351,4715246.0,78759949.0,0.6450052326050149,12.403
HK.01099,国药控股,2021-12-03 00:00:00,12.482999999,13.063,13.363,12.403,6.311,0.00499,6691247.0,114811259.0,4.646319002214719,12.482999999
HK.01099,国药控股,2021-12-06 00:00:00,12.743,12.642999999,13.283,12.583,6.158,0.00218,2921818.0,49907175.0,-3.2151879430452426,13.063
HK.01099,国药控股,2021-12-07 00:00:00,12.663,13.123,13.243,12.663,6.333,0.00422,5665481.0,97726563.0,3.7965672786361178,12.642999999
HK.01099,国药控股,2021-12-08 00:00:00,12.943,12.963,13.023,12.763,6.275,0.00208,2794400.0,47923123.0,-1.2192334069953528,13.123
HK.01099,国药控股,2021-12-09 00:00:00,13.163,12.822999999,13.163,12.663,6.224,0.00582,7803438.0,133422267.0,-1.0799969220087857,12.963
HK.01099,国药控股,2021-12-10 00:00:00,12.563,12.482999999,12.763,12.343,6.1,0.00547,7336580.0,123472921.0,-2.6514856119980874,12.822999999
HK.01099,国药控股,2021-12-13 00:00:00,12.583,12.343,12.703,12.343,6.049,0.00354,4752898.0,79502700.0,-1.1215252664521007,12.482999999
HK.01099,国药控股,2021-12-14 00:00:00,12.223,12.302999999,12.482999999,12.103,6.034,0.00361,4843107.0,80450881.0,-0.3240703313618993,12.343
HK.01099,国药控股,2021-12-15 00:00:00,12.263,12.122999999,12.443,11.962999999,5.969,0.00341,4576629.0,75348557.0,-1.4630577909016669,12.302999999
HK.01099,国药控股,2021-12-16 00:00:00,11.982999999,12.482999999,12.523,11.982999999,6.1,0.00325,4362961.0,72365260.0,2.969561989851496,12.122999999
HK.01099,国药控股,2021-12-17 00:00:00,12.583,12.302999999,12.723,12.302999999,6.034,0.00288,3863771.0,64317614.0,-1.4419610671667014,12.482999999
HK.01099,国药控股,2021-12-20 00:00:00,12.302999999,12.043,12.302999999,12.003,5.94,0.00297,3990567.0,65424855.0,-2.1133056898409697,12.302999999
HK.01099,国药控股,2021-12-21 00:00:00,12.043,12.243,12.583,12.043,6.013,0.00201,2690338.0,44346625.0,1.660715768496231,12.043
HK.01099,国药控股,2021-12-22 00:00:00,12.243,12.243,12.503,12.122999999,6.013,0.00128,1714211.0,28201292.0,0.0,12.243
HK.01099,国药控股,2021-12-23 00:00:00,12.403,12.403,12.462999999,12.243,6.071,0.00102,1374341.0,22872300.0,1.3068692313975343,12.243
HK.01099,国药控股,2021-12-24 00:00:00,12.363,12.403,12.523,12.363,6.071,0.00051,690310.0,11526202.0,0.0,12.403
HK.01099,国药控股,2021-12-28 00:00:00,12.543,12.583,12.983,12.443,6.137,0.00302,4057765.0,68672846.0,1.4512617915020536,12.403
HK.01099,国药控股,2021-12-29 00:00:00,12.663,12.663,12.723,12.462999999,6.166,0.00076,1014079.0,17069820.0,0.6357784312167216,12.583
HK.01099,国药控股,2021-12-30 00:00:00,12.663,12.443,12.703,12.403,6.086,0.001,1348013.0,22604288.0,-1.7373450209271155,12.663
HK.01099,国药控股,2021-12-31 00:00:00,12.462999999,12.703,12.843,12.462999999,6.18,0.00139,1868200.0,31766356.0,2.0895282488145925,12.443
HK.01099,国药控股,2022-01-03 00:00:00,12.703,13.143,13.243,12.703,6.341,0.00233,3128400.0,54295058.0,3.46374872077463,12.703
HK.01099,国药控股,2022-01-04 00:00:00,13.243,13.623,13.903,13.183,6.516,0.00414,5559468.0,99619895.0,3.6521342159324255,13.143
HK.01099,国药控股,2022-01-05 00:00:00,13.703,13.563,13.963,13.443,6.494,0.00355,4767355.0,85588711.0,-0.4404316229905214,13.623
HK.01099,国药控股,2022-01-06 00:00:00,13.463,13.423,13.723,13.143,6.443,0.00323,4339285.0,76252929.0,-1.0322200103222041,13.563
HK.01099,国药控股,2022-01-07 00:00:00,13.423,13.443,13.463,13.043,6.45,0.00347,4662581.0,81897753.0,0.1489979885271517,13.423
HK.01099,国药控股,2022-01-10 00:00:00,13.443,13.823,13.963,13.303,6.588,0.00281,3775290.0,68023130.0,2.8267499814029664,13.443
HK.01099,国药控股,2022-01-11 00:00:00,13.883,13.983,14.383,13.763,6.647,0.00498,6682079.0,122797862.0,1.157491137958476,13.823
HK.01099,国药控股,2022-01-12 00:00:00,14.003,14.043,14.083,13.683,6.669,0.0036,4836362.0,87703313.0,0.4290924694271524,13.983
HK.01099,国药控股,2022-01-13 00:00:00,14.123,14.043,14.123,13.863,6.669,0.00232,3111977.0,56800940.0,0.0,14.043
HK.01099,国药控股,2022-01-14 00:00:00,13.843,14.043,14.163,13.583,6.669,0.00279,3742400.0,68215832.0,0.0,14.043
HK.01099,国药控股,2022-01-17 00:00:00,14.163,14.083,14.163,13.883,6.683,0.00154,2066764.0,37823909.0,0.2848394217759804,14.043
HK.01099,国药控股,2022-01-18 00:00:00,14.323,14.143,14.323,14.043,6.705,0.00287,3852954.0,70946519.0,0.4260455868777995,14.083
HK.01099,国药控股,2022-01-19 00:00:00,14.203,14.243,14.323,14.083,6.741,0.00279,3742183.0,69104461.0,0.7070635650144923,14.143
HK.01099,国药控股,2022-01-20 00:00:00,14.443,14.083,14.443,13.883,6.683,0.00351,4708275.0,86206358.0,-1.123358842940393,14.243
HK.01099,国药控股,2022-01-21 00:00:00,14.083,14.363,14.423,14.043,6.785,0.00395,5298685.0,98046107.0,1.988212738763043,14.083
HK.01099,国药控股,2022-01-24 00:00:00,14.343,14.383,14.423,13.983,6.793,0.00337,4525649.0,84142423.0,0.1392466754856198,14.363
HK.01099,国药控股,2022-01-25 00:00:00,14.263,14.043,14.423,13.823,6.669,0.00446,5979772.0,110065772.0,-2.36390182854759,14.383
HK.01099,国药控股,2022-01-26 00:00:00,13.883,13.103,14.043,12.883,6.326,0.00583,7823557.0,136931822.0,-6.693726411735381,14.043
HK.01099,国药控股,2022-01-27 00:00:00,13.063,12.763,13.063,12.523,6.202,0.00503,6752612.0,113934781.0,-2.594825612455162,13.103
HK.01099,国药控股,2022-01-28 00:00:00,12.763,12.883,12.983,12.543,6.246,0.00276,3698200.0,63101952.0,0.9402178171276284,12.763
HK.01099,国药控股,2022-01-31 00:00:00,13.043,13.123,13.363,12.802999999,6.333,0.00228,3060700.0,53307624.0,1.8629201272995437,12.883
HK.01099,国药控股,2022-02-04 00:00:00,13.643,13.803,13.883,13.303,6.581,0.00284,3806823.0,68597527.0,5.181741979730256,13.123
HK.01099,国药控股,2022-02-07 00:00:00,13.763,13.983,14.243,13.743,6.647,0.00237,3181007.0,58115910.0,1.3040643338404674,13.803
HK.01099,国药控股,2022-02-08 00:00:00,14.143,14.203,14.243,14.023,6.727,0.00265,3557558.0,65467187.0,1.573339054566251,13.983
HK.01099,国药控股,2022-02-09 00:00:00,14.263,14.543,14.543,14.083,6.851,0.00249,3339800.0,62241396.0,2.3938604520171785,14.203
HK.01099,国药控股,2022-02-10 00:00:00,14.623,14.843,14.943,14.623,6.96,0.00249,3335236.0,63649418.0,2.062848105617828,14.543
HK.01099,国药控股,2022-02-11 00:00:00,14.743,14.743,14.923,14.483,6.924,0.00285,3829300.0,72637054.0,-0.6737182510274179,14.843
HK.01099,国药控股,2022-02-14 00:00:00,14.743,14.963,15.003,14.463,7.004,0.00328,4407218.0,84362156.0,1.492233602387566,14.743
HK.01099,国药控股,2022-02-15 00:00:00,14.603,14.983,15.263,14.603,7.011,0.00269,3606156.0,69346434.0,0.13366303548754493,14.963
HK.01099,国药控股,2022-02-16 00:00:00,15.143,15.323,15.343,14.983,7.135,0.00274,3682935.0,71803885.0,2.2692384702663007,14.983
HK.01099,国药控股,2022-02-17 00:00:00,15.243,14.863,15.263,14.623,6.967,0.00247,3314575.0,63261374.0,-3.0020231025256203,15.323
HK.01099,国药控股,2022-02-18 00:00:00,14.863,15.503,15.643,14.743,7.201,0.0053,7108981.0,140111112.0,4.3059947520689,14.863
HK.01099,国药控股,2022-02-21 00:00:00,15.443,15.383,15.443,15.283,7.157,0.00122,1641996.0,32206342.0,-0.7740437334709476,15.503
HK.01099,国药控股,2022-02-22 00:00:00,15.083,15.483,15.483,14.843,7.193,0.00212,2847100.0,55527124.0,0.6500682571670118,15.383
HK.01099,国药控股,2022-02-23 00:00:00,15.483,15.483,15.623,15.283,7.193,0.00161,2156918.0,42527197.0,0.0,15.483
HK.01099,国药控股,2022-02-24 00:00:00,15.283,14.823,15.403,14.623,6.953,0.00401,5381016.0,103669794.0,-4.262739779112576,15.483
HK.01099,国药控股,2022-02-25 00:00:00,14.643,14.603,14.743,14.303,6.873,0.00173,2316459.0,43527451.0,-1.4841799905552224,14.823
HK.01099,国药控股,2022-02-28 00:00:00,14.643,14.623,14.823,14.263,6.88,0.00423,5678640.0,106746403.0,0.13695815928233632,14.603
HK.01099,国药控股,2022-03-01 00:00:00,14.623,14.743,14.803,14.363,6.924,0.00188,2521068.0,47795735.0,0.8206250427408945,14.623
HK.01099,国药控股,2022-03-02 00:00:00,15.263,14.443,15.263,14.263,6.814,0.00219,2932475.0,55508935.0,-2.034864003255787,14.743
HK.01099,国药控股,2022-03-03 00:00:00,14.443,14.563,14.903,14.423,6.858,0.00188,2526555.0,47703043.0,0.8308523160008378,14.443
HK.01099,国药控股,2022-03-04 00:00:00,14.243,14.683,14.843,14.023,6.902,0.00265,3557196.0,67288564.0,0.8240060427109746,14.563
HK.01099,国药控股,2022-03-07 00:00:00,14.363,13.963,14.423,13.783,6.639,0.00185,2487601.0,45359825.0,-4.903630048355245,14.683
HK.01099,国药控股,2022-03-08 00:00:00,13.783,13.703,14.283,13.583,6.545,0.00348,4665742.0,84414141.0,-1.8620640263553663,13.963
HK.01099,国药控股,2022-03-09 00:00:00,13.663,13.723,13.883,13.343,6.552,0.00361,4849549.0,86547248.0,0.14595344085237794,13.703
HK.01099,国药控股,2022-03-10 00:00:00,14.143,14.263,14.343,13.863,6.749,0.00289,3877052.0,71362745.0,3.9349996356481753,13.723
HK.01099,国药控股,2022-03-11 00:00:00,13.443,13.743,13.883,13.343,6.559,0.00322,4326151.0,77538799.0,-3.64579681693893,14.263
HK.01099,国药控股,2022-03-14 00:00:00,13.583,13.323,13.863,13.183,6.406,0.00331,4440081.0,78675736.0,-3.0561012879283993,13.743
HK.01099,国药控股,2022-03-15 00:00:00,13.483,12.462999999,13.483,12.142999999,6.093,0.00668,8969506.0,151050794.0,-6.455002634541766,13.323
HK.01099,国药控股,2022-03-16 00:00:00,12.462999999,13.443,13.643,12.363,6.45,0.00755,10125363.0,176223120.0,7.863275303527492,12.462999999
HK.01099,国药控股,2022-03-17 00:00:00,14.343,14.383,14.483,13.563,6.793,0.00792,10630940.0,195439516.0,6.992486796102057,13.443
HK.01099,国药控股,2022-03-18 00:00:00,14.243,13.743,14.523,13.383,6.578,0.01099,14751988.0,266230881.0,-4.449697559618986,14.383
HK.01099,国药控股,2022-03-21 00:00:00,13.983,13.743,14.323,13.223,6.578,0.01018,13657782.0,244597060.0,0.0,13.743
HK.01099,国药控股,2022-03-22 00:00:00,14.003,13.843,14.303,13.383,5.951,0.00501,6719289.0,121099717.0,0.7276431637924735,13.743
HK.01099,国药控股,2022-03-23 00:00:00,13.703,13.823,13.863,13.443,5.945,0.00682,9152780.0,164384158.0,-0.14447735317488675,13.843
HK.01099,国药控股,2022-03-24 00:00:00,13.823,14.023,14.063,13.483,6.011,0.00439,5887910.0,106855784.0,1.4468639224480886,13.823
HK.01099,国药控股,2022-03-25 00:00:00,13.843,13.563,14.023,13.483,5.859,0.00364,4886243.0,87772129.0,-3.2803251800613213,14.023
HK.01099,国药控股,2022-03-28 00:00:00,13.603,13.543,13.703,13.123,5.853,0.0016,2149000.0,38160031.0,-0.14746000147460997,13.563
HK.01099,国药控股,2022-03-29 00:00:00,13.623,13.783,13.943,13.523,5.932,0.00279,3738342.0,67377465.0,1.7721332053459369,13.543
HK.01099,国药控股,2022-03-30 00:00:00,13.783,13.923,14.103,13.743,5.978,0.00261,3501343.0,63727276.0,1.0157440325038132,13.783
HK.01099,国药控股,2022-03-31 00:00:00,13.903,13.623,14.043,13.503,5.879,0.00224,3001169.0,53745687.0,-2.1547080370609835,13.923
HK.01099,国药控股,2022-04-01 00:00:00,13.443,13.663,13.683,13.223,5.892,0.00122,1631913.0,29049190.0,0.29362108199369397,13.623
HK.01099,国药控股,2022-04-04 00:00:00,13.743,14.203,14.243,13.743,6.07,0.0016,2142892.0,39389981.0,3.9522798799677896,13.663
HK.01099,国药控股,2022-04-06 00:00:00,14.043,13.963,14.343,13.803,5.991,0.00353,4740399.0,86997505.0,-1.6897838484827166,14.203
HK.01099,国药控股,2022-04-07 00:00:00,13.723,13.423,13.803,13.383,5.813,0.00362,4862235.0,86454905.0,-3.867363747045758,13.963
HK.01099,国药控股,2022-04-08 00:00:00,13.603,13.643,13.723,13.323,5.886,0.00227,3049167.0,54315764.0,1.6389778737987086,13.423
HK.01099,国药控股,2022-04-11 00:00:00,13.883,13.423,13.883,13.283,5.813,0.00466,6249516.0,110837936.0,-1.6125485597009503,13.643
HK.01099,国药控股,2022-04-12 00:00:00,13.423,13.183,13.583,13.063,5.734,0.00523,7019438.0,122681495.0,-1.7879758623258604,13.423
HK.01099,国药控股,2022-04-13 00:00:00,13.143,13.203,13.263,12.943,5.741,0.00202,2705747.0,47024279.0,0.15171053629674258,13.183
HK.01099,国药控股,2022-04-14 00:00:00,13.103,13.383,13.443,13.103,5.8,0.00131,1757984.0,30876588.0,1.3633265167007478,13.203
HK.01099,国药控股,2022-04-19 00:00:00,13.263,13.163,13.403,13.083,5.728,0.00225,3013000.0,52464652.0,-1.6438765598146818,13.383
HK.01099,国药控股,2022-04-20 00:00:00,13.143,12.963,13.203,12.943,5.662,0.00355,4756956.0,82056397.0,-1.5194104687381378,13.163
HK.01099,国药控股,2022-04-21 00:00:00,12.843,12.723,12.943,12.443,5.583,0.00466,6256692.0,106024251.0,-1.8514232816477547,12.963
HK.01099,国药控股,2022-04-22 00:00:00,12.723,12.763,12.943,12.403,5.596,0.00303,4061619.0,68681996.0,0.3143912599229674,12.723
HK.01099,国药控股,2022-04-25 00:00:00,12.563,12.622999999,12.763,12.403,5.55,0.00499,6697413.0,112339481.0,-1.0969207944840604,12.763
HK.01099,国药控股,2022-04-26 00:00:00,12.583,13.003,13.523,12.523,5.675,0.00627,8407579.0,145212512.0,3.010377889805155,12.622999999
HK.01099,国药控股,2022-04-27 00:00:00,12.923,12.883,13.203,12.743,5.636,0.00278,3731776.0,63999661.0,-0.9228639544720526,13.003
HK.01099,国药控股,2022-04-28 00:00:00,13.343,13.803,13.823,13.023,5.938,0.00513,6884129.0,123198564.0,7.141193821314924,12.883
HK.01099,国药控股,2022-04-29 00:00:00,13.843,13.903,13.983,13.543,5.971,0.00429,5760030.0,103896240.0,0.7244801854669249,13.803
HK.01099,国药控股,2022-05-03 00:00:00,13.643,13.903,14.043,13.483,5.971,0.00183,2451261.0,44431836.0,0.0,13.903
HK.01099,国药控股,2022-05-04 00:00:00,13.723,13.903,14.003,13.723,5.971,0.00107,1432989.0,26003405.0,0.0,13.903
HK.01099,国药控股,2022-05-05 00:00:00,13.963,13.643,14.043,13.523,5.886,0.00242,3251955.0,58613109.0,-1.8700999784219217,13.903
HK.01099,国药控股,2022-05-06 00:00:00,13.543,13.423,13.623,13.103,5.813,0.0026,3489850.0,61485830.0,-1.6125485597009503,13.643
HK.01099,国药控股,2022-05-10 00:00:00,13.123,13.783,13.923,13.123,5.932,0.00607,8143752.0,145982528.0,2.6819637934887837,13.423
HK.01099,国药控股,2022-05-11 00:00:00,13.863,13.823,14.183,13.603,5.945,0.0026,3495102.0,63536541.0,0.2902125807153807,13.783
HK.01099,国药控股,2022-05-12 00:00:00,13.943,13.843,14.123,13.643,5.951,0.00242,3244475.0,58881434.0,0.14468639224480628,13.823
HK.01099,国药控股,2022-05-13 00:00:00,13.743,13.863,13.923,13.743,5.958,0.00224,3003959.0,54308289.0,0.14447735317488675,13.843
HK.01099,国药控股,2022-05-16 00:00:00,13.763,13.903,13.963,13.763,5.971,0.00112,1502780.0,27234363.0,0.2885378345235586,13.863
HK.01099,国药控股,2022-05-17 00:00:00,14.043,14.243,14.263,13.703,6.083,0.00249,3342840.0,61589823.0,2.4455153563978986,13.903
HK.01099,国药控股,2022-05-18 00:00:00,14.243,14.183,14.303,14.023,6.063,0.00293,3928828.0,72468486.0,-0.42125956610265036,14.243
HK.01099,国药控股,2022-05-19 00:00:00,14.123,14.203,14.223,13.843,6.07,0.00227,3048604.0,56050135.0,0.141013889868149,14.183
HK.01099,国药控股,2022-05-20 00:00:00,14.243,14.823,15.203,14.143,6.274,0.00669,8976396.0,171136230.0,4.365274941913688,14.203
HK.01099,国药控股,2022-05-23 00:00:00,14.843,14.823,15.023,14.543,6.274,0.00186,2499544.0,47536351.0,0.0,14.823
HK.01099,国药控股,2022-05-24 00:00:00,14.823,14.483,14.823,14.363,6.162,0.00245,3283734.0,61717261.0,-2.2937327126762455,14.823
HK.01099,国药控股,2022-05-25 00:00:00,14.663,14.903,15.063,14.463,6.3,0.00326,4368866.0,83333255.0,2.8999516674722083,14.483
HK.01099,国药控股,2022-05-26 00:00:00,14.863,14.943,15.023,14.603,6.313,0.00303,4063642.0,77684710.0,0.26840233510030964,14.903
HK.01099,国药控股,2022-05-27 00:00:00,15.043,14.863,15.243,14.723,6.287,0.00316,4239468.0,81511814.0,-0.535367730710032,14.943
HK.01099,国药控股,2022-05-30 00:00:00,14.743,15.123,15.243,14.743,6.372,0.00241,3237121.0,62465069.0,1.7493103680279878,14.863
HK.01099,国药控股,2022-05-31 00:00:00,14.743,15.203,15.203,13.743,6.399,0.00843,11316398.0,219663916.0,0.5289955696621046,15.123
HK.01099,国药控股,2022-06-01 00:00:00,15.243,14.983,15.243,14.843,6.326,0.00314,4215396.0,81398411.0,-1.4470828126027684,15.203
HK.01099,国药控股,2022-06-02 00:00:00,14.763,14.263,14.983,14.143,6.09,0.00363,4869085.0,90520475.0,-4.805446172328643,14.983
HK.01099,国药控股,2022-06-06 00:00:00,13.923,13.923,14.043,13.763,5.978,0.00442,5928174.0,108117589.0,-2.3837902264600705,14.263
HK.01099,国药控股,2022-06-07 00:00:00,13.883,14.043,14.063,13.823,6.017,0.00186,2498065.0,45570841.0,0.8618832148243857,13.923
HK.01099,国药控股,2022-06-08 00:00:00,14.223,14.483,14.623,13.883,6.162,0.00506,6784414.0,125348632.0,3.133233639535721,14.043
HK.01099,国药控股,2022-06-09 00:00:00,14.403,14.103,14.463,13.983,6.037,0.00304,4084881.0,75076683.0,-2.6237657943796227,14.483
HK.01099,国药控股,2022-06-10 00:00:00,13.883,14.123,14.323,13.783,6.044,0.00302,4049668.0,74193448.0,0.14181379848258935,14.103
HK.01099,国药控股,2022-06-13 00:00:00,14.103,13.903,14.103,13.783,5.971,0.00212,2840330.0,51601006.0,-1.5577426892303257,14.123
HK.01099,国药控股,2022-06-14 00:00:00,13.543,14.103,14.183,13.463,6.037,0.00336,4506646.0,81910741.0,1.4385384449399359,13.903
HK.01099,国药控股,2022-06-15 00:00:00,13.743,14.003,14.123,13.743,6.004,0.00283,3795990.0,69316626.0,-0.7090689924129593,14.103
HK.01099,国药控股,2022-06-16 00:00:00,13.843,13.703,13.963,13.643,5.905,0.00349,4679465.0,84394779.0,-2.1423980575590993,14.003
HK.01099,国药控股,2022-06-17 00:00:00,13.623,14.103,14.223,13.563,6.037,0.00363,4870000.0,89138920.0,2.9190688170473647,13.703
HK.01099,国药控股,2022-06-20 00:00:00,14.043,14.363,14.483,13.963,6.122,0.00242,3247915.0,60169841.0,1.843579380273699,14.103
HK.01099,国药控股,2022-06-21 00:00:00,14.103,14.803,14.863,14.103,6.267,0.0028,3756496.0,70953080.0,3.06342686068371,14.363
HK.01099,国药控股,2022-06-22 00:00:00,14.843,14.863,15.043,14.783,6.287,0.00449,6023610.0,115648762.0,0.40532324528810865,14.803
HK.01099,国药控股,2022-06-23 00:00:00,14.903,14.943,15.043,14.563,6.313,0.00287,3854462.0,73767582.0,0.5382493440086125,14.863
HK.01099,国药控股,2022-06-24 00:00:00,14.663,15.103,15.123,14.643,6.366,0.00409,5491353.0,105693345.0,1.070735461420064,14.943
HK.01099,国药控股,2022-06-27 00:00:00,15.295,15.155,15.495,14.995,6.096,0.00314,4207936.0,78183160.0,0.34430245646560026,15.103
HK.01099,国药控股,2022-06-28 00:00:00,15.155,15.635,15.655,14.915,6.254,0.00337,4523700.0,85133116.0,3.1672715275486665,15.155
HK.01099,国药控股,2022-06-29 00:00:00,15.655,15.595,15.835,15.295,6.241,0.00339,4548944.0,86173092.0,-0.2558362647905286,15.635
HK.01099,国药控股,2022-06-30 00:00:00,15.595,15.635,15.735,15.235,6.254,0.00302,4046178.0,76867027.0,0.2564924655338195,15.595
HK.01099,国药控股,2022-07-04 00:00:00,15.555,15.935,15.955,15.515,6.353,0.00209,2802965.0,53952958.0,1.91877198592901,15.635
HK.01099,国药控股,2022-07-05 00:00:00,15.935,16.175,16.215,15.915,6.432,0.00255,3418791.0,66585339.0,1.50611860684029,15.935
HK.01099,国药控股,2022-07-06 00:00:00,16.115,16.015,16.395,15.715,6.379,0.00237,3178114.0,61551993.0,-0.9891808346213301,16.175
HK.01099,国药控股,2022-07-07 00:00:00,16.215,15.995,16.215,15.755,6.372,0.00226,3034277.0,58685014.0,-0.12488292226038931,16.015
HK.01099,国药控股,2022-07-08 00:00:00,15.955,16.335,16.395,15.955,6.484,0.00304,4083604.0,80228270.0,2.1256642700844117,15.995
HK.01099,国药控股,2022-07-11 00:00:00,16.515,16.315,16.555,16.035,6.478,0.00197,2649591.0,52066528.0,-0.12243648607284709,16.335
HK.01099,国药控股,2022-07-12 00:00:00,16.215,15.815,16.455,15.775,6.313,0.00209,2798322.0,54142184.0,-3.064664419246103,16.315
HK.01099,国药控股,2022-07-13 00:00:00,15.815,15.735,16.495,15.595,6.287,0.00289,3872226.0,74443019.0,-0.5058488776478032,15.815
HK.01099,国药控股,2022-07-14 00:00:00,15.615,15.875,16.215,15.615,6.333,0.00169,2271887.0,43723486.0,0.8897362567524664,15.735
HK.01099,国药控股,2022-07-15 00:00:00,15.875,15.275,15.995,15.095,6.136,0.00137,1839600.0,34392694.0,-3.779527559055116,15.875
HK.01099,国药控股,2022-07-18 00:00:00,15.415,15.295,15.415,14.935,6.142,0.00094,1261380.0,23457314.0,0.1309328968903409,15.275
HK.01099,国药控股,2022-07-19 00:00:00,15.295,14.975,15.315,14.935,6.037,0.00222,2979832.0,54827722.0,-2.0921869892121627,15.295
HK.01099,国药控股,2022-07-20 00:00:00,15.055,14.975,15.235,14.875,6.037,0.00143,1915883.0,35294895.0,0.0,14.975
HK.01099,国药控股,2022-07-21 00:00:00,15.015,15.055,15.195,14.895,6.063,0.00191,2556478.0,47140062.0,0.5342237061769621,14.975
HK.01099,国药控股,2022-07-22 00:00:00,15.055,15.035,15.275,14.955,6.057,0.0016,2153200.0,39738753.0,-0.13284623048820707,15.055
HK.01099,国药控股,2022-07-25 00:00:00,15.035,14.555,15.035,14.395,5.899,0.00188,2524556.0,45241213.0,-3.19255071499834,15.035
HK.01099,国药控股,2022-07-26 00:00:00,14.515,14.575,14.775,14.335,5.905,0.0016,2152904.0,38616211.0,0.13740982480247046,14.555
HK.01099,国药控股,2022-07-27 00:00:00,14.475,14.495,14.675,14.335,5.879,0.00305,4095501.0,73093642.0,-0.5488850771869644,14.575
HK.01099,国药控股,2022-07-28 00:00:00,14.535,14.895,14.915,14.535,6.011,0.00203,2725056.0,49595703.0,2.759572266298726,14.495
HK.01099,国药控股,2022-07-29 00:00:00,14.875,14.615,14.915,14.435,5.919,0.0028,3756336.0,67623339.0,-1.8798254447801235,14.895
HK.01099,国药控股,2022-08-01 00:00:00,14.895,14.375,14.895,14.175,5.84,0.00143,1915628.0,34068356.0,-1.642148477591517,14.615
HK.01099,国药控股,2022-08-02 00:00:00,14.295,13.995,14.295,13.735,5.715,0.0021,2822217.0,48995233.0,-2.6434782608695704,14.375
HK.01099,国药控股,2022-08-03 00:00:00,14.015,14.035,14.155,13.755,5.728,0.00388,5210738.0,90586535.0,0.2858163629867876,13.995
HK.01099,国药控股,2022-08-04 00:00:00,14.175,14.155,14.635,14.015,5.767,0.00321,4312350.0,76070310.0,0.8550053437833931,14.035
HK.01099,国药控股,2022-08-05 00:00:00,14.355,14.495,14.615,14.275,5.879,0.00165,2211828.0,39465506.0,2.4019780996114437,14.155
HK.01099,国药控股,2022-08-08 00:00:00,14.395,14.415,14.695,14.335,5.853,0.00145,1950400.0,34776132.0,-0.5519144532597452,14.495
HK.01099,国药控股,2022-08-09 00:00:00,14.495,14.395,14.615,14.275,5.846,0.00137,1832878.0,32660409.0,-0.13874436351022945,14.415
HK.01099,国药控股,2022-08-10 00:00:00,14.375,14.115,14.675,13.915,5.754,0.00299,4008238.0,70265259.0,-1.9451198332754387,14.395
HK.01099,国药控股,2022-08-11 00:00:00,14.535,14.335,14.535,14.055,5.827,0.00146,1952938.0,34531647.0,1.5586255756287681,14.115
HK.01099,国药控股,2022-08-12 00:00:00,14.055,14.255,14.435,13.935,5.8,0.00163,2187547.0,38467055.0,-0.5580746424834326,14.335
HK.01099,国药控股,2022-08-15 00:00:00,14.255,14.015,14.315,13.975,5.721,0.00173,2321408.0,40576561.0,-1.6836197825324462,14.255
HK.01099,国药控股,2022-08-16 00:00:00,13.855,14.015,14.055,13.815,5.721,0.00216,2895893.0,50181225.0,0.0,14.015
HK.01099,国药控股,2022-08-17 00:00:00,14.015,13.535,14.095,13.514999999,5.563,0.00251,3371275.0,57372061.0,-3.4249018908312547,14.015
HK.01099,国药控股,2022-08-18 00:00:00,13.475,13.395,13.494999999,13.275,5.517,0.00257,3452175.0,57830436.0,-1.0343553749538275,13.535
HK.01099,国药控股,2022-08-19 00:00:00,13.395,13.655,13.735,13.255,5.603,0.00218,2922366.0,49567746.0,1.9410227696901812,13.395
HK.01099,国药控股,2022-08-22 00:00:00,13.655,13.715,13.775,13.315,5.623,0.0022,2957061.0,50377018.0,0.43939948736726836,13.655
HK.01099,国药控股,2022-08-23 00:00:00,13.715,14.135,14.175,13.595,5.761,0.00281,3774627.0,65463523.0,3.0623405030987967,13.715
HK.01099,国药控股,2022-08-24 00:00:00,14.375,13.935,14.375,13.715,5.695,0.0021,2820425.0,48774184.0,-1.4149274849663904,14.135
HK.01099,国药控股,2022-08-25 00:00:00,13.674999999,13.975,14.115,13.674999999,5.708,0.00261,3504400.0,60621260.0,0.28704700394689014,13.935
HK.01099,国药控股,2022-08-26 00:00:00,14.235,14.235,14.415,14.075,5.794,0.00225,3023110.0,53196062.0,1.8604651162790684,13.975
HK.01099,国药控股,2022-08-29 00:00:00,14.295,14.335,14.415,14.035,5.827,0.00468,6279249.0,111061583.0,0.7024938531787946,14.235
HK.01099,国药控股,2022-08-30 00:00:00,14.295,14.115,14.295,13.875,5.754,0.00331,4443049.0,77871492.0,-1.5347052668294427,14.335
HK.01099,国药控股,2022-08-31 00:00:00,13.815,14.095,14.415,13.735,5.748,0.00352,4728610.0,82701524.0,-0.14169323414806642,14.115
HK.01099,国药控股,2022-09-01 00:00:00,14.095,14.295,14.315,13.975,5.813,0.00308,4133373.0,72501855.0,1.418942887548771,14.095
HK.01099,国药控股,2022-09-02 00:00:00,14.315,13.715,14.375,13.615,5.623,0.00278,3733902.0,64148763.0,-4.057362714235747,14.295
HK.01099,国药控股,2022-09-05 00:00:00,13.755,13.415,13.895,13.235,5.524,0.00137,1837986.0,30836605.0,-2.187386073642003,13.715
HK.01099,国药控股,2022-09-06 00:00:00,13.315,13.235,13.395,13.155,5.465,0.00335,4494403.0,74796573.0,-1.3417815877748769,13.415
HK.01099,国药控股,2022-09-07 00:00:00,13.035,13.014999999,13.194999999,12.915,5.392,0.00173,2320841.0,37997685.0,-1.6622591688704114,13.235
HK.01099,国药控股,2022-09-08 00:00:00,13.014999999,12.915,13.075,12.775,5.36,0.00333,4471565.0,72851643.0,-0.7683442105853614,13.014999999
HK.01099,国药控股,2022-09-09 00:00:00,12.955,13.115,13.215,12.854999999,5.425,0.00204,2739105.0,45178289.0,1.5485869144405813,12.915
HK.01099,国药控股,2022-09-13 00:00:00,13.155,13.194999999,13.354999999,13.095,5.452,0.00215,2884122.0,47768922.0,0.6099885550895919,13.115
HK.01099,国药控股,2022-09-14 00:00:00,13.055,12.615,13.055,12.575,5.261,0.0042,5633047.0,90454585.0,-4.395604388358894,13.194999999
HK.01099,国药控股,2022-09-15 00:00:00,12.615,12.735,12.854999999,12.615,5.3,0.00215,2879675.0,46468157.0,0.9512485136741913,12.615
HK.01099,国药控股,2022-09-16 00:00:00,12.715,12.555,12.735,12.555,5.241,0.0039,5226678.0,83464571.0,-1.4134275618374537,12.735
HK.01099,国药控股,2022-09-19 00:00:00,12.535,12.415,12.795,12.375,5.195,0.00243,3265633.0,51870156.0,-1.1150935882118722,12.555
HK.01099,国药控股,2022-09-20 00:00:00,12.455,12.235,12.515,12.235,5.136,0.00222,2975669.0,46694917.0,-1.449859041482076,12.415
HK.01099,国药控股,2022-09-21 00:00:00,12.215,12.335,12.495,11.995,5.169,0.00459,6156554.0,96364186.0,0.8173273395995212,12.235
HK.01099,国药控股,2022-09-22 00:00:00,12.075,12.255,12.455,11.915,5.143,0.00376,5043331.0,78585138.0,-0.6485610052695587,12.335
HK.01099,国药控股,2022-09-23 00:00:00,12.255,12.415,12.595,12.015,5.195,0.00413,5541978.0,87539128.0,1.3055895552835444,12.255
HK.01099,国药控股,2022-09-26 00:00:00,12.395,12.395,12.535,12.115,5.189,0.00366,4908561.0,77633271.0,-0.16109544905356082,12.415
HK.01099,国药控股,2022-09-27 00:00:00,12.095,12.475,12.615,12.095,5.215,0.00304,4079740.0,64012851.0,0.6454215409439296,12.395
HK.01099,国药控股,2022-09-28 00:00:00,12.335,12.435,12.694999999,12.255,5.202,0.00449,6022380.0,95582960.0,-0.3206412825651235,12.475
HK.01099,国药控股,2022-09-29 00:00:00,12.435,12.595,12.915,12.435,5.254,0.00313,4202338.0,67369539.0,1.2866907921190198,12.435
HK.01099,国药控股,2022-09-30 00:00:00,12.355,12.355,12.535,12.135,5.175,0.00345,4633175.0,72853741.0,-1.9055180627233044,12.595
HK.01099,国药控股,2022-10-03 00:00:00,12.355,12.175,12.475,12.075,5.116,0.00175,2347859.0,36661113.0,-1.4569000404694432,12.355
HK.01099,国药控股,2022-10-05 00:00:00,12.595,12.275,12.595,12.095,5.149,0.00259,3477221.0,54474297.0,0.8213552361396275,12.175
HK.01099,国药控股,2022-10-06 00:00:00,12.235,12.035,12.355,12.035,5.07,0.00215,2883200.0,44757178.0,-1.9551934826883925,12.275
HK.01099,国药控股,2022-10-07 00:00:00,12.015,11.235,12.035,11.215,4.807,0.00308,4138741.0,61170440.0,-6.647278770253433,12.035
HK.01099,国药控股,2022-10-10 00:00:00,11.375,11.835,12.015,11.235,5.004,0.00485,6512060.0,98472774.0,5.340453938584792,11.235
HK.01099,国药控股,2022-10-11 00:00:00,11.755,12.175,12.295,11.615,5.116,0.00396,5317673.0,82652149.0,2.8728348119983087,11.835
HK.01099,国药控股,2022-10-12 00:00:00,12.355,12.395,12.555,11.935,5.189,0.00433,5807455.0,91223758.0,1.8069815195071774,12.175
HK.01099,国药控股,2022-10-13 00:00:00,12.135,12.515,12.674999999,12.135,5.228,0.00505,6775718.0,107758242.0,0.9681323114159016,12.395
HK.01099,国药控股,2022-10-14 00:00:00,12.595,12.694999999,13.075,12.595,5.287,0.0034,4563919.0,74172320.0,1.4382740631242479,12.515
HK.01099,国药控股,2022-10-17 00:00:00,12.795,12.955,13.075,12.674999999,5.373,0.004,5361096.0,87382572.0,2.0480504215870847,12.694999999
HK.01099,国药控股,2022-10-18 00:00:00,13.235,13.174999999,13.235,12.775,5.445,0.00266,3563677.0,58552587.0,1.6981860208413784,12.955
HK.01099,国药控股,2022-10-19 00:00:00,13.194999999,13.075,13.215,12.854999999,5.412,0.00368,4937858.0,81142829.0,-0.7590132751999352,13.174999999
HK.01099,国药控股,2022-10-20 00:00:00,13.035,12.895,13.035,12.694999999,5.353,0.00782,10486346.0,170439735.0,-1.3766730401529617,13.075
HK.01099,国药控股,2022-10-21 00:00:00,12.895,13.035,13.155,12.694999999,5.399,0.00174,2335136.0,38254885.0,1.085692128732071,12.895
HK.01099,国药控股,2022-10-24 00:00:00,12.994999999,12.515,12.994999999,12.455,5.228,0.0039,5236989.0,83765510.0,-3.9892596854622138,13.035
HK.01099,国药控股,2022-10-25 00:00:00,12.515,12.415,12.674999999,11.915,5.195,0.0051,6839533.0,108151383.0,-0.7990411506192683,12.515
HK.01099,国药控股,2022-10-26 00:00:00,12.215,12.275,12.775,12.055,5.149,0.00411,5516150.0,86577685.0,-1.12766814337494,12.415
HK.01099,国药控股,2022-10-27 00:00:00,12.595,12.335,12.595,12.055,5.169,0.00444,5955015.0,93380070.0,0.4887983706721018,12.275
HK.01099,国药控股,2022-10-28 00:00:00,12.475,12.035,12.535,11.875,5.07,0.00226,3035346.0,47076596.0,-2.432103769760849,12.335
HK.01099,国药控股,2022-10-31 00:00:00,11.835,11.575,12.015,11.535,4.919,0.0043,5769000.0,87068652.0,-3.822185292895728,12.035
HK.01099,国药控股,2022-11-01 00:00:00,11.615,11.855,11.975,11.515,5.011,0.00379,5089173.0,77026813.0,2.4190064794816517,11.575
HK.01099,国药控股,2022-11-02 00:00:00,11.655,11.855,12.195,11.415,5.011,0.00747,10019599.0,153023628.0,0.0,11.855
HK.01099,国药控股,2022-11-03 00:00:00,11.815,11.655,11.855,11.335,4.945,0.00478,6407295.0,96180457.0,-1.687051876845222,11.855
HK.01099,国药控股,2022-11-04 00:00:00,11.775,11.975,12.175,11.615,5.05,0.00522,7009301.0,107357619.0,2.745602745602748,11.655
HK.01099,国药控股,2022-11-07 00:00:00,11.975,12.195,12.315,11.835,5.123,0.00598,8020097.0,124337283.0,1.8371607515657675,11.975
HK.01099,国药控股,2022-11-08 00:00:00,12.255,12.295,12.475,12.035,5.156,0.00429,5749999.0,89475208.0,0.8200082000819978,12.195
HK.01099,国药控股,2022-11-09 00:00:00,12.215,12.555,12.715,12.215,5.241,0.00596,7992509.0,127114961.0,2.1146807645384285,12.295
HK.01099,国药控股,2022-11-10 00:00:00,12.415,12.315,12.535,12.155,5.162,0.00205,2744530.0,43044190.0,-1.9115890083632034,12.555
HK.01099,国药控股,2022-11-11 00:00:00,12.715,12.615,12.994999999,12.495,5.261,0.00601,8066174.0,129414851.0,2.436053593179056,12.315
HK.01099,国药控股,2022-11-14 00:00:00,12.994999999,13.755,13.815,12.815,5.636,0.00993,13317928.0,222875301.0,9.036860879904879,12.615
HK.01099,国药控股,2022-11-15 00:00:00,13.795,13.975,14.115,13.595,5.708,0.00729,9780739.0,168178021.0,1.5994183933115147,13.755
HK.01099,国药控股,2022-11-16 00:00:00,13.915,13.895,14.335,13.795,5.682,0.00358,4803765.0,83696026.0,-0.5724508050089451,13.975
HK.01099,国药控股,2022-11-17 00:00:00,14.175,13.855,14.175,13.514999999,5.669,0.00336,4510375.0,77467397.0,-0.28787333573227164,13.895
HK.01099,国药控股,2022-11-18 00:00:00,13.715,14.175,14.375,13.715,5.774,0.00597,8010684.0,140075772.0,2.309635510645978,13.855
HK.01099,国药控股,2022-11-21 00:00:00,14.275,13.875,14.275,13.655,5.675,0.00319,4283193.0,74353054.0,-2.116402116402121,14.175
HK.01099,国药控股,2022-11-22 00:00:00,13.875,13.815,14.175,13.715,5.656,0.0029,3888715.0,67001378.0,-0.432432432432436,13.875
HK.01099,国药控股,2022-11-23 00:00:00,13.815,13.875,14.035,13.655,5.675,0.00375,5036330.0,86717942.0,0.4343105320304053,13.815
HK.01099,国药控股,2022-11-24 00:00:00,14.015,13.955,14.135,13.815,5.702,0.00167,2244200.0,39039632.0,0.5765765765765771,13.875
HK.01099,国药控股,2022-11-25 00:00:00,13.835,13.995,14.135,13.815,5.715,0.00267,3576900.0,62232318.0,0.28663561447509245,13.955
HK.01099,国药控股,2022-11-28 00:00:00,13.915,13.975,14.155,13.595,5.708,0.00336,4507592.0,78263078.0,-0.14290818149338747,13.995
HK.01099,国药控股,2022-11-29 00:00:00,14.235,14.475,14.575,14.055,5.873,0.00329,4415860.0,78460227.0,3.5778175313059033,13.975
HK.01099,国药控股,2022-11-30 00:00:00,14.575,15.055,15.195,14.475,6.063,0.02005,26900003.0,495424102.0,4.006908462867012,14.475
HK.01099,国药控股,2022-12-01 00:00:00,15.415,14.935,15.415,14.595,6.024,0.01362,18277495.0,335027584.0,-0.7970773829292541,15.055
HK.01099,国药控股,2022-12-02 00:00:00,14.875,14.815,15.355,14.675,5.984,0.0073,9801324.0,180671563.0,-0.8034817542685033,14.935
HK.01099,国药控股,2022-12-05 00:00:00,15.175,15.235,15.475,14.815,6.122,0.00668,8963705.0,167079715.0,2.834964562942963,14.815
HK.01099,国药控股,2022-12-06 00:00:00,15.315,15.455,16.055,15.035,6.195,0.00597,8010043.0,153087335.0,1.4440433212996433,15.235
HK.01099,国药控股,2022-12-07 00:00:00,15.495,16.615,17.365,15.495,6.576,0.01141,15305892.0,306656790.0,7.5056615981882775,15.455
HK.01099,国药控股,2022-12-08 00:00:00,16.615,17.115,17.315,16.575,6.741,0.00733,9833276.0,200160346.0,3.009328919650918,16.615
HK.01099,国药控股,2022-12-09 00:00:00,17.015,16.765,17.015,16.355,6.626,0.00411,5510545.0,110604850.0,-2.0449897750511123,17.115
HK.01099,国药控股,2022-12-12 00:00:00,16.715,17.465,17.615,16.615,6.856,0.00551,7389815.0,152280974.0,4.175365344467637,16.765
HK.01099,国药控股,2022-12-13 00:00:00,17.115,16.965,17.965,16.715,6.691,0.0086,11542042.0,237921620.0,-2.86286859433152,17.465
HK.01099,国药控股,2022-12-14 00:00:00,16.765,16.865,17.115,16.355,6.658,0.00467,6263729.0,125359909.0,-0.5894488653109426,16.965
HK.01099,国药控股,2022-12-15 00:00:00,16.815,16.915,17.215,16.575,6.675,0.00308,4127546.0,84156175.0,0.29647198339757314,16.865
HK.01099,国药控股,2022-12-16 00:00:00,16.865,17.265,17.715,16.765,6.79,0.00719,9644984.0,199248375.0,2.0691693762932397,16.915
HK.01099,国药控股,2022-12-19 00:00:00,17.315,15.995,17.365,15.735,6.372,0.0071,9523388.0,185962939.0,-7.355922386330735,17.265
HK.01099,国药控股,2022-12-20 00:00:00,15.995,16.135,16.195,15.635,6.418,0.0029,3889239.0,75276405.0,0.8752735229759447,15.995
HK.01099,国药控股,2022-12-21 00:00:00,16.035,16.015,16.395,15.875,6.379,0.00191,2559418.0,49757474.0,-0.7437248218159341,16.135
HK.01099,国药控股,2022-12-22 00:00:00,16.055,16.115,16.155,15.855,6.412,0.00147,1970159.0,38227443.0,0.6244146113018911,16.015
HK.01099,国药控股,2022-12-23 00:00:00,16.015,16.195,16.395,15.815,6.438,0.0021,2816813.0,55080325.0,0.4964318957493134,16.115
HK.01099,国药控股,2022-12-28 00:00:00,16.395,16.275,16.395,15.955,6.464,0.00229,3071786.0,60130603.0,0.49397962334052664,16.195
HK.01099,国药控股,2022-12-29 00:00:00,16.115,16.595,16.715,16.115,6.57,0.00181,2432751.0,48455488.0,1.966205837173581,16.275
HK.01099,国药控股,2022-12-30 00:00:00,16.595,16.455,17.215,16.295,6.524,0.0027,3627438.0,72182943.0,-0.8436275986743029,16.595
HK.01099,国药控股,2023-01-03 00:00:00,16.555,16.965,17.115,16.375,6.691,0.00354,4754467.0,96491162.0,3.0993618960802287,16.455
HK.01099,国药控股,2023-01-04 00:00:00,17.165,17.215,17.515,16.915,6.774,0.00517,6939343.0,143860572.0,1.4736221632773356,16.965
HK.01099,国药控股,2023-01-05 00:00:00,17.365,17.115,17.515,16.965,6.741,0.0027,3622193.0,74453604.0,-0.5808887598025061,17.215
HK.01099,国药控股,2023-01-06 00:00:00,17.115,16.815,17.165,16.415,6.642,0.00309,4149255.0,84411019.0,-1.7528483786152331,17.115
HK.01099,国药控股,2023-01-09 00:00:00,17.015,16.865,17.265,16.615,6.658,0.00325,4358394.0,88313711.0,0.2973535533749459,16.815
HK.01099,国药控股,2023-01-10 00:00:00,16.865,16.455,17.015,16.315,6.524,0.00284,3808393.0,76075516.0,-2.4310702638600663,16.865
HK.01099,国药控股,2023-01-11 00:00:00,16.415,16.615,16.865,16.415,6.576,0.00261,3499223.0,70250252.0,0.9723488301428147,16.455
HK.01099,国药控股,2023-01-12 00:00:00,16.865,16.915,17.415,16.615,6.675,0.00469,6298334.0,127998361.0,1.805597351790555,16.615
HK.01099,国药控股,2023-01-13 00:00:00,16.415,16.915,17.215,16.335,6.675,0.00337,4523086.0,91579481.0,0.0,16.915
HK.01099,国药控股,2023-01-16 00:00:00,17.015,16.665,17.015,16.515,6.593,0.00206,2769204.0,55652809.0,-1.4779781259237366,16.915
HK.01099,国药控股,2023-01-17 00:00:00,16.515,15.955,16.575,15.715,6.359,0.00438,5879117.0,113974374.0,-4.260426042604255,16.665
HK.01099,国药控股,2023-01-18 00:00:00,15.815,15.835,15.895,15.495,6.32,0.00316,4235840.0,80886060.0,-0.7521153243497287,15.955
HK.01099,国药控股,2023-01-19 00:00:00,15.915,15.835,15.995,15.635,6.32,0.00139,1867296.0,35835987.0,0.0,15.835
HK.01099,国药控股,2023-01-20 00:00:00,15.715,15.935,15.995,15.675,6.353,0.00224,3009292.0,57864559.0,0.6315124723713271,15.835
HK.01099,国药控股,2023-01-26 00:00:00,15.935,16.115,16.235,15.875,6.412,0.00249,3342031.0,64984608.0,1.1295889551302034,15.935
HK.01099,国药控股,2023-01-27 00:00:00,16.155,16.335,16.595,16.155,6.484,0.00165,2218167.0,43713136.0,1.3651877133105954,16.115
HK.01099,国药控股,2023-01-30 00:00:00,16.295,16.235,16.515,16.115,6.451,0.00296,3973159.0,78091749.0,-0.6121824303642572,16.335
HK.01099,国药控股,2023-01-31 00:00:00,16.415,15.835,16.575,15.775,6.32,0.00752,10091186.0,195540031.0,-2.4638127502309737,16.235
HK.01099,国药控股,2023-02-01 00:00:00,15.895,16.355,16.415,15.795,6.491,0.00449,6030163.0,118036527.0,3.28386485633091,15.835
HK.01099,国药控股,2023-02-02 00:00:00,16.415,16.395,17.015,16.315,6.504,0.00432,5794574.0,115884142.0,0.24457352491592263,16.355
HK.01099,国药控股,2023-02-03 00:00:00,16.235,16.295,16.715,16.115,6.471,0.00254,3406487.0,66937310.0,-0.609942055504714,16.395
HK.01099,国药控股,2023-02-06 00:00:00,16.315,15.915,16.315,15.715,6.346,0.00288,3858376.0,74476499.0,-2.3320036821110923,16.295
HK.01099,国药控股,2023-02-07 00:00:00,15.815,15.795,16.035,15.435,6.307,0.0043,5767088.0,110415035.0,-0.7540056550424079,15.915
HK.01099,国药控股,2023-02-08 00:00:00,15.795,15.955,16.255,15.615,6.359,0.00401,5378859.0,103899772.0,1.0129787907565695,15.795
HK.01099,国药控股,2023-02-09 00:00:00,15.655,15.895,16.215,15.655,6.34,0.00322,4325635.0,83517890.0,-0.3760576621748699,15.955
HK.01099,国药控股,2023-02-10 00:00:00,16.175,16.715,17.115,16.155,6.609,0.00865,11608535.0,232963909.0,5.158854985844607,15.895
HK.01099,国药控股,2023-02-13 00:00:00,17.015,17.815,17.865,16.815,6.971,0.00897,12040505.0,250890974.0,6.580915345498065,16.715
HK.01099,国药控股,2023-02-14 00:00:00,17.915,18.215,18.515,17.865,7.102,0.00466,6250200.0,134769496.0,2.2452989054167753,17.815
HK.01099,国药控股,2023-02-15 00:00:00,18.265,18.315,18.665,17.965,7.135,0.00762,10222611.0,222156517.0,0.548998078506733,18.215
HK.01099,国药控股,2023-02-16 00:00:00,18.615,18.115,18.665,17.865,7.07,0.00285,3822404.0,82799689.0,-1.0920010920011074,18.315
HK.01099,国药控股,2023-02-17 00:00:00,18.115,18.215,18.615,18.115,7.102,0.00249,3335305.0,72419964.0,0.5520287054926935,18.115
HK.01099,国药控股,2023-02-20 00:00:00,18.165,18.115,18.215,17.765,7.07,0.00107,1432585.0,30722693.0,-0.548998078506733,18.215
HK.01099,国药控股,2023-02-21 00:00:00,18.115,18.115,18.365,17.815,7.07,0.00158,2119570.0,45619089.0,0.0,18.115
HK.01099,国药控股,2023-02-22 00:00:00,18.115,18.465,18.815,17.915,7.185,0.00476,6390072.0,140324697.0,1.9321004692244077,18.115
HK.01099,国药控股,2023-02-23 00:00:00,18.265,18.565,18.765,18.165,7.218,0.00222,2973881.0,65250756.0,0.5415651232060732,18.465
HK.01099,国药控股,2023-02-24 00:00:00,18.265,18.215,18.365,17.915,7.102,0.00153,2053764.0,44253216.0,-1.8852679773767917,18.565
HK.01099,国药控股,2023-02-27 00:00:00,18.215,17.665,18.215,17.515,6.922,0.00297,3987848.0,84249442.0,-3.019489431786993,18.215
HK.01099,国药控股,2023-02-28 00:00:00,17.465,17.615,17.915,17.415,6.905,0.00659,8842212.0,186166640.0,-0.2830455703368283,17.665
HK.01099,国药控股,2023-03-01 00:00:00,17.515,17.915,18.065,17.215,7.004,0.00326,4374187.0,92796470.0,1.7030939540164676,17.615
HK.01099,国药控股,2023-03-02 00:00:00,17.915,18.115,18.265,17.715,7.07,0.00212,2848405.0,60894588.0,1.1163829193413302,17.915
HK.01099,国药控股,2023-03-03 00:00:00,18.115,18.415,18.515,17.915,7.168,0.0024,3214552.0,69741211.0,1.656086116478061,18.115
HK.01099,国药控股,2023-03-06 00:00:00,18.415,19.015,19.315,18.315,7.365,0.0056,7509909.0,168302482.0,3.2582134129785576,18.415
HK.01099,国药控股,2023-03-07 00:00:00,19.015,19.115,19.365,18.715,7.398,0.00377,5059425.0,114003085.0,0.5259006047856842,19.015
HK.01099,国药控股,2023-03-08 00:00:00,18.765,18.965,19.015,18.465,7.349,0.00299,4009532.0,89017181.0,-0.7847240387130453,19.115
HK.01099,国药控股,2023-03-09 00:00:00,18.965,18.865,19.115,18.765,7.316,0.00503,6750532.0,150381911.0,-0.527287107830221,18.965
HK.01099,国药控股,2023-03-10 00:00:00,18.715,18.315,19.115,18.165,7.135,0.00972,13036157.0,285520484.0,-2.915451895043717,18.865
HK.01099,国药控股,2023-03-13 00:00:00,18.315,18.415,18.515,17.765,7.168,0.01174,15752781.0,342388949.0,0.5460005460005344,18.315
HK.01099,国药控股,2023-03-14 00:00:00,18.065,18.215,18.965,18.065,7.102,0.00645,8648115.0,188329588.0,-1.086071137659513,18.415
HK.01099,国药控股,2023-03-15 00:00:00,18.615,18.615,18.765,18.215,7.234,0.00658,8822699.0,193173434.0,2.1959923140268933,18.215
HK.01099,国药控股,2023-03-16 00:00:00,18.615,20.415,20.565,18.465,7.826,0.01704,22869197.0,531289897.0,9.669621273166804,18.615
HK.01099,国药控股,2023-03-17 00:00:00,20.415,20.665,20.815,20.065,7.908,0.00718,9631861.0,230641428.0,1.2245897624295863,20.415
HK.01099,国药控股,2023-03-20 00:00:00,20.265,19.615,20.315,19.365,7.563,0.0057,7643100.0,176526956.0,-5.08105492378418,20.665
HK.01099,国药控股,2023-03-21 00:00:00,19.465,19.665,19.865,19.115,7.579,0.00567,7603566.0,174151845.0,0.2549069589599833,19.615
HK.01099,国药控股,2023-03-22 00:00:00,19.615,19.465,19.915,19.315,7.513,0.00192,2578204.0,59069457.0,-1.0170353419781302,19.665
HK.01099,国药控股,2023-03-23 00:00:00,19.365,19.315,19.465,18.965,7.464,0.00588,7896147.0,178091383.0,-0.7706139224248578,19.465
HK.01099,国药控股,2023-03-24 00:00:00,19.315,19.415,19.765,19.215,7.497,0.00708,9494452.0,216818635.0,0.5177323323841463,19.315
HK.01099,国药控股,2023-03-27 00:00:00,19.465,19.115,19.465,19.065,7.357,0.00365,4899650.0,110665039.0,-1.5451970126191126,19.415
HK.01099,国药控股,2023-03-28 00:00:00,19.365,19.965,20.415,19.265,7.635,0.01375,18453027.0,430975542.0,4.446769552707306,19.115
HK.01099,国药控股,2023-03-29 00:00:00,20.265,19.915,20.515,19.465,7.619,0.00818,10979956.0,254566062.0,-0.2504382669671961,19.965
HK.01099,国药控股,2023-03-30 00:00:00,19.965,19.765,20.165,19.315,7.57,0.006,8056860.0,186177024.0,-0.7532011046949464,19.915
HK.01099,国药控股,2023-03-31 00:00:00,19.815,20.365,20.515,19.465,7.766,0.00717,9618821.0,227104836.0,3.0356691120667736,19.765
HK.01099,国药控股,2023-04-03 00:00:00,20.615,20.665,20.765,20.415,7.864,0.00637,8547356.0,204940506.0,1.4731156395777105,20.365
HK.01099,国药控股,2023-04-04 00:00:00,20.315,20.815,21.015,20.015,7.913,0.00423,5672269.0,136940453.0,0.7258649891120356,20.665
HK.01099,国药控股,2023-04-06 00:00:00,20.915,21.615,21.715,20.815,8.175,0.00692,9281394.0,229799603.0,3.843382176315144,20.815
HK.01099,国药控股,2023-04-11 00:00:00,21.615,21.015,21.915,20.365,7.979,0.00919,12327148.0,299973348.0,-2.7758501040943693,21.615
HK.01099,国药控股,2023-04-12 00:00:00,21.615,21.615,21.965,21.065,8.175,0.00873,11718377.0,292369960.0,2.855103497501774,21.015
HK.01099,国药控股,2023-04-13 00:00:00,21.415,21.615,21.915,21.265,8.175,0.00961,12895264.0,322603442.0,0.0,21.615
HK.01099,国药控股,2023-04-14 00:00:00,21.615,21.515,21.815,21.065,8.142,0.00446,5990159.0,149036416.0,-0.46264168401572003,21.615
HK.01099,国药控股,2023-04-17 00:00:00,21.715,22.215,22.365,21.415,8.371,0.00792,10631672.0,269354561.0,3.2535440390425254,21.515
HK.01099,国药控股,2023-04-18 00:00:00,22.415,22.415,22.665,22.165,8.436,0.00753,10104462.0,260074989.0,0.9002925950934021,22.215
HK.01099,国药控股,2023-04-19 00:00:00,22.315,23.015,23.065,21.915,8.633,0.00941,12623806.0,330552156.0,2.676778942672324,22.415
HK.01099,国药控股,2023-04-20 00:00:00,23.115,24.015,24.465,23.065,8.96,0.01246,16718213.0,456399500.0,4.344992396263306,23.015
HK.01099,国药控股,2023-04-21 00:00:00,23.815,24.215,24.615,23.815,9.025,0.00701,9410043.0,259956366.0,0.8328128253175069,24.015
HK.01099,国药控股,2023-04-24 00:00:00,24.015,24.065,24.565,23.865,8.976,0.00892,11972319.0,329193668.0,-0.6194507536650777,24.215
HK.01099,国药控股,2023-04-25 00:00:00,24.015,23.465,24.065,23.265,8.78,0.00927,12436779.0,336295333.0,-2.4932474548098957,24.065
HK.01099,国药控股,2023-04-26 00:00:00,23.465,24.065,24.265,23.365,8.976,0.00447,5993222.0,164188979.0,2.5569997869166907,23.465
HK.01099,国药控股,2023-04-27 00:00:00,24.165,24.865,25.065,23.915,9.238,0.00823,11042258.0,309938605.0,3.324329939746508,24.065
HK.01099,国药控股,2023-04-28 00:00:00,24.815,24.365,24.815,23.215,9.074,0.00862,11560328.0,318971244.0,-2.0108586366378445,24.865
HK.01099,国药控股,2023-05-02 00:00:00,24.615,24.465,24.765,24.065,9.107,0.00357,4791511.0,133582264.0,0.4104247896573011,24.365
HK.01099,国药控股,2023-05-03 00:00:00,23.715,24.165,24.265,23.715,9.009,0.00192,2571478.0,70624411.0,-1.2262415695892122,24.465
HK.01099,国药控股,2023-05-04 00:00:00,24.165,24.365,24.815,24.065,9.074,0.00721,9675609.0,269377130.0,0.8276432857438416,24.165
HK.01099,国药控股,2023-05-05 00:00:00,24.315,24.165,24.515,23.765,9.009,0.00309,4148393.0,114004070.0,-0.8208495793145877,24.365
HK.01099,国药控股,2023-05-08 00:00:00,24.115,24.065,25.065,23.665,8.976,0.00585,7847267.0,215330543.0,-0.4138216428719134,24.165
HK.01099,国药控股,2023-05-09 00:00:00,23.915,24.215,24.565,23.665,9.025,0.0043,5765069.0,159054488.0,0.6233118637024665,24.065
HK.01099,国药控股,2023-05-10 00:00:00,24.315,23.915,24.515,23.665,8.927,0.00429,5750848.0,157329757.0,-1.2389015073301701,24.215
HK.01099,国药控股,2023-05-11 00:00:00,24.015,23.665,24.415,23.465,8.845,0.00573,7695027.0,209389180.0,-1.0453690152623878,23.915
HK.01099,国药控股,2023-05-12 00:00:00,23.515,23.265,24.015,23.165,8.714,0.00682,9155272.0,245354851.0,-1.690259877456153,23.665
HK.01099,国药控股,2023-05-15 00:00:00,23.265,23.315,23.865,22.815,8.731,0.00452,6065822.0,161359086.0,0.2149151085321329,23.265
HK.01099,国药控股,2023-05-16 00:00:00,23.315,23.315,23.615,23.065,8.731,0.00211,2829687.0,75441294.0,0.0,23.315
HK.01099,国药控股,2023-05-17 00:00:00,23.365,23.415,23.615,23.165,8.763,0.00298,3996625.0,107194922.0,0.4289084280506021,23.315
HK.01099,国药控股,2023-05-18 00:00:00,23.465,23.515,23.715,23.265,8.796,0.0047,6308657.0,169937898.0,0.4270766602605228,23.415
HK.01099,国药控股,2023-05-19 00:00:00,23.515,23.415,23.515,22.965,8.763,0.00305,4096241.0,109390615.0,-0.42526047203913,23.515
HK.01099,国药控股,2023-05-22 00:00:00,22.915,23.515,23.765,22.915,8.796,0.00347,4651200.0,124605091.0,0.4270766602605228,23.415
HK.01099,国药控股,2023-05-23 00:00:00,23.365,23.665,24.215,23.365,8.845,0.00376,5041548.0,137258047.0,0.6378907080586799,23.515
HK.01099,国药控股,2023-05-24 00:00:00,23.665,23.365,23.665,23.165,8.747,0.00272,3655630.0,97872239.0,-1.2676949080921223,23.665
HK.01099,国药控股,2023-05-25 00:00:00,23.715,23.065,23.715,22.965,8.649,0.00388,5200385.0,138315147.0,-1.2839717526214303,23.365
HK.01099,国药控股,2023-05-29 00:00:00,23.015,22.815,23.465,22.665,8.567,0.00378,5068024.0,133825722.0,-1.0838933448948622,23.065
HK.01099,国药控股,2023-05-30 00:00:00,22.915,22.265,23.015,22.015,8.387,0.00379,5079200.0,131002415.0,-2.410694718387029,22.815
HK.01099,国药控股,2023-05-31 00:00:00,22.015,22.265,22.415,21.415,8.387,0.01425,19120247.0,487225719.0,0.0,22.265
HK.01099,国药控股,2023-06-01 00:00:00,22.365,22.215,22.515,21.815,8.371,0.00547,7333962.0,187522307.0,-0.22456770716371305,22.265
HK.01099,国药控股,2023-06-02 00:00:00,22.465,22.765,23.065,22.315,8.551,0.00449,6022335.0,157870087.0,2.4758046365068678,22.215
HK.01099,国药控股,2023-06-05 00:00:00,22.765,23.015,23.115,22.465,8.633,0.0031,4160108.0,108975571.0,1.0981770261366133,22.765
HK.01099,国药控股,2023-06-06 00:00:00,23.115,23.015,23.315,22.865,8.633,0.0013,1738230.0,45979621.0,0.0,23.015
HK.01099,国药控股,2023-06-07 00:00:00,22.715,22.715,23.215,22.565,8.534,0.00228,3055275.0,79942866.0,-1.3034977188789951,23.015
HK.01099,国药控股,2023-06-08 00:00:00,22.965,23.265,23.515,22.715,8.714,0.00325,4358929.0,116135413.0,2.421307506053272,22.715
HK.01099,国药控股,2023-06-09 00:00:00,22.965,23.465,23.715,22.965,8.78,0.00197,2643657.0,71081509.0,0.8596604341285162,23.265
HK.01099,国药控股,2023-06-12 00:00:00,23.315,23.315,23.715,23.165,8.731,0.0032,4299175.0,115243456.0,-0.6392499467291651,23.465
HK.01099,国药控股,2023-06-13 00:00:00,23.315,23.515,23.815,23.265,8.796,0.00304,4078316.0,109850068.0,0.8578168561012192,23.315
HK.01099,国药控股,2023-06-14 00:00:00,23.465,23.315,23.915,22.965,8.731,0.00329,4416000.0,118281084.0,-0.8505209440782449,23.515
HK.01099,国药控股,2023-06-15 00:00:00,23.315,23.015,23.315,22.815,8.633,0.0024,3223026.0,85066519.0,-1.2867252841518366,23.315
HK.01099,国药控股,2023-06-16 00:00:00,23.015,22.565,23.215,22.015,8.485,0.00754,10116325.0,261894963.0,-1.955246578318485,23.015
HK.01099,国药控股,2023-06-19 00:00:00,22.465,22.115,22.465,21.565,8.044,0.00323,4329490.0,105535609.0,-1.99423886549968,22.565
HK.01099,国药控股,2023-06-20 00:00:00,21.815,21.365,21.965,20.965,7.799,0.00359,4819624.0,114797520.0,-3.3913633280578797,22.115
HK.01099,国药控股,2023-06-21 00:00:00,21.315,21.515,21.665,21.065,7.848,0.00326,4378806.0,104578134.0,0.7020828457758116,21.365
HK.01099,国药控股,2023-06-23 00:00:00,21.415,21.115,21.415,20.815,7.717,0.00196,2629268.0,61904441.0,-1.859168022310026,21.515
HK.01099,国药控股,2023-06-26 00:00:00,21.165,20.715,21.565,20.165,7.586,0.01069,14347699.0,334213415.0,-1.8943878759175876,21.115
HK.01099,国药控股,2023-06-27 00:00:00,20.665,21.165,21.365,20.065,7.733,0.00646,8673639.0,200740560.0,2.172338884866036,20.715
HK.01099,国药控股,2023-06-28 00:00:00,21.165,21.365,21.465,20.565,7.799,0.00203,2724816.0,64569241.0,0.9449562957713172,21.165
HK.01099,国药控股,2023-06-29 00:00:00,21.715,21.815,21.965,21.615,7.946,0.0029,3886181.0,94347811.0,2.106248537327418,21.365
HK.01099,国药控股,2023-06-30 00:00:00,22.215,22.015,22.215,21.415,8.011,0.00337,4516992.0,110054840.0,0.9168003667201434,21.815
HK.01099,国药控股,2023-07-03 00:00:00,22.015,21.065,22.015,20.765,7.701,0.00304,4085790.0,96157210.0,-4.315239609357253,22.015
HK.01099,国药控股,2023-07-04 00:00:00,21.015,21.515,21.765,20.765,7.848,0.00147,1966666.0,47141035.0,2.136244956088295,21.065
HK.01099,国药控股,2023-07-05 00:00:00,21.515,21.015,21.515,20.815,7.684,0.0047,6302400.0,147721875.0,-2.3239600278875203,21.515
HK.01099,国药控股,2023-07-06 00:00:00,20.915,21.065,21.415,20.715,7.701,0.00398,5339827.0,125809511.0,0.2379252914584854,21.015
HK.01099,国药控股,2023-07-07 00:00:00,21.015,21.365,21.715,21.015,7.799,0.00377,5055904.0,120781864.0,1.424163304058852,21.065
HK.01099,国药控股,2023-07-10 00:00:00,21.315,21.215,21.965,20.865,7.75,0.00179,2403240.0,57027842.0,-0.7020828457757949,21.365
HK.01099,国药控股,2023-07-11 00:00:00,21.215,21.215,21.515,20.865,7.75,0.00209,2810803.0,66542996.0,0.0,21.215
HK.01099,国药控股,2023-07-12 00:00:00,21.115,20.865,21.665,20.465,7.635,0.00647,8686845.0,205049633.0,-1.6497761018147605,21.215
HK.01099,国药控股,2023-07-13 00:00:00,21.365,20.915,21.615,20.765,7.652,0.00609,8173045.0,193059409.0,0.23963575365444867,20.865
HK.01099,国药控股,2023-07-14 00:00:00,20.865,20.965,21.215,20.765,7.668,0.00339,4544686.0,106526892.0,0.2390628735357433,20.915
HK.01099,国药控股,2023-07-18 00:00:00,21.665,21.615,21.865,20.815,7.88,0.0039,5237547.0,125591044.0,3.1004054376341452,20.965
HK.01099,国药控股,2023-07-19 00:00:00,21.415,21.415,22.165,21.215,7.815,0.00348,4669093.0,112242998.0,-0.9252833680314564,21.615
HK.01099,国药控股,2023-07-20 00:00:00,21.315,21.315,21.615,21.065,7.782,0.00202,2705637.0,64320991.0,-0.4669624095260232,21.415
HK.01099,国药控股,2023-07-21 00:00:00,21.315,21.515,21.615,21.265,7.848,0.00165,2216206.0,53015068.0,0.9383063570255654,21.315
HK.01099,国药控股,2023-07-24 00:00:00,21.315,21.265,21.615,21.115,7.766,0.00112,1504234.0,35972319.0,-1.1619800139437602,21.515
HK.01099,国药控股,2023-07-25 00:00:00,21.615,21.665,21.815,21.265,7.897,0.00302,4049299.0,97480670.0,1.8810251587114908,21.265
HK.01099,国药控股,2023-07-26 00:00:00,21.615,21.965,22.165,21.365,7.995,0.00194,2605502.0,63422147.0,1.3847219016847483,21.665
HK.01099,国药控股,2023-07-27 00:00:00,21.915,22.015,22.215,21.815,8.011,0.00347,4655908.0,114074750.0,0.22763487366264834,21.965
HK.01099,国药控股,2023-07-28 00:00:00,22.015,21.015,22.215,20.615,7.684,0.00755,10128800.0,239687300.0,-4.542357483533954,22.015
HK.01099,国药控股,2023-07-31 00:00:00,21.265,21.965,22.015,21.115,7.995,0.00492,6599295.0,160207898.0,4.520580537711155,21.015
HK.01099,国药控股,2023-08-01 00:00:00,21.815,22.415,22.615,21.615,8.142,0.00501,6720620.0,164911779.0,2.048713862963803,21.965
HK.01099,国药控股,2023-08-02 00:00:00,22.415,21.465,22.715,21.415,7.831,0.00327,4390260.0,106856920.0,-4.238233325897833,22.415
HK.01099,国药控股,2023-08-03 00:00:00,21.465,21.165,21.565,21.065,7.733,0.00186,2499561.0,59323385.0,-1.3976240391334764,21.465
HK.01099,国药控股,2023-08-04 00:00:00,21.515,22.115,22.515,21.265,8.044,0.0026,3482407.0,85659926.0,4.488542404913769,21.165
HK.01099,国药控股,2023-08-07 00:00:00,21.765,18.365,22.015,17.915,6.818,0.0166,22268819.0,475407278.0,-16.9568166402894,22.115
HK.01099,国药控股,2023-08-08 00:00:00,17.965,18.965,19.065,17.155,7.014,0.01403,18827550.0,392458219.0,3.267084127416289,18.365
HK.01099,国药控股,2023-08-09 00:00:00,18.965,19.315,19.565,18.715,7.128,0.00524,7033023.0,153054503.0,1.845504877405755,18.965
HK.01099,国药控股,2023-08-10 00:00:00,19.315,19.315,19.565,19.015,7.128,0.00249,3341923.0,72639728.0,0.0,19.315
HK.01099,国药控股,2023-08-11 00:00:00,19.515,19.065,19.515,18.965,7.047,0.0013,1738030.0,37594311.0,-1.2943308309603934,19.315
HK.01099,国药控股,2023-08-14 00:00:00,18.965,18.865,19.265,18.665,6.981,0.00275,3687986.0,78616224.0,-1.049042748492016,19.065
HK.01099,国药控股,2023-08-15 00:00:00,18.765,18.665,18.865,18.315,6.916,0.00278,3734770.0,78668192.0,-1.0601643254704443,18.865
HK.01099,国药控股,2023-08-16 00:00:00,18.565,19.165,19.215,18.465,7.079,0.0037,4965176.0,106668984.0,2.678810608090008,18.665
HK.01099,国药控股,2023-08-17 00:00:00,19.165,18.815,19.315,18.665,6.965,0.00282,3789750.0,80918967.0,-1.8262457605009021,19.165
HK.01099,国药控股,2023-08-18 00:00:00,18.715,18.715,19.065,18.465,6.932,0.00217,2914408.0,62133014.0,-0.5314908317831593,18.815
HK.01099,国药控股,2023-08-21 00:00:00,18.865,19.215,19.765,18.615,7.096,0.00694,9310640.0,202388196.0,2.6716537536735236,18.715
HK.01099,国药控股,2023-08-22 00:00:00,19.415,19.415,19.615,19.015,7.161,0.00448,6015447.0,131398488.0,1.0408534998698897,19.215
HK.01099,国药控股,2023-08-23 00:00:00,19.515,19.415,19.565,19.115,7.161,0.0036,4833830.0,105924739.0,0.0,19.415
HK.01099,国药控股,2023-08-24 00:00:00,19.515,19.465,19.715,19.415,7.177,0.00311,4177333.0,92131769.0,0.25753283543652183,19.415
HK.01099,国药控股,2023-08-25 00:00:00,19.615,19.365,19.715,19.265,7.145,0.00244,3268400.0,71709396.0,-0.5137426149499174,19.465
HK.01099,国药控股,2023-08-28 00:00:00,19.965,20.265,20.615,19.415,7.439,0.00477,6401795.0,145757793.0,4.647560030983745,19.365
HK.01099,国药控股,2023-08-29 00:00:00,20.265,20.465,20.565,19.715,7.504,0.00401,5379880.0,122531011.0,0.9869232667160093,20.265
HK.01099,国药控股,2023-08-30 00:00:00,20.515,20.015,20.515,19.865,7.357,0.00281,3771770.0,85288828.0,-2.1988761299780077,20.465
HK.01099,国药控股,2023-08-31 00:00:00,20.015,20.265,20.265,19.565,7.439,0.00822,11032896.0,249112576.0,1.2490632025980515,20.015
HK.01099,国药控股,2023-09-04 00:00:00,20.265,20.515,20.715,20.065,7.521,0.02374,31850638.0,731930186.0,1.233654083395016,20.265
HK.01099,国药控股,2023-09-05 00:00:00,20.415,18.665,20.465,18.615,6.916,0.00719,9646665.0,212063999.0,-9.017791859614922,20.515
HK.01099,国药控股,2023-09-06 00:00:00,18.665,18.615,18.865,18.315,6.899,0.00307,4119408.0,86771822.0,-0.26788106080900465,18.665
HK.01099,国药控股,2023-09-07 00:00:00,19.165,18.515,19.265,18.515,6.867,0.00295,3956111.0,84273449.0,-0.5372011818425887,18.615
HK.01099,国药控股,2023-09-11 00:00:00,18.465,19.415,19.565,18.465,7.161,0.00581,7793238.0,169088896.0,4.860923575479333,18.515
HK.01099,国药控股,2023-09-12 00:00:00,19.415,19.715,19.965,19.165,7.259,0.00357,4796973.0,106428828.0,1.5451970126191126,19.415
HK.01099,国药控股,2023-09-13 00:00:00,19.315,18.915,19.615,18.615,6.998,0.00375,5033727.0,107612061.0,-4.057823991884356,19.715
HK.01099,国药控股,2023-09-14 00:00:00,18.865,18.965,19.265,18.815,7.014,0.00266,3564127.0,76529980.0,0.2643404705260413,18.915
HK.01099,国药控股,2023-09-15 00:00:00,18.765,19.315,19.665,18.765,7.128,0.00466,6253620.0,136384942.0,1.845504877405755,18.965
HK.01099,国药控股,2023-09-18 00:00:00,18.765,19.365,19.615,18.765,7.145,0.00261,3499802.0,76280989.0,0.258866166192064,19.315
HK.01099,国药控股,2023-09-19 00:00:00,19.365,19.965,20.115,19.115,7.341,0.00267,3576460.0,80003301.0,3.0983733539891634,19.365
HK.01099,国药控股,2023-09-20 00:00:00,19.765,20.165,20.315,19.765,7.406,0.00237,3173585.0,71816886.0,1.001753067868767,19.965
HK.01099,国药控股,2023-09-21 00:00:00,20.115,20.065,20.215,19.915,7.374,0.00241,3230046.0,72936635.0,-0.49590875278947616,20.165
HK.01099,国药控股,2023-09-22 00:00:00,19.915,19.815,20.215,19.165,7.292,0.00828,11107756.0,247092393.0,-1.24595066035385,20.065
HK.01099,国药控股,2023-09-25 00:00:00,20.065,19.765,20.065,19.515,7.275,0.00342,4589210.0,102351661.0,-0.2523340903356079,19.815
HK.01099,国药控股,2023-09-26 00:00:00,19.815,19.915,20.415,19.765,7.325,0.00312,4190144.0,94465737.0,0.758917278016689,19.765
HK.01099,国药控股,2023-09-27 00:00:00,19.915,19.815,20.115,19.765,7.292,0.00199,2673376.0,59816211.0,-0.502134069796625,19.915
HK.01099,国药控股,2023-09-28 00:00:00,19.815,20.015,20.115,19.415,7.357,0.00556,7463040.0,166037107.0,1.0093363613424138,19.815
HK.01099,国药控股,2023-09-29 00:00:00,20.015,20.215,20.465,19.565,7.423,0.00154,2065185.0,46795411.0,0.9992505620784375,20.015
HK.01099,国药控股,2023-10-03 00:00:00,19.365,19.465,19.715,19.165,7.177,0.00267,3584150.0,78535045.0,-3.7101162503091762,20.215
HK.01099,国药控股,2023-10-04 00:00:00,19.415,19.415,19.715,19.015,7.161,0.00165,2213555.0,48493291.0,-0.2568713074749587,19.465
HK.01099,国药控股,2023-10-05 00:00:00,19.415,19.665,19.665,19.265,7.243,0.00166,2228869.0,49223031.0,1.2876641771825907,19.415
HK.01099,国药控股,2023-10-06 00:00:00,19.515,19.865,20.065,19.265,7.308,0.00131,1757600.0,39278244.0,1.0170353419781302,19.665
HK.01099,国药控股,2023-10-09 00:00:00,20.065,19.265,20.065,19.065,7.112,0.00355,4761147.0,104262191.0,-3.020387616410762,19.865
HK.01099,国药控股,2023-10-10 00:00:00,19.515,19.265,19.915,19.115,7.112,0.00326,4379581.0,95999407.0,0.0,19.265
HK.01099,国药控股,2023-10-11 00:00:00,19.315,19.515,19.665,18.865,7.194,0.00499,6701636.0,147005165.0,1.2976901116013497,19.265
HK.01099,国药控股,2023-10-12 00:00:00,20.015,19.865,20.065,19.365,7.308,0.00317,4254565.0,94610407.0,1.7934921854983237,19.515
HK.01099,国药控股,2023-10-13 00:00:00,19.665,20.015,20.315,19.665,7.357,0.00279,3743218.0,84174558.0,0.7550969041027039,19.865
HK.01099,国药控股,2023-10-16 00:00:00,19.865,18.565,20.015,18.415,6.883,0.0066,8850676.0,188444880.0,-7.244566575068695,20.015
HK.01099,国药控股,2023-10-17 00:00:00,18.715,18.315,19.065,18.215,6.801,0.00341,4579100.0,95905323.0,-1.3466199838405601,18.565
HK.01099,国药控股,2023-10-18 00:00:00,18.215,18.365,18.365,17.865,6.818,0.00961,12895259.0,267644765.0,0.2730002730002574,18.315
HK.01099,国药控股,2023-10-19 00:00:00,18.015,17.515,18.315,17.275,6.54,0.00484,6495335.0,130480964.0,-4.628369180506387,18.365
HK.01099,国药控股,2023-10-20 00:00:00,17.315,17.195,17.565,17.135,6.435,0.00598,8030254.0,158878213.0,-1.8270054239223539,17.515
HK.01099,国药控股,2023-10-24 00:00:00,17.155,17.355,17.495,17.055,6.487,0.00344,4612808.0,91266938.0,0.9305030532131442,17.195
HK.01099,国药控股,2023-10-25 00:00:00,17.915,17.115,17.915,16.895,6.409,0.00524,7026346.0,138440886.0,-1.3828867761452146,17.355
HK.01099,国药控股,2023-10-26 00:00:00,17.215,16.895,17.215,16.655,6.337,0.00311,4167102.0,80757243.0,-1.2854221443178433,17.115
HK.01099,国药控股,2023-10-27 00:00:00,17.035,17.395,17.495,16.675,6.5,0.00407,5465850.0,108335782.0,2.9594554601953242,16.895
HK.01099,国药控股,2023-10-30 00:00:00,16.795,16.775,17.155,16.575,6.298,0.00524,7034069.0,135246862.0,-3.564242598447836,17.395
HK.01099,国药控股,2023-10-31 00:00:00,16.775,16.215,16.975,15.415,6.115,0.00998,13394470.0,246757640.0,-3.3383010432190683,16.775
HK.01099,国药控股,2023-11-01 00:00:00,16.055,16.435,16.655,15.915,6.187,0.00468,6281700.0,117815066.0,1.3567684242984819,16.215
HK.01099,国药控股,2023-11-02 00:00:00,16.435,16.175,16.435,15.935,6.102,0.00407,5455439.0,101585411.0,-1.5819896562214668,16.435
HK.01099,国药控股,2023-11-03 00:00:00,16.315,16.895,17.015,15.975,6.337,0.0068,9121896.0,174813953.0,4.451313755795974,16.175
HK.01099,国药控股,2023-11-06 00:00:00,16.895,16.935,17.275,16.635,6.35,0.00697,9356050.0,181704909.0,0.2367564368156209,16.895
HK.01099,国药控股,2023-11-07 00:00:00,16.855,16.355,16.855,15.975,6.16,0.00608,8156445.0,152921088.0,-3.424859757897835,16.935
HK.01099,国药控股,2023-11-08 00:00:00,16.115,16.735,16.855,16.115,6.285,0.00559,7501995.0,143866651.0,2.3234484867013085,16.355
HK.01099,国药控股,2023-11-09 00:00:00,16.715,16.535,16.895,16.455,6.219,0.00292,3920257.0,74848315.0,-1.1951000896325024,16.735
HK.01099,国药控股,2023-11-10 00:00:00,16.295,16.655,16.815,16.135,6.258,0.00352,4727225.0,90052928.0,0.7257332930148231,16.535
HK.01099,国药控股,2023-11-13 00:00:00,16.775,16.835,17.155,16.415,6.317,0.00187,2513464.0,48222190.0,1.0807565295706978,16.655
HK.01099,国药控股,2023-11-14 00:00:00,16.975,17.115,17.255,16.775,6.409,0.00403,5410096.0,105827381.0,1.6632016632016486,16.835
HK.01099,国药控股,2023-11-15 00:00:00,17.395,17.175,17.615,16.955,6.429,0.00448,6015652.0,118689611.0,0.3505696757230633,17.115
HK.01099,国药控股,2023-11-16 00:00:00,17.115,16.735,17.175,16.475,6.285,0.00389,5223301.0,100222958.0,-2.561863173216892,17.175
HK.01099,国药控股,2023-11-17 00:00:00,16.575,16.215,16.635,16.135,6.115,0.00529,7100102.0,133141455.0,-3.1072602330445154,16.735
HK.01099,国药控股,2023-11-20 00:00:00,16.435,17.075,17.095,16.255,6.396,0.00339,4551326.0,87861568.0,5.303731113166817,16.215
HK.01099,国药控股,2023-11-21 00:00:00,17.015,17.095,17.475,16.955,6.402,0.00337,4517241.0,88884954.0,0.1171303074670546,17.075
HK.01099,国药控股,2023-11-22 00:00:00,16.955,17.275,17.375,16.955,6.461,0.00374,5013200.0,98679912.0,1.0529394559812795,17.095
HK.01099,国药控股,2023-11-23 00:00:00,17.565,17.455,17.565,17.135,6.52,0.00189,2531435.0,50218216.0,1.0419681620839347,17.275
HK.01099,国药控股,2023-11-24 00:00:00,17.375,17.515,17.665,17.195,6.54,0.00391,5251762.0,104581957.0,0.3437410484102107,17.455
HK.01099,国药控股,2023-11-27 00:00:00,17.515,16.935,17.515,16.815,6.35,0.0044,5905505.0,114941288.0,-3.311447330859274,17.515
HK.01099,国药控股,2023-11-28 00:00:00,17.135,17.315,17.375,16.735,6.474,0.00431,5785191.0,113154559.0,2.2438736344848103,16.935
HK.01099,国药控股,2023-11-29 00:00:00,17.665,16.515,17.715,16.435,6.213,0.00445,5967125.0,115906350.0,-4.6202714409471595,17.315
HK.01099,国药控股,2023-11-30 00:00:00,16.515,16.895,17.395,16.235,6.337,0.00696,9345124.0,180232981.0,2.300938540720551,16.515
HK.01099,国药控股,2023-12-01 00:00:00,16.895,16.695,17.215,16.635,6.272,0.00173,2325585.0,44898798.0,-1.1837821840781253,16.895
HK.01099,国药控股,2023-12-04 00:00:00,16.695,16.475,16.935,16.395,6.2,0.00378,5070637.0,96541994.0,-1.3177598083258393,16.695
HK.01099,国药控股,2023-12-05 00:00:00,16.575,16.515,16.815,16.375,6.213,0.00305,4095870.0,78000856.0,0.24279210925644396,16.475
HK.01099,国药控股,2023-12-06 00:00:00,16.515,16.515,16.575,16.115,6.213,0.00376,5050693.0,95309965.0,0.0,16.515
HK.01099,国药控股,2023-12-07 00:00:00,16.435,16.455,16.595,16.235,6.193,0.00203,2727289.0,51601200.0,-0.3633060853769438,16.515
HK.01099,国药控股,2023-12-08 00:00:00,16.535,16.215,16.535,15.995,6.115,0.00553,7415380.0,138550075.0,-1.4585232452142112,16.455
HK.01099,国药控股,2023-12-11 00:00:00,16.035,16.515,16.555,15.895,6.213,0.00303,4069409.0,76527347.0,1.850138760407035,16.215
HK.01099,国药控股,2023-12-12 00:00:00,16.475,16.515,16.615,16.215,6.213,0.00237,3176444.0,60224514.0,0.0,16.515
HK.01099,国药控股,2023-12-13 00:00:00,16.495,16.455,16.815,16.295,6.193,0.00702,9414301.0,179095595.0,-0.3633060853769438,16.515
HK.01099,国药控股,2023-12-14 00:00:00,16.695,16.695,16.855,16.535,6.272,0.00574,7704903.0,147693044.0,1.458523245214233,16.455
HK.01099,国药控股,2023-12-15 00:00:00,16.855,16.715,17.195,16.475,6.278,0.00708,9506393.0,182508898.0,0.119796346211438,16.695
HK.01099,国药控股,2023-12-18 00:00:00,16.595,16.675,16.795,16.475,6.265,0.0035,4691406.0,89786941.0,-0.23930601256356054,16.715
HK.01099,国药控股,2023-12-19 00:00:00,16.535,16.135,16.595,16.055,6.088,0.0034,4563488.0,85243880.0,-3.238380809595197,16.675
HK.01099,国药控股,2023-12-20 00:00:00,16.515,16.455,16.635,16.355,6.193,0.00138,1847987.0,35050362.0,1.9832661915091212,16.135
HK.01099,国药控股,2023-12-21 00:00:00,16.455,16.375,16.575,16.195,6.167,0.00171,2293843.0,43259539.0,-0.4861744150713966,16.455
HK.01099,国药控股,2023-12-22 00:00:00,16.535,16.615,16.975,16.515,6.245,0.00244,3269633.0,62723309.0,1.4656488549618225,16.375
HK.01099,国药控股,2023-12-27 00:00:00,16.735,16.995,17.155,16.035,6.37,0.00399,5352709.0,102846623.0,2.287089978934713,16.615
HK.01099,国药控股,2023-12-28 00:00:00,16.995,17.565,17.715,16.915,6.556,0.00315,4221010.0,84097574.0,3.353927625772288,16.995
HK.01099,国药控股,2023-12-29 00:00:00,17.665,17.965,18.265,17.235,6.687,0.0032,4298580.0,87775977.0,2.2772559066324995,17.565
HK.01099,国药控股,2024-01-02 00:00:00,18.015,17.715,18.015,17.515,6.605,0.0018,2421189.0,49049115.0,-1.391594767603674,17.965
HK.01099,国药控股,2024-01-03 00:00:00,17.495,17.665,18.115,17.435,6.589,0.00381,5112535.0,103902414.0,-0.2822466836014717,17.715
HK.01099,国药控股,2024-01-04 00:00:00,17.665,17.515,17.765,17.315,6.54,0.00296,3974059.0,79450272.0,-0.8491367110104647,17.665
HK.01099,国药控股,2024-01-05 00:00:00,17.315,17.435,17.615,17.235,6.514,0.00221,2969924.0,59199029.0,-0.4567513559805986,17.515
HK.01099,国药控股,2024-01-08 00:00:00,17.475,17.035,17.515,17.015,6.383,0.00238,3187558.0,62657683.0,-2.2942357327215293,17.435
HK.01099,国药控股,2024-01-09 00:00:00,17.215,17.565,17.815,16.955,6.556,0.00471,6321764.0,125711254.0,3.1112415614910542,17.035
HK.01099,国药控股,2024-01-10 00:00:00,17.315,17.865,18.015,17.315,6.654,0.00478,6420198.0,130092761.0,1.7079419299743646,17.565
HK.01099,国药控股,2024-01-11 00:00:00,18.065,18.315,18.815,17.965,6.801,0.0055,7382314.0,154307740.0,2.518891687657447,17.865
HK.01099,国药控股,2024-01-12 00:00:00,18.265,17.815,18.415,17.665,6.638,0.00234,3144684.0,64513855.0,-2.73000273000273,18.315
HK.01099,国药控股,2024-01-15 00:00:00,17.765,18.115,18.365,17.665,6.736,0.00191,2561451.0,52790015.0,1.6839741790625715,17.815
HK.01099,国药控股,2024-01-16 00:00:00,17.765,17.815,18.165,17.665,6.638,0.00224,3012336.0,61399160.0,-1.6560861164780414,18.115
HK.01099,国药控股,2024-01-17 00:00:00,17.765,17.035,17.815,16.835,6.383,0.00565,7585347.0,148871797.0,-4.378332865562734,17.815
HK.01099,国药控股,2024-01-18 00:00:00,17.215,16.875,17.215,16.655,6.33,0.00455,6109529.0,118448119.0,-0.939242735544468,17.035
HK.01099,国药控股,2024-01-19 00:00:00,16.855,16.415,16.855,16.135,6.18,0.00407,5459015.0,103414265.0,-2.7259259259259307,16.875
HK.01099,国药控股,2024-01-22 00:00:00,16.455,15.295,16.455,14.955,5.814,0.00675,9060330.0,162118472.0,-6.823027718550103,16.415
HK.01099,国药控股,2024-01-23 00:00:00,15.415,15.975,16.155,15.315,6.036,0.00396,5307136.0,97582254.0,4.44589735207584,15.295
HK.01099,国药控股,2024-01-24 00:00:00,16.035,16.575,16.675,15.975,6.232,0.00281,3776272.0,71170728.0,3.7558685446009368,15.975
HK.01099,国药控股,2024-01-25 00:00:00,16.575,17.515,17.665,16.515,6.54,0.00335,4493104.0,88974677.0,5.671191553544503,16.575
HK.01099,国药控股,2024-01-26 00:00:00,17.515,17.565,17.915,17.335,6.556,0.00568,7620956.0,153377116.0,0.2854695974878716,17.515
HK.01099,国药控股,2024-01-29 00:00:00,17.565,18.115,18.465,17.515,6.736,0.00655,8790400.0,181095012.0,3.131226871619682,17.565
HK.01099,国药控股,2024-01-30 00:00:00,18.015,18.165,18.515,17.915,6.752,0.00743,9969173.0,206307720.0,0.2760143527463467,18.115
HK.01099,国药控股,2024-01-31 00:00:00,17.965,18.065,18.315,17.665,6.72,0.0075,10061992.0,206312063.0,-0.5505092210294406,18.165
HK.01099,国药控股,2024-02-01 00:00:00,18.115,18.115,19.015,17.915,6.736,0.00636,8532701.0,178608922.0,0.27677830058121866,18.065
HK.01099,国药控股,2024-02-02 00:00:00,17.865,17.865,18.215,17.565,6.654,0.00654,8781330.0,178245194.0,-1.3800717637317141,18.115
HK.01099,国药控股,2024-02-05 00:00:00,17.865,18.065,18.365,17.455,6.72,0.00488,6550180.0,134288740.0,1.1195074167366519,17.865
HK.01099,国药控股,2024-02-06 00:00:00,17.865,18.815,19.115,17.865,6.965,0.00374,5021210.0,106913757.0,4.151674508718516,18.065
HK.01099,国药控股,2024-02-07 00:00:00,18.865,19.415,19.865,18.815,7.161,0.00604,8099713.0,177622672.0,3.188944990698899,18.815
HK.01099,国药控股,2024-02-08 00:00:00,19.015,18.615,19.715,18.515,6.899,0.00444,5959945.0,128271157.0,-4.120525366984294,19.415
HK.01099,国药控股,2024-02-09 00:00:00,18.615,18.215,18.615,18.165,6.769,0.00101,1360134.0,28294459.0,-2.1488047273703925,18.615
HK.01099,国药控股,2024-02-14 00:00:00,18.265,18.215,18.515,17.865,6.769,0.00116,1553511.0,32139259.0,0.0,18.215
HK.01099,国药控股,2024-02-15 00:00:00,18.065,18.115,18.515,17.565,6.736,0.00166,2224650.0,45497980.0,-0.548998078506733,18.215
HK.01099,国药控股,2024-02-16 00:00:00,18.115,19.115,19.265,17.765,7.063,0.00319,4283905.0,91887700.0,5.520287054926857,18.115
HK.01099,国药控股,2024-02-19 00:00:00,19.115,18.915,19.115,18.665,6.998,0.00098,1316291.0,28227811.0,-1.0462987182840664,19.115
HK.01099,国药控股,2024-02-20 00:00:00,18.915,19.265,19.265,18.815,7.112,0.00184,2463987.0,53230638.0,1.8503832936822704,18.915
HK.01099,国药控股,2024-02-21 00:00:00,19.065,19.215,19.715,18.665,7.096,0.00337,4518948.0,98503276.0,-0.25953802232027356,19.265
HK.01099,国药控股,2024-02-22 00:00:00,19.165,20.065,20.115,19.115,7.374,0.00321,4301928.0,95607322.0,4.4236273744470545,19.215
HK.01099,国药控股,2024-02-23 00:00:00,19.965,19.815,20.165,19.615,7.292,0.00277,3717789.0,83120981.0,-1.24595066035385,20.065
HK.01099,国药控股,2024-02-26 00:00:00,19.815,19.565,20.115,19.515,7.21,0.00208,2788905.0,62099897.0,-1.2616704516780217,19.815
HK.01099,国药控股,2024-02-27 00:00:00,19.165,19.715,19.915,19.115,7.259,0.00273,3663938.0,81028995.0,0.7666751852798291,19.565
HK.01099,国药控股,2024-02-28 00:00:00,19.765,19.565,20.065,19.465,7.21,0.00357,4790463.0,106117507.0,-0.7608419984783088,19.715
HK.01099,国药控股,2024-02-29 00:00:00,19.565,19.465,19.965,19.315,7.177,0.00573,7689353.0,169482423.0,-0.5111167901865649,19.565
HK.01099,国药控股,2024-03-01 00:00:00,19.165,20.115,20.515,19.015,7.39,0.00547,7333620.0,165344194.0,3.3393269971744086,19.465
HK.01099,国药控股,2024-03-04 00:00:00,20.115,20.015,20.365,19.815,7.357,0.00189,2534143.0,57116058.0,-0.4971414367387416,20.115
HK.01099,国药控股,2024-03-05 00:00:00,19.815,19.115,20.015,18.965,7.063,0.00482,6472923.0,140477023.0,-4.496627529352995,20.015
HK.01099,国药控股,2024-03-06 00:00:00,19.165,18.965,19.415,18.665,7.014,0.00445,5970246.0,128028151.0,-0.7847240387130453,19.115
HK.01099,国药控股,2024-03-07 00:00:00,19.015,18.765,19.115,18.515,6.948,0.00257,3450127.0,73268088.0,-1.0545742156604234,18.965
HK.01099,国药控股,2024-03-08 00:00:00,18.815,18.765,19.065,18.665,6.948,0.00199,2664288.0,56827481.0,0.0,18.765
HK.01099,国药控股,2024-03-11 00:00:00,18.615,18.965,19.215,18.615,7.014,0.00203,2730561.0,58618903.0,1.0658140154542994,18.765
HK.01099,国药控股,2024-03-12 00:00:00,19.215,19.665,19.865,19.015,7.243,0.00326,4380747.0,96533391.0,3.691009754811491,18.965
HK.01099,国药控股,2024-03-13 00:00:00,19.665,18.815,19.665,18.365,6.965,0.00504,6769046.0,144431813.0,-4.322400203407057,19.665
HK.01099,国药控股,2024-03-14 00:00:00,18.865,18.715,19.165,18.665,6.932,0.00181,2433230.0,51849392.0,-0.5314908317831593,18.815
HK.01099,国药控股,2024-03-15 00:00:00,18.965,18.265,18.965,18.065,6.785,0.00431,5779180.0,120061753.0,-2.404488378306168,18.715
HK.01099,国药控股,2024-03-18 00:00:00,18.265,18.465,18.715,17.965,6.85,0.00189,2536609.0,53094151.0,1.0949904188338313,18.265
HK.01099,国药控股,2024-03-19 00:00:00,18.115,17.915,18.615,17.765,6.671,0.00628,8423244.0,172917555.0,-2.9786081776333644,18.465
HK.01099,国药控股,2024-03-20 00:00:00,17.915,18.165,18.265,17.665,6.752,0.00162,2180108.0,44786910.0,1.3954786491766675,17.915
HK.01099,国药控股,2024-03-21 00:00:00,18.215,18.515,18.815,18.215,6.867,0.00236,3170802.0,66746876.0,1.9267822736030906,18.165
HK.01099,国药控股,2024-03-22 00:00:00,18.265,18.165,18.315,17.715,6.752,0.00208,2790639.0,57403615.0,-1.8903591682419736,18.515
HK.01099,国药控股,2024-03-25 00:00:00,18.115,17.915,18.365,17.765,6.373,0.00279,3739278.0,76558665.0,-1.3762730525736306,18.165
HK.01099,国药控股,2024-03-26 00:00:00,18.465,17.475,18.465,17.255,6.235,0.00642,8608679.0,172652745.0,-2.4560424225509223,17.915
HK.01099,国药控股,2024-03-27 00:00:00,17.765,17.915,18.215,17.615,6.373,0.00239,3200488.0,65558771.0,2.517882689556496,17.475
HK.01099,国药控股,2024-03-28 00:00:00,17.965,17.565,17.965,17.315,6.263,0.00529,7092268.0,142356549.0,-1.953670108847323,17.915
HK.01099,国药控股,2024-04-02 00:00:00,18.065,17.865,18.615,17.565,6.357,0.00705,9461010.0,192690813.0,1.7079419299743646,17.565
HK.01099,国药控股,2024-04-03 00:00:00,17.765,18.065,18.215,17.765,6.419,0.00268,3592130.0,73759811.0,1.1195074167366519,17.865
HK.01099,国药控股,2024-04-05 00:00:00,17.965,17.515,18.065,17.155,6.248,0.00298,3992005.0,79658659.0,-3.0445613063935824,18.065
HK.01099,国药控股,2024-04-08 00:00:00,17.395,17.255,17.715,17.055,6.166,0.0041,5505768.0,109531492.0,-1.4844419069369201,17.515
HK.01099,国药控股,2024-04-09 00:00:00,17.515,17.495,17.765,17.155,6.241,0.00462,6205182.0,123654346.0,1.390901188061443,17.255
HK.01099,国药控股,2024-04-10 00:00:00,17.515,17.315,17.615,17.215,6.185,0.00437,5868745.0,116687203.0,-1.0288653901114588,17.495
HK.01099,国药控股,2024-04-11 00:00:00,16.915,17.375,17.435,16.855,6.204,0.00261,3496278.0,68907301.0,0.34652035807102927,17.315
HK.01099,国药控股,2024-04-12 00:00:00,17.295,16.955,17.295,16.715,6.073,0.00437,5866124.0,113911260.0,-2.4172661870503696,17.375
HK.01099,国药控股,2024-04-15 00:00:00,16.835,17.235,17.375,16.775,6.16,0.00426,5716308.0,111670990.0,1.6514302565614931,16.955
HK.01099,国药控股,2024-04-16 00:00:00,17.235,17.055,17.435,16.935,6.104,0.00354,4751075.0,93164519.0,-1.0443864229764999,17.235
HK.01099,国药控股,2024-04-17 00:00:00,17.055,17.355,17.475,16.775,6.198,0.0041,5498124.0,108424956.0,1.7590149516270932,17.055
HK.01099,国药控股,2024-04-18 00:00:00,17.355,17.295,17.715,17.215,6.179,0.00546,7331359.0,146211827.0,-0.34572169403629344,17.355
HK.01099,国药控股,2024-04-19 00:00:00,17.135,17.395,17.565,16.575,6.21,0.00381,5116540.0,100994913.0,0.5782017924255441,17.295
HK.01099,国药控股,2024-04-22 00:00:00,17.415,18.515,18.715,17.415,6.56,0.00535,7177727.0,149339165.0,6.438631790744473,17.395
HK.01099,国药控股,2024-04-23 00:00:00,18.515,18.415,18.615,18.115,6.529,0.00213,2854571.0,59625482.0,-0.5401026194977122,18.515
HK.01099,国药控股,2024-04-24 00:00:00,18.565,19.115,19.615,18.515,6.747,0.00559,7496349.0,162383483.0,3.801248981808305,18.415
HK.01099,国药控股,2024-04-25 00:00:00,19.115,19.265,19.415,18.915,6.794,0.00339,4552688.0,98565814.0,0.7847240387130638,19.115
HK.01099,国药控股,2024-04-26 00:00:00,19.265,19.065,19.665,18.865,6.732,0.00597,8013009.0,172911037.0,-1.0381520892810758,19.265
HK.01099,国药控股,2024-04-29 00:00:00,18.715,17.715,18.715,16.655,6.31,0.01346,18065782.0,363407342.0,-7.081038552321014,19.065
HK.01099,国药控股,2024-04-30 00:00:00,17.765,17.355,17.965,17.215,6.198,0.00715,9591177.0,191660581.0,-2.032176121930564,17.715
HK.01099,国药控股,2024-05-02 00:00:00,17.335,16.935,17.355,16.835,6.066,0.00587,7881748.0,153193057.0,-2.4200518582541153,17.355
HK.01099,国药控股,2024-05-03 00:00:00,16.995,17.135,17.475,16.895,6.129,0.0041,5504995.0,108069059.0,1.1809861234130667,16.935
HK.01099,国药控股,2024-05-06 00:00:00,17.215,17.765,17.815,17.215,6.326,0.00682,9146341.0,183255206.0,3.6766851473592004,17.135
HK.01099,国药控股,2024-05-07 00:00:00,17.765,17.965,18.215,17.565,6.388,0.00665,8918355.0,182688502.0,1.125809175344775,17.765
HK.01099,国药控股,2024-05-08 00:00:00,18.065,18.265,18.665,17.865,6.482,0.00669,8978843.0,187440593.0,1.6699137211244126,17.965
HK.01099,国药控股,2024-05-09 00:00:00,18.465,18.265,18.865,18.115,6.482,0.00616,8258930.0,173540310.0,0.0,18.265
HK.01099,国药控股,2024-05-10 00:00:00,18.265,19.015,19.415,18.265,6.716,0.00629,8433489.0,180911894.0,4.106214070626882,18.265
HK.01099,国药控股,2024-05-13 00:00:00,19.165,19.765,19.915,18.865,6.95,0.0061,8191657.0,181158382.0,3.944254535892716,19.015
HK.01099,国药控股,2024-05-14 00:00:00,19.765,20.065,20.465,19.415,7.044,0.00609,8171275.0,185056911.0,1.517834556033396,19.765
HK.01099,国药控股,2024-05-16 00:00:00,20.065,19.815,20.065,19.565,6.966,0.00409,5481640.0,122126488.0,-1.24595066035385,20.065
HK.01099,国药控股,2024-05-17 00:00:00,19.715,19.465,20.015,19.215,6.857,0.00541,7259546.0,159299828.0,-1.7663386323492376,19.815
HK.01099,国药控股,2024-05-20 00:00:00,19.465,19.515,20.065,19.315,6.872,0.00424,5684977.0,125539314.0,0.2568713074749587,19.465
HK.01099,国药控股,2024-05-21 00:00:00,19.465,18.965,19.465,18.715,6.701,0.00314,4216148.0,90523329.0,-2.818344862925958,19.515
HK.01099,国药控股,2024-05-22 00:00:00,18.965,19.015,19.365,18.765,6.716,0.00353,4742560.0,102224977.0,0.2636435539151105,18.965
HK.01099,国药控股,2024-05-23 00:00:00,19.015,18.965,19.315,18.765,6.701,0.00268,3592659.0,77219238.0,-0.26295030239285144,19.015
HK.01099,国药控股,2024-05-24 00:00:00,18.815,18.815,19.265,18.665,6.654,0.00366,4904516.0,105005614.0,-0.7909306617453128,18.965
HK.01099,国药控股,2024-05-27 00:00:00,18.615,19.215,19.265,18.515,6.779,0.004,5373148.0,115296210.0,2.1259633271325993,18.815
HK.01099,国药控股,2024-05-28 00:00:00,19.165,18.915,19.365,18.765,6.685,0.00258,3466646.0,74523164.0,-1.5612802498048437,19.215
HK.01099,国药控股,2024-05-29 00:00:00,18.715,18.515,18.915,18.515,6.56,0.00422,5666341.0,119761024.0,-2.1147237642082928,18.915
HK.01099,国药控股,2024-05-30 00:00:00,18.515,18.515,18.765,18.365,6.56,0.00468,6280703.0,132012674.0,0.0,18.515
HK.01099,国药控股,2024-05-31 00:00:00,18.965,18.715,19.365,18.415,6.622,0.01724,23135424.0,490888607.0,1.0802052389954053,18.515
HK.01099,国药控股,2024-06-03 00:00:00,18.815,18.665,19.265,18.565,6.607,0.00403,5411619.0,115362498.0,-0.2671653753673562,18.715
HK.01099,国药控股,2024-06-04 00:00:00,18.715,18.915,19.115,18.615,6.685,0.0023,3081969.0,65884974.0,1.339405304045004,18.665
HK.01099,国药控股,2024-06-05 00:00:00,19.015,19.065,19.915,18.865,6.732,0.00551,7390200.0,161155340.0,0.7930214115781239,18.915
HK.01099,国药控股,2024-06-06 00:00:00,19.265,19.615,20.065,19.265,6.904,0.00643,8626931.0,191001013.0,2.8848675583529877,19.065
HK.01099,国药控股,2024-06-07 00:00:00,19.615,20.065,20.215,19.615,7.044,0.00632,8483546.0,191072373.0,2.294162630639831,19.615
HK.01099,国药控股,2024-06-11 00:00:00,19.865,19.315,20.015,19.065,6.81,0.0052,6974162.0,152946071.0,-3.73785198106155,20.065
HK.01099,国药控股,2024-06-12 00:00:00,19.265,19.165,19.465,18.815,6.763,0.00386,5174215.0,112020782.0,-0.7765984985762471,19.315
HK.01099,国药控股,2024-06-13 00:00:00,19.515,19.265,20.015,19.065,6.794,0.00366,4916359.0,107496711.0,0.5217845030002684,19.165
HK.01099,国药控股,2024-06-14 00:00:00,19.165,19.565,19.715,18.965,6.888,0.00372,4994068.0,109814532.0,1.5572281339216232,19.265
HK.01099,国药控股,2024-06-17 00:00:00,19.471,19.071,19.771,18.871,6.435,0.00374,5022850.0,104823744.0,-2.5249169435215935,19.565
HK.01099,国药控股,2024-06-18 00:00:00,19.071,19.421,19.521,18.921,6.544,0.00235,3159124.0,65785255.0,1.8352472340202288,19.071
HK.01099,国药控股,2024-06-19 00:00:00,19.121,20.621,20.671,19.121,6.919,0.00453,6076080.0,132715370.0,6.1788785335461585,19.421
HK.01099,国药控股,2024-06-20 00:00:00,20.571,20.621,21.371,20.271,6.919,0.00747,10024458.0,224357904.0,0.0,20.621
HK.01099,国药控股,2024-06-21 00:00:00,20.621,20.371,20.821,20.171,6.841,0.00435,5831914.0,128015226.0,-1.2123563357742109,20.621
HK.01099,国药控股,2024-06-24 00:00:00,20.371,19.971,20.471,19.871,6.716,0.0024,3221562.0,69508901.0,-1.9635756712974257,20.371
HK.01099,国药控股,2024-06-25 00:00:00,20.021,19.871,20.271,19.521,6.685,0.00445,5973648.0,127348325.0,-0.5007260527765331,19.971
HK.01099,国药控股,2024-06-26 00:00:00,19.571,19.371,20.021,19.271,6.529,0.00439,5890324.0,123607828.0,-2.5162296814453224,19.871
HK.01099,国药控股,2024-06-27 00:00:00,19.371,19.021,19.421,18.821,6.419,0.00299,4016280.0,82713114.0,-1.806824634763295,19.371
HK.01099,国药控股,2024-06-28 00:00:00,18.821,19.221,19.471,18.821,6.482,0.00415,5571163.0,115716731.0,1.0514694285263617,19.021
HK.01099,国药控股,2024-07-02 00:00:00,19.021,19.271,19.521,19.021,6.497,0.00302,4057738.0,84489218.0,0.2601321471307461,19.221
HK.01099,国药控股,2024-07-03 00:00:00,19.271,19.221,19.621,19.171,6.482,0.00277,3717893.0,77591434.0,-0.25945721550516687,19.271
HK.01099,国药控股,2024-07-04 00:00:00,19.421,19.171,19.471,18.971,6.466,0.00403,5407427.0,111854506.0,-0.2601321471307461,19.221
HK.01099,国药控股,2024-07-05 00:00:00,19.171,18.921,19.421,18.571,6.388,0.003,4030794.0,82611283.0,-1.3040529967137866,19.171
HK.01099,国药控股,2024-07-08 00:00:00,19.121,18.721,19.121,18.451,6.326,0.00347,4659957.0,93824053.0,-1.0570265842185895,18.921
HK.01099,国药控股,2024-07-09 00:00:00,18.721,18.271,18.721,17.851,6.185,0.00502,6736693.0,132401470.0,-2.403717750120182,18.721
HK.01099,国药控股,2024-07-10 00:00:00,18.051,18.011,18.391,17.971,6.104,0.00267,3579524.0,70421006.0,-1.4230200864758447,18.271
HK.01099,国药控股,2024-07-11 00:00:00,18.051,18.271,18.471,18.051,6.185,0.0024,3227051.0,64031138.0,1.4435622675032012,18.011
HK.01099,国药控股,2024-07-12 00:00:00,18.471,18.331,18.471,18.071,6.204,0.00311,4167800.0,82608428.0,0.32838925072518593,18.271
HK.01099,国药控股,2024-07-15 00:00:00,18.351,18.071,18.351,17.991,6.123,0.00192,2578910.0,50586482.0,-1.4183623370247014,18.331
HK.01099,国药控股,2024-07-16 00:00:00,17.851,17.691,17.951,17.631,6.004,0.00292,3917783.0,75461182.0,-2.1028166675889683,18.071
HK.01099,国药控股,2024-07-17 00:00:00,17.691,17.551,17.971,17.491,5.96,0.00448,6010584.0,115311521.0,-0.79136283986208,17.691
HK.01099,国药控股,2024-07-18 00:00:00,17.551,17.711,17.811,17.531,6.01,0.00358,4799152.0,92332273.0,0.9116289670104277,17.551
HK.01099,国药控股,2024-07-19 00:00:00,17.571,17.371,17.711,17.091,5.904,0.00629,8446529.0,159156240.0,-1.919710914121167,17.711
HK.01099,国药控股,2024-07-22 00:00:00,17.451,17.491,17.551,17.111,5.941,0.0028,3755167.0,71037133.0,0.6908065166081458,17.371
HK.01099,国药控股,2024-07-23 00:00:00,17.591,17.351,17.751,17.351,5.898,0.00221,2964231.0,56323597.0,-0.8004116402721433,17.491
HK.01099,国药控股,2024-07-24 00:00:00,17.351,17.091,17.351,16.991,5.816,0.00335,4497705.0,83716826.0,-1.4984727105065876,17.351
HK.01099,国药控股,2024-07-25 00:00:00,17.031,16.851,17.151,16.851,5.741,0.00373,5002398.0,92464904.0,-1.4042478497454915,17.091
HK.01099,国药控股,2024-07-26 00:00:00,16.931,16.891,17.071,16.751,5.754,0.00228,3055484.0,56286719.0,0.23737463652008278,16.851
HK.01099,国药控股,2024-07-29 00:00:00,16.991,16.851,17.091,16.811,5.741,0.00267,3585188.0,66100987.0,-0.23681250370019033,16.891
HK.01099,国药控股,2024-07-30 00:00:00,16.971,16.311,16.971,16.071,5.573,0.00705,9458828.0,168540315.0,-3.204557593021181,16.851
HK.01099,国药控股,2024-07-31 00:00:00,16.451,16.831,17.031,16.431,5.735,0.0049,6573487.0,120483345.0,3.188032616025992,16.311
HK.01099,国药控股,2024-08-01 00:00:00,17.011,16.911,17.291,16.471,5.76,0.00553,7419367.0,136409615.0,0.4753134097795844,16.831
HK.01099,国药控股,2024-08-02 00:00:00,16.851,17.171,17.191,16.571,5.841,0.00354,4744636.0,88454418.0,1.5374608243155223,16.911
HK.01099,国药控股,2024-08-05 00:00:00,17.071,17.211,17.591,16.831,5.854,0.00456,6113953.0,114732499.0,0.23295090559664056,17.171
HK.01099,国药控股,2024-08-06 00:00:00,17.231,17.311,17.431,17.091,5.885,0.00376,5042677.0,94976348.0,0.5810237638719506,17.211
HK.01099,国药控股,2024-08-07 00:00:00,17.371,17.831,18.011,17.351,6.048,0.00396,5308737.0,102583152.0,3.0038703714401223,17.311
HK.01099,国药控股,2024-08-08 00:00:00,17.831,18.091,18.311,17.591,6.129,0.00425,5701595.0,111897532.0,1.4581347092142987,17.831
HK.01099,国药控股,2024-08-09 00:00:00,17.971,18.451,18.921,17.811,6.241,0.00464,6229125.0,124759433.0,1.9899397490464839,18.091
HK.01099,国药控股,2024-08-12 00:00:00,18.451,18.671,18.771,18.371,6.31,0.00222,2974053.0,59910817.0,1.1923472982494112,18.451
HK.01099,国药控股,2024-08-13 00:00:00,18.671,18.821,18.871,18.431,6.357,0.0019,2550033.0,51643088.0,0.8033849284987528,18.671
HK.01099,国药控股,2024-08-14 00:00:00,18.821,18.351,18.871,18.151,6.21,0.00319,4285228.0,85123093.0,-2.497210562669371,18.821
HK.01099,国药控股,2024-08-15 00:00:00,18.251,18.171,18.271,17.991,6.154,0.0025,3361028.0,66101876.0,-0.9808729769494835,18.351
HK.01099,国药控股,2024-08-16 00:00:00,18.091,18.271,18.451,17.991,6.185,0.00183,2451700.0,48586943.0,0.5503274448296815,18.171
HK.01099,国药控股,2024-08-19 00:00:00,18.571,18.091,18.721,17.991,6.129,0.00254,3413688.0,67444710.0,-0.9851677521755772,18.271
HK.01099,国药控股,2024-08-20 00:00:00,18.111,18.071,18.411,17.931,6.123,0.00241,3230190.0,63531101.0,-0.11055220828035804,18.091
HK.01099,国药控股,2024-08-21 00:00:00,17.931,17.731,18.071,17.491,6.016,0.00426,5722361.0,110120919.0,-1.8814675446848534,18.071
HK.01099,国药控股,2024-08-22 00:00:00,17.731,17.231,17.751,16.811,5.86,0.00699,9375046.0,174655072.0,-2.819919914274434,17.731
HK.01099,国药控股,2024-08-23 00:00:00,17.291,17.031,17.471,16.751,5.798,0.00237,3178060.0,58797659.0,-1.160698740641883,17.231
HK.01099,国药控股,2024-08-26 00:00:00,17.031,16.571,17.031,15.771,5.654,0.0087,11668666.0,207885358.0,-2.700957078269023,17.031
HK.01099,国药控股,2024-08-27 00:00:00,16.471,16.211,16.631,15.811,5.542,0.00858,11517874.0,203307021.0,-2.172469977671854,16.571
HK.01099,国药控股,2024-08-28 00:00:00,16.191,16.111,16.271,15.971,5.51,0.00468,6277203.0,110465488.0,-0.616865091604453,16.211
HK.01099,国药控股,2024-08-29 00:00:00,16.371,16.631,16.711,16.111,5.673,0.00543,7286109.0,131526572.0,3.227608466265282,16.111
HK.01099,国药控股,2024-08-30 00:00:00,16.811,16.651,16.911,16.571,5.679,0.00909,12192248.0,222351200.0,0.12025735073056085,16.631
HK.01099,国药控股,2024-09-02 00:00:00,16.591,16.371,16.671,16.291,5.592,0.0047,6307246.0,113384787.0,-1.6815806858447007,16.651
HK.01099,国药控股,2024-09-03 00:00:00,16.311,16.071,16.391,15.951,5.498,0.00332,4452671.0,78524827.0,-1.8325087044163288,16.371
HK.01099,国药控股,2024-09-04 00:00:00,15.871,15.530999999,15.891,15.431,5.329,0.00602,8079159.0,138146745.0,-3.360089608611791,16.071
HK.01099,国药控股,2024-09-05 00:00:00,15.631,15.291,15.771,15.151,5.254,0.00794,10652566.0,179532853.0,-1.5452964974274233,15.530999999
HK.01099,国药控股,2024-09-09 00:00:00,15.231,14.911,15.451,14.751,5.135,0.00687,9215968.0,151971766.0,-2.485121967170236,15.291
HK.01099,国药控股,2024-09-10 00:00:00,14.891,14.731,14.911,14.550999999,5.079,0.00432,5802262.0,94158030.0,-1.2071624974850763,14.911
HK.01099,国药控股,2024-09-11 00:00:00,14.631,14.530999999,14.791,14.491,5.017,0.00736,9869510.0,159081272.0,-1.3576810875025414,14.731
HK.01099,国药控股,2024-09-12 00:00:00,14.550999999,14.831,14.971,14.550999999,5.11,0.00417,5594714.0,91340214.0,2.06455165522431,14.530999999
HK.01099,国药控股,2024-09-13 00:00:00,14.870999999,15.111,15.751,14.771,5.198,0.00694,9316700.0,156708849.0,1.887937428359525,14.831
HK.01099,国药控股,2024-09-16 00:00:00,15.131,15.210999999,15.251,14.891,5.229,0.00295,3963200.0,66150154.0,0.6617695652173884,15.111
HK.01099,国药控股,2024-09-17 00:00:00,15.171,15.431,15.511,15.071,5.298,0.0024,3215018.0,54369853.0,1.4463217475147074,15.210999999
HK.01099,国药控股,2024-09-19 00:00:00,15.411,15.591,15.711,15.231,5.348,0.0063,8452478.0,144021832.0,1.0368738254163707,15.431
HK.01099,国药控股,2024-09-20 00:00:00,15.571,15.631,15.711,15.311,5.36,0.01396,18731692.0,320678937.0,0.25655827079726073,15.591
HK.01099,国药控股,2024-09-23 00:00:00,15.631,15.711,16.111,15.631,5.385,0.00545,7309412.0,126831602.0,0.5118034674684926,15.631
HK.01099,国药控股,2024-09-24 00:00:00,16.011,16.451,16.531,15.591,5.616,0.0091,12215489.0,216206280.0,4.710075743109924,15.711
HK.01099,国药控股,2024-09-25 00:00:00,16.951,16.671,17.331,16.471,5.685,0.01215,16308243.0,299453246.0,1.3373047231171287,16.451
HK.01099,国药控股,2024-09-26 00:00:00,16.771,17.251,17.311,16.471,5.866,0.00677,9081214.0,168956598.0,3.479095435186862,16.671
HK.01099,国药控股,2024-09-27 00:00:00,17.571,18.721,19.021,17.331,6.326,0.0169,22674099.0,456300365.0,8.521245145208967,17.251
HK.01099,国药控股,2024-09-30 00:00:00,19.221,19.271,19.871,18.671,6.497,0.01007,13511115.0,280947784.0,2.9378772501468973,18.721
HK.01099,国药控股,2024-10-02 00:00:00,18.871,20.421,20.871,18.871,6.857,0.00755,10137146.0,220590169.0,5.967515956618746,19.271
HK.01099,国药控股,2024-10-03 00:00:00,20.221,20.421,20.671,19.371,6.857,0.00466,6247578.0,135211860.0,0.0,20.421
HK.01099,国药控股,2024-10-04 00:00:00,20.321,21.071,21.371,20.071,7.06,0.00642,8615566.0,192890122.0,3.1829978943244805,20.421
HK.01099,国药控股,2024-10-07 00:00:00,21.321,22.021,22.121,21.271,7.357,0.00564,7563118.0,176425172.0,4.508566275924252,21.071
HK.01099,国药控股,2024-10-08 00:00:00,21.721,19.471,21.821,19.071,6.56,0.01643,22040558.0,474862048.0,-11.579855592389086,22.021
HK.01099,国药控股,2024-10-09 00:00:00,19.871,18.821,20.421,18.521,6.357,0.01367,18338790.0,382122578.0,-3.3382979816136746,19.471
HK.01099,国药控股,2024-10-10 00:00:00,19.471,19.321,19.871,19.021,6.513,0.01294,17359651.0,364750036.0,2.6566069815631472,18.821
HK.01099,国药控股,2024-10-14 00:00:00,18.521,18.671,18.821,18.011,6.31,0.01059,14207027.0,284116537.0,-3.364215102737964,19.321
HK.01099,国药控股,2024-10-15 00:00:00,18.671,18.191,18.821,18.011,6.16,0.00624,8378096.0,166624912.0,-2.5708317711959747,18.671
HK.01099,国药控股,2024-10-16 00:00:00,18.191,18.291,18.721,18.031,6.191,0.0055,7373385.0,146779272.0,0.5497223901929604,18.191
HK.01099,国药控股,2024-10-17 00:00:00,18.411,17.971,18.771,17.871,6.091,0.00537,7199634.0,142356253.0,-1.749494286807721,18.291
HK.01099,国药控股,2024-10-18 00:00:00,17.871,18.571,18.721,17.871,6.279,0.00498,6679956.0,132529624.0,3.3387123699293384,17.971
HK.01099,国药控股,2024-10-21 00:00:00,18.571,18.671,18.921,18.411,6.31,0.00415,5563268.0,112299892.0,0.5384739647837912,18.571
HK.01099,国药控股,2024-10-22 00:00:00,18.571,18.721,19.071,18.471,6.326,0.00589,7905213.0,160062091.0,0.2677949761662509,18.671
HK.01099,国药控股,2024-10-23 00:00:00,18.721,18.971,19.321,18.291,6.404,0.00729,9783302.0,201196109.0,1.33539875006677,18.721
HK.01099,国药控股,2024-10-24 00:00:00,18.821,18.521,18.921,18.471,6.263,0.00552,7402706.0,149117663.0,-2.372041537082912,18.971
HK.01099,国药控股,2024-10-25 00:00:00,18.351,18.451,18.521,17.631,6.241,0.00918,12323200.0,243181218.0,-0.37794935478646013,18.521
HK.01099,国药控股,2024-10-28 00:00:00,18.291,18.771,18.821,18.051,6.341,0.00814,10915881.0,219283797.0,1.734323342908245,18.451
HK.01099,国药控股,2024-10-29 00:00:00,18.721,18.521,19.221,18.311,6.263,0.00713,9562158.0,193207544.0,-1.3318416706621916,18.771
HK.01099,国药控股,2024-10-30 00:00:00,18.331,17.991,18.571,17.691,6.098,0.0068,9129036.0,177779029.0,-2.861616543383193,18.521
HK.01099,国药控股,2024-10-31 00:00:00,17.991,17.811,18.051,17.771,6.041,0.00449,6024172.0,116870622.0,-1.0005002501250608,17.991
HK.01099,国药控股,2024-11-01 00:00:00,17.651,18.051,18.091,17.591,6.116,0.00328,4395278.0,85697067.0,1.3474818932120511,17.811
HK.01099,国药控股,2024-11-04 00:00:00,18.111,18.091,18.231,17.771,6.129,0.00379,5083182.0,99148228.0,0.2215943715029788,18.051
HK.01099,国药控股,2024-11-05 00:00:00,18.071,18.351,18.351,17.851,6.21,0.00533,7147974.0,140339711.0,1.4371787076446743,18.091
HK.01099,国药控股,2024-11-06 00:00:00,18.171,18.371,18.671,18.071,6.216,0.00615,8255930.0,164179141.0,0.10898588632771823,18.351
HK.01099,国药控股,2024-11-07 00:00:00,18.371,18.871,19.071,18.251,6.373,0.00756,10140275.0,206567186.0,2.7216809101300967,18.371
HK.01099,国药控股,2024-11-08 00:00:00,18.821,18.721,19.121,18.471,6.326,0.00445,5977370.0,121637343.0,-0.7948704361189052,18.871
HK.01099,国药控股,2024-11-11 00:00:00,18.371,19.171,19.271,18.331,6.466,0.00876,11753840.0,241546502.0,2.403717750120182,18.721
HK.01099,国药控股,2024-11-12 00:00:00,19.571,19.621,20.721,19.171,6.607,0.01701,22821520.0,485268941.0,2.347295394084812,19.171
HK.01099,国药控股,2024-11-13 00:00:00,19.371,19.271,19.821,18.921,6.497,0.00856,11479616.0,239213350.0,-1.7838030681412664,19.621
HK.01099,国药控股,2024-11-14 00:00:00,19.021,18.721,19.271,18.521,6.326,0.01006,13495636.0,274838416.0,-2.8540293705567987,19.271
HK.01099,国药控股,2024-11-15 00:00:00,18.671,18.671,19.121,18.571,6.31,0.007,9396164.0,191162627.0,-0.26707975001335776,18.721
HK.01099,国药控股,2024-11-18 00:00:00,18.671,19.121,19.271,18.571,6.451,0.00804,10786971.0,221227055.0,2.4101547854962204,18.671
HK.01099,国药控股,2024-11-19 00:00:00,19.121,19.171,19.371,18.921,6.466,0.00548,7351300.0,152424745.0,0.26149259975943057,19.121
HK.01099,国药控股,2024-11-20 00:00:00,19.071,19.771,19.871,18.971,6.654,0.00587,7877224.0,167038838.0,3.129727192113095,19.171
HK.01099,国药控股,2024-11-21 00:00:00,19.771,19.021,19.771,18.971,6.419,0.00398,5344449.0,110445094.0,-3.7934348287896413,19.771
HK.01099,国药控股,2024-11-22 00:00:00,19.021,18.521,19.321,18.271,6.263,0.00859,11525884.0,232875896.0,-2.6286735713159137,19.021
HK.01099,国药控股,2024-11-25 00:00:00,18.571,19.071,19.121,18.471,6.435,0.0138,18515105.0,379557797.0,2.9696020733221786,18.521
HK.01099,国药控股,2024-11-26 00:00:00,18.671,18.921,19.321,18.671,6.388,0.00385,5170119.0,106161136.0,-0.7865345288658284,19.071
HK.01099,国药控股,2024-11-27 00:00:00,18.971,19.221,19.321,18.821,6.482,0.00383,5143207.0,106123130.0,1.5855398763278932,18.921
HK.01099,国药控股,2024-11-28 00:00:00,19.271,18.571,19.271,18.351,6.279,0.00641,8596643.0,172978269.0,-3.3817179126996435,19.221
HK.01099,国药控股,2024-11-29 00:00:00,18.571,18.771,19.071,18.571,6.341,0.00794,10658800.0,216527021.0,1.0769479295676014,18.571
HK.01099,国药控股,2024-12-02 00:00:00,19.171,19.021,19.171,18.821,6.419,0.00522,7006052.0,144009464.0,1.3318416706621916,18.771
HK.01099,国药控股,2024-12-03 00:00:00,19.121,19.271,19.371,18.871,6.497,0.00787,10561293.0,218738120.0,1.3143367856579569,19.021
HK.01099,国药控股,2024-12-04 00:00:00,19.471,19.421,19.521,19.121,6.544,0.00358,4797195.0,100072582.0,0.7783716465154822,19.271
HK.01099,国药控股,2024-12-05 00:00:00,19.221,18.971,19.221,18.821,6.404,0.00313,4200948.0,86234156.0,-2.317079450079807,19.421
HK.01099,国药控股,2024-12-06 00:00:00,18.971,19.021,19.171,18.771,6.419,0.00607,8141353.0,166932829.0,0.2635601707869944,18.971
HK.01099,国药控股,2024-12-09 00:00:00,19.021,19.621,19.621,18.721,6.607,0.00727,9757068.0,201689364.0,3.154408285579086,19.021
HK.01099,国药控股,2024-12-10 00:00:00,20.371,19.671,20.371,19.621,6.622,0.0097,13010612.0,279326927.0,0.2548290097344718,19.621
HK.01099,国药控股,2024-12-11 00:00:00,19.671,19.671,19.971,19.471,6.622,0.00609,8171578.0,173423711.0,0.0,19.671
HK.01099,国药控股,2024-12-12 00:00:00,19.571,20.021,20.121,19.371,6.732,0.00481,6459951.0,138709821.0,1.7792689746327153,19.671
HK.01099,国药控股,2024-12-13 00:00:00,19.871,20.421,20.571,19.821,6.857,0.01043,13996203.0,305504119.0,1.9979022026871713,20.021
HK.01099,国药控股,2024-12-16 00:00:00,20.421,20.621,20.821,20.371,6.919,0.00746,10004889.0,221483488.0,0.9793839674844488,20.421
HK.01099,国药控股,2024-12-17 00:00:00,20.621,19.971,20.671,19.871,6.716,0.00406,5445685.0,118153206.0,-3.1521264730129417,20.621
HK.01099,国药控股,2024-12-18 00:00:00,20.021,20.171,20.521,20.021,6.779,0.0032,4299434.0,93487213.0,1.0014521055530483,19.971
HK.01099,国药控股,2024-12-19 00:00:00,19.971,19.971,20.171,19.821,6.716,0.00298,4002986.0,86085483.0,-0.9915224827722934,20.171
HK.01099,国药控股,2024-12-20 00:00:00,19.921,19.921,20.071,19.771,6.701,0.00437,5867843.0,125876144.0,-0.2503630263882666,19.971
HK.01099,国药控股,2024-12-23 00:00:00,20.221,20.171,20.271,19.921,6.779,0.00272,3645380.0,79017524.0,1.254957080467848,19.921
HK.01099,国药控股,2024-12-24 00:00:00,20.121,20.421,20.771,20.121,6.857,0.00184,2472400.0,54660680.0,1.2394031034653712,20.171
HK.01099,国药控股,2024-12-27 00:00:00,20.321,20.321,20.721,20.171,6.825,0.00224,3009941.0,66177412.0,-0.48969198374221573,20.421
HK.01099,国药控股,2024-12-30 00:00:00,20.221,20.021,20.371,20.021,6.732,0.00326,4373486.0,94846424.0,-1.4763052999360302,20.321
HK.01099,国药控股,2024-12-31 00:00:00,20.021,19.771,20.171,19.771,6.654,0.00307,4119069.0,88469427.0,-1.2486888766794866,20.021
HK.01099,国药控股,2025-01-02 00:00:00,19.571,19.321,19.821,19.171,6.513,0.00345,4634312.0,97032610.0,-2.2760608972737812,19.771
HK.01099,国药控股,2025-01-03 00:00:00,19.521,19.271,19.621,19.071,6.497,0.00316,4233843.0,88194944.0,-0.2587857771336924,19.321
HK.01099,国药控股,2025-01-06 00:00:00,19.271,19.521,19.721,18.971,6.576,0.00546,7322076.0,152144162.0,1.297286077525816,19.271
HK.01099,国药控股,2025-01-07 00:00:00,19.521,18.871,19.571,18.621,6.373,0.00398,5337791.0,109295164.0,-3.3297474514625383,19.521
HK.01099,国药控股,2025-01-08 00:00:00,18.821,18.771,19.071,18.571,6.341,0.00316,4241217.0,86053995.0,-0.5299136240792638,18.871
HK.01099,国药控股,2025-01-09 00:00:00,18.771,18.621,18.871,18.521,6.294,0.0026,3485200.0,70392220.0,-0.7991050023973264,18.771
HK.01099,国药控股,2025-01-10 00:00:00,18.971,18.451,18.971,18.351,6.241,0.00316,4240972.0,85015870.0,-0.9129477471671669,18.621
HK.01099,国药控股,2025-01-13 00:00:00,18.271,18.351,18.411,17.911,6.21,0.00304,4083068.0,80612361.0,-0.5419760446588338,18.451
HK.01099,国药控股,2025-01-14 00:00:00,18.451,18.621,18.671,18.211,6.294,0.00243,3255049.0,65279910.0,1.4713094654242254,18.351
HK.01099,国药控股,2025-01-15 00:00:00,18.621,18.621,18.771,18.471,6.294,0.00243,3262831.0,65770508.0,0.0,18.621
HK.01099,国药控股,2025-01-16 00:00:00,18.621,18.921,19.121,18.621,6.388,0.00321,4300900.0,87915189.0,1.6110842597067867,18.621
HK.01099,国药控股,2025-01-17 00:00:00,19.121,18.871,19.121,18.671,6.373,0.00286,3834577.0,78263600.0,-0.26425664605465204,18.921
HK.01099,国药控股,2025-01-20 00:00:00,18.871,18.411,19.071,18.411,6.229,0.00472,6333538.0,127486641.0,-2.4376026707646514,18.871
HK.01099,国药控股,2025-01-21 00:00:00,18.721,18.721,18.871,18.451,6.326,0.00193,2588595.0,52378258.0,1.6837760034761757,18.411
HK.01099,国药控股,2025-01-22 00:00:00,18.721,18.771,18.871,18.471,6.341,0.00185,2480217.0,50269082.0,0.26707975001335776,18.721
HK.01099,国药控股,2025-01-23 00:00:00,18.771,18.571,18.921,18.471,6.279,0.00369,4957312.0,100111350.0,-1.0654733365297495,18.771
HK.01099,国药控股,2025-01-24 00:00:00,18.521,18.571,19.071,18.231,6.279,0.00266,3569620.0,72199902.0,0.0,18.571
HK.01099,国药控股,2025-01-27 00:00:00,18.671,18.971,19.171,18.621,6.404,0.00292,3917383.0,80300275.0,2.153895859135203,18.571
HK.01099,国药控股,2025-01-28 00:00:00,19.171,19.021,19.171,18.821,6.419,0.00099,1325262.0,27212551.0,0.2635601707869944,18.971
HK.01099,国药控股,2025-02-03 00:00:00,18.921,18.571,19.021,18.371,6.279,0.00334,4476315.0,90056077.0,-2.365806214184319,19.021
HK.01099,国药控股,2025-02-04 00:00:00,18.771,18.451,18.771,18.091,6.241,0.00607,8144183.0,162344580.0,-0.6461687577405686,18.571
HK.01099,国药控股,2025-02-05 00:00:00,18.521,18.571,18.671,18.371,6.279,0.00488,6548907.0,131109276.0,0.6503712535905967,18.451
HK.01099,国药控股,2025-02-06 00:00:00,18.571,19.071,19.171,18.521,6.435,0.00448,6005267.0,122124494.0,2.6923698239190132,18.571
HK.01099,国药控股,2025-02-07 00:00:00,18.771,18.391,18.971,18.291,6.223,0.00605,8116052.0,162891795.0,-3.565623197525055,19.071
HK.01099,国药控股,2025-02-10 00:00:00,18.451,18.431,18.871,18.351,6.235,0.00424,5682907.0,114042118.0,0.21749768908706812,18.391
HK.01099,国药控股,2025-02-11 00:00:00,18.331,18.151,18.571,18.131,6.148,0.00479,6430728.0,127576558.0,-1.51917964299279,18.431
HK.01099,国药控股,2025-02-12 00:00:00,18.271,18.231,18.521,18.131,6.173,0.00417,5593416.0,110740796.0,0.4407470662773503,18.151
HK.01099,国药控股,2025-02-13 00:00:00,18.171,17.951,18.331,17.771,6.085,0.00548,7351061.0,144290527.0,-1.5358455378202025,18.231
HK.01099,国药控股,2025-02-14 00:00:00,18.251,18.391,18.391,18.091,6.223,0.00408,5468081.0,108100204.0,2.451116929418961,17.951
HK.01099,国药控股,2025-02-17 00:00:00,18.091,18.411,18.771,18.091,6.229,0.00591,7927458.0,158268449.0,0.10874884454354374,18.391
HK.01099,国药控股,2025-02-18 00:00:00,18.411,18.471,18.521,18.111,6.248,0.00275,3687551.0,73240908.0,0.32589212970506065,18.411
HK.01099,国药控股,2025-02-19 00:00:00,18.411,18.231,18.471,18.131,6.173,0.00385,5161344.0,102108388.0,-1.2993340912782114,18.471
HK.01099,国药控股,2025-02-20 00:00:00,18.111,18.521,18.621,18.111,6.263,0.00342,4594820.0,91871240.0,1.590697164170913,18.231
HK.01099,国药控股,2025-02-21 00:00:00,18.671,18.271,18.671,18.031,6.185,0.00395,5305397.0,104965081.0,-1.3498191242373523,18.521
HK.01099,国药控股,2025-02-24 00:00:00,18.031,18.391,18.571,18.011,6.223,0.00433,5810009.0,115580566.0,0.6567785014503719,18.271
HK.01099,国药控股,2025-02-25 00:00:00,18.391,18.331,18.521,18.151,6.204,0.00366,4907780.0,97403438.0,-0.3262465336305732,18.391
HK.01099,国药控股,2025-02-26 00:00:00,18.451,18.391,18.521,18.171,6.223,0.00363,4868745.0,96850841.0,0.32731438546723435,18.331
HK.01099,国药控股,2025-02-27 00:00:00,18.231,19.021,19.121,18.231,6.419,0.00592,7938637.0,161848504.0,3.4255886031211062,18.391
HK.01099,国药控股,2025-02-28 00:00:00,19.021,18.051,19.021,18.031,6.116,0.00883,11853498.0,233564087.0,-5.099626728352886,19.021
HK.01099,国药控股,2025-03-03 00:00:00,18.051,18.051,18.391,17.951,6.116,0.00413,5543189.0,108837825.0,0.0,18.051
HK.01099,国药控股,2025-03-04 00:00:00,17.911,17.891,18.131,17.851,6.066,0.00289,3871255.0,75376690.0,-0.8863774860118561,18.051
HK.01099,国药控股,2025-03-05 00:00:00,17.891,18.151,18.231,17.891,6.148,0.00247,3309161.0,64968224.0,1.453244648147122,17.891
HK.01099,国药控股,2025-03-06 00:00:00,18.391,18.471,18.571,18.291,6.248,0.00295,3959394.0,79013836.0,1.762988265109362,18.151
HK.01099,国药控股,2025-03-07 00:00:00,18.431,18.051,18.671,17.931,6.116,0.0072,9665664.0,190244772.0,-2.2738346597368944,18.471
HK.01099,国药控股,2025-03-10 00:00:00,17.971,17.871,18.191,17.691,6.06,0.00463,6207584.0,120380677.0,-0.9971746717633357,18.051
HK.01099,国药控股,2025-03-11 00:00:00,17.871,18.111,18.131,17.651,6.135,0.00451,6053035.0,118100121.0,1.3429578646970064,17.871
HK.01099,国药控股,2025-03-12 00:00:00,18.011,17.731,18.291,17.611,6.016,0.00717,9618629.0,185359523.0,-2.098172381425647,18.111
HK.01099,国药控股,2025-03-13 00:00:00,17.731,17.871,17.951,17.671,6.06,0.00327,4385933.0,84870645.0,0.7895775759968247,17.731
HK.01099,国药控股,2025-03-14 00:00:00,17.971,17.971,18.091,17.771,6.091,0.00511,6855654.0,133787924.0,0.5595657769570893,17.871
HK.01099,国药控股,2025-03-17 00:00:00,18.071,18.131,18.351,17.951,6.141,0.00583,7820382.0,153791626.0,0.8903232986478222,17.971
HK.01099,国药控股,2025-03-18 00:00:00,18.171,18.291,18.521,18.131,6.191,0.00792,10624168.0,210899060.0,0.8824664938503124,18.131
HK.01099,国药控股,2025-03-19 00:00:00,18.291,18.371,18.371,18.151,6.216,0.00892,11969879.0,237401018.0,0.43737357170192054,18.291
HK.01099,国药控股,2025-03-20 00:00:00,18.291,18.111,18.671,18.091,6.135,0.00664,8912847.0,176734906.0,-1.4152740732676394,18.371
HK.01099,国药控股,2025-03-21 00:00:00,18.111,17.851,18.111,17.591,6.054,0.00691,9275030.0,179432982.0,-1.4355916293965079,18.111
HK.01099,国药控股,2025-03-24 00:00:00,17.671,17.251,17.891,17.051,7.699,0.00745,9990201.0,187822475.0,-3.361156237745773,17.851
HK.01099,国药控股,2025-03-25 00:00:00,17.251,16.831,17.251,16.551,7.527,0.00981,13169144.0,240802493.0,-2.4346414700597165,17.251
HK.01099,国药控股,2025-03-26 00:00:00,16.831,16.871,17.031,16.671,7.544,0.00433,5809507.0,106887784.0,0.23765670488978163,16.831
HK.01099,国药控股,2025-03-27 00:00:00,16.851,16.891,17.031,16.671,7.552,0.00527,7068835.0,130313045.0,0.11854661845770598,16.871
HK.01099,国药控股,2025-03-28 00:00:00,17.031,16.851,17.231,16.771,7.535,0.00508,6812781.0,125654529.0,-0.23681250370019033,16.891
HK.01099,国药控股,2025-03-31 00:00:00,16.811,16.511,16.911,16.351,7.396,0.00703,9430920.0,170415230.0,-2.017684410420746,16.851
HK.01099,国药控股,2025-04-01 00:00:00,16.411,16.771,16.851,16.411,7.503,0.00401,5380755.0,98442749.0,1.5747077705772006,16.511
HK.01099,国药控股,2025-04-02 00:00:00,16.771,16.871,16.891,16.551,7.544,0.00417,5591750.0,102248719.0,0.5962673662870304,16.771
HK.01099,国药控股,2025-04-03 00:00:00,16.671,17.011,17.131,16.651,7.601,0.00464,6221900.0,114882492.0,0.8298263292039629,16.871
HK.01099,国药控股,2025-04-07 00:00:00,16.351,15.591,16.411,15.210999999,7.019,0.02163,29017141.0,496799899.0,-8.347539827170653,17.011
HK.01099,国药控股,2025-04-08 00:00:00,15.331,16.171,16.411,15.271,7.257,0.01287,17270945.0,304616182.0,3.7200949265601952,15.591
HK.01099,国药控股,2025-04-09 00:00:00,15.751,16.051,16.171,15.550999999,7.207,0.0072,9662639.0,167656233.0,-0.7420691361078535,16.171
HK.01099,国药控股,2025-04-10 00:00:00,16.051,16.311,16.551,15.951,7.314,0.00473,6347605.0,113596178.0,1.6198367702946956,16.051
HK.01099,国药控股,2025-04-11 00:00:00,16.391,16.291,16.411,16.171,7.306,0.00462,6195157.0,110339938.0,-0.12261663907792025,16.311
HK.01099,国药控股,2025-04-14 00:00:00,16.371,16.431,16.591,16.351,7.363,0.00418,5607577.0,100917412.0,0.859370204407345,16.291
HK.01099,国药控股,2025-04-15 00:00:00,16.431,16.431,16.471,16.151,7.363,0.00426,5719102.0,102240495.0,0.0,16.431
HK.01099,国药控股,2025-04-16 00:00:00,16.471,16.071,16.471,16.031,7.216,0.00293,3936801.0,69506604.0,-2.190980463757528,16.431
HK.01099,国药控股,2025-04-17 00:00:00,16.251,16.231,16.251,16.011,7.281,0.00335,4499216.0,79516092.0,0.9955821044116739,16.071
HK.01099,国药控股,2025-04-22 00:00:00,15.971,16.451,16.491,15.971,7.371,0.00343,4595919.0,82050344.0,1.3554309654365033,16.231
HK.01099,国药控股,2025-04-23 00:00:00,16.451,16.331,16.631,16.211,7.322,0.00579,7764051.0,138419347.0,-0.72943893988208,16.451
HK.01099,国药控股,2025-04-24 00:00:00,16.091,15.971,16.251,15.751,7.175,0.00718,9627936.0,167750918.0,-2.204396546445407,16.331
HK.01099,国药控股,2025-04-25 00:00:00,16.031,15.891,16.191,15.871,7.142,0.00771,10348740.0,181479490.0,-0.5009078955607043,15.971
HK.01099,国药控股,2025-04-28 00:00:00,15.971,16.751,16.831,15.891,7.494,0.00839,11251581.0,203288987.0,5.4118683531558816,15.891
HK.01099,国药控股,2025-04-29 00:00:00,16.571,16.911,16.971,16.571,7.56,0.00468,6275499.0,115397380.0,0.9551668557101076,16.751
HK.01099,国药控股,2025-04-30 00:00:00,16.911,16.811,16.971,16.531,7.519,0.00936,12561747.0,229696788.0,-0.5913310862752139,16.911
HK.01099,国药控股,2025-05-02 00:00:00,16.791,16.431,16.951,16.331,7.363,0.00499,6697802.0,121256686.0,-2.2604247219082683,16.811
HK.01099,国药控股,2025-05-06 00:00:00,16.431,16.631,16.671,16.371,7.445,0.00397,5333373.0,96654547.0,1.2172113687541797,16.431
HK.01099,国药控股,2025-05-07 00:00:00,16.791,16.771,16.951,16.611,7.503,0.00627,8415040.0,154007344.0,0.8418014551139472,16.631
HK.01099,国药控股,2025-05-08 00:00:00,16.751,16.771,16.931,16.691,7.503,0.00258,3467494.0,63521170.0,0.0,16.771
HK.01099,国药控股,2025-05-09 00:00:00,16.771,16.871,16.951,16.691,7.544,0.00294,3942366.0,72519459.0,0.5962673662870304,16.771
HK.01099,国药控股,2025-05-12 00:00:00,16.871,17.091,17.231,16.651,7.634,0.00379,5088740.0,94379673.0,1.3040128030348077,16.871
HK.01099,国药控股,2025-05-13 00:00:00,17.091,16.891,17.091,16.791,7.552,0.0062,8320765.0,153116279.0,-1.1702065414545832,17.091
HK.01099,国药控股,2025-05-14 00:00:00,16.851,16.931,16.951,16.711,7.568,0.00922,12365618.0,227576282.0,0.23681250370021137,16.891
HK.01099,国药控股,2025-05-15 00:00:00,16.731,16.891,16.951,16.631,7.552,0.00637,8548976.0,157218542.0,-0.23625302699192427,16.931
HK.01099,国药控股,2025-05-16 00:00:00,16.691,16.931,16.991,16.691,7.568,0.00401,5385617.0,99188182.0,0.23681250370021137,16.891
HK.01099,国药控股,2025-05-19 00:00:00,16.911,17.171,17.211,16.831,7.667,0.00316,4245813.0,78868115.0,1.4175181619514408,16.931
HK.01099,国药控股,2025-05-20 00:00:00,17.171,17.011,17.411,16.971,7.601,0.00393,5275445.0,98374293.0,-0.9318036223865829,17.171
HK.01099,国药控股,2025-05-21 00:00:00,17.151,16.911,17.151,16.831,7.56,0.00472,6336695.0,116812238.0,-0.5878549174063716,17.011
HK.01099,国药控股,2025-05-22 00:00:00,16.871,16.851,16.931,16.771,7.535,0.00928,12458070.0,229029011.0,-0.3547986517651367,16.911
HK.01099,国药控股,2025-05-23 00:00:00,16.931,16.971,17.091,16.871,7.585,0.00321,4306798.0,79640282.0,0.7121239095602694,16.851
HK.01099,国药控股,2025-05-26 00:00:00,16.971,16.971,17.171,16.871,7.585,0.00341,4579702.0,84877332.0,0.0,16.971
HK.01099,国药控股,2025-05-27 00:00:00,17.091,17.011,17.091,16.851,7.601,0.00364,4883185.0,90179895.0,0.2356961876141603,16.971
HK.01099,国药控股,2025-05-28 00:00:00,16.871,17.211,17.231,16.871,7.683,0.00298,4000596.0,74703602.0,1.175709834812764,17.011
HK.01099,国药控股,2025-05-29 00:00:00,17.171,17.491,17.571,17.051,7.798,0.00376,5043666.0,95512161.0,1.6268665388414454,17.211
HK.01099,国药控股,2025-05-30 00:00:00,17.371,17.471,17.611,17.271,7.79,0.01231,16513905.0,313484495.0,-0.11434452003887469,17.491
HK.01099,国药控股,2025-06-02 00:00:00,17.131,17.071,17.471,16.871,7.626,0.00374,5020040.0,93784157.0,-2.2895083280865354,17.471
HK.01099,国药控股,2025-06-03 00:00:00,17.171,17.531,17.531,17.151,7.814,0.00502,6735633.0,127562756.0,2.6946283170288634,17.071
HK.01099,国药控股,2025-06-04 00:00:00,17.551,17.331,17.631,17.271,7.732,0.00512,6866497.0,129546696.0,-1.140836232958755,17.531
HK.01099,国药控股,2025-06-05 00:00:00,17.471,17.171,17.471,17.111,7.667,0.00488,6548615.0,122820913.0,-0.923201200161561,17.331
HK.01099,国药控股,2025-06-06 00:00:00,17.171,17.151,17.271,17.031,7.658,0.0081,10869542.0,202843162.0,-0.11647545279832028,17.171
HK.01099,国药控股,2025-06-09 00:00:00,17.291,17.471,17.471,17.291,7.79,0.00419,5624756.0,106430694.0,1.8657804209667093,17.151
HK.01099,国药控股,2025-06-10 00:00:00,17.411,17.511,17.751,17.351,7.806,0.00615,8258351.0,157605750.0,0.22895083280864947,17.471
HK.01099,国药控股,2025-06-11 00:00:00,17.511,17.591,17.771,17.491,7.839,0.00522,7010587.0,134325488.0,0.45685569070870796,17.511
HK.01099,国药控股,2025-06-12 00:00:00,17.651,17.631,17.851,17.531,7.855,0.00429,5762390.0,110542515.0,0.22738900574156753,17.591
HK.01099,国药控股,2025-06-13 00:00:00,17.631,17.671,17.691,17.431,7.872,0.00511,6854094.0,130865211.0,0.22687312120696018,17.631
HK.01099,国药控股,2025-06-16 00:00:00,17.73,17.65,17.85,17.57,7.56,0.00503,6749255.0,124641233.0,-0.11883877539471902,17.671
HK.01099,国药控股,2025-06-17 00:00:00,17.73,17.61,17.73,17.47,7.544,0.00595,7977451.0,146751921.0,-0.22662889518413115,17.65
HK.01099,国药控股,2025-06-18 00:00:00,17.61,17.57,17.69,17.51,7.527,0.00713,9566581.0,175808317.0,-0.22714366837023933,17.61
HK.01099,国药控股,2025-06-19 00:00:00,17.53,17.49,17.63,17.35,7.494,0.00675,9054850.0,165416734.0,-0.45532157085943,17.57
HK.01099,国药控股,2025-06-20 00:00:00,17.45,17.65,17.73,17.39,7.56,0.00612,8205873.0,151011607.0,0.9148084619782741,17.49
HK.01099,国药控股,2025-06-23 00:00:00,17.61,17.69,17.71,17.49,7.576,0.00338,4541868.0,83669398.0,0.2266288951841513,17.65
HK.01099,国药控股,2025-06-24 00:00:00,17.81,18.01,18.01,17.69,7.708,0.00407,5457350.0,102257342.0,1.808931599773885,17.69
HK.01099,国药控股,2025-06-25 00:00:00,18.01,17.85,18.05,17.63,7.642,0.0049,6576545.0,122350924.0,-0.8883953359244872,18.01
HK.01099,国药控股,2025-06-26 00:00:00,17.89,17.85,17.93,17.73,7.642,0.00286,3837967.0,71504891.0,0.0,17.85
HK.01099,国药控股,2025-06-27 00:00:00,17.89,17.85,17.91,17.75,7.642,0.00264,3539371.0,65951341.0,0.0,17.85
HK.01099,国药控股,2025-06-30 00:00:00,17.93,17.59,17.93,17.57,7.535,0.00517,6939544.0,127722122.0,-1.4565826330532299,17.85
HK.01099,国药控股,2025-07-02 00:00:00,17.59,17.71,17.79,17.59,7.585,0.00421,5649794.0,104486388.0,0.6822057987492951,17.59
HK.01099,国药控股,2025-07-03 00:00:00,17.79,17.77,17.85,17.61,7.609,0.00323,4338045.0,80231237.0,0.33879164313946203,17.71
HK.01099,国药控股,2025-07-04 00:00:00,17.71,17.73,17.81,17.61,7.593,0.00305,4087373.0,75617186.0,-0.22509848058525125,17.77
HK.01099,国药控股,2025-07-07 00:00:00,17.79,17.73,17.79,17.59,7.593,0.00246,3298900.0,60936642.0,0.0,17.73
HK.01099,国药控股,2025-07-08 00:00:00,17.73,17.65,17.75,17.57,7.56,0.00511,6851133.0,126181211.0,-0.45121263395376116,17.73
HK.01099,国药控股,2025-07-09 00:00:00,17.59,17.63,17.73,17.53,7.552,0.00245,3290057.0,60618267.0,-0.11331444759206558,17.65
HK.01099,国药控股,2025-07-10 00:00:00,17.61,17.93,17.97,17.61,7.675,0.003,4019985.0,74965056.0,1.7016449234259827,17.63
HK.01099,国药控股,2025-07-11 00:00:00,17.93,18.05,18.37,17.93,7.724,0.00417,5591947.0,106034031.0,0.6692693809258282,17.93
HK.01099,国药控股,2025-07-14 00:00:00,18.05,18.35,18.37,17.99,7.847,0.00259,3470379.0,66138478.0,1.6620498614958488,18.05
HK.01099,国药控股,2025-07-15 00:00:00,18.41,17.93,18.43,17.85,7.675,0.00518,6950953.0,130664090.0,-2.2888283378746688,18.35
HK.01099,国药控股,2025-07-16 00:00:00,18.01,17.73,18.11,17.73,7.593,0.00396,5319594.0,99143416.0,-1.1154489682097004,17.93
HK.01099,国药控股,2025-07-17 00:00:00,17.77,17.99,17.99,17.63,7.699,0.00607,8150615.0,151650189.0,1.4664410603496785,17.73
HK.01099,国药控股,2025-07-18 00:00:00,18.25,18.01,18.31,17.95,7.708,0.00435,5838561.0,110145424.0,0.1111728738188056,17.99
HK.01099,国药控股,2025-07-21 00:00:00,18.01,17.99,18.05,17.81,7.699,0.00626,8398663.0,157072008.0,-0.11104941699057816,18.01
HK.01099,国药控股,2025-07-22 00:00:00,17.97,18.29,18.29,17.95,7.822,0.00577,7742796.0,146577421.0,1.6675931072818273,17.99
HK.01099,国药控股,2025-07-23 00:00:00,18.31,18.31,18.55,18.21,7.831,0.00631,8471759.0,162296737.0,0.10934937124111303,18.29
HK.01099,国药控股,2025-07-24 00:00:00,18.41,18.57,18.59,18.23,7.937,0.0055,7385525.0,141904840.0,1.4199890770071086,18.31
HK.01099,国药控股,2025-07-25 00:00:00,18.51,18.53,18.85,18.43,7.921,0.00432,5793280.0,112385699.0,-0.2154011847065113,18.57
HK.01099,国药控股,2025-07-28 00:00:00,18.51,18.89,18.89,18.51,8.068,0.00491,6581945.0,128771514.0,1.9427954668105742,18.53
HK.01099,国药控股,2025-07-29 00:00:00,18.89,18.63,18.91,18.41,7.962,0.00334,4484756.0,86892462.0,-1.3763896241397648,18.89
HK.01099,国药控股,2025-07-30 00:00:00,18.51,18.83,19.05,18.45,8.044,0.00458,6146401.0,120525898.0,1.0735373054213597,18.63
HK.01099,国药控股,2025-07-31 00:00:00,18.63,18.07,18.69,17.99,7.732,0.00964,12928586.0,245139088.0,-4.036112586298449,18.83
HK.01099,国药控股,2025-08-01 00:00:00,18.03,18.05,18.45,18.03,7.724,0.00345,4628745.0,87726325.0,-0.11068068622025219,18.07
HK.01099,国药控股,2025-08-04 00:00:00,18.09,17.91,18.11,17.81,7.667,0.0022,2953996.0,55224188.0,-0.7756232686980641,18.05
HK.01099,国药控股,2025-08-05 00:00:00,17.91,18.1,18.1,17.89,7.744,0.00287,3853400.0,72512760.0,1.0608598548297112,17.91
HK.01099,国药控股,2025-08-06 00:00:00,18.05,18.05,18.25,17.97,7.724,0.00234,3140300.0,59188392.0,-0.27624309392265584,18.1
HK.01099,国药控股,2025-08-07 00:00:00,18.15,17.98,18.15,17.92,7.695,0.00263,3526341.0,66183851.0,-0.38781163434903204,18.05
HK.01099,国药控股,2025-08-08 00:00:00,17.93,18.09,18.31,17.84,7.74,0.00264,3540012.0,66905218.0,0.6117908787541682,17.98
HK.01099,国药控股,2025-08-11 00:00:00,18.1,18.15,18.21,18.0,7.765,0.00173,2319961.0,43854267.0,0.3316749585406231,18.09
HK.01099,国药控股,2025-08-12 00:00:00,18.15,18.26,18.28,18.1,7.81,0.00158,2122865.0,40329653.0,0.6060606060606225,18.15
HK.01099,国药控股,2025-08-13 00:00:00,18.29,18.54,18.59,18.29,7.925,0.00408,5475031.0,105428683.0,1.5334063526834478,18.26
HK.01099,国药控股,2025-08-14 00:00:00,18.61,18.59,18.77,18.44,7.945,0.00368,4935611.0,95683425.0,0.2696871628910502,18.54
HK.01099,国药控股,2025-08-15 00:00:00,18.59,18.78,18.8,18.38,8.023,0.00474,6359192.0,123365277.0,1.0220548682087212,18.59
HK.01099,国药控股,2025-08-18 00:00:00,18.78,18.57,18.9,18.52,7.937,0.00631,8466838.0,164423574.0,-1.1182108626198128,18.78
HK.01099,国药控股,2025-08-19 00:00:00,18.6,18.89,19.05,18.57,8.068,0.0045,6041358.0,118769765.0,1.7232094776521285,18.57
HK.01099,国药控股,2025-08-20 00:00:00,18.86,18.92,18.93,18.67,8.081,0.00218,2923202.0,57315804.0,0.15881418740074713,18.89
HK.01099,国药控股,2025-08-21 00:00:00,18.81,18.89,19.18,18.81,8.068,0.00277,3718725.0,73467920.0,-0.15856236786469946,18.92
HK.01099,国药控股,2025-08-22 00:00:00,18.99,18.74,19.15,18.6,8.007,0.00383,5134059.0,100253994.0,-0.794070937003717,18.89
HK.01099,国药控股,2025-08-25 00:00:00,18.75,19.12,19.14,18.38,8.163,0.00627,8418631.0,165383521.0,2.02774813233726,18.74
HK.01099,国药控股,2025-08-26 00:00:00,18.99,18.63,19.1,18.61,7.962,0.00417,5595371.0,109067903.0,-2.5627615062761606,19.12
HK.01099,国药控股,2025-08-27 00:00:00,18.63,18.11,18.87,18.06,7.749,0.00524,7032665.0,134015518.0,-2.7911969940955426,18.63
HK.01099,国药控股,2025-08-28 00:00:00,18.11,17.81,18.11,17.63,7.626,0.00684,9175451.0,171155435.0,-1.6565433462175632,18.11
HK.01099,国药控股,2025-08-29 00:00:00,17.83,17.88,18.15,17.82,7.654,0.0048,6434019.0,120513356.0,0.3930376193149932,17.81
HK.01099,国药控股,2025-09-01 00:00:00,17.9,17.96,18.2,17.86,7.687,0.00585,7851212.0,147242477.0,0.4474272930648874,17.88
HK.01099,国药控股,2025-09-02 00:00:00,17.96,17.71,17.96,17.58,7.585,0.00286,3834849.0,70925192.0,-1.3919821826280623,17.96
HK.01099,国药控股,2025-09-03 00:00:00,17.8,17.67,17.9,17.54,7.568,0.00547,7344127.0,135358567.0,-0.225861095426308,17.71
HK.01099,国药控股,2025-09-04 00:00:00,17.73,17.62,17.87,17.55,7.548,0.00481,6456062.0,118890380.0,-0.2829654782116622,17.67
HK.01099,国药控股,2025-09-05 00:00:00,17.76,17.77,17.88,17.59,7.609,0.00422,5658694.0,104742589.0,0.8513053348467569,17.62
HK.01099,国药控股,2025-09-08 00:00:00,17.72,17.89,17.98,17.72,7.658,0.00213,2852489.0,53239841.0,0.6752954417557738,17.77
HK.01099,国药控股,2025-09-09 00:00:00,17.99,17.77,17.99,17.74,7.609,0.00322,4325269.0,80453202.0,-0.6707657909446674,17.89
HK.01099,国药控股,2025-09-10 00:00:00,17.88,17.98,17.98,17.75,7.695,0.00297,3990976.0,74429183.0,1.1817670230725992,17.77
HK.01099,国药控股,2025-09-11 00:00:00,17.82,18.22,18.29,17.66,7.794,0.00526,7060184.0,133229923.0,1.334816462736365,17.98
HK.01099,国药控股,2025-09-12 00:00:00,18.41,18.36,18.48,18.25,7.851,0.0037,4963405.0,95084789.0,0.7683863885839768,18.22
HK.01099,国药控股,2025-09-15 00:00:00,18.49,18.16,18.49,17.97,7.769,0.00405,5428159.0,102581273.0,-1.0893246187363796,18.36
HK.01099,国药控股,2025-09-16 00:00:00,18.19,18.0,18.35,17.93,7.703,0.00604,8104400.0,152917881.0,-0.8810572687224677,18.16
HK.01099,国药控股,2025-09-17 00:00:00,18.08,18.05,18.19,17.99,7.724,0.00264,3545600.0,66793411.0,0.27777777777778173,18.0
HK.01099,国药控股,2025-09-18 00:00:00,18.19,17.77,18.19,17.67,7.609,0.00591,7934200.0,147786256.0,-1.5512465373961282,18.05
HK.01099,国药控股,2025-09-19 00:00:00,17.72,17.6,17.97,17.59,7.539,0.00736,9881777.0,182219722.0,-0.9566685424873279,17.77
HK.01099,国药控股,2025-09-22 00:00:00,17.61,17.59,17.65,17.52,7.535,0.00447,6001428.0,110266393.0,-0.0568181818181907,17.6
HK.01099,国药控股,2025-09-23 00:00:00,17.63,17.6,17.72,17.29,7.539,0.00699,9383164.0,171563576.0,0.05685048322911634,17.59
HK.01099,国药控股,2025-09-24 00:00:00,17.59,17.66,17.87,17.53,7.564,0.00333,4463220.0,82515153.0,0.3409090909090836,17.6
HK.01099,国药控股,2025-09-25 00:00:00,17.72,17.58,17.72,17.48,7.531,0.00306,4109886.0,75487901.0,-0.4530011325028417,17.66
HK.01099,国药控股,2025-09-26 00:00:00,17.45,17.39,17.57,17.32,7.453,0.00426,5717227.0,104059337.0,-1.0807736063708633,17.58
HK.01099,国药控股,2025-09-29 00:00:00,17.56,17.56,17.57,17.34,7.523,0.00388,5204876.0,95204172.0,0.9775733179988392,17.39
HK.01099,国药控股,2025-09-30 00:00:00,17.56,17.55,17.67,17.49,7.519,0.00408,5473305.0,100331580.0,-0.05694760820044426,17.56
HK.01099,国药控股,2025-10-02 00:00:00,17.7,17.92,17.94,17.65,7.671,0.00274,3670526.0,68364477.0,2.108262108262114,17.55
HK.01099,国药控股,2025-10-03 00:00:00,17.91,17.89,18.03,17.82,7.658,0.00135,1811621.0,33857380.0,-0.1674107142857206,17.92
HK.01099,国药控股,2025-10-06 00:00:00,17.89,17.71,17.92,17.61,7.585,0.00132,1774400.0,32796091.0,-1.006148686416991,17.89
HK.01099,国药控股,2025-10-08 00:00:00,17.59,17.6,17.71,17.45,7.539,0.0029,3897812.0,71555865.0,-0.621118012422357,17.71
HK.01099,国药控股,2025-10-09 00:00:00,17.7,17.91,17.98,17.67,7.667,0.00514,6892514.0,128619125.0,1.761363636363629,17.6
HK.01099,国药控股,2025-10-10 00:00:00,17.91,18.09,18.11,17.84,7.74,0.00465,6235352.0,117071151.0,1.005025125628139,17.91
HK.01099,国药控股,2025-10-13 00:00:00,17.95,17.68,17.95,17.41,7.572,0.00707,9489719.0,174314667.0,-2.2664455500276404,18.09
HK.01099,国药控股,2025-10-14 00:00:00,17.68,17.58,17.78,17.52,7.531,0.00357,4796867.0,88264361.0,-0.5656108597285149,17.68
HK.01099,国药控股,2025-10-15 00:00:00,17.58,17.73,17.79,17.55,7.593,0.00407,5463338.0,101004545.0,0.8532423208191248,17.58
HK.01099,国药控股,2025-10-16 00:00:00,17.73,17.85,17.9,17.66,7.642,0.00232,3118266.0,58044911.0,0.6768189509306317,17.73
HK.01099,国药控股,2025-10-17 00:00:00,17.92,17.63,17.92,17.56,7.552,0.00261,3502106.0,64550049.0,-1.232492997198893,17.85
HK.01099,国药控股,2025-10-20 00:00:00,17.96,17.92,18.01,17.63,7.671,0.00362,4859150.0,90331399.0,1.6449234259784613,17.63
HK.01099,国药控股,2025-10-21 00:00:00,17.81,17.93,18.05,17.81,7.675,0.0029,3890269.0,72936314.0,0.05580357142856032,17.92
HK.01099,国药控股,2025-10-22 00:00:00,17.91,18.73,18.85,17.9,8.003,0.00833,11172662.0,216733928.0,4.461795872838822,17.93
HK.01099,国药控股,2025-10-23 00:00:00,18.66,18.79,18.8,18.52,8.027,0.00367,4926357.0,96025979.0,0.3203416978109916,18.73
HK.01099,国药控股,2025-10-24 00:00:00,18.8,18.78,18.83,18.53,8.023,0.00305,4099144.0,80011430.0,-0.05321979776475791,18.79
HK.01099,国药控股,2025-10-27 00:00:00,18.8,18.65,18.89,18.5,7.97,0.00212,2849476.0,55462129.0,-0.6922257720979902,18.78
HK.01099,国药控股,2025-10-28 00:00:00,18.74,18.55,18.75,18.42,7.929,0.0027,3624730.0,70056115.0,-0.5361930294906053,18.65
HK.01099,国药控股,2025-10-30 00:00:00,18.78,18.71,18.83,18.54,7.995,0.00325,4366584.0,85141042.0,0.8625336927223728,18.55
HK.01099,国药控股,2025-10-31 00:00:00,18.71,18.58,18.71,18.51,7.941,0.00271,3635442.0,70447300.0,-0.6948156066274855,18.71
HK.01099,国药控股,2025-11-03 00:00:00,18.7,18.51,18.7,18.49,7.913,0.00214,2864900.0,55404360.0,-0.37674919268028384,18.58
HK.01099,国药控股,2025-11-04 00:00:00,18.45,18.62,18.68,18.42,7.958,0.00397,5325783.0,103062056.0,0.5942733657482411,18.51
HK.01099,国药控股,2025-11-05 00:00:00,18.7,18.92,18.95,18.44,8.081,0.00441,5914900.0,115410192.0,1.6111707841031184,18.62
HK.01099,国药控股,2025-11-06 00:00:00,18.92,19.08,19.1,18.72,8.146,0.00381,5107038.0,101017716.0,0.8456659619450135,18.92
HK.01099,国药控股,2025-11-07 00:00:00,19.12,19.17,19.2,19.01,8.183,0.00268,3601312.0,71760803.0,0.4716981132075651,19.08
HK.01099,国药控股,2025-11-10 00:00:00,19.2,19.29,19.29,19.09,8.232,0.00258,3468195.0,69431485.0,0.6259780907668098,19.17
HK.01099,国药控股,2025-11-11 00:00:00,19.95,20.09,20.11,19.75,8.56,0.00946,12700192.0,263817370.0,4.147226542249874,19.29
HK.01099,国药控股,2025-11-12 00:00:00,20.09,20.55,20.63,20.09,8.749,0.00785,10530434.0,223558667.0,2.2896963663514227,20.09
HK.01099,国药控股,2025-11-13 00:00:00,20.53,20.59,20.71,20.33,8.765,0.00449,6029639.0,128726719.0,0.19464720194646787,20.55
HK.01099,国药控股,2025-11-14 00:00:00,20.53,20.71,20.87,20.43,8.815,0.0041,5494833.0,118171682.0,0.5828071879553229,20.59
HK.01099,国药控股,2025-11-17 00:00:00,20.67,20.31,20.67,20.09,8.651,0.00558,7493049.0,157634731.0,-1.9314340898116955,20.71
HK.01099,国药控股,2025-11-18 00:00:00,20.11,19.65,20.15,19.49,8.38,0.00474,6358214.0,130273784.0,-3.2496307237813897,20.31
HK.01099,国药控股,2025-11-19 00:00:00,19.71,19.61,19.79,19.53,8.364,0.00283,3799058.0,77596147.0,-0.20356234096691678,19.65
HK.01099,国药控股,2025-11-20 00:00:00,19.85,19.81,19.89,19.53,8.446,0.00261,3498323.0,71809924.0,1.019887812340639,19.61
HK.01099,国药控股,2025-11-21 00:00:00,19.61,19.25,19.61,19.21,8.216,0.00425,5704810.0,114836209.0,-2.8268551236749055,19.81
HK.01099,国药控股,2025-11-24 00:00:00,19.41,19.49,19.69,19.21,8.314,0.00532,7136910.0,144812211.0,1.2467532467532385,19.25
HK.01099,国药控股,2025-11-25 00:00:00,19.55,19.59,19.73,19.47,8.355,0.00377,5062344.0,103213256.0,0.5130836326321264,19.49
HK.01099,国药控股,2025-11-26 00:00:00,19.67,19.59,19.75,19.57,8.355,0.00172,2302730.0,47082617.0,0.0,19.59
HK.01099,国药控股,2025-11-27 00:00:00,19.69,19.45,19.71,19.45,8.298,0.00197,2641600.0,53734440.0,-0.7146503318019427,19.59
HK.01099,国药控股,2025-11-28 00:00:00,19.59,19.25,19.59,19.18,8.216,0.00156,2089775.0,41898698.0,-1.028277634961436,19.45
HK.01099,国药控股,2025-12-01 00:00:00,19.25,19.65,19.67,19.25,8.38,0.00353,4733456.0,96306774.0,2.0779220779220706,19.25
HK.01099,国药控股,2025-12-02 00:00:00,19.89,19.71,20.03,19.47,8.405,0.00391,5241498.0,107666019.0,0.30534351145039323,19.65
HK.01099,国药控股,2025-12-03 00:00:00,19.75,19.59,19.77,19.49,8.355,0.00194,2601126.0,53085786.0,-0.608828006088285,19.71
HK.01099,国药控股,2025-12-04 00:00:00,19.77,19.67,19.79,19.59,8.388,0.00224,2999812.0,61335608.0,0.40837161817254647,19.59
HK.01099,国药控股,2025-12-05 00:00:00,19.61,19.77,19.77,19.49,8.429,0.00381,5106064.0,104652790.0,0.5083884087442697,19.67
HK.01099,国药控股,2025-12-08 00:00:00,19.43,19.57,19.83,19.43,8.347,0.00164,2206965.0,45106753.0,-1.0116337885685345,19.77
HK.01099,国药控股,2025-12-09 00:00:00,19.53,19.25,19.69,19.17,8.216,0.00264,3545728.0,71099508.0,-1.63515585079203,19.57
HK.01099,国药控股,2025-12-10 00:00:00,19.25,19.17,19.29,19.03,8.183,0.00239,3213371.0,64078178.0,-0.41558441558440673,19.25
HK.01099,国药控股,2025-12-11 00:00:00,19.29,19.35,19.41,19.17,8.257,0.00182,2444258.0,49156218.0,0.9389671361502332,19.17
HK.01099,国药控股,2025-12-12 00:00:00,19.67,19.57,19.67,19.35,8.347,0.00294,3941425.0,80051968.0,1.1369509043927588,19.35
HK.01099,国药控股,2025-12-15 00:00:00,19.63,19.17,19.65,18.92,8.183,0.00382,5125148.0,102099586.0,-2.0439448134900284,19.57
HK.01099,国药控股,2025-12-16 00:00:00,19.06,18.76,19.27,18.7,8.015,0.00225,3013453.0,59204361.0,-2.1387584767866463,19.17
HK.01099,国药控股,2025-12-17 00:00:00,18.76,18.83,18.89,18.64,8.044,0.00225,3024500.0,59172449.0,0.3731343283581915,18.76
HK.01099,国药控股,2025-12-18 00:00:00,18.91,19.0,19.19,18.81,8.113,0.00268,3594184.0,71195566.0,0.9028146574615068,18.83
HK.01099,国药控股,2025-12-19 00:00:00,19.2,19.06,19.31,18.99,8.138,0.00382,5130271.0,102026013.0,0.3157894736842038,19.0
HK.01099,国药控股,2025-12-22 00:00:00,19.21,18.84,19.21,18.72,8.048,0.00268,3596008.0,70749082.0,-1.1542497376705083,19.06
HK.01099,国药控股,2025-12-23 00:00:00,19.01,18.9,19.06,18.8,8.072,0.00288,3870635.0,76070177.0,0.31847133757961105,18.84
HK.01099,国药控股,2025-12-24 00:00:00,18.9,18.74,18.9,18.67,8.007,0.00101,1353608.0,26443985.0,-0.8465608465608473,18.9
HK.01099,国药控股,2025-12-29 00:00:00,18.89,18.71,18.89,18.6,7.995,0.00518,6948320.0,135646918.0,-0.1600853788687171,18.74
HK.01099,国药控股,2025-12-30 00:00:00,18.79,18.64,18.79,18.56,7.966,0.00291,3909400.0,76011283.0,-0.3741314804917171,18.71
HK.01099,国药控股,2025-12-31 00:00:00,18.62,18.65,18.78,18.5,7.97,0.00297,3986900.0,77396694.0,0.05364806866951722,18.64
HK.01099,国药控股,2026-01-02 00:00:00,18.65,18.94,18.94,18.52,8.089,0.00128,1718713.0,33731216.0,1.5549597855228028,18.65
HK.01099,国药控股,2026-01-05 00:00:00,18.91,19.02,19.15,18.77,8.122,0.00273,3663333.0,72503499.0,0.4223864836325147,18.94
HK.01099,国药控股,2026-01-06 00:00:00,18.94,19.27,19.29,18.87,8.224,0.00337,4520566.0,89899136.0,1.3144058885383807,19.02
HK.01099,国药控股,2026-01-07 00:00:00,19.31,19.65,19.75,19.27,8.38,0.00367,4923058.0,100427466.0,1.9719771665801713,19.27
HK.01099,国药控股,2026-01-08 00:00:00,19.49,19.67,19.73,19.33,8.388,0.00327,4391652.0,89248552.0,0.10178117048347647,19.65
HK.01099,国药控股,2026-01-09 00:00:00,19.67,19.89,19.97,19.61,8.478,0.00483,6483134.0,133568866.0,1.1184544992374115,19.67
HK.01099,国药控股,2026-01-12 00:00:00,20.03,19.83,20.15,19.71,8.454,0.00256,3434600.0,70854924.0,-0.30165912518854837,19.89
HK.01099,国药控股,2026-01-13 00:00:00,19.77,19.85,20.19,19.75,8.462,0.00352,4727897.0,97731967.0,0.10085728693899712,19.83
HK.01099,国药控股,2026-01-14 00:00:00,19.73,19.77,20.11,19.53,8.429,0.00222,2976324.0,61189471.0,-0.4030226700251982,19.85
HK.01099,国药控股,2026-01-15 00:00:00,19.51,19.65,19.91,19.51,8.38,0.003,4022424.0,82169267.0,-0.606980273141128,19.77
HK.01099,国药控股,2026-01-16 00:00:00,19.65,19.83,19.87,19.65,8.454,0.00269,3609445.0,74182568.0,0.9160305343511437,19.65
HK.01099,国药控股,2026-01-19 00:00:00,19.51,19.49,19.83,19.35,8.314,0.00401,5381970.0,109520263.0,-1.7145738779626822,19.83
HK.01099,国药控股,2026-01-20 00:00:00,19.69,19.91,19.93,19.45,8.487,0.00399,5354298.0,109824523.0,2.154951257054909,19.49
HK.01099,国药控股,2026-01-21 00:00:00,19.91,19.91,20.01,19.63,8.487,0.00366,4908640.0,101094498.0,0.0,19.91
HK.01099,国药控股,2026-01-22 00:00:00,19.85,19.81,20.07,19.73,8.446,0.00443,5949838.0,122797844.0,-0.5022601707684652,19.91
HK.01099,国药控股,2026-01-23 00:00:00,20.11,20.01,20.29,19.95,8.528,0.00351,4704100.0,98129033.0,1.0095911155981971,19.81
HK.01099,国药控股,2026-01-26 00:00:00,20.11,19.93,20.31,19.85,8.495,0.00377,5054299.0,104856420.0,-0.3998000999500342,20.01
HK.01099,国药控股,2026-01-27 00:00:00,19.83,20.01,20.07,19.75,8.528,0.00394,5292531.0,109704670.0,0.40140491721024507,19.93
HK.01099,国药控股,2026-01-28 00:00:00,20.01,20.37,20.37,19.97,8.675,0.00493,6616480.0,139208240.0,1.7991004497751095,20.01
HK.01099,国药控股,2026-01-29 00:00:00,20.13,20.41,20.49,20.11,8.692,0.00365,4903572.0,103658756.0,0.1963672066764808,20.37
HK.01099,国药控股,2026-01-30 00:00:00,20.51,20.09,20.67,19.83,8.56,0.00477,6406756.0,133822035.0,-1.5678588926996584,20.41
HK.01099,国药控股,2026-02-02 00:00:00,20.09,20.01,20.09,19.83,8.528,0.00297,3982671.0,82468168.0,-0.39820806371328166,20.09
HK.01099,国药控股,2026-02-03 00:00:00,19.83,20.19,20.27,19.79,8.601,0.00447,5997748.0,124987563.0,0.8995502248875548,20.01
HK.01099,国药控股,2026-02-04 00:00:00,20.23,20.33,20.55,20.17,8.659,0.00738,9903220.0,209312791.0,0.6934125804853739,20.19
HK.01099,国药控股,2026-02-05 00:00:00,20.23,20.43,20.43,20.03,8.7,0.0038,5094718.0,107322976.0,0.4918839153959736,20.33
HK.01099,国药控股,2026-02-06 00:00:00,20.43,20.43,20.55,20.25,8.7,0.00344,4615141.0,97784419.0,0.0,20.43
HK.01099,国药控股,2026-02-09 00:00:00,20.61,20.37,20.73,20.19,8.675,0.00427,5724777.0,121012013.0,-0.29368575624081605,20.43
HK.01099,国药控股,2026-02-10 00:00:00,20.51,20.57,20.73,20.31,8.757,0.00882,11834400.0,252359252.0,0.9818360333824216,20.37
HK.01099,国药控股,2026-02-11 00:00:00,20.67,20.33,20.67,20.15,8.659,0.00755,10124380.0,213687999.0,-1.1667476908118715,20.57
HK.01099,国药控股,2026-02-12 00:00:00,20.33,20.35,20.59,20.19,8.667,0.00623,8357932.0,176963392.0,0.0983767830792087,20.33
HK.01099,国药控股,2026-02-13 00:00:00,20.55,20.51,20.69,20.29,8.733,0.00337,4517635.0,96028648.0,0.786240786240787,20.35
HK.01099,国药控股,2026-02-16 00:00:00,20.79,20.69,20.79,20.49,8.806,0.00124,1670058.0,35800439.0,0.8776206728425144,20.51
HK.01099,国药控股,2026-02-20 00:00:00,19.81,20.19,20.47,19.81,8.601,0.00354,4755672.0,99992791.0,-2.416626389560174,20.69
HK.01099,国药控股,2026-02-23 00:00:00,20.69,20.91,20.93,20.49,8.897,0.00261,3501177.0,75416699.0,3.5661218424962797,20.19
HK.01099,国药控股,2026-02-24 00:00:00,20.95,21.01,21.11,20.77,8.938,0.00407,5467344.0,118892052.0,0.47824007651841904,20.91
HK.01099,国药控股,2026-02-25 00:00:00,21.51,21.17,21.55,21.03,9.003,0.00429,5751457.0,126845756.0,0.7615421227986678,21.01
HK.01099,国药控股,2026-02-26 00:00:00,21.11,20.55,21.15,20.49,8.749,0.00317,4248653.0,91351256.0,-2.928672649976386,21.17
HK.01099,国药控股,2026-02-27 00:00:00,20.37,20.35,20.51,20.23,8.667,0.00457,6133729.0,129529213.0,-0.9732360097323567,20.55
HK.01099,国药控股,2026-03-02 00:00:00,20.49,20.33,20.65,20.03,8.659,0.00493,6610920.0,139224076.0,-0.09828009828011364,20.35
HK.01099,国药控股,2026-03-03 00:00:00,20.33,20.19,20.37,20.05,8.601,0.00312,4180751.0,87618625.0,-0.6886374815543386,20.33
HK.01099,国药控股,2026-03-04 00:00:00,20.19,19.89,20.19,19.61,8.478,0.00787,10555303.0,217326144.0,-1.4858841010401223,20.19
HK.01099,国药控股,2026-03-05 00:00:00,20.01,19.93,20.21,19.81,8.495,0.00384,5147117.0,106726315.0,0.2011060834590203,19.89
HK.01099,国药控股,2026-03-06 00:00:00,19.93,19.87,20.01,19.77,8.47,0.00526,7052320.0,145681818.0,-0.30105368790767045,19.93
HK.01099,国药控股,2026-03-09 00:00:00,19.87,19.85,19.87,19.23,8.462,0.00512,6870455.0,139985896.0,-0.10065425264217198,19.87
HK.01099,国药控股,2026-03-10 00:00:00,20.01,20.15,20.21,19.69,8.585,0.00503,6750500.0,140134628.0,1.511335012594444,19.85
HK.01099,国药控股,2026-03-11 00:00:00,20.19,20.01,20.31,19.81,8.528,0.0027,3627396.0,75232521.0,-0.6947890818858413,20.15
HK.01099,国药控股,2026-03-12 00:00:00,19.99,20.27,20.39,19.79,8.634,0.00535,7182277.0,150150035.0,1.2993503248375713,20.01
HK.01099,国药控股,2026-03-13 00:00:00,20.19,20.35,20.51,19.99,8.667,0.00437,5870245.0,123785109.0,0.39467192895906195,20.27
HK.01099,国药控股,2026-03-16 00:00:00,20.35,20.65,20.71,20.13,8.79,0.00407,5462294.0,115911487.0,1.4742014742014602,20.35
HK.01099,国药控股,2026-03-17 00:00:00,20.77,20.39,20.95,20.29,8.683,0.00379,5089731.0,108740374.0,-1.2590799031476902,20.65
HK.01099,国药控股,2026-03-18 00:00:00,20.39,20.27,20.45,19.93,8.634,0.00272,3650865.0,76534244.0,-0.5885237861696959,20.39
HK.01099,国药控股,2026-03-19 00:00:00,19.91,20.05,20.35,19.91,8.544,0.00324,4349800.0,90747015.0,-1.0853478046373897,20.27
HK.01099,国药控股,2026-03-20 00:00:00,20.05,20.07,20.35,19.85,8.552,0.00371,4975225.0,103651525.0,0.09975062344139438,20.05
HK.01099,国药控股,2026-03-23 00:00:00,19.81,19.63,20.03,19.35,8.045,0.00891,11954309.0,243720004.0,-2.192326856003992,20.07
HK.01099,国药控股,2026-03-24 00:00:00,19.67,18.89,19.69,18.47,7.754,0.0061,8184288.0,160364830.0,-3.7697401935812453,19.63
HK.01099,国药控股,2026-03-25 00:00:00,19.09,19.31,19.45,18.93,7.919,0.00597,8013086.0,159756309.0,2.223398623610366,18.89
HK.01099,国药控股,2026-03-26 00:00:00,19.39,19.41,19.45,19.02,7.959,0.00514,6892928.0,138458547.0,0.5178663904712658,19.31
HK.01099,国药控股,2026-03-27 00:00:00,19.45,19.55,19.59,19.23,8.014,0.00207,2783805.0,56350652.0,0.7212776919113888,19.41
HK.01099,国药控股,2026-03-30 00:00:00,19.37,19.61,19.71,19.31,8.037,0.00281,3770092.0,76578447.0,0.3069053708439832,19.55
HK.01099,国药控股,2026-03-31 00:00:00,19.51,19.41,19.77,19.29,7.959,0.00299,4009448.0,81081188.0,-1.019887812340639,19.61
HK.01099,国药控股,2026-04-01 00:00:00,19.61,19.71,19.99,19.61,8.077,0.00348,4665600.0,95824809.0,1.5455950540958305,19.41
HK.01099,国药控股,2026-04-02 00:00:00,19.71,20.13,20.13,19.51,8.242,0.00286,3831600.0,79587728.0,2.1308980213089708,19.71
HK.01099,国药控股,2026-04-08 00:00:00,21.27,20.71,21.29,20.37,8.471,0.00599,8041006.0,172792817.0,2.881271733730759,20.13
HK.01099,国药控股,2026-04-09 00:00:00,20.75,20.29,20.83,20.21,8.305,0.00265,3554413.0,75255415.0,-2.0280057943022776,20.71
HK.01099,国药控股,2026-04-10 00:00:00,20.49,20.13,20.49,20.01,8.242,0.00273,3658128.0,76832700.0,-0.788565795958601,20.29
HK.01099,国药控股,2026-04-13 00:00:00,20.13,19.53,20.13,19.31,8.006,0.00433,5812871.0,118008000.0,-2.980625931445593,20.13
HK.01099,国药控股,2026-04-14 00:00:00,20.25,19.59,20.25,19.35,8.029,0.00335,4497383.0,91394974.0,0.3072196620583652,19.53
HK.01099,国药控股,2026-04-15 00:00:00,19.59,20.05,20.11,19.59,8.211,0.00289,3883328.0,80736351.0,2.348136804492092,19.59
HK.01099,国药控股,2026-04-16 00:00:00,20.05,19.95,20.23,19.83,8.171,0.00271,3642487.0,75529031.0,-0.49875311720698967,20.05
HK.01099,国药控股,2026-04-17 00:00:00,20.17,19.53,20.17,19.49,8.006,0.00197,2649098.0,54043202.0,-2.105263157894728,19.95
HK.01099,国药控股,2026-04-20 00:00:00,19.87,19.65,19.87,19.55,8.053,0.00174,2338362.0,47795404.0,0.6144393241167304,19.53
HK.01099,国药控股,2026-04-21 00:00:00,19.91,19.49,19.91,19.27,7.99,0.00461,6181141.0,124765231.0,-0.8142493638676853,19.65
HK.01099,国药控股,2026-04-22 00:00:00,19.49,19.04,19.49,18.94,7.813,0.00469,6299081.0,125146878.0,-2.3088763468445324,19.49
HK.01099,国药控股,2026-04-23 00:00:00,19.04,18.77,19.15,18.71,7.706,0.00421,5644120.0,110666172.0,-1.4180672268907542,19.04
HK.01099,国药控股,2026-04-24 00:00:00,19.06,18.43,19.06,18.32,7.572,0.00539,7234360.0,139651416.0,-1.8114011720831107,18.77
HK.01099,国药控股,2026-04-27 00:00:00,18.62,17.7,18.62,17.31,7.285,0.01056,14164862.0,264739822.0,-3.9609332609875225,18.43
HK.01099,国药控股,2026-04-28 00:00:00,17.66,17.64,17.85,17.37,7.261,0.00482,6472868.0,119213655.0,-0.3389830508474504,17.7
HK.01099,国药控股,2026-04-29 00:00:00,17.71,17.99,18.09,17.71,7.399,0.00501,6720514.0,125886394.0,1.984126984126972,17.64
HK.01099,国药控股,2026-04-30 00:00:00,17.87,17.68,17.92,17.6,7.277,0.00417,5591590.0,103381562.0,-1.7231795441912106,17.99
HK.01099,国药控股,2026-05-04 00:00:00,18.15,17.94,18.15,17.8,7.379,0.00362,4863888.0,91056627.0,1.4705882352941264,17.68
HK.01099,国药控股,2026-05-05 00:00:00,17.94,17.87,17.94,17.73,7.352,0.00313,4203706.0,78358776.0,-0.3901895206243048,17.94
HK.01099,国药控股,2026-05-06 00:00:00,17.87,17.9,18.01,17.83,7.364,0.00305,4093741.0,76474880.0,0.16787912702852592,17.87
HK.01099,国药控股,2026-05-07 00:00:00,18.05,17.94,18.22,17.83,7.379,0.00606,8130859.0,152086995.0,0.2234636871508531,17.9
HK.01099,国药控股,2026-05-08 00:00:00,17.72,17.64,17.87,17.57,7.261,0.00461,6186555.0,113961312.0,-1.672240802675589,17.94
HK.01099,国药控股,2026-05-11 00:00:00,17.62,17.64,17.91,17.47,7.261,0.00424,5695423.0,104698335.0,0.0,17.64
HK.01099,国药控股,2026-05-12 00:00:00,17.76,17.67,17.8,17.58,7.273,0.00256,3431380.0,63338768.0,0.1700680272108908,17.64
HK.01099,国药控股,2026-05-13 00:00:00,17.67,17.5,17.71,17.43,7.206,0.00358,4804590.0,87950301.0,-0.9620826259196474,17.67
HK.01099,国药控股,2026-05-14 00:00:00,17.6,17.35,17.71,17.3,7.147,0.00355,4759935.0,86359587.0,-0.857142857142849,17.5
HK.01099,国药控股,2026-05-15 00:00:00,17.32,17.09,17.32,16.97,7.044,0.00499,6700325.0,119769426.0,-1.4985590778098072,17.35
HK.01099,国药控股,2026-05-18 00:00:00,17.09,16.72,17.09,16.56,6.899,0.00425,5702500.0,99791266.0,-2.1650087770626154,17.09
HK.01099,国药控股,2026-05-19 00:00:00,16.76,16.89,16.95,16.74,6.966,0.0068,9127164.0,161049620.0,1.0167464114832638,16.72
HK.01099,国药控股,2026-05-20 00:00:00,16.94,16.94,17.01,16.79,6.985,0.00505,6772016.0,119635573.0,0.29603315571344413,16.89
HK.01099,国药控股,2026-05-21 00:00:00,16.87,16.73,17.01,16.68,6.903,0.00535,7184302.0,126621584.0,-1.2396694214876083,16.94
HK.01099,国药控股,2026-05-22 00:00:00,16.99,16.76,16.99,16.68,6.914,0.00245,3283910.0,57600135.0,0.17931858936043715,16.73
HK.01099,国药控股,2026-05-26 00:00:00,17.01,16.64,17.01,16.56,6.867,0.00217,2905129.0,50714836.0,-0.7159904534606264,16.76
HK.01099,国药控股,2026-05-27 00:00:00,16.59,16.339999999,16.69,16.26,6.749,0.00414,5558895.0,95395018.0,-1.8028846213942356,16.64
HK.01099,国药控股,2026-05-28 00:00:00,16.339999999,16.109999999,16.339999999,16.019999999,6.658,0.00567,7602508.0,128477857.0,-1.407588739376232,16.339999999
HK.01099,国药控股,2026-05-29 00:00:00,16.109999999,16.13,16.33,16.03,6.666,0.00683,9163812.0,155273398.0,0.12414649907660534,16.109999999
HK.01099,国药控股,2026-06-01 00:00:00,16.13,16.21,16.31,15.99,6.698,0.00534,7166982.0,121477079.0,0.49597024178550436,16.13
HK.01099,国药控股,2026-06-02 00:00:00,16.1,16.269999999,16.38,16.07,6.721,0.00589,7906348.0,134826457.0,0.3701418815545875,16.21
HK.01099,国药控股,2026-06-03 00:00:00,16.22,16.25,16.289999999,16.06,6.713,0.00434,5825625.0,98987951.0,-0.12292562385512446,16.269999999
HK.01099,国药控股,2026-06-04 00:00:00,16.23,16.359999999,16.51,16.23,6.757,0.00446,5990930.0,102684509.0,0.6769230707692268,16.25
HK.01099,国药控股,2026-06-05 00:00:00,16.32,16.42,16.53,16.24,6.78,0.00531,7130070.0,122720271.0,0.3667481723940699,16.359999999
HK.01099,国药控股,2026-06-08 00:00:00,16.21,16.289999999,16.37,16.08,6.729,0.00326,4369206.0,74587620.0,-0.7917174238733412,16.42
HK.01099,国药控股,2026-06-09 00:00:00,15.64,16.1,16.21,15.64,6.654,0.00677,9090062.0,153073529.0,-1.1663597238284913,16.289999999
HK.01099,国药控股,2026-06-10 00:00:00,16.1,16.289999999,16.33,16.019999999,6.729,0.00445,5973509.0,101589261.0,1.1801242173912896,16.1
HK.01099,国药控股,2026-06-11 00:00:00,16.25,16.01,16.41,15.78,6.619,0.00592,7937155.0,133208568.0,-1.7188459117077102,16.289999999
HK.01099,国药控股,2026-06-12 00:00:00,16.179999999,16.21,16.26,15.69,6.698,0.01522,20425600.0,344122779.0,1.2492192379762603,16.01
HK.01099,国药控股,2026-06-15 00:00:00,16.28,16.14,16.28,15.97,6.67,0.00383,5142181.0,86923796.0,-0.4318322023442337,16.21
HK.01099,国药控股,2026-06-16 00:00:00,16.21,16.179999999,16.43,15.98,6.686,0.00539,7233451.0,122337265.0,0.24783146840148118,16.14
HK.01099,国药控股,2026-06-17 00:00:00,16.26,16.05,16.26,16.0,6.635,0.00433,5806046.0,97879017.0,-0.8034610569099723,16.179999999
HK.01099,国药控股,2026-06-18 00:00:00,16.01,15.589999999,16.039999999,15.58,6.453,0.00556,7461659.0,122816773.0,-2.8660436199377006,16.05
HK.01099,国药控股,2026-06-22 00:00:00,15.519999999,15.519999999,15.589999999,15.17,6.426,0.00416,5575557.0,90445167.0,-0.4490057729601689,15.589999999
HK.01099,国药控股,2026-06-23 00:00:00,15.58,15.59,15.72,15.28,6.142,0.00574,7696710.0,119130064.0,0.45103093430741414,15.519999999
HK.01099,国药控股,2026-06-24 00:00:00,15.73,15.76,15.93,15.66,6.209,0.00482,6462781.0,101973197.0,1.0904425914047462,15.59
HK.01099,国药控股,2026-06-25 00:00:00,15.89,15.98,15.98,15.71,6.296,0.00681,9133920.0,145115575.0,1.3959390862944203,15.76
HK.01099,国药控股,2026-06-26 00:00:00,16.12,15.79,16.12,15.73,6.221,0.00899,12066098.0,191363653.0,-1.1889862327909968,15.98
HK.01099,国药控股,2026-06-29 00:00:00,15.94,16.16,16.35,15.78,6.367,0.00579,7773844.0,125361913.0,2.3432552248258456,15.79
HK.01099,国药控股,2026-06-30 00:00:00,16.18,15.91,16.45,15.76,6.268,0.01322,17743471.0,286677288.0,-1.547029702970297,16.16
HK.01099,国药控股,2026-07-02 00:00:00,16.05,16.43,16.51,16.02,6.473,0.00408,5477721.0,89746413.0,3.2683846637334977,15.91
HK.01099,国药控股,2026-07-03 00:00:00,16.53,16.74,16.75,16.49,6.595,0.00362,4856660.0,81045319.0,1.886792452830181,16.43
HK.01099,国药控股,2026-07-06 00:00:00,16.44,17.24,17.33,16.44,6.792,0.00366,4914573.0,84548529.0,2.9868578255675033,16.74
HK.01099,国药控股,2026-07-07 00:00:00,17.24,17.02,17.38,16.92,6.706,0.00318,4264689.0,72769793.0,-1.2761020881670468,17.24
HK.01099,国药控股,2026-07-08 00:00:00,17.03,17.18,17.28,17.02,6.769,0.00334,4478266.0,76868103.0,0.9400705052878975,17.02
HK.01099,国药控股,2026-07-09 00:00:00,17.12,16.66,17.13,16.54,6.564,0.00512,6872773.0,114548395.0,-3.026775320139695,17.18
HK.01099,国药控股,2026-07-10 00:00:00,16.67,16.73,16.76,16.55,6.591,0.00257,3452344.0,57654003.0,0.4201680672268925,16.66
HK.01099,国药控股,2026-07-13 00:00:00,16.99,16.85,17.06,16.63,6.639,0.0025,3351548.0,56490175.0,0.7172743574417274,16.73
HK.01099,国药控股,2026-07-14 00:00:00,16.9,17.01,17.06,16.7,6.702,0.00365,4897630.0,83185337.0,0.949554896142434,16.85
HK.01099,国药控股,2026-07-15 00:00:00,17.07,17.45,17.6,17.07,6.875,0.00389,5219630.0,91052974.0,2.5867136978247953,17.01
HK.01099,国药控股,2026-07-16 00:00:00,17.8,17.81,17.92,17.64,7.017,0.00366,4915614.0,87509671.0,2.0630372492836644,17.45
HK.01099,国药控股,2026-07-17 00:00:00,17.69,17.57,17.9,17.44,6.922,0.00313,4202467.0,73932254.0,-1.3475575519371052,17.81
HK.01099,国药控股,2026-07-20 00:00:00,17.78,17.62,17.8,17.46,6.942,0.00308,4131715.0,72689018.0,0.28457598178714116,17.57
HK.01099,国药控股,2026-07-21 00:00:00,17.68,17.32,17.75,17.24,6.824,0.00502,6730440.0,117145581.0,-1.702610669693534,17.62
HK.01099,国药控股,2026-07-22 00:00:00,17.16,16.99,17.48,16.85,6.694,0.00377,5063373.0,86149912.0,-1.9053117782910036,17.32
HK.01099,国药控股,2026-07-23 00:00:00,16.9,16.93,17.17,16.82,6.67,0.0033,4425587.0,74913475.0,-0.35314891112418323,16.99
HK.01099,国药控股,2026-07-24 00:00:00,16.93,16.84,16.93,16.74,6.635,0.00247,3316735.0,55807386.0,-0.5316007088009442,16.93
HK.01099,国药控股,2026-07-27 00:00:00,16.84,17.17,17.2,16.76,6.765,0.00361,4841848.0,82556228.0,1.9596199524940727,16.84
HK.01099,国药控股,2026-07-28 00:00:00,17.12,17.25,17.32,17.08,6.796,0.00255,3423470.0,58923128.0,0.46592894583575006,17.17
HK.01099,国药控股,2026-07-29 00:00:00,17.47,17.7,17.78,17.3,6.973,0.00394,5289109.0,93167304.0,2.608695652173909,17.25
HK.01099,国药控股,2026-07-30 00:00:00,17.8,17.65,17.88,17.3,6.954,0.00285,3826214.0,67437400.0,-0.28248587570621875,17.7
HK.01099,国药控股,2026-07-31 00:00:00,17.6,17.38,17.6,17.37,6.847,0.00442,5935173.0,103315515.0,-1.5297450424929155,17.65
HK.01099,国药控股,2026-08-03 00:00:00,17.42,17.46,17.51,17.35,6.879,0.00241,3235248.0,56427460.0,0.4602991944764203,17.38
HK.01099,国药控股,2026-08-04 00:00:00,17.72,17.35,17.72,17.25,6.836,0.00321,4304860.0,74728021.0,-0.6300114547537196,17.46
HK.01099,国药控股,2026-08-05 00:00:00,17.35,17.26,17.49,17.24,6.8,0.00272,3643311.0,63164737.0,-0.5187319884726216,17.35
HK.01099,国药控股,2026-08-06 00:00:00,17.05,17.1,17.39,16.98,6.737,0.00266,3565376.0,60974054.0,-0.9269988412514492,17.26
HK.01099,国药控股,2026-08-07 00:00:00,17.1,16.96,17.12,16.93,6.682,0.00176,2361652.0,40175137.0,-0.8187134502924008,17.1
HK.01099,国药控股,2026-08-10 00:00:00,16.86,17.06,17.28,16.72,6.721,0.00219,2939845.0,50025655.0,0.5896226415094213,16.96
HK.01099,国药控股,2026-08-11 00:00:00,17.15,16.83,17.25,16.64,6.631,0.00251,3366730.0,56718524.0,-1.3481828839390413,17.06
HK.01099,国药控股,2026-08-12 00:00:00,16.64,16.75,16.77,16.62,6.599,0.00265,3552134.0,59298662.0,-0.4753416518122299,16.83
HK.01099,国药控股,2026-08-13 00:00:00,16.7,16.74,16.89,16.62,6.595,0.00208,2786618.0,46672312.0,-0.05970149253732277,16.75
HK.01099,国药控股,2026-08-14 00:00:00,16.67,16.7,16.84,16.61,6.579,0.00226,3039123.0,50693721.0,-0.23894862604539516,16.74
HK.01099,国药控股,2026-08-17 00:00:00,16.79,16.8,17.02,16.7,6.619,0.00135,1810145.0,30496476.0,0.5988023952095893,16.7
HK.01099,国药控股,2026-08-18 00:00:00,16.83,16.91,17.18,16.76,6.662,0.00418,5611161.0,94930947.0,0.6547619047619013,16.8
HK.01099,国药控股,2026-08-19 00:00:00,16.91,16.74,17.02,16.69,6.595,0.00331,4438979.0,74412842.0,-1.0053222945003057,16.91
HK.01099,国药控股,2026-08-20 00:00:00,16.88,16.58,17.17,16.57,6.532,0.00476,6387158.0,106993795.0,-0.955794504181602,16.74
HK.01099,国药控股,2026-08-21 00:00:00,16.58,16.65,16.67,16.46,6.56,0.00301,4042541.0,67053822.0,0.4221954161640548,16.58
