code,name,time_key,open,close,high,low,pe_ratio,turnover_rate,volume,turnover,change_rate,last_close
HK.01766,中国中车,2018-01-02 00:00:00,6.59749,6.80749,6.85749,6.59749,19.057,0.01917,83814287.0,724503944.0,5.09456596692461,6.477489999
HK.01766,中国中车,2018-01-03 00:00:00,6.75749,6.68749,6.87749,6.62749,18.793,0.01278,55864323.0,481347219.0,-1.762764249378247,6.80749
HK.01766,中国中车,2018-01-04 00:00:00,6.78749,6.85749,6.93749,6.68749,19.166,0.01221,53372603.0,465378893.0,2.542059875977383,6.68749
HK.01766,中国中车,2018-01-05 00:00:00,6.85749,6.69749,6.93749,6.67749,18.815,0.00946,41332528.0,357611755.0,-2.3332152143131104,6.85749
HK.01766,中国中车,2018-01-08 00:00:00,6.69749,6.567489999,6.69749,6.41749,18.53,0.01556,68033271.0,572374622.0,-1.9410256827557784,6.69749
HK.01766,中国中车,2018-01-09 00:00:00,6.50749,6.34749,6.567489999,6.34749,18.048,0.01312,57354003.0,477052128.0,-3.3498337878473947,6.567489999
HK.01766,中国中车,2018-01-10 00:00:00,6.34749,6.28749,6.58749,6.28749,17.916,0.0142,62055468.0,515618640.0,-0.9452555262001139,6.34749
HK.01766,中国中车,2018-01-11 00:00:00,6.29749,6.41749,6.42749,6.24749,18.201,0.00759,33174384.0,272808473.0,2.0675977218254005,6.28749
HK.01766,中国中车,2018-01-12 00:00:00,6.477489999,6.28749,6.49749,6.27749,17.916,0.00862,37670738.0,310962481.0,-2.025714103177409,6.41749
HK.01766,中国中车,2018-01-15 00:00:00,6.317489999,5.93749,6.32749,5.93749,17.149,0.01869,81686450.0,649895056.0,-5.566609251068385,6.28749
HK.01766,中国中车,2018-01-16 00:00:00,5.93749,6.10749,6.12749,5.93749,17.521,0.01368,59784856.0,474492978.0,2.8631627169056273,5.93749
HK.01766,中国中车,2018-01-17 00:00:00,6.01749,6.04749,6.09749,5.93749,17.39,0.00831,36317733.0,286598481.0,-0.9824002986496988,6.10749
HK.01766,中国中车,2018-01-18 00:00:00,6.09749,6.12749,6.20749,5.95749,17.565,0.01185,51793528.0,413240462.0,1.3228628736880932,6.04749
HK.01766,中国中车,2018-01-19 00:00:00,6.11749,6.03749,6.20749,5.99749,17.368,0.00781,34158242.0,271875825.0,-1.4687906467411593,6.12749
HK.01766,中国中车,2018-01-22 00:00:00,6.01749,5.94749,6.07749,5.94749,17.171,0.01041,45485144.0,358299660.0,-1.4906856988582982,6.03749
HK.01766,中国中车,2018-01-23 00:00:00,5.95749,6.17749,6.18749,5.93749,17.675,0.01479,64654850.0,513968190.0,3.8671775824759607,5.94749
HK.01766,中国中车,2018-01-24 00:00:00,6.21749,6.43749,6.43749,6.08749,18.245,0.01999,87366368.0,713664340.0,4.208829152293257,6.17749
HK.01766,中国中车,2018-01-25 00:00:00,6.46749,6.19749,6.49749,6.19749,17.719,0.01329,58099670.0,474431915.0,-3.72816113112409,6.43749
HK.01766,中国中车,2018-01-26 00:00:00,6.26749,6.11749,6.33749,6.10749,17.543,0.01489,65102982.0,524131908.0,-1.2908451647360475,6.19749
HK.01766,中国中车,2018-01-29 00:00:00,6.20749,6.03749,6.317489999,6.03749,17.368,0.0123,53748298.0,430827044.0,-1.307725881039447,6.11749
HK.01766,中国中车,2018-01-30 00:00:00,6.06749,5.76749,6.09749,5.76749,16.776,0.01566,68469171.0,531690980.0,-4.4720570965749085,6.03749
HK.01766,中国中车,2018-01-31 00:00:00,5.81749,5.86749,5.89749,5.65749,16.995,0.00962,42037589.0,322639144.0,1.7338564956332916,5.76749
HK.01766,中国中车,2018-02-01 00:00:00,6.06749,5.79749,6.07749,5.78749,16.842,0.00774,33828975.0,261685795.0,-1.193014389457848,5.86749
HK.01766,中国中车,2018-02-02 00:00:00,5.76749,5.80749,5.87749,5.67749,16.864,0.00615,26887256.0,206504409.0,0.17248843896237487,5.79749
HK.01766,中国中车,2018-02-05 00:00:00,5.64749,5.66749,5.72749,5.58749,16.557,0.00988,43181611.0,325600885.0,-2.4106800011708964,5.80749
HK.01766,中国中车,2018-02-06 00:00:00,5.41749,5.36749,5.48749,5.28749,15.899,0.01722,75280630.0,545824432.0,-5.293348554651174,5.66749
HK.01766,中国中车,2018-02-07 00:00:00,5.48749,5.27749,5.61749,5.21749,15.701,0.01352,59092506.0,427188949.0,-1.6767613912648156,5.36749
HK.01766,中国中车,2018-02-08 00:00:00,5.27749,5.61749,5.63749,5.21749,16.447,0.02139,93505500.0,680191255.0,6.4424565465780095,5.27749
HK.01766,中国中车,2018-02-09 00:00:00,5.31749,5.20749,5.43749,5.14749,15.548,0.02152,94061253.0,670572435.0,-7.298633375404321,5.61749
HK.01766,中国中车,2018-02-12 00:00:00,5.26749,5.31749,5.46749,5.14749,15.789,0.00971,42431360.0,306335329.0,2.112342030421572,5.20749
HK.01766,中国中车,2018-02-13 00:00:00,5.46749,5.43749,5.61749,5.39749,16.052,0.00829,36236779.0,267599319.0,2.256703820787629,5.31749
HK.01766,中国中车,2018-02-14 00:00:00,5.46749,5.42749,5.54749,5.32749,16.03,0.00545,23837674.0,174111965.0,-0.18390838419933966,5.43749
HK.01766,中国中车,2018-02-15 00:00:00,5.49749,5.41749,5.49749,5.38749,16.008,0.00408,17839337.0,130565161.0,-0.18424723030350657,5.42749
HK.01766,中国中车,2018-02-20 00:00:00,5.35749,5.46749,5.55749,5.35749,16.118,0.00383,16757298.0,123416465.0,0.9229366367081401,5.41749
HK.01766,中国中车,2018-02-21 00:00:00,5.52749,5.56749,5.57749,5.40749,16.337,0.0037,16156829.0,119925383.0,1.828992828519129,5.46749
HK.01766,中国中车,2018-02-22 00:00:00,5.48749,5.33749,5.49749,5.33749,15.833,0.00914,39939182.0,290825436.0,-4.131125516166179,5.56749
HK.01766,中国中车,2018-02-23 00:00:00,5.39749,5.48749,5.54749,5.34749,16.162,0.00878,38371400.0,281495298.0,2.810309714865983,5.33749
HK.01766,中国中车,2018-02-26 00:00:00,5.51749,5.48749,5.57749,5.42749,16.162,0.00548,23935119.0,176479507.0,0.0,5.48749
HK.01766,中国中车,2018-02-27 00:00:00,5.55749,5.48749,5.57749,5.40749,16.162,0.00571,24972027.0,183960925.0,0.0,5.48749
HK.01766,中国中车,2018-02-28 00:00:00,5.44749,5.28749,5.45749,5.24749,15.723,0.00854,37319889.0,269245487.0,-3.6446535665668667,5.48749
HK.01766,中国中车,2018-03-01 00:00:00,5.22749,5.33749,5.37749,5.21749,15.833,0.0044,19229400.0,138442274.0,0.9456282659636202,5.28749
HK.01766,中国中车,2018-03-02 00:00:00,5.28749,5.36749,5.37749,5.28749,15.899,0.00681,29777950.0,215342666.0,0.5620619429731999,5.33749
HK.01766,中国中车,2018-03-05 00:00:00,5.34749,5.24749,5.36749,5.22749,15.635,0.00664,29012037.0,207605579.0,-2.2356818550197595,5.36749
HK.01766,中国中车,2018-03-06 00:00:00,5.34749,5.31749,5.38749,5.27749,15.789,0.00534,23333368.0,168432295.0,1.3339710985633186,5.24749
HK.01766,中国中车,2018-03-07 00:00:00,5.27749,5.19749,5.32749,5.18749,15.526,0.00698,30508210.0,217260492.0,-2.256703820787629,5.31749
HK.01766,中国中车,2018-03-08 00:00:00,5.19749,5.20749,5.28749,5.18749,15.548,0.005,21856232.0,155458487.0,0.19240056257924087,5.19749
HK.01766,中国中车,2018-03-09 00:00:00,5.26749,5.23749,5.31749,5.20749,15.614,0.00767,33528253.0,238600573.0,0.5760932810240682,5.20749
HK.01766,中国中车,2018-03-12 00:00:00,5.29749,5.32749,5.33749,5.26749,15.811,0.00457,19965946.0,143582485.0,1.7183803692226594,5.23749
HK.01766,中国中车,2018-03-13 00:00:00,5.31749,5.32749,5.33749,5.23749,15.811,0.00563,24607588.0,176204090.0,0.0,5.32749
HK.01766,中国中车,2018-03-14 00:00:00,5.27749,5.29749,5.30749,5.23749,15.745,0.003,13095781.0,93652684.0,-0.5631169650248099,5.32749
HK.01766,中国中车,2018-03-15 00:00:00,5.23749,5.26749,5.28749,5.21749,15.679,0.00383,16742191.0,119402864.0,-0.5663059297893955,5.29749
HK.01766,中国中车,2018-03-16 00:00:00,5.24749,5.22749,5.26749,5.21749,15.592,0.00437,19094969.0,135900232.0,-0.7593749584716658,5.26749
HK.01766,中国中车,2018-03-19 00:00:00,5.23749,5.22749,5.26749,5.19749,15.592,0.00321,14024887.0,99857747.0,0.0,5.22749
HK.01766,中国中车,2018-03-20 00:00:00,5.17749,5.14749,5.19749,5.13749,15.416,0.00594,25945875.0,182901711.0,-1.5303711723982267,5.22749
HK.01766,中国中车,2018-03-21 00:00:00,5.17749,5.14749,5.23749,5.13749,15.416,0.00391,17086773.0,120628531.0,0.0,5.14749
HK.01766,中国中车,2018-03-22 00:00:00,5.17749,5.13749,5.20749,5.11749,15.327,0.00174,7584191.0,53337857.0,-0.194269440057206,5.14749
HK.01766,中国中车,2018-03-23 00:00:00,4.96749,5.00749,5.00749,4.91749,15.043,0.00839,36678330.0,250979413.0,-2.5304185506930406,5.13749
HK.01766,中国中车,2018-03-26 00:00:00,4.97749,5.03749,5.05749,4.91749,15.109,0.00516,22563825.0,154711180.0,0.599102544388511,5.00749
HK.01766,中国中车,2018-03-27 00:00:00,5.03749,5.04749,5.11749,5.03749,15.131,0.0036,15732845.0,109436570.0,0.19851156032071104,5.03749
HK.01766,中国中车,2018-03-28 00:00:00,5.01749,4.93749,5.02749,4.92749,14.89,0.00452,19777677.0,135229044.0,-2.179300999110438,5.04749
HK.01766,中国中车,2018-03-29 00:00:00,4.91749,4.80749,4.94749,4.74749,14.606,0.00998,43626644.0,292968562.0,-2.632916724894648,4.93749
HK.01766,中国中车,2018-04-03 00:00:00,4.73749,4.71749,4.75749,4.60749,14.473,0.01006,43974849.0,289484877.0,-1.8720787770749365,4.80749
HK.01766,中国中车,2018-04-04 00:00:00,4.73749,4.66749,4.86749,4.66749,14.364,0.00499,21802527.0,144854130.0,-1.0598856595350457,4.71749
HK.01766,中国中车,2018-04-06 00:00:00,4.68749,4.70749,4.77749,4.67749,14.451,0.00269,11765643.0,77706643.0,0.8569916593286764,4.66749
HK.01766,中国中车,2018-04-09 00:00:00,4.71749,4.72749,4.84749,4.65749,14.495,0.00461,20162443.0,133709422.0,0.42485485895881797,4.70749
HK.01766,中国中车,2018-04-10 00:00:00,4.73749,4.80749,4.85749,4.70749,14.671,0.00535,23367342.0,156252651.0,1.6922299148173594,4.72749
HK.01766,中国中车,2018-04-11 00:00:00,4.86749,4.85749,4.89749,4.82749,14.78,0.00376,16455730.0,110956445.0,1.0400437650416479,4.80749
HK.01766,中国中车,2018-04-12 00:00:00,4.87749,4.75749,4.87749,4.69749,14.561,0.00494,21582308.0,143166347.0,-2.0586763945988675,4.85749
HK.01766,中国中车,2018-04-13 00:00:00,4.76749,4.77749,4.81749,4.72749,14.605,0.00234,10237700.0,68157743.0,0.42038974333105195,4.75749
HK.01766,中国中车,2018-04-16 00:00:00,4.79749,4.69749,4.79749,4.65749,14.429,0.00356,15557940.0,102198914.0,-1.67451946524221,4.77749
HK.01766,中国中车,2018-04-17 00:00:00,4.71749,4.67749,4.71749,4.63749,14.385,0.00365,15941915.0,104506266.0,-0.4257592884710869,4.69749
HK.01766,中国中车,2018-04-18 00:00:00,4.68749,4.61749,4.77749,4.57749,14.254,0.00655,28650196.0,186692627.0,-1.2827392469037797,4.67749
HK.01766,中国中车,2018-04-19 00:00:00,4.62749,4.76749,4.79749,4.62749,14.583,0.00347,15171369.0,100505422.0,3.2485181343110536,4.61749
HK.01766,中国中车,2018-04-20 00:00:00,4.72749,4.68749,4.79749,4.65749,14.407,0.0024,10504988.0,69208086.0,-1.6780318364590003,4.76749
HK.01766,中国中车,2018-04-23 00:00:00,4.60749,4.64749,4.68749,4.60749,14.32,0.00247,10807068.0,70459357.0,-0.8533351537816621,4.68749
HK.01766,中国中车,2018-04-24 00:00:00,4.59749,4.73749,4.73749,4.59749,14.517,0.00343,14973600.0,98475787.0,1.936529180267195,4.64749
HK.01766,中国中车,2018-04-25 00:00:00,4.66749,4.64749,4.73749,4.62749,14.32,0.0033,14403350.0,94214249.0,-1.899740157762863,4.73749
HK.01766,中国中车,2018-04-26 00:00:00,4.68749,4.63749,4.71749,4.61749,14.298,0.00318,13912600.0,90880365.0,-0.21516990891859208,4.64749
HK.01766,中国中车,2018-04-27 00:00:00,4.67749,4.92749,4.95749,4.67749,14.934,0.00686,30005629.0,202646905.0,6.2533827566205,4.63749
HK.01766,中国中车,2018-04-30 00:00:00,4.96749,5.09749,5.11749,4.93749,15.307,0.00561,24541847.0,170531576.0,3.450032369421347,4.92749
HK.01766,中国中车,2018-05-02 00:00:00,5.07749,4.98749,5.09749,4.87749,15.065,0.00818,35739288.0,244563854.0,-2.1579247825890673,5.09749
HK.01766,中国中车,2018-05-03 00:00:00,4.95749,5.10749,5.12749,4.83749,15.328,0.00879,38412113.0,266007573.0,2.4060198616939603,4.98749
HK.01766,中国中车,2018-05-04 00:00:00,5.10749,5.10749,5.18749,5.05749,15.328,0.00783,34241517.0,239749191.0,0.0,5.10749
HK.01766,中国中车,2018-05-07 00:00:00,5.11749,5.19749,5.21749,5.07749,15.526,0.00544,23785355.0,167944456.0,1.7621179875046227,5.10749
HK.01766,中国中车,2018-05-08 00:00:00,5.16749,5.19749,5.23749,5.16749,15.526,0.00414,18099250.0,128255583.0,0.0,5.19749
HK.01766,中国中车,2018-05-09 00:00:00,5.18749,5.15749,5.20749,5.08749,15.438,0.00279,12200900.0,85825156.0,-0.7696022503169806,5.19749
HK.01766,中国中车,2018-05-10 00:00:00,5.14749,5.19749,5.21749,5.12749,15.526,0.0025,10946260.0,77209903.0,0.7755710626680815,5.15749
HK.01766,中国中车,2018-05-11 00:00:00,5.20749,5.20749,5.26749,5.18749,15.548,0.0029,12658102.0,89781471.0,0.19240056257924087,5.19749
HK.01766,中国中车,2018-05-14 00:00:00,5.22749,5.31749,5.35749,5.22749,15.789,0.00388,16965550.0,121806992.0,2.112342030421572,5.20749
HK.01766,中国中车,2018-05-15 00:00:00,5.30749,5.27749,5.30749,5.23749,15.701,0.00195,8532359.0,61056549.0,-0.7522346069292097,5.31749
HK.01766,中国中车,2018-05-16 00:00:00,5.22749,5.21749,5.27749,5.18749,15.57,0.00201,8783530.0,62305927.0,-1.1369040964549528,5.27749
HK.01766,中国中车,2018-05-17 00:00:00,5.26749,5.17749,5.26749,5.16749,15.482,0.00192,8380537.0,59329724.0,-0.7666521641632287,5.21749
HK.01766,中国中车,2018-05-18 00:00:00,5.21749,5.21749,5.28749,5.20749,15.57,0.00225,9844024.0,70050826.0,0.7725751281026142,5.17749
HK.01766,中国中车,2018-05-21 00:00:00,5.34749,5.26749,5.34749,5.23749,15.679,0.00237,10346824.0,74112604.0,0.9583152052040316,5.21749
HK.01766,中国中车,2018-05-23 00:00:00,5.20749,5.14749,5.24749,5.11749,15.416,0.00442,19307556.0,135850297.0,-2.278124875415031,5.26749
HK.01766,中国中车,2018-05-24 00:00:00,5.11749,5.20749,5.21749,5.11749,15.548,0.00189,8271897.0,58534401.0,1.1656166403431498,5.14749
HK.01766,中国中车,2018-05-25 00:00:00,5.19749,5.18749,5.24749,5.16749,15.504,0.00199,8679750.0,61494334.0,-0.3840621873493674,5.20749
HK.01766,中国中车,2018-05-28 00:00:00,5.25749,5.20749,5.25749,5.16749,15.548,0.00238,10403450.0,73849361.0,0.3855429118899424,5.18749
HK.01766,中国中车,2018-05-29 00:00:00,5.20749,5.21749,5.23749,5.15749,15.57,0.00227,9902925.0,70289453.0,0.1920310936746837,5.20749
HK.01766,中国中车,2018-05-30 00:00:00,5.19749,5.05749,5.19749,5.01749,15.219,0.00375,16399610.0,113798987.0,-3.0666086566529147,5.21749
HK.01766,中国中车,2018-05-31 00:00:00,5.05749,5.12749,5.17749,5.05749,15.372,0.00633,27656258.0,193852816.0,1.3840857816822236,5.05749
HK.01766,中国中车,2018-06-01 00:00:00,5.14749,5.16749,5.19749,5.06749,15.46,0.00513,22433220.0,157797029.0,0.7801087861702322,5.12749
HK.01766,中国中车,2018-06-04 00:00:00,5.21749,5.25749,5.26749,5.16749,15.657,0.00239,10446355.0,74446710.0,1.7416579422504903,5.16749
HK.01766,中国中车,2018-06-05 00:00:00,5.35495,5.26495,5.37495,5.22495,15.263,0.00227,9940241.0,69096446.0,0.1418928043610168,5.25749
HK.01766,中国中车,2018-06-06 00:00:00,5.25495,5.22495,5.26495,5.19495,15.175,0.00289,12651150.0,87432756.0,-0.7597413080845979,5.26495
HK.01766,中国中车,2018-06-07 00:00:00,5.27495,5.22495,5.28495,5.18495,15.175,0.00397,17346350.0,119769316.0,0.0,5.22495
HK.01766,中国中车,2018-06-08 00:00:00,5.22495,5.11495,5.23495,5.09495,14.934,0.0046,20123138.0,137615970.0,-2.1052833041464405,5.22495
HK.01766,中国中车,2018-06-11 00:00:00,5.09495,5.15495,5.18495,5.07495,15.021,0.00276,12060370.0,82507051.0,0.7820213296317664,5.11495
HK.01766,中国中车,2018-06-12 00:00:00,5.15495,5.11495,5.17495,5.05495,14.934,0.00311,13594985.0,92516873.0,-0.7759532100214364,5.15495
HK.01766,中国中车,2018-06-13 00:00:00,5.04495,5.05495,5.10495,5.02495,14.802,0.00282,12339723.0,83319867.0,-1.1730319944476582,5.11495
HK.01766,中国中车,2018-06-14 00:00:00,5.02495,4.99495,5.04495,4.96495,14.671,0.00373,16314280.0,109075300.0,-1.1869553605871397,5.05495
HK.01766,中国中车,2018-06-15 00:00:00,4.99495,4.96495,5.01495,4.88495,14.605,0.00604,26416780.0,175331504.0,-0.6006066126788105,4.99495
HK.01766,中国中车,2018-06-19 00:00:00,4.85495,4.68495,4.86495,4.61495,13.991,0.00788,34434449.0,221488179.0,-5.6395331272218305,4.96495
HK.01766,中国中车,2018-06-20 00:00:00,4.63495,4.64495,4.74495,4.56495,13.903,0.00584,25510125.0,161947772.0,-0.8537977993361731,4.68495
HK.01766,中国中车,2018-06-21 00:00:00,4.66495,4.56495,4.68495,4.53495,13.728,0.00585,25586138.0,161117847.0,-1.7223005629769983,4.64495
HK.01766,中国中车,2018-06-22 00:00:00,4.51495,4.58495,4.60495,4.50495,13.771,0.00265,11584086.0,72554037.0,0.4381208994622168,4.56495
HK.01766,中国中车,2018-06-25 00:00:00,4.61495,4.50495,4.64495,4.41495,13.596,0.00758,33128550.0,205089163.0,-1.7448390931198827,4.58495
HK.01766,中国中车,2018-06-26 00:00:00,4.57495,4.42495,4.57495,4.38495,13.421,0.00487,21299933.0,130709406.0,-1.7758243709697128,4.50495
HK.01766,中国中车,2018-06-27 00:00:00,4.48495,4.29495,4.48495,4.24495,13.135,0.00459,20078095.0,121148915.0,-2.9378863038000405,4.42495
HK.01766,中国中车,2018-06-28 00:00:00,4.34495,4.29495,4.36495,4.25495,13.135,0.00371,16218624.0,97277733.0,0.0,4.29495
HK.01766,中国中车,2018-06-29 00:00:00,4.32495,4.39495,4.41495,4.27495,13.355,0.00404,17639946.0,107023055.0,2.3283158127568337,4.29495
HK.01766,中国中车,2018-07-03 00:00:00,4.30495,4.36495,4.36495,4.19495,13.289,0.00549,23990740.0,144046402.0,-0.6826016223165078,4.39495
HK.01766,中国中车,2018-07-04 00:00:00,4.36495,4.36495,4.45495,4.34495,13.289,0.00443,19356951.0,117841156.0,0.0,4.36495
HK.01766,中国中车,2018-07-05 00:00:00,4.30495,4.23495,4.36495,4.13495,13.004,0.00405,17692817.0,104644805.0,-2.978270083277011,4.36495
HK.01766,中国中车,2018-07-06 00:00:00,4.25495,4.22495,4.32495,4.15495,12.982,0.00614,26839763.0,159468073.0,-0.23613029669773372,4.23495
HK.01766,中国中车,2018-07-09 00:00:00,4.26495,4.29495,4.36495,4.23495,13.135,0.00369,16125300.0,96763307.0,1.6568243411164696,4.22495
HK.01766,中国中车,2018-07-10 00:00:00,4.34495,4.34495,4.38495,4.29495,13.245,0.00368,16082602.0,97074519.0,1.1641579063784169,4.29495
HK.01766,中国中车,2018-07-11 00:00:00,4.19495,4.37495,4.38495,4.17495,13.311,0.00643,28090514.0,169487174.0,0.6904567371316183,4.34495
HK.01766,中国中车,2018-07-12 00:00:00,4.35495,4.36495,4.45495,4.35495,13.289,0.00249,10897340.0,66324432.0,-0.22857404084617622,4.37495
HK.01766,中国中车,2018-07-13 00:00:00,4.36495,4.39495,4.44495,4.35495,13.355,0.00187,8182129.0,49899033.0,0.6872930961408346,4.36495
HK.01766,中国中车,2018-07-16 00:00:00,4.35495,4.35495,4.43495,4.32495,13.267,0.00285,12441850.0,75320715.0,-0.9101354964220307,4.39495
HK.01766,中国中车,2018-07-17 00:00:00,4.35495,4.41495,4.41495,4.34495,13.399,0.0032,13995616.0,85123346.0,1.3777425688010312,4.35495
HK.01766,中国中车,2018-07-18 00:00:00,4.38495,4.35495,4.41495,4.29495,13.267,0.00297,13003347.0,78598159.0,-1.3590187884347613,4.41495
HK.01766,中国中车,2018-07-19 00:00:00,4.40495,4.33495,4.44495,4.32495,13.223,0.00511,22345826.0,135976881.0,-0.45924752293366344,4.35495
HK.01766,中国中车,2018-07-20 00:00:00,4.35495,4.27495,4.38495,4.16495,13.092,0.00481,21021590.0,125617354.0,-1.384099009215804,4.33495
HK.01766,中国中车,2018-07-23 00:00:00,4.24495,4.43495,4.47495,4.11495,13.442,0.01186,51854166.0,313293569.0,3.742733833144251,4.27495
HK.01766,中国中车,2018-07-24 00:00:00,4.48495,4.74495,4.79495,4.48495,14.122,0.01748,76423204.0,490680907.0,6.989932242753594,4.43495
HK.01766,中国中车,2018-07-25 00:00:00,4.80495,4.75495,4.83495,4.69495,14.144,0.00966,42244852.0,273234956.0,0.21075037671629387,4.74495
HK.01766,中国中车,2018-07-26 00:00:00,4.70495,4.75495,4.78495,4.68495,14.144,0.005,21854850.0,140518665.0,0.0,4.75495
HK.01766,中国中车,2018-07-27 00:00:00,4.72495,4.84495,4.86495,4.71495,14.342,0.00533,23309200.0,151812302.0,1.8927643823804636,4.75495
HK.01766,中国中车,2018-07-30 00:00:00,5.01495,5.17495,5.28495,5.01495,15.065,0.02205,96371663.0,663950140.0,6.811215802020662,4.84495
HK.01766,中国中车,2018-07-31 00:00:00,5.19495,5.18495,5.25495,5.07495,15.087,0.00554,24236650.0,166238199.0,0.19323858201528105,5.17495
HK.01766,中国中车,2018-08-01 00:00:00,5.20495,5.18495,5.35495,5.14495,15.087,0.00836,36531298.0,253105681.0,0.0,5.18495
HK.01766,中国中车,2018-08-02 00:00:00,5.18495,5.14495,5.18495,4.86495,15.0,0.00754,32968660.0,222573564.0,-0.7714635628115997,5.18495
HK.01766,中国中车,2018-08-03 00:00:00,5.18495,5.09495,5.18495,4.96495,14.89,0.00541,23651706.0,160071246.0,-0.9718267427283029,5.14495
HK.01766,中国中车,2018-08-06 00:00:00,5.09495,5.05495,5.17495,5.03495,14.802,0.00453,19786863.0,134157663.0,-0.7850911196380737,5.09495
HK.01766,中国中车,2018-08-07 00:00:00,5.12495,5.26495,5.32495,5.02495,15.263,0.01387,60638640.0,421899964.0,4.1543437620550145,5.05495
HK.01766,中国中车,2018-08-08 00:00:00,5.36495,5.43495,5.45495,5.31495,15.635,0.00949,41500850.0,294008223.0,3.228900559359537,5.26495
HK.01766,中国中车,2018-08-09 00:00:00,5.40495,5.52495,5.53495,5.33495,15.833,0.00964,42118851.0,302583686.0,1.655948996770897,5.43495
HK.01766,中国中车,2018-08-10 00:00:00,5.55495,5.52495,5.58495,5.49495,15.833,0.00549,24017340.0,173590929.0,0.0,5.52495
HK.01766,中国中车,2018-08-13 00:00:00,5.40495,5.56495,5.58495,5.35495,15.921,0.00898,39232385.0,282539466.0,0.7239884523841852,5.52495
HK.01766,中国中车,2018-08-14 00:00:00,5.59495,5.54495,5.59495,5.39495,15.877,0.00534,23334867.0,167462431.0,-0.3593922676753533,5.56495
HK.01766,中国中车,2018-08-15 00:00:00,5.55495,5.37495,5.55495,5.34495,15.504,0.00764,33384400.0,236863229.0,-3.065852712828789,5.54495
HK.01766,中国中车,2018-08-16 00:00:00,5.24495,5.24495,5.42495,5.17495,15.219,0.00786,34377508.0,239362080.0,-2.418627150019998,5.37495
HK.01766,中国中车,2018-08-17 00:00:00,5.11495,5.07495,5.14495,4.79495,14.846,0.01319,57668841.0,382787524.0,-3.241212976291479,5.24495
HK.01766,中国中车,2018-08-20 00:00:00,5.13495,4.93495,5.13495,4.83495,14.539,0.00728,31800200.0,210132177.0,-2.758647868451917,5.07495
HK.01766,中国中车,2018-08-21 00:00:00,4.91495,5.00495,5.06495,4.91495,14.692,0.00379,16551330.0,110970045.0,1.4184540876807321,4.93495
HK.01766,中国中车,2018-08-22 00:00:00,5.03495,4.99495,5.03495,4.88495,14.671,0.00292,12757200.0,85097360.0,-0.19980219582612785,5.00495
HK.01766,中国中车,2018-08-23 00:00:00,5.00495,4.89495,5.00495,4.83495,14.451,0.00312,13628501.0,89744727.0,-2.0020220422626958,4.99495
HK.01766,中国中车,2018-08-24 00:00:00,4.83495,4.76495,4.85495,4.70495,14.166,0.00476,20799800.0,134266371.0,-2.655798322761211,4.89495
HK.01766,中国中车,2018-08-27 00:00:00,4.93495,5.04495,5.19495,4.92495,14.78,0.00844,36890757.0,249215302.0,5.876242143149462,4.76495
HK.01766,中国中车,2018-08-28 00:00:00,5.10495,5.05495,5.12495,4.96495,14.802,0.00423,18484521.0,124779716.0,0.198218020000194,5.04495
HK.01766,中国中车,2018-08-29 00:00:00,5.05495,4.98495,5.09495,4.92495,14.649,0.00386,16857701.0,112508862.0,-1.3847812540183266,5.05495
HK.01766,中国中车,2018-08-30 00:00:00,4.93495,4.87495,4.98495,4.82495,14.407,0.00292,12759834.0,83893933.0,-2.2066419923971217,4.98495
HK.01766,中国中车,2018-08-31 00:00:00,4.80495,4.80495,4.92495,4.80495,14.254,0.00553,24172761.0,158077726.0,-1.4359121632016798,4.87495
HK.01766,中国中车,2018-09-03 00:00:00,4.80495,4.77495,4.90495,4.74495,14.188,0.00334,14595226.0,94727709.0,-0.624356132738119,4.80495
HK.01766,中国中车,2018-09-04 00:00:00,4.80495,4.84495,4.89495,4.75495,14.342,0.00182,7956246.0,52128981.0,1.4659839370045822,4.77495
HK.01766,中国中车,2018-09-05 00:00:00,4.84495,4.81495,4.90495,4.74495,14.276,0.00363,15855900.0,103285925.0,-0.619201436547338,4.84495
HK.01766,中国中车,2018-09-06 00:00:00,4.81495,4.87495,4.92495,4.81495,14.407,0.00381,16656697.0,109442035.0,1.2461188589705086,4.81495
HK.01766,中国中车,2018-09-07 00:00:00,4.91495,4.90495,5.07495,4.87495,14.473,0.00912,39882800.0,265234300.0,0.6153909270864367,4.87495
HK.01766,中国中车,2018-09-10 00:00:00,4.98495,4.84495,4.98495,4.80495,14.342,0.00273,11928501.0,78075183.0,-1.2232540596744206,4.90495
HK.01766,中国中车,2018-09-11 00:00:00,4.80495,4.76495,4.85495,4.72495,14.166,0.00635,27744450.0,179561870.0,-1.6512038307928891,4.84495
HK.01766,中国中车,2018-09-12 00:00:00,4.73495,4.66495,4.78495,4.64495,13.947,0.00537,23485484.0,150460040.0,-2.0986579082676555,4.76495
HK.01766,中国中车,2018-09-13 00:00:00,4.79495,4.78495,4.88495,4.70495,14.21,0.00518,22655850.0,146874632.0,2.5723748378867963,4.66495
HK.01766,中国中车,2018-09-14 00:00:00,4.87495,4.90495,4.99495,4.77495,14.473,0.00585,25576096.0,168771912.0,2.5078631960626567,4.78495
HK.01766,中国中车,2018-09-17 00:00:00,4.89495,4.82495,4.89495,4.73495,14.298,0.00257,11225350.0,73244420.0,-1.6310054128992155,4.90495
HK.01766,中国中车,2018-09-18 00:00:00,4.79495,5.22495,5.24495,4.75495,15.175,0.00821,35894300.0,244386101.0,8.29024134965128,4.82495
HK.01766,中国中车,2018-09-19 00:00:00,5.20495,5.19495,5.29495,5.11495,15.109,0.0051,22293534.0,153997590.0,-0.5741681738581108,5.22495
HK.01766,中国中车,2018-09-20 00:00:00,5.17495,5.21495,5.27495,5.17495,15.153,0.00327,14305774.0,98969146.0,0.38498926842413445,5.19495
HK.01766,中国中车,2018-09-21 00:00:00,5.18495,5.42495,5.42495,5.18495,15.614,0.00592,25874841.0,183227111.0,4.026884246253559,5.21495
HK.01766,中国中车,2018-09-24 00:00:00,5.38495,5.32495,5.39495,5.23495,15.394,0.00295,12902740.0,90397034.0,-1.843334961612543,5.42495
HK.01766,中国中车,2018-09-26 00:00:00,5.38495,5.39495,5.48495,5.30495,15.548,0.00838,36616450.0,260080658.0,1.314566333956176,5.32495
HK.01766,中国中车,2018-09-27 00:00:00,5.34495,5.38495,5.44495,5.34495,15.526,0.00557,24360083.0,173131443.0,-0.1853585297361382,5.39495
HK.01766,中国中车,2018-09-28 00:00:00,5.38495,5.45495,5.45495,5.38495,15.679,0.00358,15644586.0,111465758.0,1.2999192193056628,5.38495
HK.01766,中国中车,2018-10-02 00:00:00,5.45495,5.28495,5.45495,5.24495,15.307,0.00378,16523350.0,115828273.0,-3.116435531031447,5.45495
HK.01766,中国中车,2018-10-03 00:00:00,5.29495,5.49495,5.50495,5.29495,15.767,0.00584,25530413.0,182574219.0,3.973547526466664,5.28495
HK.01766,中国中车,2018-10-04 00:00:00,5.44495,5.38495,5.46495,5.33495,15.526,0.00431,18838550.0,133298957.0,-2.0018380513016556,5.49495
HK.01766,中国中车,2018-10-05 00:00:00,5.40495,5.42495,5.43495,5.34495,15.614,0.00298,13044358.0,92557997.0,0.7428109824603764,5.38495
HK.01766,中国中车,2018-10-08 00:00:00,5.47495,5.30495,5.47495,5.27495,15.35,0.00411,17955150.0,126311353.0,-2.2120019539350615,5.42495
HK.01766,中国中车,2018-10-09 00:00:00,5.31495,5.34495,5.35495,5.25495,15.438,0.00407,17771600.0,124398440.0,0.754012761665992,5.30495
HK.01766,中国中车,2018-10-10 00:00:00,5.29495,5.42495,5.54495,5.29495,15.614,0.00755,33013700.0,236438488.0,1.496739913376179,5.34495
HK.01766,中国中车,2018-10-11 00:00:00,5.30495,5.11495,5.30495,5.01495,14.934,0.0095,41523431.0,282814419.0,-5.714338380998896,5.42495
HK.01766,中国中车,2018-10-12 00:00:00,5.12495,5.20495,5.28495,5.09495,15.131,0.00493,21560425.0,148449569.0,1.7595479916714698,5.11495
HK.01766,中国中车,2018-10-15 00:00:00,5.13495,5.05495,5.13495,5.02495,14.802,0.00419,18296630.0,123749313.0,-2.8818720640928412,5.20495
HK.01766,中国中车,2018-10-16 00:00:00,5.05495,5.06495,5.18495,5.00495,14.824,0.00264,11528428.0,77810590.0,0.197825893431187,5.05495
HK.01766,中国中车,2018-10-18 00:00:00,5.13495,5.15495,5.19495,5.02495,15.021,0.00623,27223745.0,185241672.0,1.7769178372935717,5.06495
HK.01766,中国中车,2018-10-19 00:00:00,5.22495,5.14495,5.23495,5.06495,15.2,0.00256,11206708.0,76679002.0,-0.193988302505372,5.15495
HK.01766,中国中车,2018-10-22 00:00:00,5.20495,5.23495,5.38495,5.18495,15.4,0.00394,17226900.0,120034251.0,1.749288136910966,5.14495
HK.01766,中国中车,2018-10-23 00:00:00,5.12495,5.09495,5.22495,5.05495,15.088,0.00313,13683250.0,92995808.0,-2.674333088186144,5.23495
HK.01766,中国中车,2018-10-24 00:00:00,5.15495,5.15495,5.27495,5.06495,15.222,0.00399,17459760.0,119925364.0,1.1776366794571194,5.09495
HK.01766,中国中车,2018-10-25 00:00:00,5.04495,5.12495,5.13495,4.96495,15.155,0.004,17471406.0,118170076.0,-0.5819649075160815,5.15495
HK.01766,中国中车,2018-10-26 00:00:00,5.12495,5.09495,5.13495,5.01495,15.088,0.00374,16333041.0,110632320.0,-0.5853715646006351,5.12495
HK.01766,中国中车,2018-10-29 00:00:00,5.19495,5.15495,5.19495,5.06495,15.021,0.00507,22170930.0,151408633.0,1.1776366794571194,5.09495
HK.01766,中国中车,2018-10-30 00:00:00,5.18495,5.13495,5.25495,5.04495,14.978,0.00509,22269300.0,152335642.0,-0.3879766050107268,5.15495
HK.01766,中国中车,2018-10-31 00:00:00,5.10495,5.18495,5.35495,5.10495,15.087,0.00581,25382922.0,175197199.0,0.9737193156700616,5.13495
HK.01766,中国中车,2018-11-01 00:00:00,5.12495,5.22495,5.36495,5.12495,15.175,0.00407,17804570.0,124041784.0,0.7714635628115997,5.18495
HK.01766,中国中车,2018-11-02 00:00:00,5.25495,5.43495,5.47495,5.24495,15.635,0.0071,31021838.0,220228678.0,4.0191772170068605,5.22495
HK.01766,中国中车,2018-11-05 00:00:00,5.35495,5.36495,5.43495,5.27495,15.482,0.00225,9827618.0,69319691.0,-1.2879603308217997,5.43495
HK.01766,中国中车,2018-11-06 00:00:00,5.36495,5.49495,5.51495,5.34495,15.767,0.00501,21890524.0,157094665.0,2.42313535074884,5.36495
HK.01766,中国中车,2018-11-07 00:00:00,5.41495,5.46495,5.50495,5.38495,15.701,0.00257,11221497.0,80144586.0,-0.5459558321731817,5.49495
HK.01766,中国中车,2018-11-08 00:00:00,5.50495,5.40495,5.52495,5.34495,15.57,0.00399,17423741.0,123981217.0,-1.0979057447918024,5.46495
HK.01766,中国中车,2018-11-09 00:00:00,5.35495,5.39495,5.40495,5.30495,15.548,0.00274,11974766.0,84645848.0,-0.18501558756326467,5.40495
HK.01766,中国中车,2018-11-12 00:00:00,5.39495,5.44495,5.45495,5.32495,15.657,0.00199,8684162.0,61785165.0,0.926792648680724,5.39495
HK.01766,中国中车,2018-11-13 00:00:00,5.40495,5.48495,5.52495,5.25495,15.745,0.00359,15675729.0,111851869.0,0.7346256623109493,5.44495
HK.01766,中国中车,2018-11-14 00:00:00,5.52495,5.55495,5.55495,5.45495,15.899,0.00494,21604009.0,155968802.0,1.2762194732859804,5.48495
HK.01766,中国中车,2018-11-15 00:00:00,5.56495,5.60495,5.63495,5.46495,16.008,0.00466,20383200.0,148240398.0,0.9000981106940624,5.55495
HK.01766,中国中车,2018-11-16 00:00:00,5.55495,5.60495,5.63495,5.53495,16.008,0.00275,12036752.0,87774814.0,0.0,5.60495
HK.01766,中国中车,2018-11-19 00:00:00,5.62495,5.61495,5.63495,5.56495,16.03,0.00308,13474013.0,98418465.0,0.1784137235836301,5.60495
HK.01766,中国中车,2018-11-20 00:00:00,5.54495,5.55495,5.60495,5.49495,15.899,0.00268,11715258.0,85016948.0,-1.0685758555285532,5.61495
HK.01766,中国中车,2018-11-21 00:00:00,5.50495,5.46495,5.58495,5.43495,15.701,0.0037,16151312.0,115987256.0,-1.6201765992493158,5.55495
HK.01766,中国中车,2018-11-22 00:00:00,5.45495,5.51495,5.53495,5.45495,15.811,0.00338,14756513.0,106160382.0,0.9149214539931715,5.46495
HK.01766,中国中车,2018-11-23 00:00:00,5.50495,5.51495,5.54495,5.40495,15.811,0.00218,9514968.0,68463760.0,0.0,5.51495
HK.01766,中国中车,2018-11-26 00:00:00,5.49495,5.50495,5.55495,5.48495,15.789,0.00153,6669372.0,48087607.0,-0.18132530666642102,5.51495
HK.01766,中国中车,2018-11-27 00:00:00,5.50495,5.54495,5.57495,5.42495,15.877,0.00277,12087038.0,86986642.0,0.7266187703793865,5.50495
HK.01766,中国中车,2018-11-28 00:00:00,5.58495,5.49495,5.60495,5.46495,15.767,0.00293,12809888.0,92559589.0,-0.9017213861261116,5.54495
HK.01766,中国中车,2018-11-29 00:00:00,5.51495,5.54495,5.60495,5.49495,15.877,0.00306,13378157.0,96854460.0,0.909926386955292,5.49495
HK.01766,中国中车,2018-11-30 00:00:00,5.55495,5.60495,5.60495,5.54495,16.008,0.0048,20962779.0,152703134.0,1.0820656633513306,5.54495
HK.01766,中国中车,2018-12-03 00:00:00,5.65495,5.64495,5.77495,5.60495,16.096,0.00636,27779650.0,204759353.0,0.7136548943344729,5.60495
HK.01766,中国中车,2018-12-04 00:00:00,5.60495,5.74495,5.74495,5.60495,16.315,0.00427,18684584.0,137876369.0,1.771494875951081,5.64495
HK.01766,中国中车,2018-12-05 00:00:00,5.57495,5.62495,5.63495,5.57495,16.052,0.0026,11343221.0,82886731.0,-2.0887910251612305,5.74495
HK.01766,中国中车,2018-12-06 00:00:00,5.55495,5.45495,5.57495,5.42495,15.679,0.00419,18316234.0,131262535.0,-3.022249086658547,5.62495
HK.01766,中国中车,2018-12-07 00:00:00,5.59495,5.49495,5.61495,5.45495,15.767,0.00795,34756500.0,250843631.0,0.7332789484779885,5.45495
HK.01766,中国中车,2018-12-10 00:00:00,5.46495,5.57495,5.61495,5.39495,15.942,0.00317,13855300.0,100471796.0,1.4558822191284737,5.49495
HK.01766,中国中车,2018-12-11 00:00:00,5.60495,5.74495,5.77495,5.59495,16.315,0.00568,24828535.0,183683500.0,3.0493547027327583,5.57495
HK.01766,中国中车,2018-12-12 00:00:00,5.77495,5.93495,5.93495,5.76495,16.732,0.00718,31374379.0,237538896.0,3.3072524565052697,5.74495
HK.01766,中国中车,2018-12-13 00:00:00,5.94495,6.16495,6.19495,5.90495,17.236,0.01149,50230897.0,392663656.0,3.875348570754605,5.93495
HK.01766,中国中车,2018-12-14 00:00:00,6.10495,6.11495,6.15495,6.03495,17.127,0.00428,18699200.0,145908818.0,-0.8110365858603853,6.16495
HK.01766,中国中车,2018-12-17 00:00:00,6.15495,6.11495,6.16495,6.05495,17.127,0.00393,17168180.0,134066727.0,0.0,6.11495
HK.01766,中国中车,2018-12-18 00:00:00,6.12495,5.94495,6.14495,5.89495,16.754,0.00602,26317681.0,202197342.0,-2.780071791265667,6.11495
HK.01766,中国中车,2018-12-19 00:00:00,5.94495,6.10495,6.13495,5.88495,17.105,0.00629,27511798.0,213391470.0,2.6913598936912715,5.94495
HK.01766,中国中车,2018-12-20 00:00:00,6.13495,6.10495,6.18495,6.02495,17.105,0.00574,25094986.0,195873611.0,0.0,6.10495
HK.01766,中国中车,2018-12-21 00:00:00,6.01495,5.93495,6.08495,5.83495,16.732,0.00634,27692886.0,211618760.0,-2.7846255907091777,6.10495
HK.01766,中国中车,2018-12-24 00:00:00,5.93495,5.79495,5.96495,5.73495,16.425,0.00263,11491320.0,86091602.0,-2.3589078256767064,5.93495
HK.01766,中国中车,2018-12-27 00:00:00,5.79495,5.76495,5.93495,5.73495,16.359,0.00215,9414346.0,70732893.0,-0.5176921284911906,5.79495
HK.01766,中国中车,2018-12-28 00:00:00,5.73495,5.76495,5.86495,5.62495,16.359,0.00261,11387953.0,84736847.0,0.0,5.76495
HK.01766,中国中车,2018-12-31 00:00:00,5.90495,5.94495,5.98495,5.83495,16.754,0.00172,7499361.0,57213339.0,3.1223167590352148,5.76495
HK.01766,中国中车,2019-01-02 00:00:00,5.93495,5.81495,5.93495,5.66495,16.469,0.00248,10850857.0,81025482.0,-2.1867299136241813,5.94495
HK.01766,中国中车,2019-01-03 00:00:00,5.84495,5.92495,6.00495,5.83495,16.71,0.00704,30754626.0,234650798.0,1.8916757667735806,5.81495
HK.01766,中国中车,2019-01-04 00:00:00,5.90495,6.08495,6.12495,5.89495,17.061,0.00816,35670855.0,275949081.0,2.7004447294913905,5.92495
HK.01766,中国中车,2019-01-07 00:00:00,6.16495,6.15495,6.25495,6.10495,17.214,0.00627,27423531.0,215612365.0,1.1503792142910012,6.08495
HK.01766,中国中车,2019-01-08 00:00:00,5.97495,6.334949999,6.344949999,5.97495,17.609,0.00863,37719250.0,301126111.0,2.9244754059740474,6.15495
HK.01766,中国中车,2019-01-09 00:00:00,6.45495,6.28495,6.48495,6.25495,17.5,0.00781,34131887.0,275441249.0,-0.7892721964323706,6.334949999
HK.01766,中国中车,2019-01-10 00:00:00,6.30495,6.13495,6.344949999,6.09495,17.171,0.00575,25120118.0,197736044.0,-2.3866538317727324,6.28495
HK.01766,中国中车,2019-01-11 00:00:00,6.17495,6.24495,6.30495,6.11495,17.412,0.00383,16724717.0,132223609.0,1.7930056479677963,6.13495
HK.01766,中国中车,2019-01-14 00:00:00,6.25495,6.14495,6.334949999,6.09495,17.192,0.00293,12786350.0,100665339.0,-1.6012938454271135,6.24495
HK.01766,中国中车,2019-01-15 00:00:00,6.14495,6.18495,6.29495,6.14495,17.28,0.00449,19629204.0,155050558.0,0.6509410166071333,6.14495
HK.01766,中国中车,2019-01-16 00:00:00,6.10495,6.28495,6.28495,6.08495,17.5,0.00377,16469251.0,130487768.0,1.6168279452542142,6.18495
HK.01766,中国中车,2019-01-17 00:00:00,6.26495,6.07495,6.28495,6.00495,17.039,0.00583,25502486.0,199323743.0,-3.341315364481817,6.28495
HK.01766,中国中车,2019-01-18 00:00:00,6.19495,5.97495,6.19495,5.97495,16.82,0.00905,39564180.0,306806018.0,-1.6461040831611868,6.07495
HK.01766,中国中车,2019-01-21 00:00:00,5.96495,5.97495,6.11495,5.89495,16.82,0.00715,31264533.0,240122149.0,0.0,5.97495
HK.01766,中国中车,2019-01-22 00:00:00,5.99495,6.06495,6.14495,5.97495,17.017,0.00415,18125619.0,140676313.0,1.5062887555544375,5.97495
HK.01766,中国中车,2019-01-23 00:00:00,6.06495,6.06495,6.14495,6.01495,17.017,0.00469,20521169.0,159083893.0,0.0,6.06495
HK.01766,中国中车,2019-01-24 00:00:00,6.07495,5.98495,6.13495,5.85495,16.842,0.01073,46900403.0,358962550.0,-1.3190545676386316,6.06495
HK.01766,中国中车,2019-01-25 00:00:00,6.04495,6.15495,6.18495,5.95495,17.214,0.00644,28146350.0,219950621.0,2.840458149190886,5.98495
HK.01766,中国中车,2019-01-28 00:00:00,6.14495,6.19495,6.25495,6.14495,17.302,0.00502,21921760.0,173156798.0,0.6498834271602537,6.15495
HK.01766,中国中车,2019-01-29 00:00:00,6.19495,6.22495,6.27495,6.11495,17.368,0.00312,13621083.0,107789130.0,0.48426540972888177,6.19495
HK.01766,中国中车,2019-01-30 00:00:00,6.22495,6.21495,6.26495,6.16495,17.346,0.00258,11298400.0,89411911.0,-0.16064386059325436,6.22495
HK.01766,中国中车,2019-01-31 00:00:00,6.16495,6.18495,6.24495,6.11495,17.28,0.0047,20538250.0,161838548.0,-0.48270702097362406,6.21495
HK.01766,中国中车,2019-02-01 00:00:00,6.20495,6.08495,6.20495,6.06495,17.061,0.00483,21117719.0,165097053.0,-1.6168279452542,6.18495
HK.01766,中国中车,2019-02-04 00:00:00,6.06495,6.16495,6.18495,6.06495,17.236,0.00101,4407237.0,34562345.0,1.3147191020468545,6.08495
HK.01766,中国中车,2019-02-08 00:00:00,6.15495,6.10495,6.16495,5.98495,17.105,0.00289,12623945.0,98455082.0,-0.9732439030324738,6.16495
HK.01766,中国中车,2019-02-11 00:00:00,6.10495,6.02495,6.16495,5.97495,16.929,0.0045,19683093.0,152133223.0,-1.3104120426866734,6.10495
HK.01766,中国中车,2019-02-12 00:00:00,5.99495,6.03495,6.10495,5.99495,16.951,0.0043,18789962.0,145357098.0,0.16597648113263472,6.02495
HK.01766,中国中车,2019-02-13 00:00:00,6.09495,6.19495,6.20495,6.08495,17.302,0.00454,19839320.0,155761715.0,2.651223290996614,6.03495
HK.01766,中国中车,2019-02-14 00:00:00,6.10495,6.36495,6.37495,6.10495,17.675,0.00702,30702770.0,245668465.0,2.744170655130387,6.19495
HK.01766,中国中车,2019-02-15 00:00:00,6.30495,6.31495,6.35495,6.25495,17.565,0.00487,21285380.0,170237987.0,-0.7855521253112862,6.36495
HK.01766,中国中车,2019-02-18 00:00:00,6.36495,6.31495,6.44495,6.30495,17.565,0.0048,20993665.0,169238314.0,0.0,6.31495
HK.01766,中国中车,2019-02-19 00:00:00,6.38495,6.35495,6.44495,6.32495,17.653,0.00363,15861055.0,127956175.0,0.6334175250793758,6.31495
HK.01766,中国中车,2019-02-20 00:00:00,6.414949999,6.414949999,6.424949999,6.36495,17.785,0.00352,15368706.0,124534573.0,0.9441458862776327,6.35495
HK.01766,中国中车,2019-02-21 00:00:00,6.43495,6.48495,6.52495,6.36495,17.938,0.00581,25412811.0,207478065.0,1.0912010383699386,6.414949999
HK.01766,中国中车,2019-02-22 00:00:00,6.43495,6.504949999,6.504949999,6.43495,17.982,0.00484,21143777.0,173091447.0,0.30840637167594953,6.48495
HK.01766,中国中车,2019-02-25 00:00:00,6.504949999,6.504949999,6.584949999,6.45495,17.982,0.00663,28963350.0,237999911.0,0.0,6.504949999
HK.01766,中国中车,2019-02-26 00:00:00,6.55495,6.69495,6.78495,6.51495,18.399,0.00863,37709512.0,314851070.0,2.9208525973175656,6.504949999
HK.01766,中国中车,2019-02-27 00:00:00,6.80495,6.65495,6.92495,6.64495,18.311,0.00705,30800307.0,260790231.0,-0.5974652536613423,6.69495
HK.01766,中国中车,2019-02-28 00:00:00,6.61495,6.54495,6.744949999,6.494949999,18.07,0.00548,23962268.0,197637710.0,-1.6529049805032392,6.65495
HK.01766,中国中车,2019-03-01 00:00:00,6.57495,6.674949999,6.754949999,6.54495,18.355,0.0056,24469450.0,205219648.0,1.9862642036990323,6.54495
HK.01766,中国中车,2019-03-04 00:00:00,6.63495,6.60495,6.79495,6.594949999,18.201,0.0056,24465961.0,205108095.0,-1.0486969791607004,6.674949999
HK.01766,中国中车,2019-03-05 00:00:00,6.57495,6.57495,6.664949999,6.52495,18.135,0.00266,11626019.0,96131708.0,-0.4542048009447363,6.60495
HK.01766,中国中车,2019-03-06 00:00:00,6.61495,6.45495,6.61495,6.37495,17.872,0.00613,26810376.0,218346227.0,-1.8251089361896302,6.57495
HK.01766,中国中车,2019-03-07 00:00:00,6.414949999,6.37495,6.494949999,6.30495,17.697,0.00459,20049103.0,162154409.0,-1.2393589415874648,6.45495
HK.01766,中国中车,2019-03-08 00:00:00,6.32495,6.15495,6.334949999,6.10495,17.214,0.00616,26945552.0,212089797.0,-3.4510074588820263,6.37495
HK.01766,中国中车,2019-03-11 00:00:00,6.08495,6.19495,6.24495,6.08495,17.302,0.00294,12848804.0,101427811.0,0.6498834271602537,6.15495
HK.01766,中国中车,2019-03-12 00:00:00,6.30495,6.46495,6.48495,6.19495,17.894,0.0059,25782377.0,209332283.0,4.358388687560021,6.19495
HK.01766,中国中车,2019-03-13 00:00:00,6.47495,6.24495,6.47495,6.20495,17.412,0.0032,13982155.0,111622095.0,-3.4029652201486438,6.46495
HK.01766,中国中车,2019-03-14 00:00:00,6.26495,6.29495,6.35495,6.22495,17.521,0.00188,8212686.0,65576171.0,0.8006469227135496,6.24495
HK.01766,中国中车,2019-03-15 00:00:00,6.25495,6.27495,6.44495,6.21495,17.478,0.00409,17892860.0,143574712.0,-0.3177149937648506,6.29495
HK.01766,中国中车,2019-03-18 00:00:00,6.26495,6.414949999,6.43495,6.26495,17.785,0.00272,11888748.0,95987499.0,2.2310934589120315,6.27495
HK.01766,中国中车,2019-03-19 00:00:00,6.45495,6.26495,6.45495,6.21495,17.456,0.00383,16736606.0,133491564.0,-2.338287890371447,6.414949999
HK.01766,中国中车,2019-03-20 00:00:00,6.22495,6.16495,6.30495,6.14495,17.236,0.00325,14185141.0,112091704.0,-1.5961819328166968,6.26495
HK.01766,中国中车,2019-03-21 00:00:00,6.16495,6.27495,6.32495,6.16495,17.478,0.00388,16954834.0,135108368.0,1.7842804888928447,6.16495
HK.01766,中国中车,2019-03-22 00:00:00,6.38495,6.27495,6.38495,6.21495,17.478,0.00239,10445129.0,83243635.0,0.0,6.27495
HK.01766,中国中车,2019-03-25 00:00:00,6.20495,6.26495,6.30495,6.10495,17.456,0.00398,17403250.0,138415173.0,-0.15936381963202556,6.27495
HK.01766,中国中车,2019-03-26 00:00:00,6.30495,6.19495,6.30495,6.12495,17.302,0.0031,13539820.0,106739858.0,-1.117327352971682,6.26495
HK.01766,中国中车,2019-03-27 00:00:00,6.30495,6.22495,6.30495,6.18495,18.0,0.00361,15765921.0,124736547.0,0.48426540972888177,6.19495
HK.01766,中国中车,2019-03-28 00:00:00,6.30495,6.35495,6.37495,6.21495,18.295,0.00402,17578790.0,140933091.0,2.0883701877123495,6.22495
HK.01766,中国中车,2019-03-29 00:00:00,6.20495,5.70495,6.20495,5.52495,16.818,0.03417,149368970.0,1094577506.0,-10.22824727181173,6.35495
HK.01766,中国中车,2019-04-01 00:00:00,5.78495,5.67495,5.80495,5.63495,16.75,0.00858,37491833.0,276465926.0,-0.5258591223411291,5.70495
HK.01766,中国中车,2019-04-02 00:00:00,5.75495,5.58495,5.76495,5.55495,16.545,0.00783,34214424.0,249678897.0,-1.5859170565379406,5.67495
HK.01766,中国中车,2019-04-03 00:00:00,5.60495,5.62495,5.69495,5.59495,16.636,0.00732,32018022.0,234630748.0,0.7162105300853192,5.58495
HK.01766,中国中车,2019-04-04 00:00:00,5.65495,5.69495,5.72495,5.64495,16.795,0.00872,38125100.0,282104754.0,1.244455506271172,5.62495
HK.01766,中国中车,2019-04-08 00:00:00,5.75495,5.69495,5.77495,5.64495,16.795,0.00577,25206324.0,186361277.0,0.0,5.69495
HK.01766,中国中车,2019-04-09 00:00:00,5.69495,5.68495,5.73495,5.63495,16.772,0.00625,27318764.0,201307509.0,-0.17559416676179201,5.69495
HK.01766,中国中车,2019-04-10 00:00:00,5.69495,5.72495,5.72495,5.66495,16.863,0.006,26212183.0,193827694.0,0.703612168972463,5.68495
HK.01766,中国中车,2019-04-11 00:00:00,5.64495,5.57495,5.70495,5.56495,16.522,0.00431,18839035.0,137388036.0,-2.620110219303216,5.72495
HK.01766,中国中车,2019-04-12 00:00:00,5.63495,5.59495,5.63495,5.52495,16.568,0.00281,12285138.0,89385197.0,0.35874761208619943,5.57495
HK.01766,中国中车,2019-04-15 00:00:00,5.60495,5.54495,5.71495,5.53495,16.454,0.00345,15095784.0,110512327.0,-0.8936630354158629,5.59495
HK.01766,中国中车,2019-04-16 00:00:00,5.60495,5.58495,5.63495,5.53495,16.545,0.0027,11817711.0,85899776.0,0.7213771089008925,5.54495
HK.01766,中国中车,2019-04-17 00:00:00,5.62495,5.59495,5.62495,5.54495,16.568,0.0029,12668229.0,92254518.0,0.17905263252132583,5.58495
HK.01766,中国中车,2019-04-18 00:00:00,5.56495,5.51495,5.58495,5.50495,16.386,0.00279,12178292.0,87960005.0,-1.429860856665387,5.59495
HK.01766,中国中车,2019-04-23 00:00:00,5.41495,5.39495,5.49495,5.36495,16.113,0.00403,17624269.0,124899899.0,-2.1759036799971008,5.51495
HK.01766,中国中车,2019-04-24 00:00:00,5.49495,5.40495,5.49495,5.36495,16.136,0.00183,8011223.0,56809267.0,0.18535852973615463,5.39495
HK.01766,中国中车,2019-04-25 00:00:00,5.39495,5.30495,5.39495,5.24495,15.909,0.00412,18007318.0,125893604.0,-1.8501558756325316,5.40495
HK.01766,中国中车,2019-04-26 00:00:00,5.29495,5.22495,5.30495,5.17495,15.727,0.00354,15473122.0,106859617.0,-1.508025523331984,5.30495
HK.01766,中国中车,2019-04-29 00:00:00,5.30495,5.27495,5.34495,5.16495,15.84,0.00195,8527565.0,59317226.0,0.9569469564302017,5.22495
HK.01766,中国中车,2019-04-30 00:00:00,5.32495,5.15495,5.38495,5.10495,15.568,0.00645,28210805.0,192950997.0,-2.2749030796500294,5.27495
HK.01766,中国中车,2019-05-02 00:00:00,5.16495,5.09495,5.17495,5.06495,15.431,0.00284,12427333.0,84520713.0,-1.163929815032163,5.15495
HK.01766,中国中车,2019-05-03 00:00:00,5.00495,5.12495,5.16495,4.98495,15.5,0.00395,17269385.0,117346001.0,0.5888183397285597,5.09495
HK.01766,中国中车,2019-05-06 00:00:00,4.98495,4.98495,5.06495,4.93495,15.181,0.00423,18501603.0,123444866.0,-2.7317339681362682,5.12495
HK.01766,中国中车,2019-05-07 00:00:00,5.03495,5.02495,5.06495,4.95495,15.272,0.00365,15974500.0,106942788.0,0.8024152699625703,4.98495
HK.01766,中国中车,2019-05-08 00:00:00,4.95495,4.93495,4.98495,4.90495,15.068,0.00323,14130106.0,93807839.0,-1.7910625976377845,5.02495
HK.01766,中国中车,2019-05-09 00:00:00,4.91495,4.97495,5.07495,4.82495,15.159,0.00462,20198002.0,134485688.0,0.8105451929604157,4.93495
HK.01766,中国中车,2019-05-10 00:00:00,5.00495,4.99495,5.08495,4.90495,15.204,0.00576,25171279.0,168663729.0,0.4020140905938846,4.97495
HK.01766,中国中车,2019-05-14 00:00:00,4.88495,5.05495,5.08495,4.83495,15.34,0.00537,23472971.0,156925776.0,1.2012132253576033,4.99495
HK.01766,中国中车,2019-05-15 00:00:00,5.00495,4.98495,5.05495,4.94495,15.181,0.00351,15324332.0,102709135.0,-1.3847812540183266,5.05495
HK.01766,中国中车,2019-05-16 00:00:00,4.95495,5.02495,5.04495,4.95495,15.272,0.00396,17324884.0,116212413.0,0.8024152699625703,4.98495
HK.01766,中国中车,2019-05-17 00:00:00,5.08495,5.11495,5.20495,5.04495,15.477,0.00702,30682716.0,209435256.0,1.7910625976378023,5.02495
HK.01766,中国中车,2019-05-20 00:00:00,5.17495,5.18495,5.21495,5.13495,15.636,0.00527,23032116.0,158357653.0,1.368537326855578,5.11495
HK.01766,中国中车,2019-05-21 00:00:00,5.21495,5.08495,5.21495,5.07495,15.409,0.00477,20830940.0,142031447.0,-1.9286589070289906,5.18495
HK.01766,中国中车,2019-05-22 00:00:00,5.13495,4.99495,5.13495,4.95495,15.204,0.00291,12719944.0,85074962.0,-1.7699289078555316,5.08495
HK.01766,中国中车,2019-05-23 00:00:00,5.07495,4.90495,5.07495,4.85495,15.0,0.00482,21073023.0,138999325.0,-1.8018198380364139,4.99495
HK.01766,中国中车,2019-05-24 00:00:00,5.00495,4.88495,5.00495,4.83495,14.954,0.00202,8837361.0,57999978.0,-0.4077513532248129,4.90495
HK.01766,中国中车,2019-05-27 00:00:00,4.91495,4.85495,4.96495,4.83495,14.886,0.00194,8494989.0,55792612.0,-0.6141311579443034,4.88495
HK.01766,中国中车,2019-05-28 00:00:00,4.85495,4.88495,4.90495,4.82495,14.954,0.00806,35211891.0,231326850.0,0.617926034253705,4.85495
HK.01766,中国中车,2019-05-29 00:00:00,4.82495,4.83495,4.89495,4.79495,14.84,0.0026,11371419.0,74323327.0,-1.0235519299071603,4.88495
HK.01766,中国中车,2019-05-30 00:00:00,4.88495,4.91495,4.93495,4.77495,15.022,0.00195,8508350.0,55764284.0,1.6546189722747924,4.83495
HK.01766,中国中车,2019-05-31 00:00:00,4.94495,5.02495,5.06495,4.88495,15.272,0.00361,15782724.0,105888708.0,2.238069563271232,4.91495
HK.01766,中国中车,2019-06-03 00:00:00,4.96495,4.97495,5.02495,4.91495,15.159,0.00168,7331800.0,48832914.0,-0.995034776465434,5.02495
HK.01766,中国中车,2019-06-04 00:00:00,5.00495,4.94495,5.00495,4.88495,15.09,0.00161,7022757.0,46571496.0,-0.6030211358908001,4.97495
HK.01766,中国中车,2019-06-05 00:00:00,5.00495,4.85495,5.00495,4.82495,14.886,0.00268,11703499.0,76853615.0,-1.8200386252641734,4.94495
HK.01766,中国中车,2019-06-06 00:00:00,4.85495,4.82495,4.87495,4.76495,14.818,0.0026,11349199.0,73790153.0,-0.6179260342536866,4.85495
HK.01766,中国中车,2019-06-10 00:00:00,4.82495,4.84495,4.87495,4.80495,14.863,0.00403,17626485.0,115014375.0,0.4145120674825557,4.82495
HK.01766,中国中车,2019-06-11 00:00:00,4.89495,5.08495,5.13495,4.84495,15.409,0.00673,29400695.0,198903847.0,4.953611492378667,4.84495
HK.01766,中国中车,2019-06-12 00:00:00,5.10495,5.07495,5.12495,5.00495,15.386,0.00191,8367177.0,56642632.0,-0.19665876753949965,5.08495
HK.01766,中国中车,2019-06-13 00:00:00,5.08495,4.99495,5.08495,4.92495,15.204,0.00288,12581624.0,84099119.0,-1.5763702105439474,5.07495
HK.01766,中国中车,2019-06-14 00:00:00,5.07495,4.97495,5.07495,4.93495,15.159,0.00209,9156364.0,61098359.0,-0.4004044084525463,4.99495
HK.01766,中国中车,2019-06-17 00:00:00,4.93495,4.91495,4.99495,4.90495,15.022,0.00218,9519052.0,63181526.0,-1.2060422717816182,4.97495
HK.01766,中国中车,2019-06-18 00:00:00,4.95495,4.96495,5.02495,4.88495,15.136,0.00257,11235912.0,74811333.0,1.0173043469414709,4.91495
HK.01766,中国中车,2019-06-19 00:00:00,4.99495,5.03495,5.08495,4.98495,15.295,0.003,13093771.0,88141272.0,1.4098832818054619,4.96495
HK.01766,中国中车,2019-06-20 00:00:00,5.11495,5.06495,5.11495,5.00495,15.363,0.002,8750831.0,59027969.0,0.5958351125631706,5.03495
HK.01766,中国中车,2019-06-21 00:00:00,5.05495,4.98495,5.10495,4.98495,15.181,0.00466,20353391.0,136385118.0,-1.579482522038701,5.06495
HK.01766,中国中车,2019-06-24 00:00:00,5.00495,5.01495,5.05495,4.98495,15.25,0.00133,5809227.0,38974852.0,0.6018114524719277,4.98495
HK.01766,中国中车,2019-06-25 00:00:00,4.99495,4.93495,5.07495,4.93495,15.068,0.00185,8095050.0,53799742.0,-1.5952302615180622,5.01495
HK.01766,中国中车,2019-06-26 00:00:00,4.93495,4.93495,5.01495,4.90495,15.068,0.00238,10399800.0,68973703.0,0.0,4.93495
HK.01766,中国中车,2019-06-27 00:00:00,4.99495,4.98495,5.05495,4.93495,15.181,0.00169,7366093.0,49329113.0,1.0131814912005332,4.93495
HK.01766,中国中车,2019-06-28 00:00:00,5.02982,5.00982,5.04982,4.97982,14.84,0.00174,7588518.0,49529455.0,0.49890169409923757,4.98495
HK.01766,中国中车,2019-07-02 00:00:00,5.05982,5.11982,5.14982,4.99982,15.09,0.00338,14752850.0,97747255.0,2.1956876694172527,5.00982
HK.01766,中国中车,2019-07-03 00:00:00,5.06982,5.09982,5.11982,5.02982,15.045,0.00283,12391201.0,81739245.0,-0.3906387333929625,5.11982
HK.01766,中国中车,2019-07-04 00:00:00,5.11982,5.01982,5.11982,4.99982,14.863,0.00149,6509603.0,42801308.0,-1.5686828162562612,5.09982
HK.01766,中国中车,2019-07-05 00:00:00,5.00982,4.98982,5.05982,4.98982,14.795,0.00122,5345127.0,34955505.0,-0.5976309907526614,5.01982
HK.01766,中国中车,2019-07-08 00:00:00,4.97982,4.96982,5.02982,4.90982,14.75,0.00244,10667022.0,69041753.0,-0.40081606150120797,4.98982
HK.01766,中国中车,2019-07-09 00:00:00,4.91982,4.82982,4.92982,4.80982,14.431,0.00275,12042200.0,76552914.0,-2.8170034327199085,4.96982
HK.01766,中国中车,2019-07-10 00:00:00,4.86982,4.84982,4.90982,4.79982,14.477,0.00199,8720150.0,55555023.0,0.4140941070267725,4.82982
HK.01766,中国中车,2019-07-11 00:00:00,4.90982,4.86982,4.96982,4.84982,14.522,0.00122,5342883.0,34266577.0,0.41238643908432837,4.84982
HK.01766,中国中车,2019-07-12 00:00:00,4.86982,4.85982,4.90982,4.80982,14.5,0.00094,4114670.0,26232605.0,-0.20534639884019915,4.86982
HK.01766,中国中车,2019-07-15 00:00:00,4.79982,4.83982,4.84982,4.77982,14.454,0.00174,7602950.0,48159849.0,-0.41153787588841695,4.85982
HK.01766,中国中车,2019-07-16 00:00:00,4.80982,4.85982,4.90982,4.80982,14.5,0.00181,7920995.0,50534759.0,0.41323850887017416,4.83982
HK.01766,中国中车,2019-07-17 00:00:00,4.83982,4.83982,4.86982,4.80982,14.454,0.00216,9462962.0,60207958.0,-0.41153787588841695,4.85982
HK.01766,中国中车,2019-07-18 00:00:00,4.84982,4.81982,4.86982,4.78982,14.409,0.002,8751100.0,55393802.0,-0.4132385088701558,4.83982
HK.01766,中国中车,2019-07-19 00:00:00,4.81982,4.77982,4.85982,4.77982,14.318,0.00347,15164487.0,95900534.0,-0.8299065110315331,4.81982
HK.01766,中国中车,2019-07-22 00:00:00,4.80982,4.67982,4.81982,4.66982,14.09,0.00274,11997000.0,74730890.0,-2.0921289923051423,4.77982
HK.01766,中国中车,2019-07-23 00:00:00,4.68982,4.74982,4.78982,4.65982,14.25,0.00218,9508307.0,59554941.0,1.4957840258813244,4.67982
HK.01766,中国中车,2019-07-24 00:00:00,4.79982,4.73982,4.79982,4.70982,14.227,0.001,4381385.0,27500581.0,-0.21053429393113396,4.74982
HK.01766,中国中车,2019-07-25 00:00:00,4.72982,4.76982,4.77982,4.72982,14.295,0.0009,3943398.0,24736472.0,0.6329354279276481,4.73982
HK.01766,中国中车,2019-07-26 00:00:00,4.75982,4.74982,4.81982,4.67982,14.25,0.00261,11409788.0,71675903.0,-0.41930303449607026,4.76982
HK.01766,中国中车,2019-07-29 00:00:00,4.74982,4.72982,4.77982,4.66982,14.204,0.00122,5311525.0,33148801.0,-0.4210685878622679,4.74982
HK.01766,中国中车,2019-07-30 00:00:00,4.72982,4.66982,4.73982,4.66982,14.068,0.00083,3647004.0,22663794.0,-1.268547217441689,4.72982
HK.01766,中国中车,2019-07-31 00:00:00,4.60982,4.66982,4.66982,4.59982,14.068,0.00182,7972610.0,49114686.0,0.0,4.66982
HK.01766,中国中车,2019-08-01 00:00:00,4.60982,4.62982,4.65982,4.58982,13.977,0.00293,12821500.0,78768611.0,-0.8565640645678,4.66982
HK.01766,中国中车,2019-08-02 00:00:00,4.53982,4.52982,4.57982,4.49982,13.75,0.00294,12850750.0,77680515.0,-2.159911184452088,4.62982
HK.01766,中国中车,2019-08-05 00:00:00,4.41982,4.37982,4.50982,4.34982,13.409,0.00396,17317931.0,102581101.0,-3.311389856550599,4.52982
HK.01766,中国中车,2019-08-06 00:00:00,4.32982,4.17982,4.35982,4.15982,12.954,0.00512,22369103.0,127932445.0,-4.566397705841776,4.37982
HK.01766,中国中车,2019-08-07 00:00:00,4.17982,4.12982,4.24982,4.09982,12.84,0.00295,12879070.0,72944711.0,-1.1962237608318231,4.17982
HK.01766,中国中车,2019-08-08 00:00:00,4.11982,4.14982,4.20982,4.11982,12.886,0.00363,15882973.0,90250290.0,0.4842826079587116,4.12982
HK.01766,中国中车,2019-08-09 00:00:00,4.13982,4.18982,4.19982,4.13982,12.977,0.00255,11127700.0,63446824.0,0.9638972292774153,4.14982
HK.01766,中国中车,2019-08-12 00:00:00,4.17982,4.12982,4.19982,4.12982,12.84,0.00129,5653525.0,32098175.0,-1.4320424266436385,4.18982
HK.01766,中国中车,2019-08-13 00:00:00,4.09982,4.06982,4.12982,4.00982,12.704,0.00248,10825678.0,60341465.0,-1.4528478238760918,4.12982
HK.01766,中国中车,2019-08-14 00:00:00,4.15982,4.03982,4.17982,4.02982,12.636,0.00162,7102635.0,39713363.0,-0.7371333375923321,4.06982
HK.01766,中国中车,2019-08-15 00:00:00,4.11982,4.05982,4.11982,3.98982,12.681,0.00166,7258646.0,40392555.0,0.4950715625943845,4.03982
HK.01766,中国中车,2019-08-16 00:00:00,3.97982,3.97982,4.01982,3.94982,12.5,0.00416,18203100.0,100112858.0,-1.97053071318433,4.05982
HK.01766,中国中车,2019-08-19 00:00:00,4.02982,4.05982,4.11982,3.97982,12.681,0.00235,10256800.0,57332152.0,2.0101411621631144,3.97982
HK.01766,中国中车,2019-08-20 00:00:00,4.04982,4.08982,4.13982,3.94982,12.75,0.00431,18841800.0,105138960.0,0.7389490174441073,4.05982
HK.01766,中国中车,2019-08-21 00:00:00,4.08982,4.12982,4.15982,4.07982,12.84,0.00267,11650626.0,65680029.0,0.97803815326836,4.08982
HK.01766,中国中车,2019-08-22 00:00:00,4.08982,4.12982,4.17982,4.07982,12.84,0.00211,9234350.0,52151628.0,0.0,4.12982
HK.01766,中国中车,2019-08-23 00:00:00,4.09982,4.09982,4.16982,4.07982,12.772,0.00173,7545000.0,42525102.0,-0.7264239119380351,4.12982
HK.01766,中国中车,2019-08-26 00:00:00,3.91982,3.72982,4.00982,3.63982,11.931,0.01454,63550750.0,341568039.0,-9.024786454039448,4.09982
HK.01766,中国中车,2019-08-27 00:00:00,3.76982,3.75982,3.80982,3.66982,12.0,0.00949,41495875.0,218553716.0,0.8043283590092767,3.72982
HK.01766,中国中车,2019-08-28 00:00:00,3.80982,3.77982,3.84982,3.76982,12.045,0.00327,14312650.0,76115156.0,0.5319403588469666,3.75982
HK.01766,中国中车,2019-08-29 00:00:00,3.79982,3.76982,3.81982,3.69982,12.022,0.00364,15902148.0,84105256.0,-0.26456286278181995,3.77982
HK.01766,中国中车,2019-08-30 00:00:00,3.84982,3.86982,3.95982,3.82982,12.25,0.00744,32520099.0,175802290.0,2.6526465454583943,3.76982
HK.01766,中国中车,2019-09-02 00:00:00,3.92982,3.89982,3.92982,3.83982,12.318,0.00278,12160350.0,65966105.0,0.7752298556522074,3.86982
HK.01766,中国中车,2019-09-03 00:00:00,3.89982,3.76982,3.89982,3.74982,12.022,0.00262,11432050.0,60600902.0,-3.333487186588096,3.89982
HK.01766,中国中车,2019-09-04 00:00:00,3.76982,3.85982,3.90982,3.72982,12.227,0.00428,18711569.0,100285664.0,2.3873818909125597,3.76982
HK.01766,中国中车,2019-09-05 00:00:00,3.87982,3.93982,4.01982,3.85982,12.409,0.00482,21072500.0,115419350.0,2.0726355115005384,3.85982
HK.01766,中国中车,2019-09-06 00:00:00,4.00982,4.06982,4.09982,3.98982,12.704,0.0049,21398682.0,119502902.0,3.2996431309044545,3.93982
HK.01766,中国中车,2019-09-09 00:00:00,4.05982,4.04982,4.09982,4.02982,12.659,0.0016,7014543.0,39171874.0,-0.4914222250615402,4.06982
HK.01766,中国中车,2019-09-10 00:00:00,4.03982,4.06982,4.12982,4.01982,12.704,0.00231,10113349.0,56637878.0,0.4938491093431207,4.04982
HK.01766,中国中车,2019-09-11 00:00:00,4.11982,4.14982,4.16982,4.08982,12.886,0.00218,9544726.0,53956290.0,1.9656889002462041,4.06982
HK.01766,中国中车,2019-09-12 00:00:00,4.18982,4.20982,4.30982,4.17982,13.022,0.0029,12663438.0,72899273.0,1.4458458439161124,4.14982
HK.01766,中国中车,2019-09-13 00:00:00,4.24982,4.28982,4.31982,4.21982,13.204,0.00191,8353272.0,48425563.0,1.9003187784750912,4.20982
HK.01766,中国中车,2019-09-16 00:00:00,4.23982,4.28982,4.29982,4.20982,13.204,0.00278,12166486.0,70299624.0,0.0,4.28982
HK.01766,中国中车,2019-09-17 00:00:00,4.29982,4.22982,4.29982,4.18982,13.068,0.00431,18842622.0,108417157.0,-1.398660083639864,4.28982
HK.01766,中国中车,2019-09-18 00:00:00,4.24982,4.20982,4.24982,4.18982,13.022,0.00078,3428297.0,19662653.0,-0.472833359339179,4.22982
HK.01766,中国中车,2019-09-19 00:00:00,4.19982,4.12982,4.24982,4.07982,12.84,0.00229,10019502.0,56676574.0,-1.9003187784750912,4.20982
HK.01766,中国中车,2019-09-20 00:00:00,4.20982,4.31982,4.31982,4.12982,13.272,0.00736,32169415.0,186235975.0,4.600684775607664,4.12982
HK.01766,中国中车,2019-09-23 00:00:00,4.31982,4.11982,4.32982,4.04982,12.818,0.0034,14859093.0,83689018.0,-4.629822538902088,4.31982
HK.01766,中国中车,2019-09-24 00:00:00,4.16982,4.06982,4.16982,3.99982,12.704,0.002,8761522.0,48858204.0,-1.2136452563461468,4.11982
HK.01766,中国中车,2019-09-25 00:00:00,4.04982,3.97982,4.04982,3.89982,12.5,0.00543,23747953.0,130548884.0,-2.2114000127769744,4.06982
HK.01766,中国中车,2019-09-26 00:00:00,3.97982,3.97982,4.05982,3.93982,12.5,0.00221,9674307.0,53273272.0,0.0,3.97982
HK.01766,中国中车,2019-09-27 00:00:00,4.07982,3.97982,4.07982,3.94982,12.5,0.00207,9038418.0,49702315.0,0.0,3.97982
HK.01766,中国中车,2019-09-30 00:00:00,3.86982,3.94982,3.95982,3.84982,12.431,0.00179,7832200.0,42666076.0,-0.7538029358111735,3.97982
HK.01766,中国中车,2019-10-02 00:00:00,3.87982,3.91982,3.97982,3.87982,12.363,0.00114,4984900.0,27196717.0,-0.7595282823014671,3.94982
HK.01766,中国中车,2019-10-03 00:00:00,3.89982,3.91982,3.93982,3.79982,12.363,0.00129,5637198.0,30386602.0,0.0,3.91982
HK.01766,中国中车,2019-10-04 00:00:00,3.96982,3.79982,3.96982,3.75982,12.09,0.00181,7906000.0,42174513.0,-3.0613650626814524,3.91982
HK.01766,中国中车,2019-10-08 00:00:00,3.78982,3.74982,3.83982,3.73982,11.977,0.00286,12497094.0,66198800.0,-1.3158518035064772,3.79982
HK.01766,中国中车,2019-10-09 00:00:00,3.71982,3.75982,3.79982,3.71982,12.0,0.00149,6496514.0,34348217.0,0.2666794672810905,3.74982
HK.01766,中国中车,2019-10-10 00:00:00,3.79982,3.77982,3.84982,3.73982,12.045,0.00082,3587200.0,19042955.0,0.5319403588469666,3.75982
HK.01766,中国中车,2019-10-11 00:00:00,3.83982,3.91982,3.92982,3.83982,12.363,0.00141,6150310.0,33311421.0,3.7038800789455615,3.77982
HK.01766,中国中车,2019-10-14 00:00:00,3.92982,3.89982,3.99982,3.89982,12.318,0.00136,5925691.0,32346564.0,-0.5102275104469087,3.91982
HK.01766,中国中车,2019-10-15 00:00:00,3.89982,3.80982,3.92982,3.80982,12.113,0.00174,7612262.0,40741770.0,-2.307798821484065,3.89982
HK.01766,中国中车,2019-10-16 00:00:00,3.77982,3.78982,3.87982,3.76982,12.068,0.00202,8846600.0,47106262.0,-0.5249591844234115,3.80982
HK.01766,中国中车,2019-10-17 00:00:00,3.81982,3.83982,3.84982,3.78982,12.181,0.00129,5658400.0,30277496.0,1.3193238729016106,3.78982
HK.01766,中国中车,2019-10-18 00:00:00,3.80982,3.83982,3.93982,3.80982,12.181,0.00128,5611919.0,30175194.0,0.0,3.83982
HK.01766,中国中车,2019-10-21 00:00:00,3.83982,3.81982,3.83982,3.77982,12.136,0.0021,9165550.0,48938571.0,-0.5208577485402965,3.83982
HK.01766,中国中车,2019-10-22 00:00:00,3.85982,3.82982,3.87982,3.79982,12.159,0.00133,5805630.0,31059276.0,0.2617924404814831,3.81982
HK.01766,中国中车,2019-10-23 00:00:00,3.83982,3.79982,3.85982,3.76982,12.09,0.00123,5390300.0,28623110.0,-0.783326631538814,3.82982
HK.01766,中国中车,2019-10-24 00:00:00,3.83982,3.90982,3.90982,3.80982,12.34,0.00219,9593764.0,51826300.0,2.8948739677142568,3.79982
HK.01766,中国中车,2019-10-25 00:00:00,3.85982,3.83982,3.90982,3.78982,12.181,0.00165,7222000.0,38621950.0,-1.7903637507609007,3.90982
HK.01766,中国中车,2019-10-28 00:00:00,3.89982,3.86982,3.95982,3.84982,12.25,0.00353,15410900.0,82935229.0,0.7812866228104391,3.83982
HK.01766,中国中车,2019-10-29 00:00:00,3.87982,3.84982,3.93982,3.83982,12.204,0.00187,8168184.0,44043586.0,-0.5168199037681345,3.86982
HK.01766,中国中车,2019-10-30 00:00:00,3.80982,3.78982,3.84982,3.72982,12.068,0.00273,11925760.0,63172701.0,-1.5585144240509845,3.84982
HK.01766,中国中车,2019-10-31 00:00:00,3.82982,3.72982,3.87982,3.70982,11.931,0.00731,31935100.0,168815505.0,-1.5831886474819399,3.78982
HK.01766,中国中车,2019-11-01 00:00:00,3.70982,3.80982,3.82982,3.68982,12.113,0.00269,11738730.0,62143473.0,2.1448756240247535,3.72982
HK.01766,中国中车,2019-11-04 00:00:00,3.79982,3.90982,3.94982,3.79982,12.34,0.0031,13530485.0,73501231.0,2.6247959221170456,3.80982
HK.01766,中国中车,2019-11-05 00:00:00,3.89982,4.04982,4.05982,3.89982,12.659,0.00385,16821178.0,92917891.0,3.5807275015218236,3.90982
HK.01766,中国中车,2019-11-06 00:00:00,4.05982,3.97982,4.07982,3.94982,12.5,0.00412,18010506.0,99092299.0,-1.7284718827009664,4.04982
HK.01766,中国中车,2019-11-07 00:00:00,3.94982,3.98982,3.99982,3.92982,12.004,0.00229,9992185.0,54803726.0,0.25126764527038375,3.97982
HK.01766,中国中车,2019-11-08 00:00:00,3.97982,4.03982,4.11982,3.97982,12.113,0.00216,9443435.0,52674192.0,1.253189366938855,3.98982
HK.01766,中国中车,2019-11-11 00:00:00,3.98982,3.83982,3.98982,3.78982,11.677,0.00569,24869310.0,135752023.0,-4.950715625943724,4.03982
HK.01766,中国中车,2019-11-12 00:00:00,3.80982,3.78982,3.82982,3.73982,11.568,0.00268,11698971.0,62000601.0,-1.3021443713507357,3.83982
HK.01766,中国中车,2019-11-13 00:00:00,3.75982,3.66982,3.75982,3.63982,11.307,0.00411,17977493.0,93422970.0,-3.1663772949638798,3.78982
HK.01766,中国中车,2019-11-14 00:00:00,3.66982,3.59982,3.68982,3.59982,11.154,0.00282,12306539.0,63398075.0,-1.9074505016594898,3.66982
HK.01766,中国中车,2019-11-15 00:00:00,3.64982,3.56982,3.64982,3.56982,11.089,0.00206,8991688.0,46013975.0,-0.8333750020834321,3.59982
HK.01766,中国中车,2019-11-18 00:00:00,3.59982,3.56982,3.59982,3.52982,11.089,0.00208,9083953.0,46184182.0,0.0,3.56982
HK.01766,中国中车,2019-11-19 00:00:00,3.55982,3.62982,3.64982,3.53982,11.22,0.00117,5110307.0,26295745.0,1.680757012958638,3.56982
HK.01766,中国中车,2019-11-20 00:00:00,3.59982,3.59982,3.64982,3.54982,11.154,0.00254,11086711.0,56595554.0,-0.8264872638312711,3.62982
HK.01766,中国中车,2019-11-21 00:00:00,3.52982,3.52982,3.54982,3.48982,11.002,0.00185,8092899.0,40852561.0,-1.9445416715280166,3.59982
HK.01766,中国中车,2019-11-22 00:00:00,3.51982,3.54982,3.59982,3.50982,11.045,0.00143,6254510.0,31693475.0,0.5666011298026533,3.52982
HK.01766,中国中车,2019-11-25 00:00:00,3.55982,3.73982,3.76982,3.55982,11.459,0.00274,11981525.0,62715855.0,5.3523840645441165,3.54982
HK.01766,中国中车,2019-11-26 00:00:00,3.78982,3.80982,3.84982,3.76982,11.612,0.0065,28401589.0,151256736.0,1.8717478381312547,3.73982
HK.01766,中国中车,2019-11-27 00:00:00,3.82982,3.75982,3.87982,3.71982,11.503,0.0023,10048349.0,52979681.0,-1.3123979610585348,3.80982
HK.01766,中国中车,2019-11-28 00:00:00,3.69982,3.68982,3.76982,3.66982,11.35,0.00177,7728050.0,40375244.0,-1.861791255964377,3.75982
HK.01766,中国中车,2019-11-29 00:00:00,3.66982,3.62982,3.72982,3.58982,11.22,0.00266,11625791.0,59745157.0,-1.6260955818983056,3.68982
HK.01766,中国中车,2019-12-02 00:00:00,3.62982,3.61982,3.65982,3.59982,11.198,0.00236,10309909.0,53103357.0,-0.2754957546104278,3.62982
HK.01766,中国中车,2019-12-03 00:00:00,3.63982,3.60982,3.64982,3.54982,11.176,0.0022,9601527.0,49357977.0,-0.276256830450127,3.61982
HK.01766,中国中车,2019-12-04 00:00:00,3.54982,3.53982,3.63982,3.52982,11.023,0.00258,11285950.0,57269050.0,-1.9391548609071878,3.60982
HK.01766,中国中车,2019-12-05 00:00:00,3.55982,3.54982,3.60982,3.53982,11.045,0.00197,8605100.0,43728302.0,0.28250024012519803,3.53982
HK.01766,中国中车,2019-12-06 00:00:00,3.57982,3.58982,3.63982,3.57982,11.132,0.00231,10112853.0,51829782.0,1.1268176977987627,3.54982
HK.01766,中国中车,2019-12-09 00:00:00,3.64982,3.65982,3.71982,3.61982,11.285,0.00206,8995100.0,46659600.0,1.949958493740629,3.58982
HK.01766,中国中车,2019-12-10 00:00:00,3.66982,3.57982,3.66982,3.53982,11.111,0.00222,9696006.0,49446708.0,-2.185899852998237,3.65982
HK.01766,中国中车,2019-12-11 00:00:00,3.54982,3.64982,3.67982,3.54982,11.263,0.00179,7835780.0,40411784.0,1.9554055790514688,3.57982
HK.01766,中国中车,2019-12-12 00:00:00,3.63982,3.77982,3.79982,3.60982,11.546,0.00418,18292087.0,96265855.0,3.561819486988396,3.64982
HK.01766,中国中车,2019-12-13 00:00:00,3.85982,3.86982,3.89982,3.76982,11.742,0.00387,16937748.0,90841145.0,2.3810657650364266,3.77982
HK.01766,中国中车,2019-12-16 00:00:00,3.90982,3.83982,3.92982,3.80982,11.677,0.00328,14337300.0,76956319.0,-0.7752298556521959,3.86982
HK.01766,中国中车,2019-12-17 00:00:00,3.85982,4.10982,4.11982,3.81982,12.265,0.00827,36154850.0,200574402.0,7.031579605293999,3.83982
HK.01766,中国中车,2019-12-18 00:00:00,4.12982,4.17982,4.19982,4.07982,12.418,0.0088,38451268.0,217882443.0,1.7032376113795809,4.10982
HK.01766,中国中车,2019-12-19 00:00:00,4.18982,4.17982,4.18982,4.09982,12.418,0.00349,15258359.0,86440047.0,0.0,4.17982
HK.01766,中国中车,2019-12-20 00:00:00,4.17982,4.20982,4.20982,4.12982,12.483,0.00443,19372501.0,110531013.0,0.7177342564990683,4.17982
HK.01766,中国中车,2019-12-23 00:00:00,4.20982,4.14982,4.21982,4.10982,12.352,0.00516,22560265.0,128539186.0,-1.4252390838563076,4.20982
HK.01766,中国中车,2019-12-24 00:00:00,4.20982,4.17982,4.20982,4.13982,12.418,0.00096,4192425.0,23881370.0,0.7229229219580668,4.14982
HK.01766,中国中车,2019-12-27 00:00:00,4.17982,4.20982,4.22982,4.11982,12.483,0.00329,14385100.0,82295727.0,0.7177342564990683,4.17982
HK.01766,中国中车,2019-12-30 00:00:00,4.22982,4.23982,4.25982,4.15982,12.549,0.00209,9144645.0,52573662.0,0.7126195419281645,4.20982
HK.01766,中国中车,2019-12-31 00:00:00,4.25982,4.15982,4.25982,4.13982,12.374,0.00124,5425280.0,30927029.0,-1.886872555910394,4.23982
HK.01766,中国中车,2020-01-02 00:00:00,4.14982,4.44982,4.45982,4.14982,13.006,0.00537,23491470.0,139012778.0,6.971455495670487,4.15982
HK.01766,中国中车,2020-01-03 00:00:00,4.57982,4.46982,4.57982,4.42982,13.05,0.0056,24475986.0,146785965.0,0.4494563825053702,4.44982
HK.01766,中国中车,2020-01-06 00:00:00,4.43982,4.35982,4.47982,4.33982,12.81,0.00359,15706203.0,93038041.0,-2.4609492104827555,4.46982
HK.01766,中国中车,2020-01-07 00:00:00,4.42982,4.31982,4.42982,4.29982,12.723,0.00251,10953450.0,64017362.0,-0.9174690698239844,4.35982
HK.01766,中国中车,2020-01-08 00:00:00,4.21982,4.19982,4.29982,4.16982,12.461,0.00367,16056819.0,92295831.0,-2.7778935233412527,4.31982
HK.01766,中国中车,2020-01-09 00:00:00,4.21982,4.28982,4.32982,4.21982,12.657,0.00385,16825577.0,97167546.0,2.142948983527862,4.19982
HK.01766,中国中车,2020-01-10 00:00:00,4.32982,4.31982,4.33982,4.11982,12.723,0.00236,10327341.0,60178782.0,0.6993300418199423,4.28982
HK.01766,中国中车,2020-01-13 00:00:00,4.36982,4.31982,4.39982,4.27982,12.723,0.00328,14327382.0,83748773.0,0.0,4.31982
HK.01766,中国中车,2020-01-14 00:00:00,4.41982,4.36982,4.43982,4.34982,12.832,0.00327,14303900.0,84385158.0,1.157455634725517,4.31982
HK.01766,中国中车,2020-01-15 00:00:00,4.36982,4.35982,4.39982,4.30982,12.81,0.0017,7436870.0,43675781.0,-0.22884237794691284,4.36982
HK.01766,中国中车,2020-01-16 00:00:00,4.35982,4.29982,4.35982,4.24982,12.679,0.00332,14502870.0,84425124.0,-1.3762036047359663,4.35982
HK.01766,中国中车,2020-01-17 00:00:00,4.33982,4.32982,4.35982,4.23982,12.745,0.00273,11924604.0,69557022.0,0.6977036248028837,4.29982
HK.01766,中国中车,2020-01-20 00:00:00,4.24982,4.29982,4.35982,4.24982,12.679,0.00267,11663598.0,67872001.0,-0.6928694495383032,4.32982
HK.01766,中国中车,2020-01-21 00:00:00,4.13982,4.09982,4.23982,4.09982,12.244,0.00331,14484249.0,82265096.0,-4.651357498685995,4.29982
HK.01766,中国中车,2020-01-22 00:00:00,4.13982,4.18982,4.19982,4.06982,12.44,0.00238,10423473.0,59111796.0,2.1952183266582397,4.09982
HK.01766,中国中车,2020-01-23 00:00:00,4.06982,3.99982,4.08982,3.94982,12.026,0.00248,10832890.0,59872259.0,-4.534801017704816,4.18982
HK.01766,中国中车,2020-01-24 00:00:00,3.93982,3.98982,4.00982,3.91982,12.004,0.00054,2351431.0,12883898.0,-0.25001125050627854,3.99982
HK.01766,中国中车,2020-01-29 00:00:00,3.69982,3.77982,3.78982,3.61982,11.546,0.00336,14697450.0,77187871.0,-5.263395341143209,3.98982
HK.01766,中国中车,2020-01-30 00:00:00,3.72982,3.63982,3.76982,3.59982,11.241,0.00442,19334400.0,100065498.0,-3.7038800789455615,3.77982
HK.01766,中国中车,2020-01-31 00:00:00,3.64982,3.62982,3.74982,3.60982,11.22,0.00571,24968640.0,129590980.0,-0.27473886071288656,3.63982
HK.01766,中国中车,2020-02-03 00:00:00,3.64982,3.58982,3.66982,3.51982,11.132,0.00552,24128948.0,123463965.0,-1.1019830184416868,3.62982
HK.01766,中国中车,2020-02-04 00:00:00,3.52982,3.57982,3.64982,3.48982,11.111,0.00428,18713051.0,95457003.0,-0.2785654991058112,3.58982
HK.01766,中国中车,2020-02-05 00:00:00,3.56982,3.56982,3.66982,3.52982,11.089,0.00739,32288232.0,164880401.0,-0.27934365415020274,3.57982
HK.01766,中国中车,2020-02-06 00:00:00,3.66982,3.77982,3.80982,3.64982,11.546,0.00407,17776505.0,93759323.0,5.882649545355227,3.56982
HK.01766,中国中车,2020-02-07 00:00:00,3.66982,3.74982,3.79982,3.66982,11.481,0.00194,8473453.0,44625482.0,-0.7936885883454716,3.77982
HK.01766,中国中车,2020-02-10 00:00:00,3.63982,3.73982,3.80982,3.63982,11.459,0.00257,11246403.0,59232807.0,-0.2666794672811023,3.74982
HK.01766,中国中车,2020-02-11 00:00:00,3.81982,3.78982,3.85982,3.77982,11.568,0.00221,9639635.0,51342544.0,1.3369627415223264,3.73982
HK.01766,中国中车,2020-02-12 00:00:00,3.82982,3.80982,3.86982,3.77982,11.612,0.00229,9991552.0,53397434.0,0.5277295491606466,3.78982
HK.01766,中国中车,2020-02-13 00:00:00,3.82982,3.77982,3.89982,3.77982,11.546,0.00227,9917932.0,52933872.0,-0.7874387766351231,3.80982
HK.01766,中国中车,2020-02-14 00:00:00,3.82982,3.76982,3.84982,3.73982,11.525,0.00238,10403891.0,55145773.0,-0.26456286278181995,3.77982
HK.01766,中国中车,2020-02-17 00:00:00,3.77982,3.84982,3.90982,3.76982,11.699,0.00295,12885150.0,69413462.0,2.122117236366713,3.76982
HK.01766,中国中车,2020-02-18 00:00:00,3.82982,3.82982,3.87982,3.79982,11.655,0.00248,10850656.0,58160503.0,-0.5195048080169987,3.84982
HK.01766,中国中车,2020-02-19 00:00:00,3.77982,3.81982,3.87982,3.77982,11.633,0.00634,27700530.0,148723470.0,-0.2611088771796008,3.82982
HK.01766,中国中车,2020-02-20 00:00:00,3.78982,3.79982,3.84982,3.76982,11.59,0.00182,7957408.0,42380390.0,-0.5235848809629777,3.81982
HK.01766,中国中车,2020-02-21 00:00:00,3.77982,3.75982,3.84982,3.75982,11.503,0.00355,15509900.0,82414098.0,-1.0526814428051863,3.79982
HK.01766,中国中车,2020-02-24 00:00:00,3.69982,3.59982,3.69982,3.56982,11.154,0.00631,27600811.0,141446691.0,-4.255522870775732,3.75982
HK.01766,中国中车,2020-02-25 00:00:00,3.63982,3.49982,3.63982,3.47982,10.936,0.00591,25842568.0,130033880.0,-2.7779166736114487,3.59982
HK.01766,中国中车,2020-02-26 00:00:00,3.45982,3.52982,3.67982,3.41982,11.002,0.01089,47593450.0,241813183.0,0.8571869410426767,3.49982
HK.01766,中国中车,2020-02-27 00:00:00,3.55982,3.66982,3.68982,3.53982,11.307,0.00888,38834200.0,200538178.0,3.9662079086185735,3.52982
HK.01766,中国中车,2020-02-28 00:00:00,3.50982,3.47982,3.59982,3.45982,10.893,0.00791,34567926.0,173644314.0,-5.17736564736145,3.66982
HK.01766,中国中车,2020-03-02 00:00:00,3.55982,3.68982,3.72982,3.44982,11.35,0.0081,35415100.0,183859818.0,6.034794903184646,3.47982
HK.01766,中国中车,2020-03-03 00:00:00,3.69982,3.64982,3.79982,3.62982,11.263,0.00416,18167151.0,94176282.0,-1.0840637212655369,3.68982
HK.01766,中国中车,2020-03-04 00:00:00,3.62982,3.60982,3.67982,3.58982,11.176,0.00528,23069030.0,118756952.0,-1.0959444575348931,3.64982
HK.01766,中国中车,2020-03-05 00:00:00,3.67982,3.60982,3.67982,3.57982,11.176,0.00663,28982350.0,148847708.0,0.0,3.60982
HK.01766,中国中车,2020-03-06 00:00:00,3.59982,3.60982,3.60982,3.49982,11.176,0.01572,68727824.0,351042616.0,0.0,3.60982
HK.01766,中国中车,2020-03-09 00:00:00,3.39982,3.21982,3.46982,3.19982,10.326,0.01212,52984083.0,256144036.0,-10.80386279648293,3.60982
HK.01766,中国中车,2020-03-10 00:00:00,3.19982,3.12982,3.27982,3.10982,10.13,0.00813,35521673.0,166615588.0,-2.7951873086073094,3.21982
HK.01766,中国中车,2020-03-11 00:00:00,3.16982,3.09982,3.26982,3.08982,10.065,0.00607,26516451.0,124306350.0,-0.9585215763206909,3.12982
HK.01766,中国中车,2020-03-12 00:00:00,3.07982,2.87982,3.07982,2.85982,9.586,0.0054,23610901.0,104911646.0,-7.097186288236084,3.09982
HK.01766,中国中车,2020-03-13 00:00:00,2.62982,2.78982,2.83982,2.52982,9.389,0.0097,42385961.0,178039572.0,-3.1251953247077893,2.87982
HK.01766,中国中车,2020-03-16 00:00:00,2.80982,2.64982,2.89982,2.619819999,9.084,0.00454,19833503.0,84282104.0,-5.018244904689196,2.78982
HK.01766,中国中车,2020-03-17 00:00:00,2.56982,2.52982,2.66982,2.499819999,8.823,0.00846,36967962.0,150709341.0,-4.52860949045596,2.64982
HK.01766,中国中车,2020-03-18 00:00:00,2.47982,2.30982,2.62982,2.30982,8.344,0.00781,34119739.0,135527758.0,-8.69627088093223,2.52982
HK.01766,中国中车,2020-03-19 00:00:00,2.33982,2.14982,2.33982,2.07982,7.995,0.01327,57990938.0,214314301.0,-6.926946688486554,2.30982
HK.01766,中国中车,2020-03-20 00:00:00,2.17982,2.34982,2.36982,2.17982,8.431,0.00789,34496862.0,132470578.0,9.3031044459536,2.14982
HK.01766,中国中车,2020-03-23 00:00:00,2.16982,2.12982,2.22982,2.10982,7.952,0.00438,19143438.0,70511755.0,-9.362419249133966,2.34982
HK.01766,中国中车,2020-03-24 00:00:00,2.11982,2.20982,2.25982,2.11982,8.126,0.00696,30426216.0,113167184.0,3.7561859687673174,2.12982
HK.01766,中国中车,2020-03-25 00:00:00,2.33982,2.39982,2.41982,2.30982,8.54,0.00885,38678345.0,150685443.0,8.597985356273359,2.20982
HK.01766,中国中车,2020-03-26 00:00:00,2.42982,2.44982,2.499819999,2.33982,8.649,0.00627,27396492.0,108204583.0,2.083489595052955,2.39982
HK.01766,中国中车,2020-03-27 00:00:00,2.499819999,2.59982,2.67982,2.46982,8.976,0.00668,29217900.0,120497482.0,6.122898825219809,2.44982
HK.01766,中国中车,2020-03-30 00:00:00,2.59982,2.55982,2.59982,2.43982,8.888,0.01005,43925587.0,178299222.0,-1.5385680547114644,2.59982
HK.01766,中国中车,2020-03-31 00:00:00,2.579819999,2.41982,2.60982,2.36982,8.716,0.01514,66168843.0,262142799.0,-5.4691345485229474,2.55982
HK.01766,中国中车,2020-04-01 00:00:00,2.38982,2.44982,2.539819999,2.32982,8.783,0.00956,41803424.0,166056864.0,1.239761635162938,2.41982
HK.01766,中国中车,2020-04-02 00:00:00,2.43982,2.40982,2.43982,2.33982,8.694,0.00429,18752781.0,73381094.0,-1.6327730200586181,2.44982
HK.01766,中国中车,2020-04-03 00:00:00,2.41982,2.37982,2.42982,2.33982,8.628,0.00319,13957040.0,54420851.0,-1.2449062585587225,2.40982
HK.01766,中国中车,2020-04-06 00:00:00,2.499819999,2.36982,2.499819999,2.30982,8.606,0.0033,14410650.0,55993001.0,-0.42019984704726543,2.37982
HK.01766,中国中车,2020-04-07 00:00:00,2.40982,2.54982,2.55982,2.38982,9.004,0.01096,47892994.0,190217507.0,7.595513583310131,2.36982
HK.01766,中国中车,2020-04-08 00:00:00,2.56982,2.55982,2.56982,2.47982,9.026,0.00601,26275683.0,106531269.0,0.3921845463601443,2.54982
HK.01766,中国中车,2020-04-09 00:00:00,2.59982,2.58982,2.62982,2.52982,9.092,0.00385,16829238.0,68904663.0,1.1719574032549087,2.55982
HK.01766,中国中车,2020-04-14 00:00:00,2.51982,2.55982,2.55982,2.44982,9.026,0.00333,14571949.0,58823691.0,-1.1583816635905122,2.58982
HK.01766,中国中车,2020-04-15 00:00:00,2.55982,2.579819999,2.60982,2.51982,9.07,0.0046,20106986.0,82243682.0,0.7813048964380281,2.55982
HK.01766,中国中车,2020-04-16 00:00:00,2.51982,2.47982,2.54982,2.42982,8.849,0.00714,31219500.0,125237813.0,-3.8762393902970906,2.579819999
HK.01766,中国中车,2020-04-17 00:00:00,2.51982,2.579819999,2.63982,2.51982,9.07,0.00894,39060471.0,160247846.0,4.032550709325677,2.47982
HK.01766,中国中车,2020-04-20 00:00:00,2.59982,2.579819999,2.60982,2.54982,9.07,0.00476,20795600.0,85281351.0,0.0,2.579819999
HK.01766,中国中车,2020-04-21 00:00:00,2.59982,2.47982,2.59982,2.43982,8.849,0.00956,41779256.0,167541745.0,-3.8762393902970906,2.579819999
HK.01766,中国中车,2020-04-22 00:00:00,2.46982,2.51982,2.539819999,2.41982,8.938,0.00377,16480000.0,66196858.0,1.613020299860475,2.47982
HK.01766,中国中车,2020-04-23 00:00:00,2.54982,2.52982,2.55982,2.46982,8.96,0.00263,11491879.0,46345507.0,0.39685374352135416,2.51982
HK.01766,中国中车,2020-04-24 00:00:00,2.48982,2.47982,2.52982,2.46982,8.849,0.00185,8072504.0,32367958.0,-1.9764252002118659,2.52982
HK.01766,中国中车,2020-04-27 00:00:00,2.47982,2.539819999,2.579819999,2.47982,8.982,0.00235,10264700.0,41591477.0,2.419530409465202,2.47982
HK.01766,中国中车,2020-04-28 00:00:00,2.54982,2.579819999,2.60982,2.499819999,9.07,0.00163,7106507.0,29054935.0,1.5749147583588279,2.539819999
HK.01766,中国中车,2020-04-29 00:00:00,2.59982,2.58982,2.63982,2.54982,9.092,0.00252,11025794.0,45444514.0,0.38762398166833767,2.579819999
HK.01766,中国中车,2020-05-04 00:00:00,2.50982,2.43982,2.56982,2.24982,8.761,0.00351,15344124.0,60573047.0,-5.791908317952595,2.58982
HK.01766,中国中车,2020-05-05 00:00:00,2.42982,2.42982,2.55982,2.40982,8.738,0.00271,11842946.0,46785177.0,-0.40986630161242343,2.43982
HK.01766,中国中车,2020-05-06 00:00:00,2.42982,2.46982,2.52982,2.42982,8.827,0.00353,15446690.0,61779708.0,1.6462124766443622,2.42982
HK.01766,中国中车,2020-05-07 00:00:00,2.50982,2.44982,2.50982,2.43982,8.783,0.00294,12854467.0,51133157.0,-0.8097756111781432,2.46982
HK.01766,中国中车,2020-05-08 00:00:00,2.47982,2.51982,2.55982,2.45982,8.938,0.00334,14589570.0,58925268.0,2.8573527851025906,2.44982
HK.01766,中国中车,2020-05-11 00:00:00,2.54982,2.56982,2.59982,2.52982,9.048,0.00158,6924564.0,28267770.0,1.9842687176068061,2.51982
HK.01766,中国中车,2020-05-12 00:00:00,2.539819999,2.46982,2.539819999,2.43982,8.827,0.00419,18305741.0,73011148.0,-3.8913231276898808,2.56982
HK.01766,中国中车,2020-05-13 00:00:00,2.43982,2.43982,2.44982,2.36982,8.761,0.00375,16374496.0,64635443.0,-1.214663416767206,2.46982
HK.01766,中国中车,2020-05-14 00:00:00,2.39982,2.36982,2.40982,2.34982,8.606,0.00458,20023810.0,77755556.0,-2.8690641112869097,2.43982
HK.01766,中国中车,2020-05-15 00:00:00,2.38982,2.34982,2.40982,2.33982,8.561,0.00313,13672600.0,53012643.0,-0.8439459537011258,2.36982
HK.01766,中国中车,2020-05-18 00:00:00,2.33982,2.38982,2.41982,2.31982,8.65,0.00198,8658193.0,33741278.0,1.7022580452970881,2.34982
HK.01766,中国中车,2020-05-19 00:00:00,2.42982,2.46982,2.50982,2.42982,8.827,0.00376,16456749.0,65700870.0,3.3475324501426913,2.38982
HK.01766,中国中车,2020-05-20 00:00:00,2.47982,2.44982,2.499819999,2.42982,8.783,0.00179,7826338.0,31075296.0,-0.8097756111781432,2.46982
HK.01766,中国中车,2020-05-21 00:00:00,2.44982,2.40982,2.47982,2.39982,8.694,0.00268,11732539.0,46274867.0,-1.6327730200586181,2.44982
HK.01766,中国中车,2020-05-22 00:00:00,2.39982,2.28982,2.39982,2.25982,8.429,0.00484,21139800.0,80839439.0,-4.979625034234909,2.40982
HK.01766,中国中车,2020-05-25 00:00:00,2.29982,2.27982,2.29982,2.17982,8.407,0.00409,17868980.0,67095749.0,-0.4367155496938725,2.28982
HK.01766,中国中车,2020-05-26 00:00:00,2.27982,2.30982,2.34982,2.23982,8.473,0.00247,10806500.0,41361265.0,1.3158933600021163,2.27982
HK.01766,中国中车,2020-05-27 00:00:00,2.30982,2.28982,2.35982,2.26982,8.429,0.00276,12070328.0,46128676.0,-0.8658683360608193,2.30982
HK.01766,中国中车,2020-05-28 00:00:00,2.29982,2.18982,2.34982,2.18982,8.207,0.00337,14724099.0,55330510.0,-4.3671554969386275,2.28982
HK.01766,中国中车,2020-05-29 00:00:00,2.17982,2.09982,2.18982,2.09982,8.008,0.00598,26127900.0,95034233.0,-4.109926843302203,2.18982
HK.01766,中国中车,2020-06-01 00:00:00,2.17982,2.19982,2.24982,2.15982,8.23,0.00318,13917432.0,51705101.0,4.762312960158495,2.09982
HK.01766,中国中车,2020-06-02 00:00:00,2.23982,2.16982,2.26982,2.14982,8.163,0.00266,11638557.0,43189030.0,-1.3637479430135107,2.19982
HK.01766,中国中车,2020-06-03 00:00:00,2.17982,2.20982,2.25982,2.17982,8.252,0.00294,12847913.0,48170515.0,1.8434708869860188,2.16982
HK.01766,中国中车,2020-06-04 00:00:00,2.25982,2.20982,2.25982,2.16982,8.252,0.00369,16125220.0,60076759.0,0.0,2.20982
HK.01766,中国中车,2020-06-05 00:00:00,2.16982,2.29982,2.33982,2.15982,8.451,0.0067,29267300.0,110343159.0,4.072729905603165,2.20982
HK.01766,中国中车,2020-06-08 00:00:00,2.35982,2.35982,2.39982,2.31982,8.584,0.00302,13197700.0,51194673.0,2.6088998269429804,2.29982
HK.01766,中国中车,2020-06-09 00:00:00,2.36982,2.37982,2.41982,2.35982,8.628,0.00278,12139340.0,47494237.0,0.8475222686476094,2.35982
HK.01766,中国中车,2020-06-10 00:00:00,2.39982,2.29982,2.39982,2.28982,8.451,0.00261,11429757.0,43985743.0,-3.3615987763780484,2.37982
HK.01766,中国中车,2020-06-11 00:00:00,2.32982,2.22982,2.33982,2.19982,8.296,0.00235,10278039.0,38736549.0,-3.043716464766801,2.29982
HK.01766,中国中车,2020-06-12 00:00:00,2.11982,2.12982,2.17982,2.11982,8.075,0.00435,19003529.0,69590341.0,-4.484666923787574,2.22982
HK.01766,中国中车,2020-06-15 00:00:00,2.12982,2.06982,2.13982,2.05982,7.942,0.00433,18931556.0,68317385.0,-2.817139476575488,2.12982
HK.01766,中国中车,2020-06-16 00:00:00,2.12982,2.09982,2.14982,2.08982,8.008,0.00482,21083950.0,76709108.0,1.4494013972229376,2.06982
HK.01766,中国中车,2020-06-17 00:00:00,2.12982,2.03982,2.12982,2.03982,7.876,0.00806,35247422.0,126215154.0,-2.8573877760950754,2.09982
HK.01766,中国中车,2020-06-18 00:00:00,2.04982,2.08982,2.09982,2.01982,7.986,0.007,30585013.0,109848467.0,2.4511966742163436,2.03982
HK.01766,中国中车,2020-06-19 00:00:00,2.06982,2.07982,2.11982,2.03982,7.964,0.01015,44345966.0,159739236.0,-0.47851011091865475,2.08982
HK.01766,中国中车,2020-06-22 00:00:00,2.11982,2.07982,2.13982,2.04982,7.964,0.00853,37304550.0,134772796.0,0.0,2.07982
HK.01766,中国中车,2020-06-23 00:00:00,2.04491,1.99491,2.10491,1.93491,7.411,0.00699,30546925.0,102546214.0,-4.0825648373416845,2.07982
HK.01766,中国中车,2020-06-24 00:00:00,1.95491,1.88491,1.99491,1.80491,7.168,0.01194,52198896.0,169427396.0,-5.514033214530975,1.99491
HK.01766,中国中车,2020-06-26 00:00:00,1.88491,1.80491,1.89491,1.78491,6.991,0.00565,24714900.0,78280728.0,-4.24423447273345,1.88491
HK.01766,中国中车,2020-06-29 00:00:00,1.80491,1.84491,1.90491,1.80491,7.079,0.00628,27455888.0,87940670.0,2.2161769838939356,1.80491
HK.01766,中国中车,2020-06-30 00:00:00,1.88491,1.91491,1.99491,1.88491,7.234,0.00623,27243484.0,89708139.0,3.794223024429367,1.84491
HK.01766,中国中车,2020-07-02 00:00:00,1.93491,2.06491,2.06491,1.93491,7.566,0.01171,51175768.0,173297272.0,7.833266315388186,1.91491
HK.01766,中国中车,2020-07-03 00:00:00,2.09491,2.10491,2.14491,2.07491,7.654,0.00646,28223500.0,97802877.0,1.9371304318348035,2.06491
HK.01766,中国中车,2020-07-06 00:00:00,2.17491,2.42491,2.43491,2.14491,8.362,0.01436,62750976.0,229695207.0,15.20255022780073,2.10491
HK.01766,中国中车,2020-07-07 00:00:00,2.65491,2.32491,2.69491,2.29491,8.141,0.01975,86339522.0,328023346.0,-4.123864390843375,2.42491
HK.01766,中国中车,2020-07-08 00:00:00,2.37491,2.35491,2.39491,2.29491,8.207,0.00988,43193125.0,159807829.0,1.2903725305495612,2.32491
HK.01766,中国中车,2020-07-09 00:00:00,2.39491,2.44491,2.48491,2.35491,8.407,0.01515,66209150.0,250382107.0,3.821802107086908,2.35491
HK.01766,中国中车,2020-07-10 00:00:00,2.40491,2.30491,2.43491,2.26491,8.097,0.0089,38893835.0,143804997.0,-5.726182149854191,2.44491
HK.01766,中国中车,2020-07-13 00:00:00,2.32491,2.39491,2.43491,2.31491,8.296,0.00984,43026208.0,161218383.0,3.9047077760086015,2.30491
HK.01766,中国中车,2020-07-14 00:00:00,2.42491,2.30491,2.42491,2.25491,8.097,0.01299,56766448.0,207690187.0,-3.757970028101259,2.39491
HK.01766,中国中车,2020-07-15 00:00:00,2.37491,2.26491,2.38491,2.24491,8.008,0.00786,34371208.0,125260778.0,-1.7354256782260495,2.30491
HK.01766,中国中车,2020-07-16 00:00:00,2.26491,2.19491,2.29491,2.17491,7.853,0.01075,46995146.0,168107625.0,-3.090630532780545,2.26491
HK.01766,中国中车,2020-07-17 00:00:00,2.17491,2.19491,2.24491,2.17491,7.853,0.00446,19487850.0,69482015.0,0.0,2.19491
HK.01766,中国中车,2020-07-20 00:00:00,2.20491,2.33491,2.43491,2.19491,8.163,0.01186,51844228.0,192143929.0,6.378393647119912,2.19491
HK.01766,中国中车,2020-07-21 00:00:00,2.38491,2.30491,2.40491,2.24491,8.097,0.00488,21319007.0,77571712.0,-1.2848460968516904,2.33491
HK.01766,中国中车,2020-07-22 00:00:00,2.28491,2.21491,2.34491,2.20491,7.898,0.00982,42927642.0,155165895.0,-3.9047077760086015,2.30491
HK.01766,中国中车,2020-07-23 00:00:00,2.22491,2.12491,2.24491,2.10491,7.699,0.01097,47938580.0,168432023.0,-4.0633705206983715,2.21491
HK.01766,中国中车,2020-07-24 00:00:00,2.15491,2.07491,2.19491,2.05491,7.588,0.00477,20850774.0,72215905.0,-2.3530408346706366,2.12491
HK.01766,中国中车,2020-07-27 00:00:00,2.11491,2.01491,2.13491,2.01491,7.455,0.0029,12662632.0,43154834.0,-2.8916916878322456,2.07491
HK.01766,中国中车,2020-07-28 00:00:00,2.06491,2.00491,2.09491,2.00491,7.433,0.00307,13437273.0,45586440.0,-0.4963000828821033,2.01491
HK.01766,中国中车,2020-07-29 00:00:00,2.04491,2.05491,2.07491,1.99491,7.544,0.00445,19453311.0,66110730.0,2.493877530662215,2.00491
HK.01766,中国中车,2020-07-30 00:00:00,2.08491,2.05491,2.11491,2.04491,7.544,0.00323,14128945.0,48613122.0,0.0,2.05491
HK.01766,中国中车,2020-07-31 00:00:00,2.08491,2.01491,2.11491,2.01491,7.455,0.00345,15062625.0,51274776.0,-1.946557270148086,2.05491
HK.01766,中国中车,2020-08-03 00:00:00,2.00491,2.04491,2.08491,2.00491,7.522,0.00322,14065043.0,47740170.0,1.4889002486463319,2.01491
HK.01766,中国中车,2020-08-04 00:00:00,2.07491,2.06491,2.09491,2.02491,7.566,0.00519,22691532.0,77498975.0,0.97803815326836,2.04491
HK.01766,中国中车,2020-08-05 00:00:00,2.07491,2.06491,2.08491,2.02491,7.566,0.00426,18624474.0,63527295.0,0.0,2.06491
HK.01766,中国中车,2020-08-06 00:00:00,2.06491,2.04491,2.07491,2.00491,7.522,0.00416,18186767.0,61789002.0,-0.9685652159174017,2.06491
HK.01766,中国中车,2020-08-07 00:00:00,2.06491,2.03491,2.06491,1.99491,7.5,0.00489,21365027.0,72316056.0,-0.48901907663416916,2.04491
HK.01766,中国中车,2020-08-10 00:00:00,2.03491,2.05491,2.11491,1.99491,7.544,0.00559,24445800.0,83461373.0,0.9828444501231021,2.03491
HK.01766,中国中车,2020-08-11 00:00:00,2.07491,2.09491,2.11491,2.04491,7.632,0.00589,25730421.0,88753321.0,1.946557270148086,2.05491
HK.01766,中国中车,2020-08-12 00:00:00,2.10491,2.11491,2.12491,2.06491,7.676,0.00506,22116679.0,76301797.0,0.954694951095752,2.09491
HK.01766,中国中车,2020-08-13 00:00:00,2.12491,2.10491,2.15491,2.10491,7.654,0.0044,19251188.0,66916494.0,-0.472833359339179,2.11491
HK.01766,中国中车,2020-08-14 00:00:00,2.14491,2.20491,2.22491,2.10491,7.876,0.00759,33192249.0,116342084.0,4.7507969461877275,2.10491
HK.01766,中国中车,2020-08-17 00:00:00,2.22491,2.31491,2.33491,2.21491,8.119,0.00893,39042672.0,142676207.0,4.988865758693093,2.20491
HK.01766,中国中车,2020-08-18 00:00:00,2.33491,2.31491,2.38491,2.25491,8.119,0.00764,33412164.0,121784232.0,0.0,2.31491
HK.01766,中国中车,2020-08-19 00:00:00,2.32491,2.27491,2.34491,2.25491,8.03,0.00322,14064787.0,51063587.0,-1.7279289475616588,2.31491
HK.01766,中国中车,2020-08-20 00:00:00,2.30491,2.22491,2.30491,2.21491,7.92,0.00627,27401106.0,98282092.0,-2.19788914726298,2.27491
HK.01766,中国中车,2020-08-21 00:00:00,2.24491,2.26491,2.29491,2.22491,8.008,0.0052,22738624.0,82369324.0,1.7978255300214407,2.22491
HK.01766,中国中车,2020-08-24 00:00:00,2.26491,2.27491,2.28491,2.24491,8.03,0.00213,9298442.0,33705266.0,0.441518647540089,2.26491
HK.01766,中国中车,2020-08-25 00:00:00,2.29491,2.29491,2.35491,2.28491,8.075,0.00444,19423750.0,71267861.0,0.8791556589051687,2.27491
HK.01766,中国中车,2020-08-26 00:00:00,2.32491,2.26491,2.32491,2.21491,8.008,0.00316,13821429.0,49830255.0,-1.3072408068290176,2.29491
HK.01766,中国中车,2020-08-27 00:00:00,2.22491,2.17491,2.26491,2.14491,7.809,0.00862,37698972.0,132969525.0,-3.973667827860704,2.26491
HK.01766,中国中车,2020-08-28 00:00:00,2.15491,2.19491,2.29491,2.15491,7.853,0.00642,28077080.0,99734089.0,0.9195782814001506,2.17491
HK.01766,中国中车,2020-08-31 00:00:00,2.16491,2.14491,2.23491,2.14491,7.743,0.01358,59341489.0,210055365.0,-2.277997731114272,2.19491
HK.01766,中国中车,2020-09-01 00:00:00,2.14491,2.05491,2.17491,2.05491,7.544,0.00492,21518200.0,74091344.0,-4.195980250919613,2.14491
HK.01766,中国中车,2020-09-02 00:00:00,2.06491,1.99491,2.07491,1.99491,7.411,0.00558,24400756.0,82309324.0,-2.919835905222129,2.05491
HK.01766,中国中车,2020-09-03 00:00:00,2.02491,1.93491,2.02491,1.91491,7.278,0.00735,32137656.0,106704474.0,-3.0076544806532652,1.99491
HK.01766,中国中车,2020-09-04 00:00:00,1.90491,1.85491,1.91491,1.83491,7.101,0.00654,28594195.0,91995372.0,-4.134559230145063,1.93491
HK.01766,中国中车,2020-09-07 00:00:00,1.85491,1.86491,1.89491,1.84491,7.123,0.0043,18793312.0,60526083.0,0.539109714217941,1.85491
HK.01766,中国中车,2020-09-08 00:00:00,1.86491,1.88491,1.91491,1.86491,7.168,0.00225,9856576.0,32046182.0,1.0724378120123768,1.86491
HK.01766,中国中车,2020-09-09 00:00:00,1.85491,1.87491,1.93491,1.85491,7.146,0.0053,23176750.0,75051079.0,-0.5305293090916813,1.88491
HK.01766,中国中车,2020-09-10 00:00:00,1.92491,1.88491,1.92491,1.85491,7.168,0.00264,11554750.0,37427789.0,0.5333589345621927,1.87491
HK.01766,中国中车,2020-09-11 00:00:00,1.89491,1.89491,1.89491,1.85491,7.19,0.00224,9782677.0,31595935.0,0.5305293090916813,1.88491
HK.01766,中国中车,2020-09-14 00:00:00,1.90491,1.85491,1.90491,1.84491,7.101,0.00419,18315388.0,58875452.0,-2.1109181966425865,1.89491
HK.01766,中国中车,2020-09-15 00:00:00,1.86491,1.82491,1.88491,1.81491,7.035,0.00365,15934000.0,50877633.0,-1.6173291426538228,1.85491
HK.01766,中国中车,2020-09-16 00:00:00,1.84491,1.89491,1.90491,1.80491,7.19,0.00343,14985700.0,48402690.0,3.8358056013721256,1.82491
HK.01766,中国中车,2020-09-17 00:00:00,1.90491,1.88491,1.90491,1.84491,7.168,0.00357,15596264.0,50327182.0,-0.5277295491606466,1.89491
HK.01766,中国中车,2020-09-18 00:00:00,1.89491,1.95491,1.97491,1.87491,7.323,0.00696,30431560.0,100509510.0,3.713705163641757,1.88491
HK.01766,中国中车,2020-09-21 00:00:00,1.96491,1.89491,1.99491,1.88491,7.19,0.00171,7477996.0,24579341.0,-3.0691950013043994,1.95491
HK.01766,中国中车,2020-09-22 00:00:00,1.91491,1.82491,1.91491,1.80491,7.035,0.00345,15066565.0,47979515.0,-3.6941068441245264,1.89491
HK.01766,中国中车,2020-09-23 00:00:00,1.81491,1.77491,1.85491,1.77491,6.924,0.00295,12897300.0,40709398.0,-2.7398611438372327,1.82491
HK.01766,中国中车,2020-09-24 00:00:00,1.79491,1.69491,1.79491,1.67491,6.747,0.00372,16281581.0,50090153.0,-4.507270791195051,1.77491
HK.01766,中国中车,2020-09-25 00:00:00,1.71491,1.69491,1.76491,1.68491,6.747,0.00271,11858050.0,36351837.0,0.0,1.69491
HK.01766,中国中车,2020-09-28 00:00:00,1.70491,1.76491,1.81491,1.67491,6.902,0.00505,22075700.0,68740319.0,4.130012803039693,1.69491
HK.01766,中国中车,2020-09-29 00:00:00,1.83491,1.73491,1.83491,1.72491,6.836,0.00154,6718162.0,20886207.0,-1.69980338940796,1.76491
HK.01766,中国中车,2020-09-30 00:00:00,1.75491,1.72491,1.78491,1.72491,6.814,0.00178,7767000.0,24069380.0,-0.5763987757290009,1.73491
HK.01766,中国中车,2020-10-05 00:00:00,1.75491,1.80491,1.83491,1.74491,6.991,0.00188,8220432.0,25909515.0,4.637923138018799,1.72491
HK.01766,中国中车,2020-10-06 00:00:00,1.80491,1.85491,1.89491,1.80491,7.101,0.00176,7708048.0,24814401.0,2.7702212298674196,1.80491
HK.01766,中国中车,2020-10-07 00:00:00,1.87491,1.83491,1.87491,1.81491,7.057,0.00144,6283492.0,20132253.0,-1.078219428435882,1.85491
HK.01766,中国中车,2020-10-08 00:00:00,1.82491,1.93491,1.97491,1.82491,7.278,0.00288,12574158.0,40885995.0,5.449858576169941,1.83491
HK.01766,中国中车,2020-10-09 00:00:00,1.92491,1.83491,1.98491,1.82491,7.057,0.00442,19334280.0,62264510.0,-5.168199037681333,1.93491
HK.01766,中国中车,2020-10-12 00:00:00,1.85491,1.91491,1.92491,1.83491,7.234,0.00238,10390286.0,33800795.0,4.3598868609359505,1.83491
HK.01766,中国中车,2020-10-14 00:00:00,1.94491,1.87491,1.94491,1.83491,7.146,0.00347,15163666.0,48876232.0,-2.0888710174368414,1.91491
HK.01766,中国中车,2020-10-15 00:00:00,1.85491,1.84491,1.89491,1.84491,7.079,0.00147,6442709.0,20724149.0,-1.6000768036865782,1.87491
HK.01766,中国中车,2020-10-16 00:00:00,1.86491,1.84491,1.90491,1.84491,7.079,0.00272,11874000.0,38358911.0,0.0,1.84491
HK.01766,中国中车,2020-10-19 00:00:00,1.85491,1.86491,1.93491,1.85491,7.123,0.00165,7227600.0,23520664.0,1.0840637212655369,1.84491
HK.01766,中国中车,2020-10-20 00:00:00,1.86491,1.80491,1.90491,1.80491,6.991,0.00234,10240131.0,32600728.0,-3.2173134360371307,1.86491
HK.01766,中国中车,2020-10-21 00:00:00,1.83491,1.81491,1.87491,1.80491,7.013,0.00268,11726900.0,37266376.0,0.5540442459734839,1.80491
HK.01766,中国中车,2020-10-22 00:00:00,1.84491,1.79491,1.84491,1.77491,6.969,0.0043,18812339.0,59192836.0,-1.1019830184416868,1.81491
HK.01766,中国中车,2020-10-23 00:00:00,1.79491,1.85491,1.88491,1.76491,7.101,0.0049,21432753.0,68391705.0,3.34278598926966,1.79491
HK.01766,中国中车,2020-10-27 00:00:00,1.82491,1.77491,1.83491,1.74491,6.924,0.00488,21333218.0,66649883.0,-4.312877713743528,1.85491
HK.01766,中国中车,2020-10-28 00:00:00,1.79491,1.71491,1.79491,1.70491,6.792,0.00399,17457920.0,53806459.0,-3.3804530933962877,1.77491
HK.01766,中国中车,2020-10-29 00:00:00,1.71491,1.68491,1.71491,1.67491,6.725,0.00524,22882905.0,69616942.0,-1.7493629403292317,1.71491
HK.01766,中国中车,2020-10-30 00:00:00,1.70491,1.64491,1.71491,1.62491,6.637,0.00586,25618003.0,77266306.0,-2.3740140422930494,1.68491
HK.01766,中国中车,2020-11-02 00:00:00,1.65491,1.61491,1.66491,1.59491,6.57,0.00417,18236763.0,54240813.0,-1.8238079894948676,1.64491
HK.01766,中国中车,2020-11-03 00:00:00,1.64491,1.69491,1.73491,1.64491,6.747,0.00451,19716896.0,60265633.0,4.9538364367054415,1.61491
HK.01766,中国中车,2020-11-04 00:00:00,1.71491,1.68491,1.72491,1.67491,6.725,0.00188,8237959.0,25191975.0,-0.5900018290056704,1.69491
HK.01766,中国中车,2020-11-05 00:00:00,1.73491,1.71491,1.73491,1.68491,6.792,0.00501,21890008.0,67110076.0,1.7805105317197967,1.68491
HK.01766,中国中车,2020-11-06 00:00:00,1.72491,1.74491,1.76491,1.71491,6.858,0.00432,18872438.0,58503152.0,1.7493629403292317,1.71491
HK.01766,中国中车,2020-11-09 00:00:00,1.76491,1.79491,1.80491,1.76491,6.969,0.0049,21436650.0,67352878.0,2.865477302554289,1.74491
HK.01766,中国中车,2020-11-10 00:00:00,1.84491,1.91491,1.91491,1.81491,7.234,0.00896,39152758.0,126044923.0,6.685571978539308,1.79491
HK.01766,中国中车,2020-11-11 00:00:00,2.00491,2.10491,2.13491,1.92491,7.654,0.01879,82142254.0,280099413.0,9.922137332825038,1.91491
HK.01766,中国中车,2020-11-12 00:00:00,2.09491,2.03491,2.10491,1.95491,7.5,0.0106,46315592.0,155780144.0,-3.3255578623313986,2.10491
HK.01766,中国中车,2020-11-13 00:00:00,1.98491,1.90491,1.99491,1.87491,7.212,0.00667,29157143.0,95104076.0,-6.388488925800153,2.03491
HK.01766,中国中车,2020-11-16 00:00:00,1.93491,1.91491,1.96491,1.87491,7.234,0.003,13106114.0,42697104.0,0.5249591844233998,1.90491
HK.01766,中国中车,2020-11-17 00:00:00,1.93491,1.94491,1.96491,1.89491,7.3,0.00519,22684406.0,74672325.0,1.5666532630776397,1.91491
HK.01766,中国中车,2020-11-18 00:00:00,1.93491,1.92491,1.95491,1.88491,7.256,0.00361,15782550.0,51750951.0,-1.0283252181334879,1.94491
HK.01766,中国中车,2020-11-19 00:00:00,1.91491,1.85491,1.92491,1.85491,7.101,0.00506,22120300.0,71514583.0,-3.6365336561189796,1.92491
HK.01766,中国中车,2020-11-20 00:00:00,1.88491,1.82491,1.89491,1.81491,7.035,0.00454,19838320.0,63280462.0,-1.6173291426538228,1.85491
HK.01766,中国中车,2020-11-23 00:00:00,1.85491,1.89491,1.90491,1.82491,7.19,0.00566,24728363.0,79655952.0,3.8358056013721256,1.82491
HK.01766,中国中车,2020-11-24 00:00:00,1.92491,1.85491,1.97491,1.85491,7.101,0.00502,21962069.0,71199112.0,-2.1109181966425865,1.89491
HK.01766,中国中车,2020-11-25 00:00:00,1.89491,1.83491,1.90491,1.82491,7.057,0.00672,29386993.0,94643066.0,-1.078219428435882,1.85491
HK.01766,中国中车,2020-11-26 00:00:00,1.86491,1.83491,1.86491,1.79491,7.057,0.00353,15427722.0,48941891.0,0.0,1.83491
HK.01766,中国中车,2020-11-27 00:00:00,1.83491,1.85491,1.90491,1.80491,7.101,0.00521,22767633.0,73121506.0,1.0899717152339905,1.83491
HK.01766,中国中车,2020-11-30 00:00:00,1.84491,1.75491,1.91491,1.75491,6.88,0.01051,45931113.0,145368593.0,-5.39109714217941,1.85491
HK.01766,中国中车,2020-12-01 00:00:00,1.77491,1.82491,1.83491,1.75491,7.035,0.0044,19224140.0,60649496.0,3.9888085428882425,1.75491
HK.01766,中国中车,2020-12-02 00:00:00,1.80491,1.77491,1.83491,1.76491,6.924,0.00456,19929233.0,62855393.0,-2.7398611438372327,1.82491
HK.01766,中国中车,2020-12-03 00:00:00,1.78491,1.72491,1.79491,1.72491,6.814,0.00875,38227063.0,118629066.0,-2.8170442444969064,1.77491
HK.01766,中国中车,2020-12-04 00:00:00,1.74491,1.70491,1.75491,1.69491,6.769,0.00569,24849700.0,76071694.0,-1.1594807845046997,1.72491
HK.01766,中国中车,2020-12-07 00:00:00,1.69491,1.71491,1.72491,1.64491,6.792,0.0125,54635352.0,165692379.0,0.5865412250500032,1.70491
HK.01766,中国中车,2020-12-08 00:00:00,1.71491,1.64491,1.71491,1.64491,6.637,0.00594,25943012.0,78065821.0,-4.081846860768194,1.71491
HK.01766,中国中车,2020-12-09 00:00:00,1.65491,1.58491,1.67491,1.58491,6.504,0.00848,37081083.0,109895383.0,-3.647615978989735,1.64491
HK.01766,中国中车,2020-12-10 00:00:00,1.58491,1.53491,1.58491,1.51491,6.393,0.00992,43374690.0,125833019.0,-3.15475326674701,1.58491
HK.01766,中国中车,2020-12-11 00:00:00,1.53491,1.51491,1.55491,1.50491,6.349,0.00715,31252039.0,89857767.0,-1.303007993954044,1.53491
HK.01766,中国中车,2020-12-14 00:00:00,1.51491,1.53491,1.57491,1.50491,6.393,0.00704,30758108.0,89312056.0,1.3202104415443834,1.51491
HK.01766,中国中车,2020-12-15 00:00:00,1.53491,1.48491,1.56491,1.48491,6.283,0.01005,43926570.0,125732937.0,-3.2575199848851097,1.53491
HK.01766,中国中车,2020-12-16 00:00:00,1.47491,1.44491,1.47491,1.42491,6.194,0.0227,99226369.0,277713713.0,-2.69376595214525,1.48491
HK.01766,中国中车,2020-12-17 00:00:00,1.42491,1.46491,1.50491,1.41491,6.238,0.01518,66338171.0,186882619.0,1.3841692562166517,1.44491
HK.01766,中国中车,2020-12-18 00:00:00,1.42491,1.39491,1.53491,1.39491,6.084,0.06484,283416518.0,785042487.0,-4.7784505532763,1.46491
HK.01766,中国中车,2020-12-21 00:00:00,1.43491,1.44491,1.48491,1.39491,6.194,0.01625,71017844.0,198073834.0,3.5844606462065527,1.39491
HK.01766,中国中车,2020-12-22 00:00:00,1.44491,1.40491,1.49491,1.40491,6.106,0.01411,61671884.0,172409539.0,-2.7683385124332873,1.44491
HK.01766,中国中车,2020-12-23 00:00:00,1.42491,1.42491,1.47491,1.41491,6.15,0.01407,61487378.0,172352318.0,1.4235787345808482,1.40491
HK.01766,中国中车,2020-12-24 00:00:00,1.44491,1.44491,1.48491,1.43491,6.194,0.00808,35335496.0,99433227.0,1.403597420187943,1.42491
HK.01766,中国中车,2020-12-28 00:00:00,1.46491,1.48491,1.51491,1.41491,6.283,0.01666,72828700.0,205440126.0,2.7683385124333033,1.44491
HK.01766,中国中车,2020-12-29 00:00:00,1.48491,1.40491,1.50491,1.39491,6.106,0.01519,66394912.0,185868163.0,-5.387531904290486,1.48491
HK.01766,中国中车,2020-12-30 00:00:00,1.40491,1.32491,1.41491,1.27491,5.929,0.0594,259650811.0,695912646.0,-5.694314938323456,1.40491
HK.01766,中国中车,2020-12-31 00:00:00,1.31491,1.31491,1.34491,1.28491,5.907,0.01694,74060818.0,197449759.0,-0.7547682484093265,1.32491
HK.01766,中国中车,2021-01-04 00:00:00,1.29491,1.30491,1.31491,1.17491,5.884,0.07191,314336674.0,810915415.0,-0.7605083237636042,1.31491
HK.01766,中国中车,2021-01-05 00:00:00,1.24491,1.44491,1.51491,1.24491,6.194,0.13307,581656431.0,1618104665.0,10.72870925964242,1.30491
HK.01766,中国中车,2021-01-06 00:00:00,1.57491,1.99491,2.04491,1.52491,7.411,0.11718,512193391.0,1634172810.0,38.06465454595788,1.44491
HK.01766,中国中车,2021-01-07 00:00:00,2.04491,1.84491,2.05491,1.78491,7.079,0.05335,233198671.0,762934698.0,-7.5191362016331516,1.99491
HK.01766,中国中车,2021-01-08 00:00:00,1.76491,1.64491,1.81491,1.64491,6.637,0.04694,205160593.0,629351261.0,-10.840637212655357,1.84491
HK.01766,中国中车,2021-01-11 00:00:00,1.70491,1.83491,1.99491,1.70491,7.057,0.04167,182147167.0,591172941.0,11.55078393346748,1.64491
HK.01766,中国中车,2021-01-12 00:00:00,1.88491,1.94491,1.99491,1.88491,7.3,0.02582,112859413.0,372054566.0,5.994844433786936,1.83491
HK.01766,中国中车,2021-01-13 00:00:00,1.98491,2.39491,2.49491,1.92491,8.296,0.08055,352085958.0,1270724888.0,23.137317408003454,1.94491
HK.01766,中国中车,2021-01-14 00:00:00,2.39491,2.57491,2.77491,2.37491,8.694,0.08891,388610650.0,1553015283.0,7.515940056202537,2.39491
HK.01766,中国中车,2021-01-15 00:00:00,2.64491,2.34491,2.64491,2.26491,8.185,0.05152,225184960.0,846972578.0,-8.93235103362836,2.57491
HK.01766,中国中车,2021-01-18 00:00:00,2.36491,2.62491,2.63491,2.35491,8.805,0.02801,122414637.0,475843012.0,11.940756788106997,2.34491
HK.01766,中国中车,2021-01-19 00:00:00,2.744909999,2.55491,2.864909999,2.47491,8.65,0.04622,202015225.0,814317088.0,-2.666758098372891,2.62491
HK.01766,中国中车,2021-01-20 00:00:00,2.50491,2.55491,2.69491,2.50491,8.65,0.03838,167768000.0,664139630.0,0.0,2.55491
HK.01766,中国中车,2021-01-21 00:00:00,2.54491,2.45491,2.57491,2.40491,8.429,0.02239,97872630.0,374571643.0,-3.9140321968288547,2.55491
HK.01766,中国中车,2021-01-22 00:00:00,2.48491,2.16491,2.48491,2.13491,7.787,0.04029,176125211.0,636507752.0,-11.813060356591485,2.45491
HK.01766,中国中车,2021-01-25 00:00:00,2.18491,2.13491,2.25491,2.04491,7.721,0.02659,116209150.0,406705945.0,-1.385738899076627,2.16491
HK.01766,中国中车,2021-01-26 00:00:00,2.10491,2.03491,2.16491,2.01491,7.5,0.02141,93605890.0,319430410.0,-4.684038203015588,2.13491
HK.01766,中国中车,2021-01-27 00:00:00,2.08491,2.16491,2.33491,2.05491,7.787,0.02835,123905612.0,442518470.0,6.388488925800153,2.03491
HK.01766,中国中车,2021-01-28 00:00:00,2.09491,2.00491,2.16491,1.96491,7.433,0.01904,83227000.0,283868537.0,-7.390607461742045,2.16491
HK.01766,中国中车,2021-01-29 00:00:00,2.06491,1.93491,2.09491,1.84491,7.278,0.0189,82605500.0,271537350.0,-3.4914285429271272,2.00491
HK.01766,中国中车,2021-02-01 00:00:00,1.93491,1.97491,1.99491,1.89491,7.367,0.01007,44010970.0,145631713.0,2.067279615072538,1.93491
HK.01766,中国中车,2021-02-02 00:00:00,2.03491,2.03491,2.12491,1.99491,7.5,0.01219,53274550.0,182274420.0,3.0381131292058905,1.97491
HK.01766,中国中车,2021-02-03 00:00:00,2.06491,1.92491,2.06491,1.87491,7.256,0.01534,67055853.0,221369966.0,-5.405644475677062,2.03491
HK.01766,中国中车,2021-02-04 00:00:00,1.94491,1.90491,2.01491,1.88491,7.212,0.01321,57748700.0,190449001.0,-1.039009616033986,1.92491
HK.01766,中国中车,2021-02-05 00:00:00,1.90491,1.90491,1.97491,1.86491,7.212,0.01336,58400602.0,191042913.0,0.0,1.90491
HK.01766,中国中车,2021-02-08 00:00:00,1.91491,1.90491,1.96491,1.88491,7.212,0.00962,42040772.0,138031635.0,0.0,1.90491
HK.01766,中国中车,2021-02-09 00:00:00,1.91491,1.97491,2.04491,1.91491,7.367,0.00727,31755900.0,106193543.0,3.674714290963869,1.90491
HK.01766,中国中车,2021-02-10 00:00:00,1.99491,1.94491,2.02491,1.91491,7.3,0.00518,22639200.0,74826896.0,-1.5190565646029452,1.97491
HK.01766,中国中车,2021-02-11 00:00:00,1.94491,1.98491,1.99491,1.91491,7.389,0.00162,7101458.0,23593823.0,2.0566504362669757,1.94491
HK.01766,中国中车,2021-02-16 00:00:00,2.06491,2.15491,2.23491,1.98491,7.765,0.01187,51864850.0,180363826.0,8.564620058340184,1.98491
HK.01766,中国中车,2021-02-17 00:00:00,2.19491,2.44491,2.44491,2.18491,8.407,0.01845,80630929.0,298438448.0,13.45763860207619,2.15491
HK.01766,中国中车,2021-02-18 00:00:00,2.37491,2.27491,2.42491,2.25491,8.03,0.01789,78205500.0,287103788.0,-6.9532211819657945,2.44491
HK.01766,中国中车,2021-02-19 00:00:00,2.30491,2.52491,2.57491,2.25491,8.584,0.03118,136301581.0,518572526.0,10.989445736314844,2.27491
HK.01766,中国中车,2021-02-22 00:00:00,2.59491,2.46491,2.784909999,2.42491,8.451,0.04458,194866312.0,779574625.0,-2.3763223243600784,2.52491
HK.01766,中国中车,2021-02-23 00:00:00,2.46491,2.40491,2.60491,2.37491,8.318,0.01945,84999844.0,326509879.0,-2.4341659533208126,2.46491
HK.01766,中国中车,2021-02-24 00:00:00,2.40491,2.42491,2.52491,2.20491,8.362,0.03696,161542360.0,601478456.0,0.8316319529628975,2.40491
HK.01766,中国中车,2021-02-25 00:00:00,2.54491,2.54491,2.704909999,2.47491,8.628,0.0323,141196188.0,559068895.0,4.948637269012032,2.42491
HK.01766,中国中车,2021-02-26 00:00:00,2.42491,2.35491,2.50491,2.29491,8.207,0.02607,113942001.0,425677983.0,-7.465882879944672,2.54491
HK.01766,中国中车,2021-03-01 00:00:00,2.42491,2.43491,2.51491,2.28491,8.384,0.01423,62192400.0,233830783.0,3.3971574285216875,2.35491
HK.01766,中国中车,2021-03-02 00:00:00,2.50491,2.32491,2.50491,2.30491,8.141,0.00937,40964930.0,152458773.0,-4.517620774484473,2.43491
HK.01766,中国中车,2021-03-03 00:00:00,2.36491,2.36491,2.45491,2.30491,8.23,0.00822,35925200.0,134306568.0,1.7204967073994277,2.32491
HK.01766,中国中车,2021-03-04 00:00:00,2.36491,2.25491,2.37491,2.23491,7.986,0.01271,55545200.0,201840562.0,-4.651339797286149,2.36491
HK.01766,中国中车,2021-03-05 00:00:00,2.21491,2.25491,2.26491,2.12491,7.986,0.01086,47463659.0,168849297.0,0.0,2.25491
HK.01766,中国中车,2021-03-08 00:00:00,2.29491,2.12491,2.32491,2.09491,7.699,0.01448,63293050.0,225294682.0,-5.765196837124334,2.25491
HK.01766,中国中车,2021-03-09 00:00:00,2.14491,2.07491,2.16491,1.99491,7.588,0.0153,66893036.0,229053948.0,-2.3530408346706366,2.12491
HK.01766,中国中车,2021-03-10 00:00:00,2.12491,2.05491,2.16491,2.04491,7.544,0.00584,25509250.0,88011432.0,-0.9638972292774153,2.07491
HK.01766,中国中车,2021-03-11 00:00:00,2.09491,2.19491,2.20491,2.08491,7.853,0.00814,35583136.0,125230578.0,6.812950445518301,2.05491
HK.01766,中国中车,2021-03-12 00:00:00,2.20491,2.21491,2.32491,2.15491,7.898,0.01186,51834469.0,187726832.0,0.9111990924457046,2.19491
HK.01766,中国中车,2021-03-15 00:00:00,2.29491,2.28491,2.33491,2.22491,8.053,0.00665,29073000.0,105757690.0,3.1603992938764933,2.21491
HK.01766,中国中车,2021-03-16 00:00:00,2.29491,2.25491,2.30491,2.21491,7.986,0.00766,33463050.0,120624599.0,-1.3129619985032148,2.28491
HK.01766,中国中车,2021-03-17 00:00:00,2.25491,2.21491,2.26491,2.20491,7.898,0.00445,19443900.0,69736325.0,-1.773906719115177,2.25491
HK.01766,中国中车,2021-03-18 00:00:00,2.23491,2.18491,2.26491,2.18491,7.831,0.00408,17833647.0,63811137.0,-1.3544568402327972,2.21491
HK.01766,中国中车,2021-03-19 00:00:00,2.18491,2.13491,2.18491,2.07491,7.721,0.00718,31383000.0,108840810.0,-2.288423779469169,2.18491
HK.01766,中国中车,2021-03-22 00:00:00,2.14491,2.15491,2.18491,2.11491,7.765,0.00401,17537650.0,61495268.0,0.9368076406031175,2.13491
HK.01766,中国中车,2021-03-23 00:00:00,2.15491,2.09491,2.17491,2.07491,7.632,0.00577,25215400.0,87039446.0,-2.784339021119214,2.15491
HK.01766,中国中车,2021-03-24 00:00:00,2.08491,2.02491,2.09491,1.96491,7.477,0.00943,41216050.0,138693656.0,-3.3414323288351215,2.09491
HK.01766,中国中车,2021-03-25 00:00:00,1.99491,2.01491,2.02491,1.94491,7.455,0.00566,24736100.0,82595350.0,-0.49384910934314263,2.02491
HK.01766,中国中车,2021-03-26 00:00:00,2.01491,2.05491,2.07491,2.01491,7.544,0.00451,19706500.0,67071035.0,1.9852003315284572,2.01491
HK.01766,中国中车,2021-03-29 00:00:00,2.07491,2.00491,2.07491,1.98491,7.433,0.00961,42017500.0,141363656.0,-2.4331965876850967,2.05491
HK.01766,中国中车,2021-03-30 00:00:00,2.02491,2.06491,2.11491,2.02491,7.566,0.00472,20652500.0,71047195.0,2.9926530367946493,2.00491
HK.01766,中国中车,2021-03-31 00:00:00,2.12491,2.09491,2.15491,2.07491,7.371,0.00773,33795208.0,117230851.0,1.4528478238761133,2.06491
HK.01766,中国中车,2021-04-01 00:00:00,2.12491,2.05491,2.12491,2.01491,7.286,0.0086,37576043.0,127950941.0,-1.909389902191504,2.09491
HK.01766,中国中车,2021-04-07 00:00:00,2.05491,2.05491,2.07491,2.01491,7.286,0.0074,32326600.0,109957696.0,0.0,2.05491
HK.01766,中国中车,2021-04-08 00:00:00,2.04491,1.99491,2.05491,1.98491,7.158,0.01004,43871678.0,147503556.0,-2.919835905222129,2.05491
HK.01766,中国中车,2021-04-09 00:00:00,1.99491,1.99491,2.00491,1.96491,7.158,0.00346,15121650.0,50492135.0,0.0,1.99491
HK.01766,中国中车,2021-04-12 00:00:00,2.05491,2.02491,2.07491,2.01491,7.222,0.00589,25759986.0,87438461.0,1.5038272403266437,1.99491
HK.01766,中国中车,2021-04-13 00:00:00,2.03491,1.99491,2.03491,1.98491,7.158,0.00429,18743019.0,62961620.0,-1.481547328029406,2.02491
HK.01766,中国中车,2021-04-14 00:00:00,1.99491,2.00491,2.02491,1.98491,7.179,0.00423,18477900.0,62111789.0,0.5012757467755553,1.99491
HK.01766,中国中车,2021-04-15 00:00:00,2.00491,1.99491,2.02491,1.96491,7.158,0.00396,17307000.0,57783590.0,-0.49877550613245636,2.00491
HK.01766,中国中车,2021-04-16 00:00:00,1.99491,2.03491,2.06491,1.96491,7.243,0.00589,25761100.0,87018412.0,2.005102987102177,1.99491
HK.01766,中国中车,2021-04-19 00:00:00,2.06491,2.06491,2.09491,2.04491,7.307,0.0078,34109950.0,116883759.0,1.4742666751846423,2.03491
HK.01766,中国中车,2021-04-20 00:00:00,2.08491,2.05491,2.08491,2.02491,7.286,0.00359,15684300.0,53287195.0,-0.4842826079586901,2.06491
HK.01766,中国中车,2021-04-21 00:00:00,2.03491,2.04491,2.04491,2.00491,7.264,0.00274,11958300.0,40382802.0,-0.4866393175370323,2.05491
HK.01766,中国中车,2021-04-22 00:00:00,2.04491,2.03491,2.04491,2.00491,7.243,0.00377,16469568.0,55770552.0,-0.48901907663416916,2.04491
HK.01766,中国中车,2021-04-23 00:00:00,2.02491,2.02491,2.04491,1.99491,7.222,0.00461,20132821.0,67930589.0,-0.4914222250615402,2.03491
HK.01766,中国中车,2021-04-26 00:00:00,2.00491,1.99491,2.04491,1.98491,7.158,0.00369,16140600.0,54138931.0,-1.481547328029406,2.02491
HK.01766,中国中车,2021-04-27 00:00:00,1.98491,1.99491,2.01491,1.97491,7.158,0.00219,9558672.0,31985501.0,0.0,1.99491
HK.01766,中国中车,2021-04-28 00:00:00,1.99491,1.99491,2.03491,1.97491,7.158,0.003,13121000.0,44043885.0,0.0,1.99491
HK.01766,中国中车,2021-04-29 00:00:00,2.00491,2.01491,2.03491,1.99491,7.2,0.00218,9537800.0,32114560.0,1.0025514935510884,1.99491
HK.01766,中国中车,2021-04-30 00:00:00,2.01491,2.01491,2.02491,1.97491,7.2,0.00276,12061000.0,40402280.0,0.0,2.01491
HK.01766,中国中车,2021-05-03 00:00:00,2.01491,1.98491,2.02491,1.97491,7.136,0.00108,4732000.0,15809550.0,-1.488900248646343,2.01491
HK.01766,中国中车,2021-05-04 00:00:00,1.99491,1.99491,2.00491,1.97491,7.158,0.00122,5342819.0,17897671.0,0.5038011799023638,1.98491
HK.01766,中国中车,2021-05-05 00:00:00,1.97491,2.01491,2.03491,1.97491,7.2,0.00244,10679400.0,36011356.0,1.0025514935510884,1.99491
HK.01766,中国中车,2021-05-06 00:00:00,2.03491,2.03491,2.07491,2.01491,7.243,0.00619,27068400.0,92070658.0,0.9926001657642286,2.01491
HK.01766,中国中车,2021-05-07 00:00:00,2.05491,2.03491,2.06491,2.01491,7.243,0.00673,29433637.0,99987407.0,0.0,2.03491
HK.01766,中国中车,2021-05-10 00:00:00,2.03491,2.03491,2.06491,2.00491,7.243,0.00444,19404000.0,65657790.0,0.0,2.03491
HK.01766,中国中车,2021-05-11 00:00:00,2.01491,1.97491,2.01491,1.94491,7.115,0.00767,33517069.0,111452222.0,-2.9485333503693067,2.03491
HK.01766,中国中车,2021-05-12 00:00:00,1.97491,1.96491,1.97491,1.94491,7.094,0.00295,12910261.0,42786499.0,-0.5063521882009818,1.97491
HK.01766,中国中车,2021-05-13 00:00:00,1.95491,1.97491,2.07491,1.93491,7.115,0.01444,63125000.0,212792320.0,0.5089291621499208,1.96491
HK.01766,中国中车,2021-05-14 00:00:00,2.01491,1.98491,2.02491,1.96491,7.136,0.00514,22451859.0,75067656.0,0.5063521882009818,1.97491
HK.01766,中国中车,2021-05-17 00:00:00,1.99491,1.99491,2.04491,1.97491,7.158,0.00308,13458298.0,45244915.0,0.5038011799023638,1.98491
HK.01766,中国中车,2021-05-18 00:00:00,1.99491,1.99491,2.01491,1.98491,7.158,0.00369,16149400.0,54102332.0,0.0,1.99491
HK.01766,中国中车,2021-05-20 00:00:00,1.99491,1.98491,2.00491,1.97491,7.136,0.00272,11898000.0,39709470.0,-0.5012757467755442,1.99491
HK.01766,中国中车,2021-05-21 00:00:00,1.97491,1.98491,2.00491,1.97491,7.136,0.00214,9371000.0,31344500.0,0.0,1.98491
HK.01766,中国中车,2021-05-24 00:00:00,1.99491,1.99491,2.00491,1.96491,7.158,0.00225,9833350.0,32840407.0,0.5038011799023638,1.98491
HK.01766,中国中车,2021-05-25 00:00:00,1.97491,1.99491,2.00491,1.96491,7.158,0.0045,19673014.0,65775462.0,0.0,1.99491
HK.01766,中国中车,2021-05-26 00:00:00,1.99491,2.00491,2.06491,1.97491,7.179,0.00669,29229050.0,98919920.0,0.5012757467755553,1.99491
HK.01766,中国中车,2021-05-27 00:00:00,2.00491,2.00491,2.03491,1.99491,7.179,0.00335,14628100.0,49288643.0,0.0,2.00491
HK.01766,中国中车,2021-05-28 00:00:00,2.01491,1.98491,2.02491,1.97491,7.136,0.0044,19249500.0,64553025.0,-0.9975510122649016,2.00491
HK.01766,中国中车,2021-05-31 00:00:00,1.99491,1.96491,1.99491,1.95491,7.094,0.00562,24572150.0,81833153.0,-1.0076023598047277,1.98491
HK.01766,中国中车,2021-06-01 00:00:00,1.97491,1.98491,2.01491,1.96491,7.136,0.00299,13085550.0,43683884.0,1.0178583242998416,1.96491
HK.01766,中国中车,2021-06-02 00:00:00,1.98491,1.98491,1.99491,1.96491,7.136,0.00241,10515194.0,35083663.0,0.0,1.98491
HK.01766,中国中车,2021-06-03 00:00:00,1.98491,1.97491,2.00491,1.96491,7.115,0.00199,8701738.0,29056919.0,-0.5038011799023638,1.98491
HK.01766,中国中车,2021-06-04 00:00:00,1.98491,2.02491,2.04491,1.97491,7.222,0.00811,35440110.0,119515061.0,2.53176094100492,1.97491
HK.01766,中国中车,2021-06-07 00:00:00,2.06491,2.17491,2.24491,2.05491,7.542,0.0244,106647856.0,376065535.0,7.407736640146964,2.02491
HK.01766,中国中车,2021-06-08 00:00:00,2.22491,2.10491,2.24491,2.10491,7.393,0.00966,42231750.0,148096530.0,-3.218523984900538,2.17491
HK.01766,中国中车,2021-06-09 00:00:00,2.12491,2.16491,2.17491,2.12491,7.521,0.00515,22516109.0,79091900.0,2.8504781677126365,2.10491
HK.01766,中国中车,2021-06-10 00:00:00,2.29491,2.31491,2.36491,2.26491,7.841,0.02239,97882152.0,359097876.0,6.928694495383176,2.16491
HK.01766,中国中车,2021-06-11 00:00:00,2.32491,2.33491,2.35491,2.29491,7.884,0.00944,41284693.0,152315298.0,0.863964473780839,2.31491
HK.01766,中国中车,2021-06-15 00:00:00,2.36491,2.29491,2.36491,2.24491,7.799,0.01547,67639552.0,246551319.0,-1.7131281291356,2.33491
HK.01766,中国中车,2021-06-16 00:00:00,2.31491,2.37491,2.41491,2.27491,7.97,0.01587,69347496.0,258712624.0,3.4859754848774056,2.29491
HK.01766,中国中车,2021-06-17 00:00:00,2.36491,2.40491,2.41491,2.35491,8.034,0.01106,48324000.0,181326209.0,1.2632057635868412,2.37491
HK.01766,中国中车,2021-06-18 00:00:00,2.41491,2.35491,2.41491,2.28491,7.927,0.03887,169903384.0,629643420.0,-2.0790798824072527,2.40491
HK.01766,中国中车,2021-06-21 00:00:00,2.28491,2.31491,2.35491,2.26491,7.841,0.007,30594784.0,111879677.0,-1.6985787142608437,2.35491
HK.01766,中国中车,2021-06-22 00:00:00,2.31491,2.26491,2.32491,2.24491,7.735,0.00519,22697000.0,82364660.0,-2.159911184452088,2.31491
HK.01766,中国中车,2021-06-23 00:00:00,2.32278,2.36278,2.41278,2.28278,7.478,0.00732,31986000.0,111553649.0,4.321143003474748,2.26491
HK.01766,中国中车,2021-06-24 00:00:00,2.40278,2.36278,2.40278,2.32278,7.478,0.00306,13361550.0,46533180.0,0.0,2.36278
HK.01766,中国中车,2021-06-25 00:00:00,2.36278,2.34278,2.38278,2.32278,7.435,0.00341,14896110.0,51978228.0,-0.8464605253134028,2.36278
HK.01766,中国中车,2021-06-28 00:00:00,2.36278,2.34278,2.41278,2.33278,7.435,0.0022,9614000.0,33510420.0,0.0,2.34278
HK.01766,中国中车,2021-06-29 00:00:00,2.34278,2.30278,2.34278,2.26278,7.35,0.00507,22159000.0,76228174.0,-1.7073732915596016,2.34278
HK.01766,中国中车,2021-06-30 00:00:00,2.32278,2.29278,2.33278,2.27278,7.329,0.00394,17232100.0,59216859.0,-0.43425772327359924,2.30278
HK.01766,中国中车,2021-07-02 00:00:00,2.29278,2.24278,2.31278,2.21278,7.222,0.00501,21887200.0,73893285.0,-2.180758729577187,2.29278
HK.01766,中国中车,2021-07-05 00:00:00,2.24278,2.23278,2.28278,2.21278,7.2,0.00222,9694451.0,32684692.0,-0.44587520844667017,2.24278
HK.01766,中国中车,2021-07-06 00:00:00,2.25278,2.20278,2.25278,2.18278,7.136,0.00294,12866325.0,42959118.0,-1.3436164781124789,2.23278
HK.01766,中国中车,2021-07-07 00:00:00,2.20278,2.24278,2.26278,2.17278,7.222,0.00337,14726700.0,49304692.0,1.8158871970873185,2.20278
HK.01766,中国中车,2021-07-08 00:00:00,2.24278,2.13278,2.24278,2.11278,6.987,0.006,26239993.0,86477919.0,-4.904627292913273,2.24278
HK.01766,中国中车,2021-07-09 00:00:00,2.13278,2.19278,2.21278,2.09278,7.115,0.00651,28440300.0,93916711.0,2.8132296814486284,2.13278
HK.01766,中国中车,2021-07-12 00:00:00,2.21278,2.22278,2.24278,2.19278,7.179,0.00384,16767000.0,56321590.0,1.3681263054205277,2.19278
HK.01766,中国中车,2021-07-13 00:00:00,2.22278,2.28278,2.29278,2.20278,7.307,0.00383,16740510.0,56951967.0,2.699322470059997,2.22278
HK.01766,中国中车,2021-07-14 00:00:00,2.29278,2.29278,2.32278,2.24278,7.329,0.00311,13579100.0,46531132.0,0.4380623625579439,2.28278
HK.01766,中国中车,2021-07-15 00:00:00,2.32278,2.28278,2.32278,2.26278,7.307,0.00323,14114750.0,48333689.0,-0.4361517459154489,2.29278
HK.01766,中国中车,2021-07-16 00:00:00,2.29278,2.26278,2.29278,2.23278,7.264,0.00356,15542100.0,52926744.0,-0.8761247251158684,2.28278
HK.01766,中国中车,2021-07-19 00:00:00,2.25278,2.25278,2.27278,2.18278,7.243,0.00403,17621206.0,59344592.0,-0.4419342578597914,2.26278
HK.01766,中国中车,2021-07-20 00:00:00,2.23278,2.23278,2.29278,2.16278,7.2,0.00527,23050100.0,77627292.0,-0.8877919725849847,2.25278
HK.01766,中国中车,2021-07-21 00:00:00,2.25278,2.27278,2.28278,2.23278,7.286,0.00274,11978100.0,40736694.0,1.7914886374833183,2.23278
HK.01766,中国中车,2021-07-22 00:00:00,2.27278,2.27278,2.32278,2.25278,7.286,0.00369,16120844.0,55269523.0,0.0,2.27278
HK.01766,中国中车,2021-07-23 00:00:00,2.33278,2.43278,2.52278,2.31278,7.628,0.01783,77931700.0,279186151.0,7.039836675789128,2.27278
HK.01766,中国中车,2021-07-26 00:00:00,2.44278,2.33278,2.46278,2.31278,7.414,0.00792,34628450.0,121485081.0,-4.110523762937877,2.43278
HK.01766,中国中车,2021-07-27 00:00:00,2.37278,2.19278,2.41278,2.11278,7.115,0.01365,59659400.0,201428516.0,-6.001423194643307,2.33278
HK.01766,中国中车,2021-07-28 00:00:00,2.21278,2.14278,2.23278,2.10278,7.008,0.00788,34430000.0,113218100.0,-2.2802105090341858,2.19278
HK.01766,中国中车,2021-07-29 00:00:00,2.21278,2.17278,2.22278,2.14278,7.072,0.0067,29294500.0,96924706.0,1.4000504018144562,2.14278
HK.01766,中国中车,2021-07-30 00:00:00,2.18278,2.19278,2.22278,2.13278,7.115,0.00654,28585000.0,94749214.0,0.9204797540478106,2.17278
HK.01766,中国中车,2021-08-02 00:00:00,2.19278,2.28278,2.32278,2.14278,7.307,0.00998,43620000.0,147658526.0,4.104378916261544,2.19278
HK.01766,中国中车,2021-08-03 00:00:00,2.28278,2.27278,2.34278,2.24278,7.286,0.00474,20708613.0,70826909.0,-0.43806236255792447,2.28278
HK.01766,中国中车,2021-08-04 00:00:00,2.26278,2.28278,2.29278,2.25278,7.307,0.00356,15562800.0,53002926.0,0.43998979223681073,2.27278
HK.01766,中国中车,2021-08-05 00:00:00,2.28278,2.30278,2.34278,2.26278,7.35,0.00613,26778050.0,92030885.0,0.8761247251158684,2.28278
HK.01766,中国中车,2021-08-06 00:00:00,2.32278,2.30278,2.32278,2.27278,7.35,0.00174,7596130.0,26058953.0,0.0,2.30278
HK.01766,中国中车,2021-08-09 00:00:00,2.31278,2.31278,2.37278,2.26278,7.371,0.00464,20277109.0,70380584.0,0.43425772327361845,2.30278
HK.01766,中国中车,2021-08-10 00:00:00,2.33278,2.33278,2.33278,2.28278,7.414,0.0028,12234100.0,42167703.0,0.8647601587699659,2.31278
HK.01766,中国中车,2021-08-11 00:00:00,2.34278,2.28278,2.35278,2.24278,7.307,0.0067,29264842.0,100157882.0,-2.1433654266583333,2.33278
HK.01766,中国中车,2021-08-12 00:00:00,2.29278,2.25278,2.31278,2.24278,7.243,0.00487,21285780.0,72505042.0,-1.3141870876737929,2.28278
HK.01766,中国中车,2021-08-13 00:00:00,2.25278,2.22278,2.27278,2.20278,7.179,0.00603,26341300.0,88644288.0,-1.3316879588774673,2.25278
HK.01766,中国中车,2021-08-16 00:00:00,2.22278,2.23278,2.29278,2.21278,7.2,0.00314,13734498.0,46539446.0,0.4498870783433262,2.22278
HK.01766,中国中车,2021-08-17 00:00:00,2.25278,2.20278,2.28278,2.17278,7.136,0.00501,21897050.0,73506645.0,-1.3436164781124789,2.23278
HK.01766,中国中车,2021-08-18 00:00:00,2.20278,2.21278,2.22278,2.18278,7.158,0.00408,17812400.0,59509549.0,0.4539717992718195,2.20278
HK.01766,中国中车,2021-08-19 00:00:00,2.19278,2.16278,2.21278,2.14278,7.051,0.00502,21938928.0,72503127.0,-2.259601044839515,2.21278
HK.01766,中国中车,2021-08-20 00:00:00,2.16278,2.12278,2.16278,2.05278,6.965,0.00632,27632189.0,89297004.0,-1.8494715135150146,2.16278
HK.01766,中国中车,2021-08-23 00:00:00,2.10278,2.12278,2.15278,2.10278,6.965,0.0029,12692650.0,41322606.0,0.0,2.12278
HK.01766,中国中车,2021-08-24 00:00:00,2.14278,2.16278,2.17278,2.13278,7.051,0.00384,16775720.0,55269457.0,1.8843215029348321,2.12278
HK.01766,中国中车,2021-08-25 00:00:00,2.16278,2.21278,2.25278,2.15278,7.158,0.00478,20871850.0,69832645.0,2.311839391893758,2.16278
HK.01766,中国中车,2021-08-26 00:00:00,2.21278,2.23278,2.33278,2.21278,7.2,0.00645,28180250.0,96025135.0,0.9038404179358102,2.21278
HK.01766,中国中车,2021-08-27 00:00:00,2.23278,2.35278,2.51278,2.23278,7.457,0.01769,77310800.0,271367991.0,5.3744659124499545,2.23278
HK.01766,中国中车,2021-08-30 00:00:00,2.37278,2.33278,2.37278,2.27278,7.414,0.00751,32828000.0,113279800.0,-0.8500582289886864,2.35278
HK.01766,中国中车,2021-08-31 00:00:00,2.32278,2.40278,2.46278,2.29278,7.564,0.01356,59273500.0,209054858.0,3.0007115973216436,2.33278
HK.01766,中国中车,2021-09-01 00:00:00,2.44278,2.51278,2.57278,2.40278,7.799,0.01912,83594908.0,305839368.0,4.578030448064321,2.40278
HK.01766,中国中车,2021-09-02 00:00:00,2.52278,2.69278,2.71278,2.49278,8.183,0.02321,101467100.0,381705540.0,7.1633807973638834,2.51278
HK.01766,中国中车,2021-09-03 00:00:00,2.69278,2.66278,2.72278,2.61278,8.119,0.01261,55122359.0,209092289.0,-1.1140902710210194,2.69278
HK.01766,中国中车,2021-09-06 00:00:00,2.66278,2.78278,2.80278,2.66278,8.376,0.01489,65104723.0,253690794.0,4.506568323331242,2.66278
HK.01766,中国中车,2021-09-07 00:00:00,2.79278,2.78278,2.82278,2.71278,8.376,0.01333,58249813.0,228272893.0,0.0,2.78278
HK.01766,中国中车,2021-09-08 00:00:00,2.78278,2.76278,2.90278,2.73278,8.333,0.01246,54465650.0,215487410.0,-0.7187057546769784,2.78278
HK.01766,中国中车,2021-09-09 00:00:00,2.75278,2.78278,2.81278,2.68278,8.376,0.00918,40133350.0,156712385.0,0.7239085269185392,2.76278
HK.01766,中国中车,2021-09-10 00:00:00,2.81278,2.76278,2.84278,2.74278,8.333,0.00782,34187800.0,134362900.0,-0.7187057546769784,2.78278
HK.01766,中国中车,2021-09-13 00:00:00,2.75278,2.70278,2.82278,2.68278,8.205,0.01019,44552057.0,172474684.0,-2.1717255807556017,2.76278
HK.01766,中国中车,2021-09-14 00:00:00,2.70278,2.61278,2.71278,2.54278,8.012,0.01146,50096500.0,188192990.0,-3.3299047647237403,2.70278
HK.01766,中国中车,2021-09-15 00:00:00,2.59278,2.64278,2.69278,2.56278,8.076,0.00569,24858358.0,93678716.0,1.1482022979355417,2.61278
HK.01766,中国中车,2021-09-16 00:00:00,2.63278,2.57278,2.65278,2.49278,7.927,0.0037,16184700.0,59912597.0,-2.648725962811898,2.64278
HK.01766,中国中车,2021-09-17 00:00:00,2.56278,2.60278,2.60278,2.48278,7.991,0.00451,19703200.0,72882962.0,1.1660538405926761,2.57278
HK.01766,中国中车,2021-09-20 00:00:00,2.60278,2.51278,2.60278,2.41278,7.799,0.00474,20736600.0,74898935.0,-3.4578412312988536,2.60278
HK.01766,中国中车,2021-09-21 00:00:00,2.48278,2.48278,2.52278,2.41278,7.735,0.00222,9687102.0,34822679.0,-1.1938967995606384,2.51278
HK.01766,中国中车,2021-09-23 00:00:00,2.53278,2.56278,2.63278,2.53278,7.905,0.00571,24967950.0,92616704.0,3.2221944755475747,2.48278
HK.01766,中国中车,2021-09-24 00:00:00,2.54278,2.49278,2.59278,2.44278,7.756,0.00544,23795325.0,87088384.0,-2.7314088606903377,2.56278
HK.01766,中国中车,2021-09-27 00:00:00,2.48278,2.42278,2.52278,2.37278,7.606,0.00459,20050000.0,71493770.0,-2.8081098211635314,2.49278
HK.01766,中国中车,2021-09-28 00:00:00,2.40278,2.39278,2.44278,2.37278,7.542,0.00534,23341700.0,82827682.0,-1.2382469724861442,2.42278
HK.01766,中国中车,2021-09-29 00:00:00,2.42278,2.38278,2.42278,2.35278,7.521,0.00302,13221900.0,46526915.0,-0.4179239211294072,2.39278
HK.01766,中国中车,2021-09-30 00:00:00,2.38278,2.42278,2.44278,2.32278,7.606,0.0037,16159500.0,56888478.0,1.6787114211131553,2.38278
HK.01766,中国中车,2021-10-04 00:00:00,2.42278,2.45278,2.49278,2.36278,7.67,0.00447,19553500.0,70264885.0,1.2382469724861627,2.42278
HK.01766,中国中车,2021-10-05 00:00:00,2.45278,2.46278,2.49278,2.40278,7.692,0.00177,7734238.0,27836134.0,0.4077006498748272,2.45278
HK.01766,中国中车,2021-10-06 00:00:00,2.50278,2.50278,2.55278,2.42278,7.777,0.00313,13695750.0,49930169.0,1.6241808038070813,2.46278
HK.01766,中国中车,2021-10-07 00:00:00,2.51278,2.59278,2.61278,2.51278,7.97,0.00358,15655400.0,58287652.0,3.59600124661376,2.50278
HK.01766,中国中车,2021-10-08 00:00:00,2.59278,2.60278,2.61278,2.51278,7.991,0.00504,22013150.0,81733062.0,0.38568640609693966,2.59278
HK.01766,中国中车,2021-10-11 00:00:00,2.60278,2.52278,2.61278,2.50278,7.82,0.00324,14178000.0,52203829.0,-3.073636650043418,2.60278
HK.01766,中国中车,2021-10-12 00:00:00,2.51278,2.49278,2.51278,2.44278,7.756,0.00303,13232154.0,47904945.0,-1.1891643345832694,2.52278
HK.01766,中国中车,2021-10-15 00:00:00,2.48278,2.45278,2.48278,2.41278,7.67,0.00424,18535748.0,66333244.0,-1.6046341835220128,2.49278
HK.01766,中国中车,2021-10-18 00:00:00,2.45278,2.44278,2.47278,2.41278,7.649,0.00276,12077000.0,43195070.0,-0.4077006498748452,2.45278
HK.01766,中国中车,2021-10-19 00:00:00,2.42278,2.48278,2.50278,2.42278,7.735,0.0029,12684050.0,45852076.0,1.6374786104356525,2.44278
HK.01766,中国中车,2021-10-20 00:00:00,2.48278,2.48278,2.52278,2.48278,7.735,0.00409,17891107.0,65192106.0,0.0,2.48278
HK.01766,中国中车,2021-10-21 00:00:00,2.52278,2.47278,2.52278,2.45278,7.713,0.00335,14637500.0,52795675.0,-0.4027743094434379,2.48278
HK.01766,中国中车,2021-10-22 00:00:00,2.47278,2.54278,2.59278,2.46278,7.863,0.00562,24550500.0,90500751.0,2.8308219898252105,2.47278
HK.01766,中国中车,2021-10-25 00:00:00,2.57278,2.52278,2.57278,2.48278,7.82,0.00317,13848000.0,50892585.0,-0.7865407152801271,2.54278
HK.01766,中国中车,2021-10-26 00:00:00,2.55278,2.53278,2.56278,2.51278,7.841,0.00228,9975750.0,36631486.0,0.3963881115277506,2.52278
HK.01766,中国中车,2021-10-27 00:00:00,2.55278,2.48278,2.55278,2.46278,7.735,0.00344,15020000.0,54463905.0,-1.9741153988897506,2.53278
HK.01766,中国中车,2021-10-28 00:00:00,2.47278,2.39278,2.48278,2.32278,7.542,0.00777,33973200.0,119432036.0,-3.6249687849910126,2.48278
HK.01766,中国中车,2021-10-29 00:00:00,2.38278,2.38278,2.39278,2.35278,7.521,0.00439,19207400.0,67376236.0,-0.4179239211294072,2.39278
HK.01766,中国中车,2021-11-01 00:00:00,2.36278,2.35278,2.37278,2.29278,7.457,0.00319,13950523.0,48575995.0,-1.259033565834857,2.38278
HK.01766,中国中车,2021-11-02 00:00:00,2.37278,2.38278,2.47278,2.35278,7.521,0.00411,17956700.0,63719718.0,1.2750873434830203,2.35278
HK.01766,中国中车,2021-11-03 00:00:00,2.37278,2.38278,2.41278,2.35278,7.521,0.00199,8702078.0,30597408.0,0.0,2.38278
HK.01766,中国中车,2021-11-04 00:00:00,2.37278,2.46278,2.46278,2.36278,7.692,0.00399,17435100.0,62196437.0,3.3574228422263106,2.38278
HK.01766,中国中车,2021-11-05 00:00:00,2.42278,2.41278,2.46278,2.37278,7.585,0.00433,18935335.0,67357263.0,-2.0302260047588425,2.46278
HK.01766,中国中车,2021-11-08 00:00:00,2.40278,2.41278,2.45278,2.37278,7.585,0.00383,16721300.0,59277403.0,0.0,2.41278
HK.01766,中国中车,2021-11-09 00:00:00,2.41278,2.36278,2.41278,2.33278,7.478,0.0048,20959650.0,73235505.0,-2.072298344648093,2.41278
HK.01766,中国中车,2021-11-10 00:00:00,2.36278,2.36278,2.37278,2.31278,7.478,0.00357,15608200.0,54189445.0,0.0,2.36278
HK.01766,中国中车,2021-11-11 00:00:00,2.33278,2.39278,2.42278,2.33278,7.542,0.00355,15504532.0,54728608.0,1.2696907879701136,2.36278
HK.01766,中国中车,2021-11-12 00:00:00,2.51278,2.43278,2.57278,2.41278,7.628,0.01128,49299200.0,177812959.0,1.6716956845175917,2.39278
HK.01766,中国中车,2021-11-15 00:00:00,2.46278,2.51278,2.52278,2.44278,7.799,0.00519,22672936.0,82081067.0,3.288419010350283,2.43278
HK.01766,中国中车,2021-11-16 00:00:00,2.52278,2.56278,2.59278,2.51278,7.905,0.0074,32356250.0,119950724.0,1.9898279992677543,2.51278
HK.01766,中国中车,2021-11-17 00:00:00,2.59278,2.59278,2.63278,2.56278,7.97,0.00821,35900500.0,134484140.0,1.1706037974387111,2.56278
HK.01766,中国中车,2021-11-18 00:00:00,2.59278,2.55278,2.59278,2.54278,7.884,0.00451,19702000.0,72922481.0,-1.5427456243877242,2.59278
HK.01766,中国中车,2021-11-19 00:00:00,2.54278,2.58278,2.59278,2.53278,7.948,0.00455,19885505.0,73659929.0,1.175189401358529,2.55278
HK.01766,中国中车,2021-11-22 00:00:00,2.58278,2.56278,2.61278,2.53278,7.905,0.0066,28829900.0,107280541.0,-0.7743594111771044,2.58278
HK.01766,中国中车,2021-11-23 00:00:00,2.58278,2.61278,2.66278,2.58278,8.012,0.00844,36879600.0,138819767.0,1.9510063290645245,2.56278
HK.01766,中国中车,2021-11-24 00:00:00,2.59278,2.59278,2.65278,2.58278,7.97,0.00537,23484000.0,88078660.0,-0.7654681986236889,2.61278
HK.01766,中国中车,2021-11-25 00:00:00,2.59278,2.61278,2.64278,2.58278,8.012,0.00614,26849750.0,100819425.0,0.7713728121938621,2.59278
HK.01766,中国中车,2021-11-26 00:00:00,2.62278,2.54278,2.62278,2.53278,7.863,0.00703,30738505.0,114024871.0,-2.6791386951829024,2.61278
HK.01766,中国中车,2021-11-29 00:00:00,2.52278,2.45278,2.52278,2.42278,7.67,0.00938,41015400.0,147941838.0,-3.5394332187605633,2.54278
HK.01766,中国中车,2021-11-30 00:00:00,2.48278,2.32278,2.49278,2.32278,7.393,0.07334,320574869.0,1114816654.0,-5.30010844837288,2.45278
HK.01766,中国中车,2021-12-01 00:00:00,2.31278,2.35278,2.39278,2.30278,7.457,0.00977,42698127.0,148872762.0,1.29155580812648,2.32278
HK.01766,中国中车,2021-12-02 00:00:00,2.34278,2.38278,2.40278,2.32278,7.521,0.00503,21975814.0,77119092.0,1.2750873434830203,2.35278
HK.01766,中国中车,2021-12-03 00:00:00,2.38278,2.41278,2.43278,2.36278,7.585,0.00437,19115563.0,67411811.0,1.2590335658348757,2.38278
HK.01766,中国中车,2021-12-06 00:00:00,2.40278,2.35278,2.44278,2.34278,7.457,0.00463,20223469.0,71384601.0,-2.4867580135777008,2.41278
HK.01766,中国中车,2021-12-07 00:00:00,2.38278,2.44278,2.46278,2.37278,7.649,0.00518,22629811.0,80768852.0,3.8252620304490796,2.35278
HK.01766,中国中车,2021-12-08 00:00:00,2.48278,2.45278,2.48278,2.41278,7.67,0.00279,12177945.0,43553251.0,0.4093696526089223,2.44278
HK.01766,中国中车,2021-12-09 00:00:00,2.45278,2.45278,2.47278,2.42278,7.67,0.00237,10357950.0,37129293.0,0.0,2.45278
HK.01766,中国中车,2021-12-10 00:00:00,2.45278,2.42278,2.46278,2.38278,7.606,0.00362,15831776.0,56221387.0,-1.2231019496245177,2.45278
HK.01766,中国中车,2021-12-13 00:00:00,2.42278,2.39278,2.46278,2.37278,7.542,0.00447,19536189.0,69404681.0,-1.2382469724861442,2.42278
HK.01766,中国中车,2021-12-14 00:00:00,2.39278,2.30278,2.39278,2.27278,7.35,0.00592,25855831.0,89288975.0,-3.7613152901645908,2.39278
HK.01766,中国中车,2021-12-15 00:00:00,2.29278,2.28278,2.32278,2.25278,7.307,0.00276,12057452.0,41254689.0,-0.8685154465472177,2.30278
HK.01766,中国中车,2021-12-16 00:00:00,2.30278,2.26278,2.30278,2.25278,7.264,0.00336,14682810.0,49987403.0,-0.8761247251158684,2.28278
HK.01766,中国中车,2021-12-17 00:00:00,2.28278,2.26278,2.30278,2.25278,7.264,0.00302,13218600.0,45109946.0,0.0,2.26278
HK.01766,中国中车,2021-12-20 00:00:00,2.26278,2.21278,2.26278,2.20278,7.158,0.0039,17062550.0,57425150.0,-2.209671289298996,2.26278
HK.01766,中国中车,2021-12-21 00:00:00,2.20278,2.24278,2.26278,2.20278,7.222,0.00242,10566081.0,35666995.0,1.355760626903725,2.21278
HK.01766,中国中车,2021-12-22 00:00:00,2.25278,2.26278,2.26278,2.22278,7.264,0.00143,6249897.0,21157602.0,0.8917504168933008,2.24278
HK.01766,中国中车,2021-12-23 00:00:00,2.26278,2.27278,2.28278,2.25278,7.286,0.00282,12312275.0,41922480.0,0.441934257859811,2.26278
HK.01766,中国中车,2021-12-24 00:00:00,2.29278,2.27278,2.29278,2.24278,7.286,0.00078,3428900.0,11666410.0,0.0,2.27278
HK.01766,中国中车,2021-12-28 00:00:00,2.26278,2.27278,2.28278,2.25278,7.286,0.00231,10096200.0,34363882.0,0.0,2.27278
HK.01766,中国中车,2021-12-29 00:00:00,2.25278,2.26278,2.29278,2.24278,7.264,0.00095,4167791.0,14175720.0,-0.4399897922368302,2.27278
HK.01766,中国中车,2021-12-30 00:00:00,2.25278,2.23278,2.25278,2.22278,7.2,0.00109,4744912.0,16003272.0,-1.3258027735793938,2.26278
HK.01766,中国中车,2021-12-31 00:00:00,2.26278,2.21278,2.26278,2.19278,7.158,0.00146,6390800.0,21456242.0,-0.8957443187416592,2.23278
HK.01766,中国中车,2022-01-03 00:00:00,2.22278,2.28278,2.28278,2.21278,7.307,0.00204,8928450.0,30314446.0,3.1634414627753253,2.21278
HK.01766,中国中车,2022-01-04 00:00:00,2.28278,2.28278,2.31278,2.25278,7.307,0.00207,9043328.0,30891541.0,0.0,2.28278
HK.01766,中国中车,2022-01-05 00:00:00,2.29278,2.26278,2.32278,2.25278,7.264,0.0027,11806000.0,40364910.0,-0.8761247251158684,2.28278
HK.01766,中国中车,2022-01-06 00:00:00,2.26278,2.30278,2.31278,2.25278,7.35,0.00306,13371951.0,45699023.0,1.767737031439205,2.26278
HK.01766,中国中车,2022-01-07 00:00:00,2.30278,2.36278,2.37278,2.28278,7.478,0.00355,15524674.0,53914853.0,2.605546339641653,2.30278
HK.01766,中国中车,2022-01-10 00:00:00,2.36278,2.35278,2.36278,2.31278,7.457,0.00326,14248362.0,49515612.0,-0.423230262656692,2.36278
HK.01766,中国中车,2022-01-11 00:00:00,2.34278,2.39278,2.41278,2.34278,7.542,0.00344,15041547.0,53050037.0,1.7001164579773729,2.35278
HK.01766,中国中车,2022-01-12 00:00:00,2.39278,2.39278,2.41278,2.35278,7.542,0.00151,6619038.0,23252690.0,0.0,2.39278
HK.01766,中国中车,2022-01-13 00:00:00,2.38278,2.36278,2.41278,2.34278,7.478,0.00375,16394903.0,57539505.0,-1.2537717633882033,2.39278
HK.01766,中国中车,2022-01-14 00:00:00,2.35278,2.34278,2.36278,2.33278,7.435,0.00312,13656000.0,47518615.0,-0.8464605253134028,2.36278
HK.01766,中国中车,2022-01-17 00:00:00,2.35278,2.32278,2.35278,2.29278,7.393,0.00187,8162000.0,28165360.0,-0.8536866457798008,2.34278
HK.01766,中国中车,2022-01-18 00:00:00,2.32278,2.36278,2.40278,2.31278,7.478,0.00307,13408186.0,46941107.0,1.7220744108352937,2.32278
HK.01766,中国中车,2022-01-19 00:00:00,2.37278,2.42278,2.43278,2.36278,7.606,0.00344,15054913.0,53339736.0,2.539381575940208,2.36278
HK.01766,中国中车,2022-01-20 00:00:00,2.44278,2.44278,2.46278,2.39278,7.649,0.00309,13524506.0,48273836.0,0.8254979816574356,2.42278
HK.01766,中国中车,2022-01-21 00:00:00,2.45278,2.43278,2.45278,2.39278,7.628,0.00205,8962200.0,31887774.0,-0.409369652608904,2.44278
HK.01766,中国中车,2022-01-24 00:00:00,2.41278,2.44278,2.45278,2.40278,7.649,0.00257,11217821.0,40078156.0,0.41105237629377855,2.43278
HK.01766,中国中车,2022-01-25 00:00:00,2.42278,2.37278,2.43278,2.32278,7.5,0.00403,17603432.0,61776664.0,-2.865587568262383,2.44278
HK.01766,中国中车,2022-01-26 00:00:00,2.36278,2.39278,2.42278,2.36278,7.542,0.00284,12423600.0,43842524.0,0.8428931464358271,2.37278
HK.01766,中国中车,2022-01-27 00:00:00,2.37278,2.44278,2.44278,2.34278,7.649,0.0039,17031350.0,60107435.0,2.0896196056469805,2.39278
HK.01766,中国中车,2022-01-28 00:00:00,2.44278,2.42278,2.45278,2.37278,7.606,0.00398,17398800.0,61802553.0,-0.8187393052178262,2.44278
HK.01766,中国中车,2022-01-31 00:00:00,2.44278,2.42278,2.44278,2.38278,7.606,0.00092,4000400.0,14197072.0,0.0,2.42278
HK.01766,中国中车,2022-02-04 00:00:00,2.40278,2.47278,2.48278,2.40278,7.713,0.00378,16527093.0,59511464.0,2.063744954143598,2.42278
HK.01766,中国中车,2022-02-07 00:00:00,2.44278,2.55278,2.57278,2.44278,7.884,0.00651,28450091.0,104567664.0,3.235225131228804,2.47278
HK.01766,中国中车,2022-02-08 00:00:00,2.56278,2.55278,2.59278,2.50278,7.884,0.00437,19115000.0,70498842.0,0.0,2.55278
HK.01766,中国中车,2022-02-09 00:00:00,2.56278,2.53278,2.57278,2.52278,7.841,0.00279,12209300.0,44984206.0,-0.78345960090568,2.55278
HK.01766,中国中车,2022-02-10 00:00:00,2.54278,2.58278,2.58278,2.51278,7.948,0.00359,15677594.0,57902175.0,1.9741153988897684,2.53278
HK.01766,中国中车,2022-02-11 00:00:00,2.58278,2.56278,2.58278,2.53278,7.905,0.00321,14019555.0,51679036.0,-0.7743594111771044,2.58278
HK.01766,中国中车,2022-02-14 00:00:00,2.55278,2.54278,2.55278,2.50278,7.863,0.00304,13283800.0,48654881.0,-0.7804025316258133,2.56278
HK.01766,中国中车,2022-02-15 00:00:00,2.51278,2.51278,2.54278,2.47278,7.799,0.0017,7449407.0,27109230.0,-1.1798110729201994,2.54278
HK.01766,中国中车,2022-02-16 00:00:00,2.53278,2.51278,2.55278,2.49278,7.799,0.00169,7404621.0,27089491.0,0.0,2.51278
HK.01766,中国中车,2022-02-17 00:00:00,2.53278,2.49278,2.55278,2.47278,7.756,0.00175,7632900.0,27778505.0,-0.7959311997070805,2.51278
HK.01766,中国中车,2022-02-18 00:00:00,2.48278,2.49278,2.51278,2.47278,7.756,0.00122,5316634.0,19309494.0,0.0,2.49278
HK.01766,中国中车,2022-02-21 00:00:00,2.48278,2.50278,2.50278,2.46278,7.777,0.00125,5475859.0,19854333.0,0.4011585458804944,2.49278
HK.01766,中国中车,2022-02-22 00:00:00,2.47278,2.47278,2.48278,2.40278,7.713,0.00304,13307470.0,47661848.0,-1.1986670822045806,2.50278
HK.01766,中国中车,2022-02-23 00:00:00,2.43278,2.44278,2.48278,2.42278,7.649,0.00167,7314633.0,26161252.0,-1.2132094242108171,2.47278
HK.01766,中国中车,2022-02-24 00:00:00,2.43278,2.36278,2.45278,2.32278,7.478,0.00357,15599128.0,54658693.0,-3.274957220871305,2.44278
HK.01766,中国中车,2022-02-25 00:00:00,2.35278,2.33278,2.37278,2.29278,7.414,0.00391,17086262.0,59163536.0,-1.2696907879700947,2.36278
HK.01766,中国中车,2022-02-28 00:00:00,2.33278,2.33278,2.33278,2.26278,7.414,0.0034,14874805.0,51232906.0,0.0,2.33278
HK.01766,中国中车,2022-03-01 00:00:00,2.33278,2.38278,2.38278,2.30278,7.521,0.00237,10373140.0,36205337.0,2.143365426658314,2.33278
HK.01766,中国中车,2022-03-02 00:00:00,2.37278,2.31278,2.37278,2.29278,7.371,0.00191,8364525.0,28957720.0,-2.937744986948012,2.38278
HK.01766,中国中车,2022-03-03 00:00:00,2.33278,2.36278,2.38278,2.33278,7.478,0.00137,5986401.0,20922363.0,2.161900396924905,2.31278
HK.01766,中国中车,2022-03-04 00:00:00,2.32278,2.28278,2.33278,2.24278,7.307,0.0041,17925746.0,61194825.0,-3.385842101253611,2.36278
HK.01766,中国中车,2022-03-07 00:00:00,2.25278,2.14278,2.25278,2.14278,7.008,0.00576,25190434.0,83350776.0,-6.13287307581106,2.28278
HK.01766,中国中车,2022-03-08 00:00:00,2.15278,2.07278,2.17278,2.05278,6.858,0.00377,16477018.0,53418314.0,-3.266784270900432,2.14278
HK.01766,中国中车,2022-03-09 00:00:00,2.10278,2.04278,2.11278,1.96278,6.794,0.00373,16310869.0,51723894.0,-1.4473316029679855,2.07278
HK.01766,中国中车,2022-03-10 00:00:00,2.10278,2.08278,2.11278,2.06278,6.88,0.00187,8193038.0,26415362.0,1.9581159008801747,2.04278
HK.01766,中国中车,2022-03-11 00:00:00,2.04278,2.01278,2.04278,1.96278,6.73,0.00355,15517777.0,48742859.0,-3.360892653088674,2.08278
HK.01766,中国中车,2022-03-14 00:00:00,1.97278,1.90278,2.02278,1.88278,6.495,0.0054,23611300.0,72572385.0,-5.465078150617548,2.01278
HK.01766,中国中车,2022-03-15 00:00:00,1.87278,1.67278,1.88278,1.64278,6.004,0.01107,48400045.0,139317515.0,-12.08757712399752,1.90278
HK.01766,中国中车,2022-03-16 00:00:00,1.74278,1.82278,1.84278,1.66278,6.324,0.00596,26073350.0,75809041.0,8.967108645488358,1.67278
HK.01766,中国中车,2022-03-17 00:00:00,1.88278,2.04278,2.05278,1.88278,6.794,0.00933,40774790.0,127363933.0,12.06947629445133,1.82278
HK.01766,中国中车,2022-03-18 00:00:00,1.99278,2.13278,2.13278,1.99278,6.972,0.01102,48167869.0,156266792.0,4.405760776980382,2.04278
HK.01766,中国中车,2022-03-21 00:00:00,2.14278,2.04278,2.14278,2.01278,6.78,0.00349,15268536.0,48969754.0,-4.219844522172933,2.13278
HK.01766,中国中车,2022-03-22 00:00:00,2.06278,2.12278,2.15278,2.06278,6.95,0.00293,12791200.0,41472617.0,3.9162318017603495,2.04278
HK.01766,中国中车,2022-03-23 00:00:00,2.09278,2.10278,2.14278,2.08278,6.908,0.00253,11040970.0,35788485.0,-0.9421607514674161,2.12278
HK.01766,中国中车,2022-03-24 00:00:00,2.08278,2.08278,2.09278,2.05278,6.865,0.00173,7574821.0,24350529.0,-0.9511218482199763,2.10278
HK.01766,中国中车,2022-03-25 00:00:00,2.08278,2.02278,2.10278,2.00278,6.737,0.00261,11411498.0,36147619.0,-2.8807651312188542,2.08278
HK.01766,中国中车,2022-03-28 00:00:00,2.01278,1.99278,2.02278,1.95278,6.673,0.00259,11323400.0,35362317.0,-1.48310740663839,2.02278
HK.01766,中国中车,2022-03-29 00:00:00,2.00278,2.00278,2.04278,1.98278,6.695,0.00196,8557350.0,26852018.0,0.5018115396581664,1.99278
HK.01766,中国中车,2022-03-30 00:00:00,2.02278,2.09278,2.10278,2.01278,6.886,0.00364,15891771.0,50779311.0,4.493753682381483,2.00278
HK.01766,中国中车,2022-03-31 00:00:00,2.11278,2.00278,2.12278,2.00278,6.695,0.00213,9319155.0,29454974.0,-4.3004998136450014,2.09278
HK.01766,中国中车,2022-04-01 00:00:00,2.00278,2.04278,2.05278,1.94278,7.243,0.00131,5710173.0,17947197.0,1.9972238588362194,2.00278
HK.01766,中国中车,2022-04-04 00:00:00,2.04278,2.03278,2.05278,1.98278,7.22,0.00162,7094100.0,22472121.0,-0.48952897522005456,2.04278
HK.01766,中国中车,2022-04-06 00:00:00,2.02278,2.08278,2.09278,2.01278,7.334,0.00329,14385515.0,46041987.0,2.4596857505485232,2.03278
HK.01766,中国中车,2022-04-07 00:00:00,2.04278,2.00278,2.08278,2.00278,7.152,0.00252,11020416.0,34947382.0,-3.8410201749584725,2.08278
HK.01766,中国中车,2022-04-08 00:00:00,2.03278,2.12278,2.13278,2.02278,7.425,0.00429,18762051.0,60561483.0,5.991671576508658,2.00278
HK.01766,中国中车,2022-04-11 00:00:00,2.12278,2.04278,2.12278,2.04278,7.243,0.00238,10399411.0,33359409.0,-3.7686430058696643,2.12278
HK.01766,中国中车,2022-04-12 00:00:00,2.04278,2.00278,2.06278,1.98278,7.152,0.00277,12125344.0,38203801.0,-1.9581159008801747,2.04278
HK.01766,中国中车,2022-04-13 00:00:00,1.89278,1.78278,1.90278,1.75278,6.651,0.018,78694998.0,231665641.0,-10.984731223599194,2.00278
HK.01766,中国中车,2022-04-14 00:00:00,1.79278,1.79278,1.80278,1.75278,6.674,0.01108,48431400.0,141434934.0,0.5609217065482005,1.78278
HK.01766,中国中车,2022-04-19 00:00:00,1.77278,1.76278,1.80278,1.74278,6.605,0.00999,43668502.0,126563980.0,-1.6733787748636213,1.79278
HK.01766,中国中车,2022-04-20 00:00:00,1.78278,1.76278,1.81278,1.75278,6.605,0.00546,23858953.0,69543907.0,0.0,1.76278
HK.01766,中国中车,2022-04-21 00:00:00,1.76278,1.73278,1.78278,1.71278,6.537,0.00487,21285507.0,61322330.0,-1.701857293593076,1.76278
HK.01766,中国中车,2022-04-22 00:00:00,1.70278,1.73278,1.75278,1.68278,6.537,0.00783,34206586.0,97617518.0,0.0,1.73278
HK.01766,中国中车,2022-04-25 00:00:00,1.71278,1.65278,1.71278,1.64278,6.355,0.00471,20573856.0,57754835.0,-4.616858458661808,1.73278
HK.01766,中国中车,2022-04-26 00:00:00,1.66278,1.66278,1.69278,1.64278,6.378,0.00272,11868052.0,33260273.0,0.6050412033059457,1.65278
HK.01766,中国中车,2022-04-27 00:00:00,1.66278,1.72278,1.74278,1.64278,6.514,0.00673,29436800.0,83672782.0,3.608414823368098,1.66278
HK.01766,中国中车,2022-04-28 00:00:00,1.74278,1.78278,1.79278,1.73278,6.651,0.00707,30901550.0,89745502.0,3.4827430083934137,1.72278
HK.01766,中国中车,2022-04-29 00:00:00,1.79278,1.79278,1.79278,1.71278,6.674,0.0063,27522901.0,79522331.0,0.5609217065482005,1.78278
HK.01766,中国中车,2022-05-03 00:00:00,1.78278,1.81278,1.83278,1.71278,6.719,0.00378,16526339.0,48138365.0,1.1155858499090807,1.79278
HK.01766,中国中车,2022-05-04 00:00:00,1.81278,1.81278,1.81278,1.78278,6.719,0.00069,2997505.0,8802295.0,0.0,1.81278
HK.01766,中国中车,2022-05-05 00:00:00,1.81278,1.79278,1.82278,1.77278,6.674,0.00235,10270715.0,30139270.0,-1.10327783845806,1.81278
HK.01766,中国中车,2022-05-06 00:00:00,1.76278,1.74278,1.77278,1.72278,6.56,0.00447,19528110.0,56207915.0,-2.7889646247727016,1.79278
HK.01766,中国中车,2022-05-10 00:00:00,1.71278,1.72278,1.75278,1.68278,6.514,0.00218,9544451.0,27230895.0,-1.1475917786524987,1.74278
HK.01766,中国中车,2022-05-11 00:00:00,1.73278,1.73278,1.77278,1.70278,6.537,0.00156,6804728.0,19613318.0,0.5804571680655689,1.72278
HK.01766,中国中车,2022-05-12 00:00:00,1.75278,1.71278,1.75278,1.70278,6.492,0.00195,8521132.0,24339355.0,-1.154214614665452,1.73278
HK.01766,中国中车,2022-05-13 00:00:00,1.72278,1.74278,1.76278,1.71278,6.56,0.00114,4998855.0,14375640.0,1.7515384345917178,1.71278
HK.01766,中国中车,2022-05-16 00:00:00,1.74278,1.75278,1.76278,1.73278,6.583,0.00127,5559523.0,16024328.0,0.5737958893262494,1.74278
HK.01766,中国中车,2022-05-17 00:00:00,1.76278,1.78278,1.78278,1.74278,6.651,0.00223,9737909.0,28272845.0,1.7115667682196296,1.75278
HK.01766,中国中车,2022-05-18 00:00:00,1.78278,1.79278,1.81278,1.76278,6.674,0.00355,15516915.0,45456184.0,0.5609217065482005,1.78278
HK.01766,中国中车,2022-05-19 00:00:00,1.77278,1.79278,1.81278,1.72278,6.674,0.0021,9185051.0,26745460.0,0.0,1.79278
HK.01766,中国中车,2022-05-20 00:00:00,1.80278,1.83278,1.83278,1.80278,6.765,0.00157,6863590.0,20285365.0,2.2311716998181614,1.79278
HK.01766,中国中车,2022-05-23 00:00:00,1.81278,1.85278,1.86278,1.81278,6.81,0.00232,10142094.0,30191248.0,1.0912384465129483,1.83278
HK.01766,中国中车,2022-05-24 00:00:00,1.84278,1.81278,1.86278,1.80278,6.719,0.00205,8974695.0,26620037.0,-2.1589179503233,1.85278
HK.01766,中国中车,2022-05-25 00:00:00,1.84278,1.84278,1.85278,1.81278,6.788,0.00166,7239043.0,21497399.0,1.6549167576870898,1.81278
HK.01766,中国中车,2022-05-26 00:00:00,1.84278,1.88278,1.88278,1.83278,6.879,0.00218,9532852.0,28581527.0,2.1706334993867857,1.84278
HK.01766,中国中车,2022-05-27 00:00:00,1.90278,1.88278,1.91278,1.86278,6.879,0.00195,8543232.0,25814221.0,0.0,1.88278
HK.01766,中国中车,2022-05-30 00:00:00,1.89278,1.92278,1.93278,1.89278,6.97,0.00233,10167205.0,30982436.0,2.1245179999787567,1.88278
HK.01766,中国中车,2022-05-31 00:00:00,1.92278,2.01278,2.01278,1.90278,7.175,0.00637,27830526.0,87007817.0,4.680722703585427,1.92278
HK.01766,中国中车,2022-06-01 00:00:00,1.99278,1.98278,2.00278,1.98278,7.107,0.00238,10414000.0,32538529.0,-1.4904758592593235,2.01278
HK.01766,中国中车,2022-06-02 00:00:00,1.98278,1.98278,2.00278,1.95278,7.107,0.00202,8829271.0,27487003.0,0.0,1.98278
HK.01766,中国中车,2022-06-06 00:00:00,1.97278,2.02278,2.02278,1.95278,7.198,0.00359,15682909.0,48949314.0,2.0173695518413557,1.98278
HK.01766,中国中车,2022-06-07 00:00:00,2.00278,2.01278,2.03278,1.96278,7.175,0.00437,19095187.0,60081694.0,-0.49436913554614104,2.02278
HK.01766,中国中车,2022-06-08 00:00:00,2.01278,2.06278,2.07278,1.98278,7.289,0.00568,24818047.0,78763386.0,2.4841264320989014,2.01278
HK.01766,中国中车,2022-06-09 00:00:00,2.06278,1.99278,2.07278,1.99278,7.129,0.00227,9926420.0,31283614.0,-3.393478703497225,2.06278
HK.01766,中国中车,2022-06-10 00:00:00,1.97278,1.95278,1.97278,1.94278,7.038,0.00337,14721821.0,45554122.0,-2.0072461586326655,1.99278
HK.01766,中国中车,2022-06-13 00:00:00,1.92278,1.90278,1.93278,1.88278,6.924,0.00208,9104244.0,27708822.0,-2.5604522782904393,1.95278
HK.01766,中国中车,2022-06-14 00:00:00,1.89278,1.92278,1.94278,1.86278,6.97,0.00156,6822131.0,20675830.0,1.051093662956307,1.90278
HK.01766,中国中车,2022-06-15 00:00:00,1.93278,2.02278,2.05278,1.93278,7.198,0.00483,21096109.0,66564561.0,5.20080300398382,1.92278
HK.01766,中国中车,2022-06-16 00:00:00,2.04278,2.00278,2.04278,1.96278,7.152,0.00372,16275205.0,51029840.0,-0.9887382710922601,2.02278
HK.01766,中国中车,2022-06-17 00:00:00,1.98278,2.06278,2.12278,1.96278,7.289,0.00948,41429862.0,132445059.0,2.995835788254329,2.00278
HK.01766,中国中车,2022-06-20 00:00:00,2.06278,2.06278,2.08278,2.01278,7.289,0.00408,17839324.0,57087545.0,0.0,2.06278
HK.01766,中国中车,2022-06-21 00:00:00,2.03278,2.04278,2.07278,2.03278,7.243,0.00469,20510775.0,65452642.0,-0.96956534385635,2.06278
HK.01766,中国中车,2022-06-22 00:00:00,2.06286,1.97286,2.10286,1.96286,6.605,0.00473,20675163.0,60814695.0,-3.4227865947385414,2.04278
HK.01766,中国中车,2022-06-23 00:00:00,1.97286,1.96286,2.01286,1.95286,6.583,0.00458,20021094.0,58054235.0,-0.5068783390610591,1.97286
HK.01766,中国中车,2022-06-24 00:00:00,1.96286,1.95286,1.99286,1.93286,6.56,0.00434,18982026.0,54678866.0,-0.5094606849189453,1.96286
HK.01766,中国中车,2022-06-27 00:00:00,1.98286,1.97286,2.00286,1.96286,6.605,0.00271,11840472.0,34426369.0,1.0241389551734388,1.95286
HK.01766,中国中车,2022-06-28 00:00:00,1.99286,2.07286,2.08286,1.97286,6.833,0.00257,11226534.0,33384319.0,5.068783390610579,1.97286
HK.01766,中国中车,2022-06-29 00:00:00,2.06286,2.05286,2.08286,2.02286,6.788,0.00181,7900100.0,23583727.0,-0.9648504964155813,2.07286
HK.01766,中国中车,2022-06-30 00:00:00,2.03286,1.99286,2.05286,1.97286,6.651,0.00417,18218384.0,53401480.0,-2.9227516732753247,2.05286
HK.01766,中国中车,2022-07-04 00:00:00,1.99286,2.02286,2.02286,1.96286,6.719,0.00163,7130798.0,20788981.0,1.5053741858434624,1.99286
HK.01766,中国中车,2022-07-05 00:00:00,2.02286,1.99286,2.04286,1.97286,6.651,0.00184,8047307.0,23531122.0,-1.4830487527560003,2.02286
HK.01766,中国中车,2022-07-06 00:00:00,2.00286,1.95286,2.00286,1.92286,6.56,0.00212,9249525.0,26639906.0,-2.0071655811246165,1.99286
HK.01766,中国中车,2022-07-07 00:00:00,1.93286,1.94286,1.96286,1.92286,6.537,0.00117,5135132.0,14736051.0,-0.5120694775867194,1.95286
HK.01766,中国中车,2022-07-08 00:00:00,1.96286,2.04286,2.05286,1.96286,6.765,0.00324,14150707.0,41786874.0,5.147051254336396,1.94286
HK.01766,中国中车,2022-07-11 00:00:00,2.04286,2.02286,2.06286,1.99286,6.719,0.00088,3854490.0,11354503.0,-0.9790196097627845,2.04286
HK.01766,中国中车,2022-07-12 00:00:00,1.99286,2.01286,2.04286,1.98286,6.697,0.0012,5232236.0,15359193.0,-0.49434958425201103,2.02286
HK.01766,中国中车,2022-07-13 00:00:00,2.00286,2.01286,2.05286,1.98286,6.697,0.00169,7380412.0,21686073.0,0.0,2.01286
HK.01766,中国中车,2022-07-14 00:00:00,2.01286,2.03286,2.03286,1.98286,6.742,0.00217,9470859.0,27790491.0,0.9936110807507734,2.01286
HK.01766,中国中车,2022-07-15 00:00:00,2.02286,1.97286,2.02286,1.96286,6.605,0.00164,7176000.0,20870295.0,-2.951506744192902,2.03286
HK.01766,中国中车,2022-07-18 00:00:00,1.97286,2.02286,2.02286,1.95286,6.719,0.00164,7147805.0,20935759.0,2.534391695305295,1.97286
HK.01766,中国中车,2022-07-19 00:00:00,1.99286,2.01286,2.02286,1.99286,6.697,0.00099,4323016.0,12691955.0,-0.49434958425201103,2.02286
HK.01766,中国中车,2022-07-20 00:00:00,2.02286,2.01286,2.04286,2.00286,6.697,0.00092,4000724.0,11819264.0,0.0,2.01286
HK.01766,中国中车,2022-07-21 00:00:00,2.03286,2.04286,2.07286,2.01286,6.765,0.00275,12022454.0,35753290.0,1.4904166211261713,2.01286
HK.01766,中国中车,2022-07-22 00:00:00,2.04286,2.02286,2.05286,2.00286,6.719,0.0007,3038168.0,8976178.0,-0.9790196097627845,2.04286
HK.01766,中国中车,2022-07-25 00:00:00,2.02286,2.01286,2.02286,1.99286,6.697,0.00073,3170410.0,9294176.0,-0.49434958425201103,2.02286
HK.01766,中国中车,2022-07-26 00:00:00,2.01286,1.99286,2.02286,1.97286,6.651,0.00189,8241055.0,24041674.0,-0.9936110807507624,2.01286
HK.01766,中国中车,2022-07-27 00:00:00,2.00286,1.98286,2.00286,1.95286,6.628,0.00141,6169674.0,17891473.0,-0.5017913952811541,1.99286
HK.01766,中国中车,2022-07-28 00:00:00,1.99286,2.00286,2.02286,1.94286,6.674,0.00186,8147549.0,23751187.0,1.0086440797635747,1.98286
HK.01766,中国中车,2022-07-29 00:00:00,2.00286,1.99286,2.03286,1.96286,6.651,0.00265,11579896.0,33838881.0,-0.49928602098998476,2.00286
HK.01766,中国中车,2022-08-01 00:00:00,1.99286,1.96286,1.99286,1.93286,6.583,0.00199,8696990.0,25106449.0,-1.5053741858434624,1.99286
HK.01766,中国中车,2022-08-02 00:00:00,1.97286,1.89286,1.97286,1.84286,6.423,0.00255,11167400.0,31350483.0,-3.5662247944326166,1.96286
HK.01766,中国中车,2022-08-03 00:00:00,1.89286,1.88286,1.91286,1.87286,6.4,0.00143,6240653.0,17546436.0,-0.5283010893568467,1.89286
HK.01766,中国中车,2022-08-04 00:00:00,1.89286,1.88286,1.91286,1.86286,6.4,0.00088,3843186.0,10786840.0,0.0,1.88286
HK.01766,中国中车,2022-08-05 00:00:00,1.87286,1.91286,1.93286,1.87286,6.469,0.00138,6034494.0,17095906.0,1.5933207992097143,1.88286
HK.01766,中国中车,2022-08-08 00:00:00,1.90286,1.92286,1.94286,1.89286,6.492,0.0005,2205100.0,6285021.0,0.5227774118335899,1.91286
HK.01766,中国中车,2022-08-09 00:00:00,1.92286,1.92286,1.95286,1.91286,6.492,0.00032,1386943.0,3961031.0,0.0,1.92286
HK.01766,中国中车,2022-08-10 00:00:00,1.92286,1.90286,1.92286,1.88286,6.446,0.00061,2686000.0,7584740.0,-1.0401173252342875,1.92286
HK.01766,中国中车,2022-08-11 00:00:00,1.92286,1.94286,1.95286,1.91286,6.537,0.00089,3895107.0,11138938.0,2.1020989457973807,1.90286
HK.01766,中国中车,2022-08-12 00:00:00,1.94286,1.95286,1.97286,1.92286,6.56,0.00176,7691431.0,22089431.0,0.5147051254336396,1.94286
HK.01766,中国中车,2022-08-15 00:00:00,1.95286,1.95286,1.96286,1.93286,6.56,0.00048,2099750.0,6037006.0,0.0,1.95286
HK.01766,中国中车,2022-08-16 00:00:00,1.96286,1.97286,1.97286,1.94286,6.605,0.00084,3658165.0,10574671.0,1.0241389551734388,1.95286
HK.01766,中国中车,2022-08-17 00:00:00,1.97286,1.96286,1.97286,1.93286,6.583,0.00065,2860075.0,8255693.0,-0.5068783390610591,1.97286
HK.01766,中国中车,2022-08-18 00:00:00,1.94286,1.94286,1.96286,1.89286,6.537,0.0011,4819336.0,13808592.0,-1.0189213698378905,1.96286
HK.01766,中国中车,2022-08-19 00:00:00,1.94286,1.95286,1.97286,1.92286,6.56,0.00074,3237296.0,9345128.0,0.5147051254336396,1.94286
HK.01766,中国中车,2022-08-22 00:00:00,1.95286,1.98286,2.00286,1.93286,6.628,0.00158,6893000.0,20027460.0,1.5362084327601582,1.95286
HK.01766,中国中车,2022-08-23 00:00:00,1.98286,1.96286,1.98286,1.94286,6.583,0.00099,4311315.0,12466747.0,-1.0086440797635747,1.98286
HK.01766,中国中车,2022-08-24 00:00:00,1.96286,1.90286,1.96286,1.89286,6.446,0.00145,6355000.0,18054230.0,-3.0567641095136713,1.96286
HK.01766,中国中车,2022-08-25 00:00:00,1.85286,1.89286,1.91286,1.85286,6.423,0.00113,4959900.0,14000262.0,-0.5255247364493452,1.90286
HK.01766,中国中车,2022-08-26 00:00:00,1.91286,1.93286,1.94286,1.90286,6.514,0.0015,6569500.0,18697145.0,2.113204357427387,1.89286
HK.01766,中国中车,2022-08-29 00:00:00,1.91286,1.94286,1.96286,1.89286,6.537,0.0013,5683468.0,16294582.0,0.5173680452800518,1.93286
HK.01766,中国中车,2022-08-30 00:00:00,1.92286,1.96286,1.96286,1.88286,6.583,0.00098,4295456.0,12328485.0,1.029410250867279,1.94286
HK.01766,中国中车,2022-08-31 00:00:00,1.93286,2.01286,2.01286,1.91286,6.697,0.00312,13634200.0,39800710.0,2.547303424594715,1.96286
HK.01766,中国中车,2022-09-01 00:00:00,1.97286,1.98286,2.01286,1.97286,6.628,0.00145,6331450.0,18446960.0,-1.4904166211261494,2.01286
HK.01766,中国中车,2022-09-02 00:00:00,1.96286,1.95286,1.98286,1.93286,6.56,0.001,4358496.0,12542163.0,-1.512966119645362,1.98286
HK.01766,中国中车,2022-09-05 00:00:00,1.95286,1.95286,2.00286,1.92286,6.56,0.00086,3754385.0,10789760.0,0.0,1.95286
HK.01766,中国中车,2022-09-06 00:00:00,1.95286,1.96286,1.98286,1.93286,6.583,0.0006,2633057.0,7606874.0,0.5120694775867194,1.95286
HK.01766,中国中车,2022-09-07 00:00:00,1.94286,1.96286,1.99286,1.93286,6.583,0.00087,3810212.0,11009068.0,0.0,1.96286
HK.01766,中国中车,2022-09-08 00:00:00,1.96286,1.96286,1.99286,1.95286,6.583,0.00123,5355555.0,15526883.0,0.0,1.96286
HK.01766,中国中车,2022-09-09 00:00:00,1.97286,1.97286,1.97286,1.95286,6.605,0.00097,4238080.0,12268161.0,0.5094606849189453,1.96286
HK.01766,中国中车,2022-09-13 00:00:00,1.97286,1.98286,2.00286,1.96286,6.628,0.00115,5032293.0,14645232.0,0.5068783390610591,1.97286
HK.01766,中国中车,2022-09-14 00:00:00,1.97286,1.92286,1.97286,1.91286,6.492,0.00173,7543301.0,21559074.0,-3.025932239290724,1.98286
HK.01766,中国中车,2022-09-15 00:00:00,1.93286,1.89286,1.94286,1.89286,6.423,0.00152,6647855.0,18867998.0,-1.560175987851431,1.92286
HK.01766,中国中车,2022-09-16 00:00:00,1.91286,1.89286,1.92286,1.88286,6.423,0.00279,12210593.0,34477591.0,0.0,1.89286
HK.01766,中国中车,2022-09-19 00:00:00,1.89286,1.85286,1.91286,1.84286,6.332,0.0013,5687143.0,15901744.0,-2.113204357427387,1.89286
HK.01766,中国中车,2022-09-20 00:00:00,1.87286,1.87286,1.90286,1.82286,6.378,0.00122,5348741.0,15000785.0,1.0794123679069125,1.85286
HK.01766,中国中车,2022-09-21 00:00:00,1.86286,1.83286,1.86286,1.82286,6.287,0.00146,6377162.0,17639240.0,-2.13577095992226,1.87286
HK.01766,中国中车,2022-09-22 00:00:00,1.83286,1.80286,1.83286,1.76286,6.218,0.00291,12713568.0,34489944.0,-1.6367862248071334,1.83286
HK.01766,中国中车,2022-09-23 00:00:00,1.80286,1.81286,1.83286,1.76286,6.241,0.00188,8220100.0,22430779.0,0.5546742398189548,1.80286
HK.01766,中国中车,2022-09-26 00:00:00,1.82286,1.79286,1.82286,1.76286,6.195,0.00177,7754634.0,21081508.0,-1.1032291517271062,1.81286
HK.01766,中国中车,2022-09-27 00:00:00,1.79286,1.77286,1.80286,1.76286,6.15,0.00205,8982000.0,24302390.0,-1.11553607085884,1.79286
HK.01766,中国中车,2022-09-28 00:00:00,1.78286,1.70286,1.78286,1.67286,5.99,0.00368,16101969.0,42608493.0,-3.948422323251698,1.77286
HK.01766,中国中车,2022-09-29 00:00:00,1.68286,1.65286,1.73286,1.62286,5.876,0.00225,9833973.0,25482066.0,-2.93623668416664,1.70286
HK.01766,中国中车,2022-09-30 00:00:00,1.64286,1.61286,1.65286,1.56286,5.785,0.00435,18993853.0,48125449.0,-2.4200476749391986,1.65286
HK.01766,中国中车,2022-10-03 00:00:00,1.62286,1.59286,1.63286,1.55286,5.74,0.00088,3857277.0,9687212.0,-1.2400332328906427,1.61286
HK.01766,中国中车,2022-10-05 00:00:00,1.64286,1.69286,1.71286,1.64286,5.968,0.00098,4268595.0,11159311.0,6.278015644814992,1.59286
HK.01766,中国中车,2022-10-06 00:00:00,1.72286,1.68286,1.73286,1.65286,5.945,0.0009,3955100.0,10376070.0,-0.5907163025885194,1.69286
HK.01766,中国中车,2022-10-07 00:00:00,1.69286,1.65286,1.69286,1.63286,5.876,0.00047,2054000.0,5296330.0,-1.7826794861129283,1.68286
HK.01766,中国中车,2022-10-10 00:00:00,1.61286,1.60286,1.64286,1.57286,5.763,0.00187,8189973.0,20709917.0,-3.025059593673998,1.65286
HK.01766,中国中车,2022-10-11 00:00:00,1.60286,1.56286,1.62286,1.56286,5.671,0.00145,6329218.0,15852553.0,-2.4955392236377496,1.60286
HK.01766,中国中车,2022-10-12 00:00:00,1.61286,1.54286,1.61286,1.52286,5.626,0.00152,6644984.0,16475602.0,-1.2797051559320745,1.56286
HK.01766,中国中车,2022-10-13 00:00:00,1.57286,1.52286,1.57286,1.49286,5.58,0.00125,5477269.0,13445969.0,-1.2962938957520316,1.54286
HK.01766,中国中车,2022-10-14 00:00:00,1.55286,1.56286,1.58286,1.50286,5.671,0.00159,6943129.0,17262258.0,2.626636723008012,1.52286
HK.01766,中国中车,2022-10-17 00:00:00,1.56286,1.57286,1.59286,1.53286,5.694,0.00093,4057000.0,10112515.0,0.6398525779660372,1.56286
HK.01766,中国中车,2022-10-18 00:00:00,1.57286,1.67286,1.70286,1.57286,5.922,0.0025,10916201.0,28085862.0,6.35784494487749,1.57286
HK.01766,中国中车,2022-10-19 00:00:00,1.69286,1.68286,1.71286,1.65286,5.945,0.00163,7120953.0,18582230.0,0.5977786545198049,1.67286
HK.01766,中国中车,2022-10-20 00:00:00,1.64286,1.69286,1.70286,1.63286,5.968,0.00152,6643043.0,17284550.0,0.5942264953709762,1.68286
HK.01766,中国中车,2022-10-21 00:00:00,1.69286,1.71286,1.72286,1.66286,6.013,0.0012,5245107.0,13813754.0,1.1814326051770387,1.69286
HK.01766,中国中车,2022-10-24 00:00:00,1.70286,1.59286,1.71286,1.56286,5.74,0.00335,14638684.0,37046688.0,-7.005826512382804,1.71286
HK.01766,中国中车,2022-10-25 00:00:00,1.57286,1.55286,1.62286,1.53286,5.649,0.00311,13597115.0,33873447.0,-2.511206257925997,1.59286
HK.01766,中国中车,2022-10-26 00:00:00,1.58286,1.55286,1.58286,1.51286,5.649,0.00219,9561730.0,23802321.0,0.0,1.55286
HK.01766,中国中车,2022-10-27 00:00:00,1.58286,1.58286,1.61286,1.57286,5.717,0.00192,8372968.0,21090563.0,1.9319191685019919,1.55286
HK.01766,中国中车,2022-10-28 00:00:00,1.58286,1.51286,1.59286,1.49286,5.558,0.00151,6604124.0,16202884.0,-4.422374688854342,1.58286
HK.01766,中国中车,2022-10-31 00:00:00,1.52286,1.45286,1.55286,1.44286,5.421,0.0027,11822200.0,28476186.0,-3.9659981756408427,1.51286
HK.01766,中国中车,2022-11-01 00:00:00,1.44286,1.54286,1.57286,1.44286,5.626,0.00303,13235000.0,32333813.0,6.194678083228931,1.45286
HK.01766,中国中车,2022-11-02 00:00:00,1.54286,1.60286,1.65286,1.52286,5.763,0.00129,5637600.0,14235833.0,3.8888816872561383,1.54286
HK.01766,中国中车,2022-11-03 00:00:00,1.59286,1.65286,1.69286,1.56286,5.876,0.00384,16764322.0,42816214.0,3.1194240295471873,1.60286
HK.01766,中国中车,2022-11-04 00:00:00,1.67286,1.72286,1.77286,1.65286,6.036,0.0046,20117935.0,53557709.0,4.235083431143597,1.65286
HK.01766,中国中车,2022-11-07 00:00:00,1.70286,1.78286,1.79286,1.69286,6.173,0.00286,12489853.0,33609388.0,3.4825812892515837,1.72286
HK.01766,中国中车,2022-11-08 00:00:00,1.80286,1.79286,1.83286,1.75286,6.195,0.00228,9964000.0,27151200.0,0.5608965370247809,1.78286
HK.01766,中国中车,2022-11-09 00:00:00,1.81286,1.82286,1.84286,1.76286,6.264,0.00266,11621000.0,31823078.0,1.6733041062882783,1.79286
HK.01766,中国中车,2022-11-10 00:00:00,1.79286,1.77286,1.79286,1.73286,6.15,0.00155,6773620.0,18256095.0,-2.7429424091811674,1.82286
HK.01766,中国中车,2022-11-11 00:00:00,1.83286,1.86286,1.89286,1.80286,6.355,0.00398,17403952.0,48510343.0,5.076542987037885,1.77286
HK.01766,中国中车,2022-11-14 00:00:00,1.86286,1.92286,1.96286,1.86286,6.492,0.00283,12349528.0,35339650.0,3.2208539557454694,1.86286
HK.01766,中国中车,2022-11-15 00:00:00,1.92286,1.99286,1.99286,1.91286,6.651,0.0019,8305187.0,24035969.0,3.6404106383200054,1.92286
HK.01766,中国中车,2022-11-16 00:00:00,2.00286,1.95286,2.00286,1.91286,6.56,0.00195,8522502.0,24560195.0,-2.0071655811246165,1.99286
HK.01766,中国中车,2022-11-17 00:00:00,1.94286,1.97286,1.98286,1.90286,6.605,0.00156,6810147.0,19493762.0,1.0241389551734388,1.95286
HK.01766,中国中车,2022-11-18 00:00:00,1.96286,1.97286,1.98286,1.94286,6.605,0.00096,4209300.0,12162911.0,0.0,1.97286
HK.01766,中国中车,2022-11-21 00:00:00,1.97286,1.93286,1.97286,1.90286,6.514,0.00079,3451139.0,9844921.0,-2.0275133562442362,1.97286
HK.01766,中国中车,2022-11-22 00:00:00,1.93286,2.03286,2.14286,1.90286,6.742,0.00551,24068218.0,71815653.0,5.1736804528005065,1.93286
HK.01766,中国中车,2022-11-23 00:00:00,2.05286,2.09286,2.11286,2.05286,6.879,0.00409,17884445.0,53944714.0,2.9515067441929133,2.03286
HK.01766,中国中车,2022-11-24 00:00:00,2.11286,2.09286,2.12286,2.05286,6.879,0.00249,10897030.0,32957932.0,0.0,2.09286
HK.01766,中国中车,2022-11-25 00:00:00,2.07286,2.13286,2.16286,2.06286,6.97,0.00465,20342100.0,62162682.0,1.9112601894058865,2.09286
HK.01766,中国中车,2022-11-28 00:00:00,2.08286,2.14286,2.14286,2.02286,6.993,0.00273,11937682.0,36116288.0,0.4688540269872486,2.13286
HK.01766,中国中车,2022-11-29 00:00:00,2.13286,2.17286,2.18286,2.09286,7.061,0.00305,13336242.0,41015914.0,1.399998133335813,2.14286
HK.01766,中国中车,2022-11-30 00:00:00,2.15286,2.27286,2.27286,2.14286,7.289,0.0067,29282905.0,92441503.0,4.6022293198825555,2.17286
HK.01766,中国中车,2022-12-01 00:00:00,2.24286,2.20286,2.28286,2.17286,7.129,0.00229,10005586.0,31572701.0,-3.0798201385039237,2.27286
HK.01766,中国中车,2022-12-02 00:00:00,2.16286,2.16286,2.20286,2.14286,7.038,0.00167,7283317.0,22558834.0,-1.815821250556097,2.20286
HK.01766,中国中车,2022-12-05 00:00:00,2.17286,2.26286,2.32286,2.16286,7.266,0.00673,29403251.0,94057447.0,4.623507762869538,2.16286
HK.01766,中国中车,2022-12-06 00:00:00,2.26286,2.21286,2.28286,2.16286,7.152,0.00562,24544380.0,77122851.0,-2.209593169705586,2.26286
HK.01766,中国中车,2022-12-07 00:00:00,2.22286,2.18286,2.28286,2.18286,7.084,0.00311,13577115.0,42890400.0,-1.3557116130256885,2.21286
HK.01766,中国中车,2022-12-08 00:00:00,2.20286,2.27286,2.28286,2.20286,7.289,0.0049,21430240.0,68108344.0,4.123031252576909,2.18286
HK.01766,中国中车,2022-12-09 00:00:00,2.27286,2.24286,2.29286,2.22286,7.22,0.00432,18890500.0,60062295.0,-1.3199229165016872,2.27286
HK.01766,中国中车,2022-12-12 00:00:00,2.22286,2.23286,2.27286,2.20286,7.198,0.00221,9678902.0,30511606.0,-0.445859304637819,2.24286
HK.01766,中国中车,2022-12-13 00:00:00,2.23286,2.24286,2.26286,2.19286,7.22,0.00153,6685323.0,21118655.0,0.44785611278807386,2.23286
HK.01766,中国中车,2022-12-14 00:00:00,2.25286,2.26286,2.27286,2.21286,7.266,0.00131,5707038.0,18119548.0,0.8917186092756579,2.24286
HK.01766,中国中车,2022-12-15 00:00:00,2.26286,2.29286,2.31286,2.23286,7.334,0.00321,14048243.0,45101878.0,1.3257559018233673,2.26286
HK.01766,中国中车,2022-12-16 00:00:00,2.27286,2.31286,2.33286,2.23286,7.38,0.00348,15222365.0,49238559.0,0.8722730563575629,2.29286
HK.01766,中国中车,2022-12-19 00:00:00,2.30286,2.24286,2.31286,2.20286,7.22,0.00161,7041807.0,22291445.0,-3.0265558658976452,2.31286
HK.01766,中国中车,2022-12-20 00:00:00,2.21286,2.24286,2.25286,2.19286,7.22,0.00113,4947100.0,15624403.0,0.0,2.24286
HK.01766,中国中车,2022-12-21 00:00:00,2.22286,2.23286,2.26286,2.21286,7.198,0.00143,6239000.0,19730914.0,-0.445859304637819,2.24286
HK.01766,中国中车,2022-12-22 00:00:00,2.25286,2.24286,2.27286,2.17286,7.22,0.00227,9930616.0,31344454.0,0.44785611278807386,2.23286
HK.01766,中国中车,2022-12-23 00:00:00,2.21286,2.18286,2.22286,2.17286,7.084,0.00163,7112000.0,22203719.0,-2.6751558278269734,2.24286
HK.01766,中国中车,2022-12-28 00:00:00,2.18286,2.21286,2.23286,2.17286,7.152,0.00297,12996240.0,40734216.0,1.3743437508589762,2.18286
HK.01766,中国中车,2022-12-29 00:00:00,2.21286,2.19286,2.21286,2.13286,7.107,0.00249,10880000.0,33680539.0,-0.903807742017119,2.21286
HK.01766,中国中车,2022-12-30 00:00:00,2.18286,2.22286,2.24286,2.14286,7.175,0.00414,18078905.0,56318907.0,1.3680763933857978,2.19286
HK.01766,中国中车,2023-01-03 00:00:00,2.19286,2.24286,2.25286,2.16286,7.22,0.00168,7322124.0,23068224.0,0.8997417741108311,2.22286
HK.01766,中国中车,2023-01-04 00:00:00,2.25286,2.26286,2.27286,2.24286,7.266,0.00223,9757676.0,31077673.0,0.8917186092756579,2.24286
HK.01766,中国中车,2023-01-05 00:00:00,2.27286,2.31286,2.35286,2.26286,7.38,0.00466,20382854.0,66074651.0,2.209593169705606,2.26286
HK.01766,中国中车,2023-01-06 00:00:00,2.31286,2.40286,2.40286,2.31286,7.585,0.00349,15259546.0,50304292.0,3.8912861132969505,2.31286
HK.01766,中国中车,2023-01-09 00:00:00,2.40286,2.41286,2.44286,2.37286,7.608,0.003,13111846.0,43696767.0,0.4161707298802172,2.40286
HK.01766,中国中车,2023-01-10 00:00:00,2.42286,2.42286,2.43286,2.37286,7.63,0.00259,11334450.0,37906526.0,0.4144459272398826,2.41286
HK.01766,中国中车,2023-01-11 00:00:00,2.42286,2.39286,2.43286,2.38286,7.562,0.00248,10818709.0,36029534.0,-1.2382060870211158,2.42286
HK.01766,中国中车,2023-01-12 00:00:00,2.41286,2.46286,2.46286,2.38286,7.722,0.00369,16134716.0,54328269.0,2.925369641349675,2.39286
HK.01766,中国中车,2023-01-13 00:00:00,2.45286,2.50286,2.52286,2.44286,7.813,0.00298,13026276.0,44686024.0,1.6241280462551682,2.46286
HK.01766,中国中车,2023-01-16 00:00:00,2.51286,2.52286,2.55286,2.48286,7.858,0.00195,8520000.0,29411268.0,0.7990858457924142,2.50286
HK.01766,中国中车,2023-01-17 00:00:00,2.50286,2.52286,2.53286,2.48286,7.858,0.00138,6053799.0,20822834.0,0.0,2.52286
HK.01766,中国中车,2023-01-18 00:00:00,2.50286,2.54286,2.55286,2.49286,7.904,0.0013,5674760.0,19594181.0,0.7927510840871081,2.52286
HK.01766,中国中车,2023-01-19 00:00:00,2.48286,2.53286,2.53286,2.45286,7.881,0.00162,7095325.0,24292762.0,-0.3932579851033966,2.54286
HK.01766,中国中车,2023-01-20 00:00:00,2.49286,2.62286,2.62286,2.49286,8.086,0.00229,10001102.0,35242733.0,3.5532954841562625,2.53286
HK.01766,中国中车,2023-01-26 00:00:00,2.61286,2.64286,2.66286,2.60286,8.132,0.00149,6508533.0,23145809.0,0.7625264024766863,2.62286
HK.01766,中国中车,2023-01-27 00:00:00,2.61286,2.64286,2.65286,2.61286,8.132,0.00166,7264200.0,25902864.0,0.0,2.64286
HK.01766,中国中车,2023-01-30 00:00:00,2.62286,2.61286,2.65286,2.58286,8.063,0.00356,15545570.0,55396056.0,-1.135133907963352,2.64286
HK.01766,中国中车,2023-01-31 00:00:00,2.58286,2.62286,2.66286,2.58286,8.086,0.00271,11830120.0,41954050.0,0.3827223808393956,2.61286
HK.01766,中国中车,2023-02-01 00:00:00,2.63286,2.64286,2.64286,2.58286,8.132,0.00174,7606775.0,27042788.0,0.7625264024766863,2.62286
HK.01766,中国中车,2023-02-02 00:00:00,2.65286,2.62286,2.70286,2.62286,8.086,0.00166,7270560.0,25997096.0,-0.7567559386422291,2.64286
HK.01766,中国中车,2023-02-03 00:00:00,2.64286,2.63286,2.65286,2.58286,8.109,0.00168,7349581.0,26034102.0,0.38126320123833474,2.62286
HK.01766,中国中车,2023-02-06 00:00:00,2.60286,2.60286,2.61286,2.48286,8.041,0.00227,9906063.0,34753935.0,-1.1394453180191808,2.63286
HK.01766,中国中车,2023-02-07 00:00:00,2.61286,2.62286,2.64286,2.57286,8.086,0.00165,7206790.0,25527010.0,0.7683855451311257,2.60286
HK.01766,中国中车,2023-02-08 00:00:00,2.60286,2.63286,2.64286,2.58286,8.109,0.00111,4869034.0,17244951.0,0.38126320123833474,2.62286
HK.01766,中国中车,2023-02-09 00:00:00,2.61286,2.61286,2.63286,2.59286,8.063,0.00136,5949702.0,21070580.0,-0.7596302120127929,2.63286
HK.01766,中国中车,2023-02-10 00:00:00,2.61286,2.66286,2.66286,2.61286,8.177,0.00342,14965811.0,53496735.0,1.9136119041969268,2.61286
HK.01766,中国中车,2023-02-13 00:00:00,2.66286,2.72286,2.74286,2.64286,8.314,0.00294,12829382.0,46664575.0,2.2532164665059393,2.66286
HK.01766,中国中车,2023-02-14 00:00:00,2.72286,2.72286,2.75286,2.69286,8.314,0.00209,9155750.0,33443520.0,0.0,2.72286
HK.01766,中国中车,2023-02-15 00:00:00,2.69286,2.67286,2.74286,2.63286,8.2,0.00212,9253516.0,33310520.0,-1.836304473972214,2.72286
HK.01766,中国中车,2023-02-16 00:00:00,2.67286,2.61286,2.67286,2.57286,8.063,0.00237,10351604.0,36855260.0,-2.2447864833923235,2.67286
HK.01766,中国中车,2023-02-17 00:00:00,2.64286,2.67286,2.68286,2.63286,8.2,0.0035,15285000.0,54686984.0,2.2963342850363224,2.61286
HK.01766,中国中车,2023-02-20 00:00:00,2.67286,2.74286,2.77286,2.67286,8.359,0.00295,12888500.0,47181820.0,2.618917563957702,2.67286
HK.01766,中国中车,2023-02-21 00:00:00,2.75286,2.69286,2.77286,2.68286,8.246,0.00179,7830323.0,28540140.0,-1.8229147677971105,2.74286
HK.01766,中国中车,2023-02-22 00:00:00,2.69286,2.69286,2.75286,2.67286,8.246,0.00294,12845345.0,46757299.0,0.0,2.69286
HK.01766,中国中车,2023-02-23 00:00:00,2.67286,2.69286,2.76286,2.67286,8.246,0.0015,6572952.0,23958037.0,0.0,2.69286
HK.01766,中国中车,2023-02-24 00:00:00,2.71286,2.68286,2.71286,2.61286,8.223,0.00282,12319200.0,44140076.0,-0.3713523911380551,2.69286
HK.01766,中国中车,2023-02-27 00:00:00,2.64286,2.67286,2.68286,2.60286,8.2,0.00183,7992660.0,28699779.0,-0.37273655725605465,2.68286
HK.01766,中国中车,2023-02-28 00:00:00,2.65286,2.66286,2.71286,2.65286,8.177,0.00508,22194215.0,80100551.0,-0.3741310805653955,2.67286
HK.01766,中国中车,2023-03-01 00:00:00,2.69286,2.78286,2.79286,2.65286,8.451,0.00567,24766350.0,91242068.0,4.506432933011879,2.66286
HK.01766,中国中车,2023-03-02 00:00:00,2.79286,3.01286,3.01286,2.77286,8.974,0.01381,60356728.0,233309712.0,8.26487857815341,2.78286
HK.01766,中国中车,2023-03-03 00:00:00,3.00286,3.27286,3.37286,2.99286,9.567,0.03008,131485648.0,545933432.0,8.629674130228429,3.01286
HK.01766,中国中车,2023-03-06 00:00:00,3.23286,3.33286,3.41286,3.22286,9.703,0.0161,70368709.0,299113902.0,1.8332589844967415,3.27286
HK.01766,中国中车,2023-03-07 00:00:00,3.31286,3.32286,3.49286,3.26286,9.681,0.0171,74762874.0,321043297.0,-0.300042606050066,3.33286
HK.01766,中国中车,2023-03-08 00:00:00,3.32286,3.35286,3.40286,3.26286,9.749,0.00794,34690866.0,148492142.0,0.902836712952103,3.32286
HK.01766,中国中车,2023-03-09 00:00:00,3.35286,3.33286,3.46286,3.28286,9.703,0.00794,34719090.0,149843686.0,-0.5965056697863919,3.35286
HK.01766,中国中车,2023-03-10 00:00:00,3.30286,3.212859999,3.30286,3.14286,9.43,0.01006,43987229.0,181679011.0,-3.600511302604975,3.33286
HK.01766,中国中车,2023-03-13 00:00:00,3.19286,3.32286,3.36286,3.15286,9.681,0.00615,26887530.0,112880878.0,3.4237408736838013,3.212859999
HK.01766,中国中车,2023-03-14 00:00:00,3.35286,3.18286,3.35286,3.132859999,9.362,0.00888,38823878.0,161710548.0,-4.21323799377645,3.32286
HK.01766,中国中车,2023-03-15 00:00:00,3.19286,3.28286,3.342859999,3.172859999,9.589,0.00572,24982705.0,104930658.0,3.141828418466414,3.18286
HK.01766,中国中车,2023-03-16 00:00:00,3.27286,3.212859999,3.27286,3.16286,9.43,0.00498,21768374.0,89977995.0,-2.1322871215951924,3.28286
HK.01766,中国中车,2023-03-17 00:00:00,3.212859999,3.31286,3.40286,3.20286,9.658,0.00828,36203869.0,154128036.0,3.1124917061784543,3.212859999
HK.01766,中国中车,2023-03-20 00:00:00,3.35286,3.23286,3.42286,3.16286,9.476,0.00643,28108756.0,117968835.0,-2.4148318975145364,3.31286
HK.01766,中国中车,2023-03-21 00:00:00,3.26286,3.26286,3.31286,3.212859999,9.544,0.00327,14308522.0,59954591.0,0.9279708988326066,3.23286
HK.01766,中国中车,2023-03-22 00:00:00,3.27286,3.27286,3.32286,3.23286,9.567,0.00219,9591809.0,40278880.0,0.3064795915240075,3.26286
HK.01766,中国中车,2023-03-23 00:00:00,3.27286,3.28286,3.31286,3.19286,9.589,0.00346,15108900.0,63485928.0,0.3055431640827834,3.27286
HK.01766,中国中车,2023-03-24 00:00:00,3.28286,3.18286,3.28286,3.15286,9.362,0.0035,15301269.0,62997649.0,-3.046124415905646,3.28286
HK.01766,中国中车,2023-03-27 00:00:00,3.15286,3.172859999,3.24286,3.14286,9.339,0.00197,8630800.0,35432838.0,-0.31418287326492117,3.18286
HK.01766,中国中车,2023-03-28 00:00:00,3.16286,3.22286,3.26286,3.15286,9.453,0.00225,9846750.0,40865162.0,1.575865339654399,3.172859999
HK.01766,中国中车,2023-03-29 00:00:00,3.252859999,3.23286,3.27286,3.18286,9.476,0.00342,14959605.0,62117044.0,0.31028341286932204,3.22286
HK.01766,中国中车,2023-03-30 00:00:00,3.22286,3.132859999,3.22286,3.132859999,9.248,0.00339,14804754.0,60543341.0,-3.0932363603744104,3.23286
HK.01766,中国中车,2023-03-31 00:00:00,3.12286,3.35286,3.38286,3.12286,9.406,0.01202,52535079.0,221051476.0,7.022337451090175,3.132859999
HK.01766,中国中车,2023-04-03 00:00:00,3.40286,3.48286,3.55286,3.37286,9.692,0.00755,32984590.0,145497191.0,3.8772868536115404,3.35286
HK.01766,中国中车,2023-04-04 00:00:00,3.48286,3.64286,3.67286,3.47286,10.043,0.0129,56387619.0,255622340.0,4.5939256817672875,3.48286
HK.01766,中国中车,2023-04-06 00:00:00,3.64286,3.72286,3.77286,3.64286,10.219,0.00687,30037230.0,139244815.0,2.1960767089594335,3.64286
HK.01766,中国中车,2023-04-11 00:00:00,3.72286,3.93286,3.99286,3.67286,10.681,0.01229,53724167.0,261067767.0,5.640824527379487,3.72286
HK.01766,中国中车,2023-04-12 00:00:00,3.97286,3.94286,4.04286,3.87286,10.703,0.00861,37640307.0,184063461.0,0.2542678864744799,3.93286
HK.01766,中国中车,2023-04-13 00:00:00,3.89286,3.90286,3.97286,3.85286,10.615,0.00358,15652144.0,75583151.0,-1.0144920184840456,3.94286
HK.01766,中国中车,2023-04-14 00:00:00,3.93286,4.01286,4.04286,3.90286,10.857,0.00893,39022143.0,191770434.0,2.8184459601420464,3.90286
HK.01766,中国中车,2023-04-17 00:00:00,4.01286,3.94286,4.01286,3.88286,10.703,0.00434,18953653.0,92057304.0,-1.7443917804259266,4.01286
HK.01766,中国中车,2023-04-18 00:00:00,3.94286,4.01286,4.01286,3.90286,10.857,0.00397,17370794.0,85015435.0,1.7753610323470739,3.94286
HK.01766,中国中车,2023-04-19 00:00:00,3.99286,3.91286,4.01286,3.88286,10.637,0.00187,8194180.0,39852338.0,-2.491988257751332,4.01286
HK.01766,中国中车,2023-04-20 00:00:00,3.89286,4.09286,4.09286,3.87286,11.032,0.00815,35612721.0,176448232.0,4.60021569900278,3.91286
HK.01766,中国中车,2023-04-21 00:00:00,4.09286,4.05286,4.25286,4.00286,10.945,0.00713,31181188.0,157698374.0,-0.9773117086829267,4.09286
HK.01766,中国中车,2023-04-24 00:00:00,4.03286,4.06286,4.07286,3.97286,10.967,0.00427,18675109.0,92420595.0,0.24673933962682618,4.05286
HK.01766,中国中车,2023-04-25 00:00:00,4.06286,4.04286,4.10286,3.98286,10.923,0.00294,12829768.0,63657181.0,-0.49226407013777423,4.06286
HK.01766,中国中车,2023-04-26 00:00:00,4.01286,4.06286,4.07286,3.93286,10.967,0.00607,26530683.0,131137586.0,0.4946992970322884,4.04286
HK.01766,中国中车,2023-04-27 00:00:00,4.02286,3.97286,4.06286,3.94286,10.769,0.00543,23720280.0,116550083.0,-2.215188315620028,4.06286
HK.01766,中国中车,2023-04-28 00:00:00,4.01286,4.14286,4.17286,3.95286,11.142,0.00532,23262240.0,116647711.0,4.279033240537043,3.97286
HK.01766,中国中车,2023-05-02 00:00:00,4.15286,4.08286,4.27286,4.03286,11.01,0.00288,12595213.0,63492192.0,-1.4482748632587055,4.14286
HK.01766,中国中车,2023-05-03 00:00:00,4.08286,4.14286,4.14286,4.01286,11.142,0.0011,4819611.0,24085485.0,1.4695581038781542,4.08286
HK.01766,中国中车,2023-05-04 00:00:00,4.14286,4.17286,4.17286,4.11286,11.208,0.00318,13879560.0,70418742.0,0.7241374316293635,4.14286
HK.01766,中国中车,2023-05-05 00:00:00,4.16286,4.18286,4.30286,4.09286,11.23,0.00602,26316068.0,134230089.0,0.23964379346538794,4.17286
HK.01766,中国中车,2023-05-08 00:00:00,4.16286,4.25286,4.33286,4.12286,11.384,0.00606,26480347.0,137407109.0,1.6734961246611237,4.18286
HK.01766,中国中车,2023-05-09 00:00:00,4.24286,4.07286,4.27286,4.05286,10.989,0.0035,15280930.0,77194203.0,-4.232445930503231,4.25286
HK.01766,中国中车,2023-05-10 00:00:00,4.05286,4.00286,4.09286,3.93286,10.835,0.00327,14315046.0,70388818.0,-1.7186939889905444,4.07286
HK.01766,中国中车,2023-05-11 00:00:00,4.00286,3.91286,4.00286,3.86286,10.637,0.00352,15383301.0,74388013.0,-2.248392399434412,4.00286
HK.01766,中国中车,2023-05-12 00:00:00,3.91286,3.76286,3.91286,3.74286,10.307,0.00473,20670976.0,97767511.0,-3.8335130825023107,3.91286
HK.01766,中国中车,2023-05-15 00:00:00,3.74286,3.83286,3.87286,3.72286,10.461,0.00373,16308134.0,76896085.0,1.8602871220295278,3.76286
HK.01766,中国中车,2023-05-16 00:00:00,3.83286,3.86286,3.96286,3.77286,10.527,0.00427,18663969.0,89646998.0,0.7827053427466644,3.83286
HK.01766,中国中车,2023-05-17 00:00:00,3.83286,3.87286,3.93286,3.80286,10.549,0.00392,17133336.0,82665429.0,0.25887554816897923,3.86286
HK.01766,中国中车,2023-05-18 00:00:00,3.87286,4.05286,4.09286,3.87286,10.945,0.0044,19234059.0,95686924.0,4.647728035611917,3.87286
HK.01766,中国中车,2023-05-19 00:00:00,4.01286,3.93286,4.05286,3.93286,10.681,0.004,17485357.0,85951049.0,-2.96087207552198,4.05286
HK.01766,中国中车,2023-05-22 00:00:00,3.92286,4.01286,4.07286,3.92286,10.857,0.00267,11686531.0,57737426.0,2.0341430917957943,3.93286
HK.01766,中国中车,2023-05-23 00:00:00,4.00286,3.91286,4.05286,3.87286,10.637,0.00447,19531520.0,95088823.0,-2.491988257751332,4.01286
HK.01766,中国中车,2023-05-24 00:00:00,3.87286,3.77286,3.89286,3.73286,10.329,0.00428,18705918.0,88095452.0,-3.5779455436688172,3.91286
HK.01766,中国中车,2023-05-25 00:00:00,3.70286,3.67286,3.78286,3.60286,10.109,0.00465,20327045.0,93417318.0,-2.6505091628101782,3.77286
HK.01766,中国中车,2023-05-29 00:00:00,3.70286,3.70286,3.78286,3.62286,10.175,0.00616,26938984.0,124446439.0,0.8168021650702668,3.67286
HK.01766,中国中车,2023-05-30 00:00:00,3.67286,3.94286,4.07286,3.63286,10.703,0.00738,32251850.0,157687114.0,6.481476480342228,3.70286
HK.01766,中国中车,2023-05-31 00:00:00,3.90286,3.92286,3.93286,3.78286,10.659,0.00939,41045534.0,198216347.0,-0.5072460092420228,3.94286
HK.01766,中国中车,2023-06-01 00:00:00,3.87286,3.84286,3.93286,3.77286,10.483,0.00437,19089175.0,91254421.0,-2.0393284491416996,3.92286
HK.01766,中国中车,2023-06-02 00:00:00,3.87286,3.87286,3.94286,3.82286,10.549,0.00537,23465090.0,112547385.0,0.7806685645586946,3.84286
HK.01766,中国中车,2023-06-05 00:00:00,3.92286,3.86286,3.99286,3.82286,10.527,0.00474,20735964.0,99951607.0,-0.25820711308955735,3.87286
HK.01766,中国中车,2023-06-06 00:00:00,3.96286,3.85286,4.06286,3.82286,10.505,0.00378,16544220.0,80333248.0,-0.25887554816896774,3.86286
HK.01766,中国中车,2023-06-07 00:00:00,3.86286,3.86286,3.93286,3.80286,10.527,0.00491,21441857.0,102812652.0,0.2595474530608376,3.85286
HK.01766,中国中车,2023-06-08 00:00:00,3.84286,3.93286,3.93286,3.77286,10.681,0.00205,8976589.0,43062885.0,1.8121288371828086,3.86286
HK.01766,中国中车,2023-06-09 00:00:00,3.93286,3.95286,3.98286,3.87286,10.725,0.00231,10111120.0,49199952.0,0.5085357729489486,3.93286
HK.01766,中国中车,2023-06-12 00:00:00,3.95286,3.93286,4.01286,3.88286,10.681,0.00261,11420432.0,55582243.0,-0.5059627712592912,3.95286
HK.01766,中国中车,2023-06-13 00:00:00,3.91286,3.85286,3.96286,3.78286,10.505,0.00397,17353301.0,82659041.0,-2.034143091795783,3.93286
HK.01766,中国中车,2023-06-14 00:00:00,3.83286,3.84286,3.91286,3.79286,10.483,0.00273,11931198.0,56926281.0,-0.2595474530608491,3.85286
HK.01766,中国中车,2023-06-15 00:00:00,3.84286,3.74286,3.87286,3.74286,10.263,0.00399,17436352.0,81964914.0,-2.602228548528963,3.84286
HK.01766,中国中车,2023-06-16 00:00:00,3.75286,3.88286,3.90286,3.75286,10.571,0.01148,50192993.0,241019918.0,3.7404551599578966,3.74286
HK.01766,中国中车,2023-06-19 00:00:00,3.89286,3.85286,3.89286,3.75286,10.505,0.00216,9442400.0,44940460.0,-0.7726263630416704,3.88286
HK.01766,中国中车,2023-06-20 00:00:00,3.85286,3.74286,3.86286,3.72286,10.263,0.0027,11803550.0,55403424.0,-2.8550219836692823,3.85286
HK.01766,中国中车,2023-06-21 00:00:00,3.74237,3.62237,3.79237,3.58237,9.516,0.00507,22163531.0,96445298.0,-3.2191960158808977,3.74286
HK.01766,中国中车,2023-06-23 00:00:00,3.61237,3.57237,3.62237,3.52237,9.406,0.00106,4637933.0,19810815.0,-1.3803117848259638,3.62237
HK.01766,中国中车,2023-06-26 00:00:00,3.57237,3.57237,3.61237,3.512369999,9.406,0.00209,9155008.0,39104002.0,0.0,3.57237
HK.01766,中国中车,2023-06-27 00:00:00,3.562369999,3.57237,3.66237,3.512369999,9.406,0.00973,42531228.0,181870737.0,0.0,3.57237
HK.01766,中国中车,2023-06-28 00:00:00,3.57237,3.59237,3.60237,3.512369999,9.45,0.0022,9617144.0,41037046.0,0.5598524229013238,3.57237
HK.01766,中国中车,2023-06-29 00:00:00,3.61237,3.58237,3.62237,3.53237,9.428,0.00228,9945645.0,42759573.0,-0.27836776278612135,3.59237
HK.01766,中国中车,2023-06-30 00:00:00,3.62237,3.58237,3.63237,3.55237,9.428,0.0014,6117782.0,26293068.0,0.0,3.58237
HK.01766,中国中车,2023-07-03 00:00:00,3.64237,3.64237,3.70237,3.59237,9.56,0.00309,13502085.0,58764719.0,1.674868871724586,3.58237
HK.01766,中国中车,2023-07-04 00:00:00,3.61237,3.63237,3.68237,3.58237,9.538,0.00167,7305378.0,31723651.0,-0.274546517789248,3.64237
HK.01766,中国中车,2023-07-05 00:00:00,3.63237,3.61237,3.64237,3.54237,9.494,0.00185,8078000.0,34919670.0,-0.5506047016135476,3.63237
HK.01766,中国中车,2023-07-06 00:00:00,3.57237,3.48237,3.58237,3.42237,9.208,0.0029,12658335.0,53129261.0,-3.598745421980581,3.61237
HK.01766,中国中车,2023-07-07 00:00:00,3.41237,3.45237,3.48237,3.40237,9.142,0.00284,12399702.0,51417436.0,-0.8614822663875409,3.48237
HK.01766,中国中车,2023-07-10 00:00:00,3.49237,3.512369999,3.512369999,3.432369999,9.274,0.00198,8633249.0,36173166.0,1.7379365189710247,3.45237
HK.01766,中国中车,2023-07-11 00:00:00,3.512369999,3.562369999,3.57237,3.46237,9.384,0.00099,4317632.0,18384149.0,1.4235402310757472,3.512369999
HK.01766,中国中车,2023-07-12 00:00:00,3.432369999,3.472369999,3.57237,3.432369999,9.186,0.00183,8004599.0,33635612.0,-2.5264079819127137,3.562369999
HK.01766,中国中车,2023-07-13 00:00:00,3.53237,3.62237,3.64237,3.49237,9.516,0.00249,10885111.0,47013711.0,4.319816178667542,3.472369999
HK.01766,中国中车,2023-07-14 00:00:00,3.62237,3.69237,3.72237,3.61237,9.67,0.00255,11164500.0,49193572.0,1.9324364987563347,3.62237
HK.01766,中国中车,2023-07-18 00:00:00,3.68237,3.61237,3.68237,3.59237,9.494,0.0016,6980525.0,30358772.0,-2.1666301047836503,3.69237
HK.01766,中国中车,2023-07-19 00:00:00,3.61237,3.59237,3.61237,3.52237,9.45,0.0009,3922411.0,16845039.0,-0.5536531418431672,3.61237
HK.01766,中国中车,2023-07-20 00:00:00,3.54237,3.54237,3.58237,3.52237,9.34,0.00082,3573122.0,15192330.0,-1.3918388139306315,3.59237
HK.01766,中国中车,2023-07-21 00:00:00,3.512369999,3.55237,3.67237,3.48237,9.362,0.00135,5886989.0,25056213.0,0.2822968803371694,3.54237
HK.01766,中国中车,2023-07-24 00:00:00,3.512369999,3.49237,3.57237,3.472369999,9.23,0.00085,3715780.0,15671702.0,-1.6890132503089377,3.55237
HK.01766,中国中车,2023-07-25 00:00:00,3.58237,3.59237,3.60237,3.53237,9.45,0.00125,5474550.0,23464143.0,2.863385036522466,3.49237
HK.01766,中国中车,2023-07-26 00:00:00,3.59237,3.57237,3.62237,3.55237,9.406,0.00084,3650912.0,15661242.0,-0.556735525572255,3.59237
HK.01766,中国中车,2023-07-27 00:00:00,3.62237,3.49237,3.62237,3.472369999,9.23,0.00228,9970000.0,42140002.0,-2.2394096916052826,3.57237
HK.01766,中国中车,2023-07-28 00:00:00,3.45237,3.54237,3.58237,3.42237,9.34,0.00446,19490163.0,82376407.0,1.431692518261233,3.49237
HK.01766,中国中车,2023-07-31 00:00:00,3.54237,3.58237,3.65237,3.54237,9.428,0.00424,18518000.0,79721474.0,1.1291875213487026,3.54237
HK.01766,中国中车,2023-08-01 00:00:00,3.61237,3.61237,3.70237,3.57237,9.494,0.0026,11352500.0,49243385.0,0.8374344358622868,3.58237
HK.01766,中国中车,2023-08-02 00:00:00,3.59237,3.562369999,3.68237,3.53237,9.384,0.00156,6820366.0,29267923.0,-1.3841328822905712,3.61237
HK.01766,中国中车,2023-08-03 00:00:00,3.54237,3.49237,3.58237,3.46237,9.23,0.00247,10798868.0,45600528.0,-1.9649839578609072,3.562369999
HK.01766,中国中车,2023-08-04 00:00:00,3.55237,3.46237,3.57237,3.46237,9.164,0.00182,7946375.0,33470081.0,-0.85901551095675,3.49237
HK.01766,中国中车,2023-08-07 00:00:00,3.44237,3.472369999,3.49237,3.41237,9.186,0.00216,9435711.0,39360387.0,0.2888194791429035,3.46237
HK.01766,中国中车,2023-08-08 00:00:00,3.472369999,3.50237,3.53237,3.44237,9.252,0.00237,10361000.0,43524185.0,0.8639632587725248,3.472369999
HK.01766,中国中车,2023-08-09 00:00:00,3.50237,3.50237,3.52237,3.46237,9.252,0.00122,5319833.0,22393650.0,0.0,3.50237
HK.01766,中国中车,2023-08-10 00:00:00,3.48237,3.512369999,3.54237,3.46237,9.274,0.00115,5023912.0,21148433.0,0.2855209186922041,3.50237
HK.01766,中国中车,2023-08-11 00:00:00,3.53237,3.55237,3.79237,3.512369999,9.362,0.00322,14070071.0,60851883.0,1.1388322133313973,3.512369999
HK.01766,中国中车,2023-08-14 00:00:00,3.49237,3.37237,3.61237,3.30237,8.967,0.00414,18104532.0,73999339.0,-5.067039750926838,3.55237
HK.01766,中国中车,2023-08-15 00:00:00,3.37237,3.44237,3.46237,3.312369999,9.12,0.00163,7118156.0,29431240.0,2.0756915759539982,3.37237
HK.01766,中国中车,2023-08-16 00:00:00,3.41237,3.33237,3.432369999,3.30237,8.879,0.00198,8668444.0,35249738.0,-3.195472886412555,3.44237
HK.01766,中国中车,2023-08-17 00:00:00,3.38237,3.36237,3.38237,3.26237,8.945,0.0035,15312211.0,61553522.0,0.9002601751906243,3.33237
HK.01766,中国中车,2023-08-18 00:00:00,3.33237,3.22237,3.37237,3.22237,8.637,0.00308,13463805.0,53477199.0,-4.163729750146464,3.36237
HK.01766,中国中车,2023-08-21 00:00:00,3.20237,3.15237,3.20237,3.12237,8.483,0.00221,9669270.0,37332300.0,-2.1723141662813483,3.22237
HK.01766,中国中车,2023-08-22 00:00:00,3.15237,3.24237,3.27237,3.08237,8.681,0.00337,14741082.0,57705638.0,2.8549948134260985,3.15237
HK.01766,中国中车,2023-08-23 00:00:00,3.24237,3.22237,3.26237,3.19237,8.637,0.00112,4875200.0,19199343.0,-0.6168327488843043,3.24237
HK.01766,中国中车,2023-08-24 00:00:00,3.28237,3.13237,3.28237,3.12237,8.439,0.00514,22465781.0,86828319.0,-2.7929753566474456,3.22237
HK.01766,中国中车,2023-08-25 00:00:00,3.13237,3.09237,3.16237,3.09237,8.351,0.00171,7479886.0,28567906.0,-1.2769883506737723,3.13237
HK.01766,中国中车,2023-08-28 00:00:00,3.19237,3.16237,3.26237,3.14237,8.505,0.00264,11528158.0,44994014.0,2.2636359814640645,3.09237
HK.01766,中国中车,2023-08-29 00:00:00,3.15237,3.23237,3.25237,3.09237,8.659,0.0034,14876971.0,58124014.0,2.213529726123124,3.16237
HK.01766,中国中车,2023-08-30 00:00:00,3.23237,3.15237,3.26237,3.15237,8.483,0.00217,9476751.0,36911000.0,-2.474964190361873,3.23237
HK.01766,中国中车,2023-08-31 00:00:00,3.16237,3.15237,3.23237,3.13237,8.483,0.00379,16550635.0,64091964.0,0.0,3.15237
HK.01766,中国中车,2023-09-04 00:00:00,3.15237,3.32237,3.34237,3.15237,8.857,0.00328,14336576.0,57025615.0,5.392767980915944,3.15237
HK.01766,中国中车,2023-09-05 00:00:00,3.32237,3.20237,3.32237,3.19237,8.593,0.00191,8364700.0,33006553.0,-3.6118794715820233,3.32237
HK.01766,中国中车,2023-09-06 00:00:00,3.21237,3.19237,3.23237,3.17237,8.571,0.00107,4696629.0,18378643.0,-0.3122687259748321,3.20237
HK.01766,中国中车,2023-09-07 00:00:00,3.19237,3.16237,3.19237,3.13237,8.505,0.00089,3884767.0,15021649.0,-0.9397406942177694,3.19237
HK.01766,中国中车,2023-09-11 00:00:00,3.12237,3.16237,3.17237,3.10237,8.505,0.00116,5050800.0,19415511.0,0.0,3.16237
HK.01766,中国中车,2023-09-12 00:00:00,3.14237,3.08237,3.17237,3.08237,8.329,0.00122,5328767.0,20372486.0,-2.5297482584264355,3.16237
HK.01766,中国中车,2023-09-13 00:00:00,3.09237,3.11237,3.15237,3.09237,8.395,0.00214,9338679.0,35759341.0,0.9732770562910944,3.08237
HK.01766,中国中车,2023-09-14 00:00:00,3.09237,3.11237,3.16237,3.09237,8.395,0.00154,6718423.0,25728703.0,0.0,3.11237
HK.01766,中国中车,2023-09-15 00:00:00,3.11237,3.13237,3.20237,3.10237,8.439,0.00306,13359000.0,51435374.0,0.6425971205223036,3.11237
HK.01766,中国中车,2023-09-18 00:00:00,3.11237,3.07237,3.13237,3.05237,8.307,0.00156,6804263.0,25793591.0,-1.9154825260106583,3.13237
HK.01766,中国中车,2023-09-19 00:00:00,3.09237,3.08237,3.10237,3.02237,8.329,0.00112,4896965.0,18476655.0,0.325481631444137,3.07237
HK.01766,中国中车,2023-09-20 00:00:00,3.03237,3.06237,3.11237,3.01237,8.285,0.00093,4055779.0,15299186.0,-0.6488513708607343,3.08237
HK.01766,中国中车,2023-09-21 00:00:00,3.09237,3.00237,3.09237,2.98237,8.153,0.00162,7094968.0,26363004.0,-1.9592668423475952,3.06237
HK.01766,中国中车,2023-09-22 00:00:00,2.98237,3.11237,3.12237,2.98237,8.395,0.00158,6903879.0,26128533.0,3.66377228656028,3.00237
HK.01766,中国中车,2023-09-25 00:00:00,3.05237,3.06237,3.10237,3.05237,8.285,0.00078,3406000.0,12872979.0,-1.6064928013057516,3.11237
HK.01766,中国中车,2023-09-26 00:00:00,3.05237,2.97237,3.07237,2.96237,8.087,0.00251,10981475.0,40763125.0,-2.9389002635213854,3.06237
HK.01766,中国中车,2023-09-27 00:00:00,3.00237,3.01237,3.02237,2.95237,8.175,0.0016,6988383.0,25900035.0,1.3457274834559638,2.97237
HK.01766,中国中车,2023-09-28 00:00:00,3.01237,3.05237,3.10237,2.97237,8.263,0.0021,9190476.0,34613520.0,1.3278581316372022,3.01237
HK.01766,中国中车,2023-09-29 00:00:00,3.01237,3.07237,3.09237,2.99237,8.307,0.00071,3098258.0,11658721.0,0.6552285601024783,3.05237
HK.01766,中国中车,2023-10-03 00:00:00,2.99237,2.99237,3.06237,2.93237,8.131,0.00109,4776050.0,17555265.0,-2.6038530515530236,3.07237
HK.01766,中国中车,2023-10-04 00:00:00,2.92237,2.92237,2.96237,2.91237,7.978,0.00139,6096026.0,22167581.0,-2.3392829095332557,2.99237
HK.01766,中国中车,2023-10-05 00:00:00,2.91237,2.89237,2.96237,2.89237,7.912,0.00086,3775967.0,13679202.0,-1.0265640558861406,2.92237
HK.01766,中国中车,2023-10-06 00:00:00,2.92237,2.98237,2.98237,2.90237,8.109,0.00131,5736878.0,20972756.0,3.111635095095021,2.89237
HK.01766,中国中车,2023-10-09 00:00:00,2.93237,2.94237,2.98237,2.89237,8.021,0.00083,3608118.0,13184224.0,-1.3412152080392452,2.98237
HK.01766,中国中车,2023-10-10 00:00:00,2.95237,2.84237,2.98237,2.83237,7.802,0.00329,14378777.0,51407535.0,-3.3986208396632676,2.94237
HK.01766,中国中车,2023-10-11 00:00:00,2.89237,2.89237,2.96237,2.87237,7.912,0.00314,13713739.0,49591297.0,1.7590954027800838,2.84237
HK.01766,中国中车,2023-10-12 00:00:00,2.93237,2.99237,3.05237,2.89237,8.131,0.0027,11813276.0,43751287.0,3.4573723278833652,2.89237
HK.01766,中国中车,2023-10-13 00:00:00,2.95237,2.88237,2.96237,2.85237,7.89,0.00313,13671189.0,49198861.0,-3.6760160006951113,2.99237
HK.01766,中国中车,2023-10-16 00:00:00,2.89237,2.83237,2.92237,2.81237,7.78,0.00228,9945533.0,35473318.0,-1.7346836110561734,2.88237
HK.01766,中国中车,2023-10-17 00:00:00,2.83237,2.84237,2.88237,2.82237,7.802,0.00179,7821513.0,27830241.0,0.35306121728445744,2.83237
HK.01766,中国中车,2023-10-18 00:00:00,2.84237,2.78237,2.89237,2.76237,7.67,0.0022,9602200.0,33636556.0,-2.1109144833360913,2.84237
HK.01766,中国中车,2023-10-19 00:00:00,2.77237,2.68237,2.77237,2.65237,7.45,0.00386,16883713.0,57321961.0,-3.5940583028137754,2.78237
HK.01766,中国中车,2023-10-20 00:00:00,2.69237,2.64237,2.69237,2.62237,7.362,0.00273,11953000.0,40142010.0,-1.491218586548464,2.68237
HK.01766,中国中车,2023-10-24 00:00:00,2.55237,2.57237,2.62237,2.55237,7.208,0.0072,31471173.0,103560386.0,-2.6491369490268313,2.64237
HK.01766,中国中车,2023-10-25 00:00:00,2.65237,2.66237,2.72237,2.62237,7.406,0.00356,15572825.0,52740609.0,3.4987190800701415,2.57237
HK.01766,中国中车,2023-10-26 00:00:00,2.68237,2.65237,2.68237,2.59237,7.384,0.00241,10548300.0,35285806.0,-0.37560519386862945,2.66237
HK.01766,中国中车,2023-10-27 00:00:00,2.66237,2.73237,2.76237,2.60237,7.56,0.00399,17423640.0,59504537.0,3.0161704437917813,2.65237
HK.01766,中国中车,2023-10-30 00:00:00,2.73237,2.60237,2.73237,2.57237,7.274,0.00533,23303000.0,77383610.0,-4.757774386338596,2.73237
HK.01766,中国中车,2023-10-31 00:00:00,2.63237,2.55237,2.63237,2.52237,7.164,0.00278,12153157.0,39683326.0,-1.9213255609310076,2.60237
HK.01766,中国中车,2023-11-01 00:00:00,2.54237,2.54237,2.55237,2.48237,7.142,0.0022,9636619.0,31152849.0,-0.3917927259762412,2.55237
HK.01766,中国中车,2023-11-02 00:00:00,2.53237,2.50237,2.59237,2.48237,7.054,0.00377,16491704.0,53280862.0,-1.5733351164464666,2.54237
HK.01766,中国中车,2023-11-03 00:00:00,2.52237,2.60237,2.60237,2.51237,7.274,0.0026,11376006.0,37228778.0,3.996211591411346,2.50237
HK.01766,中国中车,2023-11-06 00:00:00,2.60237,2.62237,2.64237,2.59237,7.318,0.00162,7083474.0,23569591.0,0.7685302243723996,2.60237
HK.01766,中国中车,2023-11-07 00:00:00,2.63237,2.56237,2.63237,2.53237,7.186,0.00172,7532305.0,24671034.0,-2.288006650472666,2.62237
HK.01766,中国中车,2023-11-08 00:00:00,2.56237,2.54237,2.60237,2.54237,7.142,0.00132,5755023.0,18876923.0,-0.7805274023657793,2.56237
HK.01766,中国中车,2023-11-09 00:00:00,2.56237,2.52237,2.58237,2.52237,7.098,0.00088,3837384.0,12462963.0,-0.7866675582232333,2.54237
HK.01766,中国中车,2023-11-10 00:00:00,2.53237,2.47237,2.54237,2.46237,6.989,0.00108,4714093.0,15037717.0,-1.9822627132419044,2.52237
HK.01766,中国中车,2023-11-13 00:00:00,2.51237,2.49237,2.51237,2.44237,7.032,0.00175,7662505.0,24322411.0,0.8089404094047419,2.47237
HK.01766,中国中车,2023-11-14 00:00:00,2.50237,2.52237,2.55237,2.46237,7.098,0.00152,6664377.0,21493907.0,1.2036736118633993,2.49237
HK.01766,中国中车,2023-11-15 00:00:00,2.55237,2.61237,2.62237,2.54237,7.296,0.00163,7140144.0,23541426.0,3.5680728838354345,2.52237
HK.01766,中国中车,2023-11-16 00:00:00,2.60237,2.56237,2.61237,2.54237,7.186,0.00163,7110282.0,23245144.0,-1.913970838740294,2.61237
HK.01766,中国中车,2023-11-17 00:00:00,2.54237,2.52237,2.56237,2.51237,7.098,0.00142,6199300.0,20090791.0,-1.5610548047315587,2.56237
HK.01766,中国中车,2023-11-20 00:00:00,2.54237,2.59237,2.61237,2.53237,7.252,0.00089,3907455.0,12861598.0,2.7751677985386696,2.52237
HK.01766,中国中车,2023-11-21 00:00:00,2.59237,2.56237,2.63237,2.55237,7.186,0.00206,9019308.0,29792478.0,-1.1572422146529935,2.59237
HK.01766,中国中车,2023-11-22 00:00:00,2.56237,2.53237,2.61237,2.52237,7.12,0.0013,5691000.0,18637866.0,-1.1707911035486775,2.56237
HK.01766,中国中车,2023-11-23 00:00:00,2.53237,2.56237,2.56237,2.50237,7.186,0.00103,4505000.0,14602960.0,1.1846610092522125,2.53237
HK.01766,中国中车,2023-11-24 00:00:00,2.54237,2.52237,2.55237,2.50237,7.098,0.00126,5525500.0,17889164.0,-1.5610548047315587,2.56237
HK.01766,中国中车,2023-11-27 00:00:00,2.51237,2.46237,2.51237,2.44237,6.967,0.00147,6409660.0,20365590.0,-2.3787152558902958,2.52237
HK.01766,中国中车,2023-11-28 00:00:00,2.44237,2.49237,2.52237,2.44237,7.032,0.00168,7323418.0,23427055.0,1.2183384300491091,2.46237
HK.01766,中国中车,2023-11-29 00:00:00,2.47237,2.45237,2.51237,2.41237,6.945,0.00609,26625558.0,84092503.0,-1.6048981491512109,2.49237
HK.01766,中国中车,2023-11-30 00:00:00,2.44237,2.44237,2.49237,2.41237,6.923,0.00462,20191888.0,63842780.0,-0.407768811394701,2.45237
HK.01766,中国中车,2023-12-01 00:00:00,2.44237,2.50237,2.52237,2.43237,7.054,0.00187,8181191.0,26225897.0,2.4566302402993836,2.44237
HK.01766,中国中车,2023-12-04 00:00:00,2.50237,2.45237,2.53237,2.44237,6.945,0.00211,9212904.0,29388729.0,-1.9981057957056638,2.50237
HK.01766,中国中车,2023-12-05 00:00:00,2.45237,2.45237,2.45237,2.39237,6.945,0.00316,13825596.0,43359660.0,0.0,2.45237
HK.01766,中国中车,2023-12-06 00:00:00,2.42237,2.47237,2.47237,2.39237,6.989,0.00226,9882589.0,31166213.0,0.815537622789384,2.45237
HK.01766,中国中车,2023-12-07 00:00:00,2.47237,2.58237,2.60237,2.42237,7.23,0.00385,16815469.0,54762045.0,4.449172251726071,2.47237
HK.01766,中国中车,2023-12-08 00:00:00,2.59237,2.56237,2.62237,2.54237,7.186,0.00298,13022795.0,42758610.0,-0.7744823553557397,2.58237
HK.01766,中国中车,2023-12-11 00:00:00,2.56237,2.52237,2.56237,2.48237,7.098,0.0015,6547105.0,21073570.0,-1.5610548047315587,2.56237
HK.01766,中国中车,2023-12-12 00:00:00,2.50237,2.57237,2.58237,2.50237,7.208,0.00165,7200140.0,23451109.0,1.9822627132419044,2.52237
HK.01766,中国中车,2023-12-13 00:00:00,2.58237,2.54237,2.59237,2.52237,7.142,0.00298,13024542.0,42460143.0,-1.1662396933567025,2.57237
HK.01766,中国中车,2023-12-14 00:00:00,2.56237,2.51237,2.58237,2.49237,7.076,0.00282,12307662.0,39873553.0,-1.1800013373348412,2.54237
HK.01766,中国中车,2023-12-15 00:00:00,2.54237,2.63237,2.66237,2.53237,7.34,0.00581,25406256.0,84569616.0,4.776366538368141,2.51237
HK.01766,中国中车,2023-12-18 00:00:00,2.66237,2.57237,2.66237,2.55237,7.208,0.00205,8979735.0,29514896.0,-2.2793148379597112,2.63237
HK.01766,中国中车,2023-12-19 00:00:00,2.56237,2.55237,2.59237,2.52237,7.164,0.00193,8422828.0,27515870.0,-0.777493128904474,2.57237
HK.01766,中国中车,2023-12-20 00:00:00,2.59237,2.56237,2.60237,2.54237,7.186,0.00204,8917750.0,29270873.0,0.39179272597625864,2.55237
HK.01766,中国中车,2023-12-21 00:00:00,2.59237,2.61237,2.64237,2.55237,7.296,0.00241,10544292.0,34949408.0,1.9513185059144393,2.56237
HK.01766,中国中车,2023-12-22 00:00:00,2.64237,2.62237,2.67237,2.58237,7.318,0.00281,12288668.0,40970766.0,0.38279416774806907,2.61237
HK.01766,中国中车,2023-12-27 00:00:00,2.62237,2.63237,2.66237,2.59237,7.34,0.00208,9071932.0,30276079.0,0.38133444174543585,2.62237
HK.01766,中国中车,2023-12-28 00:00:00,2.63237,2.69237,2.72237,2.61237,7.472,0.00184,8060600.0,27422300.0,2.2793148379597112,2.63237
HK.01766,中国中车,2023-12-29 00:00:00,2.70237,2.73237,2.74237,2.68237,7.56,0.00446,19497117.0,66823193.0,1.4856799028365357,2.69237
HK.01766,中国中车,2024-01-02 00:00:00,2.72237,2.70237,2.74237,2.69237,7.494,0.00353,15436028.0,52898942.0,-1.0979479353089006,2.73237
HK.01766,中国中车,2024-01-03 00:00:00,2.69237,2.70237,2.71237,2.66237,7.494,0.00176,7691641.0,26154090.0,0.0,2.70237
HK.01766,中国中车,2024-01-04 00:00:00,2.70237,2.70237,2.70237,2.62237,7.494,0.00326,14237735.0,48016977.0,0.0,2.70237
HK.01766,中国中车,2024-01-05 00:00:00,2.70237,2.66237,2.72237,2.64237,7.406,0.00229,9999898.0,33865773.0,-1.4801822104301052,2.70237
HK.01766,中国中车,2024-01-08 00:00:00,2.67237,2.62237,2.71237,2.61237,7.318,0.00261,11424336.0,38480173.0,-1.5024207754744845,2.66237
HK.01766,中国中车,2024-01-09 00:00:00,2.63237,2.60237,2.67237,2.60237,7.274,0.00147,6442470.0,21467596.0,-0.7626688834908887,2.62237
HK.01766,中国中车,2024-01-10 00:00:00,2.60237,2.58237,2.62237,2.55237,7.23,0.00224,9779121.0,32320918.0,-0.7685302243723996,2.60237
HK.01766,中国中车,2024-01-11 00:00:00,2.58237,2.57237,2.63237,2.57237,7.208,0.00171,7478595.0,24688632.0,-0.3872411776778785,2.58237
HK.01766,中国中车,2024-01-12 00:00:00,2.59237,2.66237,2.71237,2.58237,7.406,0.00151,6611406.0,22323806.0,3.4987190800701415,2.57237
HK.01766,中国中车,2024-01-15 00:00:00,2.65237,2.74237,2.74237,2.61237,7.582,0.00389,16996200.0,57647100.0,3.004841550948969,2.66237
HK.01766,中国中车,2024-01-16 00:00:00,2.74237,2.71237,2.82237,2.69237,7.516,0.00342,14932425.0,51764653.0,-1.0939442890638478,2.74237
HK.01766,中国中车,2024-01-17 00:00:00,2.71237,2.59237,2.71237,2.57237,7.252,0.00381,16667908.0,55802420.0,-4.42417516784215,2.71237
HK.01766,中国中车,2024-01-18 00:00:00,2.57237,2.62237,2.66237,2.54237,7.318,0.00237,10375134.0,34440784.0,1.1572422146530106,2.59237
HK.01766,中国中车,2024-01-19 00:00:00,2.66237,2.59237,2.66237,2.56237,7.252,0.0028,12229165.0,40489517.0,-1.1440033252363415,2.62237
HK.01766,中国中车,2024-01-22 00:00:00,2.59237,2.49237,2.60237,2.45237,7.032,0.00386,16887226.0,54393386.0,-3.8574740488433226,2.59237
HK.01766,中国中车,2024-01-23 00:00:00,2.47237,2.51237,2.56237,2.44237,7.076,0.00341,14891453.0,47867148.0,0.8024490745756054,2.49237
HK.01766,中国中车,2024-01-24 00:00:00,2.51237,2.67237,2.69237,2.48237,7.428,0.00399,17439791.0,57503131.0,6.368488717824193,2.51237
HK.01766,中国中车,2024-01-25 00:00:00,2.64237,2.94237,2.95237,2.64237,8.021,0.0115,50279374.0,180717925.0,10.10339137170377,2.67237
HK.01766,中国中车,2024-01-26 00:00:00,2.89237,2.94237,3.00237,2.84237,8.021,0.00812,35508591.0,129388934.0,0.0,2.94237
HK.01766,中国中车,2024-01-29 00:00:00,2.95237,3.03237,3.11237,2.95237,8.219,0.0094,41104786.0,153286132.0,3.0587587556969336,2.94237
HK.01766,中国中车,2024-01-30 00:00:00,3.05237,2.95237,3.05237,2.94237,8.043,0.00481,21041005.0,78091585.0,-2.638200483450227,3.03237
HK.01766,中国中车,2024-01-31 00:00:00,2.95237,2.92237,3.02237,2.86237,7.978,0.00529,23105840.0,83791456.0,-1.0161328017829827,2.95237
HK.01766,中国中车,2024-02-01 00:00:00,2.92237,2.88237,2.92237,2.79237,7.89,0.00506,22120035.0,78842610.0,-1.3687520745148642,2.92237
HK.01766,中国中车,2024-02-02 00:00:00,2.88237,2.98237,3.02237,2.86237,8.109,0.00627,27419532.0,100717564.0,3.469367222112362,2.88237
HK.01766,中国中车,2024-02-05 00:00:00,2.96237,2.96237,3.05237,2.86237,8.065,0.00544,23793601.0,87546894.0,-0.6706076040196226,2.98237
HK.01766,中国中车,2024-02-06 00:00:00,2.99237,3.03237,3.05237,2.96237,8.219,0.00436,19073784.0,71088083.0,2.362972889949596,2.96237
HK.01766,中国中车,2024-02-07 00:00:00,3.04237,3.05237,3.11237,2.98237,8.263,0.00319,13929141.0,52396739.0,0.6595501208625603,3.03237
HK.01766,中国中车,2024-02-08 00:00:00,3.06237,3.09237,3.14237,3.02237,8.351,0.00284,12403314.0,47048521.0,1.3104571202049566,3.05237
HK.01766,中国中车,2024-02-09 00:00:00,3.05237,3.02237,3.05237,2.95237,8.197,0.00089,3908767.0,14459056.0,-2.26363598146405,3.09237
HK.01766,中国中车,2024-02-14 00:00:00,2.97237,3.03237,3.05237,2.91237,8.219,0.00049,2151066.0,7942968.0,0.33086617455836936,3.02237
HK.01766,中国中车,2024-02-15 00:00:00,2.96237,3.03237,3.05237,2.96237,8.219,0.00094,4089534.0,15199583.0,0.0,3.03237
HK.01766,中国中车,2024-02-16 00:00:00,3.03237,3.06237,3.08237,2.96237,8.285,0.00119,5214439.0,19514207.0,0.9893251812938477,3.03237
HK.01766,中国中车,2024-02-19 00:00:00,3.05237,3.05237,3.11237,2.99237,8.263,0.00595,25993727.0,97267147.0,-0.3265444737246065,3.06237
HK.01766,中国中车,2024-02-20 00:00:00,3.06237,3.11237,3.12237,3.03237,8.395,0.00212,9284322.0,35246149.0,1.965685680307435,3.05237
HK.01766,中国中车,2024-02-21 00:00:00,3.05237,3.17237,3.26237,3.04237,8.527,0.0042,18356156.0,71699013.0,1.9277913615669107,3.11237
HK.01766,中国中车,2024-02-22 00:00:00,3.14237,3.22237,3.25237,3.13237,8.637,0.00493,21544699.0,83913882.0,1.576108713674643,3.17237
HK.01766,中国中车,2024-02-23 00:00:00,3.17237,3.21237,3.24237,3.15237,8.615,0.00233,10193982.0,39879469.0,-0.31033059518305567,3.22237
HK.01766,中国中车,2024-02-26 00:00:00,3.21237,3.36237,3.392369999,3.21237,8.945,0.01034,45211191.0,183133004.0,4.669449658663227,3.21237
HK.01766,中国中车,2024-02-27 00:00:00,3.36237,3.392369999,3.40237,3.25237,9.01,0.00437,19092568.0,77296870.0,0.8922277738618941,3.36237
HK.01766,中国中车,2024-02-28 00:00:00,3.41237,3.26237,3.41237,3.24237,8.725,0.00324,14179811.0,56783945.0,-3.8321291320911666,3.392369999
HK.01766,中国中车,2024-02-29 00:00:00,3.17237,3.33237,3.37237,3.17237,8.879,0.00517,22609505.0,91244112.0,2.1456793680667685,3.26237
HK.01766,中国中车,2024-03-01 00:00:00,3.29237,3.40237,3.432369999,3.24237,9.032,0.00623,27251789.0,111569548.0,2.100607075444799,3.33237
HK.01766,中国中车,2024-03-04 00:00:00,3.432369999,3.512369999,3.562369999,3.34237,9.274,0.00932,40741594.0,171563233.0,3.233040468849662,3.40237
HK.01766,中国中车,2024-03-05 00:00:00,3.512369999,3.50237,3.64237,3.472369999,9.252,0.00734,32091837.0,136772399.0,-0.28470801774435006,3.512369999
HK.01766,中国中车,2024-03-06 00:00:00,3.49237,3.55237,3.60237,3.49237,9.362,0.00367,16047549.0,68169030.0,1.4276047362214679,3.50237
HK.01766,中国中车,2024-03-07 00:00:00,3.58237,3.63237,3.67237,3.55237,9.538,0.00617,26964732.0,116963932.0,2.2520176670786003,3.55237
HK.01766,中国中车,2024-03-08 00:00:00,3.65237,3.73237,3.77237,3.60237,9.758,0.00586,25633963.0,113467627.0,2.753023508067738,3.63237
HK.01766,中国中车,2024-03-11 00:00:00,3.71237,3.65237,3.77237,3.60237,9.582,0.00585,25588149.0,112003096.0,-2.1434102192440747,3.73237
HK.01766,中国中车,2024-03-12 00:00:00,3.65237,3.52237,3.65237,3.48237,9.296,0.00742,32423748.0,137571635.0,-3.5593327072558334,3.65237
HK.01766,中国中车,2024-03-13 00:00:00,3.52237,3.562369999,3.61237,3.45237,9.384,0.00393,17171600.0,73029784.0,1.1355990143000296,3.52237
HK.01766,中国中车,2024-03-14 00:00:00,3.562369999,3.562369999,3.62237,3.52237,9.384,0.00255,11139178.0,47595917.0,0.0,3.562369999
HK.01766,中国中车,2024-03-15 00:00:00,3.562369999,3.55237,3.58237,3.45237,9.362,0.00494,21592175.0,91754068.0,-0.28071196991910635,3.562369999
HK.01766,中国中车,2024-03-18 00:00:00,3.512369999,3.52237,3.62237,3.512369999,9.296,0.00282,12322905.0,52520217.0,-0.8445066251544688,3.55237
HK.01766,中国中车,2024-03-19 00:00:00,3.52237,3.45237,3.52237,3.45237,9.142,0.00163,7128463.0,29791893.0,-1.9872983247075076,3.52237
HK.01766,中国中车,2024-03-20 00:00:00,3.48237,3.432369999,3.48237,3.392369999,9.098,0.00197,8625812.0,35636061.0,-0.579312211611157,3.45237
HK.01766,中国中车,2024-03-21 00:00:00,3.432369999,3.50237,3.53237,3.432369999,9.252,0.00234,10217079.0,42995890.0,2.0394072031976154,3.432369999
HK.01766,中国中车,2024-03-22 00:00:00,3.49237,3.48237,3.512369999,3.44237,9.208,0.00224,9803267.0,41010946.0,-0.5710418944885897,3.50237
HK.01766,中国中车,2024-03-25 00:00:00,3.48237,3.45237,3.53237,3.44237,9.142,0.00154,6721294.0,28226159.0,-0.8614822663875409,3.48237
HK.01766,中国中车,2024-03-26 00:00:00,3.44237,3.57237,3.61237,3.432369999,9.406,0.00301,13152396.0,56052404.0,3.4758730958732595,3.45237
HK.01766,中国中车,2024-03-27 00:00:00,3.53237,3.512369999,3.59237,3.50237,9.274,0.00329,14394771.0,61370875.0,-1.6795572966965822,3.57237
HK.01766,中国中车,2024-03-28 00:00:00,3.52237,3.512369999,3.55237,3.48237,9.274,0.00152,6647428.0,28133065.0,0.0,3.512369999
HK.01766,中国中车,2024-04-02 00:00:00,3.57237,3.71237,3.72237,3.562369999,9.822,0.00587,25646730.0,112811661.0,5.694160952773808,3.512369999
HK.01766,中国中车,2024-04-03 00:00:00,3.71237,3.65237,3.71237,3.57237,9.688,0.00417,18246917.0,79189153.0,-1.6162182110080636,3.71237
HK.01766,中国中车,2024-04-05 00:00:00,3.60237,3.562369999,3.65237,3.52237,9.488,0.00097,4243685.0,18105623.0,-2.46415344009506,3.65237
HK.01766,中国中车,2024-04-08 00:00:00,3.562369999,3.60237,3.64237,3.562369999,9.577,0.0031,13554278.0,58556572.0,1.1228480200324111,3.562369999
HK.01766,中国中车,2024-04-09 00:00:00,3.60237,3.432369999,3.63237,3.41237,9.2,0.00563,24618375.0,103645594.0,-4.719115498963182,3.60237
HK.01766,中国中车,2024-04-10 00:00:00,3.432369999,3.32237,3.472369999,3.27237,8.955,0.00992,43356125.0,175601284.0,-3.2047826729649795,3.432369999
HK.01766,中国中车,2024-04-11 00:00:00,3.312369999,3.352369999,3.38237,3.24237,9.022,0.00828,36204737.0,145888061.0,0.9029698377965177,3.32237
HK.01766,中国中车,2024-04-12 00:00:00,3.33237,3.352369999,3.42237,3.32237,9.022,0.00243,10622759.0,43334962.0,0.0,3.352369999
HK.01766,中国中车,2024-04-15 00:00:00,3.36237,3.78237,3.83237,3.36237,9.977,0.01722,75265017.0,333953528.0,12.826746484674045,3.352369999
HK.01766,中国中车,2024-04-16 00:00:00,3.79237,3.79237,3.89237,3.69237,10.0,0.01125,49179895.0,221747130.0,0.2643844996655597,3.78237
HK.01766,中国中车,2024-04-17 00:00:00,3.73237,3.94237,3.97237,3.69237,10.333,0.00863,37710049.0,173263466.0,3.955310267721765,3.79237
HK.01766,中国中车,2024-04-18 00:00:00,3.91237,3.86237,4.00237,3.86237,10.155,0.00499,21792040.0,100834048.0,-2.0292362208519257,3.94237
HK.01766,中国中车,2024-04-19 00:00:00,3.85237,3.88237,3.96237,3.83237,10.2,0.00482,21083531.0,96879239.0,0.5178167808884188,3.86237
HK.01766,中国中车,2024-04-22 00:00:00,3.84237,3.71237,3.93237,3.69237,9.822,0.00541,23658856.0,106425792.0,-4.378768638743858,3.88237
HK.01766,中国中车,2024-04-23 00:00:00,3.72237,3.66237,3.76237,3.64237,9.711,0.0032,13999219.0,61584525.0,-1.3468485091733806,3.71237
HK.01766,中国中车,2024-04-24 00:00:00,3.66237,3.74237,3.75237,3.66237,9.888,0.00331,14486944.0,64267422.0,2.1843778755286896,3.66237
HK.01766,中国中车,2024-04-25 00:00:00,3.71237,3.73237,3.80237,3.68237,9.866,0.00386,16891975.0,74994250.0,-0.2672103506601493,3.74237
HK.01766,中国中车,2024-04-26 00:00:00,3.74237,3.73237,3.82237,3.70237,9.866,0.00307,13417113.0,59957395.0,0.0,3.73237
HK.01766,中国中车,2024-04-29 00:00:00,3.74237,3.69237,3.77237,3.61237,9.777,0.00694,30340576.0,132986769.0,-1.0717051096220374,3.73237
HK.01766,中国中车,2024-04-30 00:00:00,3.69237,3.63237,3.76237,3.59237,9.644,0.00576,25170188.0,109880981.0,-1.6249725785877376,3.69237
HK.01766,中国中车,2024-05-02 00:00:00,3.61237,3.60237,3.68237,3.53237,9.577,0.00321,14042479.0,60266434.0,-0.8259070524203154,3.63237
HK.01766,中国中车,2024-05-03 00:00:00,3.61237,3.57237,3.62237,3.52237,9.511,0.00228,9957346.0,42466050.0,-0.8327850831535974,3.60237
HK.01766,中国中车,2024-05-06 00:00:00,3.60237,3.67237,3.71237,3.57237,9.733,0.00769,33620404.0,146874063.0,2.7992621145066185,3.57237
HK.01766,中国中车,2024-05-07 00:00:00,3.70237,3.68237,3.74237,3.65237,9.755,0.00473,20694200.0,90974659.0,0.27230371667343517,3.67237
HK.01766,中国中车,2024-05-08 00:00:00,3.71237,3.66237,3.73237,3.63237,9.711,0.00659,28797769.0,126656064.0,-0.5431284743249596,3.68237
HK.01766,中国中车,2024-05-09 00:00:00,3.70237,3.81237,3.82237,3.61237,10.044,0.01003,43855103.0,195077209.0,4.095708516616287,3.66237
HK.01766,中国中车,2024-05-10 00:00:00,3.81237,3.96237,3.99237,3.81237,10.377,0.00773,33768048.0,156431011.0,3.934560391567448,3.81237
HK.01766,中国中车,2024-05-13 00:00:00,4.09237,4.30237,4.41237,4.09237,11.133,0.02101,91817640.0,454419089.0,8.580723153062433,3.96237
HK.01766,中国中车,2024-05-14 00:00:00,4.31237,4.22237,4.35237,4.18237,10.955,0.00642,28076899.0,138541438.0,-1.8594402619951347,4.30237
HK.01766,中国中车,2024-05-16 00:00:00,4.20237,4.16237,4.25237,4.10237,10.822,0.00959,41911422.0,204882224.0,-1.4210028964775614,4.22237
HK.01766,中国中车,2024-05-17 00:00:00,4.19237,4.21237,4.25237,4.09237,10.933,0.00617,26982359.0,131438570.0,1.2012387173653427,4.16237
HK.01766,中国中车,2024-05-20 00:00:00,4.22237,4.14237,4.22237,4.10237,10.777,0.00331,14461911.0,70420380.0,-1.6617723514316236,4.21237
HK.01766,中国中车,2024-05-21 00:00:00,4.15237,4.08237,4.19237,4.05237,10.644,0.00319,13923895.0,66953452.0,-1.4484461793610812,4.14237
HK.01766,中国中车,2024-05-22 00:00:00,4.09237,4.13237,4.16237,4.08237,10.755,0.00219,9585308.0,46375326.0,1.2247787437199427,4.08237
HK.01766,中国中车,2024-05-23 00:00:00,4.11237,3.99237,4.11237,3.96237,10.444,0.00416,18172152.0,85777644.0,-3.387886370291133,4.13237
HK.01766,中国中车,2024-05-24 00:00:00,3.96237,3.93237,4.06237,3.93237,10.311,0.00288,12592486.0,59111450.0,-1.5028667182650919,3.99237
HK.01766,中国中车,2024-05-27 00:00:00,3.93237,4.09237,4.17237,3.93237,10.666,0.0059,25782230.0,124041906.0,4.068793119670827,3.93237
HK.01766,中国中车,2024-05-28 00:00:00,4.13237,4.17237,4.22237,4.10237,10.844,0.00439,19184000.0,93680909.0,1.9548574542380106,4.09237
HK.01766,中国中车,2024-05-29 00:00:00,4.17237,4.07237,4.23237,4.06237,10.622,0.00514,22460300.0,108539946.0,-2.396719370525616,4.17237
HK.01766,中国中车,2024-05-30 00:00:00,4.08237,4.07237,4.19237,4.02237,10.622,0.00316,13796168.0,66254592.0,0.0,4.07237
HK.01766,中国中车,2024-05-31 00:00:00,4.10237,3.97237,4.15237,3.97237,10.4,0.00572,24985821.0,118115104.0,-2.4555725535744566,4.07237
HK.01766,中国中车,2024-06-03 00:00:00,4.07237,4.11237,4.17237,4.00237,10.711,0.00489,21392148.0,103359204.0,3.5243444090052063,3.97237
HK.01766,中国中车,2024-06-04 00:00:00,4.12237,4.15237,4.19237,4.09237,10.8,0.00367,16049286.0,78071483.0,0.9726751240768713,4.11237
HK.01766,中国中车,2024-06-05 00:00:00,4.14237,4.04237,4.19237,4.02237,10.555,0.00356,15551152.0,74589807.0,-2.6490895560848458,4.15237
HK.01766,中国中车,2024-06-06 00:00:00,4.11237,4.25237,4.27237,4.06237,11.022,0.00806,35230131.0,173664244.0,5.194972256374354,4.04237
HK.01766,中国中车,2024-06-07 00:00:00,4.25237,4.30237,4.42237,4.23237,11.133,0.00774,33852592.0,170880799.0,1.175814898515412,4.25237
HK.01766,中国中车,2024-06-11 00:00:00,4.30237,4.05237,4.30237,4.03237,10.577,0.00807,35270280.0,169832653.0,-5.810750818734791,4.30237
HK.01766,中国中车,2024-06-12 00:00:00,4.05237,4.01237,4.05237,3.93237,10.488,0.0058,25369545.0,119294582.0,-0.9870766983271526,4.05237
HK.01766,中国中车,2024-06-13 00:00:00,4.03237,4.04237,4.09237,4.00237,10.555,0.00277,12116523.0,57666574.0,0.7476877755541053,4.01237
HK.01766,中国中车,2024-06-14 00:00:00,4.00237,4.02237,4.05237,3.97237,10.511,0.00339,14826426.0,69989821.0,-0.4947592625118547,4.04237
HK.01766,中国中车,2024-06-17 00:00:00,4.00237,3.92237,4.04237,3.90237,10.288,0.00379,16547911.0,77255346.0,-2.486096505294134,4.02237
HK.01766,中国中车,2024-06-18 00:00:00,3.94237,4.18237,4.22237,3.93237,10.866,0.00746,32593471.0,156944233.0,6.628645436305086,3.92237
HK.01766,中国中车,2024-06-19 00:00:00,4.18237,4.20237,4.27237,4.17237,10.911,0.00462,20212663.0,99638228.0,0.47819776825102667,4.18237
HK.01766,中国中车,2024-06-20 00:00:00,4.31194,4.21194,4.31194,4.21194,10.444,0.0045,19680525.0,92952232.0,0.22772863883951383,4.20237
HK.01766,中国中车,2024-06-21 00:00:00,4.26194,4.17194,4.26194,4.13194,10.355,0.00561,24502977.0,114248619.0,-0.9496811445557162,4.21194
HK.01766,中国中车,2024-06-24 00:00:00,4.20194,4.07194,4.21194,4.04194,10.133,0.00358,15660263.0,71844429.0,-2.3969663993250268,4.17194
HK.01766,中国中车,2024-06-25 00:00:00,4.06194,4.20194,4.22194,4.03194,10.422,0.0037,16157750.0,75336686.0,3.1925814231054463,4.07194
HK.01766,中国中车,2024-06-26 00:00:00,4.14194,4.31194,4.33194,4.14194,10.666,0.0035,15317146.0,72911300.0,2.6178384270122925,4.20194
HK.01766,中国中车,2024-06-27 00:00:00,4.31194,4.26194,4.34194,4.22194,10.555,0.00276,12062344.0,57360090.0,-1.1595708660139015,4.31194
HK.01766,中国中车,2024-06-28 00:00:00,4.24194,4.55194,4.58194,4.24194,11.2,0.01313,57399470.0,287038867.0,6.804413013791842,4.26194
HK.01766,中国中车,2024-07-02 00:00:00,4.56194,4.59194,4.66194,4.48194,11.288,0.00812,35514658.0,180336831.0,0.8787462049148282,4.55194
HK.01766,中国中车,2024-07-03 00:00:00,4.59194,4.68194,4.76194,4.54194,11.488,0.0076,33237117.0,172078740.0,1.9599559227690226,4.59194
HK.01766,中国中车,2024-07-04 00:00:00,4.68194,4.66194,4.73194,4.64194,11.444,0.00385,16838473.0,87141425.0,-0.4271733512176485,4.68194
HK.01766,中国中车,2024-07-05 00:00:00,4.64194,4.61194,4.66194,4.52194,11.333,0.00385,16840259.0,85558430.0,-1.072514875781342,4.66194
HK.01766,中国中车,2024-07-08 00:00:00,4.62194,4.59194,4.62194,4.53194,11.288,0.00432,18874558.0,95659704.0,-0.4336569859972067,4.61194
HK.01766,中国中车,2024-07-09 00:00:00,4.52194,4.64194,4.71194,4.52194,11.4,0.00509,22241675.0,113986636.0,1.0888644015383437,4.59194
HK.01766,中国中车,2024-07-10 00:00:00,4.70194,4.52194,4.70194,4.46194,11.133,0.00594,25966288.0,130354561.0,-2.585126046437483,4.64194
HK.01766,中国中车,2024-07-11 00:00:00,4.53194,4.53194,4.60194,4.51194,11.155,0.00386,16881616.0,84986405.0,0.2211440222559297,4.52194
HK.01766,中国中车,2024-07-12 00:00:00,4.58194,4.46194,4.58194,4.42194,11.0,0.00523,22845050.0,113023660.0,-1.5445923820703584,4.53194
HK.01766,中国中车,2024-07-15 00:00:00,4.42194,4.43194,4.50194,4.41194,10.933,0.0029,12681826.0,62581883.0,-0.6723532813081361,4.46194
HK.01766,中国中车,2024-07-16 00:00:00,4.42194,4.36194,4.44194,4.35194,10.777,0.00193,8426960.0,41042910.0,-1.5794437650329265,4.43194
HK.01766,中国中车,2024-07-17 00:00:00,4.36194,4.27194,4.37194,4.25194,10.577,0.00421,18409438.0,87910930.0,-2.063302108694752,4.36194
HK.01766,中国中车,2024-07-18 00:00:00,4.24194,4.40194,4.45194,4.22194,10.866,0.00439,19208099.0,93666199.0,3.043113901412471,4.27194
HK.01766,中国中车,2024-07-19 00:00:00,4.44194,4.48194,4.50194,4.31194,11.044,0.00579,25318849.0,125018131.0,1.8173805185895329,4.40194
HK.01766,中国中车,2024-07-22 00:00:00,4.47194,4.54194,4.55194,4.40194,11.177,0.00384,16804438.0,83656432.0,1.3387060067738634,4.48194
HK.01766,中国中车,2024-07-23 00:00:00,4.54194,4.43194,4.56194,4.43194,10.933,0.00358,15629281.0,77488081.0,-2.4218725918880546,4.54194
HK.01766,中国中车,2024-07-24 00:00:00,4.47194,4.60194,4.63194,4.44194,11.311,0.0062,27116384.0,137191997.0,3.835792000794233,4.43194
HK.01766,中国中车,2024-07-25 00:00:00,4.55194,4.35194,4.58194,4.33194,10.755,0.0041,17910669.0,88216383.0,-5.432491514448254,4.60194
HK.01766,中国中车,2024-07-26 00:00:00,4.43194,4.39194,4.45194,4.34194,10.844,0.00333,14573283.0,71083920.0,0.9191303188922649,4.35194
HK.01766,中国中车,2024-07-29 00:00:00,4.39194,4.36194,4.49194,4.36194,10.777,0.00201,8804188.0,43059636.0,-0.6830694408393614,4.39194
HK.01766,中国中车,2024-07-30 00:00:00,4.35194,4.37194,4.42194,4.26194,10.8,0.00426,18613799.0,90398354.0,0.22925578985498826,4.36194
HK.01766,中国中车,2024-07-31 00:00:00,4.36194,4.35194,4.40194,4.31194,10.755,0.00344,15019372.0,72832808.0,-0.45746281970933866,4.37194
HK.01766,中国中车,2024-08-01 00:00:00,4.41194,4.58194,4.67194,4.41194,11.266,0.00776,33940027.0,172639400.0,5.2849993336305285,4.35194
HK.01766,中国中车,2024-08-02 00:00:00,4.52194,4.60194,4.63194,4.50194,11.311,0.00651,28470511.0,144656106.0,0.43649633124832654,4.58194
HK.01766,中国中车,2024-08-05 00:00:00,4.58194,4.31194,4.58194,4.27194,10.666,0.00676,29559526.0,143426145.0,-6.301690156759976,4.60194
HK.01766,中国中车,2024-08-06 00:00:00,4.37194,4.39194,4.43194,4.33194,10.844,0.00391,17080127.0,83226734.0,1.8553133856222506,4.31194
HK.01766,中国中车,2024-08-07 00:00:00,4.43194,4.41194,4.49194,4.33194,10.888,0.00345,15100566.0,74256484.0,0.4553796272262477,4.39194
HK.01766,中国中车,2024-08-08 00:00:00,4.37194,4.30194,4.41194,4.28194,10.644,0.00266,11636648.0,56028011.0,-2.4932342688250593,4.41194
HK.01766,中国中车,2024-08-09 00:00:00,4.31194,4.38194,4.40194,4.27194,10.822,0.00432,18864596.0,91290026.0,1.8596261221681398,4.30194
HK.01766,中国中车,2024-08-12 00:00:00,4.38194,4.31194,4.40194,4.29194,10.666,0.00154,6724950.0,32496772.0,-1.5974659625645327,4.38194
HK.01766,中国中车,2024-08-13 00:00:00,4.32194,4.35194,4.38194,4.26194,10.755,0.00249,10875278.0,52389224.0,0.9276566928111253,4.31194
HK.01766,中国中车,2024-08-14 00:00:00,4.34194,4.30194,4.38194,4.28194,10.644,0.00228,9977969.0,48111550.0,-1.148912898615326,4.35194
HK.01766,中国中车,2024-08-15 00:00:00,4.37194,4.36194,4.39194,4.26194,10.777,0.00335,14629350.0,70783949.0,1.3947195916260944,4.30194
HK.01766,中国中车,2024-08-16 00:00:00,4.38194,4.56194,4.63194,4.36194,11.222,0.00602,26327600.0,131283978.0,4.58511579709946,4.36194
HK.01766,中国中车,2024-08-19 00:00:00,4.56194,4.75194,4.83194,4.56194,11.644,0.0146,63808387.0,335515673.0,4.164894759685581,4.56194
HK.01766,中国中车,2024-08-20 00:00:00,4.73194,4.78194,4.79194,4.69194,11.711,0.00641,28024923.0,146646305.0,0.63132110253916,4.75194
HK.01766,中国中车,2024-08-21 00:00:00,4.74194,4.79194,4.82194,4.71194,11.733,0.0042,18358509.0,96751372.0,0.20912014788978273,4.78194
HK.01766,中国中车,2024-08-22 00:00:00,4.77194,4.80194,4.83194,4.73194,11.755,0.0044,19219300.0,101514810.0,0.20868374812705892,4.79194
HK.01766,中国中车,2024-08-23 00:00:00,4.80194,4.77194,4.84194,4.67194,11.688,0.00272,11900430.0,62289577.0,-0.6247474978862761,4.80194
HK.01766,中国中车,2024-08-26 00:00:00,4.68194,4.53194,4.72194,4.30194,11.155,0.01489,65078280.0,322083005.0,-5.0294010402477864,4.77194
HK.01766,中国中车,2024-08-27 00:00:00,4.53194,4.48194,4.53194,4.37194,11.044,0.00687,30044296.0,148313277.0,-1.1032802729074045,4.53194
HK.01766,中国中车,2024-08-28 00:00:00,4.47194,4.40194,4.51194,4.35194,10.866,0.0043,18806537.0,92002929.0,-1.7849413423651384,4.48194
HK.01766,中国中车,2024-08-29 00:00:00,4.36194,4.33194,4.40194,4.29194,10.711,0.00539,23568665.0,113628286.0,-1.590207953765826,4.40194
HK.01766,中国中车,2024-08-30 00:00:00,4.33194,4.24194,4.37194,4.24194,10.511,0.00702,30680387.0,146463338.0,-2.0775911023698557,4.33194
HK.01766,中国中车,2024-09-02 00:00:00,4.24194,4.29194,4.31194,4.12194,10.622,0.00641,28014215.0,132069488.0,1.1787059694385285,4.24194
HK.01766,中国中车,2024-09-03 00:00:00,4.29194,4.20194,4.29194,4.15194,10.422,0.00469,20488669.0,95976165.0,-2.096953825076789,4.29194
HK.01766,中国中车,2024-09-04 00:00:00,4.20194,4.15194,4.23194,4.13194,10.311,0.00233,10175864.0,47341024.0,-1.1899265577328526,4.20194
HK.01766,中国中车,2024-09-05 00:00:00,4.15194,4.10194,4.22194,4.04194,10.2,0.00358,15635404.0,71596559.0,-1.2042563235499508,4.15194
HK.01766,中国中车,2024-09-09 00:00:00,4.06194,3.95194,4.07194,3.90194,9.866,0.01113,48662344.0,216111332.0,-3.6568062916571167,4.10194
HK.01766,中国中车,2024-09-10 00:00:00,3.93194,3.82194,3.97194,3.79194,9.577,0.01276,55793661.0,241677812.0,-3.289523626370843,3.95194
HK.01766,中国中车,2024-09-11 00:00:00,3.83194,3.731939999,3.83194,3.691939999,9.377,0.00995,43510868.0,183865803.0,-2.354825062664509,3.82194
HK.01766,中国中车,2024-09-12 00:00:00,3.781939999,3.80194,3.88194,3.72194,9.533,0.00745,32561694.0,139638625.0,1.8757000653482352,3.731939999
HK.01766,中国中车,2024-09-13 00:00:00,3.81194,3.83194,3.91194,3.80194,9.6,0.00271,11829925.0,51353369.0,0.7890708427802597,3.80194
HK.01766,中国中车,2024-09-16 00:00:00,3.83194,3.80194,3.84194,3.731939999,9.533,0.00063,2747832.0,11805770.0,-0.7828932603328811,3.83194
HK.01766,中国中车,2024-09-17 00:00:00,3.76194,3.84194,3.88194,3.67194,9.622,0.00142,6194878.0,26810755.0,1.0520944570403539,3.80194
HK.01766,中国中车,2024-09-19 00:00:00,3.84194,4.01194,4.07194,3.84194,10.0,0.00785,34312975.0,154103806.0,4.42484786331905,3.84194
HK.01766,中国中车,2024-09-20 00:00:00,4.01194,4.02194,4.03194,3.94194,10.022,0.00642,28077945.0,126077740.0,0.24925597092677823,4.01194
HK.01766,中国中车,2024-09-23 00:00:00,4.02194,4.10194,4.17194,3.95194,10.2,0.00684,29879495.0,137602811.0,1.98908984221545,4.02194
HK.01766,中国中车,2024-09-24 00:00:00,4.10194,4.26194,4.26194,4.10194,10.555,0.0046,20125258.0,94561011.0,3.9005933777675965,4.10194
HK.01766,中国中车,2024-09-25 00:00:00,4.28194,4.39194,4.47194,4.28194,10.844,0.00745,32583212.0,159373509.0,3.050254109630823,4.26194
HK.01766,中国中车,2024-09-26 00:00:00,4.39194,4.46194,4.47194,4.33194,11.0,0.00703,30715092.0,150403200.0,1.5938286952918366,4.39194
HK.01766,中国中车,2024-09-27 00:00:00,4.47194,4.33194,4.65194,4.25194,10.711,0.02469,107900023.0,520451774.0,-2.913530885668563,4.46194
HK.01766,中国中车,2024-09-30 00:00:00,4.50194,4.59194,4.69194,4.39194,11.288,0.01745,76254447.0,384245021.0,6.00192985129064,4.33194
HK.01766,中国中车,2024-10-02 00:00:00,4.60194,4.76194,4.79194,4.52194,11.666,0.01015,44382660.0,230034016.0,3.70213896523038,4.59194
HK.01766,中国中车,2024-10-03 00:00:00,4.76194,4.91194,4.95194,4.69194,12.0,0.01312,57339277.0,305287722.0,3.1499766901724997,4.76194
HK.01766,中国中车,2024-10-04 00:00:00,4.90194,5.26194,5.26194,4.81194,12.777,0.00705,30835371.0,172894945.0,7.125494203919421,4.91194
HK.01766,中国中车,2024-10-07 00:00:00,5.32194,5.61194,5.61194,5.23194,13.555,0.01073,46880398.0,276866226.0,6.651539166163044,5.26194
HK.01766,中国中车,2024-10-08 00:00:00,5.51194,4.92194,5.63194,4.78194,12.022,0.01987,86839848.0,484194723.0,-12.295213419958152,5.61194
HK.01766,中国中车,2024-10-09 00:00:00,4.90194,4.56194,4.92194,4.43194,11.222,0.01561,68247662.0,347907239.0,-7.314189120550033,4.92194
HK.01766,中国中车,2024-10-10 00:00:00,4.56194,4.94194,5.00194,4.56194,12.066,0.01921,83988594.0,449370122.0,8.329789519371143,4.56194
HK.01766,中国中车,2024-10-14 00:00:00,4.81194,4.82194,4.90194,4.67194,11.8,0.00825,36078363.0,191761575.0,-2.428196214442104,4.94194
HK.01766,中国中车,2024-10-15 00:00:00,4.89194,4.61194,4.89194,4.56194,11.333,0.00516,22573089.0,116622951.0,-4.355093593035168,4.82194
HK.01766,中国中车,2024-10-16 00:00:00,4.56194,4.60194,4.65194,4.53194,11.311,0.00389,17003102.0,86660601.0,-0.21682849299860335,4.61194
HK.01766,中国中车,2024-10-17 00:00:00,4.66194,4.50194,4.69194,4.42194,11.088,0.0042,18376096.0,91998768.0,-2.172996605779294,4.60194
HK.01766,中国中车,2024-10-18 00:00:00,4.49194,4.74194,4.75194,4.43194,11.622,0.006,26213038.0,134422790.0,5.331035064883124,4.50194
HK.01766,中国中车,2024-10-21 00:00:00,4.75194,4.75194,4.82194,4.65194,11.644,0.00435,19028937.0,99802175.0,0.21088415289946047,4.74194
HK.01766,中国中车,2024-10-22 00:00:00,4.73194,4.78194,4.81194,4.72194,11.711,0.00246,10761200.0,56480263.0,0.63132110253916,4.75194
HK.01766,中国中车,2024-10-23 00:00:00,4.81194,4.80194,4.91194,4.75194,11.755,0.00509,22270214.0,118486200.0,0.41824029577954686,4.78194
HK.01766,中国中车,2024-10-24 00:00:00,4.77194,4.73194,4.81194,4.72194,11.6,0.00185,8077724.0,42410667.0,-1.457744161734638,4.80194
HK.01766,中国中车,2024-10-25 00:00:00,4.75194,4.67194,4.80194,4.62194,11.466,0.00393,17179992.0,88521120.0,-1.2679788839249782,4.73194
HK.01766,中国中车,2024-10-28 00:00:00,4.63194,4.74194,4.75194,4.56194,11.622,0.00317,13844212.0,71440184.0,1.4983069131880844,4.67194
HK.01766,中国中车,2024-10-29 00:00:00,4.76194,4.72194,4.83194,4.67194,11.577,0.00218,9542060.0,49944032.0,-0.42176830579888347,4.74194
HK.01766,中国中车,2024-10-30 00:00:00,4.73194,4.58194,4.77194,4.57194,11.266,0.00415,18142625.0,92463699.0,-2.9648830777180497,4.72194
HK.01766,中国中车,2024-10-31 00:00:00,4.63194,4.55194,4.64194,4.49194,11.2,0.00299,13048487.0,65811099.0,-0.6547444968725091,4.58194
HK.01766,中国中车,2024-11-01 00:00:00,4.60194,4.61194,4.71194,4.52194,11.333,0.00415,18142043.0,92776052.0,1.3181193073722326,4.55194
HK.01766,中国中车,2024-11-04 00:00:00,4.59194,4.62194,4.65194,4.47194,11.355,0.0036,15730102.0,79447518.0,0.21682849299862259,4.61194
HK.01766,中国中车,2024-11-05 00:00:00,4.61194,4.70194,4.70194,4.56194,11.533,0.005,21837000.0,111601937.0,1.730874913997135,4.62194
HK.01766,中国中车,2024-11-06 00:00:00,4.69194,4.80194,4.94194,4.68194,11.755,0.00837,36571597.0,193504290.0,2.126781711378719,4.70194
HK.01766,中国中车,2024-11-07 00:00:00,4.80194,4.81194,4.86194,4.71194,11.777,0.00564,24668932.0,130280316.0,0.2082491659620859,4.80194
HK.01766,中国中车,2024-11-08 00:00:00,4.85194,4.68194,4.88194,4.68194,11.488,0.00286,12487298.0,65448418.0,-2.7016130708196675,4.81194
HK.01766,中国中车,2024-11-11 00:00:00,4.67194,4.51194,4.68194,4.47194,11.111,0.00566,24725049.0,123780625.0,-3.6309734853500886,4.68194
HK.01766,中国中车,2024-11-12 00:00:00,4.46194,4.33194,4.52194,4.30194,10.711,0.00609,26637855.0,129895200.0,-3.9894147528557493,4.51194
HK.01766,中国中车,2024-11-13 00:00:00,4.30194,4.41194,4.43194,4.25194,10.888,0.00329,14362344.0,69717949.0,1.8467476465509693,4.33194
HK.01766,中国中车,2024-11-14 00:00:00,4.43194,4.28194,4.43194,4.26194,10.6,0.00227,9935000.0,47650900.0,-2.9465495904296244,4.41194
HK.01766,中国中车,2024-11-15 00:00:00,4.28194,4.33194,4.39194,4.26194,10.711,0.00335,14634929.0,70637851.0,1.1676950167447633,4.28194
HK.01766,中国中车,2024-11-18 00:00:00,4.35194,4.38194,4.53194,4.27194,10.822,0.00351,15335103.0,75145183.0,1.1542172790943508,4.33194
HK.01766,中国中车,2024-11-19 00:00:00,4.39194,4.34194,4.44194,4.29194,10.733,0.00143,6265000.0,30206475.0,-0.9128376928940158,4.38194
HK.01766,中国中车,2024-11-20 00:00:00,4.36194,4.33194,4.37194,4.30194,10.711,0.00108,4733538.0,22827274.0,-0.2303117961095682,4.34194
HK.01766,中国中车,2024-11-21 00:00:00,4.33194,4.31194,4.36194,4.30194,10.666,0.00136,5937555.0,28579543.0,-0.46168691163775255,4.33194
HK.01766,中国中车,2024-11-22 00:00:00,4.35194,4.17194,4.38194,4.15194,10.355,0.00215,9377204.0,44265073.0,-3.246798424838928,4.31194
HK.01766,中国中车,2024-11-25 00:00:00,4.27194,4.12194,4.27194,4.09194,10.244,0.00453,19803314.0,91520264.0,-1.198483199662503,4.17194
HK.01766,中国中车,2024-11-26 00:00:00,4.18194,4.10194,4.18194,4.06194,10.2,0.00149,6516144.0,29915726.0,-0.4852084212773709,4.12194
HK.01766,中国中车,2024-11-27 00:00:00,4.11194,4.14194,4.21194,3.98194,10.288,0.00598,26157677.0,119486216.0,0.9751483444418991,4.10194
HK.01766,中国中车,2024-11-28 00:00:00,4.17194,4.05194,4.17194,4.03194,10.088,0.00202,8811697.0,40164215.0,-2.172894827061712,4.14194
HK.01766,中国中车,2024-11-29 00:00:00,4.03194,4.06194,4.12194,3.98194,10.111,0.00379,16549842.0,74980941.0,0.24679536222154785,4.05194
HK.01766,中国中车,2024-12-02 00:00:00,4.10194,4.15194,4.18194,4.09194,10.311,0.00511,22318623.0,103157153.0,2.215690039734705,4.06194
HK.01766,中国中车,2024-12-03 00:00:00,4.17194,4.23194,4.27194,4.13194,10.488,0.00293,12822240.0,60273404.0,1.9268101176799297,4.15194
HK.01766,中国中车,2024-12-04 00:00:00,4.25194,4.21194,4.25194,4.14194,10.444,0.00188,8195987.0,38397858.0,-0.4725964923888234,4.23194
HK.01766,中国中车,2024-12-05 00:00:00,4.19194,4.24194,4.29194,4.17194,10.511,0.00281,12266678.0,58029615.0,0.7122608584167713,4.21194
HK.01766,中国中车,2024-12-06 00:00:00,4.24194,4.27194,4.32194,4.23194,10.577,0.00199,8693025.0,41549431.0,0.7072235816631128,4.24194
HK.01766,中国中车,2024-12-09 00:00:00,4.27194,4.41194,4.41194,4.24194,10.888,0.00188,8206451.0,39608264.0,3.277199586136523,4.27194
HK.01766,中国中车,2024-12-10 00:00:00,4.48194,4.25194,4.52194,4.23194,10.533,0.0063,27544256.0,132714077.0,-3.6265225728364423,4.41194
HK.01766,中国中车,2024-12-11 00:00:00,4.25194,4.25194,4.32194,4.23194,10.533,0.00149,6509745.0,30984691.0,0.0,4.25194
HK.01766,中国中车,2024-12-12 00:00:00,4.23194,4.26194,4.35194,4.22194,10.555,0.00205,8969863.0,42697655.0,0.23518676180754633,4.25194
HK.01766,中国中车,2024-12-13 00:00:00,4.26194,4.13194,4.26194,4.08194,10.266,0.0069,30170532.0,140186910.0,-3.050254109630823,4.26194
HK.01766,中国中车,2024-12-16 00:00:00,4.13194,4.11194,4.22194,4.08194,10.222,0.00276,12058842.0,55704597.0,-0.48403413408714696,4.13194
HK.01766,中国中车,2024-12-17 00:00:00,4.16194,4.10194,4.17194,4.07194,10.2,0.00261,11389167.0,52481167.0,-0.2431942100322424,4.11194
HK.01766,中国中车,2024-12-18 00:00:00,4.13194,4.26194,4.31194,4.09194,10.555,0.00492,21493552.0,102032095.0,3.9005933777675965,4.10194
HK.01766,中国中车,2024-12-19 00:00:00,4.21194,4.22194,4.25194,4.17194,10.466,0.0022,9597365.0,45100309.0,-0.9385397260402548,4.26194
HK.01766,中国中车,2024-12-20 00:00:00,4.21194,4.10194,4.21194,4.10194,10.2,0.00542,23679529.0,109239885.0,-2.8422952481560633,4.22194
HK.01766,中国中车,2024-12-23 00:00:00,4.10194,4.22194,4.23194,4.09194,10.466,0.00217,9493069.0,44469655.0,2.925445033325697,4.10194
HK.01766,中国中车,2024-12-24 00:00:00,4.26194,4.33194,4.36194,4.22194,10.711,0.00295,12912150.0,62037335.0,2.60543731080973,4.22194
HK.01766,中国中车,2024-12-27 00:00:00,4.33194,4.33194,4.35194,4.26194,10.711,0.00416,18204200.0,87387963.0,0.0,4.33194
HK.01766,中国中车,2024-12-30 00:00:00,4.36194,4.35194,4.49194,4.30194,10.755,0.00619,27042820.0,131236936.0,0.4616869116377321,4.33194
HK.01766,中国中车,2024-12-31 00:00:00,4.37194,4.52194,4.60194,4.34194,11.133,0.01045,45670206.0,227834593.0,3.906303855292121,4.35194
HK.01766,中国中车,2025-01-02 00:00:00,4.52194,4.38194,4.55194,4.30194,10.822,0.00931,40715050.0,197853678.0,-3.0960163115830746,4.52194
HK.01766,中国中车,2025-01-03 00:00:00,4.38194,4.36194,4.39194,4.33194,10.777,0.00461,20138116.0,97605744.0,-0.456418846447018,4.38194
HK.01766,中国中车,2025-01-06 00:00:00,4.37194,4.38194,4.40194,4.29194,10.822,0.00332,14526115.0,70207788.0,0.45851157970995615,4.36194
HK.01766,中国中车,2025-01-07 00:00:00,4.38194,4.31194,4.38194,4.25194,10.666,0.00388,16946813.0,81064187.0,-1.5974659625645327,4.38194
HK.01766,中国中车,2025-01-08 00:00:00,4.26194,4.27194,4.30194,4.20194,10.577,0.00277,12090030.0,57268435.0,-0.9276566928111253,4.31194
HK.01766,中国中车,2025-01-09 00:00:00,4.27194,4.30194,4.31194,4.24194,10.644,0.00161,7042694.0,33618698.0,0.702257054172115,4.27194
HK.01766,中国中车,2025-01-10 00:00:00,4.27194,4.25194,4.32194,4.25194,10.533,0.00228,9966696.0,47505854.0,-1.162266326355082,4.30194
HK.01766,中国中车,2025-01-13 00:00:00,4.25194,4.21194,4.29194,4.18194,10.444,0.00352,15368665.0,72236208.0,-0.9407470472302063,4.25194
HK.01766,中国中车,2025-01-14 00:00:00,4.25194,4.35194,4.37194,4.21194,10.755,0.00549,24008546.0,115772293.0,3.3238840059449966,4.21194
HK.01766,中国中车,2025-01-15 00:00:00,4.35194,4.37194,4.45194,4.31194,10.8,0.00399,17445050.0,85169058.0,0.45956515944614273,4.35194
HK.01766,中国中车,2025-01-16 00:00:00,4.37194,4.40194,4.46194,4.36194,10.866,0.00311,13608451.0,66743465.0,0.6861942295639775,4.37194
HK.01766,中国中车,2025-01-17 00:00:00,4.46194,4.46194,4.46194,4.39194,11.0,0.00449,19610800.0,96657463.0,1.3630353889421596,4.40194
HK.01766,中国中车,2025-01-20 00:00:00,4.46194,4.46194,4.55194,4.43194,11.0,0.00457,19977730.0,99864939.0,0.0,4.46194
HK.01766,中国中车,2025-01-21 00:00:00,4.47194,4.40194,4.50194,4.38194,10.866,0.00229,10005332.0,49226151.0,-1.3447065626162722,4.46194
HK.01766,中国中车,2025-01-22 00:00:00,4.38194,4.32194,4.43194,4.29194,10.688,0.00271,11845251.0,57151662.0,-1.8173805185895329,4.40194
HK.01766,中国中车,2025-01-23 00:00:00,4.35194,4.40194,4.46194,4.33194,10.866,0.00267,11665488.0,56873539.0,1.8510206064869035,4.32194
HK.01766,中国中车,2025-01-24 00:00:00,4.36194,4.44194,4.47194,4.36194,10.955,0.00346,15113509.0,74439180.0,0.9086902592947664,4.40194
HK.01766,中国中车,2025-01-27 00:00:00,4.46194,4.44194,4.48194,4.42194,10.955,0.00175,7641278.0,37795319.0,0.0,4.44194
HK.01766,中国中车,2025-01-28 00:00:00,4.41194,4.46194,4.47194,4.37194,11.0,0.00111,4851100.0,23769586.0,0.4502537179700865,4.44194
HK.01766,中国中车,2025-02-03 00:00:00,4.40194,4.41194,4.50194,4.36194,10.888,0.00159,6955343.0,33941839.0,-1.1205888021802135,4.46194
HK.01766,中国中车,2025-02-04 00:00:00,4.40194,4.44194,4.50194,4.40194,10.955,0.00276,12065752.0,59474045.0,0.6799729824068178,4.41194
HK.01766,中国中车,2025-02-05 00:00:00,4.41194,4.39194,4.44194,4.29194,10.844,0.00772,33761113.0,163887657.0,-1.1256342949251863,4.44194
HK.01766,中国中车,2025-02-06 00:00:00,4.33194,4.36194,4.40194,4.29194,10.777,0.00549,23983870.0,115698540.0,-0.6830694408393614,4.39194
HK.01766,中国中车,2025-02-07 00:00:00,4.33194,4.40194,4.42194,4.31194,10.866,0.00299,13089368.0,63428474.0,0.917023159419892,4.36194
HK.01766,中国中车,2025-02-10 00:00:00,4.34194,4.37194,4.42194,4.32194,10.8,0.0048,20986212.0,101875037.0,-0.6815176944710596,4.40194
HK.01766,中国中车,2025-02-11 00:00:00,4.37194,4.28194,4.37194,4.21194,10.6,0.00666,29124901.0,138675380.0,-2.0585826886919936,4.37194
HK.01766,中国中车,2025-02-12 00:00:00,4.28194,4.35194,4.37194,4.27194,10.755,0.00403,17618170.0,85001531.0,1.6347730234426519,4.28194
HK.01766,中国中车,2025-02-13 00:00:00,4.35194,4.29194,4.40194,4.28194,10.622,0.00504,22035045.0,106326711.0,-1.3786954783383871,4.35194
HK.01766,中国中车,2025-02-14 00:00:00,4.29194,4.37194,4.37194,4.29194,10.8,0.0045,19659070.0,94693634.0,1.8639589556237988,4.29194
HK.01766,中国中车,2025-02-17 00:00:00,4.37194,4.39194,4.43194,4.31194,10.844,0.00382,16698389.0,81175031.0,0.45746281970931835,4.37194
HK.01766,中国中车,2025-02-18 00:00:00,4.39194,4.52194,4.58194,4.35194,11.133,0.00721,31530296.0,157568446.0,2.959967576970539,4.39194
HK.01766,中国中车,2025-02-19 00:00:00,4.47194,4.53194,4.59194,4.47194,11.155,0.00349,15271975.0,76827984.0,0.2211440222559297,4.52194
HK.01766,中国中车,2025-02-20 00:00:00,4.51194,4.48194,4.53194,4.43194,11.044,0.0045,19656498.0,97651587.0,-1.1032802729074045,4.53194
HK.01766,中国中车,2025-02-21 00:00:00,4.48194,4.55194,4.58194,4.46194,11.2,0.00646,28255570.0,142071706.0,1.5618236745695009,4.48194
HK.01766,中国中车,2025-02-24 00:00:00,4.53194,4.72194,4.76194,4.52194,11.577,0.0098,42857413.0,222763534.0,3.734671370888015,4.55194
HK.01766,中国中车,2025-02-25 00:00:00,4.65194,4.61194,4.74194,4.59194,11.333,0.00582,25427904.0,130755944.0,-2.3295509896356226,4.72194
HK.01766,中国中车,2025-02-26 00:00:00,4.62194,4.67194,4.71194,4.61194,11.466,0.00373,16311890.0,84001553.0,1.3009709579916586,4.61194
HK.01766,中国中车,2025-02-27 00:00:00,4.66194,4.76194,4.76194,4.65194,11.666,0.00676,29558685.0,153971584.0,1.926394602670408,4.67194
HK.01766,中国中车,2025-02-28 00:00:00,4.74194,4.67194,4.76194,4.65194,11.466,0.00717,31327840.0,161976747.0,-1.8899860141034928,4.76194
HK.01766,中国中车,2025-03-03 00:00:00,4.64194,4.73194,4.80194,4.64194,11.6,0.00619,27059950.0,141683201.0,1.2842630684469323,4.67194
HK.01766,中国中车,2025-03-04 00:00:00,4.67194,4.72194,4.77194,4.65194,11.577,0.00286,12510833.0,65122176.0,-0.21132981398749323,4.73194
HK.01766,中国中车,2025-03-05 00:00:00,4.72194,4.78194,4.83194,4.72194,11.711,0.00362,15809853.0,83460595.0,1.2706641761648731,4.72194
HK.01766,中国中车,2025-03-06 00:00:00,4.79194,4.79194,4.83194,4.73194,11.733,0.0039,17043265.0,89826639.0,0.20912014788978273,4.78194
HK.01766,中国中车,2025-03-07 00:00:00,4.79194,4.75194,4.83194,4.74194,11.644,0.0033,14422769.0,76004132.0,-0.834734992508254,4.79194
HK.01766,中国中车,2025-03-10 00:00:00,4.73194,4.79194,4.83194,4.72194,11.733,0.00293,12799381.0,67346461.0,0.8417614700522319,4.75194
HK.01766,中国中车,2025-03-11 00:00:00,4.71194,4.72194,4.74194,4.53194,11.577,0.00472,20631121.0,107012144.0,-1.4607862368894493,4.79194
HK.01766,中国中车,2025-03-12 00:00:00,4.73194,4.76194,4.80194,4.69194,11.666,0.00346,15124606.0,79245172.0,0.8471094507765884,4.72194
HK.01766,中国中车,2025-03-13 00:00:00,4.71194,4.77194,4.80194,4.65194,11.688,0.00383,16749359.0,87131253.0,0.20999844601149506,4.76194
HK.01766,中国中车,2025-03-14 00:00:00,4.76194,4.85194,4.88194,4.72194,11.866,0.00513,22443250.0,119449051.0,1.6764670134159287,4.77194
HK.01766,中国中车,2025-03-17 00:00:00,4.84194,4.83194,4.89194,4.80194,11.822,0.00283,12349765.0,65804785.0,-0.41220625152000173,4.85194
HK.01766,中国中车,2025-03-18 00:00:00,4.86194,4.87194,4.88194,4.82194,11.911,0.00266,11637340.0,62211543.0,0.8278248488184876,4.83194
HK.01766,中国中车,2025-03-19 00:00:00,4.86194,4.82194,4.94194,4.79194,11.8,0.00364,15922560.0,84702391.0,-1.026285216977235,4.87194
HK.01766,中国中车,2025-03-20 00:00:00,4.79194,4.77194,4.83194,4.74194,11.688,0.00357,15625242.0,82453279.0,-1.036927045960751,4.82194
HK.01766,中国中车,2025-03-21 00:00:00,4.75194,4.71194,4.83194,4.67194,11.555,0.00449,19638874.0,102626774.0,-1.2573502600619373,4.77194
HK.01766,中国中车,2025-03-24 00:00:00,4.71194,4.63194,4.77194,4.59194,11.377,0.00531,23198250.0,118982254.0,-1.6978144882999373,4.71194
HK.01766,中国中车,2025-03-25 00:00:00,4.59194,4.59194,4.70194,4.57194,11.288,0.00575,25154520.0,128558922.0,-0.8635690445040315,4.63194
HK.01766,中国中车,2025-03-26 00:00:00,4.67194,4.59194,4.67194,4.53194,11.288,0.00354,15468406.0,78433009.0,0.0,4.59194
HK.01766,中国中车,2025-03-27 00:00:00,4.61194,4.59194,4.63194,4.55194,11.288,0.00242,10566682.0,53647287.0,0.0,4.59194
HK.01766,中国中车,2025-03-28 00:00:00,4.59194,4.56194,4.62194,4.50194,10.836,0.00473,20695760.0,104118832.0,-0.6533186409230141,4.59194
HK.01766,中国中车,2025-03-31 00:00:00,4.51194,4.35194,4.51194,4.15194,10.386,0.02959,129326640.0,619584070.0,-4.603304734389316,4.56194
HK.01766,中国中车,2025-04-01 00:00:00,4.37194,4.14194,4.43194,4.11194,9.935,0.01706,74580472.0,348362553.0,-4.8254341741843865,4.35194
HK.01766,中国中车,2025-04-02 00:00:00,4.18194,4.14194,4.22194,4.11194,9.935,0.00874,38189828.0,177792418.0,0.0,4.14194
HK.01766,中国中车,2025-04-03 00:00:00,4.13194,4.14194,4.21194,4.09194,9.935,0.00577,25213760.0,117067340.0,0.0,4.14194
HK.01766,中国中车,2025-04-07 00:00:00,4.00194,3.64194,4.00194,3.62194,8.862,0.01002,43797300.0,186584546.0,-12.071637928120639,4.14194
HK.01766,中国中车,2025-04-08 00:00:00,3.86194,4.00194,4.03194,3.86194,9.635,0.01653,72274098.0,321204782.0,9.884841595413443,3.64194
HK.01766,中国中车,2025-04-09 00:00:00,3.98194,4.06194,4.10194,3.82194,9.763,0.0082,35842563.0,160870300.0,1.499272852666447,4.00194
HK.01766,中国中车,2025-04-10 00:00:00,4.11194,4.06194,4.16194,4.04194,9.763,0.00576,25187752.0,115218048.0,0.0,4.06194
HK.01766,中国中车,2025-04-11 00:00:00,4.04194,4.15194,4.20194,4.00194,9.957,0.00672,29367905.0,134687545.0,2.215690039734705,4.06194
HK.01766,中国中车,2025-04-14 00:00:00,4.19194,4.19194,4.22194,4.10194,10.042,0.00556,24310070.0,113065653.0,0.9634050588399649,4.15194
HK.01766,中国中车,2025-04-15 00:00:00,4.19194,4.20194,4.23194,4.14194,10.064,0.00381,16653590.0,77803596.0,0.23855303272469996,4.19194
HK.01766,中国中车,2025-04-16 00:00:00,4.16194,4.22194,4.25194,4.13194,10.107,0.00297,12992443.0,60812662.0,0.47597062309315374,4.20194
HK.01766,中国中车,2025-04-17 00:00:00,4.20194,4.21194,4.27194,4.20194,10.085,0.00159,6968925.0,32992439.0,-0.23685793734633337,4.22194
HK.01766,中国中车,2025-04-22 00:00:00,4.21194,4.23194,4.34194,4.18194,10.128,0.00633,27667666.0,130966650.0,0.4748405722778476,4.21194
HK.01766,中国中车,2025-04-23 00:00:00,4.25194,4.31194,4.35194,4.24194,10.3,0.00292,12784808.0,61441577.0,1.8903859695553356,4.23194
HK.01766,中国中车,2025-04-24 00:00:00,4.29194,4.25194,4.32194,4.21194,10.171,0.00327,14286596.0,67603990.0,-1.3914850392166775,4.31194
HK.01766,中国中车,2025-04-25 00:00:00,4.25194,4.20194,4.29194,4.19194,10.064,0.00304,13282419.0,62678852.0,-1.1759338090377736,4.25194
HK.01766,中国中车,2025-04-28 00:00:00,4.20194,4.25194,4.28194,4.18194,10.171,0.00309,13528000.0,64015090.0,1.1899265577328737,4.20194
HK.01766,中国中车,2025-04-29 00:00:00,4.25194,4.30194,4.30194,4.23194,10.278,0.00168,7335000.0,35001513.0,1.1759338090377527,4.25194
HK.01766,中国中车,2025-04-30 00:00:00,4.33194,4.29194,4.40194,4.25194,10.257,0.00461,20138550.0,96639086.0,-0.23245326527101232,4.30194
HK.01766,中国中车,2025-05-02 00:00:00,4.32194,4.27194,4.36194,4.25194,10.214,0.00088,3838000.0,18315910.0,-0.46598973890596,4.29194
HK.01766,中国中车,2025-05-06 00:00:00,4.26194,4.34194,4.35194,4.21194,10.364,0.00333,14572798.0,69574403.0,1.6385997930682614,4.27194
HK.01766,中国中车,2025-05-07 00:00:00,4.35194,4.32194,4.40194,4.29194,10.321,0.00368,16105250.0,77901327.0,-0.4606235922191569,4.34194
HK.01766,中国中车,2025-05-08 00:00:00,4.36194,4.40194,4.41194,4.31194,10.493,0.00203,8882648.0,43173093.0,1.8510206064869035,4.32194
HK.01766,中国中车,2025-05-09 00:00:00,4.40194,4.36194,4.40194,4.34194,10.407,0.00188,8218914.0,39844752.0,-0.9086902592947664,4.40194
HK.01766,中国中车,2025-05-12 00:00:00,4.39194,4.45194,4.49194,4.39194,10.6,0.00448,19601580.0,96508225.0,2.063302108694752,4.36194
HK.01766,中国中车,2025-05-13 00:00:00,4.52194,4.46194,4.57194,4.43194,10.622,0.00523,22858845.0,113796941.0,0.22462117638604018,4.45194
HK.01766,中国中车,2025-05-14 00:00:00,4.49194,4.51194,4.53194,4.43194,10.729,0.00256,11172950.0,55629060.0,1.1205888021802135,4.46194
HK.01766,中国中车,2025-05-15 00:00:00,4.53194,4.47194,4.53194,4.43194,10.643,0.00225,9853500.0,48819672.0,-0.8865366117457243,4.51194
HK.01766,中国中车,2025-05-16 00:00:00,4.43194,4.40194,4.48194,4.37194,10.493,0.0025,10939100.0,53519927.0,-1.5653161715049908,4.47194
HK.01766,中国中车,2025-05-19 00:00:00,4.40194,4.43194,4.44194,4.37194,10.557,0.00171,7466758.0,36635106.0,0.6815176944710798,4.40194
HK.01766,中国中车,2025-05-20 00:00:00,4.43194,4.46194,4.48194,4.39194,10.622,0.00234,10241541.0,50573020.0,0.6769044707284,4.43194
HK.01766,中国中车,2025-05-21 00:00:00,4.45194,4.49194,4.49194,4.44194,10.686,0.00227,9914280.0,49139787.0,0.6723532813081161,4.46194
HK.01766,中国中车,2025-05-22 00:00:00,4.49194,4.49194,4.56194,4.43194,10.686,0.00535,23396000.0,116708435.0,0.0,4.49194
HK.01766,中国中车,2025-05-23 00:00:00,4.49194,4.54194,4.60194,4.49194,10.793,0.00306,13378006.0,67519631.0,1.1131048054960822,4.49194
HK.01766,中国中车,2025-05-26 00:00:00,4.51194,4.55194,4.59194,4.49194,10.815,0.00184,8064161.0,40625603.0,0.22017023562618146,4.54194
HK.01766,中国中车,2025-05-27 00:00:00,4.55194,4.58194,4.59194,4.54194,10.879,0.00119,5183216.0,26221171.0,0.6590596536861261,4.55194
HK.01766,中国中车,2025-05-28 00:00:00,4.52194,4.57194,4.58194,4.51194,10.858,0.00257,11234132.0,56644061.0,-0.21824816562418264,4.58194
HK.01766,中国中车,2025-05-29 00:00:00,4.56194,4.60194,4.60194,4.54194,10.922,0.00205,8954003.0,45333934.0,0.6561765902439719,4.57194
HK.01766,中国中车,2025-05-30 00:00:00,4.60194,4.53194,4.60194,4.51194,10.772,0.00334,14611430.0,73344219.0,-1.5210976240455174,4.60194
HK.01766,中国中车,2025-06-02 00:00:00,4.49194,4.45194,4.49194,4.36194,10.6,0.00109,4775769.0,23474176.0,-1.765248436651855,4.53194
HK.01766,中国中车,2025-06-03 00:00:00,4.46194,4.57194,4.57194,4.46194,10.858,0.00294,12829541.0,64521329.0,2.6954541166323023,4.45194
HK.01766,中国中车,2025-06-04 00:00:00,4.57194,4.52194,4.57194,4.49194,10.751,0.003,13110200.0,65669923.0,-1.093627650406607,4.57194
HK.01766,中国中车,2025-06-05 00:00:00,4.52194,4.58194,4.58194,4.49194,10.879,0.00244,10651275.0,53545404.0,1.3268641335356175,4.52194
HK.01766,中国中车,2025-06-06 00:00:00,4.58194,4.62194,4.66194,4.56194,10.965,0.00556,24297779.0,124218370.0,0.8729926624966725,4.58194
HK.01766,中国中车,2025-06-09 00:00:00,4.61194,4.62194,4.67194,4.59194,10.965,0.00415,18150505.0,92994809.0,0.0,4.62194
HK.01766,中国中车,2025-06-10 00:00:00,4.61194,4.64194,4.66194,4.58194,11.008,0.00405,17723802.0,90648693.0,0.43271872849927895,4.62194
HK.01766,中国中车,2025-06-11 00:00:00,4.67194,4.71194,4.72194,4.63194,11.158,0.00554,24209867.0,125478549.0,1.5079901937552034,4.64194
HK.01766,中国中车,2025-06-12 00:00:00,4.72194,4.72194,4.73194,4.63194,11.18,0.00517,22617250.0,117163235.0,0.21222681103748747,4.71194
HK.01766,中国中车,2025-06-13 00:00:00,4.73194,4.73194,4.75194,4.66194,11.201,0.00354,15463311.0,80695000.0,0.2117773626941424,4.72194
HK.01766,中国中车,2025-06-16 00:00:00,4.73194,4.69194,4.74194,4.66194,11.115,0.00449,19607484.0,101594300.0,-0.8453192559499917,4.73194
HK.01766,中国中车,2025-06-17 00:00:00,4.72194,4.71194,4.76194,4.66194,11.158,0.00455,19867065.0,103404000.0,0.42626291043790976,4.69194
HK.01766,中国中车,2025-06-18 00:00:00,4.71194,4.63194,4.71194,4.62194,10.987,0.00452,19761465.0,101493889.0,-1.6978144882999373,4.71194
HK.01766,中国中车,2025-06-19 00:00:00,4.64194,4.51194,4.65194,4.46194,10.729,0.00484,21162777.0,105905422.0,-2.5907071335120944,4.63194
HK.01766,中国中车,2025-06-20 00:00:00,4.5616,4.5516,4.6216,4.5116,10.321,0.00466,20378078.0,98235518.0,0.8790010505458757,4.51194
HK.01766,中国中车,2025-06-23 00:00:00,4.5516,4.5316,4.5516,4.4816,10.278,0.00508,22206000.0,105743867.0,-0.4394059231918353,4.5516
HK.01766,中国中车,2025-06-24 00:00:00,4.5016,4.5316,4.5616,4.5016,10.278,0.00528,23094600.0,110495635.0,0.0,4.5316
HK.01766,中国中车,2025-06-25 00:00:00,4.5616,4.5916,4.6016,4.5016,10.407,0.00351,15330320.0,73673604.0,1.3240356606937862,4.5316
HK.01766,中国中车,2025-06-26 00:00:00,4.5916,4.5216,4.6116,4.5016,10.257,0.00467,20424611.0,97994784.0,-1.524523042076823,4.5916
HK.01766,中国中车,2025-06-27 00:00:00,4.5416,4.4716,4.5816,4.3916,10.15,0.00689,30116829.0,142473638.0,-1.1058032554847999,4.5216
HK.01766,中国中车,2025-06-30 00:00:00,4.4716,4.4816,4.4916,4.4316,10.171,0.00255,11138000.0,52633980.0,0.22363359871188557,4.4716
HK.01766,中国中车,2025-07-02 00:00:00,4.4616,4.5616,4.6316,4.4616,10.343,0.00515,22524062.0,108901358.0,1.7850767583006084,4.4816
HK.01766,中国中车,2025-07-03 00:00:00,4.5416,4.5616,4.5916,4.5416,10.343,0.00235,10282087.0,49610815.0,0.0,4.5616
HK.01766,中国中车,2025-07-04 00:00:00,4.5616,4.5416,4.5816,4.5116,10.3,0.00189,8273500.0,39699997.0,-0.4384426517011676,4.5616
HK.01766,中国中车,2025-07-07 00:00:00,4.5516,4.5616,4.5716,4.5016,10.343,0.0015,6548095.0,31364675.0,0.44037343667430995,4.5416
HK.01766,中国中车,2025-07-08 00:00:00,4.5516,4.5616,4.5716,4.5016,10.343,0.00193,8438635.0,40480281.0,0.0,4.5616
HK.01766,中国中车,2025-07-09 00:00:00,4.5416,4.6616,4.6716,4.5416,10.557,0.00426,18609700.0,90919632.0,2.1922132585057796,4.5616
HK.01766,中国中车,2025-07-10 00:00:00,4.6616,4.6816,4.6916,4.6516,10.6,0.00202,8845968.0,43672040.0,0.4290372404324795,4.6616
HK.01766,中国中车,2025-07-11 00:00:00,4.7116,4.6716,4.7516,4.6616,10.579,0.00384,16782512.0,83407724.0,-0.21360218728641223,4.6816
HK.01766,中国中车,2025-07-14 00:00:00,4.8816,4.9716,5.1416,4.8716,11.223,0.02624,114691918.0,604446450.0,6.421782686873873,4.6716
HK.01766,中国中车,2025-07-15 00:00:00,4.9716,5.0516,5.0516,4.9116,11.394,0.00688,30078500.0,157873635.0,1.609139914715586,4.9716
HK.01766,中国中车,2025-07-16 00:00:00,5.0516,5.1716,5.1816,5.0416,11.652,0.00756,33057150.0,178586536.0,2.3754849948531183,5.0516
HK.01766,中国中车,2025-07-17 00:00:00,5.1716,5.1616,5.1716,5.0816,11.63,0.00311,13594066.0,73200589.0,-0.19336375589759044,5.1716
HK.01766,中国中车,2025-07-18 00:00:00,5.1616,5.1516,5.1716,5.1016,11.609,0.00488,21351679.0,115296152.0,-0.19373837569745403,5.1616
HK.01766,中国中车,2025-07-21 00:00:00,5.1816,5.2716,5.2916,5.1616,11.866,0.0064,27969891.0,153497363.0,2.3293733985557905,5.1516
HK.01766,中国中车,2025-07-22 00:00:00,5.2716,5.5616,5.6016,5.2616,12.489,0.01171,51174917.0,293549865.0,5.501176113513924,5.2716
HK.01766,中国中车,2025-07-23 00:00:00,5.5916,5.5116,5.5916,5.4816,12.381,0.00451,19724866.0,113952631.0,-0.8990218642117502,5.5616
HK.01766,中国中车,2025-07-24 00:00:00,5.5416,5.4716,5.5616,5.4416,12.296,0.00545,23813660.0,136649144.0,-0.7257420712678722,5.5116
HK.01766,中国中车,2025-07-25 00:00:00,5.4316,5.4116,5.4716,5.3716,12.167,0.0054,23601260.0,133907240.0,-1.0965713867972733,5.4716
HK.01766,中国中车,2025-07-28 00:00:00,5.4116,5.3516,5.4616,5.3116,12.038,0.00554,24213214.0,136193728.0,-1.1087293961120483,5.4116
HK.01766,中国中车,2025-07-29 00:00:00,5.3516,5.3416,5.3716,5.2516,12.017,0.00644,28135733.0,156423313.0,-0.1868600044846527,5.3516
HK.01766,中国中车,2025-07-30 00:00:00,5.3416,5.3716,5.4316,5.3216,12.081,0.00322,14078096.0,79394262.0,0.5616294743148167,5.3416
HK.01766,中国中车,2025-07-31 00:00:00,5.3416,5.1816,5.3716,5.1416,11.673,0.00669,29261065.0,159762467.0,-3.5371211557077875,5.3716
HK.01766,中国中车,2025-08-01 00:00:00,5.1616,5.1516,5.2416,5.0916,11.609,0.00572,25002670.0,135518822.0,-0.5789717461787912,5.1816
HK.01766,中国中车,2025-08-04 00:00:00,5.1316,5.1316,5.1416,5.0716,11.566,0.00352,15382300.0,82572329.0,-0.388228899759307,5.1516
HK.01766,中国中车,2025-08-05 00:00:00,5.1316,5.2416,5.2416,5.1316,11.802,0.00184,8040672.0,43942651.0,2.143580949411496,5.1316
HK.01766,中国中车,2025-08-06 00:00:00,5.2416,5.2816,5.3216,5.2316,11.888,0.00245,10707562.0,59334459.0,0.7631257631257637,5.2416
HK.01766,中国中车,2025-08-07 00:00:00,5.3316,5.3416,5.4016,5.2816,12.017,0.00457,19978951.0,111697771.0,1.1360193880642155,5.2816
HK.01766,中国中车,2025-08-08 00:00:00,5.3416,5.3816,5.3916,5.2816,12.103,0.00243,10606770.0,59578596.0,0.7488392990864168,5.3416
HK.01766,中国中车,2025-08-11 00:00:00,5.3716,5.3616,5.4216,5.3216,12.06,0.00356,15552500.0,87446620.0,-0.37163668797382887,5.3816
HK.01766,中国中车,2025-08-12 00:00:00,5.3416,5.4516,5.4516,5.3216,12.253,0.00471,20586314.0,116288326.0,1.6786034019695588,5.3616
HK.01766,中国中车,2025-08-13 00:00:00,5.4516,5.4616,5.5316,5.3816,12.274,0.00676,29565952.0,168233666.0,0.18343238682221344,5.4516
HK.01766,中国中车,2025-08-14 00:00:00,5.4716,5.4716,5.5316,5.4316,12.296,0.00402,17554086.0,100468150.0,0.18309652848981595,5.4616
HK.01766,中国中车,2025-08-15 00:00:00,5.4716,5.4016,5.4716,5.3816,12.145,0.00427,18670092.0,105991356.0,-1.2793332845968164,5.4716
HK.01766,中国中车,2025-08-18 00:00:00,5.4216,5.4816,5.5816,5.4216,12.317,0.00508,22203310.0,128558822.0,1.4810426540284372,5.4016
HK.01766,中国中车,2025-08-19 00:00:00,5.5216,5.5016,5.5516,5.4716,12.36,0.00425,18586800.0,107110551.0,0.3648569760653746,5.4816
HK.01766,中国中车,2025-08-20 00:00:00,5.5116,5.5516,5.6016,5.4516,12.467,0.00562,24587036.0,142921232.0,0.9088265231932497,5.5016
HK.01766,中国中车,2025-08-21 00:00:00,5.5516,5.8916,5.9216,5.5216,13.197,0.01258,54989476.0,335499950.0,6.124360544707845,5.5516
HK.01766,中国中车,2025-08-22 00:00:00,5.8816,5.8816,5.9416,5.8016,13.175,0.00715,31251483.0,191318223.0,-0.16973317944192876,5.8916
HK.01766,中国中车,2025-08-25 00:00:00,5.9716,6.1016,6.2916,5.9716,13.648,0.01077,47060350.0,301091284.0,3.7404787812840152,5.8816
HK.01766,中国中车,2025-08-26 00:00:00,6.1016,6.1216,6.1716,6.0316,13.69,0.00632,27623153.0,175942157.0,0.3277828766225182,6.1016
HK.01766,中国中车,2025-08-27 00:00:00,6.1216,6.0416,6.1816,6.0116,13.519,0.00763,33360348.0,211418484.0,-1.3068478829064307,6.1216
HK.01766,中国中车,2025-08-28 00:00:00,6.0416,6.0616,6.1316,5.9416,13.562,0.00634,27721475.0,174129644.0,0.331038135593228,6.0416
HK.01766,中国中车,2025-08-29 00:00:00,6.0916,6.0116,6.1516,6.0116,13.454,0.00421,18391550.0,116011659.0,-0.8248647221855733,6.0616
HK.01766,中国中车,2025-09-01 00:00:00,6.0116,5.8316,6.0416,5.7516,13.068,0.00969,42351210.0,258810618.0,-2.9942111916960497,6.0116
HK.01766,中国中车,2025-09-02 00:00:00,5.8316,5.7216,5.8416,5.6716,12.832,0.0076,33237324.0,199044601.0,-1.8862747787914178,5.8316
HK.01766,中国中车,2025-09-03 00:00:00,5.8216,5.6716,5.8416,5.6216,12.725,0.00412,17993510.0,106600204.0,-0.8738814317673347,5.7216
HK.01766,中国中车,2025-09-04 00:00:00,5.7116,5.6616,5.7516,5.6016,12.703,0.00397,17349550.0,102855118.0,-0.17631708865222842,5.6716
HK.01766,中国中车,2025-09-05 00:00:00,5.6516,5.7416,5.7716,5.6516,12.875,0.00244,10645035.0,63860266.0,1.4130281192595744,5.6616
HK.01766,中国中车,2025-09-08 00:00:00,5.7516,5.8016,5.8416,5.7316,13.004,0.0028,12238821.0,74041021.0,1.0450048766894176,5.7416
HK.01766,中国中车,2025-09-09 00:00:00,5.8016,5.7516,5.8416,5.7116,12.896,0.004,17496030.0,105345475.0,-0.8618312189740731,5.8016
HK.01766,中国中车,2025-09-10 00:00:00,5.8016,5.7316,5.8116,5.7116,12.854,0.00444,19393849.0,116451467.0,-0.34772932749147323,5.7516
HK.01766,中国中车,2025-09-11 00:00:00,5.7116,5.9716,6.0116,5.6916,13.369,0.00611,26728199.0,164645135.0,4.187312443296799,5.7316
HK.01766,中国中车,2025-09-12 00:00:00,6.0316,5.9116,6.0316,5.8616,13.24,0.00358,15660550.0,96705107.0,-1.0047558443298215,5.9716
HK.01766,中国中车,2025-09-15 00:00:00,5.9016,5.8416,5.9316,5.7816,13.09,0.00312,13658893.0,83342535.0,-1.184112592191628,5.9116
HK.01766,中国中车,2025-09-16 00:00:00,5.8016,5.8516,5.8916,5.7816,13.111,0.00242,10578000.0,64479898.0,0.1711859764448212,5.8416
HK.01766,中国中车,2025-09-17 00:00:00,5.8416,5.9116,5.9116,5.8016,13.24,0.0018,7873653.0,48357944.0,1.0253605851391006,5.8516
HK.01766,中国中车,2025-09-18 00:00:00,5.9216,5.7516,5.9216,5.6816,12.896,0.00332,14518700.0,87690093.0,-2.7065430678665696,5.9116
HK.01766,中国中车,2025-09-19 00:00:00,5.7916,5.8216,6.0316,5.7916,13.047,0.00895,39113733.0,239675458.0,1.2170526462201872,5.7516
HK.01766,中国中车,2025-09-22 00:00:00,5.8716,5.8116,5.9116,5.7716,13.025,0.00223,9765376.0,59444799.0,-0.17177408272639458,5.8216
HK.01766,中国中车,2025-09-23 00:00:00,5.8016,5.7716,5.8916,5.7516,12.939,0.0019,8289200.0,50104475.0,-0.6882786151834268,5.8116
HK.01766,中国中车,2025-09-24 00:00:00,5.8216,5.7516,5.8816,5.6916,12.896,0.00253,11066000.0,66420700.0,-0.3465243606625626,5.7716
HK.01766,中国中车,2025-09-25 00:00:00,5.8216,5.6816,5.8216,5.6616,12.746,0.00419,18321272.0,108934027.0,-1.2170526462201716,5.7516
HK.01766,中国中车,2025-09-26 00:00:00,5.68196,5.68196,5.77196,5.64196,12.489,0.00341,14899051.0,87009018.0,0.006336243311737782,5.6816
HK.01766,中国中车,2025-09-29 00:00:00,5.69196,5.72196,5.79196,5.65196,12.575,0.00311,13601844.0,79664972.0,0.7039824285985828,5.68196
HK.01766,中国中车,2025-09-30 00:00:00,5.94196,5.86196,5.98196,5.77196,12.875,0.00731,31953430.0,191186269.0,2.4467140630133675,5.72196
HK.01766,中国中车,2025-10-02 00:00:00,5.86196,5.79196,5.86196,5.75196,12.725,0.00156,6817916.0,40362167.0,-1.1941398440112079,5.86196
HK.01766,中国中车,2025-10-03 00:00:00,5.80196,5.88196,5.89196,5.79196,12.918,0.00185,8082450.0,48475394.0,1.553878134517501,5.79196
HK.01766,中国中车,2025-10-06 00:00:00,5.85196,5.80196,5.85196,5.77196,12.746,0.00066,2876890.0,17086480.0,-1.3600908540690528,5.88196
HK.01766,中国中车,2025-10-08 00:00:00,5.87196,5.86196,5.88196,5.81196,12.875,0.00158,6925589.0,41530869.0,1.0341332928872244,5.80196
HK.01766,中国中车,2025-10-09 00:00:00,5.91196,6.17196,6.19196,5.88196,13.54,0.01184,51755362.0,323521137.0,5.288333594906831,5.86196
HK.01766,中国中车,2025-10-10 00:00:00,6.16196,6.18196,6.31196,6.06196,13.562,0.00599,26198831.0,166147142.0,0.16202308504915433,6.17196
HK.01766,中国中车,2025-10-13 00:00:00,5.97196,6.13196,6.16196,5.97196,13.454,0.00536,23432142.0,145798315.0,-0.8088049744741121,6.18196
HK.01766,中国中车,2025-10-14 00:00:00,6.13196,6.11196,6.25196,6.05196,13.412,0.00511,22325318.0,140049317.0,-0.32615998799732,6.13196
HK.01766,中国中车,2025-10-15 00:00:00,6.15196,6.21196,6.25196,6.05196,13.626,0.00469,20517890.0,129502424.0,1.6361363621489755,6.11196
HK.01766,中国中车,2025-10-16 00:00:00,6.26196,6.41196,6.41196,6.23196,14.055,0.006,26218368.0,170490549.0,3.219595747557925,6.21196
HK.01766,中国中车,2025-10-17 00:00:00,6.39196,6.21196,6.39196,6.18196,13.626,0.00351,15324224.0,97616606.0,-3.11917104910198,6.41196
HK.01766,中国中车,2025-10-20 00:00:00,6.34196,6.21196,6.34196,6.12196,13.626,0.00225,9817856.0,62109676.0,0.0,6.21196
HK.01766,中国中车,2025-10-21 00:00:00,6.21196,6.36196,6.49196,6.19196,13.948,0.00463,20230936.0,132374878.0,2.4146968106684437,6.21196
HK.01766,中国中车,2025-10-22 00:00:00,6.36196,6.40196,6.45196,6.28196,14.034,0.00257,11232533.0,73318059.0,0.6287370558758627,6.36196
HK.01766,中国中车,2025-10-23 00:00:00,6.35196,6.34196,6.40196,6.24196,13.905,0.00223,9731337.0,62913164.0,-0.9372129785253206,6.40196
HK.01766,中国中车,2025-10-24 00:00:00,6.32196,6.40196,6.48196,6.32196,14.034,0.00241,10517350.0,68892154.0,0.9460797608310303,6.34196
HK.01766,中国中车,2025-10-27 00:00:00,6.43196,6.46196,6.50196,6.40196,14.163,0.00341,14919779.0,98394057.0,0.9372129785253345,6.40196
HK.01766,中国中车,2025-10-28 00:00:00,6.42196,6.47196,6.49196,6.40196,14.184,0.00235,10268991.0,67709555.0,0.15475180904864447,6.46196
HK.01766,中国中车,2025-10-30 00:00:00,6.46196,6.45196,6.62196,6.36196,14.141,0.00423,18510375.0,122739600.0,-0.3090253957070263,6.47196
HK.01766,中国中车,2025-10-31 00:00:00,6.22196,5.75196,6.22196,5.74196,12.639,0.02603,113762514.0,682296064.0,-10.849416301402973,6.45196
HK.01766,中国中车,2025-11-03 00:00:00,5.77196,5.86196,5.91196,5.74196,12.875,0.00706,30872350.0,183931968.0,1.9123916021669036,5.75196
HK.01766,中国中车,2025-11-04 00:00:00,5.88196,5.96196,6.03196,5.87196,13.09,0.0073,31905243.0,195234099.0,1.705914062873178,5.86196
HK.01766,中国中车,2025-11-05 00:00:00,5.98196,6.10196,6.12196,5.85196,13.39,0.00664,29023838.0,178397380.0,2.3482210548208924,5.96196
HK.01766,中国中车,2025-11-06 00:00:00,6.12196,6.23196,6.30196,6.11196,13.669,0.00642,28067904.0,179176858.0,2.1304629987741626,6.10196
HK.01766,中国中车,2025-11-07 00:00:00,6.22196,6.28196,6.31196,6.22196,13.776,0.00526,23010621.0,147711136.0,0.8023158043376373,6.23196
HK.01766,中国中车,2025-11-10 00:00:00,6.26196,6.16196,6.29196,6.07196,13.519,0.00996,43549895.0,274555196.0,-1.9102318384707975,6.28196
HK.01766,中国中车,2025-11-11 00:00:00,6.11196,6.20196,6.24196,6.09196,13.605,0.00574,25068995.0,158880753.0,0.6491441034995364,6.16196
HK.01766,中国中车,2025-11-12 00:00:00,6.25196,6.29196,6.31196,6.10196,13.798,0.00562,24548439.0,156304674.0,1.4511541512683208,6.20196
HK.01766,中国中车,2025-11-13 00:00:00,6.26196,6.24196,6.33196,6.19196,13.69,0.00213,9292550.0,59348757.0,-0.7946649374757739,6.29196
HK.01766,中国中车,2025-11-14 00:00:00,6.17196,6.27196,6.30196,6.14196,13.755,0.00478,20896604.0,133437147.0,0.480618267339109,6.24196
HK.01766,中国中车,2025-11-17 00:00:00,6.27196,6.20196,6.27196,6.14196,13.605,0.00468,20472899.0,129682356.0,-1.1160785464193057,6.27196
HK.01766,中国中车,2025-11-18 00:00:00,6.16196,6.08196,6.20196,6.05196,13.347,0.0023,10045534.0,62564354.0,-1.9348722016910802,6.20196
HK.01766,中国中车,2025-11-19 00:00:00,6.02196,6.17196,6.20196,6.02196,13.54,0.00338,14768475.0,92872020.0,1.4797861215792403,6.08196
HK.01766,中国中车,2025-11-20 00:00:00,6.17196,6.16196,6.20196,6.12196,13.519,0.00151,6605173.0,41520609.0,-0.16202308504916874,6.17196
HK.01766,中国中车,2025-11-21 00:00:00,6.10196,6.01196,6.11196,5.97196,13.197,0.00353,15418913.0,95237415.0,-2.434290388123251,6.16196
HK.01766,中国中车,2025-11-24 00:00:00,5.99196,5.92196,6.03196,5.90196,13.004,0.00497,21710080.0,131802537.0,-1.497015948209899,6.01196
HK.01766,中国中车,2025-11-25 00:00:00,5.94196,5.96196,5.99196,5.93196,13.09,0.00188,8226910.0,50132506.0,0.6754520462819747,5.92196
HK.01766,中国中车,2025-11-26 00:00:00,5.98196,6.02196,6.08196,5.96196,13.218,0.00195,8527300.0,52565146.0,1.0063804520660924,5.96196
HK.01766,中国中车,2025-11-27 00:00:00,6.09196,6.01196,6.09196,6.01196,13.197,0.00109,4762600.0,29481990.0,-0.16605889112514507,6.02196
HK.01766,中国中车,2025-11-28 00:00:00,6.09196,6.04196,6.09196,5.98196,13.261,0.00146,6377000.0,39457355.0,0.49900531606997134,6.01196
HK.01766,中国中车,2025-12-01 00:00:00,6.02196,6.01196,6.06196,5.93196,13.197,0.00349,15250675.0,93525769.0,-0.4965276168660542,6.04196
HK.01766,中国中车,2025-12-02 00:00:00,5.98196,6.00196,6.07196,5.94196,13.175,0.00278,12130000.0,74339380.0,-0.1663351053566522,6.01196
HK.01766,中国中车,2025-12-03 00:00:00,5.96196,5.96196,6.01196,5.93196,13.09,0.00111,4838575.0,29496313.0,-0.6664489600063984,6.00196
HK.01766,中国中车,2025-12-04 00:00:00,5.92196,5.94196,5.97196,5.92196,13.047,0.00121,5305968.0,32248239.0,-0.3354601506887074,5.96196
HK.01766,中国中车,2025-12-05 00:00:00,5.92196,5.96196,6.01196,5.92196,13.09,0.00259,11312450.0,69215814.0,0.3365892735730376,5.94196
HK.01766,中国中车,2025-12-08 00:00:00,5.90196,6.06196,6.09196,5.90196,13.304,0.00303,13263200.0,82099726.0,1.6773007534434923,5.96196
HK.01766,中国中车,2025-12-09 00:00:00,6.06196,6.00196,6.09196,5.93196,13.175,0.00369,16139025.0,99286694.0,-0.9897788833974426,6.06196
HK.01766,中国中车,2025-12-10 00:00:00,6.02196,5.98196,6.04196,5.96196,13.133,0.00181,7907207.0,48498973.0,-0.33322448000320665,6.00196
HK.01766,中国中车,2025-12-11 00:00:00,6.03196,5.91196,6.07196,5.89196,12.982,0.00194,8495083.0,51840645.0,-1.170185022969065,5.98196
HK.01766,中国中车,2025-12-12 00:00:00,5.91196,6.12196,6.14196,5.91196,13.433,0.00435,19002000.0,118305516.0,3.552121462256172,5.91196
HK.01766,中国中车,2025-12-15 00:00:00,6.13196,6.00196,6.13196,5.96196,13.175,0.00312,13640816.0,84115840.0,-1.960156551169874,6.12196
HK.01766,中国中车,2025-12-16 00:00:00,6.00196,5.88196,6.00196,5.88196,12.918,0.0028,12244000.0,74182930.0,-1.9993468800191954,6.00196
HK.01766,中国中车,2025-12-17 00:00:00,5.89196,5.94196,5.94196,5.87196,13.047,0.00172,7505874.0,45442462.0,1.0200681405517822,5.88196
HK.01766,中国中车,2025-12-18 00:00:00,5.94196,5.94196,6.01196,5.92196,13.047,0.00207,9052000.0,55152808.0,0.0,5.94196
HK.01766,中国中车,2025-12-19 00:00:00,5.98196,6.06196,6.06196,5.93196,13.304,0.00418,18274766.0,112393340.0,2.01953564143818,5.94196
HK.01766,中国中车,2025-12-22 00:00:00,6.05196,5.89196,6.05196,5.84196,12.939,0.00371,16219037.0,97985963.0,-2.8043735029594377,6.06196
HK.01766,中国中车,2025-12-23 00:00:00,5.88196,5.91196,5.99196,5.88196,12.982,0.00185,8091517.0,49332524.0,0.3394456174176263,5.89196
HK.01766,中国中车,2025-12-24 00:00:00,5.90196,5.91196,5.99196,5.86196,12.982,0.00186,8149701.0,49282162.0,0.0,5.91196
HK.01766,中国中车,2025-12-29 00:00:00,5.91196,5.89196,5.95196,5.85196,12.939,0.00211,9241200.0,55740266.0,-0.3382972821196283,5.91196
HK.01766,中国中车,2025-12-30 00:00:00,5.89196,5.84196,5.89196,5.79196,12.832,0.00235,10292050.0,61443894.0,-0.8486140435440808,5.89196
HK.01766,中国中车,2025-12-31 00:00:00,5.81196,5.84196,5.86196,5.76196,12.832,0.00083,3638100.0,21695667.0,0.0,5.84196
HK.01766,中国中车,2026-01-02 00:00:00,5.84196,5.80196,5.86196,5.80196,12.746,0.00178,7796590.0,46480328.0,-0.6847017097001697,5.84196
HK.01766,中国中车,2026-01-05 00:00:00,5.86196,5.79196,5.86196,5.77196,12.725,0.00419,18300917.0,108835813.0,-0.17235554881453485,5.80196
HK.01766,中国中车,2026-01-06 00:00:00,5.82196,5.98196,5.98196,5.78196,13.133,0.00419,18309998.0,110838056.0,3.2804093950924984,5.79196
HK.01766,中国中车,2026-01-07 00:00:00,5.99196,5.88196,6.00196,5.87196,12.918,0.0024,10504848.0,63538014.0,-1.6716928899557943,5.98196
HK.01766,中国中车,2026-01-08 00:00:00,5.88196,5.83196,5.88196,5.79196,12.811,0.00333,14548398.0,86801146.0,-0.8500567837931695,5.88196
HK.01766,中国中车,2026-01-09 00:00:00,5.84196,5.95196,5.98196,5.84196,13.068,0.00288,12604028.0,76460452.0,2.05762728139425,5.83196
HK.01766,中国中车,2026-01-12 00:00:00,5.96196,5.97196,6.00196,5.88196,13.111,0.00187,8195497.0,49932463.0,0.33602376360056957,5.95196
HK.01766,中国中车,2026-01-13 00:00:00,5.94196,6.00196,6.05196,5.94196,13.175,0.00273,11914449.0,73234164.0,0.5023476379614105,5.97196
HK.01766,中国中车,2026-01-14 00:00:00,5.97196,5.87196,5.98196,5.80196,12.896,0.00324,14171000.0,85217135.0,-2.165959120020806,6.00196
HK.01766,中国中车,2026-01-15 00:00:00,5.87196,5.87196,5.87196,5.81196,12.896,0.00222,9683913.0,57993048.0,0.0,5.87196
HK.01766,中国中车,2026-01-16 00:00:00,5.89196,5.86196,6.00196,5.83196,12.875,0.0054,23592774.0,142734631.0,-0.1703008876082226,5.87196
HK.01766,中国中车,2026-01-19 00:00:00,5.86196,5.86196,5.94196,5.78196,12.875,0.00406,17726750.0,106590279.0,0.0,5.86196
HK.01766,中国中车,2026-01-20 00:00:00,5.86196,5.91196,5.91196,5.80196,12.982,0.0031,13552608.0,81403116.0,0.8529570314365813,5.86196
HK.01766,中国中车,2026-01-21 00:00:00,5.89196,5.94196,5.94196,5.82196,13.047,0.00248,10833700.0,65475613.0,0.5074459231794574,5.91196
HK.01766,中国中车,2026-01-22 00:00:00,5.89196,5.68196,5.98196,5.52196,12.489,0.01375,60108231.0,349513138.0,-4.375660556449383,5.94196
HK.01766,中国中车,2026-01-23 00:00:00,5.71196,5.67196,5.75196,5.64196,12.467,0.00508,22213150.0,129656248.0,-0.1759956071496418,5.68196
HK.01766,中国中车,2026-01-26 00:00:00,5.67196,5.69196,5.72196,5.59196,12.51,0.0056,24492885.0,142225625.0,0.3526117955697779,5.67196
HK.01766,中国中车,2026-01-27 00:00:00,5.65196,5.64196,5.73196,5.61196,12.403,0.0062,27098710.0,156655208.0,-0.8784320339566656,5.69196
HK.01766,中国中车,2026-01-28 00:00:00,5.64196,5.84196,5.86196,5.62196,12.832,0.00614,26859328.0,158541288.0,3.544867386511074,5.64196
HK.01766,中国中车,2026-01-29 00:00:00,5.81196,5.75196,5.83196,5.62196,12.639,0.0064,27977100.0,163314023.0,-1.540578846825378,5.84196
HK.01766,中国中车,2026-01-30 00:00:00,5.72196,5.66196,5.73196,5.59196,12.446,0.00615,26869493.0,155585609.0,-1.5646840381365785,5.75196
HK.01766,中国中车,2026-02-02 00:00:00,5.66196,5.59196,5.71196,5.49196,12.296,0.00623,27241336.0,155447025.0,-1.2363209913174837,5.66196
HK.01766,中国中车,2026-02-03 00:00:00,5.61196,5.64196,5.66196,5.53196,12.403,0.00524,22886237.0,131594451.0,0.8941408736829273,5.59196
HK.01766,中国中车,2026-02-04 00:00:00,5.64196,5.75196,5.79196,5.64196,12.639,0.00291,12706128.0,74682845.0,1.9496770625810944,5.64196
HK.01766,中国中车,2026-02-05 00:00:00,5.75196,5.72196,5.75196,5.58196,12.575,0.0042,18366066.0,106612942.0,-0.5215613460455262,5.75196
HK.01766,中国中车,2026-02-06 00:00:00,5.67196,5.67196,5.72196,5.61196,12.467,0.00211,9241601.0,53652924.0,-0.8738264510762015,5.72196
HK.01766,中国中车,2026-02-09 00:00:00,5.68196,5.71196,5.82196,5.68196,12.553,0.00324,14145474.0,83153843.0,0.7052235911395713,5.67196
HK.01766,中国中车,2026-02-10 00:00:00,5.72196,5.74196,5.74196,5.67196,12.618,0.0019,8300450.0,48545264.0,0.5252137620011232,5.71196
HK.01766,中国中车,2026-02-11 00:00:00,5.75196,5.77196,5.78196,5.68196,12.682,0.00123,5391287.0,31787864.0,0.5224696793429464,5.74196
HK.01766,中国中车,2026-02-12 00:00:00,5.76196,5.75196,5.78196,5.69196,12.639,0.00177,7716271.0,45329283.0,-0.3465027477667824,5.77196
HK.01766,中国中车,2026-02-13 00:00:00,5.73196,5.62196,5.73196,5.60196,12.36,0.00248,10852890.0,62649131.0,-2.260099166197275,5.75196
HK.01766,中国中车,2026-02-16 00:00:00,5.62196,5.67196,5.68196,5.58196,12.467,0.00032,1407442.0,8116126.0,0.8893695437178619,5.62196
HK.01766,中国中车,2026-02-20 00:00:00,5.66196,5.65196,5.70196,5.59196,12.424,0.00089,3873000.0,22452380.0,-0.35261179556979355,5.67196
HK.01766,中国中车,2026-02-23 00:00:00,5.65196,5.79196,5.79196,5.65196,12.725,0.00162,7093533.0,41847897.0,2.47701682248283,5.65196
HK.01766,中国中车,2026-02-24 00:00:00,5.76196,5.88196,5.89196,5.71196,12.918,0.00799,34929663.0,208645477.0,1.553878134517501,5.79196
HK.01766,中国中车,2026-02-25 00:00:00,5.88196,5.68196,5.91196,5.67196,12.489,0.00448,19603298.0,115466330.0,-3.4002271351726323,5.88196
HK.01766,中国中车,2026-02-26 00:00:00,5.69196,5.62196,5.71196,5.61196,12.36,0.00254,11102051.0,64307039.0,-1.0559736428978819,5.68196
HK.01766,中国中车,2026-02-27 00:00:00,5.61196,5.66196,5.67196,5.57196,12.446,0.00437,19094944.0,110327324.0,0.7114956349742801,5.62196
HK.01766,中国中车,2026-03-02 00:00:00,5.63196,5.65196,5.68196,5.53196,12.424,0.00478,20890344.0,120237871.0,-0.176617284473924,5.66196
HK.01766,中国中车,2026-03-03 00:00:00,5.62196,5.54196,5.68196,5.54196,12.188,0.00453,19780203.0,113190896.0,-1.9462275033793486,5.65196
HK.01766,中国中车,2026-03-04 00:00:00,5.50196,5.50196,5.56196,5.44196,12.103,0.00382,16702449.0,94119357.0,-0.7217663065052804,5.54196
HK.01766,中国中车,2026-03-05 00:00:00,5.55196,5.67196,5.75196,5.55196,12.467,0.00527,23052462.0,134209385.0,3.0898079956960776,5.50196
HK.01766,中国中车,2026-03-06 00:00:00,5.62196,5.60196,5.68196,5.55196,12.317,0.011,48060450.0,276804663.0,-1.2341412844942539,5.67196
HK.01766,中国中车,2026-03-09 00:00:00,5.58196,5.44196,5.58196,5.43196,11.974,0.00685,29957534.0,169020363.0,-2.8561432070204025,5.60196
HK.01766,中国中车,2026-03-10 00:00:00,5.50196,5.44196,5.53196,5.44196,11.974,0.00418,18268300.0,102597338.0,0.0,5.44196
HK.01766,中国中车,2026-03-11 00:00:00,5.46196,5.53196,5.55196,5.46196,12.167,0.0036,15736766.0,88897831.0,1.6538159045637941,5.44196
HK.01766,中国中车,2026-03-12 00:00:00,5.53196,5.42196,5.56196,5.42196,11.931,0.00535,23365590.0,130600754.0,-1.9884453249842629,5.53196
HK.01766,中国中车,2026-03-13 00:00:00,5.46196,5.38196,5.50196,5.37196,11.845,0.00425,18571015.0,103603469.0,-0.7377405956517575,5.42196
HK.01766,中国中车,2026-03-16 00:00:00,5.38196,5.31196,5.41196,5.27196,11.695,0.00516,22571806.0,123372102.0,-1.3006414020171142,5.38196
HK.01766,中国中车,2026-03-17 00:00:00,5.29196,5.26196,5.39196,5.26196,11.587,0.00671,29351050.0,160369959.0,-0.9412721481336422,5.31196
HK.01766,中国中车,2026-03-18 00:00:00,5.27196,5.27196,5.31196,5.21196,11.609,0.00344,15026650.0,81086695.0,0.19004325384457096,5.26196
HK.01766,中国中车,2026-03-19 00:00:00,5.27196,5.16196,5.27196,5.12196,11.373,0.00472,20632400.0,109559194.0,-2.0865105198066813,5.27196
HK.01766,中国中车,2026-03-20 00:00:00,5.16196,5.22196,5.26196,5.10196,11.502,0.00456,19945000.0,106535770.0,1.1623491851932308,5.16196
HK.01766,中国中车,2026-03-23 00:00:00,5.22196,5.07196,5.22196,5.02196,11.18,0.00324,14162124.0,73778482.0,-2.8724846609319172,5.22196
HK.01766,中国中车,2026-03-24 00:00:00,5.12196,5.15196,5.17196,5.06196,11.351,0.00244,10661700.0,56028137.0,1.5772995055166064,5.07196
HK.01766,中国中车,2026-03-25 00:00:00,5.17196,5.23196,5.23196,5.14196,11.523,0.00376,16423795.0,87730606.0,1.5528070870115465,5.15196
HK.01766,中国中车,2026-03-26 00:00:00,5.24196,5.11196,5.27196,5.07196,11.266,0.00287,12550113.0,66331753.0,-2.2935955167852984,5.23196
HK.01766,中国中车,2026-03-27 00:00:00,5.11196,5.11196,5.23196,5.06196,10.334,0.00356,15559680.0,82074448.0,0.0,5.11196
HK.01766,中国中车,2026-03-30 00:00:00,4.95196,4.90196,5.06196,4.72196,9.921,0.02548,111386860.0,552316093.0,-4.108013364736813,5.11196
HK.01766,中国中车,2026-03-31 00:00:00,4.87196,4.93196,5.02196,4.77196,9.98,0.0142,62073723.0,314023851.0,0.6120000979200207,4.90196
HK.01766,中国中车,2026-04-01 00:00:00,5.00196,4.92196,5.02196,4.90196,9.96,0.00573,25066450.0,127227603.0,-0.20275914646509272,4.93196
HK.01766,中国中车,2026-04-02 00:00:00,4.92196,4.90196,4.96196,4.85196,9.921,0.00758,33122000.0,166599216.0,-0.40634218888411244,4.92196
HK.01766,中国中车,2026-04-08 00:00:00,4.93196,5.05196,5.09196,4.93196,10.216,0.00611,26688907.0,137758899.0,3.060000489600086,4.90196
HK.01766,中国中车,2026-04-09 00:00:00,4.98196,4.95196,5.07196,4.93196,10.019,0.00497,21737100.0,111722538.0,-1.9794297658730575,5.05196
HK.01766,中国中车,2026-04-10 00:00:00,5.02196,5.12196,5.14196,4.95196,10.354,0.00795,34758381.0,181909911.0,3.4329841113417707,4.95196
HK.01766,中国中车,2026-04-13 00:00:00,5.11196,4.98196,5.11196,4.94196,10.078,0.00393,17194670.0,88076690.0,-2.7333286476270744,5.12196
HK.01766,中国中车,2026-04-14 00:00:00,5.02196,4.96196,5.03196,4.93196,10.039,0.00371,16216000.0,82759776.0,-0.40144842592071345,4.98196
HK.01766,中国中车,2026-04-15 00:00:00,4.96196,4.97196,5.04196,4.95196,10.059,0.00303,13223400.0,67800778.0,0.2015332650807299,4.96196
HK.01766,中国中车,2026-04-16 00:00:00,4.97196,5.01196,5.02196,4.94196,10.137,0.00473,20677835.0,106024438.0,0.8045117016227008,4.97196
HK.01766,中国中车,2026-04-17 00:00:00,5.01196,5.00196,5.02196,4.93196,10.118,0.00711,31065160.0,158657450.0,-0.19952274160208355,5.01196
HK.01766,中国中车,2026-04-20 00:00:00,5.00196,5.00196,5.02196,4.96196,10.118,0.00273,11949500.0,61399425.0,0.0,5.00196
HK.01766,中国中车,2026-04-21 00:00:00,5.00196,5.11196,5.12196,4.99196,10.334,0.00417,18213174.0,94836933.0,2.1991379379283202,5.00196
HK.01766,中国中车,2026-04-22 00:00:00,5.11196,5.03196,5.13196,5.03196,10.177,0.00503,21979864.0,114831142.0,-1.564957472280692,5.11196
HK.01766,中国中车,2026-04-23 00:00:00,5.07196,4.95196,5.07196,4.90196,10.019,0.00349,15251900.0,77577727.0,-1.5898377570568938,5.03196
HK.01766,中国中车,2026-04-24 00:00:00,4.94196,4.92196,4.95196,4.89196,9.96,0.00181,7915555.0,40060416.0,-0.6058207255308881,4.95196
HK.01766,中国中车,2026-04-27 00:00:00,4.92196,4.92196,4.95196,4.85196,9.96,0.00579,25312038.0,127650860.0,0.0,4.92196
HK.01766,中国中车,2026-04-28 00:00:00,4.94196,4.96196,4.99196,4.88196,10.039,0.00307,13417310.0,68229997.0,0.8126843777682068,4.92196
HK.01766,中国中车,2026-04-29 00:00:00,5.00196,5.00196,5.00196,4.91196,10.118,0.00236,10309427.0,52606430.0,0.8061330603229376,4.96196
HK.01766,中国中车,2026-04-30 00:00:00,5.11196,5.06196,5.27196,5.04196,10.236,0.00718,31391526.0,165254736.0,1.1995297843245367,5.00196
HK.01766,中国中车,2026-05-04 00:00:00,5.06196,4.95196,5.12196,4.93196,10.019,0.00349,15255517.0,77913377.0,-2.173071300444893,5.06196
HK.01766,中国中车,2026-05-05 00:00:00,4.94196,4.93196,4.94196,4.87196,9.98,0.00241,10521451.0,53199413.0,-0.4038804836872587,4.95196
HK.01766,中国中车,2026-05-06 00:00:00,4.94196,5.01196,5.07196,4.91196,10.137,0.00788,34462599.0,176926666.0,1.6220731717207777,4.93196
HK.01766,中国中车,2026-05-07 00:00:00,5.03196,5.10196,5.13196,5.01196,10.314,0.00529,23127940.0,120794795.0,1.7957046744187872,5.01196
HK.01766,中国中车,2026-05-08 00:00:00,5.09196,5.04196,5.09196,4.99196,10.196,0.00322,14084842.0,72726269.0,-1.176018628135062,5.10196
HK.01766,中国中车,2026-05-11 00:00:00,5.01196,5.07196,5.11196,5.00196,10.255,0.00264,11529100.0,60094560.0,0.5950067037421828,5.04196
HK.01766,中国中车,2026-05-12 00:00:00,5.07196,5.31196,5.36196,5.07196,10.728,0.01232,53830686.0,292241033.0,4.731898516549819,5.07196
HK.01766,中国中车,2026-05-13 00:00:00,5.31196,5.29196,5.41196,5.22196,10.688,0.00738,32270485.0,176457474.0,-0.37650885925345023,5.31196
HK.01766,中国中车,2026-05-14 00:00:00,5.29196,5.23196,5.29196,5.19196,10.57,0.00377,16483782.0,88535551.0,-1.1337954179547935,5.29196
HK.01766,中国中车,2026-05-15 00:00:00,5.19196,5.18196,5.24196,5.14196,10.472,0.00349,15240000.0,81300095.0,-0.9556647986605369,5.23196
HK.01766,中国中车,2026-05-18 00:00:00,5.16196,5.03196,5.18196,5.00196,10.177,0.00388,16947250.0,88019342.0,-2.8946576198967255,5.18196
HK.01766,中国中车,2026-05-19 00:00:00,5.06196,5.16196,5.18196,5.01196,10.433,0.00664,29019216.0,152042678.0,2.583486355217448,5.03196
HK.01766,中国中车,2026-05-20 00:00:00,5.15196,5.08196,5.15196,5.06196,10.275,0.00267,11692100.0,61196534.0,-1.5497989135909631,5.16196
HK.01766,中国中车,2026-05-21 00:00:00,5.06196,5.01196,5.15196,5.01196,10.137,0.00344,15018296.0,78380526.0,-1.377421309888299,5.08196
HK.01766,中国中车,2026-05-22 00:00:00,5.01196,5.08196,5.13196,4.99196,10.275,0.0027,11791263.0,61610466.0,1.3966591912146025,5.01196
HK.01766,中国中车,2026-05-26 00:00:00,5.08196,5.09196,5.13196,4.98196,10.295,0.00425,18595273.0,96820188.0,0.19677447284120056,5.08196
HK.01766,中国中车,2026-05-27 00:00:00,5.07196,5.02196,5.11196,5.01196,10.157,0.00292,12776844.0,66330091.0,-1.3747162192947369,5.09196
HK.01766,中国中车,2026-05-28 00:00:00,5.06196,4.96196,5.06196,4.94196,10.039,0.00251,10964360.0,56116296.0,-1.1947526463771039,5.02196
HK.01766,中国中车,2026-05-29 00:00:00,4.96196,5.05196,5.11196,4.93196,10.216,0.00804,35127251.0,182146206.0,1.813799385726605,4.96196
HK.01766,中国中车,2026-06-01 00:00:00,5.05196,5.09196,5.13196,5.01196,10.295,0.00496,21666800.0,113348808.0,0.7917719063492196,5.05196
HK.01766,中国中车,2026-06-02 00:00:00,5.13196,5.14196,5.18196,5.06196,10.393,0.00484,21174800.0,111502223.0,0.9819401566390903,5.09196
HK.01766,中国中车,2026-06-03 00:00:00,5.13196,5.22196,5.24196,5.09196,10.551,0.00573,25053218.0,133765095.0,1.5558269609254072,5.14196
HK.01766,中国中车,2026-06-04 00:00:00,5.23196,5.23196,5.30196,5.17196,10.57,0.00731,31959750.0,172170176.0,0.19149897739545663,5.22196
HK.01766,中国中车,2026-06-05 00:00:00,5.23196,5.16196,5.28196,5.13196,10.433,0.00762,33286977.0,177699018.0,-1.3379307181247617,5.23196
HK.01766,中国中车,2026-06-08 00:00:00,5.12196,5.14196,5.18196,5.07196,10.393,0.00572,24992710.0,132141340.0,-0.3874497283977321,5.16196
HK.01766,中国中车,2026-06-09 00:00:00,5.14196,5.17196,5.23196,5.09196,10.452,0.0064,27966150.0,148975375.0,0.5834351103470321,5.14196
HK.01766,中国中车,2026-06-10 00:00:00,5.16196,5.22196,5.25196,5.01196,10.551,0.00776,33929414.0,179879531.0,0.9667514829967715,5.17196
HK.01766,中国中车,2026-06-11 00:00:00,5.21196,5.18196,5.25196,5.12196,10.472,0.00488,21339464.0,113165107.0,-0.7659959095818435,5.22196
HK.01766,中国中车,2026-06-12 00:00:00,5.19196,5.27196,5.39196,5.19196,10.649,0.00658,28744150.0,156569507.0,1.7367945719380284,5.18196
HK.01766,中国中车,2026-06-15 00:00:00,5.35196,5.35196,5.40196,5.24196,10.807,0.00741,32382700.0,177830882.0,1.517462196223038,5.27196
HK.01766,中国中车,2026-06-16 00:00:00,5.32196,5.30196,5.38196,5.27196,10.708,0.00386,16877960.0,92248128.0,-0.9342371766605098,5.35196
HK.01766,中国中车,2026-06-17 00:00:00,5.34196,5.21196,5.34196,5.18196,10.531,0.00277,12127550.0,65129002.0,-1.6974854582079053,5.30196
HK.01766,中国中车,2026-06-18 00:00:00,5.18196,5.09196,5.21196,5.01196,10.295,0.01246,54467760.0,284244116.0,-2.3023967950636632,5.21196
HK.01766,中国中车,2026-06-22 00:00:00,5.15,5.05,5.16,5.0,9.94,0.00938,41007320.0,207758091.0,-0.8240441794515361,5.09196
HK.01766,中国中车,2026-06-23 00:00:00,5.05,4.83,5.12,4.81,9.507,0.00709,31000000.0,152053129.0,-4.356435643564352,5.05
HK.01766,中国中车,2026-06-24 00:00:00,4.83,4.7,4.84,4.67,9.251,0.00815,35639520.0,168363001.0,-2.6915113871635588,4.83
HK.01766,中国中车,2026-06-25 00:00:00,4.71,4.65,4.71,4.57,9.153,0.00685,29938783.0,138419341.0,-1.0638297872340388,4.7
HK.01766,中国中车,2026-06-26 00:00:00,4.65,4.55,4.65,4.51,8.956,0.00419,18295231.0,83099066.0,-2.1505376344086136,4.65
HK.01766,中国中车,2026-06-29 00:00:00,4.55,4.57,4.65,4.46,8.996,0.00702,30691022.0,139666606.0,0.4395604395604497,4.55
HK.01766,中国中车,2026-06-30 00:00:00,4.62,4.49,4.62,4.43,8.838,0.00555,24253429.0,108495106.0,-1.7505470459518613,4.57
HK.01766,中国中车,2026-07-02 00:00:00,4.5,4.56,4.6,4.5,8.976,0.00614,26844305.0,122502175.0,1.5590200445434164,4.49
HK.01766,中国中车,2026-07-03 00:00:00,4.63,4.6,4.65,4.56,9.055,0.00296,12947966.0,59543484.0,0.8771929824561412,4.56
HK.01766,中国中车,2026-07-06 00:00:00,4.6,4.64,4.65,4.57,9.133,0.00301,13168395.0,60647211.0,0.8695652173913052,4.6
HK.01766,中国中车,2026-07-07 00:00:00,4.66,4.57,4.66,4.52,8.996,0.00363,15853643.0,72255203.0,-1.5086206896551595,4.64
HK.01766,中国中车,2026-07-08 00:00:00,4.53,4.6,4.6,4.51,9.055,0.00252,10995292.0,50350619.0,0.6564551422319334,4.57
HK.01766,中国中车,2026-07-09 00:00:00,4.6,4.54,4.6,4.49,8.937,0.00241,10554455.0,47767468.0,-1.304347826086948,4.6
HK.01766,中国中车,2026-07-10 00:00:00,4.57,4.57,4.61,4.53,8.996,0.00195,8534878.0,39020302.0,0.6607929515418557,4.54
HK.01766,中国中车,2026-07-13 00:00:00,4.57,4.47,4.57,4.43,8.799,0.00389,16987553.0,75868347.0,-2.1881838074398363,4.57
HK.01766,中国中车,2026-07-14 00:00:00,4.48,4.57,4.58,4.42,8.996,0.00342,14959133.0,67692783.0,2.237136465324397,4.47
HK.01766,中国中车,2026-07-15 00:00:00,4.58,4.59,4.6,4.53,9.035,0.00282,12333518.0,56495316.0,0.4376367614879556,4.57
HK.01766,中国中车,2026-07-16 00:00:00,4.6,4.63,4.68,4.58,9.114,0.0027,11787334.0,54682617.0,0.8714596949891076,4.59
HK.01766,中国中车,2026-07-17 00:00:00,4.67,4.63,4.71,4.58,9.114,0.00423,18507050.0,85805845.0,0.0,4.63
HK.01766,中国中车,2026-07-20 00:00:00,4.65,4.81,4.84,4.65,9.468,0.00604,26405300.0,126541114.0,3.887688984881203,4.63
HK.01766,中国中车,2026-07-21 00:00:00,4.81,4.88,4.91,4.8,9.606,0.00346,15126144.0,73493797.0,1.4553014553014614,4.81
HK.01766,中国中车,2026-07-22 00:00:00,4.86,4.89,4.92,4.84,9.625,0.00413,18031780.0,88181084.0,0.20491803278688087,4.88
HK.01766,中国中车,2026-07-23 00:00:00,4.89,4.94,4.97,4.85,9.724,0.00485,21204888.0,104503439.0,1.022494887525577,4.89
HK.01766,中国中车,2026-07-24 00:00:00,4.94,4.9,4.96,4.86,9.645,0.00621,27148838.0,132973687.0,-0.8097165991902842,4.94
HK.01766,中国中车,2026-07-27 00:00:00,4.91,4.91,4.93,4.87,9.665,0.00127,5563300.0,27250715.0,0.20408163265305687,4.9
HK.01766,中国中车,2026-07-28 00:00:00,4.91,4.97,4.98,4.86,9.783,0.00439,19199550.0,94767569.0,1.2219959266802365,4.91
HK.01766,中国中车,2026-07-29 00:00:00,4.95,5.25,5.28,4.94,10.334,0.00752,32862932.0,170718995.0,5.633802816901413,4.97
HK.01766,中国中车,2026-07-30 00:00:00,5.19,5.33,5.34,5.19,10.492,0.0057,24912409.0,131560001.0,1.5238095238095253,5.25
HK.01766,中国中车,2026-07-31 00:00:00,5.28,5.26,5.33,5.25,10.354,0.00927,40501391.0,213895250.0,-1.3133208255159527,5.33
HK.01766,中国中车,2026-08-03 00:00:00,5.26,5.285,5.315,5.23,10.403,0.00276,12076813.0,63616989.0,0.4752851711026683,5.26
HK.01766,中国中车,2026-08-04 00:00:00,5.28,5.185,5.3,5.15,10.206,0.00356,15542672.0,80709442.0,-1.892147587511836,5.285
HK.01766,中国中车,2026-08-05 00:00:00,5.21,5.195,5.235,5.14,10.226,0.00365,15971388.0,82752840.0,0.19286403085825798,5.185
HK.01766,中国中车,2026-08-06 00:00:00,5.18,5.095,5.2,5.06,10.029,0.00294,12872607.0,65571918.0,-1.92492781520694,5.195
HK.01766,中国中车,2026-08-07 00:00:00,5.085,5.025,5.085,5.0,9.891,0.00341,14900109.0,74971064.0,-1.3738959764474856,5.095
HK.01766,中国中车,2026-08-10 00:00:00,5.01,5.07,5.1,5.01,9.98,0.00274,11962418.0,60669800.0,0.8955223880597,5.025
HK.01766,中国中车,2026-08-11 00:00:00,5.08,5.005,5.14,5.005,9.852,0.00252,11003675.0,55596492.0,-1.2820512820512897,5.07
HK.01766,中国中车,2026-08-12 00:00:00,5.075,5.01,5.075,4.935,9.862,0.00227,9906212.0,49461171.0,0.09990009990009778,5.005
HK.01766,中国中车,2026-08-13 00:00:00,5.03,4.945,5.03,4.93,9.734,0.00209,9124849.0,45146204.0,-1.2974051896207486,5.01
HK.01766,中国中车,2026-08-14 00:00:00,4.945,4.94,4.995,4.89,9.724,0.00279,12207480.0,60470150.0,-0.10111223458038206,4.945
HK.01766,中国中车,2026-08-17 00:00:00,4.94,5.025,5.1,4.94,9.891,0.00361,15773500.0,79697417.0,1.7206477732793515,4.94
HK.01766,中国中车,2026-08-18 00:00:00,5.045,5.015,5.05,4.945,9.872,0.00344,15026296.0,75144787.0,-0.19900497512439155,5.025
HK.01766,中国中车,2026-08-19 00:00:00,5.075,5.14,5.15,4.94,10.118,0.00508,22206578.0,113014041.0,2.4925224327018944,5.015
HK.01766,中国中车,2026-08-20 00:00:00,5.225,5.28,5.39,5.215,10.393,0.00866,37867187.0,201483589.0,2.7237354085603225,5.14
HK.01766,中国中车,2026-08-21 00:00:00,5.26,5.24,5.355,5.215,10.314,0.0038,16598896.0,87229319.0,-0.7575757575757582,5.28
