code,name,time_key,open,close,high,low,pe_ratio,turnover_rate,volume,turnover,change_rate,last_close
HK.02611,国泰海通,2018-01-02 00:00:00,12.55368,12.97368,12.97368,12.49368,0.0,0.0005,595800.0,10422048.0,2.6912190272351357,12.63368
HK.02611,国泰海通,2018-01-03 00:00:00,12.91368,13.13368,13.23368,12.91368,0.0,0.00104,1242000.0,22226164.0,1.2332661203297763,12.97368
HK.02611,国泰海通,2018-01-04 00:00:00,13.03368,13.23368,13.39368,13.03368,0.0,0.00064,762800.0,13736432.0,0.7614012218966782,13.13368
HK.02611,国泰海通,2018-01-05 00:00:00,13.23368,13.33368,13.33368,13.13368,0.0,0.00105,1262400.0,22804572.0,0.7556477109919512,13.23368
HK.02611,国泰海通,2018-01-08 00:00:00,13.41368,13.53368,13.63368,13.35368,0.0,0.00076,914200.0,16712148.0,1.4999610010139819,13.33368
HK.02611,国泰海通,2018-01-09 00:00:00,13.63368,13.53368,13.63368,13.41368,0.0,0.00072,865600.0,15832176.0,0.0,13.53368
HK.02611,国泰海通,2018-01-10 00:00:00,13.53368,13.73368,13.85368,13.49368,0.0,0.00143,1714800.0,31720608.0,1.477794657476749,13.53368
HK.02611,国泰海通,2018-01-11 00:00:00,13.83368,13.71368,13.83368,13.39368,0.0,0.00087,1046000.0,19252622.0,-0.14562739192990937,13.73368
HK.02611,国泰海通,2018-01-12 00:00:00,13.91368,14.03368,14.11368,13.79368,0.0,0.00093,1113399.0,20825061.0,2.3334363934407123,13.71368
HK.02611,国泰海通,2018-01-15 00:00:00,14.03368,13.27368,14.11368,13.13368,0.0,0.00049,584000.0,10655276.0,-5.41554317898085,14.03368
HK.02611,国泰海通,2018-01-16 00:00:00,13.35368,13.43368,13.49368,13.17368,0.0,0.00044,531400.0,9654792.0,1.2053929279596927,13.27368
HK.02611,国泰海通,2018-01-17 00:00:00,13.25368,13.77368,14.11368,13.25368,0.0,0.00066,790600.0,14688935.0,2.5309520548353084,13.43368
HK.02611,国泰海通,2018-01-18 00:00:00,13.89368,14.11368,14.11368,13.83368,0.0,0.00074,890200.0,16731548.0,2.4684761080553628,13.77368
HK.02611,国泰海通,2018-01-19 00:00:00,14.17368,15.68368,15.68368,14.05368,0.0,0.00251,3011700.0,59864158.0,11.123959165858942,14.11368
HK.02611,国泰海通,2018-01-22 00:00:00,15.68368,16.18368,16.23368,15.17368,0.0,0.00071,844470.0,17391161.0,3.188027299715362,15.68368
HK.02611,国泰海通,2018-01-23 00:00:00,16.18368,16.13368,16.48368,15.73368,0.0,0.00049,589600.0,12313600.0,-0.3089532170680631,16.18368
HK.02611,国泰海通,2018-01-24 00:00:00,16.13368,15.98368,16.58368,14.87368,0.0,0.00378,4526410.0,92873826.0,-0.9297320884013976,16.13368
HK.02611,国泰海通,2018-01-25 00:00:00,15.98368,15.78368,16.03368,15.03368,0.0,0.00113,1347600.0,27450588.0,-1.25127630182786,15.98368
HK.02611,国泰海通,2018-01-26 00:00:00,15.63368,15.98368,15.98368,15.43368,0.0,0.0016,1916200.0,39322058.0,1.2671316194955757,15.78368
HK.02611,国泰海通,2018-01-29 00:00:00,15.98368,15.53368,16.33368,15.11368,0.0,0.00125,1496000.0,30471542.0,-2.8153716791126904,15.98368
HK.02611,国泰海通,2018-01-30 00:00:00,15.28368,14.93368,15.88368,14.87368,0.0,0.00062,747800.0,14982189.0,-3.8625747408212328,15.53368
HK.02611,国泰海通,2018-01-31 00:00:00,14.83368,15.03368,15.11368,14.55368,0.0,0.00161,1924200.0,37818200.0,0.6696273122231067,14.93368
HK.02611,国泰海通,2018-02-01 00:00:00,15.07368,14.99368,15.21368,14.91368,0.0,0.00142,1705669.0,33641215.0,-0.26606925250504815,15.03368
HK.02611,国泰海通,2018-02-02 00:00:00,14.97368,14.99368,15.43368,14.93368,0.0,0.00355,4251058.0,84179156.0,0.0,14.99368
HK.02611,国泰海通,2018-02-05 00:00:00,14.03368,15.01368,15.38368,14.03368,0.0,0.00029,342328.0,6710268.0,0.13338953479066748,14.99368
HK.02611,国泰海通,2018-02-06 00:00:00,14.93368,14.23368,14.93368,13.71368,0.0,0.00118,1417200.0,26905428.0,-5.195261921127939,15.01368
HK.02611,国泰海通,2018-02-07 00:00:00,14.45368,13.71368,14.59368,13.45368,0.0,0.00067,800200.0,14966036.0,-3.653306804705456,14.23368
HK.02611,国泰海通,2018-02-08 00:00:00,13.47368,13.73368,14.21368,13.47368,0.0,0.00028,338800.0,6270304.0,0.14583977459004127,13.71368
HK.02611,国泰海通,2018-02-09 00:00:00,14.13368,12.53368,14.13368,12.09368,0.0,0.00237,2837800.0,48741940.0,-8.737643515794742,13.73368
HK.02611,国泰海通,2018-02-12 00:00:00,12.55368,12.53368,13.01368,12.23368,0.0,0.0014,1681000.0,28951416.0,0.0,12.53368
HK.02611,国泰海通,2018-02-13 00:00:00,12.73368,12.55368,14.03368,12.47368,0.0,0.00083,996400.0,17613440.0,0.15957005444529915,12.53368
HK.02611,国泰海通,2018-02-14 00:00:00,12.79368,12.67368,12.79368,12.45368,0.0,0.00059,706400.0,12269612.0,0.9558950044927004,12.55368
HK.02611,国泰海通,2018-02-15 00:00:00,12.69368,12.99368,13.21368,12.69368,0.0,0.00015,185000.0,3282326.0,2.524917782364714,12.67368
HK.02611,国泰海通,2018-02-20 00:00:00,13.07368,12.99368,13.39368,12.57368,0.0,0.00041,492600.0,8721216.0,0.0,12.99368
HK.02611,国泰海通,2018-02-21 00:00:00,12.99368,13.13368,13.29368,12.71368,0.0,0.00077,925412.0,16488078.0,1.0774468818687284,12.99368
HK.02611,国泰海通,2018-02-22 00:00:00,12.91368,13.35368,13.35368,12.91368,0.0,0.00063,760200.0,13603688.0,1.6750826881727028,13.13368
HK.02611,国泰海通,2018-02-23 00:00:00,13.43368,13.75368,13.79368,13.15368,0.0,0.0006,721800.0,13207072.0,2.995428975383554,13.35368
HK.02611,国泰海通,2018-02-26 00:00:00,13.75368,13.67368,14.09368,13.31368,0.0,0.00094,1129600.0,20847628.0,-0.5816625077797366,13.75368
HK.02611,国泰海通,2018-02-27 00:00:00,13.67368,13.51368,14.01368,13.41368,0.0,0.00072,856951.0,15686780.0,-1.1701312302174571,13.67368
HK.02611,国泰海通,2018-02-28 00:00:00,13.35368,13.39368,13.71368,13.35368,0.0,0.0003,358000.0,6530288.0,-0.8879890599747885,13.51368
HK.02611,国泰海通,2018-03-01 00:00:00,13.43368,13.39368,13.57368,13.23368,0.0,0.00043,518400.0,9391812.0,0.0,13.39368
HK.02611,国泰海通,2018-03-02 00:00:00,13.33368,12.95368,13.35368,12.57368,0.0,0.00148,1771400.0,31201856.0,-3.2851314948542854,13.39368
HK.02611,国泰海通,2018-03-05 00:00:00,12.59368,12.83368,13.13368,12.53368,0.0,0.0008,958200.0,16833092.0,-0.9263776780034785,12.95368
HK.02611,国泰海通,2018-03-06 00:00:00,12.83368,13.05368,13.17368,12.75368,0.0,0.00061,725000.0,12844104.0,1.7142394075588658,12.83368
HK.02611,国泰海通,2018-03-07 00:00:00,12.93368,12.81368,13.01368,12.65368,0.0,0.00153,1827600.0,32194868.0,-1.8385619993748905,13.05368
HK.02611,国泰海通,2018-03-08 00:00:00,13.13368,12.95368,13.13368,12.85368,0.0,0.00047,560000.0,9913912.0,1.0925823026640322,12.81368
HK.02611,国泰海通,2018-03-09 00:00:00,12.79368,12.93368,13.35368,12.79368,0.0,0.00041,497000.0,8809352.0,-0.15439627966724184,12.95368
HK.02611,国泰海通,2018-03-12 00:00:00,13.37368,13.25368,13.51368,13.17368,0.0,0.00057,684400.0,12346084.0,2.47416048641994,12.93368
HK.02611,国泰海通,2018-03-13 00:00:00,13.25368,13.17368,13.31368,13.13368,0.0,0.0006,718800.0,12933600.0,-0.6036059418968927,13.25368
HK.02611,国泰海通,2018-03-14 00:00:00,13.17368,12.95368,13.17368,12.91368,0.0,0.00049,587600.0,10445444.0,-1.6699965385526205,13.17368
HK.02611,国泰海通,2018-03-15 00:00:00,12.97368,12.83368,13.31368,12.61368,0.0,0.00059,705000.0,12374333.0,-0.9263776780034785,12.95368
HK.02611,国泰海通,2018-03-16 00:00:00,12.85368,12.59368,12.93368,12.59368,0.0,0.00328,3932257.0,68487145.0,-1.870079353700563,12.83368
HK.02611,国泰海通,2018-03-19 00:00:00,12.59368,12.45368,12.71368,12.43368,0.0,0.00064,771107.0,13362418.0,-1.1116687100196334,12.59368
HK.02611,国泰海通,2018-03-20 00:00:00,12.45368,12.27368,12.45368,12.15368,0.0,0.0006,723400.0,12299362.0,-1.4453559108632927,12.45368
HK.02611,国泰海通,2018-03-21 00:00:00,12.27368,12.39368,12.61368,12.21368,0.0,0.00056,671800.0,11522528.0,0.9777018791430053,12.27368
HK.02611,国泰海通,2018-03-22 00:00:00,12.37368,12.27368,12.53368,12.23368,12.603,0.00046,555400.0,9514704.0,-0.9682354232156971,12.39368
HK.02611,国泰海通,2018-03-23 00:00:00,12.01368,12.23368,12.27368,11.91368,12.573,0.00095,1134400.0,19145990.0,-0.3259006263810114,12.27368
HK.02611,国泰海通,2018-03-26 00:00:00,12.133679999,12.293679999,12.57368,12.03368,12.618,0.00061,735600.0,12547430.0,0.4904493087934327,12.23368
HK.02611,国泰海通,2018-03-27 00:00:00,12.27368,12.41368,12.45368,12.15368,12.707,0.00066,787200.0,13454891.0,0.9761113109317993,12.293679999
HK.02611,国泰海通,2018-03-28 00:00:00,12.23368,12.23368,12.27368,12.03368,13.481,0.00128,1534760.0,26040952.0,-1.4500132112314779,12.41368
HK.02611,国泰海通,2018-03-29 00:00:00,12.33368,12.27368,12.33368,10.75368,13.513,0.00096,1144000.0,19084768.0,0.3269662113117306,12.23368
HK.02611,国泰海通,2018-04-03 00:00:00,12.313679999,12.91368,12.91368,12.133679999,13.263,0.00044,528000.0,9199436.0,5.214410022096053,12.27368
HK.02611,国泰海通,2018-04-04 00:00:00,13.03368,13.17368,13.87368,12.33368,13.458,0.00141,1687809.0,30429423.0,2.0133687686236597,12.91368
HK.02611,国泰海通,2018-04-06 00:00:00,13.71368,13.57368,13.71368,13.35368,13.758,0.0009,1072200.0,19631412.0,3.0363573428229653,13.17368
HK.02611,国泰海通,2018-04-09 00:00:00,13.43368,13.21368,13.43368,12.43368,13.488,0.00137,1637200.0,29436200.0,-2.6521915943207697,13.57368
HK.02611,国泰海通,2018-04-10 00:00:00,13.13368,13.21368,13.55368,13.13368,13.488,0.00173,2077800.0,37434660.0,0.0,13.21368
HK.02611,国泰海通,2018-04-11 00:00:00,13.23368,13.23368,13.23368,12.95368,13.503,0.00054,651115.0,11675723.0,0.1513582892880679,13.21368
HK.02611,国泰海通,2018-04-12 00:00:00,13.23368,13.21368,13.23368,12.91368,13.488,0.00016,192200.0,3425304.0,-0.15112954219838756,13.23368
HK.02611,国泰海通,2018-04-13 00:00:00,13.51368,13.23368,13.51368,12.97368,13.503,0.00058,697800.0,12543320.0,0.1513582892880679,13.21368
HK.02611,国泰海通,2018-04-16 00:00:00,13.49368,13.17368,13.49368,12.89368,13.458,0.00122,1459000.0,26188056.0,-0.45338862659517604,13.23368
HK.02611,国泰海通,2018-04-17 00:00:00,13.23368,13.17368,13.23368,12.99368,13.458,0.00126,1506455.0,27042511.0,0.0,13.17368
HK.02611,国泰海通,2018-04-18 00:00:00,13.23368,13.13368,13.23368,13.09368,13.428,0.00119,1427100.0,25592442.0,-0.30363573428228974,13.17368
HK.02611,国泰海通,2018-04-19 00:00:00,13.43368,13.13368,13.43368,12.93368,13.428,0.00079,948600.0,16966552.0,0.0,13.13368
HK.02611,国泰海通,2018-04-20 00:00:00,13.23368,13.11368,13.23368,12.89368,13.413,0.00115,1372400.0,24532125.0,-0.15228024437933294,13.13368
HK.02611,国泰海通,2018-04-23 00:00:00,13.23368,12.25368,13.23368,12.23368,12.768,0.00106,1269600.0,22242086.0,-6.558037103238765,13.11368
HK.02611,国泰海通,2018-04-24 00:00:00,12.65368,12.77368,12.93368,12.27368,13.158,0.00155,1857300.0,32730692.0,4.243623140150562,12.25368
HK.02611,国泰海通,2018-04-25 00:00:00,12.73368,12.87368,12.99368,12.73368,13.233,0.00099,1184400.0,20935702.0,0.7828597553719807,12.77368
HK.02611,国泰海通,2018-04-26 00:00:00,12.93368,12.93368,13.05368,12.67368,13.278,0.00196,2343800.0,41496604.0,0.46606720067611196,12.87368
HK.02611,国泰海通,2018-04-27 00:00:00,12.93368,12.87368,13.27368,12.69368,13.233,0.00049,584800.0,10350100.0,-0.4639050912037448,12.93368
HK.02611,国泰海通,2018-04-30 00:00:00,13.45368,13.73368,14.11368,13.45368,13.878,0.00097,1164800.0,21761506.0,6.6802965430242125,12.87368
HK.02611,国泰海通,2018-05-02 00:00:00,14.27368,13.75368,14.27368,13.69368,13.893,0.00158,1893600.0,35115714.0,0.14562739192990937,13.73368
HK.02611,国泰海通,2018-05-03 00:00:00,14.11368,13.73368,14.11368,13.51368,13.878,0.00316,3783260.0,69964023.0,-0.14541562694493093,13.75368
HK.02611,国泰海通,2018-05-04 00:00:00,14.03368,13.73368,14.03368,13.53368,13.878,0.00074,882600.0,16352244.0,0.0,13.73368
HK.02611,国泰海通,2018-05-07 00:00:00,14.19368,13.91368,14.19368,13.47368,14.013,0.00058,699800.0,13054940.0,1.31064652736921,13.73368
HK.02611,国泰海通,2018-05-08 00:00:00,14.19368,14.31368,14.73368,13.93368,14.313,0.00212,2539600.0,48583422.0,2.874868474767282,13.91368
HK.02611,国泰海通,2018-05-09 00:00:00,14.69368,14.37368,14.69368,14.01368,14.358,0.00075,894000.0,16903112.0,0.41917941437841627,14.31368
HK.02611,国泰海通,2018-05-10 00:00:00,14.71368,14.21368,14.71368,14.19368,14.238,0.0016,1920878.0,36718415.0,-1.11314569407417,14.37368
HK.02611,国泰海通,2018-05-11 00:00:00,14.75368,14.23368,14.75368,14.03368,14.253,0.00106,1273400.0,24219967.0,0.14070951365163403,14.21368
HK.02611,国泰海通,2018-05-14 00:00:00,14.63368,14.57368,14.67368,14.19368,14.508,0.00164,1963400.0,37494890.0,2.3887006030766456,14.23368
HK.02611,国泰海通,2018-05-15 00:00:00,15.53368,14.37368,15.53368,14.03368,14.358,0.00235,2816600.0,53650431.0,-1.3723369800901302,14.57368
HK.02611,国泰海通,2018-05-16 00:00:00,14.41368,14.21368,14.53368,14.03368,14.238,0.00167,2004633.0,38043326.0,-1.11314569407417,14.37368
HK.02611,国泰海通,2018-05-17 00:00:00,14.39368,14.23368,14.39368,13.89368,14.253,0.00108,1295200.0,24584956.0,0.14070951365163403,14.21368
HK.02611,国泰海通,2018-05-18 00:00:00,14.63368,14.31368,14.63368,14.07368,14.313,0.00187,2241400.0,42608728.0,0.5620472007239173,14.23368
HK.02611,国泰海通,2018-05-21 00:00:00,14.71368,14.31368,14.71368,13.95368,14.313,0.00063,753000.0,14258580.0,0.0,14.31368
HK.02611,国泰海通,2018-05-23 00:00:00,14.49368,14.15368,14.49368,13.95368,14.193,0.00159,1900675.0,36013109.0,-1.1178117716757685,14.31368
HK.02611,国泰海通,2018-05-24 00:00:00,14.17368,14.23368,14.23368,13.79368,14.253,0.00154,1848000.0,35004558.0,0.5652240265429208,14.15368
HK.02611,国泰海通,2018-05-25 00:00:00,14.27368,14.09368,14.27368,13.87368,14.148,0.0024,2872200.0,53988802.0,-0.9835826012668459,14.23368
HK.02611,国泰海通,2018-05-28 00:00:00,15.23368,14.35368,15.23368,14.03368,14.343,0.00254,3042500.0,57810428.0,1.8447985196201402,14.09368
HK.02611,国泰海通,2018-05-29 00:00:00,14.35368,13.85368,14.35368,13.83368,13.968,0.00157,1876900.0,35271292.0,-3.4834272465318996,14.35368
HK.02611,国泰海通,2018-05-30 00:00:00,13.55368,13.43368,14.09368,13.35368,13.653,0.00254,3039353.0,55910961.0,-3.0316854438676213,13.85368
HK.02611,国泰海通,2018-05-31 00:00:00,13.71368,13.47368,13.71368,13.23368,13.683,0.0341,40841201.0,744144579.0,0.29775906527473595,13.43368
HK.02611,国泰海通,2018-06-01 00:00:00,13.26772,13.02772,13.72772,12.84772,12.978,0.00184,2207780.0,38853316.0,-3.309860409331374,13.47368
HK.02611,国泰海通,2018-06-04 00:00:00,13.38772,13.70772,13.72772,13.14772,13.488,0.00256,3071826.0,54479237.0,5.219639353624423,13.02772
HK.02611,国泰海通,2018-06-05 00:00:00,14.30772,13.74772,14.30772,13.72772,13.518,0.00122,1465000.0,26394132.0,0.29180636896580286,13.70772
HK.02611,国泰海通,2018-06-06 00:00:00,13.44772,13.72772,13.74772,13.26772,13.503,0.00151,1804826.0,32382381.0,-0.1454786684628402,13.74772
HK.02611,国泰海通,2018-06-07 00:00:00,14.08772,13.88772,14.08772,13.60772,13.623,0.00054,648400.0,11729748.0,1.1655249378629529,13.72772
HK.02611,国泰海通,2018-06-08 00:00:00,13.88772,13.88772,14.18772,13.78772,13.623,0.00138,1650400.0,29975892.0,0.0,13.88772
HK.02611,国泰海通,2018-06-11 00:00:00,14.22772,13.82772,14.22772,13.50772,13.578,0.00126,1511200.0,27274422.0,-0.43203636018007635,13.88772
HK.02611,国泰海通,2018-06-12 00:00:00,13.56772,13.92772,14.20772,13.22772,13.653,0.00053,635800.0,11542668.0,0.7231850225489193,13.82772
HK.02611,国泰海通,2018-06-13 00:00:00,14.06772,13.86772,14.06772,13.36772,13.608,0.00097,1162660.0,21107877.0,-0.4307955645288712,13.92772
HK.02611,国泰海通,2018-06-14 00:00:00,15.50772,14.00772,15.50772,13.98772,13.713,0.00148,1772026.0,32780061.0,1.009538698502714,13.86772
HK.02611,国泰海通,2018-06-15 00:00:00,13.74772,13.84772,14.10772,13.72772,13.593,0.0029,3478825.0,63050582.0,-1.142227286096525,14.00772
HK.02611,国泰海通,2018-06-19 00:00:00,13.58772,12.607719999,13.70772,12.52772,12.663,0.00176,2112235.0,36369709.0,-8.95454270450298,13.84772
HK.02611,国泰海通,2018-06-20 00:00:00,12.607719999,12.70772,13.02772,12.467719999,12.738,0.00149,1786296.0,30558370.0,0.793164830817399,12.607719999
HK.02611,国泰海通,2018-06-21 00:00:00,12.72772,12.26772,13.02772,12.06772,12.408,0.00062,743000.0,12374484.0,-3.4624621883390527,12.70772
HK.02611,国泰海通,2018-06-22 00:00:00,13.66772,12.64772,13.66772,12.447719999,12.693,0.00218,2610600.0,44458888.0,3.0975601008174216,12.26772
HK.02611,国泰海通,2018-06-25 00:00:00,12.787719999,12.38772,12.787719999,12.34772,12.498,0.00099,1188400.0,20072072.0,-2.055706483065721,12.64772
HK.02611,国泰海通,2018-06-26 00:00:00,12.14772,11.86772,12.18772,10.72772,12.108,0.00045,543800.0,8748824.0,-4.197705469610224,12.38772
HK.02611,国泰海通,2018-06-27 00:00:00,11.60772,11.26772,12.20772,11.26772,11.657,0.00014,161940.0,2530226.0,-5.055731008146465,11.86772
HK.02611,国泰海通,2018-06-28 00:00:00,11.28772,11.32772,11.84772,11.20772,11.702,0.0004,484289.0,7588461.0,0.5324945951798475,11.26772
HK.02611,国泰海通,2018-06-29 00:00:00,11.46772,12.40772,13.08772,11.40772,12.513,0.00106,1268600.0,20924264.0,9.534133965175693,11.32772
HK.02611,国泰海通,2018-07-03 00:00:00,11.98772,12.24772,12.34772,11.54772,12.393,0.0013,1558400.0,25261612.0,-1.2895197506068814,12.40772
HK.02611,国泰海通,2018-07-04 00:00:00,12.24772,11.56772,12.24772,11.44772,11.882,0.00035,424048.0,6734116.0,-5.552053770007803,12.24772
HK.02611,国泰海通,2018-07-05 00:00:00,11.42772,11.50772,11.62772,11.34772,11.837,0.00093,1116200.0,17593256.0,-0.5186847537803363,11.56772
HK.02611,国泰海通,2018-07-06 00:00:00,11.52772,11.32772,11.807719999,11.22772,11.702,0.00148,1766909.0,27707849.0,-1.5641673589555662,11.50772
HK.02611,国泰海通,2018-07-09 00:00:00,11.40772,11.46772,12.48772,10.72772,11.807,0.00057,688000.0,10884644.0,1.2359062547450024,11.32772
HK.02611,国泰海通,2018-07-10 00:00:00,11.58772,11.42772,11.86772,11.16772,11.777,0.00029,343200.0,5424640.0,-0.34880516789736016,11.46772
HK.02611,国泰海通,2018-07-11 00:00:00,11.72772,11.12772,11.72772,11.12772,11.552,0.00037,442800.0,6870084.0,-2.6251955770704978,11.42772
HK.02611,国泰海通,2018-07-12 00:00:00,11.10772,11.22772,11.50772,11.10772,11.627,0.00016,195942.0,3067098.0,0.8986566879828002,11.12772
HK.02611,国泰海通,2018-07-13 00:00:00,11.70772,11.38772,11.70772,11.30772,11.747,0.00019,232348.0,3643206.0,1.4250444435735854,11.22772
HK.02611,国泰海通,2018-07-16 00:00:00,11.56772,11.34772,11.56772,11.34772,11.717,6e-05,68400.0,1069752.0,-0.3512555630099717,11.38772
HK.02611,国泰海通,2018-07-17 00:00:00,11.34772,11.84772,11.84772,11.06772,12.093,0.00031,372810.0,5877219.0,4.406171459993725,11.34772
HK.02611,国泰海通,2018-07-18 00:00:00,11.84772,11.90772,11.90772,11.46772,12.138,0.00051,610623.0,9747584.0,0.5064265529570138,11.84772
HK.02611,国泰海通,2018-07-19 00:00:00,11.72772,11.70772,11.92772,11.50772,11.987,0.00037,439200.0,6983380.0,-1.6795826573013077,11.90772
HK.02611,国泰海通,2018-07-20 00:00:00,11.60772,11.58772,11.66772,11.10772,11.897,0.00483,5787820.0,91314105.0,-1.024964724130753,11.70772
HK.02611,国泰海通,2018-07-23 00:00:00,11.56772,11.58772,11.62772,11.52772,11.897,0.00017,209020.0,3313301.0,0.0,11.58772
HK.02611,国泰海通,2018-07-24 00:00:00,11.68772,12.20772,12.307719999,11.68772,12.363,0.00036,435400.0,7119860.0,5.350491727449412,11.58772
HK.02611,国泰海通,2018-07-25 00:00:00,11.98772,11.807719999,12.447719999,11.64772,12.063,0.00056,673000.0,10859824.0,-3.276615133702284,12.20772
HK.02611,国泰海通,2018-07-26 00:00:00,11.92772,11.60772,12.38772,11.60772,11.912,0.00036,434800.0,7053308.0,-1.693807094146349,11.807719999
HK.02611,国泰海通,2018-07-27 00:00:00,11.46772,11.68772,11.68772,11.46772,11.972,0.00013,152600.0,2431540.0,0.6891965002601722,11.60772
HK.02611,国泰海通,2018-07-30 00:00:00,11.58772,11.807719999,11.90772,11.40772,12.063,0.00021,251200.0,4006972.0,1.0267186328898976,11.68772
HK.02611,国泰海通,2018-07-31 00:00:00,11.92772,12.00772,12.18772,11.70772,12.213,0.00035,424600.0,6903826.0,1.6938071110844364,11.807719999
HK.02611,国泰海通,2018-08-01 00:00:00,12.00772,12.127719999,12.127719999,11.42772,12.303,0.00039,471000.0,7703748.0,0.9993570719503714,12.00772
HK.02611,国泰海通,2018-08-02 00:00:00,11.86772,11.40772,11.86772,11.20772,11.762,0.00015,181800.0,2862605.0,-5.936812517599092,12.127719999
HK.02611,国泰海通,2018-08-03 00:00:00,11.40772,11.36772,11.92772,11.14772,11.732,0.00032,379200.0,5963376.0,-0.35063974220965405,11.40772
HK.02611,国泰海通,2018-08-06 00:00:00,11.38772,11.48772,12.307719999,11.20772,11.822,0.00025,294800.0,4648764.0,1.055620652162432,11.36772
HK.02611,国泰海通,2018-08-07 00:00:00,11.62772,11.70772,11.70772,11.22772,11.987,0.00034,411000.0,6517866.0,1.9150884596769477,11.48772
HK.02611,国泰海通,2018-08-08 00:00:00,12.18772,11.787719999,12.18772,11.72772,12.048,0.00035,421800.0,6778217.0,0.6833098075457902,11.70772
HK.02611,国泰海通,2018-08-09 00:00:00,12.22772,12.107719999,12.22772,11.967719999,12.288,7e-05,84583.0,1382840.0,2.7146895245827625,11.787719999
HK.02611,国泰海通,2018-08-10 00:00:00,12.42772,12.04772,12.42772,11.947719999,12.243,0.0003,361623.0,5918711.0,-0.4955515902660115,12.107719999
HK.02611,国泰海通,2018-08-13 00:00:00,12.00772,11.76772,12.38772,11.38772,12.033,0.00019,231200.0,3717318.0,-2.324091197338578,12.04772
HK.02611,国泰海通,2018-08-14 00:00:00,11.76772,12.06772,12.32772,11.76772,12.258,0.00021,255400.0,4160256.0,2.549346857335142,11.76772
HK.02611,国泰海通,2018-08-15 00:00:00,12.24772,11.86772,12.24772,11.64772,12.108,0.00034,404600.0,6542040.0,-1.6573138919364991,12.06772
HK.02611,国泰海通,2018-08-16 00:00:00,12.24772,11.54772,12.24772,11.30772,11.867,0.0002,235800.0,3760992.0,-2.6963898710114518,11.86772
HK.02611,国泰海通,2018-08-17 00:00:00,11.62772,11.84772,12.24772,11.62772,12.093,0.00033,398000.0,6426200.0,2.5979154326568423,11.54772
HK.02611,国泰海通,2018-08-20 00:00:00,12.00772,12.42772,13.00772,11.82772,12.528,0.00043,513600.0,8600870.0,4.895456678584572,11.84772
HK.02611,国泰海通,2018-08-21 00:00:00,12.74772,13.10772,13.22772,12.48772,13.038,0.00044,523200.0,9043348.0,5.47163920654794,12.42772
HK.02611,国泰海通,2018-08-22 00:00:00,13.10772,12.76772,13.10772,12.64772,12.783,0.00047,565800.0,9647822.0,-2.5938912335631206,13.10772
HK.02611,国泰海通,2018-08-23 00:00:00,12.90772,12.72772,12.92772,12.34772,12.753,0.00057,678180.0,11519409.0,-0.31329007841651385,12.76772
HK.02611,国泰海通,2018-08-24 00:00:00,12.02772,12.32772,12.70772,12.02772,12.453,0.00032,384200.0,6379568.0,-3.14274669775891,12.72772
HK.02611,国泰海通,2018-08-27 00:00:00,12.24772,13.02772,13.02772,12.20772,12.978,0.00036,431400.0,7247452.0,5.678260051331479,12.32772
HK.02611,国泰海通,2018-08-28 00:00:00,12.72772,12.40772,13.02772,12.02772,12.513,0.0006,714600.0,11909496.0,-4.759082940069337,13.02772
HK.02611,国泰海通,2018-08-29 00:00:00,12.00772,12.36772,12.72772,12.00772,12.483,0.00042,507400.0,8459160.0,-0.3223799376517132,12.40772
HK.02611,国泰海通,2018-08-30 00:00:00,13.00772,11.64772,13.00772,11.54772,11.942,0.00026,311148.0,5038409.0,-5.821606569359596,12.36772
HK.02611,国泰海通,2018-08-31 00:00:00,11.62772,11.92772,12.32772,11.54772,12.153,0.00121,1451000.0,23425038.0,2.4039039399985676,11.64772
HK.02611,国泰海通,2018-09-03 00:00:00,12.32772,11.967719999,12.32772,11.74772,12.183,0.00026,310520.0,5043728.0,0.33535326952677513,11.92772
HK.02611,国泰海通,2018-09-04 00:00:00,11.787719999,12.32772,12.66772,11.787719999,12.453,0.00023,270000.0,4450224.0,3.0080917754599907,11.967719999
HK.02611,国泰海通,2018-09-05 00:00:00,12.627719999,10.70772,12.627719999,10.58772,11.237,0.00115,1374268.0,21200756.0,-13.141116118795685,12.32772
HK.02611,国泰海通,2018-09-06 00:00:00,10.76772,11.14772,11.36772,10.76772,11.567,0.00034,403760.0,6217558.0,4.109184775096841,10.70772
HK.02611,国泰海通,2018-09-07 00:00:00,11.34772,11.44772,11.58772,11.28772,11.792,0.00029,344400.0,5409728.0,2.6911332541542192,11.14772
HK.02611,国泰海通,2018-09-10 00:00:00,11.36772,10.96772,11.52772,10.90772,11.432,0.00056,673600.0,10480976.0,-4.192974670938845,11.44772
HK.02611,国泰海通,2018-09-11 00:00:00,10.60772,10.64772,10.94772,10.38772,11.192,0.00046,554200.0,8276244.0,-2.9176528941293203,10.96772
HK.02611,国泰海通,2018-09-12 00:00:00,10.24772,11.02772,12.18772,10.24772,11.477,0.00024,288600.0,4423120.0,3.568839150541156,10.64772
HK.02611,国泰海通,2018-09-13 00:00:00,11.12772,11.74772,11.98772,11.12772,12.018,0.0007,836200.0,13377453.0,6.529001461770872,11.02772
HK.02611,国泰海通,2018-09-14 00:00:00,12.107719999,12.107719999,12.107719999,11.60772,12.288,0.00051,613636.0,9907491.0,3.0644244074594997,11.74772
HK.02611,国泰海通,2018-09-17 00:00:00,12.20772,11.12772,12.20772,11.00772,11.552,0.00039,467200.0,7223512.0,-8.0940094343191,12.107719999
HK.02611,国泰海通,2018-09-18 00:00:00,11.12772,11.70772,11.90772,11.04772,11.987,0.00031,371922.0,5873112.0,5.21220879030026,11.12772
HK.02611,国泰海通,2018-09-19 00:00:00,11.98772,12.08772,12.127719999,11.56772,12.273,0.00034,403600.0,6538280.0,3.245721626414016,11.70772
HK.02611,国泰海通,2018-09-20 00:00:00,12.22772,12.04772,12.22772,11.60772,12.243,0.00053,634800.0,10335168.0,-0.3309143494389277,12.08772
HK.02611,国泰海通,2018-09-21 00:00:00,12.22772,12.287719999,12.40772,11.90772,12.423,0.00122,1459319.0,24116650.0,1.9920781608470328,12.04772
HK.02611,国泰海通,2018-09-24 00:00:00,11.98772,11.68772,12.02772,11.52772,11.972,0.00015,184000.0,2942528.0,-4.882923756798077,12.287719999
HK.02611,国泰海通,2018-09-26 00:00:00,11.807719999,11.92772,12.18772,11.70772,12.153,0.00044,532413.0,8615733.0,2.0534372828917893,11.68772
HK.02611,国泰海通,2018-09-27 00:00:00,12.16772,12.107719999,12.22772,11.72772,12.288,0.00046,545800.0,8880340.0,1.509089742213932,11.92772
HK.02611,国泰海通,2018-09-28 00:00:00,12.06772,11.82772,12.06772,11.48772,12.078,0.0002,244600.0,3932056.0,-2.312574118191755,12.107719999
HK.02611,国泰海通,2018-10-02 00:00:00,12.14772,12.06772,12.38772,11.76772,12.258,0.00037,448400.0,7303884.0,2.0291315655088233,11.82772
HK.02611,国泰海通,2018-10-03 00:00:00,12.127719999,12.127719999,12.467719999,11.82772,12.303,0.00035,422849.0,6959957.0,0.49719415929438554,12.06772
HK.02611,国泰海通,2018-10-04 00:00:00,12.14772,11.56772,12.14772,11.50772,11.882,0.00024,283800.0,4533860.0,-4.6175208451891665,12.127719999
HK.02611,国泰海通,2018-10-05 00:00:00,11.60772,11.68772,11.807719999,11.56772,11.972,0.00025,295400.0,4721001.0,1.0373695075607032,11.56772
HK.02611,国泰海通,2018-10-08 00:00:00,11.66772,11.46772,11.92772,11.46772,11.807,0.00028,336600.0,5362832.0,-1.882317509317477,11.68772
HK.02611,国泰海通,2018-10-09 00:00:00,11.70772,11.62772,11.76772,11.42772,11.927,0.00099,1186480.0,18874761.0,1.3952206715894715,11.46772
HK.02611,国泰海通,2018-10-10 00:00:00,11.70772,11.42772,11.84772,11.42772,11.777,0.00013,158806.0,2523314.0,-1.7200276580447353,11.62772
HK.02611,国泰海通,2018-10-11 00:00:00,11.42772,11.22772,11.62772,10.60772,11.627,0.0009,1078669.0,16614343.0,-1.7501303847136704,11.42772
HK.02611,国泰海通,2018-10-12 00:00:00,11.06772,11.42772,11.807719999,11.06772,11.777,0.00067,805600.0,12547804.0,1.7813055544669893,11.22772
HK.02611,国泰海通,2018-10-15 00:00:00,11.44772,11.52772,11.787719999,11.30772,11.852,0.00075,899890.0,14217531.0,0.8750651923568273,11.42772
HK.02611,国泰海通,2018-10-16 00:00:00,11.72772,11.82772,11.90772,11.22772,12.078,0.00052,628042.0,10014136.0,2.602422682022108,11.52772
HK.02611,国泰海通,2018-10-18 00:00:00,11.48772,11.74772,11.82772,11.42772,12.018,0.00017,205210.0,3264975.0,-0.6763771885029412,11.82772
HK.02611,国泰海通,2018-10-19 00:00:00,11.70772,12.02772,12.127719999,11.70772,12.395,0.00028,338800.0,5490594.0,2.3834412124225053,11.74772
HK.02611,国泰海通,2018-10-22 00:00:00,12.08772,12.70772,12.98772,12.04772,12.912,0.00107,1280000.0,21645402.0,5.6536068348780955,12.02772
HK.02611,国泰海通,2018-10-23 00:00:00,12.74772,11.88772,13.14772,11.88772,12.288,0.00038,458600.0,7664396.0,-6.452770441904608,12.70772
HK.02611,国泰海通,2018-10-24 00:00:00,12.70772,12.26772,12.70772,11.88772,12.577,0.00049,592080.0,9792955.0,3.1965759624217327,11.88772
HK.02611,国泰海通,2018-10-25 00:00:00,12.08772,12.307719999,12.88772,12.00772,12.608,0.00055,664000.0,10924644.0,0.3260589498293005,12.26772
HK.02611,国泰海通,2018-10-26 00:00:00,12.24772,12.16772,12.627719999,12.00772,12.501,0.00042,504200.0,8324842.0,-1.1374974325982021,12.307719999
HK.02611,国泰海通,2018-10-29 00:00:00,12.38772,12.04772,12.38772,11.68772,12.243,0.0002,241704.0,3916256.0,-0.9862159878761119,12.16772
HK.02611,国泰海通,2018-10-30 00:00:00,12.04772,12.04772,12.56772,11.56772,12.243,0.0009,1084000.0,17763966.0,0.0,12.04772
HK.02611,国泰海通,2018-10-31 00:00:00,12.26772,12.24772,12.40772,12.107719999,12.393,0.00058,698800.0,11570762.0,1.6600651409561253,12.04772
HK.02611,国泰海通,2018-11-01 00:00:00,12.467719999,12.22772,12.807719999,11.74772,12.378,0.00115,1382760.0,23199510.0,-0.16329569911787317,12.24772
HK.02611,国泰海通,2018-11-02 00:00:00,12.56772,12.50772,12.74772,12.40772,12.588,0.00126,1503532.0,25204587.0,2.289879061672995,12.22772
HK.02611,国泰海通,2018-11-05 00:00:00,12.64772,12.287719999,12.64772,12.06772,12.423,0.00067,802072.0,13275480.0,-1.7589137028970965,12.50772
HK.02611,国泰海通,2018-11-06 00:00:00,12.70772,12.447719999,12.70772,12.26772,12.543,0.0004,475800.0,7944192.0,1.302113003983011,12.287719999
HK.02611,国泰海通,2018-11-07 00:00:00,12.52772,12.52772,12.70772,12.32772,12.603,0.00019,227000.0,3808124.0,0.6426879862852557,12.447719999
HK.02611,国泰海通,2018-11-08 00:00:00,12.72772,12.14772,12.72772,12.02772,12.318,0.00046,545850.0,9048779.0,-3.033273412879604,12.52772
HK.02611,国泰海通,2018-11-09 00:00:00,12.467719999,11.22772,12.467719999,11.12772,11.627,0.00031,371400.0,5867276.0,-7.573437649204953,12.14772
HK.02611,国泰海通,2018-11-12 00:00:00,11.66772,11.72772,12.36772,11.48772,12.003,0.00059,708100.0,11463736.0,4.45326388616745,11.22772
HK.02611,国泰海通,2018-11-13 00:00:00,11.74772,12.00772,12.26772,11.70772,12.213,0.0009,1083751.0,17624789.0,2.387505840862513,11.72772
HK.02611,国泰海通,2018-11-14 00:00:00,12.607719999,11.82772,12.607719999,11.807719999,12.078,0.0006,718572.0,11712117.0,-1.4990356204175437,12.00772
HK.02611,国泰海通,2018-11-15 00:00:00,11.787719999,12.16772,12.18772,11.787719999,12.333,0.00094,1126600.0,18463820.0,2.874603051137496,11.82772
HK.02611,国泰海通,2018-11-16 00:00:00,12.107719999,12.42772,12.58772,12.08772,12.528,0.00119,1423258.0,23646155.0,2.1368013070649354,12.16772
HK.02611,国泰海通,2018-11-19 00:00:00,12.42772,12.66772,12.90772,12.42772,12.708,0.00138,1655283.0,28084594.0,1.9311667787816142,12.42772
HK.02611,国泰海通,2018-11-20 00:00:00,12.64772,11.92772,12.72772,11.76772,12.153,0.00077,923984.0,15166101.0,-5.841619486379542,12.66772
HK.02611,国泰海通,2018-11-21 00:00:00,12.02772,11.88772,12.18772,11.76772,12.123,0.00077,924200.0,14980980.0,-0.3353532779106227,11.92772
HK.02611,国泰海通,2018-11-22 00:00:00,11.92772,11.86772,12.00772,11.76772,12.108,0.00018,215190.0,3477709.0,-0.1682408401274557,11.88772
HK.02611,国泰海通,2018-11-23 00:00:00,12.08772,11.52772,12.08772,11.34772,11.852,0.00034,403400.0,6422684.0,-2.8649142379496637,11.86772
HK.02611,国泰海通,2018-11-26 00:00:00,11.58772,11.787719999,11.787719999,11.36772,12.048,0.00045,535440.0,8522400.0,2.2554329824110897,11.52772
HK.02611,国泰海通,2018-11-27 00:00:00,11.90772,11.807719999,11.967719999,11.70772,12.063,0.00031,374910.0,6035092.0,0.16966809528641888,11.787719999
HK.02611,国泰海通,2018-11-28 00:00:00,12.04772,11.84772,12.04772,11.70772,12.093,0.00055,659590.0,10640377.0,0.3387614289921223,11.807719999
HK.02611,国泰海通,2018-11-29 00:00:00,12.06772,11.807719999,12.16772,11.68772,12.063,0.00029,344690.0,5582506.0,-0.3376177104118008,11.84772
HK.02611,国泰海通,2018-11-30 00:00:00,11.947719999,11.98772,12.127719999,11.62772,12.198,0.00122,1464800.0,23717154.0,1.5244264008228858,11.807719999
HK.02611,国泰海通,2018-12-03 00:00:00,12.307719999,12.40772,12.58772,12.20772,12.513,0.00074,880500.0,14657586.0,3.5035853356601585,11.98772
HK.02611,国泰海通,2018-12-04 00:00:00,12.66772,12.607719999,12.66772,12.34772,12.663,0.001,1195484.0,20070308.0,1.61189968019911,12.40772
HK.02611,国泰海通,2018-12-05 00:00:00,12.34772,12.42772,12.58772,12.287719999,12.528,0.00038,457380.0,7630331.0,-1.427696673262704,12.607719999
HK.02611,国泰海通,2018-12-06 00:00:00,12.86772,11.68772,12.86772,11.52772,11.972,0.0003,353672.0,5696221.0,-5.9544309012433505,12.42772
HK.02611,国泰海通,2018-12-07 00:00:00,12.56772,11.38772,12.70772,11.32772,11.747,0.00045,534800.0,8635884.0,-2.56679660361474,11.68772
HK.02611,国泰海通,2018-12-10 00:00:00,11.52772,11.38772,11.52772,11.30772,11.747,0.00024,287600.0,4519636.0,0.0,11.38772
HK.02611,国泰海通,2018-12-11 00:00:00,11.38772,11.24772,11.70772,11.18772,11.642,0.00019,225600.0,3522828.0,-1.2293944705349322,11.38772
HK.02611,国泰海通,2018-12-12 00:00:00,11.36772,11.60772,11.84772,11.34772,11.912,0.0001,120400.0,1909040.0,3.200648664796076,11.24772
HK.02611,国泰海通,2018-12-13 00:00:00,12.00772,11.74772,12.00772,11.54772,12.018,0.00027,320000.0,5120332.0,1.20609387545529,11.60772
HK.02611,国泰海通,2018-12-14 00:00:00,11.74772,11.90772,12.127719999,11.54772,12.138,0.00025,296400.0,4787848.0,1.3619664070985702,11.74772
HK.02611,国泰海通,2018-12-17 00:00:00,12.38772,11.16772,12.38772,11.16772,11.582,0.00032,386200.0,6049370.0,-6.214455832014863,11.90772
HK.02611,国泰海通,2018-12-18 00:00:00,11.46772,11.50772,11.68772,11.18772,11.837,0.00022,264400.0,4148960.0,3.044488937759916,11.16772
HK.02611,国泰海通,2018-12-19 00:00:00,11.62772,11.38772,11.68772,11.32772,11.747,9e-05,108299.0,1698930.0,-1.0427782393037108,11.50772
HK.02611,国泰海通,2018-12-20 00:00:00,11.60772,11.56772,11.967719999,11.14772,11.882,0.00126,1511800.0,23967484.0,1.5806500335449039,11.38772
HK.02611,国泰海通,2018-12-21 00:00:00,11.44772,11.30772,11.48772,11.10772,11.687,0.00029,352103.0,5485218.0,-2.2476339330481703,11.56772
HK.02611,国泰海通,2018-12-24 00:00:00,11.08772,11.60772,11.70772,11.08772,11.912,0.00019,222353.0,3505092.0,2.6530547272129192,11.30772
HK.02611,国泰海通,2018-12-27 00:00:00,11.38772,11.20772,11.38772,11.04772,11.612,0.00013,154120.0,2390755.0,-3.4459825013008616,11.60772
HK.02611,国泰海通,2018-12-28 00:00:00,11.60772,11.56772,11.90772,11.22772,11.882,0.00113,1350200.0,21464196.0,3.2120716791639996,11.20772
HK.02611,国泰海通,2018-12-31 00:00:00,11.98772,11.56772,11.98772,11.56772,11.882,0.00143,1708520.0,27379992.0,0.0,11.56772
HK.02611,国泰海通,2019-01-02 00:00:00,11.92772,11.52772,11.92772,11.40772,11.852,0.00011,127008.0,2008353.0,-0.34578983585355755,11.56772
HK.02611,国泰海通,2019-01-03 00:00:00,11.62772,11.46772,11.62772,11.26772,11.807,0.00028,341200.0,5367652.0,-0.5204845364044277,11.52772
HK.02611,国泰海通,2019-01-04 00:00:00,11.56772,11.52772,11.947719999,11.46772,11.852,0.00088,1049160.0,16745644.0,0.5232077518460556,11.46772
HK.02611,国泰海通,2019-01-07 00:00:00,11.54772,11.56772,12.107719999,11.38772,11.882,0.00066,796400.0,12658388.0,0.3469896909362749,11.52772
HK.02611,国泰海通,2019-01-08 00:00:00,11.64772,11.04772,11.64772,10.98772,11.492,0.00035,422740.0,6571579.0,-4.4952678660963405,11.56772
HK.02611,国泰海通,2019-01-09 00:00:00,11.36772,11.58772,11.64772,11.18772,11.897,0.00062,744160.0,11765251.0,4.887886369314204,11.04772
HK.02611,国泰海通,2019-01-10 00:00:00,12.127719999,11.54772,12.127719999,11.34772,11.867,0.0005,600160.0,9500334.0,-0.3451930146741477,11.58772
HK.02611,国泰海通,2019-01-11 00:00:00,12.06772,11.68772,12.06772,11.50772,11.972,0.0006,720540.0,11445252.0,1.2123605352398619,11.54772
HK.02611,国泰海通,2019-01-14 00:00:00,11.82772,11.56772,12.02772,11.52772,11.882,0.00053,632600.0,10033304.0,-1.026718641445902,11.68772
HK.02611,国泰海通,2019-01-15 00:00:00,11.64772,12.00772,12.02772,11.64772,12.213,0.00084,1008400.0,16344760.0,3.803688194389225,11.56772
HK.02611,国泰海通,2019-01-16 00:00:00,11.92772,12.107719999,12.127719999,11.82772,12.288,0.00079,947000.0,15431772.0,0.8327975585706492,12.00772
HK.02611,国泰海通,2019-01-17 00:00:00,12.72772,12.00772,12.72772,11.88772,12.213,0.0008,962800.0,15710808.0,-0.8259193226161388,12.107719999
HK.02611,国泰海通,2019-01-18 00:00:00,12.02772,12.04772,12.107719999,11.52772,12.243,0.00094,1128200.0,18403728.0,0.3331190267594443,12.00772
HK.02611,国泰海通,2019-01-21 00:00:00,12.34772,12.16772,12.34772,12.04772,12.333,0.0012,1431600.0,23516832.0,0.9960390845736722,12.04772
HK.02611,国泰海通,2019-01-22 00:00:00,12.14772,12.06772,12.40772,11.92772,12.258,0.00072,856800.0,13983680.0,-0.8218466565634288,12.16772
HK.02611,国泰海通,2019-01-23 00:00:00,11.807719999,12.287719999,12.307719999,11.807719999,12.423,0.00081,969400.0,15952508.0,1.8230452728435906,12.06772
HK.02611,国泰海通,2019-01-24 00:00:00,12.58772,12.58772,12.58772,12.22772,12.648,0.00094,1125000.0,18864854.0,2.4414618906063423,12.287719999
HK.02611,国泰海通,2019-01-25 00:00:00,12.74772,12.82772,12.88772,12.70772,12.828,0.00154,1840200.0,31387626.0,1.9066201027668255,12.58772
HK.02611,国泰海通,2019-01-28 00:00:00,13.00772,12.64772,13.02772,12.26772,12.693,0.00119,1431400.0,24317076.0,-1.4032111708082162,12.82772
HK.02611,国泰海通,2019-01-29 00:00:00,12.98772,12.14772,12.98772,11.88772,12.318,0.00048,574800.0,9443668.0,-3.9532816982033125,12.64772
HK.02611,国泰海通,2019-01-30 00:00:00,11.90772,11.92772,12.127719999,11.787719999,12.153,0.0004,482800.0,7827632.0,-1.8110394378533492,12.14772
HK.02611,国泰海通,2019-01-31 00:00:00,12.20772,12.447719999,12.607719999,12.20772,12.543,0.0033,3950800.0,65626916.0,4.359592604454158,11.92772
HK.02611,国泰海通,2019-02-01 00:00:00,13.72772,12.787719999,13.72772,12.36772,12.798,0.0006,721200.0,12272534.0,2.7314239075695315,12.447719999
HK.02611,国泰海通,2019-02-04 00:00:00,12.627719999,13.32772,13.58772,12.627719999,13.203,0.00027,328549.0,5710790.0,4.222801258099389,12.787719999
HK.02611,国泰海通,2019-02-08 00:00:00,13.40772,12.98772,13.40772,12.74772,12.948,0.00062,745364.0,12865668.0,-2.5510740021549063,13.32772
HK.02611,国泰海通,2019-02-11 00:00:00,12.82772,13.10772,13.22772,12.72772,13.038,0.00071,849514.0,14732734.0,0.92394970017833,12.98772
HK.02611,国泰海通,2019-02-12 00:00:00,13.04772,13.04772,13.12772,12.787719999,12.993,0.00094,1127088.0,19500248.0,-0.4577455118052605,13.10772
HK.02611,国泰海通,2019-02-13 00:00:00,12.92772,13.12772,13.32772,12.82772,13.053,0.0008,960800.0,16717876.0,0.6131339421753385,13.04772
HK.02611,国泰海通,2019-02-14 00:00:00,13.22772,13.04772,13.22772,12.807719999,12.993,0.00116,1387400.0,23966408.0,-0.6093975191427001,13.12772
HK.02611,国泰海通,2019-02-15 00:00:00,12.82772,13.02772,13.08772,12.82772,12.978,0.00087,1043600.0,17978128.0,-0.1532834855438312,13.04772
HK.02611,国泰海通,2019-02-18 00:00:00,13.02772,13.42772,13.68772,13.00772,13.278,0.00163,1949700.0,34552714.0,3.0703760903673114,13.02772
HK.02611,国泰海通,2019-02-19 00:00:00,13.70772,13.66772,13.76772,13.66772,13.458,0.00063,759926.0,13669074.0,1.7873473679820433,13.42772
HK.02611,国泰海通,2019-02-20 00:00:00,13.52772,13.98772,14.20772,13.52772,13.698,0.00211,2521657.0,46045437.0,2.3412829645324917,13.66772
HK.02611,国泰海通,2019-02-21 00:00:00,14.12772,14.02772,14.12772,13.82772,13.728,0.00074,886200.0,16177948.0,0.285965117974916,13.98772
HK.02611,国泰海通,2019-02-22 00:00:00,13.62772,14.22772,14.56772,13.62772,13.878,0.00252,3017790.0,55860893.0,1.4257484466470622,14.02772
HK.02611,国泰海通,2019-02-25 00:00:00,14.52772,14.52772,14.92772,14.32772,14.103,0.01131,13549200.0,256331171.0,2.1085599098098693,14.22772
HK.02611,国泰海通,2019-02-26 00:00:00,14.80772,14.28772,14.94772,14.12772,13.923,0.00413,4947200.0,93488128.0,-1.6520142183357072,14.52772
HK.02611,国泰海通,2019-02-27 00:00:00,14.52772,13.40772,14.68772,13.32772,13.263,0.00241,2882400.0,52406100.0,-6.159135257409865,14.28772
HK.02611,国泰海通,2019-02-28 00:00:00,13.38772,13.20772,13.56772,13.06772,13.113,0.00385,4614160.0,80687104.0,-1.4916779288350241,13.40772
HK.02611,国泰海通,2019-03-01 00:00:00,13.20772,13.16772,13.32772,13.00772,13.083,0.00322,3853800.0,67213268.0,-0.30285317980696835,13.20772
HK.02611,国泰海通,2019-03-04 00:00:00,13.30772,13.38772,13.60772,13.20772,13.248,0.00375,4497600.0,79502970.0,1.6707524157561116,13.16772
HK.02611,国泰海通,2019-03-05 00:00:00,13.22772,13.20772,13.38772,13.02772,13.113,0.00229,2737840.0,47696712.0,-1.3445157203765818,13.38772
HK.02611,国泰海通,2019-03-06 00:00:00,13.24772,13.50772,13.54772,13.24772,13.338,0.00129,1547748.0,27451515.0,2.2713988485522156,13.20772
HK.02611,国泰海通,2019-03-07 00:00:00,13.50772,13.30772,13.80772,13.10772,13.188,0.00363,4344845.0,77127160.0,-1.4806347777419213,13.50772
HK.02611,国泰海通,2019-03-08 00:00:00,13.02772,12.74772,13.16772,12.68772,12.768,0.00208,2493064.0,43045828.0,-4.208083728843111,13.30772
HK.02611,国泰海通,2019-03-11 00:00:00,12.76772,12.88772,12.90772,12.607719999,12.873,0.00053,630182.0,10776823.0,1.098235606053479,12.74772
HK.02611,国泰海通,2019-03-12 00:00:00,13.16772,13.10772,13.30772,12.82772,13.038,0.00129,1545200.0,26981346.0,1.7070513636236715,12.88772
HK.02611,国泰海通,2019-03-13 00:00:00,13.22772,13.10772,13.30772,12.92772,13.038,0.00125,1492731.0,25969775.0,0.0,13.10772
HK.02611,国泰海通,2019-03-14 00:00:00,13.08772,13.00772,13.28772,12.84772,12.963,0.00052,628000.0,10887180.0,-0.7629091863420918,13.10772
HK.02611,国泰海通,2019-03-15 00:00:00,13.02772,13.04772,13.18772,12.90772,12.993,0.00309,3697944.0,64033913.0,0.3075096942431044,13.00772
HK.02611,国泰海通,2019-03-18 00:00:00,13.10772,12.98772,13.68772,12.82772,12.948,0.001,1201376.0,20778050.0,-0.45985045663150725,13.04772
HK.02611,国泰海通,2019-03-19 00:00:00,13.08772,13.14772,13.22772,13.02772,13.068,0.0007,839400.0,14607236.0,1.2319329335710976,12.98772
HK.02611,国泰海通,2019-03-20 00:00:00,13.04772,12.92772,13.32772,12.90772,12.903,0.00062,748000.0,12926746.0,-1.6732939247261036,13.14772
HK.02611,国泰海通,2019-03-21 00:00:00,12.72772,13.08772,13.22772,12.72772,21.093,0.00102,1220691.0,21227522.0,1.2376505679268917,12.92772
HK.02611,国泰海通,2019-03-22 00:00:00,13.22772,13.22772,13.30772,13.10772,21.263,0.00113,1350310.0,23574772.0,1.069705036476946,13.08772
HK.02611,国泰海通,2019-03-25 00:00:00,12.807719999,12.88772,13.36772,12.74772,20.85,0.00098,1175700.0,20273260.0,-2.5703598201352906,13.22772
HK.02611,国泰海通,2019-03-26 00:00:00,13.18772,12.84772,13.18772,12.66772,20.801,0.00079,950675.0,16204710.0,-0.3103729752042964,12.88772
HK.02611,国泰海通,2019-03-27 00:00:00,12.94772,12.86772,13.12772,12.787719999,20.826,0.00046,548070.0,9411971.0,0.1556696441080563,12.84772
HK.02611,国泰海通,2019-03-28 00:00:00,12.82772,12.807719999,13.00772,12.68772,20.753,0.00073,872386.0,14897275.0,-0.4662830788982087,12.86772
HK.02611,国泰海通,2019-03-29 00:00:00,12.96772,13.22772,13.38772,12.70772,21.263,0.00174,2086015.0,36313297.0,3.279272197024863,12.807719999
HK.02611,国泰海通,2019-04-01 00:00:00,13.38772,13.42772,13.66772,13.38772,21.506,0.00162,1943400.0,34547124.0,1.5119763647854738,13.22772
HK.02611,国泰海通,2019-04-02 00:00:00,13.72772,13.72772,13.88772,13.44772,21.871,0.00174,2079800.0,37322815.0,2.234184209977561,13.42772
HK.02611,国泰海通,2019-04-03 00:00:00,13.58772,13.64772,13.92772,13.58772,22.456,0.00205,2458059.0,44251738.0,-0.5827624689314764,13.72772
HK.02611,国泰海通,2019-04-04 00:00:00,13.86772,13.68772,14.08772,13.56772,22.506,0.00094,1131600.0,20340885.0,0.2930892486071001,13.64772
HK.02611,国泰海通,2019-04-08 00:00:00,14.02772,13.52772,14.02772,13.40772,22.305,0.00091,1091600.0,19495045.0,-1.168930983392414,13.68772
HK.02611,国泰海通,2019-04-09 00:00:00,13.94772,13.36772,13.94772,13.26772,22.105,0.00147,1759200.0,31049036.0,-1.1827565916503309,13.52772
HK.02611,国泰海通,2019-04-10 00:00:00,12.76772,12.18772,12.76772,12.02772,20.626,0.01194,14306977.0,235151440.0,-8.827234562064433,13.36772
HK.02611,国泰海通,2019-04-11 00:00:00,12.287719999,12.02772,12.36772,11.967719999,20.426,0.00295,3529000.0,58010598.0,-1.3127968151549274,12.18772
HK.02611,国泰海通,2019-04-12 00:00:00,12.107719999,12.14772,12.20772,12.00772,20.576,0.00226,2702000.0,44287284.0,0.9976953238020108,12.02772
HK.02611,国泰海通,2019-04-15 00:00:00,12.107719999,12.02772,12.40772,12.00772,20.426,0.00212,2538200.0,41902800.0,-0.9878396933745528,12.14772
HK.02611,国泰海通,2019-04-16 00:00:00,12.04772,12.16772,12.22772,11.947719999,20.601,0.0016,1918243.0,31413160.0,1.1639778777690102,12.02772
HK.02611,国泰海通,2019-04-17 00:00:00,12.16772,12.127719999,12.26772,12.08772,20.551,0.00146,1744000.0,28634570.0,-0.32873867084383296,12.16772
HK.02611,国泰海通,2019-04-18 00:00:00,12.107719999,12.16772,12.32772,12.06772,20.601,0.00356,4268600.0,70130462.0,0.3298229263480478,12.127719999
HK.02611,国泰海通,2019-04-23 00:00:00,12.14772,12.42772,12.68772,12.14772,20.927,0.01221,16990616.0,284239444.0,2.1368013070649354,12.16772
HK.02611,国泰海通,2019-04-24 00:00:00,12.607719999,12.42772,12.68772,12.287719999,20.927,0.01915,26659802.0,445047468.0,0.0,12.42772
HK.02611,国泰海通,2019-04-25 00:00:00,12.58772,12.38772,12.58772,12.24772,20.877,0.00171,2380311.0,39589740.0,-0.3218611297969452,12.42772
HK.02611,国泰海通,2019-04-26 00:00:00,12.24772,12.36772,12.467719999,12.16772,20.852,0.00187,2600900.0,43234082.0,-0.16145021036962068,12.38772
HK.02611,国泰海通,2019-04-29 00:00:00,12.32772,12.40772,12.467719999,12.307719999,20.902,0.00155,2159300.0,36032087.0,0.323422587186637,12.36772
HK.02611,国泰海通,2019-04-30 00:00:00,12.307719999,12.48772,12.50772,12.287719999,21.002,0.00305,4251100.0,71001528.0,0.6447598753034407,12.40772
HK.02611,国泰海通,2019-05-02 00:00:00,12.64772,12.36772,12.64772,12.287719999,20.852,0.002,2785500.0,46389180.0,-0.9609440314164573,12.48772
HK.02611,国泰海通,2019-05-03 00:00:00,12.24772,12.40772,12.52772,12.24772,20.902,0.00292,4063200.0,67664768.0,0.323422587186637,12.36772
HK.02611,国泰海通,2019-05-06 00:00:00,12.22772,11.40772,12.22772,11.24772,19.649,0.00295,4111978.0,65024421.0,-8.059498441293002,12.40772
HK.02611,国泰海通,2019-05-07 00:00:00,11.50772,11.18772,11.56772,11.04772,19.373,0.00182,2539400.0,39357809.0,-1.9285185821531283,11.40772
HK.02611,国泰海通,2019-05-08 00:00:00,11.12772,11.08772,11.28772,10.76772,19.248,0.00183,2553000.0,39294598.0,-0.8938371714701602,11.18772
HK.02611,国泰海通,2019-05-09 00:00:00,11.16772,10.70772,11.16772,10.62772,18.771,0.00159,2219104.0,33465425.0,-3.427214972961069,11.08772
HK.02611,国泰海通,2019-05-10 00:00:00,10.92772,10.88772,11.12772,10.66772,18.997,0.0013,1812600.0,27481198.0,1.681030135266889,10.70772
HK.02611,国泰海通,2019-05-14 00:00:00,10.70772,10.40772,10.72772,10.26772,18.395,0.00129,1793280.0,26372783.0,-4.408636518940608,10.88772
HK.02611,国泰海通,2019-05-15 00:00:00,10.10772,10.24772,10.42772,10.10772,18.195,0.00124,1728158.0,25207006.0,-1.5373203737225842,10.40772
HK.02611,国泰海通,2019-05-16 00:00:00,10.40772,10.32772,10.44772,10.24772,18.295,0.00095,1320508.0,19323136.0,0.7806614544503565,10.24772
HK.02611,国泰海通,2019-05-17 00:00:00,11.34772,10.24772,11.34772,10.24772,18.195,0.00155,2163600.0,31645168.0,-0.7746143388860278,10.32772
HK.02611,国泰海通,2019-05-20 00:00:00,10.16772,10.02772,10.22772,10.02772,17.919,0.00064,887610.0,12782110.0,-2.1468189997384672,10.24772
HK.02611,国泰海通,2019-05-21 00:00:00,10.04772,10.12772,10.30772,10.02772,18.045,0.00057,786400.0,11320330.0,0.9972356627428732,10.02772
HK.02611,国泰海通,2019-05-22 00:00:00,10.30772,9.94772,10.30772,9.90772,17.819,0.00079,1104800.0,15835036.0,-1.7773003203090105,10.12772
HK.02611,国泰海通,2019-05-23 00:00:00,9.92772,9.48772,9.92772,9.38772,17.243,0.00119,1656700.0,23008052.0,-4.624175187882257,9.94772
HK.02611,国泰海通,2019-05-24 00:00:00,9.48772,9.42772,9.84772,9.40772,17.167,0.00065,902600.0,12461909.0,-0.6323964029292467,9.48772
HK.02611,国泰海通,2019-05-27 00:00:00,9.82772,9.62772,9.82772,9.42772,17.418,0.00045,627300.0,8711164.0,2.121403690393852,9.42772
HK.02611,国泰海通,2019-05-28 00:00:00,9.62772,10.10772,10.10772,9.48772,18.02,0.00299,4157837.0,59448859.0,4.985604068252924,9.62772
HK.02611,国泰海通,2019-05-29 00:00:00,9.86772,9.26772,9.86772,9.16772,16.967,0.00159,2211600.0,30181428.0,-8.310479514667994,10.10772
HK.02611,国泰海通,2019-05-30 00:00:00,9.20772,9.02772,9.38772,9.00772,16.666,0.00135,1873600.0,25151646.0,-2.589633696313659,9.26772
HK.02611,国泰海通,2019-05-31 00:00:00,9.02772,9.10772,9.42772,8.88772,16.766,0.00111,1542983.0,20528809.0,0.8861595175747593,9.02772
HK.02611,国泰海通,2019-06-03 00:00:00,9.06772,8.98772,9.30772,8.90772,16.616,0.00066,914000.0,12139640.0,-1.317563561462155,9.10772
HK.02611,国泰海通,2019-06-04 00:00:00,8.98772,8.96772,9.00772,8.84772,16.591,0.0009,1255956.0,16597955.0,-0.22252584637705197,8.98772
HK.02611,国泰海通,2019-06-05 00:00:00,8.90772,8.74772,9.06772,8.72772,16.315,0.00063,880796.0,11535927.0,-2.4532434108112278,8.96772
HK.02611,国泰海通,2019-06-06 00:00:00,8.92772,8.84772,8.92772,8.72772,16.441,0.00075,1044800.0,13685093.0,1.1431550163928594,8.74772
HK.02611,国泰海通,2019-06-10 00:00:00,8.78772,9.08772,9.10772,8.76772,16.741,0.00131,1817000.0,24173745.0,2.7125632366304364,8.84772
HK.02611,国泰海通,2019-06-11 00:00:00,9.08772,9.62772,9.68772,9.08772,17.418,0.00127,1764990.0,24283928.0,5.94208448323673,9.08772
HK.02611,国泰海通,2019-06-12 00:00:00,9.52772,9.12772,9.54772,9.06772,16.791,0.00076,1062400.0,14282070.0,-5.193337571096792,9.62772
HK.02611,国泰海通,2019-06-13 00:00:00,9.04772,9.06772,9.16772,8.96772,16.716,0.0005,699600.0,9326428.0,-0.6573383057324337,9.12772
HK.02611,国泰海通,2019-06-14 00:00:00,8.98772,8.82772,9.12772,8.80772,16.416,0.00063,879164.0,11552037.0,-2.646751333300987,9.06772
HK.02611,国泰海通,2019-06-17 00:00:00,8.82772,8.86772,9.02772,8.78772,16.466,0.0005,690632.0,9077453.0,0.4531181324283159,8.82772
HK.02611,国泰海通,2019-06-18 00:00:00,9.00772,8.78772,9.00772,8.74772,16.365,0.00054,753558.0,9890439.0,-0.9021484665731447,8.86772
HK.02611,国泰海通,2019-06-19 00:00:00,9.10772,9.14772,9.48772,9.06772,16.817,0.00096,1333800.0,17984505.0,4.096625745927264,8.78772
HK.02611,国泰海通,2019-06-20 00:00:00,9.30772,9.52772,9.74772,9.20772,17.293,0.002,2785000.0,38395104.0,4.154040569672015,9.14772
HK.02611,国泰海通,2019-06-21 00:00:00,9.54772,9.60772,10.02772,9.54772,17.393,0.01029,14316797.0,199240086.0,0.8396552375594588,9.52772
HK.02611,国泰海通,2019-06-24 00:00:00,9.78772,9.76772,10.10772,9.72772,17.593,0.00104,1451410.0,20463336.0,1.6653274658295636,9.60772
HK.02611,国泰海通,2019-06-25 00:00:00,9.88772,9.48772,9.88772,9.40772,17.243,0.00086,1202600.0,16544200.0,-2.8665850372451414,9.76772
HK.02611,国泰海通,2019-06-26 00:00:00,9.42772,9.56772,9.72772,9.14772,17.343,0.00067,935400.0,12960034.0,0.8431952039056809,9.48772
HK.02611,国泰海通,2019-06-27 00:00:00,9.70772,9.72772,9.86772,9.60772,17.543,0.00058,801940.0,11207609.0,1.6722897409205135,9.56772
HK.02611,国泰海通,2019-06-28 00:00:00,9.72772,9.64772,9.72772,9.54772,17.443,0.00038,529147.0,7359824.0,-0.8223920918776453,9.72772
HK.02611,国泰海通,2019-07-02 00:00:00,10.10772,9.90772,10.10772,9.74772,17.769,0.00088,1227755.0,17377532.0,2.6949372494226593,9.64772
HK.02611,国泰海通,2019-07-03 00:00:00,10.04772,9.70772,10.04772,9.64772,17.518,0.0004,560981.0,7845142.0,-2.018627898244998,9.90772
HK.02611,国泰海通,2019-07-04 00:00:00,9.66772,9.90772,10.02772,9.56772,17.769,0.00027,381577.0,5392120.0,2.0602159930447033,9.70772
HK.02611,国泰海通,2019-07-05 00:00:00,9.80772,9.58772,9.80772,9.48772,17.368,0.00077,1068200.0,14810147.0,-3.229804637192011,9.90772
HK.02611,国泰海通,2019-07-08 00:00:00,9.70044,9.34044,9.76044,9.28044,16.666,0.00032,450942.0,6025038.0,-2.5791324736225087,9.58772
HK.02611,国泰海通,2019-07-09 00:00:00,9.42044,9.16044,9.42044,9.06044,16.441,0.00092,1275800.0,16724478.0,-1.927104076467487,9.34044
HK.02611,国泰海通,2019-07-10 00:00:00,9.24044,9.14044,9.46044,9.10044,16.416,0.00087,1211408.0,15934736.0,-0.21833012388050763,9.16044
HK.02611,国泰海通,2019-07-11 00:00:00,9.20044,9.44044,9.80044,9.20044,16.791,0.00082,1137800.0,15231662.0,3.2821177098695546,9.14044
HK.02611,国泰海通,2019-07-12 00:00:00,9.42044,9.22044,9.42044,9.16044,16.516,0.00079,1098400.0,14555156.0,-2.3303998542440882,9.44044
HK.02611,国泰海通,2019-07-15 00:00:00,9.30044,9.22044,9.34044,9.10044,16.516,0.00054,749800.0,9907875.0,0.0,9.22044
HK.02611,国泰海通,2019-07-16 00:00:00,9.34044,9.30044,9.38044,9.14044,16.616,0.0004,562000.0,7411810.0,0.8676375530885735,9.22044
HK.02611,国泰海通,2019-07-17 00:00:00,9.32044,9.16044,9.32044,9.14044,16.441,0.00035,489800.0,6451990.0,-1.5053051253489143,9.30044
HK.02611,国泰海通,2019-07-18 00:00:00,9.16044,9.02044,9.28044,8.96044,16.265,0.00035,487400.0,6335847.0,-1.528310867163573,9.16044
HK.02611,国泰海通,2019-07-19 00:00:00,9.06044,9.20044,9.68044,9.06044,16.491,0.00049,677000.0,8908538.0,1.9954680702936853,9.02044
HK.02611,国泰海通,2019-07-22 00:00:00,9.28044,8.94044,9.28044,8.94044,16.165,0.00049,677300.0,8780966.0,-2.825951802305105,9.20044
HK.02611,国泰海通,2019-07-23 00:00:00,8.94044,8.84044,8.96044,8.82044,16.04,0.00034,479900.0,6165208.0,-1.1185131827963883,8.94044
HK.02611,国泰海通,2019-07-24 00:00:00,9.00044,8.88044,9.08044,8.84044,16.09,0.00051,715700.0,9208642.0,0.45246616684238483,8.84044
HK.02611,国泰海通,2019-07-25 00:00:00,8.98044,8.84044,8.98044,8.82044,16.04,0.00102,1415659.0,18142575.0,-0.4504281319394188,8.88044
HK.02611,国泰海通,2019-07-26 00:00:00,8.84044,8.70044,8.84044,8.70044,15.864,0.00046,637360.0,8102184.0,-1.5836315839482966,8.84044
HK.02611,国泰海通,2019-07-29 00:00:00,8.78044,8.78044,8.86044,8.62044,15.964,0.00079,1105462.0,14087202.0,0.9194937267540501,8.70044
HK.02611,国泰海通,2019-07-30 00:00:00,8.72044,8.66044,8.98044,8.66044,15.814,0.00054,748200.0,9511581.0,-1.3666741074479296,8.78044
HK.02611,国泰海通,2019-07-31 00:00:00,8.74044,8.78044,8.98044,8.64044,15.964,0.00071,984735.0,12597007.0,1.3856108927491098,8.66044
HK.02611,国泰海通,2019-08-01 00:00:00,8.90044,8.72044,9.04044,8.70044,15.889,0.00088,1220400.0,15631108.0,-0.6833370537239648,8.78044
HK.02611,国泰海通,2019-08-02 00:00:00,8.72044,8.12044,8.84044,8.12044,15.137,0.00106,1468464.0,18084425.0,-6.8803867694749306,8.72044
HK.02611,国泰海通,2019-08-05 00:00:00,8.02044,7.38044,8.04044,7.34044,14.21,0.0011,1525400.0,17716737.0,-9.11280669520371,8.12044
HK.02611,国泰海通,2019-08-06 00:00:00,7.04044,7.04044,7.18044,6.94044,13.784,0.00145,2018027.0,22219516.0,-4.6067714120025345,7.38044
HK.02611,国泰海通,2019-08-07 00:00:00,7.02044,6.90044,7.12044,6.76044,13.609,0.00117,1630713.0,17772337.0,-1.9885120816312698,7.04044
HK.02611,国泰海通,2019-08-08 00:00:00,7.16044,6.98044,7.16044,6.90044,13.709,0.00087,1216556.0,13328006.0,1.159346360521939,6.90044
HK.02611,国泰海通,2019-08-09 00:00:00,7.16044,7.10044,7.28044,7.00044,13.859,0.00061,844200.0,9371510.0,1.719089341073057,6.98044
HK.02611,国泰海通,2019-08-12 00:00:00,7.22044,7.16044,7.32044,7.14044,13.934,0.00051,712600.0,7964314.0,0.8450180552191202,7.10044
HK.02611,国泰海通,2019-08-13 00:00:00,7.12044,6.66044,7.12044,6.66044,13.308,0.00139,1934000.0,20779140.0,-6.982811112166291,7.16044
HK.02611,国泰海通,2019-08-14 00:00:00,6.92044,6.68044,6.92044,6.66044,13.333,0.00081,1121000.0,12004562.0,0.30028046195145625,6.66044
HK.02611,国泰海通,2019-08-15 00:00:00,6.62044,6.70044,6.86044,6.46044,13.358,0.00081,1122700.0,11916780.0,0.29938147786673425,6.68044
HK.02611,国泰海通,2019-08-16 00:00:00,6.68044,7.06044,7.20044,6.66044,13.809,0.00131,1828600.0,20156148.0,5.372781488976835,6.70044
HK.02611,国泰海通,2019-08-19 00:00:00,7.02044,7.44044,7.60044,7.02044,14.285,0.00095,1319200.0,15064462.0,5.382100832242749,7.06044
HK.02611,国泰海通,2019-08-20 00:00:00,7.34044,7.28044,7.44044,7.04044,14.085,0.00108,1498114.0,16895371.0,-2.1504104595964773,7.44044
HK.02611,国泰海通,2019-08-21 00:00:00,7.10044,7.24044,7.32044,7.10044,14.035,0.00077,1078086.0,12091191.0,-0.5494173429078345,7.28044
HK.02611,国泰海通,2019-08-22 00:00:00,7.20044,7.14044,7.34044,7.10044,13.909,0.00072,996400.0,11135091.0,-1.3811315334427263,7.24044
HK.02611,国泰海通,2019-08-23 00:00:00,7.06044,7.08044,7.20044,6.92044,13.834,0.00121,1686448.0,18649592.0,-0.8402843522247874,7.14044
HK.02611,国泰海通,2019-08-26 00:00:00,6.84044,6.92044,7.00044,6.74044,13.634,0.00111,1548400.0,16776088.0,-2.259746569422241,7.08044
HK.02611,国泰海通,2019-08-27 00:00:00,6.94044,7.12044,7.28044,6.94044,13.884,0.00212,2953846.0,32662147.0,2.8899896538370418,6.92044
HK.02611,国泰海通,2019-08-28 00:00:00,7.30044,7.18044,7.30044,7.12044,13.959,0.00053,735600.0,8217736.0,0.8426445556735203,7.12044
HK.02611,国泰海通,2019-08-29 00:00:00,7.34044,7.12044,7.34044,7.08044,13.884,0.00044,616200.0,6831270.0,-0.8356033892073412,7.18044
HK.02611,国泰海通,2019-08-30 00:00:00,7.08044,7.22044,7.40044,7.08044,14.01,0.00103,1436600.0,16118632.0,1.4044075927892046,7.12044
HK.02611,国泰海通,2019-09-02 00:00:00,7.28044,7.36044,7.60044,7.28044,14.185,0.00033,454200.0,5144308.0,1.938940009196111,7.22044
HK.02611,国泰海通,2019-09-03 00:00:00,7.46044,7.32044,7.54044,7.28044,14.135,0.00044,610600.0,6916551.0,-0.5434457722636151,7.36044
HK.02611,国泰海通,2019-09-04 00:00:00,7.34044,7.78044,7.92044,7.34044,14.711,0.00177,2461535.0,28730159.0,6.283775292195551,7.32044
HK.02611,国泰海通,2019-09-05 00:00:00,7.92044,8.54044,8.94044,7.92044,15.664,0.0036,5011400.0,62630540.0,9.768085095444484,7.78044
HK.02611,国泰海通,2019-09-06 00:00:00,8.64044,8.72044,8.98044,8.64044,15.889,0.00136,1888777.0,24039032.0,2.1076197479286747,8.54044
HK.02611,国泰海通,2019-09-09 00:00:00,8.92044,8.46044,9.10044,8.28044,15.563,0.00307,4273800.0,54078340.0,-2.981500933439136,8.72044
HK.02611,国泰海通,2019-09-10 00:00:00,8.42044,8.68044,8.78044,8.38044,15.839,0.00098,1358254.0,17132344.0,2.6003375710956007,8.46044
HK.02611,国泰海通,2019-09-11 00:00:00,8.68044,9.04044,9.34044,8.68044,16.29,0.00127,1769000.0,23080048.0,4.147255208261325,8.68044
HK.02611,国泰海通,2019-09-12 00:00:00,9.10044,9.08044,9.20044,8.92044,16.34,0.00034,476000.0,6190268.0,0.44245634062057987,9.04044
HK.02611,国泰海通,2019-09-13 00:00:00,8.98044,9.30044,9.38044,8.92044,16.616,0.00018,245100.0,3221944.0,2.4227900850619646,9.08044
HK.02611,国泰海通,2019-09-16 00:00:00,9.24044,9.24044,9.40044,9.08044,16.541,0.00134,1861600.0,24556884.0,-0.6451307680066803,9.30044
HK.02611,国泰海通,2019-09-17 00:00:00,9.06044,8.84044,9.12044,8.76044,16.04,0.00095,1319539.0,16942303.0,-4.3287981957569155,9.24044
HK.02611,国泰海通,2019-09-18 00:00:00,8.90044,8.84044,8.90044,8.58044,16.04,0.00089,1239000.0,15769467.0,0.0,8.84044
HK.02611,国泰海通,2019-09-19 00:00:00,8.66044,8.64044,8.80044,8.14044,15.789,0.00331,4611800.0,57341836.0,-2.262330834211864,8.84044
HK.02611,国泰海通,2019-09-20 00:00:00,8.70044,8.82044,8.88044,8.60044,16.015,0.0015,2082440.0,26602031.0,2.0832272430570633,8.64044
HK.02611,国泰海通,2019-09-23 00:00:00,8.86044,8.52044,8.86044,8.40044,15.639,0.00081,1120600.0,14042678.0,-3.401190870296708,8.82044
HK.02611,国泰海通,2019-09-24 00:00:00,8.52044,8.44044,9.02044,8.42044,15.538,0.00077,1073646.0,13404437.0,-0.9389186473937973,8.52044
HK.02611,国泰海通,2019-09-25 00:00:00,8.26044,8.24044,8.36044,8.08044,15.288,0.00147,2052645.0,25057443.0,-2.3695447156783422,8.44044
HK.02611,国泰海通,2019-09-26 00:00:00,8.22044,8.14044,8.28044,7.98044,15.162,0.00076,1055200.0,12758128.0,-1.2135274330011463,8.24044
HK.02611,国泰海通,2019-09-27 00:00:00,8.16044,8.06044,8.22044,7.96044,15.062,0.00023,325025.0,3910923.0,-0.9827478612949678,8.14044
HK.02611,国泰海通,2019-09-30 00:00:00,8.20044,8.24044,8.24044,8.04044,15.288,0.00127,1763618.0,21367106.0,2.233128712576481,8.06044
HK.02611,国泰海通,2019-10-02 00:00:00,8.24044,8.16044,8.26044,8.06044,15.187,0.00062,862600.0,10443326.0,-0.9708219464009212,8.24044
HK.02611,国泰海通,2019-10-03 00:00:00,7.98044,8.02044,8.08044,7.86044,15.012,0.00041,567666.0,6797796.0,-1.715593767002745,8.16044
HK.02611,国泰海通,2019-10-04 00:00:00,8.00044,8.14044,8.22044,8.00044,15.162,0.00016,224800.0,2708328.0,1.4961772670825941,8.02044
HK.02611,国泰海通,2019-10-08 00:00:00,8.06044,8.08044,8.32044,8.02044,15.087,0.00066,923800.0,11158067.0,-0.7370608959712313,8.14044
HK.02611,国泰海通,2019-10-09 00:00:00,7.88044,8.08044,8.26044,7.88044,15.087,0.00036,503968.0,6094603.0,0.0,8.08044
HK.02611,国泰海通,2019-10-10 00:00:00,7.90044,8.26044,8.46044,7.90044,15.313,0.00127,1761212.0,21566867.0,2.2276014672468296,8.08044
HK.02611,国泰海通,2019-10-11 00:00:00,8.40044,8.66044,8.74044,8.32044,15.814,0.0009,1247679.0,15571896.0,4.842357065725317,8.26044
HK.02611,国泰海通,2019-10-14 00:00:00,8.68044,8.84044,8.96044,8.68044,16.04,0.00045,623000.0,7961132.0,2.078416339123644,8.66044
HK.02611,国泰海通,2019-10-15 00:00:00,8.84044,8.72044,8.84044,8.50044,15.889,0.00043,604400.0,7622984.0,-1.3573985005271143,8.84044
HK.02611,国泰海通,2019-10-16 00:00:00,8.66044,8.72044,8.98044,8.54044,15.889,0.00046,635600.0,8066536.0,0.0,8.72044
HK.02611,国泰海通,2019-10-17 00:00:00,8.64044,8.72044,8.84044,8.54044,15.889,0.00037,518400.0,6574346.0,0.0,8.72044
HK.02611,国泰海通,2019-10-18 00:00:00,8.70044,8.30044,8.74044,8.26044,15.363,0.00023,315617.0,3903780.0,-4.816270738632453,8.72044
HK.02611,国泰海通,2019-10-21 00:00:00,8.30044,8.60044,8.66044,8.28044,14.256,0.00033,466000.0,5818126.0,3.6142662316696548,8.30044
HK.02611,国泰海通,2019-10-22 00:00:00,8.52044,8.76044,8.82044,8.44044,14.438,0.00047,651709.0,8229684.0,1.8603699345614684,8.60044
HK.02611,国泰海通,2019-10-23 00:00:00,8.68044,8.44044,8.68044,8.34044,14.074,0.00043,596800.0,7392213.0,-3.652784563332419,8.76044
HK.02611,国泰海通,2019-10-24 00:00:00,8.42044,8.14044,8.58044,8.08044,13.734,0.00086,1195246.0,14555975.0,-3.5543170735175025,8.44044
HK.02611,国泰海通,2019-10-25 00:00:00,8.18044,8.12044,8.28044,8.06044,13.711,0.00061,850200.0,10272920.0,-0.2456869653237365,8.14044
HK.02611,国泰海通,2019-10-28 00:00:00,8.28044,8.34044,8.42044,8.18044,13.961,0.00029,405400.0,4972424.0,2.709212801276764,8.12044
HK.02611,国泰海通,2019-10-29 00:00:00,8.40044,8.28044,8.40044,8.14044,13.893,0.0005,702832.0,8581204.0,-0.719386507186656,8.34044
HK.02611,国泰海通,2019-10-30 00:00:00,8.38044,8.22044,8.58044,8.16044,13.825,0.00055,771800.0,9427224.0,-0.72459917588921,8.28044
HK.02611,国泰海通,2019-10-31 00:00:00,8.42044,8.04044,8.44044,7.92044,13.62,0.00124,1729200.0,20762219.0,-2.1896638136158124,8.22044
HK.02611,国泰海通,2019-11-01 00:00:00,7.84044,8.04044,8.14044,7.84044,13.62,0.00026,361400.0,4333334.0,0.0,8.04044
HK.02611,国泰海通,2019-11-04 00:00:00,8.26044,8.56044,8.58044,8.18044,14.211,0.00034,478600.0,5919082.0,6.467307759276849,8.04044
HK.02611,国泰海通,2019-11-05 00:00:00,8.56044,8.88044,9.02044,8.50044,14.574,0.00111,1539400.0,19639970.0,3.7381256103658256,8.56044
HK.02611,国泰海通,2019-11-06 00:00:00,8.82044,8.56044,8.90044,8.48044,14.211,0.00039,546973.0,6883801.0,-3.6034250555152707,8.88044
HK.02611,国泰海通,2019-11-07 00:00:00,8.60044,8.70044,8.70044,8.38044,14.37,0.00019,264130.0,3314948.0,1.635429954535054,8.56044
HK.02611,国泰海通,2019-11-08 00:00:00,8.74044,8.64044,8.88044,8.52044,14.301,0.00046,647000.0,8207800.0,-0.6896202950655426,8.70044
HK.02611,国泰海通,2019-11-11 00:00:00,8.42044,8.34044,8.44044,8.20044,13.961,0.00051,711400.0,8720236.0,-3.4720454050951193,8.64044
HK.02611,国泰海通,2019-11-12 00:00:00,8.34044,8.64044,8.66044,8.28044,14.301,0.00037,521600.0,6501813.0,3.596932535933365,8.34044
HK.02611,国泰海通,2019-11-13 00:00:00,8.54044,8.02044,8.74044,7.82044,13.598,0.00294,4085539.0,48630445.0,-7.17556050386322,8.64044
HK.02611,国泰海通,2019-11-14 00:00:00,7.98044,8.18044,8.20044,7.84044,13.779,0.00262,3652459.0,43543437.0,1.9949030227768068,8.02044
HK.02611,国泰海通,2019-11-15 00:00:00,8.18044,8.02044,8.20044,7.94044,13.598,0.00027,381800.0,4575008.0,-1.955885013520057,8.18044
HK.02611,国泰海通,2019-11-18 00:00:00,7.98044,8.12044,8.12044,7.94044,13.711,0.00033,463600.0,5565622.0,1.2468143892354988,8.02044
HK.02611,国泰海通,2019-11-19 00:00:00,7.96044,8.24044,8.28044,7.96044,13.847,0.00038,528400.0,6391001.0,1.477752437060051,8.12044
HK.02611,国泰海通,2019-11-20 00:00:00,8.22044,8.24044,8.30044,8.06044,13.847,0.00045,633000.0,7708044.0,0.0,8.24044
HK.02611,国泰海通,2019-11-21 00:00:00,8.10044,8.04044,8.10044,7.80044,13.62,0.00039,537375.0,6442402.0,-2.4270548660022926,8.24044
HK.02611,国泰海通,2019-11-22 00:00:00,8.16044,8.00044,8.16044,7.94044,13.575,0.00034,467600.0,5587686.0,-0.4974852122520773,8.04044
HK.02611,国泰海通,2019-11-25 00:00:00,8.00044,8.08044,8.10044,7.96044,13.666,0.00023,318600.0,3826488.0,0.9999450030248346,8.00044
HK.02611,国泰海通,2019-11-26 00:00:00,8.10044,8.24044,8.24044,8.00044,13.847,0.00137,1905400.0,23200504.0,1.9800901931082981,8.08044
HK.02611,国泰海通,2019-11-27 00:00:00,8.02044,8.06044,8.16044,8.00044,13.643,0.0003,422600.0,5082524.0,-2.184349379402067,8.24044
HK.02611,国泰海通,2019-11-28 00:00:00,8.06044,8.14044,8.16044,8.00044,13.734,0.00024,330600.0,3980266.0,0.9925016500339942,8.06044
HK.02611,国泰海通,2019-11-29 00:00:00,7.98044,7.94044,8.98044,7.86044,13.507,0.00031,426000.0,5068036.0,-2.4568696532374195,8.14044
HK.02611,国泰海通,2019-12-02 00:00:00,8.24044,8.18044,8.24044,8.02044,13.779,0.00039,537200.0,6505378.0,3.022502531345884,7.94044
HK.02611,国泰海通,2019-12-03 00:00:00,8.02044,8.12044,8.26044,8.02044,13.711,0.00029,399330.0,4827718.0,-0.7334568800700267,8.18044
HK.02611,国泰海通,2019-12-04 00:00:00,8.28044,7.96044,8.28044,7.86044,13.53,0.00056,784000.0,9363174.0,-1.9703365827467494,8.12044
HK.02611,国泰海通,2019-12-05 00:00:00,8.08044,8.10044,8.14044,7.98044,13.688,0.00077,1066000.0,12806932.0,1.7586967554557358,7.96044
HK.02611,国泰海通,2019-12-06 00:00:00,8.12044,8.58044,8.58044,8.12044,14.233,0.0009,1254200.0,15541070.0,5.925604041261939,8.10044
HK.02611,国泰海通,2019-12-09 00:00:00,8.62044,8.54044,8.68044,8.48044,14.188,0.00029,399600.0,5001930.0,-0.4661765597102147,8.58044
HK.02611,国泰海通,2019-12-10 00:00:00,8.52044,8.30044,8.54044,8.22044,13.916,0.0003,419600.0,5172933.0,-2.8101596639049067,8.54044
HK.02611,国泰海通,2019-12-11 00:00:00,8.32044,8.48044,8.56044,8.22044,14.12,0.00038,535400.0,6653889.0,2.1685597390017843,8.30044
HK.02611,国泰海通,2019-12-12 00:00:00,8.60044,8.50044,8.64044,8.44044,14.143,0.0008,1113900.0,13911819.0,0.23583681978764753,8.48044
HK.02611,国泰海通,2019-12-13 00:00:00,8.74044,9.04044,9.04044,8.64044,14.755,0.00182,2531400.0,32527853.0,6.352612335361475,8.50044
HK.02611,国泰海通,2019-12-16 00:00:00,9.04044,9.16044,9.26044,8.74044,14.892,0.00103,1433600.0,18739508.0,1.327369021861759,9.04044
HK.02611,国泰海通,2019-12-17 00:00:00,9.18044,9.62044,9.80044,8.98044,15.414,0.00184,2555400.0,34492701.0,5.0215928492517925,9.16044
HK.02611,国泰海通,2019-12-18 00:00:00,9.58044,9.68044,9.76044,9.44044,15.482,0.00071,994218.0,13500656.0,0.6236720981576778,9.62044
HK.02611,国泰海通,2019-12-19 00:00:00,9.52044,9.48044,9.58044,9.40044,15.255,0.00044,614086.0,8251153.0,-2.066021792397877,9.68044
HK.02611,国泰海通,2019-12-20 00:00:00,9.58044,9.82044,9.82044,9.10044,15.641,0.00119,1658000.0,22477461.0,3.5863314360936824,9.48044
HK.02611,国泰海通,2019-12-23 00:00:00,9.56044,9.30044,9.62044,9.16044,15.051,0.00059,818724.0,10896388.0,-5.295078428257793,9.82044
HK.02611,国泰海通,2019-12-24 00:00:00,9.24044,9.28044,9.42044,9.14044,15.028,0.00016,227200.0,2995472.0,-0.2150435893355537,9.30044
HK.02611,国泰海通,2019-12-27 00:00:00,9.34044,9.38044,9.46044,9.04044,15.141,0.0014,1952972.0,25943110.0,1.077535116869455,9.28044
HK.02611,国泰海通,2019-12-30 00:00:00,9.40044,9.74044,9.78044,9.10044,15.55,0.0022,3065400.0,41540298.0,3.8377730682142777,9.38044
HK.02611,国泰海通,2019-12-31 00:00:00,9.84044,9.84044,9.84044,9.48044,15.664,0.00079,1095800.0,15046392.0,1.0266476668405087,9.74044
HK.02611,国泰海通,2020-01-02 00:00:00,9.84044,10.04044,10.20044,9.84044,15.891,0.00107,1495600.0,20924040.0,2.0324294442118553,9.84044
HK.02611,国泰海通,2020-01-03 00:00:00,10.14044,10.20044,10.28044,10.04044,16.072,0.00093,1288200.0,18204288.0,1.5935556609072925,10.04044
HK.02611,国泰海通,2020-01-06 00:00:00,10.00044,9.88044,10.16044,9.84044,15.709,0.00059,823400.0,11467560.0,-3.1371195752340117,10.20044
HK.02611,国泰海通,2020-01-07 00:00:00,10.04044,9.96044,10.32044,9.80044,15.8,0.0003,421400.0,5874940.0,0.8096805405427296,9.88044
HK.02611,国泰海通,2020-01-08 00:00:00,10.12044,9.84044,10.12044,9.60044,15.664,0.00075,1039761.0,14367319.0,-1.204766054511658,9.96044
HK.02611,国泰海通,2020-01-09 00:00:00,10.04044,10.06044,10.24044,9.94044,15.913,0.00091,1270480.0,17810449.0,2.235672388633035,9.84044
HK.02611,国泰海通,2020-01-10 00:00:00,10.60044,10.24044,10.64044,10.10044,16.118,0.001,1396200.0,19830099.0,1.7891861588558724,10.06044
HK.02611,国泰海通,2020-01-13 00:00:00,10.62044,10.34044,10.62044,10.10044,16.231,0.00101,1403600.0,19923265.0,0.9765205401330378,10.24044
HK.02611,国泰海通,2020-01-14 00:00:00,10.60044,10.48044,10.60044,10.36044,16.39,0.00071,987000.0,14234026.0,1.35390757066431,10.34044
HK.02611,国泰海通,2020-01-15 00:00:00,10.42044,10.38044,10.42044,10.14044,16.276,0.00031,428049.0,6103193.0,-0.9541584131963892,10.48044
HK.02611,国泰海通,2020-01-16 00:00:00,10.58044,10.38044,10.58044,10.26044,16.276,0.00024,327731.0,4690260.0,0.0,10.38044
HK.02611,国泰海通,2020-01-17 00:00:00,10.64044,10.48044,10.64044,10.32044,16.39,0.00058,810933.0,11649001.0,0.9633503011433007,10.38044
HK.02611,国泰海通,2020-01-20 00:00:00,10.32044,10.50044,10.56044,10.24044,16.413,0.00022,306558.0,4424225.0,0.19083168263927444,10.48044
HK.02611,国泰海通,2020-01-21 00:00:00,10.52044,9.86044,10.52044,9.78044,15.686,0.0007,975600.0,13815071.0,-6.094982686439796,10.50044
HK.02611,国泰海通,2020-01-22 00:00:00,9.88044,10.32044,10.32044,9.72044,16.208,0.00032,440200.0,6197846.0,4.665106222440368,9.86044
HK.02611,国泰海通,2020-01-23 00:00:00,9.86044,9.54044,10.10044,9.22044,15.323,0.00024,327930.0,4439029.0,-7.557817302363072,10.32044
HK.02611,国泰海通,2020-01-24 00:00:00,9.28044,9.94044,10.90044,9.24044,15.777,0.00021,296800.0,4025015.0,4.192678744376574,9.54044
HK.02611,国泰海通,2020-01-29 00:00:00,9.40044,9.20044,9.46044,9.14044,14.937,0.00055,771800.0,10183644.0,-7.444338479986803,9.94044
HK.02611,国泰海通,2020-01-30 00:00:00,9.22044,8.64044,9.34044,8.48044,14.301,0.00056,785800.0,10048302.0,-6.086665420349466,9.20044
HK.02611,国泰海通,2020-01-31 00:00:00,8.58044,8.52044,8.78044,8.38044,14.165,0.00046,642800.0,8018180.0,-1.3888181620380353,8.64044
HK.02611,国泰海通,2020-02-03 00:00:00,8.56044,8.34044,8.88044,8.00044,13.961,0.00145,2020395.0,24871629.0,-2.11256695663606,8.52044
HK.02611,国泰海通,2020-02-04 00:00:00,8.36044,9.10044,9.18044,8.36044,14.824,0.00178,2480878.0,32100622.0,9.112229091031187,8.34044
HK.02611,国泰海通,2020-02-05 00:00:00,9.10044,9.24044,9.44044,9.10044,14.982,0.0004,554200.0,7320798.0,1.5383871549067822,9.10044
HK.02611,国泰海通,2020-02-06 00:00:00,9.26044,9.74044,9.74044,9.12044,15.55,0.00096,1340250.0,18016557.0,5.41099774469614,9.24044
HK.02611,国泰海通,2020-02-07 00:00:00,9.82044,9.72044,9.88044,9.36044,15.527,0.00042,590999.0,8038566.0,-0.2053295333680981,9.74044
HK.02611,国泰海通,2020-02-10 00:00:00,9.34044,9.68044,9.76044,9.22044,15.482,0.00049,676200.0,9145676.0,-0.41150400599148956,9.72044
HK.02611,国泰海通,2020-02-11 00:00:00,9.86044,9.62044,9.86044,9.46044,15.414,0.00044,605588.0,8254084.0,-0.619806537719365,9.68044
HK.02611,国泰海通,2020-02-12 00:00:00,9.78044,9.84044,10.02044,9.52044,15.664,0.0008,1109200.0,15279554.0,2.2867976932447878,9.62044
HK.02611,国泰海通,2020-02-13 00:00:00,10.00044,9.86044,10.00044,9.54044,15.686,0.00043,592000.0,8188488.0,0.20324294442119814,9.84044
HK.02611,国泰海通,2020-02-14 00:00:00,9.86044,9.88044,9.94044,9.78044,15.709,0.00031,436600.0,6037272.0,0.20283070532349035,9.86044
HK.02611,国泰海通,2020-02-17 00:00:00,10.04044,10.32044,10.48044,10.04044,16.208,0.00093,1294000.0,18518592.0,4.453242972985004,9.88044
HK.02611,国泰海通,2020-02-18 00:00:00,10.36044,10.16044,10.42044,10.16044,16.027,0.00019,258400.0,3658660.0,-1.5503214979206326,10.32044
HK.02611,国泰海通,2020-02-19 00:00:00,10.26044,10.08044,10.34044,10.02044,15.936,0.00094,1305400.0,18356006.0,-0.7873674762116608,10.16044
HK.02611,国泰海通,2020-02-20 00:00:00,9.96044,10.40044,10.52044,9.92044,16.299,0.00138,1920800.0,27250768.0,3.174464606703679,10.08044
HK.02611,国泰海通,2020-02-21 00:00:00,10.46044,10.74044,11.26044,10.42044,16.685,0.00157,2188000.0,32399164.0,3.2690924614727828,10.40044
HK.02611,国泰海通,2020-02-24 00:00:00,10.76044,10.00044,10.76044,10.00044,15.845,0.00152,2111800.0,29747615.0,-6.889848088160264,10.74044
HK.02611,国泰海通,2020-02-25 00:00:00,10.04044,9.84044,10.04044,9.66044,15.664,0.00072,999600.0,13763002.0,-1.5999296030974652,10.00044
HK.02611,国泰海通,2020-02-26 00:00:00,9.66044,9.46044,9.86044,9.40044,15.232,0.00093,1295578.0,17580529.0,-3.8616159440024944,9.84044
HK.02611,国泰海通,2020-02-27 00:00:00,9.76044,9.74044,9.84044,9.62044,15.55,0.00064,885200.0,12129808.0,2.9596932066584576,9.46044
HK.02611,国泰海通,2020-02-28 00:00:00,9.40044,9.06044,9.44044,9.06044,14.778,0.00126,1759000.0,23083252.0,-6.981204134515481,9.74044
HK.02611,国泰海通,2020-03-02 00:00:00,9.44044,9.50044,9.76044,9.02044,15.278,0.00134,1859000.0,25008718.0,4.856276295632436,9.06044
HK.02611,国泰海通,2020-03-03 00:00:00,9.54044,9.50044,10.00044,9.38044,15.278,0.00138,1921400.0,26185580.0,0.0,9.50044
HK.02611,国泰海通,2020-03-04 00:00:00,9.30044,9.78044,9.94044,9.30044,15.595,0.00081,1130400.0,15409231.0,2.9472319176796145,9.50044
HK.02611,国泰海通,2020-03-05 00:00:00,10.02044,10.30044,10.40044,9.84044,16.186,0.00144,1999400.0,28323829.0,5.316734216456514,9.78044
HK.02611,国泰海通,2020-03-06 00:00:00,10.38044,9.80044,10.38044,9.78044,15.618,0.00093,1297000.0,17919182.0,-4.854161569797019,10.30044
HK.02611,国泰海通,2020-03-09 00:00:00,9.30044,8.76044,9.42044,8.36044,14.438,0.00143,1986000.0,25776944.0,-10.611768451212404,9.80044
HK.02611,国泰海通,2020-03-10 00:00:00,8.92044,8.80044,9.14044,8.58044,14.483,0.00178,2471200.0,31617317.0,0.456598070416565,8.76044
HK.02611,国泰海通,2020-03-11 00:00:00,8.88044,8.62044,9.08044,8.62044,14.279,0.00079,1097000.0,13983100.0,-2.04535227784065,8.80044
HK.02611,国泰海通,2020-03-12 00:00:00,8.30044,8.12044,8.40044,8.08044,13.711,0.00093,1294382.0,15712980.0,-5.800167972864494,8.62044
HK.02611,国泰海通,2020-03-13 00:00:00,8.12044,7.72044,8.12044,6.86044,13.257,0.00208,2898355.0,33221898.0,-4.925841456866873,8.12044
HK.02611,国泰海通,2020-03-16 00:00:00,7.52044,7.42044,7.80044,7.32044,12.917,0.00137,1911800.0,21930490.0,-3.8857888928610267,7.72044
HK.02611,国泰海通,2020-03-17 00:00:00,7.74044,7.50044,7.80044,7.00044,13.007,0.00193,2681029.0,30678850.0,1.0781031852558618,7.42044
HK.02611,国泰海通,2020-03-18 00:00:00,7.84044,7.42044,8.04044,7.30044,12.917,0.00142,1979300.0,23085990.0,-1.066604092559904,7.50044
HK.02611,国泰海通,2020-03-19 00:00:00,7.30044,6.46044,7.80044,6.30044,11.827,0.00553,7694900.0,81582638.0,-12.93723822307033,7.42044
HK.02611,国泰海通,2020-03-20 00:00:00,6.82044,6.76044,6.94044,6.50044,12.167,0.00358,4987867.0,53254608.0,4.643646562772812,6.46044
HK.02611,国泰海通,2020-03-23 00:00:00,6.20044,6.34044,6.72044,6.16044,11.691,0.00227,3162600.0,32713909.0,-6.212613380194187,6.76044
HK.02611,国泰海通,2020-03-24 00:00:00,6.34044,6.66044,6.84044,6.34044,12.054,0.00128,1787695.0,19029717.0,5.046968349199744,6.34044
HK.02611,国泰海通,2020-03-25 00:00:00,7.12044,7.40044,7.64044,7.12044,10.727,0.00218,3037000.0,34489108.0,11.110377092204107,6.66044
HK.02611,国泰海通,2020-03-26 00:00:00,7.20044,7.72044,7.82044,7.20044,11.029,0.00268,3732800.0,42789534.0,4.324067217624902,7.40044
HK.02611,国泰海通,2020-03-27 00:00:00,7.96044,7.66044,7.96044,7.48044,10.972,0.0015,2085000.0,24257760.0,-0.7771577785722007,7.72044
HK.02611,国泰海通,2020-03-30 00:00:00,7.36044,7.30044,7.66044,7.24044,10.632,0.0006,841200.0,9563504.0,-4.699468960007523,7.66044
HK.02611,国泰海通,2020-03-31 00:00:00,8.30044,7.58044,8.36044,7.24044,10.897,0.00087,1212200.0,14007960.0,3.835385264449817,7.30044
HK.02611,国泰海通,2020-04-01 00:00:00,7.28044,7.52044,7.82044,7.28044,10.84,0.00145,2024901.0,23297121.0,-0.7915107830152405,7.58044
HK.02611,国泰海通,2020-04-02 00:00:00,7.80044,7.66044,7.80044,7.28044,10.972,0.00045,629400.0,7233824.0,1.8615932046529269,7.52044
HK.02611,国泰海通,2020-04-03 00:00:00,7.64044,7.42044,7.68044,7.26044,10.745,0.00011,157200.0,1785860.0,-3.132979306671682,7.66044
HK.02611,国泰海通,2020-04-06 00:00:00,7.48044,7.58044,7.66044,7.12044,10.897,0.00042,580600.0,6621430.0,2.1562063705117236,7.42044
HK.02611,国泰海通,2020-04-07 00:00:00,7.84044,7.84044,7.92044,7.64044,11.142,0.00153,2131000.0,25084272.0,3.4298800597326777,7.58044
HK.02611,国泰海通,2020-04-08 00:00:00,7.82044,7.80044,7.84044,7.64044,11.104,0.00057,789400.0,9273600.0,-0.5101754493370274,7.84044
HK.02611,国泰海通,2020-04-09 00:00:00,8.08044,7.76044,8.16044,7.72044,11.067,0.00083,1153600.0,13631500.0,-0.5127915861156555,7.80044
HK.02611,国泰海通,2020-04-14 00:00:00,7.82044,7.78044,7.96044,7.52044,11.085,0.00135,1885200.0,22001368.0,0.25771734592367923,7.76044
HK.02611,国泰海通,2020-04-15 00:00:00,7.92044,7.46044,7.92044,7.46044,10.783,0.00108,1506935.0,17495148.0,-4.112877934923982,7.78044
HK.02611,国泰海通,2020-04-16 00:00:00,7.52044,7.30044,7.68044,7.30044,10.632,0.00116,1617300.0,18414624.0,-2.1446456241186866,7.46044
HK.02611,国泰海通,2020-04-17 00:00:00,7.40044,7.42044,7.64044,7.24044,10.745,0.00191,2660395.0,30243967.0,1.6437365419070644,7.30044
HK.02611,国泰海通,2020-04-20 00:00:00,7.60044,7.28044,7.60044,7.20044,10.613,0.00143,1994400.0,22495944.0,-1.886680574197764,7.42044
HK.02611,国泰海通,2020-04-21 00:00:00,7.10044,6.76044,7.28044,6.72044,10.122,0.00199,2771691.0,30119152.0,-7.142425457801996,7.28044
HK.02611,国泰海通,2020-04-22 00:00:00,6.74044,6.92044,7.00044,6.70044,10.273,0.00065,903712.0,9805185.0,2.3667098591215976,6.76044
HK.02611,国泰海通,2020-04-23 00:00:00,7.00044,6.88044,7.00044,6.82044,10.236,0.00024,340827.0,3703367.0,-0.5779979307674084,6.92044
HK.02611,国泰海通,2020-04-24 00:00:00,6.94044,6.76044,6.94044,6.72044,10.122,0.00057,796405.0,8536465.0,-1.7440745068629346,6.88044
HK.02611,国泰海通,2020-04-27 00:00:00,6.86044,6.84044,6.98044,6.58044,10.198,0.00262,3645600.0,39043786.0,1.1833549295607988,6.76044
HK.02611,国泰海通,2020-04-28 00:00:00,6.98044,7.10044,7.10044,6.78044,10.443,0.00086,1192800.0,13074012.0,3.8009250866903264,6.84044
HK.02611,国泰海通,2020-04-29 00:00:00,7.18044,7.20044,7.22044,7.06044,10.538,0.00036,503132.0,5600783.0,1.4083634253651962,7.10044
HK.02611,国泰海通,2020-05-04 00:00:00,6.84044,6.03044,6.84044,5.99044,9.433,0.00188,2620432.0,26454999.0,-16.249007005127474,7.20044
HK.02611,国泰海通,2020-05-05 00:00:00,6.12044,5.90044,6.16044,5.84044,9.31,0.00095,1324400.0,13110582.0,-2.1557299301543487,6.03044
HK.02611,国泰海通,2020-05-06 00:00:00,6.10044,6.44044,6.50044,6.06044,9.82,0.00185,2578600.0,26652264.0,9.151859861298481,5.90044
HK.02611,国泰海通,2020-05-07 00:00:00,6.46044,6.38044,6.48044,6.30044,9.763,0.00114,1592400.0,16445506.0,-0.9316133680307497,6.44044
HK.02611,国泰海通,2020-05-08 00:00:00,6.46044,6.56044,6.80044,6.38044,9.933,0.00181,2512376.0,26547963.0,2.821122054278384,6.38044
HK.02611,国泰海通,2020-05-11 00:00:00,6.70044,6.86044,6.98044,6.66044,10.217,0.00109,1512200.0,16321534.0,4.572864015218489,6.56044
HK.02611,国泰海通,2020-05-12 00:00:00,6.84044,6.60044,6.84044,6.54044,9.971,0.00153,2132629.0,22545477.0,-3.7898443831590947,6.86044
HK.02611,国泰海通,2020-05-13 00:00:00,6.54044,6.42044,6.54044,6.30044,9.801,0.00193,2692514.0,27904671.0,-2.727090921211309,6.60044
HK.02611,国泰海通,2020-05-14 00:00:00,6.38044,6.28044,6.38044,6.24044,9.669,0.00128,1784800.0,18256652.0,-2.1805359134265028,6.42044
HK.02611,国泰海通,2020-05-15 00:00:00,6.24044,6.12044,6.28044,6.10044,9.518,0.00208,2895600.0,29308840.0,-2.5475922069154273,6.28044
HK.02611,国泰海通,2020-05-18 00:00:00,6.04044,6.12044,6.20044,6.04044,9.518,0.00079,1094045.0,11055989.0,0.0,6.12044
HK.02611,国泰海通,2020-05-19 00:00:00,6.22044,6.28044,6.34044,6.16044,9.669,0.00171,2382000.0,24428992.0,2.614191136584939,6.12044
HK.02611,国泰海通,2020-05-20 00:00:00,6.22044,6.12044,6.28044,6.10044,9.518,0.00336,4677400.0,47374944.0,-2.5475922069154273,6.28044
HK.02611,国泰海通,2020-05-21 00:00:00,6.38044,6.24044,6.38044,6.08044,9.631,0.00134,1863800.0,18963013.0,1.9606433524387152,6.12044
HK.02611,国泰海通,2020-05-22 00:00:00,6.08044,5.77044,6.10044,5.67044,9.187,0.00264,3674006.0,36065441.0,-7.531520213318302,6.24044
HK.02611,国泰海通,2020-05-25 00:00:00,5.77044,5.72044,5.84044,5.67044,9.14,0.00141,1956000.0,18930490.0,-0.8664850513998903,5.77044
HK.02611,国泰海通,2020-05-26 00:00:00,5.67044,6.00044,6.10044,5.67044,9.405,0.00167,2331000.0,23223372.0,4.894728377537397,5.72044
HK.02611,国泰海通,2020-05-27 00:00:00,6.04044,5.90044,6.18044,5.82044,9.31,0.00256,3565000.0,35238198.0,-1.666544453406759,6.00044
HK.02611,国泰海通,2020-05-28 00:00:00,6.01044,6.08044,6.34044,5.92044,9.48,0.00223,3099356.0,31372032.0,3.0506199537661702,5.90044
HK.02611,国泰海通,2020-05-29 00:00:00,5.94044,6.22044,6.22044,5.94044,9.612,0.00879,12232736.0,124259227.0,2.302464953194171,6.08044
HK.02611,国泰海通,2020-06-01 00:00:00,6.24044,6.74044,6.90044,6.24044,10.103,0.00232,3229685.0,34460921.0,8.359537267460187,6.22044
HK.02611,国泰海通,2020-06-02 00:00:00,6.74044,6.68044,6.78044,6.64044,10.047,0.00095,1322200.0,14113140.0,-0.8901496044768664,6.74044
HK.02611,国泰海通,2020-06-03 00:00:00,6.70044,6.70044,6.90044,6.66044,10.066,0.00085,1178800.0,12602500.0,0.29938147786673425,6.68044
HK.02611,国泰海通,2020-06-04 00:00:00,6.76044,6.80044,6.92044,6.58044,10.16,0.00119,1654657.0,17717154.0,1.4924393024935623,6.70044
HK.02611,国泰海通,2020-06-05 00:00:00,6.74044,7.14044,7.30044,6.72044,10.481,0.00239,3330707.0,36668277.0,4.999676491521135,6.80044
HK.02611,国泰海通,2020-06-08 00:00:00,7.66044,7.18044,7.68044,7.16044,10.519,0.00149,2080000.0,23506146.0,0.5601895681498624,7.14044
HK.02611,国泰海通,2020-06-09 00:00:00,7.04044,7.36044,7.56044,7.04044,10.689,0.00141,1956754.0,22253687.0,2.506810167622036,7.18044
HK.02611,国泰海通,2020-06-10 00:00:00,7.26044,7.50044,7.60044,7.26044,10.821,0.00155,2154396.0,24710924.0,1.9020602029226592,7.36044
HK.02611,国泰海通,2020-06-11 00:00:00,7.28044,7.20044,7.54044,7.16044,10.538,0.00073,1013400.0,11428178.0,-3.999765347099634,7.50044
HK.02611,国泰海通,2020-06-12 00:00:00,6.96044,7.06044,7.22044,6.86044,10.406,0.00123,1713689.0,18926266.0,-1.9443256245451745,7.20044
HK.02611,国泰海通,2020-06-15 00:00:00,6.88044,6.92044,7.34044,6.88044,10.273,0.00112,1558800.0,17150821.0,-1.9828792539841666,7.06044
HK.02611,国泰海通,2020-06-16 00:00:00,7.06044,7.18044,7.32044,7.06044,10.519,0.00064,892400.0,9973132.0,3.756986549988148,6.92044
HK.02611,国泰海通,2020-06-17 00:00:00,7.34044,7.20044,7.36044,7.10044,10.538,0.00078,1087950.0,12188108.0,0.27853446306912194,7.18044
HK.02611,国泰海通,2020-06-18 00:00:00,7.10044,7.36044,7.54044,7.06044,10.689,0.00144,2010800.0,22822882.0,2.2220864280516084,7.20044
HK.02611,国泰海通,2020-06-19 00:00:00,7.30044,7.66044,7.78044,7.26044,10.972,0.00233,3245414.0,37541579.0,4.07584329197712,7.36044
HK.02611,国泰海通,2020-06-22 00:00:00,7.46044,7.68044,8.28044,7.44044,10.991,0.00246,3422391.0,40477669.0,0.26108160888930104,7.66044
HK.02611,国泰海通,2020-06-23 00:00:00,7.60044,7.46044,7.70044,7.38044,10.783,0.00126,1756755.0,20135473.0,-2.8644192259818415,7.68044
HK.02611,国泰海通,2020-06-24 00:00:00,7.52044,7.18044,7.66044,7.18044,10.519,0.001,1389512.0,15685490.0,-3.7531298422077017,7.46044
HK.02611,国泰海通,2020-06-26 00:00:00,7.18044,7.02044,7.22044,7.00044,10.368,0.00044,617800.0,6813056.0,-2.2282757045529267,7.18044
HK.02611,国泰海通,2020-06-29 00:00:00,7.22764,7.02764,7.22764,6.86764,9.971,0.00199,2773700.0,29104237.0,0.10255767444775678,7.02044
HK.02611,国泰海通,2020-06-30 00:00:00,6.88764,7.18764,7.30764,6.88764,10.122,0.00328,4569200.0,48394842.0,2.2767244764956676,7.02764
HK.02611,国泰海通,2020-07-02 00:00:00,6.94764,8.18764,8.22764,6.94764,11.067,0.00247,3435986.0,39283378.0,13.912772481649052,7.18764
HK.02611,国泰海通,2020-07-03 00:00:00,8.36764,8.54764,8.70764,7.96764,11.406,0.00493,6862000.0,81647730.0,4.396871381741252,8.18764
HK.02611,国泰海通,2020-07-06 00:00:00,9.14764,10.16764,10.18764,9.14764,12.936,0.00702,9777461.0,129998860.0,18.95259978192812,8.54764
HK.02611,国泰海通,2020-07-07 00:00:00,11.16764,9.84764,11.16764,9.74764,12.634,0.00437,6085796.0,83451089.0,-3.1472396741033344,10.16764
HK.02611,国泰海通,2020-07-08 00:00:00,10.14764,10.74764,10.92764,10.00764,13.484,0.0051,7100000.0,99850366.0,9.139245545125537,9.84764
HK.02611,国泰海通,2020-07-09 00:00:00,11.50764,10.70764,11.50764,10.56764,13.446,0.00226,3140600.0,45265108.0,-0.37217472859158773,10.74764
HK.02611,国泰海通,2020-07-10 00:00:00,11.08764,10.46764,11.08764,10.18764,13.22,0.00226,3148100.0,43952408.0,-2.2413902596650637,10.70764
HK.02611,国泰海通,2020-07-13 00:00:00,10.52764,11.02764,11.28764,10.36764,13.748,0.00309,4295200.0,62563860.0,5.349820972062476,10.46764
HK.02611,国泰海通,2020-07-14 00:00:00,10.96764,10.68764,10.96764,10.56764,13.427,0.00532,7398400.0,105836382.0,-3.083161945801639,11.02764
HK.02611,国泰海通,2020-07-15 00:00:00,11.08764,10.62764,11.08764,10.32764,13.371,0.00271,3767200.0,53114136.0,-0.5613961548106083,10.68764
HK.02611,国泰海通,2020-07-16 00:00:00,10.76764,9.90764,10.76764,9.72764,12.691,0.00301,4183200.0,57262924.0,-6.774787252861396,10.62764
HK.02611,国泰海通,2020-07-17 00:00:00,10.02764,10.10764,10.30764,9.82764,12.88,0.0031,4319800.0,58850516.0,2.018644197810975,9.90764
HK.02611,国泰海通,2020-07-20 00:00:00,10.46764,10.62764,10.82764,10.10764,13.371,0.00361,5023600.0,70858135.0,5.144623275067173,10.10764
HK.02611,国泰海通,2020-07-21 00:00:00,10.66764,10.56764,10.78764,10.36764,13.314,0.00149,2074600.0,29114476.0,-0.5645656044051053,10.62764
HK.02611,国泰海通,2020-07-22 00:00:00,10.82764,10.50764,10.82764,10.34764,13.257,0.00211,2932416.0,41257612.0,-0.5677710444337667,10.56764
HK.02611,国泰海通,2020-07-23 00:00:00,10.50764,10.62764,10.70764,10.28764,13.371,0.00202,2814200.0,39533200.0,1.1420261828536113,10.50764
HK.02611,国泰海通,2020-07-24 00:00:00,10.48764,9.62764,10.48764,9.48764,12.426,0.00207,2885400.0,38714492.0,-9.409426740085287,10.62764
HK.02611,国泰海通,2020-07-27 00:00:00,9.58764,9.34764,9.96764,9.34764,12.162,0.00106,1470379.0,19264306.0,-2.908293205811594,9.62764
HK.02611,国泰海通,2020-07-28 00:00:00,9.36764,9.42764,9.62764,9.32764,12.237,0.00049,685187.0,8889754.0,0.8558309904959976,9.34764
HK.02611,国泰海通,2020-07-29 00:00:00,9.38764,9.56764,9.82764,9.22764,12.37,0.00086,1202600.0,15775404.0,1.4849951843727651,9.42764
HK.02611,国泰海通,2020-07-30 00:00:00,9.50764,9.46764,9.70764,9.34764,12.275,0.00047,658800.0,8577448.0,-1.0451898273764628,9.56764
HK.02611,国泰海通,2020-07-31 00:00:00,9.44764,9.28764,9.74764,9.24764,12.105,0.0005,689850.0,8903322.0,-1.901212973877331,9.46764
HK.02611,国泰海通,2020-08-03 00:00:00,9.54764,9.40764,9.66764,9.14764,12.219,0.00061,847709.0,10906110.0,1.29203974314251,9.28764
HK.02611,国泰海通,2020-08-04 00:00:00,9.40764,9.50764,9.70764,9.30764,12.313,0.00048,664000.0,8684424.0,1.0629658447814716,9.40764
HK.02611,国泰海通,2020-08-05 00:00:00,9.46764,9.48764,9.54764,9.22764,12.294,0.00046,635468.0,8250220.0,-0.21035714435968939,9.50764
HK.02611,国泰海通,2020-08-06 00:00:00,9.60764,9.78764,9.78764,9.24764,12.577,0.001,1397990.0,18291994.0,3.1620086765517965,9.48764
HK.02611,国泰海通,2020-08-07 00:00:00,9.78764,9.36764,9.78764,9.14764,12.181,0.00069,956433.0,12326359.0,-4.291126359367528,9.78764
HK.02611,国泰海通,2020-08-10 00:00:00,9.22764,9.30764,9.46764,9.12764,12.124,0.00046,637400.0,8202287.0,-0.6405028374275751,9.36764
HK.02611,国泰海通,2020-08-11 00:00:00,9.18764,9.14764,9.50764,9.06764,11.973,0.00053,732200.0,9360951.0,-1.7190179250593962,9.30764
HK.02611,国泰海通,2020-08-12 00:00:00,9.04764,9.10764,9.22764,8.78764,11.935,0.00073,1012000.0,12656643.0,-0.4372712524760586,9.14764
HK.02611,国泰海通,2020-08-13 00:00:00,9.20764,9.30764,9.40764,9.12764,12.124,0.00142,1969494.0,25144213.0,2.1959585578700884,9.10764
HK.02611,国泰海通,2020-08-14 00:00:00,9.38764,9.44764,9.50764,9.22764,12.256,0.00138,1927000.0,24809158.0,1.5041406844269931,9.30764
HK.02611,国泰海通,2020-08-17 00:00:00,9.46764,9.86764,10.18764,9.40764,12.653,0.00157,2189727.0,29585693.0,4.445554657036042,9.44764
HK.02611,国泰海通,2020-08-18 00:00:00,10.04764,9.68764,10.04764,9.50764,12.483,0.00092,1278650.0,16815990.0,-1.8241443749467927,9.86764
HK.02611,国泰海通,2020-08-19 00:00:00,9.50764,9.72764,9.84764,9.50764,12.521,0.00046,634637.0,8428356.0,0.41289725877509015,9.68764
HK.02611,国泰海通,2020-08-20 00:00:00,9.56764,9.50764,9.66764,9.36764,12.313,0.00055,771902.0,10064722.0,-2.2615968518571705,9.72764
HK.02611,国泰海通,2020-08-21 00:00:00,9.58764,9.72764,9.80764,9.52764,12.521,0.00072,1007214.0,13280949.0,2.313928587956621,9.50764
HK.02611,国泰海通,2020-08-24 00:00:00,9.72764,9.58764,9.82764,9.48764,12.389,0.0003,412200.0,5449424.0,-1.4391979966363764,9.72764
HK.02611,国泰海通,2020-08-25 00:00:00,9.58764,9.48764,9.72764,9.34764,12.294,0.00057,793400.0,10324124.0,-1.0430095414512814,9.58764
HK.02611,国泰海通,2020-08-26 00:00:00,9.54764,9.24764,9.54764,9.04764,12.067,0.00073,1017046.0,12986820.0,-2.529606941241449,9.48764
HK.02611,国泰海通,2020-08-27 00:00:00,9.36764,8.94764,9.36764,8.84764,11.784,0.00122,1703520.0,21217882.0,-3.2440709197157407,9.24764
HK.02611,国泰海通,2020-08-28 00:00:00,9.00764,8.84764,9.12764,8.80764,11.69,0.00095,1317200.0,16476500.0,-1.117613135977751,8.94764
HK.02611,国泰海通,2020-08-31 00:00:00,9.10764,8.56764,9.42764,8.56764,11.425,0.00236,3287500.0,40891440.0,-3.1646857241026916,8.84764
HK.02611,国泰海通,2020-09-01 00:00:00,8.56764,8.80764,8.90764,8.50764,11.652,0.00093,1295400.0,15976680.0,2.801238147261071,8.56764
HK.02611,国泰海通,2020-09-02 00:00:00,8.66764,8.34764,8.76764,8.30764,11.218,0.00165,2295560.0,27706260.0,-5.222738440717367,8.80764
HK.02611,国泰海通,2020-09-03 00:00:00,8.42764,8.16764,8.60764,8.08764,11.048,0.00192,2673200.0,31745407.0,-2.1562980674777505,8.34764
HK.02611,国泰海通,2020-09-04 00:00:00,8.28764,7.92764,8.28764,7.78764,10.821,0.00309,4296200.0,49101592.0,-2.938425297882867,8.16764
HK.02611,国泰海通,2020-09-07 00:00:00,8.10764,7.80764,8.10764,7.70764,10.708,0.00179,2484557.0,28265007.0,-1.5136913381536006,7.92764
HK.02611,国泰海通,2020-09-08 00:00:00,7.90764,8.04764,8.18764,7.82764,10.934,0.00144,2008640.0,23245071.0,3.0739122193133817,7.80764
HK.02611,国泰海通,2020-09-09 00:00:00,7.78764,7.80764,8.06764,7.76764,10.708,0.00067,928733.0,10652429.0,-2.982240756296248,8.04764
HK.02611,国泰海通,2020-09-10 00:00:00,7.88764,7.70764,7.96764,7.70764,10.613,0.00105,1458000.0,16522735.0,-1.2807967580472528,7.80764
HK.02611,国泰海通,2020-09-11 00:00:00,7.68764,7.70764,7.82764,7.50764,10.613,0.00098,1370800.0,15388156.0,0.0,7.70764
HK.02611,国泰海通,2020-09-14 00:00:00,7.72764,7.66764,7.84764,7.66764,10.576,0.0009,1251000.0,14101832.0,-0.5189655977705243,7.70764
HK.02611,国泰海通,2020-09-15 00:00:00,7.74764,7.70764,7.82764,7.60764,10.613,0.00065,906600.0,10226228.0,0.52167290065783,7.66764
HK.02611,国泰海通,2020-09-16 00:00:00,7.76764,7.80764,7.92764,7.68764,10.708,0.0006,833000.0,9457332.0,1.2974139944263166,7.70764
HK.02611,国泰海通,2020-09-17 00:00:00,7.70764,7.58764,7.74764,7.56764,10.5,0.00105,1461194.0,16338105.0,-2.817752867703938,7.80764
HK.02611,国泰海通,2020-09-18 00:00:00,7.56764,7.82764,7.94764,7.46764,10.727,0.00212,2951165.0,33503676.0,3.1630388368451756,7.58764
HK.02611,国泰海通,2020-09-21 00:00:00,7.94764,7.74764,8.22764,7.74764,10.651,0.00121,1683906.0,19384598.0,-1.0220194081485616,7.82764
HK.02611,国泰海通,2020-09-22 00:00:00,7.74764,7.58764,7.80764,7.50764,10.5,0.00068,952504.0,10665190.0,-2.0651449989932322,7.74764
HK.02611,国泰海通,2020-09-23 00:00:00,7.56764,7.44764,7.58764,7.38764,10.368,0.00101,1401653.0,15432171.0,-1.8451059881596985,7.58764
HK.02611,国泰海通,2020-09-24 00:00:00,7.44764,7.20764,7.44764,7.00764,10.141,0.00265,3688200.0,39354470.0,-3.222497328012635,7.44764
HK.02611,国泰海通,2020-09-25 00:00:00,7.26764,7.32764,7.52764,7.20764,10.254,0.00279,3887000.0,42558312.0,1.6649000227536352,7.20764
HK.02611,国泰海通,2020-09-28 00:00:00,7.18764,7.64764,7.72764,7.18764,10.557,0.00138,1922923.0,21417044.0,4.367026764415286,7.32764
HK.02611,国泰海通,2020-09-29 00:00:00,7.68764,7.10764,7.68764,7.10764,10.047,0.00089,1232734.0,13284290.0,-7.061001825399732,7.64764
HK.02611,国泰海通,2020-09-30 00:00:00,7.24764,7.20764,7.50764,7.08764,10.141,0.00154,2143800.0,23179492.0,1.4069367610064614,7.10764
HK.02611,国泰海通,2020-10-05 00:00:00,7.14764,6.78764,7.16764,6.72764,9.745,0.001,1386600.0,14375039.0,-5.827150079637717,7.20764
HK.02611,国泰海通,2020-10-06 00:00:00,6.92764,6.80764,6.92764,6.72764,9.763,0.00057,798584.0,8281927.0,0.29465322262230265,6.78764
HK.02611,国泰海通,2020-10-07 00:00:00,6.90764,6.64764,6.90764,6.58764,9.612,0.00066,916461.0,9373407.0,-2.350300544682153,6.80764
HK.02611,国泰海通,2020-10-08 00:00:00,6.72764,6.72764,6.72764,6.50764,9.688,0.00276,3835999.0,39131733.0,1.2034346023551226,6.64764
HK.02611,国泰海通,2020-10-09 00:00:00,6.82764,6.88764,6.92764,6.64764,9.839,0.0043,5979800.0,62029018.0,2.378248538863556,6.72764
HK.02611,国泰海通,2020-10-12 00:00:00,6.94764,7.36764,7.38764,6.90764,10.292,0.00383,5332781.0,57441979.0,6.969005348711599,6.88764
HK.02611,国泰海通,2020-10-14 00:00:00,7.34764,6.98764,7.40764,6.90764,9.933,0.00411,5716128.0,60352382.0,-5.157689572237513,7.36764
HK.02611,国泰海通,2020-10-15 00:00:00,6.96764,6.76764,7.00764,6.76764,9.726,0.005,6955917.0,72252585.0,-3.1484163465776676,6.98764
HK.02611,国泰海通,2020-10-16 00:00:00,6.84764,6.82764,6.92764,6.70764,9.782,0.00629,8754000.0,90493743.0,0.8865719807791137,6.76764
HK.02611,国泰海通,2020-10-19 00:00:00,6.92764,6.90764,7.12764,6.84764,9.858,0.00239,3331400.0,35000656.0,1.171707940078857,6.82764
HK.02611,国泰海通,2020-10-20 00:00:00,6.96764,6.82764,6.96764,6.76764,9.782,0.0021,2919427.0,30296983.0,-1.1581379458107266,6.90764
HK.02611,国泰海通,2020-10-21 00:00:00,6.78764,6.86764,6.94764,6.78764,9.82,0.00266,3701400.0,38455113.0,0.5858539700394285,6.82764
HK.02611,国泰海通,2020-10-22 00:00:00,6.90764,6.90764,7.00764,6.82764,9.858,0.00166,2314800.0,24169792.0,0.5824417121456575,6.86764
HK.02611,国泰海通,2020-10-23 00:00:00,6.84764,7.04764,7.14764,6.84764,9.99,0.00286,3983200.0,42097328.0,2.026741405168778,6.90764
HK.02611,国泰海通,2020-10-27 00:00:00,6.92764,6.68764,7.00764,6.68764,9.65,0.00334,4643370.0,47849078.0,-5.108092921885913,7.04764
HK.02611,国泰海通,2020-10-28 00:00:00,6.72764,6.46764,6.72764,6.45764,9.442,0.00421,5859600.0,58998134.0,-3.2896507587130848,6.68764
HK.02611,国泰海通,2020-10-29 00:00:00,6.56764,6.62764,6.72764,6.35764,9.593,0.00507,7053272.0,71206079.0,2.473854450773391,6.46764
HK.02611,国泰海通,2020-10-30 00:00:00,6.52764,6.54764,6.88764,6.50764,9.518,0.00357,4970216.0,50842267.0,-1.2070661653318537,6.62764
HK.02611,国泰海通,2020-11-02 00:00:00,6.56764,6.72764,6.92764,6.54764,9.688,0.00314,4375779.0,45133165.0,2.749082112028146,6.54764
HK.02611,国泰海通,2020-11-03 00:00:00,6.72764,7.06764,7.28764,6.64764,10.009,0.0055,7649077.0,81205508.0,5.05377814508505,6.72764
HK.02611,国泰海通,2020-11-04 00:00:00,7.00764,6.90764,7.10764,6.80764,9.858,0.00347,4830107.0,50586309.0,-2.263839131591311,7.06764
HK.02611,国泰海通,2020-11-05 00:00:00,6.98764,7.22764,7.22764,6.98764,10.16,0.00593,8255200.0,87850568.0,4.632551783242906,6.90764
HK.02611,国泰海通,2020-11-06 00:00:00,7.16764,7.32764,7.42764,7.14764,10.254,0.0131,18228000.0,197390781.0,1.3835774886408239,7.22764
HK.02611,国泰海通,2020-11-09 00:00:00,7.34764,7.52764,7.72764,7.30764,10.443,0.00479,6666400.0,73758196.0,2.729391727759554,7.32764
HK.02611,国泰海通,2020-11-10 00:00:00,7.76764,7.76764,8.26764,7.62764,10.67,0.00445,6192750.0,70524078.0,3.188250235133458,7.52764
HK.02611,国泰海通,2020-11-11 00:00:00,7.94764,8.08764,8.08764,7.66764,10.972,0.00536,7463254.0,85823404.0,4.119655390826561,7.76764
HK.02611,国泰海通,2020-11-12 00:00:00,8.08764,7.72764,8.08764,7.62764,10.632,0.00383,5330400.0,60243886.0,-4.451236701930357,8.08764
HK.02611,国泰海通,2020-11-13 00:00:00,7.74764,7.26764,7.74764,7.18764,10.198,0.00344,4781695.0,51942577.0,-5.9526582501255225,7.72764
HK.02611,国泰海通,2020-11-16 00:00:00,7.34764,7.50764,7.52764,7.14764,10.424,0.00533,7422200.0,80973240.0,3.3023099658210944,7.26764
HK.02611,国泰海通,2020-11-17 00:00:00,7.50764,7.42764,7.54764,7.30764,10.349,0.00463,6439400.0,70438420.0,-1.0655811946230782,7.50764
HK.02611,国泰海通,2020-11-18 00:00:00,7.36764,7.50764,7.72764,7.26764,10.424,0.00561,7802663.0,86127846.0,1.0770581234416325,7.42764
HK.02611,国泰海通,2020-11-19 00:00:00,7.44764,7.40764,7.48764,7.30764,10.33,0.00365,5075426.0,55417116.0,-1.3319764932788536,7.50764
HK.02611,国泰海通,2020-11-20 00:00:00,7.42764,7.38764,7.42764,7.30764,10.311,0.00446,6208060.0,67707364.0,-0.2699915222661951,7.40764
HK.02611,国泰海通,2020-11-23 00:00:00,7.38764,7.66764,7.88764,7.32764,10.576,0.00382,5321329.0,59410822.0,3.790114299018352,7.38764
HK.02611,国泰海通,2020-11-24 00:00:00,7.72764,7.48764,7.76764,7.40764,10.406,0.00398,5540839.0,61573183.0,-2.3475280529602296,7.66764
HK.02611,国泰海通,2020-11-25 00:00:00,7.56764,7.38764,7.88764,7.38764,10.311,0.00848,11809497.0,131691770.0,-1.3355342938495929,7.48764
HK.02611,国泰海通,2020-11-26 00:00:00,7.60764,7.68764,7.76764,7.38764,10.594,0.0083,11546516.0,127625510.0,4.06083674894824,7.38764
HK.02611,国泰海通,2020-11-27 00:00:00,7.66764,7.76764,7.84764,7.46764,10.67,0.00657,9149573.0,102104324.0,1.0406314551669964,7.68764
HK.02611,国泰海通,2020-11-30 00:00:00,7.72764,7.86764,8.30764,7.56764,10.764,0.04627,64394105.0,736102554.0,1.2873923096332947,7.76764
HK.02611,国泰海通,2020-12-01 00:00:00,7.86764,7.98764,8.20764,7.52764,10.878,0.00868,12086148.0,138111103.0,1.5252350132949666,7.86764
HK.02611,国泰海通,2020-12-02 00:00:00,8.04764,7.94764,8.26764,7.88764,10.84,0.00684,9514800.0,109847665.0,-0.5007736953593306,7.98764
HK.02611,国泰海通,2020-12-03 00:00:00,7.94764,7.92764,8.10764,7.80764,10.821,0.0029,4033652.0,46293080.0,-0.2516470298101018,7.94764
HK.02611,国泰海通,2020-12-04 00:00:00,7.88764,7.92764,7.98764,7.78764,10.821,0.00405,5642600.0,64413210.0,0.0,7.92764
HK.02611,国泰海通,2020-12-07 00:00:00,7.90764,7.62764,7.90764,7.58764,10.538,0.0024,3335200.0,37341274.0,-3.7842283453839958,7.92764
HK.02611,国泰海通,2020-12-08 00:00:00,7.62764,7.62764,7.68764,7.50764,10.538,0.00269,3745400.0,41598100.0,0.0,7.62764
HK.02611,国泰海通,2020-12-09 00:00:00,7.56764,7.42764,7.62764,7.42764,10.349,0.00255,3549000.0,39202756.0,-2.6220429910168828,7.62764
HK.02611,国泰海通,2020-12-10 00:00:00,7.54764,7.26764,7.54764,7.18764,10.198,0.00283,3941200.0,42738486.0,-2.154116246883265,7.42764
HK.02611,国泰海通,2020-12-11 00:00:00,7.32764,7.20764,7.32764,7.12764,10.141,0.00135,1881800.0,20188020.0,-0.8255774914552798,7.26764
HK.02611,国泰海通,2020-12-14 00:00:00,7.16764,7.00764,7.18764,6.94764,9.952,0.0032,4455400.0,47077852.0,-2.774833371256046,7.20764
HK.02611,国泰海通,2020-12-15 00:00:00,7.04764,7.04764,7.10764,6.88764,9.99,0.00161,2234000.0,23553972.0,0.5708055779121078,7.00764
HK.02611,国泰海通,2020-12-16 00:00:00,7.14764,7.06764,7.18764,7.00764,10.009,0.00091,1270000.0,13498048.0,0.2837829401047666,7.04764
HK.02611,国泰海通,2020-12-17 00:00:00,7.06764,7.22764,7.22764,6.88764,10.16,0.0017,2369727.0,25198604.0,2.263839131591311,7.06764
HK.02611,国泰海通,2020-12-18 00:00:00,7.14764,7.18764,7.28764,7.12764,10.122,0.00236,3285000.0,35224986.0,-0.553430995456332,7.22764
HK.02611,国泰海通,2020-12-21 00:00:00,7.12764,7.12764,7.22764,7.06764,10.066,0.00164,2278200.0,24336907.0,-0.8347663488989376,7.18764
HK.02611,国泰海通,2020-12-22 00:00:00,7.14764,6.94764,7.14764,6.90764,9.896,0.00167,2321277.0,24421845.0,-2.525380069700498,7.12764
HK.02611,国泰海通,2020-12-23 00:00:00,6.94764,6.98764,7.06764,6.90764,9.933,0.00131,1817800.0,19141700.0,0.5757350697503042,6.94764
HK.02611,国泰海通,2020-12-24 00:00:00,6.98764,7.00764,7.20764,6.98764,9.952,0.00058,808800.0,8614584.0,0.286219667870704,6.98764
HK.02611,国泰海通,2020-12-28 00:00:00,7.00764,7.14764,7.20764,7.00764,10.084,0.00175,2428800.0,25940102.0,1.997819522692371,7.00764
HK.02611,国泰海通,2020-12-29 00:00:00,7.22764,7.28764,7.38764,7.06764,10.217,0.00277,3854400.0,41579943.0,1.9586884622057026,7.14764
HK.02611,国泰海通,2020-12-30 00:00:00,7.26764,7.48764,7.50764,7.22764,10.406,0.00136,1893200.0,20687196.0,2.7443726638527726,7.28764
HK.02611,国泰海通,2020-12-31 00:00:00,7.52764,7.76764,7.84764,7.50764,10.67,0.00198,2759400.0,31018616.0,3.7394960227788765,7.48764
HK.02611,国泰海通,2021-01-04 00:00:00,7.74764,7.62764,7.74764,7.54764,10.538,0.00196,2732400.0,30577384.0,-1.8023492334866147,7.76764
HK.02611,国泰海通,2021-01-05 00:00:00,7.64764,7.62764,7.66764,7.36764,10.538,0.00251,3496800.0,38740236.0,0.0,7.62764
HK.02611,国泰海通,2021-01-06 00:00:00,7.66764,7.66764,7.74764,7.48764,10.576,0.00218,3032800.0,33841670.0,0.5244085982033649,7.62764
HK.02611,国泰海通,2021-01-07 00:00:00,7.74764,7.72764,7.80764,7.62764,10.632,0.00196,2726982.0,30639126.0,0.7825093509867508,7.66764
HK.02611,国泰海通,2021-01-08 00:00:00,7.78764,7.88764,7.96764,7.72764,10.783,0.0024,3346300.0,38176736.0,2.070489826130619,7.72764
HK.02611,国泰海通,2021-01-11 00:00:00,7.96764,7.90764,8.20764,7.82764,10.802,0.00309,4299260.0,49780480.0,0.25356126800918366,7.88764
HK.02611,国泰海通,2021-01-12 00:00:00,7.92764,8.44764,8.58764,7.76764,11.312,0.00361,5018800.0,58942614.0,6.828838945627267,7.90764
HK.02611,国泰海通,2021-01-13 00:00:00,8.74764,8.24764,8.74764,8.24764,11.123,0.00165,2294310.0,27402762.0,-2.36752513127926,8.44764
HK.02611,国泰海通,2021-01-14 00:00:00,8.40764,8.08764,8.42764,8.06764,10.972,0.0014,1943400.0,22709760.0,-1.9399488823469517,8.24764
HK.02611,国泰海通,2021-01-15 00:00:00,8.08764,8.26764,8.36764,8.06764,11.142,0.00314,4373200.0,51378999.0,2.225618350965173,8.08764
HK.02611,国泰海通,2021-01-18 00:00:00,8.36764,8.50764,8.72764,8.16764,11.369,0.00225,3132000.0,37720896.0,2.9028840152691724,8.26764
HK.02611,国泰海通,2021-01-19 00:00:00,8.66764,8.94764,9.26764,8.54764,11.784,0.00367,5101800.0,63773960.0,5.171822032902186,8.50764
HK.02611,国泰海通,2021-01-20 00:00:00,8.94764,8.92764,9.18764,8.66764,11.765,0.00342,4756200.0,59070904.0,-0.22352262719554625,8.94764
HK.02611,国泰海通,2021-01-21 00:00:00,9.02764,8.94764,9.10764,8.82764,11.784,0.00222,3085000.0,38552224.0,0.22402337011796594,8.92764
HK.02611,国泰海通,2021-01-22 00:00:00,8.94764,8.50764,9.02764,8.36764,11.369,0.00266,3702800.0,44880828.0,-4.917497798302117,8.94764
HK.02611,国泰海通,2021-01-25 00:00:00,8.46764,8.78764,8.80764,8.44764,11.633,0.00185,2581200.0,31338256.0,3.291159475483205,8.50764
HK.02611,国泰海通,2021-01-26 00:00:00,8.78764,8.40764,8.78764,8.36764,11.274,0.00214,2975453.0,35656147.0,-4.3242554314924035,8.78764
HK.02611,国泰海通,2021-01-27 00:00:00,8.66764,8.38764,8.66764,8.26764,11.255,0.00166,2304800.0,27478972.0,-0.23787888158866635,8.40764
HK.02611,国泰海通,2021-01-28 00:00:00,8.18764,7.96764,8.28764,7.96764,10.859,0.00215,2997057.0,34719203.0,-5.007367984319774,8.38764
HK.02611,国泰海通,2021-01-29 00:00:00,7.98764,7.74764,8.10764,7.72764,10.651,0.00188,2623200.0,29754648.0,-2.7611689283150422,7.96764
HK.02611,国泰海通,2021-02-01 00:00:00,7.76764,7.90764,8.10764,7.44764,10.802,0.00251,3500200.0,39909228.0,2.0651449989932438,7.74764
HK.02611,国泰海通,2021-02-02 00:00:00,7.80764,8.04764,8.16764,7.80764,10.934,0.00149,2079800.0,24056580.0,1.7704397266441023,7.90764
HK.02611,国泰海通,2021-02-03 00:00:00,8.20764,7.98764,8.20764,7.80764,10.878,0.00076,1054600.0,12149793.0,-0.7455601890740592,8.04764
HK.02611,国泰海通,2021-02-04 00:00:00,7.98764,7.56764,7.98764,7.38764,10.481,0.00182,2532378.0,28265156.0,-5.258123801272966,7.98764
HK.02611,国泰海通,2021-02-05 00:00:00,7.64764,7.40764,7.64764,7.32764,10.33,0.00237,3292646.0,36070155.0,-2.114265477744715,7.56764
HK.02611,国泰海通,2021-02-08 00:00:00,7.52764,7.38764,7.64764,7.28764,10.311,0.00272,3789800.0,41591734.0,-0.2699915222661951,7.40764
HK.02611,国泰海通,2021-02-09 00:00:00,7.36764,7.36764,7.42764,7.18764,10.292,0.00117,1634000.0,17717356.0,-0.2707224499298891,7.38764
HK.02611,国泰海通,2021-02-10 00:00:00,7.36764,7.28764,7.56764,7.22764,10.217,0.00176,2444200.0,26563077.0,-1.0858293836289512,7.36764
HK.02611,国泰海通,2021-02-11 00:00:00,7.20764,7.20764,7.24764,7.06764,10.141,0.00134,1863200.0,19912970.0,-1.0977490655411088,7.28764
HK.02611,国泰海通,2021-02-16 00:00:00,7.30764,7.44764,7.52764,7.30764,10.368,0.00558,7768419.0,85181340.0,3.3298000455072705,7.20764
HK.02611,国泰海通,2021-02-17 00:00:00,7.44764,7.86764,7.94764,7.36764,10.764,0.0011,1536100.0,17331761.0,5.639370324022106,7.44764
HK.02611,国泰海通,2021-02-18 00:00:00,7.74764,7.62764,7.84764,7.56764,10.538,0.00295,4102500.0,46008205.0,-3.050470026589922,7.86764
HK.02611,国泰海通,2021-02-19 00:00:00,7.58764,7.78764,7.84764,7.52764,10.689,0.00259,3610000.0,40626448.0,2.0976343928134944,7.62764
HK.02611,国泰海通,2021-02-22 00:00:00,7.98764,7.76764,8.14764,7.70764,10.67,0.0047,6535260.0,75047527.0,-0.2568172129168731,7.78764
HK.02611,国泰海通,2021-02-23 00:00:00,7.80764,7.66764,7.86764,7.62764,10.576,0.00222,3090715.0,34930536.0,-1.287392309633306,7.76764
HK.02611,国泰海通,2021-02-24 00:00:00,7.72764,7.46764,7.98764,7.38764,10.387,0.00439,6105000.0,67807293.0,-2.6083645032891387,7.66764
HK.02611,国泰海通,2021-02-25 00:00:00,7.50764,7.52764,7.70764,7.40764,10.443,0.00642,8932800.0,99270574.0,0.8034666909492103,7.46764
HK.02611,国泰海通,2021-02-26 00:00:00,7.50764,7.24764,7.52764,7.18764,10.179,0.00376,5227400.0,56634472.0,-3.7196252743223677,7.52764
HK.02611,国泰海通,2021-03-01 00:00:00,7.30764,7.22764,7.32764,7.10764,10.16,0.00199,2769000.0,29772603.0,-0.275951896065472,7.24764
HK.02611,国泰海通,2021-03-02 00:00:00,7.26764,7.24764,7.36764,7.14764,10.179,0.00205,2859000.0,30822152.0,0.27671549772815984,7.22764
HK.02611,国泰海通,2021-03-03 00:00:00,7.26764,7.46764,7.58764,7.18764,10.387,0.00134,1861600.0,20471511.0,3.0354708567202655,7.24764
HK.02611,国泰海通,2021-03-04 00:00:00,7.46764,7.32764,7.52764,7.30764,10.254,0.0011,1525400.0,16629120.0,-1.8747556122148439,7.46764
HK.02611,国泰海通,2021-03-05 00:00:00,7.14764,7.36764,7.44764,7.12764,10.292,0.0017,2367493.0,25684999.0,0.5458783455519107,7.32764
HK.02611,国泰海通,2021-03-08 00:00:00,7.42764,7.22764,7.56764,7.16764,10.16,0.00229,3188800.0,34695280.0,-1.9002014213506588,7.36764
HK.02611,国泰海通,2021-03-09 00:00:00,7.24764,6.98764,7.24764,6.86764,9.933,0.00265,3686000.0,38888128.0,-3.320585972737992,7.22764
HK.02611,国泰海通,2021-03-10 00:00:00,7.22764,7.04764,7.22764,6.86764,9.99,0.0023,3205800.0,33631906.0,0.8586590036120993,6.98764
HK.02611,国泰海通,2021-03-11 00:00:00,7.06764,7.26764,7.30764,7.04764,10.198,0.00281,3908000.0,42022102.0,3.1216123411524954,7.04764
HK.02611,国泰海通,2021-03-12 00:00:00,7.26764,7.28764,7.48764,7.24764,10.217,0.00185,2573400.0,28006046.0,0.27519249715175176,7.26764
HK.02611,国泰海通,2021-03-15 00:00:00,7.42764,7.34764,7.42764,7.20764,10.273,0.00187,2604400.0,28151064.0,0.8233117991558379,7.28764
HK.02611,国泰海通,2021-03-16 00:00:00,7.40764,7.28764,7.44764,7.26764,10.217,0.00141,1959400.0,21281168.0,-0.8165887278092081,7.34764
HK.02611,国泰海通,2021-03-17 00:00:00,7.32764,7.36764,7.38764,7.22764,10.292,0.00099,1374200.0,14908768.0,1.0977490655411088,7.28764
HK.02611,国泰海通,2021-03-18 00:00:00,7.42764,7.44764,7.60764,7.34764,10.368,0.0015,2093600.0,23134948.0,1.0858293836289512,7.36764
HK.02611,国泰海通,2021-03-19 00:00:00,7.46764,7.36764,7.48764,7.18764,10.292,0.00259,3603241.0,39030220.0,-1.0741657760042118,7.44764
HK.02611,国泰海通,2021-03-22 00:00:00,7.26764,7.40764,7.56764,7.22764,10.33,0.00123,1712800.0,18807088.0,0.5429146918144756,7.36764
HK.02611,国泰海通,2021-03-23 00:00:00,7.44764,7.46764,7.46764,7.34764,10.387,0.00056,773650.0,8473206.0,0.8099745667986092,7.40764
HK.02611,国泰海通,2021-03-24 00:00:00,7.44764,7.40764,7.52764,7.30764,10.33,0.0012,1675750.0,18295114.0,-0.8034666909492222,7.46764
HK.02611,国泰海通,2021-03-25 00:00:00,7.36764,7.30764,7.36764,7.06764,10.236,0.00114,1580800.0,17021312.0,-1.3499576113309995,7.40764
HK.02611,国泰海通,2021-03-26 00:00:00,7.36764,7.44764,7.56764,7.36764,7.388,0.00226,3141800.0,34618716.0,1.915803186801754,7.30764
HK.02611,国泰海通,2021-03-29 00:00:00,7.50764,7.88764,7.90764,7.50764,7.685,0.004,5572797.0,63147214.0,5.9079117680231645,7.44764
HK.02611,国泰海通,2021-03-30 00:00:00,7.96764,7.72764,7.98764,7.70764,7.577,0.0013,1815000.0,20522248.0,-2.0284901440735146,7.88764
HK.02611,国泰海通,2021-03-31 00:00:00,7.72764,7.68764,7.76764,7.60764,7.55,0.00143,1994200.0,22411729.0,-0.5176224565326547,7.72764
HK.02611,国泰海通,2021-04-01 00:00:00,7.72764,7.80764,7.86764,7.64764,7.631,0.00135,1881600.0,21361233.0,1.5609471827504944,7.68764
HK.02611,国泰海通,2021-04-07 00:00:00,7.80764,7.64764,7.80764,7.48764,7.523,0.00224,3111460.0,34696221.0,-2.0492748128755958,7.80764
HK.02611,国泰海通,2021-04-08 00:00:00,7.56764,7.66764,7.72764,7.54764,7.537,0.00118,1638200.0,18337012.0,0.2615185861259104,7.64764
HK.02611,国泰海通,2021-04-09 00:00:00,7.66764,7.46764,7.66764,7.42764,7.402,0.00148,2065400.0,22790888.0,-2.6083645032891387,7.66764
HK.02611,国泰海通,2021-04-12 00:00:00,7.58764,7.38764,7.60764,7.38764,7.348,0.00071,985195.0,10875625.0,-1.0712889212656218,7.46764
HK.02611,国泰海通,2021-04-13 00:00:00,7.42764,7.36764,7.48764,7.34764,7.335,0.00105,1461600.0,15962505.0,-0.2707224499298891,7.38764
HK.02611,国泰海通,2021-04-14 00:00:00,7.36764,7.40764,7.46764,7.36764,7.362,0.00076,1063800.0,11635808.0,0.5429146918144756,7.36764
HK.02611,国泰海通,2021-04-15 00:00:00,7.36764,7.30764,7.36764,7.28764,7.294,0.00076,1057000.0,11466284.0,-1.3499576113309995,7.40764
HK.02611,国泰海通,2021-04-16 00:00:00,7.28764,7.42764,7.52764,7.26764,7.375,0.00096,1342400.0,14659296.0,1.6421170172586512,7.30764
HK.02611,国泰海通,2021-04-19 00:00:00,7.38764,7.68764,7.82764,7.34764,7.55,0.00274,3817400.0,42764728.0,3.5004389011852997,7.42764
HK.02611,国泰海通,2021-04-20 00:00:00,7.62764,7.58764,7.74764,7.58764,7.483,0.00061,850000.0,9518280.0,-1.3007893189587396,7.68764
HK.02611,国泰海通,2021-04-21 00:00:00,7.62764,7.52764,7.62764,7.48764,7.442,0.00082,1145600.0,12673952.0,-0.7907597092113028,7.58764
HK.02611,国泰海通,2021-04-22 00:00:00,7.54764,7.52764,7.56764,7.46764,7.442,0.00135,1877000.0,20722589.0,0.0,7.52764
HK.02611,国泰海通,2021-04-23 00:00:00,7.46764,7.50764,7.52764,7.36764,7.429,0.00119,1654400.0,18173061.0,-0.2656875195944489,7.52764
HK.02611,国泰海通,2021-04-26 00:00:00,7.42764,7.32764,7.50764,7.30764,7.308,0.00128,1787221.0,19514294.0,-2.397557687901932,7.50764
HK.02611,国泰海通,2021-04-27 00:00:00,7.32764,7.22764,7.32764,7.18764,7.24,0.00123,1711000.0,18442842.0,-1.364695863879771,7.32764
HK.02611,国泰海通,2021-04-28 00:00:00,7.18764,7.28764,7.32764,7.16764,7.281,0.00071,986800.0,10632058.0,0.8301464931844919,7.22764
HK.02611,国泰海通,2021-04-29 00:00:00,7.42764,7.52764,7.90764,7.38764,7.442,0.00308,4285400.0,48206324.0,3.293247196623327,7.28764
HK.02611,国泰海通,2021-04-30 00:00:00,7.60764,7.52764,7.66764,7.40764,7.442,0.00078,1090000.0,12031022.0,0.0,7.52764
HK.02611,国泰海通,2021-05-03 00:00:00,7.52764,7.36764,7.52764,7.28764,7.335,0.00053,742400.0,8093550.0,-2.1255001567556384,7.52764
HK.02611,国泰海通,2021-05-04 00:00:00,7.34764,7.38764,7.44764,7.34764,7.348,0.00047,660200.0,7216167.0,0.27145734590724385,7.36764
HK.02611,国泰海通,2021-05-05 00:00:00,7.42764,7.44764,7.56764,7.34764,7.388,0.00022,309600.0,3411904.0,0.8121673497896433,7.38764
HK.02611,国泰海通,2021-05-06 00:00:00,7.38764,7.40764,7.68764,7.38764,7.362,0.00222,3093600.0,34280692.0,-0.5370828880021059,7.44764
HK.02611,国泰海通,2021-05-07 00:00:00,7.52764,7.52764,7.62764,7.46764,7.442,0.00084,1175398.0,13011893.0,1.6199491335972067,7.40764
HK.02611,国泰海通,2021-05-10 00:00:00,7.60764,7.58764,7.66764,7.50764,7.483,0.00097,1344200.0,14940047.0,0.7970625587833704,7.52764
HK.02611,国泰海通,2021-05-11 00:00:00,7.50764,7.52764,7.56764,7.30764,7.442,0.00163,2266200.0,24878734.0,-0.7907597092113028,7.58764
HK.02611,国泰海通,2021-05-12 00:00:00,7.56764,7.62764,7.68764,7.48764,7.51,0.00095,1326800.0,14797284.0,1.3284375979722798,7.52764
HK.02611,国泰海通,2021-05-13 00:00:00,7.46764,7.38764,7.60764,7.36764,7.348,0.0013,1815400.0,19944968.0,-3.1464515892202596,7.62764
HK.02611,国泰海通,2021-05-14 00:00:00,7.46764,7.90764,7.94764,7.46764,7.698,0.00362,5044600.0,57023324.0,7.03878369817695,7.38764
HK.02611,国泰海通,2021-05-17 00:00:00,7.92764,7.64764,7.92764,7.58764,7.523,0.00195,2707800.0,30472580.0,-3.2879594923390516,7.90764
HK.02611,国泰海通,2021-05-18 00:00:00,7.62764,7.64764,7.74764,7.50764,7.523,0.0014,1943400.0,21644478.0,0.0,7.64764
HK.02611,国泰海通,2021-05-20 00:00:00,7.62764,7.58764,7.64764,7.46764,7.483,0.0022,3062060.0,33953874.0,-0.7845557583777428,7.64764
HK.02611,国泰海通,2021-05-21 00:00:00,7.60764,7.70764,7.78764,7.52764,7.563,0.00298,4148400.0,46298840.0,1.581519418422582,7.58764
HK.02611,国泰海通,2021-05-24 00:00:00,7.70764,7.84764,8.02764,7.60764,7.658,0.00424,5897166.0,67142099.0,1.8163795921968409,7.70764
HK.02611,国泰海通,2021-05-25 00:00:00,7.86764,8.12764,8.20764,7.76764,7.846,0.00622,8663000.0,100484826.0,3.567951638964063,7.84764
HK.02611,国泰海通,2021-05-26 00:00:00,8.12764,8.10764,8.24764,8.06764,7.833,0.00469,6524200.0,76421592.0,-0.24607389106800467,8.12764
HK.02611,国泰海通,2021-05-27 00:00:00,8.10764,7.96764,8.28764,7.96764,7.738,0.00339,4718200.0,55063536.0,-1.726766358644435,8.10764
HK.02611,国泰海通,2021-05-28 00:00:00,8.10764,8.14764,8.26764,7.98764,7.86,0.00237,3293730.0,38504026.0,2.2591382140759446,7.96764
HK.02611,国泰海通,2021-05-31 00:00:00,8.18764,8.12764,8.24764,8.06764,7.846,0.00156,2177400.0,25453520.0,-0.24546985384726558,8.14764
HK.02611,国泰海通,2021-06-01 00:00:00,8.12764,7.96764,8.12764,7.86764,7.738,0.00188,2619608.0,30131396.0,-1.9685911285440703,8.12764
HK.02611,国泰海通,2021-06-02 00:00:00,7.96764,7.82764,8.04764,7.74764,7.644,0.00165,2302600.0,26269402.0,-1.757107499836847,7.96764
HK.02611,国泰海通,2021-06-03 00:00:00,7.86764,7.90764,7.90764,7.76764,7.698,0.0019,2646600.0,30144138.0,1.0220194081485616,7.82764
HK.02611,国泰海通,2021-06-04 00:00:00,7.90764,7.94764,8.22764,7.68764,7.725,0.00493,6863400.0,78658065.0,0.5058399218983165,7.90764
HK.02611,国泰海通,2021-06-07 00:00:00,7.92764,7.78764,7.96764,7.74764,7.617,0.002,2781915.0,31617927.0,-2.0131762384808587,7.94764
HK.02611,国泰海通,2021-06-08 00:00:00,7.84764,7.90764,7.94764,7.76764,7.698,0.00098,1363900.0,15513226.0,1.5409032775012728,7.78764
HK.02611,国泰海通,2021-06-09 00:00:00,7.94764,7.88764,7.96764,7.74764,7.685,0.00237,3304400.0,37537637.0,-0.25291996094915264,7.90764
HK.02611,国泰海通,2021-06-10 00:00:00,7.86764,7.88764,7.94764,7.74764,7.685,0.003,4169852.0,47359462.0,0.0,7.88764
HK.02611,国泰海通,2021-06-11 00:00:00,7.80764,7.72764,7.86764,7.72764,7.577,0.00225,3127978.0,35402866.0,-2.0284901440735146,7.88764
HK.02611,国泰海通,2021-06-15 00:00:00,7.74764,7.54764,7.76764,7.54764,7.456,0.00241,3354400.0,37437436.0,-2.3293010543969404,7.72764
HK.02611,国泰海通,2021-06-16 00:00:00,7.56764,7.46764,7.56764,7.46764,7.402,0.00199,2772141.0,30617617.0,-1.059933966113912,7.54764
HK.02611,国泰海通,2021-06-17 00:00:00,7.46764,7.38764,7.54764,7.38764,7.348,0.00178,2473800.0,27180639.0,-1.0712889212656218,7.46764
HK.02611,国泰海通,2021-06-18 00:00:00,7.44764,7.34764,7.48764,7.34764,7.321,0.00248,3449513.0,37636982.0,-0.5414448998597663,7.38764
HK.02611,国泰海通,2021-06-21 00:00:00,7.36764,7.34764,7.42764,7.32764,7.321,0.00125,1745572.0,19032667.0,0.0,7.34764
HK.02611,国泰海通,2021-06-22 00:00:00,7.38764,7.42764,7.46764,7.38764,7.375,0.00136,1896215.0,20819645.0,1.0887849704122694,7.34764
HK.02611,国泰海通,2021-06-23 00:00:00,7.46764,7.42764,7.46764,7.38764,7.375,0.00162,2252800.0,24686399.0,0.0,7.42764
HK.02611,国泰海通,2021-06-24 00:00:00,7.44764,7.44764,7.56764,7.42764,7.388,0.00078,1088200.0,12001570.0,0.26926453086040214,7.42764
HK.02611,国泰海通,2021-06-25 00:00:00,7.52764,7.70764,7.72764,7.46764,7.563,0.00245,3406400.0,38083892.0,3.491038772013682,7.44764
HK.02611,国泰海通,2021-06-28 00:00:00,7.70764,7.70764,7.72764,7.58764,7.563,0.00074,1026000.0,11472368.0,0.0,7.70764
HK.02611,国泰海通,2021-06-29 00:00:00,7.66764,7.62764,7.70764,7.56764,7.51,0.00132,1834400.0,20444188.0,-1.037931195541037,7.70764
HK.02611,国泰海通,2021-06-30 00:00:00,7.66764,7.50764,7.66764,7.46764,7.429,0.00154,2139800.0,23680684.0,-1.5732257946101298,7.62764
HK.02611,国泰海通,2021-07-02 00:00:00,7.50764,7.36764,7.50764,7.32764,7.335,0.00285,3966800.0,43286094.0,-1.8647670905903926,7.50764
HK.02611,国泰海通,2021-07-05 00:00:00,7.40764,7.28764,7.44764,7.28764,7.281,0.0017,2360600.0,25628699.0,-1.0858293836289512,7.36764
HK.02611,国泰海通,2021-07-06 00:00:00,7.30764,7.28764,7.34764,7.28764,7.281,0.00108,1507800.0,16339766.0,0.0,7.28764
HK.02611,国泰海通,2021-07-07 00:00:00,7.30764,7.28764,7.32764,7.24764,7.281,0.0022,3060400.0,33096025.0,0.0,7.28764
HK.02611,国泰海通,2021-07-08 00:00:00,7.32764,7.18764,7.40764,7.16764,7.213,0.00159,2213124.0,23788416.0,-1.3721863319263803,7.28764
HK.02611,国泰海通,2021-07-09 00:00:00,7.16764,7.24764,7.28764,7.08764,7.254,0.00192,2679200.0,28668584.0,0.8347663488989376,7.18764
HK.02611,国泰海通,2021-07-12 00:00:00,7.57996,7.25996,7.57996,7.15996,6.81,0.00243,3377000.0,34447323.0,0.16998636797634506,7.24764
HK.02611,国泰海通,2021-07-13 00:00:00,7.31996,7.45996,7.45996,7.29996,6.944,0.00178,2475400.0,25343188.0,2.7548361147995206,7.25996
HK.02611,国泰海通,2021-07-14 00:00:00,7.33996,7.31996,7.45996,7.25996,6.85,0.00146,2027400.0,20645204.0,-1.8766856658748796,7.45996
HK.02611,国泰海通,2021-07-15 00:00:00,7.33996,7.33996,7.43996,7.27996,6.864,0.00121,1690400.0,17283816.0,0.27322553675156114,7.31996
HK.02611,国泰海通,2021-07-16 00:00:00,7.41996,7.45996,7.53996,7.33996,6.944,0.00184,2558400.0,26343088.0,1.6348862936582775,7.33996
HK.02611,国泰海通,2021-07-19 00:00:00,7.49996,7.41996,7.49996,7.31996,6.917,0.00062,860800.0,8842292.0,-0.5361959045356817,7.45996
HK.02611,国泰海通,2021-07-20 00:00:00,7.37996,7.29996,7.37996,7.23996,6.837,0.00089,1244200.0,12648484.0,-1.6172593922339218,7.41996
HK.02611,国泰海通,2021-07-21 00:00:00,7.35996,7.29996,7.45996,7.27996,6.837,0.0013,1803800.0,18372944.0,0.0,7.29996
HK.02611,国泰海通,2021-07-22 00:00:00,7.39996,7.43996,7.49996,7.37996,6.931,0.00181,2522965.0,26043239.0,1.9178187277738588,7.29996
HK.02611,国泰海通,2021-07-23 00:00:00,7.49996,7.51996,7.67996,7.41996,6.985,0.00443,6167400.0,64553769.0,1.0752745982505292,7.43996
HK.02611,国泰海通,2021-07-26 00:00:00,7.43996,7.21996,7.51996,7.17996,6.783,0.0028,3901800.0,39703045.0,-3.989382922249584,7.51996
HK.02611,国泰海通,2021-07-27 00:00:00,7.23996,6.86996,7.27996,6.80996,6.547,0.0038,5290200.0,52548512.0,-4.8476722862730615,7.21996
HK.02611,国泰海通,2021-07-28 00:00:00,6.86996,6.89996,7.02996,6.74996,6.567,0.00527,7340600.0,71020350.0,0.43668376526210123,6.86996
HK.02611,国泰海通,2021-07-29 00:00:00,7.01996,7.00996,7.08996,6.93996,6.641,0.00138,1923200.0,18973036.0,1.5942121403602385,6.89996
HK.02611,国泰海通,2021-07-30 00:00:00,7.03996,6.90996,7.04996,6.87996,6.574,0.00068,945000.0,9270846.0,-1.426541663575834,7.00996
HK.02611,国泰海通,2021-08-02 00:00:00,6.94996,7.17996,7.31996,6.84996,6.756,0.00177,2463200.0,24638818.0,3.90740322664676,6.90996
HK.02611,国泰海通,2021-08-03 00:00:00,7.23996,7.31996,7.35996,7.10996,6.85,0.00216,3013000.0,30551343.0,1.9498715870283356,7.17996
HK.02611,国泰海通,2021-08-04 00:00:00,7.25996,7.27996,7.33996,7.13996,6.823,0.00149,2073800.0,20990265.0,-0.5464510735031344,7.31996
HK.02611,国泰海通,2021-08-05 00:00:00,7.29996,7.21996,7.31996,7.21996,6.783,0.00093,1297840.0,13134623.0,-0.8241803526392949,7.27996
HK.02611,国泰海通,2021-08-06 00:00:00,7.21996,7.23996,7.31996,7.15996,6.796,0.0009,1259349.0,12734579.0,0.2770098449298829,7.21996
HK.02611,国泰海通,2021-08-09 00:00:00,7.23996,7.33996,7.51996,7.15996,6.864,0.00425,5910200.0,60718872.0,1.3812231006801095,7.23996
HK.02611,国泰海通,2021-08-10 00:00:00,7.33996,7.43996,7.51996,7.25996,6.931,0.00249,3460359.0,35561959.0,1.3624052447152373,7.33996
HK.02611,国泰海通,2021-08-11 00:00:00,7.49996,7.49996,7.55996,7.43996,6.971,0.0026,3616010.0,37528115.0,0.8064559486878909,7.43996
HK.02611,国泰海通,2021-08-12 00:00:00,7.53996,7.55996,7.57996,7.41996,7.012,0.00199,2773600.0,28841256.0,0.800004266689429,7.49996
HK.02611,国泰海通,2021-08-13 00:00:00,7.49996,7.57996,7.67996,7.43996,7.025,0.00274,3819200.0,39889736.0,0.26455166429451443,7.55996
HK.02611,国泰海通,2021-08-16 00:00:00,7.57996,7.59996,7.65996,7.47996,7.039,0.00149,2079400.0,21712528.0,0.26385363511153703,7.57996
HK.02611,国泰海通,2021-08-17 00:00:00,7.59996,7.45996,7.73996,7.39996,6.944,0.0016,2220200.0,23112111.0,-1.842114958499789,7.59996
HK.02611,国泰海通,2021-08-18 00:00:00,7.53996,7.97996,8.01996,7.49996,7.294,0.00511,7117800.0,76144868.0,6.970546758963861,7.45996
HK.02611,国泰海通,2021-08-19 00:00:00,7.99996,7.75996,8.17996,7.65996,7.146,0.00644,8961800.0,96510036.0,-2.756906049654381,7.97996
HK.02611,国泰海通,2021-08-20 00:00:00,7.83996,7.53996,7.83996,7.41996,6.998,0.00256,3564400.0,37144856.0,-2.835066160134854,7.75996
HK.02611,国泰海通,2021-08-23 00:00:00,7.59996,7.69996,7.73996,7.55996,7.106,0.00131,1824570.0,19195025.0,2.1220271725579467,7.53996
HK.02611,国泰海通,2021-08-24 00:00:00,7.69996,8.19996,8.43996,7.65996,7.442,0.01071,14913006.0,163655086.0,6.493540226183005,7.69996
HK.02611,国泰海通,2021-08-25 00:00:00,8.21996,8.03996,8.29996,7.95996,7.335,0.00367,5109600.0,55976278.0,-1.9512290303855158,8.19996
HK.02611,国泰海通,2021-08-26 00:00:00,8.09996,8.07996,8.29996,7.97996,7.362,0.00254,3532400.0,38575350.0,0.49751491300950684,8.03996
HK.02611,国泰海通,2021-08-27 00:00:00,8.09996,8.09996,8.23996,8.01996,7.375,0.0018,2502600.0,27489348.0,0.24752597785137023,8.07996
HK.02611,国泰海通,2021-08-30 00:00:00,8.13996,8.01996,8.13996,7.85996,7.321,0.00443,6164800.0,66778744.0,-0.9876591983170298,8.09996
HK.02611,国泰海通,2021-08-31 00:00:00,7.99996,8.01996,8.07996,7.65996,7.321,0.00256,3566600.0,38488084.0,0.0,8.01996
HK.02611,国泰海通,2021-09-01 00:00:00,8.07996,8.17996,8.43996,7.99996,7.429,0.00499,6940000.0,76876328.0,1.9950224190644361,8.01996
HK.02611,国泰海通,2021-09-02 00:00:00,8.23996,8.41996,8.47996,8.11996,7.59,0.00397,5519600.0,61698473.0,2.9339996772600383,8.17996
HK.02611,国泰海通,2021-09-03 00:00:00,8.63996,8.35996,8.81996,8.29996,7.55,0.0058,8069800.0,91891465.0,-0.7125924588715445,8.41996
HK.02611,国泰海通,2021-09-06 00:00:00,8.39996,8.45996,8.71996,8.37996,7.617,0.00448,6240600.0,71196163.0,1.1961779721434245,8.35996
HK.02611,国泰海通,2021-09-07 00:00:00,8.45996,8.63996,8.65996,8.27996,7.738,0.00361,5024000.0,56982298.0,2.1276696343717902,8.45996
HK.02611,国泰海通,2021-09-08 00:00:00,8.63996,8.61996,8.71996,8.47996,7.725,0.00267,3720600.0,42635860.0,-0.2314825531599634,8.63996
HK.02611,国泰海通,2021-09-09 00:00:00,8.55996,8.45996,8.55996,8.31996,7.617,0.00426,5927200.0,66811748.0,-1.8561571051373804,8.61996
HK.02611,国泰海通,2021-09-10 00:00:00,8.51996,8.67996,8.79996,8.45996,7.765,0.00286,3984400.0,46003732.0,2.600485108676623,8.45996
HK.02611,国泰海通,2021-09-13 00:00:00,8.63996,8.83996,8.91996,8.53996,7.873,0.00306,4261200.0,49676073.0,1.8433264669422456,8.67996
HK.02611,国泰海通,2021-09-14 00:00:00,8.81996,8.43996,8.83996,8.37996,7.604,0.00548,7633000.0,87504613.0,-4.524907352521961,8.83996
HK.02611,国泰海通,2021-09-15 00:00:00,8.43996,8.41996,8.59996,8.33996,7.59,0.00188,2621000.0,29608986.0,-0.23696794771538698,8.43996
HK.02611,国泰海通,2021-09-16 00:00:00,8.29996,8.47996,8.77996,8.29996,7.631,0.00229,3189937.0,36287407.0,0.7125924588715445,8.41996
HK.02611,国泰海通,2021-09-17 00:00:00,8.61996,8.77996,8.77996,8.39996,7.833,0.00457,6357400.0,73414494.0,3.5377525365685774,8.47996
HK.02611,国泰海通,2021-09-20 00:00:00,8.25996,8.15996,8.61996,7.95996,7.415,0.00137,1909600.0,21256134.0,-7.061535587861459,8.77996
HK.02611,国泰海通,2021-09-21 00:00:00,8.15996,8.35996,8.41996,8.09996,7.55,0.00066,913700.0,10142251.0,2.450992406825515,8.15996
HK.02611,国泰海通,2021-09-23 00:00:00,8.39996,8.51996,8.65996,8.39996,7.658,0.00217,3017664.0,34401338.0,1.9138847554294538,8.35996
HK.02611,国泰海通,2021-09-24 00:00:00,8.57996,8.25996,8.65996,8.19996,7.483,0.00135,1873465.0,21124003.0,-3.051657519518869,8.51996
HK.02611,国泰海通,2021-09-27 00:00:00,8.21996,8.19996,8.49996,8.03996,7.442,0.00238,3315200.0,36761808.0,-0.7263957694710231,8.25996
HK.02611,国泰海通,2021-09-28 00:00:00,8.29996,8.41996,8.45996,8.23996,7.59,0.00246,3422603.0,38526843.0,2.6829399167800676,8.19996
HK.02611,国泰海通,2021-09-29 00:00:00,8.51996,8.37996,8.51996,8.25996,7.563,0.00079,1102000.0,12348208.0,-0.4750616392476823,8.41996
HK.02611,国泰海通,2021-09-30 00:00:00,8.23996,8.35996,8.35996,8.17996,7.55,0.00058,809600.0,9007288.0,-0.2386646236975039,8.37996
HK.02611,国泰海通,2021-10-04 00:00:00,8.15996,8.11996,8.23996,7.97996,7.388,0.00058,802000.0,8772756.0,-2.8708271331441595,8.35996
HK.02611,国泰海通,2021-10-05 00:00:00,8.13996,8.13996,8.13996,8.01996,7.402,0.00033,453200.0,4964225.0,0.24630663205236938,8.11996
HK.02611,国泰海通,2021-10-06 00:00:00,8.03996,8.25996,8.25996,7.99996,7.483,0.00054,757000.0,8363068.0,1.4742087184703514,8.13996
HK.02611,国泰海通,2021-10-07 00:00:00,8.41996,8.33996,8.41996,8.13996,7.537,0.00075,1042800.0,11632228.0,0.9685276926280524,8.25996
HK.02611,国泰海通,2021-10-08 00:00:00,8.31996,8.39996,8.59996,8.31996,7.577,0.00134,1871522.0,21217473.0,0.7194279109252383,8.33996
HK.02611,国泰海通,2021-10-11 00:00:00,8.39996,8.35996,8.61996,8.29996,7.55,0.00173,2411000.0,27218732.0,-0.4761927437749814,8.39996
HK.02611,国泰海通,2021-10-12 00:00:00,8.25996,8.09996,8.43996,7.99996,7.375,0.00219,3047400.0,33507052.0,-3.110062727572857,8.35996
HK.02611,国泰海通,2021-10-15 00:00:00,8.15996,8.11996,8.23996,7.99996,7.388,0.00087,1209600.0,13253080.0,0.24691479957927387,8.09996
HK.02611,国泰海通,2021-10-18 00:00:00,8.03996,7.99996,8.11996,7.89996,7.308,0.00261,3635800.0,39357092.0,-1.4778397923142599,8.11996
HK.02611,国泰海通,2021-10-19 00:00:00,8.01996,8.03996,8.15996,7.99996,7.335,0.00134,1868800.0,20473292.0,0.5000025000125116,7.99996
HK.02611,国泰海通,2021-10-20 00:00:00,8.13996,8.07996,8.17996,8.03996,7.362,0.0025,3481800.0,38222595.0,0.49751491300950684,8.03996
HK.02611,国泰海通,2021-10-21 00:00:00,8.13996,8.21996,8.21996,8.05996,7.456,0.00213,2960200.0,32656831.0,1.7326818449596357,8.07996
HK.02611,国泰海通,2021-10-22 00:00:00,8.23996,8.21996,8.23996,8.05996,7.456,0.00082,1137000.0,12478560.0,0.0,8.21996
HK.02611,国泰海通,2021-10-25 00:00:00,8.09996,8.23996,8.29996,8.09996,7.469,0.00206,2873600.0,31767676.0,0.24331018642425964,8.21996
HK.02611,国泰海通,2021-10-26 00:00:00,8.25996,8.21996,8.33996,8.13996,7.456,0.00193,2690800.0,29918878.0,-0.24271962485254267,8.23996
HK.02611,国泰海通,2021-10-27 00:00:00,8.15996,8.07996,8.23996,8.01996,7.362,0.00078,1082688.0,11843554.0,-1.7031713049698607,8.21996
HK.02611,国泰海通,2021-10-28 00:00:00,8.01996,7.93996,8.01996,7.85996,7.267,0.0011,1531000.0,16530684.0,-1.7326818449596246,8.07996
HK.02611,国泰海通,2021-10-29 00:00:00,7.93996,7.77996,7.93996,7.71996,7.16,0.00159,2209400.0,23516472.0,-2.0151235018816234,7.93996
HK.02611,国泰海通,2021-11-01 00:00:00,7.83996,7.87996,7.95996,7.69996,7.227,0.00038,535600.0,5722226.0,1.2853536522038629,7.77996
HK.02611,国泰海通,2021-11-02 00:00:00,7.87996,7.67996,7.99996,7.61996,7.092,0.00176,2453400.0,26031723.0,-2.53808394966471,7.87996
HK.02611,国泰海通,2021-11-03 00:00:00,7.73996,7.71996,7.77996,7.59996,7.119,0.00165,2293800.0,24187248.0,0.5208360460210735,7.67996
HK.02611,国泰海通,2021-11-04 00:00:00,7.63996,7.75996,7.79996,7.63996,7.146,0.00106,1469300.0,15566606.0,0.5181373996756464,7.71996
HK.02611,国泰海通,2021-11-05 00:00:00,7.71996,7.63996,7.73996,7.57996,7.065,0.00121,1684623.0,17690472.0,-1.5463997237099174,7.75996
HK.02611,国泰海通,2021-11-08 00:00:00,7.63996,7.69996,7.75996,7.59996,7.106,0.00096,1341000.0,14133780.0,0.7853444258870415,7.63996
HK.02611,国泰海通,2021-11-09 00:00:00,7.73996,7.75996,7.77996,7.63996,7.146,0.00093,1297400.0,13736056.0,0.7792248271419656,7.69996
HK.02611,国泰海通,2021-11-10 00:00:00,7.69996,7.75996,7.75996,7.59996,7.146,0.00088,1229200.0,12939156.0,0.0,7.75996
HK.02611,国泰海通,2021-11-11 00:00:00,7.67996,7.93996,8.01996,7.67996,7.267,0.00095,1322948.0,14306571.0,2.31959958556487,7.75996
HK.02611,国泰海通,2021-11-12 00:00:00,7.93996,7.99996,8.05996,7.89996,7.308,0.0004,559200.0,6059760.0,0.7556713132056031,7.93996
HK.02611,国泰海通,2021-11-15 00:00:00,7.95996,7.91996,8.07996,7.85996,7.254,0.0005,701400.0,7576944.0,-1.000005000025001,7.99996
HK.02611,国泰海通,2021-11-16 00:00:00,7.85996,7.85996,7.95996,7.83996,7.213,0.00038,529200.0,5691420.0,-0.7575795837352666,7.91996
HK.02611,国泰海通,2021-11-17 00:00:00,7.77996,7.81996,7.83996,7.77996,7.187,0.00026,366600.0,3911208.0,-0.5089084422821495,7.85996
HK.02611,国泰海通,2021-11-18 00:00:00,7.73996,7.79996,7.83996,7.73996,7.173,0.00046,644976.0,6870802.0,-0.25575578391705917,7.81996
HK.02611,国泰海通,2021-11-19 00:00:00,7.69996,7.89996,7.95996,7.65996,7.24,0.00121,1687200.0,18031408.0,1.2820578567069645,7.79996
HK.02611,国泰海通,2021-11-22 00:00:00,7.81996,7.83996,7.93996,7.77996,7.2,0.00046,640800.0,6858912.0,-0.7594975164431276,7.89996
HK.02611,国泰海通,2021-11-23 00:00:00,7.75996,7.87996,8.01996,7.75996,7.227,0.0013,1808600.0,19484840.0,0.5102066847279838,7.83996
HK.02611,国泰海通,2021-11-24 00:00:00,7.83996,7.89996,8.01996,7.77996,7.24,0.00047,656200.0,7044424.0,0.2538083949664778,7.87996
HK.02611,国泰海通,2021-11-25 00:00:00,7.81996,7.83996,7.85996,7.71996,7.2,0.00071,987200.0,10520644.0,-0.7594975164431276,7.89996
HK.02611,国泰海通,2021-11-26 00:00:00,7.75996,7.71996,7.75996,7.65996,7.119,0.00056,778200.0,8234600.0,-1.53062005418394,7.83996
HK.02611,国泰海通,2021-11-29 00:00:00,7.63996,7.57996,7.65996,7.49996,7.025,0.00109,1514200.0,15797072.0,-1.8134808988647684,7.71996
HK.02611,国泰海通,2021-11-30 00:00:00,7.51996,7.51996,7.61996,7.45996,6.985,0.00139,1927935.0,20019069.0,-0.7915609053345877,7.57996
HK.02611,国泰海通,2021-12-01 00:00:00,7.51996,7.65996,7.75996,7.51996,7.079,0.00061,849200.0,8953296.0,1.861712030383136,7.51996
HK.02611,国泰海通,2021-12-02 00:00:00,7.57996,7.93996,7.93996,7.57996,7.267,0.00147,2050250.0,21936346.0,3.6553715685199433,7.65996
HK.02611,国泰海通,2021-12-03 00:00:00,7.87996,7.99996,8.05996,7.85996,7.308,0.00131,1823000.0,19765947.0,0.7556713132056031,7.93996
HK.02611,国泰海通,2021-12-06 00:00:00,7.93996,8.07996,8.27996,7.93996,7.362,0.00143,1993097.0,21962071.0,1.000005000025001,7.99996
HK.02611,国泰海通,2021-12-07 00:00:00,8.19996,8.21996,8.27996,8.09996,7.456,0.0012,1675380.0,18532820.0,1.7326818449596357,8.07996
HK.02611,国泰海通,2021-12-08 00:00:00,8.33996,8.21996,8.33996,8.17996,7.456,0.00162,2258600.0,25052588.0,0.0,8.21996
HK.02611,国泰海通,2021-12-09 00:00:00,8.25996,8.35996,8.45996,8.23996,7.55,0.00071,991200.0,11134372.0,1.7031713049698392,8.21996
HK.02611,国泰海通,2021-12-10 00:00:00,8.29996,8.17996,8.41996,8.15996,7.429,0.00026,366486.0,4083847.0,-2.15312034985813,8.35996
HK.02611,国泰海通,2021-12-13 00:00:00,8.31996,8.25996,8.89996,8.23996,7.483,0.00658,9153800.0,105584025.0,0.9779998924200127,8.17996
HK.02611,国泰海通,2021-12-14 00:00:00,8.25996,8.09996,8.25996,8.03996,7.375,0.00104,1452600.0,15954227.0,-1.9370553852561048,8.25996
HK.02611,国泰海通,2021-12-15 00:00:00,8.25996,7.97996,8.27996,7.93996,7.294,0.00252,3511400.0,38299778.0,-1.4814887974755335,8.09996
HK.02611,国泰海通,2021-12-16 00:00:00,7.93996,8.13996,8.17996,7.75996,7.402,0.00366,5089200.0,54856816.0,2.0050225815668266,7.97996
HK.02611,国泰海通,2021-12-17 00:00:00,8.15996,8.17996,8.23996,8.03996,7.429,0.00137,1901200.0,20967749.0,0.4914029061567765,8.13996
HK.02611,国泰海通,2021-12-20 00:00:00,8.19996,7.89996,8.19996,7.83996,7.24,0.00058,808200.0,8755359.0,-3.422999623470034,8.17996
HK.02611,国泰海通,2021-12-21 00:00:00,7.87996,7.99996,8.03996,7.81996,7.308,0.00083,1151985.0,12457360.0,1.2658291940718642,7.89996
HK.02611,国泰海通,2021-12-22 00:00:00,7.99996,8.09996,8.27996,7.87996,7.375,0.00181,2514400.0,27543606.0,1.2500062500312457,7.99996
HK.02611,国泰海通,2021-12-23 00:00:00,7.99996,8.41996,8.45996,7.99996,7.59,0.00179,2489400.0,27636838.0,3.950636793268119,8.09996
HK.02611,国泰海通,2021-12-24 00:00:00,8.43996,8.79996,8.79996,8.43996,7.846,0.005,6958000.0,79873516.0,4.513085572853087,8.41996
HK.02611,国泰海通,2021-12-28 00:00:00,8.67996,8.87996,8.91996,8.59996,7.9,0.00311,4333000.0,50315424.0,0.9090950413410978,8.79996
HK.02611,国泰海通,2021-12-29 00:00:00,8.73996,8.65996,8.85996,8.63996,7.752,0.00049,684255.0,7941721.0,-2.477488637336211,8.87996
HK.02611,国泰海通,2021-12-30 00:00:00,8.57996,8.91996,8.91996,8.57996,7.927,0.00078,1080200.0,12650884.0,3.002323336366447,8.65996
HK.02611,国泰海通,2021-12-31 00:00:00,8.91996,9.23996,9.23996,8.81996,8.142,0.00141,1956200.0,23225756.0,3.587460033453068,8.91996
HK.02611,国泰海通,2022-01-03 00:00:00,9.23996,8.77996,9.23996,8.65996,7.833,0.00069,965200.0,11300808.0,-4.978376529768517,9.23996
HK.02611,国泰海通,2022-01-04 00:00:00,8.93996,8.71996,9.01996,8.61996,7.792,0.00094,1311200.0,15214044.0,-0.6833744117285329,8.77996
HK.02611,国泰海通,2022-01-05 00:00:00,8.89996,8.63996,9.01996,8.57996,7.738,0.00072,1000600.0,11590959.0,-0.9174354010798222,8.71996
HK.02611,国泰海通,2022-01-06 00:00:00,8.69996,8.49996,8.73996,8.45996,7.644,0.00051,711400.0,8110250.0,-1.620377872119785,8.63996
HK.02611,国泰海通,2022-01-07 00:00:00,8.63996,8.69996,8.71996,8.49996,7.779,0.00041,569000.0,6543476.0,2.3529522491870676,8.49996
HK.02611,国泰海通,2022-01-10 00:00:00,8.53996,8.75996,8.87996,8.53996,7.819,0.00085,1184000.0,13819017.0,0.6896583432567358,8.69996
HK.02611,国泰海通,2022-01-11 00:00:00,8.69996,8.67996,8.93996,8.65996,7.765,0.00071,985400.0,11527680.0,-0.9132461792062986,8.75996
HK.02611,国泰海通,2022-01-12 00:00:00,8.83996,8.87996,8.95996,8.67996,7.9,0.00101,1406600.0,16429905.0,2.3041580836778173,8.67996
HK.02611,国泰海通,2022-01-13 00:00:00,8.99996,8.89996,9.01996,8.79996,7.913,0.00125,1738400.0,20495058.0,0.22522623975783193,8.87996
HK.02611,国泰海通,2022-01-14 00:00:00,8.95996,8.63996,8.95996,8.55996,7.738,0.00086,1191400.0,13725384.0,-2.9213614443210956,8.89996
HK.02611,国泰海通,2022-01-17 00:00:00,8.57996,8.71996,8.77996,8.51996,7.792,0.0005,700000.0,8072762.0,0.9259302126398741,8.63996
HK.02611,国泰海通,2022-01-18 00:00:00,8.77996,8.73996,8.93996,8.63996,7.806,0.00068,944000.0,11025300.0,0.22935885026995045,8.71996
HK.02611,国泰海通,2022-01-19 00:00:00,8.71996,8.93996,9.19996,8.71996,7.94,0.0021,2928200.0,34742372.0,2.2883399924027032,8.73996
HK.02611,国泰海通,2022-01-20 00:00:00,8.97996,9.59996,9.69996,8.97996,8.384,0.00609,8475200.0,103934782.0,7.38258336726339,8.93996
HK.02611,国泰海通,2022-01-21 00:00:00,9.59996,9.43996,9.65996,9.27996,8.277,0.00117,1633361.0,20078687.0,-1.666673611140048,9.59996
HK.02611,国泰海通,2022-01-24 00:00:00,9.39996,9.33996,9.51996,9.23996,8.209,0.00099,1372600.0,16786150.0,-1.0593265225700073,9.43996
HK.02611,国泰海通,2022-01-25 00:00:00,9.33996,9.15996,9.33996,9.01996,5.815,0.0012,1667903.0,20008785.0,-1.92720311436023,9.33996
HK.02611,国泰海通,2022-01-26 00:00:00,9.27996,9.25996,9.43996,9.13996,5.863,0.00201,2792200.0,33942744.0,1.0917078240516296,9.15996
HK.02611,国泰海通,2022-01-27 00:00:00,9.27996,9.11996,9.27996,8.95996,5.793,0.00093,1300400.0,15544104.0,-1.5118855804992548,9.25996
HK.02611,国泰海通,2022-01-28 00:00:00,9.11996,8.87996,9.11996,8.87996,5.676,0.00022,307200.0,3628492.0,-2.6315904894319733,9.11996
HK.02611,国泰海通,2022-01-31 00:00:00,8.89996,8.95996,8.95996,8.83996,5.715,0.0001,141400.0,1664163.0,0.9009049590313477,8.87996
HK.02611,国泰海通,2022-02-04 00:00:00,8.85996,9.01996,9.15996,8.85996,5.744,0.00054,754800.0,9016423.0,0.6696458466332296,8.95996
HK.02611,国泰海通,2022-02-07 00:00:00,9.11996,9.05996,9.21996,8.95996,5.764,0.00104,1450000.0,17288836.0,0.4434609466117469,9.01996
HK.02611,国泰海通,2022-02-08 00:00:00,9.19996,9.25996,9.29996,8.99996,5.86,0.0005,699821.0,8443969.0,2.2075152649680496,9.05996
HK.02611,国泰海通,2022-02-09 00:00:00,9.25996,9.41996,9.47996,9.25996,5.938,0.00091,1261400.0,15457672.0,1.7278692348563076,9.25996
HK.02611,国泰海通,2022-02-10 00:00:00,9.33996,9.35996,9.41996,9.15996,5.909,0.00058,807162.0,9815669.0,-0.6369453798105353,9.41996
HK.02611,国泰海通,2022-02-11 00:00:00,9.35996,9.49996,9.51996,9.27996,5.976,0.00113,1575448.0,19355580.0,1.4957328877473899,9.35996
HK.02611,国泰海通,2022-02-14 00:00:00,9.41996,9.07996,9.41996,8.95996,5.773,0.00137,1913400.0,22919900.0,-4.421071246615774,9.49996
HK.02611,国泰海通,2022-02-15 00:00:00,9.01996,9.11996,9.33996,8.99996,5.793,0.00196,2724800.0,32757816.0,0.4405305750245698,9.07996
HK.02611,国泰海通,2022-02-16 00:00:00,9.21996,9.19996,9.25996,9.03996,5.831,0.00046,635800.0,7643658.0,0.8771968298106577,9.11996
HK.02611,国泰海通,2022-02-17 00:00:00,9.19996,9.21996,9.23996,9.05996,5.841,0.00058,801200.0,9631472.0,0.21739224953151504,9.19996
HK.02611,国泰海通,2022-02-18 00:00:00,9.21996,9.25996,9.33996,9.09996,5.86,0.00073,1012400.0,12258875.0,0.43384136156771985,9.21996
HK.02611,国泰海通,2022-02-21 00:00:00,9.25996,9.21996,9.31996,8.97996,5.841,0.00089,1244600.0,14878400.0,-0.43196730871406736,9.25996
HK.02611,国泰海通,2022-02-22 00:00:00,9.13996,9.01996,9.13996,8.89996,5.744,0.00084,1166000.0,13804968.0,-2.1692068078386573,9.21996
HK.02611,国泰海通,2022-02-23 00:00:00,8.87996,9.09996,9.09996,8.87996,5.783,0.00049,680100.0,8075132.0,0.886921893223474,9.01996
HK.02611,国泰海通,2022-02-24 00:00:00,8.99996,8.69996,9.01996,8.43996,5.589,0.00198,2751312.0,31728594.0,-4.395623717027313,9.09996
HK.02611,国泰海通,2022-02-25 00:00:00,8.69996,8.81996,9.09996,8.51996,5.647,0.00162,2255000.0,26319944.0,1.379316686513492,8.69996
HK.02611,国泰海通,2022-02-28 00:00:00,8.71996,8.65996,8.71996,8.49996,5.57,0.00128,1781200.0,20425708.0,-1.8140671839781604,8.81996
HK.02611,国泰海通,2022-03-01 00:00:00,8.57996,8.69996,8.77996,8.57996,5.589,0.00033,464800.0,5360756.0,0.4618958979025414,8.65996
HK.02611,国泰海通,2022-03-02 00:00:00,8.67996,8.71996,8.73996,8.57996,5.599,0.0011,1536000.0,17715820.0,0.22988611441891196,8.69996
HK.02611,国泰海通,2022-03-03 00:00:00,8.67996,8.91996,9.01996,8.65996,5.696,0.00071,989600.0,11624668.0,2.2935885026995453,8.71996
HK.02611,国泰海通,2022-03-04 00:00:00,8.77996,8.87996,8.89996,8.67996,5.676,0.00161,2246527.0,26269653.0,-0.4484325041816235,8.91996
HK.02611,国泰海通,2022-03-07 00:00:00,8.65996,8.31996,8.69996,8.29996,5.406,0.0017,2362000.0,26610632.0,-6.306334713219434,8.87996
HK.02611,国泰海通,2022-03-08 00:00:00,8.13996,8.01996,8.43996,8.01996,5.261,0.00129,1794800.0,19801901.0,-3.605786566281577,8.31996
HK.02611,国泰海通,2022-03-09 00:00:00,8.09996,7.99996,8.15996,7.71996,5.251,0.00225,3137400.0,33703200.0,-0.249377802383049,8.01996
HK.02611,国泰海通,2022-03-10 00:00:00,8.19996,7.95996,8.23996,7.93996,5.232,0.00031,425800.0,4647884.0,-0.5000025000125005,7.99996
HK.02611,国泰海通,2022-03-11 00:00:00,7.89996,7.83996,7.95996,7.49996,5.174,0.00104,1452200.0,15279810.0,-1.5075452640465545,7.95996
HK.02611,国泰海通,2022-03-14 00:00:00,7.69996,7.49996,7.73996,7.37996,5.009,0.00144,2001400.0,20765286.0,-4.336756820187857,7.83996
HK.02611,国泰海通,2022-03-15 00:00:00,7.25996,6.93996,7.47996,6.79996,4.738,0.00226,3142400.0,31366602.0,-7.46670648910127,7.49996
HK.02611,国泰海通,2022-03-16 00:00:00,7.13996,7.45996,7.45996,6.83996,4.99,0.00294,4089220.0,41173354.0,7.492838575438469,6.93996
HK.02611,国泰海通,2022-03-17 00:00:00,7.83996,7.81996,7.87996,7.53996,5.164,0.00123,1705400.0,18053496.0,4.8257631408211346,7.45996
HK.02611,国泰海通,2022-03-18 00:00:00,7.81996,7.81996,7.89996,7.53996,5.179,0.00224,3120455.0,33238407.0,0.0,7.81996
HK.02611,国泰海通,2022-03-21 00:00:00,7.91996,7.63996,7.91996,7.59996,5.092,0.00066,914800.0,9677243.0,-2.301802055253476,7.81996
HK.02611,国泰海通,2022-03-22 00:00:00,7.69996,7.77996,7.83996,7.61996,5.16,0.00024,339200.0,3599388.0,1.8324703270697709,7.63996
HK.02611,国泰海通,2022-03-23 00:00:00,7.89996,7.63996,7.89996,7.51996,5.092,0.00159,2214780.0,23276816.0,-1.79949511308541,7.77996
HK.02611,国泰海通,2022-03-24 00:00:00,7.59996,7.63996,7.83996,7.55996,5.092,0.00062,866497.0,9141894.0,0.0,7.63996
HK.02611,国泰海通,2022-03-25 00:00:00,7.67996,7.37996,7.71996,7.37996,4.966,0.00053,741000.0,7679252.0,-3.403159178843877,7.63996
HK.02611,国泰海通,2022-03-28 00:00:00,7.47996,7.41996,7.47996,7.27996,4.985,0.00043,593600.0,6082682.0,0.5420083577688772,7.37996
HK.02611,国泰海通,2022-03-29 00:00:00,7.35996,7.33996,7.47996,7.27996,4.946,0.0007,968800.0,9887409.0,-1.078172928155948,7.41996
HK.02611,国泰海通,2022-03-30 00:00:00,7.41996,7.67996,7.73996,7.41996,5.111,0.00113,1566000.0,16420220.0,4.632177832031792,7.33996
HK.02611,国泰海通,2022-03-31 00:00:00,7.67996,7.71996,7.79996,7.55996,5.13,0.00055,758800.0,8025897.0,0.5208360460210735,7.67996
HK.02611,国泰海通,2022-04-01 00:00:00,7.65996,7.91996,8.01996,7.55996,5.227,0.00095,1326000.0,14320060.0,2.590686998378221,7.71996
HK.02611,国泰海通,2022-04-04 00:00:00,7.95996,8.09996,8.13996,7.91996,5.315,0.00026,366000.0,3993380.0,2.272738751205811,7.91996
HK.02611,国泰海通,2022-04-06 00:00:00,8.01996,7.89996,8.01996,7.73996,5.218,0.00166,2314517.0,24919680.0,-2.4691479957925635,8.09996
HK.02611,国泰海通,2022-04-07 00:00:00,7.89996,7.71996,7.97996,7.67996,5.13,0.00065,903800.0,9653720.0,-2.27849254932936,7.89996
HK.02611,国泰海通,2022-04-08 00:00:00,7.75996,7.97996,7.97996,7.73996,5.257,0.00024,333200.0,3576002.0,3.3678930978916957,7.71996
HK.02611,国泰海通,2022-04-11 00:00:00,8.03996,7.65996,8.05996,7.63996,5.101,0.00088,1224200.0,12989032.0,-4.010045163133653,7.97996
HK.02611,国泰海通,2022-04-12 00:00:00,7.65996,7.65996,7.81996,7.51996,5.101,0.00111,1544600.0,16281188.0,0.0,7.65996
HK.02611,国泰海通,2022-04-13 00:00:00,7.65996,7.59996,7.79996,7.57996,5.072,0.00092,1285400.0,13576875.0,-0.7832939075399821,7.65996
HK.02611,国泰海通,2022-04-14 00:00:00,7.67996,7.73996,7.81996,7.57996,5.14,0.00129,1795000.0,18958749.0,1.8421149584997774,7.59996
HK.02611,国泰海通,2022-04-19 00:00:00,7.59996,7.57996,7.63996,7.51996,5.063,0.00079,1097200.0,11448188.0,-2.067194145706181,7.73996
HK.02611,国泰海通,2022-04-20 00:00:00,7.51996,7.33996,7.61996,7.33996,4.946,0.0031,4315224.0,44550574.0,-3.1662436213383742,7.57996
HK.02611,国泰海通,2022-04-21 00:00:00,7.33996,7.23996,7.37996,7.23996,4.898,0.00092,1284200.0,13061430.0,-1.3624052447152253,7.33996
HK.02611,国泰海通,2022-04-22 00:00:00,7.23996,7.37996,7.37996,7.09996,4.966,0.00068,951600.0,9676986.0,1.9337123409521557,7.23996
HK.02611,国泰海通,2022-04-25 00:00:00,7.23996,7.10996,7.23996,7.00996,4.835,0.00273,3798000.0,37783524.0,-3.6585564149399126,7.37996
HK.02611,国泰海通,2022-04-26 00:00:00,7.08996,6.80996,7.13996,6.73996,4.689,0.00199,2764000.0,27064950.0,-4.219433020720227,7.10996
HK.02611,国泰海通,2022-04-27 00:00:00,6.74996,6.89996,6.92996,6.72996,4.733,0.00071,991800.0,9628482.0,1.3215936657484015,6.80996
HK.02611,国泰海通,2022-04-28 00:00:00,6.92996,6.91996,6.97996,6.83996,4.742,0.00016,217800.0,2129052.0,0.28985675279276363,6.89996
HK.02611,国泰海通,2022-04-29 00:00:00,6.98996,7.33996,7.35996,6.79996,4.946,0.00052,723000.0,7251978.0,6.069399245082341,6.91996
HK.02611,国泰海通,2022-05-03 00:00:00,7.07996,6.81996,7.07996,6.65996,4.694,0.00066,914400.0,8822200.0,-7.0845072725191915,7.33996
HK.02611,国泰海通,2022-05-04 00:00:00,6.76996,6.71996,6.77996,6.63996,4.645,0.00072,1007800.0,9631252.0,-1.4662842597317234,6.81996
HK.02611,国泰海通,2022-05-05 00:00:00,6.83996,6.82996,6.94996,6.75996,4.699,0.00096,1333800.0,12963593.0,1.6369145054434764,6.71996
HK.02611,国泰海通,2022-05-06 00:00:00,6.64996,6.62996,6.75996,6.50996,4.602,0.00203,2826943.0,26758649.0,-2.9282748361630255,6.82996
HK.02611,国泰海通,2022-05-10 00:00:00,6.44996,6.55996,6.62996,6.44996,4.568,0.00112,1555499.0,14641140.0,-1.0558133080742478,6.62996
HK.02611,国泰海通,2022-05-11 00:00:00,6.57996,6.57996,6.73996,6.56996,4.578,0.0009,1251600.0,11919402.0,0.30487990780430935,6.55996
HK.02611,国泰海通,2022-05-12 00:00:00,6.58996,6.57996,6.64996,6.46996,4.578,0.00055,762000.0,7205234.0,0.0,6.57996
HK.02611,国泰海通,2022-05-13 00:00:00,6.63996,6.66996,6.67996,6.58996,4.621,0.00037,510372.0,4847215.0,1.3677894698447994,6.57996
HK.02611,国泰海通,2022-05-16 00:00:00,6.69996,6.65996,6.76996,6.62996,4.616,0.00042,583239.0,5561406.0,-0.14992593658732267,6.66996
HK.02611,国泰海通,2022-05-17 00:00:00,6.62996,6.72996,6.74996,6.55996,4.65,0.00139,1939000.0,18527296.0,1.0510573637078944,6.65996
HK.02611,国泰海通,2022-05-18 00:00:00,6.78996,6.73996,6.78996,6.70996,4.655,0.00078,1090584.0,10462812.0,0.14858929324988243,6.72996
HK.02611,国泰海通,2022-05-19 00:00:00,6.68996,6.86996,6.88996,6.63996,4.718,0.00113,1566600.0,15108877.0,1.9287948296429043,6.73996
HK.02611,国泰海通,2022-05-20 00:00:00,6.91996,6.99996,7.06996,6.88996,4.781,0.00118,1649000.0,16241980.0,1.8922963161357547,6.86996
HK.02611,国泰海通,2022-05-23 00:00:00,7.03996,6.97996,7.03996,6.95996,4.772,0.00018,254772.0,2510490.0,-0.2857159183766703,6.99996
HK.02611,国泰海通,2022-05-24 00:00:00,6.97996,6.84996,7.04996,6.79996,4.709,0.00054,745465.0,7277815.0,-1.8624748565894345,6.97996
HK.02611,国泰海通,2022-05-25 00:00:00,6.83996,6.86996,6.93996,6.79996,4.718,0.00033,459600.0,4471030.0,0.29197250786865286,6.84996
HK.02611,国泰海通,2022-05-26 00:00:00,6.92996,7.15996,7.17996,6.83996,4.859,0.00075,1044800.0,10356198.0,4.22127639753361,6.86996
HK.02611,国泰海通,2022-05-27 00:00:00,7.13996,7.17996,7.17996,7.11996,4.869,0.00043,600228.0,6003770.0,0.27933116944788045,7.15996
HK.02611,国泰海通,2022-05-30 00:00:00,7.21996,7.17996,7.27996,7.13996,4.869,0.00019,259600.0,2608316.0,0.0,7.17996
HK.02611,国泰海通,2022-05-31 00:00:00,7.11996,7.27996,7.29996,7.11996,4.917,0.0004,561600.0,5663748.0,1.392765419305952,7.17996
HK.02611,国泰海通,2022-06-01 00:00:00,7.25996,7.37996,7.37996,7.25996,4.966,0.0004,558800.0,5694058.0,1.3736339210654955,7.27996
HK.02611,国泰海通,2022-06-02 00:00:00,7.29996,7.37996,7.39996,7.25996,4.966,0.00067,934200.0,9517056.0,0.0,7.37996
HK.02611,国泰海通,2022-06-06 00:00:00,7.31996,7.49996,7.49996,7.13996,5.024,0.00094,1305000.0,13345632.0,1.626025073306632,7.37996
HK.02611,国泰海通,2022-06-07 00:00:00,7.43996,7.45996,7.57996,7.33996,5.004,0.00095,1324600.0,13710639.0,-0.5333361777929487,7.49996
HK.02611,国泰海通,2022-06-08 00:00:00,7.45996,7.55996,7.55996,7.31996,5.053,0.00107,1495538.0,15444146.0,1.3404897613392102,7.45996
HK.02611,国泰海通,2022-06-09 00:00:00,7.63996,7.49996,7.69996,7.43996,5.024,0.00116,1611000.0,16807384.0,-0.7936549928835668,7.55996
HK.02611,国泰海通,2022-06-10 00:00:00,7.31996,7.59996,7.63996,7.31996,5.072,0.00073,1021000.0,10613992.0,1.3333404444823778,7.49996
HK.02611,国泰海通,2022-06-13 00:00:00,7.37996,7.31996,7.55996,7.25996,4.936,0.00192,2677800.0,27428224.0,-3.6842299169995667,7.59996
HK.02611,国泰海通,2022-06-14 00:00:00,7.33825,7.61825,7.64825,7.22825,4.694,0.00205,2846400.0,26856742.0,4.075022267881241,7.31996
HK.02611,国泰海通,2022-06-15 00:00:00,7.73825,7.87825,8.09825,7.66825,4.82,0.00269,3750600.0,37390924.0,3.412857283496875,7.61825
HK.02611,国泰海通,2022-06-16 00:00:00,7.93825,7.51825,7.93825,7.49825,4.645,0.00143,1991400.0,19261678.0,-4.569542728397808,7.87825
HK.02611,国泰海通,2022-06-17 00:00:00,7.51825,7.44825,7.55825,7.37825,4.612,0.00437,6088371.0,57904424.0,-0.931067735177738,7.51825
HK.02611,国泰海通,2022-06-20 00:00:00,7.47825,7.47825,7.52825,7.41825,4.626,0.00027,371600.0,3543578.0,0.4027791763165878,7.44825
HK.02611,国泰海通,2022-06-21 00:00:00,7.53825,7.55825,7.57825,7.44825,4.665,0.00043,605175.0,5793567.0,1.0697689967572637,7.47825
HK.02611,国泰海通,2022-06-22 00:00:00,7.56825,7.47825,7.58825,7.45825,4.626,0.00038,526000.0,5044730.0,-1.0584460688651482,7.55825
HK.02611,国泰海通,2022-06-23 00:00:00,7.45825,7.62825,7.66825,7.45825,4.699,0.00041,571000.0,5511222.0,2.0058168689198723,7.47825
HK.02611,国泰海通,2022-06-24 00:00:00,7.61825,7.58825,7.64825,7.56825,4.679,0.00126,1748400.0,16903726.0,-0.5243666633893754,7.62825
HK.02611,国泰海通,2022-06-27 00:00:00,7.68825,7.59825,7.79825,7.57825,4.684,0.00145,2023600.0,19707620.0,0.13178269034362056,7.58825
HK.02611,国泰海通,2022-06-28 00:00:00,7.61825,7.79825,7.80825,7.56825,4.781,0.00109,1519600.0,14815232.0,2.632185042608498,7.59825
HK.02611,国泰海通,2022-06-29 00:00:00,7.74825,7.72825,7.92825,7.72825,4.747,0.00109,1523200.0,15039652.0,-0.8976372904177256,7.79825
HK.02611,国泰海通,2022-06-30 00:00:00,7.74825,7.70825,7.85825,7.69825,4.738,0.00071,990398.0,9739455.0,-0.25879079998706644,7.72825
HK.02611,国泰海通,2022-07-04 00:00:00,7.73825,7.58825,7.73825,7.51825,4.679,0.00041,568000.0,5481402.0,-1.5567735867414683,7.70825
HK.02611,国泰海通,2022-07-05 00:00:00,7.73825,7.53825,7.73825,7.53825,4.655,0.00049,679201.0,6560005.0,-0.6589134517181261,7.58825
HK.02611,国泰海通,2022-07-06 00:00:00,7.56825,7.48825,7.58825,7.39825,4.631,0.00066,916314.0,8707062.0,-0.6632839186813893,7.53825
HK.02611,国泰海通,2022-07-07 00:00:00,7.48825,7.52825,7.52825,7.35825,4.65,0.00079,1104725.0,10530353.0,0.5341701999799691,7.48825
HK.02611,国泰海通,2022-07-08 00:00:00,7.61825,7.59825,7.61825,7.52825,4.684,0.00039,546601.0,5265453.0,0.9298309700129549,7.52825
HK.02611,国泰海通,2022-07-11 00:00:00,7.55825,7.54825,7.65825,7.49825,4.66,0.0008,1108200.0,10661920.0,-0.6580462606521215,7.59825
HK.02611,国泰海通,2022-07-12 00:00:00,7.55825,7.51825,7.58825,7.48825,4.645,0.00051,711554.0,6824749.0,-0.3974431159540323,7.54825
HK.02611,国泰海通,2022-07-13 00:00:00,7.61825,7.35825,7.61825,7.35825,4.568,0.00035,484400.0,4601038.0,-2.1281548232633942,7.51825
HK.02611,国泰海通,2022-07-14 00:00:00,7.35825,7.25825,7.36825,7.13825,4.519,0.00085,1186400.0,11019118.0,-1.3590187884347453,7.35825
HK.02611,国泰海通,2022-07-15 00:00:00,7.19825,7.03825,7.21825,7.01825,4.413,0.00075,1041800.0,9543112.0,-3.0310336513622516,7.25825
HK.02611,国泰海通,2022-07-18 00:00:00,7.15825,7.19825,7.26825,7.09825,4.49,0.00029,403069.0,3731303.0,2.2732923667104767,7.03825
HK.02611,国泰海通,2022-07-19 00:00:00,7.27825,7.29825,7.30825,7.18825,4.539,0.00067,936000.0,8707484.0,1.389226548119342,7.19825
HK.02611,国泰海通,2022-07-20 00:00:00,7.34825,7.19825,7.34825,7.18825,4.49,0.00027,382398.0,3560360.0,-1.3701914842599325,7.29825
HK.02611,国泰海通,2022-07-21 00:00:00,7.21825,7.26825,7.26825,7.14825,4.524,0.00066,915600.0,8504218.0,0.9724585836835381,7.19825
HK.02611,国泰海通,2022-07-22 00:00:00,7.32825,7.28825,7.33825,7.26825,4.534,0.0003,417400.0,3905501.0,0.27516940116258487,7.26825
HK.02611,国泰海通,2022-07-25 00:00:00,7.24825,7.30825,7.35825,7.23825,4.544,0.00064,892800.0,8364485.0,0.27441429698487924,7.28825
HK.02611,国泰海通,2022-07-26 00:00:00,7.25825,7.28825,7.36825,7.25825,4.534,0.00032,444800.0,4165813.0,-0.27366332569357177,7.30825
HK.02611,国泰海通,2022-07-27 00:00:00,7.31825,7.32825,7.36825,7.28825,4.553,0.00031,429200.0,4036618.0,0.5488285939697463,7.28825
HK.02611,国泰海通,2022-07-28 00:00:00,7.32825,7.44825,7.45825,7.32825,4.612,0.00054,753200.0,7121700.0,1.637498720704126,7.32825
HK.02611,国泰海通,2022-07-29 00:00:00,7.37825,7.26825,7.52825,7.26825,4.524,0.00036,497000.0,4686215.0,-2.416675057899503,7.44825
HK.02611,国泰海通,2022-08-01 00:00:00,7.42825,7.35825,7.42825,7.14825,4.568,0.00063,877399.0,8211830.0,1.2382623052316564,7.26825
HK.02611,国泰海通,2022-08-02 00:00:00,7.22825,7.08825,7.22825,7.02825,4.437,0.00051,703600.0,6429434.0,-3.6693507287738196,7.35825
HK.02611,国泰海通,2022-08-03 00:00:00,7.04825,7.10825,7.17825,6.99825,4.447,0.00027,378420.0,3461014.0,0.28215709096038616,7.08825
HK.02611,国泰海通,2022-08-04 00:00:00,7.05825,7.15825,7.18825,7.02825,4.471,0.00042,581600.0,5341791.0,0.7034080118172521,7.10825
HK.02611,国泰海通,2022-08-05 00:00:00,7.15825,7.33825,7.33825,7.10825,4.558,0.00019,262447.0,2436970.0,2.514581077777398,7.15825
HK.02611,国泰海通,2022-08-08 00:00:00,7.31825,7.31825,7.39825,7.26825,4.548,0.00011,154800.0,1452878.0,-0.2725445439989161,7.33825
HK.02611,国泰海通,2022-08-09 00:00:00,7.30825,7.23825,7.35825,7.23825,4.51,0.00035,482600.0,4517958.0,-1.09315751716599,7.31825
HK.02611,国泰海通,2022-08-10 00:00:00,7.33825,7.21825,7.33825,7.17825,4.5,0.0004,550800.0,5109568.0,-0.27630988153213243,7.23825
HK.02611,国泰海通,2022-08-11 00:00:00,7.21825,7.53825,7.56825,7.21825,4.655,0.00076,1055000.0,10073520.0,4.433207494891413,7.21825
HK.02611,国泰海通,2022-08-12 00:00:00,7.47825,7.56825,7.58825,7.47825,4.67,0.00026,355200.0,3419356.0,0.3979703512088382,7.53825
HK.02611,国泰海通,2022-08-15 00:00:00,7.56825,7.40825,7.56825,7.38825,4.592,0.0002,274000.0,2606244.0,-2.1140950682126007,7.56825
HK.02611,国泰海通,2022-08-16 00:00:00,7.45825,7.35825,7.49825,7.34825,4.568,9e-05,119800.0,1135384.0,-0.6749232274828715,7.40825
HK.02611,国泰海通,2022-08-17 00:00:00,7.41825,7.38825,7.50825,7.36825,4.582,0.00013,182000.0,1730228.0,0.4077056365304284,7.35825
HK.02611,国泰海通,2022-08-18 00:00:00,7.38825,7.39825,7.44825,7.35825,4.587,0.00013,180800.0,1707450.0,0.13535004906438988,7.38825
HK.02611,国泰海通,2022-08-19 00:00:00,7.34825,7.42825,7.48825,7.32825,4.602,0.00025,350953.0,3325464.0,0.405501300983344,7.39825
HK.02611,国泰海通,2022-08-22 00:00:00,7.31825,7.31825,7.45825,7.29825,4.548,0.00011,154600.0,1455286.0,-1.4808333052872522,7.42825
HK.02611,国泰海通,2022-08-23 00:00:00,7.30825,7.28825,7.42825,7.19825,4.534,0.00033,456600.0,4259864.0,-0.4099340689372493,7.31825
HK.02611,国泰海通,2022-08-24 00:00:00,7.38825,7.19825,7.38825,7.14825,4.49,0.00017,240600.0,2235660.0,-1.2348643364319263,7.28825
HK.02611,国泰海通,2022-08-25 00:00:00,7.26825,7.39825,7.39825,7.21825,4.587,0.00019,263200.0,2470841.0,2.7784530962386715,7.19825
HK.02611,国泰海通,2022-08-26 00:00:00,7.38825,7.33825,7.41825,7.23825,4.558,0.00017,240400.0,2257397.0,-0.8110026019666761,7.39825
HK.02611,国泰海通,2022-08-29 00:00:00,7.26825,7.21825,7.32825,7.18825,4.5,0.00028,387000.0,3598998.0,-1.6352672639934605,7.33825
HK.02611,国泰海通,2022-08-30 00:00:00,7.19825,7.25825,7.25825,7.17825,4.519,0.00034,478200.0,4440678.0,0.554150936861428,7.21825
HK.02611,国泰海通,2022-08-31 00:00:00,7.23825,7.26825,7.34825,7.13825,4.524,0.00073,1015200.0,9488698.0,0.13777425688009903,7.25825
HK.02611,国泰海通,2022-09-01 00:00:00,7.26825,7.24825,7.27825,7.19825,4.515,0.0001,142600.0,1326722.0,-0.2751694011625971,7.26825
HK.02611,国泰海通,2022-09-02 00:00:00,7.24825,7.15825,7.24825,7.13825,4.471,0.00018,257400.0,2380118.0,-1.2416790259717843,7.24825
HK.02611,国泰海通,2022-09-05 00:00:00,7.16825,7.16825,7.16825,7.08825,4.476,0.00036,506400.0,4663452.0,0.13969894876540756,7.15825
HK.02611,国泰海通,2022-09-06 00:00:00,7.19825,7.19825,7.21825,7.11825,4.49,0.00051,716400.0,6615982.0,0.41851218916751304,7.16825
HK.02611,国泰海通,2022-09-07 00:00:00,7.13825,7.20825,7.20825,7.09825,4.495,0.00053,732400.0,6745344.0,0.1389226548119305,7.19825
HK.02611,国泰海通,2022-09-08 00:00:00,7.20825,7.05825,7.20825,7.05825,4.422,0.00055,759591.0,6960810.0,-2.080948912704186,7.20825
HK.02611,国泰海通,2022-09-09 00:00:00,7.15825,7.21825,7.24825,7.12825,4.5,0.00026,364600.0,3380614.0,2.266850848298093,7.05825
HK.02611,国泰海通,2022-09-13 00:00:00,7.25825,7.23825,7.31825,7.16825,4.51,0.00062,857042.0,7974726.0,0.2770754684307079,7.21825
HK.02611,国泰海通,2022-09-14 00:00:00,7.20825,7.17825,7.20825,7.06825,4.481,0.00037,520820.0,4796584.0,-0.8289296445964095,7.23825
HK.02611,国泰海通,2022-09-15 00:00:00,7.21825,7.14825,7.23825,7.04825,4.466,0.00049,682890.0,6269610.0,-0.4179291610072127,7.17825
HK.02611,国泰海通,2022-09-16 00:00:00,7.14825,6.80825,7.14825,6.80825,4.301,0.00167,2322090.0,20739413.0,-4.756408911271988,7.14825
HK.02611,国泰海通,2022-09-19 00:00:00,6.91825,6.78825,6.94825,6.77825,4.291,0.00052,722800.0,6415603.0,-0.2937612455476879,6.80825
HK.02611,国泰海通,2022-09-20 00:00:00,6.76825,6.74825,6.87825,6.69825,4.272,0.00033,455000.0,4007714.0,-0.5892534894855086,6.78825
HK.02611,国泰海通,2022-09-21 00:00:00,6.70825,6.64825,6.73825,6.57825,4.224,0.00091,1268200.0,11052454.0,-1.481865668877111,6.74825
HK.02611,国泰海通,2022-09-22 00:00:00,6.62825,6.67825,6.67825,6.51825,4.238,0.00079,1100000.0,9535760.0,0.45124656864588797,6.64825
HK.02611,国泰海通,2022-09-23 00:00:00,6.65825,6.71825,6.75825,6.62825,4.258,0.00082,1136600.0,9959868.0,0.5989593082019995,6.67825
HK.02611,国泰海通,2022-09-26 00:00:00,6.74825,6.55825,6.74825,6.45825,4.18,0.00078,1085914.0,9334871.0,-2.38157258214565,6.71825
HK.02611,国泰海通,2022-09-27 00:00:00,6.48825,6.76825,6.78825,6.39825,4.282,0.00102,1422717.0,12306685.0,3.2020737239355004,6.55825
HK.02611,国泰海通,2022-09-28 00:00:00,6.80825,6.53825,6.80825,6.43825,4.17,0.00091,1270286.0,10956135.0,-3.3982196284120776,6.76825
HK.02611,国泰海通,2022-09-29 00:00:00,6.45825,6.06825,6.53825,6.00825,3.942,0.00041,574000.0,4714494.0,-7.188467862195538,6.53825
HK.02611,国泰海通,2022-09-30 00:00:00,6.24825,6.27825,6.45825,6.138249999,4.044,0.00061,844000.0,6982062.0,3.460635273760968,6.06825
HK.02611,国泰海通,2022-10-03 00:00:00,6.03825,6.00825,6.11825,5.99825,3.913,0.00022,300000.0,2430130.0,-4.30056146219089,6.27825
HK.02611,国泰海通,2022-10-05 00:00:00,6.00825,6.51825,6.51825,6.00825,4.161,0.00045,630600.0,5361020.0,8.488328548246157,6.00825
HK.02611,国泰海通,2022-10-06 00:00:00,6.63825,6.81825,6.81825,6.42825,4.306,6e-05,81000.0,712548.0,4.602462317339774,6.51825
HK.02611,国泰海通,2022-10-07 00:00:00,6.58825,6.378249999,6.58825,6.36825,4.093,0.00028,383000.0,3252062.0,-6.453268815311841,6.81825
HK.02611,国泰海通,2022-10-10 00:00:00,6.388249999,6.228249999,6.43825,6.138249999,4.02,0.00041,576600.0,4788560.0,-2.3517422494182223,6.378249999
HK.02611,国泰海通,2022-10-11 00:00:00,6.26825,6.218249999,6.26825,6.11825,4.015,0.00036,500800.0,4140446.0,-0.16055874445639423,6.228249999
HK.02611,国泰海通,2022-10-12 00:00:00,6.28825,6.31825,6.32825,6.16825,4.064,0.00054,747704.0,6211544.0,1.6081695174057238,6.218249999
HK.02611,国泰海通,2022-10-13 00:00:00,6.31825,6.53825,6.53825,6.14825,4.17,0.001,1398000.0,11796888.0,3.4819768131998536,6.31825
HK.02611,国泰海通,2022-10-14 00:00:00,6.48825,6.468249999,6.58825,6.43825,4.136,0.00074,1036580.0,8896505.0,-1.0706228883875575,6.53825
HK.02611,国泰海通,2022-10-17 00:00:00,6.52825,6.45825,6.55825,6.43825,4.131,0.00034,470400.0,4019536.0,-0.15460130640508027,6.468249999
HK.02611,国泰海通,2022-10-18 00:00:00,6.58825,6.55825,6.65825,6.44825,4.18,0.0004,563370.0,4850482.0,1.5484070762203466,6.45825
HK.02611,国泰海通,2022-10-19 00:00:00,6.59825,6.16825,6.59825,6.058249999,3.991,0.00125,1746200.0,14535204.0,-5.946708344451653,6.55825
HK.02611,国泰海通,2022-10-20 00:00:00,6.15825,6.27825,6.388249999,6.15825,4.044,0.00071,988819.0,8242742.0,1.7833259028087436,6.16825
HK.02611,国泰海通,2022-10-21 00:00:00,6.43825,6.36825,6.43825,6.298249999,4.088,0.00031,438200.0,3692573.0,1.4335204873969636,6.27825
HK.02611,国泰海通,2022-10-24 00:00:00,6.40825,6.07825,6.40825,6.00825,3.947,0.00052,728400.0,5980762.0,-4.553841322184274,6.36825
HK.02611,国泰海通,2022-10-25 00:00:00,6.048249999,5.978249999,6.06825,5.87825,3.899,0.00104,1447300.0,11595471.0,-1.6452103977296053,6.07825
HK.02611,国泰海通,2022-10-26 00:00:00,5.84825,6.06825,6.08825,5.84825,3.942,0.00049,688400.0,5569230.0,1.5054572996287294,5.978249999
HK.02611,国泰海通,2022-10-27 00:00:00,6.07825,6.08825,6.17825,6.03825,3.952,0.0004,555600.0,4542648.0,0.32958431178676656,6.06825
HK.02611,国泰海通,2022-10-28 00:00:00,6.048249999,5.98825,6.058249999,5.93825,3.903,0.00024,335200.0,2692452.0,-1.6425081098838012,6.08825
HK.02611,国泰海通,2022-10-31 00:00:00,5.98825,5.86825,6.15825,5.70825,3.845,0.00063,873400.0,6895836.0,-2.0039243518557193,5.98825
HK.02611,国泰海通,2022-11-01 00:00:00,5.91825,5.968249999,5.968249999,5.77825,3.894,0.00096,1337400.0,10628642.0,1.704085528053516,5.86825
HK.02611,国泰海通,2022-11-02 00:00:00,5.978249999,6.14825,6.14825,5.88825,3.981,0.00051,707800.0,5732216.0,3.01595946936136,5.968249999
HK.02611,国泰海通,2022-11-03 00:00:00,5.978249999,5.86825,6.07825,5.80825,3.845,0.00054,757711.0,6042482.0,-4.554141422355959,6.14825
HK.02611,国泰海通,2022-11-04 00:00:00,5.98825,6.18825,6.24825,5.968249999,4.0,0.00076,1057800.0,8694474.0,5.453073744301969,5.86825
HK.02611,国泰海通,2022-11-07 00:00:00,6.218249999,6.33825,6.43825,6.18825,4.073,0.00093,1289009.0,10802869.0,2.423948612289425,6.18825
HK.02611,国泰海通,2022-11-08 00:00:00,6.33825,6.25825,6.34825,6.23825,4.034,0.00026,365800.0,3055238.0,-1.2621780459906136,6.33825
HK.02611,国泰海通,2022-11-09 00:00:00,6.15825,6.308249999,6.33825,6.15825,4.059,0.00057,796000.0,6626000.0,0.7989453761035391,6.25825
HK.02611,国泰海通,2022-11-10 00:00:00,6.218249999,6.308249999,6.32825,6.17825,4.059,0.00044,616400.0,5137709.0,0.0,6.308249999
HK.02611,国泰海通,2022-11-11 00:00:00,6.42825,6.61825,6.63825,6.41825,4.209,0.00192,2672000.0,23045506.0,4.914199675807739,6.308249999
HK.02611,国泰海通,2022-11-14 00:00:00,6.62825,6.69825,6.87825,6.62825,4.248,0.00164,2277800.0,20086132.0,1.2087787557133693,6.61825
HK.02611,国泰海通,2022-11-15 00:00:00,6.69825,6.91825,6.97825,6.69825,4.354,0.00144,2000245.0,17913530.0,3.2844399656626693,6.69825
HK.02611,国泰海通,2022-11-16 00:00:00,6.91825,6.76825,6.91825,6.67825,4.282,0.00054,756414.0,6700626.0,-2.168178368807133,6.91825
HK.02611,国泰海通,2022-11-17 00:00:00,6.79825,6.69825,6.79825,6.58825,4.248,0.00048,672000.0,5854634.0,-1.0342407564732432,6.76825
HK.02611,国泰海通,2022-11-18 00:00:00,6.70825,6.64825,6.73825,6.61825,4.224,0.00026,363245.0,3167957.0,-0.7464636285596957,6.69825
HK.02611,国泰海通,2022-11-21 00:00:00,6.71825,6.52825,6.71825,6.49825,4.165,0.00036,494640.0,4255170.0,-1.8049862745835386,6.64825
HK.02611,国泰海通,2022-11-22 00:00:00,6.478249999,6.49825,6.63825,6.41825,4.151,0.00082,1139400.0,9748787.0,-0.45954122467736763,6.52825
HK.02611,国泰海通,2022-11-23 00:00:00,6.55825,6.58825,6.63825,6.53825,4.194,0.00051,712200.0,6166026.0,1.3849882660716462,6.49825
HK.02611,国泰海通,2022-11-24 00:00:00,6.62825,6.60825,6.67825,6.56825,4.204,0.00026,361400.0,3134428.0,0.3035707509581387,6.58825
HK.02611,国泰海通,2022-11-25 00:00:00,6.67825,6.74825,6.75825,6.59825,4.272,0.00057,790600.0,6923208.0,2.1185639163167203,6.60825
HK.02611,国泰海通,2022-11-28 00:00:00,6.59825,6.63825,6.64825,6.44825,4.219,0.07512,104558000.0,920927348.0,-1.6300522357648197,6.74825
HK.02611,国泰海通,2022-11-29 00:00:00,6.67825,6.96825,6.96825,6.67825,4.379,0.00161,2234955.0,20019601.0,4.97118969607954,6.63825
HK.02611,国泰海通,2022-11-30 00:00:00,7.02825,7.02825,7.05825,6.94825,4.408,0.00102,1414000.0,12827688.0,0.86104832633731,6.96825
HK.02611,国泰海通,2022-12-01 00:00:00,7.16825,7.02825,7.30825,7.02825,4.408,0.00134,1858400.0,17168710.0,0.0,7.02825
HK.02611,国泰海通,2022-12-02 00:00:00,7.09825,6.93825,7.09825,6.88825,4.364,0.00062,864900.0,7795878.0,-1.2805463664496832,7.02825
HK.02611,国泰海通,2022-12-05 00:00:00,7.02825,7.25825,7.27825,7.00825,4.519,0.00132,1842802.0,17120436.0,4.6121140056930825,6.93825
HK.02611,国泰海通,2022-12-06 00:00:00,7.21825,7.14825,7.27825,7.12825,4.466,0.00044,618199.0,5713994.0,-1.5155168256811258,7.25825
HK.02611,国泰海通,2022-12-07 00:00:00,7.22825,6.90825,7.26825,6.90825,4.35,0.00103,1439599.0,13190396.0,-3.3574651138390545,7.14825
HK.02611,国泰海通,2022-12-08 00:00:00,7.01825,7.07825,7.09825,6.97825,4.432,0.00146,2025801.0,18455545.0,2.460825824195707,6.90825
HK.02611,国泰海通,2022-12-09 00:00:00,7.12825,7.14825,7.16825,7.00825,4.466,0.00267,3718600.0,33934120.0,0.988945007593689,7.07825
HK.02611,国泰海通,2022-12-12 00:00:00,7.15825,7.05825,7.15825,6.97825,4.422,0.00081,1130400.0,10272688.0,-1.2590494176896423,7.14825
HK.02611,国泰海通,2022-12-13 00:00:00,7.07825,7.03825,7.07825,6.99825,4.413,0.00038,526307.0,4789188.0,-0.2833563560372679,7.05825
HK.02611,国泰海通,2022-12-14 00:00:00,7.11825,6.95825,7.11825,6.95825,4.374,0.00063,875400.0,7932918.0,-1.1366461833552384,7.03825
HK.02611,国泰海通,2022-12-15 00:00:00,6.96825,6.86825,6.99825,6.80825,4.33,0.00053,733770.0,6544595.0,-1.2934286638163313,6.95825
HK.02611,国泰海通,2022-12-16 00:00:00,6.89825,6.80825,6.91825,6.80825,4.301,0.00126,1758000.0,15637951.0,-0.8735849743384358,6.86825
HK.02611,国泰海通,2022-12-19 00:00:00,6.86825,6.72825,6.92825,6.71825,4.262,0.00041,569819.0,5050891.0,-1.1750449821907256,6.80825
HK.02611,国泰海通,2022-12-20 00:00:00,6.77825,6.52825,6.77825,6.51825,4.165,0.00063,878400.0,7609874.0,-2.9725411511165634,6.72825
HK.02611,国泰海通,2022-12-21 00:00:00,6.62825,6.56825,6.62825,6.54825,4.185,0.00021,295838.0,2552093.0,0.6127216329031522,6.52825
HK.02611,国泰海通,2022-12-22 00:00:00,6.66825,6.61825,6.66825,6.58825,4.209,0.00027,369600.0,3209155.0,0.7612377726182746,6.56825
HK.02611,国泰海通,2022-12-23 00:00:00,6.59825,6.62825,6.63825,6.54825,4.214,0.00026,361200.0,3130238.0,0.15109734446418124,6.61825
HK.02611,国泰海通,2022-12-28 00:00:00,6.79825,6.78825,6.79825,6.64825,4.291,0.0006,838600.0,7382368.0,2.413910157281322,6.62825
HK.02611,国泰海通,2022-12-29 00:00:00,6.66825,6.67825,6.76825,6.61825,4.238,0.00061,850200.0,7415232.0,-1.6204470960851387,6.78825
HK.02611,国泰海通,2022-12-30 00:00:00,6.75825,6.72825,6.75825,6.68825,4.262,0.00024,332000.0,2915512.0,0.7486991352524961,6.67825
HK.02611,国泰海通,2023-01-03 00:00:00,6.68825,6.73825,6.76825,6.52825,4.267,0.00094,1302400.0,11354202.0,0.14862705755582487,6.72825
HK.02611,国泰海通,2023-01-04 00:00:00,6.71825,6.98825,7.04825,6.71825,4.388,0.00102,1415600.0,12725538.0,3.7101621340852597,6.73825
HK.02611,国泰海通,2023-01-05 00:00:00,6.99825,7.16825,7.18825,6.99825,4.476,0.00178,2484100.0,22867263.0,2.575752155403709,6.98825
HK.02611,国泰海通,2023-01-06 00:00:00,7.18825,7.09825,7.18825,7.05825,4.442,0.00109,1519000.0,13939595.0,-0.976528441390847,7.16825
HK.02611,国泰海通,2023-01-09 00:00:00,7.18825,7.18825,7.30825,7.13825,4.485,0.00077,1069200.0,9942980.0,1.2679181488395006,7.09825
HK.02611,国泰海通,2023-01-10 00:00:00,7.17825,7.21825,7.26825,7.14825,4.5,0.00057,791175.0,7326008.0,0.41734775501687127,7.18825
HK.02611,国泰海通,2023-01-11 00:00:00,7.23825,7.11825,7.23825,7.04825,4.451,0.00064,893600.0,8249135.0,-1.3853773421535764,7.21825
HK.02611,国泰海通,2023-01-12 00:00:00,7.15825,7.12825,7.17825,6.98825,4.456,0.00057,791200.0,7242180.0,0.1404839672672451,7.11825
HK.02611,国泰海通,2023-01-13 00:00:00,7.21825,7.32825,7.34825,7.11825,4.553,0.00075,1044000.0,9730336.0,2.8057377336653357,7.12825
HK.02611,国泰海通,2023-01-16 00:00:00,7.36825,7.72825,7.72825,7.34825,4.747,0.00224,3114348.0,30110746.0,5.458329069013753,7.32825
HK.02611,国泰海通,2023-01-17 00:00:00,7.65825,7.67825,7.72825,7.60825,4.723,0.00105,1465200.0,14247054.0,-0.6469769999676489,7.72825
HK.02611,国泰海通,2023-01-18 00:00:00,7.72825,7.70825,7.77825,7.65825,4.738,0.00051,706900.0,6901917.0,0.3907140298896149,7.67825
HK.02611,国泰海通,2023-01-19 00:00:00,7.70825,7.83825,7.92825,7.64825,4.801,0.00036,507200.0,5017731.0,1.6865047189699451,7.70825
HK.02611,国泰海通,2023-01-20 00:00:00,7.72825,7.72825,7.78825,7.70825,4.747,0.00015,205963.0,2020418.0,-1.4033744777214343,7.83825
HK.02611,国泰海通,2023-01-26 00:00:00,7.73825,7.97825,7.99825,7.73825,4.869,0.00019,267400.0,2654716.0,3.234884999838256,7.72825
HK.02611,国泰海通,2023-01-27 00:00:00,7.97825,8.01825,8.01825,7.75825,4.888,0.00019,263400.0,2627290.0,0.5013630808761325,7.97825
HK.02611,国泰海通,2023-01-30 00:00:00,7.97825,7.60825,7.99825,7.56825,4.689,0.00127,1761600.0,17329662.0,-5.113335204065727,8.01825
HK.02611,国泰海通,2023-01-31 00:00:00,7.72825,7.53825,7.78825,7.50825,4.655,0.00035,485100.0,4693797.0,-0.9200538888706375,7.60825
HK.02611,国泰海通,2023-02-01 00:00:00,7.57825,7.75825,7.76825,7.54825,4.762,0.00097,1352600.0,13122304.0,2.918449242198131,7.53825
HK.02611,国泰海通,2023-02-02 00:00:00,7.91825,7.66825,7.99825,7.62825,4.718,0.0017,2363600.0,23324125.0,-1.160055424870309,7.75825
HK.02611,国泰海通,2023-02-03 00:00:00,7.71825,7.59825,7.71825,7.48825,4.684,0.00072,1004340.0,9655602.0,-0.912854953868215,7.66825
HK.02611,国泰海通,2023-02-06 00:00:00,7.59825,7.43825,7.59825,7.38825,4.607,0.00079,1099501.0,10450205.0,-2.105748034086798,7.59825
HK.02611,国泰海通,2023-02-07 00:00:00,7.42825,7.46825,7.53825,7.42825,4.621,0.00039,538570.0,5143758.0,0.4033206735455282,7.43825
HK.02611,国泰海通,2023-02-08 00:00:00,7.60825,7.47825,7.60825,7.42825,6.597,0.00043,595000.0,5668993.0,0.13390017741773222,7.46825
HK.02611,国泰海通,2023-02-09 00:00:00,7.48825,7.58825,7.60825,7.48825,6.673,0.00037,508400.0,4886104.0,1.4709323705412405,7.47825
HK.02611,国泰海通,2023-02-10 00:00:00,7.58825,7.49825,7.66825,7.48825,6.611,0.0005,693400.0,6685343.0,-1.18604421309262,7.58825
HK.02611,国泰海通,2023-02-13 00:00:00,7.50825,7.42825,7.50825,7.38825,6.562,0.00047,652200.0,6194551.0,-0.9335511619377774,7.49825
HK.02611,国泰海通,2023-02-14 00:00:00,7.49825,7.46825,7.51825,7.43825,6.59,0.00054,745200.0,7104242.0,0.5384848382862725,7.42825
HK.02611,国泰海通,2023-02-15 00:00:00,7.49825,7.38825,7.49825,7.30825,6.535,0.0009,1257400.0,11858666.0,-1.0712014193418815,7.46825
HK.02611,国泰海通,2023-02-16 00:00:00,7.34825,7.36825,7.50825,7.34825,6.521,0.00104,1447575.0,13727934.0,-0.2707000981287918,7.38825
HK.02611,国泰海通,2023-02-17 00:00:00,7.41825,7.33825,7.42825,7.29825,6.5,0.0005,696800.0,6563714.0,-0.40715230889287635,7.36825
HK.02611,国泰海通,2023-02-20 00:00:00,7.38825,7.59825,7.59825,7.38825,6.68,0.00109,1517800.0,14532205.0,3.5430790719858245,7.33825
HK.02611,国泰海通,2023-02-21 00:00:00,7.63825,7.48825,7.64825,7.46825,6.604,0.00052,728400.0,7012868.0,-1.4477017734346767,7.59825
HK.02611,国泰海通,2023-02-22 00:00:00,7.51825,7.46825,7.51825,7.44825,6.59,0.00041,575000.0,5477346.0,-0.2670850999899786,7.48825
HK.02611,国泰海通,2023-02-23 00:00:00,7.46825,7.43825,7.53825,7.43825,6.569,0.00032,450940.0,4305390.0,-0.40170053225320856,7.46825
HK.02611,国泰海通,2023-02-24 00:00:00,7.41825,7.34825,7.41825,7.33825,6.507,0.00031,437000.0,4117730.0,-1.2099620206365724,7.43825
HK.02611,国泰海通,2023-02-27 00:00:00,7.27825,7.20825,7.29825,7.19825,6.41,0.00055,769400.0,7139568.0,-1.9052155275065568,7.34825
HK.02611,国泰海通,2023-02-28 00:00:00,7.23825,7.23825,7.26825,7.17825,6.431,0.00045,625000.0,5796844.0,0.4161897825408421,7.20825
HK.02611,国泰海通,2023-03-01 00:00:00,7.25825,7.35825,7.38825,7.25825,6.514,0.00104,1450600.0,13641197.0,1.6578592891928312,7.23825
HK.02611,国泰海通,2023-03-02 00:00:00,7.33825,7.39825,7.40825,7.33825,6.542,0.00022,311400.0,2940454.0,0.5436075153739005,7.35825
HK.02611,国泰海通,2023-03-03 00:00:00,7.44825,7.48825,7.49825,7.39825,6.604,0.00032,440000.0,4188626.0,1.21650390295002,7.39825
HK.02611,国泰海通,2023-03-06 00:00:00,7.48825,7.48825,7.53825,7.42825,6.604,0.00049,679800.0,6482015.0,0.0,7.48825
HK.02611,国泰海通,2023-03-07 00:00:00,7.44825,7.41825,7.62825,7.36825,6.556,0.00066,920800.0,8782163.0,-0.9347978499649489,7.48825
HK.02611,国泰海通,2023-03-08 00:00:00,7.35825,7.36825,7.39825,7.29825,6.521,0.0008,1108600.0,10423602.0,-0.6740134128669137,7.41825
HK.02611,国泰海通,2023-03-09 00:00:00,7.42825,7.30825,7.42825,7.26825,6.479,0.00063,878000.0,8240210.0,-0.8143046177857648,7.36825
HK.02611,国泰海通,2023-03-10 00:00:00,7.31825,7.09825,7.31825,7.08825,6.334,0.00091,1261000.0,11635798.0,-2.873464919782437,7.30825
HK.02611,国泰海通,2023-03-13 00:00:00,7.12825,7.22825,7.28825,7.09825,6.424,0.0007,978800.0,9036097.0,1.8314373261015024,7.09825
HK.02611,国泰海通,2023-03-14 00:00:00,7.22825,7.06825,7.28825,7.05825,6.313,0.00046,638000.0,5861360.0,-2.2135371632137812,7.22825
HK.02611,国泰海通,2023-03-15 00:00:00,7.06825,7.23825,7.25825,7.06825,6.431,0.00027,381800.0,3544870.0,2.40512149400488,7.06825
HK.02611,国泰海通,2023-03-16 00:00:00,7.17825,7.15825,7.17825,7.07825,6.376,0.00046,644370.0,5921154.0,-1.1052395261285541,7.23825
HK.02611,国泰海通,2023-03-17 00:00:00,7.15825,7.43825,7.49825,7.15825,6.569,0.00149,2074717.0,19651136.0,3.9115705654314983,7.15825
HK.02611,国泰海通,2023-03-20 00:00:00,7.43825,7.25825,7.43825,7.17825,6.445,0.00063,873400.0,8147354.0,-2.419924041273145,7.43825
HK.02611,国泰海通,2023-03-21 00:00:00,7.25825,7.23825,7.28825,7.19825,6.431,0.0002,275600.0,2566080.0,-0.2755485137602103,7.25825
HK.02611,国泰海通,2023-03-22 00:00:00,7.23825,7.31825,7.38825,7.23825,6.486,0.00025,342600.0,3215972.0,1.1052395261285541,7.23825
HK.02611,国泰海通,2023-03-23 00:00:00,7.31825,7.43825,7.46825,7.30825,6.569,0.00093,1296800.0,12295591.0,1.639736275748985,7.31825
HK.02611,国泰海通,2023-03-24 00:00:00,7.43825,7.46825,7.50825,7.42825,6.59,0.00046,635710.0,6048203.0,0.4033206735455282,7.43825
HK.02611,国泰海通,2023-03-27 00:00:00,7.39825,7.33825,7.46825,7.32825,6.5,0.0006,833200.0,7894574.0,-1.7407023064305545,7.46825
HK.02611,国泰海通,2023-03-28 00:00:00,7.33825,7.42825,7.53825,7.32825,6.562,0.00052,728200.0,6930678.0,1.2264504479950922,7.33825
HK.02611,国泰海通,2023-03-29 00:00:00,7.47825,7.39825,7.47825,7.30825,6.542,0.00023,316670.0,2990965.0,-0.4038636287147073,7.42825
HK.02611,国泰海通,2023-03-30 00:00:00,7.36825,7.33825,7.39825,7.27825,6.5,0.00036,503376.0,4724082.0,-0.8110026019666761,7.39825
HK.02611,国泰海通,2023-03-31 00:00:00,7.38825,7.47825,7.52825,7.38825,6.597,0.0011,1535800.0,14679078.0,1.9078118079923643,7.33825
HK.02611,国泰海通,2023-04-03 00:00:00,7.51825,7.57825,7.66825,7.51825,6.666,0.00172,2394200.0,23101800.0,1.3372112459465737,7.47825
HK.02611,国泰海通,2023-04-04 00:00:00,7.56825,7.68825,7.75825,7.55825,6.742,0.00123,1716200.0,16665922.0,1.4515224491142458,7.57825
HK.02611,国泰海通,2023-04-06 00:00:00,7.67825,7.60825,7.70825,7.53825,6.687,0.00065,898670.0,8706826.0,-1.040548889539233,7.68825
HK.02611,国泰海通,2023-04-11 00:00:00,7.63825,7.73825,7.75825,7.61825,6.777,0.00155,2162600.0,21074524.0,1.7086715079026045,7.60825
HK.02611,国泰海通,2023-04-12 00:00:00,7.73825,7.76825,7.80825,7.69825,6.798,0.00112,1561509.0,15330917.0,0.3876845540012309,7.73825
HK.02611,国泰海通,2023-04-13 00:00:00,7.69825,7.76825,7.76825,7.67825,6.798,0.00059,821600.0,8053570.0,0.0,7.76825
HK.02611,国泰海通,2023-04-14 00:00:00,7.74825,7.75825,7.75825,7.69825,6.791,0.00053,739494.0,7242667.0,-0.12872912174556414,7.76825
HK.02611,国泰海通,2023-04-17 00:00:00,7.78825,8.09825,8.09825,7.71825,7.026,0.00255,3550200.0,35627414.0,4.382431605065573,7.75825
HK.02611,国泰海通,2023-04-18 00:00:00,8.09825,8.11825,8.19825,8.03825,7.04,0.00079,1095800.0,11131374.0,0.24696693730126354,8.09825
HK.02611,国泰海通,2023-04-19 00:00:00,8.09825,8.03825,8.13825,7.95825,6.984,0.00067,930400.0,9373152.0,-0.9854340529054916,8.11825
HK.02611,国泰海通,2023-04-20 00:00:00,8.07825,8.07825,8.11825,7.93825,7.012,0.00147,2047800.0,20733048.0,0.49762075078531925,8.03825
HK.02611,国泰海通,2023-04-21 00:00:00,8.05825,7.93825,8.15825,7.90825,6.915,0.00189,2626800.0,26482361.0,-1.733048618203207,8.07825
HK.02611,国泰海通,2023-04-24 00:00:00,7.97825,7.87825,7.99825,7.76825,6.874,0.00082,1138800.0,11308242.0,-0.7558340944162707,7.93825
HK.02611,国泰海通,2023-04-25 00:00:00,7.88825,7.80825,7.93825,7.80825,6.825,0.00041,569400.0,5643272.0,-0.8885221971884655,7.87825
HK.02611,国泰海通,2023-04-26 00:00:00,7.79825,7.83825,7.87825,7.72825,6.846,0.00029,410362.0,4052525.0,0.3842090097012807,7.80825
HK.02611,国泰海通,2023-04-27 00:00:00,7.83825,7.89825,7.97825,7.79825,6.887,0.00045,630400.0,6273666.0,0.7654769878480479,7.83825
HK.02611,国泰海通,2023-04-28 00:00:00,7.99825,8.03825,8.13825,7.99825,6.984,0.00108,1502000.0,15230124.0,1.7725445510081306,7.89825
HK.02611,国泰海通,2023-05-02 00:00:00,8.13825,7.95825,8.13825,7.91825,6.929,7e-05,95000.0,955686.0,-0.9952415015706164,8.03825
HK.02611,国泰海通,2023-05-03 00:00:00,7.74825,7.95825,7.99825,7.71825,6.929,0.001,1387400.0,13844835.0,0.0,7.95825
HK.02611,国泰海通,2023-05-04 00:00:00,7.95825,8.23825,8.29825,7.95825,7.123,0.00225,3126600.0,31989492.0,3.518361448810997,7.95825
HK.02611,国泰海通,2023-05-05 00:00:00,8.29825,8.35825,8.49825,8.25825,7.206,0.00182,2538800.0,26479944.0,1.456620034594716,8.23825
HK.02611,国泰海通,2023-05-08 00:00:00,8.39825,8.49825,8.55825,8.35825,7.302,0.00173,2404000.0,25301752.0,1.6749917745939709,8.35825
HK.02611,国泰海通,2023-05-09 00:00:00,8.49825,8.71825,9.07825,8.49825,7.455,0.00616,8572200.0,93273678.0,2.5887682758214794,8.49825
HK.02611,国泰海通,2023-05-10 00:00:00,8.73825,8.37825,8.73825,8.29825,7.219,0.0023,3200200.0,33393300.0,-3.899865225245891,8.71825
HK.02611,国泰海通,2023-05-11 00:00:00,8.43825,8.37825,8.53825,8.31825,7.219,0.00101,1401400.0,14616981.0,0.0,8.37825
HK.02611,国泰海通,2023-05-12 00:00:00,8.33825,8.19825,8.37825,8.13825,7.095,0.00061,844600.0,8676008.0,-2.1484200161131466,8.37825
HK.02611,国泰海通,2023-05-15 00:00:00,8.17825,8.23825,8.29825,7.99825,7.123,0.00198,2753540.0,28166124.0,0.48790900497058426,8.19825
HK.02611,国泰海通,2023-05-16 00:00:00,8.23825,8.23825,8.39825,8.11825,7.123,0.00097,1351000.0,13928753.0,0.0,8.23825
HK.02611,国泰海通,2023-05-17 00:00:00,8.29825,8.05825,8.29825,7.99825,6.998,0.0007,975600.0,9930944.0,-2.1849300518921067,8.23825
HK.02611,国泰海通,2023-05-18 00:00:00,8.05825,8.09825,8.27825,7.99825,7.026,0.001,1395200.0,14282748.0,0.4963856916824488,8.05825
HK.02611,国泰海通,2023-05-19 00:00:00,8.03825,8.01825,8.11825,7.95825,6.97,0.0006,839000.0,8479716.0,-0.987867749205076,8.09825
HK.02611,国泰海通,2023-05-22 00:00:00,8.09825,8.09825,8.19825,8.01825,7.026,0.00027,373496.0,3794507.0,0.9977239422567277,8.01825
HK.02611,国泰海通,2023-05-23 00:00:00,8.09825,7.97825,8.09825,7.88825,6.943,0.00067,927000.0,9310412.0,-1.481801623807614,8.09825
HK.02611,国泰海通,2023-05-24 00:00:00,7.90825,7.83825,7.90825,7.73825,6.846,0.00064,892200.0,8811064.0,-1.7547707830664578,7.97825
HK.02611,国泰海通,2023-05-25 00:00:00,7.75825,7.78825,7.80825,7.58825,6.811,0.00136,1888800.0,18468990.0,-0.6378974898733865,7.83825
HK.02611,国泰海通,2023-05-29 00:00:00,7.78825,7.70825,7.83825,7.64825,6.756,0.00055,763200.0,7463264.0,-1.0271883927711627,7.78825
HK.02611,国泰海通,2023-05-30 00:00:00,7.71825,7.67825,7.73825,7.61825,6.735,0.00038,535400.0,5217996.0,-0.3891933966853613,7.70825
HK.02611,国泰海通,2023-05-31 00:00:00,7.61825,7.57825,7.61825,7.44825,6.666,0.00068,941800.0,9047960.0,-1.3023800996320845,7.67825
HK.02611,国泰海通,2023-06-01 00:00:00,7.58825,7.55825,7.67825,7.44825,6.652,0.00037,513800.0,4956290.0,-0.2639131725662201,7.57825
HK.02611,国泰海通,2023-06-02 00:00:00,7.65825,7.67825,7.72825,7.63825,6.735,0.00025,351600.0,3429974.0,1.5876691032977224,7.55825
HK.02611,国泰海通,2023-06-05 00:00:00,7.62825,7.72825,7.72825,7.53825,6.77,0.00113,1569000.0,15255460.0,0.6511900498160365,7.67825
HK.02611,国泰海通,2023-06-06 00:00:00,7.62825,7.62825,7.76825,7.56825,6.701,0.00069,953600.0,9285848.0,-1.2939539999352978,7.72825
HK.02611,国泰海通,2023-06-07 00:00:00,7.68825,7.56825,7.72825,7.53825,6.659,0.00056,775400.0,7500638.0,-0.7865499950840691,7.62825
HK.02611,国泰海通,2023-06-08 00:00:00,7.56825,7.60825,7.64825,7.46825,6.687,0.00083,1155800.0,11119682.0,0.5285237670531502,7.56825
HK.02611,国泰海通,2023-06-09 00:00:00,7.82712,7.69712,7.82712,7.63712,6.337,0.00056,778600.0,7143132.0,1.1680741300561892,7.60825
HK.02611,国泰海通,2023-06-12 00:00:00,7.67712,7.69712,7.73712,7.64712,6.337,0.00024,334200.0,3059258.0,0.0,7.69712
HK.02611,国泰海通,2023-06-13 00:00:00,7.76712,7.74712,7.76712,7.63712,6.371,0.00034,467800.0,4290942.0,0.6495936142349323,7.69712
HK.02611,国泰海通,2023-06-14 00:00:00,7.76712,7.70712,7.85712,7.70712,6.344,0.00029,405880.0,3758063.0,-0.5163209037681105,7.74712
HK.02611,国泰海通,2023-06-15 00:00:00,7.72712,7.84712,7.84712,7.67712,6.44,0.00048,661400.0,6121186.0,1.8165021434725366,7.70712
HK.02611,国泰海通,2023-06-16 00:00:00,7.80712,7.76712,7.90712,7.76712,6.385,0.00101,1405260.0,13026408.0,-1.0194823068845649,7.84712
HK.02611,国泰海通,2023-06-19 00:00:00,7.74712,7.83712,7.83712,7.74712,6.434,0.00034,468200.0,4347820.0,0.9012349493763376,7.76712
HK.02611,国泰海通,2023-06-20 00:00:00,7.83712,7.84712,7.84712,7.77712,6.44,0.00047,656400.0,6099940.0,0.1275978931035977,7.83712
HK.02611,国泰海通,2023-06-21 00:00:00,7.77712,7.60712,7.77712,7.60712,6.275,0.0006,833800.0,7623307.0,-3.0584469206536946,7.84712
HK.02611,国泰海通,2023-06-23 00:00:00,7.67712,7.39712,7.67712,7.32712,6.129,0.00012,169000.0,1500237.0,-2.760571674957145,7.60712
HK.02611,国泰海通,2023-06-26 00:00:00,7.39712,7.49712,7.52712,7.33712,6.199,0.00061,846400.0,7571798.0,1.351877487454572,7.39712
HK.02611,国泰海通,2023-06-27 00:00:00,7.48712,7.57712,7.62712,7.48712,6.254,0.00034,469400.0,4246968.0,1.067076424013489,7.49712
HK.02611,国泰海通,2023-06-28 00:00:00,7.54712,7.56712,7.58712,7.53712,6.247,8e-05,115800.0,1045752.0,-0.13197626538842974,7.57712
HK.02611,国泰海通,2023-06-29 00:00:00,7.56712,7.52712,7.56712,7.50712,6.219,0.00023,321600.0,2895878.0,-0.5286026916449064,7.56712
HK.02611,国泰海通,2023-06-30 00:00:00,7.55712,7.71712,7.72712,7.55712,6.351,0.00024,338800.0,3097050.0,2.5242058051419454,7.52712
HK.02611,国泰海通,2023-07-03 00:00:00,7.71712,7.80712,7.84712,7.71712,6.413,0.00072,1009000.0,9353851.0,1.1662381821197525,7.71712
HK.02611,国泰海通,2023-07-04 00:00:00,7.77712,7.78712,7.83712,7.77712,6.399,0.00028,386200.0,3583712.0,-0.25617641332527824,7.80712
HK.02611,国泰海通,2023-07-05 00:00:00,7.78712,7.71712,7.78712,7.67712,6.351,0.00028,386600.0,3565882.0,-0.8989202683405341,7.78712
HK.02611,国泰海通,2023-07-06 00:00:00,7.74712,7.62712,7.74712,7.56712,6.288,0.00038,533400.0,4853018.0,-1.166238182119764,7.71712
HK.02611,国泰海通,2023-07-07 00:00:00,7.62712,7.67712,7.70712,7.55712,6.323,0.00066,915438.0,8353111.0,0.6555554390123758,7.62712
HK.02611,国泰海通,2023-07-10 00:00:00,7.69712,7.65712,7.72712,7.62712,6.309,0.00019,258800.0,2363607.0,-0.2605143595515045,7.67712
HK.02611,国泰海通,2023-07-11 00:00:00,7.68712,7.65712,7.71712,7.61712,6.309,0.00046,639400.0,5840516.0,0.0,7.65712
HK.02611,国泰海通,2023-07-12 00:00:00,7.71712,7.67712,7.71712,7.62712,6.323,0.00015,208600.0,1909830.0,0.26119480953675095,7.65712
HK.02611,国泰海通,2023-07-13 00:00:00,7.72712,7.80712,7.81712,7.72712,6.413,0.00074,1026000.0,9493590.0,1.6933433370847386,7.67712
HK.02611,国泰海通,2023-07-14 00:00:00,7.78712,7.93712,7.93712,7.78712,6.503,0.00098,1357200.0,12715732.0,1.6651466866142686,7.80712
HK.02611,国泰海通,2023-07-18 00:00:00,7.87712,8.02712,8.02712,7.82712,6.565,0.00124,1727600.0,16309674.0,1.1339125526639369,7.93712
HK.02611,国泰海通,2023-07-19 00:00:00,7.93712,7.97712,7.98712,7.77712,6.53,0.0015,2092600.0,19656986.0,-0.6228884082958748,8.02712
HK.02611,国泰海通,2023-07-20 00:00:00,7.99712,7.88712,7.99712,7.84712,6.468,0.00042,577800.0,5413586.0,-1.1282267284433463,7.97712
HK.02611,国泰海通,2023-07-21 00:00:00,7.83712,7.86712,7.95712,7.80712,6.454,0.00052,719782.0,6721088.0,-0.25357798537362763,7.88712
HK.02611,国泰海通,2023-07-24 00:00:00,7.85712,7.82712,7.89712,7.72712,6.427,0.00045,627170.0,5823754.0,-0.5084452760349408,7.86712
HK.02611,国泰海通,2023-07-25 00:00:00,7.92712,8.11712,8.19712,7.90712,6.627,0.00278,3871600.0,37016942.0,3.7050664867793017,7.82712
HK.02611,国泰海通,2023-07-26 00:00:00,8.13712,8.06712,8.13712,7.97712,6.592,0.00054,747800.0,7116714.0,-0.6159820231806443,8.11712
HK.02611,国泰海通,2023-07-27 00:00:00,8.10712,8.02712,8.11712,8.00712,6.565,0.00042,584400.0,5573376.0,-0.4958399032120404,8.06712
HK.02611,国泰海通,2023-07-28 00:00:00,8.04712,8.48712,8.52712,7.98712,6.883,0.00419,5831000.0,57430186.0,5.730573356322079,8.02712
HK.02611,国泰海通,2023-07-31 00:00:00,8.62712,8.24712,8.68712,8.24712,6.717,0.00254,3528800.0,35026899.0,-2.8278143822639503,8.48712
HK.02611,国泰海通,2023-08-01 00:00:00,8.30712,8.17712,8.34712,8.11712,6.668,0.00151,2096800.0,20266133.0,-0.8487811502682182,8.24712
HK.02611,国泰海通,2023-08-02 00:00:00,8.19712,8.11712,8.30712,8.06712,6.627,0.00115,1600200.0,15450680.0,-0.733754671571415,8.17712
HK.02611,国泰海通,2023-08-03 00:00:00,8.13712,8.16712,8.37712,8.01712,6.662,0.00354,4931400.0,47693764.0,0.6159820231806443,8.11712
HK.02611,国泰海通,2023-08-04 00:00:00,8.41712,8.31712,8.62712,8.25712,6.765,0.0051,7102600.0,70372260.0,1.8366327420192012,8.16712
HK.02611,国泰海通,2023-08-07 00:00:00,8.27712,8.18712,8.27712,8.09712,6.675,0.00126,1757800.0,16923226.0,-1.563041052672067,8.31712
HK.02611,国泰海通,2023-08-08 00:00:00,8.12712,8.15712,8.31712,7.98712,6.655,0.00167,2327000.0,22468787.0,-0.36642922053175425,8.18712
HK.02611,国泰海通,2023-08-09 00:00:00,8.15712,8.14712,8.16712,8.08712,6.648,0.00032,450400.0,4319940.0,-0.12259228747402957,8.15712
HK.02611,国泰海通,2023-08-10 00:00:00,8.14712,8.39712,8.42712,8.09712,6.821,0.00244,3389200.0,33114266.0,3.0685690157994485,8.14712
HK.02611,国泰海通,2023-08-11 00:00:00,8.35712,8.07712,8.39712,7.93712,6.599,0.00379,5270800.0,50310010.0,-3.810830379939772,8.39712
HK.02611,国泰海通,2023-08-14 00:00:00,7.99712,7.87712,7.99712,7.75712,6.461,0.00095,1316200.0,12302749.0,-2.476130105780291,8.07712
HK.02611,国泰海通,2023-08-15 00:00:00,7.87712,7.87712,7.92712,7.77712,6.461,0.00103,1433000.0,13380624.0,0.0,7.87712
HK.02611,国泰海通,2023-08-16 00:00:00,7.84712,7.85712,8.07712,7.80712,6.447,0.00078,1084000.0,10172015.0,-0.25389990250243205,7.87712
HK.02611,国泰海通,2023-08-17 00:00:00,7.82712,7.77712,7.83712,7.67712,6.392,0.00072,1005800.0,9301856.0,-1.0181847801739068,7.85712
HK.02611,国泰海通,2023-08-18 00:00:00,7.77712,7.72712,8.02712,7.70712,6.357,0.00109,1511800.0,14053942.0,-0.6429115148023925,7.77712
HK.02611,国泰海通,2023-08-21 00:00:00,7.71712,7.52712,7.72712,7.51712,6.219,0.00114,1592410.0,14411049.0,-2.5882864508380896,7.72712
HK.02611,国泰海通,2023-08-22 00:00:00,7.57712,7.63712,7.70712,7.48712,6.295,0.00098,1367400.0,12376524.0,1.4613823082400748,7.52712
HK.02611,国泰海通,2023-08-23 00:00:00,7.60712,7.56712,7.65712,7.54712,6.247,0.00063,871400.0,7879176.0,-0.916575882007881,7.63712
HK.02611,国泰海通,2023-08-24 00:00:00,7.62712,7.67712,7.72712,7.54712,6.323,0.00053,734000.0,6694134.0,1.4536574020234954,7.56712
HK.02611,国泰海通,2023-08-25 00:00:00,7.67712,7.81712,7.81712,7.65712,6.42,0.00045,625400.0,5774578.0,1.8236005168604852,7.67712
HK.02611,国泰海通,2023-08-28 00:00:00,8.56712,8.00712,8.64712,7.86712,6.551,0.00619,8613800.0,83251720.0,2.43056266246393,7.81712
HK.02611,国泰海通,2023-08-29 00:00:00,7.98712,8.10712,8.14712,7.82712,6.62,0.00186,2594000.0,24669810.0,1.248888489244568,8.00712
HK.02611,国泰海通,2023-08-30 00:00:00,8.04712,7.85712,8.05712,7.76712,6.447,0.00102,1412800.0,13256468.0,-3.083709134686547,8.10712
HK.02611,国泰海通,2023-08-31 00:00:00,7.88712,7.72712,7.90712,7.69712,6.357,0.00117,1628315.0,15076067.0,-1.6545502677825958,7.85712
HK.02611,国泰海通,2023-09-04 00:00:00,7.75712,7.94712,7.96712,7.72712,6.51,0.00035,484884.0,4546254.0,2.8471150959218927,7.72712
HK.02611,国泰海通,2023-09-05 00:00:00,7.91712,7.91712,7.92712,7.85712,6.489,0.00028,392800.0,3680515.0,-0.3774952435599343,7.94712
HK.02611,国泰海通,2023-09-06 00:00:00,7.90712,7.82712,7.90712,7.72712,6.427,0.00034,470200.0,4352376.0,-1.1367770098217518,7.91712
HK.02611,国泰海通,2023-09-07 00:00:00,7.79712,7.74712,7.82712,7.70712,6.371,0.00024,329000.0,3035969.0,-1.0220873066977392,7.82712
HK.02611,国泰海通,2023-09-11 00:00:00,7.73712,7.83712,7.89712,7.68712,6.434,0.00048,674000.0,6261964.0,1.1617220334782457,7.74712
HK.02611,国泰海通,2023-09-12 00:00:00,7.83712,7.79712,7.83712,7.71712,6.406,0.00024,338760.0,3133880.0,-0.5103915724143567,7.83712
HK.02611,国泰海通,2023-09-13 00:00:00,7.75712,7.71712,7.75712,7.63712,6.351,0.00041,577400.0,5300114.0,-1.0260198637445517,7.79712
HK.02611,国泰海通,2023-09-14 00:00:00,7.71712,7.74712,7.89712,7.64712,6.371,0.00056,780000.0,7233267.0,0.3887460607065765,7.71712
HK.02611,国泰海通,2023-09-15 00:00:00,7.72712,7.73712,7.82712,7.72712,6.364,0.00056,786200.0,7252666.0,-0.12908022594202473,7.74712
HK.02611,国泰海通,2023-09-18 00:00:00,7.72712,7.72712,7.72712,7.66712,6.357,0.0001,143913.0,1321088.0,-0.1292470583369495,7.73712
HK.02611,国泰海通,2023-09-19 00:00:00,7.75712,7.67712,7.75712,7.64712,6.323,0.00028,393600.0,3600688.0,-0.6470716127095195,7.72712
HK.02611,国泰海通,2023-09-20 00:00:00,7.67712,7.65712,7.69712,7.59712,6.309,0.00019,268600.0,2452173.0,-0.2605143595515045,7.67712
HK.02611,国泰海通,2023-09-21 00:00:00,7.62712,7.49712,7.68712,7.41712,6.199,0.00095,1322400.0,11885692.0,-2.089558476293961,7.65712
HK.02611,国泰海通,2023-09-22 00:00:00,7.42712,7.65712,7.65712,7.39712,6.309,0.00101,1406600.0,12681322.0,2.134152848026978,7.49712
HK.02611,国泰海通,2023-09-25 00:00:00,7.68712,7.48712,7.68712,7.47712,6.192,0.0009,1246400.0,11201973.0,-2.2201558810623307,7.65712
HK.02611,国泰海通,2023-09-26 00:00:00,7.44712,7.41712,7.47712,7.37712,6.143,0.00156,2167000.0,19277833.0,-0.9349389351312692,7.48712
HK.02611,国泰海通,2023-09-27 00:00:00,7.41712,7.41712,7.44712,7.36712,6.143,0.00039,545421.0,4834546.0,0.0,7.41712
HK.02611,国泰海通,2023-09-28 00:00:00,7.45712,7.33712,7.45712,7.32712,6.088,0.00111,1543106.0,13640251.0,-1.0785857583536478,7.41712
HK.02611,国泰海通,2023-09-29 00:00:00,7.33712,7.27712,7.35712,7.27712,6.046,0.00014,191600.0,1680244.0,-0.8177595568833496,7.33712
HK.02611,国泰海通,2023-10-03 00:00:00,7.24712,7.01712,7.24712,6.86712,5.867,0.00016,216600.0,1830708.0,-3.5728420034299253,7.27712
HK.02611,国泰海通,2023-10-04 00:00:00,7.01712,7.01712,7.01712,7.01712,5.867,0.0,0.0,0.0,0.0,7.01712
HK.02611,国泰海通,2023-10-05 00:00:00,7.00712,7.00712,7.08712,6.93712,5.86,0.00017,239800.0,2035013.0,-0.1425086075199038,7.01712
HK.02611,国泰海通,2023-10-06 00:00:00,7.09712,7.12712,7.23712,7.08712,5.943,7e-05,93400.0,803408.0,1.7125438125792067,7.00712
HK.02611,国泰海通,2023-10-09 00:00:00,7.12712,7.09712,7.12712,6.977119999,5.922,0.001,1388000.0,11847668.0,-0.42092738721951306,7.12712
HK.02611,国泰海通,2023-10-10 00:00:00,7.18712,7.12712,7.26712,7.04712,5.943,0.00035,484000.0,4162385.0,0.4227066753838086,7.09712
HK.02611,国泰海通,2023-10-11 00:00:00,7.16712,7.13712,7.18712,7.10712,5.95,0.00085,1189000.0,10231216.0,0.1403091290731835,7.12712
HK.02611,国泰海通,2023-10-12 00:00:00,7.15712,7.24712,7.36712,7.15712,6.026,0.00069,964600.0,8455142.0,1.5412379222991828,7.13712
HK.02611,国泰海通,2023-10-13 00:00:00,7.26712,7.10712,7.26712,7.10712,5.929,0.00046,645000.0,5561397.0,-1.9318018743997571,7.24712
HK.02611,国泰海通,2023-10-16 00:00:00,7.22712,7.067119999,7.22712,6.98712,5.901,0.00066,924600.0,7902188.0,-0.5628158944832804,7.10712
HK.02611,国泰海通,2023-10-17 00:00:00,7.00712,7.21712,7.26712,7.00712,6.005,0.00037,508400.0,4404556.0,2.1225053631638557,7.067119999
HK.02611,国泰海通,2023-10-18 00:00:00,7.15712,7.21712,7.24712,7.12712,6.005,0.00109,1519795.0,13200316.0,0.0,7.21712
HK.02611,国泰海通,2023-10-19 00:00:00,7.21712,7.13712,7.21712,7.07712,5.95,0.00022,303400.0,2609218.0,-1.1084754029308097,7.21712
HK.02611,国泰海通,2023-10-20 00:00:00,7.10712,7.10712,7.13712,7.04712,5.929,0.00029,407400.0,3494999.0,-0.42033761517251006,7.13712
HK.02611,国泰海通,2023-10-24 00:00:00,7.02712,7.07712,7.12712,6.94712,5.908,0.00045,627000.0,5337942.0,-0.42211191030966483,7.10712
HK.02611,国泰海通,2023-10-25 00:00:00,7.18712,7.10712,7.22712,7.07712,5.929,0.00027,381200.0,3283738.0,0.4239012479652775,7.07712
HK.02611,国泰海通,2023-10-26 00:00:00,7.07712,7.04712,7.14712,7.03712,5.888,0.00026,360600.0,3086726.0,-0.8442238206193297,7.10712
HK.02611,国泰海通,2023-10-27 00:00:00,7.04712,7.16712,7.17712,7.01712,5.97,0.00049,684000.0,5862230.0,1.7028232809998995,7.04712
HK.02611,国泰海通,2023-10-30 00:00:00,7.14712,7.13712,7.15712,7.08712,5.95,0.00032,442200.0,3800289.0,-0.4185781736597038,7.16712
HK.02611,国泰海通,2023-10-31 00:00:00,7.18712,7.25712,7.35712,7.18712,6.033,0.00047,660600.0,5782182.0,1.6813504606900151,7.13712
HK.02611,国泰海通,2023-11-01 00:00:00,7.32712,7.22712,7.40712,7.17712,6.012,0.00039,541800.0,4747592.0,-0.4133871287783496,7.25712
HK.02611,国泰海通,2023-11-02 00:00:00,7.27712,7.22712,7.33712,7.20712,6.012,0.00042,587400.0,5142856.0,0.0,7.22712
HK.02611,国泰海通,2023-11-03 00:00:00,7.32712,7.45712,7.46712,7.26712,6.171,0.00035,489600.0,4337414.0,3.182457189032416,7.22712
HK.02611,国泰海通,2023-11-06 00:00:00,7.50712,7.72712,7.81712,7.50712,6.357,0.00133,1849400.0,16986014.0,3.620700753105763,7.45712
HK.02611,国泰海通,2023-11-07 00:00:00,7.68712,7.66712,7.81712,7.63712,6.316,0.00033,463476.0,4248795.0,-0.7764859352514326,7.72712
HK.02611,国泰海通,2023-11-08 00:00:00,7.78712,7.51712,7.78712,7.42712,6.212,0.0005,694200.0,6271768.0,-1.9564060559897258,7.66712
HK.02611,国泰海通,2023-11-09 00:00:00,7.53712,7.48712,7.57712,7.45712,6.192,0.0002,281000.0,2531772.0,-0.3990890128134212,7.51712
HK.02611,国泰海通,2023-11-10 00:00:00,7.57712,7.67712,7.69712,7.39712,6.323,0.00082,1142600.0,10348656.0,2.537691395356297,7.48712
HK.02611,国泰海通,2023-11-13 00:00:00,7.67712,7.59712,7.70712,7.53712,6.268,0.00012,168200.0,1522362.0,-1.0420574382059948,7.67712
HK.02611,国泰海通,2023-11-14 00:00:00,7.58712,7.78712,7.80712,7.58712,6.399,0.00108,1502400.0,13831322.0,2.500947727559911,7.59712
HK.02611,国泰海通,2023-11-15 00:00:00,7.82712,7.72712,7.85712,7.70712,6.357,0.00077,1067784.0,9846582.0,-0.7705030871490308,7.78712
HK.02611,国泰海通,2023-11-16 00:00:00,7.70712,7.66712,7.74712,7.62712,6.316,0.00036,505012.0,4615498.0,-0.7764859352514326,7.72712
HK.02611,国泰海通,2023-11-17 00:00:00,7.71712,7.63712,7.71712,7.60712,6.295,0.00044,617747.0,5632987.0,-0.39128121119793824,7.66712
HK.02611,国泰海通,2023-11-20 00:00:00,7.59712,7.61712,7.72712,7.53712,6.281,0.00101,1412600.0,12861085.0,-0.2618788234308281,7.63712
HK.02611,国泰海通,2023-11-21 00:00:00,7.68712,7.68712,7.80712,7.64712,6.33,0.0009,1250700.0,11506351.0,0.9189825025731547,7.61712
HK.02611,国泰海通,2023-11-22 00:00:00,7.66712,7.69712,7.78712,7.62712,6.337,0.0008,1118000.0,10243772.0,0.1300877311658955,7.68712
HK.02611,国泰海通,2023-11-23 00:00:00,7.65712,7.79712,7.79712,7.61712,6.406,0.00076,1058400.0,9740338.0,1.2991872284698647,7.69712
HK.02611,国泰海通,2023-11-24 00:00:00,7.82712,7.62712,7.82712,7.59712,6.288,0.00045,622400.0,5667402.0,-2.1802922104571936,7.79712
HK.02611,国泰海通,2023-11-27 00:00:00,7.59712,7.62712,7.69712,7.51712,6.288,0.00068,949400.0,8627670.0,0.0,7.62712
HK.02611,国泰海通,2023-11-28 00:00:00,7.66712,7.67712,7.71712,7.60712,6.323,0.00064,884000.0,8082293.0,0.6555554390123758,7.62712
HK.02611,国泰海通,2023-11-29 00:00:00,7.67712,7.40712,7.67712,7.22712,6.136,0.00194,2702200.0,23973342.0,-3.5169438539452353,7.67712
HK.02611,国泰海通,2023-11-30 00:00:00,7.44712,7.54712,7.58712,7.36712,6.233,0.00084,1171128.0,10509964.0,1.8900733348453875,7.40712
HK.02611,国泰海通,2023-12-01 00:00:00,7.49712,7.56712,7.61712,7.38712,6.247,0.00015,206200.0,1857342.0,0.2650017490115496,7.54712
HK.02611,国泰海通,2023-12-04 00:00:00,7.48712,7.49712,7.61712,7.41712,6.199,0.0004,557600.0,5023469.0,-0.9250547103785889,7.56712
HK.02611,国泰海通,2023-12-05 00:00:00,7.40712,7.57712,7.57712,7.27712,6.254,0.00147,2039400.0,18149014.0,1.067076424013489,7.49712
HK.02611,国泰海通,2023-12-06 00:00:00,7.47712,7.34712,7.47712,7.32712,6.095,0.00043,597690.0,5294204.0,-3.0354541039339424,7.57712
HK.02611,国泰海通,2023-12-07 00:00:00,7.32712,7.32712,7.37712,7.18712,6.081,0.00082,1134809.0,9924320.0,-0.2722155075730417,7.34712
HK.02611,国泰海通,2023-12-08 00:00:00,7.35712,7.30712,7.36712,7.22712,6.067,0.00109,1516600.0,13291652.0,-0.27295854305647477,7.32712
HK.02611,国泰海通,2023-12-11 00:00:00,7.18712,7.30712,7.30712,7.057119999,6.067,0.0013,1804400.0,15649606.0,0.0,7.30712
HK.02611,国泰海通,2023-12-12 00:00:00,7.28712,7.25712,7.29712,7.18712,6.033,0.00045,625200.0,5461740.0,-0.6842641150001739,7.30712
HK.02611,国泰海通,2023-12-13 00:00:00,7.30712,7.20712,7.30712,7.15712,5.998,0.00071,986244.0,8550866.0,-0.6889785479639282,7.25712
HK.02611,国泰海通,2023-12-14 00:00:00,7.20712,7.24712,7.31712,7.20712,6.026,0.00066,924400.0,8079929.0,0.555006715581259,7.20712
HK.02611,国泰海通,2023-12-15 00:00:00,7.30712,7.17712,7.46712,7.17712,5.977,0.00129,1792800.0,15658636.0,-0.9659009371998725,7.24712
HK.02611,国泰海通,2023-12-18 00:00:00,7.33712,7.22712,7.33712,7.19712,6.012,0.00053,739400.0,6475523.0,0.6966582696123211,7.17712
HK.02611,国泰海通,2023-12-19 00:00:00,7.33712,7.15712,7.33712,7.15712,5.964,0.00037,517600.0,4482647.0,-0.9685739270968281,7.22712
HK.02611,国泰海通,2023-12-20 00:00:00,7.28712,7.15712,7.32712,7.12712,5.964,0.00025,344200.0,2972026.0,0.0,7.15712
HK.02611,国泰海通,2023-12-21 00:00:00,7.067119999,7.11712,7.15712,7.067119999,5.936,0.0006,832900.0,7162472.0,-0.5588840203880896,7.15712
HK.02611,国泰海通,2023-12-22 00:00:00,7.17712,7.057119999,7.24712,6.98712,5.894,0.00077,1078566.0,9242918.0,-0.8430376472505688,7.11712
HK.02611,国泰海通,2023-12-27 00:00:00,7.08712,7.11712,7.14712,6.977119999,5.936,0.00125,1742600.0,14848679.0,0.8502051971413513,7.057119999
HK.02611,国泰海通,2023-12-28 00:00:00,7.11712,7.25712,7.27712,7.11712,6.033,0.00144,2009000.0,17498610.0,1.9670878107998697,7.11712
HK.02611,国泰海通,2023-12-29 00:00:00,7.28712,7.31712,7.36712,7.24712,6.074,0.00101,1399400.0,12296678.0,0.8267742575567236,7.25712
HK.02611,国泰海通,2024-01-02 00:00:00,7.29712,7.18712,7.35712,7.14712,5.984,0.00029,408254.0,3556712.0,-1.7766552960727704,7.31712
HK.02611,国泰海通,2024-01-03 00:00:00,7.13712,7.18712,7.23712,7.13712,5.984,0.00052,724600.0,6267532.0,0.0,7.18712
HK.02611,国泰海通,2024-01-04 00:00:00,7.16712,7.30712,7.34712,7.16712,6.067,0.00073,1011400.0,8822502.0,1.6696534912454517,7.18712
HK.02611,国泰海通,2024-01-05 00:00:00,7.22712,7.29712,7.36712,7.20712,6.06,0.00078,1079400.0,9478598.0,-0.1368528230000421,7.30712
HK.02611,国泰海通,2024-01-08 00:00:00,7.24712,7.18712,7.24712,7.08712,5.984,0.00044,613000.0,5288600.0,-1.5074440327142686,7.29712
HK.02611,国泰海通,2024-01-09 00:00:00,7.17712,7.29712,7.31712,7.17712,6.06,0.0009,1252800.0,10948856.0,1.5305157003083214,7.18712
HK.02611,国泰海通,2024-01-10 00:00:00,7.17712,7.22712,7.30712,7.17712,6.012,0.00093,1295000.0,11323359.0,-0.9592825662727131,7.29712
HK.02611,国泰海通,2024-01-11 00:00:00,7.22712,7.24712,7.30712,7.21712,6.026,0.00029,410200.0,3582009.0,0.27673540774194383,7.22712
HK.02611,国泰海通,2024-01-12 00:00:00,7.19712,7.39712,7.46712,7.18712,6.129,0.00067,935600.0,8292479.0,2.069787722571178,7.24712
HK.02611,国泰海通,2024-01-15 00:00:00,7.34712,7.53712,7.56712,7.31712,6.226,0.00076,1063000.0,9543298.0,1.8926284824364032,7.39712
HK.02611,国泰海通,2024-01-16 00:00:00,7.44712,7.51712,7.59712,7.38712,6.212,0.00062,859800.0,7724144.0,-0.2653533445135486,7.53712
HK.02611,国泰海通,2024-01-17 00:00:00,7.40712,7.24712,7.41712,7.20712,6.026,0.00098,1368308.0,12011538.0,-3.591801115320767,7.51712
HK.02611,国泰海通,2024-01-18 00:00:00,7.19712,7.13712,7.19712,6.99712,5.95,0.00104,1442000.0,12350114.0,-1.5178443298855193,7.24712
HK.02611,国泰海通,2024-01-19 00:00:00,7.11712,7.03712,7.17712,6.967119999,5.881,0.00059,817709.0,6969439.0,-1.4011253839083626,7.13712
HK.02611,国泰海通,2024-01-22 00:00:00,7.08712,6.92712,7.08712,6.82712,5.805,0.00144,1999400.0,16813483.0,-1.5631394661452331,7.03712
HK.02611,国泰海通,2024-01-23 00:00:00,6.887119999,7.24712,7.26712,6.83712,6.026,0.00073,1012600.0,8696379.0,4.619524419960956,6.92712
HK.02611,国泰海通,2024-01-24 00:00:00,7.24712,7.44712,7.47712,7.11712,6.164,0.0013,1807318.0,15832403.0,2.7597169634282332,7.24712
HK.02611,国泰海通,2024-01-25 00:00:00,7.35712,7.56712,7.64712,7.33712,6.247,0.00103,1440200.0,12987606.0,1.6113611704927557,7.44712
HK.02611,国泰海通,2024-01-26 00:00:00,7.50712,7.39712,7.65712,7.39712,6.129,0.00134,1869400.0,16834380.0,-2.246561439490849,7.56712
HK.02611,国泰海通,2024-01-29 00:00:00,7.34712,7.52712,7.71712,7.34712,6.219,0.00106,1474800.0,13353391.0,1.7574407336909488,7.39712
HK.02611,国泰海通,2024-01-30 00:00:00,7.46712,7.18712,7.46712,7.16712,5.984,0.00054,745800.0,6554724.0,-4.516999861832943,7.52712
HK.02611,国泰海通,2024-01-31 00:00:00,7.13712,7.20712,7.31712,7.04712,5.998,0.00102,1419322.0,12312042.0,0.2782755818742358,7.18712
HK.02611,国泰海通,2024-02-01 00:00:00,7.14712,6.95712,7.19712,6.93712,5.825,0.00096,1341000.0,11451578.0,-3.468791972382866,7.20712
HK.02611,国泰海通,2024-02-02 00:00:00,6.92712,6.93712,7.11712,6.807119999,5.812,0.00065,907800.0,7634626.0,-0.28747527712616106,6.95712
HK.02611,国泰海通,2024-02-05 00:00:00,6.977119999,6.817119999,6.977119999,6.77712,5.729,0.00045,629745.0,5241400.0,-1.7298244948912542,6.93712
HK.02611,国泰海通,2024-02-06 00:00:00,6.74712,7.14712,7.17712,6.74712,5.957,0.00057,789000.0,6734708.0,4.840753882114554,6.817119999
HK.02611,国泰海通,2024-02-07 00:00:00,7.067119999,7.14712,7.22712,7.067119999,5.957,0.00043,598000.0,5151384.0,0.0,7.14712
HK.02611,国泰海通,2024-02-08 00:00:00,7.12712,7.25712,7.26712,7.12712,6.033,0.00045,621600.0,5402822.0,1.539081476175011,7.14712
HK.02611,国泰海通,2024-02-09 00:00:00,6.73712,7.19712,7.25712,6.73712,5.991,0.00017,243000.0,2085140.0,-0.8267742575567114,7.25712
HK.02611,国泰海通,2024-02-14 00:00:00,7.12712,6.90712,7.13712,6.87712,5.791,0.0003,421600.0,3556446.0,-4.029389533591215,7.19712
HK.02611,国泰海通,2024-02-15 00:00:00,7.02712,6.92712,7.02712,6.91712,5.805,7e-05,102400.0,861208.0,0.289556283950481,6.90712
HK.02611,国泰海通,2024-02-16 00:00:00,7.02712,7.17712,7.20712,6.967119999,5.977,0.00019,262400.0,2255122.0,3.6090034530945037,6.92712
HK.02611,国泰海通,2024-02-19 00:00:00,7.16712,7.15712,7.17712,7.057119999,5.964,0.00029,399800.0,3433466.0,-0.27866330784493587,7.17712
HK.02611,国泰海通,2024-02-20 00:00:00,7.22712,7.46712,7.48712,7.12712,6.178,0.00082,1140400.0,10051962.0,4.331351158007697,7.15712
HK.02611,国泰海通,2024-02-21 00:00:00,7.37712,7.59712,7.68712,7.33712,6.268,0.00094,1311030.0,11847650.0,1.7409657270808545,7.46712
HK.02611,国泰海通,2024-02-22 00:00:00,7.54712,7.65712,7.65712,7.47712,6.309,0.00086,1190600.0,10787342.0,0.7897729665978634,7.59712
HK.02611,国泰海通,2024-02-23 00:00:00,7.57712,7.64712,7.71712,7.52712,6.302,0.0007,980600.0,8943516.0,-0.13059740476836965,7.65712
HK.02611,国泰海通,2024-02-26 00:00:00,7.64712,7.57712,7.65712,7.50712,6.254,0.00105,1466747.0,13309046.0,-0.9153772923662802,7.64712
HK.02611,国泰海通,2024-02-27 00:00:00,7.52712,7.84712,7.84712,7.42712,6.44,0.00133,1849800.0,16901638.0,3.5633591654876846,7.57712
HK.02611,国泰海通,2024-02-28 00:00:00,7.66712,7.49712,7.75712,7.47712,6.199,0.0011,1529800.0,13940461.0,-4.460235092619974,7.84712
HK.02611,国泰海通,2024-02-29 00:00:00,7.44712,7.53712,7.63712,7.44712,6.226,0.00137,1913600.0,17267270.0,0.5335382120067445,7.49712
HK.02611,国泰海通,2024-03-01 00:00:00,7.48712,7.51712,7.52712,7.42712,6.212,0.00173,2401400.0,21513118.0,-0.2653533445135486,7.53712
HK.02611,国泰海通,2024-03-04 00:00:00,7.51712,7.52712,7.53712,7.44712,6.219,0.00102,1415400.0,12691549.0,0.13302967093780313,7.51712
HK.02611,国泰海通,2024-03-05 00:00:00,7.50712,7.46712,7.52712,7.41712,6.178,0.00197,2742083.0,24493988.0,-0.7971176226763969,7.52712
HK.02611,国泰海通,2024-03-06 00:00:00,7.39712,7.52712,7.55712,7.38712,6.219,0.00077,1067400.0,9547242.0,0.803522643268082,7.46712
HK.02611,国泰海通,2024-03-07 00:00:00,7.47712,7.57712,7.68712,7.43712,6.254,0.00153,2135800.0,19366196.0,0.664264685563666,7.52712
HK.02611,国泰海通,2024-03-08 00:00:00,7.55712,7.64712,7.66712,7.55712,6.302,0.00108,1508800.0,13749133.0,0.9238338577190315,7.57712
HK.02611,国泰海通,2024-03-11 00:00:00,7.57712,7.68712,7.75712,7.57712,6.33,0.0008,1116400.0,10208211.0,0.5230727384950156,7.64712
HK.02611,国泰海通,2024-03-12 00:00:00,7.71712,7.72712,7.77712,7.61712,6.357,0.00131,1824000.0,16744825.0,0.5203509246635936,7.68712
HK.02611,国泰海通,2024-03-13 00:00:00,7.67712,7.58712,7.73712,7.55712,6.261,0.00071,987200.0,8975520.0,-1.8118005155866683,7.72712
HK.02611,国泰海通,2024-03-14 00:00:00,7.56712,7.52712,7.65712,7.47712,6.219,0.00063,883600.0,7960722.0,-0.7908139056717122,7.58712
HK.02611,国泰海通,2024-03-15 00:00:00,7.52712,7.38712,7.52712,7.38712,6.123,0.0022,3068284.0,27236837.0,-1.8599411195782674,7.52712
HK.02611,国泰海通,2024-03-18 00:00:00,7.42712,7.60712,7.64712,7.42712,6.275,0.00098,1359200.0,12284666.0,2.9781565752282315,7.38712
HK.02611,国泰海通,2024-03-19 00:00:00,7.50712,7.40712,7.54712,7.33712,6.136,0.0026,3618285.0,32210897.0,-2.629115880911569,7.60712
HK.02611,国泰海通,2024-03-20 00:00:00,7.44712,7.46712,7.46712,7.35712,6.178,0.00061,850600.0,7584970.0,0.8100314292194605,7.40712
HK.02611,国泰海通,2024-03-21 00:00:00,7.50712,7.41712,7.52712,7.38712,6.143,0.00114,1592150.0,14195539.0,-0.6696022027234155,7.46712
HK.02611,国泰海通,2024-03-22 00:00:00,7.40712,7.42712,7.42712,7.19712,6.15,0.00219,3045200.0,26885408.0,0.13482321979421494,7.41712
HK.02611,国泰海通,2024-03-25 00:00:00,7.26712,7.16712,7.33712,7.16712,5.97,0.00101,1399600.0,12182871.0,-3.5006839797929836,7.42712
HK.02611,国泰海通,2024-03-26 00:00:00,7.33712,7.16712,7.33712,7.15712,5.97,0.00068,943200.0,8167945.0,0.0,7.16712
HK.02611,国泰海通,2024-03-27 00:00:00,7.17712,7.12712,7.17712,7.08712,5.943,0.00063,879600.0,7562632.0,-0.5581042315462841,7.16712
HK.02611,国泰海通,2024-03-28 00:00:00,7.09712,7.10712,7.18712,7.09712,5.929,0.00042,582800.0,5014306.0,-0.28061825814634206,7.12712
HK.02611,国泰海通,2024-04-02 00:00:00,7.04712,6.92712,7.16712,6.87712,7.228,0.00203,2820058.0,23813679.0,-2.532671461857964,7.10712
HK.02611,国泰海通,2024-04-03 00:00:00,6.93712,6.91712,6.98712,6.897119999,7.22,0.00062,861200.0,7228777.0,-0.1443601381237899,6.92712
HK.02611,国泰海通,2024-04-05 00:00:00,6.85712,6.34712,6.85712,6.33712,6.729,0.00036,506400.0,4032580.0,-8.240423760177638,6.91712
HK.02611,国泰海通,2024-04-08 00:00:00,6.48712,6.58712,6.637119999,6.43712,6.936,0.00135,1878600.0,15089994.0,3.7812425162908427,6.34712
HK.02611,国泰海通,2024-04-09 00:00:00,6.58712,6.57712,6.75712,6.557119999,6.927,0.00062,857118.0,6930885.0,-0.1518114137893311,6.58712
HK.02611,国泰海通,2024-04-10 00:00:00,6.62712,6.52712,6.62712,6.43712,6.884,0.0013,1805200.0,14375954.0,-0.7602111562507575,6.57712
HK.02611,国泰海通,2024-04-11 00:00:00,6.52712,6.46712,6.53712,6.45712,6.833,0.00075,1042400.0,8299762.0,-0.9192415644265711,6.52712
HK.02611,国泰海通,2024-04-12 00:00:00,6.43712,6.17712,6.46712,6.15712,6.583,0.00256,3563402.0,27605528.0,-4.484221724662602,6.46712
HK.02611,国泰海通,2024-04-15 00:00:00,6.13712,6.34712,6.34712,6.09712,6.729,0.0021,2929176.0,22606588.0,2.7520915896081006,6.17712
HK.02611,国泰海通,2024-04-16 00:00:00,6.26712,6.26712,6.28712,6.13712,6.66,0.00187,2604332.0,19990675.0,-1.2604141720969522,6.34712
HK.02611,国泰海通,2024-04-17 00:00:00,6.29712,6.39712,6.39712,6.18712,6.772,0.0009,1246800.0,9732906.0,2.0743180280575433,6.26712
HK.02611,国泰海通,2024-04-18 00:00:00,6.41712,6.36712,6.48712,6.31712,6.746,0.001,1392400.0,10976892.0,-0.46896103246461296,6.39712
HK.02611,国泰海通,2024-04-19 00:00:00,6.36712,6.33712,6.38712,6.29712,6.721,0.00049,685000.0,5343296.0,-0.4711706391586816,6.36712
HK.02611,国泰海通,2024-04-22 00:00:00,6.32712,6.33712,6.45712,6.32712,6.721,0.00052,718800.0,5657659.0,0.0,6.33712
HK.02611,国泰海通,2024-04-23 00:00:00,6.36712,6.36712,6.38712,6.31712,6.746,0.00039,549000.0,4292248.0,0.4734011664604781,6.33712
HK.02611,国泰海通,2024-04-24 00:00:00,6.41712,6.53712,6.61712,6.34712,6.893,0.00188,2617160.0,20863923.0,2.669966955232506,6.36712
HK.02611,国泰海通,2024-04-25 00:00:00,6.48712,6.58712,6.69712,6.48712,6.936,0.00098,1367600.0,11064436.0,0.7648628142056414,6.53712
HK.02611,国泰海通,2024-04-26 00:00:00,6.66712,6.91712,6.92712,6.66712,7.22,0.00193,2692600.0,22368354.0,5.009776655048034,6.58712
HK.02611,国泰海通,2024-04-29 00:00:00,6.94712,6.92712,7.067119999,6.86712,7.228,0.00208,2897800.0,24419608.0,0.1445688378978632,6.91712
HK.02611,国泰海通,2024-04-30 00:00:00,6.90712,6.87712,6.95712,6.807119999,7.185,0.00107,1494200.0,12465428.0,-0.721800690618911,6.92712
HK.02611,国泰海通,2024-05-02 00:00:00,6.66712,6.86712,6.86712,6.66712,7.177,0.00026,364000.0,3023017.0,-0.14540970638871775,6.87712
HK.02611,国泰海通,2024-05-03 00:00:00,6.84712,6.887119999,6.98712,6.83712,7.194,0.00017,239400.0,2001646.0,0.29124289367304457,6.86712
HK.02611,国泰海通,2024-05-06 00:00:00,6.92712,7.057119999,7.13712,6.92712,7.34,0.0019,2640600.0,22487868.0,2.468375751035029,6.887119999
HK.02611,国泰海通,2024-05-07 00:00:00,7.07712,7.02712,7.07712,6.99712,7.314,0.00082,1147000.0,9755775.0,-0.4251025773155507,7.057119999
HK.02611,国泰海通,2024-05-08 00:00:00,7.067119999,6.83712,7.067119999,6.83712,7.151,0.00053,734000.0,6186446.0,-2.703810380354973,7.02712
HK.02611,国泰海通,2024-05-09 00:00:00,6.82712,6.98712,7.03712,6.82712,7.28,0.00074,1027620.0,8693092.0,2.1939062061218815,6.83712
HK.02611,国泰海通,2024-05-10 00:00:00,7.07712,7.35712,7.35712,7.00712,7.598,0.00336,4679027.0,40897270.0,5.295457928302364,6.98712
HK.02611,国泰海通,2024-05-13 00:00:00,7.22712,7.55712,7.55712,7.22712,7.771,0.00294,4093800.0,36568880.0,2.718455047627335,7.35712
HK.02611,国泰海通,2024-05-14 00:00:00,7.55712,7.43712,7.55712,7.33712,7.667,0.00144,2003866.0,17824537.0,-1.5879065040650417,7.55712
HK.02611,国泰海通,2024-05-16 00:00:00,7.28712,7.40712,7.54712,7.28712,7.641,0.00221,3079000.0,27439822.0,-0.4033819543048956,7.43712
HK.02611,国泰海通,2024-05-17 00:00:00,7.38712,7.62712,7.62712,7.38712,7.831,0.00357,4970000.0,44901806.0,2.9701152404713267,7.40712
HK.02611,国泰海通,2024-05-20 00:00:00,7.66712,7.62712,7.90712,7.60712,7.831,0.00353,4919600.0,45427746.0,0.0,7.62712
HK.02611,国泰海通,2024-05-21 00:00:00,7.55712,7.41712,7.69712,7.32712,7.65,0.00338,4707200.0,42153348.0,-2.753332843851939,7.62712
HK.02611,国泰海通,2024-05-22 00:00:00,7.51712,7.34712,7.51712,7.33712,7.59,0.00145,2017200.0,17923336.0,-0.9437625385594327,7.41712
HK.02611,国泰海通,2024-05-23 00:00:00,7.40712,7.20712,7.40712,7.14712,7.469,0.00165,2301400.0,19977415.0,-1.9055085530112557,7.34712
HK.02611,国泰海通,2024-05-24 00:00:00,7.24712,7.067119999,7.24712,7.067119999,7.349,0.00124,1731600.0,14871612.0,-1.9425235184095695,7.20712
HK.02611,国泰海通,2024-05-27 00:00:00,7.08712,7.24712,7.29712,7.02712,7.504,0.00327,4552200.0,39400826.0,2.54700643296661,7.067119999
HK.02611,国泰海通,2024-05-28 00:00:00,7.31712,7.18712,7.35712,7.18712,7.452,0.00191,2664200.0,23261058.0,-0.8279150890284639,7.24712
HK.02611,国泰海通,2024-05-29 00:00:00,7.23712,7.25712,7.49712,7.23712,7.512,0.00456,6348000.0,56018356.0,0.9739645365598374,7.18712
HK.02611,国泰海通,2024-05-30 00:00:00,7.17712,7.057119999,7.25712,7.00712,7.34,0.00161,2234800.0,19200423.0,-2.7559142056352846,7.25712
HK.02611,国泰海通,2024-05-31 00:00:00,7.12712,6.82712,7.22712,6.82712,7.142,0.00356,4948373.0,41978060.0,-3.259119853886451,7.057119999
HK.02611,国泰海通,2024-06-03 00:00:00,6.96667,6.79667,6.98667,6.73667,6.738,0.0035,4877331.0,38354687.0,-0.4460153036712419,6.82712
HK.02611,国泰海通,2024-06-04 00:00:00,6.71667,6.93667,7.006669999,6.71667,6.858,0.00193,2692601.0,21444789.0,2.059832241377036,6.79667
HK.02611,国泰海通,2024-06-05 00:00:00,7.006669999,6.82667,7.11667,6.81667,6.764,0.00259,3601200.0,28834968.0,-1.5857753071718896,6.93667
HK.02611,国泰海通,2024-06-06 00:00:00,6.90667,6.83667,6.90667,6.79667,6.772,0.00234,3254608.0,25676418.0,0.14648430347445807,6.82667
HK.02611,国泰海通,2024-06-07 00:00:00,6.91667,6.86667,6.93667,6.82667,6.798,0.00081,1132199.0,8951486.0,0.4388101224719088,6.83667
HK.02611,国泰海通,2024-06-11 00:00:00,6.86667,6.74667,6.88667,6.71667,6.695,0.00191,2651960.0,20679442.0,-1.7475719671980756,6.86667
HK.02611,国泰海通,2024-06-12 00:00:00,6.78667,6.74667,6.80667,6.68667,6.695,0.00108,1508300.0,11694894.0,0.0,6.74667
HK.02611,国泰海通,2024-06-13 00:00:00,6.80667,6.73667,6.82667,6.68667,6.686,0.00102,1421600.0,11047959.0,-0.14822127064166155,6.74667
HK.02611,国泰海通,2024-06-14 00:00:00,6.74667,7.086669999,7.256669999,6.73667,6.987,0.00561,7810600.0,63117200.0,5.195445212545657,6.73667
HK.02611,国泰海通,2024-06-17 00:00:00,7.04667,7.02667,7.04667,6.94667,6.936,0.00121,1687600.0,13572648.0,-0.8466599828758236,7.086669999
HK.02611,国泰海通,2024-06-18 00:00:00,7.02667,7.12667,7.246669999,7.02667,7.022,0.0017,2371540.0,19475863.0,1.423149230005104,7.02667
HK.02611,国泰海通,2024-06-19 00:00:00,7.166669999,7.11667,7.246669999,7.05667,7.013,0.00141,1965600.0,16032624.0,-0.14031798862582087,7.12667
HK.02611,国泰海通,2024-06-20 00:00:00,7.156669999,6.95667,7.156669999,6.93667,6.876,0.00091,1272600.0,10250100.0,-2.2482425066779848,7.11667
HK.02611,国泰海通,2024-06-21 00:00:00,7.02667,6.90667,7.02667,6.85667,6.833,0.00092,1285800.0,10224318.0,-0.718734681967088,6.95667
HK.02611,国泰海通,2024-06-24 00:00:00,6.90667,6.80667,6.90667,6.74667,6.746,0.00123,1709800.0,13483501.0,-1.4478757490947105,6.90667
HK.02611,国泰海通,2024-06-25 00:00:00,6.84667,6.73667,6.86667,6.69667,6.686,0.00082,1140761.0,8882225.0,-1.028403022329572,6.80667
HK.02611,国泰海通,2024-06-26 00:00:00,6.80667,6.85667,6.85667,6.68667,6.79,0.00121,1689552.0,13249368.0,1.7812955065336449,6.73667
HK.02611,国泰海通,2024-06-27 00:00:00,6.85667,6.69667,6.87667,6.68667,6.652,0.00082,1145400.0,8924156.0,-2.333494247207466,6.85667
HK.02611,国泰海通,2024-06-28 00:00:00,6.80667,6.71667,6.80667,6.66667,6.669,0.00068,944800.0,7334868.0,0.2986558991259772,6.69667
HK.02611,国泰海通,2024-07-02 00:00:00,6.72667,6.72667,6.85667,6.67667,6.678,0.00062,864800.0,6736975.0,0.14888330080234216,6.71667
HK.02611,国泰海通,2024-07-03 00:00:00,6.68667,6.87667,6.95667,6.68667,6.807,0.00133,1855600.0,14638894.0,2.2299295193609834,6.72667
HK.02611,国泰海通,2024-07-04 00:00:00,6.87667,6.88667,6.93667,6.78667,6.815,0.00083,1156200.0,9096801.0,0.14541922180357333,6.87667
HK.02611,国泰海通,2024-07-05 00:00:00,6.89667,6.79667,6.89667,6.71667,6.738,0.00053,735200.0,5745188.0,-1.3068725523366136,6.88667
HK.02611,国泰海通,2024-07-08 00:00:00,6.84667,6.62667,6.84667,6.56667,6.592,0.00156,2171200.0,16706750.0,-2.5012248645292465,6.79667
HK.02611,国泰海通,2024-07-09 00:00:00,6.66667,6.76667,6.76667,6.62667,6.712,0.00079,1100831.0,8489187.0,2.1126749936242573,6.62667
HK.02611,国泰海通,2024-07-10 00:00:00,6.73667,6.66667,6.81667,6.63667,6.626,0.00061,851400.0,6601512.0,-1.4778317843193258,6.76667
HK.02611,国泰海通,2024-07-11 00:00:00,6.70667,6.81667,6.83667,6.70667,6.755,0.00086,1199600.0,9381290.0,2.2499988750005677,6.66667
HK.02611,国泰海通,2024-07-12 00:00:00,6.84667,6.85667,6.91667,6.82667,6.79,0.00056,774000.0,6116486.0,0.5867967790724802,6.81667
HK.02611,国泰海通,2024-07-15 00:00:00,6.90667,6.81667,6.90667,6.76667,6.755,0.00031,433000.0,3387453.0,-0.5833735618018665,6.85667
HK.02611,国泰海通,2024-07-16 00:00:00,6.79667,6.80667,6.88667,6.75667,6.746,0.00055,763000.0,6001950.0,-0.1466991947681168,6.81667
HK.02611,国泰海通,2024-07-17 00:00:00,6.80667,6.89667,6.89667,6.77667,6.824,0.00083,1159600.0,9146892.0,1.3222324572808708,6.80667
HK.02611,国泰海通,2024-07-18 00:00:00,6.75667,6.91667,6.95667,6.75667,6.841,0.00052,718400.0,5703964.0,0.28999502658528786,6.89667
HK.02611,国泰海通,2024-07-19 00:00:00,6.86667,6.95667,6.96667,6.77667,6.876,0.00166,2307000.0,18266730.0,0.5783129743070009,6.91667
HK.02611,国泰海通,2024-07-22 00:00:00,6.996669999,7.01667,7.05667,6.91667,6.927,0.00113,1574400.0,12616854.0,0.862481618360516,6.95667
HK.02611,国泰海通,2024-07-23 00:00:00,7.01667,6.87667,7.03667,6.87667,6.807,0.00063,872200.0,6986958.0,-1.9952484583142798,7.01667
HK.02611,国泰海通,2024-07-24 00:00:00,6.87667,6.90667,6.94667,6.80667,6.833,0.00071,984266.0,7791098.0,0.43625766541073296,6.87667
HK.02611,国泰海通,2024-07-25 00:00:00,6.84667,6.71667,6.86667,6.70667,6.669,0.00073,1015600.0,7931414.0,-2.7509639232799654,6.90667
HK.02611,国泰海通,2024-07-26 00:00:00,6.71667,6.91667,6.91667,6.71667,6.841,0.00039,547600.0,4331136.0,2.977666016046645,6.71667
HK.02611,国泰海通,2024-07-29 00:00:00,6.87667,6.86667,6.92667,6.85667,6.798,0.00037,515000.0,4078294.0,-0.7228912178837479,6.91667
HK.02611,国泰海通,2024-07-30 00:00:00,6.86667,6.78667,6.87667,6.77667,6.729,0.00048,665836.0,5217842.0,-1.1650479781320504,6.86667
HK.02611,国泰海通,2024-07-31 00:00:00,6.78667,7.10667,7.14667,6.76667,7.005,0.00179,2487800.0,20101536.0,4.715125385498341,6.78667
HK.02611,国泰海通,2024-08-01 00:00:00,7.156669999,7.156669999,7.18667,7.086669999,7.048,0.00115,1600690.0,13081946.0,0.7035643838816174,7.10667
HK.02611,国泰海通,2024-08-02 00:00:00,7.04667,7.12667,7.12667,6.97667,7.022,0.00147,2047000.0,16636422.0,-0.4191893576788096,7.156669999
HK.02611,国泰海通,2024-08-05 00:00:00,7.06667,7.11667,7.39667,6.98667,7.013,0.00141,1965400.0,16025228.0,-0.14031798862582087,7.12667
HK.02611,国泰海通,2024-08-06 00:00:00,7.13667,7.256669999,7.256669999,7.03667,7.134,0.00221,3078000.0,25360536.0,1.9672121792917134,7.11667
HK.02611,国泰海通,2024-08-07 00:00:00,7.20667,7.19667,7.246669999,7.166669999,7.082,0.00087,1212800.0,9986180.0,-0.8268255137448414,7.256669999
HK.02611,国泰海通,2024-08-08 00:00:00,7.27667,7.11667,7.27667,7.10667,7.013,0.00041,576291.0,4719964.0,-1.1116252377835871,7.19667
HK.02611,国泰海通,2024-08-09 00:00:00,7.246669999,7.14667,7.246669999,7.14667,7.039,0.00037,508200.0,4171800.0,0.4215454700021252,7.11667
HK.02611,国泰海通,2024-08-12 00:00:00,7.14667,7.086669999,7.14667,7.04667,6.987,0.00045,631400.0,5132730.0,-0.8395518612164907,7.14667
HK.02611,国泰海通,2024-08-13 00:00:00,7.006669999,7.05667,7.06667,6.88667,6.962,0.00218,3031200.0,24351262.0,-0.423329984382405,7.086669999
HK.02611,国泰海通,2024-08-14 00:00:00,6.96667,7.03667,7.05667,6.87667,6.944,0.00091,1264400.0,10141886.0,-0.28341979999065364,7.05667
HK.02611,国泰海通,2024-08-15 00:00:00,6.96667,7.076669999,7.09667,6.92667,6.979,0.00175,2431800.0,19683558.0,0.5684506876121795,7.03667
HK.02611,国泰海通,2024-08-16 00:00:00,7.10667,7.076669999,7.11667,6.996669999,6.979,0.00048,661200.0,5353942.0,0.0,7.076669999
HK.02611,国泰海通,2024-08-19 00:00:00,7.05667,7.05667,7.11667,6.98667,6.962,0.00039,545800.0,4414372.0,-0.28261878825529063,7.076669999
HK.02611,国泰海通,2024-08-20 00:00:00,7.10667,7.076669999,7.10667,6.97667,6.979,0.00092,1275800.0,10312802.0,0.28341978581964994,7.05667
HK.02611,国泰海通,2024-08-21 00:00:00,7.05667,7.076669999,7.076669999,6.98667,6.979,0.00022,311600.0,2517122.0,0.0,7.076669999
HK.02611,国泰海通,2024-08-22 00:00:00,7.006669999,7.01667,7.04667,6.93667,6.927,0.00048,670000.0,5371402.0,-0.8478563930277673,7.076669999
HK.02611,国泰海通,2024-08-23 00:00:00,7.006669999,7.01667,7.03667,6.92667,6.927,0.00043,603600.0,4849456.0,0.0,7.01667
HK.02611,国泰海通,2024-08-26 00:00:00,7.02667,6.93667,7.06667,6.90667,6.858,0.00045,623200.0,4980507.0,-1.1401419761795846,7.01667
HK.02611,国泰海通,2024-08-27 00:00:00,6.88667,6.92667,6.996669999,6.80667,6.85,0.00091,1264000.0,10021787.0,-0.14416139156109017,6.93667
HK.02611,国泰海通,2024-08-28 00:00:00,6.96667,7.05667,7.086669999,6.93667,6.962,0.00153,2134200.0,17176298.0,1.8768037166488485,6.92667
HK.02611,国泰海通,2024-08-29 00:00:00,7.04667,7.11667,7.18667,7.02667,7.013,0.00312,4336694.0,35299035.0,0.8502593999719359,7.05667
HK.02611,国泰海通,2024-08-30 00:00:00,7.20667,7.256669999,7.506669999,7.12667,7.134,0.1223,170227000.0,1331491798.0,1.9672121792917134,7.11667
HK.02611,国泰海通,2024-09-02 00:00:00,7.26667,7.03667,7.29667,7.006669999,6.944,0.00124,1721600.0,14024584.0,-3.0316935871455724,7.256669999
HK.02611,国泰海通,2024-09-03 00:00:00,7.14667,7.04667,7.14667,6.97667,6.953,0.00138,1924200.0,15518908.0,0.1421126754558589,7.03667
HK.02611,国泰海通,2024-09-04 00:00:00,7.06667,6.98667,7.06667,6.91667,6.901,0.00293,4083000.0,32640742.0,-0.8514660116054762,7.04667
HK.02611,国泰海通,2024-09-05 00:00:00,7.04667,7.03667,7.086669999,6.97667,6.944,0.00153,2127600.0,17130332.0,0.7156485135264701,6.98667
HK.02611,国泰海通,2024-10-10 00:00:00,15.43084,11.39084,17.13084,11.21084,10.55,0.19589,272645574.0,3699830212.0,61.87827480896505,7.03667
HK.02611,国泰海通,2024-10-14 00:00:00,11.49084,10.31084,11.89084,9.95084,9.621,0.06278,87373900.0,1003888047.0,-9.481302520270674,11.39084
HK.02611,国泰海通,2024-10-15 00:00:00,10.37084,9.83084,10.41084,9.57084,9.208,0.03107,43237400.0,469913966.0,-4.655294815941285,10.31084
HK.02611,国泰海通,2024-10-16 00:00:00,9.65084,10.07084,11.03084,9.65084,9.414,0.03412,47485108.0,531531069.0,2.4412969797087554,9.83084
HK.02611,国泰海通,2024-10-17 00:00:00,10.31084,10.05084,10.91084,10.01084,9.397,0.02804,39031564.0,443298901.0,-0.19859316601196697,10.07084
HK.02611,国泰海通,2024-10-18 00:00:00,10.15084,10.81084,11.37084,10.01084,10.051,0.0361,50246500.0,582206032.0,7.561557043988361,10.05084
HK.02611,国泰海通,2024-10-21 00:00:00,10.93084,10.45084,10.95084,10.45084,9.741,0.015,20879200.0,239741480.0,-3.3299910090242864,10.81084
HK.02611,国泰海通,2024-10-22 00:00:00,10.63084,10.35084,10.67084,10.35084,9.655,0.01075,14964800.0,169750906.0,-0.9568608839098068,10.45084
HK.02611,国泰海通,2024-10-23 00:00:00,10.53084,10.41084,10.91084,10.39084,9.707,0.01296,18039400.0,207586858.0,0.5796630998063973,10.35084
HK.02611,国泰海通,2024-10-24 00:00:00,10.47084,10.57084,10.69084,10.33084,9.845,0.00809,11253698.0,128379341.0,1.5368596578181986,10.41084
HK.02611,国泰海通,2024-10-25 00:00:00,10.57084,10.49084,10.75084,10.43084,9.776,0.00774,10778600.0,123076144.0,-0.7567988920464227,10.57084
HK.02611,国泰海通,2024-10-28 00:00:00,10.59084,10.57084,10.65084,10.37084,9.845,0.00532,7406200.0,84647016.0,0.7625700134593614,10.49084
HK.02611,国泰海通,2024-10-29 00:00:00,10.77084,10.57084,10.83084,10.51084,9.845,0.00876,12195262.0,140407477.0,0.0,10.57084
HK.02611,国泰海通,2024-10-30 00:00:00,10.69084,10.31084,10.69084,10.25084,9.621,0.00711,9889021.0,111667478.0,-2.4595963991508696,10.57084
HK.02611,国泰海通,2024-10-31 00:00:00,10.43084,10.55084,10.81084,10.33084,9.827,0.01099,15289719.0,175552688.0,2.3276474079706424,10.31084
HK.02611,国泰海通,2024-11-01 00:00:00,10.55084,10.49084,10.69084,10.47084,9.776,0.00625,8696800.0,99527522.0,-0.5686751007502767,10.55084
HK.02611,国泰海通,2024-11-04 00:00:00,10.61084,10.91084,10.97084,10.55084,10.137,0.01177,16388600.0,191020668.0,4.003492570661643,10.49084
HK.02611,国泰海通,2024-11-05 00:00:00,10.91084,11.59084,11.59084,10.81084,10.722,0.01831,25486400.0,310771510.0,6.232334082435447,10.91084
HK.02611,国泰海通,2024-11-06 00:00:00,11.87084,11.43084,12.51084,11.41084,10.585,0.02978,41452133.0,530284735.0,-1.3804003851317086,11.59084
HK.02611,国泰海通,2024-11-07 00:00:00,11.49084,12.17084,12.25084,11.29084,11.222,0.02168,30168241.0,384763418.0,6.473714967578938,11.43084
HK.02611,国泰海通,2024-11-08 00:00:00,12.53084,11.87084,12.55084,11.69084,10.963,0.01511,21030446.0,270382477.0,-2.464907927472555,12.17084
HK.02611,国泰海通,2024-11-11 00:00:00,11.75084,11.85084,11.85084,11.41084,10.946,0.00684,9517300.0,118833125.0,-0.1684800738616608,11.87084
HK.02611,国泰海通,2024-11-12 00:00:00,11.73084,11.37084,12.03084,11.25084,10.533,0.00759,10566750.0,130989567.0,-4.050345798272531,11.85084
HK.02611,国泰海通,2024-11-13 00:00:00,11.25084,11.45084,11.51084,11.15084,10.602,0.00347,4826800.0,58966141.0,0.7035540030463895,11.37084
HK.02611,国泰海通,2024-11-14 00:00:00,11.43084,11.25084,11.51084,10.93084,10.43,0.0051,7091800.0,85850879.0,-1.7465967562204983,11.45084
HK.02611,国泰海通,2024-11-15 00:00:00,11.05084,10.69084,11.31084,10.67084,9.948,0.00671,9333000.0,110461201.0,-4.977406131453301,11.25084
HK.02611,国泰海通,2024-11-18 00:00:00,10.85084,10.69084,10.93084,10.53084,9.948,0.00815,11337200.0,131754639.0,0.0,10.69084
HK.02611,国泰海通,2024-11-19 00:00:00,10.81084,10.73084,10.87084,10.63084,9.982,0.00564,7850200.0,91060268.0,0.374152077853573,10.69084
HK.02611,国泰海通,2024-11-20 00:00:00,10.83084,10.85084,10.89084,10.65084,10.086,0.00356,4948460.0,57828674.0,1.118272194907381,10.73084
HK.02611,国泰海通,2024-11-21 00:00:00,11.29084,11.01084,11.29084,10.79084,10.223,0.00557,7758800.0,91887994.0,1.4745402199276751,10.85084
HK.02611,国泰海通,2024-11-22 00:00:00,11.07084,10.85084,11.11084,10.39084,10.086,0.00947,13179589.0,152225232.0,-1.4531134772642245,11.01084
HK.02611,国泰海通,2024-11-25 00:00:00,10.77084,10.35084,10.77084,10.35084,9.655,0.00292,4069200.0,46292300.0,-4.607938187273981,10.85084
HK.02611,国泰海通,2024-11-26 00:00:00,10.35084,10.35084,10.55084,10.31084,9.655,0.00287,3994400.0,44995540.0,0.0,10.35084
HK.02611,国泰海通,2024-11-27 00:00:00,10.35084,10.61084,10.61084,10.17084,9.879,0.00361,5027400.0,56981888.0,2.5118734324943657,10.35084
HK.02611,国泰海通,2024-11-28 00:00:00,10.61084,10.49084,10.61084,10.39084,9.776,0.00144,2002032.0,22789664.0,-1.1309189470390584,10.61084
HK.02611,国泰海通,2024-11-29 00:00:00,10.59084,10.67084,11.05084,10.33084,9.931,0.01173,16330000.0,190219712.0,1.7157825302835588,10.49084
HK.02611,国泰海通,2024-12-02 00:00:00,10.67084,10.85084,10.85084,10.53084,10.086,0.00455,6327800.0,73671856.0,1.6868400238406696,10.67084
HK.02611,国泰海通,2024-12-03 00:00:00,10.89084,10.83084,10.89084,10.67084,10.068,0.00503,7001600.0,81614024.0,-0.1843175274909553,10.85084
HK.02611,国泰海通,2024-12-04 00:00:00,10.75084,10.85084,10.85084,10.53084,10.086,0.00447,6219200.0,72207276.0,0.18465788433768363,10.83084
HK.02611,国泰海通,2024-12-05 00:00:00,10.83084,10.85084,10.89084,10.71084,10.086,0.00497,6920000.0,80790492.0,0.0,10.85084
HK.02611,国泰海通,2024-12-06 00:00:00,10.85084,10.89084,10.97084,10.69084,10.12,0.0059,8210800.0,96630696.0,0.36863505498192695,10.85084
HK.02611,国泰海通,2024-12-09 00:00:00,10.89084,11.39084,11.39084,10.71084,10.55,0.00649,9032800.0,107240978.0,4.5910140999225035,10.89084
HK.02611,国泰海通,2024-12-10 00:00:00,11.79084,11.31084,11.83084,11.01084,10.481,0.00735,10225800.0,125106894.0,-0.7023187052052356,11.39084
HK.02611,国泰海通,2024-12-11 00:00:00,11.29084,11.07084,11.29084,10.97084,10.275,0.00335,4660000.0,55749517.0,-2.1218583235197404,11.31084
HK.02611,国泰海通,2024-12-12 00:00:00,10.97084,11.09084,11.41084,10.91084,10.292,0.00682,9492400.0,113925948.0,0.180654765130736,11.07084
HK.02611,国泰海通,2024-12-13 00:00:00,11.03084,10.77084,11.03084,10.65084,10.017,0.0053,7372800.0,85660720.0,-2.8852638754143083,11.09084
HK.02611,国泰海通,2024-12-16 00:00:00,10.77084,10.51084,10.77084,10.47084,9.793,0.00316,4397200.0,50322727.0,-2.4139250049206913,10.77084
HK.02611,国泰海通,2024-12-17 00:00:00,10.49084,10.45084,10.63084,10.39084,9.741,0.00329,4575800.0,51921244.0,-0.5708392478622117,10.51084
HK.02611,国泰海通,2024-12-18 00:00:00,10.55084,10.45084,10.55084,10.39084,9.741,0.00301,4186200.0,47402924.0,0.0,10.45084
HK.02611,国泰海通,2024-12-19 00:00:00,10.41084,10.45084,10.51084,10.29084,9.741,0.00196,2727000.0,30771235.0,0.0,10.45084
HK.02611,国泰海通,2024-12-20 00:00:00,10.37084,10.35084,10.49084,10.31084,9.655,0.00297,4139409.0,46653279.0,-0.9568608839098068,10.45084
HK.02611,国泰海通,2024-12-23 00:00:00,10.41084,10.43084,10.49084,10.35084,9.724,0.00275,3830200.0,43238604.0,0.7728841330751907,10.35084
HK.02611,国泰海通,2024-12-24 00:00:00,10.49084,10.41084,10.53084,10.39084,9.707,0.00222,3095200.0,35055600.0,-0.19173911209451563,10.43084
HK.02611,国泰海通,2024-12-27 00:00:00,10.39084,10.49084,10.63084,10.39084,9.776,0.00541,7534200.0,85576380.0,0.7684298289090993,10.41084
HK.02611,国泰海通,2024-12-30 00:00:00,10.53084,10.47084,10.57084,10.43084,9.759,0.00166,2304800.0,26192220.0,-0.19064250336483612,10.49084
HK.02611,国泰海通,2024-12-31 00:00:00,10.57084,10.29084,10.57084,10.29084,9.604,0.00108,1498600.0,16895996.0,-1.719059788899472,10.47084
HK.02611,国泰海通,2025-01-02 00:00:00,10.25084,9.73084,10.37084,9.67084,9.122,0.00635,8842800.0,94785368.0,-5.441732647675008,10.29084
HK.02611,国泰海通,2025-01-03 00:00:00,9.89084,9.59084,9.89084,9.53084,9.001,0.00339,4713600.0,49533378.0,-1.4387247144131499,9.73084
HK.02611,国泰海通,2025-01-06 00:00:00,9.63084,9.59084,9.65084,9.49084,9.001,0.0018,2499800.0,26113098.0,0.0,9.59084
HK.02611,国泰海通,2025-01-07 00:00:00,9.65084,9.59084,9.69084,9.47084,9.001,0.00193,2684200.0,28061395.0,0.0,9.59084
HK.02611,国泰海通,2025-01-08 00:00:00,9.63084,9.47084,9.63084,9.33084,8.898,0.00164,2277000.0,23528254.0,-1.2511938474627793,9.59084
HK.02611,国泰海通,2025-01-09 00:00:00,9.49084,9.51084,9.55084,9.45084,8.932,0.001,1395200.0,14460484.0,0.42234902078378633,9.47084
HK.02611,国泰海通,2025-01-10 00:00:00,9.55084,9.37084,9.61084,9.33084,8.812,0.00152,2118986.0,21835586.0,-1.4720045758313731,9.51084
HK.02611,国泰海通,2025-01-13 00:00:00,9.31084,9.33084,9.39084,9.15084,8.777,0.00149,2075250.0,21064540.0,-0.42685607693653027,9.37084
HK.02611,国泰海通,2025-01-14 00:00:00,9.33084,9.69084,9.69084,9.33084,9.087,0.00256,3560800.0,37189709.0,3.858173540645852,9.33084
HK.02611,国泰海通,2025-01-15 00:00:00,9.65084,9.61084,9.69084,9.55084,9.018,0.0013,1804200.0,18923428.0,-0.8255218329886788,9.69084
HK.02611,国泰海通,2025-01-16 00:00:00,9.63084,9.57084,9.79084,9.49084,8.984,0.00222,3085200.0,32303100.0,-0.4161967112135791,9.61084
HK.02611,国泰海通,2025-01-17 00:00:00,9.55084,9.59084,9.67084,9.45084,9.001,0.0024,3334600.0,34879368.0,0.20896807385767155,9.57084
HK.02611,国泰海通,2025-01-20 00:00:00,9.75084,9.67084,9.89084,9.63084,9.07,0.00221,3080000.0,32688860.0,0.8341292316418589,9.59084
HK.02611,国泰海通,2025-01-21 00:00:00,9.79084,9.77084,9.89084,9.67084,9.156,0.00166,2306400.0,24513804.0,1.0340363401731354,9.67084
HK.02611,国泰海通,2025-01-22 00:00:00,9.81084,9.71084,9.93084,9.63084,9.104,0.00208,2888800.0,30682304.0,-0.6140720756864353,9.77084
HK.02611,国泰海通,2025-01-23 00:00:00,9.91084,9.83084,10.11084,9.73084,9.208,0.00591,8228600.0,88481888.0,1.2357324392122722,9.71084
HK.02611,国泰海通,2025-01-24 00:00:00,10.03084,10.11084,10.41084,9.83084,9.449,0.00882,12273000.0,135277800.0,2.8481798096602056,9.83084
HK.02611,国泰海通,2025-01-27 00:00:00,10.25084,10.37084,10.41084,10.05084,9.672,0.00815,11343400.0,126382444.0,2.5714975214720024,10.11084
HK.02611,国泰海通,2025-01-28 00:00:00,10.37084,10.65084,11.01084,10.27084,9.913,0.00217,3017000.0,35028797.0,2.699877734108338,10.37084
HK.02611,国泰海通,2025-02-03 00:00:00,10.61084,10.41084,10.61084,9.91084,9.707,0.00206,2860800.0,31758499.0,-2.2533433982671807,10.65084
HK.02611,国泰海通,2025-02-04 00:00:00,10.13084,10.77084,10.93084,10.13084,10.017,0.00297,4140200.0,48152058.0,3.457934230090938,10.41084
HK.02611,国泰海通,2025-02-05 00:00:00,10.57084,10.15084,10.73084,10.15084,9.483,0.01653,23007540.0,257219579.0,-5.756282704041646,10.77084
HK.02611,国泰海通,2025-02-06 00:00:00,10.15084,10.27084,10.45084,10.15084,9.586,0.00427,5941000.0,66172444.0,1.1821681752446027,10.15084
HK.02611,国泰海通,2025-02-07 00:00:00,10.43084,10.61084,10.73084,10.31084,7.27,0.00565,7868878.0,89983715.0,3.3103426788850756,10.27084
HK.02611,国泰海通,2025-02-10 00:00:00,10.75084,10.49084,10.91084,10.39084,7.194,0.00417,5800810.0,66355907.0,-1.1309189470390584,10.61084
HK.02611,国泰海通,2025-02-11 00:00:00,10.53084,10.41084,10.57084,10.27084,7.143,0.00313,4357079.0,48983878.0,-0.7625700134593614,10.49084
HK.02611,国泰海通,2025-02-12 00:00:00,10.43084,11.03084,11.03084,10.43084,7.536,0.00792,11029000.0,128275992.0,5.955331174045506,10.41084
HK.02611,国泰海通,2025-02-13 00:00:00,11.03084,10.75084,11.13084,10.55084,7.359,0.00774,10773200.0,126333301.0,-2.538337968821952,11.03084
HK.02611,国泰海通,2025-02-14 00:00:00,10.79084,10.83084,10.87084,10.55084,7.409,0.00739,10287200.0,118983261.0,0.7441279007035736,10.75084
HK.02611,国泰海通,2025-02-17 00:00:00,10.83084,10.67084,10.95084,10.49084,7.308,0.00725,10097600.0,116826732.0,-1.4772630747015019,10.83084
HK.02611,国泰海通,2025-02-18 00:00:00,10.67084,10.67084,10.81084,10.53084,7.308,0.00582,8100400.0,93646237.0,0.0,10.67084
HK.02611,国泰海通,2025-02-19 00:00:00,10.67084,10.75084,10.81084,10.43084,7.359,0.00518,7208400.0,82995192.0,0.7497066772625216,10.67084
HK.02611,国泰海通,2025-02-20 00:00:00,10.77084,10.81084,10.85084,10.59084,7.397,0.00508,7077205.0,82239773.0,0.5580959255276843,10.75084
HK.02611,国泰海通,2025-02-21 00:00:00,10.75084,11.01084,11.01084,10.61084,7.523,0.0094,13080989.0,153594772.0,1.8499950050134797,10.81084
HK.02611,国泰海通,2025-02-24 00:00:00,10.99084,11.03084,11.21084,10.85084,7.536,0.00609,8476405.0,101234465.0,0.18163918465802403,11.01084
HK.02611,国泰海通,2025-02-25 00:00:00,10.83084,10.67084,10.89084,10.65084,7.308,0.00401,5583130.0,64918816.0,-3.263577388485369,11.03084
HK.02611,国泰海通,2025-02-26 00:00:00,10.91084,11.39084,11.49084,10.83084,7.764,0.01461,20327999.0,245759803.0,6.747360095362695,10.67084
HK.02611,国泰海通,2025-02-27 00:00:00,11.33084,11.35084,11.45084,10.97084,7.739,0.0084,11686107.0,140948850.0,-0.35115935260262565,11.39084
HK.02611,国泰海通,2025-02-28 00:00:00,11.33084,11.01084,11.41084,10.53084,7.523,0.03612,50273949.0,595664802.0,-2.9953730296612395,11.35084
HK.02611,国泰海通,2025-03-03 00:00:00,10.93084,11.37084,11.57084,10.91084,7.751,0.01088,15136167.0,183697109.0,3.2695053238444975,11.01084
HK.02611,国泰海通,2025-03-04 00:00:00,11.25084,11.79084,11.87084,11.13084,8.017,0.01587,22090600.0,276603939.0,3.6936585159935404,11.37084
HK.02611,国泰海通,2025-03-05 00:00:00,11.75084,11.63084,11.87084,11.31084,7.916,0.01083,15076506.0,187614705.0,-1.356985592205476,11.79084
HK.02611,国泰海通,2025-03-06 00:00:00,11.91084,11.99084,12.19084,11.65084,8.144,0.01019,14183514.0,182272637.0,3.0952192618933907,11.63084
HK.02611,国泰海通,2025-03-07 00:00:00,12.01084,11.77084,12.05084,11.69084,8.005,0.00607,8444936.0,107326279.0,-1.8347338468364238,11.99084
HK.02611,国泰海通,2025-03-10 00:00:00,11.79084,11.81084,11.83084,11.51084,8.03,0.00644,8961742.0,112426214.0,0.3398228163835455,11.77084
HK.02611,国泰海通,2025-03-11 00:00:00,11.73084,11.41084,11.73084,11.37084,7.777,0.00519,7229330.0,89267784.0,-3.3867193188630136,11.81084
HK.02611,国泰海通,2025-03-12 00:00:00,11.53084,11.49084,11.73084,11.37084,7.827,0.00583,8118799.0,100553603.0,0.7010877376249257,11.41084
HK.02611,国泰海通,2025-03-13 00:00:00,11.49084,11.51084,11.61084,11.29084,7.84,0.00364,5071529.0,62490395.0,0.17405167942465105,11.49084
HK.02611,国泰海通,2025-03-14 00:00:00,11.57084,11.73084,12.05084,11.53084,13.907,0.00986,13718800.0,173786140.0,1.9112419250028725,11.51084
HK.02611,国泰海通,2025-03-17 00:00:00,11.31084,11.15084,11.51084,11.03084,15.081,0.01101,38586926.0,465597138.0,-4.9442324675811795,11.73084
HK.02611,国泰海通,2025-03-18 00:00:00,11.23084,11.33084,11.39084,11.17084,15.307,0.00609,21353605.0,259681133.0,1.6142281657704685,11.15084
HK.02611,国泰海通,2025-03-19 00:00:00,11.23084,11.37084,11.39084,11.21084,15.357,0.00508,17822395.0,217259191.0,0.35301884061551614,11.33084
HK.02611,国泰海通,2025-03-20 00:00:00,11.37084,11.25084,11.47084,11.21084,15.207,0.00434,15206686.0,185676145.0,-1.0553310045695765,11.37084
HK.02611,国泰海通,2025-03-21 00:00:00,11.41084,11.01084,11.41084,10.79084,14.905,0.01299,45544474.0,540972617.0,-2.1331740563371286,11.25084
HK.02611,国泰海通,2025-03-24 00:00:00,10.99084,10.83084,11.01084,10.73084,14.68,0.00281,9867398.0,115610013.0,-1.6347526619222488,11.01084
HK.02611,国泰海通,2025-03-25 00:00:00,10.73084,10.77084,10.89084,10.69084,14.604,0.00229,8024265.0,93713010.0,-0.5539736530130673,10.83084
HK.02611,国泰海通,2025-03-26 00:00:00,10.73084,10.83084,10.85084,10.73084,14.68,0.00137,4790241.0,55872963.0,0.5570596165201647,10.77084
HK.02611,国泰海通,2025-03-27 00:00:00,10.85084,10.79084,10.89084,10.73084,14.629,0.00195,6850155.0,79930360.0,-0.3693157686753836,10.83084
HK.02611,国泰海通,2025-03-28 00:00:00,10.81084,10.73084,10.83084,10.59084,14.536,0.00254,8902108.0,102726864.0,-0.5560271489522477,10.79084
HK.02611,国泰海通,2025-03-31 00:00:00,10.61084,10.41084,10.67084,10.33084,14.135,0.00299,10495991.0,118743325.0,-2.982059186419705,10.73084
HK.02611,国泰海通,2025-04-01 00:00:00,10.41084,10.63084,10.63084,10.35084,14.411,0.0032,11235811.0,128489814.0,2.11318202950001,10.41084
HK.02611,国泰海通,2025-04-02 00:00:00,10.49084,10.71084,10.71084,10.49084,14.511,0.00131,4599640.0,53056143.0,0.7525275519149952,10.63084
HK.02611,国泰海通,2025-04-03 00:00:00,10.57084,10.47084,10.65084,10.43084,14.21,0.00207,7258938.0,82547587.0,-2.240720615750011,10.71084
HK.02611,国泰海通,2025-04-07 00:00:00,9.53084,8.64084,9.71084,8.55084,11.917,0.01404,49217903.0,483312590.0,-17.477107853811155,10.47084
HK.02611,国泰海通,2025-04-08 00:00:00,8.68084,9.08084,9.10084,8.68084,12.468,0.0055,19288356.0,190181951.0,5.092097527555185,8.64084
HK.02611,国泰海通,2025-04-09 00:00:00,9.06084,9.21084,9.29084,8.65084,12.631,0.00552,19348344.0,190611511.0,1.4315856242373943,9.08084
HK.02611,国泰海通,2025-04-10 00:00:00,9.49084,9.27084,9.59084,9.27084,12.706,0.00376,13167920.0,135500455.0,0.6514063863882177,9.21084
HK.02611,国泰海通,2025-04-11 00:00:00,9.27084,9.55084,9.73084,9.27084,13.057,0.00402,14090730.0,146638500.0,3.0202225472557087,9.27084
HK.02611,国泰海通,2025-04-14 00:00:00,9.73084,9.71084,9.81084,9.63084,13.258,0.00309,10847312.0,114808754.0,1.6752453187363452,9.55084
HK.02611,国泰海通,2025-04-15 00:00:00,9.69084,9.91084,9.93084,9.67084,13.508,0.00255,8922655.0,95316845.0,2.0595540653537805,9.71084
HK.02611,国泰海通,2025-04-16 00:00:00,9.93084,9.73084,9.93084,9.63084,13.283,0.00192,6746632.0,71502085.0,-1.8161931783784189,9.91084
HK.02611,国泰海通,2025-04-17 00:00:00,9.75084,9.77084,9.89084,9.63084,13.333,0.0031,10878401.0,115920906.0,0.4110642041180324,9.73084
HK.02611,国泰海通,2025-04-22 00:00:00,9.77084,9.81084,9.89084,9.73084,13.383,0.00277,9699226.0,103520317.0,0.40938138379096295,9.77084
HK.02611,国泰海通,2025-04-23 00:00:00,9.91084,9.93084,9.99084,9.79084,13.533,0.00294,10302100.0,111058829.0,1.2231368567828975,9.81084
HK.02611,国泰海通,2025-04-24 00:00:00,9.95084,9.95084,10.11084,9.87084,13.558,0.00195,6827416.0,74060342.0,0.20139283283186088,9.93084
HK.02611,国泰海通,2025-04-25 00:00:00,10.03084,10.13084,10.23084,10.01084,13.784,0.00279,9791611.0,107718196.0,1.80889251560672,9.95084
HK.02611,国泰海通,2025-04-28 00:00:00,10.13084,10.07084,10.13084,9.91084,13.709,0.00116,4057476.0,44177138.0,-0.5922509880720526,10.13084
HK.02611,国泰海通,2025-04-29 00:00:00,10.07084,10.07084,10.13084,9.95084,13.709,0.00125,4398484.0,48087114.0,0.0,10.07084
HK.02611,国泰海通,2025-04-30 00:00:00,10.19084,10.21084,10.25084,10.11084,13.884,0.00301,10563097.0,116609106.0,1.3901521620837864,10.07084
HK.02611,国泰海通,2025-05-02 00:00:00,10.21084,10.13084,10.21084,9.97084,13.784,0.00062,2188565.0,24020758.0,-0.7834810848079108,10.21084
HK.02611,国泰海通,2025-05-06 00:00:00,10.23084,10.21084,10.31084,10.13084,13.884,0.00182,6383538.0,70793962.0,0.7896679840960876,10.13084
HK.02611,国泰海通,2025-05-07 00:00:00,10.43084,10.03084,10.57084,9.97084,13.659,0.00482,16893174.0,186297140.0,-1.762832440817795,10.21084
HK.02611,国泰海通,2025-05-08 00:00:00,10.03084,9.97084,10.13084,9.93084,13.583,0.00169,5925269.0,64595104.0,-0.5981552890884385,10.03084
HK.02611,国泰海通,2025-05-09 00:00:00,10.03084,9.95084,10.03084,9.85084,13.558,0.0016,5609791.0,60611356.0,-0.20058490558469846,9.97084
HK.02611,国泰海通,2025-05-12 00:00:00,10.05084,10.35084,10.37084,9.97084,14.06,0.00466,16321618.0,181047122.0,4.019761145792721,9.95084
HK.02611,国泰海通,2025-05-13 00:00:00,10.41084,10.13084,10.41084,10.09084,13.784,0.00217,7612617.0,84130013.0,-2.125431365956779,10.35084
HK.02611,国泰海通,2025-05-14 00:00:00,10.21084,10.45084,10.53084,10.11084,14.185,0.00539,18891754.0,212387641.0,3.1586719363843505,10.13084
HK.02611,国泰海通,2025-05-15 00:00:00,10.43084,10.27084,10.43084,10.23084,13.959,0.00182,6364032.0,71051384.0,-1.7223495910376556,10.45084
HK.02611,国泰海通,2025-05-16 00:00:00,10.23084,10.13084,10.27084,10.07084,13.784,0.00152,5334632.0,58711209.0,-1.3630822795409194,10.27084
HK.02611,国泰海通,2025-05-19 00:00:00,10.09084,10.13084,10.19084,10.05084,13.784,0.00111,3903227.0,42880950.0,0.0,10.13084
HK.02611,国泰海通,2025-05-20 00:00:00,10.07084,10.21084,10.23084,10.05084,13.884,0.00148,5185199.0,57195989.0,0.7896679840960876,10.13084
HK.02611,国泰海通,2025-05-21 00:00:00,10.21084,10.33084,10.35084,10.15084,14.035,0.00217,7620215.0,85038436.0,1.175221627211875,10.21084
HK.02611,国泰海通,2025-05-22 00:00:00,10.31084,10.27084,10.35084,10.21084,13.959,0.00152,5339964.0,59557563.0,-0.5807852991625123,10.33084
HK.02611,国泰海通,2025-05-23 00:00:00,10.23084,10.41084,10.51084,10.23084,14.135,0.00418,14648040.0,165070591.0,1.3630822795409194,10.27084
HK.02611,国泰海通,2025-05-26 00:00:00,10.45084,10.31084,10.45084,10.27084,14.01,0.00128,4503650.0,50437825.0,-0.9605372861363698,10.41084
HK.02611,国泰海通,2025-05-27 00:00:00,10.27084,10.25084,10.37084,10.19084,13.934,0.00108,3800711.0,42323970.0,-0.5819118519926649,10.31084
HK.02611,国泰海通,2025-05-28 00:00:00,10.35084,10.25084,10.35084,10.19084,13.934,0.00115,4033120.0,44769846.0,0.0,10.25084
HK.02611,国泰海通,2025-05-29 00:00:00,10.21084,10.41084,10.43084,10.19084,14.135,0.00307,10772768.0,120757760.0,1.5608476963839073,10.25084
HK.02611,国泰海通,2025-05-30 00:00:00,10.29084,10.23084,10.39084,10.19084,13.909,0.00747,26183127.0,290689423.0,-1.728967115045469,10.41084
HK.02611,国泰海通,2025-06-02 00:00:00,10.25084,10.03084,10.25084,9.75084,13.659,0.00248,8681142.0,94751419.0,-1.9548736956105368,10.23084
HK.02611,国泰海通,2025-06-03 00:00:00,10.15084,10.35084,10.43084,10.13084,14.06,0.00355,12460373.0,139655022.0,3.190161541805076,10.03084
HK.02611,国泰海通,2025-06-04 00:00:00,10.41084,10.53084,10.53084,10.39084,14.285,0.00346,12136867.0,137753582.0,1.7389892994191751,10.35084
HK.02611,国泰海通,2025-06-05 00:00:00,10.55084,10.73084,10.75084,10.45084,14.536,0.00505,17687228.0,203531735.0,1.8991837308324984,10.53084
HK.02611,国泰海通,2025-06-06 00:00:00,10.77084,10.69084,10.77084,10.63084,14.486,0.00213,7468647.0,86335206.0,-0.3727573983024714,10.73084
HK.02611,国泰海通,2025-06-09 00:00:00,10.79084,10.89084,11.03084,10.77084,14.736,0.00588,20614512.0,242662978.0,1.870760389267832,10.69084
HK.02611,国泰海通,2025-06-10 00:00:00,10.93084,10.81084,10.99084,10.63084,14.636,0.00398,13955132.0,163370136.0,-0.7345622559876013,10.89084
HK.02611,国泰海通,2025-06-11 00:00:00,10.89595,11.19595,11.31595,10.89595,14.736,0.00711,24923388.0,292777605.0,3.562257881903711,10.81084
HK.02611,国泰海通,2025-06-12 00:00:00,11.15595,11.51595,11.59595,11.05595,15.137,0.01154,40471284.0,484931833.0,2.8581763941425273,11.19595
HK.02611,国泰海通,2025-06-13 00:00:00,11.41595,11.37595,11.53595,11.19595,14.962,0.00575,20147535.0,240079090.0,-1.215705174128062,11.51595
HK.02611,国泰海通,2025-06-16 00:00:00,11.27595,11.53595,11.59595,11.21595,15.162,0.00532,18650622.0,223201724.0,1.4064759426685256,11.37595
HK.02611,国泰海通,2025-06-17 00:00:00,11.45595,11.49595,11.57595,11.41595,15.112,0.00293,10274601.0,123710014.0,-0.3467421408726559,11.53595
HK.02611,国泰海通,2025-06-18 00:00:00,11.41595,11.17595,11.47595,11.13595,14.711,0.00257,9008865.0,106124944.0,-2.783589003083697,11.49595
HK.02611,国泰海通,2025-06-19 00:00:00,11.19595,10.87595,11.21595,10.73595,14.335,0.00292,10245010.0,117686731.0,-2.684335559840557,11.17595
HK.02611,国泰海通,2025-06-20 00:00:00,11.01595,10.97595,11.01595,10.85595,14.461,0.00269,9414130.0,108373281.0,0.9194599092493037,10.87595
HK.02611,国泰海通,2025-06-23 00:00:00,10.89595,11.17595,11.23595,10.87595,14.711,0.00257,9026090.0,104968577.0,1.8221657350844447,10.97595
HK.02611,国泰海通,2025-06-24 00:00:00,11.23595,11.69595,11.75595,11.23595,15.363,0.00852,29868099.0,362969228.0,4.652848303723617,11.17595
HK.02611,国泰海通,2025-06-25 00:00:00,12.01595,12.97595,12.97595,11.95595,16.967,0.03733,130868168.0,1704907098.0,10.94395923375185,11.69595
HK.02611,国泰海通,2025-06-26 00:00:00,13.11595,12.17595,13.13595,12.03595,15.964,0.01867,65470065.0,848277190.0,-6.165251869805285,12.97595
HK.02611,国泰海通,2025-06-27 00:00:00,12.23595,12.13595,12.47595,12.01595,15.914,0.01002,35117933.0,449518619.0,-0.32851646072791796,12.17595
HK.02611,国泰海通,2025-06-30 00:00:00,12.25595,12.03595,12.31595,11.97595,15.789,0.00626,21932928.0,278133315.0,-0.8239981212842806,12.13595
HK.02611,国泰海通,2025-07-02 00:00:00,12.15595,12.01595,12.21595,11.89595,15.764,0.00452,15850273.0,199036846.0,-0.16616885247944346,12.03595
HK.02611,国泰海通,2025-07-03 00:00:00,12.09595,12.15595,12.17595,11.95595,15.939,0.00353,12372344.0,156630170.0,1.165118030617642,12.01595
HK.02611,国泰海通,2025-07-04 00:00:00,12.17595,12.19595,12.43595,11.93595,15.989,0.00536,18778816.0,239794814.0,0.3290569638736516,12.15595
HK.02611,国泰海通,2025-07-07 00:00:00,12.13595,12.49595,12.49595,12.07595,16.365,0.00593,20785429.0,268533954.0,2.4598329773408443,12.19595
HK.02611,国泰海通,2025-07-08 00:00:00,12.49595,12.87595,12.91595,12.35595,16.842,0.00681,23882188.0,316813428.0,3.040985279230463,12.49595
HK.02611,国泰海通,2025-07-09 00:00:00,12.93595,13.01595,13.29595,12.81595,17.017,0.01067,37409734.0,509991899.0,1.0872984129326424,12.87595
HK.02611,国泰海通,2025-07-10 00:00:00,13.01595,13.53595,13.67595,12.89595,17.669,0.01108,38860181.0,544753493.0,3.9950983216745577,13.01595
HK.02611,国泰海通,2025-07-11 00:00:00,13.95595,15.01595,16.03595,13.95595,19.523,0.05244,183838796.0,2876523877.0,10.93384653459861,13.53595
HK.02611,国泰海通,2025-07-14 00:00:00,15.31595,14.69595,15.31595,14.61595,19.122,0.01283,44975327.0,689750469.0,-2.131067298439328,15.01595
HK.02611,国泰海通,2025-07-15 00:00:00,14.79595,14.27595,14.95595,14.15595,18.596,0.01241,43521958.0,650095104.0,-2.8579302460882077,14.69595
HK.02611,国泰海通,2025-07-16 00:00:00,14.41595,14.25595,14.41595,14.03595,18.571,0.00623,21829399.0,322623027.0,-0.14009575544884628,14.27595
HK.02611,国泰海通,2025-07-17 00:00:00,14.31595,14.43595,14.43595,14.07595,18.796,0.00607,21278628.0,316027229.0,1.2626306910447898,14.25595
HK.02611,国泰海通,2025-07-18 00:00:00,14.49595,14.87595,14.99595,14.39595,19.348,0.01019,35734313.0,545286321.0,3.0479462730197837,14.43595
HK.02611,国泰海通,2025-07-21 00:00:00,15.03595,15.21595,15.43595,14.81595,19.774,0.01036,36332529.0,571032062.0,2.2855683166453225,14.87595
HK.02611,国泰海通,2025-07-22 00:00:00,15.21595,15.09595,15.23595,14.75595,19.624,0.00811,28426327.0,442209642.0,-0.7886461246257988,15.21595
HK.02611,国泰海通,2025-07-23 00:00:00,15.09595,15.31595,15.43595,15.05595,19.899,0.01018,35677761.0,565051350.0,1.457344519556574,15.09595
HK.02611,国泰海通,2025-07-24 00:00:00,15.31595,15.815949999,15.87595,15.25595,20.526,0.01201,42097123.0,682828915.0,3.2645705881776834,15.31595
HK.02611,国泰海通,2025-07-25 00:00:00,15.835949999,16.05595,16.315949999,15.73595,20.827,0.01863,65323883.0,1087751169.0,1.5174554864878371,15.815949999
HK.02611,国泰海通,2025-07-28 00:00:00,16.45595,16.63595,17.01595,16.335949999,21.553,0.0195,68373118.0,1180600074.0,3.6123680006477468,16.05595
HK.02611,国泰海通,2025-07-29 00:00:00,16.71595,16.95595,17.37595,16.29595,21.954,0.01974,69220863.0,1205051551.0,1.92354509360752,16.63595
HK.02611,国泰海通,2025-07-30 00:00:00,16.81595,16.81595,17.07595,16.43595,21.779,0.01251,43865540.0,760927985.0,-0.825668865501494,16.95595
HK.02611,国泰海通,2025-07-31 00:00:00,16.55595,16.35595,16.75595,16.11595,21.203,0.00979,34315911.0,581848413.0,-2.735498143131972,16.81595
HK.02611,国泰海通,2025-08-01 00:00:00,16.315949999,16.03595,16.515949999,15.77595,20.802,0.01098,38501346.0,640453428.0,-1.956474555131315,16.35595
HK.02611,国泰海通,2025-08-04 00:00:00,15.87595,16.25595,16.29595,15.815949999,21.077,0.00489,17159725.0,285789527.0,1.3719174729280077,16.03595
HK.02611,国泰海通,2025-08-05 00:00:00,16.13595,16.43595,16.60595,16.13595,21.303,0.00503,17649165.0,299465068.0,1.1072868703459333,16.25595
HK.02611,国泰海通,2025-08-06 00:00:00,16.43595,16.57595,16.68595,16.335949999,21.478,0.00465,16305387.0,278747789.0,0.8517913476251788,16.43595
HK.02611,国泰海通,2025-08-07 00:00:00,16.69595,16.66595,16.90595,16.35595,21.591,0.0061,21400348.0,367849181.0,0.5429553057290826,16.57595
HK.02611,国泰海通,2025-08-08 00:00:00,16.66595,16.46595,16.70595,16.335949999,21.34,0.00467,16363184.0,280122675.0,-1.2000516022188914,16.66595
HK.02611,国泰海通,2025-08-11 00:00:00,16.53595,16.55595,16.69595,16.16595,21.453,0.00507,17781058.0,303408749.0,0.5465824929627496,16.46595
HK.02611,国泰海通,2025-08-12 00:00:00,16.62595,16.82595,16.90595,16.405949999,21.791,0.00501,17566342.0,302945574.0,1.6308336277894024,16.55595
HK.02611,国泰海通,2025-08-13 00:00:00,16.97595,16.90595,17.12595,16.57595,21.892,0.00678,23785332.0,415195890.0,0.4754560663736779,16.82595
HK.02611,国泰海通,2025-08-14 00:00:00,17.03595,17.01595,17.40595,16.87595,22.03,0.00957,33565560.0,593623125.0,0.6506584959733078,16.90595
HK.02611,国泰海通,2025-08-15 00:00:00,16.86595,17.62595,17.81595,16.79595,22.794,0.01169,40970987.0,741631205.0,3.5848718408316866,17.01595
HK.02611,国泰海通,2025-08-18 00:00:00,17.69595,17.68595,17.99595,17.53595,22.869,0.01171,41057870.0,752873043.0,0.34040718372626,17.62595
HK.02611,国泰海通,2025-08-19 00:00:00,17.53595,17.15595,17.81595,17.03595,22.205,0.00584,20487033.0,366575876.0,-2.9967290419796373,17.68595
HK.02611,国泰海通,2025-08-20 00:00:00,16.98595,16.86595,16.99595,16.515949999,21.842,0.0067,23477996.0,406972870.0,-1.6903756422698781,17.15595
HK.02611,国泰海通,2025-08-21 00:00:00,17.20595,16.85595,17.48595,16.63595,21.829,0.00768,26907926.0,471381388.0,-0.05929105683345179,16.86595
HK.02611,国泰海通,2025-08-22 00:00:00,16.85595,16.91595,17.02595,16.57595,21.904,0.00568,19896317.0,345902209.0,0.35595739190018194,16.85595
HK.02611,国泰海通,2025-08-25 00:00:00,16.91595,16.70595,17.05595,16.43595,21.641,0.01274,44675485.0,769126543.0,-1.2414319030264178,16.91595
HK.02611,国泰海通,2025-08-26 00:00:00,16.70595,16.46595,16.70595,16.335949999,21.34,0.00825,28926710.0,494274386.0,-1.4366139010352716,16.70595
HK.02611,国泰海通,2025-08-27 00:00:00,16.46595,15.91595,16.585949999,15.78595,20.651,0.00859,30122090.0,502264359.0,-3.340226345883468,16.46595
HK.02611,国泰海通,2025-08-28 00:00:00,16.02595,15.95595,16.175949999,15.70595,20.701,0.00517,18116928.0,299087580.0,0.2513202165123612,15.91595
HK.02611,国泰海通,2025-08-29 00:00:00,16.245949999,15.72595,16.41595,15.64595,20.413,0.00586,20556608.0,339965736.0,-1.4414685430826772,15.95595
HK.02611,国泰海通,2025-09-01 00:00:00,15.925949999,15.48595,16.265949999,15.28595,20.112,0.00816,28618079.0,461257197.0,-1.5261399152356356,15.72595
HK.02611,国泰海通,2025-09-02 00:00:00,15.43595,15.21595,15.59595,15.13595,19.774,0.00775,27164373.0,430096522.0,-1.7435158966676332,15.48595
HK.02611,国泰海通,2025-09-03 00:00:00,15.23595,14.66595,15.29595,14.60595,19.085,0.00741,25978126.0,398664888.0,-3.614628071201594,15.21595
HK.02611,国泰海通,2025-09-04 00:00:00,14.78595,14.82595,14.96595,14.53595,19.285,0.00481,16878672.0,257722348.0,1.0909623992990576,14.66595
HK.02611,国泰海通,2025-09-05 00:00:00,14.98595,15.16595,15.27595,14.66595,19.711,0.00495,17365329.0,270823228.0,2.2932763161888436,14.82595
HK.02611,国泰海通,2025-09-08 00:00:00,15.21595,15.20595,15.48595,15.16595,19.761,0.00413,14491852.0,229685198.0,0.26374872658817383,15.16595
HK.02611,国泰海通,2025-09-09 00:00:00,15.27595,15.66595,15.87595,15.13595,20.338,0.00915,32095172.0,520519998.0,3.0251316096659586,15.20595
HK.02611,国泰海通,2025-09-10 00:00:00,15.60595,15.95595,16.29595,15.60595,20.701,0.00666,23365492.0,387935255.0,1.8511485099850258,15.66595
HK.02611,国泰海通,2025-09-11 00:00:00,16.12039,16.15039,16.35039,15.83039,20.739,0.0048,16824576.0,278508926.0,1.218604971813035,15.95595
HK.02611,国泰海通,2025-09-12 00:00:00,16.20039,16.35039,16.39039,16.000389999,20.989,0.00384,13462045.0,223818281.0,1.238360188205977,16.15039
HK.02611,国泰海通,2025-09-15 00:00:00,16.410389999,16.15039,16.410389999,16.000389999,20.739,0.0035,12253054.0,202812777.0,-1.2232124126702744,16.35039
HK.02611,国泰海通,2025-09-16 00:00:00,16.21039,16.000389999,16.22039,15.77039,20.551,0.0031,10853297.0,177248527.0,-0.9287701473463006,16.15039
HK.02611,国泰海通,2025-09-17 00:00:00,15.980389999,16.06039,16.230389999,15.83039,20.626,0.00426,14927533.0,245176198.0,0.37499086587109604,16.000389999
HK.02611,国泰海通,2025-09-18 00:00:00,16.180389999,15.840389999,16.180389999,15.53039,20.35,0.00545,19100790.0,309175820.0,-1.36982975506823,16.06039
HK.02611,国泰海通,2025-09-19 00:00:00,15.840389999,15.78039,15.88039,15.41039,20.275,0.00387,13567365.0,218036217.0,-0.37877854651171106,15.840389999
HK.02611,国泰海通,2025-09-22 00:00:00,15.76039,15.46039,15.76039,15.30039,19.874,0.00394,13802442.0,218083013.0,-2.0278332791521647,15.78039
HK.02611,国泰海通,2025-09-23 00:00:00,15.45039,15.12039,15.45039,14.94039,19.448,0.00448,15713362.0,243020823.0,-2.1991683262841355,15.46039
HK.02611,国泰海通,2025-09-24 00:00:00,15.01039,15.04039,15.19039,14.78039,19.348,0.00409,14323188.0,220314332.0,-0.5290868820182553,15.12039
HK.02611,国泰海通,2025-09-25 00:00:00,15.11039,14.86039,15.11039,14.76039,19.122,0.00322,11301816.0,172501769.0,-1.1967774771797786,15.04039
HK.02611,国泰海通,2025-09-26 00:00:00,14.84039,14.66039,14.85039,14.51039,18.872,0.00536,18778081.0,283592405.0,-1.3458596981640525,14.86039
HK.02611,国泰海通,2025-09-29 00:00:00,14.62039,15.57039,15.930389999,14.62039,20.012,0.0087,30489803.0,485225900.0,6.207201854793769,14.66039
HK.02611,国泰海通,2025-09-30 00:00:00,15.71039,15.660389999,15.80039,15.48039,20.125,0.00518,18164476.0,291273296.0,0.5780201973104063,15.57039
HK.02611,国泰海通,2025-10-02 00:00:00,15.54039,15.70039,15.750389999,15.21039,20.175,0.00148,5185667.0,82752701.0,0.25542148696523664,15.660389999
HK.02611,国泰海通,2025-10-03 00:00:00,15.65039,15.70039,15.840389999,15.57039,20.175,0.00069,2428968.0,39041902.0,0.0,15.70039
HK.02611,国泰海通,2025-10-06 00:00:00,15.70039,15.59039,15.70039,15.48039,20.037,0.00036,1277220.0,20380426.0,-0.700619538750319,15.70039
HK.02611,国泰海通,2025-10-08 00:00:00,15.41039,15.59039,15.64039,15.25039,20.037,0.00076,2648507.0,41971463.0,0.0,15.59039
HK.02611,国泰海通,2025-10-09 00:00:00,15.63039,15.29039,15.65039,15.10039,19.661,0.0068,23831223.0,373440259.0,-1.9242623180048668,15.59039
HK.02611,国泰海通,2025-10-10 00:00:00,15.24039,14.89039,15.46039,14.78039,19.16,0.00622,21805968.0,337461257.0,-2.616022220492743,15.29039
HK.02611,国泰海通,2025-10-13 00:00:00,14.50039,14.81039,14.86039,14.36039,19.06,0.00814,28549287.0,430868152.0,-0.5372592658755081,14.89039
HK.02611,国泰海通,2025-10-14 00:00:00,14.81039,14.72039,15.23039,14.61039,18.947,0.00352,12338288.0,188364560.0,-0.607681499271794,14.81039
HK.02611,国泰海通,2025-10-15 00:00:00,14.82039,15.09039,15.19039,14.73039,19.411,0.00455,15957873.0,246826544.0,2.5135203618925805,14.72039
HK.02611,国泰海通,2025-10-16 00:00:00,15.21039,15.26039,15.43039,15.00039,19.624,0.00519,18203888.0,285016596.0,1.126544774522063,15.09039
HK.02611,国泰海通,2025-10-17 00:00:00,15.30039,14.65039,15.30039,14.56039,18.859,0.00541,18970493.0,287864957.0,-3.9972766095755055,15.26039
HK.02611,国泰海通,2025-10-20 00:00:00,14.84039,14.86039,14.90039,14.62039,19.122,0.00294,10311720.0,156408645.0,1.4334089399667915,14.65039
HK.02611,国泰海通,2025-10-21 00:00:00,14.92039,14.92039,15.33039,14.86039,19.197,0.00446,15651728.0,242330776.0,0.403757909449205,14.86039
HK.02611,国泰海通,2025-10-22 00:00:00,14.95039,14.80039,14.95039,14.66039,19.047,0.0023,8073494.0,122378581.0,-0.8042685211311449,14.92039
HK.02611,国泰海通,2025-10-23 00:00:00,14.72039,14.89039,14.99039,14.60039,19.16,0.00351,12321712.0,187004006.0,0.6080920840599461,14.80039
HK.02611,国泰海通,2025-10-24 00:00:00,14.97039,15.20039,15.40039,14.97039,19.548,0.00508,17819307.0,277451471.0,2.0818796552675956,14.89039
HK.02611,国泰海通,2025-10-27 00:00:00,15.44039,15.16039,15.69039,15.08039,19.498,0.00807,28276949.0,445462749.0,-0.2631511428325255,15.20039
HK.02611,国泰海通,2025-10-28 00:00:00,15.26039,14.74039,15.26039,14.63039,18.972,0.00634,22220613.0,337592427.0,-2.7703772792124735,15.16039
HK.02611,国泰海通,2025-10-30 00:00:00,15.12039,14.71039,15.12039,14.53039,18.934,0.00807,28275200.0,427973160.0,-0.20352243054627023,14.74039
HK.02611,国泰海通,2025-10-31 00:00:00,14.81039,14.48039,14.82039,14.41039,18.646,0.00747,26186756.0,391134731.0,-1.5635207496198293,14.71039
HK.02611,国泰海通,2025-11-03 00:00:00,14.48039,14.88039,14.93039,14.44039,19.147,0.00295,10345948.0,156496252.0,2.7623565387396356,14.48039
HK.02611,国泰海通,2025-11-04 00:00:00,14.88039,15.15039,15.20039,14.68039,19.486,0.0061,21384068.0,330968622.0,1.8144685723962852,14.88039
HK.02611,国泰海通,2025-11-05 00:00:00,15.08039,15.05039,15.23039,14.94039,19.36,0.00374,13125656.0,203209730.0,-0.6600490152398694,15.15039
HK.02611,国泰海通,2025-11-06 00:00:00,15.12039,15.54039,15.660389999,15.10039,19.974,0.00407,14258974.0,226668406.0,3.2557295857449557,15.05039
HK.02611,国泰海通,2025-11-07 00:00:00,15.50039,15.50039,15.58039,15.35039,19.924,0.00153,5354366.0,84902155.0,-0.2573937977103594,15.54039
HK.02611,国泰海通,2025-11-10 00:00:00,15.50039,15.88039,15.910389999,15.36039,20.401,0.00397,13930237.0,224828114.0,2.4515512190338486,15.50039
HK.02611,国泰海通,2025-11-11 00:00:00,15.930389999,15.87039,15.95039,15.680389999,20.388,0.00223,7831094.0,127040980.0,-0.06297074568067779,15.88039
HK.02611,国泰海通,2025-11-12 00:00:00,15.730389999,15.95039,16.15039,15.72039,20.488,0.00247,8655384.0,141713434.0,0.5040833905152934,15.87039
HK.02611,国泰海通,2025-11-13 00:00:00,15.90039,16.230389999,16.340389999,15.90039,20.839,0.00418,14670176.0,243391783.0,1.7554429640905287,15.95039
HK.02611,国泰海通,2025-11-14 00:00:00,16.11039,16.02039,16.19039,15.910389999,20.576,0.00263,9212976.0,151562483.0,-1.2938690876370775,16.230389999
HK.02611,国泰海通,2025-11-17 00:00:00,16.000389999,15.88039,16.02039,15.72039,20.401,0.00299,10468150.0,169894349.0,-0.8738863410940607,16.02039
HK.02611,国泰海通,2025-11-18 00:00:00,15.88039,15.60039,16.01039,15.56039,20.05,0.00189,6616160.0,106721149.0,-1.7631808790590116,15.88039
HK.02611,国泰海通,2025-11-19 00:00:00,15.59039,15.59039,15.86039,15.52039,20.037,0.00172,6025767.0,96615042.0,-0.06410096157853465,15.60039
HK.02611,国泰海通,2025-11-20 00:00:00,15.910389999,15.55039,16.08039,15.51039,19.987,0.00143,5016277.0,80707379.0,-0.256568309067311,15.59039
HK.02611,国泰海通,2025-11-21 00:00:00,15.40039,14.76039,15.40039,14.73039,18.997,0.00475,16664563.0,255747667.0,-5.080258437248204,15.55039
HK.02611,国泰海通,2025-11-24 00:00:00,14.84039,14.83039,14.99039,14.68039,19.085,0.00392,13752143.0,209018675.0,0.4742422117572794,14.76039
HK.02611,国泰海通,2025-11-25 00:00:00,14.99039,15.00039,15.19039,14.89039,19.298,0.00146,5127086.0,79081237.0,1.1462948715441734,14.83039
HK.02611,国泰海通,2025-11-26 00:00:00,14.93039,14.98039,15.15039,14.93039,19.273,0.00153,5362659.0,82931961.0,-0.1333298667567948,15.00039
HK.02611,国泰海通,2025-11-27 00:00:00,14.95039,15.04039,15.18039,14.95039,19.348,0.00201,7046656.0,108886881.0,0.4005236178764405,14.98039
HK.02611,国泰海通,2025-11-28 00:00:00,14.95039,15.15039,15.17039,14.93039,19.486,0.00145,5078682.0,78654917.0,0.7313640138320843,15.04039
HK.02611,国泰海通,2025-12-01 00:00:00,15.00039,15.11039,15.20039,14.97039,19.436,0.00158,5523057.0,85532586.0,-0.26401960609594305,15.15039
HK.02611,国泰海通,2025-12-02 00:00:00,15.04039,15.20039,15.24039,15.01039,19.548,0.00182,6397336.0,99433524.0,0.5956166584714216,15.11039
HK.02611,国泰海通,2025-12-03 00:00:00,15.21039,14.81039,15.23039,14.76039,19.06,0.00163,5717111.0,87310288.0,-2.565723642617068,15.20039
HK.02611,国泰海通,2025-12-04 00:00:00,14.79039,14.90039,14.96039,14.62039,19.172,0.00156,5467620.0,83053410.0,0.607681499271794,14.81039
HK.02611,国泰海通,2025-12-05 00:00:00,14.84039,15.19039,15.35039,14.74039,19.536,0.00266,9336236.0,144848819.0,1.9462577825144236,14.90039
HK.02611,国泰海通,2025-12-08 00:00:00,15.51039,15.61039,16.38039,15.44039,20.062,0.01033,36226138.0,590439177.0,2.7649059701561307,15.19039
HK.02611,国泰海通,2025-12-09 00:00:00,15.80039,15.77039,16.06039,15.50039,20.263,0.00489,17127094.0,278424724.0,1.0249583770809065,15.61039
HK.02611,国泰海通,2025-12-10 00:00:00,15.70039,16.04039,16.04039,15.680389999,20.601,0.00508,17815920.0,289939516.0,1.7120692639814095,15.77039
HK.02611,国泰海通,2025-12-11 00:00:00,16.10039,15.64039,16.20039,15.53039,20.1,0.00356,12475832.0,201041445.0,-2.4937049535578537,16.04039
HK.02611,国泰海通,2025-12-12 00:00:00,15.60039,16.53039,16.55039,15.60039,21.215,0.00999,35022241.0,583440019.0,5.690395188355281,15.64039
HK.02611,国泰海通,2025-12-15 00:00:00,16.28039,16.06039,16.44039,15.96039,20.626,0.00594,20825597.0,345226033.0,-2.843248102434358,16.53039
HK.02611,国泰海通,2025-12-16 00:00:00,16.17039,15.53039,16.17039,15.37039,19.962,0.00459,16076768.0,256568188.0,-3.300044394936867,16.06039
HK.02611,国泰海通,2025-12-17 00:00:00,15.48039,15.89039,15.96039,15.30039,20.413,0.00511,17909570.0,287424123.0,2.318035799487324,15.53039
HK.02611,国泰海通,2025-12-18 00:00:00,15.96039,16.000389999,16.070389999,15.70039,20.551,0.0055,19273792.0,313675898.0,0.6922422860609422,15.89039
HK.02611,国泰海通,2025-12-19 00:00:00,16.06039,16.47039,16.570389999,15.980389999,21.14,0.00363,12743342.0,214608608.0,2.9374284066161716,16.000389999
HK.02611,国泰海通,2025-12-22 00:00:00,16.570389999,16.500389999,16.590389999,16.35039,21.177,0.00226,7934101.0,134188396.0,0.1821450433171349,16.47039
HK.02611,国泰海通,2025-12-23 00:00:00,16.55039,16.70039,16.92039,16.53039,21.428,0.00215,7537196.0,129432041.0,1.2120925687945576,16.500389999
HK.02611,国泰海通,2025-12-24 00:00:00,16.660389999,16.64039,16.83039,16.58039,21.353,0.00092,3213122.0,54944000.0,-0.3592730469168608,16.70039
HK.02611,国泰海通,2025-12-29 00:00:00,16.60039,16.36039,17.02039,16.29039,21.002,0.00433,15191398.0,257607159.0,-1.6826528705156618,16.64039
HK.02611,国泰海通,2025-12-30 00:00:00,16.54039,16.230389999,16.590389999,16.12039,20.839,0.00199,6987345.0,116715233.0,-0.794602090781449,16.36039
HK.02611,国泰海通,2025-12-31 00:00:00,16.230389999,16.24039,16.430389999,16.180389999,20.852,0.00104,3660040.0,61116124.0,0.061612820151689354,16.230389999
HK.02611,国泰海通,2026-01-02 00:00:00,16.13039,16.40039,16.44039,16.04039,21.052,0.00084,2929680.0,49087125.0,0.9851980155648979,16.24039
HK.02611,国泰海通,2026-01-05 00:00:00,16.40039,16.71039,16.91039,16.20039,21.441,0.0063,22090862.0,376909415.0,1.8901989525858758,16.40039
HK.02611,国泰海通,2026-01-06 00:00:00,16.79039,18.02039,18.07039,16.79039,23.082,0.0139,48727653.0,887623691.0,7.8394340287689195,16.71039
HK.02611,国泰海通,2026-01-07 00:00:00,18.05039,17.90039,18.13039,17.65039,22.932,0.00689,24162181.0,442081823.0,-0.6659123359705169,18.02039
HK.02611,国泰海通,2026-01-08 00:00:00,17.73039,17.28039,17.85039,17.10039,22.155,0.00481,16855240.0,298465441.0,-3.463611686672754,17.90039
HK.02611,国泰海通,2026-01-09 00:00:00,17.37039,17.19039,17.50039,16.89039,22.042,0.00457,16019940.0,282150065.0,-0.5208215786796471,17.28039
HK.02611,国泰海通,2026-01-12 00:00:00,17.05039,17.24039,17.31039,16.80039,22.105,0.00274,9606829.0,168124878.0,0.2908601840912318,17.19039
HK.02611,国泰海通,2026-01-13 00:00:00,17.30039,17.67039,18.00039,17.30039,22.644,0.00634,22213631.0,403282156.0,2.4941431139318753,17.24039
HK.02611,国泰海通,2026-01-14 00:00:00,17.83039,17.27039,17.91039,17.23039,22.142,0.00529,18531696.0,332390925.0,-2.263673863451809,17.67039
HK.02611,国泰海通,2026-01-15 00:00:00,17.29039,16.88039,17.29039,16.74039,21.654,0.00415,14543568.0,251591827.0,-2.25820030699944,17.27039
HK.02611,国泰海通,2026-01-16 00:00:00,17.09039,16.67039,17.10039,16.52039,21.39,0.00209,7317240.0,124968649.0,-1.2440470865898081,16.88039
HK.02611,国泰海通,2026-01-19 00:00:00,16.60039,16.40039,16.60039,16.27039,21.052,0.00247,8667610.0,145524717.0,-1.6196381728321867,16.67039
HK.02611,国泰海通,2026-01-20 00:00:00,16.40039,16.46039,16.52039,16.28039,21.127,0.00299,10465840.0,176431409.0,0.36584495856500193,16.40039
HK.02611,国泰海通,2026-01-21 00:00:00,16.38039,16.22039,16.46039,16.17039,20.827,0.00158,5527076.0,92184381.0,-1.4580456477641295,16.46039
HK.02611,国泰海通,2026-01-22 00:00:00,16.22039,16.11039,16.570389999,16.02039,20.689,0.00234,8200296.0,136186737.0,-0.6781587865643147,16.22039
HK.02611,国泰海通,2026-01-23 00:00:00,16.13039,15.95039,16.24039,15.72039,20.488,0.00342,11999006.0,195586718.0,-0.9931479002060061,16.11039
HK.02611,国泰海通,2026-01-26 00:00:00,15.92039,16.10039,16.52039,15.92039,20.676,0.0031,10868969.0,180306660.0,0.9404158769785589,15.95039
HK.02611,国泰海通,2026-01-27 00:00:00,16.10039,16.340389999,16.410389999,15.97039,20.977,0.00385,13494286.0,224752447.0,1.4906471147593217,16.10039
HK.02611,国泰海通,2026-01-28 00:00:00,16.480389999,16.230389999,16.63039,16.15039,20.839,0.00393,13776076.0,230440873.0,-0.6731785471872533,16.340389999
HK.02611,国泰海通,2026-01-29 00:00:00,16.15039,16.430389999,16.590389999,16.10039,21.09,0.00294,10308859.0,172809491.0,1.232256279807952,16.230389999
HK.02611,国泰海通,2026-01-30 00:00:00,16.430389999,16.22039,16.65039,16.180389999,20.827,0.00244,8547314.0,142768963.0,-1.2781193812975953,16.430389999
HK.02611,国泰海通,2026-02-02 00:00:00,16.14039,16.33039,16.90039,16.000389999,20.964,0.00498,17461434.0,293725951.0,0.6781587865643366,16.22039
HK.02611,国泰海通,2026-02-03 00:00:00,16.38039,16.590389999,16.90039,16.27039,21.29,0.00372,13035921.0,220908872.0,1.5921236357490414,16.33039
HK.02611,国泰海通,2026-02-04 00:00:00,16.56039,17.15039,17.48039,16.56039,21.992,0.00598,20952823.0,366493753.0,3.3754480818941377,16.590389999
HK.02611,国泰海通,2026-02-05 00:00:00,17.00039,17.34039,17.43039,16.680389999,22.23,0.00359,12573456.0,219898657.0,1.1078465271052012,17.15039
HK.02611,国泰海通,2026-02-06 00:00:00,17.10039,17.01039,17.26039,16.92039,21.817,0.00171,6011375.0,104965988.0,-1.903071384207612,17.34039
HK.02611,国泰海通,2026-02-09 00:00:00,17.07039,17.40039,17.55039,17.07039,22.305,0.00291,10199044.0,181742698.0,2.2927163927458487,17.01039
HK.02611,国泰海通,2026-02-10 00:00:00,17.40039,17.44039,17.80039,17.30039,22.355,0.00262,9179988.0,164313167.0,0.22987990499063032,17.40039
HK.02611,国泰海通,2026-02-11 00:00:00,17.44039,17.16039,17.50039,17.08039,22.005,0.00141,4926006.0,86668268.0,-1.6054686850466138,17.44039
HK.02611,国泰海通,2026-02-12 00:00:00,17.11039,17.30039,17.40039,17.09039,22.18,0.00142,4985809.0,88211875.0,0.8158322742082235,17.16039
HK.02611,国泰海通,2026-02-13 00:00:00,17.26039,17.15039,17.39039,16.99039,21.992,0.00156,5473362.0,96050109.0,-0.8670324773025265,17.30039
HK.02611,国泰海通,2026-02-16 00:00:00,17.38039,17.05039,17.38039,16.74039,21.867,0.00022,761202.0,13232927.0,-0.5830771195290685,17.15039
HK.02611,国泰海通,2026-02-20 00:00:00,16.70039,17.21039,17.44039,16.70039,22.067,0.00068,2383835.0,41958399.0,0.9383949575346965,17.05039
HK.02611,国泰海通,2026-02-23 00:00:00,17.18039,17.48039,17.68039,17.18039,22.406,0.00079,2754825.0,49316516.0,1.568819765269698,17.21039
HK.02611,国泰海通,2026-02-24 00:00:00,17.24039,16.64039,17.24039,16.63039,21.353,0.00194,6805972.0,116985936.0,-4.805384776884268,17.48039
HK.02611,国泰海通,2026-02-25 00:00:00,16.67039,16.680389999,17.00039,16.65039,21.403,0.0014,4924303.0,84584499.0,0.24037897549275627,16.64039
HK.02611,国泰海通,2026-02-26 00:00:00,16.88039,15.58039,16.86039,15.48039,20.025,0.00761,26691835.0,433637003.0,-6.594570025436727,16.680389999
HK.02611,国泰海通,2026-02-27 00:00:00,15.58039,15.54039,15.62039,15.32039,19.974,0.00555,19447214.0,308687870.0,-0.256732982935595,15.58039
HK.02611,国泰海通,2026-03-02 00:00:00,15.35039,15.09039,15.38039,14.91039,19.411,0.00359,12580188.0,195176696.0,-2.8956802242414836,15.54039
HK.02611,国泰海通,2026-03-03 00:00:00,15.08039,14.93039,15.34039,14.87039,19.21,0.00255,8950128.0,138221643.0,-1.0602774348442958,15.09039
HK.02611,国泰海通,2026-03-04 00:00:00,14.81039,14.40039,15.01039,14.16039,18.546,0.00406,14226737.0,210862674.0,-3.549806803439156,14.93039
HK.02611,国泰海通,2026-03-05 00:00:00,14.50039,14.32039,14.68039,14.21039,18.446,0.00187,6549343.0,96983140.0,-0.5555405096667526,14.40039
HK.02611,国泰海通,2026-03-06 00:00:00,14.31039,14.62039,14.66039,14.22039,18.822,0.00162,5687784.0,84841086.0,2.0949150127894614,14.32039
HK.02611,国泰海通,2026-03-09 00:00:00,14.40039,14.22039,14.40039,13.77039,18.32,0.00479,16782990.0,242209704.0,-2.735905129753723,14.62039
HK.02611,国泰海通,2026-03-10 00:00:00,14.40039,14.44039,14.55039,14.17039,18.596,0.00432,15127519.0,223303582.0,1.54707430668217,14.22039
HK.02611,国泰海通,2026-03-11 00:00:00,14.55039,14.45039,14.55039,14.22039,18.609,0.00178,6238136.0,92322038.0,0.06925020723124367,14.44039
HK.02611,国泰海通,2026-03-12 00:00:00,14.29039,13.82039,14.33039,13.57039,17.819,0.0082,28733271.0,407777561.0,-4.35974392386642,14.45039
HK.02611,国泰海通,2026-03-13 00:00:00,13.70039,13.70039,13.96039,13.58039,17.669,0.00581,20374794.0,288414699.0,-0.868282298835266,13.82039
HK.02611,国泰海通,2026-03-16 00:00:00,13.65039,13.90039,13.90039,13.55039,17.919,0.00193,6760055.0,95753385.0,1.4598124578935292,13.70039
HK.02611,国泰海通,2026-03-17 00:00:00,13.94039,14.29039,14.58039,13.91039,18.408,0.00365,12813022.0,189384580.0,2.8056766752587556,13.90039
HK.02611,国泰海通,2026-03-18 00:00:00,14.34039,14.11039,14.44039,14.05039,18.182,0.00143,5026891.0,72991257.0,-1.2595877369336994,14.29039
HK.02611,国泰海通,2026-03-19 00:00:00,14.00039,13.92039,14.01039,13.80039,17.944,0.00138,4834488.0,69133031.0,-1.346525503547395,14.11039
HK.02611,国泰海通,2026-03-20 00:00:00,13.96039,13.87039,14.06039,13.72039,17.882,0.00378,13243346.0,189645958.0,-0.3591853389165026,13.92039
HK.02611,国泰海通,2026-03-23 00:00:00,13.70039,13.30039,13.70039,13.16039,17.167,0.00563,19739341.0,271721444.0,-4.109473489930711,13.87039
HK.02611,国泰海通,2026-03-24 00:00:00,13.51039,13.46039,13.56039,13.15039,17.368,0.00369,12952776.0,178812014.0,1.2029722436710513,13.30039
HK.02611,国泰海通,2026-03-25 00:00:00,13.57039,13.75039,13.80039,13.50039,17.731,0.00176,6179114.0,86958907.0,2.154469521314012,13.46039
HK.02611,国泰海通,2026-03-26 00:00:00,13.76039,13.11039,13.76039,13.07039,16.929,0.00355,12436716.0,169574915.0,-4.654413438455192,13.75039
HK.02611,国泰海通,2026-03-27 00:00:00,13.11039,13.22039,13.42039,13.00039,7.796,0.00223,7807292.0,106701050.0,0.8390291974533133,13.11039
HK.02611,国泰海通,2026-03-30 00:00:00,13.15039,13.20039,13.30039,12.94039,7.784,0.002,7024439.0,95080032.0,-0.151281467490744,13.22039
HK.02611,国泰海通,2026-03-31 00:00:00,13.20039,12.98039,13.40039,12.81039,7.658,0.00251,8803817.0,118199696.0,-1.666617425697276,13.20039
HK.02611,国泰海通,2026-04-01 00:00:00,13.23039,13.22039,13.40039,13.10039,7.796,0.00421,14752615.0,200865825.0,1.8489429054134754,12.98039
HK.02611,国泰海通,2026-04-02 00:00:00,13.22039,13.25039,13.25039,12.94039,7.813,0.00193,6760147.0,91411874.0,0.22692220123611603,13.22039
HK.02611,国泰海通,2026-04-08 00:00:00,13.45039,13.62039,13.78039,13.38039,8.025,0.00451,15810586.0,221401069.0,2.7923706396566517,13.25039
HK.02611,国泰海通,2026-04-09 00:00:00,13.50039,13.37039,13.62039,13.28039,7.882,0.00167,5849848.0,80677092.0,-1.835483418609893,13.62039
HK.02611,国泰海通,2026-04-10 00:00:00,13.57039,13.88039,14.34039,13.50039,8.174,0.00459,16101680.0,231465463.0,3.8143988320460345,13.37039
HK.02611,国泰海通,2026-04-13 00:00:00,13.88039,13.81039,13.89039,13.68039,8.133,0.00133,4667600.0,66206123.0,-0.5043085965163823,13.88039
HK.02611,国泰海通,2026-04-14 00:00:00,13.90039,13.90039,14.10039,13.73039,8.185,0.00154,5408560.0,77399107.0,0.6516832616602418,13.81039
HK.02611,国泰海通,2026-04-15 00:00:00,14.10039,13.82039,14.10039,13.79039,8.139,0.00105,3697055.0,52892954.0,-0.5755234205658983,13.90039
HK.02611,国泰海通,2026-04-16 00:00:00,13.82039,14.29039,14.58039,13.82039,8.408,0.00363,12713284.0,186953594.0,3.400772337104819,13.82039
HK.02611,国泰海通,2026-04-17 00:00:00,14.29039,14.13039,14.29039,13.98039,8.317,0.00204,7168512.0,103833942.0,-1.119633543941069,14.29039
HK.02611,国泰海通,2026-04-20 00:00:00,14.34039,14.02039,14.37039,13.92039,8.254,0.00151,5279458.0,76308538.0,-0.7784640055936136,14.13039
HK.02611,国泰海通,2026-04-21 00:00:00,14.05039,13.81039,14.05039,13.64039,8.133,0.00314,11009042.0,155821246.0,-1.4978185342918482,14.02039
HK.02611,国泰海通,2026-04-22 00:00:00,13.72039,13.83039,13.97039,13.68039,8.145,0.00282,9887251.0,140743625.0,0.14481850259116197,13.81039
HK.02611,国泰海通,2026-04-23 00:00:00,13.88039,13.51039,13.88039,13.41039,7.962,0.00242,8486400.0,118152988.0,-2.3137453101467154,13.83039
HK.02611,国泰海通,2026-04-24 00:00:00,13.43039,13.29039,13.44039,13.08039,7.836,0.00174,6116621.0,83409785.0,-1.6283763829171392,13.51039
HK.02611,国泰海通,2026-04-27 00:00:00,13.15039,12.88039,13.33039,12.80039,7.601,0.00511,17910624.0,238523748.0,-3.0849358070003974,13.29039
HK.02611,国泰海通,2026-04-28 00:00:00,13.03039,12.95039,13.30039,12.84039,7.641,0.00313,10980004.0,147714219.0,0.5434618051161516,12.88039
HK.02611,国泰海通,2026-04-29 00:00:00,12.97039,13.20039,13.25039,12.92039,7.784,0.00264,9266800.0,125180107.0,1.9304437935845946,12.95039
HK.02611,国泰海通,2026-04-30 00:00:00,13.20039,13.01039,13.44039,12.97039,7.676,0.00262,9197936.0,124612386.0,-1.4393514131021983,13.20039
HK.02611,国泰海通,2026-05-04 00:00:00,13.01039,13.31039,13.33039,12.91039,7.847,0.00073,2552338.0,34760429.0,2.3058494019011015,13.01039
HK.02611,国泰海通,2026-05-05 00:00:00,13.23,13.25,13.33,13.04,7.584,0.001,3518600.0,46464191.0,-0.4537057141075502,13.31039
HK.02611,国泰海通,2026-05-06 00:00:00,13.33,13.49,13.69,13.26,7.721,0.00166,5805832.0,78224279.0,1.8113207547169825,13.25
HK.02611,国泰海通,2026-05-07 00:00:00,13.41,13.7,13.7,13.41,7.842,0.00242,8492278.0,115300926.0,1.5567086730911717,13.49
HK.02611,国泰海通,2026-05-08 00:00:00,13.74,13.45,13.74,13.42,7.698,0.00236,8279383.0,111788510.0,-1.8248175182481754,13.7
HK.02611,国泰海通,2026-05-11 00:00:00,13.44,13.5,13.57,13.05,7.727,0.00514,18016504.0,240286608.0,0.3717472118959161,13.45
HK.02611,国泰海通,2026-05-12 00:00:00,13.68,13.5,13.82,13.44,7.727,0.00272,9550874.0,130122455.0,0.0,13.5
HK.02611,国泰海通,2026-05-13 00:00:00,13.59,13.44,13.65,13.22,7.693,0.00357,12513208.0,167050884.0,-0.4444444444444481,13.5
HK.02611,国泰海通,2026-05-14 00:00:00,13.52,13.41,13.54,13.27,7.676,0.00269,9430773.0,126626256.0,-0.22321428571428098,13.44
HK.02611,国泰海通,2026-05-15 00:00:00,13.41,13.31,13.44,13.18,7.618,0.00269,9430696.0,125351603.0,-0.7457121551081256,13.41
HK.02611,国泰海通,2026-05-18 00:00:00,13.31,13.22,13.34,13.09,7.567,0.00228,7991096.0,105452075.0,-0.676183320811419,13.31
HK.02611,国泰海通,2026-05-19 00:00:00,13.22,13.38,13.48,13.17,7.658,0.00239,8391407.0,111666814.0,1.2102874432677773,13.22
HK.02611,国泰海通,2026-05-20 00:00:00,13.3,13.2,13.3,13.05,7.555,0.00153,5366456.0,70637207.0,-1.3452914798206388,13.38
HK.02611,国泰海通,2026-05-21 00:00:00,13.2,13.24,13.85,13.13,7.578,0.00505,17712191.0,237535691.0,0.30303030303031003,13.2
HK.02611,国泰海通,2026-05-22 00:00:00,13.35,13.08,13.35,13.06,7.487,0.0022,7700800.0,101260899.0,-1.2084592145015116,13.24
HK.02611,国泰海通,2026-05-26 00:00:00,13.09,13.2,13.47,13.02,7.555,0.00276,9671271.0,128282476.0,0.9174311926605444,13.08
HK.02611,国泰海通,2026-05-27 00:00:00,13.2,13.17,13.4,13.1,7.538,0.00161,5647888.0,74681899.0,-0.22727272727272244,13.2
HK.02611,国泰海通,2026-05-28 00:00:00,13.17,12.89,13.18,12.73,7.378,0.00388,13612575.0,175050153.0,-2.12604403948367,13.17
HK.02611,国泰海通,2026-05-29 00:00:00,13.1,13.06,13.53,12.93,7.475,0.01264,44301304.0,579707160.0,1.318851823118696,12.89
HK.02611,国泰海通,2026-06-01 00:00:00,13.15,13.62,13.75,12.76,7.796,0.00645,22611884.0,305334178.0,4.287901990811629,13.06
HK.02611,国泰海通,2026-06-02 00:00:00,13.74,14.51,14.63,13.67,8.305,0.00942,33021066.0,473816031.0,6.534508076358302,13.62
HK.02611,国泰海通,2026-06-03 00:00:00,14.49,14.31,14.6,14.24,8.191,0.00288,10096098.0,144904464.0,-1.3783597518952397,14.51
HK.02611,国泰海通,2026-06-04 00:00:00,14.31,14.01,14.36,13.89,8.019,0.00252,8834976.0,124029077.0,-2.0964360587002147,14.31
HK.02611,国泰海通,2026-06-05 00:00:00,14.01,13.84,14.13,13.84,7.922,0.00231,8091483.0,112830451.0,-1.2134189864382579,14.01
HK.02611,国泰海通,2026-06-08 00:00:00,13.84,14.07,14.15,13.66,8.053,0.00303,10620975.0,147904025.0,1.661849710982662,13.84
HK.02611,国泰海通,2026-06-09 00:00:00,13.96,14.0,14.2,13.73,8.013,0.00737,25820200.0,362798193.0,-0.4975124378109473,14.07
HK.02611,国泰海通,2026-06-10 00:00:00,14.0,14.25,14.5,13.88,8.156,0.00376,13192854.0,188437136.0,1.7857142857142856,14.0
HK.02611,国泰海通,2026-06-11 00:00:00,14.57,14.18,14.57,13.9,8.116,0.00304,10661316.0,150209476.0,-0.4912280701754406,14.25
HK.02611,国泰海通,2026-06-12 00:00:00,14.43,14.61,14.88,14.21,8.362,0.0044,15408986.0,226031421.0,3.0324400564174874,14.18
HK.02611,国泰海通,2026-06-15 00:00:00,14.9,14.89,15.35,14.78,8.523,0.00488,17098254.0,255925860.0,1.9164955509924788,14.61
HK.02611,国泰海通,2026-06-16 00:00:00,14.91,15.28,15.3,14.86,8.746,0.00302,10599895.0,160306110.0,2.6192075218267212,14.89
HK.02611,国泰海通,2026-06-17 00:00:00,15.3,15.0,15.41,14.93,8.586,0.00232,8116020.0,122452876.0,-1.8324607329842892,15.28
HK.02611,国泰海通,2026-06-18 00:00:00,15.0,14.69,15.14,14.54,8.408,0.00605,21196002.0,311293700.0,-2.06666666666667,15.0
HK.02611,国泰海通,2026-06-22 00:00:00,14.52,15.45,15.64,14.37,8.843,0.00844,29575252.0,449624208.0,5.173587474472429,14.69
HK.02611,国泰海通,2026-06-23 00:00:00,15.38,15.09,15.76,15.01,8.637,0.00483,16939193.0,261145010.0,-2.330097087378637,15.45
HK.02611,国泰海通,2026-06-24 00:00:00,15.02,14.66,15.32,14.59,8.391,0.00347,12167208.0,180695145.0,-2.8495692511597066,15.09
HK.02611,国泰海通,2026-06-25 00:00:00,14.55,14.81,15.1,14.32,8.477,0.00553,19391243.0,287237281.0,1.0231923601637132,14.66
HK.02611,国泰海通,2026-06-26 00:00:00,14.69,14.31,14.82,14.05,8.191,0.00593,20786728.0,296322978.0,-3.3760972316002698,14.81
HK.02611,国泰海通,2026-06-29 00:00:00,14.22,14.53,14.67,14.21,8.317,0.00303,10622764.0,154054942.0,1.5373864430468125,14.31
HK.02611,国泰海通,2026-06-30 00:00:00,14.55,14.85,14.93,14.53,8.5,0.00439,15379814.0,226887650.0,2.202339986235377,14.53
HK.02611,国泰海通,2026-07-02 00:00:00,15.14,14.88,15.39,14.75,8.517,0.00442,15502449.0,232340344.0,0.2020202020202097,14.85
HK.02611,国泰海通,2026-07-03 00:00:00,14.96,15.25,15.33,14.93,8.729,0.00276,9686416.0,146709793.0,2.4865591397849407,14.88
HK.02611,国泰海通,2026-07-06 00:00:00,16.21,15.41,16.3,15.01,8.82,0.00677,23725230.0,365495069.0,1.0491803278688534,15.25
HK.02611,国泰海通,2026-07-07 00:00:00,15.31,14.91,15.35,14.68,8.534,0.00495,17352385.0,258500790.0,-3.244646333549643,15.41
HK.02611,国泰海通,2026-07-08 00:00:00,15.05,14.94,15.1,14.82,8.551,0.00292,10245712.0,153026117.0,0.2012072434607603,14.91
HK.02611,国泰海通,2026-07-09 00:00:00,15.0,14.95,15.07,14.58,8.557,0.00305,10693836.0,159669240.0,0.06693440428380046,14.94
HK.02611,国泰海通,2026-07-10 00:00:00,14.88,14.64,15.06,14.59,8.38,0.00334,11695652.0,173178487.0,-2.0735785953177173,14.95
HK.02611,国泰海通,2026-07-13 00:00:00,14.74,14.7,15.05,14.59,8.414,0.00354,12401445.0,182792859.0,0.40983606557376173,14.64
HK.02611,国泰海通,2026-07-14 00:00:00,14.55,14.58,14.63,14.15,8.345,0.0033,11552857.0,166751730.0,-0.8163265306122396,14.7
HK.02611,国泰海通,2026-07-15 00:00:00,14.65,15.14,15.3,14.56,8.666,0.00431,15107577.0,227461585.0,3.8408779149519923,14.58
HK.02611,国泰海通,2026-07-16 00:00:00,15.12,15.03,15.3,15.02,8.603,0.00248,8706816.0,131987767.0,-0.726552179656547,15.14
HK.02611,国泰海通,2026-07-17 00:00:00,15.03,14.87,15.23,14.7,8.511,0.00425,14904990.0,222016021.0,-1.0645375914837003,15.03
HK.02611,国泰海通,2026-07-20 00:00:00,15.03,14.77,15.3,14.7,8.454,0.00434,15213874.0,226641106.0,-0.6724949562878254,14.87
HK.02611,国泰海通,2026-07-21 00:00:00,14.91,15.17,15.25,14.8,8.683,0.00262,9199122.0,138554947.0,2.708192281652,14.77
HK.02611,国泰海通,2026-07-22 00:00:00,15.23,15.0,15.23,14.83,8.586,0.00277,9701277.0,145472494.0,-1.1206328279499007,15.17
HK.02611,国泰海通,2026-07-23 00:00:00,15.05,15.28,15.5,14.96,8.746,0.00341,11937626.0,183394241.0,1.8666666666666623,15.0
HK.02611,国泰海通,2026-07-24 00:00:00,15.26,15.24,15.31,15.0,8.723,0.00267,9359422.0,142358392.0,-0.26178010471203633,15.28
HK.02611,国泰海通,2026-07-27 00:00:00,15.3,15.13,15.43,15.11,8.66,0.00142,4969499.0,75670049.0,-0.7217847769028835,15.24
HK.02611,国泰海通,2026-07-28 00:00:00,15.25,14.79,15.25,14.73,8.465,0.00289,10147648.0,151331023.0,-2.247191011235966,15.13
HK.02611,国泰海通,2026-07-29 00:00:00,15.0,15.1,15.15,14.9,8.643,0.0016,5610400.0,84337995.0,2.096010818120355,14.79
HK.02611,国泰海通,2026-07-30 00:00:00,15.0,15.08,15.15,14.77,8.631,0.00187,6563656.0,98281442.0,-0.132450331125825,15.1
HK.02611,国泰海通,2026-07-31 00:00:00,15.01,14.93,15.18,14.88,8.546,0.00172,6027975.0,90335395.0,-0.9946949602122039,15.08
HK.02611,国泰海通,2026-08-03 00:00:00,14.91,14.72,14.93,14.5,8.425,0.00242,8482355.0,124225433.0,-1.4065639651707909,14.93
HK.02611,国泰海通,2026-08-04 00:00:00,14.74,14.54,14.74,14.4,8.322,0.00187,6542874.0,94825522.0,-1.222826086956532,14.72
HK.02611,国泰海通,2026-08-05 00:00:00,14.45,14.63,14.73,14.44,8.374,0.00306,10720794.0,156540364.0,0.6189821182943717,14.54
HK.02611,国泰海通,2026-08-06 00:00:00,14.56,14.36,14.58,14.17,8.219,0.00435,15246325.0,217628104.0,-1.8455228981544862,14.63
HK.02611,国泰海通,2026-08-07 00:00:00,14.39,14.42,14.45,14.23,8.254,0.00219,7679450.0,109938292.0,0.4178272980501428,14.36
HK.02611,国泰海通,2026-08-10 00:00:00,14.43,14.47,14.69,14.23,8.282,0.00346,12118247.0,174409268.0,0.3467406380027788,14.42
HK.02611,国泰海通,2026-08-11 00:00:00,14.38,14.18,14.51,14.1,8.098,0.00307,10773632.0,153621814.0,-2.004146510020739,14.47
HK.02611,国泰海通,2026-08-12 00:00:00,14.26,14.25,14.26,14.06,8.138,0.00207,7266204.0,102987553.0,0.4936530324400584,14.18
HK.02611,国泰海通,2026-08-13 00:00:00,14.27,14.42,14.46,14.25,8.235,0.00172,6021398.0,86620015.0,1.1929824561403504,14.25
HK.02611,国泰海通,2026-08-14 00:00:00,14.45,14.24,14.46,14.18,8.132,0.00124,4347370.0,62130400.0,-1.2482662968099842,14.42
HK.02611,国泰海通,2026-08-17 00:00:00,14.29,14.35,14.46,14.24,8.195,0.00103,3614168.0,51957234.0,0.7724719101123555,14.24
HK.02611,国泰海通,2026-08-18 00:00:00,14.44,14.42,14.46,14.23,8.235,0.00134,4692865.0,67354487.0,0.4878048780487825,14.35
HK.02611,国泰海通,2026-08-19 00:00:00,14.5,14.61,14.8,14.46,8.343,0.00341,11942287.0,174444544.0,1.3176144244105377,14.42
HK.02611,国泰海通,2026-08-20 00:00:00,14.72,14.75,14.95,14.54,8.423,0.00308,10785316.0,159664226.0,0.9582477754962394,14.61
HK.02611,国泰海通,2026-08-21 00:00:00,14.8,15.03,15.09,14.73,8.583,0.00281,9836958.0,147379029.0,1.8983050847457585,14.75
